ISO-10303-21;
HEADER;
FILE_DESCRIPTION(('FreeCAD Model'),'2;1');
FILE_NAME('Open CASCADE Shape Model','2026-05-18T18:57:48',(''),(''),
  'Open CASCADE STEP processor 7.8','FreeCAD','Unknown');
FILE_SCHEMA(('AUTOMOTIVE_DESIGN { 1 0 10303 214 1 1 1 1 }'));
ENDSEC;
DATA;
#1 = APPLICATION_PROTOCOL_DEFINITION('international standard',
  'automotive_design',2000,#2);
#2 = APPLICATION_CONTEXT(
  'core data for automotive mechanical design processes');
#3 = SHAPE_DEFINITION_REPRESENTATION(#4,#10);
#4 = PRODUCT_DEFINITION_SHAPE('','',#5);
#5 = PRODUCT_DEFINITION('design','',#6,#9);
#6 = PRODUCT_DEFINITION_FORMATION('','',#7);
#7 = PRODUCT('B_battery_holder','B_battery_holder','',(#8));
#8 = PRODUCT_CONTEXT('',#2,'mechanical');
#9 = PRODUCT_DEFINITION_CONTEXT('part definition',#2,'design');
#10 = ADVANCED_BREP_SHAPE_REPRESENTATION('',(#11,#15),#15799);
#11 = AXIS2_PLACEMENT_3D('',#12,#13,#14);
#12 = CARTESIAN_POINT('',(0.,0.,0.));
#13 = DIRECTION('',(0.,0.,1.));
#14 = DIRECTION('',(1.,0.,-0.));
#15 = MANIFOLD_SOLID_BREP('',#16);
#16 = CLOSED_SHELL('',(#17,#119,#152,#185,#215,#240,#1014,#1039,#1086,
    #1198,#1231,#1326,#1360,#1386,#2094,#2356,#2584,#2618,#2690,#2749,
    #2873,#2930,#3118,#3154,#3182,#3208,#3237,#3263,#3283,#3317,#3343,
    #3369,#3396,#3422,#3441,#3475,#3501,#3528,#3555,#3581,#3603,#3637,
    #3663,#3692,#3718,#3744,#3763,#3799,#3825,#3852,#3881,#3907,#3927,
    #3960,#3986,#4012,#4038,#4064,#4083,#4116,#4142,#4169,#4195,#4221,
    #4241,#4275,#4301,#4333,#4360,#4386,#4408,#4442,#4468,#4495,#4522,
    #4548,#4568,#4586,#4617,#4633,#4651,#4698,#4724,#4742,#4782,#4800,
    #4833,#4857,#4887,#4905,#4954,#4972,#5009,#5021,#5046,#5077,#5103,
    #5129,#5153,#5179,#5205,#5229,#5255,#5281,#5305,#5331,#5350,#5381,
    #5407,#5433,#5457,#5483,#5509,#5533,#5559,#5585,#5609,#5633,#5657,
    #5683,#5709,#5733,#5759,#5785,#5809,#5835,#5861,#5885,#5911,#5937,
    #5961,#5985,#6009,#6035,#6054,#6085,#6109,#6133,#6157,#6181,#6205,
    #6229,#6253,#6277,#6301,#6325,#6349,#6366,#6397,#6421,#6445,#6469,
    #6493,#6517,#6541,#6565,#6589,#6613,#6637,#6654,#6685,#6709,#6733,
    #6757,#6781,#6805,#6829,#6846,#6871,#6904,#6927,#6952,#6964,#6990,
    #7015,#7040,#7065,#7091,#7116,#7142,#7159,#7177,#7195,#7212,#7238,
    #7263,#7288,#7314,#7602,#7614,#7634,#7759,#7841,#8056,#8152,#8162,
    #8187,#8272,#8321,#8338,#8354,#8405,#8440,#8457,#8524,#8785,#8841,
    #9054,#9063,#9181,#9217,#9238,#9258,#9274,#9283,#9387,#9418,#9435,
    #9468,#9565,#9604,#9629,#9654,#9679,#9704,#9930,#10030,#10304,#10347
    ,#10430,#10644,#10732,#10952,#11031,#11043,#11060,#11085,#11110,
    #11181,#11217,#11234,#11251,#11268,#11280,#11327,#11344,#11355,
    #11366,#11391,#11415,#11433,#11459,#11476,#11500,#11524,#11548,
    #11560,#11577,#11602,#11635,#11659,#11684,#11735,#11760,#11784,
    #11817,#11842,#11992,#12014,#12025,#12044,#12808,#12825,#12856,
    #12887,#12913,#12939,#12963,#12989,#13015,#13039,#13065,#13091,
    #13115,#13141,#13160,#13174,#13368,#13380,#13400,#13412,#13427,
    #13533,#14287,#14299,#14311,#14328,#14368,#14391,#14409,#14427,
    #14445,#14463,#14475,#14675,#14726,#14751,#14773,#14785,#14797,
    #14819,#14836,#14853,#14870,#14887,#14899,#14921,#14938,#14955,
    #14972,#14989,#15001,#15023,#15040,#15057,#15074,#15091,#15103,
    #15125,#15142,#15159,#15176,#15193,#15205,#15227,#15244,#15261,
    #15278,#15295,#15307,#15329,#15346,#15363,#15380,#15397,#15409,
    #15431,#15448,#15465,#15482,#15499,#15511,#15533,#15550,#15567,
    #15584,#15601,#15613,#15635,#15652,#15669,#15686,#15703,#15715,
    #15735,#15746,#15756,#15773));
#17 = ADVANCED_FACE('',(#18),#114,.T.);
#18 = FACE_BOUND('',#19,.T.);
#19 = EDGE_LOOP('',(#20,#30,#38,#52,#60,#68,#76,#84,#92,#100,#108));
#20 = ORIENTED_EDGE('',*,*,#21,.T.);
#21 = EDGE_CURVE('',#22,#24,#26,.T.);
#22 = VERTEX_POINT('',#23);
#23 = CARTESIAN_POINT('',(35.,28.,31.21));
#24 = VERTEX_POINT('',#25);
#25 = CARTESIAN_POINT('',(35.,28.,22.));
#26 = LINE('',#27,#28);
#27 = CARTESIAN_POINT('',(35.,28.,32.));
#28 = VECTOR('',#29,1.);
#29 = DIRECTION('',(-0.,-0.,-1.));
#30 = ORIENTED_EDGE('',*,*,#31,.T.);
#31 = EDGE_CURVE('',#24,#32,#34,.T.);
#32 = VERTEX_POINT('',#33);
#33 = CARTESIAN_POINT('',(21.5,28.,22.));
#34 = LINE('',#35,#36);
#35 = CARTESIAN_POINT('',(37.5,28.,22.));
#36 = VECTOR('',#37,1.);
#37 = DIRECTION('',(-1.,0.,0.));
#38 = ORIENTED_EDGE('',*,*,#39,.T.);
#39 = EDGE_CURVE('',#32,#40,#42,.T.);
#40 = VERTEX_POINT('',#41);
#41 = CARTESIAN_POINT('',(-20.521,28.,22.));
#42 = B_SPLINE_CURVE_WITH_KNOTS('',8,(#43,#44,#45,#46,#47,#48,#49,#50,
    #51),.UNSPECIFIED.,.F.,.F.,(9,9),(7.,8.),.PIECEWISE_BEZIER_KNOTS.);
#43 = CARTESIAN_POINT('',(21.5,28.,22.));
#44 = CARTESIAN_POINT('',(16.247375,28.,22.));
#45 = CARTESIAN_POINT('',(10.99475,28.,22.));
#46 = CARTESIAN_POINT('',(5.742125,28.,22.));
#47 = CARTESIAN_POINT('',(0.4895,28.,22.));
#48 = CARTESIAN_POINT('',(-4.763125,28.,22.));
#49 = CARTESIAN_POINT('',(-10.01575,28.,22.));
#50 = CARTESIAN_POINT('',(-15.268375,28.,22.));
#51 = CARTESIAN_POINT('',(-20.521,28.,22.));
#52 = ORIENTED_EDGE('',*,*,#53,.T.);
#53 = EDGE_CURVE('',#40,#54,#56,.T.);
#54 = VERTEX_POINT('',#55);
#55 = CARTESIAN_POINT('',(-20.521,28.,31.2));
#56 = LINE('',#57,#58);
#57 = CARTESIAN_POINT('',(-20.521,28.,22.));
#58 = VECTOR('',#59,1.);
#59 = DIRECTION('',(0.,0.,1.));
#60 = ORIENTED_EDGE('',*,*,#61,.T.);
#61 = EDGE_CURVE('',#54,#62,#64,.T.);
#62 = VERTEX_POINT('',#63);
#63 = CARTESIAN_POINT('',(-15.5,28.,31.2));
#64 = LINE('',#65,#66);
#65 = CARTESIAN_POINT('',(-20.521,28.,31.2));
#66 = VECTOR('',#67,1.);
#67 = DIRECTION('',(1.,0.,0.));
#68 = ORIENTED_EDGE('',*,*,#69,.T.);
#69 = EDGE_CURVE('',#62,#70,#72,.T.);
#70 = VERTEX_POINT('',#71);
#71 = CARTESIAN_POINT('',(-15.5,28.,25.2));
#72 = LINE('',#73,#74);
#73 = CARTESIAN_POINT('',(-15.5,28.,32.));
#74 = VECTOR('',#75,1.);
#75 = DIRECTION('',(-0.,-0.,-1.));
#76 = ORIENTED_EDGE('',*,*,#77,.F.);
#77 = EDGE_CURVE('',#78,#70,#80,.T.);
#78 = VERTEX_POINT('',#79);
#79 = CARTESIAN_POINT('',(15.499999523163,28.,25.2));
#80 = LINE('',#81,#82);
#81 = CARTESIAN_POINT('',(-10.5,28.,25.2));
#82 = VECTOR('',#83,1.);
#83 = DIRECTION('',(-1.,0.,0.));
#84 = ORIENTED_EDGE('',*,*,#85,.F.);
#85 = EDGE_CURVE('',#86,#78,#88,.T.);
#86 = VERTEX_POINT('',#87);
#87 = CARTESIAN_POINT('',(15.5,28.,31.2));
#88 = LINE('',#89,#90);
#89 = CARTESIAN_POINT('',(15.5,28.,32.));
#90 = VECTOR('',#91,1.);
#91 = DIRECTION('',(0.,-2.2E-16,-1.));
#92 = ORIENTED_EDGE('',*,*,#93,.F.);
#93 = EDGE_CURVE('',#94,#86,#96,.T.);
#94 = VERTEX_POINT('',#95);
#95 = CARTESIAN_POINT('',(21.5,28.,31.2));
#96 = LINE('',#97,#98);
#97 = CARTESIAN_POINT('',(21.5,28.,31.2));
#98 = VECTOR('',#99,1.);
#99 = DIRECTION('',(-1.,0.,0.));
#100 = ORIENTED_EDGE('',*,*,#101,.F.);
#101 = EDGE_CURVE('',#102,#94,#104,.T.);
#102 = VERTEX_POINT('',#103);
#103 = CARTESIAN_POINT('',(21.5,28.,31.21));
#104 = LINE('',#105,#106);
#105 = CARTESIAN_POINT('',(21.5,28.,32.));
#106 = VECTOR('',#107,1.);
#107 = DIRECTION('',(-0.,-0.,-1.));
#108 = ORIENTED_EDGE('',*,*,#109,.T.);
#109 = EDGE_CURVE('',#102,#22,#110,.T.);
#110 = LINE('',#111,#112);
#111 = CARTESIAN_POINT('',(21.5,28.,31.21));
#112 = VECTOR('',#113,1.);
#113 = DIRECTION('',(1.,0.,0.));
#114 = PLANE('',#115);
#115 = AXIS2_PLACEMENT_3D('',#116,#117,#118);
#116 = CARTESIAN_POINT('',(8.02843352182,28.,25.613793384292));
#117 = DIRECTION('',(0.,1.,0.));
#118 = DIRECTION('',(0.,0.,1.));
#119 = ADVANCED_FACE('',(#120),#147,.T.);
#120 = FACE_BOUND('',#121,.T.);
#121 = EDGE_LOOP('',(#122,#123,#132,#140));
#122 = ORIENTED_EDGE('',*,*,#21,.F.);
#123 = ORIENTED_EDGE('',*,*,#124,.T.);
#124 = EDGE_CURVE('',#22,#125,#127,.T.);
#125 = VERTEX_POINT('',#126);
#126 = CARTESIAN_POINT('',(37.5,25.5,31.21));
#127 = CIRCLE('',#128,2.5);
#128 = AXIS2_PLACEMENT_3D('',#129,#130,#131);
#129 = CARTESIAN_POINT('',(35.,25.5,31.21));
#130 = DIRECTION('',(0.,0.,-1.));
#131 = DIRECTION('',(0.,1.,0.));
#132 = ORIENTED_EDGE('',*,*,#133,.T.);
#133 = EDGE_CURVE('',#125,#134,#136,.T.);
#134 = VERTEX_POINT('',#135);
#135 = CARTESIAN_POINT('',(37.5,25.5,22.));
#136 = LINE('',#137,#138);
#137 = CARTESIAN_POINT('',(37.5,25.5,32.));
#138 = VECTOR('',#139,1.);
#139 = DIRECTION('',(-0.,-0.,-1.));
#140 = ORIENTED_EDGE('',*,*,#141,.F.);
#141 = EDGE_CURVE('',#24,#134,#142,.T.);
#142 = CIRCLE('',#143,2.5);
#143 = AXIS2_PLACEMENT_3D('',#144,#145,#146);
#144 = CARTESIAN_POINT('',(35.,25.5,22.));
#145 = DIRECTION('',(0.,0.,-1.));
#146 = DIRECTION('',(0.,1.,0.));
#147 = CYLINDRICAL_SURFACE('',#148,2.5);
#148 = AXIS2_PLACEMENT_3D('',#149,#150,#151);
#149 = CARTESIAN_POINT('',(35.,25.5,32.));
#150 = DIRECTION('',(-0.,-0.,-1.));
#151 = DIRECTION('',(0.,1.,0.));
#152 = ADVANCED_FACE('',(#153),#180,.T.);
#153 = FACE_BOUND('',#154,.F.);
#154 = EDGE_LOOP('',(#155,#164,#165,#174));
#155 = ORIENTED_EDGE('',*,*,#156,.T.);
#156 = EDGE_CURVE('',#157,#102,#159,.T.);
#157 = VERTEX_POINT('',#158);
#158 = CARTESIAN_POINT('',(21.5,27.21,32.));
#159 = CIRCLE('',#160,0.79);
#160 = AXIS2_PLACEMENT_3D('',#161,#162,#163);
#161 = CARTESIAN_POINT('',(21.5,27.21,31.21));
#162 = DIRECTION('',(-1.,0.,0.));
#163 = DIRECTION('',(0.,0.,1.));
#164 = ORIENTED_EDGE('',*,*,#109,.T.);
#165 = ORIENTED_EDGE('',*,*,#166,.F.);
#166 = EDGE_CURVE('',#167,#22,#169,.T.);
#167 = VERTEX_POINT('',#168);
#168 = CARTESIAN_POINT('',(35.,27.21,32.));
#169 = CIRCLE('',#170,0.79);
#170 = AXIS2_PLACEMENT_3D('',#171,#172,#173);
#171 = CARTESIAN_POINT('',(35.,27.21,31.21));
#172 = DIRECTION('',(-1.,0.,0.));
#173 = DIRECTION('',(0.,0.,1.));
#174 = ORIENTED_EDGE('',*,*,#175,.F.);
#175 = EDGE_CURVE('',#157,#167,#176,.T.);
#176 = LINE('',#177,#178);
#177 = CARTESIAN_POINT('',(21.5,27.21,32.));
#178 = VECTOR('',#179,1.);
#179 = DIRECTION('',(1.,0.,0.));
#180 = CYLINDRICAL_SURFACE('',#181,0.79);
#181 = AXIS2_PLACEMENT_3D('',#182,#183,#184);
#182 = CARTESIAN_POINT('',(21.5,27.21,31.21));
#183 = DIRECTION('',(1.,0.,0.));
#184 = DIRECTION('',(0.,0.,1.));
#185 = ADVANCED_FACE('',(#186),#210,.F.);
#186 = FACE_BOUND('',#187,.F.);
#187 = EDGE_LOOP('',(#188,#196,#197,#198));
#188 = ORIENTED_EDGE('',*,*,#189,.T.);
#189 = EDGE_CURVE('',#190,#134,#192,.T.);
#190 = VERTEX_POINT('',#191);
#191 = CARTESIAN_POINT('',(37.5,12.,22.));
#192 = LINE('',#193,#194);
#193 = CARTESIAN_POINT('',(37.5,17.,22.));
#194 = VECTOR('',#195,1.);
#195 = DIRECTION('',(0.,1.,0.));
#196 = ORIENTED_EDGE('',*,*,#141,.F.);
#197 = ORIENTED_EDGE('',*,*,#31,.T.);
#198 = ORIENTED_EDGE('',*,*,#199,.F.);
#199 = EDGE_CURVE('',#190,#32,#200,.T.);
#200 = B_SPLINE_CURVE_WITH_KNOTS('',8,(#201,#202,#203,#204,#205,#206,
    #207,#208,#209),.UNSPECIFIED.,.F.,.F.,(9,9),(6.,7.),
  .PIECEWISE_BEZIER_KNOTS.);
#201 = CARTESIAN_POINT('',(37.5,12.,22.));
#202 = CARTESIAN_POINT('',(37.5,15.14159265359,22.));
#203 = CARTESIAN_POINT('',(36.795027376621,18.283186296068,22.));
#204 = CARTESIAN_POINT('',(35.385089053942,21.24021174936,22.));
#205 = CARTESIAN_POINT('',(33.328140092479,23.828140092479,22.));
#206 = CARTESIAN_POINT('',(30.740211749361,25.885089053942,22.));
#207 = CARTESIAN_POINT('',(27.783186296068,27.295027376621,22.));
#208 = CARTESIAN_POINT('',(24.64159265359,28.,22.));
#209 = CARTESIAN_POINT('',(21.5,28.,22.));
#210 = PLANE('',#211);
#211 = AXIS2_PLACEMENT_3D('',#212,#213,#214);
#212 = CARTESIAN_POINT('',(32.175817405688,22.675817405688,22.));
#213 = DIRECTION('',(0.,0.,1.));
#214 = DIRECTION('',(1.,0.,0.));
#215 = ADVANCED_FACE('',(#216),#235,.T.);
#216 = FACE_BOUND('',#217,.T.);
#217 = EDGE_LOOP('',(#218,#226,#227,#228));
#218 = ORIENTED_EDGE('',*,*,#219,.F.);
#219 = EDGE_CURVE('',#157,#220,#222,.T.);
#220 = VERTEX_POINT('',#221);
#221 = CARTESIAN_POINT('',(21.5,27.2,32.));
#222 = LINE('',#223,#224);
#223 = CARTESIAN_POINT('',(21.5,28.,32.));
#224 = VECTOR('',#225,1.);
#225 = DIRECTION('',(8.882E-14,-1.,0.));
#226 = ORIENTED_EDGE('',*,*,#156,.T.);
#227 = ORIENTED_EDGE('',*,*,#101,.T.);
#228 = ORIENTED_EDGE('',*,*,#229,.F.);
#229 = EDGE_CURVE('',#220,#94,#230,.T.);
#230 = CIRCLE('',#231,0.8);
#231 = AXIS2_PLACEMENT_3D('',#232,#233,#234);
#232 = CARTESIAN_POINT('',(21.5,27.2,31.2));
#233 = DIRECTION('',(-1.,6.E-17,0.));
#234 = DIRECTION('',(6.E-17,1.,0.));
#235 = PLANE('',#236);
#236 = AXIS2_PLACEMENT_3D('',#237,#238,#239);
#237 = CARTESIAN_POINT('',(21.5,28.,32.));
#238 = DIRECTION('',(-1.,-8.882E-14,0.));
#239 = DIRECTION('',(8.882E-14,-1.,0.));
#240 = ADVANCED_FACE('',(#241,#393,#464,#528,#596,#661,#731,#793,#857,
    #930),#995,.F.);
#241 = FACE_BOUND('',#242,.F.);
#242 = EDGE_LOOP('',(#243,#256,#299,#312,#317,#318,#325,#339));
#243 = ORIENTED_EDGE('',*,*,#244,.F.);
#244 = EDGE_CURVE('',#245,#247,#249,.T.);
#245 = VERTEX_POINT('',#246);
#246 = CARTESIAN_POINT('',(5.737808803214,34.397829824636,4.5));
#247 = VERTEX_POINT('',#248);
#248 = CARTESIAN_POINT('',(5.816450358962,34.570392969274,4.));
#249 = B_SPLINE_CURVE_WITH_KNOTS('',5,(#250,#251,#252,#253,#254,#255),
  .UNSPECIFIED.,.F.,.F.,(6,6),(0.,1.),.PIECEWISE_BEZIER_KNOTS.);
#250 = CARTESIAN_POINT('',(5.420411144133,33.701364226643,6.5));
#251 = CARTESIAN_POINT('',(5.627854046477,34.15655613149,5.202047585031)
  );
#252 = CARTESIAN_POINT('',(5.83310731598,34.606943325581,3.903077369435)
  );
#253 = CARTESIAN_POINT('',(6.036111055464,35.052394376554,2.603077305001
    ));
#254 = CARTESIAN_POINT('',(6.236831354413,35.492834874578,1.302048276792
    ));
#255 = CARTESIAN_POINT('',(6.435251267109,35.928227635664,0.));
#256 = ORIENTED_EDGE('',*,*,#257,.F.);
#257 = EDGE_CURVE('',#258,#245,#260,.T.);
#258 = VERTEX_POINT('',#259);
#259 = CARTESIAN_POINT('',(7.494289180709,33.429232215349,6.5));
#260 = B_SPLINE_CURVE_WITH_KNOTS('',7,(#261,#262,#263,#264,#265,#266,
    #267,#268,#269,#270,#271,#272,#273,#274,#275,#276,#277,#278,#279,
    #280,#281,#282,#283,#284,#285,#286,#287,#288,#289,#290,#291,#292,
    #293,#294,#295,#296,#297,#298),.UNSPECIFIED.,.F.,.F.,(8,6,6,6,6,6,8)
  ,(0.,0.101398430304,0.249567106457,0.321777823751,0.459009436445,
    0.631128645087,1.),.UNSPECIFIED.);
#261 = CARTESIAN_POINT('',(7.49428918087,33.429232215703,6.5));
#262 = CARTESIAN_POINT('',(7.441250309793,33.437362845711,6.5));
#263 = CARTESIAN_POINT('',(7.388210673393,33.445970820326,6.498444704855
    ));
#264 = CARTESIAN_POINT('',(7.335273077179,33.455051104466,6.49531267023)
  );
#265 = CARTESIAN_POINT('',(7.282542052556,33.464595943321,6.490591784484
    ));
#266 = CARTESIAN_POINT('',(7.230123434265,33.474594507628,6.484280132585
    ));
#267 = CARTESIAN_POINT('',(7.178123937827,33.485032538938,6.476386860031
    ));
#268 = CARTESIAN_POINT('',(7.051435410621,33.51176039846,6.453118617005)
  );
#269 = CARTESIAN_POINT('',(6.977329951104,33.528531628454,6.43596923975)
  );
#270 = CARTESIAN_POINT('',(6.904678631503,33.546147655012,6.41555156179)
  );
#271 = CARTESIAN_POINT('',(6.833781407011,33.564542289522,6.391979328761
    ));
#272 = CARTESIAN_POINT('',(6.76489651248,33.583642416655,6.365405443568)
  );
#273 = CARTESIAN_POINT('',(6.698243059964,33.603369226398,6.336014034813
    ));
#274 = CARTESIAN_POINT('',(6.602696243993,33.63351823518,6.288416435528)
  );
#275 = CARTESIAN_POINT('',(6.571959445567,33.643526952229,6.272199090474
    ));
#276 = CARTESIAN_POINT('',(6.541812644323,33.653656568054,6.255383497238
    ));
#277 = CARTESIAN_POINT('',(6.512272212532,33.663898197898,6.237993262455
    ));
#278 = CARTESIAN_POINT('',(6.483351754303,33.67424314549,6.220052323425)
  );
#279 = CARTESIAN_POINT('',(6.455062368511,33.684682947117,6.201584679314
    ));
#280 = CARTESIAN_POINT('',(6.374866978259,33.715214261443,6.146561854497
    ));
#281 = CARTESIAN_POINT('',(6.324633414477,33.735531710731,6.108693904426
    ));
#282 = CARTESIAN_POINT('',(6.276769869271,33.756106459707,6.06917248073)
  );
#283 = CARTESIAN_POINT('',(6.231305299407,33.776887232638,6.028155496057
    ));
#284 = CARTESIAN_POINT('',(6.18824539148,33.797827267437,5.985793199922)
  );
#285 = CARTESIAN_POINT('',(6.147577983876,33.818884801186,5.942224811503
    ));
#286 = CARTESIAN_POINT('',(6.061242335344,33.866536292902,5.841574469822
    ));
#287 = CARTESIAN_POINT('',(6.016934792242,33.893174695983,5.783877392561
    ));
#288 = CARTESIAN_POINT('',(5.976301087349,33.91986950864,5.724726324815)
  );
#289 = CARTESIAN_POINT('',(5.939266746122,33.946559446432,5.664340147941
    ));
#290 = CARTESIAN_POINT('',(5.905743876547,33.973191380486,5.602912687458
    ));
#291 = CARTESIAN_POINT('',(5.875637454148,33.999720521273,5.540611180019
    ));
#292 = CARTESIAN_POINT('',(5.791446441055,34.082667595883,5.342480365498
    ));
#293 = CARTESIAN_POINT('',(5.749335123281,34.138543539145,5.204111818402
    ));
#294 = CARTESIAN_POINT('',(5.721489386098,34.193426492863,5.063743644456
    ));
#295 = CARTESIAN_POINT('',(5.707085766508,34.247027740387,4.922410010341
    ));
#296 = CARTESIAN_POINT('',(5.705376983608,34.299098320876,4.780946158212
    ));
#297 = CARTESIAN_POINT('',(5.71575083331,34.349428027206,4.639990389682)
  );
#298 = CARTESIAN_POINT('',(5.737808803508,34.397829825282,4.5));
#299 = ORIENTED_EDGE('',*,*,#300,.T.);
#300 = EDGE_CURVE('',#258,#301,#303,.T.);
#301 = VERTEX_POINT('',#302);
#302 = CARTESIAN_POINT('',(21.786754303429,28.841751528807,6.5));
#303 = B_SPLINE_CURVE_WITH_KNOTS('',7,(#304,#305,#306,#307,#308,#309,
    #310,#311),.UNSPECIFIED.,.F.,.F.,(8,8),(0.,1.),
  .PIECEWISE_BEZIER_KNOTS.);
#304 = CARTESIAN_POINT('',(3.525410794294,33.870918982427,6.5));
#305 = CARTESIAN_POINT('',(6.243093276559,33.68138554539,6.5));
#306 = CARTESIAN_POINT('',(8.948139367858,33.313941667059,6.5));
#307 = CARTESIAN_POINT('',(11.626926999446,32.768991976669,6.5));
#308 = CARTESIAN_POINT('',(14.265229890226,32.047376190107,6.5));
#309 = CARTESIAN_POINT('',(16.848269672528,31.150631378942,6.5));
#310 = CARTESIAN_POINT('',(19.360752189414,30.081125073756,6.5));
#311 = CARTESIAN_POINT('',(21.786754303429,28.841751528807,6.5));
#312 = ORIENTED_EDGE('',*,*,#313,.F.);
#313 = EDGE_CURVE('',#32,#301,#314,.T.);
#314 = B_SPLINE_CURVE_WITH_KNOTS('',1,(#315,#316),.UNSPECIFIED.,.F.,.F.,
  (2,2),(0.,22.),.PIECEWISE_BEZIER_KNOTS.);
#315 = CARTESIAN_POINT('',(21.5,28.,22.));
#316 = CARTESIAN_POINT('',(21.907006108092,29.194744105404,0.));
#317 = ORIENTED_EDGE('',*,*,#39,.T.);
#318 = ORIENTED_EDGE('',*,*,#319,.T.);
#319 = EDGE_CURVE('',#40,#320,#322,.T.);
#320 = VERTEX_POINT('',#321);
#321 = CARTESIAN_POINT('',(-21.90700610809,29.194744105404,0.));
#322 = B_SPLINE_CURVE_WITH_KNOTS('',1,(#323,#324),.UNSPECIFIED.,.F.,.F.,
  (2,2),(0.,22.),.PIECEWISE_BEZIER_KNOTS.);
#323 = CARTESIAN_POINT('',(-20.521,28.,22.));
#324 = CARTESIAN_POINT('',(-21.90700610809,29.194744105404,0.));
#325 = ORIENTED_EDGE('',*,*,#326,.F.);
#326 = EDGE_CURVE('',#327,#320,#329,.T.);
#327 = VERTEX_POINT('',#328);
#328 = CARTESIAN_POINT('',(2.267891494303,36.429475265373,-1.E-15));
#329 = B_SPLINE_CURVE_WITH_KNOTS('',8,(#330,#331,#332,#333,#334,#335,
    #336,#337,#338),.UNSPECIFIED.,.F.,.F.,(9,9),(7.,8.),
  .PIECEWISE_BEZIER_KNOTS.);
#330 = CARTESIAN_POINT('',(21.907006108092,29.194744105404,0.));
#331 = CARTESIAN_POINT('',(17.208542188035,32.720353969417,0.));
#332 = CARTESIAN_POINT('',(11.861626375342,35.381794094483,0.));
#333 = CARTESIAN_POINT('',(6.051696574175,37.039919311325,0.));
#334 = CARTESIAN_POINT('',(-1.939E-13,37.603334514608,0.));
#335 = CARTESIAN_POINT('',(-6.051696574175,37.039919311325,0.));
#336 = CARTESIAN_POINT('',(-11.86162637534,35.381794094483,0.));
#337 = CARTESIAN_POINT('',(-17.20854218803,32.720353969417,0.));
#338 = CARTESIAN_POINT('',(-21.90700610809,29.194744105404,0.));
#339 = ORIENTED_EDGE('',*,*,#340,.T.);
#340 = EDGE_CURVE('',#327,#247,#341,.T.);
#341 = B_SPLINE_CURVE_WITH_KNOTS('',8,(#342,#343,#344,#345,#346,#347,
    #348,#349,#350,#351,#352,#353,#354,#355,#356,#357,#358,#359,#360,
    #361,#362,#363,#364,#365,#366,#367,#368,#369,#370,#371,#372,#373,
    #374,#375,#376,#377,#378,#379,#380,#381,#382,#383,#384,#385,#386,
    #387,#388,#389,#390,#391,#392),.UNSPECIFIED.,.F.,.F.,(9,7,7,7,7,7,7,
    9),(0.,4.564014577837E-02,0.141712764265,0.26081429261,
    0.320671054941,0.436532822584,0.591641722204,1.),.UNSPECIFIED.);
#342 = CARTESIAN_POINT('',(2.267891571483,36.429475260568,0.));
#343 = CARTESIAN_POINT('',(2.310095601876,36.426847877808,7.1309252E-10)
  );
#344 = CARTESIAN_POINT('',(2.352345344594,36.423991143387,
    4.455926925572E-04));
#345 = CARTESIAN_POINT('',(2.394629467287,36.420903635506,
    1.34227384571E-03));
#346 = CARTESIAN_POINT('',(2.436936166785,36.417584226269,
    2.695134454482E-03));
#347 = CARTESIAN_POINT('',(2.479253169103,36.414032081676,
    4.508857175426E-03));
#348 = CARTESIAN_POINT('',(2.52156772944,36.410246661627,
    6.787717039709E-03));
#349 = CARTESIAN_POINT('',(2.563866632173,36.406227719923,
    9.535581453117E-03));
#350 = CARTESIAN_POINT('',(2.695113715293,36.3930239589,
    1.953471007594E-02));
#351 = CARTESIAN_POINT('',(2.783966411091,36.383037666835,
    2.840722770042E-02));
#352 = CARTESIAN_POINT('',(2.872560680037,36.372017719412,
    3.940459594046E-02));
#353 = CARTESIAN_POINT('',(2.960760766664,36.359971829162,
    5.254785688818E-02));
#354 = CARTESIAN_POINT('',(3.048429159998,36.346914450397,
    6.784675506739E-02));
#355 = CARTESIAN_POINT('',(3.135426995291,36.332867099807,
    8.52985306441E-02));
#356 = CARTESIAN_POINT('',(3.22161445576,36.31785867706,0.104886712637)
  );
#357 = CARTESIAN_POINT('',(3.412519403337,36.282173729307,0.153473040002
    ));
#358 = CARTESIAN_POINT('',(3.516742837177,36.260997727982,0.183605552492
    ));
#359 = CARTESIAN_POINT('',(3.619249030635,36.238467904418,0.216917465651
    ));
#360 = CARTESIAN_POINT('',(3.719798018683,36.214666128478,0.253321614008
    ));
#361 = CARTESIAN_POINT('',(3.818180124056,36.189683652647,0.292707051153
    ));
#362 = CARTESIAN_POINT('',(3.914213764846,36.163618747802,0.334942450327
    ));
#363 = CARTESIAN_POINT('',(4.007743262081,36.136574338974,0.379879505012
    ));
#364 = CARTESIAN_POINT('',(4.144316865136,36.094624562876,0.451216720225
    ));
#365 = CARTESIAN_POINT('',(4.189334235627,36.080371774309,0.475720105655
    ));
#366 = CARTESIAN_POINT('',(4.233673624025,36.065910097565,0.50084691316)
  );
#367 = CARTESIAN_POINT('',(4.277322121171,36.051252217609,0.526577247016
    ));
#368 = CARTESIAN_POINT('',(4.320268880646,36.036410621787,0.552891025267
    ));
#369 = CARTESIAN_POINT('',(4.362504955914,36.021397539385,0.579768116571
    ));
#370 = CARTESIAN_POINT('',(4.404023137455,36.006224881192,0.607188477054
    ));
#371 = CARTESIAN_POINT('',(4.5237819764,35.96124865543,0.689221735149));
#372 = CARTESIAN_POINT('',(4.600033256971,35.931039104052,0.745271203289
    ));
#373 = CARTESIAN_POINT('',(4.673534650853,35.9003583114,0.803138503192)
  );
#374 = CARTESIAN_POINT('',(4.744269749927,35.869283502702,0.862685199633
    ));
#375 = CARTESIAN_POINT('',(4.812239576411,35.837885887872,0.923778440954
    ));
#376 = CARTESIAN_POINT('',(4.877459440554,35.80623020744,0.986292789479)
  );
#377 = CARTESIAN_POINT('',(4.939955798329,35.774374278481,1.050112051925
    ));
#378 = CARTESIAN_POINT('',(5.079829608666,35.699521146673,1.202174788919
    ));
#379 = CARTESIAN_POINT('',(5.155069488402,35.656409303446,1.291360586629
    ));
#380 = CARTESIAN_POINT('',(5.225574222605,35.613151340278,1.382441558162
    ));
#381 = CARTESIAN_POINT('',(5.291446853199,35.569849833234,1.475191208699
    ));
#382 = CARTESIAN_POINT('',(5.352798609861,35.526592240589,1.569404709464
    ));
#383 = CARTESIAN_POINT('',(5.409745530122,35.483451538383,1.664900113808
    ));
#384 = CARTESIAN_POINT('',(5.46240507947,35.440486855982,1.761519573287)
  );
#385 = CARTESIAN_POINT('',(5.638547280253,35.285214440477,2.116112918852
    ));
#386 = CARTESIAN_POINT('',(5.737134505196,35.174356941056,2.379662134412
    ));
#387 = CARTESIAN_POINT('',(5.809030709494,35.065872204275,2.647631777844
    ));
#388 = CARTESIAN_POINT('',(5.855850924862,34.960249577311,2.918201196473
    ));
#389 = CARTESIAN_POINT('',(5.87900362286,34.857792202316,3.189829262755)
  );
#390 = CARTESIAN_POINT('',(5.87961863035,34.758654736304,3.461267511432)
  );
#391 = CARTESIAN_POINT('',(5.858596410497,34.662874038826,3.731550642971
    ));
#392 = CARTESIAN_POINT('',(5.816450358796,34.570392968909,4.));
#393 = FACE_BOUND('',#394,.F.);
#394 = EDGE_LOOP('',(#395,#410,#421,#431,#444,#454));
#395 = ORIENTED_EDGE('',*,*,#396,.F.);
#396 = EDGE_CURVE('',#397,#399,#401,.T.);
#397 = VERTEX_POINT('',#398);
#398 = CARTESIAN_POINT('',(7.196152422707,28.621730230517,
    20.232050807569));
#399 = VERTEX_POINT('',#400);
#400 = CARTESIAN_POINT('',(4.598076211353,29.219667848903,
    18.732050807569));
#401 = B_SPLINE_CURVE_WITH_KNOTS('',4,(#402,#403,#404,#405,#406,#407,
    #408,#409),.UNSPECIFIED.,.F.,.F.,(5,3,5),(0.,0.566466795798,1.),
  .UNSPECIFIED.);
#402 = CARTESIAN_POINT('',(7.196152422707,28.621730230517,
    20.232050807569));
#403 = CARTESIAN_POINT('',(6.827792533143,28.703247870945,
    20.019378126171));
#404 = CARTESIAN_POINT('',(6.459645593904,28.78637161759,19.8068283917)
  );
#405 = CARTESIAN_POINT('',(6.091670243095,28.870744453366,
    19.594377723855));
#406 = CARTESIAN_POINT('',(5.44229459116,29.0212906963,19.219460516405)
  );
#407 = CARTESIAN_POINT('',(5.160842335006,29.087088503633,19.05696398055
    ));
#408 = CARTESIAN_POINT('',(4.87944320487,29.153263816008,18.894498117017
    ));
#409 = CARTESIAN_POINT('',(4.598076211353,29.219667848903,
    18.732050807569));
#410 = ORIENTED_EDGE('',*,*,#411,.T.);
#411 = EDGE_CURVE('',#397,#412,#414,.T.);
#412 = VERTEX_POINT('',#413);
#413 = CARTESIAN_POINT('',(9.79422863406,29.046997816464,18.732050807569
    ));
#414 = B_SPLINE_CURVE_WITH_KNOTS('',5,(#415,#416,#417,#418,#419,#420),
  .UNSPECIFIED.,.F.,.F.,(6,6),(0.,1.),.PIECEWISE_BEZIER_KNOTS.);
#415 = CARTESIAN_POINT('',(7.196152422707,28.621730230517,
    20.232050807569));
#416 = CARTESIAN_POINT('',(7.714656275007,28.71765827631,19.932692468867
    ));
#417 = CARTESIAN_POINT('',(8.233682873828,28.808872458394,
    19.633032322321));
#418 = CARTESIAN_POINT('',(8.753279697175,28.894650629048,
    19.333042956492));
#419 = CARTESIAN_POINT('',(9.273464999084,28.974269787048,
    19.032713832406));
#420 = CARTESIAN_POINT('',(9.79422863406,29.046997816464,18.732050807569
    ));
#421 = ORIENTED_EDGE('',*,*,#422,.T.);
#422 = EDGE_CURVE('',#412,#423,#425,.T.);
#423 = VERTEX_POINT('',#424);
#424 = CARTESIAN_POINT('',(9.79422863406,30.013666997142,15.732050807569
    ));
#425 = B_SPLINE_CURVE_WITH_KNOTS('',4,(#426,#427,#428,#429,#430),
  .UNSPECIFIED.,.F.,.F.,(5,5),(0.,1.),.PIECEWISE_BEZIER_KNOTS.);
#426 = CARTESIAN_POINT('',(9.79422863406,29.046997816464,18.732050807569
    ));
#427 = CARTESIAN_POINT('',(9.79422863406,29.288046470931,17.981951228404
    ));
#428 = CARTESIAN_POINT('',(9.79422863406,29.529513237275,17.231918829943
    ));
#429 = CARTESIAN_POINT('',(9.79422863406,29.771389502424,16.481952411867
    ));
#430 = CARTESIAN_POINT('',(9.79422863406,30.013666997142,15.732050807569
    ));
#431 = ORIENTED_EDGE('',*,*,#432,.T.);
#432 = EDGE_CURVE('',#423,#433,#435,.T.);
#433 = VERTEX_POINT('',#434);
#434 = CARTESIAN_POINT('',(7.196152422707,30.736997662398,
    14.232050807569));
#435 = B_SPLINE_CURVE_WITH_KNOTS('',4,(#436,#437,#438,#439,#440,#441,
    #442,#443),.UNSPECIFIED.,.F.,.F.,(5,3,5),(0.,0.646575092021,1.),
  .UNSPECIFIED.);
#436 = CARTESIAN_POINT('',(9.79422863406,30.013666997142,15.732050807569
    ));
#437 = CARTESIAN_POINT('',(9.373911476734,30.128443336637,
    15.489380583642));
#438 = CARTESIAN_POINT('',(8.953828789383,30.244653254787,
    15.246845731018));
#439 = CARTESIAN_POINT('',(8.533901831672,30.361792713215,
    15.004400788943));
#440 = CARTESIAN_POINT('',(7.884554919457,30.543662676562,
    14.629500174378));
#441 = CARTESIAN_POINT('',(7.655082133706,30.608075408816,
    14.497013999753));
#442 = CARTESIAN_POINT('',(7.42561889691,30.67254564393,14.36453333822)
  );
#443 = CARTESIAN_POINT('',(7.196152422707,30.736997662398,
    14.232050807569));
#444 = ORIENTED_EDGE('',*,*,#445,.F.);
#445 = EDGE_CURVE('',#446,#433,#448,.T.);
#446 = VERTEX_POINT('',#447);
#447 = CARTESIAN_POINT('',(4.598076211353,30.339250733552,
    15.732050807569));
#448 = B_SPLINE_CURVE_WITH_KNOTS('',4,(#449,#450,#451,#452,#453),
  .UNSPECIFIED.,.F.,.F.,(5,5),(0.,1.),.PIECEWISE_BEZIER_KNOTS.);
#449 = CARTESIAN_POINT('',(4.598076211353,30.339250733552,
    15.732050807569));
#450 = CARTESIAN_POINT('',(5.246148170447,30.453715489424,
    15.357886287532));
#451 = CARTESIAN_POINT('',(5.895157202041,30.559329117166,
    14.983180748434));
#452 = CARTESIAN_POINT('',(6.545182653517,30.654352068582,
    14.607888379045));
#453 = CARTESIAN_POINT('',(7.196152422707,30.736997662398,
    14.232050807569));
#454 = ORIENTED_EDGE('',*,*,#455,.F.);
#455 = EDGE_CURVE('',#399,#446,#456,.T.);
#456 = B_SPLINE_CURVE_WITH_KNOTS('',6,(#457,#458,#459,#460,#461,#462,
    #463),.UNSPECIFIED.,.F.,.F.,(7,7),(0.,1.),.PIECEWISE_BEZIER_KNOTS.);
#457 = CARTESIAN_POINT('',(4.598076211353,29.219667848903,
    18.732050807569));
#458 = CARTESIAN_POINT('',(4.598076211353,29.312120845515,
    18.484324996959));
#459 = CARTESIAN_POINT('',(4.598076211353,29.530968110295,
    17.897927324017));
#460 = CARTESIAN_POINT('',(4.598076211353,29.777271659178,
    17.237947375877));
#461 = CARTESIAN_POINT('',(4.598076211353,30.000543112683,
    16.639666915039));
#462 = CARTESIAN_POINT('',(4.598076211353,30.185566767601,
    16.143871431427));
#463 = CARTESIAN_POINT('',(4.598076211353,30.339250733552,
    15.732050807569));
#464 = FACE_BOUND('',#465,.F.);
#465 = EDGE_LOOP('',(#466,#479,#489,#499,#510,#520));
#466 = ORIENTED_EDGE('',*,*,#467,.F.);
#467 = EDGE_CURVE('',#468,#470,#472,.T.);
#468 = VERTEX_POINT('',#469);
#469 = CARTESIAN_POINT('',(3.598076211353,31.029026989901,14.));
#470 = VERTEX_POINT('',#471);
#471 = CARTESIAN_POINT('',(1.,31.666965012012,12.5));
#472 = B_SPLINE_CURVE_WITH_KNOTS('',5,(#473,#474,#475,#476,#477,#478),
  .UNSPECIFIED.,.F.,.F.,(6,6),(0.,1.),.PIECEWISE_BEZIER_KNOTS.);
#473 = CARTESIAN_POINT('',(3.598076211353,31.029026989901,14.));
#474 = CARTESIAN_POINT('',(3.079254181527,31.161925608812,
    13.700457961418));
#475 = CARTESIAN_POINT('',(2.560123517986,31.292816028907,
    13.400737733078));
#476 = CARTESIAN_POINT('',(2.040588625611,31.421045682184,
    13.100784123112));
#477 = CARTESIAN_POINT('',(1.52056943225,31.545974388617,12.800550901842
    ));
#478 = CARTESIAN_POINT('',(1.,31.666965012012,12.5));
#479 = ORIENTED_EDGE('',*,*,#480,.T.);
#480 = EDGE_CURVE('',#468,#481,#483,.T.);
#481 = VERTEX_POINT('',#482);
#482 = CARTESIAN_POINT('',(6.196152422707,31.435442940875,12.5));
#483 = B_SPLINE_CURVE_WITH_KNOTS('',4,(#484,#485,#486,#487,#488),
  .UNSPECIFIED.,.F.,.F.,(5,5),(0.,1.),.PIECEWISE_BEZIER_KNOTS.);
#484 = CARTESIAN_POINT('',(3.598076211353,31.029026989901,14.));
#485 = CARTESIAN_POINT('',(4.246063423014,31.146187480181,
    13.625884408916));
#486 = CARTESIAN_POINT('',(4.895050308798,31.254124825289,
    13.251191655708));
#487 = CARTESIAN_POINT('',(5.545107462087,31.351130750762,
    12.875880983268));
#488 = CARTESIAN_POINT('',(6.196152422707,31.435442940875,12.5));
#489 = ORIENTED_EDGE('',*,*,#490,.T.);
#490 = EDGE_CURVE('',#481,#491,#493,.T.);
#491 = VERTEX_POINT('',#492);
#492 = CARTESIAN_POINT('',(6.196152422707,32.52238550652,9.5));
#493 = B_SPLINE_CURVE_WITH_KNOTS('',4,(#494,#495,#496,#497,#498),
  .UNSPECIFIED.,.F.,.F.,(5,5),(0.,1.),.PIECEWISE_BEZIER_KNOTS.);
#494 = CARTESIAN_POINT('',(6.196152422707,31.435442940875,12.5));
#495 = CARTESIAN_POINT('',(6.196152422707,31.70706778479,11.74997993129)
  );
#496 = CARTESIAN_POINT('',(6.196152422707,31.978767608932,10.9999734398)
  );
#497 = CARTESIAN_POINT('',(6.196152422707,32.250540716751,
    10.249980224312));
#498 = CARTESIAN_POINT('',(6.196152422707,32.52238550652,9.5));
#499 = ORIENTED_EDGE('',*,*,#500,.F.);
#500 = EDGE_CURVE('',#501,#491,#503,.T.);
#501 = VERTEX_POINT('',#502);
#502 = CARTESIAN_POINT('',(3.598076211353,33.298657668728,8.));
#503 = B_SPLINE_CURVE_WITH_KNOTS('',5,(#504,#505,#506,#507,#508,#509),
  .UNSPECIFIED.,.F.,.F.,(6,6),(0.,1.),.PIECEWISE_BEZIER_KNOTS.);
#504 = CARTESIAN_POINT('',(3.598076211353,33.298657668728,8.));
#505 = CARTESIAN_POINT('',(4.119069124511,33.151229182667,8.300795398657
    ));
#506 = CARTESIAN_POINT('',(4.63929548652,32.999291901945,8.601148228803)
  );
#507 = CARTESIAN_POINT('',(5.158824997027,32.843440540134,8.901098731546
    ));
#508 = CARTESIAN_POINT('',(5.677743037054,32.684270079856,9.200696201643
    ));
#509 = CARTESIAN_POINT('',(6.196152422707,32.52238550652,9.5));
#510 = ORIENTED_EDGE('',*,*,#511,.F.);
#511 = EDGE_CURVE('',#512,#501,#514,.T.);
#512 = VERTEX_POINT('',#513);
#513 = CARTESIAN_POINT('',(1.,32.824229872181,9.5));
#514 = B_SPLINE_CURVE_WITH_KNOTS('',4,(#515,#516,#517,#518,#519),
  .UNSPECIFIED.,.F.,.F.,(5,5),(0.,1.),.PIECEWISE_BEZIER_KNOTS.);
#515 = CARTESIAN_POINT('',(1.,32.824229872181,9.5));
#516 = CARTESIAN_POINT('',(1.647585546666,32.959703433602,9.126116310309
    ));
#517 = CARTESIAN_POINT('',(2.296445244511,33.085019771723,8.751496989092
    ));
#518 = CARTESIAN_POINT('',(2.946639832114,33.198565724168,8.376106968914
    ));
#519 = CARTESIAN_POINT('',(3.598076211353,33.298657668728,8.));
#520 = ORIENTED_EDGE('',*,*,#521,.F.);
#521 = EDGE_CURVE('',#470,#512,#522,.T.);
#522 = B_SPLINE_CURVE_WITH_KNOTS('',4,(#523,#524,#525,#526,#527),
  .UNSPECIFIED.,.F.,.F.,(5,5),(0.,1.),.PIECEWISE_BEZIER_KNOTS.);
#523 = CARTESIAN_POINT('',(1.,31.666965012012,12.5));
#524 = CARTESIAN_POINT('',(1.,31.956324459409,11.750008339978));
#525 = CARTESIAN_POINT('',(1.,32.245655597619,11.000011218198));
#526 = CARTESIAN_POINT('',(1.,32.534957625841,10.25000848107));
#527 = CARTESIAN_POINT('',(1.,32.824229872181,9.5));
#528 = FACE_BOUND('',#529,.F.);
#529 = EDGE_LOOP('',(#530,#543,#556,#566,#577,#588));
#530 = ORIENTED_EDGE('',*,*,#531,.F.);
#531 = EDGE_CURVE('',#532,#534,#536,.T.);
#532 = VERTEX_POINT('',#533);
#533 = CARTESIAN_POINT('',(0.,28.682797515708,20.232050807569));
#534 = VERTEX_POINT('',#535);
#535 = CARTESIAN_POINT('',(-2.598076211353,29.240282905602,
    18.732050807569));
#536 = B_SPLINE_CURVE_WITH_KNOTS('',5,(#537,#538,#539,#540,#541,#542),
  .UNSPECIFIED.,.F.,.F.,(6,6),(0.,1.),.PIECEWISE_BEZIER_KNOTS.);
#537 = CARTESIAN_POINT('',(0.,28.682797515708,20.232050807569));
#538 = CARTESIAN_POINT('',(-0.519141878653,28.797932171829,
    19.932324104181));
#539 = CARTESIAN_POINT('',(-1.038431726779,28.911953862667,
    19.632511970578));
#540 = CARTESIAN_POINT('',(-1.557964650778,29.024149007674,
    19.332559497054));
#541 = CARTESIAN_POINT('',(-2.077822731831,29.133821370039,
    19.032419294018));
#542 = CARTESIAN_POINT('',(-2.598076211353,29.240282905602,
    18.732050807569));
#543 = ORIENTED_EDGE('',*,*,#544,.T.);
#544 = EDGE_CURVE('',#532,#545,#547,.T.);
#545 = VERTEX_POINT('',#546);
#546 = CARTESIAN_POINT('',(2.598076211353,29.250924349365,
    18.732050807569));
#547 = B_SPLINE_CURVE_WITH_KNOTS('',4,(#548,#549,#550,#551,#552,#553,
    #554,#555),.UNSPECIFIED.,.F.,.F.,(5,3,5),(0.,0.625587524709,1.),
  .UNSPECIFIED.);
#548 = CARTESIAN_POINT('',(0.,28.682797515708,20.232050807569));
#549 = CARTESIAN_POINT('',(0.406041611191,28.773836645566,
    19.997622574045));
#550 = CARTESIAN_POINT('',(0.812140400282,28.864453025778,
    19.763161328846));
#551 = CARTESIAN_POINT('',(1.218358977338,28.954182500491,
    19.528630924033));
#552 = CARTESIAN_POINT('',(1.86797810596,29.095477033018,19.153573145253
    ));
#553 = CARTESIAN_POINT('',(2.111266260361,29.14790037736,19.013110663818
    ));
#554 = CARTESIAN_POINT('',(2.354628840675,29.199747975904,
    18.872605212564));
#555 = CARTESIAN_POINT('',(2.598076211353,29.250924349365,
    18.732050807569));
#556 = ORIENTED_EDGE('',*,*,#557,.T.);
#557 = EDGE_CURVE('',#545,#558,#560,.T.);
#558 = VERTEX_POINT('',#559);
#559 = CARTESIAN_POINT('',(2.598076211353,30.39862096228,15.732050807569
    ));
#560 = B_SPLINE_CURVE_WITH_KNOTS('',4,(#561,#562,#563,#564,#565),
  .UNSPECIFIED.,.F.,.F.,(5,5),(0.,1.),.PIECEWISE_BEZIER_KNOTS.);
#561 = CARTESIAN_POINT('',(2.598076211353,29.250924349365,
    18.732050807569));
#562 = CARTESIAN_POINT('',(2.598076211353,29.537921501232,
    17.982064772588));
#563 = CARTESIAN_POINT('',(2.598076211353,29.824869589641,
    17.232069349804));
#564 = CARTESIAN_POINT('',(2.598076211353,30.111769212614,16.48206465623
    ));
#565 = CARTESIAN_POINT('',(2.598076211353,30.39862096228,15.732050807569
    ));
#566 = ORIENTED_EDGE('',*,*,#567,.T.);
#567 = EDGE_CURVE('',#558,#568,#570,.T.);
#568 = VERTEX_POINT('',#569);
#569 = CARTESIAN_POINT('',(0.,31.000694187138,14.232050807569));
#570 = B_SPLINE_CURVE_WITH_KNOTS('',5,(#571,#572,#573,#574,#575,#576),
  .UNSPECIFIED.,.F.,.F.,(6,6),(0.,1.),.PIECEWISE_BEZIER_KNOTS.);
#571 = CARTESIAN_POINT('',(2.598076211353,30.39862096228,15.732050807569
    ));
#572 = CARTESIAN_POINT('',(2.079141832818,30.52386872075,15.43244390443)
  );
#573 = CARTESIAN_POINT('',(1.559953736043,30.647364066653,
    15.132690516997));
#574 = CARTESIAN_POINT('',(1.040417942142,30.768437056526,
    14.832736386534));
#575 = CARTESIAN_POINT('',(0.520455263279,30.886431210413,
    14.532535793924));
#576 = CARTESIAN_POINT('',(-8.9E-16,31.000694187138,14.232050807569));
#577 = ORIENTED_EDGE('',*,*,#578,.F.);
#578 = EDGE_CURVE('',#579,#568,#581,.T.);
#579 = VERTEX_POINT('',#580);
#580 = CARTESIAN_POINT('',(-2.598076211353,30.382000400349,
    15.732050807569));
#581 = B_SPLINE_CURVE_WITH_KNOTS('',5,(#582,#583,#584,#585,#586,#587),
  .UNSPECIFIED.,.F.,.F.,(6,6),(0.,1.),.PIECEWISE_BEZIER_KNOTS.);
#582 = CARTESIAN_POINT('',(-2.598076211353,30.382000400349,
    15.732050807569));
#583 = CARTESIAN_POINT('',(-2.079099061597,30.510152949726,
    15.432419210454));
#584 = CARTESIAN_POINT('',(-1.559899074094,30.636800947618,
    15.132658957906));
#585 = CARTESIAN_POINT('',(-1.04037269344,30.76123517923,14.832710262184
    ));
#586 = CARTESIAN_POINT('',(-0.52043135018,30.882762205346,14.53252198769
    ));
#587 = CARTESIAN_POINT('',(8.7E-16,31.000694187138,14.232050807569));
#588 = ORIENTED_EDGE('',*,*,#589,.F.);
#589 = EDGE_CURVE('',#534,#579,#590,.T.);
#590 = B_SPLINE_CURVE_WITH_KNOTS('',4,(#591,#592,#593,#594,#595),
  .UNSPECIFIED.,.F.,.F.,(5,5),(0.,1.),.PIECEWISE_BEZIER_KNOTS.);
#591 = CARTESIAN_POINT('',(-2.598076211353,29.240282905602,
    18.732050807569));
#592 = CARTESIAN_POINT('',(-2.598076211353,29.525376220294,
    17.981986891964));
#593 = CARTESIAN_POINT('',(-2.598076211353,29.810701456545,
    17.231967049186));
#594 = CARTESIAN_POINT('',(-2.598076211353,30.096246519491,
    16.481989038021));
#595 = CARTESIAN_POINT('',(-2.598076211353,30.382000400349,
    15.732050807569));
#596 = FACE_BOUND('',#597,.F.);
#597 = EDGE_LOOP('',(#598,#610,#620,#630,#640,#653));
#598 = ORIENTED_EDGE('',*,*,#599,.F.);
#599 = EDGE_CURVE('',#600,#602,#604,.T.);
#600 = VERTEX_POINT('',#601);
#601 = CARTESIAN_POINT('',(-7.196152422707,28.604315140757,
    20.232050807569));
#602 = VERTEX_POINT('',#603);
#603 = CARTESIAN_POINT('',(-9.79422863406,29.007072853793,
    18.732050807569));
#604 = B_SPLINE_CURVE_WITH_KNOTS('',4,(#605,#606,#607,#608,#609),
  .UNSPECIFIED.,.F.,.F.,(5,5),(0.,1.),.PIECEWISE_BEZIER_KNOTS.);
#605 = CARTESIAN_POINT('',(-7.196152422707,28.604315140757,
    20.232050807569));
#606 = CARTESIAN_POINT('',(-7.844274892018,28.719366415997,
    19.857857125444));
#607 = CARTESIAN_POINT('',(-8.493294538726,28.82598581109,
    19.483145457708));
#608 = CARTESIAN_POINT('',(-9.143297879697,28.922467272865,
    19.107865853824));
#609 = CARTESIAN_POINT('',(-9.79422863406,29.007072853793,
    18.732050807569));
#610 = ORIENTED_EDGE('',*,*,#611,.T.);
#611 = EDGE_CURVE('',#600,#612,#614,.T.);
#612 = VERTEX_POINT('',#613);
#613 = CARTESIAN_POINT('',(-4.598076211353,29.200848907924,
    18.732050807569));
#614 = B_SPLINE_CURVE_WITH_KNOTS('',4,(#615,#616,#617,#618,#619),
  .UNSPECIFIED.,.F.,.F.,(5,5),(0.,1.),.PIECEWISE_BEZIER_KNOTS.);
#615 = CARTESIAN_POINT('',(-7.196152422707,28.604315140757,
    20.232050807569));
#616 = CARTESIAN_POINT('',(-6.545695285368,28.746501374396,
    19.85650920423));
#617 = CARTESIAN_POINT('',(-5.896025496107,28.894686308099,
    19.481422176516));
#618 = CARTESIAN_POINT('',(-5.246911965041,29.046781688657,
    19.106656304621));
#619 = CARTESIAN_POINT('',(-4.598076211353,29.200848907924,
    18.732050807569));
#620 = ORIENTED_EDGE('',*,*,#621,.T.);
#621 = EDGE_CURVE('',#612,#622,#624,.T.);
#622 = VERTEX_POINT('',#623);
#623 = CARTESIAN_POINT('',(-4.598076211353,30.309821251521,
    15.732050807569));
#624 = B_SPLINE_CURVE_WITH_KNOTS('',4,(#625,#626,#627,#628,#629),
  .UNSPECIFIED.,.F.,.F.,(5,5),(0.,1.),.PIECEWISE_BEZIER_KNOTS.);
#625 = CARTESIAN_POINT('',(-4.598076211353,29.200848907924,
    18.732050807569));
#626 = CARTESIAN_POINT('',(-4.598076211353,29.477377359298,
    17.981918852143));
#627 = CARTESIAN_POINT('',(-4.598076211353,29.754396269647,
    17.231877293828));
#628 = CARTESIAN_POINT('',(-4.598076211353,30.031884160504,
    16.481922429389));
#629 = CARTESIAN_POINT('',(-4.598076211353,30.309821251521,
    15.732050807569));
#630 = ORIENTED_EDGE('',*,*,#631,.T.);
#631 = EDGE_CURVE('',#622,#632,#634,.T.);
#632 = VERTEX_POINT('',#633);
#633 = CARTESIAN_POINT('',(-7.196152422707,30.685995909513,
    14.232050807569));
#634 = B_SPLINE_CURVE_WITH_KNOTS('',4,(#635,#636,#637,#638,#639),
  .UNSPECIFIED.,.F.,.F.,(5,5),(0.,1.),.PIECEWISE_BEZIER_KNOTS.);
#635 = CARTESIAN_POINT('',(-4.598076211353,30.309821251521,
    15.732050807569));
#636 = CARTESIAN_POINT('',(-5.246194341994,30.419191202575,
    15.357859630377));
#637 = CARTESIAN_POINT('',(-5.895233647965,30.519454472008,
    14.98313661236));
#638 = CARTESIAN_POINT('',(-6.545249830249,30.608956953017,
    14.60784959454));
#639 = CARTESIAN_POINT('',(-7.196152422707,30.685995909513,
    14.232050807569));
#640 = ORIENTED_EDGE('',*,*,#641,.F.);
#641 = EDGE_CURVE('',#642,#632,#644,.T.);
#642 = VERTEX_POINT('',#643);
#643 = CARTESIAN_POINT('',(-9.79422863406,29.950821715269,
    15.732050807569));
#644 = B_SPLINE_CURVE_WITH_KNOTS('',4,(#645,#646,#647,#648,#649,#650,
    #651,#652),.UNSPECIFIED.,.F.,.F.,(5,3,5),(0.,0.709364372395,1.),
  .UNSPECIFIED.);
#645 = CARTESIAN_POINT('',(-9.79422863406,29.950821715269,
    15.732050807569));
#646 = CARTESIAN_POINT('',(-9.332992533546,30.078273441512,
    15.465756020777));
#647 = CARTESIAN_POINT('',(-8.872093212662,30.207759134861,
    15.199655673795));
#648 = CARTESIAN_POINT('',(-8.411420368004,30.338570844134,
    14.933686082924));
#649 = CARTESIAN_POINT('',(-7.762162417692,30.523911260811,
    14.558836830538));
#650 = CARTESIAN_POINT('',(-7.573483841825,30.577888919216,
    14.449903203971));
#651 = CARTESIAN_POINT('',(-7.384816403011,30.631932007312,
    14.340976007384));
#652 = CARTESIAN_POINT('',(-7.196152422707,30.685995909513,
    14.232050807569));
#653 = ORIENTED_EDGE('',*,*,#654,.F.);
#654 = EDGE_CURVE('',#602,#642,#655,.T.);
#655 = B_SPLINE_CURVE_WITH_KNOTS('',4,(#656,#657,#658,#659,#660),
  .UNSPECIFIED.,.F.,.F.,(5,5),(0.,1.),.PIECEWISE_BEZIER_KNOTS.);
#656 = CARTESIAN_POINT('',(-9.79422863406,29.007072853793,
    18.732050807569));
#657 = CARTESIAN_POINT('',(-9.79422863406,29.240859572364,17.98171365074
    ));
#658 = CARTESIAN_POINT('',(-9.79422863406,29.476109362909,
    17.231604417547));
#659 = CARTESIAN_POINT('',(-9.79422863406,29.712777720147,16.48171841359
    ));
#660 = CARTESIAN_POINT('',(-9.79422863406,29.950821715269,
    15.732050807569));
#661 = FACE_BOUND('',#662,.F.);
#662 = EDGE_LOOP('',(#663,#678,#689,#699,#712,#723));
#663 = ORIENTED_EDGE('',*,*,#664,.T.);
#664 = EDGE_CURVE('',#665,#667,#669,.T.);
#665 = VERTEX_POINT('',#666);
#666 = CARTESIAN_POINT('',(8.196152422707,31.249059625399,12.5));
#667 = VERTEX_POINT('',#668);
#668 = CARTESIAN_POINT('',(10.79422863406,30.458832349385,14.));
#669 = B_SPLINE_CURVE_WITH_KNOTS('',4,(#670,#671,#672,#673,#674,#675,
    #676,#677),.UNSPECIFIED.,.F.,.F.,(5,3,5),(0.,0.290732191644,1.),
  .UNSPECIFIED.);
#670 = CARTESIAN_POINT('',(8.196152422707,31.249059625399,12.5));
#671 = CARTESIAN_POINT('',(8.384954432294,31.191432922387,
    12.609004891059));
#672 = CARTESIAN_POINT('',(8.573745461825,31.133746891437,
    12.718003442779));
#673 = CARTESIAN_POINT('',(8.762533027779,31.076042633504,
    12.826999994802));
#674 = CARTESIAN_POINT('',(9.411899805158,30.877645644586,
    13.201912078525));
#675 = CARTESIAN_POINT('',(9.872499874131,30.737071274803,
    13.467839652335));
#676 = CARTESIAN_POINT('',(10.333237968862,30.597249494347,
    13.733846915354));
#677 = CARTESIAN_POINT('',(10.79422863406,30.458832349385,14.));
#678 = ORIENTED_EDGE('',*,*,#679,.T.);
#679 = EDGE_CURVE('',#667,#680,#682,.T.);
#680 = VERTEX_POINT('',#681);
#681 = CARTESIAN_POINT('',(13.392304845413,30.506808389401,12.5));
#682 = B_SPLINE_CURVE_WITH_KNOTS('',5,(#683,#684,#685,#686,#687,#688),
  .UNSPECIFIED.,.F.,.F.,(6,6),(0.,1.),.PIECEWISE_BEZIER_KNOTS.);
#683 = CARTESIAN_POINT('',(10.79422863406,30.458832349385,14.));
#684 = CARTESIAN_POINT('',(11.313461146525,30.488943882397,
    13.700220969156));
#685 = CARTESIAN_POINT('',(11.833023448115,30.50954271215,
    13.400251534472));
#686 = CARTESIAN_POINT('',(12.35280460388,30.519890664827,
    13.100155744272));
#687 = CARTESIAN_POINT('',(12.872638712907,30.519233426069,
    12.800029381491));
#688 = CARTESIAN_POINT('',(13.392304845413,30.506808389401,12.5));
#689 = ORIENTED_EDGE('',*,*,#690,.T.);
#690 = EDGE_CURVE('',#680,#691,#693,.T.);
#691 = VERTEX_POINT('',#692);
#692 = CARTESIAN_POINT('',(13.392304845413,31.319322668488,9.5));
#693 = B_SPLINE_CURVE_WITH_KNOTS('',4,(#694,#695,#696,#697,#698),
  .UNSPECIFIED.,.F.,.F.,(5,5),(0.,1.),.PIECEWISE_BEZIER_KNOTS.);
#694 = CARTESIAN_POINT('',(13.392304845413,30.506808389401,12.5));
#695 = CARTESIAN_POINT('',(13.392304845413,30.708759842374,
    11.749840917538));
#696 = CARTESIAN_POINT('',(13.392304845413,30.911503330758,
    10.999788446993));
#697 = CARTESIAN_POINT('',(13.392304845413,31.115027916456,
    10.249841765788));
#698 = CARTESIAN_POINT('',(13.392304845413,31.319322668488,9.5));
#699 = ORIENTED_EDGE('',*,*,#700,.F.);
#700 = EDGE_CURVE('',#701,#691,#703,.T.);
#701 = VERTEX_POINT('',#702);
#702 = CARTESIAN_POINT('',(10.79422863406,32.332695363089,8.));
#703 = B_SPLINE_CURVE_WITH_KNOTS('',4,(#704,#705,#706,#707,#708,#709,
    #710,#711),.UNSPECIFIED.,.F.,.F.,(5,3,5),(0.,0.489233799942,1.),
  .UNSPECIFIED.);
#704 = CARTESIAN_POINT('',(10.79422863406,32.332695363089,8.));
#705 = CARTESIAN_POINT('',(11.112209717897,32.209665501454,8.18358646435
    ));
#706 = CARTESIAN_POINT('',(11.430062340072,32.086083983992,
    8.367098761326));
#707 = CARTESIAN_POINT('',(11.747827819136,31.962132378296,
    8.550560746203));
#708 = CARTESIAN_POINT('',(12.39725744113,31.708405874562,8.925509113281
    ));
#709 = CARTESIAN_POINT('',(12.728917699708,31.57861487569,9.11699325285)
  );
#710 = CARTESIAN_POINT('',(13.060582274602,31.448844096519,
    9.308479884446));
#711 = CARTESIAN_POINT('',(13.392304845413,31.319322668488,9.5));
#712 = ORIENTED_EDGE('',*,*,#713,.F.);
#713 = EDGE_CURVE('',#714,#701,#716,.T.);
#714 = VERTEX_POINT('',#715);
#715 = CARTESIAN_POINT('',(8.196152422707,32.281313902691,9.5));
#716 = B_SPLINE_CURVE_WITH_KNOTS('',5,(#717,#718,#719,#720,#721,#722),
  .UNSPECIFIED.,.F.,.F.,(6,6),(0.,1.),.PIECEWISE_BEZIER_KNOTS.);
#717 = CARTESIAN_POINT('',(8.196152422707,32.281313902691,9.5));
#718 = CARTESIAN_POINT('',(8.715347568352,32.312860794591,9.2002425429)
  );
#719 = CARTESIAN_POINT('',(9.234902921872,32.33449665332,8.900277119686)
  );
#720 = CARTESIAN_POINT('',(9.754695936196,32.345505056302,8.600174482943
    ));
#721 = CARTESIAN_POINT('',(10.274548857888,32.345152009294,
    8.300037258665));
#722 = CARTESIAN_POINT('',(10.79422863406,32.332695363089,8.));
#723 = ORIENTED_EDGE('',*,*,#724,.F.);
#724 = EDGE_CURVE('',#665,#714,#725,.T.);
#725 = B_SPLINE_CURVE_WITH_KNOTS('',4,(#726,#727,#728,#729,#730),
  .UNSPECIFIED.,.F.,.F.,(5,5),(0.,1.),.PIECEWISE_BEZIER_KNOTS.);
#726 = CARTESIAN_POINT('',(8.196152422707,31.249059625399,12.5));
#727 = CARTESIAN_POINT('',(8.196152422707,31.506786192568,
    11.749942048783));
#728 = CARTESIAN_POINT('',(8.196152422707,31.764740760786,
    10.999923268827));
#729 = CARTESIAN_POINT('',(8.196152422707,32.022918267174,
    10.249942845284));
#730 = CARTESIAN_POINT('',(8.196152422707,32.281313902691,9.5));
#731 = FACE_BOUND('',#732,.F.);
#732 = EDGE_LOOP('',(#733,#745,#755,#765,#775,#785));
#733 = ORIENTED_EDGE('',*,*,#734,.T.);
#734 = EDGE_CURVE('',#735,#737,#739,.T.);
#735 = VERTEX_POINT('',#736);
#736 = CARTESIAN_POINT('',(-2.598076211353,34.000171206094,
    6.267949192431));
#737 = VERTEX_POINT('',#738);
#738 = CARTESIAN_POINT('',(0.,33.498461231101,7.767949192431));
#739 = B_SPLINE_CURVE_WITH_KNOTS('',4,(#740,#741,#742,#743,#744),
  .UNSPECIFIED.,.F.,.F.,(5,5),(0.,1.),.PIECEWISE_BEZIER_KNOTS.);
#740 = CARTESIAN_POINT('',(-2.598076211353,34.000171206094,
    6.267949192431));
#741 = CARTESIAN_POINT('',(-1.94653375207,33.893156466502,6.644117406687
    ));
#742 = CARTESIAN_POINT('',(-1.296303939101,33.772835622234,7.01952776424
    ));
#743 = CARTESIAN_POINT('',(-0.64747651494,33.640772677688,7.394128452237
    ));
#744 = CARTESIAN_POINT('',(0.,33.498461231101,7.767949192431));
#745 = ORIENTED_EDGE('',*,*,#746,.T.);
#746 = EDGE_CURVE('',#737,#747,#749,.T.);
#747 = VERTEX_POINT('',#748);
#748 = CARTESIAN_POINT('',(2.598076211353,34.01529137842,6.267949192431)
  );
#749 = B_SPLINE_CURVE_WITH_KNOTS('',4,(#750,#751,#752,#753,#754),
  .UNSPECIFIED.,.F.,.F.,(5,5),(0.,1.),.PIECEWISE_BEZIER_KNOTS.);
#750 = CARTESIAN_POINT('',(0.,33.498461231101,7.767949192431));
#751 = CARTESIAN_POINT('',(0.647356123619,33.645026141689,7.394197960198
    ));
#752 = CARTESIAN_POINT('',(1.296139314177,33.781080566916,7.019622810484
    ));
#753 = CARTESIAN_POINT('',(1.946410116217,33.905052098019,6.64418878788)
  );
#754 = CARTESIAN_POINT('',(2.598076211353,34.01529137842,6.267949192431)
  );
#755 = ORIENTED_EDGE('',*,*,#756,.T.);
#756 = EDGE_CURVE('',#747,#757,#759,.T.);
#757 = VERTEX_POINT('',#758);
#758 = CARTESIAN_POINT('',(2.598076211353,35.160525426349,3.267949192431
    ));
#759 = B_SPLINE_CURVE_WITH_KNOTS('',4,(#760,#761,#762,#763,#764),
  .UNSPECIFIED.,.F.,.F.,(5,5),(0.,1.),.PIECEWISE_BEZIER_KNOTS.);
#760 = CARTESIAN_POINT('',(2.598076211353,34.01529137842,6.267949192431)
  );
#761 = CARTESIAN_POINT('',(2.598076211353,34.301665641815,5.517961743857
    ));
#762 = CARTESIAN_POINT('',(2.598076211353,34.587995697033,4.767965854904
    ));
#763 = CARTESIAN_POINT('',(2.598076211353,34.874282107667,4.017961635278
    ));
#764 = CARTESIAN_POINT('',(2.598076211353,35.160525426349,3.267949192431
    ));
#765 = ORIENTED_EDGE('',*,*,#766,.F.);
#766 = EDGE_CURVE('',#767,#757,#769,.T.);
#767 = VERTEX_POINT('',#768);
#768 = CARTESIAN_POINT('',(1.E-15,35.816908891297,1.767949192431));
#769 = B_SPLINE_CURVE_WITH_KNOTS('',4,(#770,#771,#772,#773,#774),
  .UNSPECIFIED.,.F.,.F.,(5,5),(0.,1.),.PIECEWISE_BEZIER_KNOTS.);
#770 = CARTESIAN_POINT('',(4.4E-16,35.816908891297,1.767949192431));
#771 = CARTESIAN_POINT('',(0.652313663051,35.672048629506,2.14456266139)
  );
#772 = CARTESIAN_POINT('',(1.302788961501,35.51340136331,2.520114750051)
  );
#773 = CARTESIAN_POINT('',(1.951355483079,35.342433189876,2.894564805872
    ));
#774 = CARTESIAN_POINT('',(2.598076211353,35.160525426349,3.267949192431
    ));
#775 = ORIENTED_EDGE('',*,*,#776,.F.);
#776 = EDGE_CURVE('',#777,#767,#779,.T.);
#777 = VERTEX_POINT('',#778);
#778 = CARTESIAN_POINT('',(-2.598076211353,35.151408452074,
    3.267949192431));
#779 = B_SPLINE_CURVE_WITH_KNOTS('',4,(#780,#781,#782,#783,#784),
  .UNSPECIFIED.,.F.,.F.,(5,5),(0.,1.),.PIECEWISE_BEZIER_KNOTS.);
#780 = CARTESIAN_POINT('',(-2.598076211353,35.151408452074,
    3.267949192431));
#781 = CARTESIAN_POINT('',(-1.95153197025,35.336437691878,2.894666700787
    ));
#782 = CARTESIAN_POINT('',(-1.303022674824,35.510019576636,
    2.520249684501));
#783 = CARTESIAN_POINT('',(-0.652484286003,35.670695095791,
    2.144661170597));
#784 = CARTESIAN_POINT('',(7.6E-16,35.816908891297,1.767949192431));
#785 = ORIENTED_EDGE('',*,*,#786,.F.);
#786 = EDGE_CURVE('',#735,#777,#787,.T.);
#787 = B_SPLINE_CURVE_WITH_KNOTS('',4,(#788,#789,#790,#791,#792),
  .UNSPECIFIED.,.F.,.F.,(5,5),(0.,1.),.PIECEWISE_BEZIER_KNOTS.);
#788 = CARTESIAN_POINT('',(-2.598076211353,34.000171206094,
    6.267949192431));
#789 = CARTESIAN_POINT('',(-2.598076211353,34.287765391091,
    5.517907930032));
#790 = CARTESIAN_POINT('',(-2.598076211353,34.575508345992,4.76789518742
    ));
#791 = CARTESIAN_POINT('',(-2.598076211353,34.863391860047,
    4.017909414101));
#792 = CARTESIAN_POINT('',(-2.598076211353,35.151408452074,
    3.267949192431));
#793 = FACE_BOUND('',#794,.F.);
#794 = EDGE_LOOP('',(#795,#807,#818,#828,#838,#849));
#795 = ORIENTED_EDGE('',*,*,#796,.F.);
#796 = EDGE_CURVE('',#797,#799,#801,.T.);
#797 = VERTEX_POINT('',#798);
#798 = CARTESIAN_POINT('',(-3.598076211353,31.003326969574,14.));
#799 = VERTEX_POINT('',#800);
#800 = CARTESIAN_POINT('',(-6.196152422707,31.389072143652,12.5));
#801 = B_SPLINE_CURVE_WITH_KNOTS('',4,(#802,#803,#804,#805,#806),
  .UNSPECIFIED.,.F.,.F.,(5,5),(0.,1.),.PIECEWISE_BEZIER_KNOTS.);
#802 = CARTESIAN_POINT('',(-3.598076211353,31.003326969574,14.));
#803 = CARTESIAN_POINT('',(-4.246125688345,31.11544099648,
    13.625848460011));
#804 = CARTESIAN_POINT('',(-4.895145854216,31.218195536797,
    13.251136492535));
#805 = CARTESIAN_POINT('',(-5.545186808177,31.30996552547,
    12.875835172782));
#806 = CARTESIAN_POINT('',(-6.196152422707,31.389072143652,12.5));
#807 = ORIENTED_EDGE('',*,*,#808,.T.);
#808 = EDGE_CURVE('',#797,#809,#811,.T.);
#809 = VERTEX_POINT('',#810);
#810 = CARTESIAN_POINT('',(-1.,31.659514511398,12.5));
#811 = B_SPLINE_CURVE_WITH_KNOTS('',5,(#812,#813,#814,#815,#816,#817),
  .UNSPECIFIED.,.F.,.F.,(6,6),(0.,1.),.PIECEWISE_BEZIER_KNOTS.);
#812 = CARTESIAN_POINT('',(-3.598076211353,31.003326969574,14.));
#813 = CARTESIAN_POINT('',(-3.079235091133,31.139608507329,
    13.700446939574));
#814 = CARTESIAN_POINT('',(-2.56010429597,31.274051812314,
    13.400726635242));
#815 = CARTESIAN_POINT('',(-2.04057854238,31.405966955113,
    13.100778301556));
#816 = CARTESIAN_POINT('',(-1.52056865661,31.534678361453,
    12.800550454025));
#817 = CARTESIAN_POINT('',(-1.,31.659514511398,12.5));
#818 = ORIENTED_EDGE('',*,*,#819,.T.);
#819 = EDGE_CURVE('',#809,#820,#822,.T.);
#820 = VERTEX_POINT('',#821);
#821 = CARTESIAN_POINT('',(-1.,32.817002442816,9.5));
#822 = B_SPLINE_CURVE_WITH_KNOTS('',4,(#823,#824,#825,#826,#827),
  .UNSPECIFIED.,.F.,.F.,(5,5),(0.,1.),.PIECEWISE_BEZIER_KNOTS.);
#823 = CARTESIAN_POINT('',(-1.,31.659514511398,12.5));
#824 = CARTESIAN_POINT('',(-1.,31.948799522856,11.749983226172));
#825 = CARTESIAN_POINT('',(-1.,32.238145696987,10.999978246097));
#826 = CARTESIAN_POINT('',(-1.,32.527548139478,10.249984119921));
#827 = CARTESIAN_POINT('',(-1.,32.817002442816,9.5));
#828 = ORIENTED_EDGE('',*,*,#829,.T.);
#829 = EDGE_CURVE('',#820,#830,#832,.T.);
#830 = VERTEX_POINT('',#831);
#831 = CARTESIAN_POINT('',(-3.598076211353,33.274432233913,8.));
#832 = B_SPLINE_CURVE_WITH_KNOTS('',4,(#833,#834,#835,#836,#837),
  .UNSPECIFIED.,.F.,.F.,(5,5),(0.,1.),.PIECEWISE_BEZIER_KNOTS.);
#833 = CARTESIAN_POINT('',(-1.,32.817002442816,9.5));
#834 = CARTESIAN_POINT('',(-1.647688364732,32.947910074924,
    9.126056948271));
#835 = CARTESIAN_POINT('',(-2.296588747959,33.068817544123,
    8.751414137338));
#836 = CARTESIAN_POINT('',(-2.946749647847,33.178191328411,
    8.376043566771));
#837 = CARTESIAN_POINT('',(-3.598076211353,33.274432233913,8.));
#838 = ORIENTED_EDGE('',*,*,#839,.F.);
#839 = EDGE_CURVE('',#840,#830,#842,.T.);
#840 = VERTEX_POINT('',#841);
#841 = CARTESIAN_POINT('',(-6.196152422707,32.477281605224,9.5));
#842 = B_SPLINE_CURVE_WITH_KNOTS('',5,(#843,#844,#845,#846,#847,#848),
  .UNSPECIFIED.,.F.,.F.,(6,6),(0.,1.),.PIECEWISE_BEZIER_KNOTS.);
#843 = CARTESIAN_POINT('',(-6.196152422707,32.477281605224,9.5));
#844 = CARTESIAN_POINT('',(-5.677794460725,32.643444506398,
    9.200725891113));
#845 = CARTESIAN_POINT('',(-5.158910694787,32.806874224413,
    8.901148209171));
#846 = CARTESIAN_POINT('',(-4.639389076149,32.966933231985,8.6012022628)
  );
#847 = CARTESIAN_POINT('',(-4.119136384055,33.122994818509,
    8.300834230973));
#848 = CARTESIAN_POINT('',(-3.598076211353,33.274432233913,8.));
#849 = ORIENTED_EDGE('',*,*,#850,.F.);
#850 = EDGE_CURVE('',#799,#840,#851,.T.);
#851 = B_SPLINE_CURVE_WITH_KNOTS('',4,(#852,#853,#854,#855,#856),
  .UNSPECIFIED.,.F.,.F.,(5,5),(0.,1.),.PIECEWISE_BEZIER_KNOTS.);
#852 = CARTESIAN_POINT('',(-6.196152422707,31.389072143652,12.5));
#853 = CARTESIAN_POINT('',(-6.196152422707,31.660194352143,
    11.749831513919));
#854 = CARTESIAN_POINT('',(-6.196152422707,31.931953405335,
    10.999778105919));
#855 = CARTESIAN_POINT('',(-6.196152422707,32.204323737396,
    10.249835586308));
#856 = CARTESIAN_POINT('',(-6.196152422707,32.477281605224,9.5));
#857 = FACE_BOUND('',#858,.F.);
#858 = EDGE_LOOP('',(#859,#872,#885,#895,#906,#922));
#859 = ORIENTED_EDGE('',*,*,#860,.F.);
#860 = EDGE_CURVE('',#861,#863,#865,.T.);
#861 = VERTEX_POINT('',#862);
#862 = CARTESIAN_POINT('',(-10.79422863406,30.381080599882,14.));
#863 = VERTEX_POINT('',#864);
#864 = CARTESIAN_POINT('',(-13.39230484541,30.404840821384,12.5));
#865 = B_SPLINE_CURVE_WITH_KNOTS('',5,(#866,#867,#868,#869,#870,#871),
  .UNSPECIFIED.,.F.,.F.,(6,6),(0.,1.),.PIECEWISE_BEZIER_KNOTS.);
#866 = CARTESIAN_POINT('',(-10.79422863406,30.381080599882,14.));
#867 = CARTESIAN_POINT('',(-11.3135766081,30.40630526185,13.700154307379
    ));
#868 = CARTESIAN_POINT('',(-11.83320095923,30.422006239064,
    13.400149048378));
#869 = CARTESIAN_POINT('',(-12.35298521864,30.427477885254,
    13.10005146629));
#870 = CARTESIAN_POINT('',(-12.87276037324,30.421999122625,
    12.799959140864));
#871 = CARTESIAN_POINT('',(-13.39230484541,30.404840821384,12.5));
#872 = ORIENTED_EDGE('',*,*,#873,.T.);
#873 = EDGE_CURVE('',#861,#874,#876,.T.);
#874 = VERTEX_POINT('',#875);
#875 = CARTESIAN_POINT('',(-8.196152422707,31.187508340981,12.5));
#876 = B_SPLINE_CURVE_WITH_KNOTS('',4,(#877,#878,#879,#880,#881,#882,
    #883,#884),.UNSPECIFIED.,.F.,.F.,(5,3,5),(0.,0.585580341029,1.),
  .UNSPECIFIED.);
#877 = CARTESIAN_POINT('',(-10.79422863406,30.381080599882,14.));
#878 = CARTESIAN_POINT('',(-10.41355958257,30.497382157649,
    13.780220620654));
#879 = CARTESIAN_POINT('',(-10.0330952084,30.614802636456,
    13.560559411811));
#880 = CARTESIAN_POINT('',(-9.652766614762,30.732951876402,
    13.340976595889));
#881 = CARTESIAN_POINT('',(-9.003390627747,30.935331949724,
    12.96605919498));
#882 = CARTESIAN_POINT('',(-8.734309966287,31.019382763959,
    12.810705402653));
#883 = CARTESIAN_POINT('',(-8.465238443581,31.103483533928,
    12.655356886587));
#884 = CARTESIAN_POINT('',(-8.196152422707,31.187508340981,12.5));
#885 = ORIENTED_EDGE('',*,*,#886,.T.);
#886 = EDGE_CURVE('',#874,#887,#889,.T.);
#887 = VERTEX_POINT('',#888);
#888 = CARTESIAN_POINT('',(-8.196152422707,32.221316939544,9.5));
#889 = B_SPLINE_CURVE_WITH_KNOTS('',4,(#890,#891,#892,#893,#894),
  .UNSPECIFIED.,.F.,.F.,(5,5),(0.,1.),.PIECEWISE_BEZIER_KNOTS.);
#890 = CARTESIAN_POINT('',(-8.196152422707,31.187508340981,12.5));
#891 = CARTESIAN_POINT('',(-8.196152422707,31.444527018602,
    11.749753508561));
#892 = CARTESIAN_POINT('',(-8.196152422707,31.702524280543,
    10.999674633218));
#893 = CARTESIAN_POINT('',(-8.196152422707,31.961465217532,
    10.249758404699));
#894 = CARTESIAN_POINT('',(-8.196152422707,32.221316939544,9.5));
#895 = ORIENTED_EDGE('',*,*,#896,.T.);
#896 = EDGE_CURVE('',#887,#897,#899,.T.);
#897 = VERTEX_POINT('',#898);
#898 = CARTESIAN_POINT('',(-10.79422863406,32.25826505541,8.));
#899 = B_SPLINE_CURVE_WITH_KNOTS('',5,(#900,#901,#902,#903,#904,#905),
  .UNSPECIFIED.,.F.,.F.,(6,6),(0.,1.),.PIECEWISE_BEZIER_KNOTS.);
#900 = CARTESIAN_POINT('',(-8.196152422707,32.221316939544,9.5));
#901 = CARTESIAN_POINT('',(-8.715428065062,32.249575420571,
    9.200196068103));
#902 = CARTESIAN_POINT('',(-9.235020791413,32.2680905187,8.900209067675)
  );
#903 = CARTESIAN_POINT('',(-9.754809207185,32.276178759037,
    8.600109085907));
#904 = CARTESIAN_POINT('',(-10.27462015,32.273139909214,8.29999609814));
#905 = CARTESIAN_POINT('',(-10.79422863406,32.25826505541,8.));
#906 = ORIENTED_EDGE('',*,*,#907,.F.);
#907 = EDGE_CURVE('',#908,#897,#910,.T.);
#908 = VERTEX_POINT('',#909);
#909 = CARTESIAN_POINT('',(-13.39230484541,31.219060641572,9.5));
#910 = B_SPLINE_CURVE_WITH_KNOTS('',4,(#911,#912,#913,#914,#915,#916,
    #917,#918,#919,#920,#921),.UNSPECIFIED.,.F.,.F.,(5,3,3,5),(0.,
    0.404071177894,0.638768842499,1.),.UNSPECIFIED.);
#911 = CARTESIAN_POINT('',(-13.39230484541,31.219060641572,9.5));
#912 = CARTESIAN_POINT('',(-13.12987066299,31.324108465205,
    9.348483554139));
#913 = CARTESIAN_POINT('',(-12.86747782297,31.429329671563,
    9.196990977317));
#914 = CARTESIAN_POINT('',(-12.6050975897,31.534604414447,9.04550567901)
  );
#915 = CARTESIAN_POINT('',(-12.19029480626,31.700930165768,
    8.806019180331));
#916 = CARTESIAN_POINT('',(-12.03788214795,31.762021400256,
    8.718023691024));
#917 = CARTESIAN_POINT('',(-11.88545907162,31.823069746293,
    8.630022186877));
#918 = CARTESIAN_POINT('',(-11.49839675,31.977915304059,8.406551651296)
  );
#919 = CARTESIAN_POINT('',(-11.26373610634,32.071623886837,
    8.271070265511));
#920 = CARTESIAN_POINT('',(-11.02901938212,32.165099462426,
    8.135556501597));
#921 = CARTESIAN_POINT('',(-10.79422863406,32.25826505541,8.));
#922 = ORIENTED_EDGE('',*,*,#923,.F.);
#923 = EDGE_CURVE('',#863,#908,#924,.T.);
#924 = B_SPLINE_CURVE_WITH_KNOTS('',4,(#925,#926,#927,#928,#929),
  .UNSPECIFIED.,.F.,.F.,(5,5),(0.,1.),.PIECEWISE_BEZIER_KNOTS.);
#925 = CARTESIAN_POINT('',(-13.39230484541,30.404840821384,12.5));
#926 = CARTESIAN_POINT('',(-13.39230484541,30.605350358087,
    11.749588884434));
#927 = CARTESIAN_POINT('',(-13.39230484541,30.80792081911,
    10.999453104479));
#928 = CARTESIAN_POINT('',(-13.39230484541,31.012506355063,
    10.249590929249));
#929 = CARTESIAN_POINT('',(-13.39230484541,31.219060641572,9.5));
#930 = FACE_BOUND('',#931,.F.);
#931 = EDGE_LOOP('',(#932,#945,#956,#966,#976,#987));
#932 = ORIENTED_EDGE('',*,*,#933,.F.);
#933 = EDGE_CURVE('',#934,#936,#938,.T.);
#934 = VERTEX_POINT('',#935);
#935 = CARTESIAN_POINT('',(-7.196152422707,32.976202474205,
    7.767949192431));
#936 = VERTEX_POINT('',#937);
#937 = CARTESIAN_POINT('',(-9.79422863406,33.03712878354,6.267949192431)
  );
#938 = B_SPLINE_CURVE_WITH_KNOTS('',5,(#939,#940,#941,#942,#943,#944),
  .UNSPECIFIED.,.F.,.F.,(6,6),(0.,1.),.PIECEWISE_BEZIER_KNOTS.);
#939 = CARTESIAN_POINT('',(-7.196152422707,32.976202474205,
    7.767949192431));
#940 = CARTESIAN_POINT('',(-7.71530991104,33.009335184828,7.46821347679)
  );
#941 = CARTESIAN_POINT('',(-8.234841453503,33.032673316352,
    7.168261800897));
#942 = CARTESIAN_POINT('',(-8.754627307186,33.04554568824,6.868163298352
    ));
#943 = CARTESIAN_POINT('',(-9.274496879252,33.047263566123,
    6.568016460976));
#944 = CARTESIAN_POINT('',(-9.79422863406,33.03712878354,6.267949192431)
  );
#945 = ORIENTED_EDGE('',*,*,#946,.T.);
#946 = EDGE_CURVE('',#934,#947,#949,.T.);
#947 = VERTEX_POINT('',#948);
#948 = CARTESIAN_POINT('',(-4.598076211353,33.843869152577,
    6.267949192431));
#949 = B_SPLINE_CURVE_WITH_KNOTS('',5,(#950,#951,#952,#953,#954,#955),
  .UNSPECIFIED.,.F.,.F.,(6,6),(0.,1.),.PIECEWISE_BEZIER_KNOTS.);
#950 = CARTESIAN_POINT('',(-7.196152422707,32.976202474205,
    7.767949192431));
#951 = CARTESIAN_POINT('',(-6.678045681813,33.15715457375,7.468820126107
    ));
#952 = CARTESIAN_POINT('',(-6.159289776262,33.335009716078,
    7.169316264394));
#953 = CARTESIAN_POINT('',(-5.639769978168,33.509151989706,
    6.869371369115));
#954 = CARTESIAN_POINT('',(-5.119391284527,33.678974647317,
    6.568930590261));
#955 = CARTESIAN_POINT('',(-4.598076211353,33.843869152577,
    6.267949192431));
#956 = ORIENTED_EDGE('',*,*,#957,.T.);
#957 = EDGE_CURVE('',#947,#958,#960,.T.);
#958 = VERTEX_POINT('',#959);
#959 = CARTESIAN_POINT('',(-4.598076211353,34.973815158205,
    3.267949192431));
#960 = B_SPLINE_CURVE_WITH_KNOTS('',4,(#961,#962,#963,#964,#965),
  .UNSPECIFIED.,.F.,.F.,(5,5),(0.,1.),.PIECEWISE_BEZIER_KNOTS.);
#961 = CARTESIAN_POINT('',(-4.598076211353,33.843869152577,
    6.267949192431));
#962 = CARTESIAN_POINT('',(-4.598076211353,34.125860530596,
    5.517856012935));
#963 = CARTESIAN_POINT('',(-4.598076211353,34.408191971637,
    4.767826752058));
#964 = CARTESIAN_POINT('',(-4.598076211353,34.690848198601,
    4.017858661395));
#965 = CARTESIAN_POINT('',(-4.598076211353,34.973815158205,
    3.267949192431));
#966 = ORIENTED_EDGE('',*,*,#967,.F.);
#967 = EDGE_CURVE('',#968,#958,#970,.T.);
#968 = VERTEX_POINT('',#969);
#969 = CARTESIAN_POINT('',(-7.196152422707,35.139875810603,
    1.767949192431));
#970 = B_SPLINE_CURVE_WITH_KNOTS('',4,(#971,#972,#973,#974,#975),
  .UNSPECIFIED.,.F.,.F.,(5,5),(0.,1.),.PIECEWISE_BEZIER_KNOTS.);
#971 = CARTESIAN_POINT('',(-7.196152422707,35.139875810603,
    1.767949192431));
#972 = CARTESIAN_POINT('',(-6.545809480083,35.126287486464,2.14342486542
    ));
#973 = CARTESIAN_POINT('',(-5.895715259491,35.092981630471,
    2.518756938678));
#974 = CARTESIAN_POINT('',(-5.246379903299,35.041628350593,2.89365088137
    ));
#975 = CARTESIAN_POINT('',(-4.598076211353,34.973815158205,
    3.267949192431));
#976 = ORIENTED_EDGE('',*,*,#977,.F.);
#977 = EDGE_CURVE('',#978,#968,#980,.T.);
#978 = VERTEX_POINT('',#979);
#979 = CARTESIAN_POINT('',(-9.79422863406,34.046562128755,3.267949192431
    ));
#980 = B_SPLINE_CURVE_WITH_KNOTS('',5,(#981,#982,#983,#984,#985,#986),
  .UNSPECIFIED.,.F.,.F.,(6,6),(0.,1.),.PIECEWISE_BEZIER_KNOTS.);
#981 = CARTESIAN_POINT('',(-9.79422863406,34.046562128755,3.267949192431
    ));
#982 = CARTESIAN_POINT('',(-9.277015036437,34.274591577112,
    2.969335782615));
#983 = CARTESIAN_POINT('',(-8.758708625663,34.498491211195,
    2.670091436832));
#984 = CARTESIAN_POINT('',(-8.239191051875,34.717707125328,
    2.370147825757));
#985 = CARTESIAN_POINT('',(-7.718365165642,34.931688182634,
    2.069448860139));
#986 = CARTESIAN_POINT('',(-7.196152422707,35.139875810603,
    1.767949192431));
#987 = ORIENTED_EDGE('',*,*,#988,.F.);
#988 = EDGE_CURVE('',#936,#978,#989,.T.);
#989 = B_SPLINE_CURVE_WITH_KNOTS('',4,(#990,#991,#992,#993,#994),
  .UNSPECIFIED.,.F.,.F.,(5,5),(0.,1.),.PIECEWISE_BEZIER_KNOTS.);
#990 = CARTESIAN_POINT('',(-9.79422863406,33.03712878354,6.267949192431)
  );
#991 = CARTESIAN_POINT('',(-9.79422863406,33.28783026251,5.517671104557)
  );
#992 = CARTESIAN_POINT('',(-9.79422863406,33.53966112499,4.76758170049)
  );
#993 = CARTESIAN_POINT('',(-9.79422863406,33.792583682063,4.017676026071
    ));
#994 = CARTESIAN_POINT('',(-9.79422863406,34.046562128755,3.267949192431
    ));
#995 = B_SPLINE_SURFACE_WITH_KNOTS('',8,1,(
    (#996,#997)
    ,(#998,#999)
    ,(#1000,#1001)
    ,(#1002,#1003)
    ,(#1004,#1005)
    ,(#1006,#1007)
    ,(#1008,#1009)
    ,(#1010,#1011)
    ,(#1012,#1013
    )),.UNSPECIFIED.,.F.,.F.,.F.,(9,9),(2,2),(7.,8.),(0.,22.),
  .PIECEWISE_BEZIER_KNOTS.);
#996 = CARTESIAN_POINT('',(21.5,28.,22.));
#997 = CARTESIAN_POINT('',(21.907006108092,29.194744105404,0.));
#998 = CARTESIAN_POINT('',(16.247375,28.,22.));
#999 = CARTESIAN_POINT('',(17.208542188035,32.720353969417,0.));
#1000 = CARTESIAN_POINT('',(10.99475,28.,22.));
#1001 = CARTESIAN_POINT('',(11.861626375342,35.381794094483,0.));
#1002 = CARTESIAN_POINT('',(5.742125,28.,22.));
#1003 = CARTESIAN_POINT('',(6.051696574175,37.039919311325,0.));
#1004 = CARTESIAN_POINT('',(0.4895,28.,22.));
#1005 = CARTESIAN_POINT('',(-1.9384E-13,37.603334514608,0.));
#1006 = CARTESIAN_POINT('',(-4.763125,28.,22.));
#1007 = CARTESIAN_POINT('',(-6.051696574175,37.039919311325,0.));
#1008 = CARTESIAN_POINT('',(-10.01575,28.,22.));
#1009 = CARTESIAN_POINT('',(-11.86162637534,35.381794094483,0.));
#1010 = CARTESIAN_POINT('',(-15.268375,28.,22.));
#1011 = CARTESIAN_POINT('',(-17.20854218803,32.720353969417,0.));
#1012 = CARTESIAN_POINT('',(-20.521,28.,22.));
#1013 = CARTESIAN_POINT('',(-21.90700610809,29.194744105404,0.));
#1014 = ADVANCED_FACE('',(#1015),#1034,.T.);
#1015 = FACE_BOUND('',#1016,.T.);
#1016 = EDGE_LOOP('',(#1017,#1018,#1019,#1028));
#1017 = ORIENTED_EDGE('',*,*,#229,.T.);
#1018 = ORIENTED_EDGE('',*,*,#93,.T.);
#1019 = ORIENTED_EDGE('',*,*,#1020,.F.);
#1020 = EDGE_CURVE('',#1021,#86,#1023,.T.);
#1021 = VERTEX_POINT('',#1022);
#1022 = CARTESIAN_POINT('',(15.5,27.2,32.));
#1023 = CIRCLE('',#1024,0.8);
#1024 = AXIS2_PLACEMENT_3D('',#1025,#1026,#1027);
#1025 = CARTESIAN_POINT('',(15.5,27.2,31.2));
#1026 = DIRECTION('',(-1.,0.,0.));
#1027 = DIRECTION('',(0.,0.,1.));
#1028 = ORIENTED_EDGE('',*,*,#1029,.F.);
#1029 = EDGE_CURVE('',#220,#1021,#1030,.T.);
#1030 = LINE('',#1031,#1032);
#1031 = CARTESIAN_POINT('',(21.5,27.2,32.));
#1032 = VECTOR('',#1033,1.);
#1033 = DIRECTION('',(-1.,0.,0.));
#1034 = CYLINDRICAL_SURFACE('',#1035,0.8);
#1035 = AXIS2_PLACEMENT_3D('',#1036,#1037,#1038);
#1036 = CARTESIAN_POINT('',(21.5,27.2,31.2));
#1037 = DIRECTION('',(-1.,0.,0.));
#1038 = DIRECTION('',(0.,0.,1.));
#1039 = ADVANCED_FACE('',(#1040),#1081,.T.);
#1040 = FACE_BOUND('',#1041,.F.);
#1041 = EDGE_LOOP('',(#1042,#1043,#1052,#1061,#1069));
#1042 = ORIENTED_EDGE('',*,*,#53,.T.);
#1043 = ORIENTED_EDGE('',*,*,#1044,.F.);
#1044 = EDGE_CURVE('',#1045,#54,#1047,.T.);
#1045 = VERTEX_POINT('',#1046);
#1046 = CARTESIAN_POINT('',(-36.52099999999,12.,31.2));
#1047 = CIRCLE('',#1048,16.);
#1048 = AXIS2_PLACEMENT_3D('',#1049,#1050,#1051);
#1049 = CARTESIAN_POINT('',(-20.521,12.,31.2));
#1050 = DIRECTION('',(0.,0.,-1.));
#1051 = DIRECTION('',(-1.,1.1E-16,0.));
#1052 = ORIENTED_EDGE('',*,*,#1053,.T.);
#1053 = EDGE_CURVE('',#1045,#1054,#1056,.T.);
#1054 = VERTEX_POINT('',#1055);
#1055 = CARTESIAN_POINT('',(-36.50718378588,12.664776627142,30.));
#1056 = ELLIPSE('',#1057,33.01761800985,16.);
#1057 = AXIS2_PLACEMENT_3D('',#1058,#1059,#1060);
#1058 = CARTESIAN_POINT('',(-20.521,12.,31.2));
#1059 = DIRECTION('',(0.,-0.874741534618,-0.484589772503));
#1060 = DIRECTION('',(0.,0.484589772503,-0.874741534618));
#1061 = ORIENTED_EDGE('',*,*,#1062,.T.);
#1062 = EDGE_CURVE('',#1054,#1063,#1065,.T.);
#1063 = VERTEX_POINT('',#1064);
#1064 = CARTESIAN_POINT('',(-36.50718377526,12.664776627142,22.));
#1065 = LINE('',#1066,#1067);
#1066 = CARTESIAN_POINT('',(-36.50718378588,12.664776627142,22.));
#1067 = VECTOR('',#1068,1.);
#1068 = DIRECTION('',(-0.,-0.,-1.));
#1069 = ORIENTED_EDGE('',*,*,#1070,.F.);
#1070 = EDGE_CURVE('',#40,#1063,#1071,.T.);
#1071 = B_SPLINE_CURVE_WITH_KNOTS('',8,(#1072,#1073,#1074,#1075,#1076,
    #1077,#1078,#1079,#1080),.UNSPECIFIED.,.F.,.F.,(9,9),(8.,9.),
  .PIECEWISE_BEZIER_KNOTS.);
#1072 = CARTESIAN_POINT('',(-20.521,28.,22.));
#1073 = CARTESIAN_POINT('',(-23.66259265359,28.,22.));
#1074 = CARTESIAN_POINT('',(-26.80418629606,27.295027376619,22.));
#1075 = CARTESIAN_POINT('',(-29.76121174936,25.885089053945,22.));
#1076 = CARTESIAN_POINT('',(-32.34914009247,23.828140092475,22.));
#1077 = CARTESIAN_POINT('',(-34.40608905394,21.240211749363,22.));
#1078 = CARTESIAN_POINT('',(-35.81602737661,18.283186296066,22.));
#1079 = CARTESIAN_POINT('',(-36.521,15.14159265359,22.));
#1080 = CARTESIAN_POINT('',(-36.521,12.,22.));
#1081 = CYLINDRICAL_SURFACE('',#1082,16.);
#1082 = AXIS2_PLACEMENT_3D('',#1083,#1084,#1085);
#1083 = CARTESIAN_POINT('',(-20.521,12.,22.));
#1084 = DIRECTION('',(-0.,-0.,-1.));
#1085 = DIRECTION('',(1.,0.,0.));
#1086 = ADVANCED_FACE('',(#1087),#1193,.T.);
#1087 = FACE_BOUND('',#1088,.F.);
#1088 = EDGE_LOOP('',(#1089,#1098,#1106,#1115,#1192));
#1089 = ORIENTED_EDGE('',*,*,#1090,.T.);
#1090 = EDGE_CURVE('',#86,#1091,#1093,.T.);
#1091 = VERTEX_POINT('',#1092);
#1092 = CARTESIAN_POINT('',(10.5,23.,31.2));
#1093 = CIRCLE('',#1094,5.);
#1094 = AXIS2_PLACEMENT_3D('',#1095,#1096,#1097);
#1095 = CARTESIAN_POINT('',(15.5,23.,31.2));
#1096 = DIRECTION('',(0.,-0.,1.));
#1097 = DIRECTION('',(0.,1.,0.));
#1098 = ORIENTED_EDGE('',*,*,#1099,.T.);
#1099 = EDGE_CURVE('',#1091,#1100,#1102,.T.);
#1100 = VERTEX_POINT('',#1101);
#1101 = CARTESIAN_POINT('',(10.5,23.,26.));
#1102 = LINE('',#1103,#1104);
#1103 = CARTESIAN_POINT('',(10.5,23.,32.));
#1104 = VECTOR('',#1105,1.);
#1105 = DIRECTION('',(0.,-2.2E-16,-1.));
#1106 = ORIENTED_EDGE('',*,*,#1107,.F.);
#1107 = EDGE_CURVE('',#1108,#1100,#1110,.T.);
#1108 = VERTEX_POINT('',#1109);
#1109 = CARTESIAN_POINT('',(12.78706800675,27.2,26.));
#1110 = CIRCLE('',#1111,5.);
#1111 = AXIS2_PLACEMENT_3D('',#1112,#1113,#1114);
#1112 = CARTESIAN_POINT('',(15.5,23.,26.));
#1113 = DIRECTION('',(0.,2.2E-16,1.));
#1114 = DIRECTION('',(0.,1.,-2.2E-16));
#1115 = ORIENTED_EDGE('',*,*,#1116,.F.);
#1116 = EDGE_CURVE('',#78,#1108,#1117,.T.);
#1117 = B_SPLINE_CURVE_WITH_KNOTS('',7,(#1118,#1119,#1120,#1121,#1122,
    #1123,#1124,#1125,#1126,#1127,#1128,#1129,#1130,#1131,#1132,#1133,
    #1134,#1135,#1136,#1137,#1138,#1139,#1140,#1141,#1142,#1143,#1144,
    #1145,#1146,#1147,#1148,#1149,#1150,#1151,#1152,#1153,#1154,#1155,
    #1156,#1157,#1158,#1159,#1160,#1161,#1162,#1163,#1164,#1165,#1166,
    #1167,#1168,#1169,#1170,#1171,#1172,#1173,#1174,#1175,#1176,#1177,
    #1178,#1179,#1180,#1181,#1182,#1183,#1184,#1185,#1186,#1187,#1188,
    #1189,#1190,#1191),.UNSPECIFIED.,.F.,.F.,(8,6,6,6,6,6,6,6,6,6,6,6,8)
  ,(0.,0.500249859643,0.924410171273,0.999626928796,0.999667899328,
    0.999710331571,0.999752762267,0.999795191413,0.999837619012,
    0.999878582121,0.999918080895,0.999959041169,1.),.UNSPECIFIED.);
#1118 = CARTESIAN_POINT('',(15.499999850988,28.,25.200000071537));
#1119 = CARTESIAN_POINT('',(15.302659557053,27.999999980911,
    25.278936093899));
#1120 = CARTESIAN_POINT('',(15.105361332432,27.990913313357,
    25.357855763445));
#1121 = CARTESIAN_POINT('',(14.908106240387,27.972746525613,
    25.43596604445));
#1122 = CARTESIAN_POINT('',(14.710965925859,27.945404061613,
    25.512453049347));
#1123 = CARTESIAN_POINT('',(14.514066954843,27.908715646235,
    25.586388202461));
#1124 = CARTESIAN_POINT('',(14.31758467129,27.862449459005,
    25.656697661183));
#1125 = CARTESIAN_POINT('',(13.955634005566,27.758653607319,
    25.77726499846));
#1126 = CARTESIAN_POINT('',(13.790182497298,27.703961508755,
    25.828883657396));
#1127 = CARTESIAN_POINT('',(13.625308352067,27.641986518892,
    25.875989854469));
#1128 = CARTESIAN_POINT('',(13.461256807371,27.572501199053,
    25.917487105278));
#1129 = CARTESIAN_POINT('',(13.298562836212,27.495380693547,
    25.951885830918));
#1130 = CARTESIAN_POINT('',(13.138023719289,27.410695201414,
    25.977314121356));
#1131 = CARTESIAN_POINT('',(12.95282426794,27.302666461349,
    25.993555505952));
#1132 = CARTESIAN_POINT('',(12.925036489796,27.286175911992,
    25.995635504245));
#1133 = CARTESIAN_POINT('',(12.897363645875,27.269470048239,
    25.997334387455));
#1134 = CARTESIAN_POINT('',(12.86981442537,27.25255377836,
    25.998636691117));
#1135 = CARTESIAN_POINT('',(12.842398452007,27.235433098961,
    25.999526303355));
#1136 = CARTESIAN_POINT('',(12.815126284048,27.21811509498,
    25.999986464884));
#1137 = CARTESIAN_POINT('',(12.787994643746,27.200598403556,
    25.999999776253));
#1138 = CARTESIAN_POINT('',(12.787979873246,27.200588867361,
    25.999999783367));
#1139 = CARTESIAN_POINT('',(12.787965102792,27.200579331109,
    25.999999790348));
#1140 = CARTESIAN_POINT('',(12.787950332384,27.200569794802,
    25.999999797197));
#1141 = CARTESIAN_POINT('',(12.787935562022,27.200560258438,
    25.999999803914));
#1142 = CARTESIAN_POINT('',(12.787920791707,27.200550722019,
    25.999999810498));
#1143 = CARTESIAN_POINT('',(12.787890724207,27.200531308833,
    25.99999982363));
#1144 = CARTESIAN_POINT('',(12.787875427026,27.200521432063,
    25.999999830169));
#1145 = CARTESIAN_POINT('',(12.787860129894,27.200511555233,
    25.999999836566));
#1146 = CARTESIAN_POINT('',(12.787844832812,27.200501678343,
    25.999999842821));
#1147 = CARTESIAN_POINT('',(12.78782953578,27.200491801392,
    25.999999848934));
#1148 = CARTESIAN_POINT('',(12.787814238796,27.200481924381,
    25.999999854904));
#1149 = CARTESIAN_POINT('',(12.787783645487,27.2004621706,25.99999986656
    ));
#1150 = CARTESIAN_POINT('',(12.787768349161,27.20045229383,
    25.999999872246));
#1151 = CARTESIAN_POINT('',(12.787753052884,27.200442416999,
    25.999999877789));
#1152 = CARTESIAN_POINT('',(12.787737756657,27.200432540108,
    25.99999988319));
#1153 = CARTESIAN_POINT('',(12.787722460479,27.200422663157,
    25.999999888449));
#1154 = CARTESIAN_POINT('',(12.787707164351,27.200412786146,
    25.999999893566));
#1155 = CARTESIAN_POINT('',(12.787676572751,27.200393032364,
    25.999999903514));
#1156 = CARTESIAN_POINT('',(12.78766127728,27.200383155593,
    25.999999908346));
#1157 = CARTESIAN_POINT('',(12.787645981858,27.200373278761,
    25.999999913036));
#1158 = CARTESIAN_POINT('',(12.787630686486,27.20036340187,
    25.999999917584));
#1159 = CARTESIAN_POINT('',(12.787615391163,27.200353524919,
    25.999999921989));
#1160 = CARTESIAN_POINT('',(12.78760009589,27.200343647907,
    25.999999926252));
#1161 = CARTESIAN_POINT('',(12.787569506,27.200323894124,25.999999934494
    ));
#1162 = CARTESIAN_POINT('',(12.787554211384,27.200314017353,
    25.999999938472));
#1163 = CARTESIAN_POINT('',(12.787538916817,27.200304140521,
    25.999999942309));
#1164 = CARTESIAN_POINT('',(12.787523622299,27.200294263629,
    25.999999946003));
#1165 = CARTESIAN_POINT('',(12.787508327831,27.200284386678,
    25.999999949554));
#1166 = CARTESIAN_POINT('',(12.787493033413,27.200274509666,
    25.999999952964));
#1167 = CARTESIAN_POINT('',(12.787462972597,27.200255096452,
    25.999999959385));
#1168 = CARTESIAN_POINT('',(12.787448206195,27.200245560255,
    25.999999962407));
#1169 = CARTESIAN_POINT('',(12.78743343984,27.200236024002,
    25.999999965297));
#1170 = CARTESIAN_POINT('',(12.787418673531,27.200226487692,
    25.999999968053));
#1171 = CARTESIAN_POINT('',(12.787403907268,27.200216951327,
    25.999999970677));
#1172 = CARTESIAN_POINT('',(12.787389141052,27.200207414905,
    25.999999973169));
#1173 = CARTESIAN_POINT('',(12.787360136566,27.200188682857,
    25.999999977802));
#1174 = CARTESIAN_POINT('',(12.787345898294,27.200179487234,
    25.999999979953));
#1175 = CARTESIAN_POINT('',(12.787331660066,27.200170291559,
    25.999999981981));
#1176 = CARTESIAN_POINT('',(12.78731742188,27.200161095831,
    25.999999983886));
#1177 = CARTESIAN_POINT('',(12.787303183736,27.200151900052,
    25.999999985667));
#1178 = CARTESIAN_POINT('',(12.787288945636,27.200142704221,
    25.999999987325));
#1179 = CARTESIAN_POINT('',(12.787259942697,27.200123972196,
    25.999999990451));
#1180 = CARTESIAN_POINT('',(12.787245177861,27.200114435998,
    25.99999999191));
#1181 = CARTESIAN_POINT('',(12.787230413072,27.200104899744,
    25.999999993236));
#1182 = CARTESIAN_POINT('',(12.787215648328,27.200095363434,
    25.99999999443));
#1183 = CARTESIAN_POINT('',(12.787200883631,27.200085827069,
    25.999999995491));
#1184 = CARTESIAN_POINT('',(12.78718611898,27.200076290647,
    25.999999996419));
#1185 = CARTESIAN_POINT('',(12.78715659029,27.200057218027,
    25.999999998011));
#1186 = CARTESIAN_POINT('',(12.787141826251,27.200047681829,
    25.999999998674));
#1187 = CARTESIAN_POINT('',(12.787127062259,27.200038145575,
    25.999999999204));
#1188 = CARTESIAN_POINT('',(12.787112298312,27.200028609266,
    25.999999999602));
#1189 = CARTESIAN_POINT('',(12.787097534412,27.2000190729,
    25.999999999867));
#1190 = CARTESIAN_POINT('',(12.787082770558,27.200009536478,26.));
#1191 = CARTESIAN_POINT('',(12.78706800675,27.2,26.));
#1192 = ORIENTED_EDGE('',*,*,#85,.F.);
#1193 = CYLINDRICAL_SURFACE('',#1194,5.);
#1194 = AXIS2_PLACEMENT_3D('',#1195,#1196,#1197);
#1195 = CARTESIAN_POINT('',(15.5,23.,32.));
#1196 = DIRECTION('',(0.,-2.2E-16,-1.));
#1197 = DIRECTION('',(0.,1.,-2.2E-16));
#1198 = ADVANCED_FACE('',(#1199),#1226,.T.);
#1199 = FACE_BOUND('',#1200,.F.);
#1200 = EDGE_LOOP('',(#1201,#1210,#1211,#1220));
#1201 = ORIENTED_EDGE('',*,*,#1202,.T.);
#1202 = EDGE_CURVE('',#1203,#54,#1205,.T.);
#1203 = VERTEX_POINT('',#1204);
#1204 = CARTESIAN_POINT('',(-20.521,27.2,32.));
#1205 = CIRCLE('',#1206,0.8);
#1206 = AXIS2_PLACEMENT_3D('',#1207,#1208,#1209);
#1207 = CARTESIAN_POINT('',(-20.521,27.2,31.2));
#1208 = DIRECTION('',(-1.,5.E-17,0.));
#1209 = DIRECTION('',(5.E-17,1.,0.));
#1210 = ORIENTED_EDGE('',*,*,#61,.T.);
#1211 = ORIENTED_EDGE('',*,*,#1212,.F.);
#1212 = EDGE_CURVE('',#1213,#62,#1215,.T.);
#1213 = VERTEX_POINT('',#1214);
#1214 = CARTESIAN_POINT('',(-15.5,27.2,32.));
#1215 = CIRCLE('',#1216,0.8);
#1216 = AXIS2_PLACEMENT_3D('',#1217,#1218,#1219);
#1217 = CARTESIAN_POINT('',(-15.5,27.2,31.2));
#1218 = DIRECTION('',(-1.,0.,0.));
#1219 = DIRECTION('',(0.,0.,1.));
#1220 = ORIENTED_EDGE('',*,*,#1221,.F.);
#1221 = EDGE_CURVE('',#1203,#1213,#1222,.T.);
#1222 = LINE('',#1223,#1224);
#1223 = CARTESIAN_POINT('',(-20.521,27.2,32.));
#1224 = VECTOR('',#1225,1.);
#1225 = DIRECTION('',(1.,0.,0.));
#1226 = CYLINDRICAL_SURFACE('',#1227,0.8);
#1227 = AXIS2_PLACEMENT_3D('',#1228,#1229,#1230);
#1228 = CARTESIAN_POINT('',(-20.521,27.2,31.2));
#1229 = DIRECTION('',(1.,0.,0.));
#1230 = DIRECTION('',(0.,0.,1.));
#1231 = ADVANCED_FACE('',(#1232),#1321,.T.);
#1232 = FACE_BOUND('',#1233,.F.);
#1233 = EDGE_LOOP('',(#1234,#1313,#1314,#1315));
#1234 = ORIENTED_EDGE('',*,*,#1235,.F.);
#1235 = EDGE_CURVE('',#70,#1236,#1238,.T.);
#1236 = VERTEX_POINT('',#1237);
#1237 = CARTESIAN_POINT('',(-12.78706800675,27.2,26.));
#1238 = B_SPLINE_CURVE_WITH_KNOTS('',7,(#1239,#1240,#1241,#1242,#1243,
    #1244,#1245,#1246,#1247,#1248,#1249,#1250,#1251,#1252,#1253,#1254,
    #1255,#1256,#1257,#1258,#1259,#1260,#1261,#1262,#1263,#1264,#1265,
    #1266,#1267,#1268,#1269,#1270,#1271,#1272,#1273,#1274,#1275,#1276,
    #1277,#1278,#1279,#1280,#1281,#1282,#1283,#1284,#1285,#1286,#1287,
    #1288,#1289,#1290,#1291,#1292,#1293,#1294,#1295,#1296,#1297,#1298,
    #1299,#1300,#1301,#1302,#1303,#1304,#1305,#1306,#1307,#1308,#1309,
    #1310,#1311,#1312),.UNSPECIFIED.,.F.,.F.,(8,6,6,6,6,6,6,6,6,6,6,6,8)
  ,(0.,0.500249831062,0.924410129224,0.999625607917,0.999668025576,
    0.999710441686,0.99975285625,0.999793806775,0.999836218298,
    0.999878628274,0.999921036703,0.999963443585,1.),.UNSPECIFIED.);
#1239 = CARTESIAN_POINT('',(-15.5,28.,25.2));
#1240 = CARTESIAN_POINT('',(-15.30265973965,27.999999987104,
    25.278936058396));
#1241 = CARTESIAN_POINT('',(-15.10536145696,27.990913326048,
    25.357855648198));
#1242 = CARTESIAN_POINT('',(-14.90810643718,27.972746544893,
    25.435966035637));
#1243 = CARTESIAN_POINT('',(-14.71096606154,27.945404086432,
    25.512452957072));
#1244 = CARTESIAN_POINT('',(-14.5140671226,27.908715678372,
    25.586388151221));
#1245 = CARTESIAN_POINT('',(-14.31758483538,27.862449498885,
    25.65669760306));
#1246 = CARTESIAN_POINT('',(-13.95563416296,27.758653658543,
    25.777264948964));
#1247 = CARTESIAN_POINT('',(-13.79018264923,27.703961564219,
    25.82888361303));
#1248 = CARTESIAN_POINT('',(-13.62530849841,27.641986578287,
    25.875989815672));
#1249 = CARTESIAN_POINT('',(-13.46125694797,27.572501262051,
    25.917487072547));
#1250 = CARTESIAN_POINT('',(-13.29856297081,27.495380759748,
    25.951885804837));
#1251 = CARTESIAN_POINT('',(-13.1380238475,27.410695270284,
    25.977314102612));
#1252 = CARTESIAN_POINT('',(-12.95282486136,27.302666808551,
    25.99355545524));
#1253 = CARTESIAN_POINT('',(-12.92503755171,27.286176543058,
    25.995635425912));
#1254 = CARTESIAN_POINT('',(-12.89736517222,27.269470970386,
    25.997334294713));
#1255 = CARTESIAN_POINT('',(-12.86981641164,27.252554998541,
    25.998636597977));
#1256 = CARTESIAN_POINT('',(-12.84240089318,27.235434623782,
    25.999526224669));
#1257 = CARTESIAN_POINT('',(-12.8151291745,27.218116930622,
    25.999986416389));
#1258 = CARTESIAN_POINT('',(-12.78799745547,27.200600218873,
    25.999999774897));
#1259 = CARTESIAN_POINT('',(-12.78798216325,27.200590345857,
    25.999999782284));
#1260 = CARTESIAN_POINT('',(-12.78796687108,27.200580472781,
    25.999999789529));
#1261 = CARTESIAN_POINT('',(-12.78795157896,27.200570599645,
    25.999999796632));
#1262 = CARTESIAN_POINT('',(-12.78793628688,27.200560726448,
    25.999999803593));
#1263 = CARTESIAN_POINT('',(-12.78792099486,27.200550853192,
    25.999999810411));
#1264 = CARTESIAN_POINT('',(-12.78789041148,27.200531106919,
    25.999999823764));
#1265 = CARTESIAN_POINT('',(-12.78787512011,27.200521233902,
    25.999999830299));
#1266 = CARTESIAN_POINT('',(-12.78785982879,27.200511360825,
    25.999999836691));
#1267 = CARTESIAN_POINT('',(-12.78784453753,27.200501487688,
    25.999999842941));
#1268 = CARTESIAN_POINT('',(-12.78782924631,27.200491614492,
    25.999999849049));
#1269 = CARTESIAN_POINT('',(-12.78781395514,27.200481741234,
    25.999999855014));
#1270 = CARTESIAN_POINT('',(-12.78778337347,27.20046199496,
    25.999999866661));
#1271 = CARTESIAN_POINT('',(-12.78776808295,27.200452121943,
    25.999999872343));
#1272 = CARTESIAN_POINT('',(-12.78775279249,27.200442248866,
    25.999999877882));
#1273 = CARTESIAN_POINT('',(-12.78773750208,27.200432375729,
    25.999999883279));
#1274 = CARTESIAN_POINT('',(-12.78772221172,27.200422502531,
    25.999999888534));
#1275 = CARTESIAN_POINT('',(-12.7877069214,27.200412629274,
    25.999999893647));
#1276 = CARTESIAN_POINT('',(-12.78767686866,27.200393223439,
    25.999999903416));
#1277 = CARTESIAN_POINT('',(-12.78766210622,27.200383690867,
    25.999999908083));
#1278 = CARTESIAN_POINT('',(-12.78764734383,27.200374158238,
    25.999999912617));
#1279 = CARTESIAN_POINT('',(-12.78763258148,27.200364625553,
    25.999999917019));
#1280 = CARTESIAN_POINT('',(-12.78761781918,27.200355092812,
    25.999999921288));
#1281 = CARTESIAN_POINT('',(-12.78760305693,27.200345560016,
    25.999999925424));
#1282 = CARTESIAN_POINT('',(-12.78757300584,27.200326154205,
    25.999999933576));
#1283 = CARTESIAN_POINT('',(-12.78755771701,27.200316281187,
    25.99999993758));
#1284 = CARTESIAN_POINT('',(-12.78754242822,27.200306408109,
    25.999999941443));
#1285 = CARTESIAN_POINT('',(-12.78752713949,27.200296534971,
    25.999999945164));
#1286 = CARTESIAN_POINT('',(-12.78751185081,27.200286661773,
    25.999999948742));
#1287 = CARTESIAN_POINT('',(-12.78749656217,27.200276788514,
    25.999999952178));
#1288 = CARTESIAN_POINT('',(-12.78746598556,27.200257042238,
    25.999999958767));
#1289 = CARTESIAN_POINT('',(-12.78745069758,27.20024716922,
    25.999999961919));
#1290 = CARTESIAN_POINT('',(-12.78743540966,27.200237296141,
    25.999999964928));
#1291 = CARTESIAN_POINT('',(-12.78742012178,27.200227423003,
    25.999999967796));
#1292 = CARTESIAN_POINT('',(-12.78740483395,27.200217549804,
    25.999999970522));
#1293 = CARTESIAN_POINT('',(-12.78738954617,27.200207676546,
    25.999999973105));
#1294 = CARTESIAN_POINT('',(-12.78735897126,27.200187930269,
    25.999999977987));
#1295 = CARTESIAN_POINT('',(-12.78734368414,27.20017805725,
    25.999999980286));
#1296 = CARTESIAN_POINT('',(-12.78732839707,27.200168184172,
    25.999999982443));
#1297 = CARTESIAN_POINT('',(-12.78731311004,27.200158311033,
    25.999999984458));
#1298 = CARTESIAN_POINT('',(-12.78729782307,27.200148437835,
    25.99999998633));
#1299 = CARTESIAN_POINT('',(-12.78728253614,27.200138564576,
    25.999999988061));
#1300 = CARTESIAN_POINT('',(-12.78725196295,27.200118818298,
    25.999999991237));
#1301 = CARTESIAN_POINT('',(-12.78723667668,27.20010894528,
    25.999999992683));
#1302 = CARTESIAN_POINT('',(-12.78722139046,27.200099072201,
    25.999999993987));
#1303 = CARTESIAN_POINT('',(-12.78720610429,27.200089199062,
    25.999999995149));
#1304 = CARTESIAN_POINT('',(-12.78719081817,27.200079325864,
    25.999999996169));
#1305 = CARTESIAN_POINT('',(-12.7871755321,27.200069452605,
    25.999999997046));
#1306 = CARTESIAN_POINT('',(-12.78714706892,27.200051068093,
    25.999999998415));
#1307 = CARTESIAN_POINT('',(-12.7871338918,27.200042556856,
    25.999999998944));
#1308 = CARTESIAN_POINT('',(-12.78712071471,27.200034045574,
    25.999999999366));
#1309 = CARTESIAN_POINT('',(-12.78710753767,27.200025534247,
    25.999999999683));
#1310 = CARTESIAN_POINT('',(-12.78709436066,27.200017022876,
    25.999999999894));
#1311 = CARTESIAN_POINT('',(-12.78708118368,27.20000851146,26.));
#1312 = CARTESIAN_POINT('',(-12.78706800675,27.2,26.));
#1313 = ORIENTED_EDGE('',*,*,#77,.F.);
#1314 = ORIENTED_EDGE('',*,*,#1116,.T.);
#1315 = ORIENTED_EDGE('',*,*,#1316,.T.);
#1316 = EDGE_CURVE('',#1108,#1236,#1317,.T.);
#1317 = LINE('',#1318,#1319);
#1318 = CARTESIAN_POINT('',(15.5,27.2,26.));
#1319 = VECTOR('',#1320,1.);
#1320 = DIRECTION('',(-1.,-0.,-0.));
#1321 = CYLINDRICAL_SURFACE('',#1322,0.8);
#1322 = AXIS2_PLACEMENT_3D('',#1323,#1324,#1325);
#1323 = CARTESIAN_POINT('',(-10.5,27.2,25.2));
#1324 = DIRECTION('',(-1.,0.,0.));
#1325 = DIRECTION('',(0.,1.,0.));
#1326 = ADVANCED_FACE('',(#1327),#1355,.T.);
#1327 = FACE_BOUND('',#1328,.T.);
#1328 = EDGE_LOOP('',(#1329,#1330,#1339,#1347,#1354));
#1329 = ORIENTED_EDGE('',*,*,#69,.F.);
#1330 = ORIENTED_EDGE('',*,*,#1331,.T.);
#1331 = EDGE_CURVE('',#62,#1332,#1334,.T.);
#1332 = VERTEX_POINT('',#1333);
#1333 = CARTESIAN_POINT('',(-10.5,23.,31.2));
#1334 = CIRCLE('',#1335,5.);
#1335 = AXIS2_PLACEMENT_3D('',#1336,#1337,#1338);
#1336 = CARTESIAN_POINT('',(-15.5,23.,31.2));
#1337 = DIRECTION('',(0.,0.,-1.));
#1338 = DIRECTION('',(0.,1.,0.));
#1339 = ORIENTED_EDGE('',*,*,#1340,.T.);
#1340 = EDGE_CURVE('',#1332,#1341,#1343,.T.);
#1341 = VERTEX_POINT('',#1342);
#1342 = CARTESIAN_POINT('',(-10.5,23.,26.));
#1343 = LINE('',#1344,#1345);
#1344 = CARTESIAN_POINT('',(-10.5,23.,32.));
#1345 = VECTOR('',#1346,1.);
#1346 = DIRECTION('',(-0.,-0.,-1.));
#1347 = ORIENTED_EDGE('',*,*,#1348,.F.);
#1348 = EDGE_CURVE('',#1236,#1341,#1349,.T.);
#1349 = CIRCLE('',#1350,5.);
#1350 = AXIS2_PLACEMENT_3D('',#1351,#1352,#1353);
#1351 = CARTESIAN_POINT('',(-15.5,23.,26.));
#1352 = DIRECTION('',(0.,0.,-1.));
#1353 = DIRECTION('',(0.,1.,0.));
#1354 = ORIENTED_EDGE('',*,*,#1235,.F.);
#1355 = CYLINDRICAL_SURFACE('',#1356,5.);
#1356 = AXIS2_PLACEMENT_3D('',#1357,#1358,#1359);
#1357 = CARTESIAN_POINT('',(-15.5,23.,32.));
#1358 = DIRECTION('',(-0.,-0.,-1.));
#1359 = DIRECTION('',(0.,1.,0.));
#1360 = ADVANCED_FACE('',(#1361),#1381,.T.);
#1361 = FACE_BOUND('',#1362,.T.);
#1362 = EDGE_LOOP('',(#1363,#1364,#1373,#1380));
#1363 = ORIENTED_EDGE('',*,*,#166,.F.);
#1364 = ORIENTED_EDGE('',*,*,#1365,.T.);
#1365 = EDGE_CURVE('',#167,#1366,#1368,.T.);
#1366 = VERTEX_POINT('',#1367);
#1367 = CARTESIAN_POINT('',(36.71,25.5,32.));
#1368 = CIRCLE('',#1369,1.71);
#1369 = AXIS2_PLACEMENT_3D('',#1370,#1371,#1372);
#1370 = CARTESIAN_POINT('',(35.,25.5,32.));
#1371 = DIRECTION('',(0.,0.,-1.));
#1372 = DIRECTION('',(0.,1.,0.));
#1373 = ORIENTED_EDGE('',*,*,#1374,.T.);
#1374 = EDGE_CURVE('',#1366,#125,#1375,.T.);
#1375 = CIRCLE('',#1376,0.79);
#1376 = AXIS2_PLACEMENT_3D('',#1377,#1378,#1379);
#1377 = CARTESIAN_POINT('',(36.71,25.5,31.21));
#1378 = DIRECTION('',(-6.E-17,1.,0.));
#1379 = DIRECTION('',(1.,6.E-17,0.));
#1380 = ORIENTED_EDGE('',*,*,#124,.F.);
#1381 = TOROIDAL_SURFACE('',#1382,1.71,0.79);
#1382 = AXIS2_PLACEMENT_3D('',#1383,#1384,#1385);
#1383 = CARTESIAN_POINT('',(35.,25.5,31.21));
#1384 = DIRECTION('',(-0.,-0.,-1.));
#1385 = DIRECTION('',(0.,1.,0.));
#1386 = ADVANCED_FACE('',(#1387,#1473,#1484,#1582,#1808,#1914,#2012,
    #2078),#2089,.T.);
#1387 = FACE_BOUND('',#1388,.T.);
#1388 = EDGE_LOOP('',(#1389,#1399,#1407,#1421,#1433,#1434,#1435,#1443,
    #1451,#1459,#1467));
#1389 = ORIENTED_EDGE('',*,*,#1390,.T.);
#1390 = EDGE_CURVE('',#1391,#1393,#1395,.T.);
#1391 = VERTEX_POINT('',#1392);
#1392 = CARTESIAN_POINT('',(37.5,-25.5,31.21));
#1393 = VERTEX_POINT('',#1394);
#1394 = CARTESIAN_POINT('',(37.5,-25.5,22.));
#1395 = LINE('',#1396,#1397);
#1396 = CARTESIAN_POINT('',(37.5,-25.5,32.));
#1397 = VECTOR('',#1398,1.);
#1398 = DIRECTION('',(0.,4.4E-16,-1.));
#1399 = ORIENTED_EDGE('',*,*,#1400,.F.);
#1400 = EDGE_CURVE('',#1401,#1393,#1403,.T.);
#1401 = VERTEX_POINT('',#1402);
#1402 = CARTESIAN_POINT('',(37.5,-12.,22.));
#1403 = LINE('',#1404,#1405);
#1404 = CARTESIAN_POINT('',(37.5,-17.,22.));
#1405 = VECTOR('',#1406,1.);
#1406 = DIRECTION('',(-0.,-1.,-4.4E-16));
#1407 = ORIENTED_EDGE('',*,*,#1408,.T.);
#1408 = EDGE_CURVE('',#1401,#1409,#1411,.T.);
#1409 = VERTEX_POINT('',#1410);
#1410 = CARTESIAN_POINT('',(37.5,2.E-15,22.));
#1411 = B_SPLINE_CURVE_WITH_KNOTS('',8,(#1412,#1413,#1414,#1415,#1416,
    #1417,#1418,#1419,#1420),.UNSPECIFIED.,.F.,.F.,(9,9),(4.,5.),
  .PIECEWISE_BEZIER_KNOTS.);
#1412 = CARTESIAN_POINT('',(37.5,-12.,22.));
#1413 = CARTESIAN_POINT('',(37.5,-10.5,22.));
#1414 = CARTESIAN_POINT('',(37.5,-9.,22.));
#1415 = CARTESIAN_POINT('',(37.5,-7.5,22.));
#1416 = CARTESIAN_POINT('',(37.5,-6.,22.));
#1417 = CARTESIAN_POINT('',(37.5,-4.5,22.));
#1418 = CARTESIAN_POINT('',(37.5,-3.,22.));
#1419 = CARTESIAN_POINT('',(37.5,-1.5,22.));
#1420 = CARTESIAN_POINT('',(37.5,2.22E-15,22.));
#1421 = ORIENTED_EDGE('',*,*,#1422,.T.);
#1422 = EDGE_CURVE('',#1409,#190,#1423,.T.);
#1423 = B_SPLINE_CURVE_WITH_KNOTS('',8,(#1424,#1425,#1426,#1427,#1428,
    #1429,#1430,#1431,#1432),.UNSPECIFIED.,.F.,.F.,(9,9),(5.,6.),
  .PIECEWISE_BEZIER_KNOTS.);
#1424 = CARTESIAN_POINT('',(37.5,2.22E-15,22.));
#1425 = CARTESIAN_POINT('',(37.5,1.5,22.));
#1426 = CARTESIAN_POINT('',(37.5,3.,22.));
#1427 = CARTESIAN_POINT('',(37.5,4.5,22.));
#1428 = CARTESIAN_POINT('',(37.5,6.,22.));
#1429 = CARTESIAN_POINT('',(37.5,7.5,22.));
#1430 = CARTESIAN_POINT('',(37.5,9.,22.));
#1431 = CARTESIAN_POINT('',(37.5,10.5,22.));
#1432 = CARTESIAN_POINT('',(37.5,12.,22.));
#1433 = ORIENTED_EDGE('',*,*,#189,.T.);
#1434 = ORIENTED_EDGE('',*,*,#133,.F.);
#1435 = ORIENTED_EDGE('',*,*,#1436,.T.);
#1436 = EDGE_CURVE('',#125,#1437,#1439,.T.);
#1437 = VERTEX_POINT('',#1438);
#1438 = CARTESIAN_POINT('',(37.5,12.,31.21));
#1439 = LINE('',#1440,#1441);
#1440 = CARTESIAN_POINT('',(37.5,25.5,31.21));
#1441 = VECTOR('',#1442,1.);
#1442 = DIRECTION('',(-4.26E-15,-1.,0.));
#1443 = ORIENTED_EDGE('',*,*,#1444,.T.);
#1444 = EDGE_CURVE('',#1437,#1445,#1447,.T.);
#1445 = VERTEX_POINT('',#1446);
#1446 = CARTESIAN_POINT('',(37.5,12.,31.2));
#1447 = LINE('',#1448,#1449);
#1448 = CARTESIAN_POINT('',(37.5,12.,32.));
#1449 = VECTOR('',#1450,1.);
#1450 = DIRECTION('',(-0.,-0.,-1.));
#1451 = ORIENTED_EDGE('',*,*,#1452,.F.);
#1452 = EDGE_CURVE('',#1453,#1445,#1455,.T.);
#1453 = VERTEX_POINT('',#1454);
#1454 = CARTESIAN_POINT('',(37.5,-12.,31.2));
#1455 = LINE('',#1456,#1457);
#1456 = CARTESIAN_POINT('',(37.5,-12.,31.2));
#1457 = VECTOR('',#1458,1.);
#1458 = DIRECTION('',(3.E-16,1.,0.));
#1459 = ORIENTED_EDGE('',*,*,#1460,.F.);
#1460 = EDGE_CURVE('',#1461,#1453,#1463,.T.);
#1461 = VERTEX_POINT('',#1462);
#1462 = CARTESIAN_POINT('',(37.5,-12.,31.21));
#1463 = LINE('',#1464,#1465);
#1464 = CARTESIAN_POINT('',(37.5,-12.,32.));
#1465 = VECTOR('',#1466,1.);
#1466 = DIRECTION('',(0.,4.4E-16,-1.));
#1467 = ORIENTED_EDGE('',*,*,#1468,.F.);
#1468 = EDGE_CURVE('',#1391,#1461,#1469,.T.);
#1469 = LINE('',#1470,#1471);
#1470 = CARTESIAN_POINT('',(37.5,-25.5,31.21));
#1471 = VECTOR('',#1472,1.);
#1472 = DIRECTION('',(-4.26E-15,1.,4.4E-16));
#1473 = FACE_BOUND('',#1474,.T.);
#1474 = EDGE_LOOP('',(#1475));
#1475 = ORIENTED_EDGE('',*,*,#1476,.F.);
#1476 = EDGE_CURVE('',#1477,#1477,#1479,.T.);
#1477 = VERTEX_POINT('',#1478);
#1478 = CARTESIAN_POINT('',(37.5,24.55,26.));
#1479 = CIRCLE('',#1480,2.05);
#1480 = AXIS2_PLACEMENT_3D('',#1481,#1482,#1483);
#1481 = CARTESIAN_POINT('',(37.5,22.5,26.));
#1482 = DIRECTION('',(1.,0.,0.));
#1483 = DIRECTION('',(0.,1.,0.));
#1484 = FACE_BOUND('',#1485,.T.);
#1485 = EDGE_LOOP('',(#1486,#1496,#1504,#1512,#1520,#1528,#1536,#1544,
    #1552,#1560,#1568,#1576));
#1486 = ORIENTED_EDGE('',*,*,#1487,.T.);
#1487 = EDGE_CURVE('',#1488,#1490,#1492,.T.);
#1488 = VERTEX_POINT('',#1489);
#1489 = CARTESIAN_POINT('',(37.5,4.37193040811,30.14));
#1490 = VERTEX_POINT('',#1491);
#1491 = CARTESIAN_POINT('',(37.5,5.725417820409,30.14));
#1492 = LINE('',#1493,#1494);
#1493 = CARTESIAN_POINT('',(37.5,4.9822275604,30.14));
#1494 = VECTOR('',#1495,1.);
#1495 = DIRECTION('',(2.2E-16,1.,-4.4E-16));
#1496 = ORIENTED_EDGE('',*,*,#1497,.T.);
#1497 = EDGE_CURVE('',#1490,#1498,#1500,.T.);
#1498 = VERTEX_POINT('',#1499);
#1499 = CARTESIAN_POINT('',(37.5,6.646280387474,29.851824184895));
#1500 = B_SPLINE_CURVE_WITH_KNOTS('',2,(#1501,#1502,#1503),
  .UNSPECIFIED.,.F.,.F.,(3,3),(0.,1.),.PIECEWISE_BEZIER_KNOTS.);
#1501 = CARTESIAN_POINT('',(37.5,5.725417820409,30.14));
#1502 = CARTESIAN_POINT('',(37.5,6.357743449794,30.14));
#1503 = CARTESIAN_POINT('',(37.5,6.646280387474,29.851824184895));
#1504 = ORIENTED_EDGE('',*,*,#1505,.T.);
#1505 = EDGE_CURVE('',#1498,#1506,#1508,.T.);
#1506 = VERTEX_POINT('',#1507);
#1507 = CARTESIAN_POINT('',(37.5,6.934456202579,29.041826248452));
#1508 = B_SPLINE_CURVE_WITH_KNOTS('',2,(#1509,#1510,#1511),
  .UNSPECIFIED.,.F.,.F.,(3,3),(0.,1.),.PIECEWISE_BEZIER_KNOTS.);
#1509 = CARTESIAN_POINT('',(37.5,6.646280387474,29.851824184895));
#1510 = CARTESIAN_POINT('',(37.5,6.934456202579,29.563287247214));
#1511 = CARTESIAN_POINT('',(37.5,6.934456202579,29.041826248452));
#1512 = ORIENTED_EDGE('',*,*,#1513,.T.);
#1513 = EDGE_CURVE('',#1506,#1514,#1516,.T.);
#1514 = VERTEX_POINT('',#1515);
#1515 = CARTESIAN_POINT('',(37.5,6.934456202579,24.238173751548));
#1516 = LINE('',#1517,#1518);
#1517 = CARTESIAN_POINT('',(37.5,6.934456202579,27.444219975237));
#1518 = VECTOR('',#1519,1.);
#1519 = DIRECTION('',(-2.2E-16,-4.4E-16,-1.));
#1520 = ORIENTED_EDGE('',*,*,#1521,.T.);
#1521 = EDGE_CURVE('',#1514,#1522,#1524,.T.);
#1522 = VERTEX_POINT('',#1523);
#1523 = CARTESIAN_POINT('',(37.5,6.646280387474,23.428536937681));
#1524 = B_SPLINE_CURVE_WITH_KNOTS('',2,(#1525,#1526,#1527),
  .UNSPECIFIED.,.F.,.F.,(3,3),(0.,1.),.PIECEWISE_BEZIER_KNOTS.);
#1525 = CARTESIAN_POINT('',(37.5,6.934456202579,24.238173751548));
#1526 = CARTESIAN_POINT('',(37.5,6.934456202579,23.716712752786));
#1527 = CARTESIAN_POINT('',(37.5,6.646280387474,23.428536937681));
#1528 = ORIENTED_EDGE('',*,*,#1529,.T.);
#1529 = EDGE_CURVE('',#1522,#1530,#1532,.T.);
#1530 = VERTEX_POINT('',#1531);
#1531 = CARTESIAN_POINT('',(37.5,5.725417820409,23.14));
#1532 = B_SPLINE_CURVE_WITH_KNOTS('',2,(#1533,#1534,#1535),
  .UNSPECIFIED.,.F.,.F.,(3,3),(0.,1.),.PIECEWISE_BEZIER_KNOTS.);
#1533 = CARTESIAN_POINT('',(37.5,6.646280387474,23.428536937681));
#1534 = CARTESIAN_POINT('',(37.5,6.357743449794,23.14));
#1535 = CARTESIAN_POINT('',(37.5,5.725417820409,23.14));
#1536 = ORIENTED_EDGE('',*,*,#1537,.T.);
#1537 = EDGE_CURVE('',#1530,#1538,#1540,.T.);
#1538 = VERTEX_POINT('',#1539);
#1539 = CARTESIAN_POINT('',(37.5,4.37193040811,23.14));
#1540 = LINE('',#1541,#1542);
#1541 = CARTESIAN_POINT('',(37.5,5.126315467953,23.14));
#1542 = VECTOR('',#1543,1.);
#1543 = DIRECTION('',(-2.2E-16,-1.,4.4E-16));
#1544 = ORIENTED_EDGE('',*,*,#1545,.T.);
#1545 = EDGE_CURVE('',#1538,#1546,#1548,.T.);
#1546 = VERTEX_POINT('',#1547);
#1547 = CARTESIAN_POINT('',(37.5,3.445651002414,23.428536937681));
#1548 = B_SPLINE_CURVE_WITH_KNOTS('',2,(#1549,#1550,#1551),
  .UNSPECIFIED.,.F.,.F.,(3,3),(0.,1.),.PIECEWISE_BEZIER_KNOTS.);
#1549 = CARTESIAN_POINT('',(37.5,4.37193040811,23.14));
#1550 = CARTESIAN_POINT('',(37.5,3.72840997889,23.14));
#1551 = CARTESIAN_POINT('',(37.5,3.445651002414,23.428536937681));
#1552 = ORIENTED_EDGE('',*,*,#1553,.T.);
#1553 = EDGE_CURVE('',#1546,#1554,#1556,.T.);
#1554 = VERTEX_POINT('',#1555);
#1555 = CARTESIAN_POINT('',(37.5,3.162892025939,24.238173751548));
#1556 = B_SPLINE_CURVE_WITH_KNOTS('',2,(#1557,#1558,#1559),
  .UNSPECIFIED.,.F.,.F.,(3,3),(0.,1.),.PIECEWISE_BEZIER_KNOTS.);
#1557 = CARTESIAN_POINT('',(37.5,3.445651002414,23.428536937681));
#1558 = CARTESIAN_POINT('',(37.5,3.162892025939,23.716712752786));
#1559 = CARTESIAN_POINT('',(37.5,3.162892025939,24.238173751548));
#1560 = ORIENTED_EDGE('',*,*,#1561,.T.);
#1561 = EDGE_CURVE('',#1554,#1562,#1564,.T.);
#1562 = VERTEX_POINT('',#1563);
#1563 = CARTESIAN_POINT('',(37.5,3.162892025939,29.041826248452));
#1564 = LINE('',#1565,#1566);
#1565 = CARTESIAN_POINT('',(37.5,3.162892025939,27.067208006603));
#1566 = VECTOR('',#1567,1.);
#1567 = DIRECTION('',(2.2E-16,4.4E-16,1.));
#1568 = ORIENTED_EDGE('',*,*,#1569,.T.);
#1569 = EDGE_CURVE('',#1562,#1570,#1572,.T.);
#1570 = VERTEX_POINT('',#1571);
#1571 = CARTESIAN_POINT('',(37.5,3.445651002414,29.851824184895));
#1572 = B_SPLINE_CURVE_WITH_KNOTS('',2,(#1573,#1574,#1575),
  .UNSPECIFIED.,.F.,.F.,(3,3),(0.,1.),.PIECEWISE_BEZIER_KNOTS.);
#1573 = CARTESIAN_POINT('',(37.5,3.162892025939,29.041826248452));
#1574 = CARTESIAN_POINT('',(37.5,3.162892025939,29.563287247214));
#1575 = CARTESIAN_POINT('',(37.5,3.445651002414,29.851824184895));
#1576 = ORIENTED_EDGE('',*,*,#1577,.T.);
#1577 = EDGE_CURVE('',#1570,#1488,#1578,.T.);
#1578 = B_SPLINE_CURVE_WITH_KNOTS('',2,(#1579,#1580,#1581),
  .UNSPECIFIED.,.F.,.F.,(3,3),(0.,1.),.PIECEWISE_BEZIER_KNOTS.);
#1579 = CARTESIAN_POINT('',(37.5,3.445651002414,29.851824184895));
#1580 = CARTESIAN_POINT('',(37.5,3.72840997889,30.14));
#1581 = CARTESIAN_POINT('',(37.5,4.37193040811,30.14));
#1582 = FACE_BOUND('',#1583,.T.);
#1583 = EDGE_LOOP('',(#1584,#1594,#1602,#1610,#1618,#1626,#1634,#1642,
    #1650,#1658,#1666,#1674,#1682,#1690,#1698,#1706,#1714,#1722,#1730,
    #1738,#1746,#1754,#1762,#1770,#1778,#1786,#1794,#1802));
#1584 = ORIENTED_EDGE('',*,*,#1585,.T.);
#1585 = EDGE_CURVE('',#1586,#1588,#1590,.T.);
#1586 = VERTEX_POINT('',#1587);
#1587 = CARTESIAN_POINT('',(37.5,9.901078158832,29.219137432934));
#1588 = VERTEX_POINT('',#1589);
#1589 = CARTESIAN_POINT('',(37.5,9.379978282645,29.219137432934));
#1590 = LINE('',#1591,#1592);
#1591 = CARTESIAN_POINT('',(37.5,9.72376697435,29.219137432934));
#1592 = VECTOR('',#1593,1.);
#1593 = DIRECTION('',(-2.2E-16,-1.,4.4E-16));
#1594 = ORIENTED_EDGE('',*,*,#1595,.T.);
#1595 = EDGE_CURVE('',#1588,#1596,#1598,.T.);
#1596 = VERTEX_POINT('',#1597);
#1597 = CARTESIAN_POINT('',(37.5,9.130081460524,29.152690879076));
#1598 = B_SPLINE_CURVE_WITH_KNOTS('',2,(#1599,#1600,#1601),
  .UNSPECIFIED.,.F.,.F.,(3,3),(0.,1.),.PIECEWISE_BEZIER_KNOTS.);
#1599 = CARTESIAN_POINT('',(37.5,9.379978282645,29.219137432934));
#1600 = CARTESIAN_POINT('',(37.5,9.191111175753,29.219137432934));
#1601 = CARTESIAN_POINT('',(37.5,9.130081460524,29.152690879076));
#1602 = ORIENTED_EDGE('',*,*,#1603,.T.);
#1603 = EDGE_CURVE('',#1596,#1604,#1606,.T.);
#1604 = VERTEX_POINT('',#1605);
#1605 = CARTESIAN_POINT('',(37.5,9.069051745295,28.919766817994));
#1606 = B_SPLINE_CURVE_WITH_KNOTS('',2,(#1607,#1608,#1609),
  .UNSPECIFIED.,.F.,.F.,(3,3),(0.,1.),.PIECEWISE_BEZIER_KNOTS.);
#1607 = CARTESIAN_POINT('',(37.5,9.130081460524,29.152690879076));
#1608 = CARTESIAN_POINT('',(37.5,9.069051745295,29.086244325217));
#1609 = CARTESIAN_POINT('',(37.5,9.069051745295,28.919766817994));
#1610 = ORIENTED_EDGE('',*,*,#1611,.T.);
#1611 = EDGE_CURVE('',#1604,#1612,#1614,.T.);
#1612 = VERTEX_POINT('',#1613);
#1613 = CARTESIAN_POINT('',(37.5,9.069051745295,27.854816343376));
#1614 = LINE('',#1615,#1616);
#1615 = CARTESIAN_POINT('',(37.5,9.069051745295,28.919766817994));
#1616 = VECTOR('',#1617,1.);
#1617 = DIRECTION('',(0.,0.,-1.));
#1618 = ORIENTED_EDGE('',*,*,#1619,.T.);
#1619 = EDGE_CURVE('',#1612,#1620,#1622,.T.);
#1620 = VERTEX_POINT('',#1621);
#1621 = CARTESIAN_POINT('',(37.5,7.78237200943,27.854816343376));
#1622 = LINE('',#1623,#1624);
#1623 = CARTESIAN_POINT('',(37.5,9.069051745295,27.854816343376));
#1624 = VECTOR('',#1625,1.);
#1625 = DIRECTION('',(0.,-1.,0.));
#1626 = ORIENTED_EDGE('',*,*,#1627,.T.);
#1627 = EDGE_CURVE('',#1620,#1628,#1630,.T.);
#1628 = VERTEX_POINT('',#1629);
#1629 = CARTESIAN_POINT('',(37.5,7.78237200943,29.052659925712));
#1630 = LINE('',#1631,#1632);
#1631 = CARTESIAN_POINT('',(37.5,7.78237200943,27.854816343376));
#1632 = VECTOR('',#1633,1.);
#1633 = DIRECTION('',(0.,0.,1.));
#1634 = ORIENTED_EDGE('',*,*,#1635,.T.);
#1635 = EDGE_CURVE('',#1628,#1636,#1638,.T.);
#1636 = VERTEX_POINT('',#1637);
#1637 = CARTESIAN_POINT('',(37.5,8.070908947111,29.862657862154));
#1638 = B_SPLINE_CURVE_WITH_KNOTS('',2,(#1639,#1640,#1641),
  .UNSPECIFIED.,.F.,.F.,(3,3),(0.,1.),.PIECEWISE_BEZIER_KNOTS.);
#1639 = CARTESIAN_POINT('',(37.5,7.78237200943,29.052659925712));
#1640 = CARTESIAN_POINT('',(37.5,7.78237200943,29.574120924474));
#1641 = CARTESIAN_POINT('',(37.5,8.070908947111,29.862657862154));
#1642 = ORIENTED_EDGE('',*,*,#1643,.T.);
#1643 = EDGE_CURVE('',#1636,#1644,#1646,.T.);
#1644 = VERTEX_POINT('',#1645);
#1645 = CARTESIAN_POINT('',(37.5,8.991410391601,30.151194799835));
#1646 = B_SPLINE_CURVE_WITH_KNOTS('',2,(#1647,#1648,#1649),
  .UNSPECIFIED.,.F.,.F.,(3,3),(0.,1.),.PIECEWISE_BEZIER_KNOTS.);
#1647 = CARTESIAN_POINT('',(37.5,8.070908947111,29.862657862154));
#1648 = CARTESIAN_POINT('',(37.5,8.359084762216,30.151194799835));
#1649 = CARTESIAN_POINT('',(37.5,8.991410391601,30.151194799835));
#1650 = ORIENTED_EDGE('',*,*,#1651,.T.);
#1651 = EDGE_CURVE('',#1644,#1652,#1654,.T.);
#1652 = VERTEX_POINT('',#1653);
#1653 = CARTESIAN_POINT('',(37.5,10.289646049876,30.151194799835));
#1654 = LINE('',#1655,#1656);
#1655 = CARTESIAN_POINT('',(37.5,9.590512744057,30.151194799835));
#1656 = VECTOR('',#1657,1.);
#1657 = DIRECTION('',(2.2E-16,1.,-4.4E-16));
#1658 = ORIENTED_EDGE('',*,*,#1659,.T.);
#1659 = EDGE_CURVE('',#1652,#1660,#1662,.T.);
#1660 = VERTEX_POINT('',#1661);
#1661 = CARTESIAN_POINT('',(37.5,11.210508616942,29.862657862154));
#1662 = B_SPLINE_CURVE_WITH_KNOTS('',2,(#1663,#1664,#1665),
  .UNSPECIFIED.,.F.,.F.,(3,3),(0.,1.),.PIECEWISE_BEZIER_KNOTS.);
#1663 = CARTESIAN_POINT('',(37.5,10.289646049876,30.151194799835));
#1664 = CARTESIAN_POINT('',(37.5,10.921971679261,30.151194799835));
#1665 = CARTESIAN_POINT('',(37.5,11.210508616942,29.862657862154));
#1666 = ORIENTED_EDGE('',*,*,#1667,.T.);
#1667 = EDGE_CURVE('',#1660,#1668,#1670,.T.);
#1668 = VERTEX_POINT('',#1669);
#1669 = CARTESIAN_POINT('',(37.5,11.498684432047,29.052659925712));
#1670 = B_SPLINE_CURVE_WITH_KNOTS('',2,(#1671,#1672,#1673),
  .UNSPECIFIED.,.F.,.F.,(3,3),(0.,1.),.PIECEWISE_BEZIER_KNOTS.);
#1671 = CARTESIAN_POINT('',(37.5,11.210508616942,29.862657862154));
#1672 = CARTESIAN_POINT('',(37.5,11.498684432047,29.574120924474));
#1673 = CARTESIAN_POINT('',(37.5,11.498684432047,29.052659925712));
#1674 = ORIENTED_EDGE('',*,*,#1675,.T.);
#1675 = EDGE_CURVE('',#1668,#1676,#1678,.T.);
#1676 = VERTEX_POINT('',#1677);
#1677 = CARTESIAN_POINT('',(37.5,11.498684432047,24.238173751548));
#1678 = LINE('',#1679,#1680);
#1679 = CARTESIAN_POINT('',(37.5,11.498684432047,29.052659925712));
#1680 = VECTOR('',#1681,1.);
#1681 = DIRECTION('',(0.,0.,-1.));
#1682 = ORIENTED_EDGE('',*,*,#1683,.T.);
#1683 = EDGE_CURVE('',#1676,#1684,#1686,.T.);
#1684 = VERTEX_POINT('',#1685);
#1685 = CARTESIAN_POINT('',(37.5,11.210508616942,23.428536937681));
#1686 = B_SPLINE_CURVE_WITH_KNOTS('',2,(#1687,#1688,#1689),
  .UNSPECIFIED.,.F.,.F.,(3,3),(0.,1.),.PIECEWISE_BEZIER_KNOTS.);
#1687 = CARTESIAN_POINT('',(37.5,11.498684432047,24.238173751548));
#1688 = CARTESIAN_POINT('',(37.5,11.498684432047,23.716712752786));
#1689 = CARTESIAN_POINT('',(37.5,11.210508616942,23.428536937681));
#1690 = ORIENTED_EDGE('',*,*,#1691,.T.);
#1691 = EDGE_CURVE('',#1684,#1692,#1694,.T.);
#1692 = VERTEX_POINT('',#1693);
#1693 = CARTESIAN_POINT('',(37.5,10.289646049876,23.14));
#1694 = B_SPLINE_CURVE_WITH_KNOTS('',2,(#1695,#1696,#1697),
  .UNSPECIFIED.,.F.,.F.,(3,3),(0.,1.),.PIECEWISE_BEZIER_KNOTS.);
#1695 = CARTESIAN_POINT('',(37.5,11.210508616942,23.428536937681));
#1696 = CARTESIAN_POINT('',(37.5,10.921971679261,23.14));
#1697 = CARTESIAN_POINT('',(37.5,10.289646049876,23.14));
#1698 = ORIENTED_EDGE('',*,*,#1699,.T.);
#1699 = EDGE_CURVE('',#1692,#1700,#1702,.T.);
#1700 = VERTEX_POINT('',#1701);
#1701 = CARTESIAN_POINT('',(37.5,8.991410391601,23.14));
#1702 = LINE('',#1703,#1704);
#1703 = CARTESIAN_POINT('',(37.5,9.72376697435,23.14));
#1704 = VECTOR('',#1705,1.);
#1705 = DIRECTION('',(-2.2E-16,-1.,4.4E-16));
#1706 = ORIENTED_EDGE('',*,*,#1707,.T.);
#1707 = EDGE_CURVE('',#1700,#1708,#1710,.T.);
#1708 = VERTEX_POINT('',#1709);
#1709 = CARTESIAN_POINT('',(37.5,8.070908947111,23.428536937681));
#1710 = B_SPLINE_CURVE_WITH_KNOTS('',2,(#1711,#1712,#1713),
  .UNSPECIFIED.,.F.,.F.,(3,3),(0.,1.),.PIECEWISE_BEZIER_KNOTS.);
#1711 = CARTESIAN_POINT('',(37.5,8.991410391601,23.14));
#1712 = CARTESIAN_POINT('',(37.5,8.359084762216,23.14));
#1713 = CARTESIAN_POINT('',(37.5,8.070908947111,23.428536937681));
#1714 = ORIENTED_EDGE('',*,*,#1715,.T.);
#1715 = EDGE_CURVE('',#1708,#1716,#1718,.T.);
#1716 = VERTEX_POINT('',#1717);
#1717 = CARTESIAN_POINT('',(37.5,7.78237200943,24.238173751548));
#1718 = B_SPLINE_CURVE_WITH_KNOTS('',2,(#1719,#1720,#1721),
  .UNSPECIFIED.,.F.,.F.,(3,3),(0.,1.),.PIECEWISE_BEZIER_KNOTS.);
#1719 = CARTESIAN_POINT('',(37.5,8.070908947111,23.428536937681));
#1720 = CARTESIAN_POINT('',(37.5,7.78237200943,23.716712752786));
#1721 = CARTESIAN_POINT('',(37.5,7.78237200943,24.238173751548));
#1722 = ORIENTED_EDGE('',*,*,#1723,.T.);
#1723 = EDGE_CURVE('',#1716,#1724,#1726,.T.);
#1724 = VERTEX_POINT('',#1725);
#1725 = CARTESIAN_POINT('',(37.5,7.78237200943,25.458406933553));
#1726 = LINE('',#1727,#1728);
#1727 = CARTESIAN_POINT('',(37.5,7.78237200943,24.238173751548));
#1728 = VECTOR('',#1729,1.);
#1729 = DIRECTION('',(0.,0.,1.));
#1730 = ORIENTED_EDGE('',*,*,#1731,.T.);
#1731 = EDGE_CURVE('',#1724,#1732,#1734,.T.);
#1732 = VERTEX_POINT('',#1733);
#1733 = CARTESIAN_POINT('',(37.5,9.069051745295,25.458406933553));
#1734 = LINE('',#1735,#1736);
#1735 = CARTESIAN_POINT('',(37.5,7.78237200943,25.458406933553));
#1736 = VECTOR('',#1737,1.);
#1737 = DIRECTION('',(0.,1.,-0.));
#1738 = ORIENTED_EDGE('',*,*,#1739,.T.);
#1739 = EDGE_CURVE('',#1732,#1740,#1742,.T.);
#1740 = VERTEX_POINT('',#1741);
#1741 = CARTESIAN_POINT('',(37.5,9.069051745295,24.371427981841));
#1742 = LINE('',#1743,#1744);
#1743 = CARTESIAN_POINT('',(37.5,9.069051745295,25.458406933553));
#1744 = VECTOR('',#1745,1.);
#1745 = DIRECTION('',(0.,0.,-1.));
#1746 = ORIENTED_EDGE('',*,*,#1747,.T.);
#1747 = EDGE_CURVE('',#1740,#1748,#1750,.T.);
#1748 = VERTEX_POINT('',#1749);
#1749 = CARTESIAN_POINT('',(37.5,9.130081460524,24.132725959554));
#1750 = B_SPLINE_CURVE_WITH_KNOTS('',2,(#1751,#1752,#1753),
  .UNSPECIFIED.,.F.,.F.,(3,3),(0.,1.),.PIECEWISE_BEZIER_KNOTS.);
#1751 = CARTESIAN_POINT('',(37.5,9.069051745295,24.371427981841));
#1752 = CARTESIAN_POINT('',(37.5,9.069051745295,24.193755674783));
#1753 = CARTESIAN_POINT('',(37.5,9.130081460524,24.132725959554));
#1754 = ORIENTED_EDGE('',*,*,#1755,.T.);
#1755 = EDGE_CURVE('',#1748,#1756,#1758,.T.);
#1756 = VERTEX_POINT('',#1757);
#1757 = CARTESIAN_POINT('',(37.5,9.379978282645,24.071696244325));
#1758 = B_SPLINE_CURVE_WITH_KNOTS('',2,(#1759,#1760,#1761),
  .UNSPECIFIED.,.F.,.F.,(3,3),(0.,1.),.PIECEWISE_BEZIER_KNOTS.);
#1759 = CARTESIAN_POINT('',(37.5,9.130081460524,24.132725959554));
#1760 = CARTESIAN_POINT('',(37.5,9.191111175753,24.071696244325));
#1761 = CARTESIAN_POINT('',(37.5,9.379978282645,24.071696244325));
#1762 = ORIENTED_EDGE('',*,*,#1763,.T.);
#1763 = EDGE_CURVE('',#1756,#1764,#1766,.T.);
#1764 = VERTEX_POINT('',#1765);
#1765 = CARTESIAN_POINT('',(37.5,9.901078158832,24.071696244325));
#1766 = LINE('',#1767,#1768);
#1767 = CARTESIAN_POINT('',(37.5,9.546094667293,24.071696244325));
#1768 = VECTOR('',#1769,1.);
#1769 = DIRECTION('',(2.2E-16,1.,-4.4E-16));
#1770 = ORIENTED_EDGE('',*,*,#1771,.T.);
#1771 = EDGE_CURVE('',#1764,#1772,#1774,.T.);
#1772 = VERTEX_POINT('',#1773);
#1773 = CARTESIAN_POINT('',(37.5,10.145558142324,24.132725959554));
#1774 = B_SPLINE_CURVE_WITH_KNOTS('',2,(#1775,#1776,#1777),
  .UNSPECIFIED.,.F.,.F.,(3,3),(0.,1.),.PIECEWISE_BEZIER_KNOTS.);
#1775 = CARTESIAN_POINT('',(37.5,9.901078158832,24.071696244325));
#1776 = CARTESIAN_POINT('',(37.5,10.078750465889,24.071696244325));
#1777 = CARTESIAN_POINT('',(37.5,10.145558142324,24.132725959554));
#1778 = ORIENTED_EDGE('',*,*,#1779,.T.);
#1779 = EDGE_CURVE('',#1772,#1780,#1782,.T.);
#1780 = VERTEX_POINT('',#1781);
#1781 = CARTESIAN_POINT('',(37.5,10.212004696182,24.371427981841));
#1782 = B_SPLINE_CURVE_WITH_KNOTS('',2,(#1783,#1784,#1785),
  .UNSPECIFIED.,.F.,.F.,(3,3),(0.,1.),.PIECEWISE_BEZIER_KNOTS.);
#1783 = CARTESIAN_POINT('',(37.5,10.145558142324,24.132725959554));
#1784 = CARTESIAN_POINT('',(37.5,10.212004696182,24.193755674783));
#1785 = CARTESIAN_POINT('',(37.5,10.212004696182,24.371427981841));
#1786 = ORIENTED_EDGE('',*,*,#1787,.T.);
#1787 = EDGE_CURVE('',#1780,#1788,#1790,.T.);
#1788 = VERTEX_POINT('',#1789);
#1789 = CARTESIAN_POINT('',(37.5,10.212004696182,28.919766817994));
#1790 = LINE('',#1791,#1792);
#1791 = CARTESIAN_POINT('',(37.5,10.212004696182,24.371427981841));
#1792 = VECTOR('',#1793,1.);
#1793 = DIRECTION('',(0.,0.,1.));
#1794 = ORIENTED_EDGE('',*,*,#1795,.T.);
#1795 = EDGE_CURVE('',#1788,#1796,#1798,.T.);
#1796 = VERTEX_POINT('',#1797);
#1797 = CARTESIAN_POINT('',(37.5,10.145558142324,29.152690879076));
#1798 = B_SPLINE_CURVE_WITH_KNOTS('',2,(#1799,#1800,#1801),
  .UNSPECIFIED.,.F.,.F.,(3,3),(0.,1.),.PIECEWISE_BEZIER_KNOTS.);
#1799 = CARTESIAN_POINT('',(37.5,10.212004696182,28.919766817994));
#1800 = CARTESIAN_POINT('',(37.5,10.212004696182,29.086244325217));
#1801 = CARTESIAN_POINT('',(37.5,10.145558142324,29.152690879076));
#1802 = ORIENTED_EDGE('',*,*,#1803,.T.);
#1803 = EDGE_CURVE('',#1796,#1586,#1804,.T.);
#1804 = B_SPLINE_CURVE_WITH_KNOTS('',2,(#1805,#1806,#1807),
  .UNSPECIFIED.,.F.,.F.,(3,3),(0.,1.),.PIECEWISE_BEZIER_KNOTS.);
#1805 = CARTESIAN_POINT('',(37.5,10.145558142324,29.152690879076));
#1806 = CARTESIAN_POINT('',(37.5,10.078750465889,29.219137432934));
#1807 = CARTESIAN_POINT('',(37.5,9.901078158832,29.219137432934));
#1808 = FACE_BOUND('',#1809,.T.);
#1809 = EDGE_LOOP('',(#1810,#1820,#1828,#1836,#1844,#1852,#1860,#1868,
    #1876,#1884,#1892,#1900,#1908));
#1810 = ORIENTED_EDGE('',*,*,#1811,.T.);
#1811 = EDGE_CURVE('',#1812,#1814,#1816,.T.);
#1812 = VERTEX_POINT('',#1813);
#1813 = CARTESIAN_POINT('',(37.5,6.590481999587E-02,28.620035080479));
#1814 = VERTEX_POINT('',#1815);
#1815 = CARTESIAN_POINT('',(37.5,0.997601064321,25.236677672307));
#1816 = LINE('',#1817,#1818);
#1817 = CARTESIAN_POINT('',(37.5,6.590481999587E-02,28.620035080479));
#1818 = VECTOR('',#1819,1.);
#1819 = DIRECTION('',(0.,0.265493701888,-0.964112594181));
#1820 = ORIENTED_EDGE('',*,*,#1821,.T.);
#1821 = EDGE_CURVE('',#1814,#1822,#1824,.T.);
#1822 = VERTEX_POINT('',#1823);
#1823 = CARTESIAN_POINT('',(37.5,0.997601064321,30.14));
#1824 = LINE('',#1825,#1826);
#1825 = CARTESIAN_POINT('',(37.5,0.997601064321,25.236677672307));
#1826 = VECTOR('',#1827,1.);
#1827 = DIRECTION('',(0.,0.,1.));
#1828 = ORIENTED_EDGE('',*,*,#1829,.T.);
#1829 = EDGE_CURVE('',#1822,#1830,#1832,.T.);
#1830 = VERTEX_POINT('',#1831);
#1831 = CARTESIAN_POINT('',(37.5,2.128998092798,30.14));
#1832 = LINE('',#1833,#1834);
#1833 = CARTESIAN_POINT('',(37.5,0.997601064321,30.14));
#1834 = VECTOR('',#1835,1.);
#1835 = DIRECTION('',(0.,1.,-0.));
#1836 = ORIENTED_EDGE('',*,*,#1837,.T.);
#1837 = EDGE_CURVE('',#1830,#1838,#1840,.T.);
#1838 = VERTEX_POINT('',#1839);
#1839 = CARTESIAN_POINT('',(37.5,2.128998092798,23.14));
#1840 = LINE('',#1841,#1842);
#1841 = CARTESIAN_POINT('',(37.5,2.128998092798,30.14));
#1842 = VECTOR('',#1843,1.);
#1843 = DIRECTION('',(0.,0.,-1.));
#1844 = ORIENTED_EDGE('',*,*,#1845,.T.);
#1845 = EDGE_CURVE('',#1838,#1846,#1848,.T.);
#1846 = VERTEX_POINT('',#1847);
#1847 = CARTESIAN_POINT('',(37.5,0.73145372631,23.14));
#1848 = LINE('',#1849,#1850);
#1849 = CARTESIAN_POINT('',(37.5,2.128998092798,23.14));
#1850 = VECTOR('',#1851,1.);
#1851 = DIRECTION('',(0.,-1.,0.));
#1852 = ORIENTED_EDGE('',*,*,#1853,.T.);
#1853 = EDGE_CURVE('',#1846,#1854,#1856,.T.);
#1854 = VERTEX_POINT('',#1855);
#1855 = CARTESIAN_POINT('',(37.5,-0.444722501506,27.300132067685));
#1856 = LINE('',#1857,#1858);
#1857 = CARTESIAN_POINT('',(37.5,0.73145372631,23.14));
#1858 = VECTOR('',#1859,1.);
#1859 = DIRECTION('',(0.,-0.272061262321,0.962279933047));
#1860 = ORIENTED_EDGE('',*,*,#1861,.T.);
#1861 = EDGE_CURVE('',#1854,#1862,#1864,.T.);
#1862 = VERTEX_POINT('',#1863);
#1863 = CARTESIAN_POINT('',(37.5,-1.620537606748,23.14));
#1864 = LINE('',#1865,#1866);
#1865 = CARTESIAN_POINT('',(37.5,-0.444722501506,27.300132067685));
#1866 = VECTOR('',#1867,1.);
#1867 = DIRECTION('',(0.,-0.2719839112,-0.962301798839));
#1868 = ORIENTED_EDGE('',*,*,#1869,.T.);
#1869 = EDGE_CURVE('',#1862,#1870,#1872,.T.);
#1870 = VERTEX_POINT('',#1871);
#1871 = CARTESIAN_POINT('',(37.5,-3.018443095811,23.14));
#1872 = LINE('',#1873,#1874);
#1873 = CARTESIAN_POINT('',(37.5,-1.620537606748,23.14));
#1874 = VECTOR('',#1875,1.);
#1875 = DIRECTION('',(0.,-1.,0.));
#1876 = ORIENTED_EDGE('',*,*,#1877,.T.);
#1877 = EDGE_CURVE('',#1870,#1878,#1880,.T.);
#1878 = VERTEX_POINT('',#1879);
#1879 = CARTESIAN_POINT('',(37.5,-3.018443095811,30.14));
#1880 = LINE('',#1881,#1882);
#1881 = CARTESIAN_POINT('',(37.5,-3.018443095811,23.14));
#1882 = VECTOR('',#1883,1.);
#1883 = DIRECTION('',(0.,0.,1.));
#1884 = ORIENTED_EDGE('',*,*,#1885,.T.);
#1885 = EDGE_CURVE('',#1878,#1886,#1888,.T.);
#1886 = VERTEX_POINT('',#1887);
#1887 = CARTESIAN_POINT('',(37.5,-1.897879744593,30.14));
#1888 = LINE('',#1889,#1890);
#1889 = CARTESIAN_POINT('',(37.5,-3.018443095811,30.14));
#1890 = VECTOR('',#1891,1.);
#1891 = DIRECTION('',(0.,1.,-0.));
#1892 = ORIENTED_EDGE('',*,*,#1893,.T.);
#1893 = EDGE_CURVE('',#1886,#1894,#1896,.T.);
#1894 = VERTEX_POINT('',#1895);
#1895 = CARTESIAN_POINT('',(37.5,-1.897879744593,25.225482872472));
#1896 = LINE('',#1897,#1898);
#1897 = CARTESIAN_POINT('',(37.5,-1.897879744593,30.14));
#1898 = VECTOR('',#1899,1.);
#1899 = DIRECTION('',(0.,0.,-1.));
#1900 = ORIENTED_EDGE('',*,*,#1901,.T.);
#1901 = EDGE_CURVE('',#1894,#1902,#1904,.T.);
#1902 = VERTEX_POINT('',#1903);
#1903 = CARTESIAN_POINT('',(37.5,-0.965822377693,28.620035080479));
#1904 = LINE('',#1905,#1906);
#1905 = CARTESIAN_POINT('',(37.5,-1.897879744593,25.225482872472));
#1906 = VECTOR('',#1907,1.);
#1907 = DIRECTION('',(-0.,0.264774967993,0.964310228259));
#1908 = ORIENTED_EDGE('',*,*,#1909,.T.);
#1909 = EDGE_CURVE('',#1902,#1812,#1910,.T.);
#1910 = LINE('',#1911,#1912);
#1911 = CARTESIAN_POINT('',(37.5,-0.965822377693,28.620035080479));
#1912 = VECTOR('',#1913,1.);
#1913 = DIRECTION('',(0.,1.,-0.));
#1914 = FACE_BOUND('',#1915,.T.);
#1915 = EDGE_LOOP('',(#1916,#1926,#1934,#1942,#1950,#1958,#1966,#1974,
    #1982,#1990,#1998,#2006));
#1916 = ORIENTED_EDGE('',*,*,#1917,.T.);
#1917 = EDGE_CURVE('',#1918,#1920,#1922,.T.);
#1918 = VERTEX_POINT('',#1919);
#1919 = CARTESIAN_POINT('',(37.5,-4.088088163908,23.14));
#1920 = VERTEX_POINT('',#1921);
#1921 = CARTESIAN_POINT('',(37.5,-7.416193818056,23.14));
#1922 = LINE('',#1923,#1924);
#1923 = CARTESIAN_POINT('',(37.5,-4.664800916694,23.14));
#1924 = VECTOR('',#1925,1.);
#1925 = DIRECTION('',(-2.2E-16,-1.,4.4E-16));
#1926 = ORIENTED_EDGE('',*,*,#1927,.T.);
#1927 = EDGE_CURVE('',#1920,#1928,#1930,.T.);
#1928 = VERTEX_POINT('',#1929);
#1929 = CARTESIAN_POINT('',(37.5,-7.416193818056,24.11611432109));
#1930 = LINE('',#1931,#1932);
#1931 = CARTESIAN_POINT('',(37.5,-7.416193818056,23.14));
#1932 = VECTOR('',#1933,1.);
#1933 = DIRECTION('',(0.,0.,1.));
#1934 = ORIENTED_EDGE('',*,*,#1935,.T.);
#1935 = EDGE_CURVE('',#1928,#1936,#1938,.T.);
#1936 = VERTEX_POINT('',#1937);
#1937 = CARTESIAN_POINT('',(37.5,-5.374767899773,24.11611432109));
#1938 = LINE('',#1939,#1940);
#1939 = CARTESIAN_POINT('',(37.5,-7.416193818056,24.11611432109));
#1940 = VECTOR('',#1941,1.);
#1941 = DIRECTION('',(0.,1.,-0.));
#1942 = ORIENTED_EDGE('',*,*,#1943,.T.);
#1943 = EDGE_CURVE('',#1936,#1944,#1946,.T.);
#1944 = VERTEX_POINT('',#1945);
#1945 = CARTESIAN_POINT('',(37.5,-5.374767899773,26.057509286009));
#1946 = LINE('',#1947,#1948);
#1947 = CARTESIAN_POINT('',(37.5,-5.374767899773,23.14));
#1948 = VECTOR('',#1949,1.);
#1949 = DIRECTION('',(0.,0.,1.));
#1950 = ORIENTED_EDGE('',*,*,#1951,.T.);
#1951 = EDGE_CURVE('',#1944,#1952,#1954,.T.);
#1952 = VERTEX_POINT('',#1953);
#1953 = CARTESIAN_POINT('',(37.5,-7.094433603446,26.057509286009));
#1954 = LINE('',#1955,#1956);
#1955 = CARTESIAN_POINT('',(37.5,-4.731247470553,26.057509286009));
#1956 = VECTOR('',#1957,1.);
#1957 = DIRECTION('',(0.,-1.,0.));
#1958 = ORIENTED_EDGE('',*,*,#1959,.T.);
#1959 = EDGE_CURVE('',#1952,#1960,#1962,.T.);
#1960 = VERTEX_POINT('',#1961);
#1961 = CARTESIAN_POINT('',(37.5,-7.094433603446,27.044818406934));
#1962 = LINE('',#1963,#1964);
#1963 = CARTESIAN_POINT('',(37.5,-7.094433603446,26.057509286009));
#1964 = VECTOR('',#1965,1.);
#1965 = DIRECTION('',(0.,0.,1.));
#1966 = ORIENTED_EDGE('',*,*,#1967,.T.);
#1967 = EDGE_CURVE('',#1960,#1968,#1970,.T.);
#1968 = VERTEX_POINT('',#1969);
#1969 = CARTESIAN_POINT('',(37.5,-5.374767899773,27.044818406934));
#1970 = LINE('',#1971,#1972);
#1971 = CARTESIAN_POINT('',(37.5,-7.094433603446,27.044818406934));
#1972 = VECTOR('',#1973,1.);
#1973 = DIRECTION('',(0.,1.,-0.));
#1974 = ORIENTED_EDGE('',*,*,#1975,.T.);
#1975 = EDGE_CURVE('',#1968,#1976,#1978,.T.);
#1976 = VERTEX_POINT('',#1977);
#1977 = CARTESIAN_POINT('',(37.5,-5.374767899773,29.16388567891));
#1978 = LINE('',#1979,#1980);
#1979 = CARTESIAN_POINT('',(37.5,-5.374767899773,23.14));
#1980 = VECTOR('',#1981,1.);
#1981 = DIRECTION('',(0.,0.,1.));
#1982 = ORIENTED_EDGE('',*,*,#1983,.T.);
#1983 = EDGE_CURVE('',#1976,#1984,#1986,.T.);
#1984 = VERTEX_POINT('',#1985);
#1985 = CARTESIAN_POINT('',(37.5,-7.504668849009,29.16388567891));
#1986 = LINE('',#1987,#1988);
#1987 = CARTESIAN_POINT('',(37.5,-4.664800916694,29.16388567891));
#1988 = VECTOR('',#1989,1.);
#1989 = DIRECTION('',(0.,-1.,0.));
#1990 = ORIENTED_EDGE('',*,*,#1991,.T.);
#1991 = EDGE_CURVE('',#1984,#1992,#1994,.T.);
#1992 = VERTEX_POINT('',#1993);
#1993 = CARTESIAN_POINT('',(37.5,-7.504668849009,30.14));
#1994 = LINE('',#1995,#1996);
#1995 = CARTESIAN_POINT('',(37.5,-7.504668849009,29.16388567891));
#1996 = VECTOR('',#1997,1.);
#1997 = DIRECTION('',(0.,0.,1.));
#1998 = ORIENTED_EDGE('',*,*,#1999,.T.);
#1999 = EDGE_CURVE('',#1992,#2000,#2002,.T.);
#2000 = VERTEX_POINT('',#2001);
#2001 = CARTESIAN_POINT('',(37.5,-4.088088163908,30.14));
#2002 = LINE('',#2003,#2004);
#2003 = CARTESIAN_POINT('',(37.5,-5.374767899773,30.14));
#2004 = VECTOR('',#2005,1.);
#2005 = DIRECTION('',(2.2E-16,1.,-4.4E-16));
#2006 = ORIENTED_EDGE('',*,*,#2007,.T.);
#2007 = EDGE_CURVE('',#2000,#1918,#2008,.T.);
#2008 = LINE('',#2009,#2010);
#2009 = CARTESIAN_POINT('',(37.5,-4.088088163908,30.14));
#2010 = VECTOR('',#2011,1.);
#2011 = DIRECTION('',(0.,0.,-1.));
#2012 = FACE_BOUND('',#2013,.T.);
#2013 = EDGE_LOOP('',(#2014,#2024,#2032,#2040,#2048,#2056,#2064,#2072));
#2014 = ORIENTED_EDGE('',*,*,#2015,.T.);
#2015 = EDGE_CURVE('',#2016,#2018,#2020,.T.);
#2016 = VERTEX_POINT('',#2017);
#2017 = CARTESIAN_POINT('',(37.5,-7.771177309596,23.14));
#2018 = VERTEX_POINT('',#2019);
#2019 = CARTESIAN_POINT('',(37.5,-11.49868453204,23.14));
#2020 = LINE('',#2021,#2022);
#2021 = CARTESIAN_POINT('',(37.5,-7.771177309596,23.14));
#2022 = VECTOR('',#2023,1.);
#2023 = DIRECTION('',(0.,-1.,0.));
#2024 = ORIENTED_EDGE('',*,*,#2025,.T.);
#2025 = EDGE_CURVE('',#2018,#2026,#2028,.T.);
#2026 = VERTEX_POINT('',#2027);
#2027 = CARTESIAN_POINT('',(37.5,-11.49868453204,24.11611432109));
#2028 = LINE('',#2029,#2030);
#2029 = CARTESIAN_POINT('',(37.5,-11.49868453204,23.14));
#2030 = VECTOR('',#2031,1.);
#2031 = DIRECTION('',(0.,0.,1.));
#2032 = ORIENTED_EDGE('',*,*,#2033,.T.);
#2033 = EDGE_CURVE('',#2026,#2034,#2036,.T.);
#2034 = VERTEX_POINT('',#2035);
#2035 = CARTESIAN_POINT('',(37.5,-10.2672565502,24.11611432109));
#2036 = LINE('',#2037,#2038);
#2037 = CARTESIAN_POINT('',(37.5,-11.49868453204,24.11611432109));
#2038 = VECTOR('',#2039,1.);
#2039 = DIRECTION('',(0.,1.,-0.));
#2040 = ORIENTED_EDGE('',*,*,#2041,.T.);
#2041 = EDGE_CURVE('',#2034,#2042,#2044,.T.);
#2042 = VERTEX_POINT('',#2043);
#2043 = CARTESIAN_POINT('',(37.5,-10.2672565502,30.14));
#2044 = LINE('',#2045,#2046);
#2045 = CARTESIAN_POINT('',(37.5,-10.2672565502,23.43937061494));
#2046 = VECTOR('',#2047,1.);
#2047 = DIRECTION('',(0.,0.,1.));
#2048 = ORIENTED_EDGE('',*,*,#2049,.T.);
#2049 = EDGE_CURVE('',#2042,#2050,#2052,.T.);
#2050 = VERTEX_POINT('',#2051);
#2051 = CARTESIAN_POINT('',(37.5,-8.991410491601,30.14));
#2052 = LINE('',#2053,#2054);
#2053 = CARTESIAN_POINT('',(37.5,-10.2672565502,30.14));
#2054 = VECTOR('',#2055,1.);
#2055 = DIRECTION('',(0.,1.,-0.));
#2056 = ORIENTED_EDGE('',*,*,#2057,.T.);
#2057 = EDGE_CURVE('',#2050,#2058,#2060,.T.);
#2058 = VERTEX_POINT('',#2059);
#2059 = CARTESIAN_POINT('',(37.5,-8.991410491601,24.11611432109));
#2060 = LINE('',#2061,#2062);
#2061 = CARTESIAN_POINT('',(37.5,-8.991410491601,30.14));
#2062 = VECTOR('',#2063,1.);
#2063 = DIRECTION('',(0.,0.,-1.));
#2064 = ORIENTED_EDGE('',*,*,#2065,.T.);
#2065 = EDGE_CURVE('',#2058,#2066,#2068,.T.);
#2066 = VERTEX_POINT('',#2067);
#2067 = CARTESIAN_POINT('',(37.5,-7.771177309596,24.11611432109));
#2068 = LINE('',#2069,#2070);
#2069 = CARTESIAN_POINT('',(37.5,-11.49868453204,24.11611432109));
#2070 = VECTOR('',#2071,1.);
#2071 = DIRECTION('',(0.,1.,-0.));
#2072 = ORIENTED_EDGE('',*,*,#2073,.T.);
#2073 = EDGE_CURVE('',#2066,#2016,#2074,.T.);
#2074 = LINE('',#2075,#2076);
#2075 = CARTESIAN_POINT('',(37.5,-7.771177309596,24.11611432109));
#2076 = VECTOR('',#2077,1.);
#2077 = DIRECTION('',(0.,0.,-1.));
#2078 = FACE_BOUND('',#2079,.T.);
#2079 = EDGE_LOOP('',(#2080));
#2080 = ORIENTED_EDGE('',*,*,#2081,.T.);
#2081 = EDGE_CURVE('',#2082,#2082,#2084,.T.);
#2082 = VERTEX_POINT('',#2083);
#2083 = CARTESIAN_POINT('',(37.5,-24.55,26.));
#2084 = CIRCLE('',#2085,2.05);
#2085 = AXIS2_PLACEMENT_3D('',#2086,#2087,#2088);
#2086 = CARTESIAN_POINT('',(37.5,-22.5,26.));
#2087 = DIRECTION('',(-1.,0.,0.));
#2088 = DIRECTION('',(-0.,-1.,-4.4E-16));
#2089 = PLANE('',#2090);
#2090 = AXIS2_PLACEMENT_3D('',#2091,#2092,#2093);
#2091 = CARTESIAN_POINT('',(37.5,-4.36E-15,26.911377245509));
#2092 = DIRECTION('',(1.,0.,-8.3E-16));
#2093 = DIRECTION('',(8.3E-16,0.,1.));
#2094 = ADVANCED_FACE('',(#2095,#2289,#2309,#2320,#2331),#2351,.T.);
#2095 = FACE_BOUND('',#2096,.T.);
#2096 = EDGE_LOOP('',(#2097,#2107,#2115,#2124,#2132,#2140,#2148,#2156,
    #2162,#2163,#2164,#2165,#2166,#2175,#2183,#2191,#2199,#2206,#2207,
    #2216,#2224,#2233,#2241,#2250,#2258,#2266,#2274,#2283));
#2097 = ORIENTED_EDGE('',*,*,#2098,.F.);
#2098 = EDGE_CURVE('',#2099,#2101,#2103,.T.);
#2099 = VERTEX_POINT('',#2100);
#2100 = CARTESIAN_POINT('',(21.5,-27.21,32.));
#2101 = VERTEX_POINT('',#2102);
#2102 = CARTESIAN_POINT('',(21.5,-27.2,32.));
#2103 = LINE('',#2104,#2105);
#2104 = CARTESIAN_POINT('',(21.5,-28.,32.));
#2105 = VECTOR('',#2106,1.);
#2106 = DIRECTION('',(8.882E-14,1.,4.4E-16));
#2107 = ORIENTED_EDGE('',*,*,#2108,.T.);
#2108 = EDGE_CURVE('',#2099,#2109,#2111,.T.);
#2109 = VERTEX_POINT('',#2110);
#2110 = CARTESIAN_POINT('',(35.,-27.21,32.));
#2111 = LINE('',#2112,#2113);
#2112 = CARTESIAN_POINT('',(21.5,-27.21,32.));
#2113 = VECTOR('',#2114,1.);
#2114 = DIRECTION('',(1.,0.,0.));
#2115 = ORIENTED_EDGE('',*,*,#2116,.T.);
#2116 = EDGE_CURVE('',#2109,#2117,#2119,.T.);
#2117 = VERTEX_POINT('',#2118);
#2118 = CARTESIAN_POINT('',(36.71,-25.5,32.));
#2119 = CIRCLE('',#2120,1.71);
#2120 = AXIS2_PLACEMENT_3D('',#2121,#2122,#2123);
#2121 = CARTESIAN_POINT('',(35.,-25.5,32.));
#2122 = DIRECTION('',(0.,0.,1.));
#2123 = DIRECTION('',(-2.84E-15,-1.,0.));
#2124 = ORIENTED_EDGE('',*,*,#2125,.T.);
#2125 = EDGE_CURVE('',#2117,#2126,#2128,.T.);
#2126 = VERTEX_POINT('',#2127);
#2127 = CARTESIAN_POINT('',(36.71,-12.,32.));
#2128 = LINE('',#2129,#2130);
#2129 = CARTESIAN_POINT('',(36.71,-25.5,32.));
#2130 = VECTOR('',#2131,1.);
#2131 = DIRECTION('',(-4.26E-15,1.,4.4E-16));
#2132 = ORIENTED_EDGE('',*,*,#2133,.F.);
#2133 = EDGE_CURVE('',#2134,#2126,#2136,.T.);
#2134 = VERTEX_POINT('',#2135);
#2135 = CARTESIAN_POINT('',(36.7,-12.,32.));
#2136 = LINE('',#2137,#2138);
#2137 = CARTESIAN_POINT('',(36.7,-12.,32.));
#2138 = VECTOR('',#2139,1.);
#2139 = DIRECTION('',(1.,7.55E-14,0.));
#2140 = ORIENTED_EDGE('',*,*,#2141,.T.);
#2141 = EDGE_CURVE('',#2134,#2142,#2144,.T.);
#2142 = VERTEX_POINT('',#2143);
#2143 = CARTESIAN_POINT('',(36.7,12.,32.));
#2144 = LINE('',#2145,#2146);
#2145 = CARTESIAN_POINT('',(36.7,-12.,32.));
#2146 = VECTOR('',#2147,1.);
#2147 = DIRECTION('',(3.E-16,1.,0.));
#2148 = ORIENTED_EDGE('',*,*,#2149,.T.);
#2149 = EDGE_CURVE('',#2142,#2150,#2152,.T.);
#2150 = VERTEX_POINT('',#2151);
#2151 = CARTESIAN_POINT('',(36.71,12.,32.));
#2152 = LINE('',#2153,#2154);
#2153 = CARTESIAN_POINT('',(36.7,12.,32.));
#2154 = VECTOR('',#2155,1.);
#2155 = DIRECTION('',(1.,-7.55E-14,0.));
#2156 = ORIENTED_EDGE('',*,*,#2157,.F.);
#2157 = EDGE_CURVE('',#1366,#2150,#2158,.T.);
#2158 = LINE('',#2159,#2160);
#2159 = CARTESIAN_POINT('',(36.71,25.5,32.));
#2160 = VECTOR('',#2161,1.);
#2161 = DIRECTION('',(-4.26E-15,-1.,0.));
#2162 = ORIENTED_EDGE('',*,*,#1365,.F.);
#2163 = ORIENTED_EDGE('',*,*,#175,.F.);
#2164 = ORIENTED_EDGE('',*,*,#219,.T.);
#2165 = ORIENTED_EDGE('',*,*,#1029,.T.);
#2166 = ORIENTED_EDGE('',*,*,#2167,.T.);
#2167 = EDGE_CURVE('',#1021,#2168,#2170,.T.);
#2168 = VERTEX_POINT('',#2169);
#2169 = CARTESIAN_POINT('',(11.3,23.,32.));
#2170 = CIRCLE('',#2171,4.2);
#2171 = AXIS2_PLACEMENT_3D('',#2172,#2173,#2174);
#2172 = CARTESIAN_POINT('',(15.5,23.,32.));
#2173 = DIRECTION('',(0.,-0.,1.));
#2174 = DIRECTION('',(0.,1.,0.));
#2175 = ORIENTED_EDGE('',*,*,#2176,.T.);
#2176 = EDGE_CURVE('',#2168,#2177,#2179,.T.);
#2177 = VERTEX_POINT('',#2178);
#2178 = CARTESIAN_POINT('',(11.3,18.2,32.));
#2179 = LINE('',#2180,#2181);
#2180 = CARTESIAN_POINT('',(11.3,23.,32.));
#2181 = VECTOR('',#2182,1.);
#2182 = DIRECTION('',(-0.,-1.,-0.));
#2183 = ORIENTED_EDGE('',*,*,#2184,.F.);
#2184 = EDGE_CURVE('',#2185,#2177,#2187,.T.);
#2185 = VERTEX_POINT('',#2186);
#2186 = CARTESIAN_POINT('',(-11.3,18.2,32.));
#2187 = LINE('',#2188,#2189);
#2188 = CARTESIAN_POINT('',(-10.5,18.2,32.));
#2189 = VECTOR('',#2190,1.);
#2190 = DIRECTION('',(1.,0.,0.));
#2191 = ORIENTED_EDGE('',*,*,#2192,.F.);
#2192 = EDGE_CURVE('',#2193,#2185,#2195,.T.);
#2193 = VERTEX_POINT('',#2194);
#2194 = CARTESIAN_POINT('',(-11.3,23.,32.));
#2195 = LINE('',#2196,#2197);
#2196 = CARTESIAN_POINT('',(-11.3,23.,32.));
#2197 = VECTOR('',#2198,1.);
#2198 = DIRECTION('',(0.,-1.,0.));
#2199 = ORIENTED_EDGE('',*,*,#2200,.F.);
#2200 = EDGE_CURVE('',#1213,#2193,#2201,.T.);
#2201 = CIRCLE('',#2202,4.2);
#2202 = AXIS2_PLACEMENT_3D('',#2203,#2204,#2205);
#2203 = CARTESIAN_POINT('',(-15.5,23.,32.));
#2204 = DIRECTION('',(0.,0.,-1.));
#2205 = DIRECTION('',(0.,1.,0.));
#2206 = ORIENTED_EDGE('',*,*,#1221,.F.);
#2207 = ORIENTED_EDGE('',*,*,#2208,.F.);
#2208 = EDGE_CURVE('',#2209,#1203,#2211,.T.);
#2209 = VERTEX_POINT('',#2210);
#2210 = CARTESIAN_POINT('',(-35.72099999999,12.,32.));
#2211 = CIRCLE('',#2212,15.2);
#2212 = AXIS2_PLACEMENT_3D('',#2213,#2214,#2215);
#2213 = CARTESIAN_POINT('',(-20.521,12.,32.));
#2214 = DIRECTION('',(0.,0.,-1.));
#2215 = DIRECTION('',(-1.,1.1E-16,0.));
#2216 = ORIENTED_EDGE('',*,*,#2217,.F.);
#2217 = EDGE_CURVE('',#2218,#2209,#2220,.T.);
#2218 = VERTEX_POINT('',#2219);
#2219 = CARTESIAN_POINT('',(-35.72099999999,-12.,32.));
#2220 = LINE('',#2221,#2222);
#2221 = CARTESIAN_POINT('',(-35.72099999999,-12.,32.));
#2222 = VECTOR('',#2223,1.);
#2223 = DIRECTION('',(0.,1.,0.));
#2224 = ORIENTED_EDGE('',*,*,#2225,.F.);
#2225 = EDGE_CURVE('',#2226,#2218,#2228,.T.);
#2226 = VERTEX_POINT('',#2227);
#2227 = CARTESIAN_POINT('',(-20.521,-27.2,32.));
#2228 = CIRCLE('',#2229,15.2);
#2229 = AXIS2_PLACEMENT_3D('',#2230,#2231,#2232);
#2230 = CARTESIAN_POINT('',(-20.52099999999,-11.99999999999,32.));
#2231 = DIRECTION('',(-0.,0.,-1.));
#2232 = DIRECTION('',(-2.4269E-13,-1.,0.));
#2233 = ORIENTED_EDGE('',*,*,#2234,.F.);
#2234 = EDGE_CURVE('',#2235,#2226,#2237,.T.);
#2235 = VERTEX_POINT('',#2236);
#2236 = CARTESIAN_POINT('',(-15.5,-27.2,32.));
#2237 = LINE('',#2238,#2239);
#2238 = CARTESIAN_POINT('',(-15.5,-27.2,32.));
#2239 = VECTOR('',#2240,1.);
#2240 = DIRECTION('',(-1.,-0.,-0.));
#2241 = ORIENTED_EDGE('',*,*,#2242,.F.);
#2242 = EDGE_CURVE('',#2243,#2235,#2245,.T.);
#2243 = VERTEX_POINT('',#2244);
#2244 = CARTESIAN_POINT('',(-11.3,-23.,32.));
#2245 = CIRCLE('',#2246,4.2);
#2246 = AXIS2_PLACEMENT_3D('',#2247,#2248,#2249);
#2247 = CARTESIAN_POINT('',(-15.5,-23.,32.));
#2248 = DIRECTION('',(0.,0.,-1.));
#2249 = DIRECTION('',(1.,0.,0.));
#2250 = ORIENTED_EDGE('',*,*,#2251,.F.);
#2251 = EDGE_CURVE('',#2252,#2243,#2254,.T.);
#2252 = VERTEX_POINT('',#2253);
#2253 = CARTESIAN_POINT('',(-11.3,-18.2,32.));
#2254 = LINE('',#2255,#2256);
#2255 = CARTESIAN_POINT('',(-11.3,-19.,32.));
#2256 = VECTOR('',#2257,1.);
#2257 = DIRECTION('',(0.,-1.,0.));
#2258 = ORIENTED_EDGE('',*,*,#2259,.F.);
#2259 = EDGE_CURVE('',#2260,#2252,#2262,.T.);
#2260 = VERTEX_POINT('',#2261);
#2261 = CARTESIAN_POINT('',(11.3,-18.2,32.));
#2262 = LINE('',#2263,#2264);
#2263 = CARTESIAN_POINT('',(10.5,-18.2,32.));
#2264 = VECTOR('',#2265,1.);
#2265 = DIRECTION('',(-1.,0.,0.));
#2266 = ORIENTED_EDGE('',*,*,#2267,.T.);
#2267 = EDGE_CURVE('',#2260,#2268,#2270,.T.);
#2268 = VERTEX_POINT('',#2269);
#2269 = CARTESIAN_POINT('',(11.3,-23.,32.));
#2270 = LINE('',#2271,#2272);
#2271 = CARTESIAN_POINT('',(11.3,-19.,32.));
#2272 = VECTOR('',#2273,1.);
#2273 = DIRECTION('',(-0.,-1.,-0.));
#2274 = ORIENTED_EDGE('',*,*,#2275,.T.);
#2275 = EDGE_CURVE('',#2268,#2276,#2278,.T.);
#2276 = VERTEX_POINT('',#2277);
#2277 = CARTESIAN_POINT('',(15.5,-27.2,32.));
#2278 = CIRCLE('',#2279,4.2);
#2279 = AXIS2_PLACEMENT_3D('',#2280,#2281,#2282);
#2280 = CARTESIAN_POINT('',(15.5,-23.,32.));
#2281 = DIRECTION('',(0.,0.,1.));
#2282 = DIRECTION('',(-1.,0.,0.));
#2283 = ORIENTED_EDGE('',*,*,#2284,.T.);
#2284 = EDGE_CURVE('',#2276,#2101,#2285,.T.);
#2285 = LINE('',#2286,#2287);
#2286 = CARTESIAN_POINT('',(15.5,-27.2,32.));
#2287 = VECTOR('',#2288,1.);
#2288 = DIRECTION('',(1.,0.,0.));
#2289 = FACE_BOUND('',#2290,.T.);
#2290 = EDGE_LOOP('',(#2291,#2302));
#2291 = ORIENTED_EDGE('',*,*,#2292,.F.);
#2292 = EDGE_CURVE('',#2293,#2295,#2297,.T.);
#2293 = VERTEX_POINT('',#2294);
#2294 = CARTESIAN_POINT('',(35.173906668162,-16.77994348039,32.));
#2295 = VERTEX_POINT('',#2296);
#2296 = CARTESIAN_POINT('',(35.575,-15.,32.));
#2297 = CIRCLE('',#2298,4.15);
#2298 = AXIS2_PLACEMENT_3D('',#2299,#2300,#2301);
#2299 = CARTESIAN_POINT('',(31.425,-15.,32.));
#2300 = DIRECTION('',(0.,0.,1.));
#2301 = DIRECTION('',(1.,0.,0.));
#2302 = ORIENTED_EDGE('',*,*,#2303,.F.);
#2303 = EDGE_CURVE('',#2295,#2293,#2304,.T.);
#2304 = CIRCLE('',#2305,4.15);
#2305 = AXIS2_PLACEMENT_3D('',#2306,#2307,#2308);
#2306 = CARTESIAN_POINT('',(31.425,-15.,32.));
#2307 = DIRECTION('',(0.,0.,1.));
#2308 = DIRECTION('',(1.,0.,0.));
#2309 = FACE_BOUND('',#2310,.T.);
#2310 = EDGE_LOOP('',(#2311));
#2311 = ORIENTED_EDGE('',*,*,#2312,.F.);
#2312 = EDGE_CURVE('',#2313,#2313,#2315,.T.);
#2313 = VERTEX_POINT('',#2314);
#2314 = CARTESIAN_POINT('',(-26.296,-15.,32.));
#2315 = CIRCLE('',#2316,4.15);
#2316 = AXIS2_PLACEMENT_3D('',#2317,#2318,#2319);
#2317 = CARTESIAN_POINT('',(-30.446,-15.,32.));
#2318 = DIRECTION('',(0.,0.,1.));
#2319 = DIRECTION('',(1.,0.,0.));
#2320 = FACE_BOUND('',#2321,.T.);
#2321 = EDGE_LOOP('',(#2322));
#2322 = ORIENTED_EDGE('',*,*,#2323,.F.);
#2323 = EDGE_CURVE('',#2324,#2324,#2326,.T.);
#2324 = VERTEX_POINT('',#2325);
#2325 = CARTESIAN_POINT('',(-26.296,15.,32.));
#2326 = CIRCLE('',#2327,4.15);
#2327 = AXIS2_PLACEMENT_3D('',#2328,#2329,#2330);
#2328 = CARTESIAN_POINT('',(-30.446,15.,32.));
#2329 = DIRECTION('',(0.,0.,1.));
#2330 = DIRECTION('',(1.,0.,0.));
#2331 = FACE_BOUND('',#2332,.T.);
#2332 = EDGE_LOOP('',(#2333,#2344));
#2333 = ORIENTED_EDGE('',*,*,#2334,.F.);
#2334 = EDGE_CURVE('',#2335,#2337,#2339,.T.);
#2335 = VERTEX_POINT('',#2336);
#2336 = CARTESIAN_POINT('',(35.173906666376,16.779943484159,32.));
#2337 = VERTEX_POINT('',#2338);
#2338 = CARTESIAN_POINT('',(35.575,15.,32.));
#2339 = CIRCLE('',#2340,4.15);
#2340 = AXIS2_PLACEMENT_3D('',#2341,#2342,#2343);
#2341 = CARTESIAN_POINT('',(31.425,15.,32.));
#2342 = DIRECTION('',(0.,0.,1.));
#2343 = DIRECTION('',(1.,0.,0.));
#2344 = ORIENTED_EDGE('',*,*,#2345,.F.);
#2345 = EDGE_CURVE('',#2337,#2335,#2346,.T.);
#2346 = CIRCLE('',#2347,4.15);
#2347 = AXIS2_PLACEMENT_3D('',#2348,#2349,#2350);
#2348 = CARTESIAN_POINT('',(31.425,15.,32.));
#2349 = DIRECTION('',(0.,0.,1.));
#2350 = DIRECTION('',(1.,0.,0.));
#2351 = PLANE('',#2352);
#2352 = AXIS2_PLACEMENT_3D('',#2353,#2354,#2355);
#2353 = CARTESIAN_POINT('',(3.227225721944,2.3408E-13,32.));
#2354 = DIRECTION('',(0.,0.,1.));
#2355 = DIRECTION('',(1.,0.,0.));
#2356 = ADVANCED_FACE('',(#2357),#2565,.F.);
#2357 = FACE_BOUND('',#2358,.F.);
#2358 = EDGE_LOOP('',(#2359,#2366,#2367,#2368,#2395,#2406,#2420,#2511,
    #2553));
#2359 = ORIENTED_EDGE('',*,*,#2360,.F.);
#2360 = EDGE_CURVE('',#190,#2361,#2363,.T.);
#2361 = VERTEX_POINT('',#2362);
#2362 = CARTESIAN_POINT('',(34.720570278818,11.257530791149,0.));
#2363 = B_SPLINE_CURVE_WITH_KNOTS('',1,(#2364,#2365),.UNSPECIFIED.,.F.,
  .F.,(2,2),(0.,22.),.PIECEWISE_BEZIER_KNOTS.);
#2364 = CARTESIAN_POINT('',(37.5,12.,22.));
#2365 = CARTESIAN_POINT('',(34.720570278818,11.257530791149,0.));
#2366 = ORIENTED_EDGE('',*,*,#199,.T.);
#2367 = ORIENTED_EDGE('',*,*,#313,.T.);
#2368 = ORIENTED_EDGE('',*,*,#2369,.T.);
#2369 = EDGE_CURVE('',#301,#2370,#2372,.T.);
#2370 = VERTEX_POINT('',#2371);
#2371 = CARTESIAN_POINT('',(28.914827747197,23.763920387489,6.5));
#2372 = B_SPLINE_CURVE_WITH_KNOTS('',5,(#2373,#2374,#2375,#2376,#2377,
    #2378,#2379,#2380,#2381,#2382,#2383,#2384,#2385,#2386,#2387,#2388,
    #2389,#2390,#2391,#2392,#2393,#2394),.UNSPECIFIED.,.F.,.F.,(6,4,4,4,
    4,6),(0.,0.494156845746,0.939503578411,0.970202192073,0.984532399985
    ,1.),.UNSPECIFIED.);
#2373 = CARTESIAN_POINT('',(21.786754303429,28.841751528807,6.5));
#2374 = CARTESIAN_POINT('',(22.795844509276,28.365054786902,6.5));
#2375 = CARTESIAN_POINT('',(23.777854364492,27.830981530897,6.5));
#2376 = CARTESIAN_POINT('',(24.728604752492,27.241971912001,6.5));
#2377 = CARTESIAN_POINT('',(25.644264380698,26.600812841084,6.5));
#2378 = CARTESIAN_POINT('',(27.311757797487,25.288555979303,6.5));
#2379 = CARTESIAN_POINT('',(28.070843893685,24.626667713348,6.5));
#2380 = CARTESIAN_POINT('',(28.796021059526,23.927194630103,6.5));
#2381 = CARTESIAN_POINT('',(29.484961320584,23.192583981314,6.5));
#2382 = CARTESIAN_POINT('',(30.180410255823,22.372576112738,6.5));
#2383 = CARTESIAN_POINT('',(30.225075329494,22.319541958026,6.5));
#2384 = CARTESIAN_POINT('',(30.269557553445,22.266354141614,6.5));
#2385 = CARTESIAN_POINT('',(30.313856246026,22.21301352393,6.5));
#2386 = CARTESIAN_POINT('',(30.378563509066,22.134550478833,6.5));
#2387 = CARTESIAN_POINT('',(30.399117515957,22.109545221225,6.5));
#2388 = CARTESIAN_POINT('',(30.41963265543,22.084505295592,6.5));
#2389 = CARTESIAN_POINT('',(30.440108831777,22.05943080174,6.5));
#2390 = CARTESIAN_POINT('',(30.482605166763,22.007219973688,6.5));
#2391 = CARTESIAN_POINT('',(30.504617355397,21.980079818643,6.5));
#2392 = CARTESIAN_POINT('',(30.526582429479,21.952901498415,6.5));
#2393 = CARTESIAN_POINT('',(30.548500302312,21.925685122162,6.5));
#2394 = CARTESIAN_POINT('',(30.570370886666,21.898430784576,6.5));
#2395 = ORIENTED_EDGE('',*,*,#2396,.T.);
#2396 = EDGE_CURVE('',#2370,#2397,#2399,.T.);
#2397 = VERTEX_POINT('',#2398);
#2398 = CARTESIAN_POINT('',(28.485433849554,22.821701473327,0.));
#2399 = B_SPLINE_CURVE_WITH_KNOTS('',5,(#2400,#2401,#2402,#2403,#2404,
    #2405),.UNSPECIFIED.,.F.,.F.,(6,6),(0.,1.),
  .PIECEWISE_BEZIER_KNOTS.);
#2400 = CARTESIAN_POINT('',(28.914827747197,23.763920387489,6.5));
#2401 = CARTESIAN_POINT('',(28.832921897074,23.584194402583,
    5.19924814834));
#2402 = CARTESIAN_POINT('',(28.749100309253,23.400264714962,
    3.89884724769));
#2403 = CARTESIAN_POINT('',(28.663292964985,23.211977682503,
    2.598821150844));
#2404 = CARTESIAN_POINT('',(28.575427551154,23.019174628555,
    1.299196125352));
#2405 = CARTESIAN_POINT('',(28.485433849554,22.821701473327,0.));
#2406 = ORIENTED_EDGE('',*,*,#2407,.F.);
#2407 = EDGE_CURVE('',#2408,#2397,#2410,.T.);
#2408 = VERTEX_POINT('',#2409);
#2409 = CARTESIAN_POINT('',(30.906051965789,19.418186104847,0.));
#2410 = B_SPLINE_CURVE_WITH_KNOTS('',8,(#2411,#2412,#2413,#2414,#2415,
    #2416,#2417,#2418,#2419),.UNSPECIFIED.,.F.,.F.,(9,9),(6.,7.),
  .PIECEWISE_BEZIER_KNOTS.);
#2411 = CARTESIAN_POINT('',(34.720570278818,11.257530791149,0.));
#2412 = CARTESIAN_POINT('',(33.85723324559,13.920242063505,0.));
#2413 = CARTESIAN_POINT('',(32.760522243528,16.507285134324,0.));
#2414 = CARTESIAN_POINT('',(31.438172462743,18.994799895094,0.));
#2415 = CARTESIAN_POINT('',(29.900852556382,21.359867125298,0.));
#2416 = CARTESIAN_POINT('',(28.162008946847,23.580974596686,0.));
#2417 = CARTESIAN_POINT('',(26.237631882569,25.638427279562,0.));
#2418 = CARTESIAN_POINT('',(24.145943245321,27.514701651056,0.));
#2419 = CARTESIAN_POINT('',(21.907006108092,29.194744105404,0.));
#2420 = ORIENTED_EDGE('',*,*,#2421,.T.);
#2421 = EDGE_CURVE('',#2408,#2422,#2424,.T.);
#2422 = VERTEX_POINT('',#2423);
#2423 = CARTESIAN_POINT('',(35.873558813737,15.,14.12385327442));
#2424 = B_SPLINE_CURVE_WITH_KNOTS('',8,(#2425,#2426,#2427,#2428,#2429,
    #2430,#2431,#2432,#2433,#2434,#2435,#2436,#2437,#2438,#2439,#2440,
    #2441,#2442,#2443,#2444,#2445,#2446,#2447,#2448,#2449,#2450,#2451,
    #2452,#2453,#2454,#2455,#2456,#2457,#2458,#2459,#2460,#2461,#2462,
    #2463,#2464,#2465,#2466,#2467,#2468,#2469,#2470,#2471,#2472,#2473,
    #2474,#2475,#2476,#2477,#2478,#2479,#2480,#2481,#2482,#2483,#2484,
    #2485,#2486,#2487,#2488,#2489,#2490,#2491,#2492,#2493,#2494,#2495,
    #2496,#2497,#2498,#2499,#2500,#2501,#2502,#2503,#2504,#2505,#2506,
    #2507,#2508,#2509,#2510),.UNSPECIFIED.,.F.,.F.,(9,7,7,7,7,7,7,7,7,7,
    7,7,9),(0.,0.262179632944,0.525439391852,0.628159680412,
    0.733167291322,0.823905983758,0.867690093265,0.900131190944,
    0.915748739524,0.934529050603,0.966880888215,0.982046411151,1.),
  .UNSPECIFIED.);
#2425 = CARTESIAN_POINT('',(30.906051965789,19.418186104847,0.));
#2426 = CARTESIAN_POINT('',(31.022456840368,19.43185870247,
    0.575362313649));
#2427 = CARTESIAN_POINT('',(31.141089789408,19.442239447061,
    1.150591500092));
#2428 = CARTESIAN_POINT('',(31.262059382935,19.449147842541,
    1.725673183291));
#2429 = CARTESIAN_POINT('',(31.38548638146,19.452367970193,
    2.300587903426));
#2430 = CARTESIAN_POINT('',(31.51150478744,19.451645015801,
    2.875311046123));
#2431 = CARTESIAN_POINT('',(31.640265284266,19.446674120093,
    3.449812550688));
#2432 = CARTESIAN_POINT('',(31.771941062785,19.437081552492,
    4.024056397368));
#2433 = CARTESIAN_POINT('',(32.04208633537,19.407654371479,
    5.174307878534));
#2434 = CARTESIAN_POINT('',(32.180576575872,19.387778519052,
    5.750292108733));
#2435 = CARTESIAN_POINT('',(32.322418274817,19.362291999598,
    6.325926995871));
#2436 = CARTESIAN_POINT('',(32.467847843601,19.330625931582,
    6.901161586058));
#2437 = CARTESIAN_POINT('',(32.617144979535,19.292061675481,
    7.475915822979));
#2438 = CARTESIAN_POINT('',(32.770638303658,19.245708656115,
    8.050079550167));
#2439 = CARTESIAN_POINT('',(32.928736592718,19.19040216766,
    8.623506997434));
#2440 = CARTESIAN_POINT('',(33.155736406636,19.098652148435,
    9.419378117917));
#2441 = CARTESIAN_POINT('',(33.220237863998,19.071272972922,
    9.642610641178));
#2442 = CARTESIAN_POINT('',(33.285562887937,19.042163164896,
    9.865685030505));
#2443 = CARTESIAN_POINT('',(33.351749854016,19.011205402404,
    10.088585676891));
#2444 = CARTESIAN_POINT('',(33.418841436419,18.978266457809,
    10.311293286718));
#2445 = CARTESIAN_POINT('',(33.486886089392,18.943192437696,
    10.533784472893));
#2446 = CARTESIAN_POINT('',(33.555940525345,18.905800948941,
    10.756031068496));
#2447 = CARTESIAN_POINT('',(33.69776753186,18.825050275436,
    11.204909928301));
#2448 = CARTESIAN_POINT('',(33.770585086836,18.78157883566,
    11.431518440346));
#2449 = CARTESIAN_POINT('',(33.844602255154,18.735216272496,
    11.657797925129));
#2450 = CARTESIAN_POINT('',(33.919904476057,18.685683429487,
    11.883705070882));
#2451 = CARTESIAN_POINT('',(33.996593406502,18.632638495613,
    12.109177010162));
#2452 = CARTESIAN_POINT('',(34.074790424272,18.575665135993,
    12.33412992807));
#2453 = CARTESIAN_POINT('',(34.154650012948,18.514230023892,
    12.558453867772));
#2454 = CARTESIAN_POINT('',(34.307035058724,18.389964221429,
    12.975166492202));
#2455 = CARTESIAN_POINT('',(34.379044166391,18.328487971569,
    13.167646494673));
#2456 = CARTESIAN_POINT('',(34.452599401821,18.262630670913,
    13.359440653269));
#2457 = CARTESIAN_POINT('',(34.527901993659,18.19173069007,13.550441883)
  );
#2458 = CARTESIAN_POINT('',(34.605156310352,18.115046102673,
    13.740453379758));
#2459 = CARTESIAN_POINT('',(34.684682984944,18.031381824123,
    13.929106972688));
#2460 = CARTESIAN_POINT('',(34.766831646993,17.939368648949,
    14.115924961201));
#2461 = CARTESIAN_POINT('',(34.893807686271,17.785902317929,
    14.388814794587));
#2462 = CARTESIAN_POINT('',(34.935895045423,17.733340329481,
    14.476874836665));
#2463 = CARTESIAN_POINT('',(34.978878233159,17.677776012549,
    14.564167914937));
#2464 = CARTESIAN_POINT('',(35.022892151753,17.618735760871,
    14.65056572641));
#2465 = CARTESIAN_POINT('',(35.068060301064,17.555701527415,
    14.735837293582));
#2466 = CARTESIAN_POINT('',(35.114553234413,17.487895290492,
    14.819569634766));
#2467 = CARTESIAN_POINT('',(35.162546455807,17.414433266356,
    14.901225255878));
#2468 = CARTESIAN_POINT('',(35.249493213118,17.273302497558,
    15.03805107038));
#2469 = CARTESIAN_POINT('',(35.287094312824,17.209831388876,
    15.093857571965));
#2470 = CARTESIAN_POINT('',(35.325941482123,17.141510126037,
    15.147717265036));
#2471 = CARTESIAN_POINT('',(35.366385881614,17.067052845067,
    15.199184930645));
#2472 = CARTESIAN_POINT('',(35.408475660635,16.985339351974,
    15.246872677795));
#2473 = CARTESIAN_POINT('',(35.451958459781,16.895457370121,
    15.288508246708));
#2474 = CARTESIAN_POINT('',(35.49630062974,16.796622184504,
    15.320845555196));
#2475 = CARTESIAN_POINT('',(35.562028424599,16.636410158446,
    15.349095981821));
#2476 = CARTESIAN_POINT('',(35.583304456889,16.582406485909,
    15.355163671096));
#2477 = CARTESIAN_POINT('',(35.604069333773,16.527268908307,
    15.357575506934));
#2478 = CARTESIAN_POINT('',(35.623998573251,16.471737529318,
    15.356090699406));
#2479 = CARTESIAN_POINT('',(35.642859484936,16.416496349345,
    15.350746885797));
#2480 = CARTESIAN_POINT('',(35.660497766767,16.362180654643,
    15.341824543811));
#2481 = CARTESIAN_POINT('',(35.676822146334,16.309382104823,
    15.329799643371));
#2482 = CARTESIAN_POINT('',(35.709782583907,16.197647310354,
    15.297829927423));
#2483 = CARTESIAN_POINT('',(35.72590033063,16.139335370587,
    15.276689444936));
#2484 = CARTESIAN_POINT('',(35.740312586939,16.083761831895,
    15.252594268135));
#2485 = CARTESIAN_POINT('',(35.753211258249,16.030853735827,
    15.226193114201));
#2486 = CARTESIAN_POINT('',(35.764779657146,15.980468231242,
    15.198007975224));
#2487 = CARTESIAN_POINT('',(35.775185906574,15.932406373192,
    15.168422963074));
#2488 = CARTESIAN_POINT('',(35.784584376242,15.886413201427,
    15.13768505166));
#2489 = CARTESIAN_POINT('',(35.807800894326,15.76599755938,
    15.051133354128));
#2490 = CARTESIAN_POINT('',(35.819835161615,15.695411038326,
    14.99351147116));
#2491 = CARTESIAN_POINT('',(35.829877101509,15.629195756295,
    14.933890944791));
#2492 = CARTESIAN_POINT('',(35.838275305372,15.566736591054,
    14.872784530596));
#2493 = CARTESIAN_POINT('',(35.84531873292,15.507494609718,
    14.810579524916));
#2494 = CARTESIAN_POINT('',(35.85120684748,15.451070672392,
    14.747507554732));
#2495 = CARTESIAN_POINT('',(35.856106327359,15.397089105733,
    14.683697628899));
#2496 = CARTESIAN_POINT('',(35.862037030229,15.32089386622,
    14.588916652788));
#2497 = CARTESIAN_POINT('',(35.863730710651,15.297164879624,
    14.558666152838));
#2498 = CARTESIAN_POINT('',(35.865242018235,15.273978775966,
    14.52841583439));
#2499 = CARTESIAN_POINT('',(35.866585244349,15.251295667246,
    14.498165773095));
#2500 = CARTESIAN_POINT('',(35.867772600944,15.229081240072,
    14.467915760963));
#2501 = CARTESIAN_POINT('',(35.868814624931,15.207305804135,
    14.437665567273));
#2502 = CARTESIAN_POINT('',(35.869720582553,15.185943340696,
    14.407415199484));
#2503 = CARTESIAN_POINT('',(35.871420247869,15.140142073747,
    14.341353890136));
#2504 = CARTESIAN_POINT('',(35.872017733715,15.119761225129,
    14.311169347146));
#2505 = CARTESIAN_POINT('',(35.872545806639,15.099679342998,
    14.28112257008));
#2506 = CARTESIAN_POINT('',(35.873006021247,15.0777902143,
    14.247792469561));
#2507 = CARTESIAN_POINT('',(35.873375662381,15.054401442404,
    14.211568486914));
#2508 = CARTESIAN_POINT('',(35.873526410088,15.031009165647,
    14.17422126569));
#2509 = CARTESIAN_POINT('',(35.873558814061,15.01121346912,
    14.142127402489));
#2510 = CARTESIAN_POINT('',(35.873558813737,15.,14.12385327442));
#2511 = ORIENTED_EDGE('',*,*,#2512,.T.);
#2512 = EDGE_CURVE('',#2422,#2513,#2515,.T.);
#2513 = VERTEX_POINT('',#2514);
#2514 = CARTESIAN_POINT('',(34.533813180117,11.81802637811,0.));
#2515 = B_SPLINE_CURVE_WITH_KNOTS('',8,(#2516,#2517,#2518,#2519,#2520,
    #2521,#2522,#2523,#2524,#2525,#2526,#2527,#2528,#2529,#2530,#2531,
    #2532,#2533,#2534,#2535,#2536,#2537,#2538,#2539,#2540,#2541,#2542,
    #2543,#2544,#2545,#2546,#2547,#2548,#2549,#2550,#2551,#2552),
  .UNSPECIFIED.,.F.,.F.,(9,7,7,7,7,9),(0.,0.119142354753,0.364579614583,
    0.618913244271,0.872540039634,1.),.UNSPECIFIED.);
#2516 = CARTESIAN_POINT('',(35.873558813737,15.,14.123853274418));
#2517 = CARTESIAN_POINT('',(35.873558813737,14.877165816382,
    13.923675670787));
#2518 = CARTESIAN_POINT('',(35.86968310165,14.765161017545,
    13.72124338728));
#2519 = CARTESIAN_POINT('',(35.863123324572,14.661105405485,
    13.51729652701));
#2520 = CARTESIAN_POINT('',(35.854418828842,14.563694919407,
    13.312236802291));
#2521 = CARTESIAN_POINT('',(35.844018026483,14.471819195916,
    13.106367846945));
#2522 = CARTESIAN_POINT('',(35.83219494715,14.384766166565,
    12.899855639679));
#2523 = CARTESIAN_POINT('',(35.819178619716,14.301907595135,
    12.69278800197));
#2524 = CARTESIAN_POINT('',(35.776196052317,14.059682667527,
    12.057445933711));
#2525 = CARTESIAN_POINT('',(35.742918643483,13.912475137803,
    11.627778474877));
#2526 = CARTESIAN_POINT('',(35.706800499755,13.776965518431,
    11.196792726647));
#2527 = CARTESIAN_POINT('',(35.668502613729,13.651203517867,
    10.764844226251));
#2528 = CARTESIAN_POINT('',(35.628563390691,13.533563850236,
    10.332197792624));
#2529 = CARTESIAN_POINT('',(35.587300706907,13.422995514782,
    9.898999504028));
#2530 = CARTESIAN_POINT('',(35.544975861333,13.318592904666,
    9.465323163449));
#2531 = CARTESIAN_POINT('',(35.456996918919,13.117131968391,
    8.581262562017));
#2532 = CARTESIAN_POINT('',(35.411287003445,13.020495852037,
    8.130930725207));
#2533 = CARTESIAN_POINT('',(35.364852901939,12.928974979009,
    7.680244060945));
#2534 = CARTESIAN_POINT('',(35.317840099927,12.841998544104,
    7.229262551144));
#2535 = CARTESIAN_POINT('',(35.270356765813,12.759110437419,
    6.778032942612));
#2536 = CARTESIAN_POINT('',(35.222486451605,12.679932077963,
    6.326590845255));
#2537 = CARTESIAN_POINT('',(35.174292806909,12.604147800796,
    5.874961557489));
#2538 = CARTESIAN_POINT('',(35.07749393481,12.459025772628,4.97261647658
    ));
#2539 = CARTESIAN_POINT('',(35.028890854528,12.389671661474,
    4.521907576439));
#2540 = CARTESIAN_POINT('',(34.980066760063,12.323155506765,
    4.071055290323));
#2541 = CARTESIAN_POINT('',(34.931058610238,12.259254395811,
    3.62007709787));
#2542 = CARTESIAN_POINT('',(34.881893992308,12.197778908403,
    3.168987625685));
#2543 = CARTESIAN_POINT('',(34.832593746164,12.138564639847,
    2.71779897966));
#2544 = CARTESIAN_POINT('',(34.78317356454,12.081466818603,
    2.266520955426));
#2545 = CARTESIAN_POINT('',(34.708753808899,11.998663131446,
    1.588330575493));
#2546 = CARTESIAN_POINT('',(34.683835621766,11.971470501167,
    1.361479586856));
#2547 = CARTESIAN_POINT('',(34.658891393189,11.94476412164,
    1.134609238409));
#2548 = CARTESIAN_POINT('',(34.633922295154,11.918528852573,
    0.907720538864));
#2549 = CARTESIAN_POINT('',(34.608929286272,11.892750419478,
    0.680814428248));
#2550 = CARTESIAN_POINT('',(34.583913111786,11.867415413663,
    0.453891777906));
#2551 = CARTESIAN_POINT('',(34.558874303567,11.842511292237,
    0.226953390497));
#2552 = CARTESIAN_POINT('',(34.533813180117,11.818026378109,0.));
#2553 = ORIENTED_EDGE('',*,*,#2554,.F.);
#2554 = EDGE_CURVE('',#2361,#2513,#2555,.T.);
#2555 = B_SPLINE_CURVE_WITH_KNOTS('',8,(#2556,#2557,#2558,#2559,#2560,
    #2561,#2562,#2563,#2564),.UNSPECIFIED.,.F.,.F.,(9,9),(6.,7.),
  .PIECEWISE_BEZIER_KNOTS.);
#2556 = CARTESIAN_POINT('',(34.720570278818,11.257530791149,0.));
#2557 = CARTESIAN_POINT('',(33.85723324559,13.920242063505,0.));
#2558 = CARTESIAN_POINT('',(32.760522243528,16.507285134324,0.));
#2559 = CARTESIAN_POINT('',(31.438172462743,18.994799895094,0.));
#2560 = CARTESIAN_POINT('',(29.900852556382,21.359867125298,0.));
#2561 = CARTESIAN_POINT('',(28.162008946847,23.580974596686,0.));
#2562 = CARTESIAN_POINT('',(26.237631882569,25.638427279562,0.));
#2563 = CARTESIAN_POINT('',(24.145943245321,27.514701651056,0.));
#2564 = CARTESIAN_POINT('',(21.907006108092,29.194744105404,0.));
#2565 = B_SPLINE_SURFACE_WITH_KNOTS('',8,1,(
    (#2566,#2567)
    ,(#2568,#2569)
    ,(#2570,#2571)
    ,(#2572,#2573)
    ,(#2574,#2575)
    ,(#2576,#2577)
    ,(#2578,#2579)
    ,(#2580,#2581)
    ,(#2582,#2583
    )),.UNSPECIFIED.,.F.,.F.,.F.,(9,9),(2,2),(6.,7.),(0.,22.),
  .PIECEWISE_BEZIER_KNOTS.);
#2566 = CARTESIAN_POINT('',(37.5,12.,22.));
#2567 = CARTESIAN_POINT('',(34.720570278818,11.257530791149,0.));
#2568 = CARTESIAN_POINT('',(37.5,15.14159265359,22.));
#2569 = CARTESIAN_POINT('',(33.85723324559,13.920242063505,0.));
#2570 = CARTESIAN_POINT('',(36.795027376621,18.283186296068,22.));
#2571 = CARTESIAN_POINT('',(32.760522243528,16.507285134324,0.));
#2572 = CARTESIAN_POINT('',(35.385089053942,21.24021174936,22.));
#2573 = CARTESIAN_POINT('',(31.438172462743,18.994799895094,0.));
#2574 = CARTESIAN_POINT('',(33.328140092479,23.828140092479,22.));
#2575 = CARTESIAN_POINT('',(29.900852556382,21.359867125298,0.));
#2576 = CARTESIAN_POINT('',(30.740211749361,25.885089053942,22.));
#2577 = CARTESIAN_POINT('',(28.162008946847,23.580974596686,0.));
#2578 = CARTESIAN_POINT('',(27.783186296068,27.295027376621,22.));
#2579 = CARTESIAN_POINT('',(26.237631882569,25.638427279562,0.));
#2580 = CARTESIAN_POINT('',(24.64159265359,28.,22.));
#2581 = CARTESIAN_POINT('',(24.145943245321,27.514701651056,0.));
#2582 = CARTESIAN_POINT('',(21.5,28.,22.));
#2583 = CARTESIAN_POINT('',(21.907006108092,29.194744105404,0.));
#2584 = ADVANCED_FACE('',(#2585),#2613,.F.);
#2585 = FACE_BOUND('',#2586,.F.);
#2586 = EDGE_LOOP('',(#2587,#2588,#2596,#2607));
#2587 = ORIENTED_EDGE('',*,*,#244,.T.);
#2588 = ORIENTED_EDGE('',*,*,#2589,.F.);
#2589 = EDGE_CURVE('',#2590,#247,#2592,.T.);
#2590 = VERTEX_POINT('',#2591);
#2591 = CARTESIAN_POINT('',(5.208227704162,33.235770161357,4.));
#2592 = LINE('',#2593,#2594);
#2593 = CARTESIAN_POINT('',(5.835212624136,34.611563002701,4.));
#2594 = VECTOR('',#2595,1.);
#2595 = DIRECTION('',(0.414693242656,0.909961270877,0.));
#2596 = ORIENTED_EDGE('',*,*,#2597,.F.);
#2597 = EDGE_CURVE('',#2598,#2590,#2600,.T.);
#2598 = VERTEX_POINT('',#2599);
#2599 = CARTESIAN_POINT('',(5.128566362003,33.060969299673,4.5));
#2600 = B_SPLINE_CURVE_WITH_KNOTS('',5,(#2601,#2602,#2603,#2604,#2605,
    #2606),.UNSPECIFIED.,.F.,.F.,(6,6),(0.,1.),
  .PIECEWISE_BEZIER_KNOTS.);
#2601 = CARTESIAN_POINT('',(4.807120512222,32.355620757916,6.5));
#2602 = CARTESIAN_POINT('',(5.017168405642,32.816528793978,
    5.202052887506));
#2603 = CARTESIAN_POINT('',(5.225069255446,33.272725572813,
    3.903095208514));
#2604 = CARTESIAN_POINT('',(5.430741458555,33.724032032803,
    2.603103828984));
#2605 = CARTESIAN_POINT('',(5.634133201311,34.170334479253,
    1.302071034588));
#2606 = CARTESIAN_POINT('',(5.835212624136,34.611563002701,0.));
#2607 = ORIENTED_EDGE('',*,*,#2608,.T.);
#2608 = EDGE_CURVE('',#2598,#245,#2609,.T.);
#2609 = LINE('',#2610,#2611);
#2610 = CARTESIAN_POINT('',(4.807120512222,32.355620757916,4.5));
#2611 = VECTOR('',#2612,1.);
#2612 = DIRECTION('',(0.414693242656,0.909961270877,0.));
#2613 = PLANE('',#2614);
#2614 = AXIS2_PLACEMENT_3D('',#2615,#2616,#2617);
#2615 = CARTESIAN_POINT('',(4.20070126272,31.024955161758,0.));
#2616 = DIRECTION('',(-0.909961270877,0.414693242656,0.));
#2617 = DIRECTION('',(0.414693242656,0.909961270877,0.));
#2618 = ADVANCED_FACE('',(#2619),#2685,.T.);
#2619 = FACE_BOUND('',#2620,.F.);
#2620 = EDGE_LOOP('',(#2621,#2677,#2678,#2679));
#2621 = ORIENTED_EDGE('',*,*,#2622,.T.);
#2622 = EDGE_CURVE('',#2623,#2590,#2625,.T.);
#2623 = VERTEX_POINT('',#2624);
#2624 = CARTESIAN_POINT('',(1.644449769264,35.061457255724,-1.E-15));
#2625 = B_SPLINE_CURVE_WITH_KNOTS('',8,(#2626,#2627,#2628,#2629,#2630,
    #2631,#2632,#2633,#2634,#2635,#2636,#2637,#2638,#2639,#2640,#2641,
    #2642,#2643,#2644,#2645,#2646,#2647,#2648,#2649,#2650,#2651,#2652,
    #2653,#2654,#2655,#2656,#2657,#2658,#2659,#2660,#2661,#2662,#2663,
    #2664,#2665,#2666,#2667,#2668,#2669,#2670,#2671,#2672,#2673,#2674,
    #2675,#2676),.UNSPECIFIED.,.F.,.F.,(9,7,7,7,7,7,7,9),(0.,
    4.904760807889E-02,0.150180834425,0.268088849168,0.328228041642,
    0.44282209869,0.597006435222,1.),.UNSPECIFIED.);
#2626 = CARTESIAN_POINT('',(1.644449846062,35.061457252122,0.));
#2627 = CARTESIAN_POINT('',(1.689738306577,35.059333135828,7.5108946E-10
    ));
#2628 = CARTESIAN_POINT('',(1.735085349963,35.056944956943,
    5.061314728927E-04));
#2629 = CARTESIAN_POINT('',(1.780477480025,35.054290540694,
    1.525385850471E-03));
#2630 = CARTESIAN_POINT('',(1.825900558127,35.05136808388,
    3.064248511789E-03));
#2631 = CARTESIAN_POINT('',(1.871339803191,35.048176154876,
    5.128695027713E-03));
#2632 = CARTESIAN_POINT('',(1.916779791701,35.044713693627,
    7.724191912013E-03));
#2633 = CARTESIAN_POINT('',(1.962204457697,35.040980011653,
    1.085569662136E-02));
#2634 = CARTESIAN_POINT('',(2.101193984014,35.028716269424,
    2.209902078416E-02));
#2635 = CARTESIAN_POINT('',(2.194661269668,35.019302849579,
    3.196846531953E-02));
#2636 = CARTESIAN_POINT('',(2.28784487185,35.008732774514,
    4.417344280893E-02));
#2637 = CARTESIAN_POINT('',(2.380587777995,34.997012084206,
    5.873944173972E-02));
#2638 = CARTESIAN_POINT('',(2.472730588532,34.984155069744,
    7.567837769922E-02));
#2639 = CARTESIAN_POINT('',(2.564112064535,34.970184726461,
    9.498698363479E-02));
#2640 = CARTESIAN_POINT('',(2.654569675383,34.95513320707,0.116645200114
    ));
#2641 = CARTESIAN_POINT('',(2.848134338547,34.92028236821,0.168559687077
    ));
#2642 = CARTESIAN_POINT('',(2.950867381596,34.900106566232,0.19965073573
    ));
#2643 = CARTESIAN_POINT('',(3.051877033997,34.87858109498,0.233826928848
    ));
#2644 = CARTESIAN_POINT('',(3.15093234666,34.855783823249,0.27100186432)
  );
#2645 = CARTESIAN_POINT('',(3.247831565706,34.831801976182,
    0.311066690401));
#2646 = CARTESIAN_POINT('',(3.342400035217,34.806729848942,
    0.353893275501));
#2647 = CARTESIAN_POINT('',(3.434488099967,34.780666520376,
    0.399337377962));
#2648 = CARTESIAN_POINT('',(3.569608904434,34.739966164752,
    0.471675559527));
#2649 = CARTESIAN_POINT('',(3.614573432558,34.725986478974,
    0.496750875037));
#2650 = CARTESIAN_POINT('',(3.658847365946,34.711787471191,
    0.522447889502));
#2651 = CARTESIAN_POINT('',(3.702417749719,34.697381988905,
    0.548746413489));
#2652 = CARTESIAN_POINT('',(3.745273732903,34.682782701022,0.575626079)
  );
#2653 = CARTESIAN_POINT('',(3.787406400605,34.668002033579,
    0.603066477473));
#2654 = CARTESIAN_POINT('',(3.828808606201,34.653052105488,
    0.631047297774));
#2655 = CARTESIAN_POINT('',(3.946963448482,34.609157729989,
    0.713856880342));
#2656 = CARTESIAN_POINT('',(4.02177791032,34.579799470476,0.770053475713
    ));
#2657 = CARTESIAN_POINT('',(4.093883470648,34.549950391772,
    0.828000866465));
#2658 = CARTESIAN_POINT('',(4.16326516111,34.519685830723,0.887565379919
    ));
#2659 = CARTESIAN_POINT('',(4.229924746047,34.489075485199,
    0.948618773367));
#2660 = CARTESIAN_POINT('',(4.293877705172,34.458182944302,
    1.011039952858));
#2661 = CARTESIAN_POINT('',(4.355150216239,34.42706521859,1.074716692002
    ));
#2662 = CARTESIAN_POINT('',(4.492656308656,34.353668145566,
    1.226775889177));
#2663 = CARTESIAN_POINT('',(4.56673833905,34.311250682622,1.316085408742
    ));
#2664 = CARTESIAN_POINT('',(4.636113327772,34.268638976544,
    1.407233653629));
#2665 = CARTESIAN_POINT('',(4.700883945392,34.225936590176,
    1.499998411441));
#2666 = CARTESIAN_POINT('',(4.761161035927,34.183232147489,
    1.594178709111));
#2667 = CARTESIAN_POINT('',(4.817060218589,34.140599926953,
    1.689596008812));
#2668 = CARTESIAN_POINT('',(4.868698489526,34.098100454904,
    1.786095403855));
#2669 = CARTESIAN_POINT('',(5.040322142138,33.945170458988,
    2.138256808448));
#2670 = CARTESIAN_POINT('',(5.13598813954,33.835917726139,2.399177165202
    ));
#2671 = CARTESIAN_POINT('',(5.205495362732,33.728739606993,
    2.664246422205));
#2672 = CARTESIAN_POINT('',(5.250431497053,33.624137372505,
    2.931710687472));
#2673 = CARTESIAN_POINT('',(5.272181274285,33.522427880548,
    3.200085180154));
#2674 = CARTESIAN_POINT('',(5.271862453184,33.423779433385,
    3.468166082908));
#2675 = CARTESIAN_POINT('',(5.25036965245,33.328242227156,3.735022695582
    ));
#2676 = CARTESIAN_POINT('',(5.208227704013,33.235770161031,4.));
#2677 = ORIENTED_EDGE('',*,*,#2589,.T.);
#2678 = ORIENTED_EDGE('',*,*,#340,.F.);
#2679 = ORIENTED_EDGE('',*,*,#2680,.F.);
#2680 = EDGE_CURVE('',#2623,#327,#2681,.T.);
#2681 = LINE('',#2682,#2683);
#2682 = CARTESIAN_POINT('',(2.19536754063,36.270335973326,-8.9E-16));
#2683 = VECTOR('',#2684,1.);
#2684 = DIRECTION('',(0.414693242656,0.909961270877,0.));
#2685 = CYLINDRICAL_SURFACE('',#2686,4.);
#2686 = AXIS2_PLACEMENT_3D('',#2687,#2688,#2689);
#2687 = CARTESIAN_POINT('',(2.19536754063,36.270335973326,4.));
#2688 = DIRECTION('',(0.414693242656,0.909961270877,0.));
#2689 = DIRECTION('',(0.,0.,-1.));
#2690 = ADVANCED_FACE('',(#2691),#2744,.F.);
#2691 = FACE_BOUND('',#2692,.T.);
#2692 = EDGE_LOOP('',(#2693,#2736,#2737,#2738));
#2693 = ORIENTED_EDGE('',*,*,#2694,.T.);
#2694 = EDGE_CURVE('',#2695,#2598,#2697,.T.);
#2695 = VERTEX_POINT('',#2696);
#2696 = CARTESIAN_POINT('',(6.888319878778,32.099553939026,6.5));
#2697 = B_SPLINE_CURVE_WITH_KNOTS('',7,(#2698,#2699,#2700,#2701,#2702,
    #2703,#2704,#2705,#2706,#2707,#2708,#2709,#2710,#2711,#2712,#2713,
    #2714,#2715,#2716,#2717,#2718,#2719,#2720,#2721,#2722,#2723,#2724,
    #2725,#2726,#2727,#2728,#2729,#2730,#2731,#2732,#2733,#2734,#2735),
  .UNSPECIFIED.,.F.,.F.,(8,6,6,6,6,6,8),(0.,0.105782679871,
    0.254371393701,0.327038854392,0.462561543079,0.6341511833,1.),
  .UNSPECIFIED.);
#2698 = CARTESIAN_POINT('',(6.888319874338,32.099553929285,6.5));
#2699 = CARTESIAN_POINT('',(6.832947567282,32.107636838387,6.5));
#2700 = CARTESIAN_POINT('',(6.777568830494,32.116241173097,
    6.498315397159));
#2701 = CARTESIAN_POINT('',(6.722299467306,32.125362318639,
    6.494921251425));
#2702 = CARTESIAN_POINT('',(6.667257403559,32.134992505469,
    6.489803443997));
#2703 = CARTESIAN_POINT('',(6.612562166566,32.145120366042,6.482959758)
  );
#2704 = CARTESIAN_POINT('',(6.558334364078,32.155730491571,
    6.474400959146));
#2705 = CARTESIAN_POINT('',(6.429350315938,32.182356084283,
    6.449755398419));
#2706 = CARTESIAN_POINT('',(6.355152466366,32.198824473263,
    6.432020913318));
#2707 = CARTESIAN_POINT('',(6.282446472056,32.216151504609,
    6.411018040588));
#2708 = CARTESIAN_POINT('',(6.211532255365,32.234272131882,
    6.386863249789));
#2709 = CARTESIAN_POINT('',(6.142667498589,32.253114165478,
    6.359711923924));
#2710 = CARTESIAN_POINT('',(6.076070339075,32.272599524777,
    6.329750422801));
#2711 = CARTESIAN_POINT('',(5.980550285727,32.302448989997,6.28126353221
    ));
#2712 = CARTESIAN_POINT('',(5.949761423759,32.31238742501,6.264715539339
    ));
#2713 = CARTESIAN_POINT('',(5.919574940659,32.322451728653,
    6.247567634764));
#2714 = CARTESIAN_POINT('',(5.89000721184,32.332632966553,6.229843871349
    ));
#2715 = CARTESIAN_POINT('',(5.861071796469,32.342922382781,
    6.211568616273));
#2716 = CARTESIAN_POINT('',(5.832779708055,32.35331144598,6.192766279446
    ));
#2717 = CARTESIAN_POINT('',(5.753591850515,32.383337627297,
    6.137457338659));
#2718 = CARTESIAN_POINT('',(5.704313018375,32.403200852645,
    6.099705084368));
#2719 = CARTESIAN_POINT('',(5.657356973761,32.423328803472,
    6.060360086249));
#2720 = CARTESIAN_POINT('',(5.612750447808,32.443672390556,
    6.019573902577));
#2721 = CARTESIAN_POINT('',(5.57049820067,32.464186680465,5.977490735334
    ));
#2722 = CARTESIAN_POINT('',(5.530588104579,32.484831372495,
    5.934244322823));
#2723 = CARTESIAN_POINT('',(5.445399940043,32.53183073481,5.833878482097
    ));
#2724 = CARTESIAN_POINT('',(5.40152355091,32.5582407949,5.776134400969)
  );
#2725 = CARTESIAN_POINT('',(5.361312346367,32.584732300797,
    5.716962611487));
#2726 = CARTESIAN_POINT('',(5.324691942926,32.611243879248,
    5.656579918048));
#2727 = CARTESIAN_POINT('',(5.291574553371,32.637722155428,
    5.595178394731));
#2728 = CARTESIAN_POINT('',(5.261865253386,32.66412196953,5.532923873159
    ));
#2729 = CARTESIAN_POINT('',(5.179186801902,32.746448429656,5.33569634754
    ));
#2730 = CARTESIAN_POINT('',(5.138003508403,32.801925694457,
    5.198286495923));
#2731 = CARTESIAN_POINT('',(5.110908592856,32.856525680015,
    5.058971084676));
#2732 = CARTESIAN_POINT('',(5.097086200779,32.909960399878,
    4.918762464694));
#2733 = CARTESIAN_POINT('',(5.095794507508,32.961981357738,4.77847777719
    ));
#2734 = CARTESIAN_POINT('',(5.106422549823,33.01237913856,4.638741337513
    ));
#2735 = CARTESIAN_POINT('',(5.12856636228,33.060969300281,4.5));
#2736 = ORIENTED_EDGE('',*,*,#2608,.T.);
#2737 = ORIENTED_EDGE('',*,*,#257,.F.);
#2738 = ORIENTED_EDGE('',*,*,#2739,.F.);
#2739 = EDGE_CURVE('',#2695,#258,#2740,.T.);
#2740 = LINE('',#2741,#2742);
#2741 = CARTESIAN_POINT('',(6.627043053975,31.526234272603,6.5));
#2742 = VECTOR('',#2743,1.);
#2743 = DIRECTION('',(0.414693242656,0.909961270877,0.));
#2744 = CYLINDRICAL_SURFACE('',#2745,2.);
#2745 = AXIS2_PLACEMENT_3D('',#2746,#2747,#2748);
#2746 = CARTESIAN_POINT('',(6.627043053975,31.526234272603,4.5));
#2747 = DIRECTION('',(0.414693242656,0.909961270877,0.));
#2748 = DIRECTION('',(0.,0.,1.));
#2749 = ADVANCED_FACE('',(#2750,#2857),#2868,.T.);
#2750 = FACE_BOUND('',#2751,.T.);
#2751 = EDGE_LOOP('',(#2752,#2766,#2780,#2807,#2816,#2825,#2834,#2843,
    #2855,#2856));
#2752 = ORIENTED_EDGE('',*,*,#2753,.T.);
#2753 = EDGE_CURVE('',#2623,#2754,#2756,.T.);
#2754 = VERTEX_POINT('',#2755);
#2755 = CARTESIAN_POINT('',(-21.75621189608,27.544096353532,0.));
#2756 = B_SPLINE_CURVE_WITH_KNOTS('',8,(#2757,#2758,#2759,#2760,#2761,
    #2762,#2763,#2764,#2765),.UNSPECIFIED.,.F.,.F.,(9,9),(7.,8.),
  .PIECEWISE_BEZIER_KNOTS.);
#2757 = CARTESIAN_POINT('',(21.756211896086,27.544096353532,0.));
#2758 = CARTESIAN_POINT('',(17.152680679003,31.180280287235,0.));
#2759 = CARTESIAN_POINT('',(11.854603834062,33.937146984367,0.));
#2760 = CARTESIAN_POINT('',(6.057937564573,35.659920807751,0.));
#2761 = CARTESIAN_POINT('',(-2.5985E-13,36.246228013845,0.));
#2762 = CARTESIAN_POINT('',(-6.057937564573,35.659920807751,0.));
#2763 = CARTESIAN_POINT('',(-11.85460383406,33.937146984367,0.));
#2764 = CARTESIAN_POINT('',(-17.152680679,31.180280287235,0.));
#2765 = CARTESIAN_POINT('',(-21.75621189608,27.544096353532,0.));
#2766 = ORIENTED_EDGE('',*,*,#2767,.T.);
#2767 = EDGE_CURVE('',#2754,#2768,#2770,.T.);
#2768 = VERTEX_POINT('',#2769);
#2769 = CARTESIAN_POINT('',(-27.36211568381,21.984645212583,0.));
#2770 = B_SPLINE_CURVE_WITH_KNOTS('',8,(#2771,#2772,#2773,#2774,#2775,
    #2776,#2777,#2778,#2779),.UNSPECIFIED.,.F.,.F.,(9,9),(8.,9.),
  .PIECEWISE_BEZIER_KNOTS.);
#2771 = CARTESIAN_POINT('',(-21.75621189608,27.544096353532,0.));
#2772 = CARTESIAN_POINT('',(-23.74364063187,25.974289156042,0.));
#2773 = CARTESIAN_POINT('',(-25.60161928794,24.240594595325,0.));
#2774 = CARTESIAN_POINT('',(-27.31438231296,22.355464645322,0.));
#2775 = CARTESIAN_POINT('',(-28.86759800766,20.333176484467,0.));
#2776 = CARTESIAN_POINT('',(-30.2486391353,18.189615474478,0.));
#2777 = CARTESIAN_POINT('',(-31.44680106343,15.942021182297,0.));
#2778 = CARTESIAN_POINT('',(-32.45346743692,13.608696445196,0.));
#2779 = CARTESIAN_POINT('',(-33.26222338233,11.208679479031,0.));
#2780 = ORIENTED_EDGE('',*,*,#2781,.T.);
#2781 = EDGE_CURVE('',#2768,#2782,#2784,.T.);
#2782 = VERTEX_POINT('',#2783);
#2783 = CARTESIAN_POINT('',(-27.19804050398,18.039808321515,0.));
#2784 = B_SPLINE_CURVE_WITH_KNOTS('',6,(#2785,#2786,#2787,#2788,#2789,
    #2790,#2791,#2792,#2793,#2794,#2795,#2796,#2797,#2798,#2799,#2800,
    #2801,#2802,#2803,#2804,#2805,#2806),.UNSPECIFIED.,.F.,.F.,(7,5,5,5,
    7),(0.,0.236075971206,0.47189515679,0.736289708412,1.),
  .UNSPECIFIED.);
#2785 = CARTESIAN_POINT('',(-27.36211704236,21.984644196886,0.));
#2786 = CARTESIAN_POINT('',(-27.4591063827,21.863931139542,0.));
#2787 = CARTESIAN_POINT('',(-27.55081743912,21.734302607867,0.));
#2788 = CARTESIAN_POINT('',(-27.63598436221,21.595981618796,0.));
#2789 = CARTESIAN_POINT('',(-27.71328898185,21.449469923713,0.));
#2790 = CARTESIAN_POINT('',(-27.78147526508,21.295621691632,0.));
#2791 = CARTESIAN_POINT('',(-27.89748102766,20.975727077519,0.));
#2792 = CARTESIAN_POINT('',(-27.94532304144,20.809692180891,0.));
#2793 = CARTESIAN_POINT('',(-27.98200462969,20.638629313886,0.));
#2794 = CARTESIAN_POINT('',(-28.00671090362,20.463974374765,0.));
#2795 = CARTESIAN_POINT('',(-28.01899882266,20.287371319458,0.));
#2796 = CARTESIAN_POINT('',(-28.01862481744,19.912160352199,0.));
#2797 = CARTESIAN_POINT('',(-28.00275927144,19.713475596799,0.));
#2798 = CARTESIAN_POINT('',(-27.97115712935,19.516772490103,0.));
#2799 = CARTESIAN_POINT('',(-27.9243794958,19.324424830018,0.));
#2800 = CARTESIAN_POINT('',(-27.86359617072,19.138491172087,0.));
#2801 = CARTESIAN_POINT('',(-27.717198431,18.783109102029,0.));
#2802 = CARTESIAN_POINT('',(-27.63164792415,18.613616200248,0.));
#2803 = CARTESIAN_POINT('',(-27.53513297511,18.453677789525,0.));
#2804 = CARTESIAN_POINT('',(-27.42946925828,18.304416735028,0.));
#2805 = CARTESIAN_POINT('',(-27.31652396269,18.166404946732,0.));
#2806 = CARTESIAN_POINT('',(-27.19804050398,18.039808321515,0.));
#2807 = ORIENTED_EDGE('',*,*,#2808,.T.);
#2808 = EDGE_CURVE('',#2782,#2809,#2811,.T.);
#2809 = VERTEX_POINT('',#2810);
#2810 = CARTESIAN_POINT('',(-25.99744118626,15.,0.));
#2811 = CIRCLE('',#2812,4.448558813737);
#2812 = AXIS2_PLACEMENT_3D('',#2813,#2814,#2815);
#2813 = CARTESIAN_POINT('',(-30.446,15.,0.));
#2814 = DIRECTION('',(0.,0.,-1.));
#2815 = DIRECTION('',(1.,0.,0.));
#2816 = ORIENTED_EDGE('',*,*,#2817,.T.);
#2817 = EDGE_CURVE('',#2809,#2818,#2820,.T.);
#2818 = VERTEX_POINT('',#2819);
#2819 = CARTESIAN_POINT('',(-33.16884091691,11.482072647078,0.));
#2820 = CIRCLE('',#2821,4.448558813737);
#2821 = AXIS2_PLACEMENT_3D('',#2822,#2823,#2824);
#2822 = CARTESIAN_POINT('',(-30.446,15.,0.));
#2823 = DIRECTION('',(0.,0.,-1.));
#2824 = DIRECTION('',(1.,0.,0.));
#2825 = ORIENTED_EDGE('',*,*,#2826,.T.);
#2826 = EDGE_CURVE('',#2818,#2827,#2829,.T.);
#2827 = VERTEX_POINT('',#2828);
#2828 = CARTESIAN_POINT('',(-34.23234484934,12.664776627142,0.));
#2829 = CIRCLE('',#2830,4.448558813737);
#2830 = AXIS2_PLACEMENT_3D('',#2831,#2832,#2833);
#2831 = CARTESIAN_POINT('',(-30.446,15.,0.));
#2832 = DIRECTION('',(0.,0.,-1.));
#2833 = DIRECTION('',(1.,0.,0.));
#2834 = ORIENTED_EDGE('',*,*,#2835,.T.);
#2835 = EDGE_CURVE('',#2827,#2836,#2838,.T.);
#2836 = VERTEX_POINT('',#2837);
#2837 = CARTESIAN_POINT('',(-30.90166918303,19.425160010091,0.));
#2838 = CIRCLE('',#2839,4.448558813737);
#2839 = AXIS2_PLACEMENT_3D('',#2840,#2841,#2842);
#2840 = CARTESIAN_POINT('',(-30.446,15.,0.));
#2841 = DIRECTION('',(0.,0.,-1.));
#2842 = DIRECTION('',(1.,0.,0.));
#2843 = ORIENTED_EDGE('',*,*,#2844,.F.);
#2844 = EDGE_CURVE('',#320,#2836,#2845,.T.);
#2845 = B_SPLINE_CURVE_WITH_KNOTS('',8,(#2846,#2847,#2848,#2849,#2850,
    #2851,#2852,#2853,#2854),.UNSPECIFIED.,.F.,.F.,(9,9),(8.,9.),
  .PIECEWISE_BEZIER_KNOTS.);
#2846 = CARTESIAN_POINT('',(-21.90700610809,29.194744105404,0.));
#2847 = CARTESIAN_POINT('',(-24.14594324532,27.514701651056,0.));
#2848 = CARTESIAN_POINT('',(-26.23763188256,25.638427279562,0.));
#2849 = CARTESIAN_POINT('',(-28.16200894684,23.580974596686,0.));
#2850 = CARTESIAN_POINT('',(-29.90085255638,21.359867125298,0.));
#2851 = CARTESIAN_POINT('',(-31.43817246274,18.994799895094,0.));
#2852 = CARTESIAN_POINT('',(-32.76052224352,16.507285134324,0.));
#2853 = CARTESIAN_POINT('',(-33.85723324559,13.920242063505,0.));
#2854 = CARTESIAN_POINT('',(-34.72057027881,11.257530791149,0.));
#2855 = ORIENTED_EDGE('',*,*,#326,.F.);
#2856 = ORIENTED_EDGE('',*,*,#2680,.F.);
#2857 = FACE_BOUND('',#2858,.T.);
#2858 = EDGE_LOOP('',(#2859));
#2859 = ORIENTED_EDGE('',*,*,#2860,.F.);
#2860 = EDGE_CURVE('',#2861,#2861,#2863,.T.);
#2861 = VERTEX_POINT('',#2862);
#2862 = CARTESIAN_POINT('',(-28.846,15.,0.));
#2863 = CIRCLE('',#2864,1.6);
#2864 = AXIS2_PLACEMENT_3D('',#2865,#2866,#2867);
#2865 = CARTESIAN_POINT('',(-30.446,15.,0.));
#2866 = DIRECTION('',(0.,0.,-1.));
#2867 = DIRECTION('',(1.,0.,0.));
#2868 = PLANE('',#2869);
#2869 = AXIS2_PLACEMENT_3D('',#2870,#2871,#2872);
#2870 = CARTESIAN_POINT('',(0.41810529315,1.34E-15,0.));
#2871 = DIRECTION('',(-0.,-0.,-1.));
#2872 = DIRECTION('',(-1.,0.,0.));
#2873 = ADVANCED_FACE('',(#2874),#2925,.F.);
#2874 = FACE_BOUND('',#2875,.F.);
#2875 = EDGE_LOOP('',(#2876,#2889,#2916,#2922,#2923,#2924));
#2876 = ORIENTED_EDGE('',*,*,#2877,.T.);
#2877 = EDGE_CURVE('',#2695,#2878,#2880,.T.);
#2878 = VERTEX_POINT('',#2879);
#2879 = CARTESIAN_POINT('',(21.680512926788,27.265158794534,6.5));
#2880 = B_SPLINE_CURVE_WITH_KNOTS('',7,(#2881,#2882,#2883,#2884,#2885,
    #2886,#2887,#2888),.UNSPECIFIED.,.F.,.F.,(8,8),(0.,1.),
  .PIECEWISE_BEZIER_KNOTS.);
#2881 = CARTESIAN_POINT('',(3.525410794294,32.466297721455,6.5));
#2882 = CARTESIAN_POINT('',(6.236020530642,32.269813296533,6.5));
#2883 = CARTESIAN_POINT('',(8.933027631662,31.889361989647,6.5));
#2884 = CARTESIAN_POINT('',(11.60186406807,31.325395871334,6.5));
#2885 = CARTESIAN_POINT('',(14.227256731593,30.578840596936,6.5));
#2886 = CARTESIAN_POINT('',(16.793290723023,29.651408467436,6.5));
#2887 = CARTESIAN_POINT('',(19.283458624319,28.54576659467,6.5));
#2888 = CARTESIAN_POINT('',(21.680512926788,27.265158794534,6.5));
#2889 = ORIENTED_EDGE('',*,*,#2890,.T.);
#2890 = EDGE_CURVE('',#2878,#2891,#2893,.T.);
#2891 = VERTEX_POINT('',#2892);
#2892 = CARTESIAN_POINT('',(28.284957777932,22.381796883263,6.5));
#2893 = B_SPLINE_CURVE_WITH_KNOTS('',5,(#2894,#2895,#2896,#2897,#2898,
    #2899,#2900,#2901,#2902,#2903,#2904,#2905,#2906,#2907,#2908,#2909,
    #2910,#2911,#2912,#2913,#2914,#2915),.UNSPECIFIED.,.F.,.F.,(6,4,4,4,
    4,6),(0.,0.493761686367,0.961509099537,0.98117207389,0.990349347849,
    1.),.UNSPECIFIED.);
#2894 = CARTESIAN_POINT('',(21.680512926788,27.265158794534,6.5));
#2895 = CARTESIAN_POINT('',(22.735121518813,26.74611723969,6.5));
#2896 = CARTESIAN_POINT('',(23.756318463989,26.159108950421,6.5));
#2897 = CARTESIAN_POINT('',(24.738516714435,25.507557583453,6.5));
#2898 = CARTESIAN_POINT('',(25.676677748367,24.795394905949,6.5));
#2899 = CARTESIAN_POINT('',(27.40898984783,23.299063080988,6.5));
#2900 = CARTESIAN_POINT('',(28.208130938185,22.520658698,6.5));
#2901 = CARTESIAN_POINT('',(28.959842344839,21.695485040541,6.5));
#2902 = CARTESIAN_POINT('',(29.660719856491,20.827569877325,6.5));
#2903 = CARTESIAN_POINT('',(30.33498619027,19.883135991075,6.5));
#2904 = CARTESIAN_POINT('',(30.362092165258,19.844968004282,6.5));
#2905 = CARTESIAN_POINT('',(30.389102829551,19.806732440483,6.5));
#2906 = CARTESIAN_POINT('',(30.416017963843,19.768429621039,6.5));
#2907 = CARTESIAN_POINT('',(30.45535472687,19.712151604278,6.5));
#2908 = CARTESIAN_POINT('',(30.467851621287,19.694228223287,6.5));
#2909 = CARTESIAN_POINT('',(30.48032800276,19.676289764874,6.5));
#2910 = CARTESIAN_POINT('',(30.492783840721,19.658336268816,6.5));
#2911 = CARTESIAN_POINT('',(30.518295799191,19.621472438078,6.5));
#2912 = CARTESIAN_POINT('',(30.531349351087,19.602561079969,6.5));
#2913 = CARTESIAN_POINT('',(30.544379733303,19.583633746283,6.5));
#2914 = CARTESIAN_POINT('',(30.557386920009,19.56469047421,6.5));
#2915 = CARTESIAN_POINT('',(30.570370886666,19.545731292524,6.5));
#2916 = ORIENTED_EDGE('',*,*,#2917,.T.);
#2917 = EDGE_CURVE('',#2891,#2370,#2918,.T.);
#2918 = LINE('',#2919,#2920);
#2919 = CARTESIAN_POINT('',(27.404713670071,20.450277474024,6.5));
#2920 = VECTOR('',#2921,1.);
#2921 = DIRECTION('',(0.414693242656,0.909961270877,0.));
#2922 = ORIENTED_EDGE('',*,*,#2369,.F.);
#2923 = ORIENTED_EDGE('',*,*,#300,.F.);
#2924 = ORIENTED_EDGE('',*,*,#2739,.F.);
#2925 = PLANE('',#2926);
#2926 = AXIS2_PLACEMENT_3D('',#2927,#2928,#2929);
#2927 = CARTESIAN_POINT('',(17.408672742004,-3.079E-14,6.5));
#2928 = DIRECTION('',(0.,0.,1.));
#2929 = DIRECTION('',(1.,0.,0.));
#2930 = ADVANCED_FACE('',(#2931),#3099,.F.);
#2931 = FACE_BOUND('',#2932,.F.);
#2932 = EDGE_LOOP('',(#2933,#2934,#2935,#2949,#2971,#2988,#3098));
#2933 = ORIENTED_EDGE('',*,*,#319,.F.);
#2934 = ORIENTED_EDGE('',*,*,#1070,.T.);
#2935 = ORIENTED_EDGE('',*,*,#2936,.T.);
#2936 = EDGE_CURVE('',#1063,#2937,#2939,.T.);
#2937 = VERTEX_POINT('',#2938);
#2938 = CARTESIAN_POINT('',(-36.51193139712,12.538621209401,22.));
#2939 = B_SPLINE_CURVE_WITH_KNOTS('',8,(#2940,#2941,#2942,#2943,#2944,
    #2945,#2946,#2947,#2948),.UNSPECIFIED.,.F.,.F.,(9,9),(8.,9.),
  .PIECEWISE_BEZIER_KNOTS.);
#2940 = CARTESIAN_POINT('',(-20.521,28.,22.));
#2941 = CARTESIAN_POINT('',(-23.66259265359,28.,22.));
#2942 = CARTESIAN_POINT('',(-26.80418629606,27.295027376619,22.));
#2943 = CARTESIAN_POINT('',(-29.76121174936,25.885089053945,22.));
#2944 = CARTESIAN_POINT('',(-32.34914009247,23.828140092475,22.));
#2945 = CARTESIAN_POINT('',(-34.40608905394,21.240211749363,22.));
#2946 = CARTESIAN_POINT('',(-35.81602737661,18.283186296066,22.));
#2947 = CARTESIAN_POINT('',(-36.521,15.14159265359,22.));
#2948 = CARTESIAN_POINT('',(-36.521,12.,22.));
#2949 = ORIENTED_EDGE('',*,*,#2950,.T.);
#2950 = EDGE_CURVE('',#2937,#2951,#2953,.T.);
#2951 = VERTEX_POINT('',#2952);
#2952 = CARTESIAN_POINT('',(-35.99668617016,12.664776627141,
    16.572073928238));
#2953 = B_SPLINE_CURVE_WITH_KNOTS('',4,(#2954,#2955,#2956,#2957,#2958,
    #2959,#2960,#2961,#2962,#2963,#2964,#2965,#2966,#2967,#2968,#2969,
    #2970),.UNSPECIFIED.,.F.,.F.,(5,3,3,3,3,5),(0.,0.502552534862,
    0.753854707085,0.875458874899,0.9403155436,1.),.UNSPECIFIED.);
#2954 = CARTESIAN_POINT('',(-36.51193139712,12.538621209402,22.));
#2955 = CARTESIAN_POINT('',(-36.45029728712,12.555054308618,
    21.317954140805));
#2956 = CARTESIAN_POINT('',(-36.38762859132,12.571330590361,
    20.635938375844));
#2957 = CARTESIAN_POINT('',(-36.32391992561,12.587422166464,
    19.953953454236));
#2958 = CARTESIAN_POINT('',(-36.22679241807,12.611237836803,
    18.930988123305));
#2959 = CARTESIAN_POINT('',(-36.19415411099,12.619123177494,
    18.589984113539));
#2960 = CARTESIAN_POINT('',(-36.16125546193,12.62695097015,
    18.248988050435));
#2961 = CARTESIAN_POINT('',(-36.11205128209,12.638475387337,
    17.742997179879));
#2962 = CARTESIAN_POINT('',(-36.09594496708,12.642219088143,
    17.577996233935));
#2963 = CARTESIAN_POINT('',(-36.07977776697,12.645947951287,
    17.412997172585));
#2964 = CARTESIAN_POINT('',(-36.05489461958,12.651642132571,
    17.160000003103));
#2965 = CARTESIAN_POINT('',(-36.04622215508,12.653618402671,
    17.072000003156));
#2966 = CARTESIAN_POINT('',(-36.03753233656,12.655590267382,
    16.984000003208));
#2967 = CARTESIAN_POINT('',(-36.02081238818,12.659368151743,
    16.815017858089));
#2968 = CARTESIAN_POINT('',(-36.01278499018,12.661174839636,
    16.734036473466));
#2969 = CARTESIAN_POINT('',(-36.00474286877,12.662977693147,
    16.65305469831));
#2970 = CARTESIAN_POINT('',(-35.99668617016,12.664776627141,
    16.572073928238));
#2971 = ORIENTED_EDGE('',*,*,#2972,.T.);
#2972 = EDGE_CURVE('',#2951,#2827,#2973,.T.);
#2973 = B_SPLINE_CURVE_WITH_KNOTS('',7,(#2974,#2975,#2976,#2977,#2978,
    #2979,#2980,#2981,#2982,#2983,#2984,#2985,#2986,#2987),
  .UNSPECIFIED.,.F.,.F.,(8,6,8),(0.,3.112384532434E-02,1.),
  .UNSPECIFIED.);
#2974 = CARTESIAN_POINT('',(-35.99668617016,12.664776627141,
    16.572073928238));
#2975 = CARTESIAN_POINT('',(-35.99238720556,12.664776627141,
    16.527688369511));
#2976 = CARTESIAN_POINT('',(-35.98547732631,12.664776627141,
    16.456370146313));
#2977 = CARTESIAN_POINT('',(-35.97792224395,12.664776627141,
    16.378476650628));
#2978 = CARTESIAN_POINT('',(-35.97084044594,12.664776627141,
    16.305566481807));
#2979 = CARTESIAN_POINT('',(-35.96452126041,12.664776627141,
    16.240550914058));
#2980 = CARTESIAN_POINT('',(-35.95843243823,12.664776627141,
    16.177938578778));
#2981 = CARTESIAN_POINT('',(-35.72715592276,12.664776627141,
    13.802313858621));
#2982 = CARTESIAN_POINT('',(-35.49649648888,12.664776627141,
    11.500948609075));
#2983 = CARTESIAN_POINT('',(-35.25893560447,12.664776627141,
    9.199930490201));
#2984 = CARTESIAN_POINT('',(-35.01412580617,12.664776627141,
    6.899289951177));
#2985 = CARTESIAN_POINT('',(-34.7616936154,12.664776627141,
    4.599061582689));
#2986 = CARTESIAN_POINT('',(-34.50124066892,12.664776627141,
    2.299284045664));
#2987 = CARTESIAN_POINT('',(-34.23234484934,12.664776627141,0.));
#2988 = ORIENTED_EDGE('',*,*,#2989,.T.);
#2989 = EDGE_CURVE('',#2827,#2836,#2990,.T.);
#2990 = B_SPLINE_CURVE_WITH_KNOTS('',8,(#2991,#2992,#2993,#2994,#2995,
    #2996,#2997,#2998,#2999,#3000,#3001,#3002,#3003,#3004,#3005,#3006,
    #3007,#3008,#3009,#3010,#3011,#3012,#3013,#3014,#3015,#3016,#3017,
    #3018,#3019,#3020,#3021,#3022,#3023,#3024,#3025,#3026,#3027,#3028,
    #3029,#3030,#3031,#3032,#3033,#3034,#3035,#3036,#3037,#3038,#3039,
    #3040,#3041,#3042,#3043,#3044,#3045,#3046,#3047,#3048,#3049,#3050,
    #3051,#3052,#3053,#3054,#3055,#3056,#3057,#3058,#3059,#3060,#3061,
    #3062,#3063,#3064,#3065,#3066,#3067,#3068,#3069,#3070,#3071,#3072,
    #3073,#3074,#3075,#3076,#3077,#3078,#3079,#3080,#3081,#3082,#3083,
    #3084,#3085,#3086,#3087,#3088,#3089,#3090,#3091,#3092,#3093,#3094,
    #3095,#3096,#3097),.UNSPECIFIED.,.F.,.F.,(9,7,7,7,7,7,7,7,7,7,7,7,7,
    7,7,9),(0.,0.253265939047,0.378370920769,0.438707298782,
    0.468407904194,0.480319246124,0.490190928381,0.504524618934,
    0.521083353533,0.534545143233,0.575245192494,0.620590504077,
    0.666272980235,0.773961850268,0.881937005533,1.),.UNSPECIFIED.);
#2991 = CARTESIAN_POINT('',(-34.23234484934,12.664776627142,0.));
#2992 = CARTESIAN_POINT('',(-34.29637600929,12.768597124796,
    0.875957307553));
#2993 = CARTESIAN_POINT('',(-34.35975082022,12.87863663769,
    1.751624256007));
#2994 = CARTESIAN_POINT('',(-34.42234041198,12.995707807347,
    2.627005348584));
#2995 = CARTESIAN_POINT('',(-34.48394108401,13.120862971922,
    3.502055085922));
#2996 = CARTESIAN_POINT('',(-34.54429473818,13.255355300575,
    4.376681319163));
#2997 = CARTESIAN_POINT('',(-34.60292925156,13.401074765675,
    5.250721523997));
#2998 = CARTESIAN_POINT('',(-34.6592420374,13.56036016131,6.123953657786
    ));
#2999 = CARTESIAN_POINT('',(-34.73773330021,13.825662276416,
    7.426761708195));
#3000 = CARTESIAN_POINT('',(-34.76276054723,13.917834800948,
    7.857170294047));
#3001 = CARTESIAN_POINT('',(-34.78669286522,14.015032787305,
    8.287228021662));
#3002 = CARTESIAN_POINT('',(-34.80929313234,14.117998677732,
    8.716880167842));
#3003 = CARTESIAN_POINT('',(-34.83027637401,14.227599006225,
    9.146020931907));
#3004 = CARTESIAN_POINT('',(-34.84917043505,14.345174021335,
    9.574459357847));
#3005 = CARTESIAN_POINT('',(-34.86539630646,14.472344074591,
    10.001938967646));
#3006 = CARTESIAN_POINT('',(-34.88356631987,14.680174676348,
    10.633482172529));
#3007 = CARTESIAN_POINT('',(-34.88855305098,14.75080795012,
    10.838568866544));
#3008 = CARTESIAN_POINT('',(-34.89247266094,14.824849191609,
    11.043257534263));
#3009 = CARTESIAN_POINT('',(-34.89513167526,14.902805545648,
    11.247485105468));
#3010 = CARTESIAN_POINT('',(-34.8962999971,14.985260524869,
    11.451134769123));
#3011 = CARTESIAN_POINT('',(-34.89560789951,15.073119208217,
    11.653995829935));
#3012 = CARTESIAN_POINT('',(-34.89260721316,15.167463277979,
    11.855788166147));
#3013 = CARTESIAN_POINT('',(-34.8832234387,15.321422700734,
    12.154551157427));
#3014 = CARTESIAN_POINT('',(-34.87933337746,15.37431173251,12.2526477288
    ));
#3015 = CARTESIAN_POINT('',(-34.87453326162,15.429603222576,
    12.35028331744));
#3016 = CARTESIAN_POINT('',(-34.86866850346,15.487667413615,
    12.447382489926));
#3017 = CARTESIAN_POINT('',(-34.86155693899,15.548918651426,
    12.543807813253));
#3018 = CARTESIAN_POINT('',(-34.85291257721,15.613986614691,
    12.639313192213));
#3019 = CARTESIAN_POINT('',(-34.84239281549,15.683609456079,
    12.733573723194));
#3020 = CARTESIAN_POINT('',(-34.8239968683,15.789791420555,
    12.863058799229));
#3021 = CARTESIAN_POINT('',(-34.81831424497,15.821159809058,
    12.8998062651));
#3022 = CARTESIAN_POINT('',(-34.81216666482,15.853611656733,
    12.936206405218));
#3023 = CARTESIAN_POINT('',(-34.80549826558,15.887265846356,
    12.97220693631));
#3024 = CARTESIAN_POINT('',(-34.79824055172,15.92226085668,
    13.007728858094));
#3025 = CARTESIAN_POINT('',(-34.79031072424,15.958758210849,
    13.04266524437));
#3026 = CARTESIAN_POINT('',(-34.78160312233,15.996960632889,
    13.07687432819));
#3027 = CARTESIAN_POINT('',(-34.76397480822,16.070487359335,
    13.137742318365));
#3028 = CARTESIAN_POINT('',(-34.75536392714,16.105108654542,
    13.164627688864));
#3029 = CARTESIAN_POINT('',(-34.74603269236,16.141256037449,
    13.190763831448));
#3030 = CARTESIAN_POINT('',(-34.73587007734,16.179140729332,
    13.216001137237));
#3031 = CARTESIAN_POINT('',(-34.72475396898,16.218955998585,
    13.240094528297));
#3032 = CARTESIAN_POINT('',(-34.71254759109,16.260882966032,
    13.26269964287));
#3033 = CARTESIAN_POINT('',(-34.69909072506,16.305105581968,
    13.283361365117));
#3034 = CARTESIAN_POINT('',(-34.66254365901,16.419685600616,
    13.327824315265));
#3035 = CARTESIAN_POINT('',(-34.63688567077,16.495838913575,
    13.349993338454));
#3036 = CARTESIAN_POINT('',(-34.60787255079,16.576298530336,
    13.363250254281));
#3037 = CARTESIAN_POINT('',(-34.57627609069,16.657721910146,
    13.364936493044));
#3038 = CARTESIAN_POINT('',(-34.54315283299,16.737295668504,
    13.355065814579));
#3039 = CARTESIAN_POINT('',(-34.50976747686,16.812651653602,
    13.335504659233));
#3040 = CARTESIAN_POINT('',(-34.47754523117,16.881727492402,
    13.309455964901));
#3041 = CARTESIAN_POINT('',(-34.41385357889,17.012939516903,
    13.247591653471));
#3042 = CARTESIAN_POINT('',(-34.38141481504,17.076172014194,
    13.209080029052));
#3043 = CARTESIAN_POINT('',(-34.35033088449,17.134159820347,
    13.167183086839));
#3044 = CARTESIAN_POINT('',(-34.32053832436,17.187585531794,
    13.122922691603));
#3045 = CARTESIAN_POINT('',(-34.29189305507,17.237239938604,
    13.077126177141));
#3046 = CARTESIAN_POINT('',(-34.26426716012,17.2836547416,
    13.030183660964));
#3047 = CARTESIAN_POINT('',(-34.23746542163,17.32742111754,
    12.982270142485));
#3048 = CARTESIAN_POINT('',(-34.18993385785,17.402964125901,
    12.893415602888));
#3049 = CARTESIAN_POINT('',(-34.16910215409,17.435299836664,
    12.853027458281));
#3050 = CARTESIAN_POINT('',(-34.14869617095,17.46629117387,
    12.81218941089));
#3051 = CARTESIAN_POINT('',(-34.12867400967,17.496083897696,
    12.770973200321));
#3052 = CARTESIAN_POINT('',(-34.10900236979,17.524793346766,
    12.729434157863));
#3053 = CARTESIAN_POINT('',(-34.08965245595,17.552516841497,
    12.687615139663));
#3054 = CARTESIAN_POINT('',(-34.07059795186,17.579339795785,
    12.645548410941));
#3055 = CARTESIAN_POINT('',(-33.99502732582,17.683930432088,
    12.47538806099));
#3056 = CARTESIAN_POINT('',(-33.94076272349,17.754909484219,
    12.345546623192));
#3057 = CARTESIAN_POINT('',(-33.88836758528,17.820312273921,
    12.214369867059));
#3058 = CARTESIAN_POINT('',(-33.83756416916,17.881055993431,
    12.082197001515));
#3059 = CARTESIAN_POINT('',(-33.78810890848,17.937923482941,
    11.949287559008));
#3060 = CARTESIAN_POINT('',(-33.73984397537,17.991414254264,
    11.81578503523));
#3061 = CARTESIAN_POINT('',(-33.69262054667,18.041969023524,
    11.681770665939));
#3062 = CARTESIAN_POINT('',(-33.59471714536,18.143369753383,
    11.397380655593));
#3063 = CARTESIAN_POINT('',(-33.54428655843,18.193561156831,
    11.246967863362));
#3064 = CARTESIAN_POINT('',(-33.49486981847,18.240963657111,
    11.096113667412));
#3065 = CARTESIAN_POINT('',(-33.44636232126,18.285900991051,
    10.944891368482));
#3066 = CARTESIAN_POINT('',(-33.39868218205,18.328627287847,
    10.793357197585));
#3067 = CARTESIAN_POINT('',(-33.35176151696,18.369351809188,
    10.641553914176));
#3068 = CARTESIAN_POINT('',(-33.30554375569,18.408246766618,
    10.489511921413));
#3069 = CARTESIAN_POINT('',(-33.21407560011,18.48295070948,
    10.18385846981));
#3070 = CARTESIAN_POINT('',(-33.16883691509,18.518732979836,
    10.030250266756));
#3071 = CARTESIAN_POINT('',(-33.12421389621,18.55295689377,
    9.876452538988));
#3072 = CARTESIAN_POINT('',(-33.08016648417,18.585745211616,
    9.722486644744));
#3073 = CARTESIAN_POINT('',(-33.03666100545,18.617201308941,
    9.56837026336));
#3074 = CARTESIAN_POINT('',(-32.99366825634,18.647414595506,
    9.414118001278));
#3075 = CARTESIAN_POINT('',(-32.95116235041,18.676463802877,
    9.259741754901));
#3076 = CARTESIAN_POINT('',(-32.81001322995,18.770315861395,
    8.741064067674));
#3077 = CARTESIAN_POINT('',(-32.71348708453,18.830127690127,
    8.376252317893));
#3078 = CARTESIAN_POINT('',(-32.61924038583,18.884762017665,
    8.010937301278));
#3079 = CARTESIAN_POINT('',(-32.5270656349,18.93484884341,7.645207940745
    ));
#3080 = CARTESIAN_POINT('',(-32.43680015891,18.980878696236,
    7.279131902704));
#3081 = CARTESIAN_POINT('',(-32.34830856296,19.023253402676,
    6.912759677624));
#3082 = CARTESIAN_POINT('',(-32.2614783723,19.062299877582,
    6.546125622545));
#3083 = CARTESIAN_POINT('',(-32.09071578946,19.134392046635,
    5.811399834448));
#3084 = CARTESIAN_POINT('',(-32.00679403624,19.167420459787,
    5.443316659603));
#3085 = CARTESIAN_POINT('',(-31.9243476077,19.197663320937,5.07502985481
    ));
#3086 = CARTESIAN_POINT('',(-31.84329533822,19.22534992969,
    4.706563509917));
#3087 = CARTESIAN_POINT('',(-31.76356763173,19.250673079622,
    4.337937591801));
#3088 = CARTESIAN_POINT('',(-31.68510304433,19.273799197355,
    3.969168495322));
#3089 = CARTESIAN_POINT('',(-31.60784626807,19.29487445727,
    3.600269366514));
#3090 = CARTESIAN_POINT('',(-31.44853905422,19.334968646953,
    2.827754524015));
#3091 = CARTESIAN_POINT('',(-31.36671545282,19.353611539714,
    2.424117256112));
#3092 = CARTESIAN_POINT('',(-31.28621172855,19.370123258559,
    2.020352768868));
#3093 = CARTESIAN_POINT('',(-31.20697060839,19.384647348281,
    1.616473507897));
#3094 = CARTESIAN_POINT('',(-31.12894074126,19.397308642809,
    1.212490192155));
#3095 = CARTESIAN_POINT('',(-31.05207536547,19.408217363349,
    0.808411964299));
#3096 = CARTESIAN_POINT('',(-30.97633143195,19.41747186189,
    0.404246489112));
#3097 = CARTESIAN_POINT('',(-30.90166918303,19.425160010091,0.));
#3098 = ORIENTED_EDGE('',*,*,#2844,.F.);
#3099 = B_SPLINE_SURFACE_WITH_KNOTS('',8,1,(
    (#3100,#3101)
    ,(#3102,#3103)
    ,(#3104,#3105)
    ,(#3106,#3107)
    ,(#3108,#3109)
    ,(#3110,#3111)
    ,(#3112,#3113)
    ,(#3114,#3115)
    ,(#3116,#3117
    )),.UNSPECIFIED.,.F.,.F.,.F.,(9,9),(2,2),(8.,9.),(0.,22.),
  .PIECEWISE_BEZIER_KNOTS.);
#3100 = CARTESIAN_POINT('',(-20.521,28.,22.));
#3101 = CARTESIAN_POINT('',(-21.90700610809,29.194744105404,0.));
#3102 = CARTESIAN_POINT('',(-23.66259265359,28.,22.));
#3103 = CARTESIAN_POINT('',(-24.14594324532,27.514701651056,0.));
#3104 = CARTESIAN_POINT('',(-26.80418629606,27.295027376619,22.));
#3105 = CARTESIAN_POINT('',(-26.23763188256,25.638427279562,0.));
#3106 = CARTESIAN_POINT('',(-29.76121174936,25.885089053945,22.));
#3107 = CARTESIAN_POINT('',(-28.16200894684,23.580974596686,0.));
#3108 = CARTESIAN_POINT('',(-32.34914009247,23.828140092475,22.));
#3109 = CARTESIAN_POINT('',(-29.90085255638,21.359867125298,0.));
#3110 = CARTESIAN_POINT('',(-34.40608905394,21.240211749363,22.));
#3111 = CARTESIAN_POINT('',(-31.43817246274,18.994799895094,0.));
#3112 = CARTESIAN_POINT('',(-35.81602737661,18.283186296066,22.));
#3113 = CARTESIAN_POINT('',(-32.76052224352,16.507285134324,0.));
#3114 = CARTESIAN_POINT('',(-36.521,15.14159265359,22.));
#3115 = CARTESIAN_POINT('',(-33.85723324559,13.920242063505,0.));
#3116 = CARTESIAN_POINT('',(-36.521,12.,22.));
#3117 = CARTESIAN_POINT('',(-34.72057027881,11.257530791149,0.));
#3118 = ADVANCED_FACE('',(#3119),#3149,.F.);
#3119 = FACE_BOUND('',#3120,.F.);
#3120 = EDGE_LOOP('',(#3121,#3122,#3130,#3143));
#3121 = ORIENTED_EDGE('',*,*,#396,.T.);
#3122 = ORIENTED_EDGE('',*,*,#3123,.T.);
#3123 = EDGE_CURVE('',#399,#3124,#3126,.T.);
#3124 = VERTEX_POINT('',#3125);
#3125 = CARTESIAN_POINT('',(4.598076211353,27.818055211099,
    18.732050807569));
#3126 = LINE('',#3127,#3128);
#3127 = CARTESIAN_POINT('',(4.598076211353,39.,18.732050807569));
#3128 = VECTOR('',#3129,1.);
#3129 = DIRECTION('',(0.,-1.,2.2E-16));
#3130 = ORIENTED_EDGE('',*,*,#3131,.F.);
#3131 = EDGE_CURVE('',#3132,#3124,#3134,.T.);
#3132 = VERTEX_POINT('',#3133);
#3133 = CARTESIAN_POINT('',(7.196152422707,27.219448555951,
    20.232050807569));
#3134 = B_SPLINE_CURVE_WITH_KNOTS('',4,(#3135,#3136,#3137,#3138,#3139,
    #3140,#3141,#3142),.UNSPECIFIED.,.F.,.F.,(5,3,5),(0.,0.566457615185,
    1.),.UNSPECIFIED.);
#3135 = CARTESIAN_POINT('',(7.196152422707,27.219448555951,
    20.232050807569));
#3136 = CARTESIAN_POINT('',(6.827782030928,27.300940517663,
    20.019372062714));
#3137 = CARTESIAN_POINT('',(6.459632502209,27.384098656239,
    19.806820833206));
#3138 = CARTESIAN_POINT('',(6.0916612289,27.468552975882,19.594372519507
    ));
#3139 = CARTESIAN_POINT('',(5.442291009666,27.619306226226,
    19.219458448629));
#3140 = CARTESIAN_POINT('',(5.16083806518,27.685215350775,
    19.056961515366));
#3141 = CARTESIAN_POINT('',(4.879440404916,27.751516465954,
    18.894496500463));
#3142 = CARTESIAN_POINT('',(4.598076211353,27.818055211099,
    18.732050807569));
#3143 = ORIENTED_EDGE('',*,*,#3144,.F.);
#3144 = EDGE_CURVE('',#397,#3132,#3145,.T.);
#3145 = LINE('',#3146,#3147);
#3146 = CARTESIAN_POINT('',(7.196152422707,39.,20.232050807569));
#3147 = VECTOR('',#3148,1.);
#3148 = DIRECTION('',(0.,-1.,2.2E-16));
#3149 = PLANE('',#3150);
#3150 = AXIS2_PLACEMENT_3D('',#3151,#3152,#3153);
#3151 = CARTESIAN_POINT('',(4.598076211353,39.,18.732050807569));
#3152 = DIRECTION('',(-0.5,1.9E-16,0.866025403784));
#3153 = DIRECTION('',(0.866025403784,1.1E-16,0.5));
#3154 = ADVANCED_FACE('',(#3155),#3177,.F.);
#3155 = FACE_BOUND('',#3156,.F.);
#3156 = EDGE_LOOP('',(#3157,#3158,#3166,#3176));
#3157 = ORIENTED_EDGE('',*,*,#455,.T.);
#3158 = ORIENTED_EDGE('',*,*,#3159,.T.);
#3159 = EDGE_CURVE('',#446,#3160,#3162,.T.);
#3160 = VERTEX_POINT('',#3161);
#3161 = CARTESIAN_POINT('',(4.598076211353,28.936116700816,
    15.732050807569));
#3162 = LINE('',#3163,#3164);
#3163 = CARTESIAN_POINT('',(4.598076211353,39.,15.732050807569));
#3164 = VECTOR('',#3165,1.);
#3165 = DIRECTION('',(0.,-1.,2.2E-16));
#3166 = ORIENTED_EDGE('',*,*,#3167,.F.);
#3167 = EDGE_CURVE('',#3124,#3160,#3168,.T.);
#3168 = B_SPLINE_CURVE_WITH_KNOTS('',6,(#3169,#3170,#3171,#3172,#3173,
    #3174,#3175),.UNSPECIFIED.,.F.,.F.,(7,7),(0.,1.),
  .PIECEWISE_BEZIER_KNOTS.);
#3169 = CARTESIAN_POINT('',(4.598076211353,27.818055211099,
    18.732050807569));
#3170 = CARTESIAN_POINT('',(4.598076211353,27.94313635174,
    18.396448350517));
#3171 = CARTESIAN_POINT('',(4.598076211353,28.140464941718,
    17.866995205553));
#3172 = CARTESIAN_POINT('',(4.598076211353,28.378023567782,
    17.229589292125));
#3173 = CARTESIAN_POINT('',(4.598076211353,28.633651670771,
    16.543669833981));
#3174 = CARTESIAN_POINT('',(4.598076211353,28.857969223912,
    15.94174793745));
#3175 = CARTESIAN_POINT('',(4.598076211353,28.936116700816,
    15.732050807569));
#3176 = ORIENTED_EDGE('',*,*,#3123,.F.);
#3177 = PLANE('',#3178);
#3178 = AXIS2_PLACEMENT_3D('',#3179,#3180,#3181);
#3179 = CARTESIAN_POINT('',(4.598076211353,39.,15.732050807569));
#3180 = DIRECTION('',(-1.,0.,0.));
#3181 = DIRECTION('',(0.,2.2E-16,1.));
#3182 = ADVANCED_FACE('',(#3183),#3203,.F.);
#3183 = FACE_BOUND('',#3184,.F.);
#3184 = EDGE_LOOP('',(#3185,#3186,#3194,#3202));
#3185 = ORIENTED_EDGE('',*,*,#445,.T.);
#3186 = ORIENTED_EDGE('',*,*,#3187,.T.);
#3187 = EDGE_CURVE('',#433,#3188,#3190,.T.);
#3188 = VERTEX_POINT('',#3189);
#3189 = CARTESIAN_POINT('',(7.196152422707,29.32687132221,
    14.232050807569));
#3190 = LINE('',#3191,#3192);
#3191 = CARTESIAN_POINT('',(7.196152422707,39.,14.232050807569));
#3192 = VECTOR('',#3193,1.);
#3193 = DIRECTION('',(0.,-1.,2.2E-16));
#3194 = ORIENTED_EDGE('',*,*,#3195,.F.);
#3195 = EDGE_CURVE('',#3160,#3188,#3196,.T.);
#3196 = B_SPLINE_CURVE_WITH_KNOTS('',4,(#3197,#3198,#3199,#3200,#3201),
  .UNSPECIFIED.,.F.,.F.,(5,5),(0.,1.),.PIECEWISE_BEZIER_KNOTS.);
#3197 = CARTESIAN_POINT('',(4.598076211353,28.936116700816,
    15.732050807569));
#3198 = CARTESIAN_POINT('',(5.246113758805,29.049426179624,
    15.357906155103));
#3199 = CARTESIAN_POINT('',(5.89511490782,29.153540032714,
    14.983205167014));
#3200 = CARTESIAN_POINT('',(6.545156740084,29.24664517197,
    14.607903340172));
#3201 = CARTESIAN_POINT('',(7.196152422707,29.32687132221,
    14.232050807569));
#3202 = ORIENTED_EDGE('',*,*,#3159,.F.);
#3203 = PLANE('',#3204);
#3204 = AXIS2_PLACEMENT_3D('',#3205,#3206,#3207);
#3205 = CARTESIAN_POINT('',(7.196152422707,39.,14.232050807569));
#3206 = DIRECTION('',(-0.5,-1.9E-16,-0.866025403784));
#3207 = DIRECTION('',(-0.866025403784,1.1E-16,0.5));
#3208 = ADVANCED_FACE('',(#3209),#3232,.F.);
#3209 = FACE_BOUND('',#3210,.F.);
#3210 = EDGE_LOOP('',(#3211,#3212,#3220,#3231));
#3211 = ORIENTED_EDGE('',*,*,#432,.F.);
#3212 = ORIENTED_EDGE('',*,*,#3213,.T.);
#3213 = EDGE_CURVE('',#423,#3214,#3216,.T.);
#3214 = VERTEX_POINT('',#3215);
#3215 = CARTESIAN_POINT('',(9.79422863406,28.598120581676,
    15.732050807569));
#3216 = LINE('',#3217,#3218);
#3217 = CARTESIAN_POINT('',(9.79422863406,39.,15.732050807569));
#3218 = VECTOR('',#3219,1.);
#3219 = DIRECTION('',(0.,-1.,2.2E-16));
#3220 = ORIENTED_EDGE('',*,*,#3221,.T.);
#3221 = EDGE_CURVE('',#3214,#3188,#3222,.T.);
#3222 = B_SPLINE_CURVE_WITH_KNOTS('',4,(#3223,#3224,#3225,#3226,#3227,
    #3228,#3229,#3230),.UNSPECIFIED.,.F.,.F.,(5,3,5),(0.,0.646568593048,
    1.),.UNSPECIFIED.);
#3223 = CARTESIAN_POINT('',(9.79422863406,28.598120581676,
    15.732050807569));
#3224 = CARTESIAN_POINT('',(9.373898186079,28.713682328397,
    15.489372910279));
#3225 = CARTESIAN_POINT('',(8.953813478842,28.830736204396,
    15.246836891473));
#3226 = CARTESIAN_POINT('',(8.533892258476,28.948758322246,
    15.004395261856));
#3227 = CARTESIAN_POINT('',(7.884553843871,29.1320263747,14.629499553389
    ));
#3228 = CARTESIAN_POINT('',(7.655081035383,29.196940435288,
    14.497013365636));
#3229 = CARTESIAN_POINT('',(7.425618358079,29.261914973311,
    14.364533027126));
#3230 = CARTESIAN_POINT('',(7.196152422707,29.32687132221,
    14.232050807569));
#3231 = ORIENTED_EDGE('',*,*,#3187,.F.);
#3232 = PLANE('',#3233);
#3233 = AXIS2_PLACEMENT_3D('',#3234,#3235,#3236);
#3234 = CARTESIAN_POINT('',(9.79422863406,39.,15.732050807569));
#3235 = DIRECTION('',(0.5,-1.9E-16,-0.866025403784));
#3236 = DIRECTION('',(-0.866025403784,-1.1E-16,-0.5));
#3237 = ADVANCED_FACE('',(#3238),#3258,.F.);
#3238 = FACE_BOUND('',#3239,.F.);
#3239 = EDGE_LOOP('',(#3240,#3241,#3249,#3257));
#3240 = ORIENTED_EDGE('',*,*,#422,.F.);
#3241 = ORIENTED_EDGE('',*,*,#3242,.T.);
#3242 = EDGE_CURVE('',#412,#3243,#3245,.T.);
#3243 = VERTEX_POINT('',#3244);
#3244 = CARTESIAN_POINT('',(9.79422863406,27.638936312147,
    18.732050807569));
#3245 = LINE('',#3246,#3247);
#3246 = CARTESIAN_POINT('',(9.79422863406,39.,18.732050807569));
#3247 = VECTOR('',#3248,1.);
#3248 = DIRECTION('',(0.,-1.,2.2E-16));
#3249 = ORIENTED_EDGE('',*,*,#3250,.T.);
#3250 = EDGE_CURVE('',#3243,#3214,#3251,.T.);
#3251 = B_SPLINE_CURVE_WITH_KNOTS('',4,(#3252,#3253,#3254,#3255,#3256),
  .UNSPECIFIED.,.F.,.F.,(5,5),(0.,1.),.PIECEWISE_BEZIER_KNOTS.);
#3252 = CARTESIAN_POINT('',(9.79422863406,27.638936312147,
    18.732050807569));
#3253 = CARTESIAN_POINT('',(9.79422863406,27.878122178357,17.98195334664
    ));
#3254 = CARTESIAN_POINT('',(9.79422863406,28.117720110891,
    17.231921583645));
#3255 = CARTESIAN_POINT('',(9.79422863406,28.357722140003,
    16.481954426147));
#3256 = CARTESIAN_POINT('',(9.79422863406,28.598120581676,
    15.732050807569));
#3257 = ORIENTED_EDGE('',*,*,#3213,.F.);
#3258 = PLANE('',#3259);
#3259 = AXIS2_PLACEMENT_3D('',#3260,#3261,#3262);
#3260 = CARTESIAN_POINT('',(9.79422863406,39.,18.732050807569));
#3261 = DIRECTION('',(1.,0.,0.));
#3262 = DIRECTION('',(0.,-2.2E-16,-1.));
#3263 = ADVANCED_FACE('',(#3264),#3278,.F.);
#3264 = FACE_BOUND('',#3265,.F.);
#3265 = EDGE_LOOP('',(#3266,#3267,#3268,#3277));
#3266 = ORIENTED_EDGE('',*,*,#411,.F.);
#3267 = ORIENTED_EDGE('',*,*,#3144,.T.);
#3268 = ORIENTED_EDGE('',*,*,#3269,.T.);
#3269 = EDGE_CURVE('',#3132,#3243,#3270,.T.);
#3270 = B_SPLINE_CURVE_WITH_KNOTS('',5,(#3271,#3272,#3273,#3274,#3275,
    #3276),.UNSPECIFIED.,.F.,.F.,(6,6),(0.,1.),
  .PIECEWISE_BEZIER_KNOTS.);
#3271 = CARTESIAN_POINT('',(7.196152422707,27.219448555951,
    20.232050807569));
#3272 = CARTESIAN_POINT('',(7.714627359976,27.31463551339,
    19.932709162968));
#3273 = CARTESIAN_POINT('',(8.233640519516,27.404930687771,
    19.633056775595));
#3274 = CARTESIAN_POINT('',(8.753239482612,27.4895831058,19.333066174381
    ));
#3275 = CARTESIAN_POINT('',(9.2734403522,27.567839691837,19.032728062291
    ));
#3276 = CARTESIAN_POINT('',(9.79422863406,27.638936312147,
    18.732050807569));
#3277 = ORIENTED_EDGE('',*,*,#3242,.F.);
#3278 = PLANE('',#3279);
#3279 = AXIS2_PLACEMENT_3D('',#3280,#3281,#3282);
#3280 = CARTESIAN_POINT('',(7.196152422707,39.,20.232050807569));
#3281 = DIRECTION('',(0.5,1.9E-16,0.866025403784));
#3282 = DIRECTION('',(0.866025403784,-1.1E-16,-0.5));
#3283 = ADVANCED_FACE('',(#3284),#3312,.F.);
#3284 = FACE_BOUND('',#3285,.F.);
#3285 = EDGE_LOOP('',(#3286,#3287,#3295,#3306));
#3286 = ORIENTED_EDGE('',*,*,#467,.T.);
#3287 = ORIENTED_EDGE('',*,*,#3288,.T.);
#3288 = EDGE_CURVE('',#470,#3289,#3291,.T.);
#3289 = VERTEX_POINT('',#3290);
#3290 = CARTESIAN_POINT('',(1.,30.266831006167,12.5));
#3291 = LINE('',#3292,#3293);
#3292 = CARTESIAN_POINT('',(1.,39.,12.5));
#3293 = VECTOR('',#3294,1.);
#3294 = DIRECTION('',(0.,-1.,2.2E-16));
#3295 = ORIENTED_EDGE('',*,*,#3296,.F.);
#3296 = EDGE_CURVE('',#3297,#3289,#3299,.T.);
#3297 = VERTEX_POINT('',#3298);
#3298 = CARTESIAN_POINT('',(3.598076211353,29.626660397521,14.));
#3299 = B_SPLINE_CURVE_WITH_KNOTS('',5,(#3300,#3301,#3302,#3303,#3304,
    #3305),.UNSPECIFIED.,.F.,.F.,(6,6),(0.,1.),
  .PIECEWISE_BEZIER_KNOTS.);
#3300 = CARTESIAN_POINT('',(3.598076211353,29.626660397521,14.));
#3301 = CARTESIAN_POINT('',(3.079287150111,29.760205115033,
    13.700476995839));
#3302 = CARTESIAN_POINT('',(2.560176494761,29.891667192647,
    13.400768319234));
#3303 = CARTESIAN_POINT('',(2.04064459359,30.020368788978,13.10081643624
    ));
#3304 = CARTESIAN_POINT('',(1.52060840854,30.145644462395,
    12.800573404813));
#3305 = CARTESIAN_POINT('',(1.,30.266831006167,12.5));
#3306 = ORIENTED_EDGE('',*,*,#3307,.F.);
#3307 = EDGE_CURVE('',#468,#3297,#3308,.T.);
#3308 = LINE('',#3309,#3310);
#3309 = CARTESIAN_POINT('',(3.598076211353,39.,14.));
#3310 = VECTOR('',#3311,1.);
#3311 = DIRECTION('',(0.,-1.,2.2E-16));
#3312 = PLANE('',#3313);
#3313 = AXIS2_PLACEMENT_3D('',#3314,#3315,#3316);
#3314 = CARTESIAN_POINT('',(1.,39.,12.5));
#3315 = DIRECTION('',(-0.5,1.9E-16,0.866025403784));
#3316 = DIRECTION('',(0.866025403784,1.1E-16,0.5));
#3317 = ADVANCED_FACE('',(#3318),#3338,.F.);
#3318 = FACE_BOUND('',#3319,.F.);
#3319 = EDGE_LOOP('',(#3320,#3321,#3329,#3337));
#3320 = ORIENTED_EDGE('',*,*,#521,.T.);
#3321 = ORIENTED_EDGE('',*,*,#3322,.T.);
#3322 = EDGE_CURVE('',#512,#3323,#3325,.T.);
#3323 = VERTEX_POINT('',#3324);
#3324 = CARTESIAN_POINT('',(1.,31.42402374415,9.5));
#3325 = LINE('',#3326,#3327);
#3326 = CARTESIAN_POINT('',(1.,39.,9.5));
#3327 = VECTOR('',#3328,1.);
#3328 = DIRECTION('',(0.,-1.,2.2E-16));
#3329 = ORIENTED_EDGE('',*,*,#3330,.F.);
#3330 = EDGE_CURVE('',#3289,#3323,#3331,.T.);
#3331 = B_SPLINE_CURVE_WITH_KNOTS('',4,(#3332,#3333,#3334,#3335,#3336),
  .UNSPECIFIED.,.F.,.F.,(5,5),(0.,1.),.PIECEWISE_BEZIER_KNOTS.);
#3332 = CARTESIAN_POINT('',(1.,30.266831006167,12.5));
#3333 = CARTESIAN_POINT('',(1.,30.556174238948,11.75000868972));
#3334 = CARTESIAN_POINT('',(1.,30.845487981159,11.000011690105));
#3335 = CARTESIAN_POINT('',(1.,31.134771386983,10.250008838961));
#3336 = CARTESIAN_POINT('',(1.,31.42402374415,9.5));
#3337 = ORIENTED_EDGE('',*,*,#3288,.F.);
#3338 = PLANE('',#3339);
#3339 = AXIS2_PLACEMENT_3D('',#3340,#3341,#3342);
#3340 = CARTESIAN_POINT('',(1.,39.,9.5));
#3341 = DIRECTION('',(-1.,0.,0.));
#3342 = DIRECTION('',(0.,2.2E-16,1.));
#3343 = ADVANCED_FACE('',(#3344),#3364,.F.);
#3344 = FACE_BOUND('',#3345,.F.);
#3345 = EDGE_LOOP('',(#3346,#3347,#3355,#3363));
#3346 = ORIENTED_EDGE('',*,*,#511,.T.);
#3347 = ORIENTED_EDGE('',*,*,#3348,.T.);
#3348 = EDGE_CURVE('',#501,#3349,#3351,.T.);
#3349 = VERTEX_POINT('',#3350);
#3350 = CARTESIAN_POINT('',(3.598076211353,31.894343688793,8.));
#3351 = LINE('',#3352,#3353);
#3352 = CARTESIAN_POINT('',(3.598076211353,39.,8.));
#3353 = VECTOR('',#3354,1.);
#3354 = DIRECTION('',(0.,-1.,2.2E-16));
#3355 = ORIENTED_EDGE('',*,*,#3356,.F.);
#3356 = EDGE_CURVE('',#3323,#3349,#3357,.T.);
#3357 = B_SPLINE_CURVE_WITH_KNOTS('',4,(#3358,#3359,#3360,#3361,#3362),
  .UNSPECIFIED.,.F.,.F.,(5,5),(0.,1.),.PIECEWISE_BEZIER_KNOTS.);
#3358 = CARTESIAN_POINT('',(1.,31.42402374415,9.5));
#3359 = CARTESIAN_POINT('',(1.647522579329,31.559135594178,
    9.126152664518));
#3360 = CARTESIAN_POINT('',(2.296365249537,31.683695638897,
    8.751543174211));
#3361 = CARTESIAN_POINT('',(2.946586017469,31.796020293948,
    8.376138038814));
#3362 = CARTESIAN_POINT('',(3.598076211353,31.894343688793,8.));
#3363 = ORIENTED_EDGE('',*,*,#3322,.F.);
#3364 = PLANE('',#3365);
#3365 = AXIS2_PLACEMENT_3D('',#3366,#3367,#3368);
#3366 = CARTESIAN_POINT('',(3.598076211353,39.,8.));
#3367 = DIRECTION('',(-0.5,-1.9E-16,-0.866025403784));
#3368 = DIRECTION('',(-0.866025403784,1.1E-16,0.5));
#3369 = ADVANCED_FACE('',(#3370),#3391,.F.);
#3370 = FACE_BOUND('',#3371,.F.);
#3371 = EDGE_LOOP('',(#3372,#3373,#3381,#3390));
#3372 = ORIENTED_EDGE('',*,*,#500,.T.);
#3373 = ORIENTED_EDGE('',*,*,#3374,.T.);
#3374 = EDGE_CURVE('',#491,#3375,#3377,.T.);
#3375 = VERTEX_POINT('',#3376);
#3376 = CARTESIAN_POINT('',(6.196152422707,31.110388999753,9.5));
#3377 = LINE('',#3378,#3379);
#3378 = CARTESIAN_POINT('',(6.196152422707,39.,9.5));
#3379 = VECTOR('',#3380,1.);
#3380 = DIRECTION('',(0.,-1.,2.2E-16));
#3381 = ORIENTED_EDGE('',*,*,#3382,.F.);
#3382 = EDGE_CURVE('',#3349,#3375,#3383,.T.);
#3383 = B_SPLINE_CURVE_WITH_KNOTS('',5,(#3384,#3385,#3386,#3387,#3388,
    #3389),.UNSPECIFIED.,.F.,.F.,(6,6),(0.,1.),
  .PIECEWISE_BEZIER_KNOTS.);
#3384 = CARTESIAN_POINT('',(3.598076211353,31.894343688793,8.));
#3385 = CARTESIAN_POINT('',(4.119135085753,31.745677871658,
    8.300833481398));
#3386 = CARTESIAN_POINT('',(4.639391319374,31.592329640196,
    8.601203557927));
#3387 = CARTESIAN_POINT('',(5.158917161332,31.434918113861,
    8.901151942632));
#3388 = CARTESIAN_POINT('',(5.677801623628,31.274061747325,
    9.200730026617));
#3389 = CARTESIAN_POINT('',(6.196152422707,31.110388999753,9.5));
#3390 = ORIENTED_EDGE('',*,*,#3348,.F.);
#3391 = PLANE('',#3392);
#3392 = AXIS2_PLACEMENT_3D('',#3393,#3394,#3395);
#3393 = CARTESIAN_POINT('',(6.196152422707,39.,9.5));
#3394 = DIRECTION('',(0.5,-1.9E-16,-0.866025403784));
#3395 = DIRECTION('',(-0.866025403784,-1.1E-16,-0.5));
#3396 = ADVANCED_FACE('',(#3397),#3417,.F.);
#3397 = FACE_BOUND('',#3398,.F.);
#3398 = EDGE_LOOP('',(#3399,#3400,#3408,#3416));
#3399 = ORIENTED_EDGE('',*,*,#490,.F.);
#3400 = ORIENTED_EDGE('',*,*,#3401,.T.);
#3401 = EDGE_CURVE('',#481,#3402,#3404,.T.);
#3402 = VERTEX_POINT('',#3403);
#3403 = CARTESIAN_POINT('',(6.196152422707,30.026378664193,12.5));
#3404 = LINE('',#3405,#3406);
#3405 = CARTESIAN_POINT('',(6.196152422707,39.,12.5));
#3406 = VECTOR('',#3407,1.);
#3407 = DIRECTION('',(0.,-1.,2.2E-16));
#3408 = ORIENTED_EDGE('',*,*,#3409,.T.);
#3409 = EDGE_CURVE('',#3402,#3375,#3410,.T.);
#3410 = B_SPLINE_CURVE_WITH_KNOTS('',4,(#3411,#3412,#3413,#3414,#3415),
  .UNSPECIFIED.,.F.,.F.,(5,5),(0.,1.),.PIECEWISE_BEZIER_KNOTS.);
#3411 = CARTESIAN_POINT('',(6.196152422707,30.026378664193,12.5));
#3412 = CARTESIAN_POINT('',(6.196152422707,30.297273993424,
    11.749980625312));
#3413 = CARTESIAN_POINT('',(6.196152422707,30.568241871573,
    10.999974352329));
#3414 = CARTESIAN_POINT('',(6.196152422707,30.8392807084,10.249980899471
    ));
#3415 = CARTESIAN_POINT('',(6.196152422707,31.110388999753,9.5));
#3416 = ORIENTED_EDGE('',*,*,#3374,.F.);
#3417 = PLANE('',#3418);
#3418 = AXIS2_PLACEMENT_3D('',#3419,#3420,#3421);
#3419 = CARTESIAN_POINT('',(6.196152422707,39.,12.5));
#3420 = DIRECTION('',(1.,0.,0.));
#3421 = DIRECTION('',(0.,-2.2E-16,-1.));
#3422 = ADVANCED_FACE('',(#3423),#3436,.F.);
#3423 = FACE_BOUND('',#3424,.F.);
#3424 = EDGE_LOOP('',(#3425,#3426,#3427,#3435));
#3425 = ORIENTED_EDGE('',*,*,#480,.F.);
#3426 = ORIENTED_EDGE('',*,*,#3307,.T.);
#3427 = ORIENTED_EDGE('',*,*,#3428,.T.);
#3428 = EDGE_CURVE('',#3297,#3402,#3429,.T.);
#3429 = B_SPLINE_CURVE_WITH_KNOTS('',4,(#3430,#3431,#3432,#3433,#3434),
  .UNSPECIFIED.,.F.,.F.,(5,5),(0.,1.),.PIECEWISE_BEZIER_KNOTS.);
#3430 = CARTESIAN_POINT('',(3.598076211353,29.626660397521,14.));
#3431 = CARTESIAN_POINT('',(4.246024992175,29.742762628638,
    13.625906596972));
#3432 = CARTESIAN_POINT('',(4.895002998484,29.849281537939,
    13.251218970331));
#3433 = CARTESIAN_POINT('',(5.545078112605,29.944435606742,
    12.875897928199));
#3434 = CARTESIAN_POINT('',(6.196152422707,30.026378664193,12.5));
#3435 = ORIENTED_EDGE('',*,*,#3401,.F.);
#3436 = PLANE('',#3437);
#3437 = AXIS2_PLACEMENT_3D('',#3438,#3439,#3440);
#3438 = CARTESIAN_POINT('',(3.598076211353,39.,14.));
#3439 = DIRECTION('',(0.5,1.9E-16,0.866025403784));
#3440 = DIRECTION('',(0.866025403784,-1.1E-16,-0.5));
#3441 = ADVANCED_FACE('',(#3442),#3470,.F.);
#3442 = FACE_BOUND('',#3443,.F.);
#3443 = EDGE_LOOP('',(#3444,#3445,#3453,#3464));
#3444 = ORIENTED_EDGE('',*,*,#531,.T.);
#3445 = ORIENTED_EDGE('',*,*,#3446,.T.);
#3446 = EDGE_CURVE('',#534,#3447,#3449,.T.);
#3447 = VERTEX_POINT('',#3448);
#3448 = CARTESIAN_POINT('',(-2.598076211353,27.839443901508,
    18.732050807569));
#3449 = LINE('',#3450,#3451);
#3450 = CARTESIAN_POINT('',(-2.598076211353,39.,18.732050807569));
#3451 = VECTOR('',#3452,1.);
#3452 = DIRECTION('',(0.,-1.,2.2E-16));
#3453 = ORIENTED_EDGE('',*,*,#3454,.F.);
#3454 = EDGE_CURVE('',#3455,#3447,#3457,.T.);
#3455 = VERTEX_POINT('',#3456);
#3456 = CARTESIAN_POINT('',(0.,27.282787281824,20.232050807569));
#3457 = B_SPLINE_CURVE_WITH_KNOTS('',5,(#3458,#3459,#3460,#3461,#3462,
    #3463),.UNSPECIFIED.,.F.,.F.,(6,6),(0.,1.),
  .PIECEWISE_BEZIER_KNOTS.);
#3458 = CARTESIAN_POINT('',(0.,27.282787281824,20.232050807569));
#3459 = CARTESIAN_POINT('',(-0.519124698553,27.397893115009,
    19.932334023116));
#3460 = CARTESIAN_POINT('',(-1.038402800947,27.511844363889,
    19.632528670915));
#3461 = CARTESIAN_POINT('',(-1.55793298962,27.62390057401,
    19.332577776632));
#3462 = CARTESIAN_POINT('',(-2.07780006363,27.733338827505,
    19.03243238151));
#3463 = CARTESIAN_POINT('',(-2.598076211353,27.839443901508,
    18.732050807569));
#3464 = ORIENTED_EDGE('',*,*,#3465,.F.);
#3465 = EDGE_CURVE('',#532,#3455,#3466,.T.);
#3466 = LINE('',#3467,#3468);
#3467 = CARTESIAN_POINT('',(0.,39.,20.232050807569));
#3468 = VECTOR('',#3469,1.);
#3469 = DIRECTION('',(0.,-1.,2.2E-16));
#3470 = PLANE('',#3471);
#3471 = AXIS2_PLACEMENT_3D('',#3472,#3473,#3474);
#3472 = CARTESIAN_POINT('',(-2.598076211353,39.,18.732050807569));
#3473 = DIRECTION('',(-0.5,1.9E-16,0.866025403784));
#3474 = DIRECTION('',(0.866025403784,1.1E-16,0.5));
#3475 = ADVANCED_FACE('',(#3476),#3496,.F.);
#3476 = FACE_BOUND('',#3477,.F.);
#3477 = EDGE_LOOP('',(#3478,#3479,#3487,#3495));
#3478 = ORIENTED_EDGE('',*,*,#589,.T.);
#3479 = ORIENTED_EDGE('',*,*,#3480,.T.);
#3480 = EDGE_CURVE('',#579,#3481,#3483,.T.);
#3481 = VERTEX_POINT('',#3482);
#3482 = CARTESIAN_POINT('',(-2.598076211353,28.980491688226,
    15.732050807569));
#3483 = LINE('',#3484,#3485);
#3484 = CARTESIAN_POINT('',(-2.598076211353,39.,15.732050807569));
#3485 = VECTOR('',#3486,1.);
#3486 = DIRECTION('',(0.,-1.,2.2E-16));
#3487 = ORIENTED_EDGE('',*,*,#3488,.F.);
#3488 = EDGE_CURVE('',#3447,#3481,#3489,.T.);
#3489 = B_SPLINE_CURVE_WITH_KNOTS('',4,(#3490,#3491,#3492,#3493,#3494),
  .UNSPECIFIED.,.F.,.F.,(5,5),(0.,1.),.PIECEWISE_BEZIER_KNOTS.);
#3490 = CARTESIAN_POINT('',(-2.598076211353,27.839443901508,
    18.732050807569));
#3491 = CARTESIAN_POINT('',(-2.598076211353,28.124358829182,
    17.981984846853));
#3492 = CARTESIAN_POINT('',(-2.598076211353,28.409513162053,
    17.231964352688));
#3493 = CARTESIAN_POINT('',(-2.598076211353,28.694894537984,
    16.481987038298));
#3494 = CARTESIAN_POINT('',(-2.598076211353,28.980491688226,
    15.732050807569));
#3495 = ORIENTED_EDGE('',*,*,#3446,.F.);
#3496 = PLANE('',#3497);
#3497 = AXIS2_PLACEMENT_3D('',#3498,#3499,#3500);
#3498 = CARTESIAN_POINT('',(-2.598076211353,39.,15.732050807569));
#3499 = DIRECTION('',(-1.,0.,0.));
#3500 = DIRECTION('',(0.,2.2E-16,1.));
#3501 = ADVANCED_FACE('',(#3502),#3523,.F.);
#3502 = FACE_BOUND('',#3503,.F.);
#3503 = EDGE_LOOP('',(#3504,#3505,#3513,#3522));
#3504 = ORIENTED_EDGE('',*,*,#578,.T.);
#3505 = ORIENTED_EDGE('',*,*,#3506,.T.);
#3506 = EDGE_CURVE('',#568,#3507,#3509,.T.);
#3507 = VERTEX_POINT('',#3508);
#3508 = CARTESIAN_POINT('',(0.,29.600672848364,14.232050807569));
#3509 = LINE('',#3510,#3511);
#3510 = CARTESIAN_POINT('',(0.,39.,14.232050807569));
#3511 = VECTOR('',#3512,1.);
#3512 = DIRECTION('',(0.,-1.,2.2E-16));
#3513 = ORIENTED_EDGE('',*,*,#3514,.F.);
#3514 = EDGE_CURVE('',#3481,#3507,#3515,.T.);
#3515 = B_SPLINE_CURVE_WITH_KNOTS('',5,(#3516,#3517,#3518,#3519,#3520,
    #3521),.UNSPECIFIED.,.F.,.F.,(6,6),(0.,1.),
  .PIECEWISE_BEZIER_KNOTS.);
#3516 = CARTESIAN_POINT('',(-2.598076211353,28.980491688226,
    15.732050807569));
#3517 = CARTESIAN_POINT('',(-2.079124705458,29.109106982021,
    15.432434015944));
#3518 = CARTESIAN_POINT('',(-1.559941372336,29.236162309784,
    15.132683378807));
#3519 = CARTESIAN_POINT('',(-1.040418322949,29.360921239008,
    14.832736606393));
#3520 = CARTESIAN_POINT('',(-0.520463681329,29.482663274995,
    14.532540654088));
#3521 = CARTESIAN_POINT('',(8.7E-16,29.600672848364,14.232050807569));
#3522 = ORIENTED_EDGE('',*,*,#3480,.F.);
#3523 = PLANE('',#3524);
#3524 = AXIS2_PLACEMENT_3D('',#3525,#3526,#3527);
#3525 = CARTESIAN_POINT('',(0.,39.,14.232050807569));
#3526 = DIRECTION('',(-0.5,-1.9E-16,-0.866025403784));
#3527 = DIRECTION('',(-0.866025403784,1.1E-16,0.5));
#3528 = ADVANCED_FACE('',(#3529),#3550,.F.);
#3529 = FACE_BOUND('',#3530,.F.);
#3530 = EDGE_LOOP('',(#3531,#3532,#3540,#3549));
#3531 = ORIENTED_EDGE('',*,*,#567,.F.);
#3532 = ORIENTED_EDGE('',*,*,#3533,.T.);
#3533 = EDGE_CURVE('',#558,#3534,#3536,.T.);
#3534 = VERTEX_POINT('',#3535);
#3535 = CARTESIAN_POINT('',(2.598076211353,28.997743873266,
    15.732050807569));
#3536 = LINE('',#3537,#3538);
#3537 = CARTESIAN_POINT('',(2.598076211353,39.,15.732050807569));
#3538 = VECTOR('',#3539,1.);
#3539 = DIRECTION('',(0.,-1.,2.2E-16));
#3540 = ORIENTED_EDGE('',*,*,#3541,.T.);
#3541 = EDGE_CURVE('',#3534,#3507,#3542,.T.);
#3542 = B_SPLINE_CURVE_WITH_KNOTS('',5,(#3543,#3544,#3545,#3546,#3547,
    #3548),.UNSPECIFIED.,.F.,.F.,(6,6),(0.,1.),
  .PIECEWISE_BEZIER_KNOTS.);
#3543 = CARTESIAN_POINT('',(2.598076211353,28.997743873266,
    15.732050807569));
#3544 = CARTESIAN_POINT('',(2.079168707925,29.123344810107,
    15.43245942078));
#3545 = CARTESIAN_POINT('',(1.559997357343,29.247128181396,
    15.132715701766));
#3546 = CARTESIAN_POINT('',(1.040464371404,29.368398249108,
    14.832763192481));
#3547 = CARTESIAN_POINT('',(0.520487776454,29.486472761472,
    14.532554565415));
#3548 = CARTESIAN_POINT('',(-8.9E-16,29.600672848364,14.232050807569));
#3549 = ORIENTED_EDGE('',*,*,#3506,.F.);
#3550 = PLANE('',#3551);
#3551 = AXIS2_PLACEMENT_3D('',#3552,#3553,#3554);
#3552 = CARTESIAN_POINT('',(2.598076211353,39.,15.732050807569));
#3553 = DIRECTION('',(0.5,-1.9E-16,-0.866025403784));
#3554 = DIRECTION('',(-0.866025403784,-1.1E-16,-0.5));
#3555 = ADVANCED_FACE('',(#3556),#3576,.F.);
#3556 = FACE_BOUND('',#3557,.F.);
#3557 = EDGE_LOOP('',(#3558,#3559,#3567,#3575));
#3558 = ORIENTED_EDGE('',*,*,#557,.F.);
#3559 = ORIENTED_EDGE('',*,*,#3560,.T.);
#3560 = EDGE_CURVE('',#545,#3561,#3563,.T.);
#3561 = VERTEX_POINT('',#3562);
#3562 = CARTESIAN_POINT('',(2.598076211353,27.850484994924,
    18.732050807569));
#3563 = LINE('',#3564,#3565);
#3564 = CARTESIAN_POINT('',(2.598076211353,39.,18.732050807569));
#3565 = VECTOR('',#3566,1.);
#3566 = DIRECTION('',(0.,-1.,2.2E-16));
#3567 = ORIENTED_EDGE('',*,*,#3568,.T.);
#3568 = EDGE_CURVE('',#3561,#3534,#3569,.T.);
#3569 = B_SPLINE_CURVE_WITH_KNOTS('',4,(#3570,#3571,#3572,#3573,#3574),
  .UNSPECIFIED.,.F.,.F.,(5,5),(0.,1.),.PIECEWISE_BEZIER_KNOTS.);
#3570 = CARTESIAN_POINT('',(2.598076211353,27.850484994924,
    18.732050807569));
#3571 = CARTESIAN_POINT('',(2.598076211353,28.137376545766,
    17.982065500239));
#3572 = CARTESIAN_POINT('',(2.598076211353,28.424216473633,
    17.232070319001));
#3573 = CARTESIAN_POINT('',(2.598076211353,28.711005382816,
    16.482065382305));
#3574 = CARTESIAN_POINT('',(2.598076211353,28.997743873266,
    15.732050807569));
#3575 = ORIENTED_EDGE('',*,*,#3533,.F.);
#3576 = PLANE('',#3577);
#3577 = AXIS2_PLACEMENT_3D('',#3578,#3579,#3580);
#3578 = CARTESIAN_POINT('',(2.598076211353,39.,18.732050807569));
#3579 = DIRECTION('',(1.,0.,0.));
#3580 = DIRECTION('',(0.,-2.2E-16,-1.));
#3581 = ADVANCED_FACE('',(#3582),#3598,.F.);
#3582 = FACE_BOUND('',#3583,.F.);
#3583 = EDGE_LOOP('',(#3584,#3585,#3586,#3597));
#3584 = ORIENTED_EDGE('',*,*,#544,.F.);
#3585 = ORIENTED_EDGE('',*,*,#3465,.T.);
#3586 = ORIENTED_EDGE('',*,*,#3587,.T.);
#3587 = EDGE_CURVE('',#3455,#3561,#3588,.T.);
#3588 = B_SPLINE_CURVE_WITH_KNOTS('',4,(#3589,#3590,#3591,#3592,#3593,
    #3594,#3595,#3596),.UNSPECIFIED.,.F.,.F.,(5,3,5),(0.,0.625595563203,
    1.),.UNSPECIFIED.);
#3589 = CARTESIAN_POINT('',(0.,27.282787281824,20.232050807569));
#3590 = CARTESIAN_POINT('',(0.4060361778,27.373842551216,19.997625711015
    ));
#3591 = CARTESIAN_POINT('',(0.812131646971,27.464459317216,
    19.763166382573));
#3592 = CARTESIAN_POINT('',(1.218351388034,27.554156008704,
    19.52863530572));
#3593 = CARTESIAN_POINT('',(1.867974280851,27.695315667353,
    19.15357535368));
#3594 = CARTESIAN_POINT('',(2.111260911056,27.747669335612,
    19.013113752241));
#3595 = CARTESIAN_POINT('',(2.354624662232,27.799425513983,
    18.872607624989));
#3596 = CARTESIAN_POINT('',(2.598076211353,27.850484994924,
    18.732050807569));
#3597 = ORIENTED_EDGE('',*,*,#3560,.F.);
#3598 = PLANE('',#3599);
#3599 = AXIS2_PLACEMENT_3D('',#3600,#3601,#3602);
#3600 = CARTESIAN_POINT('',(0.,39.,20.232050807569));
#3601 = DIRECTION('',(0.5,1.9E-16,0.866025403784));
#3602 = DIRECTION('',(0.866025403784,-1.1E-16,-0.5));
#3603 = ADVANCED_FACE('',(#3604),#3632,.F.);
#3604 = FACE_BOUND('',#3605,.F.);
#3605 = EDGE_LOOP('',(#3606,#3607,#3615,#3626));
#3606 = ORIENTED_EDGE('',*,*,#599,.T.);
#3607 = ORIENTED_EDGE('',*,*,#3608,.T.);
#3608 = EDGE_CURVE('',#602,#3609,#3611,.T.);
#3609 = VERTEX_POINT('',#3610);
#3610 = CARTESIAN_POINT('',(-9.79422863406,27.597528347241,
    18.732050807569));
#3611 = LINE('',#3612,#3613);
#3612 = CARTESIAN_POINT('',(-9.79422863406,39.,18.732050807569));
#3613 = VECTOR('',#3614,1.);
#3614 = DIRECTION('',(0.,-1.,2.2E-16));
#3615 = ORIENTED_EDGE('',*,*,#3616,.F.);
#3616 = EDGE_CURVE('',#3617,#3609,#3619,.T.);
#3617 = VERTEX_POINT('',#3618);
#3618 = CARTESIAN_POINT('',(-7.196152422707,27.201389897413,
    20.232050807569));
#3619 = B_SPLINE_CURVE_WITH_KNOTS('',5,(#3620,#3621,#3622,#3623,#3624,
    #3625),.UNSPECIFIED.,.F.,.F.,(6,6),(0.,1.),
  .PIECEWISE_BEZIER_KNOTS.);
#3620 = CARTESIAN_POINT('',(-7.196152422707,27.201389897413,
    20.232050807569));
#3621 = CARTESIAN_POINT('',(-7.714624090014,27.292546602176,
    19.932711050882));
#3622 = CARTESIAN_POINT('',(-8.233648975424,27.378453207363,
    19.633051893574));
#3623 = CARTESIAN_POINT('',(-8.753261142517,27.458398152341,
    19.333053669029));
#3624 = CARTESIAN_POINT('',(-9.273463521413,27.531665741738,
    19.03271468554));
#3625 = CARTESIAN_POINT('',(-9.79422863406,27.597528347241,
    18.732050807569));
#3626 = ORIENTED_EDGE('',*,*,#3627,.F.);
#3627 = EDGE_CURVE('',#600,#3617,#3628,.T.);
#3628 = LINE('',#3629,#3630);
#3629 = CARTESIAN_POINT('',(-7.196152422707,39.,20.232050807569));
#3630 = VECTOR('',#3631,1.);
#3631 = DIRECTION('',(0.,-1.,2.2E-16));
#3632 = PLANE('',#3633);
#3633 = AXIS2_PLACEMENT_3D('',#3634,#3635,#3636);
#3634 = CARTESIAN_POINT('',(-9.79422863406,39.,18.732050807569));
#3635 = DIRECTION('',(-0.5,1.9E-16,0.866025403784));
#3636 = DIRECTION('',(0.866025403784,1.1E-16,0.5));
#3637 = ADVANCED_FACE('',(#3638),#3658,.F.);
#3638 = FACE_BOUND('',#3639,.F.);
#3639 = EDGE_LOOP('',(#3640,#3641,#3649,#3657));
#3640 = ORIENTED_EDGE('',*,*,#654,.T.);
#3641 = ORIENTED_EDGE('',*,*,#3642,.T.);
#3642 = EDGE_CURVE('',#642,#3643,#3645,.T.);
#3643 = VERTEX_POINT('',#3644);
#3644 = CARTESIAN_POINT('',(-9.79422863406,28.532872633254,
    15.732050807569));
#3645 = LINE('',#3646,#3647);
#3646 = CARTESIAN_POINT('',(-9.79422863406,39.,15.732050807569));
#3647 = VECTOR('',#3648,1.);
#3648 = DIRECTION('',(0.,-1.,2.2E-16));
#3649 = ORIENTED_EDGE('',*,*,#3650,.F.);
#3650 = EDGE_CURVE('',#3609,#3643,#3651,.T.);
#3651 = B_SPLINE_CURVE_WITH_KNOTS('',4,(#3652,#3653,#3654,#3655,#3656),
  .UNSPECIFIED.,.F.,.F.,(5,5),(0.,1.),.PIECEWISE_BEZIER_KNOTS.);
#3652 = CARTESIAN_POINT('',(-9.79422863406,27.597528347241,
    18.732050807569));
#3653 = CARTESIAN_POINT('',(-9.79422863406,27.829169873208,
    17.981709838942));
#3654 = CARTESIAN_POINT('',(-9.79422863406,28.062303098108,
    17.231599120713));
#3655 = CARTESIAN_POINT('',(-9.79422863406,28.296884705749,
    16.481714292818));
#3656 = CARTESIAN_POINT('',(-9.79422863406,28.532872633254,
    15.732050807569));
#3657 = ORIENTED_EDGE('',*,*,#3608,.F.);
#3658 = PLANE('',#3659);
#3659 = AXIS2_PLACEMENT_3D('',#3660,#3661,#3662);
#3660 = CARTESIAN_POINT('',(-9.79422863406,39.,15.732050807569));
#3661 = DIRECTION('',(-1.,0.,0.));
#3662 = DIRECTION('',(0.,2.2E-16,1.));
#3663 = ADVANCED_FACE('',(#3664),#3687,.F.);
#3664 = FACE_BOUND('',#3665,.F.);
#3665 = EDGE_LOOP('',(#3666,#3667,#3675,#3686));
#3666 = ORIENTED_EDGE('',*,*,#641,.T.);
#3667 = ORIENTED_EDGE('',*,*,#3668,.T.);
#3668 = EDGE_CURVE('',#632,#3669,#3671,.T.);
#3669 = VERTEX_POINT('',#3670);
#3670 = CARTESIAN_POINT('',(-7.196152422707,29.273906535272,
    14.232050807569));
#3671 = LINE('',#3672,#3673);
#3672 = CARTESIAN_POINT('',(-7.196152422707,39.,14.232050807569));
#3673 = VECTOR('',#3674,1.);
#3674 = DIRECTION('',(0.,-1.,2.2E-16));
#3675 = ORIENTED_EDGE('',*,*,#3676,.F.);
#3676 = EDGE_CURVE('',#3643,#3669,#3677,.T.);
#3677 = B_SPLINE_CURVE_WITH_KNOTS('',4,(#3678,#3679,#3680,#3681,#3682,
    #3683,#3684,#3685),.UNSPECIFIED.,.F.,.F.,(5,3,5),(0.,0.709541325396,
    1.),.UNSPECIFIED.);
#3678 = CARTESIAN_POINT('',(-9.79422863406,28.532872633254,
    15.732050807569));
#3679 = CARTESIAN_POINT('',(-9.332853098851,28.661273929169,
    15.465675518118));
#3680 = CARTESIAN_POINT('',(-8.871830853471,28.791793496786,
    15.199504200646));
#3681 = CARTESIAN_POINT('',(-8.411046569498,28.923694714373,
    14.933470270256));
#3682 = CARTESIAN_POINT('',(-7.761801845497,29.110565445518,
    14.558628654084));
#3683 = CARTESIAN_POINT('',(-7.573242965988,29.164959486717,
    14.449764134241));
#3684 = CARTESIAN_POINT('',(-7.384695835302,29.219421940108,
    14.340906397585));
#3685 = CARTESIAN_POINT('',(-7.196152422707,29.273906535272,
    14.232050807569));
#3686 = ORIENTED_EDGE('',*,*,#3642,.F.);
#3687 = PLANE('',#3688);
#3688 = AXIS2_PLACEMENT_3D('',#3689,#3690,#3691);
#3689 = CARTESIAN_POINT('',(-7.196152422707,39.,14.232050807569));
#3690 = DIRECTION('',(-0.5,-1.9E-16,-0.866025403784));
#3691 = DIRECTION('',(-0.866025403784,1.1E-16,0.5));
#3692 = ADVANCED_FACE('',(#3693),#3713,.F.);
#3693 = FACE_BOUND('',#3694,.F.);
#3694 = EDGE_LOOP('',(#3695,#3696,#3704,#3712));
#3695 = ORIENTED_EDGE('',*,*,#631,.F.);
#3696 = ORIENTED_EDGE('',*,*,#3697,.T.);
#3697 = EDGE_CURVE('',#622,#3698,#3700,.T.);
#3698 = VERTEX_POINT('',#3699);
#3699 = CARTESIAN_POINT('',(-4.598076211353,28.90556771908,
    15.732050807569));
#3700 = LINE('',#3701,#3702);
#3701 = CARTESIAN_POINT('',(-4.598076211353,39.,15.732050807569));
#3702 = VECTOR('',#3703,1.);
#3703 = DIRECTION('',(0.,-1.,2.2E-16));
#3704 = ORIENTED_EDGE('',*,*,#3705,.T.);
#3705 = EDGE_CURVE('',#3698,#3669,#3706,.T.);
#3706 = B_SPLINE_CURVE_WITH_KNOTS('',4,(#3707,#3708,#3709,#3710,#3711),
  .UNSPECIFIED.,.F.,.F.,(5,5),(0.,1.),.PIECEWISE_BEZIER_KNOTS.);
#3707 = CARTESIAN_POINT('',(-4.598076211353,28.90556771908,
    15.732050807569));
#3708 = CARTESIAN_POINT('',(-5.246164900286,29.013586877479,
    15.357876628555));
#3709 = CARTESIAN_POINT('',(-5.895198873939,29.112142935162,
    14.983156689153));
#3710 = CARTESIAN_POINT('',(-6.545230168685,29.19951074277,
    14.60786094615));
#3711 = CARTESIAN_POINT('',(-7.196152422707,29.273906535272,
    14.232050807569));
#3712 = ORIENTED_EDGE('',*,*,#3668,.F.);
#3713 = PLANE('',#3714);
#3714 = AXIS2_PLACEMENT_3D('',#3715,#3716,#3717);
#3715 = CARTESIAN_POINT('',(-4.598076211353,39.,15.732050807569));
#3716 = DIRECTION('',(0.5,-1.9E-16,-0.866025403784));
#3717 = DIRECTION('',(-0.866025403784,-1.1E-16,-0.5));
#3718 = ADVANCED_FACE('',(#3719),#3739,.F.);
#3719 = FACE_BOUND('',#3720,.F.);
#3720 = EDGE_LOOP('',(#3721,#3722,#3730,#3738));
#3721 = ORIENTED_EDGE('',*,*,#621,.F.);
#3722 = ORIENTED_EDGE('',*,*,#3723,.T.);
#3723 = EDGE_CURVE('',#612,#3724,#3726,.T.);
#3724 = VERTEX_POINT('',#3725);
#3725 = CARTESIAN_POINT('',(-4.598076211353,27.798530717626,
    18.732050807569));
#3726 = LINE('',#3727,#3728);
#3727 = CARTESIAN_POINT('',(-4.598076211353,39.,18.732050807569));
#3728 = VECTOR('',#3729,1.);
#3729 = DIRECTION('',(0.,-1.,2.2E-16));
#3730 = ORIENTED_EDGE('',*,*,#3731,.T.);
#3731 = EDGE_CURVE('',#3724,#3698,#3732,.T.);
#3732 = B_SPLINE_CURVE_WITH_KNOTS('',4,(#3733,#3734,#3735,#3736,#3737),
  .UNSPECIFIED.,.F.,.F.,(5,5),(0.,1.),.PIECEWISE_BEZIER_KNOTS.);
#3733 = CARTESIAN_POINT('',(-4.598076211353,27.798530717626,
    18.732050807569));
#3734 = CARTESIAN_POINT('',(-4.598076211353,28.074553872527,
    17.981915130173));
#3735 = CARTESIAN_POINT('',(-4.598076211353,28.351082001908,
    17.231872355022));
#3736 = CARTESIAN_POINT('',(-4.598076211353,28.628093319734,
    16.481918744869));
#3737 = CARTESIAN_POINT('',(-4.598076211353,28.90556771908,
    15.732050807569));
#3738 = ORIENTED_EDGE('',*,*,#3697,.F.);
#3739 = PLANE('',#3740);
#3740 = AXIS2_PLACEMENT_3D('',#3741,#3742,#3743);
#3741 = CARTESIAN_POINT('',(-4.598076211353,39.,18.732050807569));
#3742 = DIRECTION('',(1.,0.,0.));
#3743 = DIRECTION('',(0.,-2.2E-16,-1.));
#3744 = ADVANCED_FACE('',(#3745),#3758,.F.);
#3745 = FACE_BOUND('',#3746,.F.);
#3746 = EDGE_LOOP('',(#3747,#3748,#3749,#3757));
#3747 = ORIENTED_EDGE('',*,*,#611,.F.);
#3748 = ORIENTED_EDGE('',*,*,#3627,.T.);
#3749 = ORIENTED_EDGE('',*,*,#3750,.T.);
#3750 = EDGE_CURVE('',#3617,#3724,#3751,.T.);
#3751 = B_SPLINE_CURVE_WITH_KNOTS('',4,(#3752,#3753,#3754,#3755,#3756),
  .UNSPECIFIED.,.F.,.F.,(5,5),(0.,1.),.PIECEWISE_BEZIER_KNOTS.);
#3752 = CARTESIAN_POINT('',(-7.196152422707,27.201389897413,
    20.232050807569));
#3753 = CARTESIAN_POINT('',(-6.545659525129,27.343466372637,
    19.856488558046));
#3754 = CARTESIAN_POINT('',(-5.895982881533,27.491765851572,
    19.48139757298));
#3755 = CARTESIAN_POINT('',(-5.246884980036,27.644124373988,
    19.106640724821));
#3756 = CARTESIAN_POINT('',(-4.598076211353,27.798530717626,
    18.732050807569));
#3757 = ORIENTED_EDGE('',*,*,#3723,.F.);
#3758 = PLANE('',#3759);
#3759 = AXIS2_PLACEMENT_3D('',#3760,#3761,#3762);
#3760 = CARTESIAN_POINT('',(-7.196152422707,39.,20.232050807569));
#3761 = DIRECTION('',(0.5,1.9E-16,0.866025403784));
#3762 = DIRECTION('',(0.866025403784,-1.1E-16,-0.5));
#3763 = ADVANCED_FACE('',(#3764),#3794,.F.);
#3764 = FACE_BOUND('',#3765,.F.);
#3765 = EDGE_LOOP('',(#3766,#3767,#3775,#3788));
#3766 = ORIENTED_EDGE('',*,*,#664,.F.);
#3767 = ORIENTED_EDGE('',*,*,#3768,.T.);
#3768 = EDGE_CURVE('',#665,#3769,#3771,.T.);
#3769 = VERTEX_POINT('',#3770);
#3770 = CARTESIAN_POINT('',(8.196152422707,29.83274935552,12.5));
#3771 = LINE('',#3772,#3773);
#3772 = CARTESIAN_POINT('',(8.196152422707,39.,12.5));
#3773 = VECTOR('',#3774,1.);
#3774 = DIRECTION('',(0.,-1.,2.2E-16));
#3775 = ORIENTED_EDGE('',*,*,#3776,.T.);
#3776 = EDGE_CURVE('',#3769,#3777,#3779,.T.);
#3777 = VERTEX_POINT('',#3778);
#3778 = CARTESIAN_POINT('',(10.79422863406,29.034454608659,14.));
#3779 = B_SPLINE_CURVE_WITH_KNOTS('',4,(#3780,#3781,#3782,#3783,#3784,
    #3785,#3786,#3787),.UNSPECIFIED.,.F.,.F.,(5,3,5),(0.,0.290736232189,
    1.),.UNSPECIFIED.);
#3780 = CARTESIAN_POINT('',(8.196152422707,29.83274935552,12.5));
#3781 = CARTESIAN_POINT('',(8.384954767324,29.774524915456,
    12.609005084489));
#3782 = CARTESIAN_POINT('',(8.573745689439,29.716239372665,
    12.718003574192));
#3783 = CARTESIAN_POINT('',(8.762533083258,29.657935449133,
    12.827000026833));
#3784 = CARTESIAN_POINT('',(9.411891363962,29.457483866004,
    13.201907204998));
#3785 = CARTESIAN_POINT('',(9.872484699877,29.315462096247,
    13.467830891476));
#3786 = CARTESIAN_POINT('',(10.333223705836,29.174226160569,
    13.733838680592));
#3787 = CARTESIAN_POINT('',(10.79422863406,29.034454608659,14.));
#3788 = ORIENTED_EDGE('',*,*,#3789,.F.);
#3789 = EDGE_CURVE('',#667,#3777,#3790,.T.);
#3790 = LINE('',#3791,#3792);
#3791 = CARTESIAN_POINT('',(10.79422863406,39.,14.));
#3792 = VECTOR('',#3793,1.);
#3793 = DIRECTION('',(0.,-1.,2.2E-16));
#3794 = PLANE('',#3795);
#3795 = AXIS2_PLACEMENT_3D('',#3796,#3797,#3798);
#3796 = CARTESIAN_POINT('',(8.196152422707,39.,12.5));
#3797 = DIRECTION('',(-0.5,1.9E-16,0.866025403784));
#3798 = DIRECTION('',(0.866025403784,1.1E-16,0.5));
#3799 = ADVANCED_FACE('',(#3800),#3820,.F.);
#3800 = FACE_BOUND('',#3801,.F.);
#3801 = EDGE_LOOP('',(#3802,#3803,#3811,#3819));
#3802 = ORIENTED_EDGE('',*,*,#724,.T.);
#3803 = ORIENTED_EDGE('',*,*,#3804,.T.);
#3804 = EDGE_CURVE('',#714,#3805,#3807,.T.);
#3805 = VERTEX_POINT('',#3806);
#3806 = CARTESIAN_POINT('',(8.196152422707,30.859778384687,9.5));
#3807 = LINE('',#3808,#3809);
#3808 = CARTESIAN_POINT('',(8.196152422707,39.,9.5));
#3809 = VECTOR('',#3810,1.);
#3810 = DIRECTION('',(0.,-1.,2.2E-16));
#3811 = ORIENTED_EDGE('',*,*,#3812,.F.);
#3812 = EDGE_CURVE('',#3769,#3805,#3813,.T.);
#3813 = B_SPLINE_CURVE_WITH_KNOTS('',4,(#3814,#3815,#3816,#3817,#3818),
  .UNSPECIFIED.,.F.,.F.,(5,5),(0.,1.),.PIECEWISE_BEZIER_KNOTS.);
#3814 = CARTESIAN_POINT('',(8.196152422707,29.83274935552,12.5));
#3815 = CARTESIAN_POINT('',(8.196152422707,30.089172765078,
    11.749942881625));
#3816 = CARTESIAN_POINT('',(8.196152422707,30.345821901464,
    10.999924347787));
#3817 = CARTESIAN_POINT('',(8.196152422707,30.602691965197,
    10.249943631943));
#3818 = CARTESIAN_POINT('',(8.196152422707,30.859778384687,9.5));
#3819 = ORIENTED_EDGE('',*,*,#3768,.F.);
#3820 = PLANE('',#3821);
#3821 = AXIS2_PLACEMENT_3D('',#3822,#3823,#3824);
#3822 = CARTESIAN_POINT('',(8.196152422707,39.,9.5));
#3823 = DIRECTION('',(-1.,0.,0.));
#3824 = DIRECTION('',(0.,2.2E-16,1.));
#3825 = ADVANCED_FACE('',(#3826),#3847,.F.);
#3826 = FACE_BOUND('',#3827,.F.);
#3827 = EDGE_LOOP('',(#3828,#3829,#3837,#3846));
#3828 = ORIENTED_EDGE('',*,*,#713,.T.);
#3829 = ORIENTED_EDGE('',*,*,#3830,.T.);
#3830 = EDGE_CURVE('',#701,#3831,#3833,.T.);
#3831 = VERTEX_POINT('',#3832);
#3832 = CARTESIAN_POINT('',(10.79422863406,30.889594371253,8.));
#3833 = LINE('',#3834,#3835);
#3834 = CARTESIAN_POINT('',(10.79422863406,39.,8.));
#3835 = VECTOR('',#3836,1.);
#3836 = DIRECTION('',(0.,-1.,2.2E-16));
#3837 = ORIENTED_EDGE('',*,*,#3838,.F.);
#3838 = EDGE_CURVE('',#3805,#3831,#3839,.T.);
#3839 = B_SPLINE_CURVE_WITH_KNOTS('',5,(#3840,#3841,#3842,#3843,#3844,
    #3845),.UNSPECIFIED.,.F.,.F.,(6,6),(0.,1.),
  .PIECEWISE_BEZIER_KNOTS.);
#3840 = CARTESIAN_POINT('',(8.196152422707,30.859778384687,9.5));
#3841 = CARTESIAN_POINT('',(8.715432116967,30.887951496231,
    9.200193728734));
#3842 = CARTESIAN_POINT('',(9.235047141485,30.905783355393,
    8.900193854454));
#3843 = CARTESIAN_POINT('',(9.754860466701,30.912519123735,
    8.600079491212));
#3844 = CARTESIAN_POINT('',(10.274674020972,30.907384006478,
    8.299964995725));
#3845 = CARTESIAN_POINT('',(10.79422863406,30.889594371253,8.));
#3846 = ORIENTED_EDGE('',*,*,#3804,.F.);
#3847 = PLANE('',#3848);
#3848 = AXIS2_PLACEMENT_3D('',#3849,#3850,#3851);
#3849 = CARTESIAN_POINT('',(10.79422863406,39.,8.));
#3850 = DIRECTION('',(-0.5,-1.9E-16,-0.866025403784));
#3851 = DIRECTION('',(-0.866025403784,1.1E-16,0.5));
#3852 = ADVANCED_FACE('',(#3853),#3876,.F.);
#3853 = FACE_BOUND('',#3854,.F.);
#3854 = EDGE_LOOP('',(#3855,#3856,#3864,#3875));
#3855 = ORIENTED_EDGE('',*,*,#700,.T.);
#3856 = ORIENTED_EDGE('',*,*,#3857,.T.);
#3857 = EDGE_CURVE('',#691,#3858,#3860,.T.);
#3858 = VERTEX_POINT('',#3859);
#3859 = CARTESIAN_POINT('',(13.392304845413,29.858591300016,9.5));
#3860 = LINE('',#3861,#3862);
#3861 = CARTESIAN_POINT('',(13.392304845413,39.,9.5));
#3862 = VECTOR('',#3863,1.);
#3863 = DIRECTION('',(0.,-1.,2.2E-16));
#3864 = ORIENTED_EDGE('',*,*,#3865,.F.);
#3865 = EDGE_CURVE('',#3831,#3858,#3866,.T.);
#3866 = B_SPLINE_CURVE_WITH_KNOTS('',4,(#3867,#3868,#3869,#3870,#3871,
    #3872,#3873,#3874),.UNSPECIFIED.,.F.,.F.,(5,3,5),(0.,0.50389661363,
    1.),.UNSPECIFIED.);
#3867 = CARTESIAN_POINT('',(10.79422863406,30.889594371253,8.));
#3868 = CARTESIAN_POINT('',(11.121753284623,30.760696373632,
    8.189096445169));
#3869 = CARTESIAN_POINT('',(11.449133540862,30.631188730192,
    8.378109524236));
#3870 = CARTESIAN_POINT('',(11.776417137263,30.501277740513,
    8.567066796719));
#3871 = CARTESIAN_POINT('',(12.425833403091,30.243094391019,
    8.942007452611));
#3872 = CARTESIAN_POINT('',(12.747967395716,30.114827856266,
    9.127991599968));
#3873 = CARTESIAN_POINT('',(13.070107141638,29.986587140562,
    9.313979068993));
#3874 = CARTESIAN_POINT('',(13.392304845413,29.858591300016,9.5));
#3875 = ORIENTED_EDGE('',*,*,#3830,.F.);
#3876 = PLANE('',#3877);
#3877 = AXIS2_PLACEMENT_3D('',#3878,#3879,#3880);
#3878 = CARTESIAN_POINT('',(13.392304845413,39.,9.5));
#3879 = DIRECTION('',(0.5,-1.9E-16,-0.866025403784));
#3880 = DIRECTION('',(-0.866025403784,-1.1E-16,-0.5));
#3881 = ADVANCED_FACE('',(#3882),#3902,.F.);
#3882 = FACE_BOUND('',#3883,.F.);
#3883 = EDGE_LOOP('',(#3884,#3885,#3893,#3901));
#3884 = ORIENTED_EDGE('',*,*,#690,.F.);
#3885 = ORIENTED_EDGE('',*,*,#3886,.T.);
#3886 = EDGE_CURVE('',#680,#3887,#3889,.T.);
#3887 = VERTEX_POINT('',#3888);
#3888 = CARTESIAN_POINT('',(13.392304845413,29.061125496894,12.5));
#3889 = LINE('',#3890,#3891);
#3890 = CARTESIAN_POINT('',(13.392304845413,39.,12.5));
#3891 = VECTOR('',#3892,1.);
#3892 = DIRECTION('',(0.,-1.,2.2E-16));
#3893 = ORIENTED_EDGE('',*,*,#3894,.T.);
#3894 = EDGE_CURVE('',#3887,#3858,#3895,.T.);
#3895 = B_SPLINE_CURVE_WITH_KNOTS('',4,(#3896,#3897,#3898,#3899,#3900),
  .UNSPECIFIED.,.F.,.F.,(5,5),(0.,1.),.PIECEWISE_BEZIER_KNOTS.);
#3896 = CARTESIAN_POINT('',(13.392304845413,29.061125496894,12.5));
#3897 = CARTESIAN_POINT('',(13.392304845413,29.259343599127,
    11.7498476771));
#3898 = CARTESIAN_POINT('',(13.392304845413,29.458333365467,
    10.999797304922));
#3899 = CARTESIAN_POINT('',(13.392304845413,29.658085672508,
    10.249848294175));
#3900 = CARTESIAN_POINT('',(13.392304845413,29.858591300016,9.5));
#3901 = ORIENTED_EDGE('',*,*,#3857,.F.);
#3902 = PLANE('',#3903);
#3903 = AXIS2_PLACEMENT_3D('',#3904,#3905,#3906);
#3904 = CARTESIAN_POINT('',(13.392304845413,39.,12.5));
#3905 = DIRECTION('',(1.,0.,0.));
#3906 = DIRECTION('',(0.,-2.2E-16,-1.));
#3907 = ADVANCED_FACE('',(#3908),#3922,.F.);
#3908 = FACE_BOUND('',#3909,.F.);
#3909 = EDGE_LOOP('',(#3910,#3911,#3912,#3921));
#3910 = ORIENTED_EDGE('',*,*,#679,.F.);
#3911 = ORIENTED_EDGE('',*,*,#3789,.T.);
#3912 = ORIENTED_EDGE('',*,*,#3913,.T.);
#3913 = EDGE_CURVE('',#3777,#3887,#3914,.T.);
#3914 = B_SPLINE_CURVE_WITH_KNOTS('',5,(#3915,#3916,#3917,#3918,#3919,
    #3920),.UNSPECIFIED.,.F.,.F.,(6,6),(0.,1.),
  .PIECEWISE_BEZIER_KNOTS.);
#3915 = CARTESIAN_POINT('',(10.79422863406,29.034454608659,14.));
#3916 = CARTESIAN_POINT('',(11.31354306911,29.061193905992,
    13.70017367113));
#3917 = CARTESIAN_POINT('',(11.833162509507,29.078014994956,
    13.400171247341));
#3918 = CARTESIAN_POINT('',(12.352962645544,29.084141803511,
    13.100064498875));
#3919 = CARTESIAN_POINT('',(12.872758589303,29.078779839477,
    12.799960170822));
#3920 = CARTESIAN_POINT('',(13.392304845413,29.061125496894,12.5));
#3921 = ORIENTED_EDGE('',*,*,#3886,.F.);
#3922 = PLANE('',#3923);
#3923 = AXIS2_PLACEMENT_3D('',#3924,#3925,#3926);
#3924 = CARTESIAN_POINT('',(10.79422863406,39.,14.));
#3925 = DIRECTION('',(0.5,1.9E-16,0.866025403784));
#3926 = DIRECTION('',(0.866025403784,-1.1E-16,-0.5));
#3927 = ADVANCED_FACE('',(#3928),#3955,.F.);
#3928 = FACE_BOUND('',#3929,.F.);
#3929 = EDGE_LOOP('',(#3930,#3931,#3939,#3949));
#3930 = ORIENTED_EDGE('',*,*,#734,.F.);
#3931 = ORIENTED_EDGE('',*,*,#3932,.T.);
#3932 = EDGE_CURVE('',#735,#3933,#3935,.T.);
#3933 = VERTEX_POINT('',#3934);
#3934 = CARTESIAN_POINT('',(-2.598076211353,32.597105385417,
    6.267949192431));
#3935 = LINE('',#3936,#3937);
#3936 = CARTESIAN_POINT('',(-2.598076211353,39.,6.267949192431));
#3937 = VECTOR('',#3938,1.);
#3938 = DIRECTION('',(0.,-1.,2.2E-16));
#3939 = ORIENTED_EDGE('',*,*,#3940,.T.);
#3940 = EDGE_CURVE('',#3933,#3941,#3943,.T.);
#3941 = VERTEX_POINT('',#3942);
#3942 = CARTESIAN_POINT('',(0.,32.09845009435,7.767949192431));
#3943 = B_SPLINE_CURVE_WITH_KNOTS('',4,(#3944,#3945,#3946,#3947,#3948),
  .UNSPECIFIED.,.F.,.F.,(5,5),(0.,1.),.PIECEWISE_BEZIER_KNOTS.);
#3944 = CARTESIAN_POINT('',(-2.598076211353,32.597105385417,
    6.267949192431));
#3945 = CARTESIAN_POINT('',(-1.946470948562,32.491591112583,
    6.644153666309));
#3946 = CARTESIAN_POINT('',(-1.296212447012,32.372229973103,
    7.019580587222));
#3947 = CARTESIAN_POINT('',(-0.64740502386,32.240663204424,
    7.394169727631));
#3948 = CARTESIAN_POINT('',(0.,32.09845009435,7.767949192431));
#3949 = ORIENTED_EDGE('',*,*,#3950,.F.);
#3950 = EDGE_CURVE('',#737,#3941,#3951,.T.);
#3951 = LINE('',#3952,#3953);
#3952 = CARTESIAN_POINT('',(0.,39.,7.767949192431));
#3953 = VECTOR('',#3954,1.);
#3954 = DIRECTION('',(0.,-1.,2.2E-16));
#3955 = PLANE('',#3956);
#3956 = AXIS2_PLACEMENT_3D('',#3957,#3958,#3959);
#3957 = CARTESIAN_POINT('',(-2.598076211353,39.,6.267949192431));
#3958 = DIRECTION('',(-0.5,1.9E-16,0.866025403784));
#3959 = DIRECTION('',(0.866025403784,1.1E-16,0.5));
#3960 = ADVANCED_FACE('',(#3961),#3981,.F.);
#3961 = FACE_BOUND('',#3962,.F.);
#3962 = EDGE_LOOP('',(#3963,#3964,#3972,#3980));
#3963 = ORIENTED_EDGE('',*,*,#786,.T.);
#3964 = ORIENTED_EDGE('',*,*,#3965,.T.);
#3965 = EDGE_CURVE('',#777,#3966,#3968,.T.);
#3966 = VERTEX_POINT('',#3967);
#3967 = CARTESIAN_POINT('',(-2.598076211353,33.74800298139,
    3.267949192431));
#3968 = LINE('',#3969,#3970);
#3969 = CARTESIAN_POINT('',(-2.598076211353,39.,3.267949192431));
#3970 = VECTOR('',#3971,1.);
#3971 = DIRECTION('',(0.,-1.,2.2E-16));
#3972 = ORIENTED_EDGE('',*,*,#3973,.F.);
#3973 = EDGE_CURVE('',#3933,#3966,#3974,.T.);
#3974 = B_SPLINE_CURVE_WITH_KNOTS('',4,(#3975,#3976,#3977,#3978,#3979),
  .UNSPECIFIED.,.F.,.F.,(5,5),(0.,1.),.PIECEWISE_BEZIER_KNOTS.);
#3975 = CARTESIAN_POINT('',(-2.598076211353,32.597105385417,
    6.267949192431));
#3976 = CARTESIAN_POINT('',(-2.598076211353,32.884606751364,
    5.517906426379));
#3977 = CARTESIAN_POINT('',(-2.598076211353,33.172262309416,
    4.767893210102));
#3978 = CARTESIAN_POINT('',(-2.598076211353,33.460063619227,
    4.017907951355));
#3979 = CARTESIAN_POINT('',(-2.598076211353,33.74800298139,
    3.267949192431));
#3980 = ORIENTED_EDGE('',*,*,#3932,.F.);
#3981 = PLANE('',#3982);
#3982 = AXIS2_PLACEMENT_3D('',#3983,#3984,#3985);
#3983 = CARTESIAN_POINT('',(-2.598076211353,39.,3.267949192431));
#3984 = DIRECTION('',(-1.,-0.,-1.5E-16));
#3985 = DIRECTION('',(-1.5E-16,2.2E-16,1.));
#3986 = ADVANCED_FACE('',(#3987),#4007,.F.);
#3987 = FACE_BOUND('',#3988,.F.);
#3988 = EDGE_LOOP('',(#3989,#3990,#3998,#4006));
#3989 = ORIENTED_EDGE('',*,*,#776,.T.);
#3990 = ORIENTED_EDGE('',*,*,#3991,.T.);
#3991 = EDGE_CURVE('',#767,#3992,#3994,.T.);
#3992 = VERTEX_POINT('',#3993);
#3993 = CARTESIAN_POINT('',(1.E-15,34.416908104194,1.767949192431));
#3994 = LINE('',#3995,#3996);
#3995 = CARTESIAN_POINT('',(8.E-16,39.,1.767949192431));
#3996 = VECTOR('',#3997,1.);
#3997 = DIRECTION('',(0.,-1.,2.2E-16));
#3998 = ORIENTED_EDGE('',*,*,#3999,.F.);
#3999 = EDGE_CURVE('',#3966,#3992,#4000,.T.);
#4000 = B_SPLINE_CURVE_WITH_KNOTS('',4,(#4001,#4002,#4003,#4004,#4005),
  .UNSPECIFIED.,.F.,.F.,(5,5),(0.,1.),.PIECEWISE_BEZIER_KNOTS.);
#4001 = CARTESIAN_POINT('',(-2.598076211353,33.74800298139,
    3.267949192431));
#4002 = CARTESIAN_POINT('',(-1.951667322065,33.934609642494,
    2.894744846194));
#4003 = CARTESIAN_POINT('',(-1.303200158555,34.109329019174,
    2.520352154781));
#4004 = CARTESIAN_POINT('',(-0.652612223186,34.270639192314,
    2.144735035164));
#4005 = CARTESIAN_POINT('',(7.6E-16,34.416908104194,1.767949192431));
#4006 = ORIENTED_EDGE('',*,*,#3965,.F.);
#4007 = PLANE('',#4008);
#4008 = AXIS2_PLACEMENT_3D('',#4009,#4010,#4011);
#4009 = CARTESIAN_POINT('',(7.E-16,39.,1.767949192431));
#4010 = DIRECTION('',(-0.5,-1.9E-16,-0.866025403784));
#4011 = DIRECTION('',(-0.866025403784,1.1E-16,0.5));
#4012 = ADVANCED_FACE('',(#4013),#4033,.F.);
#4013 = FACE_BOUND('',#4014,.F.);
#4014 = EDGE_LOOP('',(#4015,#4016,#4024,#4032));
#4015 = ORIENTED_EDGE('',*,*,#766,.T.);
#4016 = ORIENTED_EDGE('',*,*,#4017,.T.);
#4017 = EDGE_CURVE('',#757,#4018,#4020,.T.);
#4018 = VERTEX_POINT('',#4019);
#4019 = CARTESIAN_POINT('',(2.598076211353,33.757481859239,
    3.267949192431));
#4020 = LINE('',#4021,#4022);
#4021 = CARTESIAN_POINT('',(2.598076211353,39.,3.267949192431));
#4022 = VECTOR('',#4023,1.);
#4023 = DIRECTION('',(0.,-1.,2.2E-16));
#4024 = ORIENTED_EDGE('',*,*,#4025,.F.);
#4025 = EDGE_CURVE('',#3992,#4018,#4026,.T.);
#4026 = B_SPLINE_CURVE_WITH_KNOTS('',4,(#4027,#4028,#4029,#4030,#4031),
  .UNSPECIFIED.,.F.,.F.,(5,5),(0.,1.),.PIECEWISE_BEZIER_KNOTS.);
#4027 = CARTESIAN_POINT('',(4.4E-16,34.416908104194,1.767949192431));
#4028 = CARTESIAN_POINT('',(0.652433012558,34.272047120003,2.14463156786
    ));
#4029 = CARTESIAN_POINT('',(1.302954282125,34.112846537012,
    2.520210197958));
#4030 = CARTESIAN_POINT('',(1.951481460447,33.940844524715,
    2.894637538939));
#4031 = CARTESIAN_POINT('',(2.598076211353,33.757481859239,
    3.267949192431));
#4032 = ORIENTED_EDGE('',*,*,#3991,.F.);
#4033 = PLANE('',#4034);
#4034 = AXIS2_PLACEMENT_3D('',#4035,#4036,#4037);
#4035 = CARTESIAN_POINT('',(2.598076211353,39.,3.267949192431));
#4036 = DIRECTION('',(0.5,-1.9E-16,-0.866025403784));
#4037 = DIRECTION('',(-0.866025403784,-1.1E-16,-0.5));
#4038 = ADVANCED_FACE('',(#4039),#4059,.F.);
#4039 = FACE_BOUND('',#4040,.F.);
#4040 = EDGE_LOOP('',(#4041,#4042,#4050,#4058));
#4041 = ORIENTED_EDGE('',*,*,#756,.F.);
#4042 = ORIENTED_EDGE('',*,*,#4043,.T.);
#4043 = EDGE_CURVE('',#747,#4044,#4046,.T.);
#4044 = VERTEX_POINT('',#4045);
#4045 = CARTESIAN_POINT('',(2.598076211353,32.612819930712,
    6.267949192431));
#4046 = LINE('',#4047,#4048);
#4047 = CARTESIAN_POINT('',(2.598076211353,39.,6.267949192431));
#4048 = VECTOR('',#4049,1.);
#4049 = DIRECTION('',(0.,-1.,2.2E-16));
#4050 = ORIENTED_EDGE('',*,*,#4051,.T.);
#4051 = EDGE_CURVE('',#4044,#4018,#4052,.T.);
#4052 = B_SPLINE_CURVE_WITH_KNOTS('',4,(#4053,#4054,#4055,#4056,#4057),
  .UNSPECIFIED.,.F.,.F.,(5,5),(0.,1.),.PIECEWISE_BEZIER_KNOTS.);
#4053 = CARTESIAN_POINT('',(2.598076211353,32.612819930712,
    6.267949192431));
#4054 = CARTESIAN_POINT('',(2.598076211353,32.899054875806,5.51796244579
    ));
#4055 = CARTESIAN_POINT('',(2.598076211353,33.185243130542,
    4.767966789199));
#4056 = CARTESIAN_POINT('',(2.598076211353,33.471385270019,
    4.017962334749));
#4057 = CARTESIAN_POINT('',(2.598076211353,33.757481859239,
    3.267949192431));
#4058 = ORIENTED_EDGE('',*,*,#4017,.F.);
#4059 = PLANE('',#4060);
#4060 = AXIS2_PLACEMENT_3D('',#4061,#4062,#4063);
#4061 = CARTESIAN_POINT('',(2.598076211353,39.,6.267949192431));
#4062 = DIRECTION('',(1.,0.,1.5E-16));
#4063 = DIRECTION('',(1.5E-16,-2.2E-16,-1.));
#4064 = ADVANCED_FACE('',(#4065),#4078,.F.);
#4065 = FACE_BOUND('',#4066,.F.);
#4066 = EDGE_LOOP('',(#4067,#4068,#4069,#4077));
#4067 = ORIENTED_EDGE('',*,*,#746,.F.);
#4068 = ORIENTED_EDGE('',*,*,#3950,.T.);
#4069 = ORIENTED_EDGE('',*,*,#4070,.T.);
#4070 = EDGE_CURVE('',#3941,#4044,#4071,.T.);
#4071 = B_SPLINE_CURVE_WITH_KNOTS('',4,(#4072,#4073,#4074,#4075,#4076),
  .UNSPECIFIED.,.F.,.F.,(5,5),(0.,1.),.PIECEWISE_BEZIER_KNOTS.);
#4072 = CARTESIAN_POINT('',(0.,32.09845009435,7.767949192431));
#4073 = CARTESIAN_POINT('',(0.647277873678,32.245081502565,
    7.394243137823));
#4074 = CARTESIAN_POINT('',(1.296038714181,32.380795899495,
    7.019680891919));
#4075 = CARTESIAN_POINT('',(1.946340637274,32.503952159545,
    6.644228901566));
#4076 = CARTESIAN_POINT('',(2.598076211353,32.612819930712,
    6.267949192431));
#4077 = ORIENTED_EDGE('',*,*,#4043,.F.);
#4078 = PLANE('',#4079);
#4079 = AXIS2_PLACEMENT_3D('',#4080,#4081,#4082);
#4080 = CARTESIAN_POINT('',(0.,39.,7.767949192431));
#4081 = DIRECTION('',(0.5,1.9E-16,0.866025403784));
#4082 = DIRECTION('',(0.866025403784,-1.1E-16,-0.5));
#4083 = ADVANCED_FACE('',(#4084),#4111,.F.);
#4084 = FACE_BOUND('',#4085,.F.);
#4085 = EDGE_LOOP('',(#4086,#4087,#4095,#4105));
#4086 = ORIENTED_EDGE('',*,*,#796,.T.);
#4087 = ORIENTED_EDGE('',*,*,#4088,.T.);
#4088 = EDGE_CURVE('',#799,#4089,#4091,.T.);
#4089 = VERTEX_POINT('',#4090);
#4090 = CARTESIAN_POINT('',(-6.196152422707,29.978209882676,12.5));
#4091 = LINE('',#4092,#4093);
#4092 = CARTESIAN_POINT('',(-6.196152422707,39.,12.5));
#4093 = VECTOR('',#4094,1.);
#4094 = DIRECTION('',(0.,-1.,2.2E-16));
#4095 = ORIENTED_EDGE('',*,*,#4096,.F.);
#4096 = EDGE_CURVE('',#4097,#4089,#4099,.T.);
#4097 = VERTEX_POINT('',#4098);
#4098 = CARTESIAN_POINT('',(-3.598076211353,29.599976246695,14.));
#4099 = B_SPLINE_CURVE_WITH_KNOTS('',4,(#4100,#4101,#4102,#4103,#4104),
  .UNSPECIFIED.,.F.,.F.,(5,5),(0.,1.),.PIECEWISE_BEZIER_KNOTS.);
#4100 = CARTESIAN_POINT('',(-3.598076211353,29.599976246695,14.));
#4101 = CARTESIAN_POINT('',(-4.246092560295,29.710837175423,
    13.625867586499));
#4102 = CARTESIAN_POINT('',(-4.895106342716,29.811970962225,
    13.251159304511));
#4103 = CARTESIAN_POINT('',(-5.545163758208,29.90168184067,
    12.875848480688));
#4104 = CARTESIAN_POINT('',(-6.196152422707,29.978209882676,12.5));
#4105 = ORIENTED_EDGE('',*,*,#4106,.F.);
#4106 = EDGE_CURVE('',#797,#4097,#4107,.T.);
#4107 = LINE('',#4108,#4109);
#4108 = CARTESIAN_POINT('',(-3.598076211353,39.,14.));
#4109 = VECTOR('',#4110,1.);
#4110 = DIRECTION('',(0.,-1.,2.2E-16));
#4111 = PLANE('',#4112);
#4112 = AXIS2_PLACEMENT_3D('',#4113,#4114,#4115);
#4113 = CARTESIAN_POINT('',(-6.196152422707,39.,12.5));
#4114 = DIRECTION('',(-0.5,1.9E-16,0.866025403784));
#4115 = DIRECTION('',(0.866025403784,1.1E-16,0.5));
#4116 = ADVANCED_FACE('',(#4117),#4137,.F.);
#4117 = FACE_BOUND('',#4118,.F.);
#4118 = EDGE_LOOP('',(#4119,#4120,#4128,#4136));
#4119 = ORIENTED_EDGE('',*,*,#850,.T.);
#4120 = ORIENTED_EDGE('',*,*,#4121,.T.);
#4121 = EDGE_CURVE('',#840,#4122,#4124,.T.);
#4122 = VERTEX_POINT('',#4123);
#4123 = CARTESIAN_POINT('',(-6.196152422707,31.063508725658,9.5));
#4124 = LINE('',#4125,#4126);
#4125 = CARTESIAN_POINT('',(-6.196152422707,39.,9.5));
#4126 = VECTOR('',#4127,1.);
#4127 = DIRECTION('',(0.,-1.,2.2E-16));
#4128 = ORIENTED_EDGE('',*,*,#4129,.F.);
#4129 = EDGE_CURVE('',#4089,#4122,#4130,.T.);
#4130 = B_SPLINE_CURVE_WITH_KNOTS('',4,(#4131,#4132,#4133,#4134,#4135),
  .UNSPECIFIED.,.F.,.F.,(5,5),(0.,1.),.PIECEWISE_BEZIER_KNOTS.);
#4131 = CARTESIAN_POINT('',(-6.196152422707,29.978209882676,12.5));
#4132 = CARTESIAN_POINT('',(-6.196152422707,30.248575587251,
    11.749826759429));
#4133 = CARTESIAN_POINT('',(-6.196152422707,30.519597583605,
    10.999771779733));
#4134 = CARTESIAN_POINT('',(-6.196152422707,30.791249994526,
    10.249830854609));
#4135 = CARTESIAN_POINT('',(-6.196152422707,31.063508725658,9.5));
#4136 = ORIENTED_EDGE('',*,*,#4088,.F.);
#4137 = PLANE('',#4138);
#4138 = AXIS2_PLACEMENT_3D('',#4139,#4140,#4141);
#4139 = CARTESIAN_POINT('',(-6.196152422707,39.,9.5));
#4140 = DIRECTION('',(-1.,0.,0.));
#4141 = DIRECTION('',(0.,2.2E-16,1.));
#4142 = ADVANCED_FACE('',(#4143),#4164,.F.);
#4143 = FACE_BOUND('',#4144,.F.);
#4144 = EDGE_LOOP('',(#4145,#4146,#4154,#4163));
#4145 = ORIENTED_EDGE('',*,*,#839,.T.);
#4146 = ORIENTED_EDGE('',*,*,#4147,.T.);
#4147 = EDGE_CURVE('',#830,#4148,#4150,.T.);
#4148 = VERTEX_POINT('',#4149);
#4149 = CARTESIAN_POINT('',(-3.598076211353,31.86916869588,8.));
#4150 = LINE('',#4151,#4152);
#4151 = CARTESIAN_POINT('',(-3.598076211353,39.,8.));
#4152 = VECTOR('',#4153,1.);
#4153 = DIRECTION('',(0.,-1.,2.2E-16));
#4154 = ORIENTED_EDGE('',*,*,#4155,.F.);
#4155 = EDGE_CURVE('',#4122,#4148,#4156,.T.);
#4156 = B_SPLINE_CURVE_WITH_KNOTS('',5,(#4157,#4158,#4159,#4160,#4161,
    #4162),.UNSPECIFIED.,.F.,.F.,(6,6),(0.,1.),
  .PIECEWISE_BEZIER_KNOTS.);
#4157 = CARTESIAN_POINT('',(-6.196152422707,31.063508725658,9.5));
#4158 = CARTESIAN_POINT('',(-5.677856551907,31.231629105628,
    9.200761739474));
#4159 = CARTESIAN_POINT('',(-5.159008616179,31.396913289672,
    8.901204744113));
#4160 = CARTESIAN_POINT('',(-4.639491109659,31.558699000649,
    8.601261171875));
#4161 = CARTESIAN_POINT('',(-4.119206748862,31.716334943193,
    8.300874856114));
#4162 = CARTESIAN_POINT('',(-3.598076211353,31.86916869588,8.));
#4163 = ORIENTED_EDGE('',*,*,#4121,.F.);
#4164 = PLANE('',#4165);
#4165 = AXIS2_PLACEMENT_3D('',#4166,#4167,#4168);
#4166 = CARTESIAN_POINT('',(-3.598076211353,39.,8.));
#4167 = DIRECTION('',(-0.5,-1.9E-16,-0.866025403784));
#4168 = DIRECTION('',(-0.866025403784,1.1E-16,0.5));
#4169 = ADVANCED_FACE('',(#4170),#4190,.F.);
#4170 = FACE_BOUND('',#4171,.F.);
#4171 = EDGE_LOOP('',(#4172,#4173,#4181,#4189));
#4172 = ORIENTED_EDGE('',*,*,#829,.F.);
#4173 = ORIENTED_EDGE('',*,*,#4174,.T.);
#4174 = EDGE_CURVE('',#820,#4175,#4177,.T.);
#4175 = VERTEX_POINT('',#4176);
#4176 = CARTESIAN_POINT('',(-1.,31.416515966264,9.5));
#4177 = LINE('',#4178,#4179);
#4178 = CARTESIAN_POINT('',(-1.,39.,9.5));
#4179 = VECTOR('',#4180,1.);
#4180 = DIRECTION('',(0.,-1.,2.2E-16));
#4181 = ORIENTED_EDGE('',*,*,#4182,.T.);
#4182 = EDGE_CURVE('',#4175,#4148,#4183,.T.);
#4183 = B_SPLINE_CURVE_WITH_KNOTS('',4,(#4184,#4185,#4186,#4187,#4188),
  .UNSPECIFIED.,.F.,.F.,(5,5),(0.,1.),.PIECEWISE_BEZIER_KNOTS.);
#4184 = CARTESIAN_POINT('',(-1.,31.416515966264,9.5));
#4185 = CARTESIAN_POINT('',(-1.647631581683,31.54688511195,
    9.126089731979));
#4186 = CARTESIAN_POINT('',(-2.296517267556,31.666863829999,
    8.751455406568));
#4187 = CARTESIAN_POINT('',(-2.946702228784,31.77485102559,
    8.376070944179));
#4188 = CARTESIAN_POINT('',(-3.598076211353,31.86916869588,8.));
#4189 = ORIENTED_EDGE('',*,*,#4147,.F.);
#4190 = PLANE('',#4191);
#4191 = AXIS2_PLACEMENT_3D('',#4192,#4193,#4194);
#4192 = CARTESIAN_POINT('',(-1.,39.,9.5));
#4193 = DIRECTION('',(0.5,-1.9E-16,-0.866025403784));
#4194 = DIRECTION('',(-0.866025403784,-1.1E-16,-0.5));
#4195 = ADVANCED_FACE('',(#4196),#4216,.F.);
#4196 = FACE_BOUND('',#4197,.F.);
#4197 = EDGE_LOOP('',(#4198,#4199,#4207,#4215));
#4198 = ORIENTED_EDGE('',*,*,#819,.F.);
#4199 = ORIENTED_EDGE('',*,*,#4200,.T.);
#4200 = EDGE_CURVE('',#809,#4201,#4203,.T.);
#4201 = VERTEX_POINT('',#4202);
#4202 = CARTESIAN_POINT('',(-1.,30.259094331291,12.5));
#4203 = LINE('',#4204,#4205);
#4204 = CARTESIAN_POINT('',(-1.,39.,12.5));
#4205 = VECTOR('',#4206,1.);
#4206 = DIRECTION('',(0.,-1.,2.2E-16));
#4207 = ORIENTED_EDGE('',*,*,#4208,.T.);
#4208 = EDGE_CURVE('',#4201,#4175,#4209,.T.);
#4209 = B_SPLINE_CURVE_WITH_KNOTS('',4,(#4210,#4211,#4212,#4213,#4214),
  .UNSPECIFIED.,.F.,.F.,(5,5),(0.,1.),.PIECEWISE_BEZIER_KNOTS.);
#4210 = CARTESIAN_POINT('',(-1.,30.259094331291,12.5));
#4211 = CARTESIAN_POINT('',(-1.,30.548359552123,11.749982606756));
#4212 = CARTESIAN_POINT('',(-1.,30.837688178777,10.999977439044));
#4213 = CARTESIAN_POINT('',(-1.,31.127075166331,10.249983528324));
#4214 = CARTESIAN_POINT('',(-1.,31.416515966264,9.5));
#4215 = ORIENTED_EDGE('',*,*,#4174,.F.);
#4216 = PLANE('',#4217);
#4217 = AXIS2_PLACEMENT_3D('',#4218,#4219,#4220);
#4218 = CARTESIAN_POINT('',(-1.,39.,12.5));
#4219 = DIRECTION('',(1.,0.,4.E-17));
#4220 = DIRECTION('',(4.E-17,-2.2E-16,-1.));
#4221 = ADVANCED_FACE('',(#4222),#4236,.F.);
#4222 = FACE_BOUND('',#4223,.F.);
#4223 = EDGE_LOOP('',(#4224,#4225,#4226,#4235));
#4224 = ORIENTED_EDGE('',*,*,#808,.F.);
#4225 = ORIENTED_EDGE('',*,*,#4106,.T.);
#4226 = ORIENTED_EDGE('',*,*,#4227,.T.);
#4227 = EDGE_CURVE('',#4097,#4201,#4228,.T.);
#4228 = B_SPLINE_CURVE_WITH_KNOTS('',5,(#4229,#4230,#4231,#4232,#4233,
    #4234),.UNSPECIFIED.,.F.,.F.,(6,6),(0.,1.),
  .PIECEWISE_BEZIER_KNOTS.);
#4229 = CARTESIAN_POINT('',(-3.598076211353,29.599976246695,14.));
#4230 = CARTESIAN_POINT('',(-3.079267852898,29.737032509962,
    13.700465854588));
#4231 = CARTESIAN_POINT('',(-2.560157495446,29.872182906722,
    13.400757349974));
#4232 = CARTESIAN_POINT('',(-2.040635249135,30.004710854585,
    13.100811041216));
#4233 = CARTESIAN_POINT('',(-1.520608461717,30.133914262121,
    12.800573435515));
#4234 = CARTESIAN_POINT('',(-1.,30.259094331291,12.5));
#4235 = ORIENTED_EDGE('',*,*,#4200,.F.);
#4236 = PLANE('',#4237);
#4237 = AXIS2_PLACEMENT_3D('',#4238,#4239,#4240);
#4238 = CARTESIAN_POINT('',(-3.598076211353,39.,14.));
#4239 = DIRECTION('',(0.5,1.9E-16,0.866025403784));
#4240 = DIRECTION('',(0.866025403784,-1.1E-16,-0.5));
#4241 = ADVANCED_FACE('',(#4242),#4270,.F.);
#4242 = FACE_BOUND('',#4243,.F.);
#4243 = EDGE_LOOP('',(#4244,#4245,#4253,#4264));
#4244 = ORIENTED_EDGE('',*,*,#860,.T.);
#4245 = ORIENTED_EDGE('',*,*,#4246,.T.);
#4246 = EDGE_CURVE('',#863,#4247,#4249,.T.);
#4247 = VERTEX_POINT('',#4248);
#4248 = CARTESIAN_POINT('',(-13.39230484541,28.955056819147,12.5));
#4249 = LINE('',#4250,#4251);
#4250 = CARTESIAN_POINT('',(-13.39230484541,39.,12.5));
#4251 = VECTOR('',#4252,1.);
#4252 = DIRECTION('',(0.,-1.,2.2E-16));
#4253 = ORIENTED_EDGE('',*,*,#4254,.F.);
#4254 = EDGE_CURVE('',#4255,#4247,#4257,.T.);
#4255 = VERTEX_POINT('',#4256);
#4256 = CARTESIAN_POINT('',(-10.79422863406,28.953672504848,14.));
#4257 = B_SPLINE_CURVE_WITH_KNOTS('',5,(#4258,#4259,#4260,#4261,#4262,
    #4263),.UNSPECIFIED.,.F.,.F.,(6,6),(0.,1.),
  .PIECEWISE_BEZIER_KNOTS.);
#4258 = CARTESIAN_POINT('',(-10.79422863406,28.953672504848,14.));
#4259 = CARTESIAN_POINT('',(-11.31366844974,28.975318031627,
    13.700101282589));
#4260 = CARTESIAN_POINT('',(-11.83335528287,28.987029787589,
    13.400059949582));
#4261 = CARTESIAN_POINT('',(-12.3531588374,28.988065144183,
    13.099951227453));
#4262 = CARTESIAN_POINT('',(-12.87289079687,28.977663855309,
    12.799883840744));
#4263 = CARTESIAN_POINT('',(-13.39230484541,28.955056819147,12.5));
#4264 = ORIENTED_EDGE('',*,*,#4265,.F.);
#4265 = EDGE_CURVE('',#861,#4255,#4266,.T.);
#4266 = LINE('',#4267,#4268);
#4267 = CARTESIAN_POINT('',(-10.79422863406,39.,14.));
#4268 = VECTOR('',#4269,1.);
#4269 = DIRECTION('',(0.,-1.,2.2E-16));
#4270 = PLANE('',#4271);
#4271 = AXIS2_PLACEMENT_3D('',#4272,#4273,#4274);
#4272 = CARTESIAN_POINT('',(-13.39230484541,39.,12.5));
#4273 = DIRECTION('',(-0.5,1.9E-16,0.866025403784));
#4274 = DIRECTION('',(0.866025403784,1.1E-16,0.5));
#4275 = ADVANCED_FACE('',(#4276),#4296,.F.);
#4276 = FACE_BOUND('',#4277,.F.);
#4277 = EDGE_LOOP('',(#4278,#4279,#4287,#4295));
#4278 = ORIENTED_EDGE('',*,*,#923,.T.);
#4279 = ORIENTED_EDGE('',*,*,#4280,.T.);
#4280 = EDGE_CURVE('',#908,#4281,#4283,.T.);
#4281 = VERTEX_POINT('',#4282);
#4282 = CARTESIAN_POINT('',(-13.39230484541,29.754136123172,9.5));
#4283 = LINE('',#4284,#4285);
#4284 = CARTESIAN_POINT('',(-13.39230484541,39.,9.5));
#4285 = VECTOR('',#4286,1.);
#4286 = DIRECTION('',(0.,-1.,2.2E-16));
#4287 = ORIENTED_EDGE('',*,*,#4288,.F.);
#4288 = EDGE_CURVE('',#4247,#4281,#4289,.T.);
#4289 = B_SPLINE_CURVE_WITH_KNOTS('',4,(#4290,#4291,#4292,#4293,#4294),
  .UNSPECIFIED.,.F.,.F.,(5,5),(0.,1.),.PIECEWISE_BEZIER_KNOTS.);
#4290 = CARTESIAN_POINT('',(-13.39230484541,28.955056819147,12.5));
#4291 = CARTESIAN_POINT('',(-13.39230484541,29.151731007404,
    11.74958994682));
#4292 = CARTESIAN_POINT('',(-13.39230484541,29.350497308069,
    10.999454050668));
#4293 = CARTESIAN_POINT('',(-13.39230484541,29.551313455758,
    10.249591297086));
#4294 = CARTESIAN_POINT('',(-13.39230484541,29.754136123172,9.5));
#4295 = ORIENTED_EDGE('',*,*,#4246,.F.);
#4296 = PLANE('',#4297);
#4297 = AXIS2_PLACEMENT_3D('',#4298,#4299,#4300);
#4298 = CARTESIAN_POINT('',(-13.39230484541,39.,9.5));
#4299 = DIRECTION('',(-1.,0.,0.));
#4300 = DIRECTION('',(0.,2.2E-16,1.));
#4301 = ADVANCED_FACE('',(#4302),#4328,.F.);
#4302 = FACE_BOUND('',#4303,.F.);
#4303 = EDGE_LOOP('',(#4304,#4305,#4313,#4327));
#4304 = ORIENTED_EDGE('',*,*,#907,.T.);
#4305 = ORIENTED_EDGE('',*,*,#4306,.T.);
#4306 = EDGE_CURVE('',#897,#4307,#4309,.T.);
#4307 = VERTEX_POINT('',#4308);
#4308 = CARTESIAN_POINT('',(-10.79422863406,30.812094327405,8.));
#4309 = LINE('',#4310,#4311);
#4310 = CARTESIAN_POINT('',(-10.79422863406,39.,8.));
#4311 = VECTOR('',#4312,1.);
#4312 = DIRECTION('',(0.,-1.,2.2E-16));
#4313 = ORIENTED_EDGE('',*,*,#4314,.F.);
#4314 = EDGE_CURVE('',#4281,#4307,#4315,.T.);
#4315 = B_SPLINE_CURVE_WITH_KNOTS('',4,(#4316,#4317,#4318,#4319,#4320,
    #4321,#4322,#4323,#4324,#4325,#4326),.UNSPECIFIED.,.F.,.F.,(5,3,3,5)
  ,(0.,0.395413958876,0.615448140749,1.),.UNSPECIFIED.);
#4316 = CARTESIAN_POINT('',(-13.39230484541,29.754136123172,9.5));
#4317 = CARTESIAN_POINT('',(-13.1354947021,29.858791552092,9.35173059463
    ));
#4318 = CARTESIAN_POINT('',(-12.87872649431,29.963619701714,
    9.203485400743));
#4319 = CARTESIAN_POINT('',(-12.62197161333,30.068503349022,
    9.055247901096));
#4320 = CARTESIAN_POINT('',(-12.22231963549,30.231663720109,
    8.824508724105));
#4321 = CARTESIAN_POINT('',(-12.07943225252,30.289979200418,
    8.742012655081));
#4322 = CARTESIAN_POINT('',(-11.93653580301,30.348258037378,
    8.659511351495));
#4323 = CARTESIAN_POINT('',(-11.54386297265,30.50823799011,
    8.432801587179));
#4324 = CARTESIAN_POINT('',(-11.29405858016,30.609825210157,
    8.28857695393));
#4325 = CARTESIAN_POINT('',(-11.04418810316,30.711142850209,
    8.144314166773));
#4326 = CARTESIAN_POINT('',(-10.79422863406,30.812094327405,8.));
#4327 = ORIENTED_EDGE('',*,*,#4280,.F.);
#4328 = PLANE('',#4329);
#4329 = AXIS2_PLACEMENT_3D('',#4330,#4331,#4332);
#4330 = CARTESIAN_POINT('',(-10.79422863406,39.,8.));
#4331 = DIRECTION('',(-0.5,-1.9E-16,-0.866025403784));
#4332 = DIRECTION('',(-0.866025403784,1.1E-16,0.5));
#4333 = ADVANCED_FACE('',(#4334),#4355,.F.);
#4334 = FACE_BOUND('',#4335,.F.);
#4335 = EDGE_LOOP('',(#4336,#4337,#4345,#4354));
#4336 = ORIENTED_EDGE('',*,*,#896,.F.);
#4337 = ORIENTED_EDGE('',*,*,#4338,.T.);
#4338 = EDGE_CURVE('',#887,#4339,#4341,.T.);
#4339 = VERTEX_POINT('',#4340);
#4340 = CARTESIAN_POINT('',(-8.196152422707,30.797390196047,9.5));
#4341 = LINE('',#4342,#4343);
#4342 = CARTESIAN_POINT('',(-8.196152422707,39.,9.5));
#4343 = VECTOR('',#4344,1.);
#4344 = DIRECTION('',(0.,-1.,2.2E-16));
#4345 = ORIENTED_EDGE('',*,*,#4346,.T.);
#4346 = EDGE_CURVE('',#4339,#4307,#4347,.T.);
#4347 = B_SPLINE_CURVE_WITH_KNOTS('',5,(#4348,#4349,#4350,#4351,#4352,
    #4353),.UNSPECIFIED.,.F.,.F.,(6,6),(0.,1.),
  .PIECEWISE_BEZIER_KNOTS.);
#4348 = CARTESIAN_POINT('',(-8.196152422707,30.797390196047,9.5));
#4349 = CARTESIAN_POINT('',(-8.71551760351,30.822129650774,
    9.200144373056));
#4350 = CARTESIAN_POINT('',(-9.235172215209,30.83669909407,
    8.900121643105));
#4351 = CARTESIAN_POINT('',(-9.754980524865,30.840377802922,
    8.600010175599));
#4352 = CARTESIAN_POINT('',(-10.27474946885,30.832425981538,
    8.299921435871));
#4353 = CARTESIAN_POINT('',(-10.79422863406,30.812094327405,8.));
#4354 = ORIENTED_EDGE('',*,*,#4306,.F.);
#4355 = PLANE('',#4356);
#4356 = AXIS2_PLACEMENT_3D('',#4357,#4358,#4359);
#4357 = CARTESIAN_POINT('',(-8.196152422707,39.,9.5));
#4358 = DIRECTION('',(0.5,-1.9E-16,-0.866025403784));
#4359 = DIRECTION('',(-0.866025403784,-1.1E-16,-0.5));
#4360 = ADVANCED_FACE('',(#4361),#4381,.F.);
#4361 = FACE_BOUND('',#4362,.F.);
#4362 = EDGE_LOOP('',(#4363,#4364,#4372,#4380));
#4363 = ORIENTED_EDGE('',*,*,#886,.F.);
#4364 = ORIENTED_EDGE('',*,*,#4365,.T.);
#4365 = EDGE_CURVE('',#874,#4366,#4368,.T.);
#4366 = VERTEX_POINT('',#4367);
#4367 = CARTESIAN_POINT('',(-8.196152422707,29.768793899389,12.5));
#4368 = LINE('',#4369,#4370);
#4369 = CARTESIAN_POINT('',(-8.196152422707,39.,12.5));
#4370 = VECTOR('',#4371,1.);
#4371 = DIRECTION('',(0.,-1.,2.2E-16));
#4372 = ORIENTED_EDGE('',*,*,#4373,.T.);
#4373 = EDGE_CURVE('',#4366,#4339,#4374,.T.);
#4374 = B_SPLINE_CURVE_WITH_KNOTS('',4,(#4375,#4376,#4377,#4378,#4379),
  .UNSPECIFIED.,.F.,.F.,(5,5),(0.,1.),.PIECEWISE_BEZIER_KNOTS.);
#4375 = CARTESIAN_POINT('',(-8.196152422707,29.768793899389,12.5));
#4376 = CARTESIAN_POINT('',(-8.196152422707,30.024468603784,
    11.749747769944));
#4377 = CARTESIAN_POINT('',(-8.196152422707,30.281149188537,
    10.999666929613));
#4378 = CARTESIAN_POINT('',(-8.196152422707,30.538800730436,
    10.249752595414));
#4379 = CARTESIAN_POINT('',(-8.196152422707,30.797390196047,9.5));
#4380 = ORIENTED_EDGE('',*,*,#4338,.F.);
#4381 = PLANE('',#4382);
#4382 = AXIS2_PLACEMENT_3D('',#4383,#4384,#4385);
#4383 = CARTESIAN_POINT('',(-8.196152422707,39.,12.5));
#4384 = DIRECTION('',(1.,0.,0.));
#4385 = DIRECTION('',(0.,-2.2E-16,-1.));
#4386 = ADVANCED_FACE('',(#4387),#4403,.F.);
#4387 = FACE_BOUND('',#4388,.F.);
#4388 = EDGE_LOOP('',(#4389,#4390,#4391,#4402));
#4389 = ORIENTED_EDGE('',*,*,#873,.F.);
#4390 = ORIENTED_EDGE('',*,*,#4265,.T.);
#4391 = ORIENTED_EDGE('',*,*,#4392,.T.);
#4392 = EDGE_CURVE('',#4255,#4366,#4393,.T.);
#4393 = B_SPLINE_CURVE_WITH_KNOTS('',4,(#4394,#4395,#4396,#4397,#4398,
    #4399,#4400,#4401),.UNSPECIFIED.,.F.,.F.,(5,3,5),(0.,0.591452982639,
    1.),.UNSPECIFIED.);
#4394 = CARTESIAN_POINT('',(-10.79422863406,28.953672504848,14.));
#4395 = CARTESIAN_POINT('',(-10.40972398805,29.072348303786,
    13.778006139125));
#4396 = CARTESIAN_POINT('',(-10.02543929301,29.192214166246,
    13.556139266997));
#4397 = CARTESIAN_POINT('',(-9.641299972849,29.312851569957,
    13.334356327093));
#4398 = CARTESIAN_POINT('',(-8.991935270488,29.517457108976,
    12.959445441383));
#4399 = CARTESIAN_POINT('',(-8.726673028553,29.601227993306,
    12.806296214596));
#4400 = CARTESIAN_POINT('',(-8.461420013584,29.685048728967,12.653152315
    ));
#4401 = CARTESIAN_POINT('',(-8.196152422707,29.768793899389,12.5));
#4402 = ORIENTED_EDGE('',*,*,#4365,.F.);
#4403 = PLANE('',#4404);
#4404 = AXIS2_PLACEMENT_3D('',#4405,#4406,#4407);
#4405 = CARTESIAN_POINT('',(-10.79422863406,39.,14.));
#4406 = DIRECTION('',(0.5,1.9E-16,0.866025403784));
#4407 = DIRECTION('',(0.866025403784,-1.1E-16,-0.5));
#4408 = ADVANCED_FACE('',(#4409),#4437,.F.);
#4409 = FACE_BOUND('',#4410,.F.);
#4410 = EDGE_LOOP('',(#4411,#4412,#4420,#4431));
#4411 = ORIENTED_EDGE('',*,*,#933,.T.);
#4412 = ORIENTED_EDGE('',*,*,#4413,.T.);
#4413 = EDGE_CURVE('',#936,#4414,#4416,.T.);
#4414 = VERTEX_POINT('',#4415);
#4415 = CARTESIAN_POINT('',(-9.79422863406,31.595195612678,
    6.267949192431));
#4416 = LINE('',#4417,#4418);
#4417 = CARTESIAN_POINT('',(-9.79422863406,39.,6.267949192431));
#4418 = VECTOR('',#4419,1.);
#4419 = DIRECTION('',(0.,-1.,2.2E-16));
#4420 = ORIENTED_EDGE('',*,*,#4421,.F.);
#4421 = EDGE_CURVE('',#4422,#4414,#4424,.T.);
#4422 = VERTEX_POINT('',#4423);
#4423 = CARTESIAN_POINT('',(-7.196152422707,31.555558227155,
    7.767949192431));
#4424 = B_SPLINE_CURVE_WITH_KNOTS('',5,(#4425,#4426,#4427,#4428,#4429,
    #4430),.UNSPECIFIED.,.F.,.F.,(6,6),(0.,1.),
  .PIECEWISE_BEZIER_KNOTS.);
#4425 = CARTESIAN_POINT('',(-7.196152422707,31.555558227155,
    7.767949192431));
#4426 = CARTESIAN_POINT('',(-7.715389800254,31.585363434779,
    7.468167352731));
#4427 = CARTESIAN_POINT('',(-8.234978055151,31.604946763546,
    7.168182933898));
#4428 = CARTESIAN_POINT('',(-8.75478340678,31.613600249784,
    6.868073174209));
#4429 = CARTESIAN_POINT('',(-9.274615758413,31.610595958488,
    6.56794782606));
#4430 = CARTESIAN_POINT('',(-9.79422863406,31.595195612678,
    6.267949192431));
#4431 = ORIENTED_EDGE('',*,*,#4432,.F.);
#4432 = EDGE_CURVE('',#934,#4422,#4433,.T.);
#4433 = LINE('',#4434,#4435);
#4434 = CARTESIAN_POINT('',(-7.196152422707,39.,7.767949192431));
#4435 = VECTOR('',#4436,1.);
#4436 = DIRECTION('',(0.,-1.,2.2E-16));
#4437 = PLANE('',#4438);
#4438 = AXIS2_PLACEMENT_3D('',#4439,#4440,#4441);
#4439 = CARTESIAN_POINT('',(-9.79422863406,39.,6.267949192431));
#4440 = DIRECTION('',(-0.5,1.9E-16,0.866025403784));
#4441 = DIRECTION('',(0.866025403784,1.1E-16,0.5));
#4442 = ADVANCED_FACE('',(#4443),#4463,.F.);
#4443 = FACE_BOUND('',#4444,.F.);
#4444 = EDGE_LOOP('',(#4445,#4446,#4454,#4462));
#4445 = ORIENTED_EDGE('',*,*,#988,.T.);
#4446 = ORIENTED_EDGE('',*,*,#4447,.T.);
#4447 = EDGE_CURVE('',#978,#4448,#4450,.T.);
#4448 = VERTEX_POINT('',#4449);
#4449 = CARTESIAN_POINT('',(-9.79422863406,32.59788006157,3.267949192431
    ));
#4450 = LINE('',#4451,#4452);
#4451 = CARTESIAN_POINT('',(-9.79422863406,39.,3.267949192431));
#4452 = VECTOR('',#4453,1.);
#4453 = DIRECTION('',(0.,-1.,2.2E-16));
#4454 = ORIENTED_EDGE('',*,*,#4455,.F.);
#4455 = EDGE_CURVE('',#4414,#4448,#4456,.T.);
#4456 = B_SPLINE_CURVE_WITH_KNOTS('',4,(#4457,#4458,#4459,#4460,#4461),
  .UNSPECIFIED.,.F.,.F.,(5,5),(0.,1.),.PIECEWISE_BEZIER_KNOTS.);
#4457 = CARTESIAN_POINT('',(-9.79422863406,31.595195612678,
    6.267949192431));
#4458 = CARTESIAN_POINT('',(-9.79422863406,31.844158946388,
    5.517664497847));
#4459 = CARTESIAN_POINT('',(-9.79422863406,32.094285579975,
    4.767572804795));
#4460 = CARTESIAN_POINT('',(-9.79422863406,32.345537914638,
    4.017669298895));
#4461 = CARTESIAN_POINT('',(-9.79422863406,32.597880061571,
    3.267949192431));
#4462 = ORIENTED_EDGE('',*,*,#4413,.F.);
#4463 = PLANE('',#4464);
#4464 = AXIS2_PLACEMENT_3D('',#4465,#4466,#4467);
#4465 = CARTESIAN_POINT('',(-9.79422863406,39.,3.267949192431));
#4466 = DIRECTION('',(-1.,0.,0.));
#4467 = DIRECTION('',(0.,2.2E-16,1.));
#4468 = ADVANCED_FACE('',(#4469),#4490,.F.);
#4469 = FACE_BOUND('',#4470,.F.);
#4470 = EDGE_LOOP('',(#4471,#4472,#4480,#4489));
#4471 = ORIENTED_EDGE('',*,*,#977,.T.);
#4472 = ORIENTED_EDGE('',*,*,#4473,.T.);
#4473 = EDGE_CURVE('',#968,#4474,#4476,.T.);
#4474 = VERTEX_POINT('',#4475);
#4475 = CARTESIAN_POINT('',(-7.196152422707,33.712475686123,
    1.767949192431));
#4476 = LINE('',#4477,#4478);
#4477 = CARTESIAN_POINT('',(-7.196152422707,39.,1.767949192431));
#4478 = VECTOR('',#4479,1.);
#4479 = DIRECTION('',(0.,-1.,2.2E-16));
#4480 = ORIENTED_EDGE('',*,*,#4481,.F.);
#4481 = EDGE_CURVE('',#4448,#4474,#4482,.T.);
#4482 = B_SPLINE_CURVE_WITH_KNOTS('',5,(#4483,#4484,#4485,#4486,#4487,
    #4488),.UNSPECIFIED.,.F.,.F.,(6,6),(0.,1.),
  .PIECEWISE_BEZIER_KNOTS.);
#4483 = CARTESIAN_POINT('',(-9.79422863406,32.59788006157,3.267949192431
    ));
#4484 = CARTESIAN_POINT('',(-9.277165077069,32.830557495536,
    2.969422408614));
#4485 = CARTESIAN_POINT('',(-8.758938732977,33.058929563042,
    2.670224289352));
#4486 = CARTESIAN_POINT('',(-8.239425466658,33.282422539219,
    2.370283165195));
#4487 = CARTESIAN_POINT('',(-7.718523882377,33.500464810307,
    2.069540495289));
#4488 = CARTESIAN_POINT('',(-7.196152422707,33.712475686123,
    1.767949192431));
#4489 = ORIENTED_EDGE('',*,*,#4447,.F.);
#4490 = PLANE('',#4491);
#4491 = AXIS2_PLACEMENT_3D('',#4492,#4493,#4494);
#4492 = CARTESIAN_POINT('',(-7.196152422707,39.,1.767949192431));
#4493 = DIRECTION('',(-0.5,-1.9E-16,-0.866025403784));
#4494 = DIRECTION('',(-0.866025403784,1.1E-16,0.5));
#4495 = ADVANCED_FACE('',(#4496),#4517,.F.);
#4496 = FACE_BOUND('',#4497,.F.);
#4497 = EDGE_LOOP('',(#4498,#4499,#4507,#4516));
#4498 = ORIENTED_EDGE('',*,*,#967,.T.);
#4499 = ORIENTED_EDGE('',*,*,#4500,.T.);
#4500 = EDGE_CURVE('',#958,#4501,#4503,.T.);
#4501 = VERTEX_POINT('',#4502);
#4502 = CARTESIAN_POINT('',(-4.598076211353,33.563322848037,
    3.267949192431));
#4503 = LINE('',#4504,#4505);
#4504 = CARTESIAN_POINT('',(-4.598076211353,39.,3.267949192431));
#4505 = VECTOR('',#4506,1.);
#4506 = DIRECTION('',(0.,-1.,2.2E-16));
#4507 = ORIENTED_EDGE('',*,*,#4508,.F.);
#4508 = EDGE_CURVE('',#4474,#4501,#4509,.T.);
#4509 = B_SPLINE_CURVE_WITH_KNOTS('',5,(#4510,#4511,#4512,#4513,#4514,
    #4515),.UNSPECIFIED.,.F.,.F.,(6,6),(0.,1.),
  .PIECEWISE_BEZIER_KNOTS.);
#4510 = CARTESIAN_POINT('',(-7.196152422707,33.712475686123,
    1.767949192431));
#4511 = CARTESIAN_POINT('',(-6.675949242686,33.705972202814,
    2.068288638449));
#4512 = CARTESIAN_POINT('',(-6.155839764097,33.687107760692,
    2.368573985921));
#4513 = CARTESIAN_POINT('',(-5.636050558611,33.656587774038,
    2.66867442363));
#4514 = CARTESIAN_POINT('',(-5.116755531635,33.615103393114,
    2.968489547244));
#4515 = CARTESIAN_POINT('',(-4.598076211353,33.563322848037,
    3.267949192431));
#4516 = ORIENTED_EDGE('',*,*,#4473,.F.);
#4517 = PLANE('',#4518);
#4518 = AXIS2_PLACEMENT_3D('',#4519,#4520,#4521);
#4519 = CARTESIAN_POINT('',(-4.598076211353,39.,3.267949192431));
#4520 = DIRECTION('',(0.5,-1.9E-16,-0.866025403784));
#4521 = DIRECTION('',(-0.866025403784,-1.1E-16,-0.5));
#4522 = ADVANCED_FACE('',(#4523),#4543,.F.);
#4523 = FACE_BOUND('',#4524,.F.);
#4524 = EDGE_LOOP('',(#4525,#4526,#4534,#4542));
#4525 = ORIENTED_EDGE('',*,*,#957,.F.);
#4526 = ORIENTED_EDGE('',*,*,#4527,.T.);
#4527 = EDGE_CURVE('',#947,#4528,#4530,.T.);
#4528 = VERTEX_POINT('',#4529);
#4529 = CARTESIAN_POINT('',(-4.598076211353,32.434631060556,
    6.267949192431));
#4530 = LINE('',#4531,#4532);
#4531 = CARTESIAN_POINT('',(-4.598076211353,39.,6.267949192431));
#4532 = VECTOR('',#4533,1.);
#4533 = DIRECTION('',(0.,-1.,2.2E-16));
#4534 = ORIENTED_EDGE('',*,*,#4535,.T.);
#4535 = EDGE_CURVE('',#4528,#4501,#4536,.T.);
#4536 = B_SPLINE_CURVE_WITH_KNOTS('',4,(#4537,#4538,#4539,#4540,#4541),
  .UNSPECIFIED.,.F.,.F.,(5,5),(0.,1.),.PIECEWISE_BEZIER_KNOTS.);
#4537 = CARTESIAN_POINT('',(-4.598076211353,32.434631060556,
    6.267949192431));
#4538 = CARTESIAN_POINT('',(-4.598076211353,32.716291531504,
    5.517852856213));
#4539 = CARTESIAN_POINT('',(-4.598076211353,32.998303863411,
    4.767822578499));
#4540 = CARTESIAN_POINT('',(-4.598076211353,33.280652433716,
    4.01785555809));
#4541 = CARTESIAN_POINT('',(-4.598076211353,33.563322848037,
    3.267949192431));
#4542 = ORIENTED_EDGE('',*,*,#4500,.F.);
#4543 = PLANE('',#4544);
#4544 = AXIS2_PLACEMENT_3D('',#4545,#4546,#4547);
#4545 = CARTESIAN_POINT('',(-4.598076211353,39.,6.267949192431));
#4546 = DIRECTION('',(1.,0.,0.));
#4547 = DIRECTION('',(0.,-2.2E-16,-1.));
#4548 = ADVANCED_FACE('',(#4549),#4563,.F.);
#4549 = FACE_BOUND('',#4550,.F.);
#4550 = EDGE_LOOP('',(#4551,#4552,#4553,#4562));
#4551 = ORIENTED_EDGE('',*,*,#946,.F.);
#4552 = ORIENTED_EDGE('',*,*,#4432,.T.);
#4553 = ORIENTED_EDGE('',*,*,#4554,.T.);
#4554 = EDGE_CURVE('',#4422,#4528,#4555,.T.);
#4555 = B_SPLINE_CURVE_WITH_KNOTS('',5,(#4556,#4557,#4558,#4559,#4560,
    #4561),.UNSPECIFIED.,.F.,.F.,(6,6),(0.,1.),
  .PIECEWISE_BEZIER_KNOTS.);
#4556 = CARTESIAN_POINT('',(-7.196152422707,31.555558227155,
    7.767949192431));
#4557 = CARTESIAN_POINT('',(-6.678125050543,31.739078013848,
    7.468865949665));
#4558 = CARTESIAN_POINT('',(-6.159413854328,31.919381409977,
    7.169387900899));
#4559 = CARTESIAN_POINT('',(-5.639898371422,32.095828810291,
    6.869445496995));
#4560 = CARTESIAN_POINT('',(-5.119479341158,32.267789827512,
    6.56898142978));
#4561 = CARTESIAN_POINT('',(-4.598076211353,32.434631060556,
    6.267949192431));
#4562 = ORIENTED_EDGE('',*,*,#4527,.F.);
#4563 = PLANE('',#4564);
#4564 = AXIS2_PLACEMENT_3D('',#4565,#4566,#4567);
#4565 = CARTESIAN_POINT('',(-7.196152422707,39.,7.767949192431));
#4566 = DIRECTION('',(0.5,1.9E-16,0.866025403784));
#4567 = DIRECTION('',(0.866025403784,-1.1E-16,-0.5));
#4568 = ADVANCED_FACE('',(#4569),#4581,.T.);
#4569 = FACE_BOUND('',#4570,.F.);
#4570 = EDGE_LOOP('',(#4571,#4572,#4573,#4580));
#4571 = ORIENTED_EDGE('',*,*,#1020,.F.);
#4572 = ORIENTED_EDGE('',*,*,#2167,.T.);
#4573 = ORIENTED_EDGE('',*,*,#4574,.T.);
#4574 = EDGE_CURVE('',#2168,#1091,#4575,.T.);
#4575 = CIRCLE('',#4576,0.8);
#4576 = AXIS2_PLACEMENT_3D('',#4577,#4578,#4579);
#4577 = CARTESIAN_POINT('',(11.3,23.,31.2));
#4578 = DIRECTION('',(-6.E-17,-1.,-0.));
#4579 = DIRECTION('',(-1.,6.E-17,0.));
#4580 = ORIENTED_EDGE('',*,*,#1090,.F.);
#4581 = TOROIDAL_SURFACE('',#4582,4.2,0.8);
#4582 = AXIS2_PLACEMENT_3D('',#4583,#4584,#4585);
#4583 = CARTESIAN_POINT('',(15.5,23.,31.2));
#4584 = DIRECTION('',(-0.,-0.,-1.));
#4585 = DIRECTION('',(0.,1.,0.));
#4586 = ADVANCED_FACE('',(#4587),#4612,.T.);
#4587 = FACE_BOUND('',#4588,.T.);
#4588 = EDGE_LOOP('',(#4589,#4599,#4605,#4606));
#4589 = ORIENTED_EDGE('',*,*,#4590,.F.);
#4590 = EDGE_CURVE('',#4591,#4593,#4595,.T.);
#4591 = VERTEX_POINT('',#4592);
#4592 = CARTESIAN_POINT('',(-36.52099999999,12.664776627142,30.));
#4593 = VERTEX_POINT('',#4594);
#4594 = CARTESIAN_POINT('',(-36.52099999999,12.664776627142,22.));
#4595 = LINE('',#4596,#4597);
#4596 = CARTESIAN_POINT('',(-36.52099999999,12.664776627142,30.));
#4597 = VECTOR('',#4598,1.);
#4598 = DIRECTION('',(-0.,6.7E-16,-1.));
#4599 = ORIENTED_EDGE('',*,*,#4600,.T.);
#4600 = EDGE_CURVE('',#4591,#1054,#4601,.T.);
#4601 = LINE('',#4602,#4603);
#4602 = CARTESIAN_POINT('',(-36.52099999999,12.664776627142,30.));
#4603 = VECTOR('',#4604,1.);
#4604 = DIRECTION('',(1.,0.,0.));
#4605 = ORIENTED_EDGE('',*,*,#1062,.T.);
#4606 = ORIENTED_EDGE('',*,*,#4607,.F.);
#4607 = EDGE_CURVE('',#4593,#1063,#4608,.T.);
#4608 = LINE('',#4609,#4610);
#4609 = CARTESIAN_POINT('',(-36.52099999999,12.664776627142,22.));
#4610 = VECTOR('',#4611,1.);
#4611 = DIRECTION('',(1.,0.,0.));
#4612 = PLANE('',#4613);
#4613 = AXIS2_PLACEMENT_3D('',#4614,#4615,#4616);
#4614 = CARTESIAN_POINT('',(-36.52099999999,12.664776627142,30.));
#4615 = DIRECTION('',(0.,1.,6.7E-16));
#4616 = DIRECTION('',(0.,6.7E-16,-1.));
#4617 = ADVANCED_FACE('',(#4618),#4628,.F.);
#4618 = FACE_BOUND('',#4619,.F.);
#4619 = EDGE_LOOP('',(#4620,#4626,#4627));
#4620 = ORIENTED_EDGE('',*,*,#4621,.F.);
#4621 = EDGE_CURVE('',#4591,#1045,#4622,.T.);
#4622 = LINE('',#4623,#4624);
#4623 = CARTESIAN_POINT('',(-36.52099999999,12.664776627142,30.));
#4624 = VECTOR('',#4625,1.);
#4625 = DIRECTION('',(0.,-0.484589772503,0.874741534618));
#4626 = ORIENTED_EDGE('',*,*,#4600,.T.);
#4627 = ORIENTED_EDGE('',*,*,#1053,.F.);
#4628 = PLANE('',#4629);
#4629 = AXIS2_PLACEMENT_3D('',#4630,#4631,#4632);
#4630 = CARTESIAN_POINT('',(-36.52099999999,12.664776627142,30.));
#4631 = DIRECTION('',(-0.,-0.874741534618,-0.484589772503));
#4632 = DIRECTION('',(0.,-0.484589772503,0.874741534618));
#4633 = ADVANCED_FACE('',(#4634),#4646,.T.);
#4634 = FACE_BOUND('',#4635,.T.);
#4635 = EDGE_LOOP('',(#4636,#4643,#4644,#4645));
#4636 = ORIENTED_EDGE('',*,*,#4637,.F.);
#4637 = EDGE_CURVE('',#2209,#1045,#4638,.T.);
#4638 = CIRCLE('',#4639,0.8);
#4639 = AXIS2_PLACEMENT_3D('',#4640,#4641,#4642);
#4640 = CARTESIAN_POINT('',(-35.72099999999,12.,31.2));
#4641 = DIRECTION('',(0.,-1.,0.));
#4642 = DIRECTION('',(0.,0.,1.));
#4643 = ORIENTED_EDGE('',*,*,#2208,.T.);
#4644 = ORIENTED_EDGE('',*,*,#1202,.T.);
#4645 = ORIENTED_EDGE('',*,*,#1044,.F.);
#4646 = TOROIDAL_SURFACE('',#4647,15.2,0.8);
#4647 = AXIS2_PLACEMENT_3D('',#4648,#4649,#4650);
#4648 = CARTESIAN_POINT('',(-20.521,12.,31.2));
#4649 = DIRECTION('',(-0.,-0.,-1.));
#4650 = DIRECTION('',(-1.,1.1E-16,0.));
#4651 = ADVANCED_FACE('',(#4652),#4693,.T.);
#4652 = FACE_BOUND('',#4653,.T.);
#4653 = EDGE_LOOP('',(#4654,#4655,#4663,#4671,#4679,#4687));
#4654 = ORIENTED_EDGE('',*,*,#1099,.T.);
#4655 = ORIENTED_EDGE('',*,*,#4656,.T.);
#4656 = EDGE_CURVE('',#1100,#4657,#4659,.T.);
#4657 = VERTEX_POINT('',#4658);
#4658 = CARTESIAN_POINT('',(10.5,18.75,26.));
#4659 = LINE('',#4660,#4661);
#4660 = CARTESIAN_POINT('',(10.5,28.,26.));
#4661 = VECTOR('',#4662,1.);
#4662 = DIRECTION('',(0.,-1.,2.2E-16));
#4663 = ORIENTED_EDGE('',*,*,#4664,.F.);
#4664 = EDGE_CURVE('',#4665,#4657,#4667,.T.);
#4665 = VERTEX_POINT('',#4666);
#4666 = CARTESIAN_POINT('',(10.5,18.75,30.));
#4667 = LINE('',#4668,#4669);
#4668 = CARTESIAN_POINT('',(10.5,18.75,26.));
#4669 = VECTOR('',#4670,1.);
#4670 = DIRECTION('',(0.,0.,-1.));
#4671 = ORIENTED_EDGE('',*,*,#4672,.F.);
#4672 = EDGE_CURVE('',#4673,#4665,#4675,.T.);
#4673 = VERTEX_POINT('',#4674);
#4674 = CARTESIAN_POINT('',(10.5,19.,30.));
#4675 = LINE('',#4676,#4677);
#4676 = CARTESIAN_POINT('',(10.5,28.,30.));
#4677 = VECTOR('',#4678,1.);
#4678 = DIRECTION('',(0.,-1.,2.2E-16));
#4679 = ORIENTED_EDGE('',*,*,#4680,.F.);
#4680 = EDGE_CURVE('',#4681,#4673,#4683,.T.);
#4681 = VERTEX_POINT('',#4682);
#4682 = CARTESIAN_POINT('',(10.5,19.,31.2));
#4683 = LINE('',#4684,#4685);
#4684 = CARTESIAN_POINT('',(10.5,19.,32.));
#4685 = VECTOR('',#4686,1.);
#4686 = DIRECTION('',(-0.,-0.,-1.));
#4687 = ORIENTED_EDGE('',*,*,#4688,.F.);
#4688 = EDGE_CURVE('',#1091,#4681,#4689,.T.);
#4689 = LINE('',#4690,#4691);
#4690 = CARTESIAN_POINT('',(10.5,23.,31.2));
#4691 = VECTOR('',#4692,1.);
#4692 = DIRECTION('',(-0.,-1.,-0.));
#4693 = PLANE('',#4694);
#4694 = AXIS2_PLACEMENT_3D('',#4695,#4696,#4697);
#4695 = CARTESIAN_POINT('',(10.5,23.391393442623,28.983606557377));
#4696 = DIRECTION('',(-1.,-0.,-0.));
#4697 = DIRECTION('',(0.,0.,-1.));
#4698 = ADVANCED_FACE('',(#4699),#4719,.T.);
#4699 = FACE_BOUND('',#4700,.T.);
#4700 = EDGE_LOOP('',(#4701,#4702,#4710,#4716,#4717,#4718));
#4701 = ORIENTED_EDGE('',*,*,#1348,.T.);
#4702 = ORIENTED_EDGE('',*,*,#4703,.T.);
#4703 = EDGE_CURVE('',#1341,#4704,#4706,.T.);
#4704 = VERTEX_POINT('',#4705);
#4705 = CARTESIAN_POINT('',(-10.5,18.75,26.));
#4706 = LINE('',#4707,#4708);
#4707 = CARTESIAN_POINT('',(-10.5,28.,26.));
#4708 = VECTOR('',#4709,1.);
#4709 = DIRECTION('',(0.,-1.,2.2E-16));
#4710 = ORIENTED_EDGE('',*,*,#4711,.F.);
#4711 = EDGE_CURVE('',#4657,#4704,#4712,.T.);
#4712 = LINE('',#4713,#4714);
#4713 = CARTESIAN_POINT('',(-4.968702217014,18.75,26.));
#4714 = VECTOR('',#4715,1.);
#4715 = DIRECTION('',(-1.,0.,0.));
#4716 = ORIENTED_EDGE('',*,*,#4656,.F.);
#4717 = ORIENTED_EDGE('',*,*,#1107,.F.);
#4718 = ORIENTED_EDGE('',*,*,#1316,.T.);
#4719 = PLANE('',#4720);
#4720 = AXIS2_PLACEMENT_3D('',#4721,#4722,#4723);
#4721 = CARTESIAN_POINT('',(0.,23.375,26.));
#4722 = DIRECTION('',(0.,3.9E-16,1.));
#4723 = DIRECTION('',(0.,1.,-3.9E-16));
#4724 = ADVANCED_FACE('',(#4725),#4737,.T.);
#4725 = FACE_BOUND('',#4726,.T.);
#4726 = EDGE_LOOP('',(#4727,#4728,#4729,#4736));
#4727 = ORIENTED_EDGE('',*,*,#1212,.F.);
#4728 = ORIENTED_EDGE('',*,*,#2200,.T.);
#4729 = ORIENTED_EDGE('',*,*,#4730,.T.);
#4730 = EDGE_CURVE('',#2193,#1332,#4731,.T.);
#4731 = CIRCLE('',#4732,0.8);
#4732 = AXIS2_PLACEMENT_3D('',#4733,#4734,#4735);
#4733 = CARTESIAN_POINT('',(-11.3,23.,31.2));
#4734 = DIRECTION('',(-6.E-17,1.,0.));
#4735 = DIRECTION('',(1.,6.E-17,0.));
#4736 = ORIENTED_EDGE('',*,*,#1331,.F.);
#4737 = TOROIDAL_SURFACE('',#4738,4.2,0.8);
#4738 = AXIS2_PLACEMENT_3D('',#4739,#4740,#4741);
#4739 = CARTESIAN_POINT('',(-15.5,23.,31.2));
#4740 = DIRECTION('',(-0.,-0.,-1.));
#4741 = DIRECTION('',(0.,1.,0.));
#4742 = ADVANCED_FACE('',(#4743),#4777,.T.);
#4743 = FACE_BOUND('',#4744,.T.);
#4744 = EDGE_LOOP('',(#4745,#4746,#4754,#4762,#4770,#4776));
#4745 = ORIENTED_EDGE('',*,*,#1340,.F.);
#4746 = ORIENTED_EDGE('',*,*,#4747,.T.);
#4747 = EDGE_CURVE('',#1332,#4748,#4750,.T.);
#4748 = VERTEX_POINT('',#4749);
#4749 = CARTESIAN_POINT('',(-10.5,19.,31.2));
#4750 = LINE('',#4751,#4752);
#4751 = CARTESIAN_POINT('',(-10.5,23.,31.2));
#4752 = VECTOR('',#4753,1.);
#4753 = DIRECTION('',(0.,-1.,0.));
#4754 = ORIENTED_EDGE('',*,*,#4755,.T.);
#4755 = EDGE_CURVE('',#4748,#4756,#4758,.T.);
#4756 = VERTEX_POINT('',#4757);
#4757 = CARTESIAN_POINT('',(-10.5,19.,30.));
#4758 = LINE('',#4759,#4760);
#4759 = CARTESIAN_POINT('',(-10.5,19.,32.));
#4760 = VECTOR('',#4761,1.);
#4761 = DIRECTION('',(-0.,-0.,-1.));
#4762 = ORIENTED_EDGE('',*,*,#4763,.T.);
#4763 = EDGE_CURVE('',#4756,#4764,#4766,.T.);
#4764 = VERTEX_POINT('',#4765);
#4765 = CARTESIAN_POINT('',(-10.5,18.75,30.));
#4766 = LINE('',#4767,#4768);
#4767 = CARTESIAN_POINT('',(-10.5,28.,30.));
#4768 = VECTOR('',#4769,1.);
#4769 = DIRECTION('',(0.,-1.,2.2E-16));
#4770 = ORIENTED_EDGE('',*,*,#4771,.F.);
#4771 = EDGE_CURVE('',#4704,#4764,#4772,.T.);
#4772 = LINE('',#4773,#4774);
#4773 = CARTESIAN_POINT('',(-10.5,18.75,24.));
#4774 = VECTOR('',#4775,1.);
#4775 = DIRECTION('',(0.,0.,1.));
#4776 = ORIENTED_EDGE('',*,*,#4703,.F.);
#4777 = PLANE('',#4778);
#4778 = AXIS2_PLACEMENT_3D('',#4779,#4780,#4781);
#4779 = CARTESIAN_POINT('',(-10.5,23.391393442623,28.983606557377));
#4780 = DIRECTION('',(1.,0.,0.));
#4781 = DIRECTION('',(0.,0.,1.));
#4782 = ADVANCED_FACE('',(#4783),#4795,.T.);
#4783 = FACE_BOUND('',#4784,.F.);
#4784 = EDGE_LOOP('',(#4785,#4786,#4787,#4794));
#4785 = ORIENTED_EDGE('',*,*,#1374,.T.);
#4786 = ORIENTED_EDGE('',*,*,#1436,.T.);
#4787 = ORIENTED_EDGE('',*,*,#4788,.F.);
#4788 = EDGE_CURVE('',#2150,#1437,#4789,.T.);
#4789 = CIRCLE('',#4790,0.79);
#4790 = AXIS2_PLACEMENT_3D('',#4791,#4792,#4793);
#4791 = CARTESIAN_POINT('',(36.71,12.,31.21));
#4792 = DIRECTION('',(4.26E-15,1.,0.));
#4793 = DIRECTION('',(1.,-4.26E-15,0.));
#4794 = ORIENTED_EDGE('',*,*,#2157,.F.);
#4795 = CYLINDRICAL_SURFACE('',#4796,0.79);
#4796 = AXIS2_PLACEMENT_3D('',#4797,#4798,#4799);
#4797 = CARTESIAN_POINT('',(36.71,25.5,31.21));
#4798 = DIRECTION('',(-4.26E-15,-1.,0.));
#4799 = DIRECTION('',(0.,0.,1.));
#4800 = ADVANCED_FACE('',(#4801),#4828,.T.);
#4801 = FACE_BOUND('',#4802,.T.);
#4802 = EDGE_LOOP('',(#4803,#4804,#4813,#4821));
#4803 = ORIENTED_EDGE('',*,*,#1390,.F.);
#4804 = ORIENTED_EDGE('',*,*,#4805,.F.);
#4805 = EDGE_CURVE('',#4806,#1391,#4808,.T.);
#4806 = VERTEX_POINT('',#4807);
#4807 = CARTESIAN_POINT('',(35.,-28.,31.21));
#4808 = CIRCLE('',#4809,2.5);
#4809 = AXIS2_PLACEMENT_3D('',#4810,#4811,#4812);
#4810 = CARTESIAN_POINT('',(35.,-25.5,31.21));
#4811 = DIRECTION('',(0.,0.,1.));
#4812 = DIRECTION('',(-2.84E-15,-1.,0.));
#4813 = ORIENTED_EDGE('',*,*,#4814,.T.);
#4814 = EDGE_CURVE('',#4806,#4815,#4817,.T.);
#4815 = VERTEX_POINT('',#4816);
#4816 = CARTESIAN_POINT('',(35.,-28.,22.));
#4817 = LINE('',#4818,#4819);
#4818 = CARTESIAN_POINT('',(35.,-28.,32.));
#4819 = VECTOR('',#4820,1.);
#4820 = DIRECTION('',(0.,4.4E-16,-1.));
#4821 = ORIENTED_EDGE('',*,*,#4822,.F.);
#4822 = EDGE_CURVE('',#1393,#4815,#4823,.T.);
#4823 = CIRCLE('',#4824,2.5);
#4824 = AXIS2_PLACEMENT_3D('',#4825,#4826,#4827);
#4825 = CARTESIAN_POINT('',(35.,-25.5,22.));
#4826 = DIRECTION('',(0.,4.4E-16,-1.));
#4827 = DIRECTION('',(0.,1.,4.4E-16));
#4828 = CYLINDRICAL_SURFACE('',#4829,2.5);
#4829 = AXIS2_PLACEMENT_3D('',#4830,#4831,#4832);
#4830 = CARTESIAN_POINT('',(35.,-25.5,32.));
#4831 = DIRECTION('',(0.,4.4E-16,-1.));
#4832 = DIRECTION('',(1.,0.,0.));
#4833 = ADVANCED_FACE('',(#4834),#4852,.T.);
#4834 = FACE_BOUND('',#4835,.T.);
#4835 = EDGE_LOOP('',(#4836,#4843,#4844,#4851));
#4836 = ORIENTED_EDGE('',*,*,#4837,.T.);
#4837 = EDGE_CURVE('',#2117,#1391,#4838,.T.);
#4838 = CIRCLE('',#4839,0.79);
#4839 = AXIS2_PLACEMENT_3D('',#4840,#4841,#4842);
#4840 = CARTESIAN_POINT('',(36.71,-25.5,31.21));
#4841 = DIRECTION('',(2.E-17,1.,0.));
#4842 = DIRECTION('',(1.,-2.E-17,0.));
#4843 = ORIENTED_EDGE('',*,*,#1468,.T.);
#4844 = ORIENTED_EDGE('',*,*,#4845,.F.);
#4845 = EDGE_CURVE('',#2126,#1461,#4846,.T.);
#4846 = CIRCLE('',#4847,0.79);
#4847 = AXIS2_PLACEMENT_3D('',#4848,#4849,#4850);
#4848 = CARTESIAN_POINT('',(36.71,-12.,31.21));
#4849 = DIRECTION('',(-4.26E-15,1.,4.4E-16));
#4850 = DIRECTION('',(-1.,-4.26E-15,0.));
#4851 = ORIENTED_EDGE('',*,*,#2125,.F.);
#4852 = CYLINDRICAL_SURFACE('',#4853,0.79);
#4853 = AXIS2_PLACEMENT_3D('',#4854,#4855,#4856);
#4854 = CARTESIAN_POINT('',(36.71,-25.5,31.21));
#4855 = DIRECTION('',(-4.26E-15,1.,4.4E-16));
#4856 = DIRECTION('',(0.,-4.4E-16,1.));
#4857 = ADVANCED_FACE('',(#4858),#4882,.F.);
#4858 = FACE_BOUND('',#4859,.T.);
#4859 = EDGE_LOOP('',(#4860,#4861,#4862,#4870));
#4860 = ORIENTED_EDGE('',*,*,#1400,.T.);
#4861 = ORIENTED_EDGE('',*,*,#4822,.T.);
#4862 = ORIENTED_EDGE('',*,*,#4863,.T.);
#4863 = EDGE_CURVE('',#4815,#4864,#4866,.T.);
#4864 = VERTEX_POINT('',#4865);
#4865 = CARTESIAN_POINT('',(21.5,-28.,22.));
#4866 = LINE('',#4867,#4868);
#4867 = CARTESIAN_POINT('',(37.5,-28.,22.));
#4868 = VECTOR('',#4869,1.);
#4869 = DIRECTION('',(-1.,-0.,-0.));
#4870 = ORIENTED_EDGE('',*,*,#4871,.T.);
#4871 = EDGE_CURVE('',#4864,#1401,#4872,.T.);
#4872 = B_SPLINE_CURVE_WITH_KNOTS('',8,(#4873,#4874,#4875,#4876,#4877,
    #4878,#4879,#4880,#4881),.UNSPECIFIED.,.F.,.F.,(9,9),(3.,4.),
  .PIECEWISE_BEZIER_KNOTS.);
#4873 = CARTESIAN_POINT('',(21.5,-28.,22.));
#4874 = CARTESIAN_POINT('',(24.641592653589,-28.,22.));
#4875 = CARTESIAN_POINT('',(27.783186296069,-27.29502737662,22.));
#4876 = CARTESIAN_POINT('',(30.740211749359,-25.88508905394,22.));
#4877 = CARTESIAN_POINT('',(33.32814009248,-23.82814009248,22.));
#4878 = CARTESIAN_POINT('',(35.385089053942,-21.24021174936,22.));
#4879 = CARTESIAN_POINT('',(36.795027376621,-18.28318629606,22.));
#4880 = CARTESIAN_POINT('',(37.5,-15.14159265359,22.));
#4881 = CARTESIAN_POINT('',(37.5,-12.,22.));
#4882 = PLANE('',#4883);
#4883 = AXIS2_PLACEMENT_3D('',#4884,#4885,#4886);
#4884 = CARTESIAN_POINT('',(32.175817405688,-22.67581740568,22.));
#4885 = DIRECTION('',(0.,-4.4E-16,1.));
#4886 = DIRECTION('',(-1.,-0.,-0.));
#4887 = ADVANCED_FACE('',(#4888),#4900,.T.);
#4888 = FACE_BOUND('',#4889,.F.);
#4889 = EDGE_LOOP('',(#4890,#4891,#4898,#4899));
#4890 = ORIENTED_EDGE('',*,*,#2133,.F.);
#4891 = ORIENTED_EDGE('',*,*,#4892,.T.);
#4892 = EDGE_CURVE('',#2134,#1453,#4893,.T.);
#4893 = CIRCLE('',#4894,0.8);
#4894 = AXIS2_PLACEMENT_3D('',#4895,#4896,#4897);
#4895 = CARTESIAN_POINT('',(36.7,-12.,31.2));
#4896 = DIRECTION('',(2.8E-16,1.,0.));
#4897 = DIRECTION('',(1.,-2.8E-16,0.));
#4898 = ORIENTED_EDGE('',*,*,#1460,.F.);
#4899 = ORIENTED_EDGE('',*,*,#4845,.F.);
#4900 = PLANE('',#4901);
#4901 = AXIS2_PLACEMENT_3D('',#4902,#4903,#4904);
#4902 = CARTESIAN_POINT('',(36.7,-12.,32.));
#4903 = DIRECTION('',(-7.55E-14,1.,4.4E-16));
#4904 = DIRECTION('',(-1.,-7.55E-14,-0.));
#4905 = ADVANCED_FACE('',(#4906),#4935,.F.);
#4906 = FACE_BOUND('',#4907,.F.);
#4907 = EDGE_LOOP('',(#4908,#4915,#4916,#4923));
#4908 = ORIENTED_EDGE('',*,*,#4909,.F.);
#4909 = EDGE_CURVE('',#1401,#4910,#4912,.T.);
#4910 = VERTEX_POINT('',#4911);
#4911 = CARTESIAN_POINT('',(34.720570278818,-11.25753079114,0.));
#4912 = B_SPLINE_CURVE_WITH_KNOTS('',1,(#4913,#4914),.UNSPECIFIED.,.F.,
  .F.,(2,2),(0.,22.),.PIECEWISE_BEZIER_KNOTS.);
#4913 = CARTESIAN_POINT('',(37.5,-12.,22.));
#4914 = CARTESIAN_POINT('',(34.720570278818,-11.25753079114,0.));
#4915 = ORIENTED_EDGE('',*,*,#1408,.T.);
#4916 = ORIENTED_EDGE('',*,*,#4917,.T.);
#4917 = EDGE_CURVE('',#1409,#4918,#4920,.T.);
#4918 = VERTEX_POINT('',#4919);
#4919 = CARTESIAN_POINT('',(36.5,-8.E-15,0.));
#4920 = B_SPLINE_CURVE_WITH_KNOTS('',1,(#4921,#4922),.UNSPECIFIED.,.F.,
  .F.,(2,2),(0.,22.),.PIECEWISE_BEZIER_KNOTS.);
#4921 = CARTESIAN_POINT('',(37.5,2.28E-15,22.));
#4922 = CARTESIAN_POINT('',(36.5,-8.16E-15,0.));
#4923 = ORIENTED_EDGE('',*,*,#4924,.F.);
#4924 = EDGE_CURVE('',#4910,#4918,#4925,.T.);
#4925 = B_SPLINE_CURVE_WITH_KNOTS('',8,(#4926,#4927,#4928,#4929,#4930,
    #4931,#4932,#4933,#4934),.UNSPECIFIED.,.F.,.F.,(9,9),(4.,5.),
  .PIECEWISE_BEZIER_KNOTS.);
#4926 = CARTESIAN_POINT('',(34.720570278818,-11.25753079114,0.));
#4927 = CARTESIAN_POINT('',(35.161777389095,-9.896756144906,0.));
#4928 = CARTESIAN_POINT('',(35.542034349787,-8.516219434329,0.));
#4929 = CARTESIAN_POINT('',(35.860307238026,-7.119105476093,0.));
#4930 = CARTESIAN_POINT('',(36.115764030991,-5.708664281023,0.));
#4931 = CARTESIAN_POINT('',(36.307777172067,-4.288194819373,0.));
#4932 = CARTESIAN_POINT('',(36.435926136989,-2.861028786119,0.));
#4933 = CARTESIAN_POINT('',(36.5,-1.430514366239,0.));
#4934 = CARTESIAN_POINT('',(36.5,-8.22E-15,0.));
#4935 = B_SPLINE_SURFACE_WITH_KNOTS('',8,1,(
    (#4936,#4937)
    ,(#4938,#4939)
    ,(#4940,#4941)
    ,(#4942,#4943)
    ,(#4944,#4945)
    ,(#4946,#4947)
    ,(#4948,#4949)
    ,(#4950,#4951)
    ,(#4952,#4953
    )),.UNSPECIFIED.,.F.,.F.,.F.,(9,9),(2,2),(4.,5.),(0.,22.),
  .PIECEWISE_BEZIER_KNOTS.);
#4936 = CARTESIAN_POINT('',(37.5,-12.,22.));
#4937 = CARTESIAN_POINT('',(34.720570278818,-11.25753079114,0.));
#4938 = CARTESIAN_POINT('',(37.5,-10.5,22.));
#4939 = CARTESIAN_POINT('',(35.161777389095,-9.896756144906,0.));
#4940 = CARTESIAN_POINT('',(37.5,-9.,22.));
#4941 = CARTESIAN_POINT('',(35.542034349787,-8.516219434329,0.));
#4942 = CARTESIAN_POINT('',(37.5,-7.5,22.));
#4943 = CARTESIAN_POINT('',(35.860307238026,-7.119105476093,0.));
#4944 = CARTESIAN_POINT('',(37.5,-6.,22.));
#4945 = CARTESIAN_POINT('',(36.115764030991,-5.708664281023,0.));
#4946 = CARTESIAN_POINT('',(37.5,-4.5,22.));
#4947 = CARTESIAN_POINT('',(36.307777172067,-4.288194819373,0.));
#4948 = CARTESIAN_POINT('',(37.5,-3.,22.));
#4949 = CARTESIAN_POINT('',(36.435926136989,-2.861028786119,0.));
#4950 = CARTESIAN_POINT('',(37.5,-1.5,22.));
#4951 = CARTESIAN_POINT('',(36.5,-1.430514366239,0.));
#4952 = CARTESIAN_POINT('',(37.5,2.28E-15,22.));
#4953 = CARTESIAN_POINT('',(36.5,-8.16E-15,0.));
#4954 = ADVANCED_FACE('',(#4955),#4967,.T.);
#4955 = FACE_BOUND('',#4956,.T.);
#4956 = EDGE_LOOP('',(#4957,#4958,#4959,#4966));
#4957 = ORIENTED_EDGE('',*,*,#4892,.T.);
#4958 = ORIENTED_EDGE('',*,*,#1452,.T.);
#4959 = ORIENTED_EDGE('',*,*,#4960,.F.);
#4960 = EDGE_CURVE('',#2142,#1445,#4961,.T.);
#4961 = CIRCLE('',#4962,0.8);
#4962 = AXIS2_PLACEMENT_3D('',#4963,#4964,#4965);
#4963 = CARTESIAN_POINT('',(36.7,12.,31.2));
#4964 = DIRECTION('',(3.E-16,1.,-0.));
#4965 = DIRECTION('',(0.,0.,1.));
#4966 = ORIENTED_EDGE('',*,*,#2141,.F.);
#4967 = CYLINDRICAL_SURFACE('',#4968,0.8);
#4968 = AXIS2_PLACEMENT_3D('',#4969,#4970,#4971);
#4969 = CARTESIAN_POINT('',(36.7,-12.,31.2));
#4970 = DIRECTION('',(3.E-16,1.,0.));
#4971 = DIRECTION('',(0.,0.,1.));
#4972 = ADVANCED_FACE('',(#4973),#4990,.F.);
#4973 = FACE_BOUND('',#4974,.F.);
#4974 = EDGE_LOOP('',(#4975,#4976,#4977,#4978));
#4975 = ORIENTED_EDGE('',*,*,#4917,.F.);
#4976 = ORIENTED_EDGE('',*,*,#1422,.T.);
#4977 = ORIENTED_EDGE('',*,*,#2360,.T.);
#4978 = ORIENTED_EDGE('',*,*,#4979,.F.);
#4979 = EDGE_CURVE('',#4918,#2361,#4980,.T.);
#4980 = B_SPLINE_CURVE_WITH_KNOTS('',8,(#4981,#4982,#4983,#4984,#4985,
    #4986,#4987,#4988,#4989),.UNSPECIFIED.,.F.,.F.,(9,9),(5.,6.),
  .PIECEWISE_BEZIER_KNOTS.);
#4981 = CARTESIAN_POINT('',(36.5,-8.16E-15,0.));
#4982 = CARTESIAN_POINT('',(36.5,1.430514366239,0.));
#4983 = CARTESIAN_POINT('',(36.435926136989,2.861028786119,0.));
#4984 = CARTESIAN_POINT('',(36.307777172067,4.288194819373,0.));
#4985 = CARTESIAN_POINT('',(36.115764030991,5.708664281023,0.));
#4986 = CARTESIAN_POINT('',(35.860307238026,7.119105476093,0.));
#4987 = CARTESIAN_POINT('',(35.542034349787,8.516219434329,0.));
#4988 = CARTESIAN_POINT('',(35.161777389095,9.896756144906,0.));
#4989 = CARTESIAN_POINT('',(34.720570278818,11.257530791149,0.));
#4990 = B_SPLINE_SURFACE_WITH_KNOTS('',8,1,(
    (#4991,#4992)
    ,(#4993,#4994)
    ,(#4995,#4996)
    ,(#4997,#4998)
    ,(#4999,#5000)
    ,(#5001,#5002)
    ,(#5003,#5004)
    ,(#5005,#5006)
    ,(#5007,#5008
    )),.UNSPECIFIED.,.F.,.F.,.F.,(9,9),(2,2),(5.,6.),(0.,22.),
  .PIECEWISE_BEZIER_KNOTS.);
#4991 = CARTESIAN_POINT('',(37.5,2.28E-15,22.));
#4992 = CARTESIAN_POINT('',(36.5,-8.16E-15,0.));
#4993 = CARTESIAN_POINT('',(37.5,1.5,22.));
#4994 = CARTESIAN_POINT('',(36.5,1.430514366239,0.));
#4995 = CARTESIAN_POINT('',(37.5,3.,22.));
#4996 = CARTESIAN_POINT('',(36.435926136989,2.861028786119,0.));
#4997 = CARTESIAN_POINT('',(37.5,4.5,22.));
#4998 = CARTESIAN_POINT('',(36.307777172067,4.288194819373,0.));
#4999 = CARTESIAN_POINT('',(37.5,6.,22.));
#5000 = CARTESIAN_POINT('',(36.115764030991,5.708664281023,0.));
#5001 = CARTESIAN_POINT('',(37.5,7.5,22.));
#5002 = CARTESIAN_POINT('',(35.860307238026,7.119105476093,0.));
#5003 = CARTESIAN_POINT('',(37.5,9.,22.));
#5004 = CARTESIAN_POINT('',(35.542034349787,8.516219434329,0.));
#5005 = CARTESIAN_POINT('',(37.5,10.5,22.));
#5006 = CARTESIAN_POINT('',(35.161777389095,9.896756144906,0.));
#5007 = CARTESIAN_POINT('',(37.5,12.,22.));
#5008 = CARTESIAN_POINT('',(34.720570278818,11.257530791149,0.));
#5009 = ADVANCED_FACE('',(#5010),#5016,.T.);
#5010 = FACE_BOUND('',#5011,.T.);
#5011 = EDGE_LOOP('',(#5012,#5013,#5014,#5015));
#5012 = ORIENTED_EDGE('',*,*,#2149,.F.);
#5013 = ORIENTED_EDGE('',*,*,#4960,.T.);
#5014 = ORIENTED_EDGE('',*,*,#1444,.F.);
#5015 = ORIENTED_EDGE('',*,*,#4788,.F.);
#5016 = PLANE('',#5017);
#5017 = AXIS2_PLACEMENT_3D('',#5018,#5019,#5020);
#5018 = CARTESIAN_POINT('',(36.7,12.,32.));
#5019 = DIRECTION('',(-7.55E-14,-1.,0.));
#5020 = DIRECTION('',(1.,-7.55E-14,0.));
#5021 = ADVANCED_FACE('',(#5022),#5041,.F.);
#5022 = FACE_BOUND('',#5023,.F.);
#5023 = EDGE_LOOP('',(#5024,#5032,#5039,#5040));
#5024 = ORIENTED_EDGE('',*,*,#5025,.T.);
#5025 = EDGE_CURVE('',#1477,#5026,#5028,.T.);
#5026 = VERTEX_POINT('',#5027);
#5027 = CARTESIAN_POINT('',(29.,24.55,26.));
#5028 = LINE('',#5029,#5030);
#5029 = CARTESIAN_POINT('',(37.5,24.55,26.));
#5030 = VECTOR('',#5031,1.);
#5031 = DIRECTION('',(-1.,-0.,-0.));
#5032 = ORIENTED_EDGE('',*,*,#5033,.T.);
#5033 = EDGE_CURVE('',#5026,#5026,#5034,.T.);
#5034 = CIRCLE('',#5035,2.05);
#5035 = AXIS2_PLACEMENT_3D('',#5036,#5037,#5038);
#5036 = CARTESIAN_POINT('',(29.,22.5,26.));
#5037 = DIRECTION('',(1.,0.,0.));
#5038 = DIRECTION('',(0.,1.,0.));
#5039 = ORIENTED_EDGE('',*,*,#5025,.F.);
#5040 = ORIENTED_EDGE('',*,*,#1476,.F.);
#5041 = CYLINDRICAL_SURFACE('',#5042,2.05);
#5042 = AXIS2_PLACEMENT_3D('',#5043,#5044,#5045);
#5043 = CARTESIAN_POINT('',(37.5,22.5,26.));
#5044 = DIRECTION('',(1.,0.,0.));
#5045 = DIRECTION('',(0.,1.,0.));
#5046 = ADVANCED_FACE('',(#5047),#5072,.F.);
#5047 = FACE_BOUND('',#5048,.F.);
#5048 = EDGE_LOOP('',(#5049,#5050,#5058,#5066));
#5049 = ORIENTED_EDGE('',*,*,#1487,.T.);
#5050 = ORIENTED_EDGE('',*,*,#5051,.T.);
#5051 = EDGE_CURVE('',#1490,#5052,#5054,.T.);
#5052 = VERTEX_POINT('',#5053);
#5053 = CARTESIAN_POINT('',(37.2,5.725417820409,30.14));
#5054 = LINE('',#5055,#5056);
#5055 = CARTESIAN_POINT('',(37.5,5.725417820409,30.14));
#5056 = VECTOR('',#5057,1.);
#5057 = DIRECTION('',(-1.,2.2E-16,2.2E-16));
#5058 = ORIENTED_EDGE('',*,*,#5059,.F.);
#5059 = EDGE_CURVE('',#5060,#5052,#5062,.T.);
#5060 = VERTEX_POINT('',#5061);
#5061 = CARTESIAN_POINT('',(37.2,4.37193040811,30.14));
#5062 = LINE('',#5063,#5064);
#5063 = CARTESIAN_POINT('',(37.2,4.37193040811,30.14));
#5064 = VECTOR('',#5065,1.);
#5065 = DIRECTION('',(2.2E-16,1.,-4.4E-16));
#5066 = ORIENTED_EDGE('',*,*,#5067,.F.);
#5067 = EDGE_CURVE('',#1488,#5060,#5068,.T.);
#5068 = LINE('',#5069,#5070);
#5069 = CARTESIAN_POINT('',(37.5,4.37193040811,30.14));
#5070 = VECTOR('',#5071,1.);
#5071 = DIRECTION('',(-1.,2.2E-16,2.2E-16));
#5072 = PLANE('',#5073);
#5073 = AXIS2_PLACEMENT_3D('',#5074,#5075,#5076);
#5074 = CARTESIAN_POINT('',(37.35,5.048674114259,30.14));
#5075 = DIRECTION('',(0.,0.,1.));
#5076 = DIRECTION('',(1.,0.,-0.));
#5077 = ADVANCED_FACE('',(#5078),#5096,.T.);
#5078 = FACE_BOUND('',#5079,.T.);
#5079 = EDGE_LOOP('',(#5080,#5088,#5094,#5095));
#5080 = ORIENTED_EDGE('',*,*,#5081,.T.);
#5081 = EDGE_CURVE('',#1570,#5082,#5084,.T.);
#5082 = VERTEX_POINT('',#5083);
#5083 = CARTESIAN_POINT('',(37.2,3.445651002414,29.851824184895));
#5084 = LINE('',#5085,#5086);
#5085 = CARTESIAN_POINT('',(37.5,3.445651002414,29.851824184895));
#5086 = VECTOR('',#5087,1.);
#5087 = DIRECTION('',(-1.,2.2E-16,2.2E-16));
#5088 = ORIENTED_EDGE('',*,*,#5089,.T.);
#5089 = EDGE_CURVE('',#5082,#5060,#5090,.T.);
#5090 = B_SPLINE_CURVE_WITH_KNOTS('',2,(#5091,#5092,#5093),
  .UNSPECIFIED.,.F.,.F.,(3,3),(0.,1.),.PIECEWISE_BEZIER_KNOTS.);
#5091 = CARTESIAN_POINT('',(37.2,3.445651002414,29.851824184895));
#5092 = CARTESIAN_POINT('',(37.2,3.72840997889,30.14));
#5093 = CARTESIAN_POINT('',(37.2,4.37193040811,30.14));
#5094 = ORIENTED_EDGE('',*,*,#5067,.F.);
#5095 = ORIENTED_EDGE('',*,*,#1577,.F.);
#5096 = SURFACE_OF_LINEAR_EXTRUSION('',#5097,#5101);
#5097 = B_SPLINE_CURVE_WITH_KNOTS('',2,(#5098,#5099,#5100),
  .UNSPECIFIED.,.F.,.F.,(3,3),(0.,1.),.PIECEWISE_BEZIER_KNOTS.);
#5098 = CARTESIAN_POINT('',(37.5,3.445651002414,29.851824184895));
#5099 = CARTESIAN_POINT('',(37.5,3.72840997889,30.14));
#5100 = CARTESIAN_POINT('',(37.5,4.37193040811,30.14));
#5101 = VECTOR('',#5102,1.);
#5102 = DIRECTION('',(1.,-2.2E-16,-2.2E-16));
#5103 = ADVANCED_FACE('',(#5104),#5122,.T.);
#5104 = FACE_BOUND('',#5105,.T.);
#5105 = EDGE_LOOP('',(#5106,#5114,#5120,#5121));
#5106 = ORIENTED_EDGE('',*,*,#5107,.T.);
#5107 = EDGE_CURVE('',#1562,#5108,#5110,.T.);
#5108 = VERTEX_POINT('',#5109);
#5109 = CARTESIAN_POINT('',(37.2,3.162892025939,29.041826248452));
#5110 = LINE('',#5111,#5112);
#5111 = CARTESIAN_POINT('',(37.5,3.162892025939,29.041826248452));
#5112 = VECTOR('',#5113,1.);
#5113 = DIRECTION('',(-1.,2.2E-16,2.2E-16));
#5114 = ORIENTED_EDGE('',*,*,#5115,.T.);
#5115 = EDGE_CURVE('',#5108,#5082,#5116,.T.);
#5116 = B_SPLINE_CURVE_WITH_KNOTS('',2,(#5117,#5118,#5119),
  .UNSPECIFIED.,.F.,.F.,(3,3),(0.,1.),.PIECEWISE_BEZIER_KNOTS.);
#5117 = CARTESIAN_POINT('',(37.2,3.162892025939,29.041826248452));
#5118 = CARTESIAN_POINT('',(37.2,3.162892025939,29.563287247214));
#5119 = CARTESIAN_POINT('',(37.2,3.445651002414,29.851824184895));
#5120 = ORIENTED_EDGE('',*,*,#5081,.F.);
#5121 = ORIENTED_EDGE('',*,*,#1569,.F.);
#5122 = SURFACE_OF_LINEAR_EXTRUSION('',#5123,#5127);
#5123 = B_SPLINE_CURVE_WITH_KNOTS('',2,(#5124,#5125,#5126),
  .UNSPECIFIED.,.F.,.F.,(3,3),(0.,1.),.PIECEWISE_BEZIER_KNOTS.);
#5124 = CARTESIAN_POINT('',(37.5,3.162892025939,29.041826248452));
#5125 = CARTESIAN_POINT('',(37.5,3.162892025939,29.563287247214));
#5126 = CARTESIAN_POINT('',(37.5,3.445651002414,29.851824184895));
#5127 = VECTOR('',#5128,1.);
#5128 = DIRECTION('',(1.,-2.2E-16,-2.2E-16));
#5129 = ADVANCED_FACE('',(#5130),#5148,.F.);
#5130 = FACE_BOUND('',#5131,.F.);
#5131 = EDGE_LOOP('',(#5132,#5140,#5141,#5142));
#5132 = ORIENTED_EDGE('',*,*,#5133,.F.);
#5133 = EDGE_CURVE('',#1554,#5134,#5136,.T.);
#5134 = VERTEX_POINT('',#5135);
#5135 = CARTESIAN_POINT('',(37.2,3.162892025939,24.238173751548));
#5136 = LINE('',#5137,#5138);
#5137 = CARTESIAN_POINT('',(37.5,3.162892025939,24.238173751548));
#5138 = VECTOR('',#5139,1.);
#5139 = DIRECTION('',(-1.,2.2E-16,2.2E-16));
#5140 = ORIENTED_EDGE('',*,*,#1561,.T.);
#5141 = ORIENTED_EDGE('',*,*,#5107,.T.);
#5142 = ORIENTED_EDGE('',*,*,#5143,.F.);
#5143 = EDGE_CURVE('',#5134,#5108,#5144,.T.);
#5144 = LINE('',#5145,#5146);
#5145 = CARTESIAN_POINT('',(37.2,3.162892025939,24.238173751548));
#5146 = VECTOR('',#5147,1.);
#5147 = DIRECTION('',(2.2E-16,4.4E-16,1.));
#5148 = PLANE('',#5149);
#5149 = AXIS2_PLACEMENT_3D('',#5150,#5151,#5152);
#5150 = CARTESIAN_POINT('',(37.35,3.162892025939,26.64));
#5151 = DIRECTION('',(0.,-1.,2.6E-16));
#5152 = DIRECTION('',(0.,-2.6E-16,-1.));
#5153 = ADVANCED_FACE('',(#5154),#5172,.T.);
#5154 = FACE_BOUND('',#5155,.T.);
#5155 = EDGE_LOOP('',(#5156,#5164,#5170,#5171));
#5156 = ORIENTED_EDGE('',*,*,#5157,.T.);
#5157 = EDGE_CURVE('',#1546,#5158,#5160,.T.);
#5158 = VERTEX_POINT('',#5159);
#5159 = CARTESIAN_POINT('',(37.2,3.445651002414,23.428536937681));
#5160 = LINE('',#5161,#5162);
#5161 = CARTESIAN_POINT('',(37.5,3.445651002414,23.428536937681));
#5162 = VECTOR('',#5163,1.);
#5163 = DIRECTION('',(-1.,2.2E-16,2.2E-16));
#5164 = ORIENTED_EDGE('',*,*,#5165,.T.);
#5165 = EDGE_CURVE('',#5158,#5134,#5166,.T.);
#5166 = B_SPLINE_CURVE_WITH_KNOTS('',2,(#5167,#5168,#5169),
  .UNSPECIFIED.,.F.,.F.,(3,3),(0.,1.),.PIECEWISE_BEZIER_KNOTS.);
#5167 = CARTESIAN_POINT('',(37.2,3.445651002414,23.428536937681));
#5168 = CARTESIAN_POINT('',(37.2,3.162892025939,23.716712752786));
#5169 = CARTESIAN_POINT('',(37.2,3.162892025939,24.238173751548));
#5170 = ORIENTED_EDGE('',*,*,#5133,.F.);
#5171 = ORIENTED_EDGE('',*,*,#1553,.F.);
#5172 = SURFACE_OF_LINEAR_EXTRUSION('',#5173,#5177);
#5173 = B_SPLINE_CURVE_WITH_KNOTS('',2,(#5174,#5175,#5176),
  .UNSPECIFIED.,.F.,.F.,(3,3),(0.,1.),.PIECEWISE_BEZIER_KNOTS.);
#5174 = CARTESIAN_POINT('',(37.5,3.445651002414,23.428536937681));
#5175 = CARTESIAN_POINT('',(37.5,3.162892025939,23.716712752786));
#5176 = CARTESIAN_POINT('',(37.5,3.162892025939,24.238173751548));
#5177 = VECTOR('',#5178,1.);
#5178 = DIRECTION('',(1.,-2.2E-16,-2.2E-16));
#5179 = ADVANCED_FACE('',(#5180),#5198,.T.);
#5180 = FACE_BOUND('',#5181,.T.);
#5181 = EDGE_LOOP('',(#5182,#5190,#5196,#5197));
#5182 = ORIENTED_EDGE('',*,*,#5183,.T.);
#5183 = EDGE_CURVE('',#1538,#5184,#5186,.T.);
#5184 = VERTEX_POINT('',#5185);
#5185 = CARTESIAN_POINT('',(37.2,4.37193040811,23.14));
#5186 = LINE('',#5187,#5188);
#5187 = CARTESIAN_POINT('',(37.5,4.37193040811,23.14));
#5188 = VECTOR('',#5189,1.);
#5189 = DIRECTION('',(-1.,2.2E-16,2.2E-16));
#5190 = ORIENTED_EDGE('',*,*,#5191,.T.);
#5191 = EDGE_CURVE('',#5184,#5158,#5192,.T.);
#5192 = B_SPLINE_CURVE_WITH_KNOTS('',2,(#5193,#5194,#5195),
  .UNSPECIFIED.,.F.,.F.,(3,3),(0.,1.),.PIECEWISE_BEZIER_KNOTS.);
#5193 = CARTESIAN_POINT('',(37.2,4.37193040811,23.14));
#5194 = CARTESIAN_POINT('',(37.2,3.72840997889,23.14));
#5195 = CARTESIAN_POINT('',(37.2,3.445651002414,23.428536937681));
#5196 = ORIENTED_EDGE('',*,*,#5157,.F.);
#5197 = ORIENTED_EDGE('',*,*,#1545,.F.);
#5198 = SURFACE_OF_LINEAR_EXTRUSION('',#5199,#5203);
#5199 = B_SPLINE_CURVE_WITH_KNOTS('',2,(#5200,#5201,#5202),
  .UNSPECIFIED.,.F.,.F.,(3,3),(0.,1.),.PIECEWISE_BEZIER_KNOTS.);
#5200 = CARTESIAN_POINT('',(37.5,4.37193040811,23.14));
#5201 = CARTESIAN_POINT('',(37.5,3.72840997889,23.14));
#5202 = CARTESIAN_POINT('',(37.5,3.445651002414,23.428536937681));
#5203 = VECTOR('',#5204,1.);
#5204 = DIRECTION('',(1.,-2.2E-16,-2.2E-16));
#5205 = ADVANCED_FACE('',(#5206),#5224,.F.);
#5206 = FACE_BOUND('',#5207,.F.);
#5207 = EDGE_LOOP('',(#5208,#5216,#5217,#5218));
#5208 = ORIENTED_EDGE('',*,*,#5209,.F.);
#5209 = EDGE_CURVE('',#1530,#5210,#5212,.T.);
#5210 = VERTEX_POINT('',#5211);
#5211 = CARTESIAN_POINT('',(37.2,5.725417820409,23.14));
#5212 = LINE('',#5213,#5214);
#5213 = CARTESIAN_POINT('',(37.5,5.725417820409,23.14));
#5214 = VECTOR('',#5215,1.);
#5215 = DIRECTION('',(-1.,2.2E-16,2.2E-16));
#5216 = ORIENTED_EDGE('',*,*,#1537,.T.);
#5217 = ORIENTED_EDGE('',*,*,#5183,.T.);
#5218 = ORIENTED_EDGE('',*,*,#5219,.F.);
#5219 = EDGE_CURVE('',#5210,#5184,#5220,.T.);
#5220 = LINE('',#5221,#5222);
#5221 = CARTESIAN_POINT('',(37.2,5.725417820409,23.14));
#5222 = VECTOR('',#5223,1.);
#5223 = DIRECTION('',(-2.2E-16,-1.,4.4E-16));
#5224 = PLANE('',#5225);
#5225 = AXIS2_PLACEMENT_3D('',#5226,#5227,#5228);
#5226 = CARTESIAN_POINT('',(37.35,5.048674114259,23.14));
#5227 = DIRECTION('',(-0.,-0.,-1.));
#5228 = DIRECTION('',(-1.,0.,0.));
#5229 = ADVANCED_FACE('',(#5230),#5248,.T.);
#5230 = FACE_BOUND('',#5231,.T.);
#5231 = EDGE_LOOP('',(#5232,#5240,#5246,#5247));
#5232 = ORIENTED_EDGE('',*,*,#5233,.T.);
#5233 = EDGE_CURVE('',#1522,#5234,#5236,.T.);
#5234 = VERTEX_POINT('',#5235);
#5235 = CARTESIAN_POINT('',(37.2,6.646280387474,23.428536937681));
#5236 = LINE('',#5237,#5238);
#5237 = CARTESIAN_POINT('',(37.5,6.646280387474,23.428536937681));
#5238 = VECTOR('',#5239,1.);
#5239 = DIRECTION('',(-1.,2.2E-16,2.2E-16));
#5240 = ORIENTED_EDGE('',*,*,#5241,.T.);
#5241 = EDGE_CURVE('',#5234,#5210,#5242,.T.);
#5242 = B_SPLINE_CURVE_WITH_KNOTS('',2,(#5243,#5244,#5245),
  .UNSPECIFIED.,.F.,.F.,(3,3),(0.,1.),.PIECEWISE_BEZIER_KNOTS.);
#5243 = CARTESIAN_POINT('',(37.2,6.646280387474,23.428536937681));
#5244 = CARTESIAN_POINT('',(37.2,6.357743449794,23.14));
#5245 = CARTESIAN_POINT('',(37.2,5.725417820409,23.14));
#5246 = ORIENTED_EDGE('',*,*,#5209,.F.);
#5247 = ORIENTED_EDGE('',*,*,#1529,.F.);
#5248 = SURFACE_OF_LINEAR_EXTRUSION('',#5249,#5253);
#5249 = B_SPLINE_CURVE_WITH_KNOTS('',2,(#5250,#5251,#5252),
  .UNSPECIFIED.,.F.,.F.,(3,3),(0.,1.),.PIECEWISE_BEZIER_KNOTS.);
#5250 = CARTESIAN_POINT('',(37.5,6.646280387474,23.428536937681));
#5251 = CARTESIAN_POINT('',(37.5,6.357743449794,23.14));
#5252 = CARTESIAN_POINT('',(37.5,5.725417820409,23.14));
#5253 = VECTOR('',#5254,1.);
#5254 = DIRECTION('',(1.,-2.2E-16,-2.2E-16));
#5255 = ADVANCED_FACE('',(#5256),#5274,.T.);
#5256 = FACE_BOUND('',#5257,.T.);
#5257 = EDGE_LOOP('',(#5258,#5266,#5272,#5273));
#5258 = ORIENTED_EDGE('',*,*,#5259,.T.);
#5259 = EDGE_CURVE('',#1514,#5260,#5262,.T.);
#5260 = VERTEX_POINT('',#5261);
#5261 = CARTESIAN_POINT('',(37.2,6.934456202579,24.238173751548));
#5262 = LINE('',#5263,#5264);
#5263 = CARTESIAN_POINT('',(37.5,6.934456202579,24.238173751548));
#5264 = VECTOR('',#5265,1.);
#5265 = DIRECTION('',(-1.,2.2E-16,2.2E-16));
#5266 = ORIENTED_EDGE('',*,*,#5267,.T.);
#5267 = EDGE_CURVE('',#5260,#5234,#5268,.T.);
#5268 = B_SPLINE_CURVE_WITH_KNOTS('',2,(#5269,#5270,#5271),
  .UNSPECIFIED.,.F.,.F.,(3,3),(0.,1.),.PIECEWISE_BEZIER_KNOTS.);
#5269 = CARTESIAN_POINT('',(37.2,6.934456202579,24.238173751548));
#5270 = CARTESIAN_POINT('',(37.2,6.934456202579,23.716712752786));
#5271 = CARTESIAN_POINT('',(37.2,6.646280387474,23.428536937681));
#5272 = ORIENTED_EDGE('',*,*,#5233,.F.);
#5273 = ORIENTED_EDGE('',*,*,#1521,.F.);
#5274 = SURFACE_OF_LINEAR_EXTRUSION('',#5275,#5279);
#5275 = B_SPLINE_CURVE_WITH_KNOTS('',2,(#5276,#5277,#5278),
  .UNSPECIFIED.,.F.,.F.,(3,3),(0.,1.),.PIECEWISE_BEZIER_KNOTS.);
#5276 = CARTESIAN_POINT('',(37.5,6.934456202579,24.238173751548));
#5277 = CARTESIAN_POINT('',(37.5,6.934456202579,23.716712752786));
#5278 = CARTESIAN_POINT('',(37.5,6.646280387474,23.428536937681));
#5279 = VECTOR('',#5280,1.);
#5280 = DIRECTION('',(1.,-2.2E-16,-2.2E-16));
#5281 = ADVANCED_FACE('',(#5282),#5300,.F.);
#5282 = FACE_BOUND('',#5283,.F.);
#5283 = EDGE_LOOP('',(#5284,#5292,#5293,#5294));
#5284 = ORIENTED_EDGE('',*,*,#5285,.F.);
#5285 = EDGE_CURVE('',#1506,#5286,#5288,.T.);
#5286 = VERTEX_POINT('',#5287);
#5287 = CARTESIAN_POINT('',(37.2,6.934456202579,29.041826248452));
#5288 = LINE('',#5289,#5290);
#5289 = CARTESIAN_POINT('',(37.5,6.934456202579,29.041826248452));
#5290 = VECTOR('',#5291,1.);
#5291 = DIRECTION('',(-1.,2.2E-16,2.2E-16));
#5292 = ORIENTED_EDGE('',*,*,#1513,.T.);
#5293 = ORIENTED_EDGE('',*,*,#5259,.T.);
#5294 = ORIENTED_EDGE('',*,*,#5295,.F.);
#5295 = EDGE_CURVE('',#5286,#5260,#5296,.T.);
#5296 = LINE('',#5297,#5298);
#5297 = CARTESIAN_POINT('',(37.2,6.934456202579,29.041826248452));
#5298 = VECTOR('',#5299,1.);
#5299 = DIRECTION('',(-2.2E-16,-4.4E-16,-1.));
#5300 = PLANE('',#5301);
#5301 = AXIS2_PLACEMENT_3D('',#5302,#5303,#5304);
#5302 = CARTESIAN_POINT('',(37.35,6.934456202579,26.64));
#5303 = DIRECTION('',(0.,1.,-4.E-16));
#5304 = DIRECTION('',(0.,4.E-16,1.));
#5305 = ADVANCED_FACE('',(#5306),#5324,.T.);
#5306 = FACE_BOUND('',#5307,.T.);
#5307 = EDGE_LOOP('',(#5308,#5316,#5322,#5323));
#5308 = ORIENTED_EDGE('',*,*,#5309,.T.);
#5309 = EDGE_CURVE('',#1498,#5310,#5312,.T.);
#5310 = VERTEX_POINT('',#5311);
#5311 = CARTESIAN_POINT('',(37.2,6.646280387474,29.851824184895));
#5312 = LINE('',#5313,#5314);
#5313 = CARTESIAN_POINT('',(37.5,6.646280387474,29.851824184895));
#5314 = VECTOR('',#5315,1.);
#5315 = DIRECTION('',(-1.,2.2E-16,2.2E-16));
#5316 = ORIENTED_EDGE('',*,*,#5317,.T.);
#5317 = EDGE_CURVE('',#5310,#5286,#5318,.T.);
#5318 = B_SPLINE_CURVE_WITH_KNOTS('',2,(#5319,#5320,#5321),
  .UNSPECIFIED.,.F.,.F.,(3,3),(0.,1.),.PIECEWISE_BEZIER_KNOTS.);
#5319 = CARTESIAN_POINT('',(37.2,6.646280387474,29.851824184895));
#5320 = CARTESIAN_POINT('',(37.2,6.934456202579,29.563287247214));
#5321 = CARTESIAN_POINT('',(37.2,6.934456202579,29.041826248452));
#5322 = ORIENTED_EDGE('',*,*,#5285,.F.);
#5323 = ORIENTED_EDGE('',*,*,#1505,.F.);
#5324 = SURFACE_OF_LINEAR_EXTRUSION('',#5325,#5329);
#5325 = B_SPLINE_CURVE_WITH_KNOTS('',2,(#5326,#5327,#5328),
  .UNSPECIFIED.,.F.,.F.,(3,3),(0.,1.),.PIECEWISE_BEZIER_KNOTS.);
#5326 = CARTESIAN_POINT('',(37.5,6.646280387474,29.851824184895));
#5327 = CARTESIAN_POINT('',(37.5,6.934456202579,29.563287247214));
#5328 = CARTESIAN_POINT('',(37.5,6.934456202579,29.041826248452));
#5329 = VECTOR('',#5330,1.);
#5330 = DIRECTION('',(1.,-2.2E-16,-2.2E-16));
#5331 = ADVANCED_FACE('',(#5332),#5343,.T.);
#5332 = FACE_BOUND('',#5333,.T.);
#5333 = EDGE_LOOP('',(#5334,#5335,#5341,#5342));
#5334 = ORIENTED_EDGE('',*,*,#5051,.T.);
#5335 = ORIENTED_EDGE('',*,*,#5336,.T.);
#5336 = EDGE_CURVE('',#5052,#5310,#5337,.T.);
#5337 = B_SPLINE_CURVE_WITH_KNOTS('',2,(#5338,#5339,#5340),
  .UNSPECIFIED.,.F.,.F.,(3,3),(0.,1.),.PIECEWISE_BEZIER_KNOTS.);
#5338 = CARTESIAN_POINT('',(37.2,5.725417820409,30.14));
#5339 = CARTESIAN_POINT('',(37.2,6.357743449794,30.14));
#5340 = CARTESIAN_POINT('',(37.2,6.646280387474,29.851824184895));
#5341 = ORIENTED_EDGE('',*,*,#5309,.F.);
#5342 = ORIENTED_EDGE('',*,*,#1497,.F.);
#5343 = SURFACE_OF_LINEAR_EXTRUSION('',#5344,#5348);
#5344 = B_SPLINE_CURVE_WITH_KNOTS('',2,(#5345,#5346,#5347),
  .UNSPECIFIED.,.F.,.F.,(3,3),(0.,1.),.PIECEWISE_BEZIER_KNOTS.);
#5345 = CARTESIAN_POINT('',(37.5,5.725417820409,30.14));
#5346 = CARTESIAN_POINT('',(37.5,6.357743449794,30.14));
#5347 = CARTESIAN_POINT('',(37.5,6.646280387474,29.851824184895));
#5348 = VECTOR('',#5349,1.);
#5349 = DIRECTION('',(1.,-2.2E-16,-2.2E-16));
#5350 = ADVANCED_FACE('',(#5351),#5376,.F.);
#5351 = FACE_BOUND('',#5352,.F.);
#5352 = EDGE_LOOP('',(#5353,#5361,#5362,#5370));
#5353 = ORIENTED_EDGE('',*,*,#5354,.F.);
#5354 = EDGE_CURVE('',#1586,#5355,#5357,.T.);
#5355 = VERTEX_POINT('',#5356);
#5356 = CARTESIAN_POINT('',(37.2,9.901078158832,29.219137432934));
#5357 = LINE('',#5358,#5359);
#5358 = CARTESIAN_POINT('',(37.5,9.901078158832,29.219137432934));
#5359 = VECTOR('',#5360,1.);
#5360 = DIRECTION('',(-1.,2.2E-16,2.2E-16));
#5361 = ORIENTED_EDGE('',*,*,#1585,.T.);
#5362 = ORIENTED_EDGE('',*,*,#5363,.T.);
#5363 = EDGE_CURVE('',#1588,#5364,#5366,.T.);
#5364 = VERTEX_POINT('',#5365);
#5365 = CARTESIAN_POINT('',(37.2,9.379978282645,29.219137432934));
#5366 = LINE('',#5367,#5368);
#5367 = CARTESIAN_POINT('',(37.5,9.379978282645,29.219137432934));
#5368 = VECTOR('',#5369,1.);
#5369 = DIRECTION('',(-1.,2.2E-16,2.2E-16));
#5370 = ORIENTED_EDGE('',*,*,#5371,.F.);
#5371 = EDGE_CURVE('',#5355,#5364,#5372,.T.);
#5372 = LINE('',#5373,#5374);
#5373 = CARTESIAN_POINT('',(37.2,9.901078158832,29.219137432934));
#5374 = VECTOR('',#5375,1.);
#5375 = DIRECTION('',(-2.2E-16,-1.,4.4E-16));
#5376 = PLANE('',#5377);
#5377 = AXIS2_PLACEMENT_3D('',#5378,#5379,#5380);
#5378 = CARTESIAN_POINT('',(37.35,9.640528220739,29.219137432934));
#5379 = DIRECTION('',(-0.,-0.,-1.));
#5380 = DIRECTION('',(-1.,0.,0.));
#5381 = ADVANCED_FACE('',(#5382),#5400,.T.);
#5382 = FACE_BOUND('',#5383,.T.);
#5383 = EDGE_LOOP('',(#5384,#5392,#5398,#5399));
#5384 = ORIENTED_EDGE('',*,*,#5385,.T.);
#5385 = EDGE_CURVE('',#1796,#5386,#5388,.T.);
#5386 = VERTEX_POINT('',#5387);
#5387 = CARTESIAN_POINT('',(37.2,10.145558142324,29.152690879076));
#5388 = LINE('',#5389,#5390);
#5389 = CARTESIAN_POINT('',(37.5,10.145558142324,29.152690879076));
#5390 = VECTOR('',#5391,1.);
#5391 = DIRECTION('',(-1.,2.2E-16,2.2E-16));
#5392 = ORIENTED_EDGE('',*,*,#5393,.T.);
#5393 = EDGE_CURVE('',#5386,#5355,#5394,.T.);
#5394 = B_SPLINE_CURVE_WITH_KNOTS('',2,(#5395,#5396,#5397),
  .UNSPECIFIED.,.F.,.F.,(3,3),(0.,1.),.PIECEWISE_BEZIER_KNOTS.);
#5395 = CARTESIAN_POINT('',(37.2,10.145558142324,29.152690879076));
#5396 = CARTESIAN_POINT('',(37.2,10.078750465889,29.219137432934));
#5397 = CARTESIAN_POINT('',(37.2,9.901078158832,29.219137432934));
#5398 = ORIENTED_EDGE('',*,*,#5354,.F.);
#5399 = ORIENTED_EDGE('',*,*,#1803,.F.);
#5400 = SURFACE_OF_LINEAR_EXTRUSION('',#5401,#5405);
#5401 = B_SPLINE_CURVE_WITH_KNOTS('',2,(#5402,#5403,#5404),
  .UNSPECIFIED.,.F.,.F.,(3,3),(0.,1.),.PIECEWISE_BEZIER_KNOTS.);
#5402 = CARTESIAN_POINT('',(37.5,10.145558142324,29.152690879076));
#5403 = CARTESIAN_POINT('',(37.5,10.078750465889,29.219137432934));
#5404 = CARTESIAN_POINT('',(37.5,9.901078158832,29.219137432934));
#5405 = VECTOR('',#5406,1.);
#5406 = DIRECTION('',(1.,-2.2E-16,-2.2E-16));
#5407 = ADVANCED_FACE('',(#5408),#5426,.T.);
#5408 = FACE_BOUND('',#5409,.T.);
#5409 = EDGE_LOOP('',(#5410,#5418,#5424,#5425));
#5410 = ORIENTED_EDGE('',*,*,#5411,.T.);
#5411 = EDGE_CURVE('',#1788,#5412,#5414,.T.);
#5412 = VERTEX_POINT('',#5413);
#5413 = CARTESIAN_POINT('',(37.2,10.212004696182,28.919766817994));
#5414 = LINE('',#5415,#5416);
#5415 = CARTESIAN_POINT('',(37.5,10.212004696182,28.919766817994));
#5416 = VECTOR('',#5417,1.);
#5417 = DIRECTION('',(-1.,2.2E-16,2.2E-16));
#5418 = ORIENTED_EDGE('',*,*,#5419,.T.);
#5419 = EDGE_CURVE('',#5412,#5386,#5420,.T.);
#5420 = B_SPLINE_CURVE_WITH_KNOTS('',2,(#5421,#5422,#5423),
  .UNSPECIFIED.,.F.,.F.,(3,3),(0.,1.),.PIECEWISE_BEZIER_KNOTS.);
#5421 = CARTESIAN_POINT('',(37.2,10.212004696182,28.919766817994));
#5422 = CARTESIAN_POINT('',(37.2,10.212004696182,29.086244325217));
#5423 = CARTESIAN_POINT('',(37.2,10.145558142324,29.152690879076));
#5424 = ORIENTED_EDGE('',*,*,#5385,.F.);
#5425 = ORIENTED_EDGE('',*,*,#1795,.F.);
#5426 = SURFACE_OF_LINEAR_EXTRUSION('',#5427,#5431);
#5427 = B_SPLINE_CURVE_WITH_KNOTS('',2,(#5428,#5429,#5430),
  .UNSPECIFIED.,.F.,.F.,(3,3),(0.,1.),.PIECEWISE_BEZIER_KNOTS.);
#5428 = CARTESIAN_POINT('',(37.5,10.212004696182,28.919766817994));
#5429 = CARTESIAN_POINT('',(37.5,10.212004696182,29.086244325217));
#5430 = CARTESIAN_POINT('',(37.5,10.145558142324,29.152690879076));
#5431 = VECTOR('',#5432,1.);
#5432 = DIRECTION('',(1.,-2.2E-16,-2.2E-16));
#5433 = ADVANCED_FACE('',(#5434),#5452,.T.);
#5434 = FACE_BOUND('',#5435,.T.);
#5435 = EDGE_LOOP('',(#5436,#5444,#5450,#5451));
#5436 = ORIENTED_EDGE('',*,*,#5437,.T.);
#5437 = EDGE_CURVE('',#1780,#5438,#5440,.T.);
#5438 = VERTEX_POINT('',#5439);
#5439 = CARTESIAN_POINT('',(37.2,10.212004696182,24.371427981841));
#5440 = LINE('',#5441,#5442);
#5441 = CARTESIAN_POINT('',(37.5,10.212004696182,24.371427981841));
#5442 = VECTOR('',#5443,1.);
#5443 = DIRECTION('',(-1.,2.2E-16,2.2E-16));
#5444 = ORIENTED_EDGE('',*,*,#5445,.T.);
#5445 = EDGE_CURVE('',#5438,#5412,#5446,.T.);
#5446 = LINE('',#5447,#5448);
#5447 = CARTESIAN_POINT('',(37.2,10.212004696182,24.371427981841));
#5448 = VECTOR('',#5449,1.);
#5449 = DIRECTION('',(0.,0.,1.));
#5450 = ORIENTED_EDGE('',*,*,#5411,.F.);
#5451 = ORIENTED_EDGE('',*,*,#1787,.F.);
#5452 = PLANE('',#5453);
#5453 = AXIS2_PLACEMENT_3D('',#5454,#5455,#5456);
#5454 = CARTESIAN_POINT('',(37.5,10.212004696182,24.371427981841));
#5455 = DIRECTION('',(2.2E-16,1.,-4.4E-16));
#5456 = DIRECTION('',(2.2E-16,4.4E-16,1.));
#5457 = ADVANCED_FACE('',(#5458),#5476,.T.);
#5458 = FACE_BOUND('',#5459,.T.);
#5459 = EDGE_LOOP('',(#5460,#5468,#5474,#5475));
#5460 = ORIENTED_EDGE('',*,*,#5461,.T.);
#5461 = EDGE_CURVE('',#1772,#5462,#5464,.T.);
#5462 = VERTEX_POINT('',#5463);
#5463 = CARTESIAN_POINT('',(37.2,10.145558142324,24.132725959554));
#5464 = LINE('',#5465,#5466);
#5465 = CARTESIAN_POINT('',(37.5,10.145558142324,24.132725959554));
#5466 = VECTOR('',#5467,1.);
#5467 = DIRECTION('',(-1.,2.2E-16,2.2E-16));
#5468 = ORIENTED_EDGE('',*,*,#5469,.T.);
#5469 = EDGE_CURVE('',#5462,#5438,#5470,.T.);
#5470 = B_SPLINE_CURVE_WITH_KNOTS('',2,(#5471,#5472,#5473),
  .UNSPECIFIED.,.F.,.F.,(3,3),(0.,1.),.PIECEWISE_BEZIER_KNOTS.);
#5471 = CARTESIAN_POINT('',(37.2,10.145558142324,24.132725959554));
#5472 = CARTESIAN_POINT('',(37.2,10.212004696182,24.193755674783));
#5473 = CARTESIAN_POINT('',(37.2,10.212004696182,24.371427981841));
#5474 = ORIENTED_EDGE('',*,*,#5437,.F.);
#5475 = ORIENTED_EDGE('',*,*,#1779,.F.);
#5476 = SURFACE_OF_LINEAR_EXTRUSION('',#5477,#5481);
#5477 = B_SPLINE_CURVE_WITH_KNOTS('',2,(#5478,#5479,#5480),
  .UNSPECIFIED.,.F.,.F.,(3,3),(0.,1.),.PIECEWISE_BEZIER_KNOTS.);
#5478 = CARTESIAN_POINT('',(37.5,10.145558142324,24.132725959554));
#5479 = CARTESIAN_POINT('',(37.5,10.212004696182,24.193755674783));
#5480 = CARTESIAN_POINT('',(37.5,10.212004696182,24.371427981841));
#5481 = VECTOR('',#5482,1.);
#5482 = DIRECTION('',(1.,-2.2E-16,-2.2E-16));
#5483 = ADVANCED_FACE('',(#5484),#5502,.T.);
#5484 = FACE_BOUND('',#5485,.T.);
#5485 = EDGE_LOOP('',(#5486,#5494,#5500,#5501));
#5486 = ORIENTED_EDGE('',*,*,#5487,.T.);
#5487 = EDGE_CURVE('',#1764,#5488,#5490,.T.);
#5488 = VERTEX_POINT('',#5489);
#5489 = CARTESIAN_POINT('',(37.2,9.901078158832,24.071696244325));
#5490 = LINE('',#5491,#5492);
#5491 = CARTESIAN_POINT('',(37.5,9.901078158832,24.071696244325));
#5492 = VECTOR('',#5493,1.);
#5493 = DIRECTION('',(-1.,2.2E-16,2.2E-16));
#5494 = ORIENTED_EDGE('',*,*,#5495,.T.);
#5495 = EDGE_CURVE('',#5488,#5462,#5496,.T.);
#5496 = B_SPLINE_CURVE_WITH_KNOTS('',2,(#5497,#5498,#5499),
  .UNSPECIFIED.,.F.,.F.,(3,3),(0.,1.),.PIECEWISE_BEZIER_KNOTS.);
#5497 = CARTESIAN_POINT('',(37.2,9.901078158832,24.071696244325));
#5498 = CARTESIAN_POINT('',(37.2,10.078750465889,24.071696244325));
#5499 = CARTESIAN_POINT('',(37.2,10.145558142324,24.132725959554));
#5500 = ORIENTED_EDGE('',*,*,#5461,.F.);
#5501 = ORIENTED_EDGE('',*,*,#1771,.F.);
#5502 = SURFACE_OF_LINEAR_EXTRUSION('',#5503,#5507);
#5503 = B_SPLINE_CURVE_WITH_KNOTS('',2,(#5504,#5505,#5506),
  .UNSPECIFIED.,.F.,.F.,(3,3),(0.,1.),.PIECEWISE_BEZIER_KNOTS.);
#5504 = CARTESIAN_POINT('',(37.5,9.901078158832,24.071696244325));
#5505 = CARTESIAN_POINT('',(37.5,10.078750465889,24.071696244325));
#5506 = CARTESIAN_POINT('',(37.5,10.145558142324,24.132725959554));
#5507 = VECTOR('',#5508,1.);
#5508 = DIRECTION('',(1.,-2.2E-16,-2.2E-16));
#5509 = ADVANCED_FACE('',(#5510),#5528,.F.);
#5510 = FACE_BOUND('',#5511,.F.);
#5511 = EDGE_LOOP('',(#5512,#5520,#5521,#5522));
#5512 = ORIENTED_EDGE('',*,*,#5513,.F.);
#5513 = EDGE_CURVE('',#1756,#5514,#5516,.T.);
#5514 = VERTEX_POINT('',#5515);
#5515 = CARTESIAN_POINT('',(37.2,9.379978282645,24.071696244325));
#5516 = LINE('',#5517,#5518);
#5517 = CARTESIAN_POINT('',(37.5,9.379978282645,24.071696244325));
#5518 = VECTOR('',#5519,1.);
#5519 = DIRECTION('',(-1.,2.2E-16,2.2E-16));
#5520 = ORIENTED_EDGE('',*,*,#1763,.T.);
#5521 = ORIENTED_EDGE('',*,*,#5487,.T.);
#5522 = ORIENTED_EDGE('',*,*,#5523,.F.);
#5523 = EDGE_CURVE('',#5514,#5488,#5524,.T.);
#5524 = LINE('',#5525,#5526);
#5525 = CARTESIAN_POINT('',(37.2,9.379978282645,24.071696244325));
#5526 = VECTOR('',#5527,1.);
#5527 = DIRECTION('',(2.2E-16,1.,-4.4E-16));
#5528 = PLANE('',#5529);
#5529 = AXIS2_PLACEMENT_3D('',#5530,#5531,#5532);
#5530 = CARTESIAN_POINT('',(37.35,9.640528220739,24.071696244325));
#5531 = DIRECTION('',(0.,0.,1.));
#5532 = DIRECTION('',(1.,0.,-0.));
#5533 = ADVANCED_FACE('',(#5534),#5552,.T.);
#5534 = FACE_BOUND('',#5535,.T.);
#5535 = EDGE_LOOP('',(#5536,#5544,#5550,#5551));
#5536 = ORIENTED_EDGE('',*,*,#5537,.T.);
#5537 = EDGE_CURVE('',#1748,#5538,#5540,.T.);
#5538 = VERTEX_POINT('',#5539);
#5539 = CARTESIAN_POINT('',(37.2,9.130081460524,24.132725959554));
#5540 = LINE('',#5541,#5542);
#5541 = CARTESIAN_POINT('',(37.5,9.130081460524,24.132725959554));
#5542 = VECTOR('',#5543,1.);
#5543 = DIRECTION('',(-1.,2.2E-16,2.2E-16));
#5544 = ORIENTED_EDGE('',*,*,#5545,.T.);
#5545 = EDGE_CURVE('',#5538,#5514,#5546,.T.);
#5546 = B_SPLINE_CURVE_WITH_KNOTS('',2,(#5547,#5548,#5549),
  .UNSPECIFIED.,.F.,.F.,(3,3),(0.,1.),.PIECEWISE_BEZIER_KNOTS.);
#5547 = CARTESIAN_POINT('',(37.2,9.130081460524,24.132725959554));
#5548 = CARTESIAN_POINT('',(37.2,9.191111175753,24.071696244325));
#5549 = CARTESIAN_POINT('',(37.2,9.379978282645,24.071696244325));
#5550 = ORIENTED_EDGE('',*,*,#5513,.F.);
#5551 = ORIENTED_EDGE('',*,*,#1755,.F.);
#5552 = SURFACE_OF_LINEAR_EXTRUSION('',#5553,#5557);
#5553 = B_SPLINE_CURVE_WITH_KNOTS('',2,(#5554,#5555,#5556),
  .UNSPECIFIED.,.F.,.F.,(3,3),(0.,1.),.PIECEWISE_BEZIER_KNOTS.);
#5554 = CARTESIAN_POINT('',(37.5,9.130081460524,24.132725959554));
#5555 = CARTESIAN_POINT('',(37.5,9.191111175753,24.071696244325));
#5556 = CARTESIAN_POINT('',(37.5,9.379978282645,24.071696244325));
#5557 = VECTOR('',#5558,1.);
#5558 = DIRECTION('',(1.,-2.2E-16,-2.2E-16));
#5559 = ADVANCED_FACE('',(#5560),#5578,.T.);
#5560 = FACE_BOUND('',#5561,.T.);
#5561 = EDGE_LOOP('',(#5562,#5570,#5576,#5577));
#5562 = ORIENTED_EDGE('',*,*,#5563,.T.);
#5563 = EDGE_CURVE('',#1740,#5564,#5566,.T.);
#5564 = VERTEX_POINT('',#5565);
#5565 = CARTESIAN_POINT('',(37.2,9.069051745295,24.371427981841));
#5566 = LINE('',#5567,#5568);
#5567 = CARTESIAN_POINT('',(37.5,9.069051745295,24.371427981841));
#5568 = VECTOR('',#5569,1.);
#5569 = DIRECTION('',(-1.,2.2E-16,2.2E-16));
#5570 = ORIENTED_EDGE('',*,*,#5571,.T.);
#5571 = EDGE_CURVE('',#5564,#5538,#5572,.T.);
#5572 = B_SPLINE_CURVE_WITH_KNOTS('',2,(#5573,#5574,#5575),
  .UNSPECIFIED.,.F.,.F.,(3,3),(0.,1.),.PIECEWISE_BEZIER_KNOTS.);
#5573 = CARTESIAN_POINT('',(37.2,9.069051745295,24.371427981841));
#5574 = CARTESIAN_POINT('',(37.2,9.069051745295,24.193755674783));
#5575 = CARTESIAN_POINT('',(37.2,9.130081460524,24.132725959554));
#5576 = ORIENTED_EDGE('',*,*,#5537,.F.);
#5577 = ORIENTED_EDGE('',*,*,#1747,.F.);
#5578 = SURFACE_OF_LINEAR_EXTRUSION('',#5579,#5583);
#5579 = B_SPLINE_CURVE_WITH_KNOTS('',2,(#5580,#5581,#5582),
  .UNSPECIFIED.,.F.,.F.,(3,3),(0.,1.),.PIECEWISE_BEZIER_KNOTS.);
#5580 = CARTESIAN_POINT('',(37.5,9.069051745295,24.371427981841));
#5581 = CARTESIAN_POINT('',(37.5,9.069051745295,24.193755674783));
#5582 = CARTESIAN_POINT('',(37.5,9.130081460524,24.132725959554));
#5583 = VECTOR('',#5584,1.);
#5584 = DIRECTION('',(1.,-2.2E-16,-2.2E-16));
#5585 = ADVANCED_FACE('',(#5586),#5604,.T.);
#5586 = FACE_BOUND('',#5587,.T.);
#5587 = EDGE_LOOP('',(#5588,#5596,#5602,#5603));
#5588 = ORIENTED_EDGE('',*,*,#5589,.T.);
#5589 = EDGE_CURVE('',#1732,#5590,#5592,.T.);
#5590 = VERTEX_POINT('',#5591);
#5591 = CARTESIAN_POINT('',(37.2,9.069051745295,25.458406933553));
#5592 = LINE('',#5593,#5594);
#5593 = CARTESIAN_POINT('',(37.5,9.069051745295,25.458406933553));
#5594 = VECTOR('',#5595,1.);
#5595 = DIRECTION('',(-1.,2.2E-16,2.2E-16));
#5596 = ORIENTED_EDGE('',*,*,#5597,.T.);
#5597 = EDGE_CURVE('',#5590,#5564,#5598,.T.);
#5598 = LINE('',#5599,#5600);
#5599 = CARTESIAN_POINT('',(37.2,9.069051745295,25.458406933553));
#5600 = VECTOR('',#5601,1.);
#5601 = DIRECTION('',(0.,0.,-1.));
#5602 = ORIENTED_EDGE('',*,*,#5563,.F.);
#5603 = ORIENTED_EDGE('',*,*,#1739,.F.);
#5604 = PLANE('',#5605);
#5605 = AXIS2_PLACEMENT_3D('',#5606,#5607,#5608);
#5606 = CARTESIAN_POINT('',(37.5,9.069051745295,25.458406933553));
#5607 = DIRECTION('',(-2.2E-16,-1.,4.4E-16));
#5608 = DIRECTION('',(-2.2E-16,-4.4E-16,-1.));
#5609 = ADVANCED_FACE('',(#5610),#5628,.T.);
#5610 = FACE_BOUND('',#5611,.T.);
#5611 = EDGE_LOOP('',(#5612,#5620,#5626,#5627));
#5612 = ORIENTED_EDGE('',*,*,#5613,.T.);
#5613 = EDGE_CURVE('',#1724,#5614,#5616,.T.);
#5614 = VERTEX_POINT('',#5615);
#5615 = CARTESIAN_POINT('',(37.2,7.78237200943,25.458406933553));
#5616 = LINE('',#5617,#5618);
#5617 = CARTESIAN_POINT('',(37.5,7.78237200943,25.458406933553));
#5618 = VECTOR('',#5619,1.);
#5619 = DIRECTION('',(-1.,2.2E-16,2.2E-16));
#5620 = ORIENTED_EDGE('',*,*,#5621,.T.);
#5621 = EDGE_CURVE('',#5614,#5590,#5622,.T.);
#5622 = LINE('',#5623,#5624);
#5623 = CARTESIAN_POINT('',(37.2,7.78237200943,25.458406933553));
#5624 = VECTOR('',#5625,1.);
#5625 = DIRECTION('',(0.,1.,-0.));
#5626 = ORIENTED_EDGE('',*,*,#5589,.F.);
#5627 = ORIENTED_EDGE('',*,*,#1731,.F.);
#5628 = PLANE('',#5629);
#5629 = AXIS2_PLACEMENT_3D('',#5630,#5631,#5632);
#5630 = CARTESIAN_POINT('',(37.5,7.78237200943,25.458406933553));
#5631 = DIRECTION('',(-2.2E-16,-4.4E-16,-1.));
#5632 = DIRECTION('',(2.2E-16,1.,-4.4E-16));
#5633 = ADVANCED_FACE('',(#5634),#5652,.T.);
#5634 = FACE_BOUND('',#5635,.T.);
#5635 = EDGE_LOOP('',(#5636,#5644,#5650,#5651));
#5636 = ORIENTED_EDGE('',*,*,#5637,.T.);
#5637 = EDGE_CURVE('',#1716,#5638,#5640,.T.);
#5638 = VERTEX_POINT('',#5639);
#5639 = CARTESIAN_POINT('',(37.2,7.78237200943,24.238173751548));
#5640 = LINE('',#5641,#5642);
#5641 = CARTESIAN_POINT('',(37.5,7.78237200943,24.238173751548));
#5642 = VECTOR('',#5643,1.);
#5643 = DIRECTION('',(-1.,2.2E-16,2.2E-16));
#5644 = ORIENTED_EDGE('',*,*,#5645,.T.);
#5645 = EDGE_CURVE('',#5638,#5614,#5646,.T.);
#5646 = LINE('',#5647,#5648);
#5647 = CARTESIAN_POINT('',(37.2,7.78237200943,24.238173751548));
#5648 = VECTOR('',#5649,1.);
#5649 = DIRECTION('',(0.,0.,1.));
#5650 = ORIENTED_EDGE('',*,*,#5613,.F.);
#5651 = ORIENTED_EDGE('',*,*,#1723,.F.);
#5652 = PLANE('',#5653);
#5653 = AXIS2_PLACEMENT_3D('',#5654,#5655,#5656);
#5654 = CARTESIAN_POINT('',(37.5,7.78237200943,24.238173751548));
#5655 = DIRECTION('',(2.2E-16,1.,-4.4E-16));
#5656 = DIRECTION('',(2.2E-16,4.4E-16,1.));
#5657 = ADVANCED_FACE('',(#5658),#5676,.T.);
#5658 = FACE_BOUND('',#5659,.T.);
#5659 = EDGE_LOOP('',(#5660,#5668,#5674,#5675));
#5660 = ORIENTED_EDGE('',*,*,#5661,.T.);
#5661 = EDGE_CURVE('',#1708,#5662,#5664,.T.);
#5662 = VERTEX_POINT('',#5663);
#5663 = CARTESIAN_POINT('',(37.2,8.070908947111,23.428536937681));
#5664 = LINE('',#5665,#5666);
#5665 = CARTESIAN_POINT('',(37.5,8.070908947111,23.428536937681));
#5666 = VECTOR('',#5667,1.);
#5667 = DIRECTION('',(-1.,2.2E-16,2.2E-16));
#5668 = ORIENTED_EDGE('',*,*,#5669,.T.);
#5669 = EDGE_CURVE('',#5662,#5638,#5670,.T.);
#5670 = B_SPLINE_CURVE_WITH_KNOTS('',2,(#5671,#5672,#5673),
  .UNSPECIFIED.,.F.,.F.,(3,3),(0.,1.),.PIECEWISE_BEZIER_KNOTS.);
#5671 = CARTESIAN_POINT('',(37.2,8.070908947111,23.428536937681));
#5672 = CARTESIAN_POINT('',(37.2,7.78237200943,23.716712752786));
#5673 = CARTESIAN_POINT('',(37.2,7.78237200943,24.238173751548));
#5674 = ORIENTED_EDGE('',*,*,#5637,.F.);
#5675 = ORIENTED_EDGE('',*,*,#1715,.F.);
#5676 = SURFACE_OF_LINEAR_EXTRUSION('',#5677,#5681);
#5677 = B_SPLINE_CURVE_WITH_KNOTS('',2,(#5678,#5679,#5680),
  .UNSPECIFIED.,.F.,.F.,(3,3),(0.,1.),.PIECEWISE_BEZIER_KNOTS.);
#5678 = CARTESIAN_POINT('',(37.5,8.070908947111,23.428536937681));
#5679 = CARTESIAN_POINT('',(37.5,7.78237200943,23.716712752786));
#5680 = CARTESIAN_POINT('',(37.5,7.78237200943,24.238173751548));
#5681 = VECTOR('',#5682,1.);
#5682 = DIRECTION('',(1.,-2.2E-16,-2.2E-16));
#5683 = ADVANCED_FACE('',(#5684),#5702,.T.);
#5684 = FACE_BOUND('',#5685,.T.);
#5685 = EDGE_LOOP('',(#5686,#5694,#5700,#5701));
#5686 = ORIENTED_EDGE('',*,*,#5687,.T.);
#5687 = EDGE_CURVE('',#1700,#5688,#5690,.T.);
#5688 = VERTEX_POINT('',#5689);
#5689 = CARTESIAN_POINT('',(37.2,8.991410391601,23.14));
#5690 = LINE('',#5691,#5692);
#5691 = CARTESIAN_POINT('',(37.5,8.991410391601,23.14));
#5692 = VECTOR('',#5693,1.);
#5693 = DIRECTION('',(-1.,2.2E-16,2.2E-16));
#5694 = ORIENTED_EDGE('',*,*,#5695,.T.);
#5695 = EDGE_CURVE('',#5688,#5662,#5696,.T.);
#5696 = B_SPLINE_CURVE_WITH_KNOTS('',2,(#5697,#5698,#5699),
  .UNSPECIFIED.,.F.,.F.,(3,3),(0.,1.),.PIECEWISE_BEZIER_KNOTS.);
#5697 = CARTESIAN_POINT('',(37.2,8.991410391601,23.14));
#5698 = CARTESIAN_POINT('',(37.2,8.359084762216,23.14));
#5699 = CARTESIAN_POINT('',(37.2,8.070908947111,23.428536937681));
#5700 = ORIENTED_EDGE('',*,*,#5661,.F.);
#5701 = ORIENTED_EDGE('',*,*,#1707,.F.);
#5702 = SURFACE_OF_LINEAR_EXTRUSION('',#5703,#5707);
#5703 = B_SPLINE_CURVE_WITH_KNOTS('',2,(#5704,#5705,#5706),
  .UNSPECIFIED.,.F.,.F.,(3,3),(0.,1.),.PIECEWISE_BEZIER_KNOTS.);
#5704 = CARTESIAN_POINT('',(37.5,8.991410391601,23.14));
#5705 = CARTESIAN_POINT('',(37.5,8.359084762216,23.14));
#5706 = CARTESIAN_POINT('',(37.5,8.070908947111,23.428536937681));
#5707 = VECTOR('',#5708,1.);
#5708 = DIRECTION('',(1.,-2.2E-16,-2.2E-16));
#5709 = ADVANCED_FACE('',(#5710),#5728,.F.);
#5710 = FACE_BOUND('',#5711,.F.);
#5711 = EDGE_LOOP('',(#5712,#5720,#5721,#5722));
#5712 = ORIENTED_EDGE('',*,*,#5713,.F.);
#5713 = EDGE_CURVE('',#1692,#5714,#5716,.T.);
#5714 = VERTEX_POINT('',#5715);
#5715 = CARTESIAN_POINT('',(37.2,10.289646049876,23.14));
#5716 = LINE('',#5717,#5718);
#5717 = CARTESIAN_POINT('',(37.5,10.289646049876,23.14));
#5718 = VECTOR('',#5719,1.);
#5719 = DIRECTION('',(-1.,2.2E-16,2.2E-16));
#5720 = ORIENTED_EDGE('',*,*,#1699,.T.);
#5721 = ORIENTED_EDGE('',*,*,#5687,.T.);
#5722 = ORIENTED_EDGE('',*,*,#5723,.F.);
#5723 = EDGE_CURVE('',#5714,#5688,#5724,.T.);
#5724 = LINE('',#5725,#5726);
#5725 = CARTESIAN_POINT('',(37.2,10.289646049876,23.14));
#5726 = VECTOR('',#5727,1.);
#5727 = DIRECTION('',(-2.2E-16,-1.,4.4E-16));
#5728 = PLANE('',#5729);
#5729 = AXIS2_PLACEMENT_3D('',#5730,#5731,#5732);
#5730 = CARTESIAN_POINT('',(37.35,9.640528220739,23.14));
#5731 = DIRECTION('',(-0.,-0.,-1.));
#5732 = DIRECTION('',(-1.,0.,0.));
#5733 = ADVANCED_FACE('',(#5734),#5752,.T.);
#5734 = FACE_BOUND('',#5735,.T.);
#5735 = EDGE_LOOP('',(#5736,#5744,#5750,#5751));
#5736 = ORIENTED_EDGE('',*,*,#5737,.T.);
#5737 = EDGE_CURVE('',#1684,#5738,#5740,.T.);
#5738 = VERTEX_POINT('',#5739);
#5739 = CARTESIAN_POINT('',(37.2,11.210508616942,23.428536937681));
#5740 = LINE('',#5741,#5742);
#5741 = CARTESIAN_POINT('',(37.5,11.210508616942,23.428536937681));
#5742 = VECTOR('',#5743,1.);
#5743 = DIRECTION('',(-1.,2.2E-16,2.2E-16));
#5744 = ORIENTED_EDGE('',*,*,#5745,.T.);
#5745 = EDGE_CURVE('',#5738,#5714,#5746,.T.);
#5746 = B_SPLINE_CURVE_WITH_KNOTS('',2,(#5747,#5748,#5749),
  .UNSPECIFIED.,.F.,.F.,(3,3),(0.,1.),.PIECEWISE_BEZIER_KNOTS.);
#5747 = CARTESIAN_POINT('',(37.2,11.210508616942,23.428536937681));
#5748 = CARTESIAN_POINT('',(37.2,10.921971679261,23.14));
#5749 = CARTESIAN_POINT('',(37.2,10.289646049876,23.14));
#5750 = ORIENTED_EDGE('',*,*,#5713,.F.);
#5751 = ORIENTED_EDGE('',*,*,#1691,.F.);
#5752 = SURFACE_OF_LINEAR_EXTRUSION('',#5753,#5757);
#5753 = B_SPLINE_CURVE_WITH_KNOTS('',2,(#5754,#5755,#5756),
  .UNSPECIFIED.,.F.,.F.,(3,3),(0.,1.),.PIECEWISE_BEZIER_KNOTS.);
#5754 = CARTESIAN_POINT('',(37.5,11.210508616942,23.428536937681));
#5755 = CARTESIAN_POINT('',(37.5,10.921971679261,23.14));
#5756 = CARTESIAN_POINT('',(37.5,10.289646049876,23.14));
#5757 = VECTOR('',#5758,1.);
#5758 = DIRECTION('',(1.,-2.2E-16,-2.2E-16));
#5759 = ADVANCED_FACE('',(#5760),#5778,.T.);
#5760 = FACE_BOUND('',#5761,.T.);
#5761 = EDGE_LOOP('',(#5762,#5770,#5776,#5777));
#5762 = ORIENTED_EDGE('',*,*,#5763,.T.);
#5763 = EDGE_CURVE('',#1676,#5764,#5766,.T.);
#5764 = VERTEX_POINT('',#5765);
#5765 = CARTESIAN_POINT('',(37.2,11.498684432047,24.238173751548));
#5766 = LINE('',#5767,#5768);
#5767 = CARTESIAN_POINT('',(37.5,11.498684432047,24.238173751548));
#5768 = VECTOR('',#5769,1.);
#5769 = DIRECTION('',(-1.,2.2E-16,2.2E-16));
#5770 = ORIENTED_EDGE('',*,*,#5771,.T.);
#5771 = EDGE_CURVE('',#5764,#5738,#5772,.T.);
#5772 = B_SPLINE_CURVE_WITH_KNOTS('',2,(#5773,#5774,#5775),
  .UNSPECIFIED.,.F.,.F.,(3,3),(0.,1.),.PIECEWISE_BEZIER_KNOTS.);
#5773 = CARTESIAN_POINT('',(37.2,11.498684432047,24.238173751548));
#5774 = CARTESIAN_POINT('',(37.2,11.498684432047,23.716712752786));
#5775 = CARTESIAN_POINT('',(37.2,11.210508616942,23.428536937681));
#5776 = ORIENTED_EDGE('',*,*,#5737,.F.);
#5777 = ORIENTED_EDGE('',*,*,#1683,.F.);
#5778 = SURFACE_OF_LINEAR_EXTRUSION('',#5779,#5783);
#5779 = B_SPLINE_CURVE_WITH_KNOTS('',2,(#5780,#5781,#5782),
  .UNSPECIFIED.,.F.,.F.,(3,3),(0.,1.),.PIECEWISE_BEZIER_KNOTS.);
#5780 = CARTESIAN_POINT('',(37.5,11.498684432047,24.238173751548));
#5781 = CARTESIAN_POINT('',(37.5,11.498684432047,23.716712752786));
#5782 = CARTESIAN_POINT('',(37.5,11.210508616942,23.428536937681));
#5783 = VECTOR('',#5784,1.);
#5784 = DIRECTION('',(1.,-2.2E-16,-2.2E-16));
#5785 = ADVANCED_FACE('',(#5786),#5804,.T.);
#5786 = FACE_BOUND('',#5787,.T.);
#5787 = EDGE_LOOP('',(#5788,#5796,#5802,#5803));
#5788 = ORIENTED_EDGE('',*,*,#5789,.T.);
#5789 = EDGE_CURVE('',#1668,#5790,#5792,.T.);
#5790 = VERTEX_POINT('',#5791);
#5791 = CARTESIAN_POINT('',(37.2,11.498684432047,29.052659925712));
#5792 = LINE('',#5793,#5794);
#5793 = CARTESIAN_POINT('',(37.5,11.498684432047,29.052659925712));
#5794 = VECTOR('',#5795,1.);
#5795 = DIRECTION('',(-1.,2.2E-16,2.2E-16));
#5796 = ORIENTED_EDGE('',*,*,#5797,.T.);
#5797 = EDGE_CURVE('',#5790,#5764,#5798,.T.);
#5798 = LINE('',#5799,#5800);
#5799 = CARTESIAN_POINT('',(37.2,11.498684432047,29.052659925712));
#5800 = VECTOR('',#5801,1.);
#5801 = DIRECTION('',(0.,0.,-1.));
#5802 = ORIENTED_EDGE('',*,*,#5763,.F.);
#5803 = ORIENTED_EDGE('',*,*,#1675,.F.);
#5804 = PLANE('',#5805);
#5805 = AXIS2_PLACEMENT_3D('',#5806,#5807,#5808);
#5806 = CARTESIAN_POINT('',(37.5,11.498684432047,29.052659925712));
#5807 = DIRECTION('',(-2.2E-16,-1.,4.4E-16));
#5808 = DIRECTION('',(-2.2E-16,-4.4E-16,-1.));
#5809 = ADVANCED_FACE('',(#5810),#5828,.T.);
#5810 = FACE_BOUND('',#5811,.T.);
#5811 = EDGE_LOOP('',(#5812,#5820,#5826,#5827));
#5812 = ORIENTED_EDGE('',*,*,#5813,.T.);
#5813 = EDGE_CURVE('',#1660,#5814,#5816,.T.);
#5814 = VERTEX_POINT('',#5815);
#5815 = CARTESIAN_POINT('',(37.2,11.210508616942,29.862657862154));
#5816 = LINE('',#5817,#5818);
#5817 = CARTESIAN_POINT('',(37.5,11.210508616942,29.862657862154));
#5818 = VECTOR('',#5819,1.);
#5819 = DIRECTION('',(-1.,2.2E-16,2.2E-16));
#5820 = ORIENTED_EDGE('',*,*,#5821,.T.);
#5821 = EDGE_CURVE('',#5814,#5790,#5822,.T.);
#5822 = B_SPLINE_CURVE_WITH_KNOTS('',2,(#5823,#5824,#5825),
  .UNSPECIFIED.,.F.,.F.,(3,3),(0.,1.),.PIECEWISE_BEZIER_KNOTS.);
#5823 = CARTESIAN_POINT('',(37.2,11.210508616942,29.862657862154));
#5824 = CARTESIAN_POINT('',(37.2,11.498684432047,29.574120924474));
#5825 = CARTESIAN_POINT('',(37.2,11.498684432047,29.052659925712));
#5826 = ORIENTED_EDGE('',*,*,#5789,.F.);
#5827 = ORIENTED_EDGE('',*,*,#1667,.F.);
#5828 = SURFACE_OF_LINEAR_EXTRUSION('',#5829,#5833);
#5829 = B_SPLINE_CURVE_WITH_KNOTS('',2,(#5830,#5831,#5832),
  .UNSPECIFIED.,.F.,.F.,(3,3),(0.,1.),.PIECEWISE_BEZIER_KNOTS.);
#5830 = CARTESIAN_POINT('',(37.5,11.210508616942,29.862657862154));
#5831 = CARTESIAN_POINT('',(37.5,11.498684432047,29.574120924474));
#5832 = CARTESIAN_POINT('',(37.5,11.498684432047,29.052659925712));
#5833 = VECTOR('',#5834,1.);
#5834 = DIRECTION('',(1.,-2.2E-16,-2.2E-16));
#5835 = ADVANCED_FACE('',(#5836),#5854,.T.);
#5836 = FACE_BOUND('',#5837,.T.);
#5837 = EDGE_LOOP('',(#5838,#5846,#5852,#5853));
#5838 = ORIENTED_EDGE('',*,*,#5839,.T.);
#5839 = EDGE_CURVE('',#1652,#5840,#5842,.T.);
#5840 = VERTEX_POINT('',#5841);
#5841 = CARTESIAN_POINT('',(37.2,10.289646049876,30.151194799835));
#5842 = LINE('',#5843,#5844);
#5843 = CARTESIAN_POINT('',(37.5,10.289646049876,30.151194799835));
#5844 = VECTOR('',#5845,1.);
#5845 = DIRECTION('',(-1.,2.2E-16,2.2E-16));
#5846 = ORIENTED_EDGE('',*,*,#5847,.T.);
#5847 = EDGE_CURVE('',#5840,#5814,#5848,.T.);
#5848 = B_SPLINE_CURVE_WITH_KNOTS('',2,(#5849,#5850,#5851),
  .UNSPECIFIED.,.F.,.F.,(3,3),(0.,1.),.PIECEWISE_BEZIER_KNOTS.);
#5849 = CARTESIAN_POINT('',(37.2,10.289646049876,30.151194799835));
#5850 = CARTESIAN_POINT('',(37.2,10.921971679261,30.151194799835));
#5851 = CARTESIAN_POINT('',(37.2,11.210508616942,29.862657862154));
#5852 = ORIENTED_EDGE('',*,*,#5813,.F.);
#5853 = ORIENTED_EDGE('',*,*,#1659,.F.);
#5854 = SURFACE_OF_LINEAR_EXTRUSION('',#5855,#5859);
#5855 = B_SPLINE_CURVE_WITH_KNOTS('',2,(#5856,#5857,#5858),
  .UNSPECIFIED.,.F.,.F.,(3,3),(0.,1.),.PIECEWISE_BEZIER_KNOTS.);
#5856 = CARTESIAN_POINT('',(37.5,10.289646049876,30.151194799835));
#5857 = CARTESIAN_POINT('',(37.5,10.921971679261,30.151194799835));
#5858 = CARTESIAN_POINT('',(37.5,11.210508616942,29.862657862154));
#5859 = VECTOR('',#5860,1.);
#5860 = DIRECTION('',(1.,-2.2E-16,-2.2E-16));
#5861 = ADVANCED_FACE('',(#5862),#5880,.F.);
#5862 = FACE_BOUND('',#5863,.F.);
#5863 = EDGE_LOOP('',(#5864,#5872,#5873,#5874));
#5864 = ORIENTED_EDGE('',*,*,#5865,.F.);
#5865 = EDGE_CURVE('',#1644,#5866,#5868,.T.);
#5866 = VERTEX_POINT('',#5867);
#5867 = CARTESIAN_POINT('',(37.2,8.991410391601,30.151194799835));
#5868 = LINE('',#5869,#5870);
#5869 = CARTESIAN_POINT('',(37.5,8.991410391601,30.151194799835));
#5870 = VECTOR('',#5871,1.);
#5871 = DIRECTION('',(-1.,2.2E-16,2.2E-16));
#5872 = ORIENTED_EDGE('',*,*,#1651,.T.);
#5873 = ORIENTED_EDGE('',*,*,#5839,.T.);
#5874 = ORIENTED_EDGE('',*,*,#5875,.F.);
#5875 = EDGE_CURVE('',#5866,#5840,#5876,.T.);
#5876 = LINE('',#5877,#5878);
#5877 = CARTESIAN_POINT('',(37.2,8.991410391601,30.151194799835));
#5878 = VECTOR('',#5879,1.);
#5879 = DIRECTION('',(2.2E-16,1.,-4.4E-16));
#5880 = PLANE('',#5881);
#5881 = AXIS2_PLACEMENT_3D('',#5882,#5883,#5884);
#5882 = CARTESIAN_POINT('',(37.35,9.640528220739,30.151194799835));
#5883 = DIRECTION('',(0.,2.66E-15,1.));
#5884 = DIRECTION('',(0.,1.,-2.66E-15));
#5885 = ADVANCED_FACE('',(#5886),#5904,.T.);
#5886 = FACE_BOUND('',#5887,.T.);
#5887 = EDGE_LOOP('',(#5888,#5896,#5902,#5903));
#5888 = ORIENTED_EDGE('',*,*,#5889,.T.);
#5889 = EDGE_CURVE('',#1636,#5890,#5892,.T.);
#5890 = VERTEX_POINT('',#5891);
#5891 = CARTESIAN_POINT('',(37.2,8.070908947111,29.862657862154));
#5892 = LINE('',#5893,#5894);
#5893 = CARTESIAN_POINT('',(37.5,8.070908947111,29.862657862154));
#5894 = VECTOR('',#5895,1.);
#5895 = DIRECTION('',(-1.,2.2E-16,2.2E-16));
#5896 = ORIENTED_EDGE('',*,*,#5897,.T.);
#5897 = EDGE_CURVE('',#5890,#5866,#5898,.T.);
#5898 = B_SPLINE_CURVE_WITH_KNOTS('',2,(#5899,#5900,#5901),
  .UNSPECIFIED.,.F.,.F.,(3,3),(0.,1.),.PIECEWISE_BEZIER_KNOTS.);
#5899 = CARTESIAN_POINT('',(37.2,8.070908947111,29.862657862154));
#5900 = CARTESIAN_POINT('',(37.2,8.359084762216,30.151194799835));
#5901 = CARTESIAN_POINT('',(37.2,8.991410391601,30.151194799835));
#5902 = ORIENTED_EDGE('',*,*,#5865,.F.);
#5903 = ORIENTED_EDGE('',*,*,#1643,.F.);
#5904 = SURFACE_OF_LINEAR_EXTRUSION('',#5905,#5909);
#5905 = B_SPLINE_CURVE_WITH_KNOTS('',2,(#5906,#5907,#5908),
  .UNSPECIFIED.,.F.,.F.,(3,3),(0.,1.),.PIECEWISE_BEZIER_KNOTS.);
#5906 = CARTESIAN_POINT('',(37.5,8.070908947111,29.862657862154));
#5907 = CARTESIAN_POINT('',(37.5,8.359084762216,30.151194799835));
#5908 = CARTESIAN_POINT('',(37.5,8.991410391601,30.151194799835));
#5909 = VECTOR('',#5910,1.);
#5910 = DIRECTION('',(1.,-2.2E-16,-2.2E-16));
#5911 = ADVANCED_FACE('',(#5912),#5930,.T.);
#5912 = FACE_BOUND('',#5913,.T.);
#5913 = EDGE_LOOP('',(#5914,#5922,#5928,#5929));
#5914 = ORIENTED_EDGE('',*,*,#5915,.T.);
#5915 = EDGE_CURVE('',#1628,#5916,#5918,.T.);
#5916 = VERTEX_POINT('',#5917);
#5917 = CARTESIAN_POINT('',(37.2,7.78237200943,29.052659925712));
#5918 = LINE('',#5919,#5920);
#5919 = CARTESIAN_POINT('',(37.5,7.78237200943,29.052659925712));
#5920 = VECTOR('',#5921,1.);
#5921 = DIRECTION('',(-1.,2.2E-16,2.2E-16));
#5922 = ORIENTED_EDGE('',*,*,#5923,.T.);
#5923 = EDGE_CURVE('',#5916,#5890,#5924,.T.);
#5924 = B_SPLINE_CURVE_WITH_KNOTS('',2,(#5925,#5926,#5927),
  .UNSPECIFIED.,.F.,.F.,(3,3),(0.,1.),.PIECEWISE_BEZIER_KNOTS.);
#5925 = CARTESIAN_POINT('',(37.2,7.78237200943,29.052659925712));
#5926 = CARTESIAN_POINT('',(37.2,7.78237200943,29.574120924474));
#5927 = CARTESIAN_POINT('',(37.2,8.070908947111,29.862657862154));
#5928 = ORIENTED_EDGE('',*,*,#5889,.F.);
#5929 = ORIENTED_EDGE('',*,*,#1635,.F.);
#5930 = SURFACE_OF_LINEAR_EXTRUSION('',#5931,#5935);
#5931 = B_SPLINE_CURVE_WITH_KNOTS('',2,(#5932,#5933,#5934),
  .UNSPECIFIED.,.F.,.F.,(3,3),(0.,1.),.PIECEWISE_BEZIER_KNOTS.);
#5932 = CARTESIAN_POINT('',(37.5,7.78237200943,29.052659925712));
#5933 = CARTESIAN_POINT('',(37.5,7.78237200943,29.574120924474));
#5934 = CARTESIAN_POINT('',(37.5,8.070908947111,29.862657862154));
#5935 = VECTOR('',#5936,1.);
#5936 = DIRECTION('',(1.,-2.2E-16,-2.2E-16));
#5937 = ADVANCED_FACE('',(#5938),#5956,.T.);
#5938 = FACE_BOUND('',#5939,.T.);
#5939 = EDGE_LOOP('',(#5940,#5948,#5954,#5955));
#5940 = ORIENTED_EDGE('',*,*,#5941,.T.);
#5941 = EDGE_CURVE('',#1620,#5942,#5944,.T.);
#5942 = VERTEX_POINT('',#5943);
#5943 = CARTESIAN_POINT('',(37.2,7.78237200943,27.854816343376));
#5944 = LINE('',#5945,#5946);
#5945 = CARTESIAN_POINT('',(37.5,7.78237200943,27.854816343376));
#5946 = VECTOR('',#5947,1.);
#5947 = DIRECTION('',(-1.,2.2E-16,2.2E-16));
#5948 = ORIENTED_EDGE('',*,*,#5949,.T.);
#5949 = EDGE_CURVE('',#5942,#5916,#5950,.T.);
#5950 = LINE('',#5951,#5952);
#5951 = CARTESIAN_POINT('',(37.2,7.78237200943,27.854816343376));
#5952 = VECTOR('',#5953,1.);
#5953 = DIRECTION('',(0.,0.,1.));
#5954 = ORIENTED_EDGE('',*,*,#5915,.F.);
#5955 = ORIENTED_EDGE('',*,*,#1627,.F.);
#5956 = PLANE('',#5957);
#5957 = AXIS2_PLACEMENT_3D('',#5958,#5959,#5960);
#5958 = CARTESIAN_POINT('',(37.5,7.78237200943,27.854816343376));
#5959 = DIRECTION('',(2.2E-16,1.,-4.4E-16));
#5960 = DIRECTION('',(2.2E-16,4.4E-16,1.));
#5961 = ADVANCED_FACE('',(#5962),#5980,.T.);
#5962 = FACE_BOUND('',#5963,.T.);
#5963 = EDGE_LOOP('',(#5964,#5972,#5978,#5979));
#5964 = ORIENTED_EDGE('',*,*,#5965,.T.);
#5965 = EDGE_CURVE('',#1612,#5966,#5968,.T.);
#5966 = VERTEX_POINT('',#5967);
#5967 = CARTESIAN_POINT('',(37.2,9.069051745295,27.854816343376));
#5968 = LINE('',#5969,#5970);
#5969 = CARTESIAN_POINT('',(37.5,9.069051745295,27.854816343376));
#5970 = VECTOR('',#5971,1.);
#5971 = DIRECTION('',(-1.,2.2E-16,2.2E-16));
#5972 = ORIENTED_EDGE('',*,*,#5973,.T.);
#5973 = EDGE_CURVE('',#5966,#5942,#5974,.T.);
#5974 = LINE('',#5975,#5976);
#5975 = CARTESIAN_POINT('',(37.2,9.069051745295,27.854816343376));
#5976 = VECTOR('',#5977,1.);
#5977 = DIRECTION('',(0.,-1.,0.));
#5978 = ORIENTED_EDGE('',*,*,#5941,.F.);
#5979 = ORIENTED_EDGE('',*,*,#1619,.F.);
#5980 = PLANE('',#5981);
#5981 = AXIS2_PLACEMENT_3D('',#5982,#5983,#5984);
#5982 = CARTESIAN_POINT('',(37.5,9.069051745295,27.854816343376));
#5983 = DIRECTION('',(2.2E-16,4.4E-16,1.));
#5984 = DIRECTION('',(-2.2E-16,-1.,4.4E-16));
#5985 = ADVANCED_FACE('',(#5986),#6004,.T.);
#5986 = FACE_BOUND('',#5987,.T.);
#5987 = EDGE_LOOP('',(#5988,#5996,#6002,#6003));
#5988 = ORIENTED_EDGE('',*,*,#5989,.T.);
#5989 = EDGE_CURVE('',#1604,#5990,#5992,.T.);
#5990 = VERTEX_POINT('',#5991);
#5991 = CARTESIAN_POINT('',(37.2,9.069051745295,28.919766817994));
#5992 = LINE('',#5993,#5994);
#5993 = CARTESIAN_POINT('',(37.5,9.069051745295,28.919766817994));
#5994 = VECTOR('',#5995,1.);
#5995 = DIRECTION('',(-1.,2.2E-16,2.2E-16));
#5996 = ORIENTED_EDGE('',*,*,#5997,.T.);
#5997 = EDGE_CURVE('',#5990,#5966,#5998,.T.);
#5998 = LINE('',#5999,#6000);
#5999 = CARTESIAN_POINT('',(37.2,9.069051745295,28.919766817994));
#6000 = VECTOR('',#6001,1.);
#6001 = DIRECTION('',(0.,0.,-1.));
#6002 = ORIENTED_EDGE('',*,*,#5965,.F.);
#6003 = ORIENTED_EDGE('',*,*,#1611,.F.);
#6004 = PLANE('',#6005);
#6005 = AXIS2_PLACEMENT_3D('',#6006,#6007,#6008);
#6006 = CARTESIAN_POINT('',(37.5,9.069051745295,28.919766817994));
#6007 = DIRECTION('',(-2.2E-16,-1.,4.4E-16));
#6008 = DIRECTION('',(-2.2E-16,-4.4E-16,-1.));
#6009 = ADVANCED_FACE('',(#6010),#6028,.T.);
#6010 = FACE_BOUND('',#6011,.T.);
#6011 = EDGE_LOOP('',(#6012,#6020,#6026,#6027));
#6012 = ORIENTED_EDGE('',*,*,#6013,.T.);
#6013 = EDGE_CURVE('',#1596,#6014,#6016,.T.);
#6014 = VERTEX_POINT('',#6015);
#6015 = CARTESIAN_POINT('',(37.2,9.130081460524,29.152690879076));
#6016 = LINE('',#6017,#6018);
#6017 = CARTESIAN_POINT('',(37.5,9.130081460524,29.152690879076));
#6018 = VECTOR('',#6019,1.);
#6019 = DIRECTION('',(-1.,2.2E-16,2.2E-16));
#6020 = ORIENTED_EDGE('',*,*,#6021,.T.);
#6021 = EDGE_CURVE('',#6014,#5990,#6022,.T.);
#6022 = B_SPLINE_CURVE_WITH_KNOTS('',2,(#6023,#6024,#6025),
  .UNSPECIFIED.,.F.,.F.,(3,3),(0.,1.),.PIECEWISE_BEZIER_KNOTS.);
#6023 = CARTESIAN_POINT('',(37.2,9.130081460524,29.152690879076));
#6024 = CARTESIAN_POINT('',(37.2,9.069051745295,29.086244325217));
#6025 = CARTESIAN_POINT('',(37.2,9.069051745295,28.919766817994));
#6026 = ORIENTED_EDGE('',*,*,#5989,.F.);
#6027 = ORIENTED_EDGE('',*,*,#1603,.F.);
#6028 = SURFACE_OF_LINEAR_EXTRUSION('',#6029,#6033);
#6029 = B_SPLINE_CURVE_WITH_KNOTS('',2,(#6030,#6031,#6032),
  .UNSPECIFIED.,.F.,.F.,(3,3),(0.,1.),.PIECEWISE_BEZIER_KNOTS.);
#6030 = CARTESIAN_POINT('',(37.5,9.130081460524,29.152690879076));
#6031 = CARTESIAN_POINT('',(37.5,9.069051745295,29.086244325217));
#6032 = CARTESIAN_POINT('',(37.5,9.069051745295,28.919766817994));
#6033 = VECTOR('',#6034,1.);
#6034 = DIRECTION('',(1.,-2.2E-16,-2.2E-16));
#6035 = ADVANCED_FACE('',(#6036),#6047,.T.);
#6036 = FACE_BOUND('',#6037,.T.);
#6037 = EDGE_LOOP('',(#6038,#6039,#6045,#6046));
#6038 = ORIENTED_EDGE('',*,*,#5363,.T.);
#6039 = ORIENTED_EDGE('',*,*,#6040,.T.);
#6040 = EDGE_CURVE('',#5364,#6014,#6041,.T.);
#6041 = B_SPLINE_CURVE_WITH_KNOTS('',2,(#6042,#6043,#6044),
  .UNSPECIFIED.,.F.,.F.,(3,3),(0.,1.),.PIECEWISE_BEZIER_KNOTS.);
#6042 = CARTESIAN_POINT('',(37.2,9.379978282645,29.219137432934));
#6043 = CARTESIAN_POINT('',(37.2,9.191111175753,29.219137432934));
#6044 = CARTESIAN_POINT('',(37.2,9.130081460524,29.152690879076));
#6045 = ORIENTED_EDGE('',*,*,#6013,.F.);
#6046 = ORIENTED_EDGE('',*,*,#1595,.F.);
#6047 = SURFACE_OF_LINEAR_EXTRUSION('',#6048,#6052);
#6048 = B_SPLINE_CURVE_WITH_KNOTS('',2,(#6049,#6050,#6051),
  .UNSPECIFIED.,.F.,.F.,(3,3),(0.,1.),.PIECEWISE_BEZIER_KNOTS.);
#6049 = CARTESIAN_POINT('',(37.5,9.379978282645,29.219137432934));
#6050 = CARTESIAN_POINT('',(37.5,9.191111175753,29.219137432934));
#6051 = CARTESIAN_POINT('',(37.5,9.130081460524,29.152690879076));
#6052 = VECTOR('',#6053,1.);
#6053 = DIRECTION('',(1.,-2.2E-16,-2.2E-16));
#6054 = ADVANCED_FACE('',(#6055),#6080,.T.);
#6055 = FACE_BOUND('',#6056,.T.);
#6056 = EDGE_LOOP('',(#6057,#6065,#6073,#6079));
#6057 = ORIENTED_EDGE('',*,*,#6058,.T.);
#6058 = EDGE_CURVE('',#1812,#6059,#6061,.T.);
#6059 = VERTEX_POINT('',#6060);
#6060 = CARTESIAN_POINT('',(37.2,6.590481999587E-02,28.620035080479));
#6061 = LINE('',#6062,#6063);
#6062 = CARTESIAN_POINT('',(37.5,6.590481999587E-02,28.620035080479));
#6063 = VECTOR('',#6064,1.);
#6064 = DIRECTION('',(-1.,2.2E-16,2.2E-16));
#6065 = ORIENTED_EDGE('',*,*,#6066,.T.);
#6066 = EDGE_CURVE('',#6059,#6067,#6069,.T.);
#6067 = VERTEX_POINT('',#6068);
#6068 = CARTESIAN_POINT('',(37.2,0.997601064321,25.236677672307));
#6069 = LINE('',#6070,#6071);
#6070 = CARTESIAN_POINT('',(37.2,6.590481999587E-02,28.620035080479));
#6071 = VECTOR('',#6072,1.);
#6072 = DIRECTION('',(0.,0.265493701888,-0.964112594181));
#6073 = ORIENTED_EDGE('',*,*,#6074,.F.);
#6074 = EDGE_CURVE('',#1814,#6067,#6075,.T.);
#6075 = LINE('',#6076,#6077);
#6076 = CARTESIAN_POINT('',(37.5,0.997601064321,25.236677672307));
#6077 = VECTOR('',#6078,1.);
#6078 = DIRECTION('',(-1.,2.2E-16,2.2E-16));
#6079 = ORIENTED_EDGE('',*,*,#1811,.F.);
#6080 = PLANE('',#6081);
#6081 = AXIS2_PLACEMENT_3D('',#6082,#6083,#6084);
#6082 = CARTESIAN_POINT('',(37.5,6.590481999587E-02,28.620035080479));
#6083 = DIRECTION('',(-2.7E-16,-0.964112594181,-0.265493701888));
#6084 = DIRECTION('',(-1.6E-16,0.265493701888,-0.964112594181));
#6085 = ADVANCED_FACE('',(#6086),#6104,.T.);
#6086 = FACE_BOUND('',#6087,.T.);
#6087 = EDGE_LOOP('',(#6088,#6096,#6102,#6103));
#6088 = ORIENTED_EDGE('',*,*,#6089,.T.);
#6089 = EDGE_CURVE('',#1902,#6090,#6092,.T.);
#6090 = VERTEX_POINT('',#6091);
#6091 = CARTESIAN_POINT('',(37.2,-0.965822377693,28.620035080479));
#6092 = LINE('',#6093,#6094);
#6093 = CARTESIAN_POINT('',(37.5,-0.965822377693,28.620035080479));
#6094 = VECTOR('',#6095,1.);
#6095 = DIRECTION('',(-1.,2.2E-16,2.2E-16));
#6096 = ORIENTED_EDGE('',*,*,#6097,.T.);
#6097 = EDGE_CURVE('',#6090,#6059,#6098,.T.);
#6098 = LINE('',#6099,#6100);
#6099 = CARTESIAN_POINT('',(37.2,-0.965822377693,28.620035080479));
#6100 = VECTOR('',#6101,1.);
#6101 = DIRECTION('',(0.,1.,-0.));
#6102 = ORIENTED_EDGE('',*,*,#6058,.F.);
#6103 = ORIENTED_EDGE('',*,*,#1909,.F.);
#6104 = PLANE('',#6105);
#6105 = AXIS2_PLACEMENT_3D('',#6106,#6107,#6108);
#6106 = CARTESIAN_POINT('',(37.5,-0.965822377693,28.620035080479));
#6107 = DIRECTION('',(-2.2E-16,-4.4E-16,-1.));
#6108 = DIRECTION('',(2.2E-16,1.,-4.4E-16));
#6109 = ADVANCED_FACE('',(#6110),#6128,.T.);
#6110 = FACE_BOUND('',#6111,.T.);
#6111 = EDGE_LOOP('',(#6112,#6120,#6126,#6127));
#6112 = ORIENTED_EDGE('',*,*,#6113,.T.);
#6113 = EDGE_CURVE('',#1894,#6114,#6116,.T.);
#6114 = VERTEX_POINT('',#6115);
#6115 = CARTESIAN_POINT('',(37.2,-1.897879744593,25.225482872472));
#6116 = LINE('',#6117,#6118);
#6117 = CARTESIAN_POINT('',(37.5,-1.897879744593,25.225482872472));
#6118 = VECTOR('',#6119,1.);
#6119 = DIRECTION('',(-1.,2.2E-16,2.2E-16));
#6120 = ORIENTED_EDGE('',*,*,#6121,.T.);
#6121 = EDGE_CURVE('',#6114,#6090,#6122,.T.);
#6122 = LINE('',#6123,#6124);
#6123 = CARTESIAN_POINT('',(37.2,-1.897879744593,25.225482872472));
#6124 = VECTOR('',#6125,1.);
#6125 = DIRECTION('',(-0.,0.264774967993,0.964310228259));
#6126 = ORIENTED_EDGE('',*,*,#6089,.F.);
#6127 = ORIENTED_EDGE('',*,*,#1901,.F.);
#6128 = PLANE('',#6129);
#6129 = AXIS2_PLACEMENT_3D('',#6130,#6131,#6132);
#6130 = CARTESIAN_POINT('',(37.5,-1.897879744593,25.225482872472));
#6131 = DIRECTION('',(1.6E-16,0.964310228259,-0.264774967993));
#6132 = DIRECTION('',(2.7E-16,0.264774967993,0.964310228259));
#6133 = ADVANCED_FACE('',(#6134),#6152,.T.);
#6134 = FACE_BOUND('',#6135,.T.);
#6135 = EDGE_LOOP('',(#6136,#6144,#6150,#6151));
#6136 = ORIENTED_EDGE('',*,*,#6137,.T.);
#6137 = EDGE_CURVE('',#1886,#6138,#6140,.T.);
#6138 = VERTEX_POINT('',#6139);
#6139 = CARTESIAN_POINT('',(37.2,-1.897879744593,30.14));
#6140 = LINE('',#6141,#6142);
#6141 = CARTESIAN_POINT('',(37.5,-1.897879744593,30.14));
#6142 = VECTOR('',#6143,1.);
#6143 = DIRECTION('',(-1.,2.2E-16,2.2E-16));
#6144 = ORIENTED_EDGE('',*,*,#6145,.T.);
#6145 = EDGE_CURVE('',#6138,#6114,#6146,.T.);
#6146 = LINE('',#6147,#6148);
#6147 = CARTESIAN_POINT('',(37.2,-1.897879744593,30.14));
#6148 = VECTOR('',#6149,1.);
#6149 = DIRECTION('',(0.,0.,-1.));
#6150 = ORIENTED_EDGE('',*,*,#6113,.F.);
#6151 = ORIENTED_EDGE('',*,*,#1893,.F.);
#6152 = PLANE('',#6153);
#6153 = AXIS2_PLACEMENT_3D('',#6154,#6155,#6156);
#6154 = CARTESIAN_POINT('',(37.5,-1.897879744593,30.14));
#6155 = DIRECTION('',(-2.2E-16,-1.,4.4E-16));
#6156 = DIRECTION('',(-2.2E-16,-4.4E-16,-1.));
#6157 = ADVANCED_FACE('',(#6158),#6176,.T.);
#6158 = FACE_BOUND('',#6159,.T.);
#6159 = EDGE_LOOP('',(#6160,#6168,#6174,#6175));
#6160 = ORIENTED_EDGE('',*,*,#6161,.T.);
#6161 = EDGE_CURVE('',#1878,#6162,#6164,.T.);
#6162 = VERTEX_POINT('',#6163);
#6163 = CARTESIAN_POINT('',(37.2,-3.018443095811,30.14));
#6164 = LINE('',#6165,#6166);
#6165 = CARTESIAN_POINT('',(37.5,-3.018443095811,30.14));
#6166 = VECTOR('',#6167,1.);
#6167 = DIRECTION('',(-1.,2.2E-16,2.2E-16));
#6168 = ORIENTED_EDGE('',*,*,#6169,.T.);
#6169 = EDGE_CURVE('',#6162,#6138,#6170,.T.);
#6170 = LINE('',#6171,#6172);
#6171 = CARTESIAN_POINT('',(37.2,-3.018443095811,30.14));
#6172 = VECTOR('',#6173,1.);
#6173 = DIRECTION('',(0.,1.,-0.));
#6174 = ORIENTED_EDGE('',*,*,#6137,.F.);
#6175 = ORIENTED_EDGE('',*,*,#1885,.F.);
#6176 = PLANE('',#6177);
#6177 = AXIS2_PLACEMENT_3D('',#6178,#6179,#6180);
#6178 = CARTESIAN_POINT('',(37.5,-3.018443095811,30.14));
#6179 = DIRECTION('',(-2.2E-16,-4.4E-16,-1.));
#6180 = DIRECTION('',(2.2E-16,1.,-4.4E-16));
#6181 = ADVANCED_FACE('',(#6182),#6200,.T.);
#6182 = FACE_BOUND('',#6183,.T.);
#6183 = EDGE_LOOP('',(#6184,#6192,#6198,#6199));
#6184 = ORIENTED_EDGE('',*,*,#6185,.T.);
#6185 = EDGE_CURVE('',#1870,#6186,#6188,.T.);
#6186 = VERTEX_POINT('',#6187);
#6187 = CARTESIAN_POINT('',(37.2,-3.018443095811,23.14));
#6188 = LINE('',#6189,#6190);
#6189 = CARTESIAN_POINT('',(37.5,-3.018443095811,23.14));
#6190 = VECTOR('',#6191,1.);
#6191 = DIRECTION('',(-1.,2.2E-16,2.2E-16));
#6192 = ORIENTED_EDGE('',*,*,#6193,.T.);
#6193 = EDGE_CURVE('',#6186,#6162,#6194,.T.);
#6194 = LINE('',#6195,#6196);
#6195 = CARTESIAN_POINT('',(37.2,-3.018443095811,23.14));
#6196 = VECTOR('',#6197,1.);
#6197 = DIRECTION('',(0.,0.,1.));
#6198 = ORIENTED_EDGE('',*,*,#6161,.F.);
#6199 = ORIENTED_EDGE('',*,*,#1877,.F.);
#6200 = PLANE('',#6201);
#6201 = AXIS2_PLACEMENT_3D('',#6202,#6203,#6204);
#6202 = CARTESIAN_POINT('',(37.5,-3.018443095811,23.14));
#6203 = DIRECTION('',(2.2E-16,1.,-4.4E-16));
#6204 = DIRECTION('',(2.2E-16,4.4E-16,1.));
#6205 = ADVANCED_FACE('',(#6206),#6224,.T.);
#6206 = FACE_BOUND('',#6207,.T.);
#6207 = EDGE_LOOP('',(#6208,#6216,#6222,#6223));
#6208 = ORIENTED_EDGE('',*,*,#6209,.T.);
#6209 = EDGE_CURVE('',#1862,#6210,#6212,.T.);
#6210 = VERTEX_POINT('',#6211);
#6211 = CARTESIAN_POINT('',(37.2,-1.620537606748,23.14));
#6212 = LINE('',#6213,#6214);
#6213 = CARTESIAN_POINT('',(37.5,-1.620537606748,23.14));
#6214 = VECTOR('',#6215,1.);
#6215 = DIRECTION('',(-1.,2.2E-16,2.2E-16));
#6216 = ORIENTED_EDGE('',*,*,#6217,.T.);
#6217 = EDGE_CURVE('',#6210,#6186,#6218,.T.);
#6218 = LINE('',#6219,#6220);
#6219 = CARTESIAN_POINT('',(37.2,-1.620537606748,23.14));
#6220 = VECTOR('',#6221,1.);
#6221 = DIRECTION('',(0.,-1.,0.));
#6222 = ORIENTED_EDGE('',*,*,#6185,.F.);
#6223 = ORIENTED_EDGE('',*,*,#1869,.F.);
#6224 = PLANE('',#6225);
#6225 = AXIS2_PLACEMENT_3D('',#6226,#6227,#6228);
#6226 = CARTESIAN_POINT('',(37.5,-1.620537606748,23.14));
#6227 = DIRECTION('',(2.2E-16,4.4E-16,1.));
#6228 = DIRECTION('',(-2.2E-16,-1.,4.4E-16));
#6229 = ADVANCED_FACE('',(#6230),#6248,.T.);
#6230 = FACE_BOUND('',#6231,.T.);
#6231 = EDGE_LOOP('',(#6232,#6240,#6246,#6247));
#6232 = ORIENTED_EDGE('',*,*,#6233,.T.);
#6233 = EDGE_CURVE('',#1854,#6234,#6236,.T.);
#6234 = VERTEX_POINT('',#6235);
#6235 = CARTESIAN_POINT('',(37.2,-0.444722501506,27.300132067685));
#6236 = LINE('',#6237,#6238);
#6237 = CARTESIAN_POINT('',(37.5,-0.444722501506,27.300132067685));
#6238 = VECTOR('',#6239,1.);
#6239 = DIRECTION('',(-1.,2.2E-16,2.2E-16));
#6240 = ORIENTED_EDGE('',*,*,#6241,.T.);
#6241 = EDGE_CURVE('',#6234,#6210,#6242,.T.);
#6242 = LINE('',#6243,#6244);
#6243 = CARTESIAN_POINT('',(37.2,-0.444722501506,27.300132067685));
#6244 = VECTOR('',#6245,1.);
#6245 = DIRECTION('',(0.,-0.2719839112,-0.962301798839));
#6246 = ORIENTED_EDGE('',*,*,#6209,.F.);
#6247 = ORIENTED_EDGE('',*,*,#1861,.F.);
#6248 = PLANE('',#6249);
#6249 = AXIS2_PLACEMENT_3D('',#6250,#6251,#6252);
#6250 = CARTESIAN_POINT('',(37.5,-0.444722501506,27.300132067685));
#6251 = DIRECTION('',(-1.5E-16,-0.962301798839,0.2719839112));
#6252 = DIRECTION('',(-2.7E-16,-0.2719839112,-0.962301798839));
#6253 = ADVANCED_FACE('',(#6254),#6272,.T.);
#6254 = FACE_BOUND('',#6255,.T.);
#6255 = EDGE_LOOP('',(#6256,#6264,#6270,#6271));
#6256 = ORIENTED_EDGE('',*,*,#6257,.T.);
#6257 = EDGE_CURVE('',#1846,#6258,#6260,.T.);
#6258 = VERTEX_POINT('',#6259);
#6259 = CARTESIAN_POINT('',(37.2,0.73145372631,23.14));
#6260 = LINE('',#6261,#6262);
#6261 = CARTESIAN_POINT('',(37.5,0.73145372631,23.14));
#6262 = VECTOR('',#6263,1.);
#6263 = DIRECTION('',(-1.,2.2E-16,2.2E-16));
#6264 = ORIENTED_EDGE('',*,*,#6265,.T.);
#6265 = EDGE_CURVE('',#6258,#6234,#6266,.T.);
#6266 = LINE('',#6267,#6268);
#6267 = CARTESIAN_POINT('',(37.2,0.73145372631,23.14));
#6268 = VECTOR('',#6269,1.);
#6269 = DIRECTION('',(0.,-0.272061262321,0.962279933047));
#6270 = ORIENTED_EDGE('',*,*,#6233,.F.);
#6271 = ORIENTED_EDGE('',*,*,#1853,.F.);
#6272 = PLANE('',#6273);
#6273 = AXIS2_PLACEMENT_3D('',#6274,#6275,#6276);
#6274 = CARTESIAN_POINT('',(37.5,0.73145372631,23.14));
#6275 = DIRECTION('',(2.7E-16,0.962279933047,0.272061262321));
#6276 = DIRECTION('',(1.5E-16,-0.272061262321,0.962279933047));
#6277 = ADVANCED_FACE('',(#6278),#6296,.T.);
#6278 = FACE_BOUND('',#6279,.T.);
#6279 = EDGE_LOOP('',(#6280,#6288,#6294,#6295));
#6280 = ORIENTED_EDGE('',*,*,#6281,.T.);
#6281 = EDGE_CURVE('',#1838,#6282,#6284,.T.);
#6282 = VERTEX_POINT('',#6283);
#6283 = CARTESIAN_POINT('',(37.2,2.128998092798,23.14));
#6284 = LINE('',#6285,#6286);
#6285 = CARTESIAN_POINT('',(37.5,2.128998092798,23.14));
#6286 = VECTOR('',#6287,1.);
#6287 = DIRECTION('',(-1.,2.2E-16,2.2E-16));
#6288 = ORIENTED_EDGE('',*,*,#6289,.T.);
#6289 = EDGE_CURVE('',#6282,#6258,#6290,.T.);
#6290 = LINE('',#6291,#6292);
#6291 = CARTESIAN_POINT('',(37.2,2.128998092798,23.14));
#6292 = VECTOR('',#6293,1.);
#6293 = DIRECTION('',(0.,-1.,0.));
#6294 = ORIENTED_EDGE('',*,*,#6257,.F.);
#6295 = ORIENTED_EDGE('',*,*,#1845,.F.);
#6296 = PLANE('',#6297);
#6297 = AXIS2_PLACEMENT_3D('',#6298,#6299,#6300);
#6298 = CARTESIAN_POINT('',(37.5,2.128998092798,23.14));
#6299 = DIRECTION('',(2.2E-16,4.4E-16,1.));
#6300 = DIRECTION('',(-2.2E-16,-1.,4.4E-16));
#6301 = ADVANCED_FACE('',(#6302),#6320,.T.);
#6302 = FACE_BOUND('',#6303,.T.);
#6303 = EDGE_LOOP('',(#6304,#6312,#6318,#6319));
#6304 = ORIENTED_EDGE('',*,*,#6305,.T.);
#6305 = EDGE_CURVE('',#1830,#6306,#6308,.T.);
#6306 = VERTEX_POINT('',#6307);
#6307 = CARTESIAN_POINT('',(37.2,2.128998092798,30.14));
#6308 = LINE('',#6309,#6310);
#6309 = CARTESIAN_POINT('',(37.5,2.128998092798,30.14));
#6310 = VECTOR('',#6311,1.);
#6311 = DIRECTION('',(-1.,2.2E-16,2.2E-16));
#6312 = ORIENTED_EDGE('',*,*,#6313,.T.);
#6313 = EDGE_CURVE('',#6306,#6282,#6314,.T.);
#6314 = LINE('',#6315,#6316);
#6315 = CARTESIAN_POINT('',(37.2,2.128998092798,30.14));
#6316 = VECTOR('',#6317,1.);
#6317 = DIRECTION('',(0.,0.,-1.));
#6318 = ORIENTED_EDGE('',*,*,#6281,.F.);
#6319 = ORIENTED_EDGE('',*,*,#1837,.F.);
#6320 = PLANE('',#6321);
#6321 = AXIS2_PLACEMENT_3D('',#6322,#6323,#6324);
#6322 = CARTESIAN_POINT('',(37.5,2.128998092798,30.14));
#6323 = DIRECTION('',(-2.2E-16,-1.,4.4E-16));
#6324 = DIRECTION('',(-2.2E-16,-4.4E-16,-1.));
#6325 = ADVANCED_FACE('',(#6326),#6344,.T.);
#6326 = FACE_BOUND('',#6327,.T.);
#6327 = EDGE_LOOP('',(#6328,#6336,#6342,#6343));
#6328 = ORIENTED_EDGE('',*,*,#6329,.T.);
#6329 = EDGE_CURVE('',#1822,#6330,#6332,.T.);
#6330 = VERTEX_POINT('',#6331);
#6331 = CARTESIAN_POINT('',(37.2,0.997601064321,30.14));
#6332 = LINE('',#6333,#6334);
#6333 = CARTESIAN_POINT('',(37.5,0.997601064321,30.14));
#6334 = VECTOR('',#6335,1.);
#6335 = DIRECTION('',(-1.,2.2E-16,2.2E-16));
#6336 = ORIENTED_EDGE('',*,*,#6337,.T.);
#6337 = EDGE_CURVE('',#6330,#6306,#6338,.T.);
#6338 = LINE('',#6339,#6340);
#6339 = CARTESIAN_POINT('',(37.2,0.997601064321,30.14));
#6340 = VECTOR('',#6341,1.);
#6341 = DIRECTION('',(0.,1.,-0.));
#6342 = ORIENTED_EDGE('',*,*,#6305,.F.);
#6343 = ORIENTED_EDGE('',*,*,#1829,.F.);
#6344 = PLANE('',#6345);
#6345 = AXIS2_PLACEMENT_3D('',#6346,#6347,#6348);
#6346 = CARTESIAN_POINT('',(37.5,0.997601064321,30.14));
#6347 = DIRECTION('',(-2.2E-16,-4.4E-16,-1.));
#6348 = DIRECTION('',(2.2E-16,1.,-4.4E-16));
#6349 = ADVANCED_FACE('',(#6350),#6361,.T.);
#6350 = FACE_BOUND('',#6351,.T.);
#6351 = EDGE_LOOP('',(#6352,#6353,#6359,#6360));
#6352 = ORIENTED_EDGE('',*,*,#6074,.T.);
#6353 = ORIENTED_EDGE('',*,*,#6354,.T.);
#6354 = EDGE_CURVE('',#6067,#6330,#6355,.T.);
#6355 = LINE('',#6356,#6357);
#6356 = CARTESIAN_POINT('',(37.2,0.997601064321,25.236677672307));
#6357 = VECTOR('',#6358,1.);
#6358 = DIRECTION('',(0.,0.,1.));
#6359 = ORIENTED_EDGE('',*,*,#6329,.F.);
#6360 = ORIENTED_EDGE('',*,*,#1821,.F.);
#6361 = PLANE('',#6362);
#6362 = AXIS2_PLACEMENT_3D('',#6363,#6364,#6365);
#6363 = CARTESIAN_POINT('',(37.5,0.997601064321,25.236677672307));
#6364 = DIRECTION('',(2.2E-16,1.,-4.4E-16));
#6365 = DIRECTION('',(2.2E-16,4.4E-16,1.));
#6366 = ADVANCED_FACE('',(#6367),#6392,.F.);
#6367 = FACE_BOUND('',#6368,.F.);
#6368 = EDGE_LOOP('',(#6369,#6377,#6378,#6386));
#6369 = ORIENTED_EDGE('',*,*,#6370,.F.);
#6370 = EDGE_CURVE('',#1918,#6371,#6373,.T.);
#6371 = VERTEX_POINT('',#6372);
#6372 = CARTESIAN_POINT('',(37.2,-4.088088163908,23.14));
#6373 = LINE('',#6374,#6375);
#6374 = CARTESIAN_POINT('',(37.5,-4.088088163908,23.14));
#6375 = VECTOR('',#6376,1.);
#6376 = DIRECTION('',(-1.,2.2E-16,2.2E-16));
#6377 = ORIENTED_EDGE('',*,*,#1917,.T.);
#6378 = ORIENTED_EDGE('',*,*,#6379,.T.);
#6379 = EDGE_CURVE('',#1920,#6380,#6382,.T.);
#6380 = VERTEX_POINT('',#6381);
#6381 = CARTESIAN_POINT('',(37.2,-7.416193818056,23.14));
#6382 = LINE('',#6383,#6384);
#6383 = CARTESIAN_POINT('',(37.5,-7.416193818056,23.14));
#6384 = VECTOR('',#6385,1.);
#6385 = DIRECTION('',(-1.,2.2E-16,2.2E-16));
#6386 = ORIENTED_EDGE('',*,*,#6387,.F.);
#6387 = EDGE_CURVE('',#6371,#6380,#6388,.T.);
#6388 = LINE('',#6389,#6390);
#6389 = CARTESIAN_POINT('',(37.2,-4.088088163908,23.14));
#6390 = VECTOR('',#6391,1.);
#6391 = DIRECTION('',(-2.2E-16,-1.,4.4E-16));
#6392 = PLANE('',#6393);
#6393 = AXIS2_PLACEMENT_3D('',#6394,#6395,#6396);
#6394 = CARTESIAN_POINT('',(37.35,-5.752140990982,23.14));
#6395 = DIRECTION('',(-0.,-0.,-1.));
#6396 = DIRECTION('',(-1.,0.,0.));
#6397 = ADVANCED_FACE('',(#6398),#6416,.T.);
#6398 = FACE_BOUND('',#6399,.T.);
#6399 = EDGE_LOOP('',(#6400,#6408,#6414,#6415));
#6400 = ORIENTED_EDGE('',*,*,#6401,.T.);
#6401 = EDGE_CURVE('',#2000,#6402,#6404,.T.);
#6402 = VERTEX_POINT('',#6403);
#6403 = CARTESIAN_POINT('',(37.2,-4.088088163908,30.14));
#6404 = LINE('',#6405,#6406);
#6405 = CARTESIAN_POINT('',(37.5,-4.088088163908,30.14));
#6406 = VECTOR('',#6407,1.);
#6407 = DIRECTION('',(-1.,2.2E-16,2.2E-16));
#6408 = ORIENTED_EDGE('',*,*,#6409,.T.);
#6409 = EDGE_CURVE('',#6402,#6371,#6410,.T.);
#6410 = LINE('',#6411,#6412);
#6411 = CARTESIAN_POINT('',(37.2,-4.088088163908,30.14));
#6412 = VECTOR('',#6413,1.);
#6413 = DIRECTION('',(0.,0.,-1.));
#6414 = ORIENTED_EDGE('',*,*,#6370,.F.);
#6415 = ORIENTED_EDGE('',*,*,#2007,.F.);
#6416 = PLANE('',#6417);
#6417 = AXIS2_PLACEMENT_3D('',#6418,#6419,#6420);
#6418 = CARTESIAN_POINT('',(37.5,-4.088088163908,30.14));
#6419 = DIRECTION('',(-2.2E-16,-1.,4.4E-16));
#6420 = DIRECTION('',(-2.2E-16,-4.4E-16,-1.));
#6421 = ADVANCED_FACE('',(#6422),#6440,.F.);
#6422 = FACE_BOUND('',#6423,.F.);
#6423 = EDGE_LOOP('',(#6424,#6432,#6433,#6434));
#6424 = ORIENTED_EDGE('',*,*,#6425,.F.);
#6425 = EDGE_CURVE('',#1992,#6426,#6428,.T.);
#6426 = VERTEX_POINT('',#6427);
#6427 = CARTESIAN_POINT('',(37.2,-7.504668849009,30.14));
#6428 = LINE('',#6429,#6430);
#6429 = CARTESIAN_POINT('',(37.5,-7.504668849009,30.14));
#6430 = VECTOR('',#6431,1.);
#6431 = DIRECTION('',(-1.,2.2E-16,2.2E-16));
#6432 = ORIENTED_EDGE('',*,*,#1999,.T.);
#6433 = ORIENTED_EDGE('',*,*,#6401,.T.);
#6434 = ORIENTED_EDGE('',*,*,#6435,.F.);
#6435 = EDGE_CURVE('',#6426,#6402,#6436,.T.);
#6436 = LINE('',#6437,#6438);
#6437 = CARTESIAN_POINT('',(37.2,-7.504668849009,30.14));
#6438 = VECTOR('',#6439,1.);
#6439 = DIRECTION('',(2.2E-16,1.,-4.4E-16));
#6440 = PLANE('',#6441);
#6441 = AXIS2_PLACEMENT_3D('',#6442,#6443,#6444);
#6442 = CARTESIAN_POINT('',(37.35,-5.796378506459,30.14));
#6443 = DIRECTION('',(0.,0.,1.));
#6444 = DIRECTION('',(1.,0.,-0.));
#6445 = ADVANCED_FACE('',(#6446),#6464,.T.);
#6446 = FACE_BOUND('',#6447,.T.);
#6447 = EDGE_LOOP('',(#6448,#6456,#6462,#6463));
#6448 = ORIENTED_EDGE('',*,*,#6449,.T.);
#6449 = EDGE_CURVE('',#1984,#6450,#6452,.T.);
#6450 = VERTEX_POINT('',#6451);
#6451 = CARTESIAN_POINT('',(37.2,-7.504668849009,29.16388567891));
#6452 = LINE('',#6453,#6454);
#6453 = CARTESIAN_POINT('',(37.5,-7.504668849009,29.16388567891));
#6454 = VECTOR('',#6455,1.);
#6455 = DIRECTION('',(-1.,2.2E-16,2.2E-16));
#6456 = ORIENTED_EDGE('',*,*,#6457,.T.);
#6457 = EDGE_CURVE('',#6450,#6426,#6458,.T.);
#6458 = LINE('',#6459,#6460);
#6459 = CARTESIAN_POINT('',(37.2,-7.504668849009,29.16388567891));
#6460 = VECTOR('',#6461,1.);
#6461 = DIRECTION('',(0.,0.,1.));
#6462 = ORIENTED_EDGE('',*,*,#6425,.F.);
#6463 = ORIENTED_EDGE('',*,*,#1991,.F.);
#6464 = PLANE('',#6465);
#6465 = AXIS2_PLACEMENT_3D('',#6466,#6467,#6468);
#6466 = CARTESIAN_POINT('',(37.5,-7.504668849009,29.16388567891));
#6467 = DIRECTION('',(2.2E-16,1.,-4.4E-16));
#6468 = DIRECTION('',(2.2E-16,4.4E-16,1.));
#6469 = ADVANCED_FACE('',(#6470),#6488,.T.);
#6470 = FACE_BOUND('',#6471,.T.);
#6471 = EDGE_LOOP('',(#6472,#6480,#6486,#6487));
#6472 = ORIENTED_EDGE('',*,*,#6473,.T.);
#6473 = EDGE_CURVE('',#1976,#6474,#6476,.T.);
#6474 = VERTEX_POINT('',#6475);
#6475 = CARTESIAN_POINT('',(37.2,-5.374767899773,29.16388567891));
#6476 = LINE('',#6477,#6478);
#6477 = CARTESIAN_POINT('',(37.5,-5.374767899773,29.16388567891));
#6478 = VECTOR('',#6479,1.);
#6479 = DIRECTION('',(-1.,2.2E-16,2.2E-16));
#6480 = ORIENTED_EDGE('',*,*,#6481,.T.);
#6481 = EDGE_CURVE('',#6474,#6450,#6482,.T.);
#6482 = LINE('',#6483,#6484);
#6483 = CARTESIAN_POINT('',(37.2,-4.664800916694,29.16388567891));
#6484 = VECTOR('',#6485,1.);
#6485 = DIRECTION('',(0.,-1.,0.));
#6486 = ORIENTED_EDGE('',*,*,#6449,.F.);
#6487 = ORIENTED_EDGE('',*,*,#1983,.F.);
#6488 = PLANE('',#6489);
#6489 = AXIS2_PLACEMENT_3D('',#6490,#6491,#6492);
#6490 = CARTESIAN_POINT('',(37.5,-5.374767899773,29.16388567891));
#6491 = DIRECTION('',(2.2E-16,4.4E-16,1.));
#6492 = DIRECTION('',(-2.2E-16,-1.,4.4E-16));
#6493 = ADVANCED_FACE('',(#6494),#6512,.T.);
#6494 = FACE_BOUND('',#6495,.T.);
#6495 = EDGE_LOOP('',(#6496,#6504,#6510,#6511));
#6496 = ORIENTED_EDGE('',*,*,#6497,.T.);
#6497 = EDGE_CURVE('',#1968,#6498,#6500,.T.);
#6498 = VERTEX_POINT('',#6499);
#6499 = CARTESIAN_POINT('',(37.2,-5.374767899773,27.044818406934));
#6500 = LINE('',#6501,#6502);
#6501 = CARTESIAN_POINT('',(37.5,-5.374767899773,27.044818406934));
#6502 = VECTOR('',#6503,1.);
#6503 = DIRECTION('',(-1.,2.2E-16,2.2E-16));
#6504 = ORIENTED_EDGE('',*,*,#6505,.T.);
#6505 = EDGE_CURVE('',#6498,#6474,#6506,.T.);
#6506 = LINE('',#6507,#6508);
#6507 = CARTESIAN_POINT('',(37.2,-5.374767899773,23.14));
#6508 = VECTOR('',#6509,1.);
#6509 = DIRECTION('',(0.,0.,1.));
#6510 = ORIENTED_EDGE('',*,*,#6473,.F.);
#6511 = ORIENTED_EDGE('',*,*,#1975,.F.);
#6512 = PLANE('',#6513);
#6513 = AXIS2_PLACEMENT_3D('',#6514,#6515,#6516);
#6514 = CARTESIAN_POINT('',(37.5,-5.374767899773,27.044818406934));
#6515 = DIRECTION('',(2.2E-16,1.,-4.4E-16));
#6516 = DIRECTION('',(2.2E-16,4.4E-16,1.));
#6517 = ADVANCED_FACE('',(#6518),#6536,.T.);
#6518 = FACE_BOUND('',#6519,.T.);
#6519 = EDGE_LOOP('',(#6520,#6528,#6534,#6535));
#6520 = ORIENTED_EDGE('',*,*,#6521,.T.);
#6521 = EDGE_CURVE('',#1960,#6522,#6524,.T.);
#6522 = VERTEX_POINT('',#6523);
#6523 = CARTESIAN_POINT('',(37.2,-7.094433603446,27.044818406934));
#6524 = LINE('',#6525,#6526);
#6525 = CARTESIAN_POINT('',(37.5,-7.094433603446,27.044818406934));
#6526 = VECTOR('',#6527,1.);
#6527 = DIRECTION('',(-1.,2.2E-16,2.2E-16));
#6528 = ORIENTED_EDGE('',*,*,#6529,.T.);
#6529 = EDGE_CURVE('',#6522,#6498,#6530,.T.);
#6530 = LINE('',#6531,#6532);
#6531 = CARTESIAN_POINT('',(37.2,-7.094433603446,27.044818406934));
#6532 = VECTOR('',#6533,1.);
#6533 = DIRECTION('',(0.,1.,-0.));
#6534 = ORIENTED_EDGE('',*,*,#6497,.F.);
#6535 = ORIENTED_EDGE('',*,*,#1967,.F.);
#6536 = PLANE('',#6537);
#6537 = AXIS2_PLACEMENT_3D('',#6538,#6539,#6540);
#6538 = CARTESIAN_POINT('',(37.5,-7.094433603446,27.044818406934));
#6539 = DIRECTION('',(-2.2E-16,-4.4E-16,-1.));
#6540 = DIRECTION('',(2.2E-16,1.,-4.4E-16));
#6541 = ADVANCED_FACE('',(#6542),#6560,.T.);
#6542 = FACE_BOUND('',#6543,.T.);
#6543 = EDGE_LOOP('',(#6544,#6552,#6558,#6559));
#6544 = ORIENTED_EDGE('',*,*,#6545,.T.);
#6545 = EDGE_CURVE('',#1952,#6546,#6548,.T.);
#6546 = VERTEX_POINT('',#6547);
#6547 = CARTESIAN_POINT('',(37.2,-7.094433603446,26.057509286009));
#6548 = LINE('',#6549,#6550);
#6549 = CARTESIAN_POINT('',(37.5,-7.094433603446,26.057509286009));
#6550 = VECTOR('',#6551,1.);
#6551 = DIRECTION('',(-1.,2.2E-16,2.2E-16));
#6552 = ORIENTED_EDGE('',*,*,#6553,.T.);
#6553 = EDGE_CURVE('',#6546,#6522,#6554,.T.);
#6554 = LINE('',#6555,#6556);
#6555 = CARTESIAN_POINT('',(37.2,-7.094433603446,26.057509286009));
#6556 = VECTOR('',#6557,1.);
#6557 = DIRECTION('',(0.,0.,1.));
#6558 = ORIENTED_EDGE('',*,*,#6521,.F.);
#6559 = ORIENTED_EDGE('',*,*,#1959,.F.);
#6560 = PLANE('',#6561);
#6561 = AXIS2_PLACEMENT_3D('',#6562,#6563,#6564);
#6562 = CARTESIAN_POINT('',(37.5,-7.094433603446,26.057509286009));
#6563 = DIRECTION('',(2.2E-16,1.,-4.4E-16));
#6564 = DIRECTION('',(2.2E-16,4.4E-16,1.));
#6565 = ADVANCED_FACE('',(#6566),#6584,.T.);
#6566 = FACE_BOUND('',#6567,.T.);
#6567 = EDGE_LOOP('',(#6568,#6576,#6582,#6583));
#6568 = ORIENTED_EDGE('',*,*,#6569,.T.);
#6569 = EDGE_CURVE('',#1944,#6570,#6572,.T.);
#6570 = VERTEX_POINT('',#6571);
#6571 = CARTESIAN_POINT('',(37.2,-5.374767899773,26.057509286009));
#6572 = LINE('',#6573,#6574);
#6573 = CARTESIAN_POINT('',(37.5,-5.374767899773,26.057509286009));
#6574 = VECTOR('',#6575,1.);
#6575 = DIRECTION('',(-1.,2.2E-16,2.2E-16));
#6576 = ORIENTED_EDGE('',*,*,#6577,.T.);
#6577 = EDGE_CURVE('',#6570,#6546,#6578,.T.);
#6578 = LINE('',#6579,#6580);
#6579 = CARTESIAN_POINT('',(37.2,-4.731247470553,26.057509286009));
#6580 = VECTOR('',#6581,1.);
#6581 = DIRECTION('',(0.,-1.,0.));
#6582 = ORIENTED_EDGE('',*,*,#6545,.F.);
#6583 = ORIENTED_EDGE('',*,*,#1951,.F.);
#6584 = PLANE('',#6585);
#6585 = AXIS2_PLACEMENT_3D('',#6586,#6587,#6588);
#6586 = CARTESIAN_POINT('',(37.5,-5.374767899773,26.057509286009));
#6587 = DIRECTION('',(2.2E-16,4.4E-16,1.));
#6588 = DIRECTION('',(-2.2E-16,-1.,4.4E-16));
#6589 = ADVANCED_FACE('',(#6590),#6608,.T.);
#6590 = FACE_BOUND('',#6591,.T.);
#6591 = EDGE_LOOP('',(#6592,#6600,#6606,#6607));
#6592 = ORIENTED_EDGE('',*,*,#6593,.T.);
#6593 = EDGE_CURVE('',#1936,#6594,#6596,.T.);
#6594 = VERTEX_POINT('',#6595);
#6595 = CARTESIAN_POINT('',(37.2,-5.374767899773,24.11611432109));
#6596 = LINE('',#6597,#6598);
#6597 = CARTESIAN_POINT('',(37.5,-5.374767899773,24.11611432109));
#6598 = VECTOR('',#6599,1.);
#6599 = DIRECTION('',(-1.,2.2E-16,2.2E-16));
#6600 = ORIENTED_EDGE('',*,*,#6601,.T.);
#6601 = EDGE_CURVE('',#6594,#6570,#6602,.T.);
#6602 = LINE('',#6603,#6604);
#6603 = CARTESIAN_POINT('',(37.2,-5.374767899773,23.14));
#6604 = VECTOR('',#6605,1.);
#6605 = DIRECTION('',(0.,0.,1.));
#6606 = ORIENTED_EDGE('',*,*,#6569,.F.);
#6607 = ORIENTED_EDGE('',*,*,#1943,.F.);
#6608 = PLANE('',#6609);
#6609 = AXIS2_PLACEMENT_3D('',#6610,#6611,#6612);
#6610 = CARTESIAN_POINT('',(37.5,-5.374767899773,24.11611432109));
#6611 = DIRECTION('',(2.2E-16,1.,-4.4E-16));
#6612 = DIRECTION('',(2.2E-16,4.4E-16,1.));
#6613 = ADVANCED_FACE('',(#6614),#6632,.T.);
#6614 = FACE_BOUND('',#6615,.T.);
#6615 = EDGE_LOOP('',(#6616,#6624,#6630,#6631));
#6616 = ORIENTED_EDGE('',*,*,#6617,.T.);
#6617 = EDGE_CURVE('',#1928,#6618,#6620,.T.);
#6618 = VERTEX_POINT('',#6619);
#6619 = CARTESIAN_POINT('',(37.2,-7.416193818056,24.11611432109));
#6620 = LINE('',#6621,#6622);
#6621 = CARTESIAN_POINT('',(37.5,-7.416193818056,24.11611432109));
#6622 = VECTOR('',#6623,1.);
#6623 = DIRECTION('',(-1.,2.2E-16,2.2E-16));
#6624 = ORIENTED_EDGE('',*,*,#6625,.T.);
#6625 = EDGE_CURVE('',#6618,#6594,#6626,.T.);
#6626 = LINE('',#6627,#6628);
#6627 = CARTESIAN_POINT('',(37.2,-7.416193818056,24.11611432109));
#6628 = VECTOR('',#6629,1.);
#6629 = DIRECTION('',(0.,1.,-0.));
#6630 = ORIENTED_EDGE('',*,*,#6593,.F.);
#6631 = ORIENTED_EDGE('',*,*,#1935,.F.);
#6632 = PLANE('',#6633);
#6633 = AXIS2_PLACEMENT_3D('',#6634,#6635,#6636);
#6634 = CARTESIAN_POINT('',(37.5,-7.416193818056,24.11611432109));
#6635 = DIRECTION('',(-2.2E-16,-4.4E-16,-1.));
#6636 = DIRECTION('',(2.2E-16,1.,-4.4E-16));
#6637 = ADVANCED_FACE('',(#6638),#6649,.T.);
#6638 = FACE_BOUND('',#6639,.T.);
#6639 = EDGE_LOOP('',(#6640,#6641,#6647,#6648));
#6640 = ORIENTED_EDGE('',*,*,#6379,.T.);
#6641 = ORIENTED_EDGE('',*,*,#6642,.T.);
#6642 = EDGE_CURVE('',#6380,#6618,#6643,.T.);
#6643 = LINE('',#6644,#6645);
#6644 = CARTESIAN_POINT('',(37.2,-7.416193818056,23.14));
#6645 = VECTOR('',#6646,1.);
#6646 = DIRECTION('',(0.,0.,1.));
#6647 = ORIENTED_EDGE('',*,*,#6617,.F.);
#6648 = ORIENTED_EDGE('',*,*,#1927,.F.);
#6649 = PLANE('',#6650);
#6650 = AXIS2_PLACEMENT_3D('',#6651,#6652,#6653);
#6651 = CARTESIAN_POINT('',(37.5,-7.416193818056,23.14));
#6652 = DIRECTION('',(2.2E-16,1.,-4.4E-16));
#6653 = DIRECTION('',(2.2E-16,4.4E-16,1.));
#6654 = ADVANCED_FACE('',(#6655),#6680,.T.);
#6655 = FACE_BOUND('',#6656,.T.);
#6656 = EDGE_LOOP('',(#6657,#6665,#6673,#6679));
#6657 = ORIENTED_EDGE('',*,*,#6658,.T.);
#6658 = EDGE_CURVE('',#2016,#6659,#6661,.T.);
#6659 = VERTEX_POINT('',#6660);
#6660 = CARTESIAN_POINT('',(37.2,-7.771177309596,23.14));
#6661 = LINE('',#6662,#6663);
#6662 = CARTESIAN_POINT('',(37.5,-7.771177309596,23.14));
#6663 = VECTOR('',#6664,1.);
#6664 = DIRECTION('',(-1.,2.2E-16,2.2E-16));
#6665 = ORIENTED_EDGE('',*,*,#6666,.T.);
#6666 = EDGE_CURVE('',#6659,#6667,#6669,.T.);
#6667 = VERTEX_POINT('',#6668);
#6668 = CARTESIAN_POINT('',(37.2,-11.49868453204,23.14));
#6669 = LINE('',#6670,#6671);
#6670 = CARTESIAN_POINT('',(37.2,-7.771177309596,23.14));
#6671 = VECTOR('',#6672,1.);
#6672 = DIRECTION('',(0.,-1.,0.));
#6673 = ORIENTED_EDGE('',*,*,#6674,.F.);
#6674 = EDGE_CURVE('',#2018,#6667,#6675,.T.);
#6675 = LINE('',#6676,#6677);
#6676 = CARTESIAN_POINT('',(37.5,-11.49868453204,23.14));
#6677 = VECTOR('',#6678,1.);
#6678 = DIRECTION('',(-1.,2.2E-16,2.2E-16));
#6679 = ORIENTED_EDGE('',*,*,#2015,.F.);
#6680 = PLANE('',#6681);
#6681 = AXIS2_PLACEMENT_3D('',#6682,#6683,#6684);
#6682 = CARTESIAN_POINT('',(37.5,-7.771177309596,23.14));
#6683 = DIRECTION('',(2.2E-16,4.4E-16,1.));
#6684 = DIRECTION('',(-2.2E-16,-1.,4.4E-16));
#6685 = ADVANCED_FACE('',(#6686),#6704,.T.);
#6686 = FACE_BOUND('',#6687,.T.);
#6687 = EDGE_LOOP('',(#6688,#6696,#6702,#6703));
#6688 = ORIENTED_EDGE('',*,*,#6689,.T.);
#6689 = EDGE_CURVE('',#2066,#6690,#6692,.T.);
#6690 = VERTEX_POINT('',#6691);
#6691 = CARTESIAN_POINT('',(37.2,-7.771177309596,24.11611432109));
#6692 = LINE('',#6693,#6694);
#6693 = CARTESIAN_POINT('',(37.5,-7.771177309596,24.11611432109));
#6694 = VECTOR('',#6695,1.);
#6695 = DIRECTION('',(-1.,2.2E-16,2.2E-16));
#6696 = ORIENTED_EDGE('',*,*,#6697,.T.);
#6697 = EDGE_CURVE('',#6690,#6659,#6698,.T.);
#6698 = LINE('',#6699,#6700);
#6699 = CARTESIAN_POINT('',(37.2,-7.771177309596,24.11611432109));
#6700 = VECTOR('',#6701,1.);
#6701 = DIRECTION('',(0.,0.,-1.));
#6702 = ORIENTED_EDGE('',*,*,#6658,.F.);
#6703 = ORIENTED_EDGE('',*,*,#2073,.F.);
#6704 = PLANE('',#6705);
#6705 = AXIS2_PLACEMENT_3D('',#6706,#6707,#6708);
#6706 = CARTESIAN_POINT('',(37.5,-7.771177309596,24.11611432109));
#6707 = DIRECTION('',(-2.2E-16,-1.,4.4E-16));
#6708 = DIRECTION('',(-2.2E-16,-4.4E-16,-1.));
#6709 = ADVANCED_FACE('',(#6710),#6728,.T.);
#6710 = FACE_BOUND('',#6711,.T.);
#6711 = EDGE_LOOP('',(#6712,#6720,#6726,#6727));
#6712 = ORIENTED_EDGE('',*,*,#6713,.T.);
#6713 = EDGE_CURVE('',#2058,#6714,#6716,.T.);
#6714 = VERTEX_POINT('',#6715);
#6715 = CARTESIAN_POINT('',(37.2,-8.991410491601,24.11611432109));
#6716 = LINE('',#6717,#6718);
#6717 = CARTESIAN_POINT('',(37.5,-8.991410491601,24.11611432109));
#6718 = VECTOR('',#6719,1.);
#6719 = DIRECTION('',(-1.,2.2E-16,2.2E-16));
#6720 = ORIENTED_EDGE('',*,*,#6721,.T.);
#6721 = EDGE_CURVE('',#6714,#6690,#6722,.T.);
#6722 = LINE('',#6723,#6724);
#6723 = CARTESIAN_POINT('',(37.2,-11.49868453204,24.11611432109));
#6724 = VECTOR('',#6725,1.);
#6725 = DIRECTION('',(0.,1.,-0.));
#6726 = ORIENTED_EDGE('',*,*,#6689,.F.);
#6727 = ORIENTED_EDGE('',*,*,#2065,.F.);
#6728 = PLANE('',#6729);
#6729 = AXIS2_PLACEMENT_3D('',#6730,#6731,#6732);
#6730 = CARTESIAN_POINT('',(37.5,-8.991410491601,24.11611432109));
#6731 = DIRECTION('',(-2.2E-16,-4.4E-16,-1.));
#6732 = DIRECTION('',(2.2E-16,1.,-4.4E-16));
#6733 = ADVANCED_FACE('',(#6734),#6752,.T.);
#6734 = FACE_BOUND('',#6735,.T.);
#6735 = EDGE_LOOP('',(#6736,#6744,#6750,#6751));
#6736 = ORIENTED_EDGE('',*,*,#6737,.T.);
#6737 = EDGE_CURVE('',#2050,#6738,#6740,.T.);
#6738 = VERTEX_POINT('',#6739);
#6739 = CARTESIAN_POINT('',(37.2,-8.991410491601,30.14));
#6740 = LINE('',#6741,#6742);
#6741 = CARTESIAN_POINT('',(37.5,-8.991410491601,30.14));
#6742 = VECTOR('',#6743,1.);
#6743 = DIRECTION('',(-1.,2.2E-16,2.2E-16));
#6744 = ORIENTED_EDGE('',*,*,#6745,.T.);
#6745 = EDGE_CURVE('',#6738,#6714,#6746,.T.);
#6746 = LINE('',#6747,#6748);
#6747 = CARTESIAN_POINT('',(37.2,-8.991410491601,30.14));
#6748 = VECTOR('',#6749,1.);
#6749 = DIRECTION('',(0.,0.,-1.));
#6750 = ORIENTED_EDGE('',*,*,#6713,.F.);
#6751 = ORIENTED_EDGE('',*,*,#2057,.F.);
#6752 = PLANE('',#6753);
#6753 = AXIS2_PLACEMENT_3D('',#6754,#6755,#6756);
#6754 = CARTESIAN_POINT('',(37.5,-8.991410491601,30.14));
#6755 = DIRECTION('',(-2.2E-16,-1.,4.4E-16));
#6756 = DIRECTION('',(-2.2E-16,-4.4E-16,-1.));
#6757 = ADVANCED_FACE('',(#6758),#6776,.T.);
#6758 = FACE_BOUND('',#6759,.T.);
#6759 = EDGE_LOOP('',(#6760,#6768,#6774,#6775));
#6760 = ORIENTED_EDGE('',*,*,#6761,.T.);
#6761 = EDGE_CURVE('',#2042,#6762,#6764,.T.);
#6762 = VERTEX_POINT('',#6763);
#6763 = CARTESIAN_POINT('',(37.2,-10.2672565502,30.14));
#6764 = LINE('',#6765,#6766);
#6765 = CARTESIAN_POINT('',(37.5,-10.2672565502,30.14));
#6766 = VECTOR('',#6767,1.);
#6767 = DIRECTION('',(-1.,2.2E-16,2.2E-16));
#6768 = ORIENTED_EDGE('',*,*,#6769,.T.);
#6769 = EDGE_CURVE('',#6762,#6738,#6770,.T.);
#6770 = LINE('',#6771,#6772);
#6771 = CARTESIAN_POINT('',(37.2,-10.2672565502,30.14));
#6772 = VECTOR('',#6773,1.);
#6773 = DIRECTION('',(0.,1.,-0.));
#6774 = ORIENTED_EDGE('',*,*,#6737,.F.);
#6775 = ORIENTED_EDGE('',*,*,#2049,.F.);
#6776 = PLANE('',#6777);
#6777 = AXIS2_PLACEMENT_3D('',#6778,#6779,#6780);
#6778 = CARTESIAN_POINT('',(37.5,-10.2672565502,30.14));
#6779 = DIRECTION('',(-2.2E-16,-4.4E-16,-1.));
#6780 = DIRECTION('',(2.2E-16,1.,-4.4E-16));
#6781 = ADVANCED_FACE('',(#6782),#6800,.T.);
#6782 = FACE_BOUND('',#6783,.T.);
#6783 = EDGE_LOOP('',(#6784,#6792,#6798,#6799));
#6784 = ORIENTED_EDGE('',*,*,#6785,.T.);
#6785 = EDGE_CURVE('',#2034,#6786,#6788,.T.);
#6786 = VERTEX_POINT('',#6787);
#6787 = CARTESIAN_POINT('',(37.2,-10.2672565502,24.11611432109));
#6788 = LINE('',#6789,#6790);
#6789 = CARTESIAN_POINT('',(37.5,-10.2672565502,24.11611432109));
#6790 = VECTOR('',#6791,1.);
#6791 = DIRECTION('',(-1.,2.2E-16,2.2E-16));
#6792 = ORIENTED_EDGE('',*,*,#6793,.T.);
#6793 = EDGE_CURVE('',#6786,#6762,#6794,.T.);
#6794 = LINE('',#6795,#6796);
#6795 = CARTESIAN_POINT('',(37.2,-10.2672565502,23.43937061494));
#6796 = VECTOR('',#6797,1.);
#6797 = DIRECTION('',(0.,0.,1.));
#6798 = ORIENTED_EDGE('',*,*,#6761,.F.);
#6799 = ORIENTED_EDGE('',*,*,#2041,.F.);
#6800 = PLANE('',#6801);
#6801 = AXIS2_PLACEMENT_3D('',#6802,#6803,#6804);
#6802 = CARTESIAN_POINT('',(37.5,-10.2672565502,24.11611432109));
#6803 = DIRECTION('',(2.2E-16,1.,-4.4E-16));
#6804 = DIRECTION('',(2.2E-16,4.4E-16,1.));
#6805 = ADVANCED_FACE('',(#6806),#6824,.T.);
#6806 = FACE_BOUND('',#6807,.T.);
#6807 = EDGE_LOOP('',(#6808,#6816,#6822,#6823));
#6808 = ORIENTED_EDGE('',*,*,#6809,.T.);
#6809 = EDGE_CURVE('',#2026,#6810,#6812,.T.);
#6810 = VERTEX_POINT('',#6811);
#6811 = CARTESIAN_POINT('',(37.2,-11.49868453204,24.11611432109));
#6812 = LINE('',#6813,#6814);
#6813 = CARTESIAN_POINT('',(37.5,-11.49868453204,24.11611432109));
#6814 = VECTOR('',#6815,1.);
#6815 = DIRECTION('',(-1.,2.2E-16,2.2E-16));
#6816 = ORIENTED_EDGE('',*,*,#6817,.T.);
#6817 = EDGE_CURVE('',#6810,#6786,#6818,.T.);
#6818 = LINE('',#6819,#6820);
#6819 = CARTESIAN_POINT('',(37.2,-11.49868453204,24.11611432109));
#6820 = VECTOR('',#6821,1.);
#6821 = DIRECTION('',(0.,1.,-0.));
#6822 = ORIENTED_EDGE('',*,*,#6785,.F.);
#6823 = ORIENTED_EDGE('',*,*,#2033,.F.);
#6824 = PLANE('',#6825);
#6825 = AXIS2_PLACEMENT_3D('',#6826,#6827,#6828);
#6826 = CARTESIAN_POINT('',(37.5,-11.49868453204,24.11611432109));
#6827 = DIRECTION('',(-2.2E-16,-4.4E-16,-1.));
#6828 = DIRECTION('',(2.2E-16,1.,-4.4E-16));
#6829 = ADVANCED_FACE('',(#6830),#6841,.T.);
#6830 = FACE_BOUND('',#6831,.T.);
#6831 = EDGE_LOOP('',(#6832,#6833,#6839,#6840));
#6832 = ORIENTED_EDGE('',*,*,#6674,.T.);
#6833 = ORIENTED_EDGE('',*,*,#6834,.T.);
#6834 = EDGE_CURVE('',#6667,#6810,#6835,.T.);
#6835 = LINE('',#6836,#6837);
#6836 = CARTESIAN_POINT('',(37.2,-11.49868453204,23.14));
#6837 = VECTOR('',#6838,1.);
#6838 = DIRECTION('',(0.,0.,1.));
#6839 = ORIENTED_EDGE('',*,*,#6809,.F.);
#6840 = ORIENTED_EDGE('',*,*,#2025,.F.);
#6841 = PLANE('',#6842);
#6842 = AXIS2_PLACEMENT_3D('',#6843,#6844,#6845);
#6843 = CARTESIAN_POINT('',(37.5,-11.49868453204,23.14));
#6844 = DIRECTION('',(2.2E-16,1.,-4.4E-16));
#6845 = DIRECTION('',(2.2E-16,4.4E-16,1.));
#6846 = ADVANCED_FACE('',(#6847),#6866,.F.);
#6847 = FACE_BOUND('',#6848,.T.);
#6848 = EDGE_LOOP('',(#6849,#6857,#6864,#6865));
#6849 = ORIENTED_EDGE('',*,*,#6850,.T.);
#6850 = EDGE_CURVE('',#2082,#6851,#6853,.T.);
#6851 = VERTEX_POINT('',#6852);
#6852 = CARTESIAN_POINT('',(29.,-24.55,26.));
#6853 = LINE('',#6854,#6855);
#6854 = CARTESIAN_POINT('',(37.5,-24.55,26.));
#6855 = VECTOR('',#6856,1.);
#6856 = DIRECTION('',(-1.,0.,0.));
#6857 = ORIENTED_EDGE('',*,*,#6858,.T.);
#6858 = EDGE_CURVE('',#6851,#6851,#6859,.T.);
#6859 = CIRCLE('',#6860,2.05);
#6860 = AXIS2_PLACEMENT_3D('',#6861,#6862,#6863);
#6861 = CARTESIAN_POINT('',(29.,-22.5,26.));
#6862 = DIRECTION('',(-1.,0.,0.));
#6863 = DIRECTION('',(-0.,-1.,-4.4E-16));
#6864 = ORIENTED_EDGE('',*,*,#6850,.F.);
#6865 = ORIENTED_EDGE('',*,*,#2081,.F.);
#6866 = CYLINDRICAL_SURFACE('',#6867,2.05);
#6867 = AXIS2_PLACEMENT_3D('',#6868,#6869,#6870);
#6868 = CARTESIAN_POINT('',(37.5,-22.5,26.));
#6869 = DIRECTION('',(1.,0.,0.));
#6870 = DIRECTION('',(0.,-1.,-4.4E-16));
#6871 = ADVANCED_FACE('',(#6872),#6899,.T.);
#6872 = FACE_BOUND('',#6873,.F.);
#6873 = EDGE_LOOP('',(#6874,#6875,#6884,#6892));
#6874 = ORIENTED_EDGE('',*,*,#2098,.F.);
#6875 = ORIENTED_EDGE('',*,*,#6876,.T.);
#6876 = EDGE_CURVE('',#2099,#6877,#6879,.T.);
#6877 = VERTEX_POINT('',#6878);
#6878 = CARTESIAN_POINT('',(21.5,-28.,31.21));
#6879 = CIRCLE('',#6880,0.79);
#6880 = AXIS2_PLACEMENT_3D('',#6881,#6882,#6883);
#6881 = CARTESIAN_POINT('',(21.5,-27.21,31.21));
#6882 = DIRECTION('',(1.,0.,-0.));
#6883 = DIRECTION('',(0.,0.,1.));
#6884 = ORIENTED_EDGE('',*,*,#6885,.T.);
#6885 = EDGE_CURVE('',#6877,#6886,#6888,.T.);
#6886 = VERTEX_POINT('',#6887);
#6887 = CARTESIAN_POINT('',(21.5,-28.,31.2));
#6888 = LINE('',#6889,#6890);
#6889 = CARTESIAN_POINT('',(21.5,-28.,32.));
#6890 = VECTOR('',#6891,1.);
#6891 = DIRECTION('',(0.,4.4E-16,-1.));
#6892 = ORIENTED_EDGE('',*,*,#6893,.F.);
#6893 = EDGE_CURVE('',#2101,#6886,#6894,.T.);
#6894 = CIRCLE('',#6895,0.8);
#6895 = AXIS2_PLACEMENT_3D('',#6896,#6897,#6898);
#6896 = CARTESIAN_POINT('',(21.5,-27.2,31.2));
#6897 = DIRECTION('',(1.,0.,-0.));
#6898 = DIRECTION('',(0.,0.,1.));
#6899 = PLANE('',#6900);
#6900 = AXIS2_PLACEMENT_3D('',#6901,#6902,#6903);
#6901 = CARTESIAN_POINT('',(21.5,-28.,32.));
#6902 = DIRECTION('',(-1.,8.882E-14,0.));
#6903 = DIRECTION('',(-8.882E-14,-1.,-4.4E-16));
#6904 = ADVANCED_FACE('',(#6905),#6922,.T.);
#6905 = FACE_BOUND('',#6906,.T.);
#6906 = EDGE_LOOP('',(#6907,#6908,#6914,#6921));
#6907 = ORIENTED_EDGE('',*,*,#6876,.T.);
#6908 = ORIENTED_EDGE('',*,*,#6909,.T.);
#6909 = EDGE_CURVE('',#6877,#4806,#6910,.T.);
#6910 = LINE('',#6911,#6912);
#6911 = CARTESIAN_POINT('',(21.5,-28.,31.21));
#6912 = VECTOR('',#6913,1.);
#6913 = DIRECTION('',(1.,0.,0.));
#6914 = ORIENTED_EDGE('',*,*,#6915,.F.);
#6915 = EDGE_CURVE('',#2109,#4806,#6916,.T.);
#6916 = CIRCLE('',#6917,0.79);
#6917 = AXIS2_PLACEMENT_3D('',#6918,#6919,#6920);
#6918 = CARTESIAN_POINT('',(35.,-27.21,31.21));
#6919 = DIRECTION('',(1.,0.,-0.));
#6920 = DIRECTION('',(0.,0.,1.));
#6921 = ORIENTED_EDGE('',*,*,#2108,.F.);
#6922 = CYLINDRICAL_SURFACE('',#6923,0.79);
#6923 = AXIS2_PLACEMENT_3D('',#6924,#6925,#6926);
#6924 = CARTESIAN_POINT('',(21.5,-27.21,31.21));
#6925 = DIRECTION('',(1.,0.,0.));
#6926 = DIRECTION('',(0.,0.,1.));
#6927 = ADVANCED_FACE('',(#6928),#6947,.T.);
#6928 = FACE_BOUND('',#6929,.T.);
#6929 = EDGE_LOOP('',(#6930,#6939,#6945,#6946));
#6930 = ORIENTED_EDGE('',*,*,#6931,.T.);
#6931 = EDGE_CURVE('',#2276,#6932,#6934,.T.);
#6932 = VERTEX_POINT('',#6933);
#6933 = CARTESIAN_POINT('',(15.5,-28.,31.2));
#6934 = CIRCLE('',#6935,0.8);
#6935 = AXIS2_PLACEMENT_3D('',#6936,#6937,#6938);
#6936 = CARTESIAN_POINT('',(15.5,-27.2,31.2));
#6937 = DIRECTION('',(1.,-6.E-17,0.));
#6938 = DIRECTION('',(-6.E-17,-1.,0.));
#6939 = ORIENTED_EDGE('',*,*,#6940,.T.);
#6940 = EDGE_CURVE('',#6932,#6886,#6941,.T.);
#6941 = LINE('',#6942,#6943);
#6942 = CARTESIAN_POINT('',(15.5,-28.,31.2));
#6943 = VECTOR('',#6944,1.);
#6944 = DIRECTION('',(1.,0.,0.));
#6945 = ORIENTED_EDGE('',*,*,#6893,.F.);
#6946 = ORIENTED_EDGE('',*,*,#2284,.F.);
#6947 = CYLINDRICAL_SURFACE('',#6948,0.8);
#6948 = AXIS2_PLACEMENT_3D('',#6949,#6950,#6951);
#6949 = CARTESIAN_POINT('',(15.5,-27.2,31.2));
#6950 = DIRECTION('',(1.,0.,0.));
#6951 = DIRECTION('',(0.,0.,1.));
#6952 = ADVANCED_FACE('',(#6953),#6959,.T.);
#6953 = FACE_BOUND('',#6954,.F.);
#6954 = EDGE_LOOP('',(#6955,#6956,#6957,#6958));
#6955 = ORIENTED_EDGE('',*,*,#6915,.F.);
#6956 = ORIENTED_EDGE('',*,*,#2116,.T.);
#6957 = ORIENTED_EDGE('',*,*,#4837,.T.);
#6958 = ORIENTED_EDGE('',*,*,#4805,.F.);
#6959 = TOROIDAL_SURFACE('',#6960,1.71,0.79);
#6960 = AXIS2_PLACEMENT_3D('',#6961,#6962,#6963);
#6961 = CARTESIAN_POINT('',(35.,-25.5,31.21));
#6962 = DIRECTION('',(-0.,-0.,-1.));
#6963 = DIRECTION('',(-2.84E-15,-1.,0.));
#6964 = ADVANCED_FACE('',(#6965),#6985,.T.);
#6965 = FACE_BOUND('',#6966,.F.);
#6966 = EDGE_LOOP('',(#6967,#6976,#6977,#6978));
#6967 = ORIENTED_EDGE('',*,*,#6968,.F.);
#6968 = EDGE_CURVE('',#2268,#6969,#6971,.T.);
#6969 = VERTEX_POINT('',#6970);
#6970 = CARTESIAN_POINT('',(10.5,-23.,31.2));
#6971 = CIRCLE('',#6972,0.8);
#6972 = AXIS2_PLACEMENT_3D('',#6973,#6974,#6975);
#6973 = CARTESIAN_POINT('',(11.3,-23.,31.2));
#6974 = DIRECTION('',(0.,-1.,0.));
#6975 = DIRECTION('',(0.,0.,1.));
#6976 = ORIENTED_EDGE('',*,*,#2275,.T.);
#6977 = ORIENTED_EDGE('',*,*,#6931,.T.);
#6978 = ORIENTED_EDGE('',*,*,#6979,.F.);
#6979 = EDGE_CURVE('',#6969,#6932,#6980,.T.);
#6980 = CIRCLE('',#6981,5.);
#6981 = AXIS2_PLACEMENT_3D('',#6982,#6983,#6984);
#6982 = CARTESIAN_POINT('',(15.5,-23.,31.2));
#6983 = DIRECTION('',(0.,0.,1.));
#6984 = DIRECTION('',(-1.,0.,0.));
#6985 = TOROIDAL_SURFACE('',#6986,4.2,0.8);
#6986 = AXIS2_PLACEMENT_3D('',#6987,#6988,#6989);
#6987 = CARTESIAN_POINT('',(15.5,-23.,31.2));
#6988 = DIRECTION('',(-0.,-0.,-1.));
#6989 = DIRECTION('',(-1.,0.,0.));
#6990 = ADVANCED_FACE('',(#6991),#7010,.T.);
#6991 = FACE_BOUND('',#6992,.T.);
#6992 = EDGE_LOOP('',(#6993,#7002,#7008,#7009));
#6993 = ORIENTED_EDGE('',*,*,#6994,.T.);
#6994 = EDGE_CURVE('',#2260,#6995,#6997,.T.);
#6995 = VERTEX_POINT('',#6996);
#6996 = CARTESIAN_POINT('',(10.5,-19.,31.2));
#6997 = ELLIPSE('',#6998,1.131370849898,0.8);
#6998 = AXIS2_PLACEMENT_3D('',#6999,#7000,#7001);
#6999 = CARTESIAN_POINT('',(11.3,-18.2,31.2));
#7000 = DIRECTION('',(0.707106781187,-0.707106781187,0.));
#7001 = DIRECTION('',(-0.707106781187,-0.707106781187,0.));
#7002 = ORIENTED_EDGE('',*,*,#7003,.T.);
#7003 = EDGE_CURVE('',#6995,#6969,#7004,.T.);
#7004 = LINE('',#7005,#7006);
#7005 = CARTESIAN_POINT('',(10.5,-19.,31.2));
#7006 = VECTOR('',#7007,1.);
#7007 = DIRECTION('',(-0.,-1.,-0.));
#7008 = ORIENTED_EDGE('',*,*,#6968,.F.);
#7009 = ORIENTED_EDGE('',*,*,#2267,.F.);
#7010 = CYLINDRICAL_SURFACE('',#7011,0.8);
#7011 = AXIS2_PLACEMENT_3D('',#7012,#7013,#7014);
#7012 = CARTESIAN_POINT('',(11.3,-19.,31.2));
#7013 = DIRECTION('',(-0.,-1.,-0.));
#7014 = DIRECTION('',(0.,0.,1.));
#7015 = ADVANCED_FACE('',(#7016),#7035,.T.);
#7016 = FACE_BOUND('',#7017,.F.);
#7017 = EDGE_LOOP('',(#7018,#7019,#7027,#7034));
#7018 = ORIENTED_EDGE('',*,*,#6994,.T.);
#7019 = ORIENTED_EDGE('',*,*,#7020,.T.);
#7020 = EDGE_CURVE('',#6995,#7021,#7023,.T.);
#7021 = VERTEX_POINT('',#7022);
#7022 = CARTESIAN_POINT('',(-10.5,-19.,31.2));
#7023 = LINE('',#7024,#7025);
#7024 = CARTESIAN_POINT('',(10.5,-19.,31.2));
#7025 = VECTOR('',#7026,1.);
#7026 = DIRECTION('',(-1.,0.,0.));
#7027 = ORIENTED_EDGE('',*,*,#7028,.F.);
#7028 = EDGE_CURVE('',#2252,#7021,#7029,.T.);
#7029 = ELLIPSE('',#7030,1.131370849898,0.8);
#7030 = AXIS2_PLACEMENT_3D('',#7031,#7032,#7033);
#7031 = CARTESIAN_POINT('',(-11.3,-18.2,31.2));
#7032 = DIRECTION('',(0.707106781187,0.707106781187,0.));
#7033 = DIRECTION('',(0.707106781187,-0.707106781187,0.));
#7034 = ORIENTED_EDGE('',*,*,#2259,.F.);
#7035 = CYLINDRICAL_SURFACE('',#7036,0.8);
#7036 = AXIS2_PLACEMENT_3D('',#7037,#7038,#7039);
#7037 = CARTESIAN_POINT('',(10.5,-18.2,31.2));
#7038 = DIRECTION('',(-1.,0.,0.));
#7039 = DIRECTION('',(0.,0.,1.));
#7040 = ADVANCED_FACE('',(#7041),#7060,.T.);
#7041 = FACE_BOUND('',#7042,.F.);
#7042 = EDGE_LOOP('',(#7043,#7044,#7052,#7059));
#7043 = ORIENTED_EDGE('',*,*,#7028,.T.);
#7044 = ORIENTED_EDGE('',*,*,#7045,.T.);
#7045 = EDGE_CURVE('',#7021,#7046,#7048,.T.);
#7046 = VERTEX_POINT('',#7047);
#7047 = CARTESIAN_POINT('',(-10.5,-23.,31.2));
#7048 = LINE('',#7049,#7050);
#7049 = CARTESIAN_POINT('',(-10.5,-19.,31.2));
#7050 = VECTOR('',#7051,1.);
#7051 = DIRECTION('',(0.,-1.,0.));
#7052 = ORIENTED_EDGE('',*,*,#7053,.F.);
#7053 = EDGE_CURVE('',#2243,#7046,#7054,.T.);
#7054 = CIRCLE('',#7055,0.8);
#7055 = AXIS2_PLACEMENT_3D('',#7056,#7057,#7058);
#7056 = CARTESIAN_POINT('',(-11.3,-23.,31.2));
#7057 = DIRECTION('',(0.,1.,0.));
#7058 = DIRECTION('',(0.,0.,1.));
#7059 = ORIENTED_EDGE('',*,*,#2251,.F.);
#7060 = CYLINDRICAL_SURFACE('',#7061,0.8);
#7061 = AXIS2_PLACEMENT_3D('',#7062,#7063,#7064);
#7062 = CARTESIAN_POINT('',(-11.3,-19.,31.2));
#7063 = DIRECTION('',(0.,-1.,0.));
#7064 = DIRECTION('',(0.,0.,1.));
#7065 = ADVANCED_FACE('',(#7066),#7086,.T.);
#7066 = FACE_BOUND('',#7067,.T.);
#7067 = EDGE_LOOP('',(#7068,#7069,#7070,#7079));
#7068 = ORIENTED_EDGE('',*,*,#7053,.F.);
#7069 = ORIENTED_EDGE('',*,*,#2242,.T.);
#7070 = ORIENTED_EDGE('',*,*,#7071,.T.);
#7071 = EDGE_CURVE('',#2235,#7072,#7074,.T.);
#7072 = VERTEX_POINT('',#7073);
#7073 = CARTESIAN_POINT('',(-15.5,-28.,31.2));
#7074 = CIRCLE('',#7075,0.8);
#7075 = AXIS2_PLACEMENT_3D('',#7076,#7077,#7078);
#7076 = CARTESIAN_POINT('',(-15.5,-27.2,31.2));
#7077 = DIRECTION('',(1.,6.E-17,0.));
#7078 = DIRECTION('',(6.E-17,-1.,0.));
#7079 = ORIENTED_EDGE('',*,*,#7080,.F.);
#7080 = EDGE_CURVE('',#7046,#7072,#7081,.T.);
#7081 = CIRCLE('',#7082,5.);
#7082 = AXIS2_PLACEMENT_3D('',#7083,#7084,#7085);
#7083 = CARTESIAN_POINT('',(-15.5,-23.,31.2));
#7084 = DIRECTION('',(0.,0.,-1.));
#7085 = DIRECTION('',(1.,0.,0.));
#7086 = TOROIDAL_SURFACE('',#7087,4.2,0.8);
#7087 = AXIS2_PLACEMENT_3D('',#7088,#7089,#7090);
#7088 = CARTESIAN_POINT('',(-15.5,-23.,31.2));
#7089 = DIRECTION('',(-0.,-0.,-1.));
#7090 = DIRECTION('',(1.,0.,0.));
#7091 = ADVANCED_FACE('',(#7092),#7111,.T.);
#7092 = FACE_BOUND('',#7093,.F.);
#7093 = EDGE_LOOP('',(#7094,#7095,#7103,#7110));
#7094 = ORIENTED_EDGE('',*,*,#7071,.T.);
#7095 = ORIENTED_EDGE('',*,*,#7096,.T.);
#7096 = EDGE_CURVE('',#7072,#7097,#7099,.T.);
#7097 = VERTEX_POINT('',#7098);
#7098 = CARTESIAN_POINT('',(-20.521,-28.,31.2));
#7099 = LINE('',#7100,#7101);
#7100 = CARTESIAN_POINT('',(-15.5,-28.,31.2));
#7101 = VECTOR('',#7102,1.);
#7102 = DIRECTION('',(-1.,-0.,-0.));
#7103 = ORIENTED_EDGE('',*,*,#7104,.F.);
#7104 = EDGE_CURVE('',#2226,#7097,#7105,.T.);
#7105 = CIRCLE('',#7106,0.8);
#7106 = AXIS2_PLACEMENT_3D('',#7107,#7108,#7109);
#7107 = CARTESIAN_POINT('',(-20.521,-27.2,31.2));
#7108 = DIRECTION('',(1.,0.,-0.));
#7109 = DIRECTION('',(0.,0.,1.));
#7110 = ORIENTED_EDGE('',*,*,#2234,.F.);
#7111 = CYLINDRICAL_SURFACE('',#7112,0.8);
#7112 = AXIS2_PLACEMENT_3D('',#7113,#7114,#7115);
#7113 = CARTESIAN_POINT('',(-15.5,-27.2,31.2));
#7114 = DIRECTION('',(-1.,-0.,-0.));
#7115 = DIRECTION('',(0.,0.,1.));
#7116 = ADVANCED_FACE('',(#7117),#7137,.T.);
#7117 = FACE_BOUND('',#7118,.T.);
#7118 = EDGE_LOOP('',(#7119,#7120,#7121,#7130));
#7119 = ORIENTED_EDGE('',*,*,#7104,.F.);
#7120 = ORIENTED_EDGE('',*,*,#2225,.T.);
#7121 = ORIENTED_EDGE('',*,*,#7122,.T.);
#7122 = EDGE_CURVE('',#2218,#7123,#7125,.T.);
#7123 = VERTEX_POINT('',#7124);
#7124 = CARTESIAN_POINT('',(-36.52099999999,-12.,31.2));
#7125 = CIRCLE('',#7126,0.8);
#7126 = AXIS2_PLACEMENT_3D('',#7127,#7128,#7129);
#7127 = CARTESIAN_POINT('',(-35.72099999999,-12.,31.2));
#7128 = DIRECTION('',(2.4542E-13,-1.,0.));
#7129 = DIRECTION('',(-1.,-2.4542E-13,0.));
#7130 = ORIENTED_EDGE('',*,*,#7131,.F.);
#7131 = EDGE_CURVE('',#7097,#7123,#7132,.T.);
#7132 = CIRCLE('',#7133,16.);
#7133 = AXIS2_PLACEMENT_3D('',#7134,#7135,#7136);
#7134 = CARTESIAN_POINT('',(-20.52099999999,-11.99999999999,31.2));
#7135 = DIRECTION('',(-0.,0.,-1.));
#7136 = DIRECTION('',(-2.4269E-13,-1.,0.));
#7137 = TOROIDAL_SURFACE('',#7138,15.2,0.8);
#7138 = AXIS2_PLACEMENT_3D('',#7139,#7140,#7141);
#7139 = CARTESIAN_POINT('',(-20.52099999999,-11.99999999999,31.2));
#7140 = DIRECTION('',(-0.,-0.,-1.));
#7141 = DIRECTION('',(-2.4269E-13,-1.,0.));
#7142 = ADVANCED_FACE('',(#7143),#7154,.T.);
#7143 = FACE_BOUND('',#7144,.F.);
#7144 = EDGE_LOOP('',(#7145,#7146,#7152,#7153));
#7145 = ORIENTED_EDGE('',*,*,#7122,.T.);
#7146 = ORIENTED_EDGE('',*,*,#7147,.T.);
#7147 = EDGE_CURVE('',#7123,#1045,#7148,.T.);
#7148 = LINE('',#7149,#7150);
#7149 = CARTESIAN_POINT('',(-36.52099999999,-12.,31.2));
#7150 = VECTOR('',#7151,1.);
#7151 = DIRECTION('',(0.,1.,0.));
#7152 = ORIENTED_EDGE('',*,*,#4637,.F.);
#7153 = ORIENTED_EDGE('',*,*,#2217,.F.);
#7154 = CYLINDRICAL_SURFACE('',#7155,0.8);
#7155 = AXIS2_PLACEMENT_3D('',#7156,#7157,#7158);
#7156 = CARTESIAN_POINT('',(-35.72099999999,-12.,31.2));
#7157 = DIRECTION('',(0.,1.,0.));
#7158 = DIRECTION('',(0.,0.,1.));
#7159 = ADVANCED_FACE('',(#7160),#7172,.T.);
#7160 = FACE_BOUND('',#7161,.T.);
#7161 = EDGE_LOOP('',(#7162,#7163,#7164,#7171));
#7162 = ORIENTED_EDGE('',*,*,#4574,.T.);
#7163 = ORIENTED_EDGE('',*,*,#4688,.T.);
#7164 = ORIENTED_EDGE('',*,*,#7165,.F.);
#7165 = EDGE_CURVE('',#2177,#4681,#7166,.T.);
#7166 = ELLIPSE('',#7167,1.131370849898,0.8);
#7167 = AXIS2_PLACEMENT_3D('',#7168,#7169,#7170);
#7168 = CARTESIAN_POINT('',(11.3,18.2,31.2));
#7169 = DIRECTION('',(-0.707106781187,-0.707106781187,0.));
#7170 = DIRECTION('',(0.707106781187,-0.707106781187,0.));
#7171 = ORIENTED_EDGE('',*,*,#2176,.F.);
#7172 = CYLINDRICAL_SURFACE('',#7173,0.8);
#7173 = AXIS2_PLACEMENT_3D('',#7174,#7175,#7176);
#7174 = CARTESIAN_POINT('',(11.3,23.,31.2));
#7175 = DIRECTION('',(-0.,-1.,-0.));
#7176 = DIRECTION('',(0.,0.,1.));
#7177 = ADVANCED_FACE('',(#7178),#7190,.T.);
#7178 = FACE_BOUND('',#7179,.F.);
#7179 = EDGE_LOOP('',(#7180,#7181,#7182,#7189));
#7180 = ORIENTED_EDGE('',*,*,#4730,.T.);
#7181 = ORIENTED_EDGE('',*,*,#4747,.T.);
#7182 = ORIENTED_EDGE('',*,*,#7183,.F.);
#7183 = EDGE_CURVE('',#2185,#4748,#7184,.T.);
#7184 = ELLIPSE('',#7185,1.131370849898,0.8);
#7185 = AXIS2_PLACEMENT_3D('',#7186,#7187,#7188);
#7186 = CARTESIAN_POINT('',(-11.3,18.2,31.2));
#7187 = DIRECTION('',(-0.707106781187,0.707106781187,0.));
#7188 = DIRECTION('',(-0.707106781187,-0.707106781187,0.));
#7189 = ORIENTED_EDGE('',*,*,#2192,.F.);
#7190 = CYLINDRICAL_SURFACE('',#7191,0.8);
#7191 = AXIS2_PLACEMENT_3D('',#7192,#7193,#7194);
#7192 = CARTESIAN_POINT('',(-11.3,23.,31.2));
#7193 = DIRECTION('',(0.,-1.,0.));
#7194 = DIRECTION('',(0.,0.,1.));
#7195 = ADVANCED_FACE('',(#7196),#7207,.T.);
#7196 = FACE_BOUND('',#7197,.F.);
#7197 = EDGE_LOOP('',(#7198,#7199,#7205,#7206));
#7198 = ORIENTED_EDGE('',*,*,#7183,.T.);
#7199 = ORIENTED_EDGE('',*,*,#7200,.T.);
#7200 = EDGE_CURVE('',#4748,#4681,#7201,.T.);
#7201 = LINE('',#7202,#7203);
#7202 = CARTESIAN_POINT('',(-10.5,19.,31.2));
#7203 = VECTOR('',#7204,1.);
#7204 = DIRECTION('',(1.,0.,0.));
#7205 = ORIENTED_EDGE('',*,*,#7165,.F.);
#7206 = ORIENTED_EDGE('',*,*,#2184,.F.);
#7207 = CYLINDRICAL_SURFACE('',#7208,0.8);
#7208 = AXIS2_PLACEMENT_3D('',#7209,#7210,#7211);
#7209 = CARTESIAN_POINT('',(-10.5,18.2,31.2));
#7210 = DIRECTION('',(1.,0.,0.));
#7211 = DIRECTION('',(0.,0.,1.));
#7212 = ADVANCED_FACE('',(#7213),#7233,.F.);
#7213 = FACE_BOUND('',#7214,.T.);
#7214 = EDGE_LOOP('',(#7215,#7216,#7224,#7231,#7232));
#7215 = ORIENTED_EDGE('',*,*,#2292,.T.);
#7216 = ORIENTED_EDGE('',*,*,#7217,.T.);
#7217 = EDGE_CURVE('',#2295,#7218,#7220,.T.);
#7218 = VERTEX_POINT('',#7219);
#7219 = CARTESIAN_POINT('',(35.175,-15.,31.6));
#7220 = LINE('',#7221,#7222);
#7221 = CARTESIAN_POINT('',(35.175,-15.,31.6));
#7222 = VECTOR('',#7223,1.);
#7223 = DIRECTION('',(-0.707106781187,-0.,-0.707106781187));
#7224 = ORIENTED_EDGE('',*,*,#7225,.F.);
#7225 = EDGE_CURVE('',#7218,#7218,#7226,.T.);
#7226 = CIRCLE('',#7227,3.75);
#7227 = AXIS2_PLACEMENT_3D('',#7228,#7229,#7230);
#7228 = CARTESIAN_POINT('',(31.425,-15.,31.6));
#7229 = DIRECTION('',(0.,0.,1.));
#7230 = DIRECTION('',(1.,0.,0.));
#7231 = ORIENTED_EDGE('',*,*,#7217,.F.);
#7232 = ORIENTED_EDGE('',*,*,#2303,.T.);
#7233 = CONICAL_SURFACE('',#7234,3.75,0.785398163397);
#7234 = AXIS2_PLACEMENT_3D('',#7235,#7236,#7237);
#7235 = CARTESIAN_POINT('',(31.425,-15.,31.6));
#7236 = DIRECTION('',(0.,0.,1.));
#7237 = DIRECTION('',(1.,0.,0.));
#7238 = ADVANCED_FACE('',(#7239),#7258,.F.);
#7239 = FACE_BOUND('',#7240,.T.);
#7240 = EDGE_LOOP('',(#7241,#7249,#7250,#7251));
#7241 = ORIENTED_EDGE('',*,*,#7242,.F.);
#7242 = EDGE_CURVE('',#2313,#7243,#7245,.T.);
#7243 = VERTEX_POINT('',#7244);
#7244 = CARTESIAN_POINT('',(-26.696,-15.,31.6));
#7245 = LINE('',#7246,#7247);
#7246 = CARTESIAN_POINT('',(-26.696,-15.,31.6));
#7247 = VECTOR('',#7248,1.);
#7248 = DIRECTION('',(-0.707106781187,-0.,-0.707106781187));
#7249 = ORIENTED_EDGE('',*,*,#2312,.T.);
#7250 = ORIENTED_EDGE('',*,*,#7242,.T.);
#7251 = ORIENTED_EDGE('',*,*,#7252,.F.);
#7252 = EDGE_CURVE('',#7243,#7243,#7253,.T.);
#7253 = CIRCLE('',#7254,3.75);
#7254 = AXIS2_PLACEMENT_3D('',#7255,#7256,#7257);
#7255 = CARTESIAN_POINT('',(-30.446,-15.,31.6));
#7256 = DIRECTION('',(0.,0.,1.));
#7257 = DIRECTION('',(1.,0.,0.));
#7258 = CONICAL_SURFACE('',#7259,3.75,0.785398163397);
#7259 = AXIS2_PLACEMENT_3D('',#7260,#7261,#7262);
#7260 = CARTESIAN_POINT('',(-30.446,-15.,31.6));
#7261 = DIRECTION('',(0.,0.,1.));
#7262 = DIRECTION('',(1.,0.,0.));
#7263 = ADVANCED_FACE('',(#7264),#7283,.F.);
#7264 = FACE_BOUND('',#7265,.T.);
#7265 = EDGE_LOOP('',(#7266,#7274,#7275,#7276));
#7266 = ORIENTED_EDGE('',*,*,#7267,.F.);
#7267 = EDGE_CURVE('',#2324,#7268,#7270,.T.);
#7268 = VERTEX_POINT('',#7269);
#7269 = CARTESIAN_POINT('',(-26.696,15.,31.6));
#7270 = LINE('',#7271,#7272);
#7271 = CARTESIAN_POINT('',(-26.696,15.,31.6));
#7272 = VECTOR('',#7273,1.);
#7273 = DIRECTION('',(-0.707106781187,-0.,-0.707106781187));
#7274 = ORIENTED_EDGE('',*,*,#2323,.T.);
#7275 = ORIENTED_EDGE('',*,*,#7267,.T.);
#7276 = ORIENTED_EDGE('',*,*,#7277,.F.);
#7277 = EDGE_CURVE('',#7268,#7268,#7278,.T.);
#7278 = CIRCLE('',#7279,3.75);
#7279 = AXIS2_PLACEMENT_3D('',#7280,#7281,#7282);
#7280 = CARTESIAN_POINT('',(-30.446,15.,31.6));
#7281 = DIRECTION('',(0.,0.,1.));
#7282 = DIRECTION('',(1.,0.,0.));
#7283 = CONICAL_SURFACE('',#7284,3.75,0.785398163397);
#7284 = AXIS2_PLACEMENT_3D('',#7285,#7286,#7287);
#7285 = CARTESIAN_POINT('',(-30.446,15.,31.6));
#7286 = DIRECTION('',(0.,0.,1.));
#7287 = DIRECTION('',(1.,0.,0.));
#7288 = ADVANCED_FACE('',(#7289),#7309,.F.);
#7289 = FACE_BOUND('',#7290,.T.);
#7290 = EDGE_LOOP('',(#7291,#7292,#7300,#7307,#7308));
#7291 = ORIENTED_EDGE('',*,*,#2334,.T.);
#7292 = ORIENTED_EDGE('',*,*,#7293,.T.);
#7293 = EDGE_CURVE('',#2337,#7294,#7296,.T.);
#7294 = VERTEX_POINT('',#7295);
#7295 = CARTESIAN_POINT('',(35.175,15.,31.6));
#7296 = LINE('',#7297,#7298);
#7297 = CARTESIAN_POINT('',(35.175,15.,31.6));
#7298 = VECTOR('',#7299,1.);
#7299 = DIRECTION('',(-0.707106781187,-0.,-0.707106781187));
#7300 = ORIENTED_EDGE('',*,*,#7301,.F.);
#7301 = EDGE_CURVE('',#7294,#7294,#7302,.T.);
#7302 = CIRCLE('',#7303,3.75);
#7303 = AXIS2_PLACEMENT_3D('',#7304,#7305,#7306);
#7304 = CARTESIAN_POINT('',(31.425,15.,31.6));
#7305 = DIRECTION('',(0.,0.,1.));
#7306 = DIRECTION('',(1.,0.,0.));
#7307 = ORIENTED_EDGE('',*,*,#7293,.F.);
#7308 = ORIENTED_EDGE('',*,*,#2345,.T.);
#7309 = CONICAL_SURFACE('',#7310,3.75,0.785398163397);
#7310 = AXIS2_PLACEMENT_3D('',#7311,#7312,#7313);
#7311 = CARTESIAN_POINT('',(31.425,15.,31.6));
#7312 = DIRECTION('',(0.,0.,1.));
#7313 = DIRECTION('',(1.,0.,0.));
#7314 = ADVANCED_FACE('',(#7315,#7575,#7586),#7597,.T.);
#7315 = FACE_BOUND('',#7316,.T.);
#7316 = EDGE_LOOP('',(#7317,#7333,#7339,#7340,#7349,#7356,#7357,#7358,
    #7359,#7373,#7382,#7391,#7405,#7413,#7427,#7452,#7461,#7488,#7502,
    #7516,#7543,#7552));
#7317 = ORIENTED_EDGE('',*,*,#7318,.T.);
#7318 = EDGE_CURVE('',#7319,#7321,#7323,.T.);
#7319 = VERTEX_POINT('',#7320);
#7320 = CARTESIAN_POINT('',(27.873159877878,21.333001624452,0.));
#7321 = VERTEX_POINT('',#7322);
#7322 = CARTESIAN_POINT('',(27.831657031906,21.387119178122,0.));
#7323 = B_SPLINE_CURVE_WITH_KNOTS('',8,(#7324,#7325,#7326,#7327,#7328,
    #7329,#7330,#7331,#7332),.UNSPECIFIED.,.F.,.F.,(9,9),(6.,7.),
  .PIECEWISE_BEZIER_KNOTS.);
#7324 = CARTESIAN_POINT('',(33.262223382335,11.208679479031,0.));
#7325 = CARTESIAN_POINT('',(32.453467436926,13.608696445196,0.));
#7326 = CARTESIAN_POINT('',(31.446801063432,15.942021182297,0.));
#7327 = CARTESIAN_POINT('',(30.248639135301,18.189615474478,0.));
#7328 = CARTESIAN_POINT('',(28.86759800766,20.333176484467,0.));
#7329 = CARTESIAN_POINT('',(27.314382312964,22.355464645322,0.));
#7330 = CARTESIAN_POINT('',(25.601619287947,24.240594595325,0.));
#7331 = CARTESIAN_POINT('',(23.743640631871,25.974289156042,0.));
#7332 = CARTESIAN_POINT('',(21.756211896086,27.544096353532,0.));
#7333 = ORIENTED_EDGE('',*,*,#7334,.T.);
#7334 = EDGE_CURVE('',#7321,#2397,#7335,.T.);
#7335 = LINE('',#7336,#7337);
#7336 = CARTESIAN_POINT('',(27.404713670071,20.450277474024,0.));
#7337 = VECTOR('',#7338,1.);
#7338 = DIRECTION('',(0.414693242656,0.909961270877,0.));
#7339 = ORIENTED_EDGE('',*,*,#2407,.F.);
#7340 = ORIENTED_EDGE('',*,*,#7341,.T.);
#7341 = EDGE_CURVE('',#2408,#7342,#7344,.T.);
#7342 = VERTEX_POINT('',#7343);
#7343 = CARTESIAN_POINT('',(35.873558813737,15.,0.));
#7344 = CIRCLE('',#7345,4.448558813737);
#7345 = AXIS2_PLACEMENT_3D('',#7346,#7347,#7348);
#7346 = CARTESIAN_POINT('',(31.425,15.,0.));
#7347 = DIRECTION('',(0.,0.,-1.));
#7348 = DIRECTION('',(1.,0.,0.));
#7349 = ORIENTED_EDGE('',*,*,#7350,.T.);
#7350 = EDGE_CURVE('',#7342,#2513,#7351,.T.);
#7351 = CIRCLE('',#7352,4.448558813737);
#7352 = AXIS2_PLACEMENT_3D('',#7353,#7354,#7355);
#7353 = CARTESIAN_POINT('',(31.425,15.,0.));
#7354 = DIRECTION('',(0.,0.,-1.));
#7355 = DIRECTION('',(1.,0.,0.));
#7356 = ORIENTED_EDGE('',*,*,#2554,.F.);
#7357 = ORIENTED_EDGE('',*,*,#4979,.F.);
#7358 = ORIENTED_EDGE('',*,*,#4924,.F.);
#7359 = ORIENTED_EDGE('',*,*,#7360,.F.);
#7360 = EDGE_CURVE('',#7361,#4910,#7363,.T.);
#7361 = VERTEX_POINT('',#7362);
#7362 = CARTESIAN_POINT('',(34.533813180117,-11.81802637811,0.));
#7363 = B_SPLINE_CURVE_WITH_KNOTS('',8,(#7364,#7365,#7366,#7367,#7368,
    #7369,#7370,#7371,#7372),.UNSPECIFIED.,.F.,.F.,(9,9),(3.,4.),
  .PIECEWISE_BEZIER_KNOTS.);
#7364 = CARTESIAN_POINT('',(21.907006108092,-29.1947441054,0.));
#7365 = CARTESIAN_POINT('',(24.145943245321,-27.51470165105,0.));
#7366 = CARTESIAN_POINT('',(26.237631882569,-25.63842727956,0.));
#7367 = CARTESIAN_POINT('',(28.162008946847,-23.58097459668,0.));
#7368 = CARTESIAN_POINT('',(29.900852556382,-21.35986712529,0.));
#7369 = CARTESIAN_POINT('',(31.438172462743,-18.99479989509,0.));
#7370 = CARTESIAN_POINT('',(32.760522243528,-16.50728513432,0.));
#7371 = CARTESIAN_POINT('',(33.85723324559,-13.9202420635,0.));
#7372 = CARTESIAN_POINT('',(34.720570278818,-11.25753079114,0.));
#7373 = ORIENTED_EDGE('',*,*,#7374,.T.);
#7374 = EDGE_CURVE('',#7361,#7375,#7377,.T.);
#7375 = VERTEX_POINT('',#7376);
#7376 = CARTESIAN_POINT('',(35.873558813737,-15.,0.));
#7377 = CIRCLE('',#7378,4.448558813737);
#7378 = AXIS2_PLACEMENT_3D('',#7379,#7380,#7381);
#7379 = CARTESIAN_POINT('',(31.425,-15.,0.));
#7380 = DIRECTION('',(0.,0.,-1.));
#7381 = DIRECTION('',(1.,0.,0.));
#7382 = ORIENTED_EDGE('',*,*,#7383,.T.);
#7383 = EDGE_CURVE('',#7375,#7384,#7386,.T.);
#7384 = VERTEX_POINT('',#7385);
#7385 = CARTESIAN_POINT('',(30.906051965789,-19.41818610484,0.));
#7386 = CIRCLE('',#7387,4.448558813737);
#7387 = AXIS2_PLACEMENT_3D('',#7388,#7389,#7390);
#7388 = CARTESIAN_POINT('',(31.425,-15.,0.));
#7389 = DIRECTION('',(0.,0.,-1.));
#7390 = DIRECTION('',(1.,0.,0.));
#7391 = ORIENTED_EDGE('',*,*,#7392,.F.);
#7392 = EDGE_CURVE('',#7393,#7384,#7395,.T.);
#7393 = VERTEX_POINT('',#7394);
#7394 = CARTESIAN_POINT('',(28.485433849554,-22.82170147332,0.));
#7395 = B_SPLINE_CURVE_WITH_KNOTS('',8,(#7396,#7397,#7398,#7399,#7400,
    #7401,#7402,#7403,#7404),.UNSPECIFIED.,.F.,.F.,(9,9),(3.,4.),
  .PIECEWISE_BEZIER_KNOTS.);
#7396 = CARTESIAN_POINT('',(21.907006108092,-29.1947441054,0.));
#7397 = CARTESIAN_POINT('',(24.145943245321,-27.51470165105,0.));
#7398 = CARTESIAN_POINT('',(26.237631882569,-25.63842727956,0.));
#7399 = CARTESIAN_POINT('',(28.162008946847,-23.58097459668,0.));
#7400 = CARTESIAN_POINT('',(29.900852556382,-21.35986712529,0.));
#7401 = CARTESIAN_POINT('',(31.438172462743,-18.99479989509,0.));
#7402 = CARTESIAN_POINT('',(32.760522243528,-16.50728513432,0.));
#7403 = CARTESIAN_POINT('',(33.85723324559,-13.9202420635,0.));
#7404 = CARTESIAN_POINT('',(34.720570278818,-11.25753079114,0.));
#7405 = ORIENTED_EDGE('',*,*,#7406,.F.);
#7406 = EDGE_CURVE('',#7407,#7393,#7409,.T.);
#7407 = VERTEX_POINT('',#7408);
#7408 = CARTESIAN_POINT('',(27.831657031906,-21.38711917812,0.));
#7409 = LINE('',#7410,#7411);
#7410 = CARTESIAN_POINT('',(27.404713670071,-20.45027747402,0.));
#7411 = VECTOR('',#7412,1.);
#7412 = DIRECTION('',(0.414693242656,-0.909961270877,0.));
#7413 = ORIENTED_EDGE('',*,*,#7414,.T.);
#7414 = EDGE_CURVE('',#7407,#7415,#7417,.T.);
#7415 = VERTEX_POINT('',#7416);
#7416 = CARTESIAN_POINT('',(27.873159877878,-21.33300162445,0.));
#7417 = B_SPLINE_CURVE_WITH_KNOTS('',8,(#7418,#7419,#7420,#7421,#7422,
    #7423,#7424,#7425,#7426),.UNSPECIFIED.,.F.,.F.,(9,9),(3.,4.),
  .PIECEWISE_BEZIER_KNOTS.);
#7418 = CARTESIAN_POINT('',(21.756211896085,-27.54409635353,0.));
#7419 = CARTESIAN_POINT('',(23.743640631871,-25.97428915604,0.));
#7420 = CARTESIAN_POINT('',(25.601619287947,-24.24059459532,0.));
#7421 = CARTESIAN_POINT('',(27.314382312964,-22.35546464532,0.));
#7422 = CARTESIAN_POINT('',(28.86759800766,-20.33317648446,0.));
#7423 = CARTESIAN_POINT('',(30.248639135301,-18.18961547447,0.));
#7424 = CARTESIAN_POINT('',(31.446801063432,-15.94202118229,0.));
#7425 = CARTESIAN_POINT('',(32.453467436926,-13.60869644519,0.));
#7426 = CARTESIAN_POINT('',(33.262223382335,-11.20867947903,0.));
#7427 = ORIENTED_EDGE('',*,*,#7428,.T.);
#7428 = EDGE_CURVE('',#7415,#7429,#7431,.T.);
#7429 = VERTEX_POINT('',#7430);
#7430 = CARTESIAN_POINT('',(27.868199176307,-17.67186141479,0.));
#7431 = B_SPLINE_CURVE_WITH_KNOTS('',7,(#7432,#7433,#7434,#7435,#7436,
    #7437,#7438,#7439,#7440,#7441,#7442,#7443,#7444,#7445,#7446,#7447,
    #7448,#7449,#7450,#7451),.UNSPECIFIED.,.F.,.F.,(8,6,6,8),(0.,
    0.438862066418,0.719180603878,1.),.UNSPECIFIED.);
#7432 = CARTESIAN_POINT('',(27.873159067399,-21.3330022569,0.));
#7433 = CARTESIAN_POINT('',(28.012077201248,-21.15149538404,0.));
#7434 = CARTESIAN_POINT('',(28.138942396224,-20.95176167268,0.));
#7435 = CARTESIAN_POINT('',(28.250166156878,-20.73475591915,0.));
#7436 = CARTESIAN_POINT('',(28.342114445776,-20.50248676742,0.));
#7437 = CARTESIAN_POINT('',(28.411565720648,-20.25828152277,0.));
#7438 = CARTESIAN_POINT('',(28.456551107304,-20.00646560745,0.));
#7439 = CARTESIAN_POINT('',(28.489197588598,-19.58879621353,0.));
#7440 = CARTESIAN_POINT('',(28.491697164367,-19.42474834826,0.));
#7441 = CARTESIAN_POINT('',(28.483814414083,-19.26063389111,0.));
#7442 = CARTESIAN_POINT('',(28.465622698496,-19.09767604798,0.));
#7443 = CARTESIAN_POINT('',(28.437431212915,-18.93705280128,0.));
#7444 = CARTESIAN_POINT('',(28.399755780714,-18.77983247905,0.));
#7445 = CARTESIAN_POINT('',(28.306671313997,-18.47375249989,0.));
#7446 = CARTESIAN_POINT('',(28.251230534776,-18.32490673559,0.));
#7447 = CARTESIAN_POINT('',(28.187594244269,-18.18131116376,0.));
#7448 = CARTESIAN_POINT('',(28.116572653566,-18.04372808313,0.));
#7449 = CARTESIAN_POINT('',(28.03905843458,-17.91273070697,0.));
#7450 = CARTESIAN_POINT('',(27.955969264986,-17.78870157797,0.));
#7451 = CARTESIAN_POINT('',(27.868199176307,-17.67186141479,0.));
#7452 = ORIENTED_EDGE('',*,*,#7453,.T.);
#7453 = EDGE_CURVE('',#7429,#7454,#7456,.T.);
#7454 = VERTEX_POINT('',#7455);
#7455 = CARTESIAN_POINT('',(31.279718283218,-10.55381413545,0.));
#7456 = CIRCLE('',#7457,4.448558813737);
#7457 = AXIS2_PLACEMENT_3D('',#7458,#7459,#7460);
#7458 = CARTESIAN_POINT('',(31.425,-15.,0.));
#7459 = DIRECTION('',(0.,0.,-1.));
#7460 = DIRECTION('',(1.,0.,0.));
#7461 = ORIENTED_EDGE('',*,*,#7462,.F.);
#7462 = EDGE_CURVE('',#7463,#7454,#7465,.T.);
#7463 = VERTEX_POINT('',#7464);
#7464 = CARTESIAN_POINT('',(34.115054129878,-8.256699202188,0.));
#7465 = B_SPLINE_CURVE_WITH_KNOTS('',6,(#7466,#7467,#7468,#7469,#7470,
    #7471,#7472,#7473,#7474,#7475,#7476,#7477,#7478,#7479,#7480,#7481,
    #7482,#7483,#7484,#7485,#7486,#7487),.UNSPECIFIED.,.F.,.F.,(7,5,5,5,
    7),(0.,0.234748259692,0.470939429646,0.735210752521,1.),
  .UNSPECIFIED.);
#7466 = CARTESIAN_POINT('',(34.115054112344,-8.256699345485,0.));
#7467 = CARTESIAN_POINT('',(34.081492442653,-8.395369548315,0.));
#7468 = CARTESIAN_POINT('',(34.039317658162,-8.534813630419,0.));
#7469 = CARTESIAN_POINT('',(33.988139170569,-8.674136128515,0.));
#7470 = CARTESIAN_POINT('',(33.927712257351,-8.812309401058,0.));
#7471 = CARTESIAN_POINT('',(33.858011370309,-8.94821302,0.));
#7472 = CARTESIAN_POINT('',(33.700011974794,-9.21406371506,0.));
#7473 = CARTESIAN_POINT('',(33.611601153025,-9.343969885431,0.));
#7474 = CARTESIAN_POINT('',(33.514242104311,-9.469312667411,0.));
#7475 = CARTESIAN_POINT('',(33.408400738918,-9.588959229972,0.));
#7476 = CARTESIAN_POINT('',(33.294801291363,-9.701886095757,0.));
#7477 = CARTESIAN_POINT('',(33.039576156804,-9.925165799285,0.));
#7478 = CARTESIAN_POINT('',(32.896222830033,-10.03361769885,0.));
#7479 = CARTESIAN_POINT('',(32.745555532893,-10.13145190595,0.));
#7480 = CARTESIAN_POINT('',(32.589125542449,-10.21780437006,0.));
#7481 = CARTESIAN_POINT('',(32.42861016269,-10.29223895724,0.));
#7482 = CARTESIAN_POINT('',(32.102334890138,-10.41727299331,0.));
#7483 = CARTESIAN_POINT('',(31.936563865508,-10.46782626447,0.));
#7484 = CARTESIAN_POINT('',(31.769951213603,-10.50629237498,0.));
#7485 = CARTESIAN_POINT('',(31.604075494961,-10.53299454619,0.));
#7486 = CARTESIAN_POINT('',(31.440295797041,-10.54856717152,0.));
#7487 = CARTESIAN_POINT('',(31.279718283218,-10.55381413545,0.));
#7488 = ORIENTED_EDGE('',*,*,#7489,.T.);
#7489 = EDGE_CURVE('',#7463,#7490,#7492,.T.);
#7490 = VERTEX_POINT('',#7491);
#7491 = CARTESIAN_POINT('',(35.100000000738,-5.E-15,0.));
#7492 = B_SPLINE_CURVE_WITH_KNOTS('',8,(#7493,#7494,#7495,#7496,#7497,
    #7498,#7499,#7500,#7501),.UNSPECIFIED.,.F.,.F.,(9,9),(4.,5.),
  .PIECEWISE_BEZIER_KNOTS.);
#7493 = CARTESIAN_POINT('',(33.262223382335,-11.20867947903,0.));
#7494 = CARTESIAN_POINT('',(33.717615627188,-9.857284017753,0.));
#7495 = CARTESIAN_POINT('',(34.110259047546,-8.48474351348,0.));
#7496 = CARTESIAN_POINT('',(34.43900819444,-7.09445711528,0.));
#7497 = CARTESIAN_POINT('',(34.702938563738,-5.689898544785,0.));
#7498 = CARTESIAN_POINT('',(34.901352692662,-4.274597922574,0.));
#7499 = CARTESIAN_POINT('',(35.033784232854,-2.852123262776,0.));
#7500 = CARTESIAN_POINT('',(35.100000001475,-1.426061631388,0.));
#7501 = CARTESIAN_POINT('',(35.100000000738,-5.44E-15,0.));
#7502 = ORIENTED_EDGE('',*,*,#7503,.T.);
#7503 = EDGE_CURVE('',#7490,#7504,#7506,.T.);
#7504 = VERTEX_POINT('',#7505);
#7505 = CARTESIAN_POINT('',(34.115054099462,8.256699327786,0.));
#7506 = B_SPLINE_CURVE_WITH_KNOTS('',8,(#7507,#7508,#7509,#7510,#7511,
    #7512,#7513,#7514,#7515),.UNSPECIFIED.,.F.,.F.,(9,9),(5.,6.),
  .PIECEWISE_BEZIER_KNOTS.);
#7507 = CARTESIAN_POINT('',(35.100000000738,-5.44E-15,0.));
#7508 = CARTESIAN_POINT('',(35.1,1.426061631388,0.));
#7509 = CARTESIAN_POINT('',(35.033784229904,2.852123262776,0.));
#7510 = CARTESIAN_POINT('',(34.901352692662,4.274597922574,0.));
#7511 = CARTESIAN_POINT('',(34.702938563738,5.689898544785,0.));
#7512 = CARTESIAN_POINT('',(34.43900819444,7.09445711528,0.));
#7513 = CARTESIAN_POINT('',(34.110259047546,8.48474351348,0.));
#7514 = CARTESIAN_POINT('',(33.717615627188,9.857284017753,0.));
#7515 = CARTESIAN_POINT('',(33.262223382335,11.208679479031,0.));
#7516 = ORIENTED_EDGE('',*,*,#7517,.F.);
#7517 = EDGE_CURVE('',#7518,#7504,#7520,.T.);
#7518 = VERTEX_POINT('',#7519);
#7519 = CARTESIAN_POINT('',(31.279718168832,10.553814139196,0.));
#7520 = B_SPLINE_CURVE_WITH_KNOTS('',6,(#7521,#7522,#7523,#7524,#7525,
    #7526,#7527,#7528,#7529,#7530,#7531,#7532,#7533,#7534,#7535,#7536,
    #7537,#7538,#7539,#7540,#7541,#7542),.UNSPECIFIED.,.F.,.F.,(7,5,5,5,
    7),(0.,0.264688693012,0.528959837993,0.764150990357,1.),
  .UNSPECIFIED.);
#7521 = CARTESIAN_POINT('',(31.279718168832,10.553814139196,0.));
#7522 = CARTESIAN_POINT('',(31.44023472721,10.548569162881,0.));
#7523 = CARTESIAN_POINT('',(31.603951033698,10.533006366307,0.));
#7524 = CARTESIAN_POINT('',(31.76976218437,10.506322778038,0.));
#7525 = CARTESIAN_POINT('',(31.936310737634,10.467884666257,0.));
#7526 = CARTESIAN_POINT('',(32.10202009662,10.417368936103,0.));
#7527 = CARTESIAN_POINT('',(32.42824263921,10.29240429952,0.));
#7528 = CARTESIAN_POINT('',(32.588765071373,10.217992456602,0.));
#7529 = CARTESIAN_POINT('',(32.745204647965,10.131662231401,0.));
#7530 = CARTESIAN_POINT('',(32.895884007316,10.033849286369,0.));
#7531 = CARTESIAN_POINT('',(33.039251657113,9.925417230355,0.));
#7532 = CARTESIAN_POINT('',(33.293997624171,9.70261778604,0.));
#7533 = CARTESIAN_POINT('',(33.407161069803,9.590215500598,0.));
#7534 = CARTESIAN_POINT('',(33.512637094085,9.471145171849,0.));
#7535 = CARTESIAN_POINT('',(33.609709575649,9.346416320435,0.));
#7536 = CARTESIAN_POINT('',(33.697916005448,9.217146485658,0.));
#7537 = CARTESIAN_POINT('',(33.856375181646,8.951398681779,0.));
#7538 = CARTESIAN_POINT('',(33.926577651415,8.81490072799,0.));
#7539 = CARTESIAN_POINT('',(33.987418637342,8.676095882629,0.));
#7540 = CARTESIAN_POINT('',(34.038921935442,8.536121270507,0.));
#7541 = CARTESIAN_POINT('',(34.081335051007,8.396019702123,0.));
#7542 = CARTESIAN_POINT('',(34.115054084313,8.256699302512,0.));
#7543 = ORIENTED_EDGE('',*,*,#7544,.T.);
#7544 = EDGE_CURVE('',#7518,#7545,#7547,.T.);
#7545 = VERTEX_POINT('',#7546);
#7546 = CARTESIAN_POINT('',(27.868199176307,17.671861414792,0.));
#7547 = CIRCLE('',#7548,4.448558813737);
#7548 = AXIS2_PLACEMENT_3D('',#7549,#7550,#7551);
#7549 = CARTESIAN_POINT('',(31.425,15.,0.));
#7550 = DIRECTION('',(0.,0.,-1.));
#7551 = DIRECTION('',(1.,0.,0.));
#7552 = ORIENTED_EDGE('',*,*,#7553,.T.);
#7553 = EDGE_CURVE('',#7545,#7319,#7554,.T.);
#7554 = B_SPLINE_CURVE_WITH_KNOTS('',7,(#7555,#7556,#7557,#7558,#7559,
    #7560,#7561,#7562,#7563,#7564,#7565,#7566,#7567,#7568,#7569,#7570,
    #7571,#7572,#7573,#7574),.UNSPECIFIED.,.F.,.F.,(8,6,6,8),(0.,
    0.280931456259,0.561249867536,1.),.UNSPECIFIED.);
#7555 = CARTESIAN_POINT('',(27.868199176307,17.671861414792,0.));
#7556 = CARTESIAN_POINT('',(27.956004288851,17.788748201992,0.));
#7557 = CARTESIAN_POINT('',(28.039124746211,17.912829694688,0.));
#7558 = CARTESIAN_POINT('',(28.116665446768,18.043884908377,0.));
#7559 = CARTESIAN_POINT('',(28.187707601835,18.181530778163,0.));
#7560 = CARTESIAN_POINT('',(28.251357491106,18.325193251386,0.));
#7561 = CARTESIAN_POINT('',(28.306804034954,18.474108888885,0.));
#7562 = CARTESIAN_POINT('',(28.399864683427,18.780270644954,0.));
#7563 = CARTESIAN_POINT('',(28.43751761626,18.937499418524,0.));
#7564 = CARTESIAN_POINT('',(28.465685525895,19.098129044582,0.));
#7565 = CARTESIAN_POINT('',(28.483852890134,19.261090995312,0.));
#7566 = CARTESIAN_POINT('',(28.49171086832,19.425207165971,0.));
#7567 = CARTESIAN_POINT('',(28.489186479079,19.589254321616,0.));
#7568 = CARTESIAN_POINT('',(28.456482242643,20.006850945982,0.));
#7569 = CARTESIAN_POINT('',(28.411477139989,20.258592935885,0.));
#7570 = CARTESIAN_POINT('',(28.342020630662,20.502723733225,0.));
#7571 = CARTESIAN_POINT('',(28.250081047878,20.734921957299,0.));
#7572 = CARTESIAN_POINT('',(28.13887768509,20.951863547898,0.));
#7573 = CARTESIAN_POINT('',(28.012041777676,21.151541667575,0.));
#7574 = CARTESIAN_POINT('',(27.873159067399,21.333002256906,0.));
#7575 = FACE_BOUND('',#7576,.T.);
#7576 = EDGE_LOOP('',(#7577));
#7577 = ORIENTED_EDGE('',*,*,#7578,.F.);
#7578 = EDGE_CURVE('',#7579,#7579,#7581,.T.);
#7579 = VERTEX_POINT('',#7580);
#7580 = CARTESIAN_POINT('',(33.025,-15.,0.));
#7581 = CIRCLE('',#7582,1.6);
#7582 = AXIS2_PLACEMENT_3D('',#7583,#7584,#7585);
#7583 = CARTESIAN_POINT('',(31.425,-15.,0.));
#7584 = DIRECTION('',(0.,0.,-1.));
#7585 = DIRECTION('',(1.,0.,0.));
#7586 = FACE_BOUND('',#7587,.T.);
#7587 = EDGE_LOOP('',(#7588));
#7588 = ORIENTED_EDGE('',*,*,#7589,.F.);
#7589 = EDGE_CURVE('',#7590,#7590,#7592,.T.);
#7590 = VERTEX_POINT('',#7591);
#7591 = CARTESIAN_POINT('',(33.025,15.,0.));
#7592 = CIRCLE('',#7593,1.6);
#7593 = AXIS2_PLACEMENT_3D('',#7594,#7595,#7596);
#7594 = CARTESIAN_POINT('',(31.425,15.,0.));
#7595 = DIRECTION('',(0.,0.,-1.));
#7596 = DIRECTION('',(1.,0.,0.));
#7597 = PLANE('',#7598);
#7598 = AXIS2_PLACEMENT_3D('',#7599,#7600,#7601);
#7599 = CARTESIAN_POINT('',(0.41810529315,1.34E-15,0.));
#7600 = DIRECTION('',(-0.,-0.,-1.));
#7601 = DIRECTION('',(-1.,0.,0.));
#7602 = ADVANCED_FACE('',(#7603),#7609,.T.);
#7603 = FACE_BOUND('',#7604,.T.);
#7604 = EDGE_LOOP('',(#7605,#7606,#7607,#7608));
#7605 = ORIENTED_EDGE('',*,*,#7341,.F.);
#7606 = ORIENTED_EDGE('',*,*,#2421,.T.);
#7607 = ORIENTED_EDGE('',*,*,#2512,.T.);
#7608 = ORIENTED_EDGE('',*,*,#7350,.F.);
#7609 = CYLINDRICAL_SURFACE('',#7610,4.448558813737);
#7610 = AXIS2_PLACEMENT_3D('',#7611,#7612,#7613);
#7611 = CARTESIAN_POINT('',(31.425,15.,0.));
#7612 = DIRECTION('',(0.,0.,-1.));
#7613 = DIRECTION('',(1.,0.,0.));
#7614 = ADVANCED_FACE('',(#7615),#7629,.T.);
#7615 = FACE_BOUND('',#7616,.T.);
#7616 = EDGE_LOOP('',(#7617,#7618,#7627,#7628));
#7617 = ORIENTED_EDGE('',*,*,#7334,.F.);
#7618 = ORIENTED_EDGE('',*,*,#7619,.F.);
#7619 = EDGE_CURVE('',#2891,#7321,#7620,.T.);
#7620 = B_SPLINE_CURVE_WITH_KNOTS('',5,(#7621,#7622,#7623,#7624,#7625,
    #7626),.UNSPECIFIED.,.F.,.F.,(6,6),(0.,1.),
  .PIECEWISE_BEZIER_KNOTS.);
#7621 = CARTESIAN_POINT('',(28.284957777932,22.381796883263,6.5));
#7622 = CARTESIAN_POINT('',(28.198581959237,22.19226244752,5.19914424167
    ));
#7623 = CARTESIAN_POINT('',(28.11013601396,21.998185533578,3.89868842292
    ));
#7624 = CARTESIAN_POINT('',(28.019547079503,21.799406259052,
    2.598659596148));
#7625 = CARTESIAN_POINT('',(27.926742199984,21.595764536872,
    1.299086945292));
#7626 = CARTESIAN_POINT('',(27.831657031906,21.387119178122,0.));
#7627 = ORIENTED_EDGE('',*,*,#2917,.T.);
#7628 = ORIENTED_EDGE('',*,*,#2396,.T.);
#7629 = PLANE('',#7630);
#7630 = AXIS2_PLACEMENT_3D('',#7631,#7632,#7633);
#7631 = CARTESIAN_POINT('',(27.404713670071,20.450277474024,0.));
#7632 = DIRECTION('',(-0.909961270877,0.414693242656,0.));
#7633 = DIRECTION('',(0.414693242656,0.909961270877,0.));
#7634 = ADVANCED_FACE('',(#7635,#7668,#7676,#7684,#7692,#7700,#7708,
    #7716,#7724,#7732),#7740,.T.);
#7635 = FACE_BOUND('',#7636,.T.);
#7636 = EDGE_LOOP('',(#7637,#7638,#7639,#7640,#7647,#7661,#7666,#7667));
#7637 = ORIENTED_EDGE('',*,*,#2597,.F.);
#7638 = ORIENTED_EDGE('',*,*,#2694,.F.);
#7639 = ORIENTED_EDGE('',*,*,#2877,.T.);
#7640 = ORIENTED_EDGE('',*,*,#7641,.F.);
#7641 = EDGE_CURVE('',#7642,#2878,#7644,.T.);
#7642 = VERTEX_POINT('',#7643);
#7643 = CARTESIAN_POINT('',(21.5,26.6,22.));
#7644 = B_SPLINE_CURVE_WITH_KNOTS('',1,(#7645,#7646),.UNSPECIFIED.,.F.,
  .F.,(2,2),(0.,22.),.PIECEWISE_BEZIER_KNOTS.);
#7645 = CARTESIAN_POINT('',(21.5,26.6,22.));
#7646 = CARTESIAN_POINT('',(21.756211896086,27.544096353532,0.));
#7647 = ORIENTED_EDGE('',*,*,#7648,.T.);
#7648 = EDGE_CURVE('',#7642,#7649,#7651,.T.);
#7649 = VERTEX_POINT('',#7650);
#7650 = CARTESIAN_POINT('',(-20.521,26.6,22.));
#7651 = B_SPLINE_CURVE_WITH_KNOTS('',8,(#7652,#7653,#7654,#7655,#7656,
    #7657,#7658,#7659,#7660),.UNSPECIFIED.,.F.,.F.,(9,9),(7.,8.),
  .PIECEWISE_BEZIER_KNOTS.);
#7652 = CARTESIAN_POINT('',(21.5,26.6,22.));
#7653 = CARTESIAN_POINT('',(16.247375,26.6,22.));
#7654 = CARTESIAN_POINT('',(10.99475,26.6,22.));
#7655 = CARTESIAN_POINT('',(5.742125,26.6,22.));
#7656 = CARTESIAN_POINT('',(0.4895,26.6,22.));
#7657 = CARTESIAN_POINT('',(-4.763125,26.6,22.));
#7658 = CARTESIAN_POINT('',(-10.01575,26.6,22.));
#7659 = CARTESIAN_POINT('',(-15.268375,26.6,22.));
#7660 = CARTESIAN_POINT('',(-20.521,26.6,22.));
#7661 = ORIENTED_EDGE('',*,*,#7662,.T.);
#7662 = EDGE_CURVE('',#7649,#2754,#7663,.T.);
#7663 = B_SPLINE_CURVE_WITH_KNOTS('',1,(#7664,#7665),.UNSPECIFIED.,.F.,
  .F.,(2,2),(0.,22.),.PIECEWISE_BEZIER_KNOTS.);
#7664 = CARTESIAN_POINT('',(-20.521,26.6,22.));
#7665 = CARTESIAN_POINT('',(-21.75621189608,27.544096353532,0.));
#7666 = ORIENTED_EDGE('',*,*,#2753,.F.);
#7667 = ORIENTED_EDGE('',*,*,#2622,.T.);
#7668 = FACE_BOUND('',#7669,.T.);
#7669 = EDGE_LOOP('',(#7670,#7671,#7672,#7673,#7674,#7675));
#7670 = ORIENTED_EDGE('',*,*,#3131,.F.);
#7671 = ORIENTED_EDGE('',*,*,#3269,.T.);
#7672 = ORIENTED_EDGE('',*,*,#3250,.T.);
#7673 = ORIENTED_EDGE('',*,*,#3221,.T.);
#7674 = ORIENTED_EDGE('',*,*,#3195,.F.);
#7675 = ORIENTED_EDGE('',*,*,#3167,.F.);
#7676 = FACE_BOUND('',#7677,.T.);
#7677 = EDGE_LOOP('',(#7678,#7679,#7680,#7681,#7682,#7683));
#7678 = ORIENTED_EDGE('',*,*,#3454,.F.);
#7679 = ORIENTED_EDGE('',*,*,#3587,.T.);
#7680 = ORIENTED_EDGE('',*,*,#3568,.T.);
#7681 = ORIENTED_EDGE('',*,*,#3541,.T.);
#7682 = ORIENTED_EDGE('',*,*,#3514,.F.);
#7683 = ORIENTED_EDGE('',*,*,#3488,.F.);
#7684 = FACE_BOUND('',#7685,.T.);
#7685 = EDGE_LOOP('',(#7686,#7687,#7688,#7689,#7690,#7691));
#7686 = ORIENTED_EDGE('',*,*,#3616,.F.);
#7687 = ORIENTED_EDGE('',*,*,#3750,.T.);
#7688 = ORIENTED_EDGE('',*,*,#3731,.T.);
#7689 = ORIENTED_EDGE('',*,*,#3705,.T.);
#7690 = ORIENTED_EDGE('',*,*,#3676,.F.);
#7691 = ORIENTED_EDGE('',*,*,#3650,.F.);
#7692 = FACE_BOUND('',#7693,.T.);
#7693 = EDGE_LOOP('',(#7694,#7695,#7696,#7697,#7698,#7699));
#7694 = ORIENTED_EDGE('',*,*,#4096,.F.);
#7695 = ORIENTED_EDGE('',*,*,#4227,.T.);
#7696 = ORIENTED_EDGE('',*,*,#4208,.T.);
#7697 = ORIENTED_EDGE('',*,*,#4182,.T.);
#7698 = ORIENTED_EDGE('',*,*,#4155,.F.);
#7699 = ORIENTED_EDGE('',*,*,#4129,.F.);
#7700 = FACE_BOUND('',#7701,.T.);
#7701 = EDGE_LOOP('',(#7702,#7703,#7704,#7705,#7706,#7707));
#7702 = ORIENTED_EDGE('',*,*,#3776,.T.);
#7703 = ORIENTED_EDGE('',*,*,#3913,.T.);
#7704 = ORIENTED_EDGE('',*,*,#3894,.T.);
#7705 = ORIENTED_EDGE('',*,*,#3865,.F.);
#7706 = ORIENTED_EDGE('',*,*,#3838,.F.);
#7707 = ORIENTED_EDGE('',*,*,#3812,.F.);
#7708 = FACE_BOUND('',#7709,.T.);
#7709 = EDGE_LOOP('',(#7710,#7711,#7712,#7713,#7714,#7715));
#7710 = ORIENTED_EDGE('',*,*,#3296,.F.);
#7711 = ORIENTED_EDGE('',*,*,#3428,.T.);
#7712 = ORIENTED_EDGE('',*,*,#3409,.T.);
#7713 = ORIENTED_EDGE('',*,*,#3382,.F.);
#7714 = ORIENTED_EDGE('',*,*,#3356,.F.);
#7715 = ORIENTED_EDGE('',*,*,#3330,.F.);
#7716 = FACE_BOUND('',#7717,.T.);
#7717 = EDGE_LOOP('',(#7718,#7719,#7720,#7721,#7722,#7723));
#7718 = ORIENTED_EDGE('',*,*,#3940,.T.);
#7719 = ORIENTED_EDGE('',*,*,#4070,.T.);
#7720 = ORIENTED_EDGE('',*,*,#4051,.T.);
#7721 = ORIENTED_EDGE('',*,*,#4025,.F.);
#7722 = ORIENTED_EDGE('',*,*,#3999,.F.);
#7723 = ORIENTED_EDGE('',*,*,#3973,.F.);
#7724 = FACE_BOUND('',#7725,.T.);
#7725 = EDGE_LOOP('',(#7726,#7727,#7728,#7729,#7730,#7731));
#7726 = ORIENTED_EDGE('',*,*,#4254,.F.);
#7727 = ORIENTED_EDGE('',*,*,#4392,.T.);
#7728 = ORIENTED_EDGE('',*,*,#4373,.T.);
#7729 = ORIENTED_EDGE('',*,*,#4346,.T.);
#7730 = ORIENTED_EDGE('',*,*,#4314,.F.);
#7731 = ORIENTED_EDGE('',*,*,#4288,.F.);
#7732 = FACE_BOUND('',#7733,.T.);
#7733 = EDGE_LOOP('',(#7734,#7735,#7736,#7737,#7738,#7739));
#7734 = ORIENTED_EDGE('',*,*,#4421,.F.);
#7735 = ORIENTED_EDGE('',*,*,#4554,.T.);
#7736 = ORIENTED_EDGE('',*,*,#4535,.T.);
#7737 = ORIENTED_EDGE('',*,*,#4508,.F.);
#7738 = ORIENTED_EDGE('',*,*,#4481,.F.);
#7739 = ORIENTED_EDGE('',*,*,#4455,.F.);
#7740 = B_SPLINE_SURFACE_WITH_KNOTS('',8,1,(
    (#7741,#7742)
    ,(#7743,#7744)
    ,(#7745,#7746)
    ,(#7747,#7748)
    ,(#7749,#7750)
    ,(#7751,#7752)
    ,(#7753,#7754)
    ,(#7755,#7756)
    ,(#7757,#7758
    )),.UNSPECIFIED.,.F.,.F.,.F.,(9,9),(2,2),(7.,8.),(0.,22.),
  .PIECEWISE_BEZIER_KNOTS.);
#7741 = CARTESIAN_POINT('',(21.5,26.6,22.));
#7742 = CARTESIAN_POINT('',(21.756211896086,27.544096353532,0.));
#7743 = CARTESIAN_POINT('',(16.247375,26.6,22.));
#7744 = CARTESIAN_POINT('',(17.152680679003,31.180280287235,0.));
#7745 = CARTESIAN_POINT('',(10.99475,26.6,22.));
#7746 = CARTESIAN_POINT('',(11.854603834062,33.937146984367,0.));
#7747 = CARTESIAN_POINT('',(5.742125,26.6,22.));
#7748 = CARTESIAN_POINT('',(6.057937564573,35.659920807751,0.));
#7749 = CARTESIAN_POINT('',(0.4895,26.6,22.));
#7750 = CARTESIAN_POINT('',(-2.5979E-13,36.246228013845,0.));
#7751 = CARTESIAN_POINT('',(-4.763125,26.6,22.));
#7752 = CARTESIAN_POINT('',(-6.057937564573,35.659920807751,0.));
#7753 = CARTESIAN_POINT('',(-10.01575,26.6,22.));
#7754 = CARTESIAN_POINT('',(-11.85460383406,33.937146984367,0.));
#7755 = CARTESIAN_POINT('',(-15.268375,26.6,22.));
#7756 = CARTESIAN_POINT('',(-17.152680679,31.180280287235,0.));
#7757 = CARTESIAN_POINT('',(-20.521,26.6,22.));
#7758 = CARTESIAN_POINT('',(-21.75621189608,27.544096353532,0.));
#7759 = ADVANCED_FACE('',(#7760),#7822,.T.);
#7760 = FACE_BOUND('',#7761,.T.);
#7761 = EDGE_LOOP('',(#7762,#7763,#7764,#7778));
#7762 = ORIENTED_EDGE('',*,*,#2767,.F.);
#7763 = ORIENTED_EDGE('',*,*,#7662,.F.);
#7764 = ORIENTED_EDGE('',*,*,#7765,.T.);
#7765 = EDGE_CURVE('',#7649,#7766,#7768,.T.);
#7766 = VERTEX_POINT('',#7767);
#7767 = CARTESIAN_POINT('',(-28.99903814206,23.886247058354,22.));
#7768 = B_SPLINE_CURVE_WITH_KNOTS('',8,(#7769,#7770,#7771,#7772,#7773,
    #7774,#7775,#7776,#7777),.UNSPECIFIED.,.F.,.F.,(9,9),(8.,9.),
  .PIECEWISE_BEZIER_KNOTS.);
#7769 = CARTESIAN_POINT('',(-20.521,26.6,22.));
#7770 = CARTESIAN_POINT('',(-23.3877032964,26.6,22.));
#7771 = CARTESIAN_POINT('',(-26.25440749515,25.956712481165,22.));
#7772 = CARTESIAN_POINT('',(-28.95269322129,24.670143761725,22.));
#7773 = CARTESIAN_POINT('',(-31.31417783438,22.793177834384,22.));
#7774 = CARTESIAN_POINT('',(-33.19114376172,20.431693221294,22.));
#7775 = CARTESIAN_POINT('',(-34.47771248116,17.73340749516,22.));
#7776 = CARTESIAN_POINT('',(-35.121,14.866703296401,22.));
#7777 = CARTESIAN_POINT('',(-35.121,12.,22.));
#7778 = ORIENTED_EDGE('',*,*,#7779,.T.);
#7779 = EDGE_CURVE('',#7766,#2768,#7780,.T.);
#7780 = B_SPLINE_CURVE_WITH_KNOTS('',14,(#7781,#7782,#7783,#7784,#7785,
    #7786,#7787,#7788,#7789,#7790,#7791,#7792,#7793,#7794,#7795,#7796,
    #7797,#7798,#7799,#7800,#7801,#7802,#7803,#7804,#7805,#7806,#7807,
    #7808,#7809,#7810,#7811,#7812,#7813,#7814,#7815,#7816,#7817,#7818,
    #7819,#7820,#7821),.UNSPECIFIED.,.F.,.F.,(15,13,13,15),(
    0.903215661028,1.739050897664,23.029749456268,24.255648490827),
  .UNSPECIFIED.);
#7781 = CARTESIAN_POINT('',(-29.41605363004,23.917927812049,
    24.311386226248));
#7782 = CARTESIAN_POINT('',(-29.39969789438,23.917134349563,
    24.224207865104));
#7783 = CARTESIAN_POINT('',(-29.38334215872,23.916340887076,
    24.137029503961));
#7784 = CARTESIAN_POINT('',(-29.36698642306,23.915547424589,
    24.049851142817));
#7785 = CARTESIAN_POINT('',(-29.3506306874,23.914753962103,
    23.962672781674));
#7786 = CARTESIAN_POINT('',(-29.33427495174,23.913960499616,
    23.87549442053));
#7787 = CARTESIAN_POINT('',(-29.31791921608,23.913167037129,
    23.788316059386));
#7788 = CARTESIAN_POINT('',(-29.30156348043,23.912373574642,
    23.701137698242));
#7789 = CARTESIAN_POINT('',(-29.28520774477,23.911580112155,
    23.613959337099));
#7790 = CARTESIAN_POINT('',(-29.26885200911,23.910786649668,
    23.526780975955));
#7791 = CARTESIAN_POINT('',(-29.25249627345,23.909993187181,
    23.439602614811));
#7792 = CARTESIAN_POINT('',(-29.23614053779,23.909199724694,
    23.352424253667));
#7793 = CARTESIAN_POINT('',(-29.21978480213,23.908406262207,
    23.265245892523));
#7794 = CARTESIAN_POINT('',(-29.20342906647,23.90761279972,
    23.178067531379));
#7795 = CARTESIAN_POINT('',(-28.77045409491,23.886607972728,
    20.870250309132));
#7796 = CARTESIAN_POINT('',(-28.59541467831,23.765271877004,
    19.07041237343));
#7797 = CARTESIAN_POINT('',(-28.36541384902,23.67939882696,
    17.216374432088));
#7798 = CARTESIAN_POINT('',(-28.31563618789,23.507012294287,
    15.670938476085));
#7799 = CARTESIAN_POINT('',(-28.05450825683,23.440755662072,
    13.772724594172));
#7800 = CARTESIAN_POINT('',(-28.11773193806,23.216870357105,
    12.460958617581));
#7801 = CARTESIAN_POINT('',(-27.84145750591,23.155721384739,
    10.533026261072));
#7802 = CARTESIAN_POINT('',(-27.8899415777,22.937245695456,
    9.209572142938));
#7803 = CARTESIAN_POINT('',(-27.71466789473,22.824372480213,
    7.479889987848));
#7804 = CARTESIAN_POINT('',(-27.67264250913,22.644087145319,
    5.992746230508));
#7805 = CARTESIAN_POINT('',(-27.57888063114,22.486443842732,
    4.421010497759));
#7806 = CARTESIAN_POINT('',(-27.50433001843,22.315774517081,
    2.884826597652));
#7807 = CARTESIAN_POINT('',(-27.42810127181,22.142248417504,
    1.350072166215));
#7808 = CARTESIAN_POINT('',(-27.34909405434,21.953600731756,
    -0.266282841841));
#7809 = CARTESIAN_POINT('',(-27.34479256646,21.943329951951,
    -0.354284061194));
#7810 = CARTESIAN_POINT('',(-27.34049107858,21.933059172146,
    -0.442285280547));
#7811 = CARTESIAN_POINT('',(-27.3361895907,21.922788392342,-0.5302864999
    ));
#7812 = CARTESIAN_POINT('',(-27.33188810282,21.912517612537,
    -0.618287719253));
#7813 = CARTESIAN_POINT('',(-27.32758661495,21.902246832732,
    -0.706288938606));
#7814 = CARTESIAN_POINT('',(-27.32328512707,21.891976052928,
    -0.794290157959));
#7815 = CARTESIAN_POINT('',(-27.31898363919,21.881705273123,
    -0.882291377312));
#7816 = CARTESIAN_POINT('',(-27.31468215131,21.871434493318,
    -0.970292596665));
#7817 = CARTESIAN_POINT('',(-27.31038066343,21.861163713513,
    -1.058293816018));
#7818 = CARTESIAN_POINT('',(-27.30607917555,21.850892933709,
    -1.146295035371));
#7819 = CARTESIAN_POINT('',(-27.30177768767,21.840622153904,
    -1.234296254724));
#7820 = CARTESIAN_POINT('',(-27.29747619979,21.830351374099,
    -1.322297474077));
#7821 = CARTESIAN_POINT('',(-27.29317471192,21.820080594295,
    -1.410298693431));
#7822 = B_SPLINE_SURFACE_WITH_KNOTS('',8,1,(
    (#7823,#7824)
    ,(#7825,#7826)
    ,(#7827,#7828)
    ,(#7829,#7830)
    ,(#7831,#7832)
    ,(#7833,#7834)
    ,(#7835,#7836)
    ,(#7837,#7838)
    ,(#7839,#7840
    )),.UNSPECIFIED.,.F.,.F.,.F.,(9,9),(2,2),(8.,9.),(0.,22.),
  .PIECEWISE_BEZIER_KNOTS.);
#7823 = CARTESIAN_POINT('',(-20.521,26.6,22.));
#7824 = CARTESIAN_POINT('',(-21.75621189608,27.544096353532,0.));
#7825 = CARTESIAN_POINT('',(-23.3877032964,26.6,22.));
#7826 = CARTESIAN_POINT('',(-23.74364063187,25.974289156042,0.));
#7827 = CARTESIAN_POINT('',(-26.25440749515,25.956712481165,22.));
#7828 = CARTESIAN_POINT('',(-25.60161928794,24.240594595325,0.));
#7829 = CARTESIAN_POINT('',(-28.95269322129,24.670143761725,22.));
#7830 = CARTESIAN_POINT('',(-27.31438231296,22.355464645322,0.));
#7831 = CARTESIAN_POINT('',(-31.31417783438,22.793177834384,22.));
#7832 = CARTESIAN_POINT('',(-28.86759800766,20.333176484467,0.));
#7833 = CARTESIAN_POINT('',(-33.19114376172,20.431693221294,22.));
#7834 = CARTESIAN_POINT('',(-30.2486391353,18.189615474478,0.));
#7835 = CARTESIAN_POINT('',(-34.47771248116,17.73340749516,22.));
#7836 = CARTESIAN_POINT('',(-31.44680106343,15.942021182297,0.));
#7837 = CARTESIAN_POINT('',(-35.121,14.866703296401,22.));
#7838 = CARTESIAN_POINT('',(-32.45346743692,13.608696445196,0.));
#7839 = CARTESIAN_POINT('',(-35.121,12.,22.));
#7840 = CARTESIAN_POINT('',(-33.26222338233,11.208679479031,0.));
#7841 = ADVANCED_FACE('',(#7842),#7932,.T.);
#7842 = FACE_BOUND('',#7843,.T.);
#7843 = EDGE_LOOP('',(#7844,#7886,#7930,#7931));
#7844 = ORIENTED_EDGE('',*,*,#7845,.T.);
#7845 = EDGE_CURVE('',#7766,#7846,#7848,.T.);
#7846 = VERTEX_POINT('',#7847);
#7847 = CARTESIAN_POINT('',(-28.45064738542,18.975958181718,22.));
#7848 = B_SPLINE_CURVE_WITH_KNOTS('',8,(#7849,#7850,#7851,#7852,#7853,
    #7854,#7855,#7856,#7857,#7858,#7859,#7860,#7861,#7862,#7863,#7864,
    #7865,#7866,#7867,#7868,#7869,#7870,#7871,#7872,#7873,#7874,#7875,
    #7876,#7877,#7878,#7879,#7880,#7881,#7882,#7883,#7884,#7885),
  .UNSPECIFIED.,.F.,.F.,(9,7,7,7,7,9),(0.,0.248311157442,0.500394330701,
    0.575862603793,0.60000214109,1.),.UNSPECIFIED.);
#7849 = CARTESIAN_POINT('',(-28.99902763358,23.886254685776,22.));
#7850 = CARTESIAN_POINT('',(-29.12594959258,23.795725958373,22.));
#7851 = CARTESIAN_POINT('',(-29.25106080496,23.694705421514,22.));
#7852 = CARTESIAN_POINT('',(-29.37310215516,23.582754661812,22.));
#7853 = CARTESIAN_POINT('',(-29.49062928573,23.459595621065,22.));
#7854 = CARTESIAN_POINT('',(-29.60202673344,23.325175735524,22.));
#7855 = CARTESIAN_POINT('',(-29.70556462676,23.179747963085,22.));
#7856 = CARTESIAN_POINT('',(-29.79949737143,23.023931231601,22.));
#7857 = CARTESIAN_POINT('',(-29.96616649652,22.690992732199,22.));
#7858 = CARTESIAN_POINT('',(-30.03856600304,22.513569354337,22.));
#7859 = CARTESIAN_POINT('',(-30.09769292616,22.327500323591,22.));
#7860 = CARTESIAN_POINT('',(-30.14198240597,22.134220353284,22.));
#7861 = CARTESIAN_POINT('',(-30.17015345932,21.935546206443,22.));
#7862 = CARTESIAN_POINT('',(-30.18136574308,21.733592465197,22.));
#7863 = CARTESIAN_POINT('',(-30.17532984765,21.530628365331,22.));
#7864 = CARTESIAN_POINT('',(-30.14541481938,21.268509397646,22.));
#7865 = CARTESIAN_POINT('',(-30.13699977793,21.208226687316,22.));
#7866 = CARTESIAN_POINT('',(-30.12706897667,21.148113663721,22.));
#7867 = CARTESIAN_POINT('',(-30.11563365192,21.088229762895,22.));
#7868 = CARTESIAN_POINT('',(-30.10270931137,21.02863364411,22.));
#7869 = CARTESIAN_POINT('',(-30.08831559008,20.969382828018,22.));
#7870 = CARTESIAN_POINT('',(-30.07247610634,20.910533334793,22.));
#7871 = CARTESIAN_POINT('',(-30.04969818284,20.833461215749,22.));
#7872 = CARTESIAN_POINT('',(-30.04403294002,20.814829720116,22.));
#7873 = CARTESIAN_POINT('',(-30.03822346577,20.796246554977,22.));
#7874 = CARTESIAN_POINT('',(-30.03227071716,20.777713527448,22.));
#7875 = CARTESIAN_POINT('',(-30.02617567408,20.759232383961,22.));
#7876 = CARTESIAN_POINT('',(-30.01993932589,20.740804776898,22.));
#7877 = CARTESIAN_POINT('',(-30.01356270234,20.722432346035,22.));
#7878 = CARTESIAN_POINT('',(-29.89907936531,20.400625874995,22.));
#7879 = CARTESIAN_POINT('',(-29.75292233068,20.112818353697,22.));
#7880 = CARTESIAN_POINT('',(-29.57352353417,19.84826262631,22.));
#7881 = CARTESIAN_POINT('',(-29.36845597051,19.612561872117,22.));
#7882 = CARTESIAN_POINT('',(-29.14654474322,19.408283764812,22.));
#7883 = CARTESIAN_POINT('',(-28.91566451919,19.235372050725,22.));
#7884 = CARTESIAN_POINT('',(-28.68213294163,19.092130256148,22.));
#7885 = CARTESIAN_POINT('',(-28.45064738542,18.975958181718,22.));
#7886 = ORIENTED_EDGE('',*,*,#7887,.T.);
#7887 = EDGE_CURVE('',#7846,#2782,#7888,.T.);
#7888 = B_SPLINE_CURVE_WITH_KNOTS('',14,(#7889,#7890,#7891,#7892,#7893,
    #7894,#7895,#7896,#7897,#7898,#7899,#7900,#7901,#7902,#7903,#7904,
    #7905,#7906,#7907,#7908,#7909,#7910,#7911,#7912,#7913,#7914,#7915,
    #7916,#7917,#7918,#7919,#7920,#7921,#7922,#7923,#7924,#7925,#7926,
    #7927,#7928,#7929),.UNSPECIFIED.,.F.,.F.,(15,13,13,15),(
    0.903215661028,1.739050897664,23.029749456268,24.255648490827),
  .UNSPECIFIED.);
#7889 = CARTESIAN_POINT('',(-28.56549948737,19.033597229076,
    23.235174147349));
#7890 = CARTESIAN_POINT('',(-28.55588682798,19.02877307244,
    23.131795034871));
#7891 = CARTESIAN_POINT('',(-28.54649092826,19.024057697623,
    23.030747058957));
#7892 = CARTESIAN_POINT('',(-28.5373117882,19.019451104625,
    22.932030219607));
#7893 = CARTESIAN_POINT('',(-28.5283494078,19.014953293447,
    22.835644516822));
#7894 = CARTESIAN_POINT('',(-28.51960378707,19.010564264087,
    22.741589950601));
#7895 = CARTESIAN_POINT('',(-28.51107492601,19.006284016547,
    22.649866520944));
#7896 = CARTESIAN_POINT('',(-28.5027628246,19.002112550827,
    22.560474227851));
#7897 = CARTESIAN_POINT('',(-28.49466748287,18.998049866925,
    22.473413071322));
#7898 = CARTESIAN_POINT('',(-28.4867889008,18.994095964842,
    22.388683051358));
#7899 = CARTESIAN_POINT('',(-28.47912707839,18.990250844579,
    22.306284167958));
#7900 = CARTESIAN_POINT('',(-28.47168201565,18.986514506135,
    22.226216421122));
#7901 = CARTESIAN_POINT('',(-28.46445371257,18.98288694951,
    22.148479810851));
#7902 = CARTESIAN_POINT('',(-28.45744216916,18.979368174704,
    22.073074337143));
#7903 = CARTESIAN_POINT('',(-28.2775681873,18.889097602527,
    20.138623958058));
#7904 = CARTESIAN_POINT('',(-28.17438950264,18.827213765362,
    18.52138296125));
#7905 = CARTESIAN_POINT('',(-28.05421869789,18.758553278629,
    16.847495734409));
#7906 = CARTESIAN_POINT('',(-27.98533878608,18.706243694572,
    15.354432902203));
#7907 = CARTESIAN_POINT('',(-27.85790327337,18.631251103798,
    13.654739469497));
#7908 = CARTESIAN_POINT('',(-27.81982416266,18.587136811537,
    12.269088765811));
#7909 = CARTESIAN_POINT('',(-27.69042983823,18.507031398254,
    10.560291897012));
#7910 = CARTESIAN_POINT('',(-27.64919887287,18.458126410576,
    9.159712953914));
#7911 = CARTESIAN_POINT('',(-27.54868730883,18.384625930386,
    7.549301132926));
#7912 = CARTESIAN_POINT('',(-27.48492216316,18.322933350263,
    6.065874476358));
#7913 = CARTESIAN_POINT('',(-27.4079937221,18.253928438438,
    4.533814578042));
#7914 = CARTESIAN_POINT('',(-27.33725402313,18.184884617437,
    3.021926857307));
#7915 = CARTESIAN_POINT('',(-27.26696899252,18.113456695101,
    1.509532939039));
#7916 = CARTESIAN_POINT('',(-27.19407166439,18.035567715232,
    -8.691753196861E-02));
#7917 = CARTESIAN_POINT('',(-27.19009166922,18.03131518951,
    -0.17407937057));
#7918 = CARTESIAN_POINT('',(-27.1861005185,18.027050744349,
    -0.261485515804));
#7919 = CARTESIAN_POINT('',(-27.18209821222,18.022774379748,
    -0.34913596767));
#7920 = CARTESIAN_POINT('',(-27.17808475037,18.018486095708,
    -0.43703072617));
#7921 = CARTESIAN_POINT('',(-27.17406013297,18.014185892229,
    -0.525169791302));
#7922 = CARTESIAN_POINT('',(-27.17002436,18.009873769311,-0.613553163066
    ));
#7923 = CARTESIAN_POINT('',(-27.16597743148,18.005549726953,
    -0.702180841464));
#7924 = CARTESIAN_POINT('',(-27.16191934739,18.001213765156,
    -0.791052826494));
#7925 = CARTESIAN_POINT('',(-27.15785010774,17.99686588392,
    -0.880169118156));
#7926 = CARTESIAN_POINT('',(-27.15376971253,17.992506083245,
    -0.969529716451));
#7927 = CARTESIAN_POINT('',(-27.14967816175,17.98813436313,
    -1.059134621379));
#7928 = CARTESIAN_POINT('',(-27.14557545542,17.983750723576,
    -1.14898383294));
#7929 = CARTESIAN_POINT('',(-27.14146159353,17.979355164583,
    -1.239077351133));
#7930 = ORIENTED_EDGE('',*,*,#2781,.F.);
#7931 = ORIENTED_EDGE('',*,*,#7779,.F.);
#7932 = ( BOUNDED_SURFACE() B_SPLINE_SURFACE(2,14,(
    (#7933,#7934,#7935,#7936,#7937,#7938,#7939,#7940,#7941,#7942,#7943
      ,#7944,#7945,#7946,#7947,#7948,#7949,#7950,#7951,#7952,#7953,#7954
      ,#7955,#7956,#7957,#7958,#7959,#7960,#7961,#7962,#7963,#7964,#7965
      ,#7966,#7967,#7968,#7969,#7970,#7971,#7972,#7973)
    ,(#7974,#7975,#7976,#7977,#7978,#7979,#7980,#7981,#7982,#7983,#7984
      ,#7985,#7986,#7987,#7988,#7989,#7990,#7991,#7992,#7993,#7994,#7995
      ,#7996,#7997,#7998,#7999,#8000,#8001,#8002,#8003,#8004,#8005,#8006
      ,#8007,#8008,#8009,#8010,#8011,#8012,#8013,#8014)
    ,(#8015,#8016,#8017,#8018,#8019,#8020,#8021,#8022,#8023,#8024,#8025
      ,#8026,#8027,#8028,#8029,#8030,#8031,#8032,#8033,#8034,#8035,#8036
      ,#8037,#8038,#8039,#8040,#8041,#8042,#8043,#8044,#8045,#8046,#8047
      ,#8048,#8049,#8050,#8051,#8052,#8053,#8054,#8055
)),.UNSPECIFIED.,.F.,.F.,.F.) B_SPLINE_SURFACE_WITH_KNOTS((3,3),(15,13,
    13,15),(0.,21.290698558604),(0.903215661028,1.739050897664,
    23.029749456268,24.255648490827),.UNSPECIFIED.) 
GEOMETRIC_REPRESENTATION_ITEM() RATIONAL_B_SPLINE_SURFACE((
    (1.,1.,1.,1.,1.,1.,1.,1.,1.,1.,1.,1.,1.,1.,1.,1.,1.,1.,1.,1.,1.,1.
      ,1.,1.,1.,1.,1.,1.,1.,1.,1.,1.,1.,1.,1.,1.,1.,1.,1.,1.,1.)
    ,(0.525839168226,0.525335998347,0.52491023922,0.524561890842
      ,0.524290953216,0.524097426339,0.523981310214,0.523942604838
      ,0.523981310214,0.524097426339,0.524290953216,0.524561890842
      ,0.52491023922,0.525335998347,0.538656094017,0.556264941479
      ,0.572153583627,0.591710005476,0.60616464638,0.627430084665
      ,0.640846188445,0.66103681157,0.675873265313,0.693309696024
      ,0.709151780562,0.725025530034,0.740437627238,0.756322939573
      ,0.757054747363,0.75765349919,0.758119195056,0.758451834961
      ,0.758651418903,0.758717946884,0.758651418903,0.758451834961
      ,0.758119195056,0.75765349919,0.757054747363,0.756322939573
      ,0.755458075822)
    ,(1.,1.,1.,1.,1.,1.,1.,1.,1.,1.,1.,1.,1.,1.,1.,1.,1.,1.,1.,1.,1.,1.
      ,1.,1.,1.,1.,1.,1.,1.,1.,1.,1.,1.,1.,1.,1.,1.,1.,1.,1.,1.
))) REPRESENTATION_ITEM('') SURFACE() );
#7933 = CARTESIAN_POINT('',(-29.41605363004,23.917927812049,
    24.311386226248));
#7934 = CARTESIAN_POINT('',(-29.39969789438,23.917134349563,
    24.224207865104));
#7935 = CARTESIAN_POINT('',(-29.38334215872,23.916340887076,
    24.137029503961));
#7936 = CARTESIAN_POINT('',(-29.36698642306,23.915547424589,
    24.049851142817));
#7937 = CARTESIAN_POINT('',(-29.3506306874,23.914753962103,
    23.962672781674));
#7938 = CARTESIAN_POINT('',(-29.33427495174,23.913960499616,
    23.87549442053));
#7939 = CARTESIAN_POINT('',(-29.31791921608,23.913167037129,
    23.788316059386));
#7940 = CARTESIAN_POINT('',(-29.30156348043,23.912373574642,
    23.701137698242));
#7941 = CARTESIAN_POINT('',(-29.28520774477,23.911580112155,
    23.613959337099));
#7942 = CARTESIAN_POINT('',(-29.26885200911,23.910786649668,
    23.526780975955));
#7943 = CARTESIAN_POINT('',(-29.25249627345,23.909993187181,
    23.439602614811));
#7944 = CARTESIAN_POINT('',(-29.23614053779,23.909199724694,
    23.352424253667));
#7945 = CARTESIAN_POINT('',(-29.21978480213,23.908406262207,
    23.265245892523));
#7946 = CARTESIAN_POINT('',(-29.20342906647,23.90761279972,
    23.178067531379));
#7947 = CARTESIAN_POINT('',(-28.77045409491,23.886607972728,
    20.870250309132));
#7948 = CARTESIAN_POINT('',(-28.59541467831,23.765271877004,
    19.07041237343));
#7949 = CARTESIAN_POINT('',(-28.36541384902,23.67939882696,
    17.216374432088));
#7950 = CARTESIAN_POINT('',(-28.31563618789,23.507012294287,
    15.670938476085));
#7951 = CARTESIAN_POINT('',(-28.05450825683,23.440755662072,
    13.772724594172));
#7952 = CARTESIAN_POINT('',(-28.11773193806,23.216870357105,
    12.460958617581));
#7953 = CARTESIAN_POINT('',(-27.84145750591,23.155721384739,
    10.533026261072));
#7954 = CARTESIAN_POINT('',(-27.8899415777,22.937245695456,
    9.209572142938));
#7955 = CARTESIAN_POINT('',(-27.71466789473,22.824372480213,
    7.479889987848));
#7956 = CARTESIAN_POINT('',(-27.67264250913,22.644087145319,
    5.992746230508));
#7957 = CARTESIAN_POINT('',(-27.57888063114,22.486443842732,
    4.421010497759));
#7958 = CARTESIAN_POINT('',(-27.50433001843,22.315774517081,
    2.884826597652));
#7959 = CARTESIAN_POINT('',(-27.42810127181,22.142248417504,
    1.350072166215));
#7960 = CARTESIAN_POINT('',(-27.34909405434,21.953600731756,
    -0.266282841841));
#7961 = CARTESIAN_POINT('',(-27.34479256646,21.943329951951,
    -0.354284061194));
#7962 = CARTESIAN_POINT('',(-27.34049107858,21.933059172146,
    -0.442285280547));
#7963 = CARTESIAN_POINT('',(-27.3361895907,21.922788392342,-0.5302864999
    ));
#7964 = CARTESIAN_POINT('',(-27.33188810282,21.912517612537,
    -0.618287719253));
#7965 = CARTESIAN_POINT('',(-27.32758661495,21.902246832732,
    -0.706288938606));
#7966 = CARTESIAN_POINT('',(-27.32328512707,21.891976052928,
    -0.794290157959));
#7967 = CARTESIAN_POINT('',(-27.31898363919,21.881705273123,
    -0.882291377312));
#7968 = CARTESIAN_POINT('',(-27.31468215131,21.871434493318,
    -0.970292596665));
#7969 = CARTESIAN_POINT('',(-27.31038066343,21.861163713513,
    -1.058293816018));
#7970 = CARTESIAN_POINT('',(-27.30607917555,21.850892933709,
    -1.146295035371));
#7971 = CARTESIAN_POINT('',(-27.30177768767,21.840622153904,
    -1.234296254724));
#7972 = CARTESIAN_POINT('',(-27.29747619979,21.830351374099,
    -1.322297474077));
#7973 = CARTESIAN_POINT('',(-27.29317471192,21.820080594295,
    -1.410298693431));
#7974 = CARTESIAN_POINT('',(-33.01403100804,21.112148198197,
    22.515369014165));
#7975 = CARTESIAN_POINT('',(-32.99171048514,21.113623436801,
    22.415597257333));
#7976 = CARTESIAN_POINT('',(-32.96980618793,21.115071165647,
    22.317686011001));
#7977 = CARTESIAN_POINT('',(-32.94832882727,21.116490676816,
    22.221683152336));
#7978 = CARTESIAN_POINT('',(-32.92728876746,21.117881285298,
    22.127635009263));
#7979 = CARTESIAN_POINT('',(-32.90669600974,21.119242330077,
    22.035586286884));
#7980 = CARTESIAN_POINT('',(-32.88656017659,21.120573175171,
    21.945579997245));
#7981 = CARTESIAN_POINT('',(-32.8668904968,21.121873210617,
    21.857657392651));
#7982 = CARTESIAN_POINT('',(-32.84769579141,21.123141853405,
    21.771857902781));
#7983 = CARTESIAN_POINT('',(-32.82898446054,21.12437854834,
    21.688219075769));
#7984 = CARTESIAN_POINT('',(-32.81076447112,21.125582768863,
    21.606776523463));
#7985 = CARTESIAN_POINT('',(-32.79304334564,21.126754017787,
    21.527563871014));
#7986 = CARTESIAN_POINT('',(-32.77582815183,21.127891827981,
    21.45061271095));
#7987 = CARTESIAN_POINT('',(-32.75912549348,21.128995762978,
    21.375952561864));
#7988 = CARTESIAN_POINT('',(-32.34089114271,21.15663828115,
    19.506463386616));
#7989 = CARTESIAN_POINT('',(-31.9961742959,21.099362278206,
    17.966777776879));
#7990 = CARTESIAN_POINT('',(-31.65838129979,21.056366593081,
    16.345980305353));
#7991 = CARTESIAN_POINT('',(-31.36582804795,20.956865979261,
    14.930269583264));
#7992 = CARTESIAN_POINT('',(-31.04849876318,20.910907965757,
    13.234796406648));
#7993 = CARTESIAN_POINT('',(-30.80371128999,20.779299101412,
    11.94094644682));
#7994 = CARTESIAN_POINT('',(-30.50548065651,20.725538523446,
    10.196545812637));
#7995 = CARTESIAN_POINT('',(-30.2809357358,20.594112858029,
    8.865486288731));
#7996 = CARTESIAN_POINT('',(-30.02264421826,20.509207149213,
    7.234223572143));
#7997 = CARTESIAN_POINT('',(-29.79973865636,20.392104650373,
    5.76945122071));
#7998 = CARTESIAN_POINT('',(-29.57556640999,20.28308960371,
    4.231942940784));
#7999 = CARTESIAN_POINT('',(-29.36341710797,20.166713518073,
    2.715227627476));
#8000 = CARTESIAN_POINT('',(-29.15871890325,20.047362176294,
    1.193043328065));
#8001 = CARTESIAN_POINT('',(-28.95054035275,19.917236481222,
    -0.415159790352));
#8002 = CARTESIAN_POINT('',(-28.93941783695,19.910284155465,
    -0.501082497281));
#8003 = CARTESIAN_POINT('',(-28.92827575671,19.903319600602,
    -0.587156341835));
#8004 = CARTESIAN_POINT('',(-28.91710829179,19.896339178601,
    -0.67342628585));
#8005 = CARTESIAN_POINT('',(-28.90590961162,19.889339244945,
    -0.759937371374));
#8006 = CARTESIAN_POINT('',(-28.89467386499,19.88231614225,
    -0.846734799413));
#8007 = CARTESIAN_POINT('',(-28.88339516996,19.875266193889,
    -0.933864008851));
#8008 = CARTESIAN_POINT('',(-28.87206760347,19.868185697561,
    -1.021370755834));
#8009 = CARTESIAN_POINT('',(-28.86068519106,19.861070918812,
    -1.109301193896));
#8010 = CARTESIAN_POINT('',(-28.84924189628,19.853918084465,
    -1.197701955142));
#8011 = CARTESIAN_POINT('',(-28.83773161009,19.846723375944,
    -1.286620232766));
#8012 = CARTESIAN_POINT('',(-28.82614813989,19.839482922459,
    -1.376103865233));
#8013 = CARTESIAN_POINT('',(-28.81448519841,19.832192794043,
    -1.466201422423));
#8014 = CARTESIAN_POINT('',(-28.80273639225,19.824848994386,
    -1.556962294073));
#8015 = CARTESIAN_POINT('',(-28.56549948737,19.033597229076,
    23.235174147349));
#8016 = CARTESIAN_POINT('',(-28.55588682798,19.02877307244,
    23.131795034871));
#8017 = CARTESIAN_POINT('',(-28.54649092826,19.024057697623,
    23.030747058957));
#8018 = CARTESIAN_POINT('',(-28.5373117882,19.019451104625,
    22.932030219607));
#8019 = CARTESIAN_POINT('',(-28.5283494078,19.014953293447,
    22.835644516822));
#8020 = CARTESIAN_POINT('',(-28.51960378707,19.010564264087,
    22.741589950601));
#8021 = CARTESIAN_POINT('',(-28.51107492601,19.006284016547,
    22.649866520944));
#8022 = CARTESIAN_POINT('',(-28.5027628246,19.002112550827,
    22.560474227851));
#8023 = CARTESIAN_POINT('',(-28.49466748287,18.998049866925,
    22.473413071322));
#8024 = CARTESIAN_POINT('',(-28.4867889008,18.994095964842,
    22.388683051358));
#8025 = CARTESIAN_POINT('',(-28.47912707839,18.990250844579,
    22.306284167958));
#8026 = CARTESIAN_POINT('',(-28.47168201565,18.986514506135,
    22.226216421122));
#8027 = CARTESIAN_POINT('',(-28.46445371257,18.98288694951,
    22.148479810851));
#8028 = CARTESIAN_POINT('',(-28.45744216916,18.979368174704,
    22.073074337143));
#8029 = CARTESIAN_POINT('',(-28.2775681873,18.889097602527,
    20.138623958058));
#8030 = CARTESIAN_POINT('',(-28.17438950264,18.827213765362,
    18.52138296125));
#8031 = CARTESIAN_POINT('',(-28.05421869789,18.758553278629,
    16.847495734409));
#8032 = CARTESIAN_POINT('',(-27.98533878608,18.706243694572,
    15.354432902203));
#8033 = CARTESIAN_POINT('',(-27.85790327337,18.631251103798,
    13.654739469497));
#8034 = CARTESIAN_POINT('',(-27.81982416266,18.587136811537,
    12.269088765811));
#8035 = CARTESIAN_POINT('',(-27.69042983823,18.507031398254,
    10.560291897012));
#8036 = CARTESIAN_POINT('',(-27.64919887287,18.458126410576,
    9.159712953914));
#8037 = CARTESIAN_POINT('',(-27.54868730883,18.384625930386,
    7.549301132926));
#8038 = CARTESIAN_POINT('',(-27.48492216316,18.322933350263,
    6.065874476358));
#8039 = CARTESIAN_POINT('',(-27.4079937221,18.253928438438,
    4.533814578042));
#8040 = CARTESIAN_POINT('',(-27.33725402313,18.184884617437,
    3.021926857307));
#8041 = CARTESIAN_POINT('',(-27.26696899252,18.113456695101,
    1.509532939039));
#8042 = CARTESIAN_POINT('',(-27.19407166439,18.035567715232,
    -8.691753196861E-02));
#8043 = CARTESIAN_POINT('',(-27.19009166922,18.03131518951,
    -0.17407937057));
#8044 = CARTESIAN_POINT('',(-27.1861005185,18.027050744349,
    -0.261485515804));
#8045 = CARTESIAN_POINT('',(-27.18209821222,18.022774379748,
    -0.34913596767));
#8046 = CARTESIAN_POINT('',(-27.17808475037,18.018486095708,
    -0.43703072617));
#8047 = CARTESIAN_POINT('',(-27.17406013297,18.014185892229,
    -0.525169791302));
#8048 = CARTESIAN_POINT('',(-27.17002436,18.009873769311,-0.613553163066
    ));
#8049 = CARTESIAN_POINT('',(-27.16597743148,18.005549726953,
    -0.702180841464));
#8050 = CARTESIAN_POINT('',(-27.16191934739,18.001213765156,
    -0.791052826494));
#8051 = CARTESIAN_POINT('',(-27.15785010774,17.99686588392,
    -0.880169118156));
#8052 = CARTESIAN_POINT('',(-27.15376971253,17.992506083245,
    -0.969529716451));
#8053 = CARTESIAN_POINT('',(-27.14967816175,17.98813436313,
    -1.059134621379));
#8054 = CARTESIAN_POINT('',(-27.14557545542,17.983750723576,
    -1.14898383294));
#8055 = CARTESIAN_POINT('',(-27.14146159353,17.979355164583,
    -1.239077351133));
#8056 = ADVANCED_FACE('',(#8057),#8147,.T.);
#8057 = FACE_BOUND('',#8058,.F.);
#8058 = EDGE_LOOP('',(#8059,#8096,#8105,#8113,#8122,#8130,#8137,#8138,
    #8139,#8140,#8141));
#8059 = ORIENTED_EDGE('',*,*,#8060,.F.);
#8060 = EDGE_CURVE('',#8061,#8063,#8065,.T.);
#8061 = VERTEX_POINT('',#8062);
#8062 = CARTESIAN_POINT('',(-34.88007942266,14.641370396162,22.));
#8063 = VERTEX_POINT('',#8064);
#8064 = CARTESIAN_POINT('',(-34.23234485522,12.664776623512,
    13.209055483339));
#8065 = B_SPLINE_CURVE_WITH_KNOTS('',8,(#8066,#8067,#8068,#8069,#8070,
    #8071,#8072,#8073,#8074,#8075,#8076,#8077,#8078,#8079,#8080,#8081,
    #8082,#8083,#8084,#8085,#8086,#8087,#8088,#8089,#8090,#8091,#8092,
    #8093,#8094,#8095),.UNSPECIFIED.,.F.,.F.,(9,7,7,7,9),(0.,
    9.150614464771E-02,0.274114446288,0.629403679946,1.),.UNSPECIFIED.);
#8066 = CARTESIAN_POINT('',(-34.88007942266,14.641370396163,22.));
#8067 = CARTESIAN_POINT('',(-34.87103304928,14.529521464508,
    21.755768787942));
#8068 = CARTESIAN_POINT('',(-34.85957701966,14.428001870382,
    21.509960066837));
#8069 = CARTESIAN_POINT('',(-34.84650814422,14.334063960885,
    21.263086553221));
#8070 = CARTESIAN_POINT('',(-34.83218463969,14.246422458332,
    21.015431308762));
#8071 = CARTESIAN_POINT('',(-34.8168982095,14.164010290406,
    20.767205876314));
#8072 = CARTESIAN_POINT('',(-34.80082500905,14.086136755678,
    20.51852771515));
#8073 = CARTESIAN_POINT('',(-34.78411026795,14.012206745448,
    20.269458832952));
#8074 = CARTESIAN_POINT('',(-34.73242477685,13.801172189665,
    19.522180194004));
#8075 = CARTESIAN_POINT('',(-34.69586591454,13.67452294619,
    19.023074194272));
#8076 = CARTESIAN_POINT('',(-34.65803511244,13.558195427659,
    18.523089424105));
#8077 = CARTESIAN_POINT('',(-34.61929874429,13.450411891107,
    18.022461653766));
#8078 = CARTESIAN_POINT('',(-34.57994520822,13.349733534336,
    17.521364329526));
#8079 = CARTESIAN_POINT('',(-34.540138187,13.255206520635,
    17.019896149579));
#8080 = CARTESIAN_POINT('',(-34.50000809364,13.16602728436,
    16.518107842389));
#8081 = CARTESIAN_POINT('',(-34.38110114615,12.917255867197,
    15.039076420015));
#8082 = CARTESIAN_POINT('',(-34.30168251278,12.770857548189,
    14.061156013517));
#8083 = CARTESIAN_POINT('',(-34.2220538446,12.63779787495,
    13.082548095254));
#8084 = CARTESIAN_POINT('',(-34.14241968591,12.515717711181,
    12.103441534308));
#8085 = CARTESIAN_POINT('',(-34.06292223721,12.402755993435,
    11.123973253803));
#8086 = CARTESIAN_POINT('',(-33.9835959218,12.297652828091,
    10.144223361471));
#8087 = CARTESIAN_POINT('',(-33.90445283432,12.199369549145,
    9.16423205763));
#8088 = CARTESIAN_POINT('',(-33.74308514938,12.010860506449,
    7.161532675141));
#8089 = CARTESIAN_POINT('',(-33.6608785929,11.921167600524,
    6.138848596768));
#8090 = CARTESIAN_POINT('',(-33.5788302273,11.837109073567,
    5.115989067874));
#8091 = CARTESIAN_POINT('',(-33.49689081862,11.75801416365,
    4.092987528929));
#8092 = CARTESIAN_POINT('',(-33.41499756362,11.68335517782,
    3.069870280579));
#8093 = CARTESIAN_POINT('',(-33.33307904439,11.612702525654,
    2.046657595693));
#8094 = CARTESIAN_POINT('',(-33.25105562344,11.545706015379,
    1.02336422408));
#8095 = CARTESIAN_POINT('',(-33.16884091691,11.482072647078,0.));
#8096 = ORIENTED_EDGE('',*,*,#8097,.F.);
#8097 = EDGE_CURVE('',#8098,#8061,#8100,.T.);
#8098 = VERTEX_POINT('',#8099);
#8099 = CARTESIAN_POINT('',(-34.23234484935,12.66477662717,22.));
#8100 = CIRCLE('',#8101,4.448558813737);
#8101 = AXIS2_PLACEMENT_3D('',#8102,#8103,#8104);
#8102 = CARTESIAN_POINT('',(-30.446,15.,22.));
#8103 = DIRECTION('',(0.,0.,-1.));
#8104 = DIRECTION('',(1.,0.,0.));
#8105 = ORIENTED_EDGE('',*,*,#8106,.T.);
#8106 = EDGE_CURVE('',#8098,#8107,#8109,.T.);
#8107 = VERTEX_POINT('',#8108);
#8108 = CARTESIAN_POINT('',(-34.23234484939,12.664776627227,30.));
#8109 = LINE('',#8110,#8111);
#8110 = CARTESIAN_POINT('',(-34.23234484939,12.664776627227,22.));
#8111 = VECTOR('',#8112,1.);
#8112 = DIRECTION('',(0.,-4.4E-16,1.));
#8113 = ORIENTED_EDGE('',*,*,#8114,.T.);
#8114 = EDGE_CURVE('',#8107,#8115,#8117,.T.);
#8115 = VERTEX_POINT('',#8116);
#8116 = CARTESIAN_POINT('',(-26.67135859617,17.354093836654,30.));
#8117 = CIRCLE('',#8118,4.448558813737);
#8118 = AXIS2_PLACEMENT_3D('',#8119,#8120,#8121);
#8119 = CARTESIAN_POINT('',(-30.446,15.,30.));
#8120 = DIRECTION('',(0.,-4.4E-16,1.));
#8121 = DIRECTION('',(1.,0.,0.));
#8122 = ORIENTED_EDGE('',*,*,#8123,.F.);
#8123 = EDGE_CURVE('',#8124,#8115,#8126,.T.);
#8124 = VERTEX_POINT('',#8125);
#8125 = CARTESIAN_POINT('',(-26.67135859617,17.354093836654,22.));
#8126 = LINE('',#8127,#8128);
#8127 = CARTESIAN_POINT('',(-26.67135859617,17.354093836654,22.));
#8128 = VECTOR('',#8129,1.);
#8129 = DIRECTION('',(0.,-4.4E-16,1.));
#8130 = ORIENTED_EDGE('',*,*,#8131,.F.);
#8131 = EDGE_CURVE('',#7846,#8124,#8132,.T.);
#8132 = CIRCLE('',#8133,4.448558813737);
#8133 = AXIS2_PLACEMENT_3D('',#8134,#8135,#8136);
#8134 = CARTESIAN_POINT('',(-30.446,15.,22.));
#8135 = DIRECTION('',(0.,0.,-1.));
#8136 = DIRECTION('',(1.,0.,0.));
#8137 = ORIENTED_EDGE('',*,*,#7887,.T.);
#8138 = ORIENTED_EDGE('',*,*,#2808,.T.);
#8139 = ORIENTED_EDGE('',*,*,#2817,.T.);
#8140 = ORIENTED_EDGE('',*,*,#2826,.T.);
#8141 = ORIENTED_EDGE('',*,*,#8142,.T.);
#8142 = EDGE_CURVE('',#2827,#8063,#8143,.T.);
#8143 = LINE('',#8144,#8145);
#8144 = CARTESIAN_POINT('',(-34.23234484934,12.664776627141,0.));
#8145 = VECTOR('',#8146,1.);
#8146 = DIRECTION('',(0.,0.,1.));
#8147 = CYLINDRICAL_SURFACE('',#8148,4.448558813737);
#8148 = AXIS2_PLACEMENT_3D('',#8149,#8150,#8151);
#8149 = CARTESIAN_POINT('',(-30.446,15.,22.));
#8150 = DIRECTION('',(0.,4.4E-16,-1.));
#8151 = DIRECTION('',(1.,0.,0.));
#8152 = ADVANCED_FACE('',(#8153),#8157,.T.);
#8153 = FACE_BOUND('',#8154,.T.);
#8154 = EDGE_LOOP('',(#8155,#8156));
#8155 = ORIENTED_EDGE('',*,*,#2835,.F.);
#8156 = ORIENTED_EDGE('',*,*,#2989,.T.);
#8157 = CYLINDRICAL_SURFACE('',#8158,4.448558813737);
#8158 = AXIS2_PLACEMENT_3D('',#8159,#8160,#8161);
#8159 = CARTESIAN_POINT('',(-30.446,15.,0.));
#8160 = DIRECTION('',(0.,0.,-1.));
#8161 = DIRECTION('',(1.,0.,0.));
#8162 = ADVANCED_FACE('',(#8163),#8182,.F.);
#8163 = FACE_BOUND('',#8164,.F.);
#8164 = EDGE_LOOP('',(#8165,#8173,#8174,#8175));
#8165 = ORIENTED_EDGE('',*,*,#8166,.F.);
#8166 = EDGE_CURVE('',#2861,#8167,#8169,.T.);
#8167 = VERTEX_POINT('',#8168);
#8168 = CARTESIAN_POINT('',(-28.846,15.,19.));
#8169 = LINE('',#8170,#8171);
#8170 = CARTESIAN_POINT('',(-28.846,15.,0.));
#8171 = VECTOR('',#8172,1.);
#8172 = DIRECTION('',(0.,0.,1.));
#8173 = ORIENTED_EDGE('',*,*,#2860,.F.);
#8174 = ORIENTED_EDGE('',*,*,#8166,.T.);
#8175 = ORIENTED_EDGE('',*,*,#8176,.T.);
#8176 = EDGE_CURVE('',#8167,#8167,#8177,.T.);
#8177 = CIRCLE('',#8178,1.6);
#8178 = AXIS2_PLACEMENT_3D('',#8179,#8180,#8181);
#8179 = CARTESIAN_POINT('',(-30.446,15.,19.));
#8180 = DIRECTION('',(0.,0.,-1.));
#8181 = DIRECTION('',(1.,0.,0.));
#8182 = CYLINDRICAL_SURFACE('',#8183,1.6);
#8183 = AXIS2_PLACEMENT_3D('',#8184,#8185,#8186);
#8184 = CARTESIAN_POINT('',(-30.446,15.,0.));
#8185 = DIRECTION('',(0.,0.,-1.));
#8186 = DIRECTION('',(1.,0.,0.));
#8187 = ADVANCED_FACE('',(#8188),#8253,.T.);
#8188 = FACE_BOUND('',#8189,.T.);
#8189 = EDGE_LOOP('',(#8190,#8191,#8238,#8250,#8251,#8252));
#8190 = ORIENTED_EDGE('',*,*,#7318,.F.);
#8191 = ORIENTED_EDGE('',*,*,#8192,.F.);
#8192 = EDGE_CURVE('',#8193,#7319,#8195,.T.);
#8193 = VERTEX_POINT('',#8194);
#8194 = CARTESIAN_POINT('',(30.026362649548,23.851630260834,22.));
#8195 = B_SPLINE_CURVE_WITH_KNOTS('',11,(#8196,#8197,#8198,#8199,#8200,
    #8201,#8202,#8203,#8204,#8205,#8206,#8207,#8208,#8209,#8210,#8211,
    #8212,#8213,#8214,#8215,#8216,#8217,#8218,#8219,#8220,#8221,#8222,
    #8223,#8224,#8225,#8226,#8227,#8228,#8229,#8230,#8231,#8232,#8233,
    #8234,#8235,#8236,#8237),.UNSPECIFIED.,.F.,.F.,(12,10,10,10,12),(
    1.212708494862,1.988444354747,12.434912762954,23.290695176728,
    24.500170262663),.UNSPECIFIED.);
#8196 = CARTESIAN_POINT('',(30.530507015169,23.890879305244,
    24.288919592064));
#8197 = CARTESIAN_POINT('',(30.505668201517,23.889637259542,
    24.18041286246));
#8198 = CARTESIAN_POINT('',(30.480829387865,23.88839521384,
    24.071906132856));
#8199 = CARTESIAN_POINT('',(30.455990574213,23.887153168138,
    23.963399403253));
#8200 = CARTESIAN_POINT('',(30.431151760562,23.885911122436,
    23.854892673649));
#8201 = CARTESIAN_POINT('',(30.40631294691,23.884669076734,
    23.746385944045));
#8202 = CARTESIAN_POINT('',(30.381474133258,23.883427031033,
    23.637879214442));
#8203 = CARTESIAN_POINT('',(30.356635319607,23.882184985331,
    23.529372484838));
#8204 = CARTESIAN_POINT('',(30.331796505955,23.880942939629,
    23.420865755234));
#8205 = CARTESIAN_POINT('',(30.306957692303,23.879700893927,
    23.31235902563));
#8206 = CARTESIAN_POINT('',(30.282118878652,23.878458848225,
    23.203852296027));
#8207 = CARTESIAN_POINT('',(29.922787494104,23.860490759733,
    21.634136691728));
#8208 = CARTESIAN_POINT('',(29.719228292004,23.790134300475,
    20.375339337746));
#8209 = CARTESIAN_POINT('',(29.536840342152,23.715569504628,
    19.166038023703));
#8210 = CARTESIAN_POINT('',(29.408465895802,23.618505905354,
    18.054560093729));
#8211 = CARTESIAN_POINT('',(29.265960931125,23.528838514472,
    16.924258114976));
#8212 = CARTESIAN_POINT('',(29.165462768163,23.421107768687,
    15.875670979073));
#8213 = CARTESIAN_POINT('',(29.05360353076,23.317919406789,
    14.811005570013));
#8214 = CARTESIAN_POINT('',(28.959383824798,23.206222518832,
    13.782440673234));
#8215 = CARTESIAN_POINT('',(28.86694070282,23.092689143745,
    12.761642841534));
#8216 = CARTESIAN_POINT('',(28.779726134828,22.975406412803,
    11.753822145955));
#8217 = CARTESIAN_POINT('',(28.608851035894,22.729732526242,
    9.718263786323));
#8218 = CARTESIAN_POINT('',(28.525529212649,22.601048565705,
    8.691382089252));
#8219 = CARTESIAN_POINT('',(28.445096208368,22.468970578328,
    7.673046570863));
#8220 = CARTESIAN_POINT('',(28.366877021037,22.333535492308,
    6.661744257099));
#8221 = CARTESIAN_POINT('',(28.290361440269,22.194729770997,
    5.656298832533));
#8222 = CARTESIAN_POINT('',(28.215175287136,22.0524947495,4.655812760042
    ));
#8223 = CARTESIAN_POINT('',(28.141051652721,21.906731970319,
    3.659609400175));
#8224 = CARTESIAN_POINT('',(28.067802138153,21.757308520111,
    2.667175130866));
#8225 = CARTESIAN_POINT('',(27.995288093231,21.604062365371,
    1.678101466825));
#8226 = CARTESIAN_POINT('',(27.923391856161,21.446807688975,
    0.692027179178));
#8227 = CARTESIAN_POINT('',(27.844032675225,21.267350654694,
    -0.400988321262));
#8228 = CARTESIAN_POINT('',(27.836077357887,21.249361083236,
    -0.510557057474));
#8229 = CARTESIAN_POINT('',(27.828122040548,21.231371511777,
    -0.620125793687));
#8230 = CARTESIAN_POINT('',(27.82016672321,21.213381940318,-0.7296945299
    ));
#8231 = CARTESIAN_POINT('',(27.812211405871,21.19539236886,
    -0.839263266112));
#8232 = CARTESIAN_POINT('',(27.804256088532,21.177402797401,
    -0.948832002325));
#8233 = CARTESIAN_POINT('',(27.796300771194,21.159413225942,
    -1.058400738537));
#8234 = CARTESIAN_POINT('',(27.788345453855,21.141423654484,
    -1.16796947475));
#8235 = CARTESIAN_POINT('',(27.780390136517,21.123434083025,
    -1.277538210962));
#8236 = CARTESIAN_POINT('',(27.772434819178,21.105444511566,
    -1.387106947175));
#8237 = CARTESIAN_POINT('',(27.76447950184,21.087454940108,
    -1.496675683388));
#8238 = ORIENTED_EDGE('',*,*,#8239,.T.);
#8239 = EDGE_CURVE('',#8193,#7642,#8240,.T.);
#8240 = B_SPLINE_CURVE_WITH_KNOTS('',8,(#8241,#8242,#8243,#8244,#8245,
    #8246,#8247,#8248,#8249),.UNSPECIFIED.,.F.,.F.,(9,9),(6.,7.),
  .PIECEWISE_BEZIER_KNOTS.);
#8241 = CARTESIAN_POINT('',(36.1,12.,22.));
#8242 = CARTESIAN_POINT('',(36.1,14.866703296401,22.));
#8243 = CARTESIAN_POINT('',(35.456712481167,17.733407495162,22.));
#8244 = CARTESIAN_POINT('',(34.170143761721,20.431693221291,22.));
#8245 = CARTESIAN_POINT('',(32.293177834388,22.793177834387,22.));
#8246 = CARTESIAN_POINT('',(29.931693221291,24.670143761722,22.));
#8247 = CARTESIAN_POINT('',(27.233407495162,25.956712481167,22.));
#8248 = CARTESIAN_POINT('',(24.366703296401,26.6,22.));
#8249 = CARTESIAN_POINT('',(21.5,26.6,22.));
#8250 = ORIENTED_EDGE('',*,*,#7641,.T.);
#8251 = ORIENTED_EDGE('',*,*,#2890,.T.);
#8252 = ORIENTED_EDGE('',*,*,#7619,.T.);
#8253 = B_SPLINE_SURFACE_WITH_KNOTS('',8,1,(
    (#8254,#8255)
    ,(#8256,#8257)
    ,(#8258,#8259)
    ,(#8260,#8261)
    ,(#8262,#8263)
    ,(#8264,#8265)
    ,(#8266,#8267)
    ,(#8268,#8269)
    ,(#8270,#8271
    )),.UNSPECIFIED.,.F.,.F.,.F.,(9,9),(2,2),(6.,7.),(0.,22.),
  .PIECEWISE_BEZIER_KNOTS.);
#8254 = CARTESIAN_POINT('',(36.1,12.,22.));
#8255 = CARTESIAN_POINT('',(33.262223382335,11.208679479031,0.));
#8256 = CARTESIAN_POINT('',(36.1,14.866703296401,22.));
#8257 = CARTESIAN_POINT('',(32.453467436926,13.608696445196,0.));
#8258 = CARTESIAN_POINT('',(35.456712481167,17.733407495162,22.));
#8259 = CARTESIAN_POINT('',(31.446801063432,15.942021182297,0.));
#8260 = CARTESIAN_POINT('',(34.170143761721,20.431693221291,22.));
#8261 = CARTESIAN_POINT('',(30.248639135301,18.189615474478,0.));
#8262 = CARTESIAN_POINT('',(32.293177834388,22.793177834387,22.));
#8263 = CARTESIAN_POINT('',(28.86759800766,20.333176484467,0.));
#8264 = CARTESIAN_POINT('',(29.931693221291,24.670143761722,22.));
#8265 = CARTESIAN_POINT('',(27.314382312964,22.355464645322,0.));
#8266 = CARTESIAN_POINT('',(27.233407495162,25.956712481167,22.));
#8267 = CARTESIAN_POINT('',(25.601619287947,24.240594595325,0.));
#8268 = CARTESIAN_POINT('',(24.366703296401,26.6,22.));
#8269 = CARTESIAN_POINT('',(23.743640631871,25.974289156042,0.));
#8270 = CARTESIAN_POINT('',(21.5,26.6,22.));
#8271 = CARTESIAN_POINT('',(21.756211896086,27.544096353532,0.));
#8272 = ADVANCED_FACE('',(#8273),#8316,.T.);
#8273 = FACE_BOUND('',#8274,.T.);
#8274 = EDGE_LOOP('',(#8275,#8300,#8308,#8314,#8315));
#8275 = ORIENTED_EDGE('',*,*,#8276,.F.);
#8276 = EDGE_CURVE('',#8277,#8063,#8279,.T.);
#8277 = VERTEX_POINT('',#8278);
#8278 = CARTESIAN_POINT('',(-35.10585761715,12.664776627142,22.));
#8279 = B_SPLINE_CURVE_WITH_KNOTS('',4,(#8280,#8281,#8282,#8283,#8284,
    #8285,#8286,#8287,#8288,#8289,#8290,#8291,#8292,#8293,#8294,#8295,
    #8296,#8297,#8298,#8299),.UNSPECIFIED.,.F.,.F.,(5,3,3,3,3,3,5),(0.,
    0.500454300875,0.750727645582,0.875876695896,0.935950280848,
    0.965987073324,1.),.UNSPECIFIED.);
#8280 = CARTESIAN_POINT('',(-35.10585761715,12.664776627141,22.));
#8281 = CARTESIAN_POINT('',(-35.0019974799,12.664776627141,
    20.899872454184));
#8282 = CARTESIAN_POINT('',(-34.89640658837,12.664776627141,
    19.799826647653));
#8283 = CARTESIAN_POINT('',(-34.78902735716,12.664776627141,
    18.699867344694));
#8284 = CARTESIAN_POINT('',(-34.62517185781,12.664776627141,
    17.049964808648));
#8285 = CARTESIAN_POINT('',(-34.57008370306,12.664776627141,
    16.499952614019));
#8286 = CARTESIAN_POINT('',(-34.51452477027,12.664776627141,
    15.949964102147));
#8287 = CARTESIAN_POINT('',(-34.43046517603,12.664776627141,
    15.124990755047));
#8288 = CARTESIAN_POINT('',(-34.40232370267,12.664776627141,
    14.849987610694));
#8289 = CARTESIAN_POINT('',(-34.37406144666,12.664776627141,
    14.574990662455));
#8290 = CARTESIAN_POINT('',(-34.33205254434,12.664776627141,
    14.168000004973));
#8291 = CARTESIAN_POINT('',(-34.3183995028,12.664776627141,
    14.036000005072));
#8292 = CARTESIAN_POINT('',(-34.3047181236,12.664776627141,
    13.904000005172));
#8293 = CARTESIAN_POINT('',(-34.28415337,12.664776627141,13.706000005322
    ));
#8294 = CARTESIAN_POINT('',(-34.27729133799,12.664776627141,
    13.640000005372));
#8295 = CARTESIAN_POINT('',(-34.270422177,12.664776627141,
    13.574000005423));
#8296 = CARTESIAN_POINT('',(-34.25575931313,12.664776627141,
    13.433263225218));
#8297 = CARTESIAN_POINT('',(-34.24796368839,12.664776627141,
    13.358527352296));
#8298 = CARTESIAN_POINT('',(-34.24015880504,12.664776627141,
    13.283790746761));
#8299 = CARTESIAN_POINT('',(-34.23234484934,12.664776627141,
    13.209055396986));
#8300 = ORIENTED_EDGE('',*,*,#8301,.F.);
#8301 = EDGE_CURVE('',#8302,#8277,#8304,.T.);
#8302 = VERTEX_POINT('',#8303);
#8303 = CARTESIAN_POINT('',(-35.99668617016,12.664776627141,22.));
#8304 = LINE('',#8305,#8306);
#8305 = CARTESIAN_POINT('',(-36.52099999999,12.664776627142,22.));
#8306 = VECTOR('',#8307,1.);
#8307 = DIRECTION('',(1.,0.,0.));
#8308 = ORIENTED_EDGE('',*,*,#8309,.F.);
#8309 = EDGE_CURVE('',#2951,#8302,#8310,.T.);
#8310 = LINE('',#8311,#8312);
#8311 = CARTESIAN_POINT('',(-35.99668617016,12.664776627141,0.));
#8312 = VECTOR('',#8313,1.);
#8313 = DIRECTION('',(0.,0.,1.));
#8314 = ORIENTED_EDGE('',*,*,#2972,.T.);
#8315 = ORIENTED_EDGE('',*,*,#8142,.T.);
#8316 = PLANE('',#8317);
#8317 = AXIS2_PLACEMENT_3D('',#8318,#8319,#8320);
#8318 = CARTESIAN_POINT('',(-35.02939316168,12.664776627155,
    15.677764387664));
#8319 = DIRECTION('',(2.499205E-11,-1.,2.50944E-12));
#8320 = DIRECTION('',(-1.,-2.499205E-11,0.));
#8321 = ADVANCED_FACE('',(#8322),#8333,.F.);
#8322 = FACE_BOUND('',#8323,.F.);
#8323 = EDGE_LOOP('',(#8324,#8325,#8326));
#8324 = ORIENTED_EDGE('',*,*,#8309,.F.);
#8325 = ORIENTED_EDGE('',*,*,#2950,.F.);
#8326 = ORIENTED_EDGE('',*,*,#8327,.T.);
#8327 = EDGE_CURVE('',#2937,#8302,#8328,.T.);
#8328 = CIRCLE('',#8329,12.976643471702);
#8329 = AXIS2_PLACEMENT_3D('',#8330,#8331,#8332);
#8330 = CARTESIAN_POINT('',(-33.16884091691,-4.56E-14,22.));
#8331 = DIRECTION('',(0.,0.,-1.));
#8332 = DIRECTION('',(1.,0.,0.));
#8333 = CYLINDRICAL_SURFACE('',#8334,12.976643471702);
#8334 = AXIS2_PLACEMENT_3D('',#8335,#8336,#8337);
#8335 = CARTESIAN_POINT('',(-33.16884091691,-4.56E-14,0.));
#8336 = DIRECTION('',(0.,0.,-1.));
#8337 = DIRECTION('',(1.,0.,0.));
#8338 = ADVANCED_FACE('',(#8339),#8349,.T.);
#8339 = FACE_BOUND('',#8340,.F.);
#8340 = EDGE_LOOP('',(#8341,#8342,#8343));
#8341 = ORIENTED_EDGE('',*,*,#8327,.F.);
#8342 = ORIENTED_EDGE('',*,*,#2936,.F.);
#8343 = ORIENTED_EDGE('',*,*,#8344,.T.);
#8344 = EDGE_CURVE('',#1063,#8302,#8345,.T.);
#8345 = LINE('',#8346,#8347);
#8346 = CARTESIAN_POINT('',(-36.521,12.664776627142,22.));
#8347 = VECTOR('',#8348,1.);
#8348 = DIRECTION('',(1.,3.71795E-11,0.));
#8349 = PLANE('',#8350);
#8350 = AXIS2_PLACEMENT_3D('',#8351,#8352,#8353);
#8351 = CARTESIAN_POINT('',(-2.419912013386,11.092029931077,22.));
#8352 = DIRECTION('',(0.,-4.4E-16,1.));
#8353 = DIRECTION('',(-1.,-0.,-0.));
#8354 = ADVANCED_FACE('',(#8355),#8400,.T.);
#8355 = FACE_BOUND('',#8356,.T.);
#8356 = EDGE_LOOP('',(#8357,#8367,#8376,#8384,#8390,#8391,#8392,#8393));
#8357 = ORIENTED_EDGE('',*,*,#8358,.T.);
#8358 = EDGE_CURVE('',#8359,#8361,#8363,.T.);
#8359 = VERTEX_POINT('',#8360);
#8360 = CARTESIAN_POINT('',(-36.52099999999,4.664776627142,30.));
#8361 = VERTEX_POINT('',#8362);
#8362 = CARTESIAN_POINT('',(-36.52099999999,-4.664776627142,30.));
#8363 = LINE('',#8364,#8365);
#8364 = CARTESIAN_POINT('',(-36.521,-1.502E-14,30.));
#8365 = VECTOR('',#8366,1.);
#8366 = DIRECTION('',(-0.,-1.,-4.4E-16));
#8367 = ORIENTED_EDGE('',*,*,#8368,.F.);
#8368 = EDGE_CURVE('',#8369,#8361,#8371,.T.);
#8369 = VERTEX_POINT('',#8370);
#8370 = CARTESIAN_POINT('',(-36.52099999999,-12.66477662714,22.));
#8371 = CIRCLE('',#8372,8.);
#8372 = AXIS2_PLACEMENT_3D('',#8373,#8374,#8375);
#8373 = CARTESIAN_POINT('',(-36.52099999999,-4.664776627142,22.));
#8374 = DIRECTION('',(-1.,0.,0.));
#8375 = DIRECTION('',(0.,-1.,0.));
#8376 = ORIENTED_EDGE('',*,*,#8377,.F.);
#8377 = EDGE_CURVE('',#8378,#8369,#8380,.T.);
#8378 = VERTEX_POINT('',#8379);
#8379 = CARTESIAN_POINT('',(-36.52099999999,-12.66477662714,30.));
#8380 = LINE('',#8381,#8382);
#8381 = CARTESIAN_POINT('',(-36.52099999999,-12.66477662714,30.));
#8382 = VECTOR('',#8383,1.);
#8383 = DIRECTION('',(0.,0.,-1.));
#8384 = ORIENTED_EDGE('',*,*,#8385,.F.);
#8385 = EDGE_CURVE('',#7123,#8378,#8386,.T.);
#8386 = LINE('',#8387,#8388);
#8387 = CARTESIAN_POINT('',(-36.52099999999,-12.,31.2));
#8388 = VECTOR('',#8389,1.);
#8389 = DIRECTION('',(0.,-0.484589772502,-0.874741534618));
#8390 = ORIENTED_EDGE('',*,*,#7147,.T.);
#8391 = ORIENTED_EDGE('',*,*,#4621,.F.);
#8392 = ORIENTED_EDGE('',*,*,#4590,.T.);
#8393 = ORIENTED_EDGE('',*,*,#8394,.F.);
#8394 = EDGE_CURVE('',#8359,#4593,#8395,.T.);
#8395 = CIRCLE('',#8396,8.);
#8396 = AXIS2_PLACEMENT_3D('',#8397,#8398,#8399);
#8397 = CARTESIAN_POINT('',(-36.52099999999,4.664776627142,22.));
#8398 = DIRECTION('',(-1.,0.,0.));
#8399 = DIRECTION('',(0.,-1.,0.));
#8400 = PLANE('',#8401);
#8401 = AXIS2_PLACEMENT_3D('',#8402,#8403,#8404);
#8402 = CARTESIAN_POINT('',(-36.52099999999,-2.4812E-13,28.586992545065)
  );
#8403 = DIRECTION('',(-1.,-0.,-2.149E-14));
#8404 = DIRECTION('',(2.149E-14,0.,-1.));
#8405 = ADVANCED_FACE('',(#8406),#8435,.F.);
#8406 = FACE_BOUND('',#8407,.F.);
#8407 = EDGE_LOOP('',(#8408,#8416,#8425,#8431,#8432,#8433,#8434));
#8408 = ORIENTED_EDGE('',*,*,#8409,.T.);
#8409 = EDGE_CURVE('',#8359,#8410,#8412,.T.);
#8410 = VERTEX_POINT('',#8411);
#8411 = CARTESIAN_POINT('',(-34.52099999999,4.664776627142,30.));
#8412 = LINE('',#8413,#8414);
#8413 = CARTESIAN_POINT('',(-36.52099999999,4.664776627142,30.));
#8414 = VECTOR('',#8415,1.);
#8415 = DIRECTION('',(1.,0.,0.));
#8416 = ORIENTED_EDGE('',*,*,#8417,.T.);
#8417 = EDGE_CURVE('',#8410,#8418,#8420,.T.);
#8418 = VERTEX_POINT('',#8419);
#8419 = CARTESIAN_POINT('',(-34.52099999999,12.664776627142,22.));
#8420 = CIRCLE('',#8421,8.);
#8421 = AXIS2_PLACEMENT_3D('',#8422,#8423,#8424);
#8422 = CARTESIAN_POINT('',(-34.52099999999,4.664776627142,22.));
#8423 = DIRECTION('',(-1.,0.,0.));
#8424 = DIRECTION('',(0.,-1.,0.));
#8425 = ORIENTED_EDGE('',*,*,#8426,.F.);
#8426 = EDGE_CURVE('',#8277,#8418,#8427,.T.);
#8427 = LINE('',#8428,#8429);
#8428 = CARTESIAN_POINT('',(-36.521,12.664776627142,22.));
#8429 = VECTOR('',#8430,1.);
#8430 = DIRECTION('',(1.,3.71795E-11,0.));
#8431 = ORIENTED_EDGE('',*,*,#8301,.F.);
#8432 = ORIENTED_EDGE('',*,*,#8344,.F.);
#8433 = ORIENTED_EDGE('',*,*,#4607,.F.);
#8434 = ORIENTED_EDGE('',*,*,#8394,.F.);
#8435 = CYLINDRICAL_SURFACE('',#8436,8.);
#8436 = AXIS2_PLACEMENT_3D('',#8437,#8438,#8439);
#8437 = CARTESIAN_POINT('',(-36.52099999999,4.664776627142,22.));
#8438 = DIRECTION('',(-1.,0.,0.));
#8439 = DIRECTION('',(0.,-1.,0.));
#8440 = ADVANCED_FACE('',(#8441),#8452,.F.);
#8441 = FACE_BOUND('',#8442,.F.);
#8442 = EDGE_LOOP('',(#8443,#8444,#8445,#8446));
#8443 = ORIENTED_EDGE('',*,*,#4680,.F.);
#8444 = ORIENTED_EDGE('',*,*,#7200,.F.);
#8445 = ORIENTED_EDGE('',*,*,#4755,.T.);
#8446 = ORIENTED_EDGE('',*,*,#8447,.F.);
#8447 = EDGE_CURVE('',#4673,#4756,#8448,.T.);
#8448 = LINE('',#8449,#8450);
#8449 = CARTESIAN_POINT('',(-5.25,19.,30.));
#8450 = VECTOR('',#8451,1.);
#8451 = DIRECTION('',(-1.,0.,0.));
#8452 = PLANE('',#8453);
#8453 = AXIS2_PLACEMENT_3D('',#8454,#8455,#8456);
#8454 = CARTESIAN_POINT('',(-10.5,19.,32.));
#8455 = DIRECTION('',(0.,-1.,0.));
#8456 = DIRECTION('',(1.,0.,0.));
#8457 = ADVANCED_FACE('',(#8458),#8519,.F.);
#8458 = FACE_BOUND('',#8459,.F.);
#8459 = EDGE_LOOP('',(#8460,#8468,#8469,#8470,#8471,#8479,#8487,#8496,
    #8504,#8513));
#8460 = ORIENTED_EDGE('',*,*,#8461,.T.);
#8461 = EDGE_CURVE('',#8462,#4764,#8464,.T.);
#8462 = VERTEX_POINT('',#8463);
#8463 = CARTESIAN_POINT('',(-12.5,18.75,30.));
#8464 = LINE('',#8465,#8466);
#8465 = CARTESIAN_POINT('',(-20.43740443402,18.75,30.));
#8466 = VECTOR('',#8467,1.);
#8467 = DIRECTION('',(1.,0.,0.));
#8468 = ORIENTED_EDGE('',*,*,#4771,.F.);
#8469 = ORIENTED_EDGE('',*,*,#4711,.F.);
#8470 = ORIENTED_EDGE('',*,*,#4664,.F.);
#8471 = ORIENTED_EDGE('',*,*,#8472,.T.);
#8472 = EDGE_CURVE('',#4665,#8473,#8475,.T.);
#8473 = VERTEX_POINT('',#8474);
#8474 = CARTESIAN_POINT('',(12.5,18.75,30.));
#8475 = LINE('',#8476,#8477);
#8476 = CARTESIAN_POINT('',(-20.43740443402,18.75,30.));
#8477 = VECTOR('',#8478,1.);
#8478 = DIRECTION('',(1.,0.,0.));
#8479 = ORIENTED_EDGE('',*,*,#8480,.F.);
#8480 = EDGE_CURVE('',#8481,#8473,#8483,.T.);
#8481 = VERTEX_POINT('',#8482);
#8482 = CARTESIAN_POINT('',(12.5,18.75,26.));
#8483 = LINE('',#8484,#8485);
#8484 = CARTESIAN_POINT('',(12.5,18.75,26.));
#8485 = VECTOR('',#8486,1.);
#8486 = DIRECTION('',(0.,-4.4E-16,1.));
#8487 = ORIENTED_EDGE('',*,*,#8488,.F.);
#8488 = EDGE_CURVE('',#8489,#8481,#8491,.T.);
#8489 = VERTEX_POINT('',#8490);
#8490 = CARTESIAN_POINT('',(9.5,18.75,23.));
#8491 = CIRCLE('',#8492,3.);
#8492 = AXIS2_PLACEMENT_3D('',#8493,#8494,#8495);
#8493 = CARTESIAN_POINT('',(9.5,18.75,26.));
#8494 = DIRECTION('',(0.,-1.,0.));
#8495 = DIRECTION('',(0.,0.,-1.));
#8496 = ORIENTED_EDGE('',*,*,#8497,.F.);
#8497 = EDGE_CURVE('',#8498,#8489,#8500,.T.);
#8498 = VERTEX_POINT('',#8499);
#8499 = CARTESIAN_POINT('',(-9.5,18.75,23.));
#8500 = LINE('',#8501,#8502);
#8501 = CARTESIAN_POINT('',(-9.5,18.75,23.));
#8502 = VECTOR('',#8503,1.);
#8503 = DIRECTION('',(1.,0.,0.));
#8504 = ORIENTED_EDGE('',*,*,#8505,.F.);
#8505 = EDGE_CURVE('',#8506,#8498,#8508,.T.);
#8506 = VERTEX_POINT('',#8507);
#8507 = CARTESIAN_POINT('',(-12.5,18.75,26.));
#8508 = CIRCLE('',#8509,3.);
#8509 = AXIS2_PLACEMENT_3D('',#8510,#8511,#8512);
#8510 = CARTESIAN_POINT('',(-9.5,18.75,26.));
#8511 = DIRECTION('',(-0.,-1.,-0.));
#8512 = DIRECTION('',(-1.,0.,0.));
#8513 = ORIENTED_EDGE('',*,*,#8514,.F.);
#8514 = EDGE_CURVE('',#8462,#8506,#8515,.T.);
#8515 = LINE('',#8516,#8517);
#8516 = CARTESIAN_POINT('',(-12.5,18.75,30.));
#8517 = VECTOR('',#8518,1.);
#8518 = DIRECTION('',(0.,4.4E-16,-1.));
#8519 = PLANE('',#8520);
#8520 = AXIS2_PLACEMENT_3D('',#8521,#8522,#8523);
#8521 = CARTESIAN_POINT('',(-20.43740443402,18.75,22.));
#8522 = DIRECTION('',(0.,1.,0.));
#8523 = DIRECTION('',(1.,0.,0.));
#8524 = ADVANCED_FACE('',(#8525),#8780,.T.);
#8525 = FACE_BOUND('',#8526,.T.);
#8526 = EDGE_LOOP('',(#8527,#8537,#8544,#8545,#8546,#8547,#8548,#8549,
    #8558,#8566,#8574,#8583,#8592,#8600,#8609,#8618,#8626,#8634,#8643,
    #8651,#8659,#8667,#8675,#8683,#8692,#8700,#8708,#8717,#8726,#8734,
    #8742,#8748,#8749,#8750,#8758,#8764,#8765,#8774));
#8527 = ORIENTED_EDGE('',*,*,#8528,.T.);
#8528 = EDGE_CURVE('',#8529,#8531,#8533,.T.);
#8529 = VERTEX_POINT('',#8530);
#8530 = CARTESIAN_POINT('',(-13.5,25.,30.));
#8531 = VERTEX_POINT('',#8532);
#8532 = CARTESIAN_POINT('',(-13.5,19.75,30.));
#8533 = LINE('',#8534,#8535);
#8534 = CARTESIAN_POINT('',(-13.5,9.375,30.));
#8535 = VECTOR('',#8536,1.);
#8536 = DIRECTION('',(-0.,-1.,-4.4E-16));
#8537 = ORIENTED_EDGE('',*,*,#8538,.F.);
#8538 = EDGE_CURVE('',#8462,#8531,#8539,.T.);
#8539 = CIRCLE('',#8540,1.);
#8540 = AXIS2_PLACEMENT_3D('',#8541,#8542,#8543);
#8541 = CARTESIAN_POINT('',(-12.5,19.75,30.));
#8542 = DIRECTION('',(0.,4.4E-16,-1.));
#8543 = DIRECTION('',(0.,1.,4.4E-16));
#8544 = ORIENTED_EDGE('',*,*,#8461,.T.);
#8545 = ORIENTED_EDGE('',*,*,#4763,.F.);
#8546 = ORIENTED_EDGE('',*,*,#8447,.F.);
#8547 = ORIENTED_EDGE('',*,*,#4672,.T.);
#8548 = ORIENTED_EDGE('',*,*,#8472,.T.);
#8549 = ORIENTED_EDGE('',*,*,#8550,.T.);
#8550 = EDGE_CURVE('',#8473,#8551,#8553,.T.);
#8551 = VERTEX_POINT('',#8552);
#8552 = CARTESIAN_POINT('',(13.5,19.75,30.));
#8553 = CIRCLE('',#8554,1.);
#8554 = AXIS2_PLACEMENT_3D('',#8555,#8556,#8557);
#8555 = CARTESIAN_POINT('',(12.5,19.75,30.));
#8556 = DIRECTION('',(0.,-4.4E-16,1.));
#8557 = DIRECTION('',(0.,-1.,-4.4E-16));
#8558 = ORIENTED_EDGE('',*,*,#8559,.F.);
#8559 = EDGE_CURVE('',#8560,#8551,#8562,.T.);
#8560 = VERTEX_POINT('',#8561);
#8561 = CARTESIAN_POINT('',(13.5,25.,30.));
#8562 = LINE('',#8563,#8564);
#8563 = CARTESIAN_POINT('',(13.5,9.375,30.));
#8564 = VECTOR('',#8565,1.);
#8565 = DIRECTION('',(-0.,-1.,-4.4E-16));
#8566 = ORIENTED_EDGE('',*,*,#8567,.F.);
#8567 = EDGE_CURVE('',#8568,#8560,#8570,.T.);
#8568 = VERTEX_POINT('',#8569);
#8569 = CARTESIAN_POINT('',(23.40781448034,25.,30.));
#8570 = LINE('',#8571,#8572);
#8571 = CARTESIAN_POINT('',(6.75,25.,30.));
#8572 = VECTOR('',#8573,1.);
#8573 = DIRECTION('',(-1.,-0.,-0.));
#8574 = ORIENTED_EDGE('',*,*,#8575,.F.);
#8575 = EDGE_CURVE('',#8576,#8568,#8578,.T.);
#8576 = VERTEX_POINT('',#8577);
#8577 = CARTESIAN_POINT('',(27.650358596171,17.354093836654,30.));
#8578 = CIRCLE('',#8579,5.);
#8579 = AXIS2_PLACEMENT_3D('',#8580,#8581,#8582);
#8580 = CARTESIAN_POINT('',(23.40781448034,20.,30.));
#8581 = DIRECTION('',(0.,-4.4E-16,1.));
#8582 = DIRECTION('',(1.,0.,0.));
#8583 = ORIENTED_EDGE('',*,*,#8584,.T.);
#8584 = EDGE_CURVE('',#8576,#8585,#8587,.T.);
#8585 = VERTEX_POINT('',#8586);
#8586 = CARTESIAN_POINT('',(31.5,10.552073458422,30.));
#8587 = CIRCLE('',#8588,4.448558813737);
#8588 = AXIS2_PLACEMENT_3D('',#8589,#8590,#8591);
#8589 = CARTESIAN_POINT('',(31.425,15.,30.));
#8590 = DIRECTION('',(0.,-4.4E-16,1.));
#8591 = DIRECTION('',(1.,0.,0.));
#8592 = ORIENTED_EDGE('',*,*,#8593,.F.);
#8593 = EDGE_CURVE('',#8594,#8585,#8596,.T.);
#8594 = VERTEX_POINT('',#8595);
#8595 = CARTESIAN_POINT('',(31.5,-10.55207345842,30.));
#8596 = LINE('',#8597,#8598);
#8597 = CARTESIAN_POINT('',(31.5,5.276036729211,30.));
#8598 = VECTOR('',#8599,1.);
#8599 = DIRECTION('',(0.,1.,4.4E-16));
#8600 = ORIENTED_EDGE('',*,*,#8601,.F.);
#8601 = EDGE_CURVE('',#8602,#8594,#8604,.T.);
#8602 = VERTEX_POINT('',#8603);
#8603 = CARTESIAN_POINT('',(27.650358596171,-17.35409383665,30.));
#8604 = CIRCLE('',#8605,4.448558813737);
#8605 = AXIS2_PLACEMENT_3D('',#8606,#8607,#8608);
#8606 = CARTESIAN_POINT('',(31.425,-15.,30.));
#8607 = DIRECTION('',(0.,0.,-1.));
#8608 = DIRECTION('',(1.,0.,0.));
#8609 = ORIENTED_EDGE('',*,*,#8610,.T.);
#8610 = EDGE_CURVE('',#8602,#8611,#8613,.T.);
#8611 = VERTEX_POINT('',#8612);
#8612 = CARTESIAN_POINT('',(23.40781448034,-25.,30.));
#8613 = CIRCLE('',#8614,5.);
#8614 = AXIS2_PLACEMENT_3D('',#8615,#8616,#8617);
#8615 = CARTESIAN_POINT('',(23.40781448034,-20.,30.));
#8616 = DIRECTION('',(0.,0.,-1.));
#8617 = DIRECTION('',(1.,0.,0.));
#8618 = ORIENTED_EDGE('',*,*,#8619,.T.);
#8619 = EDGE_CURVE('',#8611,#8620,#8622,.T.);
#8620 = VERTEX_POINT('',#8621);
#8621 = CARTESIAN_POINT('',(13.5,-25.,30.));
#8622 = LINE('',#8623,#8624);
#8623 = CARTESIAN_POINT('',(6.75,-25.,30.));
#8624 = VECTOR('',#8625,1.);
#8625 = DIRECTION('',(-1.,0.,0.));
#8626 = ORIENTED_EDGE('',*,*,#8627,.T.);
#8627 = EDGE_CURVE('',#8620,#8628,#8630,.T.);
#8628 = VERTEX_POINT('',#8629);
#8629 = CARTESIAN_POINT('',(13.5,-19.75,30.));
#8630 = LINE('',#8631,#8632);
#8631 = CARTESIAN_POINT('',(13.5,-9.375,30.));
#8632 = VECTOR('',#8633,1.);
#8633 = DIRECTION('',(0.,1.,0.));
#8634 = ORIENTED_EDGE('',*,*,#8635,.F.);
#8635 = EDGE_CURVE('',#8636,#8628,#8638,.T.);
#8636 = VERTEX_POINT('',#8637);
#8637 = CARTESIAN_POINT('',(12.5,-18.75,30.));
#8638 = CIRCLE('',#8639,1.);
#8639 = AXIS2_PLACEMENT_3D('',#8640,#8641,#8642);
#8640 = CARTESIAN_POINT('',(12.5,-19.75,30.));
#8641 = DIRECTION('',(-0.,-0.,-1.));
#8642 = DIRECTION('',(0.,-1.,0.));
#8643 = ORIENTED_EDGE('',*,*,#8644,.T.);
#8644 = EDGE_CURVE('',#8636,#8645,#8647,.T.);
#8645 = VERTEX_POINT('',#8646);
#8646 = CARTESIAN_POINT('',(10.5,-18.75,30.));
#8647 = LINE('',#8648,#8649);
#8648 = CARTESIAN_POINT('',(20.437404434027,-18.75,30.));
#8649 = VECTOR('',#8650,1.);
#8650 = DIRECTION('',(-1.,0.,0.));
#8651 = ORIENTED_EDGE('',*,*,#8652,.T.);
#8652 = EDGE_CURVE('',#8645,#8653,#8655,.T.);
#8653 = VERTEX_POINT('',#8654);
#8654 = CARTESIAN_POINT('',(10.5,-19.,30.));
#8655 = LINE('',#8656,#8657);
#8656 = CARTESIAN_POINT('',(10.5,28.,30.));
#8657 = VECTOR('',#8658,1.);
#8658 = DIRECTION('',(0.,-1.,2.2E-16));
#8659 = ORIENTED_EDGE('',*,*,#8660,.F.);
#8660 = EDGE_CURVE('',#8661,#8653,#8663,.T.);
#8661 = VERTEX_POINT('',#8662);
#8662 = CARTESIAN_POINT('',(-10.5,-19.,30.));
#8663 = LINE('',#8664,#8665);
#8664 = CARTESIAN_POINT('',(5.25,-19.,30.));
#8665 = VECTOR('',#8666,1.);
#8666 = DIRECTION('',(1.,0.,0.));
#8667 = ORIENTED_EDGE('',*,*,#8668,.F.);
#8668 = EDGE_CURVE('',#8669,#8661,#8671,.T.);
#8669 = VERTEX_POINT('',#8670);
#8670 = CARTESIAN_POINT('',(-10.5,-18.75,30.));
#8671 = LINE('',#8672,#8673);
#8672 = CARTESIAN_POINT('',(-10.5,28.,30.));
#8673 = VECTOR('',#8674,1.);
#8674 = DIRECTION('',(0.,-1.,2.2E-16));
#8675 = ORIENTED_EDGE('',*,*,#8676,.T.);
#8676 = EDGE_CURVE('',#8669,#8677,#8679,.T.);
#8677 = VERTEX_POINT('',#8678);
#8678 = CARTESIAN_POINT('',(-12.5,-18.75,30.));
#8679 = LINE('',#8680,#8681);
#8680 = CARTESIAN_POINT('',(20.437404434027,-18.75,30.));
#8681 = VECTOR('',#8682,1.);
#8682 = DIRECTION('',(-1.,0.,0.));
#8683 = ORIENTED_EDGE('',*,*,#8684,.T.);
#8684 = EDGE_CURVE('',#8677,#8685,#8687,.T.);
#8685 = VERTEX_POINT('',#8686);
#8686 = CARTESIAN_POINT('',(-13.5,-19.75,30.));
#8687 = CIRCLE('',#8688,1.);
#8688 = AXIS2_PLACEMENT_3D('',#8689,#8690,#8691);
#8689 = CARTESIAN_POINT('',(-12.5,-19.75,30.));
#8690 = DIRECTION('',(0.,-0.,1.));
#8691 = DIRECTION('',(0.,1.,0.));
#8692 = ORIENTED_EDGE('',*,*,#8693,.F.);
#8693 = EDGE_CURVE('',#8694,#8685,#8696,.T.);
#8694 = VERTEX_POINT('',#8695);
#8695 = CARTESIAN_POINT('',(-13.5,-25.,30.));
#8696 = LINE('',#8697,#8698);
#8697 = CARTESIAN_POINT('',(-13.5,-9.375,30.));
#8698 = VECTOR('',#8699,1.);
#8699 = DIRECTION('',(0.,1.,0.));
#8700 = ORIENTED_EDGE('',*,*,#8701,.T.);
#8701 = EDGE_CURVE('',#8694,#8702,#8704,.T.);
#8702 = VERTEX_POINT('',#8703);
#8703 = CARTESIAN_POINT('',(-22.42881448034,-25.,30.));
#8704 = LINE('',#8705,#8706);
#8705 = CARTESIAN_POINT('',(-11.21440724017,-25.,30.));
#8706 = VECTOR('',#8707,1.);
#8707 = DIRECTION('',(-1.,0.,0.));
#8708 = ORIENTED_EDGE('',*,*,#8709,.T.);
#8709 = EDGE_CURVE('',#8702,#8710,#8712,.T.);
#8710 = VERTEX_POINT('',#8711);
#8711 = CARTESIAN_POINT('',(-26.67135859617,-17.35409383665,30.));
#8712 = CIRCLE('',#8713,5.);
#8713 = AXIS2_PLACEMENT_3D('',#8714,#8715,#8716);
#8714 = CARTESIAN_POINT('',(-22.42881448034,-20.,30.));
#8715 = DIRECTION('',(0.,0.,-1.));
#8716 = DIRECTION('',(1.,0.,0.));
#8717 = ORIENTED_EDGE('',*,*,#8718,.F.);
#8718 = EDGE_CURVE('',#8719,#8710,#8721,.T.);
#8719 = VERTEX_POINT('',#8720);
#8720 = CARTESIAN_POINT('',(-34.23234484939,-12.66477662722,30.));
#8721 = CIRCLE('',#8722,4.448558813737);
#8722 = AXIS2_PLACEMENT_3D('',#8723,#8724,#8725);
#8723 = CARTESIAN_POINT('',(-30.446,-15.,30.));
#8724 = DIRECTION('',(0.,0.,-1.));
#8725 = DIRECTION('',(1.,0.,0.));
#8726 = ORIENTED_EDGE('',*,*,#8727,.T.);
#8727 = EDGE_CURVE('',#8719,#8728,#8730,.T.);
#8728 = VERTEX_POINT('',#8729);
#8729 = CARTESIAN_POINT('',(-34.52099999999,-12.66477662714,30.));
#8730 = LINE('',#8731,#8732);
#8731 = CARTESIAN_POINT('',(-18.26050000023,-12.66477662782,30.));
#8732 = VECTOR('',#8733,1.);
#8733 = DIRECTION('',(-1.,3.71795E-11,0.));
#8734 = ORIENTED_EDGE('',*,*,#8735,.F.);
#8735 = EDGE_CURVE('',#8736,#8728,#8738,.T.);
#8736 = VERTEX_POINT('',#8737);
#8737 = CARTESIAN_POINT('',(-34.52099999999,-4.664776627142,30.));
#8738 = LINE('',#8739,#8740);
#8739 = CARTESIAN_POINT('',(-34.52099999999,-9.254E-14,30.));
#8740 = VECTOR('',#8741,1.);
#8741 = DIRECTION('',(0.,-1.,0.));
#8742 = ORIENTED_EDGE('',*,*,#8743,.F.);
#8743 = EDGE_CURVE('',#8361,#8736,#8744,.T.);
#8744 = LINE('',#8745,#8746);
#8745 = CARTESIAN_POINT('',(-36.52099999999,-4.664776627142,30.));
#8746 = VECTOR('',#8747,1.);
#8747 = DIRECTION('',(1.,0.,0.));
#8748 = ORIENTED_EDGE('',*,*,#8358,.F.);
#8749 = ORIENTED_EDGE('',*,*,#8409,.T.);
#8750 = ORIENTED_EDGE('',*,*,#8751,.F.);
#8751 = EDGE_CURVE('',#8752,#8410,#8754,.T.);
#8752 = VERTEX_POINT('',#8753);
#8753 = CARTESIAN_POINT('',(-34.52099999999,12.664776627142,30.));
#8754 = LINE('',#8755,#8756);
#8755 = CARTESIAN_POINT('',(-34.52099999999,-9.254E-14,30.));
#8756 = VECTOR('',#8757,1.);
#8757 = DIRECTION('',(0.,-1.,0.));
#8758 = ORIENTED_EDGE('',*,*,#8759,.F.);
#8759 = EDGE_CURVE('',#8107,#8752,#8760,.T.);
#8760 = LINE('',#8761,#8762);
#8761 = CARTESIAN_POINT('',(-18.26050000023,12.664776627821,30.));
#8762 = VECTOR('',#8763,1.);
#8763 = DIRECTION('',(-1.,-3.71795E-11,-0.));
#8764 = ORIENTED_EDGE('',*,*,#8114,.T.);
#8765 = ORIENTED_EDGE('',*,*,#8766,.F.);
#8766 = EDGE_CURVE('',#8767,#8115,#8769,.T.);
#8767 = VERTEX_POINT('',#8768);
#8768 = CARTESIAN_POINT('',(-22.42881448034,25.,30.));
#8769 = CIRCLE('',#8770,5.);
#8770 = AXIS2_PLACEMENT_3D('',#8771,#8772,#8773);
#8771 = CARTESIAN_POINT('',(-22.42881448034,20.,30.));
#8772 = DIRECTION('',(0.,-4.4E-16,1.));
#8773 = DIRECTION('',(1.,0.,0.));
#8774 = ORIENTED_EDGE('',*,*,#8775,.F.);
#8775 = EDGE_CURVE('',#8529,#8767,#8776,.T.);
#8776 = LINE('',#8777,#8778);
#8777 = CARTESIAN_POINT('',(-11.21440724017,25.,30.));
#8778 = VECTOR('',#8779,1.);
#8779 = DIRECTION('',(-1.,-0.,-0.));
#8780 = PLANE('',#8781);
#8781 = AXIS2_PLACEMENT_3D('',#8782,#8783,#8784);
#8782 = CARTESIAN_POINT('',(-2.252913104106,-4.03E-15,30.));
#8783 = DIRECTION('',(-0.,-0.,-1.));
#8784 = DIRECTION('',(-1.,0.,0.));
#8785 = ADVANCED_FACE('',(#8786),#8836,.T.);
#8786 = FACE_BOUND('',#8787,.T.);
#8787 = EDGE_LOOP('',(#8788,#8789,#8790,#8791,#8792,#8800,#8808,#8814,
    #8815,#8823,#8835));
#8788 = ORIENTED_EDGE('',*,*,#4814,.F.);
#8789 = ORIENTED_EDGE('',*,*,#6909,.F.);
#8790 = ORIENTED_EDGE('',*,*,#6885,.T.);
#8791 = ORIENTED_EDGE('',*,*,#6940,.F.);
#8792 = ORIENTED_EDGE('',*,*,#8793,.T.);
#8793 = EDGE_CURVE('',#6932,#8794,#8796,.T.);
#8794 = VERTEX_POINT('',#8795);
#8795 = CARTESIAN_POINT('',(15.5,-28.,25.2));
#8796 = LINE('',#8797,#8798);
#8797 = CARTESIAN_POINT('',(15.5,-28.,32.));
#8798 = VECTOR('',#8799,1.);
#8799 = DIRECTION('',(-0.,-0.,-1.));
#8800 = ORIENTED_EDGE('',*,*,#8801,.T.);
#8801 = EDGE_CURVE('',#8794,#8802,#8804,.T.);
#8802 = VERTEX_POINT('',#8803);
#8803 = CARTESIAN_POINT('',(-15.5,-28.,25.2));
#8804 = LINE('',#8805,#8806);
#8805 = CARTESIAN_POINT('',(15.5,-28.,25.2));
#8806 = VECTOR('',#8807,1.);
#8807 = DIRECTION('',(-1.,-0.,-0.));
#8808 = ORIENTED_EDGE('',*,*,#8809,.F.);
#8809 = EDGE_CURVE('',#7072,#8802,#8810,.T.);
#8810 = LINE('',#8811,#8812);
#8811 = CARTESIAN_POINT('',(-15.5,-28.,26.));
#8812 = VECTOR('',#8813,1.);
#8813 = DIRECTION('',(-0.,-0.,-1.));
#8814 = ORIENTED_EDGE('',*,*,#7096,.T.);
#8815 = ORIENTED_EDGE('',*,*,#8816,.F.);
#8816 = EDGE_CURVE('',#8817,#7097,#8819,.T.);
#8817 = VERTEX_POINT('',#8818);
#8818 = CARTESIAN_POINT('',(-20.521,-28.,22.));
#8819 = LINE('',#8820,#8821);
#8820 = CARTESIAN_POINT('',(-20.521,-27.99999999999,22.));
#8821 = VECTOR('',#8822,1.);
#8822 = DIRECTION('',(0.,0.,1.));
#8823 = ORIENTED_EDGE('',*,*,#8824,.T.);
#8824 = EDGE_CURVE('',#8817,#4864,#8825,.T.);
#8825 = B_SPLINE_CURVE_WITH_KNOTS('',8,(#8826,#8827,#8828,#8829,#8830,
    #8831,#8832,#8833,#8834),.UNSPECIFIED.,.F.,.F.,(9,9),(2.,3.),
  .PIECEWISE_BEZIER_KNOTS.);
#8826 = CARTESIAN_POINT('',(-20.521,-28.,22.));
#8827 = CARTESIAN_POINT('',(-15.268375,-28.,22.));
#8828 = CARTESIAN_POINT('',(-10.01575,-28.,22.));
#8829 = CARTESIAN_POINT('',(-4.763125,-28.,22.));
#8830 = CARTESIAN_POINT('',(0.4895,-28.,22.));
#8831 = CARTESIAN_POINT('',(5.742125,-28.,22.));
#8832 = CARTESIAN_POINT('',(10.99475,-28.,22.));
#8833 = CARTESIAN_POINT('',(16.247375,-28.,22.));
#8834 = CARTESIAN_POINT('',(21.5,-28.,22.));
#8835 = ORIENTED_EDGE('',*,*,#4863,.F.);
#8836 = PLANE('',#8837);
#8837 = AXIS2_PLACEMENT_3D('',#8838,#8839,#8840);
#8838 = CARTESIAN_POINT('',(8.028433545885,-28.,25.613793382959));
#8839 = DIRECTION('',(-3.22E-15,-1.,4.14E-15));
#8840 = DIRECTION('',(0.,-4.14E-15,-1.));
#8841 = ADVANCED_FACE('',(#8842),#9035,.F.);
#8842 = FACE_BOUND('',#8843,.F.);
#8843 = EDGE_LOOP('',(#8844,#8851,#8852,#8853,#8854,#8910,#9006,#9007,
    #9018));
#8844 = ORIENTED_EDGE('',*,*,#8845,.F.);
#8845 = EDGE_CURVE('',#4864,#8846,#8848,.T.);
#8846 = VERTEX_POINT('',#8847);
#8847 = CARTESIAN_POINT('',(21.786754303429,-28.8417515288,6.5));
#8848 = B_SPLINE_CURVE_WITH_KNOTS('',1,(#8849,#8850),.UNSPECIFIED.,.F.,
  .F.,(2,2),(0.,22.),.PIECEWISE_BEZIER_KNOTS.);
#8849 = CARTESIAN_POINT('',(21.5,-28.,22.));
#8850 = CARTESIAN_POINT('',(21.907006108092,-29.1947441054,0.));
#8851 = ORIENTED_EDGE('',*,*,#4871,.T.);
#8852 = ORIENTED_EDGE('',*,*,#4909,.T.);
#8853 = ORIENTED_EDGE('',*,*,#7360,.F.);
#8854 = ORIENTED_EDGE('',*,*,#8855,.T.);
#8855 = EDGE_CURVE('',#7361,#8856,#8858,.T.);
#8856 = VERTEX_POINT('',#8857);
#8857 = CARTESIAN_POINT('',(35.873558813737,-15.,14.12385327442));
#8858 = B_SPLINE_CURVE_WITH_KNOTS('',8,(#8859,#8860,#8861,#8862,#8863,
    #8864,#8865,#8866,#8867,#8868,#8869,#8870,#8871,#8872,#8873,#8874,
    #8875,#8876,#8877,#8878,#8879,#8880,#8881,#8882,#8883,#8884,#8885,
    #8886,#8887,#8888,#8889,#8890,#8891,#8892,#8893,#8894,#8895,#8896,
    #8897,#8898,#8899,#8900,#8901,#8902,#8903,#8904,#8905,#8906,#8907,
    #8908,#8909),.UNSPECIFIED.,.F.,.F.,(9,7,7,7,7,7,7,9),(0.,
    0.285945222483,0.574117047832,0.851808942906,0.951621927677,
    0.975735583568,0.987041223833,1.),.UNSPECIFIED.);
#8859 = CARTESIAN_POINT('',(34.533813180117,-11.8180263781,0.));
#8860 = CARTESIAN_POINT('',(34.590028852084,-11.87294953043,
    0.509088803513));
#8861 = CARTESIAN_POINT('',(34.646132247838,-11.92998155719,
    1.018101350672));
#8862 = CARTESIAN_POINT('',(34.702119468921,-11.98925592176,
    1.52703020246));
#8863 = CARTESIAN_POINT('',(34.757981964558,-12.05092472658,
    2.03586576478));
#8864 = CARTESIAN_POINT('',(34.813706004103,-12.11516115103,
    2.544596203557));
#8865 = CARTESIAN_POINT('',(34.869271103441,-12.18216514825,
    3.053207248478));
#8866 = CARTESIAN_POINT('',(34.924647405365,-12.25217240072,
    3.561681885348));
#8867 = CARTESIAN_POINT('',(35.035366023369,-12.39933139655,
    4.582276168022));
#8868 = CARTESIAN_POINT('',(35.090704069402,-12.47653363916,
    5.094387322449));
#8869 = CARTESIAN_POINT('',(35.145762447417,-12.55736513159,
    5.606317660648));
#8870 = CARTESIAN_POINT('',(35.200483727826,-12.64216550603,
    6.118042281833));
#8871 = CARTESIAN_POINT('',(35.254790040831,-12.73134274269,
    6.629526027967));
#8872 = CARTESIAN_POINT('',(35.308578216569,-12.82538903404,
    7.140722684253));
#8873 = CARTESIAN_POINT('',(35.361706478339,-12.92492097136,
    7.651572965088));
#8874 = CARTESIAN_POINT('',(35.464317907054,-13.13277570303,
    8.653863917344));
#8875 = CARTESIAN_POINT('',(35.513854421745,-13.24063124457,
    9.145251931928));
#8876 = CARTESIAN_POINT('',(35.562393213654,-13.35509121136,
    9.63617303343));
#8877 = CARTESIAN_POINT('',(35.609671599356,-13.47712929283,
    10.126555336643));
#8878 = CARTESIAN_POINT('',(35.655368807148,-13.60787788453,
    10.616254524395));
#8879 = CARTESIAN_POINT('',(35.69893223714,-13.74908869202,
    11.105008573089));
#8880 = CARTESIAN_POINT('',(35.739681826014,-13.90286687064,
    11.592464894573));
#8881 = CARTESIAN_POINT('',(35.789121829194,-14.13509695893,
    12.252518519627));
#8882 = CARTESIAN_POINT('',(35.801626353015,-14.1986953138,
    12.426770983469));
#8883 = CARTESIAN_POINT('',(35.813490500233,-14.26470077127,
    12.600732484982));
#8884 = CARTESIAN_POINT('',(35.82462644024,-14.33335767219,
    12.774362461699));
#8885 = CARTESIAN_POINT('',(35.834922552752,-14.40496597119,
    12.947600537759));
#8886 = CARTESIAN_POINT('',(35.844239323123,-14.4798915432,
    13.12036513772));
#8887 = CARTESIAN_POINT('',(35.852393500476,-14.55860619205,
    13.292547946661));
#8888 = CARTESIAN_POINT('',(35.860737662129,-14.66189721553,
    13.505418542844));
#8889 = CARTESIAN_POINT('',(35.862277572123,-14.68225667749,
    13.546795591838));
#8890 = CARTESIAN_POINT('',(35.863729940873,-14.70288688024,
    13.588126988906));
#8891 = CARTESIAN_POINT('',(35.865090632648,-14.72379812459,
    13.629410142645));
#8892 = CARTESIAN_POINT('',(35.866355160751,-14.74500150136,
    13.670642167602));
#8893 = CARTESIAN_POINT('',(35.867518628714,-14.76650903503,
    13.711819858743));
#8894 = CARTESIAN_POINT('',(35.868575671483,-14.78833382761,
    13.752939665926));
#8895 = CARTESIAN_POINT('',(35.86996332913,-14.82087817516,
    13.813247632287));
#8896 = CARTESIAN_POINT('',(35.87038188049,-14.83134637875,
    13.832497595644));
#8897 = CARTESIAN_POINT('',(35.870775398021,-14.84189669004,
    13.851747558436));
#8898 = CARTESIAN_POINT('',(35.871143189697,-14.85253109601,
    13.870997520512));
#8899 = CARTESIAN_POINT('',(35.87148452413,-14.86325169367,
    13.890247481584));
#8900 = CARTESIAN_POINT('',(35.871798630571,-14.87406069009,
    13.909497441228));
#8901 = CARTESIAN_POINT('',(35.872084698909,-14.88496040238,
    13.928747398879));
#8902 = CARTESIAN_POINT('',(35.872636665982,-14.90855351281,
    13.970062080081));
#8903 = CARTESIAN_POINT('',(35.87289319515,-14.92126366946,
    13.992104908674));
#8904 = CARTESIAN_POINT('',(35.873110311188,-14.93408652924,
    14.014125091835));
#8905 = CARTESIAN_POINT('',(35.873286780665,-14.94702504469,
    14.036121783508));
#8906 = CARTESIAN_POINT('',(35.873421292702,-14.96008231941,
    14.058094039356));
#8907 = CARTESIAN_POINT('',(35.873512458979,-14.97326160797,
    14.080040816766));
#8908 = CARTESIAN_POINT('',(35.873558813727,-14.98656631597,
    14.101960974844));
#8909 = CARTESIAN_POINT('',(35.873558813737,-15.,14.12385327442));
#8910 = ORIENTED_EDGE('',*,*,#8911,.T.);
#8911 = EDGE_CURVE('',#8856,#7384,#8912,.T.);
#8912 = B_SPLINE_CURVE_WITH_KNOTS('',8,(#8913,#8914,#8915,#8916,#8917,
    #8918,#8919,#8920,#8921,#8922,#8923,#8924,#8925,#8926,#8927,#8928,
    #8929,#8930,#8931,#8932,#8933,#8934,#8935,#8936,#8937,#8938,#8939,
    #8940,#8941,#8942,#8943,#8944,#8945,#8946,#8947,#8948,#8949,#8950,
    #8951,#8952,#8953,#8954,#8955,#8956,#8957,#8958,#8959,#8960,#8961,
    #8962,#8963,#8964,#8965,#8966,#8967,#8968,#8969,#8970,#8971,#8972,
    #8973,#8974,#8975,#8976,#8977,#8978,#8979,#8980,#8981,#8982,#8983,
    #8984,#8985,#8986,#8987,#8988,#8989,#8990,#8991,#8992,#8993,#8994,
    #8995,#8996,#8997,#8998,#8999,#9000,#9001,#9002,#9003,#9004,#9005),
  .UNSPECIFIED.,.F.,.F.,(9,7,7,7,7,7,7,7,7,7,7,7,7,9),(0.,
    4.67030725862E-02,6.513610907881E-02,8.049254631704E-02,
    0.10126394907,0.122032589949,0.145935141604,0.169639045259,
    0.25565388438,0.353449126165,0.451510593208,0.694281031953,
    0.937245381452,1.),.UNSPECIFIED.);
#8913 = CARTESIAN_POINT('',(35.873558813737,-15.,14.12385327442));
#8914 = CARTESIAN_POINT('',(35.873558813737,-15.05931105185,
    14.220509953199));
#8915 = CARTESIAN_POINT('',(35.872654893916,-15.12108943293,
    14.316545874689));
#8916 = CARTESIAN_POINT('',(35.870716861434,-15.1856917689,
    14.411950148018));
#8917 = CARTESIAN_POINT('',(35.867568750554,-15.25354321846,
    14.506617746269));
#8918 = CARTESIAN_POINT('',(35.862998626854,-15.32511530711,
    14.600359184492));
#8919 = CARTESIAN_POINT('',(35.856683384211,-15.40109315326,
    14.692846679935));
#8920 = CARTESIAN_POINT('',(35.848230557958,-15.48228033549,
    14.783645862792));
#8921 = CARTESIAN_POINT('',(35.832349812311,-15.60512132744,
    14.90685964457));
#8922 = CARTESIAN_POINT('',(35.827401358546,-15.64093599872,
    14.941323530035));
#8923 = CARTESIAN_POINT('',(35.821950302041,-15.6779083131,
    14.975342854965));
#8924 = CARTESIAN_POINT('',(35.815938761058,-15.71615338151,
    15.008851571619));
#8925 = CARTESIAN_POINT('',(35.809299796195,-15.75579418782,
    15.041758341365));
#8926 = CARTESIAN_POINT('',(35.801953898525,-15.79696863231,
    15.073943336328));
#8927 = CARTESIAN_POINT('',(35.793801424138,-15.83984479377,
    15.10525094404));
#8928 = CARTESIAN_POINT('',(35.777137783928,-15.92196666586,
    15.16066064221));
#8929 = CARTESIAN_POINT('',(35.768922893759,-15.96057802403,
    15.185062230667));
#8930 = CARTESIAN_POINT('',(35.759985446325,-16.00063611268,
    15.208590651407));
#8931 = CARTESIAN_POINT('',(35.750238232454,-16.04227323832,
    15.231089694391));
#8932 = CARTESIAN_POINT('',(35.739586632436,-16.08559709179,
    15.252338025434));
#8933 = CARTESIAN_POINT('',(35.727930212707,-16.13068710658,
    15.272051994171));
#8934 = CARTESIAN_POINT('',(35.715166978876,-16.17758646996,
    15.289892653189));
#8935 = CARTESIAN_POINT('',(35.682308675238,-16.2921667991,
    15.32655665002));
#8936 = CARTESIAN_POINT('',(35.660921192869,-16.36236957954,
    15.343836921419));
#8937 = CARTESIAN_POINT('',(35.637173491301,-16.4353435934,
    15.35559563094));
#8938 = CARTESIAN_POINT('',(35.611314240586,-16.50957049788,
    15.360671872577));
#8939 = CARTESIAN_POINT('',(35.583752505489,-16.5835653154,
    15.358613642939));
#8940 = CARTESIAN_POINT('',(35.555082918785,-16.65586771637,
    15.349736044242));
#8941 = CARTESIAN_POINT('',(35.526088649904,-16.72502741153,
    15.335090053247));
#8942 = CARTESIAN_POINT('',(35.469359459713,-16.85413131234,
    15.297596151908));
#8943 = CARTESIAN_POINT('',(35.441274462086,-16.91487224797,
    15.274517509634));
#8944 = CARTESIAN_POINT('',(35.413639489918,-16.97198229949,
    15.248061258513));
#8945 = CARTESIAN_POINT('',(35.386568995999,-17.02569703448,
    15.219022362614));
#8946 = CARTESIAN_POINT('',(35.360119503035,-17.07629753271,
    15.188023941497));
#8947 = CARTESIAN_POINT('',(35.33428945122,-17.12410178013,
    15.155510761875));
#8948 = CARTESIAN_POINT('',(35.309018962402,-17.16946167362,
    15.121747700304));
#8949 = CARTESIAN_POINT('',(35.255613408738,-17.26260400631,
    15.046628672677));
#8950 = CARTESIAN_POINT('',(35.227719959381,-17.30954724659,
    15.005034030497));
#8951 = CARTESIAN_POINT('',(35.200428477831,-17.35403151053,
    14.962340298581));
#8952 = CARTESIAN_POINT('',(35.173687815947,-17.3963521428,
    14.918761983763));
#8953 = CARTESIAN_POINT('',(35.147455030527,-17.43674493101,
    14.874460875653));
#8954 = CARTESIAN_POINT('',(35.12168845423,-17.47541211342,
    14.829556511367));
#8955 = CARTESIAN_POINT('',(35.096346607889,-17.51252633694,
    14.784127623686));
#8956 = CARTESIAN_POINT('',(35.046629612445,-17.58366832749,
    14.692691742808));
#8957 = CARTESIAN_POINT('',(35.022260251421,-17.61770187597,
    14.646714846229));
#8958 = CARTESIAN_POINT('',(34.998242671151,-17.65048647901,
    14.600351758235));
#8959 = CARTESIAN_POINT('',(34.974550341865,-17.68213364692,
    14.553653419965));
#8960 = CARTESIAN_POINT('',(34.951161138973,-17.71273564526,
    14.506660932632));
#8961 = CARTESIAN_POINT('',(34.928055477122,-17.7423719502,
    14.45940745165));
#8962 = CARTESIAN_POINT('',(34.905215271966,-17.77111284043,
    14.41191922343));
#8963 = CARTESIAN_POINT('',(34.800645338932,-17.90028786084,
    14.191113250847));
#8964 = CARTESIAN_POINT('',(34.721991603814,-17.99051835685,
    14.01528519671));
#8965 = CARTESIAN_POINT('',(34.645833131418,-18.07271504508,
    13.837630937774));
#8966 = CARTESIAN_POINT('',(34.571836976777,-18.14819261288,
    13.658623998405));
#8967 = CARTESIAN_POINT('',(34.499698880341,-18.21809440751,
    13.478628746071));
#8968 = CARTESIAN_POINT('',(34.429223086803,-18.28313559338,
    13.297841450331));
#8969 = CARTESIAN_POINT('',(34.360216757,-18.34395289324,13.116369489093
    ));
#8970 = CARTESIAN_POINT('',(34.215531306282,-18.46594125458,
    12.727107992713));
#8971 = CARTESIAN_POINT('',(34.140281806655,-18.52597958627,
    12.519251626059));
#8972 = CARTESIAN_POINT('',(34.066558098975,-18.58185192979,
    12.310786280037));
#8973 = CARTESIAN_POINT('',(33.994218888898,-18.6340491193,
    12.101816708765));
#8974 = CARTESIAN_POINT('',(33.923152933026,-18.68295554125,
    11.892423019108));
#8975 = CARTESIAN_POINT('',(33.853266992012,-18.72888737009,
    11.682665565788));
#8976 = CARTESIAN_POINT('',(33.784482501019,-18.7721037598,
    11.472586333867));
#8977 = CARTESIAN_POINT('',(33.648791420605,-18.85366192521,
    11.051264446271));
#8978 = CARTESIAN_POINT('',(33.581893830399,-18.89198804088,
    10.840030608385));
#8979 = CARTESIAN_POINT('',(33.515968606249,-18.92802777064,
    10.628545507674));
#8980 = CARTESIAN_POINT('',(33.450959847717,-18.96196312962,
    10.416838358876));
#8981 = CARTESIAN_POINT('',(33.386819984299,-18.99394734637,
    10.204933356164));
#8982 = CARTESIAN_POINT('',(33.323507232385,-19.02411289042,
    9.992850417085));
#8983 = CARTESIAN_POINT('',(33.260984084239,-19.05257631752,
    9.780605622959));
#8984 = CARTESIAN_POINT('',(33.046299846318,-19.14594609232,
    9.042387594329));
#8985 = CARTESIAN_POINT('',(32.898022002501,-19.20264503979,
    8.515670290468));
#8986 = CARTESIAN_POINT('',(32.753869960691,-19.25109207142,
    7.988245066304));
#8987 = CARTESIAN_POINT('',(32.613483288744,-19.2923411703,
    7.460248491411));
#8988 = CARTESIAN_POINT('',(32.476572360798,-19.32720273049,
    6.931784085609));
#8989 = CARTESIAN_POINT('',(32.342890794349,-19.3563333705,
    6.402927577844));
#8990 = CARTESIAN_POINT('',(32.212229959373,-19.38025698943,
    5.873727972868));
#8991 = CARTESIAN_POINT('',(31.956474132042,-19.41859075371,
    4.814271035005));
#8992 = CARTESIAN_POINT('',(31.831388255013,-19.43299240787,
    4.284031891335));
#8993 = CARTESIAN_POINT('',(31.708962825897,-19.44306155628,
    3.753535006495));
#8994 = CARTESIAN_POINT('',(31.58904277662,-19.44915142515,
    3.222815247459));
#8995 = CARTESIAN_POINT('',(31.471493112042,-19.45155232167,
    2.691901660592));
#8996 = CARTESIAN_POINT('',(31.356193587243,-19.45050889006,
    2.160818013012));
#8997 = CARTESIAN_POINT('',(31.243035560107,-19.44623039498,
    1.629583102862));
#8998 = CARTESIAN_POINT('',(31.103221538621,-19.43699914264,
    0.960964103214));
#8999 = CARTESIAN_POINT('',(31.074658410051,-19.43490027483,
    0.823708356932));
#9000 = CARTESIAN_POINT('',(31.046229954373,-19.43260048223,
    0.686443886722));
#9001 = CARTESIAN_POINT('',(31.017934534834,-19.43010269805,
    0.54917096931));
#9002 = CARTESIAN_POINT('',(30.989770557048,-19.42740973535,
    0.411889871075));
#9003 = CARTESIAN_POINT('',(30.96173646899,-19.42452428707,
    0.274600848047));
#9004 = CARTESIAN_POINT('',(30.933830761001,-19.42144892602,
    0.137304145911));
#9005 = CARTESIAN_POINT('',(30.906051965789,-19.41818610484,0.));
#9006 = ORIENTED_EDGE('',*,*,#7392,.F.);
#9007 = ORIENTED_EDGE('',*,*,#9008,.F.);
#9008 = EDGE_CURVE('',#9009,#7393,#9011,.T.);
#9009 = VERTEX_POINT('',#9010);
#9010 = CARTESIAN_POINT('',(28.914827747197,-23.76392038748,6.5));
#9011 = B_SPLINE_CURVE_WITH_KNOTS('',5,(#9012,#9013,#9014,#9015,#9016,
    #9017),.UNSPECIFIED.,.F.,.F.,(6,6),(0.,1.),
  .PIECEWISE_BEZIER_KNOTS.);
#9012 = CARTESIAN_POINT('',(28.914827747197,-23.76392038748,6.5));
#9013 = CARTESIAN_POINT('',(28.832921897074,-23.58419440258,
    5.19924814834));
#9014 = CARTESIAN_POINT('',(28.749100309253,-23.40026471496,
    3.89884724769));
#9015 = CARTESIAN_POINT('',(28.663292964985,-23.2119776825,
    2.598821150845));
#9016 = CARTESIAN_POINT('',(28.575427551154,-23.01917462855,
    1.299196125352));
#9017 = CARTESIAN_POINT('',(28.485433849554,-22.82170147332,0.));
#9018 = ORIENTED_EDGE('',*,*,#9019,.T.);
#9019 = EDGE_CURVE('',#9009,#8846,#9020,.T.);
#9020 = B_SPLINE_CURVE_WITH_KNOTS('',5,(#9021,#9022,#9023,#9024,#9025,
    #9026,#9027,#9028,#9029,#9030,#9031,#9032,#9033,#9034),
  .UNSPECIFIED.,.F.,.F.,(6,4,4,6),(0.,1.342381551236E-02,0.505846026843,
    1.),.UNSPECIFIED.);
#9021 = CARTESIAN_POINT('',(30.570370886666,-21.89843078457,6.5));
#9022 = CARTESIAN_POINT('',(30.551394977544,-21.92207788173,6.5));
#9023 = CARTESIAN_POINT('',(30.532383469466,-21.94569639932,6.5));
#9024 = CARTESIAN_POINT('',(30.51333641883,-21.96928628034,6.5));
#9025 = CARTESIAN_POINT('',(30.494253882397,-21.99284745403,6.5));
#9026 = CARTESIAN_POINT('',(29.773836748579,-22.87961186446,6.5));
#9027 = CARTESIAN_POINT('',(29.024860772457,-23.7041095285,6.5));
#9028 = CARTESIAN_POINT('',(28.230982620411,-24.48628329935,6.5));
#9029 = CARTESIAN_POINT('',(27.395315567577,-25.22279904374,6.5));
#9030 = CARTESIAN_POINT('',(25.644264380698,-26.60081284108,6.5));
#9031 = CARTESIAN_POINT('',(24.728604752492,-27.241971912,6.5));
#9032 = CARTESIAN_POINT('',(23.777854364492,-27.83098153089,6.5));
#9033 = CARTESIAN_POINT('',(22.795844509276,-28.3650547869,6.5));
#9034 = CARTESIAN_POINT('',(21.786754303429,-28.8417515288,6.5));
#9035 = B_SPLINE_SURFACE_WITH_KNOTS('',8,1,(
    (#9036,#9037)
    ,(#9038,#9039)
    ,(#9040,#9041)
    ,(#9042,#9043)
    ,(#9044,#9045)
    ,(#9046,#9047)
    ,(#9048,#9049)
    ,(#9050,#9051)
    ,(#9052,#9053
    )),.UNSPECIFIED.,.F.,.F.,.F.,(9,9),(2,2),(3.,4.),(0.,22.),
  .PIECEWISE_BEZIER_KNOTS.);
#9036 = CARTESIAN_POINT('',(21.5,-28.,22.));
#9037 = CARTESIAN_POINT('',(21.907006108092,-29.1947441054,0.));
#9038 = CARTESIAN_POINT('',(24.641592653589,-28.,22.));
#9039 = CARTESIAN_POINT('',(24.145943245321,-27.51470165105,0.));
#9040 = CARTESIAN_POINT('',(27.783186296069,-27.29502737662,22.));
#9041 = CARTESIAN_POINT('',(26.237631882569,-25.63842727956,0.));
#9042 = CARTESIAN_POINT('',(30.740211749359,-25.88508905394,22.));
#9043 = CARTESIAN_POINT('',(28.162008946847,-23.58097459668,0.));
#9044 = CARTESIAN_POINT('',(33.32814009248,-23.82814009248,22.));
#9045 = CARTESIAN_POINT('',(29.900852556382,-21.35986712529,0.));
#9046 = CARTESIAN_POINT('',(35.385089053942,-21.24021174936,22.));
#9047 = CARTESIAN_POINT('',(31.438172462743,-18.99479989509,0.));
#9048 = CARTESIAN_POINT('',(36.795027376621,-18.28318629606,22.));
#9049 = CARTESIAN_POINT('',(32.760522243528,-16.50728513432,0.));
#9050 = CARTESIAN_POINT('',(37.5,-15.14159265359,22.));
#9051 = CARTESIAN_POINT('',(33.85723324559,-13.9202420635,0.));
#9052 = CARTESIAN_POINT('',(37.5,-12.,22.));
#9053 = CARTESIAN_POINT('',(34.720570278818,-11.25753079114,0.));
#9054 = ADVANCED_FACE('',(#9055),#9058,.T.);
#9055 = FACE_BOUND('',#9056,.T.);
#9056 = EDGE_LOOP('',(#9057));
#9057 = ORIENTED_EDGE('',*,*,#5033,.T.);
#9058 = PLANE('',#9059);
#9059 = AXIS2_PLACEMENT_3D('',#9060,#9061,#9062);
#9060 = CARTESIAN_POINT('',(29.,22.5,26.));
#9061 = DIRECTION('',(1.,0.,0.));
#9062 = DIRECTION('',(0.,0.,1.));
#9063 = ADVANCED_FACE('',(#9064,#9078),#9176,.T.);
#9064 = FACE_BOUND('',#9065,.T.);
#9065 = EDGE_LOOP('',(#9066,#9067,#9068,#9069,#9070,#9071,#9072,#9073,
    #9074,#9075,#9076,#9077));
#9066 = ORIENTED_EDGE('',*,*,#5336,.F.);
#9067 = ORIENTED_EDGE('',*,*,#5059,.F.);
#9068 = ORIENTED_EDGE('',*,*,#5089,.F.);
#9069 = ORIENTED_EDGE('',*,*,#5115,.F.);
#9070 = ORIENTED_EDGE('',*,*,#5143,.F.);
#9071 = ORIENTED_EDGE('',*,*,#5165,.F.);
#9072 = ORIENTED_EDGE('',*,*,#5191,.F.);
#9073 = ORIENTED_EDGE('',*,*,#5219,.F.);
#9074 = ORIENTED_EDGE('',*,*,#5241,.F.);
#9075 = ORIENTED_EDGE('',*,*,#5267,.F.);
#9076 = ORIENTED_EDGE('',*,*,#5295,.F.);
#9077 = ORIENTED_EDGE('',*,*,#5317,.F.);
#9078 = FACE_BOUND('',#9079,.T.);
#9079 = EDGE_LOOP('',(#9080,#9090,#9098,#9106,#9114,#9122,#9130,#9138,
    #9146,#9154,#9162,#9170));
#9080 = ORIENTED_EDGE('',*,*,#9081,.F.);
#9081 = EDGE_CURVE('',#9082,#9084,#9086,.T.);
#9082 = VERTEX_POINT('',#9083);
#9083 = CARTESIAN_POINT('',(37.2,4.438376961969,28.864153941395));
#9084 = VERTEX_POINT('',#9085);
#9085 = CARTESIAN_POINT('',(37.2,4.438376961969,24.41548493603));
#9086 = LINE('',#9087,#9088);
#9087 = CARTESIAN_POINT('',(37.2,4.438376961969,28.864153941395));
#9088 = VECTOR('',#9089,1.);
#9089 = DIRECTION('',(-2.2E-16,-4.4E-16,-1.));
#9090 = ORIENTED_EDGE('',*,*,#9091,.F.);
#9091 = EDGE_CURVE('',#9092,#9082,#9094,.T.);
#9092 = VERTEX_POINT('',#9093);
#9093 = CARTESIAN_POINT('',(37.2,4.499406677198,29.097439125052));
#9094 = B_SPLINE_CURVE_WITH_KNOTS('',2,(#9095,#9096,#9097),
  .UNSPECIFIED.,.F.,.F.,(3,3),(0.,1.),.PIECEWISE_BEZIER_KNOTS.);
#9095 = CARTESIAN_POINT('',(37.2,4.499406677198,29.097439125052));
#9096 = CARTESIAN_POINT('',(37.2,4.438376961969,29.030631448617));
#9097 = CARTESIAN_POINT('',(37.2,4.438376961969,28.864153941395));
#9098 = ORIENTED_EDGE('',*,*,#9099,.F.);
#9099 = EDGE_CURVE('',#9100,#9092,#9102,.T.);
#9100 = VERTEX_POINT('',#9101);
#9101 = CARTESIAN_POINT('',(37.2,4.748942376744,29.16388567891));
#9102 = B_SPLINE_CURVE_WITH_KNOTS('',2,(#9103,#9104,#9105),
  .UNSPECIFIED.,.F.,.F.,(3,3),(0.,1.),.PIECEWISE_BEZIER_KNOTS.);
#9103 = CARTESIAN_POINT('',(37.2,4.748942376744,29.16388567891));
#9104 = CARTESIAN_POINT('',(37.2,4.560436392427,29.16388567891));
#9105 = CARTESIAN_POINT('',(37.2,4.499406677198,29.097439125052));
#9106 = ORIENTED_EDGE('',*,*,#9107,.F.);
#9107 = EDGE_CURVE('',#9108,#9100,#9110,.T.);
#9108 = VERTEX_POINT('',#9109);
#9109 = CARTESIAN_POINT('',(37.2,5.33721105194,29.16388567891));
#9110 = LINE('',#9111,#9112);
#9111 = CARTESIAN_POINT('',(37.2,5.33721105194,29.16388567891));
#9112 = VECTOR('',#9113,1.);
#9113 = DIRECTION('',(-2.2E-16,-1.,4.4E-16));
#9114 = ORIENTED_EDGE('',*,*,#9115,.F.);
#9115 = EDGE_CURVE('',#9116,#9108,#9118,.T.);
#9116 = VERTEX_POINT('',#9117);
#9117 = CARTESIAN_POINT('',(37.2,5.592524712691,29.097439125052));
#9118 = B_SPLINE_CURVE_WITH_KNOTS('',2,(#9119,#9120,#9121),
  .UNSPECIFIED.,.F.,.F.,(3,3),(0.,1.),.PIECEWISE_BEZIER_KNOTS.);
#9119 = CARTESIAN_POINT('',(37.2,5.592524712691,29.097439125052));
#9120 = CARTESIAN_POINT('',(37.2,5.525717036257,29.16388567891));
#9121 = CARTESIAN_POINT('',(37.2,5.33721105194,29.16388567891));
#9122 = ORIENTED_EDGE('',*,*,#9123,.F.);
#9123 = EDGE_CURVE('',#9124,#9116,#9126,.T.);
#9124 = VERTEX_POINT('',#9125);
#9125 = CARTESIAN_POINT('',(37.2,5.65897126655,28.864153941395));
#9126 = B_SPLINE_CURVE_WITH_KNOTS('',2,(#9127,#9128,#9129),
  .UNSPECIFIED.,.F.,.F.,(3,3),(0.,1.),.PIECEWISE_BEZIER_KNOTS.);
#9127 = CARTESIAN_POINT('',(37.2,5.65897126655,28.864153941395));
#9128 = CARTESIAN_POINT('',(37.2,5.65897126655,29.030631448617));
#9129 = CARTESIAN_POINT('',(37.2,5.592524712691,29.097439125052));
#9130 = ORIENTED_EDGE('',*,*,#9131,.F.);
#9131 = EDGE_CURVE('',#9132,#9124,#9134,.T.);
#9132 = VERTEX_POINT('',#9133);
#9133 = CARTESIAN_POINT('',(37.2,5.65897126655,24.41548493603));
#9134 = LINE('',#9135,#9136);
#9135 = CARTESIAN_POINT('',(37.2,5.65897126655,24.41548493603));
#9136 = VECTOR('',#9137,1.);
#9137 = DIRECTION('',(2.2E-16,4.4E-16,1.));
#9138 = ORIENTED_EDGE('',*,*,#9139,.F.);
#9139 = EDGE_CURVE('',#9140,#9132,#9142,.T.);
#9140 = VERTEX_POINT('',#9141);
#9141 = CARTESIAN_POINT('',(37.2,5.592524712691,24.177144036319));
#9142 = B_SPLINE_CURVE_WITH_KNOTS('',2,(#9143,#9144,#9145),
  .UNSPECIFIED.,.F.,.F.,(3,3),(0.,1.),.PIECEWISE_BEZIER_KNOTS.);
#9143 = CARTESIAN_POINT('',(37.2,5.592524712691,24.177144036319));
#9144 = CARTESIAN_POINT('',(37.2,5.65897126655,24.238173751548));
#9145 = CARTESIAN_POINT('',(37.2,5.65897126655,24.41548493603));
#9146 = ORIENTED_EDGE('',*,*,#9147,.F.);
#9147 = EDGE_CURVE('',#9148,#9140,#9150,.T.);
#9148 = VERTEX_POINT('',#9149);
#9149 = CARTESIAN_POINT('',(37.2,5.33721105194,24.11611432109));
#9150 = B_SPLINE_CURVE_WITH_KNOTS('',2,(#9151,#9152,#9153),
  .UNSPECIFIED.,.F.,.F.,(3,3),(0.,1.),.PIECEWISE_BEZIER_KNOTS.);
#9151 = CARTESIAN_POINT('',(37.2,5.33721105194,24.11611432109));
#9152 = CARTESIAN_POINT('',(37.2,5.525717036257,24.11611432109));
#9153 = CARTESIAN_POINT('',(37.2,5.592524712691,24.177144036319));
#9154 = ORIENTED_EDGE('',*,*,#9155,.F.);
#9155 = EDGE_CURVE('',#9156,#9148,#9158,.T.);
#9156 = VERTEX_POINT('',#9157);
#9157 = CARTESIAN_POINT('',(37.2,4.748942376744,24.11611432109));
#9158 = LINE('',#9159,#9160);
#9159 = CARTESIAN_POINT('',(37.2,4.748942376744,24.11611432109));
#9160 = VECTOR('',#9161,1.);
#9161 = DIRECTION('',(2.2E-16,1.,-4.4E-16));
#9162 = ORIENTED_EDGE('',*,*,#9163,.F.);
#9163 = EDGE_CURVE('',#9164,#9156,#9166,.T.);
#9164 = VERTEX_POINT('',#9165);
#9165 = CARTESIAN_POINT('',(37.2,4.499406677198,24.177144036319));
#9166 = B_SPLINE_CURVE_WITH_KNOTS('',2,(#9167,#9168,#9169),
  .UNSPECIFIED.,.F.,.F.,(3,3),(0.,1.),.PIECEWISE_BEZIER_KNOTS.);
#9167 = CARTESIAN_POINT('',(37.2,4.499406677198,24.177144036319));
#9168 = CARTESIAN_POINT('',(37.2,4.560436392427,24.11611432109));
#9169 = CARTESIAN_POINT('',(37.2,4.748942376744,24.11611432109));
#9170 = ORIENTED_EDGE('',*,*,#9171,.F.);
#9171 = EDGE_CURVE('',#9084,#9164,#9172,.T.);
#9172 = B_SPLINE_CURVE_WITH_KNOTS('',2,(#9173,#9174,#9175),
  .UNSPECIFIED.,.F.,.F.,(3,3),(0.,1.),.PIECEWISE_BEZIER_KNOTS.);
#9173 = CARTESIAN_POINT('',(37.2,4.438376961969,24.41548493603));
#9174 = CARTESIAN_POINT('',(37.2,4.438376961969,24.238173751548));
#9175 = CARTESIAN_POINT('',(37.2,4.499406677198,24.177144036319));
#9176 = PLANE('',#9177);
#9177 = AXIS2_PLACEMENT_3D('',#9178,#9179,#9180);
#9178 = CARTESIAN_POINT('',(37.2,0.401769723115,26.54883870578));
#9179 = DIRECTION('',(1.,0.,0.));
#9180 = DIRECTION('',(0.,-1.,0.));
#9181 = ADVANCED_FACE('',(#9182),#9212,.T.);
#9182 = FACE_BOUND('',#9183,.T.);
#9183 = EDGE_LOOP('',(#9184,#9185,#9186,#9187,#9188,#9189,#9190,#9191,
    #9192,#9193,#9194,#9195,#9196,#9197,#9198,#9199,#9200,#9201,#9202,
    #9203,#9204,#9205,#9206,#9207,#9208,#9209,#9210,#9211));
#9184 = ORIENTED_EDGE('',*,*,#5997,.F.);
#9185 = ORIENTED_EDGE('',*,*,#6021,.F.);
#9186 = ORIENTED_EDGE('',*,*,#6040,.F.);
#9187 = ORIENTED_EDGE('',*,*,#5371,.F.);
#9188 = ORIENTED_EDGE('',*,*,#5393,.F.);
#9189 = ORIENTED_EDGE('',*,*,#5419,.F.);
#9190 = ORIENTED_EDGE('',*,*,#5445,.F.);
#9191 = ORIENTED_EDGE('',*,*,#5469,.F.);
#9192 = ORIENTED_EDGE('',*,*,#5495,.F.);
#9193 = ORIENTED_EDGE('',*,*,#5523,.F.);
#9194 = ORIENTED_EDGE('',*,*,#5545,.F.);
#9195 = ORIENTED_EDGE('',*,*,#5571,.F.);
#9196 = ORIENTED_EDGE('',*,*,#5597,.F.);
#9197 = ORIENTED_EDGE('',*,*,#5621,.F.);
#9198 = ORIENTED_EDGE('',*,*,#5645,.F.);
#9199 = ORIENTED_EDGE('',*,*,#5669,.F.);
#9200 = ORIENTED_EDGE('',*,*,#5695,.F.);
#9201 = ORIENTED_EDGE('',*,*,#5723,.F.);
#9202 = ORIENTED_EDGE('',*,*,#5745,.F.);
#9203 = ORIENTED_EDGE('',*,*,#5771,.F.);
#9204 = ORIENTED_EDGE('',*,*,#5797,.F.);
#9205 = ORIENTED_EDGE('',*,*,#5821,.F.);
#9206 = ORIENTED_EDGE('',*,*,#5847,.F.);
#9207 = ORIENTED_EDGE('',*,*,#5875,.F.);
#9208 = ORIENTED_EDGE('',*,*,#5897,.F.);
#9209 = ORIENTED_EDGE('',*,*,#5923,.F.);
#9210 = ORIENTED_EDGE('',*,*,#5949,.F.);
#9211 = ORIENTED_EDGE('',*,*,#5973,.F.);
#9212 = PLANE('',#9213);
#9213 = AXIS2_PLACEMENT_3D('',#9214,#9215,#9216);
#9214 = CARTESIAN_POINT('',(37.2,0.401769723115,26.54883870578));
#9215 = DIRECTION('',(1.,0.,0.));
#9216 = DIRECTION('',(0.,-1.,0.));
#9217 = ADVANCED_FACE('',(#9218),#9233,.T.);
#9218 = FACE_BOUND('',#9219,.T.);
#9219 = EDGE_LOOP('',(#9220,#9221,#9222,#9223,#9224,#9225,#9226,#9227,
    #9228,#9229,#9230,#9231,#9232));
#9220 = ORIENTED_EDGE('',*,*,#6354,.F.);
#9221 = ORIENTED_EDGE('',*,*,#6066,.F.);
#9222 = ORIENTED_EDGE('',*,*,#6097,.F.);
#9223 = ORIENTED_EDGE('',*,*,#6121,.F.);
#9224 = ORIENTED_EDGE('',*,*,#6145,.F.);
#9225 = ORIENTED_EDGE('',*,*,#6169,.F.);
#9226 = ORIENTED_EDGE('',*,*,#6193,.F.);
#9227 = ORIENTED_EDGE('',*,*,#6217,.F.);
#9228 = ORIENTED_EDGE('',*,*,#6241,.F.);
#9229 = ORIENTED_EDGE('',*,*,#6265,.F.);
#9230 = ORIENTED_EDGE('',*,*,#6289,.F.);
#9231 = ORIENTED_EDGE('',*,*,#6313,.F.);
#9232 = ORIENTED_EDGE('',*,*,#6337,.F.);
#9233 = PLANE('',#9234);
#9234 = AXIS2_PLACEMENT_3D('',#9235,#9236,#9237);
#9235 = CARTESIAN_POINT('',(37.2,0.401769723115,26.54883870578));
#9236 = DIRECTION('',(1.,0.,0.));
#9237 = DIRECTION('',(0.,-1.,0.));
#9238 = ADVANCED_FACE('',(#9239),#9253,.T.);
#9239 = FACE_BOUND('',#9240,.T.);
#9240 = EDGE_LOOP('',(#9241,#9242,#9243,#9244,#9245,#9246,#9247,#9248,
    #9249,#9250,#9251,#9252));
#9241 = ORIENTED_EDGE('',*,*,#6553,.F.);
#9242 = ORIENTED_EDGE('',*,*,#6577,.F.);
#9243 = ORIENTED_EDGE('',*,*,#6601,.F.);
#9244 = ORIENTED_EDGE('',*,*,#6625,.F.);
#9245 = ORIENTED_EDGE('',*,*,#6642,.F.);
#9246 = ORIENTED_EDGE('',*,*,#6387,.F.);
#9247 = ORIENTED_EDGE('',*,*,#6409,.F.);
#9248 = ORIENTED_EDGE('',*,*,#6435,.F.);
#9249 = ORIENTED_EDGE('',*,*,#6457,.F.);
#9250 = ORIENTED_EDGE('',*,*,#6481,.F.);
#9251 = ORIENTED_EDGE('',*,*,#6505,.F.);
#9252 = ORIENTED_EDGE('',*,*,#6529,.F.);
#9253 = PLANE('',#9254);
#9254 = AXIS2_PLACEMENT_3D('',#9255,#9256,#9257);
#9255 = CARTESIAN_POINT('',(37.2,0.401769723115,26.54883870578));
#9256 = DIRECTION('',(1.,0.,0.));
#9257 = DIRECTION('',(0.,-1.,0.));
#9258 = ADVANCED_FACE('',(#9259),#9269,.T.);
#9259 = FACE_BOUND('',#9260,.T.);
#9260 = EDGE_LOOP('',(#9261,#9262,#9263,#9264,#9265,#9266,#9267,#9268));
#9261 = ORIENTED_EDGE('',*,*,#6834,.F.);
#9262 = ORIENTED_EDGE('',*,*,#6666,.F.);
#9263 = ORIENTED_EDGE('',*,*,#6697,.F.);
#9264 = ORIENTED_EDGE('',*,*,#6721,.F.);
#9265 = ORIENTED_EDGE('',*,*,#6745,.F.);
#9266 = ORIENTED_EDGE('',*,*,#6769,.F.);
#9267 = ORIENTED_EDGE('',*,*,#6793,.F.);
#9268 = ORIENTED_EDGE('',*,*,#6817,.F.);
#9269 = PLANE('',#9270);
#9270 = AXIS2_PLACEMENT_3D('',#9271,#9272,#9273);
#9271 = CARTESIAN_POINT('',(37.2,0.401769723115,26.54883870578));
#9272 = DIRECTION('',(1.,0.,0.));
#9273 = DIRECTION('',(0.,-1.,0.));
#9274 = ADVANCED_FACE('',(#9275),#9278,.T.);
#9275 = FACE_BOUND('',#9276,.F.);
#9276 = EDGE_LOOP('',(#9277));
#9277 = ORIENTED_EDGE('',*,*,#6858,.T.);
#9278 = PLANE('',#9279);
#9279 = AXIS2_PLACEMENT_3D('',#9280,#9281,#9282);
#9280 = CARTESIAN_POINT('',(29.,-22.5,26.));
#9281 = DIRECTION('',(1.,0.,0.));
#9282 = DIRECTION('',(0.,4.4E-16,-1.));
#9283 = ADVANCED_FACE('',(#9284),#9382,.T.);
#9284 = FACE_BOUND('',#9285,.T.);
#9285 = EDGE_LOOP('',(#9286,#9287,#9288,#9296,#9305));
#9286 = ORIENTED_EDGE('',*,*,#8793,.F.);
#9287 = ORIENTED_EDGE('',*,*,#6979,.F.);
#9288 = ORIENTED_EDGE('',*,*,#9289,.T.);
#9289 = EDGE_CURVE('',#6969,#9290,#9292,.T.);
#9290 = VERTEX_POINT('',#9291);
#9291 = CARTESIAN_POINT('',(10.5,-23.,26.));
#9292 = LINE('',#9293,#9294);
#9293 = CARTESIAN_POINT('',(10.5,-23.,32.));
#9294 = VECTOR('',#9295,1.);
#9295 = DIRECTION('',(-0.,-0.,-1.));
#9296 = ORIENTED_EDGE('',*,*,#9297,.F.);
#9297 = EDGE_CURVE('',#9298,#9290,#9300,.T.);
#9298 = VERTEX_POINT('',#9299);
#9299 = CARTESIAN_POINT('',(12.78706800675,-27.2,26.));
#9300 = CIRCLE('',#9301,5.);
#9301 = AXIS2_PLACEMENT_3D('',#9302,#9303,#9304);
#9302 = CARTESIAN_POINT('',(15.5,-23.,26.));
#9303 = DIRECTION('',(0.,0.,-1.));
#9304 = DIRECTION('',(0.,1.,0.));
#9305 = ORIENTED_EDGE('',*,*,#9306,.F.);
#9306 = EDGE_CURVE('',#8794,#9298,#9307,.T.);
#9307 = B_SPLINE_CURVE_WITH_KNOTS('',7,(#9308,#9309,#9310,#9311,#9312,
    #9313,#9314,#9315,#9316,#9317,#9318,#9319,#9320,#9321,#9322,#9323,
    #9324,#9325,#9326,#9327,#9328,#9329,#9330,#9331,#9332,#9333,#9334,
    #9335,#9336,#9337,#9338,#9339,#9340,#9341,#9342,#9343,#9344,#9345,
    #9346,#9347,#9348,#9349,#9350,#9351,#9352,#9353,#9354,#9355,#9356,
    #9357,#9358,#9359,#9360,#9361,#9362,#9363,#9364,#9365,#9366,#9367,
    #9368,#9369,#9370,#9371,#9372,#9373,#9374,#9375,#9376,#9377,#9378,
    #9379,#9380,#9381),.UNSPECIFIED.,.F.,.F.,(8,6,6,6,6,6,6,6,6,6,6,6,8)
  ,(0.,0.500249831062,0.924410129224,0.999625607917,0.999668025576,
    0.999710441686,0.99975285625,0.999793806775,0.999836218298,
    0.999878628274,0.999921036703,0.999963443585,1.),.UNSPECIFIED.);
#9308 = CARTESIAN_POINT('',(15.5,-28.,25.2));
#9309 = CARTESIAN_POINT('',(15.302659739654,-27.9999999871,
    25.278936058396));
#9310 = CARTESIAN_POINT('',(15.105361456967,-27.99091332604,
    25.357855648199));
#9311 = CARTESIAN_POINT('',(14.908106437182,-27.97274654489,
    25.435966035636));
#9312 = CARTESIAN_POINT('',(14.710966061546,-27.94540408643,
    25.512452957073));
#9313 = CARTESIAN_POINT('',(14.514067122606,-27.90871567837,
    25.586388151221));
#9314 = CARTESIAN_POINT('',(14.317584835389,-27.86244949888,
    25.65669760306));
#9315 = CARTESIAN_POINT('',(13.955634162967,-27.75865365854,
    25.777264948964));
#9316 = CARTESIAN_POINT('',(13.790182649232,-27.70396156421,
    25.82888361303));
#9317 = CARTESIAN_POINT('',(13.625308498416,-27.64198657828,
    25.875989815672));
#9318 = CARTESIAN_POINT('',(13.46125694797,-27.57250126205,
    25.917487072547));
#9319 = CARTESIAN_POINT('',(13.298562970811,-27.49538075974,
    25.951885804837));
#9320 = CARTESIAN_POINT('',(13.138023847506,-27.41069527028,
    25.977314102612));
#9321 = CARTESIAN_POINT('',(12.952824861368,-27.30266680855,
    25.99355545524));
#9322 = CARTESIAN_POINT('',(12.925037551711,-27.28617654305,
    25.995635425912));
#9323 = CARTESIAN_POINT('',(12.897365172225,-27.26947097038,
    25.997334294713));
#9324 = CARTESIAN_POINT('',(12.869816411649,-27.25255499854,
    25.998636597977));
#9325 = CARTESIAN_POINT('',(12.842400893185,-27.23543462378,
    25.999526224669));
#9326 = CARTESIAN_POINT('',(12.815129174503,-27.21811693062,
    25.999986416389));
#9327 = CARTESIAN_POINT('',(12.78799745547,-27.20060021887,
    25.999999774897));
#9328 = CARTESIAN_POINT('',(12.787982163251,-27.20059034585,
    25.999999782284));
#9329 = CARTESIAN_POINT('',(12.787966871081,-27.20058047278,
    25.999999789529));
#9330 = CARTESIAN_POINT('',(12.78795157896,-27.20057059964,
    25.999999796632));
#9331 = CARTESIAN_POINT('',(12.787936286889,-27.20056072644,
    25.999999803593));
#9332 = CARTESIAN_POINT('',(12.787920994867,-27.20055085319,
    25.999999810411));
#9333 = CARTESIAN_POINT('',(12.78789041148,-27.20053110691,
    25.999999823764));
#9334 = CARTESIAN_POINT('',(12.787875120115,-27.2005212339,
    25.999999830299));
#9335 = CARTESIAN_POINT('',(12.787859828799,-27.20051136082,
    25.999999836691));
#9336 = CARTESIAN_POINT('',(12.787844537533,-27.20050148768,
    25.999999842941));
#9337 = CARTESIAN_POINT('',(12.787829246316,-27.20049161449,
    25.999999849049));
#9338 = CARTESIAN_POINT('',(12.787813955149,-27.20048174123,
    25.999999855014));
#9339 = CARTESIAN_POINT('',(12.78778337347,-27.20046199496,
    25.999999866661));
#9340 = CARTESIAN_POINT('',(12.787768082959,-27.20045212194,
    25.999999872343));
#9341 = CARTESIAN_POINT('',(12.787752792498,-27.20044224886,
    25.999999877882));
#9342 = CARTESIAN_POINT('',(12.787737502085,-27.20043237572,
    25.999999883279));
#9343 = CARTESIAN_POINT('',(12.787722211723,-27.20042250253,
    25.999999888534));
#9344 = CARTESIAN_POINT('',(12.787706921409,-27.20041262927,
    25.999999893647));
#9345 = CARTESIAN_POINT('',(12.787676868661,-27.20039322343,
    25.999999903416));
#9346 = CARTESIAN_POINT('',(12.787662106223,-27.20038369086,
    25.999999908083));
#9347 = CARTESIAN_POINT('',(12.787647343831,-27.20037415823,
    25.999999912617));
#9348 = CARTESIAN_POINT('',(12.787632581485,-27.20036462555,
    25.999999917019));
#9349 = CARTESIAN_POINT('',(12.787617819186,-27.20035509281,
    25.999999921288));
#9350 = CARTESIAN_POINT('',(12.787603056932,-27.20034556001,
    25.999999925424));
#9351 = CARTESIAN_POINT('',(12.787573005843,-27.2003261542,
    25.999999933576));
#9352 = CARTESIAN_POINT('',(12.787557717011,-27.20031628118,
    25.99999993758));
#9353 = CARTESIAN_POINT('',(12.787542428228,-27.2003064081,
    25.999999941443));
#9354 = CARTESIAN_POINT('',(12.787527139495,-27.20029653497,
    25.999999945164));
#9355 = CARTESIAN_POINT('',(12.787511850812,-27.20028666177,
    25.999999948742));
#9356 = CARTESIAN_POINT('',(12.787496562178,-27.20027678851,
    25.999999952179));
#9357 = CARTESIAN_POINT('',(12.787465985566,-27.20025704223,
    25.999999958767));
#9358 = CARTESIAN_POINT('',(12.787450697588,-27.20024716922,
    25.999999961919));
#9359 = CARTESIAN_POINT('',(12.78743540966,-27.20023729614,
    25.999999964928));
#9360 = CARTESIAN_POINT('',(12.787420121781,-27.200227423,
    25.999999967796));
#9361 = CARTESIAN_POINT('',(12.787404833952,-27.2002175498,
    25.999999970522));
#9362 = CARTESIAN_POINT('',(12.787389546172,-27.20020767654,
    25.999999973105));
#9363 = CARTESIAN_POINT('',(12.787358971269,-27.20018793026,
    25.999999977987));
#9364 = CARTESIAN_POINT('',(12.787343684146,-27.20017805725,
    25.999999980286));
#9365 = CARTESIAN_POINT('',(12.787328397072,-27.20016818417,
    25.999999982443));
#9366 = CARTESIAN_POINT('',(12.787313110047,-27.20015831103,
    25.999999984458));
#9367 = CARTESIAN_POINT('',(12.787297823072,-27.20014843783,
    25.99999998633));
#9368 = CARTESIAN_POINT('',(12.787282536147,-27.20013856457,
    25.999999988061));
#9369 = CARTESIAN_POINT('',(12.787251962952,-27.20011881829,
    25.999999991237));
#9370 = CARTESIAN_POINT('',(12.787236676683,-27.20010894528,
    25.999999992683));
#9371 = CARTESIAN_POINT('',(12.787221390464,-27.2000990722,
    25.999999993987));
#9372 = CARTESIAN_POINT('',(12.787206104294,-27.20008919906,
    25.999999995149));
#9373 = CARTESIAN_POINT('',(12.787190818173,-27.20007932586,
    25.999999996169));
#9374 = CARTESIAN_POINT('',(12.787175532102,-27.2000694526,
    25.999999997046));
#9375 = CARTESIAN_POINT('',(12.787147068923,-27.20005106809,
    25.999999998415));
#9376 = CARTESIAN_POINT('',(12.787133891802,-27.20004255685,
    25.999999998944));
#9377 = CARTESIAN_POINT('',(12.787120714718,-27.20003404557,
    25.999999999366));
#9378 = CARTESIAN_POINT('',(12.787107537671,-27.20002553424,
    25.999999999683));
#9379 = CARTESIAN_POINT('',(12.78709436066,-27.20001702287,
    25.999999999894));
#9380 = CARTESIAN_POINT('',(12.787081183687,-27.20000851146,26.));
#9381 = CARTESIAN_POINT('',(12.78706800675,-27.2,26.));
#9382 = CYLINDRICAL_SURFACE('',#9383,5.);
#9383 = AXIS2_PLACEMENT_3D('',#9384,#9385,#9386);
#9384 = CARTESIAN_POINT('',(15.5,-23.,32.));
#9385 = DIRECTION('',(-0.,-0.,-1.));
#9386 = DIRECTION('',(0.,-1.,0.));
#9387 = ADVANCED_FACE('',(#9388),#9413,.T.);
#9388 = FACE_BOUND('',#9389,.T.);
#9389 = EDGE_LOOP('',(#9390,#9391,#9392,#9398,#9399,#9407));
#9390 = ORIENTED_EDGE('',*,*,#9289,.F.);
#9391 = ORIENTED_EDGE('',*,*,#7003,.F.);
#9392 = ORIENTED_EDGE('',*,*,#9393,.T.);
#9393 = EDGE_CURVE('',#6995,#8653,#9394,.T.);
#9394 = LINE('',#9395,#9396);
#9395 = CARTESIAN_POINT('',(10.5,-19.,32.));
#9396 = VECTOR('',#9397,1.);
#9397 = DIRECTION('',(-0.,-0.,-1.));
#9398 = ORIENTED_EDGE('',*,*,#8652,.F.);
#9399 = ORIENTED_EDGE('',*,*,#9400,.F.);
#9400 = EDGE_CURVE('',#9401,#8645,#9403,.T.);
#9401 = VERTEX_POINT('',#9402);
#9402 = CARTESIAN_POINT('',(10.5,-18.75,26.));
#9403 = LINE('',#9404,#9405);
#9404 = CARTESIAN_POINT('',(10.5,-18.75,26.));
#9405 = VECTOR('',#9406,1.);
#9406 = DIRECTION('',(0.,0.,1.));
#9407 = ORIENTED_EDGE('',*,*,#9408,.T.);
#9408 = EDGE_CURVE('',#9401,#9290,#9409,.T.);
#9409 = LINE('',#9410,#9411);
#9410 = CARTESIAN_POINT('',(10.5,28.,26.));
#9411 = VECTOR('',#9412,1.);
#9412 = DIRECTION('',(0.,-1.,2.2E-16));
#9413 = PLANE('',#9414);
#9414 = AXIS2_PLACEMENT_3D('',#9415,#9416,#9417);
#9415 = CARTESIAN_POINT('',(10.5,-23.39139344262,28.983606557377));
#9416 = DIRECTION('',(-1.,-0.,-0.));
#9417 = DIRECTION('',(0.,0.,-1.));
#9418 = ADVANCED_FACE('',(#9419),#9430,.F.);
#9419 = FACE_BOUND('',#9420,.F.);
#9420 = EDGE_LOOP('',(#9421,#9427,#9428,#9429));
#9421 = ORIENTED_EDGE('',*,*,#9422,.F.);
#9422 = EDGE_CURVE('',#7021,#8661,#9423,.T.);
#9423 = LINE('',#9424,#9425);
#9424 = CARTESIAN_POINT('',(-10.5,-19.,32.));
#9425 = VECTOR('',#9426,1.);
#9426 = DIRECTION('',(-0.,-0.,-1.));
#9427 = ORIENTED_EDGE('',*,*,#7020,.F.);
#9428 = ORIENTED_EDGE('',*,*,#9393,.T.);
#9429 = ORIENTED_EDGE('',*,*,#8660,.F.);
#9430 = PLANE('',#9431);
#9431 = AXIS2_PLACEMENT_3D('',#9432,#9433,#9434);
#9432 = CARTESIAN_POINT('',(10.5,-19.,32.));
#9433 = DIRECTION('',(0.,1.,0.));
#9434 = DIRECTION('',(-1.,0.,0.));
#9435 = ADVANCED_FACE('',(#9436),#9463,.T.);
#9436 = FACE_BOUND('',#9437,.T.);
#9437 = EDGE_LOOP('',(#9438,#9446,#9454,#9460,#9461,#9462));
#9438 = ORIENTED_EDGE('',*,*,#9439,.F.);
#9439 = EDGE_CURVE('',#9440,#7046,#9442,.T.);
#9440 = VERTEX_POINT('',#9441);
#9441 = CARTESIAN_POINT('',(-10.5,-23.,26.));
#9442 = LINE('',#9443,#9444);
#9443 = CARTESIAN_POINT('',(-10.5,-23.,26.));
#9444 = VECTOR('',#9445,1.);
#9445 = DIRECTION('',(0.,0.,1.));
#9446 = ORIENTED_EDGE('',*,*,#9447,.F.);
#9447 = EDGE_CURVE('',#9448,#9440,#9450,.T.);
#9448 = VERTEX_POINT('',#9449);
#9449 = CARTESIAN_POINT('',(-10.5,-18.75,26.));
#9450 = LINE('',#9451,#9452);
#9451 = CARTESIAN_POINT('',(-10.5,28.,26.));
#9452 = VECTOR('',#9453,1.);
#9453 = DIRECTION('',(0.,-1.,2.2E-16));
#9454 = ORIENTED_EDGE('',*,*,#9455,.F.);
#9455 = EDGE_CURVE('',#8669,#9448,#9456,.T.);
#9456 = LINE('',#9457,#9458);
#9457 = CARTESIAN_POINT('',(-10.5,-18.75,24.));
#9458 = VECTOR('',#9459,1.);
#9459 = DIRECTION('',(-0.,-0.,-1.));
#9460 = ORIENTED_EDGE('',*,*,#8668,.T.);
#9461 = ORIENTED_EDGE('',*,*,#9422,.F.);
#9462 = ORIENTED_EDGE('',*,*,#7045,.T.);
#9463 = PLANE('',#9464);
#9464 = AXIS2_PLACEMENT_3D('',#9465,#9466,#9467);
#9465 = CARTESIAN_POINT('',(-10.5,-23.39139344262,28.983606557377));
#9466 = DIRECTION('',(1.,0.,0.));
#9467 = DIRECTION('',(0.,0.,1.));
#9468 = ADVANCED_FACE('',(#9469),#9560,.T.);
#9469 = FACE_BOUND('',#9470,.T.);
#9470 = EDGE_LOOP('',(#9471,#9480,#9481,#9482,#9483));
#9471 = ORIENTED_EDGE('',*,*,#9472,.T.);
#9472 = EDGE_CURVE('',#9473,#9440,#9475,.T.);
#9473 = VERTEX_POINT('',#9474);
#9474 = CARTESIAN_POINT('',(-12.78706800675,-27.2,26.));
#9475 = CIRCLE('',#9476,5.);
#9476 = AXIS2_PLACEMENT_3D('',#9477,#9478,#9479);
#9477 = CARTESIAN_POINT('',(-15.5,-23.,26.));
#9478 = DIRECTION('',(-0.,0.,1.));
#9479 = DIRECTION('',(0.,-1.,0.));
#9480 = ORIENTED_EDGE('',*,*,#9439,.T.);
#9481 = ORIENTED_EDGE('',*,*,#7080,.T.);
#9482 = ORIENTED_EDGE('',*,*,#8809,.T.);
#9483 = ORIENTED_EDGE('',*,*,#9484,.T.);
#9484 = EDGE_CURVE('',#8802,#9473,#9485,.T.);
#9485 = B_SPLINE_CURVE_WITH_KNOTS('',7,(#9486,#9487,#9488,#9489,#9490,
    #9491,#9492,#9493,#9494,#9495,#9496,#9497,#9498,#9499,#9500,#9501,
    #9502,#9503,#9504,#9505,#9506,#9507,#9508,#9509,#9510,#9511,#9512,
    #9513,#9514,#9515,#9516,#9517,#9518,#9519,#9520,#9521,#9522,#9523,
    #9524,#9525,#9526,#9527,#9528,#9529,#9530,#9531,#9532,#9533,#9534,
    #9535,#9536,#9537,#9538,#9539,#9540,#9541,#9542,#9543,#9544,#9545,
    #9546,#9547,#9548,#9549,#9550,#9551,#9552,#9553,#9554,#9555,#9556,
    #9557,#9558,#9559),.UNSPECIFIED.,.F.,.F.,(8,6,6,6,6,6,6,6,6,6,6,6,8)
  ,(0.,0.500249831063,0.924410129224,0.999625607918,0.999666562924,
    0.999708979088,0.999748468609,0.999790881785,0.999833293415,
    0.999875703498,0.999918112033,0.999960519022,1.),.UNSPECIFIED.);
#9486 = CARTESIAN_POINT('',(-15.5,-28.,25.2));
#9487 = CARTESIAN_POINT('',(-15.30265973965,-27.9999999871,
    25.278936058396));
#9488 = CARTESIAN_POINT('',(-15.10536145696,-27.99091332604,
    25.357855648199));
#9489 = CARTESIAN_POINT('',(-14.90810643718,-27.97274654489,
    25.435966035636));
#9490 = CARTESIAN_POINT('',(-14.71096606154,-27.94540408643,
    25.512452957073));
#9491 = CARTESIAN_POINT('',(-14.5140671226,-27.90871567837,
    25.586388151221));
#9492 = CARTESIAN_POINT('',(-14.31758483538,-27.86244949888,
    25.65669760306));
#9493 = CARTESIAN_POINT('',(-13.95563416296,-27.75865365854,
    25.777264948964));
#9494 = CARTESIAN_POINT('',(-13.79018264923,-27.70396156421,
    25.82888361303));
#9495 = CARTESIAN_POINT('',(-13.62530849841,-27.64198657828,
    25.875989815672));
#9496 = CARTESIAN_POINT('',(-13.46125694797,-27.57250126205,
    25.917487072547));
#9497 = CARTESIAN_POINT('',(-13.29856297081,-27.49538075974,
    25.951885804837));
#9498 = CARTESIAN_POINT('',(-13.1380238475,-27.41069527028,
    25.977314102612));
#9499 = CARTESIAN_POINT('',(-12.95282486136,-27.30266680855,
    25.99355545524));
#9500 = CARTESIAN_POINT('',(-12.92503755171,-27.28617654305,
    25.995635425912));
#9501 = CARTESIAN_POINT('',(-12.89736517222,-27.26947097038,
    25.997334294713));
#9502 = CARTESIAN_POINT('',(-12.86981641164,-27.25255499854,
    25.998636597977));
#9503 = CARTESIAN_POINT('',(-12.84240089318,-27.23543462378,
    25.999526224669));
#9504 = CARTESIAN_POINT('',(-12.8151291745,-27.21811693062,
    25.999986416389));
#9505 = CARTESIAN_POINT('',(-12.78799798278,-27.20060055931,
    25.999999774637));
#9506 = CARTESIAN_POINT('',(-12.78798321786,-27.20059102674,
    25.999999781774));
#9507 = CARTESIAN_POINT('',(-12.787968453,-27.20058149411,
    25.999999788779));
#9508 = CARTESIAN_POINT('',(-12.78795368818,-27.20057196143,
    25.999999795651));
#9509 = CARTESIAN_POINT('',(-12.7879389234,-27.20056242869,
    25.999999802391));
#9510 = CARTESIAN_POINT('',(-12.78792415867,-27.20055289589,
    25.999999808998));
#9511 = CARTESIAN_POINT('',(-12.78789410255,-27.20053349009,
    25.999999822179));
#9512 = CARTESIAN_POINT('',(-12.78787881115,-27.20052361707,
    25.999999828742));
#9513 = CARTESIAN_POINT('',(-12.78786351981,-27.20051374399,
    25.999999835164));
#9514 = CARTESIAN_POINT('',(-12.78784822851,-27.20050387085,
    25.999999841443));
#9515 = CARTESIAN_POINT('',(-12.78783293727,-27.20049399766,
    25.99999984758));
#9516 = CARTESIAN_POINT('',(-12.78781764607,-27.2004841244,
    25.999999853576));
#9517 = CARTESIAN_POINT('',(-12.78778811884,-27.20046505901,
    25.999999864878));
#9518 = CARTESIAN_POINT('',(-12.7877738828,-27.20045586688,
    25.999999870204));
#9519 = CARTESIAN_POINT('',(-12.7877596468,-27.2004466747,
    25.999999875407));
#9520 = CARTESIAN_POINT('',(-12.78774541084,-27.20043748247,
    25.999999880486));
#9521 = CARTESIAN_POINT('',(-12.78773117493,-27.20042829019,
    25.999999885443));
#9522 = CARTESIAN_POINT('',(-12.78771693906,-27.20041909785,
    25.999999890276));
#9523 = CARTESIAN_POINT('',(-12.78768741344,-27.20040003251,
    25.999999900045));
#9524 = CARTESIAN_POINT('',(-12.78767212369,-27.20039015949,
    25.999999904961));
#9525 = CARTESIAN_POINT('',(-12.787656834,-27.20038028641,
    25.999999909736));
#9526 = CARTESIAN_POINT('',(-12.78764154435,-27.20037041327,
    25.999999914368));
#9527 = CARTESIAN_POINT('',(-12.78762625475,-27.20036054008,
    25.999999918858));
#9528 = CARTESIAN_POINT('',(-12.78761096521,-27.20035066682,
    25.999999923206));
#9529 = CARTESIAN_POINT('',(-12.78758038677,-27.20033092054,
    25.999999931618));
#9530 = CARTESIAN_POINT('',(-12.78756509788,-27.20032104753,
    25.999999935682));
#9531 = CARTESIAN_POINT('',(-12.78754980904,-27.20031117445,
    25.999999939603));
#9532 = CARTESIAN_POINT('',(-12.78753452024,-27.20030130131,
    25.999999943383));
#9533 = CARTESIAN_POINT('',(-12.7875192315,-27.20029142811,
    25.99999994702));
#9534 = CARTESIAN_POINT('',(-12.78750394281,-27.20028155485,
    25.999999950515));
#9535 = CARTESIAN_POINT('',(-12.78747336608,-27.20026180858,
    25.999999957221));
#9536 = CARTESIAN_POINT('',(-12.78745807804,-27.20025193556,
    25.999999960432));
#9537 = CARTESIAN_POINT('',(-12.78744279005,-27.20024206248,
    25.9999999635));
#9538 = CARTESIAN_POINT('',(-12.78742750212,-27.20023218934,
    25.999999966427));
#9539 = CARTESIAN_POINT('',(-12.78741221423,-27.20022231614,
    25.999999969211));
#9540 = CARTESIAN_POINT('',(-12.78739692639,-27.20021244288,
    25.999999971853));
#9541 = CARTESIAN_POINT('',(-12.78736635137,-27.20019269661,
    25.999999976853));
#9542 = CARTESIAN_POINT('',(-12.78735106419,-27.20018282359,
    25.999999979211));
#9543 = CARTESIAN_POINT('',(-12.78733577705,-27.20017295051,
    25.999999981427));
#9544 = CARTESIAN_POINT('',(-12.78732048997,-27.20016307737,
    25.9999999835));
#9545 = CARTESIAN_POINT('',(-12.78730520294,-27.20015320417,
    25.999999985432));
#9546 = CARTESIAN_POINT('',(-12.78728991595,-27.20014333091,
    25.999999987221));
#9547 = CARTESIAN_POINT('',(-12.78725934264,-27.20012358464,
    25.999999990515));
#9548 = CARTESIAN_POINT('',(-12.78724405631,-27.20011371162,
    25.99999999202));
#9549 = CARTESIAN_POINT('',(-12.78722877003,-27.20010383854,
    25.999999993383));
#9550 = CARTESIAN_POINT('',(-12.7872134838,-27.2000939654,
    25.999999994603));
#9551 = CARTESIAN_POINT('',(-12.78719819762,-27.2000840922,
    25.999999995682));
#9552 = CARTESIAN_POINT('',(-12.78718291149,-27.20007421894,
    25.999999996618));
#9553 = CARTESIAN_POINT('',(-12.78715339405,-27.20005515355,
    25.999999998152));
#9554 = CARTESIAN_POINT('',(-12.78713916272,-27.20004596142,
    25.999999998768));
#9555 = CARTESIAN_POINT('',(-12.78712493144,-27.20003676924,
    25.999999999261));
#9556 = CARTESIAN_POINT('',(-12.7871107002,-27.20002757701,
    25.99999999963));
#9557 = CARTESIAN_POINT('',(-12.78709646901,-27.20001838472,
    25.999999999877));
#9558 = CARTESIAN_POINT('',(-12.78708223786,-27.20000919238,26.));
#9559 = CARTESIAN_POINT('',(-12.78706800675,-27.2,26.));
#9560 = CYLINDRICAL_SURFACE('',#9561,5.);
#9561 = AXIS2_PLACEMENT_3D('',#9562,#9563,#9564);
#9562 = CARTESIAN_POINT('',(-15.5,-23.,26.));
#9563 = DIRECTION('',(0.,0.,1.));
#9564 = DIRECTION('',(0.,-1.,0.));
#9565 = ADVANCED_FACE('',(#9566),#9599,.T.);
#9566 = FACE_BOUND('',#9567,.F.);
#9567 = EDGE_LOOP('',(#9568,#9578,#9585,#9586,#9587));
#9568 = ORIENTED_EDGE('',*,*,#9569,.F.);
#9569 = EDGE_CURVE('',#9570,#9572,#9574,.T.);
#9570 = VERTEX_POINT('',#9571);
#9571 = CARTESIAN_POINT('',(-36.50718378588,-12.66477662714,30.));
#9572 = VERTEX_POINT('',#9573);
#9573 = CARTESIAN_POINT('',(-36.50718377526,-12.66477662714,22.));
#9574 = LINE('',#9575,#9576);
#9575 = CARTESIAN_POINT('',(-36.50718378588,-12.66477662714,22.));
#9576 = VECTOR('',#9577,1.);
#9577 = DIRECTION('',(-0.,-0.,-1.));
#9578 = ORIENTED_EDGE('',*,*,#9579,.T.);
#9579 = EDGE_CURVE('',#9570,#7123,#9580,.T.);
#9580 = ELLIPSE('',#9581,33.01761800995,16.);
#9581 = AXIS2_PLACEMENT_3D('',#9582,#9583,#9584);
#9582 = CARTESIAN_POINT('',(-20.52099999999,-11.99999999999,
    31.200000000007));
#9583 = DIRECTION('',(0.,0.874741534618,-0.484589772502));
#9584 = DIRECTION('',(0.,-0.484589772502,-0.874741534618));
#9585 = ORIENTED_EDGE('',*,*,#7131,.F.);
#9586 = ORIENTED_EDGE('',*,*,#8816,.F.);
#9587 = ORIENTED_EDGE('',*,*,#9588,.F.);
#9588 = EDGE_CURVE('',#9572,#8817,#9589,.T.);
#9589 = B_SPLINE_CURVE_WITH_KNOTS('',8,(#9590,#9591,#9592,#9593,#9594,
    #9595,#9596,#9597,#9598),.UNSPECIFIED.,.F.,.F.,(9,9),(1.,2.),
  .PIECEWISE_BEZIER_KNOTS.);
#9590 = CARTESIAN_POINT('',(-36.521,-12.,22.));
#9591 = CARTESIAN_POINT('',(-36.521,-15.14159265359,22.));
#9592 = CARTESIAN_POINT('',(-35.81602737662,-18.28318629606,22.));
#9593 = CARTESIAN_POINT('',(-34.40608905394,-21.24021174936,22.));
#9594 = CARTESIAN_POINT('',(-32.34914009248,-23.82814009247,22.));
#9595 = CARTESIAN_POINT('',(-29.76121174936,-25.88508905394,22.));
#9596 = CARTESIAN_POINT('',(-26.80418629606,-27.29502737662,22.));
#9597 = CARTESIAN_POINT('',(-23.66259265359,-28.,22.));
#9598 = CARTESIAN_POINT('',(-20.521,-28.,22.));
#9599 = CYLINDRICAL_SURFACE('',#9600,16.);
#9600 = AXIS2_PLACEMENT_3D('',#9601,#9602,#9603);
#9601 = CARTESIAN_POINT('',(-20.52099999999,-11.99999999999,22.));
#9602 = DIRECTION('',(-0.,-0.,-1.));
#9603 = DIRECTION('',(1.,0.,0.));
#9604 = ADVANCED_FACE('',(#9605),#9624,.F.);
#9605 = FACE_BOUND('',#9606,.F.);
#9606 = EDGE_LOOP('',(#9607,#9615,#9622,#9623));
#9607 = ORIENTED_EDGE('',*,*,#9608,.T.);
#9608 = EDGE_CURVE('',#7218,#9609,#9611,.T.);
#9609 = VERTEX_POINT('',#9610);
#9610 = CARTESIAN_POINT('',(35.175,-15.,19.));
#9611 = LINE('',#9612,#9613);
#9612 = CARTESIAN_POINT('',(35.175,-15.,32.));
#9613 = VECTOR('',#9614,1.);
#9614 = DIRECTION('',(-0.,-0.,-1.));
#9615 = ORIENTED_EDGE('',*,*,#9616,.T.);
#9616 = EDGE_CURVE('',#9609,#9609,#9617,.T.);
#9617 = CIRCLE('',#9618,3.75);
#9618 = AXIS2_PLACEMENT_3D('',#9619,#9620,#9621);
#9619 = CARTESIAN_POINT('',(31.425,-15.,19.));
#9620 = DIRECTION('',(0.,0.,1.));
#9621 = DIRECTION('',(1.,0.,0.));
#9622 = ORIENTED_EDGE('',*,*,#9608,.F.);
#9623 = ORIENTED_EDGE('',*,*,#7225,.F.);
#9624 = CYLINDRICAL_SURFACE('',#9625,3.75);
#9625 = AXIS2_PLACEMENT_3D('',#9626,#9627,#9628);
#9626 = CARTESIAN_POINT('',(31.425,-15.,32.));
#9627 = DIRECTION('',(0.,0.,1.));
#9628 = DIRECTION('',(1.,0.,0.));
#9629 = ADVANCED_FACE('',(#9630),#9649,.F.);
#9630 = FACE_BOUND('',#9631,.F.);
#9631 = EDGE_LOOP('',(#9632,#9640,#9647,#9648));
#9632 = ORIENTED_EDGE('',*,*,#9633,.T.);
#9633 = EDGE_CURVE('',#7243,#9634,#9636,.T.);
#9634 = VERTEX_POINT('',#9635);
#9635 = CARTESIAN_POINT('',(-26.696,-15.,19.));
#9636 = LINE('',#9637,#9638);
#9637 = CARTESIAN_POINT('',(-26.696,-15.,32.));
#9638 = VECTOR('',#9639,1.);
#9639 = DIRECTION('',(-0.,-0.,-1.));
#9640 = ORIENTED_EDGE('',*,*,#9641,.T.);
#9641 = EDGE_CURVE('',#9634,#9634,#9642,.T.);
#9642 = CIRCLE('',#9643,3.75);
#9643 = AXIS2_PLACEMENT_3D('',#9644,#9645,#9646);
#9644 = CARTESIAN_POINT('',(-30.446,-15.,19.));
#9645 = DIRECTION('',(0.,0.,1.));
#9646 = DIRECTION('',(1.,0.,0.));
#9647 = ORIENTED_EDGE('',*,*,#9633,.F.);
#9648 = ORIENTED_EDGE('',*,*,#7252,.F.);
#9649 = CYLINDRICAL_SURFACE('',#9650,3.75);
#9650 = AXIS2_PLACEMENT_3D('',#9651,#9652,#9653);
#9651 = CARTESIAN_POINT('',(-30.446,-15.,32.));
#9652 = DIRECTION('',(0.,0.,1.));
#9653 = DIRECTION('',(1.,0.,0.));
#9654 = ADVANCED_FACE('',(#9655),#9674,.F.);
#9655 = FACE_BOUND('',#9656,.F.);
#9656 = EDGE_LOOP('',(#9657,#9665,#9672,#9673));
#9657 = ORIENTED_EDGE('',*,*,#9658,.T.);
#9658 = EDGE_CURVE('',#7268,#9659,#9661,.T.);
#9659 = VERTEX_POINT('',#9660);
#9660 = CARTESIAN_POINT('',(-26.696,15.,19.));
#9661 = LINE('',#9662,#9663);
#9662 = CARTESIAN_POINT('',(-26.696,15.,32.));
#9663 = VECTOR('',#9664,1.);
#9664 = DIRECTION('',(-0.,-0.,-1.));
#9665 = ORIENTED_EDGE('',*,*,#9666,.T.);
#9666 = EDGE_CURVE('',#9659,#9659,#9667,.T.);
#9667 = CIRCLE('',#9668,3.75);
#9668 = AXIS2_PLACEMENT_3D('',#9669,#9670,#9671);
#9669 = CARTESIAN_POINT('',(-30.446,15.,19.));
#9670 = DIRECTION('',(0.,0.,1.));
#9671 = DIRECTION('',(1.,0.,0.));
#9672 = ORIENTED_EDGE('',*,*,#9658,.F.);
#9673 = ORIENTED_EDGE('',*,*,#7277,.F.);
#9674 = CYLINDRICAL_SURFACE('',#9675,3.75);
#9675 = AXIS2_PLACEMENT_3D('',#9676,#9677,#9678);
#9676 = CARTESIAN_POINT('',(-30.446,15.,32.));
#9677 = DIRECTION('',(0.,0.,1.));
#9678 = DIRECTION('',(1.,0.,0.));
#9679 = ADVANCED_FACE('',(#9680),#9699,.F.);
#9680 = FACE_BOUND('',#9681,.F.);
#9681 = EDGE_LOOP('',(#9682,#9690,#9697,#9698));
#9682 = ORIENTED_EDGE('',*,*,#9683,.T.);
#9683 = EDGE_CURVE('',#7294,#9684,#9686,.T.);
#9684 = VERTEX_POINT('',#9685);
#9685 = CARTESIAN_POINT('',(35.175,15.,19.));
#9686 = LINE('',#9687,#9688);
#9687 = CARTESIAN_POINT('',(35.175,15.,32.));
#9688 = VECTOR('',#9689,1.);
#9689 = DIRECTION('',(-0.,-0.,-1.));
#9690 = ORIENTED_EDGE('',*,*,#9691,.T.);
#9691 = EDGE_CURVE('',#9684,#9684,#9692,.T.);
#9692 = CIRCLE('',#9693,3.75);
#9693 = AXIS2_PLACEMENT_3D('',#9694,#9695,#9696);
#9694 = CARTESIAN_POINT('',(31.425,15.,19.));
#9695 = DIRECTION('',(0.,0.,1.));
#9696 = DIRECTION('',(1.,0.,0.));
#9697 = ORIENTED_EDGE('',*,*,#9683,.F.);
#9698 = ORIENTED_EDGE('',*,*,#7301,.F.);
#9699 = CYLINDRICAL_SURFACE('',#9700,3.75);
#9700 = AXIS2_PLACEMENT_3D('',#9701,#9702,#9703);
#9701 = CARTESIAN_POINT('',(31.425,15.,32.));
#9702 = DIRECTION('',(0.,0.,1.));
#9703 = DIRECTION('',(1.,0.,0.));
#9704 = ADVANCED_FACE('',(#9705),#9803,.T.);
#9705 = FACE_BOUND('',#9706,.T.);
#9706 = EDGE_LOOP('',(#9707,#9756,#9757,#9758));
#9707 = ORIENTED_EDGE('',*,*,#9708,.T.);
#9708 = EDGE_CURVE('',#9709,#8193,#9711,.T.);
#9709 = VERTEX_POINT('',#9710);
#9710 = CARTESIAN_POINT('',(29.42461406063,18.973428193997,22.));
#9711 = B_SPLINE_CURVE_WITH_KNOTS('',8,(#9712,#9713,#9714,#9715,#9716,
    #9717,#9718,#9719,#9720,#9721,#9722,#9723,#9724,#9725,#9726,#9727,
    #9728,#9729,#9730,#9731,#9732,#9733,#9734,#9735,#9736,#9737,#9738,
    #9739,#9740,#9741,#9742,#9743,#9744,#9745,#9746,#9747,#9748,#9749,
    #9750,#9751,#9752,#9753,#9754,#9755),.UNSPECIFIED.,.F.,.F.,(9,7,7,7,
    7,7,9),(0.,0.234145018144,0.436827900639,0.466002197361,
    0.506245309703,0.75421393386,1.),.UNSPECIFIED.);
#9712 = CARTESIAN_POINT('',(29.42461406063,18.973428193997,22.));
#9713 = CARTESIAN_POINT('',(29.559867458441,19.041520275198,22.));
#9714 = CARTESIAN_POINT('',(29.695959798373,19.118698353967,22.));
#9715 = CARTESIAN_POINT('',(29.832003192632,19.205476159275,22.));
#9716 = CARTESIAN_POINT('',(29.966912624491,19.302272623737,22.));
#9717 = CARTESIAN_POINT('',(30.099399170698,19.409350108916,22.));
#9718 = CARTESIAN_POINT('',(30.227999604117,19.526760755658,22.));
#9719 = CARTESIAN_POINT('',(30.351142376606,19.654300959475,22.));
#9720 = CARTESIAN_POINT('',(30.567756174205,19.910215004138,22.));
#9721 = CARTESIAN_POINT('',(30.662992441043,20.036176978255,22.));
#9722 = CARTESIAN_POINT('',(30.75193303394,20.169034187506,22.));
#9723 = CARTESIAN_POINT('',(30.83354668769,20.308302647029,22.));
#9724 = CARTESIAN_POINT('',(30.906855967586,20.453327279291,22.));
#9725 = CARTESIAN_POINT('',(30.970992844962,20.60328721808,22.));
#9726 = CARTESIAN_POINT('',(31.025250501245,20.757219230104,22.));
#9727 = CARTESIAN_POINT('',(31.075447597969,20.936634902147,22.));
#9728 = CARTESIAN_POINT('',(31.081548833247,20.959270833041,22.));
#9729 = CARTESIAN_POINT('',(31.087433670812,20.981964094644,22.));
#9730 = CARTESIAN_POINT('',(31.093100405925,21.004710819975,22.));
#9731 = CARTESIAN_POINT('',(31.098548334835,21.02750912419,22.));
#9732 = CARTESIAN_POINT('',(31.103775429098,21.050353951591,22.));
#9733 = CARTESIAN_POINT('',(31.108781308544,21.073243666342,22.));
#9734 = CARTESIAN_POINT('',(31.120162356472,21.127803907777,22.));
#9735 = CARTESIAN_POINT('',(31.126336491016,21.159511079561,22.));
#9736 = CARTESIAN_POINT('',(31.13208414582,21.191286633133,22.));
#9737 = CARTESIAN_POINT('',(31.13740295705,21.22312174165,22.));
#9738 = CARTESIAN_POINT('',(31.14229091612,21.255007523028,22.));
#9739 = CARTESIAN_POINT('',(31.146746369691,21.286935039945,22.));
#9740 = CARTESIAN_POINT('',(31.150768019667,21.318895299836,22.));
#9741 = CARTESIAN_POINT('',(31.176456581918,21.547956888072,22.));
#9742 = CARTESIAN_POINT('',(31.18205342975,21.745945814977,22.));
#9743 = CARTESIAN_POINT('',(31.170920970929,21.942718033106,22.));
#9744 = CARTESIAN_POINT('',(31.143366352046,22.136137525504,22.));
#9745 = CARTESIAN_POINT('',(31.100222491232,22.324225266357,22.));
#9746 = CARTESIAN_POINT('',(31.042736014846,22.505289588678,22.));
#9747 = CARTESIAN_POINT('',(30.972413735429,22.677999857255,22.));
#9748 = CARTESIAN_POINT('',(30.810088604391,23.003324879369,22.));
#9749 = CARTESIAN_POINT('',(30.718275877632,23.156115766303,22.));
#9750 = CARTESIAN_POINT('',(30.617035779101,23.298820740615,22.));
#9751 = CARTESIAN_POINT('',(30.508063867734,23.430862254246,22.));
#9752 = CARTESIAN_POINT('',(30.393034320893,23.552008821712,22.));
#9753 = CARTESIAN_POINT('',(30.273507456248,23.662316024135,22.));
#9754 = CARTESIAN_POINT('',(30.15087823048,23.762050519715,22.));
#9755 = CARTESIAN_POINT('',(30.026363783996,23.851629363367,22.));
#9756 = ORIENTED_EDGE('',*,*,#8192,.T.);
#9757 = ORIENTED_EDGE('',*,*,#7553,.F.);
#9758 = ORIENTED_EDGE('',*,*,#9759,.F.);
#9759 = EDGE_CURVE('',#9709,#7545,#9760,.T.);
#9760 = B_SPLINE_CURVE_WITH_KNOTS('',11,(#9761,#9762,#9763,#9764,#9765,
    #9766,#9767,#9768,#9769,#9770,#9771,#9772,#9773,#9774,#9775,#9776,
    #9777,#9778,#9779,#9780,#9781,#9782,#9783,#9784,#9785,#9786,#9787,
    #9788,#9789,#9790,#9791,#9792,#9793,#9794,#9795,#9796,#9797,#9798,
    #9799,#9800,#9801,#9802),.UNSPECIFIED.,.F.,.F.,(12,10,10,10,12),(
    1.212708494862,1.988444354747,12.434912762954,23.290695176728,
    24.500170262663),.UNSPECIFIED.);
#9761 = CARTESIAN_POINT('',(29.559388150804,19.04127897217,
    23.215191672734));
#9762 = CARTESIAN_POINT('',(29.544831018536,19.033950317596,
    23.083937172049));
#9763 = CARTESIAN_POINT('',(29.530734874719,19.026853743425,
    22.956839177452));
#9764 = CARTESIAN_POINT('',(29.517099719351,19.019989249656,
    22.833897688941));
#9765 = CARTESIAN_POINT('',(29.503925552434,19.01335683629,
    22.715112706518));
#9766 = CARTESIAN_POINT('',(29.491212373968,19.006956503326,
    22.600484230182));
#9767 = CARTESIAN_POINT('',(29.478960183952,19.000788250765,
    22.490012259934));
#9768 = CARTESIAN_POINT('',(29.467168982387,18.994852078606,
    22.383696795773));
#9769 = CARTESIAN_POINT('',(29.455838769272,18.98914798685,
    22.281537837699));
#9770 = CARTESIAN_POINT('',(29.444969544607,18.983675975497,
    22.183535385712));
#9771 = CARTESIAN_POINT('',(29.434561308393,18.978436044545,
    22.089689439812));
#9772 = CARTESIAN_POINT('',(29.290659173554,18.905989836102,
    20.792194678628));
#9773 = CARTESIAN_POINT('',(29.19380077095,18.851021719433,
    19.70990705567));
#9774 = CARTESIAN_POINT('',(29.102101549587,18.797587782346,
    18.647299228242));
#9775 = CARTESIAN_POINT('',(29.024995459122,18.748277523371,
    17.638347011399));
#9776 = CARTESIAN_POINT('',(28.944061705751,18.696418294334,
    16.615355717838));
#9777 = CARTESIAN_POINT('',(28.87462961488,18.647554263681,
    15.637657090012));
#9778 = CARTESIAN_POINT('',(28.802064186162,18.596147420057,
    14.64595268914));
#9779 = CARTESIAN_POINT('',(28.734713169137,18.545219486946,
    13.675821790277));
#9780 = CARTESIAN_POINT('',(28.667974782083,18.493033068511,
    12.706865171382));
#9781 = CARTESIAN_POINT('',(28.603013990237,18.43992343182,
    11.744554827263));
#9782 = CARTESIAN_POINT('',(28.473143216089,18.329231036937,
    9.790942523829));
#9783 = CARTESIAN_POINT('',(28.408359526303,18.271562760058,
    8.800113635513));
#9784 = CARTESIAN_POINT('',(28.34478159584,18.212482126109,
    7.813142442111));
#9785 = CARTESIAN_POINT('',(28.282260294646,18.151847204776,
    6.829336074789));
#9786 = CARTESIAN_POINT('',(28.220684905828,18.089522288288,
    5.848166584185));
#9787 = CARTESIAN_POINT('',(28.159977024992,18.025372312804,
    4.869240231239));
#9788 = CARTESIAN_POINT('',(28.1000844583,17.959257278911,3.892266777645
    ));
#9789 = CARTESIAN_POINT('',(28.040975122013,17.891026673143,
    2.917028776747));
#9790 = CARTESIAN_POINT('',(27.982630940618,17.820513888533,
    1.943350864002));
#9791 = CARTESIAN_POINT('',(27.92504174607,17.747530645925,0.97106904779
    ));
#9792 = CARTESIAN_POINT('',(27.86186617613,17.663430880139,
    -0.108189697919));
#9793 = CARTESIAN_POINT('',(27.85550267053,17.65495973645,
    -0.216900534706));
#9794 = CARTESIAN_POINT('',(27.849108659506,17.646447983726,
    -0.326132510361));
#9795 = CARTESIAN_POINT('',(27.842684143059,17.637895621966,
    -0.435885624883));
#9796 = CARTESIAN_POINT('',(27.836229121188,17.629302651171,
    -0.546159878273));
#9797 = CARTESIAN_POINT('',(27.829743593894,17.62066907134,
    -0.65695527053));
#9798 = CARTESIAN_POINT('',(27.823227561177,17.611994882474,
    -0.768271801655));
#9799 = CARTESIAN_POINT('',(27.816681023036,17.603280084573,
    -0.880109471648));
#9800 = CARTESIAN_POINT('',(27.810103979472,17.594524677635,
    -0.992468280508));
#9801 = CARTESIAN_POINT('',(27.803496430484,17.585728661663,
    -1.105348228236));
#9802 = CARTESIAN_POINT('',(27.796858376073,17.576892036655,
    -1.218749314831));
#9803 = ( BOUNDED_SURFACE() B_SPLINE_SURFACE(2,11,(
    (#9804,#9805,#9806,#9807,#9808,#9809,#9810,#9811,#9812,#9813,#9814
      ,#9815,#9816,#9817,#9818,#9819,#9820,#9821,#9822,#9823,#9824,#9825
      ,#9826,#9827,#9828,#9829,#9830,#9831,#9832,#9833,#9834,#9835,#9836
      ,#9837,#9838,#9839,#9840,#9841,#9842,#9843,#9844,#9845)
    ,(#9846,#9847,#9848,#9849,#9850,#9851,#9852,#9853,#9854,#9855,#9856
      ,#9857,#9858,#9859,#9860,#9861,#9862,#9863,#9864,#9865,#9866,#9867
      ,#9868,#9869,#9870,#9871,#9872,#9873,#9874,#9875,#9876,#9877,#9878
      ,#9879,#9880,#9881,#9882,#9883,#9884,#9885,#9886,#9887)
    ,(#9888,#9889,#9890,#9891,#9892,#9893,#9894,#9895,#9896,#9897,#9898
      ,#9899,#9900,#9901,#9902,#9903,#9904,#9905,#9906,#9907,#9908,#9909
      ,#9910,#9911,#9912,#9913,#9914,#9915,#9916,#9917,#9918,#9919,#9920
      ,#9921,#9922,#9923,#9924,#9925,#9926,#9927,#9928,#9929
)),.UNSPECIFIED.,.F.,.F.,.F.) B_SPLINE_SURFACE_WITH_KNOTS((3,3),(12,10,
    10,10,12),(0.,21.302250821981),(1.212708494862,1.988444354747,
    12.434912762954,23.290695176728,24.500170262663),.UNSPECIFIED.) 
GEOMETRIC_REPRESENTATION_ITEM() RATIONAL_B_SPLINE_SURFACE((
    (1.,1.,1.,1.,1.,1.,1.,1.,1.,1.,1.,1.,1.,1.,1.,1.,1.,1.,1.,1.,1.,1.
      ,1.,1.,1.,1.,1.,1.,1.,1.,1.,1.,1.,1.,1.,1.,1.,1.,1.,1.,1.,1.)
    ,(0.528618290614,0.52785401173,0.527242588622,0.526784021292
      ,0.526478309738,0.526325453961,0.526325453961,0.526478309738
      ,0.526784021292,0.527242588622,0.52785401173,0.538910473341
      ,0.551341308839,0.56390306462,0.577152712791,0.589962062115
      ,0.603194520834,0.616066206165,0.628965571626,0.641685002681
      ,0.654260030542,0.679558346211,0.692268608873,0.704782196185
      ,0.717087455087,0.729175309068,0.741038755991,0.752672365885
      ,0.764071778778,0.77523320249,0.78615291046,0.79801594267
      ,0.798967305168,0.799680827042,0.800156508291,0.800394348916
      ,0.800394348916,0.800156508291,0.799680827042,0.798967305168
      ,0.79801594267,0.796826739546)
    ,(1.,1.,1.,1.,1.,1.,1.,1.,1.,1.,1.,1.,1.,1.,1.,1.,1.,1.,1.,1.,1.,1.
      ,1.,1.,1.,1.,1.,1.,1.,1.,1.,1.,1.,1.,1.,1.,1.,1.,1.,1.,1.,1.
))) REPRESENTATION_ITEM('') SURFACE() );
#9804 = CARTESIAN_POINT('',(29.559388150804,19.04127897217,
    23.215191672734));
#9805 = CARTESIAN_POINT('',(29.544831018536,19.033950317596,
    23.083937172049));
#9806 = CARTESIAN_POINT('',(29.530734874719,19.026853743425,
    22.956839177452));
#9807 = CARTESIAN_POINT('',(29.517099719351,19.019989249656,
    22.833897688941));
#9808 = CARTESIAN_POINT('',(29.503925552434,19.01335683629,
    22.715112706518));
#9809 = CARTESIAN_POINT('',(29.491212373968,19.006956503326,
    22.600484230182));
#9810 = CARTESIAN_POINT('',(29.478960183952,19.000788250765,
    22.490012259934));
#9811 = CARTESIAN_POINT('',(29.467168982387,18.994852078606,
    22.383696795773));
#9812 = CARTESIAN_POINT('',(29.455838769272,18.98914798685,
    22.281537837699));
#9813 = CARTESIAN_POINT('',(29.444969544607,18.983675975497,
    22.183535385712));
#9814 = CARTESIAN_POINT('',(29.434561308393,18.978436044545,
    22.089689439812));
#9815 = CARTESIAN_POINT('',(29.290659173554,18.905989836102,
    20.792194678628));
#9816 = CARTESIAN_POINT('',(29.19380077095,18.851021719433,
    19.70990705567));
#9817 = CARTESIAN_POINT('',(29.102101549587,18.797587782346,
    18.647299228242));
#9818 = CARTESIAN_POINT('',(29.024995459122,18.748277523371,
    17.638347011399));
#9819 = CARTESIAN_POINT('',(28.944061705751,18.696418294334,
    16.615355717838));
#9820 = CARTESIAN_POINT('',(28.87462961488,18.647554263681,
    15.637657090012));
#9821 = CARTESIAN_POINT('',(28.802064186162,18.596147420057,
    14.64595268914));
#9822 = CARTESIAN_POINT('',(28.734713169137,18.545219486946,
    13.675821790277));
#9823 = CARTESIAN_POINT('',(28.667974782083,18.493033068511,
    12.706865171382));
#9824 = CARTESIAN_POINT('',(28.603013990237,18.43992343182,
    11.744554827263));
#9825 = CARTESIAN_POINT('',(28.473143216089,18.329231036937,
    9.790942523829));
#9826 = CARTESIAN_POINT('',(28.408359526303,18.271562760058,
    8.800113635513));
#9827 = CARTESIAN_POINT('',(28.34478159584,18.212482126109,
    7.813142442111));
#9828 = CARTESIAN_POINT('',(28.282260294646,18.151847204776,
    6.829336074789));
#9829 = CARTESIAN_POINT('',(28.220684905828,18.089522288288,
    5.848166584185));
#9830 = CARTESIAN_POINT('',(28.159977024992,18.025372312804,
    4.869240231239));
#9831 = CARTESIAN_POINT('',(28.1000844583,17.959257278911,3.892266777645
    ));
#9832 = CARTESIAN_POINT('',(28.040975122013,17.891026673143,
    2.917028776747));
#9833 = CARTESIAN_POINT('',(27.982630940618,17.820513888533,
    1.943350864002));
#9834 = CARTESIAN_POINT('',(27.92504174607,17.747530645925,0.97106904779
    ));
#9835 = CARTESIAN_POINT('',(27.86186617613,17.663430880139,
    -0.108189697919));
#9836 = CARTESIAN_POINT('',(27.85550267053,17.65495973645,
    -0.216900534706));
#9837 = CARTESIAN_POINT('',(27.849108659506,17.646447983726,
    -0.326132510361));
#9838 = CARTESIAN_POINT('',(27.842684143059,17.637895621966,
    -0.435885624883));
#9839 = CARTESIAN_POINT('',(27.836229121188,17.629302651171,
    -0.546159878273));
#9840 = CARTESIAN_POINT('',(27.829743593894,17.62066907134,
    -0.65695527053));
#9841 = CARTESIAN_POINT('',(27.823227561177,17.611994882474,
    -0.768271801655));
#9842 = CARTESIAN_POINT('',(27.816681023036,17.603280084573,
    -0.880109471648));
#9843 = CARTESIAN_POINT('',(27.810103979472,17.594524677635,
    -0.992468280508));
#9844 = CARTESIAN_POINT('',(27.803496430484,17.585728661663,
    -1.105348228236));
#9845 = CARTESIAN_POINT('',(27.796858376073,17.576892036655,
    -1.218749314831));
#9846 = CARTESIAN_POINT('',(33.972851343478,21.0823478849,
    22.281720197392));
#9847 = CARTESIAN_POINT('',(33.938439406185,21.084406988443,
    22.155083284417));
#9848 = CARTESIAN_POINT('',(33.904985253125,21.086408781151,
    22.031971044798));
#9849 = CARTESIAN_POINT('',(33.872521341272,21.088351320897,
    21.912502921132));
#9850 = CARTESIAN_POINT('',(33.841078534512,21.090232760883,
    21.7967924934));
#9851 = CARTESIAN_POINT('',(33.810686007066,21.092051355414,
    21.684947123565));
#9852 = CARTESIAN_POINT('',(33.781371153854,21.093805465263,
    21.57706762572));
#9853 = CARTESIAN_POINT('',(33.753159508377,21.095493562584,
    21.473247963875));
#9854 = CARTESIAN_POINT('',(33.726074668623,21.097114235348,
    21.373574979305));
#9855 = CARTESIAN_POINT('',(33.700138231464,21.098666191264,
    21.278128149114));
#9856 = CARTESIAN_POINT('',(33.675369735907,21.100148261179,
    21.186979377403));
#9857 = CARTESIAN_POINT('',(33.340719502983,21.120172692661,
    19.955456953579));
#9858 = CARTESIAN_POINT('',(33.062063316499,21.094411488633,
    18.927949108278));
#9859 = CARTESIAN_POINT('',(32.796617287223,21.060040826627,
    17.91294364116));
#9860 = CARTESIAN_POINT('',(32.549920927322,21.008532376147,
    16.947529052533));
#9861 = CARTESIAN_POINT('',(32.307911917502,20.95742368122,
    15.95770876482));
#9862 = CARTESIAN_POINT('',(32.082453373446,20.89393932547,
    15.010255909137));
#9863 = CARTESIAN_POINT('',(31.860895789511,20.830384096111,
    14.041861918441));
#9864 = CARTESIAN_POINT('',(31.649976122765,20.760305301377,
    13.089710389762));
#9865 = CARTESIAN_POINT('',(31.445412216465,20.687415663525,
    12.13446001095));
#9866 = CARTESIAN_POINT('',(31.2478262542,20.610870112764,
    11.181381709031));
#9867 = CARTESIAN_POINT('',(30.865031999344,20.451243018802,
    9.275667965775));
#9868 = CARTESIAN_POINT('',(30.6793702639,20.367943321387,8.320747296746
    ));
#9869 = CARTESIAN_POINT('',(30.499080861912,20.281307335848,
    7.363696093242));
#9870 = CARTESIAN_POINT('',(30.323807805269,20.19140538227,
    6.404366972117));
#9871 = CARTESIAN_POINT('',(30.153244944139,20.098255249962,
    5.442741954683));
#9872 = CARTESIAN_POINT('',(29.987130895631,20.00182830725,
    4.478905716793));
#9873 = CARTESIAN_POINT('',(29.82524370809,19.902054585243,
    3.513018135099));
#9874 = CARTESIAN_POINT('',(29.667395357581,19.798826922096,
    2.545286034523));
#9875 = CARTESIAN_POINT('',(29.513426142791,19.692004242352,
    1.575934027375));
#9876 = CARTESIAN_POINT('',(29.363199023213,19.581414031922,
    0.605174331624));
#9877 = CARTESIAN_POINT('',(29.200503031267,19.454280322458,
    -0.473507984305));
#9878 = CARTESIAN_POINT('',(29.184375460588,19.441677935266,
    -0.580434559948));
#9879 = CARTESIAN_POINT('',(29.168196959299,19.429035749937,
    -0.687698808013));
#9880 = CARTESIAN_POINT('',(29.151953236826,19.416342599548,
    -0.795395475683));
#9881 = CARTESIAN_POINT('',(29.135629928779,19.403587259494,
    -0.903619799573));
#9882 = CARTESIAN_POINT('',(29.119212554482,19.390758414301,
    -1.012467787265));
#9883 = CARTESIAN_POINT('',(29.102686474103,19.377844624131,
    -1.122036501548));
#9884 = CARTESIAN_POINT('',(29.086036845116,19.364834290754,
    -1.232424349091));
#9885 = CARTESIAN_POINT('',(29.069248577813,19.351715622788,
    -1.343731375395));
#9886 = CARTESIAN_POINT('',(29.052306289593,19.33847659998,
    -1.456059567845));
#9887 = CARTESIAN_POINT('',(29.035194257737,19.325104936301,
    -1.569513168828));
#9888 = CARTESIAN_POINT('',(30.530507015169,23.890879305244,
    24.288919592064));
#9889 = CARTESIAN_POINT('',(30.505668201517,23.889637259542,
    24.18041286246));
#9890 = CARTESIAN_POINT('',(30.480829387865,23.88839521384,
    24.071906132856));
#9891 = CARTESIAN_POINT('',(30.455990574213,23.887153168138,
    23.963399403253));
#9892 = CARTESIAN_POINT('',(30.431151760562,23.885911122436,
    23.854892673649));
#9893 = CARTESIAN_POINT('',(30.40631294691,23.884669076734,
    23.746385944045));
#9894 = CARTESIAN_POINT('',(30.381474133258,23.883427031033,
    23.637879214442));
#9895 = CARTESIAN_POINT('',(30.356635319607,23.882184985331,
    23.529372484838));
#9896 = CARTESIAN_POINT('',(30.331796505955,23.880942939629,
    23.420865755234));
#9897 = CARTESIAN_POINT('',(30.306957692303,23.879700893927,
    23.31235902563));
#9898 = CARTESIAN_POINT('',(30.282118878652,23.878458848225,
    23.203852296027));
#9899 = CARTESIAN_POINT('',(29.922787494104,23.860490759733,
    21.634136691728));
#9900 = CARTESIAN_POINT('',(29.719228292004,23.790134300475,
    20.375339337746));
#9901 = CARTESIAN_POINT('',(29.536840342152,23.715569504628,
    19.166038023703));
#9902 = CARTESIAN_POINT('',(29.408465895802,23.618505905354,
    18.054560093729));
#9903 = CARTESIAN_POINT('',(29.265960931125,23.528838514472,
    16.924258114976));
#9904 = CARTESIAN_POINT('',(29.165462768163,23.421107768687,
    15.875670979073));
#9905 = CARTESIAN_POINT('',(29.05360353076,23.317919406789,
    14.811005570013));
#9906 = CARTESIAN_POINT('',(28.959383824798,23.206222518832,
    13.782440673234));
#9907 = CARTESIAN_POINT('',(28.86694070282,23.092689143745,
    12.761642841534));
#9908 = CARTESIAN_POINT('',(28.779726134828,22.975406412803,
    11.753822145955));
#9909 = CARTESIAN_POINT('',(28.608851035894,22.729732526242,
    9.718263786323));
#9910 = CARTESIAN_POINT('',(28.525529212649,22.601048565705,
    8.691382089252));
#9911 = CARTESIAN_POINT('',(28.445096208368,22.468970578328,
    7.673046570863));
#9912 = CARTESIAN_POINT('',(28.366877021037,22.333535492308,
    6.661744257099));
#9913 = CARTESIAN_POINT('',(28.290361440269,22.194729770997,
    5.656298832533));
#9914 = CARTESIAN_POINT('',(28.215175287136,22.0524947495,4.655812760042
    ));
#9915 = CARTESIAN_POINT('',(28.141051652721,21.906731970319,
    3.659609400175));
#9916 = CARTESIAN_POINT('',(28.067802138153,21.757308520111,
    2.667175130866));
#9917 = CARTESIAN_POINT('',(27.995288093231,21.604062365371,
    1.678101466825));
#9918 = CARTESIAN_POINT('',(27.923391856161,21.446807688975,
    0.692027179178));
#9919 = CARTESIAN_POINT('',(27.844032675225,21.267350654694,
    -0.400988321262));
#9920 = CARTESIAN_POINT('',(27.836077357887,21.249361083236,
    -0.510557057474));
#9921 = CARTESIAN_POINT('',(27.828122040548,21.231371511777,
    -0.620125793687));
#9922 = CARTESIAN_POINT('',(27.82016672321,21.213381940318,-0.7296945299
    ));
#9923 = CARTESIAN_POINT('',(27.812211405871,21.19539236886,
    -0.839263266112));
#9924 = CARTESIAN_POINT('',(27.804256088532,21.177402797401,
    -0.948832002325));
#9925 = CARTESIAN_POINT('',(27.796300771194,21.159413225942,
    -1.058400738537));
#9926 = CARTESIAN_POINT('',(27.788345453855,21.141423654484,
    -1.16796947475));
#9927 = CARTESIAN_POINT('',(27.780390136517,21.123434083025,
    -1.277538210962));
#9928 = CARTESIAN_POINT('',(27.772434819178,21.105444511566,
    -1.387106947175));
#9929 = CARTESIAN_POINT('',(27.76447950184,21.087454940108,
    -1.496675683388));
#9930 = ADVANCED_FACE('',(#9931),#10025,.T.);
#9931 = FACE_BOUND('',#9932,.T.);
#9932 = EDGE_LOOP('',(#9933,#9941,#9948,#9949,#9950,#10009,#10018,#10024
    ));
#9933 = ORIENTED_EDGE('',*,*,#9934,.F.);
#9934 = EDGE_CURVE('',#9935,#8576,#9937,.T.);
#9935 = VERTEX_POINT('',#9936);
#9936 = CARTESIAN_POINT('',(27.650358596171,17.354093836654,22.));
#9937 = LINE('',#9938,#9939);
#9938 = CARTESIAN_POINT('',(27.650358596171,17.354093836654,22.));
#9939 = VECTOR('',#9940,1.);
#9940 = DIRECTION('',(0.,-4.4E-16,1.));
#9941 = ORIENTED_EDGE('',*,*,#9942,.T.);
#9942 = EDGE_CURVE('',#9935,#9709,#9943,.T.);
#9943 = CIRCLE('',#9944,4.448558813737);
#9944 = AXIS2_PLACEMENT_3D('',#9945,#9946,#9947);
#9945 = CARTESIAN_POINT('',(31.425,15.,22.));
#9946 = DIRECTION('',(0.,0.,-1.));
#9947 = DIRECTION('',(1.,0.,0.));
#9948 = ORIENTED_EDGE('',*,*,#9759,.T.);
#9949 = ORIENTED_EDGE('',*,*,#7544,.F.);
#9950 = ORIENTED_EDGE('',*,*,#9951,.F.);
#9951 = EDGE_CURVE('',#9952,#7518,#9954,.T.);
#9952 = VERTEX_POINT('',#9953);
#9953 = CARTESIAN_POINT('',(32.386465083765,10.656584246013,22.));
#9954 = B_SPLINE_CURVE_WITH_KNOTS('',14,(#9955,#9956,#9957,#9958,#9959,
    #9960,#9961,#9962,#9963,#9964,#9965,#9966,#9967,#9968,#9969,#9970,
    #9971,#9972,#9973,#9974,#9975,#9976,#9977,#9978,#9979,#9980,#9981,
    #9982,#9983,#9984,#9985,#9986,#9987,#9988,#9989,#9990,#9991,#9992,
    #9993,#9994,#9995,#9996,#9997,#9998,#9999,#10000,#10001,#10002,
    #10003,#10004,#10005,#10006,#10007,#10008),.UNSPECIFIED.,.F.,.F.,(15
    ,13,13,13,15),(0.904124296089,1.66745239147,12.346104590753,
    22.852638764621,24.05015178508),.UNSPECIFIED.);
#9955 = CARTESIAN_POINT('',(32.439701453055,10.668368729277,
    23.201578250529));
#9956 = CARTESIAN_POINT('',(32.43528414858,10.667390908074,
    23.101876917555));
#9957 = CARTESIAN_POINT('',(32.430961414362,10.666434021086,
    23.004310094593));
#9958 = CARTESIAN_POINT('',(32.426733250401,10.665498068313,
    22.908877781644));
#9959 = CARTESIAN_POINT('',(32.422599656696,10.664583049756,
    22.815579978707));
#9960 = CARTESIAN_POINT('',(32.418560633248,10.663688965413,
    22.724416685781));
#9961 = CARTESIAN_POINT('',(32.414616180057,10.662815815286,
    22.635387902868));
#9962 = CARTESIAN_POINT('',(32.410766297122,10.661963599374,
    22.548493629967));
#9963 = CARTESIAN_POINT('',(32.407010984444,10.661132317677,
    22.463733867078));
#9964 = CARTESIAN_POINT('',(32.403350242022,10.660321970195,
    22.381108614202));
#9965 = CARTESIAN_POINT('',(32.399784069858,10.659532556929,
    22.300617871337));
#9966 = CARTESIAN_POINT('',(32.396312467949,10.658764077877,
    22.222261638485));
#9967 = CARTESIAN_POINT('',(32.392935436298,10.658016533041,
    22.146039915644));
#9968 = CARTESIAN_POINT('',(32.389652974903,10.65728992242,
    22.071952702816));
#9969 = CARTESIAN_POINT('',(32.34186777244,10.646712117696,
    20.993410706588));
#9970 = CARTESIAN_POINT('',(32.302942361346,10.638612178725,
    20.094259652544));
#9971 = CARTESIAN_POINT('',(32.263605656635,10.630727583636,
    19.217744323625));
#9972 = CARTESIAN_POINT('',(32.227025656605,10.6238652188,
    18.393863425835));
#9973 = CARTESIAN_POINT('',(32.187145606024,10.616553366636,
    17.559288826698));
#9974 = CARTESIAN_POINT('',(32.151750046636,10.610686433866,
    16.746536471728));
#9975 = CARTESIAN_POINT('',(32.111768164722,10.604052039611,
    15.964883785676));
#9976 = CARTESIAN_POINT('',(32.075417932832,10.598695421661,
    15.14341100687));
#9977 = CARTESIAN_POINT('',(32.036609030396,10.593070765002,
    14.379446510986));
#9978 = CARTESIAN_POINT('',(31.9987988432,10.588096457865,
    13.583005413735));
#9979 = CARTESIAN_POINT('',(31.960393633124,10.583342609564,
    12.809307133128));
#9980 = CARTESIAN_POINT('',(31.921907921517,10.578965076785,
    12.032286352502));
#9981 = CARTESIAN_POINT('',(31.883187702279,10.574927059347,
    11.25946118252));
#9982 = CARTESIAN_POINT('',(31.805908319734,10.567611659866,
    9.730611487038));
#9983 = CARTESIAN_POINT('',(31.767351377233,10.564322310355,
    8.974458644383));
#9984 = CARTESIAN_POINT('',(31.728560220383,10.561376691565,
    8.220948659849));
#9985 = CARTESIAN_POINT('',(31.689497249554,10.558778625164,
    7.468437278572));
#9986 = CARTESIAN_POINT('',(31.650140592674,10.556534185223,
    6.716676455097));
#9987 = CARTESIAN_POINT('',(31.610481057676,10.55465118876,
    5.966326470075));
#9988 = CARTESIAN_POINT('',(31.570507039256,10.553138078239,
    5.217751408875));
#9989 = CARTESIAN_POINT('',(31.530196605191,10.552003616399,
    4.470566044191));
#9990 = CARTESIAN_POINT('',(31.489520428417,10.55125748896,
    3.724067145804));
#9991 = CARTESIAN_POINT('',(31.44844978235,10.550911124983,
    2.977937237331));
#9992 = CARTESIAN_POINT('',(31.406960979058,10.550977980235,2.2324538589
    ));
#9993 = CARTESIAN_POINT('',(31.36503085568,10.551472986999,
    1.487872444633));
#9994 = CARTESIAN_POINT('',(31.322627724967,10.552412043317,
    0.743676016016));
#9995 = CARTESIAN_POINT('',(31.27482742643,10.553973947183,
    -8.476265316851E-02));
#9996 = CARTESIAN_POINT('',(31.269927719569,10.554134048088,
    -0.169680671577));
#9997 = CARTESIAN_POINT('',(31.265019048249,10.554294441913,
    -0.254754055226));
#9998 = CARTESIAN_POINT('',(31.26010141247,10.554455128657,
    -0.339982804115));
#9999 = CARTESIAN_POINT('',(31.25517481223,10.55461610832,
    -0.425366918245));
#10000 = CARTESIAN_POINT('',(31.250239247532,10.554777380903,
    -0.510906397614));
#10001 = CARTESIAN_POINT('',(31.245294718374,10.554938946404,
    -0.596601242224));
#10002 = CARTESIAN_POINT('',(31.240341224756,10.555100804825,
    -0.682451452074));
#10003 = CARTESIAN_POINT('',(31.235378766679,10.555262956165,
    -0.768457027164));
#10004 = CARTESIAN_POINT('',(31.230407344143,10.555425400424,
    -0.854617967494));
#10005 = CARTESIAN_POINT('',(31.225426957147,10.555588137602,
    -0.940934273065));
#10006 = CARTESIAN_POINT('',(31.220437605692,10.555751167699,
    -1.027405943875));
#10007 = CARTESIAN_POINT('',(31.215439289777,10.555914490716,
    -1.114032979926));
#10008 = CARTESIAN_POINT('',(31.210432009403,10.556078106651,
    -1.200815381217));
#10009 = ORIENTED_EDGE('',*,*,#10010,.T.);
#10010 = EDGE_CURVE('',#9952,#10011,#10013,.T.);
#10011 = VERTEX_POINT('',#10012);
#10012 = CARTESIAN_POINT('',(31.5,10.552073458422,22.));
#10013 = CIRCLE('',#10014,4.448558813737);
#10014 = AXIS2_PLACEMENT_3D('',#10015,#10016,#10017);
#10015 = CARTESIAN_POINT('',(31.425,15.,22.));
#10016 = DIRECTION('',(0.,0.,-1.));
#10017 = DIRECTION('',(1.,0.,0.));
#10018 = ORIENTED_EDGE('',*,*,#10019,.T.);
#10019 = EDGE_CURVE('',#10011,#8585,#10020,.T.);
#10020 = LINE('',#10021,#10022);
#10021 = CARTESIAN_POINT('',(31.5,10.552073458422,22.));
#10022 = VECTOR('',#10023,1.);
#10023 = DIRECTION('',(0.,-4.4E-16,1.));
#10024 = ORIENTED_EDGE('',*,*,#8584,.F.);
#10025 = CYLINDRICAL_SURFACE('',#10026,4.448558813737);
#10026 = AXIS2_PLACEMENT_3D('',#10027,#10028,#10029);
#10027 = CARTESIAN_POINT('',(31.425,15.,0.));
#10028 = DIRECTION('',(0.,0.,-1.));
#10029 = DIRECTION('',(1.,0.,0.));
#10030 = ADVANCED_FACE('',(#10031),#10141,.F.);
#10031 = FACE_BOUND('',#10032,.F.);
#10032 = EDGE_LOOP('',(#10033,#10082,#10139,#10140));
#10033 = ORIENTED_EDGE('',*,*,#10034,.T.);
#10034 = EDGE_CURVE('',#9952,#10035,#10037,.T.);
#10035 = VERTEX_POINT('',#10036);
#10036 = CARTESIAN_POINT('',(36.1,7.865424746004,22.));
#10037 = B_SPLINE_CURVE_WITH_KNOTS('',7,(#10038,#10039,#10040,#10041,
    #10042,#10043,#10044,#10045,#10046,#10047,#10048,#10049,#10050,
    #10051,#10052,#10053,#10054,#10055,#10056,#10057,#10058,#10059,
    #10060,#10061,#10062,#10063,#10064,#10065,#10066,#10067,#10068,
    #10069,#10070,#10071,#10072,#10073,#10074,#10075,#10076,#10077,
    #10078,#10079,#10080,#10081),.UNSPECIFIED.,.F.,.F.,(8,6,6,6,6,6,6,8)
  ,(0.,0.259550470797,0.521410029325,0.551538810348,0.581657603879,
    0.641852767744,0.76100244162,1.),.UNSPECIFIED.);
#10038 = CARTESIAN_POINT('',(32.386465083765,10.656584246013,22.));
#10039 = CARTESIAN_POINT('',(32.557333769652,10.69440799688,22.));
#10040 = CARTESIAN_POINT('',(32.736692041996,10.722539765771,22.));
#10041 = CARTESIAN_POINT('',(32.923802402974,10.739470092149,22.));
#10042 = CARTESIAN_POINT('',(33.117486294925,10.743666108194,22.));
#10043 = CARTESIAN_POINT('',(33.31603929869,10.733728788122,22.));
#10044 = CARTESIAN_POINT('',(33.517287120296,10.708571596292,22.));
#10045 = CARTESIAN_POINT('',(33.922070211775,10.626305151221,22.));
#10046 = CARTESIAN_POINT('',(34.125621059328,10.568910534187,22.));
#10047 = CARTESIAN_POINT('',(34.326909362372,10.494842864446,22.));
#10048 = CARTESIAN_POINT('',(34.523148965793,10.404022650606,22.));
#10049 = CARTESIAN_POINT('',(34.711503037431,10.297044601774,22.));
#10050 = CARTESIAN_POINT('',(34.889428001155,10.175210273661,22.));
#10051 = CARTESIAN_POINT('',(35.073921055036,10.024800019564,22.));
#10052 = CARTESIAN_POINT('',(35.092792943035,10.009107041286,22.));
#10053 = CARTESIAN_POINT('',(35.111496839019,9.993243941953,22.));
#10054 = CARTESIAN_POINT('',(35.13002957381,9.977213419537,22.));
#10055 = CARTESIAN_POINT('',(35.148388297022,9.961018399765,22.));
#10056 = CARTESIAN_POINT('',(35.1665703993,9.944661978452,22.));
#10057 = CARTESIAN_POINT('',(35.202569344425,9.911637461739,22.));
#10058 = CARTESIAN_POINT('',(35.220386224221,9.894969413687,22.));
#10059 = CARTESIAN_POINT('',(35.23802079138,9.878145868844,22.));
#10060 = CARTESIAN_POINT('',(35.255470448884,9.8611699219,22.));
#10061 = CARTESIAN_POINT('',(35.272732706422,9.844044732024,22.));
#10062 = CARTESIAN_POINT('',(35.289805180382,9.82677352287,22.));
#10063 = CARTESIAN_POINT('',(35.340422644252,9.774556230006,22.));
#10064 = CARTESIAN_POINT('',(35.373392561084,9.73918266119,22.));
#10065 = CARTESIAN_POINT('',(35.405577139718,9.703265279884,22.));
#10066 = CARTESIAN_POINT('',(35.436960010427,9.666831149225,22.));
#10067 = CARTESIAN_POINT('',(35.467526638388,9.629907991721,22.));
#10068 = CARTESIAN_POINT('',(35.497264323684,9.592524189258,22.));
#10069 = CARTESIAN_POINT('',(35.583362356143,9.479857366078,22.));
#10070 = CARTESIAN_POINT('',(35.637272413673,9.403314429851,22.));
#10071 = CARTESIAN_POINT('',(35.687807786552,9.325303995568,22.));
#10072 = CARTESIAN_POINT('',(35.734913744595,9.246055627611,22.));
#10073 = CARTESIAN_POINT('',(35.778563708332,9.165799897538,22.));
#10074 = CARTESIAN_POINT('',(35.818757542578,9.084763848044,22.));
#10075 = CARTESIAN_POINT('',(35.92925988996,8.839493518371,22.));
#10076 = CARTESIAN_POINT('',(35.989193604206,8.673561493273,22.));
#10077 = CARTESIAN_POINT('',(36.035514077619,8.507140061158,22.));
#10078 = CARTESIAN_POINT('',(36.068814760392,8.341865927155,22.));
#10079 = CARTESIAN_POINT('',(36.089966186354,8.179129900827,22.));
#10080 = CARTESIAN_POINT('',(36.099999951692,8.020035078738,22.));
#10081 = CARTESIAN_POINT('',(36.099999954055,7.865426130775,22.));
#10082 = ORIENTED_EDGE('',*,*,#10083,.T.);
#10083 = EDGE_CURVE('',#10035,#7504,#10084,.T.);
#10084 = B_SPLINE_CURVE_WITH_KNOTS('',14,(#10085,#10086,#10087,#10088,
    #10089,#10090,#10091,#10092,#10093,#10094,#10095,#10096,#10097,
    #10098,#10099,#10100,#10101,#10102,#10103,#10104,#10105,#10106,
    #10107,#10108,#10109,#10110,#10111,#10112,#10113,#10114,#10115,
    #10116,#10117,#10118,#10119,#10120,#10121,#10122,#10123,#10124,
    #10125,#10126,#10127,#10128,#10129,#10130,#10131,#10132,#10133,
    #10134,#10135,#10136,#10137,#10138),.UNSPECIFIED.,.F.,.F.,(15,13,13,
    13,15),(0.904124296089,1.66745239147,12.346104590753,22.852638764621
    ,24.05015178508),.UNSPECIFIED.);
#10085 = CARTESIAN_POINT('',(36.254026474344,7.951555752277,
    23.883705012912));
#10086 = CARTESIAN_POINT('',(36.247027373067,7.947431811934,
    23.798174603177));
#10087 = CARTESIAN_POINT('',(36.24002827179,7.943307871592,
    23.712644193442));
#10088 = CARTESIAN_POINT('',(36.233029170514,7.93918393125,
    23.627113783707));
#10089 = CARTESIAN_POINT('',(36.226030069238,7.935059990908,
    23.541583373973));
#10090 = CARTESIAN_POINT('',(36.219030967963,7.930936050565,
    23.456052964238));
#10091 = CARTESIAN_POINT('',(36.212031866687,7.926812110223,
    23.370522554504));
#10092 = CARTESIAN_POINT('',(36.205032765412,7.922688169881,
    23.28499214477));
#10093 = CARTESIAN_POINT('',(36.198033664137,7.918564229539,
    23.199461735036));
#10094 = CARTESIAN_POINT('',(36.191034562863,7.914440289198,
    23.113931325302));
#10095 = CARTESIAN_POINT('',(36.184035461589,7.910316348856,
    23.028400915569));
#10096 = CARTESIAN_POINT('',(36.177036360315,7.906192408514,
    22.942870505835));
#10097 = CARTESIAN_POINT('',(36.170037259041,7.902068468172,
    22.857340096102));
#10098 = CARTESIAN_POINT('',(36.163038157768,7.897944527831,
    22.771809686369));
#10099 = CARTESIAN_POINT('',(36.058124452466,7.836128325323,
    21.489743339435));
#10100 = CARTESIAN_POINT('',(35.975859444553,7.820245141906,
    20.472321003918));
#10101 = CARTESIAN_POINT('',(35.896384154173,7.807864097966,
    19.499062473754));
#10102 = CARTESIAN_POINT('',(35.823568513005,7.812810829603,
    18.60540966915));
#10103 = CARTESIAN_POINT('',(35.751825684842,7.812782476499,
    17.742569313107));
#10104 = CARTESIAN_POINT('',(35.675331031399,7.816222624838,
    16.809786913178));
#10105 = CARTESIAN_POINT('',(35.61466280432,7.834674260476,
    16.100002645877));
#10106 = CARTESIAN_POINT('',(35.534231438464,7.832601157658,
    15.132133915363));
#10107 = CARTESIAN_POINT('',(35.472799116019,7.854740289081,
    14.421715883103));
#10108 = CARTESIAN_POINT('',(35.399103575507,7.86243856839,
    13.557774374547));
#10109 = CARTESIAN_POINT('',(35.331287182816,7.879154502196,
    12.778187875477));
#10110 = CARTESIAN_POINT('',(35.261292110018,7.894326790588,
    11.978366270057));
#10111 = CARTESIAN_POINT('',(35.191440220832,7.91116358106,
    11.188963539964));
#10112 = CARTESIAN_POINT('',(35.052020272328,7.946518610957,
    9.629900221359));
#10113 = CARTESIAN_POINT('',(34.982496338848,7.965081454275,
    8.860576607443));
#10114 = CARTESIAN_POINT('',(34.912561236037,7.984566082606,
    8.094946911126));
#10115 = CARTESIAN_POINT('',(34.842052657491,8.005065920213,
    7.331727914846));
#10116 = CARTESIAN_POINT('',(34.770903613898,8.026580355585,
    6.570572883944));
#10117 = CARTESIAN_POINT('',(34.6991036429,8.049047761869,5.811676166027
    ));
#10118 = CARTESIAN_POINT('',(34.626618232223,8.072437536003,
    5.055024100915));
#10119 = CARTESIAN_POINT('',(34.553361239037,8.096784445477,
    4.300160015331));
#10120 = CARTESIAN_POINT('',(34.479226292906,8.12215403736,
    3.546498453446));
#10121 = CARTESIAN_POINT('',(34.404134109533,8.148586778252,
    2.793771313521));
#10122 = CARTESIAN_POINT('',(34.328043893646,8.176081086165,
    2.042116238761));
#10123 = CARTESIAN_POINT('',(34.250907942872,8.20464134383,
    1.291625428557));
#10124 = CARTESIAN_POINT('',(34.172619778793,8.234336482953,
    0.541861011758));
#10125 = CARTESIAN_POINT('',(34.084055583047,8.26870404474,
    -0.292452501481));
#10126 = CARTESIAN_POINT('',(34.074994035722,8.272220401265,
    -0.377816246061));
#10127 = CARTESIAN_POINT('',(34.065932488396,8.27573675779,
    -0.463179990641));
#10128 = CARTESIAN_POINT('',(34.056870941071,8.279253114315,
    -0.548543735221));
#10129 = CARTESIAN_POINT('',(34.047809393745,8.28276947084,
    -0.633907479801));
#10130 = CARTESIAN_POINT('',(34.03874784642,8.286285827365,
    -0.719271224381));
#10131 = CARTESIAN_POINT('',(34.029686299094,8.28980218389,
    -0.804634968961));
#10132 = CARTESIAN_POINT('',(34.020624751769,8.293318540415,
    -0.889998713541));
#10133 = CARTESIAN_POINT('',(34.011563204443,8.29683489694,
    -0.975362458121));
#10134 = CARTESIAN_POINT('',(34.002501657118,8.300351253465,
    -1.060726202701));
#10135 = CARTESIAN_POINT('',(33.993440109792,8.30386760999,
    -1.146089947281));
#10136 = CARTESIAN_POINT('',(33.984378562466,8.307383966515,
    -1.231453691861));
#10137 = CARTESIAN_POINT('',(33.975317015141,8.31090032304,
    -1.316817436441));
#10138 = CARTESIAN_POINT('',(33.966255467815,8.314416679566,
    -1.402181181021));
#10139 = ORIENTED_EDGE('',*,*,#7517,.F.);
#10140 = ORIENTED_EDGE('',*,*,#9951,.F.);
#10141 = ( BOUNDED_SURFACE() B_SPLINE_SURFACE(2,14,(
    (#10142,#10143,#10144,#10145,#10146,#10147,#10148,#10149,#10150
      ,#10151,#10152,#10153,#10154,#10155,#10156,#10157,#10158,#10159
      ,#10160,#10161,#10162,#10163,#10164,#10165,#10166,#10167,#10168
      ,#10169,#10170,#10171,#10172,#10173,#10174,#10175,#10176,#10177
      ,#10178,#10179,#10180,#10181,#10182,#10183,#10184,#10185,#10186
      ,#10187,#10188,#10189,#10190,#10191,#10192,#10193,#10194,#10195)
    ,(#10196,#10197,#10198,#10199,#10200,#10201,#10202,#10203,#10204
      ,#10205,#10206,#10207,#10208,#10209,#10210,#10211,#10212,#10213
      ,#10214,#10215,#10216,#10217,#10218,#10219,#10220,#10221,#10222
      ,#10223,#10224,#10225,#10226,#10227,#10228,#10229,#10230,#10231
      ,#10232,#10233,#10234,#10235,#10236,#10237,#10238,#10239,#10240
      ,#10241,#10242,#10243,#10244,#10245,#10246,#10247,#10248,#10249)
    ,(#10250,#10251,#10252,#10253,#10254,#10255,#10256,#10257,#10258
      ,#10259,#10260,#10261,#10262,#10263,#10264,#10265,#10266,#10267
      ,#10268,#10269,#10270,#10271,#10272,#10273,#10274,#10275,#10276
      ,#10277,#10278,#10279,#10280,#10281,#10282,#10283,#10284,#10285
      ,#10286,#10287,#10288,#10289,#10290,#10291,#10292,#10293,#10294
      ,#10295,#10296,#10297,#10298,#10299,#10300,#10301,#10302,#10303
)),.UNSPECIFIED.,.F.,.F.,.F.) B_SPLINE_SURFACE_WITH_KNOTS((3,3),(15,13,
    13,13,15),(0.,21.185186373151),(0.904124296089,1.66745239147,
    12.346104590753,22.852638764621,24.05015178508),.UNSPECIFIED.) 
GEOMETRIC_REPRESENTATION_ITEM() RATIONAL_B_SPLINE_SURFACE((
    (1.,1.,1.,1.,1.,1.,1.,1.,1.,1.,1.,1.,1.,1.,1.,1.,1.,1.,1.,1.,1.,1.
      ,1.,1.,1.,1.,1.,1.,1.,1.,1.,1.,1.,1.,1.,1.,1.,1.,1.,1.,1.,1.,1.,1.
      ,1.,1.,1.,1.,1.,1.,1.,1.,1.,1.)
    ,(0.61658715221,0.615945588312,0.615402726553,0.614958566931
      ,0.614613109448,0.614366354103,0.614218300896,0.614168949827
      ,0.614218300896,0.614366354103,0.614613109448,0.614958566931
      ,0.615402726553,0.615945588312,0.62556237239,0.633472401888
      ,0.641022122566,0.648080134872,0.654871513641,0.662038576482
      ,0.667908481568,0.675179215416,0.681006322784,0.687652407544
      ,0.693820388286,0.70008406119,0.706279458359,0.718513764134
      ,0.724553597287,0.73055757596,0.736551241114,0.742538036396
      ,0.74850763064,0.754454856937,0.760386378322,0.766313394737
      ,0.772240415221,0.778162348511,0.784074898037,0.789986499026
      ,0.796567094673,0.797136811069,0.797602942666,0.797965489463
      ,0.798224451462,0.798379828661,0.79843162106,0.798379828661
      ,0.798224451462,0.797965489463,0.797602942666,0.797136811069
      ,0.796567094673,0.795893793477)
    ,(1.,1.,1.,1.,1.,1.,1.,1.,1.,1.,1.,1.,1.,1.,1.,1.,1.,1.,1.,1.,1.,1.
      ,1.,1.,1.,1.,1.,1.,1.,1.,1.,1.,1.,1.,1.,1.,1.,1.,1.,1.,1.,1.,1.,1.
,1.,1.,1.,1.,1.,1.,1.,1.,1.,1.))) REPRESENTATION_ITEM('') SURFACE() );
#10142 = CARTESIAN_POINT('',(32.439701453055,10.668368729277,
    23.201578250529));
#10143 = CARTESIAN_POINT('',(32.43528414858,10.667390908074,
    23.101876917555));
#10144 = CARTESIAN_POINT('',(32.430961414362,10.666434021086,
    23.004310094593));
#10145 = CARTESIAN_POINT('',(32.426733250401,10.665498068313,
    22.908877781644));
#10146 = CARTESIAN_POINT('',(32.422599656696,10.664583049756,
    22.815579978707));
#10147 = CARTESIAN_POINT('',(32.418560633248,10.663688965413,
    22.724416685781));
#10148 = CARTESIAN_POINT('',(32.414616180057,10.662815815286,
    22.635387902868));
#10149 = CARTESIAN_POINT('',(32.410766297122,10.661963599374,
    22.548493629967));
#10150 = CARTESIAN_POINT('',(32.407010984444,10.661132317677,
    22.463733867078));
#10151 = CARTESIAN_POINT('',(32.403350242022,10.660321970195,
    22.381108614202));
#10152 = CARTESIAN_POINT('',(32.399784069858,10.659532556929,
    22.300617871337));
#10153 = CARTESIAN_POINT('',(32.396312467949,10.658764077877,
    22.222261638485));
#10154 = CARTESIAN_POINT('',(32.392935436298,10.658016533041,
    22.146039915644));
#10155 = CARTESIAN_POINT('',(32.389652974903,10.65728992242,
    22.071952702816));
#10156 = CARTESIAN_POINT('',(32.34186777244,10.646712117696,
    20.993410706588));
#10157 = CARTESIAN_POINT('',(32.302942361346,10.638612178725,
    20.094259652544));
#10158 = CARTESIAN_POINT('',(32.263605656635,10.630727583636,
    19.217744323625));
#10159 = CARTESIAN_POINT('',(32.227025656605,10.6238652188,
    18.393863425835));
#10160 = CARTESIAN_POINT('',(32.187145606024,10.616553366636,
    17.559288826698));
#10161 = CARTESIAN_POINT('',(32.151750046636,10.610686433866,
    16.746536471728));
#10162 = CARTESIAN_POINT('',(32.111768164722,10.604052039611,
    15.964883785676));
#10163 = CARTESIAN_POINT('',(32.075417932832,10.598695421661,
    15.14341100687));
#10164 = CARTESIAN_POINT('',(32.036609030396,10.593070765002,
    14.379446510986));
#10165 = CARTESIAN_POINT('',(31.9987988432,10.588096457865,
    13.583005413735));
#10166 = CARTESIAN_POINT('',(31.960393633124,10.583342609564,
    12.809307133128));
#10167 = CARTESIAN_POINT('',(31.921907921517,10.578965076785,
    12.032286352502));
#10168 = CARTESIAN_POINT('',(31.883187702279,10.574927059347,
    11.25946118252));
#10169 = CARTESIAN_POINT('',(31.805908319734,10.567611659866,
    9.730611487038));
#10170 = CARTESIAN_POINT('',(31.767351377233,10.564322310355,
    8.974458644383));
#10171 = CARTESIAN_POINT('',(31.728560220383,10.561376691565,
    8.220948659849));
#10172 = CARTESIAN_POINT('',(31.689497249554,10.558778625164,
    7.468437278572));
#10173 = CARTESIAN_POINT('',(31.650140592674,10.556534185223,
    6.716676455097));
#10174 = CARTESIAN_POINT('',(31.610481057676,10.55465118876,
    5.966326470075));
#10175 = CARTESIAN_POINT('',(31.570507039256,10.553138078239,
    5.217751408875));
#10176 = CARTESIAN_POINT('',(31.530196605191,10.552003616399,
    4.470566044191));
#10177 = CARTESIAN_POINT('',(31.489520428417,10.55125748896,
    3.724067145804));
#10178 = CARTESIAN_POINT('',(31.44844978235,10.550911124983,
    2.977937237331));
#10179 = CARTESIAN_POINT('',(31.406960979058,10.550977980235,
    2.2324538589));
#10180 = CARTESIAN_POINT('',(31.36503085568,10.551472986999,
    1.487872444633));
#10181 = CARTESIAN_POINT('',(31.322627724967,10.552412043317,
    0.743676016016));
#10182 = CARTESIAN_POINT('',(31.27482742643,10.553973947183,
    -8.476265316851E-02));
#10183 = CARTESIAN_POINT('',(31.269927719569,10.554134048088,
    -0.169680671577));
#10184 = CARTESIAN_POINT('',(31.265019048249,10.554294441913,
    -0.254754055226));
#10185 = CARTESIAN_POINT('',(31.26010141247,10.554455128657,
    -0.339982804115));
#10186 = CARTESIAN_POINT('',(31.25517481223,10.55461610832,
    -0.425366918245));
#10187 = CARTESIAN_POINT('',(31.250239247532,10.554777380903,
    -0.510906397614));
#10188 = CARTESIAN_POINT('',(31.245294718374,10.554938946404,
    -0.596601242224));
#10189 = CARTESIAN_POINT('',(31.240341224756,10.555100804825,
    -0.682451452074));
#10190 = CARTESIAN_POINT('',(31.235378766679,10.555262956165,
    -0.768457027164));
#10191 = CARTESIAN_POINT('',(31.230407344143,10.555425400424,
    -0.854617967494));
#10192 = CARTESIAN_POINT('',(31.225426957147,10.555588137602,
    -0.940934273065));
#10193 = CARTESIAN_POINT('',(31.220437605692,10.555751167699,
    -1.027405943875));
#10194 = CARTESIAN_POINT('',(31.215439289777,10.555914490716,
    -1.114032979926));
#10195 = CARTESIAN_POINT('',(31.210432009403,10.556078106651,
    -1.200815381217));
#10196 = CARTESIAN_POINT('',(36.212871308986,11.552582072692,
    22.511248299655));
#10197 = CARTESIAN_POINT('',(36.200617754068,11.545753113425,
    22.411133929161));
#10198 = CARTESIAN_POINT('',(36.188624180628,11.539069042962,
    22.313143667323));
#10199 = CARTESIAN_POINT('',(36.176897052153,11.532533463433,
    22.217330322314));
#10200 = CARTESIAN_POINT('',(36.165442596155,11.526149845456,
    22.12374477434));
#10201 = CARTESIAN_POINT('',(36.154266793312,11.519921522092,
    22.03243588693));
#10202 = CARTESIAN_POINT('',(36.143375367167,11.513851683093,
    21.943450422744));
#10203 = CARTESIAN_POINT('',(36.132773774409,11.507943369498,
    21.856832964202));
#10204 = CARTESIAN_POINT('',(36.122467195789,11.50219946856,
    21.772625839212));
#10205 = CARTESIAN_POINT('',(36.112460527676,11.496622709048,
    21.690869052262));
#10206 = CARTESIAN_POINT('',(36.102758374319,11.491215656929,
    21.611600221113));
#10207 = CARTESIAN_POINT('',(36.0933650408,11.485980711444,
    21.534854519287));
#10208 = CARTESIAN_POINT('',(36.084284526736,11.480920101597,
    21.460664624563));
#10209 = CARTESIAN_POINT('',(36.075520520718,11.476035883057,
    21.389060673604));
#10210 = CARTESIAN_POINT('',(35.95076250345,11.406507699282,
    20.369758891693));
#10211 = CARTESIAN_POINT('',(35.847990311001,11.351800071472,
    19.510197617237));
#10212 = CARTESIAN_POINT('',(35.748450685894,11.298990965406,
    18.670025146602));
#10213 = CARTESIAN_POINT('',(35.654991954647,11.251495910351,
    17.872121316071));
#10214 = CARTESIAN_POINT('',(35.562281590232,11.202585900456,
    17.069489034949));
#10215 = CARTESIAN_POINT('',(35.467934952099,11.159008704129,
    16.271173805266));
#10216 = CARTESIAN_POINT('',(35.383724320794,11.11441008368,
    15.516375055491));
#10217 = CARTESIAN_POINT('',(35.287700219685,11.072581848352,
    14.707019118325));
#10218 = CARTESIAN_POINT('',(35.203956764162,11.031922768863,
    13.959362082632));
#10219 = CARTESIAN_POINT('',(35.112931826529,10.992418174352,
    13.175073106216));
#10220 = CARTESIAN_POINT('',(35.02582989553,10.95437909506,
    12.41164554913));
#10221 = CARTESIAN_POINT('',(34.937664356219,10.917506153275,
    11.643278987649));
#10222 = CARTESIAN_POINT('',(34.849813726381,10.881871752733,
    10.877287736262));
#10223 = CARTESIAN_POINT('',(34.676896644752,10.81412414035,
    9.371636327568));
#10224 = CARTESIAN_POINT('',(34.591811870425,10.781917425453,
    8.631694743957));
#10225 = CARTESIAN_POINT('',(34.506617559921,10.75080916848,
    7.891965916527));
#10226 = CARTESIAN_POINT('',(34.421211077336,10.720772946134,
    7.152146350295));
#10227 = CARTESIAN_POINT('',(34.335541405181,10.691801230532,
    6.412140275556));
#10228 = CARTESIAN_POINT('',(34.249581026303,10.663898408505,
    5.671924156224));
#10229 = CARTESIAN_POINT('',(34.163289255748,10.637068996913,
    4.931434397586));
#10230 = CARTESIAN_POINT('',(34.076606065458,10.611314283843,
    4.190577978717));
#10231 = CARTESIAN_POINT('',(33.989467566183,10.586635787981,
    3.449284121119));
#10232 = CARTESIAN_POINT('',(33.901820710655,10.563039789695,
    2.707516558034));
#10233 = CARTESIAN_POINT('',(33.813622534051,10.540538866189,
    1.96524632773));
#10234 = CARTESIAN_POINT('',(33.724826403666,10.519150093184,
    1.222448922847));
#10235 = CARTESIAN_POINT('',(33.635373032115,10.498892624096,
    0.479149161089));
#10236 = CARTESIAN_POINT('',(33.535014524233,10.477628399341,
    -0.348769546952));
#10237 = CARTESIAN_POINT('',(33.524816315669,10.475467576073,
    -0.432900806344));
#10238 = CARTESIAN_POINT('',(33.514608020753,10.473304615682,
    -0.517115274225));
#10239 = CARTESIAN_POINT('',(33.504385681709,10.471138679584,
    -0.601445600702));
#10240 = CARTESIAN_POINT('',(33.494145338045,10.46896892862,
    -0.685924458299));
#10241 = CARTESIAN_POINT('',(33.483883021419,10.466794521967,
    -0.770584584296));
#10242 = CARTESIAN_POINT('',(33.473594750505,10.46461461605,
    -0.855458823098));
#10243 = CARTESIAN_POINT('',(33.463276525835,10.462428363454,
    -0.940580168745));
#10244 = CARTESIAN_POINT('',(33.452924324622,10.460234911818,
    -1.025981807674));
#10245 = CARTESIAN_POINT('',(33.442534095526,10.458033402734,
    -1.111697161869));
#10246 = CARTESIAN_POINT('',(33.432101753365,10.455822970623,
    -1.197759932489));
#10247 = CARTESIAN_POINT('',(33.421623173753,10.453602741599,
    -1.284204144119));
#10248 = CARTESIAN_POINT('',(33.411094187647,10.451371832315,
    -1.371064189748));
#10249 = CARTESIAN_POINT('',(33.400510575789,10.449129348782,
    -1.458374876613));
#10250 = CARTESIAN_POINT('',(36.254026474344,7.951555752277,
    23.883705012912));
#10251 = CARTESIAN_POINT('',(36.247027373067,7.947431811934,
    23.798174603177));
#10252 = CARTESIAN_POINT('',(36.24002827179,7.943307871592,
    23.712644193442));
#10253 = CARTESIAN_POINT('',(36.233029170514,7.93918393125,
    23.627113783707));
#10254 = CARTESIAN_POINT('',(36.226030069238,7.935059990908,
    23.541583373973));
#10255 = CARTESIAN_POINT('',(36.219030967963,7.930936050565,
    23.456052964238));
#10256 = CARTESIAN_POINT('',(36.212031866687,7.926812110223,
    23.370522554504));
#10257 = CARTESIAN_POINT('',(36.205032765412,7.922688169881,
    23.28499214477));
#10258 = CARTESIAN_POINT('',(36.198033664137,7.918564229539,
    23.199461735036));
#10259 = CARTESIAN_POINT('',(36.191034562863,7.914440289198,
    23.113931325302));
#10260 = CARTESIAN_POINT('',(36.184035461589,7.910316348856,
    23.028400915569));
#10261 = CARTESIAN_POINT('',(36.177036360315,7.906192408514,
    22.942870505835));
#10262 = CARTESIAN_POINT('',(36.170037259041,7.902068468172,
    22.857340096102));
#10263 = CARTESIAN_POINT('',(36.163038157768,7.897944527831,
    22.771809686369));
#10264 = CARTESIAN_POINT('',(36.058124452466,7.836128325323,
    21.489743339435));
#10265 = CARTESIAN_POINT('',(35.975859444553,7.820245141906,
    20.472321003918));
#10266 = CARTESIAN_POINT('',(35.896384154173,7.807864097966,
    19.499062473754));
#10267 = CARTESIAN_POINT('',(35.823568513005,7.812810829603,
    18.60540966915));
#10268 = CARTESIAN_POINT('',(35.751825684842,7.812782476499,
    17.742569313107));
#10269 = CARTESIAN_POINT('',(35.675331031399,7.816222624838,
    16.809786913178));
#10270 = CARTESIAN_POINT('',(35.61466280432,7.834674260476,
    16.100002645877));
#10271 = CARTESIAN_POINT('',(35.534231438464,7.832601157658,
    15.132133915363));
#10272 = CARTESIAN_POINT('',(35.472799116019,7.854740289081,
    14.421715883103));
#10273 = CARTESIAN_POINT('',(35.399103575507,7.86243856839,
    13.557774374547));
#10274 = CARTESIAN_POINT('',(35.331287182816,7.879154502196,
    12.778187875477));
#10275 = CARTESIAN_POINT('',(35.261292110018,7.894326790588,
    11.978366270057));
#10276 = CARTESIAN_POINT('',(35.191440220832,7.91116358106,
    11.188963539964));
#10277 = CARTESIAN_POINT('',(35.052020272328,7.946518610957,
    9.629900221359));
#10278 = CARTESIAN_POINT('',(34.982496338848,7.965081454275,
    8.860576607443));
#10279 = CARTESIAN_POINT('',(34.912561236037,7.984566082606,
    8.094946911126));
#10280 = CARTESIAN_POINT('',(34.842052657491,8.005065920213,
    7.331727914846));
#10281 = CARTESIAN_POINT('',(34.770903613898,8.026580355585,
    6.570572883944));
#10282 = CARTESIAN_POINT('',(34.6991036429,8.049047761869,5.811676166027
    ));
#10283 = CARTESIAN_POINT('',(34.626618232223,8.072437536003,
    5.055024100915));
#10284 = CARTESIAN_POINT('',(34.553361239037,8.096784445477,
    4.300160015331));
#10285 = CARTESIAN_POINT('',(34.479226292906,8.12215403736,
    3.546498453446));
#10286 = CARTESIAN_POINT('',(34.404134109533,8.148586778252,
    2.793771313521));
#10287 = CARTESIAN_POINT('',(34.328043893646,8.176081086165,
    2.042116238761));
#10288 = CARTESIAN_POINT('',(34.250907942872,8.20464134383,
    1.291625428557));
#10289 = CARTESIAN_POINT('',(34.172619778793,8.234336482953,
    0.541861011758));
#10290 = CARTESIAN_POINT('',(34.084055583047,8.26870404474,
    -0.292452501481));
#10291 = CARTESIAN_POINT('',(34.074994035722,8.272220401265,
    -0.377816246061));
#10292 = CARTESIAN_POINT('',(34.065932488396,8.27573675779,
    -0.463179990641));
#10293 = CARTESIAN_POINT('',(34.056870941071,8.279253114315,
    -0.548543735221));
#10294 = CARTESIAN_POINT('',(34.047809393745,8.28276947084,
    -0.633907479801));
#10295 = CARTESIAN_POINT('',(34.03874784642,8.286285827365,
    -0.719271224381));
#10296 = CARTESIAN_POINT('',(34.029686299094,8.28980218389,
    -0.804634968961));
#10297 = CARTESIAN_POINT('',(34.020624751769,8.293318540415,
    -0.889998713541));
#10298 = CARTESIAN_POINT('',(34.011563204443,8.29683489694,
    -0.975362458121));
#10299 = CARTESIAN_POINT('',(34.002501657118,8.300351253465,
    -1.060726202701));
#10300 = CARTESIAN_POINT('',(33.993440109792,8.30386760999,
    -1.146089947281));
#10301 = CARTESIAN_POINT('',(33.984378562466,8.307383966515,
    -1.231453691861));
#10302 = CARTESIAN_POINT('',(33.975317015141,8.31090032304,
    -1.316817436441));
#10303 = CARTESIAN_POINT('',(33.966255467815,8.314416679566,
    -1.402181181021));
#10304 = ADVANCED_FACE('',(#10305),#10328,.T.);
#10305 = FACE_BOUND('',#10306,.T.);
#10306 = EDGE_LOOP('',(#10307,#10308,#10315,#10327));
#10307 = ORIENTED_EDGE('',*,*,#7503,.F.);
#10308 = ORIENTED_EDGE('',*,*,#10309,.F.);
#10309 = EDGE_CURVE('',#10310,#7490,#10312,.T.);
#10310 = VERTEX_POINT('',#10311);
#10311 = CARTESIAN_POINT('',(36.1,-3.E-15,22.));
#10312 = B_SPLINE_CURVE_WITH_KNOTS('',1,(#10313,#10314),.UNSPECIFIED.,
  .F.,.F.,(2,2),(0.,22.),.PIECEWISE_BEZIER_KNOTS.);
#10313 = CARTESIAN_POINT('',(36.1,-3.14E-15,22.));
#10314 = CARTESIAN_POINT('',(35.100000000738,-5.47E-15,0.));
#10315 = ORIENTED_EDGE('',*,*,#10316,.T.);
#10316 = EDGE_CURVE('',#10310,#10035,#10317,.T.);
#10317 = B_SPLINE_CURVE_WITH_KNOTS('',8,(#10318,#10319,#10320,#10321,
    #10322,#10323,#10324,#10325,#10326),.UNSPECIFIED.,.F.,.F.,(9,9),(5.,
    6.),.PIECEWISE_BEZIER_KNOTS.);
#10318 = CARTESIAN_POINT('',(36.1,-3.11E-15,22.));
#10319 = CARTESIAN_POINT('',(36.1,1.5,22.));
#10320 = CARTESIAN_POINT('',(36.1,3.,22.));
#10321 = CARTESIAN_POINT('',(36.1,4.5,22.));
#10322 = CARTESIAN_POINT('',(36.1,6.,22.));
#10323 = CARTESIAN_POINT('',(36.1,7.5,22.));
#10324 = CARTESIAN_POINT('',(36.1,9.,22.));
#10325 = CARTESIAN_POINT('',(36.1,10.5,22.));
#10326 = CARTESIAN_POINT('',(36.1,12.,22.));
#10327 = ORIENTED_EDGE('',*,*,#10083,.T.);
#10328 = B_SPLINE_SURFACE_WITH_KNOTS('',8,1,(
    (#10329,#10330)
    ,(#10331,#10332)
    ,(#10333,#10334)
    ,(#10335,#10336)
    ,(#10337,#10338)
    ,(#10339,#10340)
    ,(#10341,#10342)
    ,(#10343,#10344)
    ,(#10345,#10346
    )),.UNSPECIFIED.,.F.,.F.,.F.,(9,9),(2,2),(5.,6.),(0.,22.),
  .PIECEWISE_BEZIER_KNOTS.);
#10329 = CARTESIAN_POINT('',(36.1,-3.14E-15,22.));
#10330 = CARTESIAN_POINT('',(35.100000000738,-5.47E-15,0.));
#10331 = CARTESIAN_POINT('',(36.1,1.5,22.));
#10332 = CARTESIAN_POINT('',(35.1,1.426061631388,0.));
#10333 = CARTESIAN_POINT('',(36.1,3.,22.));
#10334 = CARTESIAN_POINT('',(35.033784229904,2.852123262776,0.));
#10335 = CARTESIAN_POINT('',(36.1,4.5,22.));
#10336 = CARTESIAN_POINT('',(34.901352692662,4.274597922574,0.));
#10337 = CARTESIAN_POINT('',(36.1,6.,22.));
#10338 = CARTESIAN_POINT('',(34.702938563738,5.689898544785,0.));
#10339 = CARTESIAN_POINT('',(36.1,7.5,22.));
#10340 = CARTESIAN_POINT('',(34.43900819444,7.09445711528,0.));
#10341 = CARTESIAN_POINT('',(36.1,9.,22.));
#10342 = CARTESIAN_POINT('',(34.110259047546,8.48474351348,0.));
#10343 = CARTESIAN_POINT('',(36.1,10.5,22.));
#10344 = CARTESIAN_POINT('',(33.717615627188,9.857284017753,0.));
#10345 = CARTESIAN_POINT('',(36.1,12.,22.));
#10346 = CARTESIAN_POINT('',(33.262223382335,11.208679479031,0.));
#10347 = ADVANCED_FACE('',(#10348),#10411,.T.);
#10348 = FACE_BOUND('',#10349,.T.);
#10349 = EDGE_LOOP('',(#10350,#10351,#10398,#10410));
#10350 = ORIENTED_EDGE('',*,*,#7489,.F.);
#10351 = ORIENTED_EDGE('',*,*,#10352,.T.);
#10352 = EDGE_CURVE('',#7463,#10353,#10355,.T.);
#10353 = VERTEX_POINT('',#10354);
#10354 = CARTESIAN_POINT('',(36.1,-7.865388069012,22.));
#10355 = B_SPLINE_CURVE_WITH_KNOTS('',11,(#10356,#10357,#10358,#10359,
    #10360,#10361,#10362,#10363,#10364,#10365,#10366,#10367,#10368,
    #10369,#10370,#10371,#10372,#10373,#10374,#10375,#10376,#10377,
    #10378,#10379,#10380,#10381,#10382,#10383,#10384,#10385,#10386,
    #10387,#10388,#10389,#10390,#10391,#10392,#10393,#10394,#10395,
    #10396,#10397),.UNSPECIFIED.,.F.,.F.,(12,10,10,10,12),(
    -1.466115001371,-0.26862023339,10.237913513,20.916560351407,
    21.679722590049),.UNSPECIFIED.);
#10356 = CARTESIAN_POINT('',(33.966254729658,-8.31441642715,
    -1.402189373637));
#10357 = CARTESIAN_POINT('',(33.977787600758,-8.309941099862,
    -1.293544605564));
#10358 = CARTESIAN_POINT('',(33.989320471859,-8.305465772573,
    -1.18489983749));
#10359 = CARTESIAN_POINT('',(34.00085334296,-8.300990445285,
    -1.076255069416));
#10360 = CARTESIAN_POINT('',(34.012386214061,-8.296515117996,
    -0.967610301342));
#10361 = CARTESIAN_POINT('',(34.023919085161,-8.292039790708,
    -0.858965533269));
#10362 = CARTESIAN_POINT('',(34.035451956262,-8.287564463419,
    -0.750320765195));
#10363 = CARTESIAN_POINT('',(34.046984827363,-8.283089136131,
    -0.641675997121));
#10364 = CARTESIAN_POINT('',(34.058517698463,-8.278613808843,
    -0.533031229048));
#10365 = CARTESIAN_POINT('',(34.070050569564,-8.274138481554,
    -0.424386460974));
#10366 = CARTESIAN_POINT('',(34.081583440664,-8.269663154266,
    -0.3157416929));
#10367 = CARTESIAN_POINT('',(34.194302974664,-8.225922371762,
    0.746126381576));
#10368 = CARTESIAN_POINT('',(34.293469455703,-8.188584947091,
    1.700597718593));
#10369 = CARTESIAN_POINT('',(34.390810266174,-8.153044897724,
    2.656657913022));
#10370 = CARTESIAN_POINT('',(34.486446270087,-8.119308031476,
    3.614276829344));
#10371 = CARTESIAN_POINT('',(34.580526570819,-8.087307346051,
    4.573690076936));
#10372 = CARTESIAN_POINT('',(34.673228775237,-8.056933689882,
    5.535496319874));
#10373 = CARTESIAN_POINT('',(34.764721562706,-8.028121539922,
    6.50043106118));
#10374 = CARTESIAN_POINT('',(34.855135902429,-8.000884005908,
    7.469069840763));
#10375 = CARTESIAN_POINT('',(34.94457367439,-7.975270096262,
    8.441750852895));
#10376 = CARTESIAN_POINT('',(35.033164865443,-7.951296207416,
    9.419044056548));
#10377 = CARTESIAN_POINT('',(35.210610591485,-7.906303711764,
    11.403338628408));
#10378 = CARTESIAN_POINT('',(35.299400234258,-7.885259662965,
    12.41012528442));
#10379 = CARTESIAN_POINT('',(35.388025971718,-7.866807709881,
    13.427785386979));
#10380 = CARTESIAN_POINT('',(35.47543498108,-7.847144347638,
    14.446125633409));
#10381 = CARTESIAN_POINT('',(35.565676885164,-7.837794562704,
    15.503952277383));
#10382 = CARTESIAN_POINT('',(35.651516123023,-7.816026370498,
    16.532504133585));
#10383 = CARTESIAN_POINT('',(35.745329858771,-7.818434418677,
    17.65114639712));
#10384 = CARTESIAN_POINT('',(35.833603738395,-7.802191935054,
    18.732621759447));
#10385 = CARTESIAN_POINT('',(35.932361812248,-7.815251838786,
    19.933055269316));
#10386 = CARTESIAN_POINT('',(36.031391745372,-7.820321274223,
    21.163067433509));
#10387 = CARTESIAN_POINT('',(36.164945319783,-7.899065912871,
    22.795115850981));
#10388 = CARTESIAN_POINT('',(36.173853268179,-7.904318136038,
    22.903972563714));
#10389 = CARTESIAN_POINT('',(36.182761216576,-7.909570359205,
    23.012829276448));
#10390 = CARTESIAN_POINT('',(36.191669164973,-7.914822582373,
    23.121685989181));
#10391 = CARTESIAN_POINT('',(36.20057711337,-7.92007480554,
    23.230542701914));
#10392 = CARTESIAN_POINT('',(36.209485061767,-7.925327028708,
    23.339399414648));
#10393 = CARTESIAN_POINT('',(36.218393010164,-7.930579251875,
    23.448256127381));
#10394 = CARTESIAN_POINT('',(36.227300958561,-7.935831475042,
    23.557112840114));
#10395 = CARTESIAN_POINT('',(36.236208906958,-7.94108369821,
    23.665969552848));
#10396 = CARTESIAN_POINT('',(36.245116855355,-7.946335921377,
    23.774826265581));
#10397 = CARTESIAN_POINT('',(36.254024803752,-7.951588144544,
    23.883682978314));
#10398 = ORIENTED_EDGE('',*,*,#10399,.T.);
#10399 = EDGE_CURVE('',#10353,#10310,#10400,.T.);
#10400 = B_SPLINE_CURVE_WITH_KNOTS('',8,(#10401,#10402,#10403,#10404,
    #10405,#10406,#10407,#10408,#10409),.UNSPECIFIED.,.F.,.F.,(9,9),(4.,
    5.),.PIECEWISE_BEZIER_KNOTS.);
#10401 = CARTESIAN_POINT('',(36.1,-12.,22.));
#10402 = CARTESIAN_POINT('',(36.1,-10.5,22.));
#10403 = CARTESIAN_POINT('',(36.1,-9.,22.));
#10404 = CARTESIAN_POINT('',(36.1,-7.5,22.));
#10405 = CARTESIAN_POINT('',(36.1,-6.,22.));
#10406 = CARTESIAN_POINT('',(36.1,-4.5,22.));
#10407 = CARTESIAN_POINT('',(36.1,-3.,22.));
#10408 = CARTESIAN_POINT('',(36.1,-1.5,22.));
#10409 = CARTESIAN_POINT('',(36.1,-3.11E-15,22.));
#10410 = ORIENTED_EDGE('',*,*,#10309,.T.);
#10411 = B_SPLINE_SURFACE_WITH_KNOTS('',8,1,(
    (#10412,#10413)
    ,(#10414,#10415)
    ,(#10416,#10417)
    ,(#10418,#10419)
    ,(#10420,#10421)
    ,(#10422,#10423)
    ,(#10424,#10425)
    ,(#10426,#10427)
    ,(#10428,#10429
    )),.UNSPECIFIED.,.F.,.F.,.F.,(9,9),(2,2),(4.,5.),(0.,22.),
  .PIECEWISE_BEZIER_KNOTS.);
#10412 = CARTESIAN_POINT('',(36.1,-12.,22.));
#10413 = CARTESIAN_POINT('',(33.262223382335,-11.20867947903,0.));
#10414 = CARTESIAN_POINT('',(36.1,-10.5,22.));
#10415 = CARTESIAN_POINT('',(33.717615627188,-9.857284017753,0.));
#10416 = CARTESIAN_POINT('',(36.1,-9.,22.));
#10417 = CARTESIAN_POINT('',(34.110259047546,-8.48474351348,0.));
#10418 = CARTESIAN_POINT('',(36.1,-7.5,22.));
#10419 = CARTESIAN_POINT('',(34.43900819444,-7.09445711528,0.));
#10420 = CARTESIAN_POINT('',(36.1,-6.,22.));
#10421 = CARTESIAN_POINT('',(34.702938563738,-5.689898544785,0.));
#10422 = CARTESIAN_POINT('',(36.1,-4.5,22.));
#10423 = CARTESIAN_POINT('',(34.901352692662,-4.274597922574,0.));
#10424 = CARTESIAN_POINT('',(36.1,-3.,22.));
#10425 = CARTESIAN_POINT('',(35.033784232854,-2.852123262776,0.));
#10426 = CARTESIAN_POINT('',(36.1,-1.5,22.));
#10427 = CARTESIAN_POINT('',(35.100000001475,-1.426061631388,0.));
#10428 = CARTESIAN_POINT('',(36.1,-3.14E-15,22.));
#10429 = CARTESIAN_POINT('',(35.100000000738,-5.47E-15,0.));
#10430 = ADVANCED_FACE('',(#10431),#10517,.T.);
#10431 = FACE_BOUND('',#10432,.T.);
#10432 = EDGE_LOOP('',(#10433,#10434,#10481,#10516));
#10433 = ORIENTED_EDGE('',*,*,#7462,.T.);
#10434 = ORIENTED_EDGE('',*,*,#10435,.T.);
#10435 = EDGE_CURVE('',#7454,#10436,#10438,.T.);
#10436 = VERTEX_POINT('',#10437);
#10437 = CARTESIAN_POINT('',(32.386465488145,-10.65658433552,22.));
#10438 = B_SPLINE_CURVE_WITH_KNOTS('',11,(#10439,#10440,#10441,#10442,
    #10443,#10444,#10445,#10446,#10447,#10448,#10449,#10450,#10451,
    #10452,#10453,#10454,#10455,#10456,#10457,#10458,#10459,#10460,
    #10461,#10462,#10463,#10464,#10465,#10466,#10467,#10468,#10469,
    #10470,#10471,#10472,#10473,#10474,#10475,#10476,#10477,#10478,
    #10479,#10480),.UNSPECIFIED.,.F.,.F.,(12,10,10,10,12),(
    -1.466115001371,-0.26862023339,10.237913513,20.916560351407,
    21.679722590049),.UNSPECIFIED.);
#10439 = CARTESIAN_POINT('',(31.210432368532,-10.55607809313,
    -1.200815395394));
#10440 = CARTESIAN_POINT('',(31.216805340725,-10.55586985255,
    -1.090363463589));
#10441 = CARTESIAN_POINT('',(31.223163462383,-10.55566209722,
    -0.980168910956));
#10442 = CARTESIAN_POINT('',(31.229506733506,-10.55545482713,
    -0.870231737496));
#10443 = CARTESIAN_POINT('',(31.235835154093,-10.5552480423,
    -0.760551943207));
#10444 = CARTESIAN_POINT('',(31.242148724145,-10.55504174271,
    -0.65112952809));
#10445 = CARTESIAN_POINT('',(31.248447443662,-10.55483592838,
    -0.541964492145));
#10446 = CARTESIAN_POINT('',(31.254731312644,-10.55463059929,
    -0.433056835372));
#10447 = CARTESIAN_POINT('',(31.26100033109,-10.55442575546,
    -0.324406557771));
#10448 = CARTESIAN_POINT('',(31.267254499001,-10.55422139687,
    -0.216013659342));
#10449 = CARTESIAN_POINT('',(31.273493816377,-10.55401752354,
    -0.107878140085));
#10450 = CARTESIAN_POINT('',(31.334330272066,-10.55202965686,
    0.946497095107));
#10451 = CARTESIAN_POINT('',(31.388102320401,-10.55101104468,
    1.893669963606));
#10452 = CARTESIAN_POINT('',(31.441119835783,-10.55071775935,
    2.842263491544));
#10453 = CARTESIAN_POINT('',(31.493424700103,-10.55111430447,
    3.791473556404));
#10454 = CARTESIAN_POINT('',(31.545079051069,-10.55217128795,
    4.741539793169));
#10455 = CARTESIAN_POINT('',(31.596151898149,-10.55386438508,
    5.693414192331));
#10456 = CARTESIAN_POINT('',(31.646693767809,-10.55617283124,
    6.647721361902));
#10457 = CARTESIAN_POINT('',(31.696733793703,-10.55907845888,
    7.604319462156));
#10458 = CARTESIAN_POINT('',(31.746302884502,-10.5625656803,
    8.562863996967));
#10459 = CARTESIAN_POINT('',(31.795455822995,-10.56662220537,
    9.523869822493));
#10460 = CARTESIAN_POINT('',(31.893811979144,-10.57593277488,
    11.469658009306));
#10461 = CARTESIAN_POINT('',(31.942983628538,-10.5812001299,
    12.454181872488));
#10462 = CARTESIAN_POINT('',(31.991959445468,-10.5870781592,
    13.445132090591));
#10463 = CARTESIAN_POINT('',(32.040041084512,-10.59335556414,
    14.435356710612));
#10464 = CARTESIAN_POINT('',(32.089424283184,-10.60061797699,
    15.450706223039));
#10465 = CARTESIAN_POINT('',(32.135773549208,-10.60766504995,
    16.44389460321));
#10466 = CARTESIAN_POINT('',(32.186034180763,-10.61637548622,
    17.49595600434));
#10467 = CARTESIAN_POINT('',(32.2318701409,-10.62447777256,
    18.516956393532));
#10468 = CARTESIAN_POINT('',(32.282230600865,-10.63436375981,
    19.613874521619));
#10469 = CARTESIAN_POINT('',(32.32970013968,-10.64401866655,
    20.718759536488));
#10470 = CARTESIAN_POINT('',(32.390522291508,-10.65748235605,
    22.09156537857));
#10471 = CARTESIAN_POINT('',(32.394735659939,-10.65841503407,
    22.186664559091));
#10472 = CARTESIAN_POINT('',(32.399105593437,-10.65938236959,
    22.285297541564));
#10473 = CARTESIAN_POINT('',(32.403632092002,-10.66038436261,
    22.387464325988));
#10474 = CARTESIAN_POINT('',(32.408315155634,-10.66142101312,
    22.493164912363));
#10475 = CARTESIAN_POINT('',(32.413154784333,-10.66249232112,
    22.60239930069));
#10476 = CARTESIAN_POINT('',(32.418150978099,-10.66359828662,
    22.715167490969));
#10477 = CARTESIAN_POINT('',(32.423303736933,-10.66473890962,
    22.831469483199));
#10478 = CARTESIAN_POINT('',(32.428613060833,-10.66591419011,
    22.95130527738));
#10479 = CARTESIAN_POINT('',(32.434078949801,-10.66712412809,
    23.074674873512));
#10480 = CARTESIAN_POINT('',(32.439701403836,-10.66836872358,
    23.201578271596));
#10481 = ORIENTED_EDGE('',*,*,#10482,.F.);
#10482 = EDGE_CURVE('',#10353,#10436,#10483,.T.);
#10483 = B_SPLINE_CURVE_WITH_KNOTS('',7,(#10484,#10485,#10486,#10487,
    #10488,#10489,#10490,#10491,#10492,#10493,#10494,#10495,#10496,
    #10497,#10498,#10499,#10500,#10501,#10502,#10503,#10504,#10505,
    #10506,#10507,#10508,#10509,#10510,#10511,#10512,#10513,#10514,
    #10515),.UNSPECIFIED.,.F.,.F.,(8,6,6,6,6,8),(0.,0.237732223804,
    0.448192822219,0.478321402718,0.739599665121,1.),.UNSPECIFIED.);
#10484 = CARTESIAN_POINT('',(36.099999592703,-7.865385681333,22.));
#10485 = CARTESIAN_POINT('',(36.099999608197,-8.019178307285,22.));
#10486 = CARTESIAN_POINT('',(36.090071905703,-8.177409799833,22.));
#10487 = CARTESIAN_POINT('',(36.069149691702,-8.339248820192,22.));
#10488 = CARTESIAN_POINT('',(36.036217488982,-8.503610926773,22.));
#10489 = CARTESIAN_POINT('',(35.990416828653,-8.669130112186,22.));
#10490 = CARTESIAN_POINT('',(35.931159234062,-8.834199181757,22.));
#10491 = CARTESIAN_POINT('',(35.793697997001,-9.141273891337,22.));
#10492 = CARTESIAN_POINT('',(35.718445581769,-9.28375623359,22.));
#10493 = CARTESIAN_POINT('',(35.632351835331,-9.423317233551,22.));
#10494 = CARTESIAN_POINT('',(35.535509091452,-9.558671583674,22.));
#10495 = CARTESIAN_POINT('',(35.428295411156,-9.688531689436,22.));
#10496 = CARTESIAN_POINT('',(35.311382558937,-9.811690644544,22.));
#10497 = CARTESIAN_POINT('',(35.167703258842,-9.943637398926,22.));
#10498 = CARTESIAN_POINT('',(35.149530696025,-9.960002374394,22.));
#10499 = CARTESIAN_POINT('',(35.131181644478,-9.976206251843,22.));
#10500 = CARTESIAN_POINT('',(35.112658021401,-9.992245469898,22.));
#10501 = CARTESIAN_POINT('',(35.093963524804,-10.00811766944,22.));
#10502 = CARTESIAN_POINT('',(35.075100688739,-10.02381972787,22.));
#10503 = CARTESIAN_POINT('',(34.891060521083,-10.17402073538,22.));
#10504 = CARTESIAN_POINT('',(34.713624415915,-10.29570339663,22.));
#10505 = CARTESIAN_POINT('',(34.525788468705,-10.40260662462,22.));
#10506 = CARTESIAN_POINT('',(34.330076754461,-10.4934338507,22.));
#10507 = CARTESIAN_POINT('',(34.12930549782,-10.56758833418,22.));
#10508 = CARTESIAN_POINT('',(33.926243160234,-10.62514206128,22.));
#10509 = CARTESIAN_POINT('',(33.521242357671,-10.70807492545,22.));
#10510 = CARTESIAN_POINT('',(33.319291475587,-10.73356459273,22.));
#10511 = CARTESIAN_POINT('',(33.120024357396,-10.74372032839,22.));
#10512 = CARTESIAN_POINT('',(32.925641385064,-10.73963616933,22.));
#10513 = CARTESIAN_POINT('',(32.737867283277,-10.72272400442,22.));
#10514 = CARTESIAN_POINT('',(32.55789371597,-10.69453196418,22.));
#10515 = CARTESIAN_POINT('',(32.386465488145,-10.65658433552,22.));
#10516 = ORIENTED_EDGE('',*,*,#10352,.F.);
#10517 = ( BOUNDED_SURFACE() B_SPLINE_SURFACE(2,11,(
    (#10518,#10519,#10520,#10521,#10522,#10523,#10524,#10525,#10526
      ,#10527,#10528,#10529,#10530,#10531,#10532,#10533,#10534,#10535
      ,#10536,#10537,#10538,#10539,#10540,#10541,#10542,#10543,#10544
      ,#10545,#10546,#10547,#10548,#10549,#10550,#10551,#10552,#10553
      ,#10554,#10555,#10556,#10557,#10558,#10559)
    ,(#10560,#10561,#10562,#10563,#10564,#10565,#10566,#10567,#10568
      ,#10569,#10570,#10571,#10572,#10573,#10574,#10575,#10576,#10577
      ,#10578,#10579,#10580,#10581,#10582,#10583,#10584,#10585,#10586
      ,#10587,#10588,#10589,#10590,#10591,#10592,#10593,#10594,#10595
      ,#10596,#10597,#10598,#10599,#10600,#10601)
    ,(#10602,#10603,#10604,#10605,#10606,#10607,#10608,#10609,#10610
      ,#10611,#10612,#10613,#10614,#10615,#10616,#10617,#10618,#10619
      ,#10620,#10621,#10622,#10623,#10624,#10625,#10626,#10627,#10628
      ,#10629,#10630,#10631,#10632,#10633,#10634,#10635,#10636,#10637
      ,#10638,#10639,#10640,#10641,#10642,#10643
)),.UNSPECIFIED.,.F.,.F.,.F.) B_SPLINE_SURFACE_WITH_KNOTS((3,3),(12,10,
    10,10,12),(0.,21.185180584798),(-1.466115001371,-0.26862023339,
    10.237913513,20.916560351407,21.679722590049),.UNSPECIFIED.) 
GEOMETRIC_REPRESENTATION_ITEM() RATIONAL_B_SPLINE_SURFACE((
    (1.,1.,1.,1.,1.,1.,1.,1.,1.,1.,1.,1.,1.,1.,1.,1.,1.,1.,1.,1.,1.,1.
      ,1.,1.,1.,1.,1.,1.,1.,1.,1.,1.,1.,1.,1.,1.,1.,1.,1.,1.,1.,1.)
    ,(0.795893837435,0.796750762172,0.797436301962,0.797950456804
      ,0.798293226699,0.798464611647,0.798464611647,0.798293226699
      ,0.797950456804,0.797436301962,0.796750762172,0.788375383985
      ,0.780852737033,0.773316944619,0.765779164855,0.758236924614
      ,0.750677148658,0.743089570225,0.735474044386,0.727835195668
      ,0.720167741633,0.704597248986,0.696697130176,0.688718288269
      ,0.680704317744,0.672450402605,0.664289421972,0.655603439125
      ,0.64700866534,0.637688312185,0.628011893695,0.615770784916
      ,0.615117604853,0.614627719805,0.614301129773,0.614137834757
      ,0.614137834757,0.614301129773,0.614627719805,0.615117604853
      ,0.615770784916,0.616587259996)
    ,(1.,1.,1.,1.,1.,1.,1.,1.,1.,1.,1.,1.,1.,1.,1.,1.,1.,1.,1.,1.,1.,1.
      ,1.,1.,1.,1.,1.,1.,1.,1.,1.,1.,1.,1.,1.,1.,1.,1.,1.,1.,1.,1.
))) REPRESENTATION_ITEM('') SURFACE() );
#10518 = CARTESIAN_POINT('',(33.966254729658,-8.31441642715,
    -1.402189373637));
#10519 = CARTESIAN_POINT('',(33.977787600758,-8.309941099862,
    -1.293544605564));
#10520 = CARTESIAN_POINT('',(33.989320471859,-8.305465772573,
    -1.18489983749));
#10521 = CARTESIAN_POINT('',(34.00085334296,-8.300990445285,
    -1.076255069416));
#10522 = CARTESIAN_POINT('',(34.012386214061,-8.296515117996,
    -0.967610301342));
#10523 = CARTESIAN_POINT('',(34.023919085161,-8.292039790708,
    -0.858965533269));
#10524 = CARTESIAN_POINT('',(34.035451956262,-8.287564463419,
    -0.750320765195));
#10525 = CARTESIAN_POINT('',(34.046984827363,-8.283089136131,
    -0.641675997121));
#10526 = CARTESIAN_POINT('',(34.058517698463,-8.278613808843,
    -0.533031229048));
#10527 = CARTESIAN_POINT('',(34.070050569564,-8.274138481554,
    -0.424386460974));
#10528 = CARTESIAN_POINT('',(34.081583440664,-8.269663154266,
    -0.3157416929));
#10529 = CARTESIAN_POINT('',(34.194302974664,-8.225922371762,
    0.746126381576));
#10530 = CARTESIAN_POINT('',(34.293469455703,-8.188584947091,
    1.700597718593));
#10531 = CARTESIAN_POINT('',(34.390810266174,-8.153044897724,
    2.656657913022));
#10532 = CARTESIAN_POINT('',(34.486446270087,-8.119308031476,
    3.614276829344));
#10533 = CARTESIAN_POINT('',(34.580526570819,-8.087307346051,
    4.573690076936));
#10534 = CARTESIAN_POINT('',(34.673228775237,-8.056933689882,
    5.535496319874));
#10535 = CARTESIAN_POINT('',(34.764721562706,-8.028121539922,
    6.50043106118));
#10536 = CARTESIAN_POINT('',(34.855135902429,-8.000884005908,
    7.469069840763));
#10537 = CARTESIAN_POINT('',(34.94457367439,-7.975270096262,
    8.441750852895));
#10538 = CARTESIAN_POINT('',(35.033164865443,-7.951296207416,
    9.419044056548));
#10539 = CARTESIAN_POINT('',(35.210610591485,-7.906303711764,
    11.403338628408));
#10540 = CARTESIAN_POINT('',(35.299400234258,-7.885259662965,
    12.41012528442));
#10541 = CARTESIAN_POINT('',(35.388025971718,-7.866807709881,
    13.427785386979));
#10542 = CARTESIAN_POINT('',(35.47543498108,-7.847144347638,
    14.446125633409));
#10543 = CARTESIAN_POINT('',(35.565676885164,-7.837794562704,
    15.503952277383));
#10544 = CARTESIAN_POINT('',(35.651516123023,-7.816026370498,
    16.532504133585));
#10545 = CARTESIAN_POINT('',(35.745329858771,-7.818434418677,
    17.65114639712));
#10546 = CARTESIAN_POINT('',(35.833603738395,-7.802191935054,
    18.732621759447));
#10547 = CARTESIAN_POINT('',(35.932361812248,-7.815251838786,
    19.933055269316));
#10548 = CARTESIAN_POINT('',(36.031391745372,-7.820321274223,
    21.163067433509));
#10549 = CARTESIAN_POINT('',(36.164945319783,-7.899065912871,
    22.795115850981));
#10550 = CARTESIAN_POINT('',(36.173853268179,-7.904318136038,
    22.903972563714));
#10551 = CARTESIAN_POINT('',(36.182761216576,-7.909570359205,
    23.012829276448));
#10552 = CARTESIAN_POINT('',(36.191669164973,-7.914822582373,
    23.121685989181));
#10553 = CARTESIAN_POINT('',(36.20057711337,-7.92007480554,
    23.230542701914));
#10554 = CARTESIAN_POINT('',(36.209485061767,-7.925327028708,
    23.339399414648));
#10555 = CARTESIAN_POINT('',(36.218393010164,-7.930579251875,
    23.448256127381));
#10556 = CARTESIAN_POINT('',(36.227300958561,-7.935831475042,
    23.557112840114));
#10557 = CARTESIAN_POINT('',(36.236208906958,-7.94108369821,
    23.665969552848));
#10558 = CARTESIAN_POINT('',(36.245116855355,-7.946335921377,
    23.774826265581));
#10559 = CARTESIAN_POINT('',(36.254024803752,-7.951588144544,
    23.883682978314));
#10560 = CARTESIAN_POINT('',(33.400509706267,-10.44912965454,
    -1.458376130232));
#10561 = CARTESIAN_POINT('',(33.413976857539,-10.45198307852,
    -1.347277742339));
#10562 = CARTESIAN_POINT('',(33.427355496165,-10.45481774841,
    -1.236909546899));
#10563 = CARTESIAN_POINT('',(33.440654470725,-10.45763553906,
    -1.127198546811));
#10564 = CARTESIAN_POINT('',(33.453882500587,-10.46043829792,
    -1.018072810936));
#10565 = CARTESIAN_POINT('',(33.467048195034,-10.46322784913,
    -0.909461316265));
#10566 = CARTESIAN_POINT('',(33.480160071984,-10.46600599748,
    -0.801293793527));
#10567 = CARTESIAN_POINT('',(33.493226576372,-10.46877453228,
    -0.693500575522));
#10568 = CARTESIAN_POINT('',(33.506256098291,-10.47153523122,
    -0.586012447482));
#10569 = CARTESIAN_POINT('',(33.519256990962,-10.47428986419,
    -0.478760498807));
#10570 = CARTESIAN_POINT('',(33.532237588627,-10.47704019704,
    -0.371675975485));
#10571 = CARTESIAN_POINT('',(33.660198736474,-10.50415264273,
    0.683950188666));
#10572 = CARTESIAN_POINT('',(33.77396281728,-10.53042282135,
    1.631360887957));
#10573 = CARTESIAN_POINT('',(33.886628921595,-10.55855235588,
    2.577526864355));
#10574 = CARTESIAN_POINT('',(33.99830698436,-10.58848835643,
    3.52248935193));
#10575 = CARTESIAN_POINT('',(34.109107095887,-10.62020277998,
    4.466281619924));
#10576 = CARTESIAN_POINT('',(34.219148586197,-10.653684852,
    5.408989288132));
#10577 = CARTESIAN_POINT('',(34.328551280862,-10.68892515462,
    6.35075261851));
#10578 = CARTESIAN_POINT('',(34.437421819615,-10.72591130503,
    7.291716191957));
#10579 = CARTESIAN_POINT('',(34.545854527637,-10.7646408269,
    8.23202034733));
#10580 = CARTESIAN_POINT('',(34.653959797351,-10.80513757669,
    9.171909224507));
#10581 = CARTESIAN_POINT('',(34.874057888695,-10.8913697861,
    11.088384248108));
#10582 = CARTESIAN_POINT('',(34.986101456481,-10.9372617763,
    12.065599380323));
#10583 = CARTESIAN_POINT('',(35.098398581648,-10.98533179152,
    13.045358797733));
#10584 = CARTESIAN_POINT('',(35.210363300555,-11.03483050387,
    14.02305936198));
#10585 = CARTESIAN_POINT('',(35.324664145169,-11.08822930687,
    15.016455853944));
#10586 = CARTESIAN_POINT('',(35.436688699731,-11.14072490901,
    15.99301651052));
#10587 = CARTESIAN_POINT('',(35.554845473568,-11.2003282166,
    17.010599322418));
#10588 = CARTESIAN_POINT('',(35.670059665467,-11.25760557448,
    18.004689038265));
#10589 = CARTESIAN_POINT('',(35.793869343165,-11.32328624976,
    19.055638809351));
#10590 = CARTESIAN_POINT('',(35.91959702479,-11.38914193283,
    20.11517479619));
#10591 = CARTESIAN_POINT('',(36.077825202516,-11.47732063727,
    21.407892961367));
#10592 = CARTESIAN_POINT('',(36.08910240761,-11.48360529118,
    21.500027296013));
#10593 = CARTESIAN_POINT('',(36.100900233754,-11.49018008108,
    21.596415084742));
#10594 = CARTESIAN_POINT('',(36.113210518103,-11.49704045791,
    21.696989637419));
#10595 = CARTESIAN_POINT('',(36.126024258551,-11.50418140492,
    21.801677407192));
#10596 = CARTESIAN_POINT('',(36.13933163544,-11.51159744971,
    21.910398167821));
#10597 = CARTESIAN_POINT('',(36.153122036572,-11.51928267824,
    22.023065218058));
#10598 = CARTESIAN_POINT('',(36.167384085406,-11.52723075049,
    22.139585611994));
#10599 = CARTESIAN_POINT('',(36.182105672273,-11.53543491789,
    22.259860414094));
#10600 = CARTESIAN_POINT('',(36.197273988433,-11.54388804228,
    22.383784977444));
#10601 = CARTESIAN_POINT('',(36.212875562774,-11.55258261636,
    22.511249243583));
#10602 = CARTESIAN_POINT('',(31.210432368532,-10.55607809313,
    -1.200815395394));
#10603 = CARTESIAN_POINT('',(31.216805340725,-10.55586985255,
    -1.090363463589));
#10604 = CARTESIAN_POINT('',(31.223163462383,-10.55566209722,
    -0.980168910956));
#10605 = CARTESIAN_POINT('',(31.229506733506,-10.55545482713,
    -0.870231737496));
#10606 = CARTESIAN_POINT('',(31.235835154093,-10.5552480423,
    -0.760551943207));
#10607 = CARTESIAN_POINT('',(31.242148724145,-10.55504174271,
    -0.65112952809));
#10608 = CARTESIAN_POINT('',(31.248447443662,-10.55483592838,
    -0.541964492145));
#10609 = CARTESIAN_POINT('',(31.254731312644,-10.55463059929,
    -0.433056835372));
#10610 = CARTESIAN_POINT('',(31.26100033109,-10.55442575546,
    -0.324406557771));
#10611 = CARTESIAN_POINT('',(31.267254499001,-10.55422139687,
    -0.216013659342));
#10612 = CARTESIAN_POINT('',(31.273493816377,-10.55401752354,
    -0.107878140085));
#10613 = CARTESIAN_POINT('',(31.334330272066,-10.55202965686,
    0.946497095107));
#10614 = CARTESIAN_POINT('',(31.388102320401,-10.55101104468,
    1.893669963606));
#10615 = CARTESIAN_POINT('',(31.441119835783,-10.55071775935,
    2.842263491544));
#10616 = CARTESIAN_POINT('',(31.493424700103,-10.55111430447,
    3.791473556404));
#10617 = CARTESIAN_POINT('',(31.545079051069,-10.55217128795,
    4.741539793169));
#10618 = CARTESIAN_POINT('',(31.596151898149,-10.55386438508,
    5.693414192331));
#10619 = CARTESIAN_POINT('',(31.646693767809,-10.55617283124,
    6.647721361902));
#10620 = CARTESIAN_POINT('',(31.696733793703,-10.55907845888,
    7.604319462156));
#10621 = CARTESIAN_POINT('',(31.746302884502,-10.5625656803,
    8.562863996967));
#10622 = CARTESIAN_POINT('',(31.795455822995,-10.56662220537,
    9.523869822493));
#10623 = CARTESIAN_POINT('',(31.893811979144,-10.57593277488,
    11.469658009306));
#10624 = CARTESIAN_POINT('',(31.942983628538,-10.5812001299,
    12.454181872488));
#10625 = CARTESIAN_POINT('',(31.991959445468,-10.5870781592,
    13.445132090591));
#10626 = CARTESIAN_POINT('',(32.040041084512,-10.59335556414,
    14.435356710612));
#10627 = CARTESIAN_POINT('',(32.089424283184,-10.60061797699,
    15.450706223039));
#10628 = CARTESIAN_POINT('',(32.135773549208,-10.60766504995,
    16.44389460321));
#10629 = CARTESIAN_POINT('',(32.186034180763,-10.61637548622,
    17.49595600434));
#10630 = CARTESIAN_POINT('',(32.2318701409,-10.62447777256,
    18.516956393532));
#10631 = CARTESIAN_POINT('',(32.282230600865,-10.63436375981,
    19.613874521619));
#10632 = CARTESIAN_POINT('',(32.32970013968,-10.64401866655,
    20.718759536488));
#10633 = CARTESIAN_POINT('',(32.390522291508,-10.65748235605,
    22.09156537857));
#10634 = CARTESIAN_POINT('',(32.394735659939,-10.65841503407,
    22.186664559091));
#10635 = CARTESIAN_POINT('',(32.399105593437,-10.65938236959,
    22.285297541564));
#10636 = CARTESIAN_POINT('',(32.403632092002,-10.66038436261,
    22.387464325988));
#10637 = CARTESIAN_POINT('',(32.408315155634,-10.66142101312,
    22.493164912363));
#10638 = CARTESIAN_POINT('',(32.413154784333,-10.66249232112,
    22.60239930069));
#10639 = CARTESIAN_POINT('',(32.418150978099,-10.66359828662,
    22.715167490969));
#10640 = CARTESIAN_POINT('',(32.423303736933,-10.66473890962,
    22.831469483199));
#10641 = CARTESIAN_POINT('',(32.428613060833,-10.66591419011,
    22.95130527738));
#10642 = CARTESIAN_POINT('',(32.434078949801,-10.66712412809,
    23.074674873512));
#10643 = CARTESIAN_POINT('',(32.439701403836,-10.66836872358,
    23.201578271596));
#10644 = ADVANCED_FACE('',(#10645),#10727,.T.);
#10645 = FACE_BOUND('',#10646,.T.);
#10646 = EDGE_LOOP('',(#10647,#10655,#10656,#10664,#10671,#10672,#10673,
    #10720));
#10647 = ORIENTED_EDGE('',*,*,#10648,.T.);
#10648 = EDGE_CURVE('',#10649,#8602,#10651,.T.);
#10649 = VERTEX_POINT('',#10650);
#10650 = CARTESIAN_POINT('',(27.650358596171,-17.35409383665,22.));
#10651 = LINE('',#10652,#10653);
#10652 = CARTESIAN_POINT('',(27.650358596171,-17.35409383665,22.));
#10653 = VECTOR('',#10654,1.);
#10654 = DIRECTION('',(0.,0.,1.));
#10655 = ORIENTED_EDGE('',*,*,#8601,.T.);
#10656 = ORIENTED_EDGE('',*,*,#10657,.F.);
#10657 = EDGE_CURVE('',#10658,#8594,#10660,.T.);
#10658 = VERTEX_POINT('',#10659);
#10659 = CARTESIAN_POINT('',(31.5,-10.55207345842,22.));
#10660 = LINE('',#10661,#10662);
#10661 = CARTESIAN_POINT('',(31.5,-10.55207345842,22.));
#10662 = VECTOR('',#10663,1.);
#10663 = DIRECTION('',(0.,0.,1.));
#10664 = ORIENTED_EDGE('',*,*,#10665,.T.);
#10665 = EDGE_CURVE('',#10658,#10436,#10666,.T.);
#10666 = CIRCLE('',#10667,4.448558813737);
#10667 = AXIS2_PLACEMENT_3D('',#10668,#10669,#10670);
#10668 = CARTESIAN_POINT('',(31.425,-15.,22.));
#10669 = DIRECTION('',(0.,0.,-1.));
#10670 = DIRECTION('',(1.,0.,0.));
#10671 = ORIENTED_EDGE('',*,*,#10435,.F.);
#10672 = ORIENTED_EDGE('',*,*,#7453,.F.);
#10673 = ORIENTED_EDGE('',*,*,#10674,.F.);
#10674 = EDGE_CURVE('',#10675,#7429,#10677,.T.);
#10675 = VERTEX_POINT('',#10676);
#10676 = CARTESIAN_POINT('',(29.424614060627,-18.97342819399,22.));
#10677 = B_SPLINE_CURVE_WITH_KNOTS('',11,(#10678,#10679,#10680,#10681,
    #10682,#10683,#10684,#10685,#10686,#10687,#10688,#10689,#10690,
    #10691,#10692,#10693,#10694,#10695,#10696,#10697,#10698,#10699,
    #10700,#10701,#10702,#10703,#10704,#10705,#10706,#10707,#10708,
    #10709,#10710,#10711,#10712,#10713,#10714,#10715,#10716,#10717,
    #10718,#10719),.UNSPECIFIED.,.F.,.F.,(12,10,10,10,12),(
    1.212708494889,1.988444354768,12.434912762945,23.290695176729,
    24.500170262698),.UNSPECIFIED.);
#10678 = CARTESIAN_POINT('',(29.559388150804,-19.04127897217,
    23.215191672768));
#10679 = CARTESIAN_POINT('',(29.544831018536,-19.03395031759,
    23.083937172079));
#10680 = CARTESIAN_POINT('',(29.530734874718,-19.02685374342,
    22.956839177477));
#10681 = CARTESIAN_POINT('',(29.517099719351,-19.01998924965,
    22.833897688963));
#10682 = CARTESIAN_POINT('',(29.503925552434,-19.01335683629,
    22.715112706536));
#10683 = CARTESIAN_POINT('',(29.491212373967,-19.00695650332,
    22.600484230197));
#10684 = CARTESIAN_POINT('',(29.478960183951,-19.00078825076,
    22.490012259945));
#10685 = CARTESIAN_POINT('',(29.467168982385,-18.9948520786,
    22.383696795781));
#10686 = CARTESIAN_POINT('',(29.45583876927,-18.98914798685,
    22.281537837705));
#10687 = CARTESIAN_POINT('',(29.444969544605,-18.98367597549,
    22.183535385716));
#10688 = CARTESIAN_POINT('',(29.434561308391,-18.97843604454,
    22.089689439814));
#10689 = CARTESIAN_POINT('',(29.290659173548,-18.90598983609,
    20.792194678599));
#10690 = CARTESIAN_POINT('',(29.193800771073,-18.85102171949,
    19.709907059549));
#10691 = CARTESIAN_POINT('',(29.102101549369,-18.79758778223,
    18.647299218299));
#10692 = CARTESIAN_POINT('',(29.024995459288,-18.74827752344,
    17.638347022849));
#10693 = CARTESIAN_POINT('',(28.944061705733,-18.69641829434,
    16.61535571084));
#10694 = CARTESIAN_POINT('',(28.874629614798,-18.64755426361,
    15.637657091443));
#10695 = CARTESIAN_POINT('',(28.802064186234,-18.5961474201,
    14.645952690122));
#10696 = CARTESIAN_POINT('',(28.73471316911,-18.54521948692,
    13.675821789432));
#10697 = CARTESIAN_POINT('',(28.667974782083,-18.49303306851,
    12.706865171571));
#10698 = CARTESIAN_POINT('',(28.603013990238,-18.43992343182,
    11.744554827258));
#10699 = CARTESIAN_POINT('',(28.473143216089,-18.32923103693,
    9.79094252383));
#10700 = CARTESIAN_POINT('',(28.408359526299,-18.27156276005,
    8.800113635511));
#10701 = CARTESIAN_POINT('',(28.34478159585,-18.21248212611,
    7.813142442112));
#10702 = CARTESIAN_POINT('',(28.282260294631,-18.15184720476,
    6.829336074779));
#10703 = CARTESIAN_POINT('',(28.220684905845,-18.0895222883,
    5.848166584192));
#10704 = CARTESIAN_POINT('',(28.159977024978,-18.02537231279,
    4.86924023123));
#10705 = CARTESIAN_POINT('',(28.100084458309,-17.95925727891,
    3.892266777654));
#10706 = CARTESIAN_POINT('',(28.040975122008,-17.89102667313,
    2.917028776745));
#10707 = CARTESIAN_POINT('',(27.98263094062,-17.82051388853,
    1.943350864005));
#10708 = CARTESIAN_POINT('',(27.925041746069,-17.74753064592,
    0.971069047789));
#10709 = CARTESIAN_POINT('',(27.86186617613,-17.66343088013,
    -0.108189697922));
#10710 = CARTESIAN_POINT('',(27.855502670529,-17.65495973645,
    -0.216900534712));
#10711 = CARTESIAN_POINT('',(27.849108659505,-17.64644798372,
    -0.32613251037));
#10712 = CARTESIAN_POINT('',(27.842684143058,-17.63789562196,
    -0.435885624895));
#10713 = CARTESIAN_POINT('',(27.836229121187,-17.62930265117,
    -0.546159878288));
#10714 = CARTESIAN_POINT('',(27.829743593893,-17.62066907133,
    -0.656955270548));
#10715 = CARTESIAN_POINT('',(27.823227561176,-17.61199488247,
    -0.768271801676));
#10716 = CARTESIAN_POINT('',(27.816681023035,-17.60328008457,
    -0.880109471672));
#10717 = CARTESIAN_POINT('',(27.810103979471,-17.59452467763,
    -0.992468280535));
#10718 = CARTESIAN_POINT('',(27.803496430483,-17.58572866166,
    -1.105348228266));
#10719 = CARTESIAN_POINT('',(27.796858376072,-17.57689203665,
    -1.218749314865));
#10720 = ORIENTED_EDGE('',*,*,#10721,.T.);
#10721 = EDGE_CURVE('',#10675,#10649,#10722,.T.);
#10722 = CIRCLE('',#10723,4.448558813737);
#10723 = AXIS2_PLACEMENT_3D('',#10724,#10725,#10726);
#10724 = CARTESIAN_POINT('',(31.425,-15.,22.));
#10725 = DIRECTION('',(0.,0.,-1.));
#10726 = DIRECTION('',(1.,0.,0.));
#10727 = CYLINDRICAL_SURFACE('',#10728,4.448558813737);
#10728 = AXIS2_PLACEMENT_3D('',#10729,#10730,#10731);
#10729 = CARTESIAN_POINT('',(31.425,-15.,0.));
#10730 = DIRECTION('',(0.,0.,-1.));
#10731 = DIRECTION('',(1.,0.,0.));
#10732 = ADVANCED_FACE('',(#10733),#10825,.T.);
#10733 = FACE_BOUND('',#10734,.T.);
#10734 = EDGE_LOOP('',(#10735,#10778,#10779,#10780));
#10735 = ORIENTED_EDGE('',*,*,#10736,.T.);
#10736 = EDGE_CURVE('',#10737,#10675,#10739,.T.);
#10737 = VERTEX_POINT('',#10738);
#10738 = CARTESIAN_POINT('',(30.026362649565,-23.85163026082,22.));
#10739 = B_SPLINE_CURVE_WITH_KNOTS('',7,(#10740,#10741,#10742,#10743,
    #10744,#10745,#10746,#10747,#10748,#10749,#10750,#10751,#10752,
    #10753,#10754,#10755,#10756,#10757,#10758,#10759,#10760,#10761,
    #10762,#10763,#10764,#10765,#10766,#10767,#10768,#10769,#10770,
    #10771,#10772,#10773,#10774,#10775,#10776,#10777),.UNSPECIFIED.,.F.,
  .F.,(8,6,6,6,6,6,8),(0.,0.245922793278,0.49389045597,0.515017693809,
    0.536145317233,0.7659890472,1.),.UNSPECIFIED.);
#10740 = CARTESIAN_POINT('',(30.026363784011,-23.85162936335,22.));
#10741 = CARTESIAN_POINT('',(30.168745401759,-23.74919642456,22.));
#10742 = CARTESIAN_POINT('',(30.308610597035,-23.63320749555,22.));
#10743 = CARTESIAN_POINT('',(30.444008673269,-23.50299417214,22.));
#10744 = CARTESIAN_POINT('',(30.57263251652,-23.35818952116,22.));
#10745 = CARTESIAN_POINT('',(30.691851881765,-23.1988903367,22.));
#10746 = CARTESIAN_POINT('',(30.798903445425,-23.02588085432,22.));
#10747 = CARTESIAN_POINT('',(30.984370429509,-22.65389590124,22.));
#10748 = CARTESIAN_POINT('',(31.06254867826,-22.45469932671,22.));
#10749 = CARTESIAN_POINT('',(31.12316946989,-22.244629842,22.));
#10750 = CARTESIAN_POINT('',(31.163875022959,-22.02596045041,22.));
#10751 = CARTESIAN_POINT('',(31.182915484862,-21.80168930883,22.));
#10752 = CARTESIAN_POINT('',(31.179589104588,-21.57523784378,22.));
#10753 = CARTESIAN_POINT('',(31.152099077491,-21.33082103137,22.));
#10754 = CARTESIAN_POINT('',(31.149781018822,-21.31164010606,22.));
#10755 = CARTESIAN_POINT('',(31.147303422985,-21.29247005029,22.));
#10756 = CARTESIAN_POINT('',(31.144666562936,-21.27331294673,22.));
#10757 = CARTESIAN_POINT('',(31.141870766113,-21.25417087223,22.));
#10758 = CARTESIAN_POINT('',(31.138916414441,-21.23504589786,22.));
#10759 = CARTESIAN_POINT('',(31.132691417414,-21.19683393119,22.));
#10760 = CARTESIAN_POINT('',(31.129420755652,-21.17774691522,22.));
#10761 = CARTESIAN_POINT('',(31.125992462706,-21.1586812546,22.));
#10762 = CARTESIAN_POINT('',(31.122406832157,-21.13963856749,22.));
#10763 = CARTESIAN_POINT('',(31.118664744992,-21.12062164463,22.));
#10764 = CARTESIAN_POINT('',(31.114766421976,-21.10163168626,22.));
#10765 = CARTESIAN_POINT('',(31.066614017683,-20.87640482551,22.));
#10766 = CARTESIAN_POINT('',(31.004132903577,-20.67363300042,22.));
#10767 = CARTESIAN_POINT('',(30.924106455788,-20.47696478746,22.));
#10768 = CARTESIAN_POINT('',(30.828097223187,-20.28876905428,22.));
#10769 = CARTESIAN_POINT('',(30.718261144523,-20.11091139576,22.));
#10770 = CARTESIAN_POINT('',(30.59699778631,-19.94468019541,22.));
#10771 = CARTESIAN_POINT('',(30.33406006532,-19.6342029556,22.));
#10772 = CARTESIAN_POINT('',(30.192048105388,-19.4904008011,22.));
#10773 = CARTESIAN_POINT('',(30.043193736634,-19.36022183863,22.));
#10774 = CARTESIAN_POINT('',(29.890004180571,-19.2438733512,22.));
#10775 = CARTESIAN_POINT('',(29.734702284881,-19.14107735732,22.));
#10776 = CARTESIAN_POINT('',(29.579099531552,-19.05120248581,22.));
#10777 = CARTESIAN_POINT('',(29.424614060627,-18.97342819399,22.));
#10778 = ORIENTED_EDGE('',*,*,#10674,.T.);
#10779 = ORIENTED_EDGE('',*,*,#7428,.F.);
#10780 = ORIENTED_EDGE('',*,*,#10781,.F.);
#10781 = EDGE_CURVE('',#10737,#7415,#10782,.T.);
#10782 = B_SPLINE_CURVE_WITH_KNOTS('',11,(#10783,#10784,#10785,#10786,
    #10787,#10788,#10789,#10790,#10791,#10792,#10793,#10794,#10795,
    #10796,#10797,#10798,#10799,#10800,#10801,#10802,#10803,#10804,
    #10805,#10806,#10807,#10808,#10809,#10810,#10811,#10812,#10813,
    #10814,#10815,#10816,#10817,#10818,#10819,#10820,#10821,#10822,
    #10823,#10824),.UNSPECIFIED.,.F.,.F.,(12,10,10,10,12),(
    1.212708494889,1.988444354768,12.434912762945,23.290695176729,
    24.500170262698),.UNSPECIFIED.);
#10783 = CARTESIAN_POINT('',(30.530507015188,-23.89087930523,
    24.288919592097));
#10784 = CARTESIAN_POINT('',(30.505668201535,-23.88963725953,
    24.18041286249));
#10785 = CARTESIAN_POINT('',(30.480829387882,-23.88839521383,
    24.071906132884));
#10786 = CARTESIAN_POINT('',(30.455990574229,-23.88715316813,
    23.963399403277));
#10787 = CARTESIAN_POINT('',(30.431151760576,-23.88591112243,
    23.854892673671));
#10788 = CARTESIAN_POINT('',(30.406312946923,-23.88466907672,
    23.746385944064));
#10789 = CARTESIAN_POINT('',(30.38147413327,-23.88342703102,
    23.637879214458));
#10790 = CARTESIAN_POINT('',(30.356635319617,-23.88218498532,
    23.529372484851));
#10791 = CARTESIAN_POINT('',(30.331796505964,-23.88094293962,
    23.420865755244));
#10792 = CARTESIAN_POINT('',(30.30695769231,-23.87970089392,
    23.312359025638));
#10793 = CARTESIAN_POINT('',(30.282118878657,-23.87845884822,
    23.203852296031));
#10794 = CARTESIAN_POINT('',(29.922787494085,-23.86049075973,
    21.634136691683));
#10795 = CARTESIAN_POINT('',(29.719228293262,-23.79013430041,
    20.375339342506));
#10796 = CARTESIAN_POINT('',(29.536840338474,-23.71556950503,
    19.166038011094));
#10797 = CARTESIAN_POINT('',(29.408465901027,-23.61850590436,
    18.054560109));
#10798 = CARTESIAN_POINT('',(29.265960926478,-23.52883851584,
    16.924258104585));
#10799 = CARTESIAN_POINT('',(29.1654627709,-23.42110776747,
    15.875670982479));
#10800 = CARTESIAN_POINT('',(29.0536035297,-23.31791940747,
    14.811005570252));
#10801 = CARTESIAN_POINT('',(28.959383825044,-23.20622251859,
    13.782440672548));
#10802 = CARTESIAN_POINT('',(28.866940702789,-23.09268914378,
    12.761642841709));
#10803 = CARTESIAN_POINT('',(28.779726134829,-22.9754064128,
    11.75382214595));
#10804 = CARTESIAN_POINT('',(28.608851035894,-22.72973252624,
    9.718263786322));
#10805 = CARTESIAN_POINT('',(28.525529212645,-22.6010485657,
    8.691382089249));
#10806 = CARTESIAN_POINT('',(28.445096208378,-22.46897057833,
    7.673046570863));
#10807 = CARTESIAN_POINT('',(28.366877021022,-22.33353549229,
    6.661744257092));
#10808 = CARTESIAN_POINT('',(28.290361440286,-22.194729771,
    5.656298832537));
#10809 = CARTESIAN_POINT('',(28.215175287122,-22.05249474948,
    4.655812760038));
#10810 = CARTESIAN_POINT('',(28.141051652731,-21.90673197032,
    3.65960940018));
#10811 = CARTESIAN_POINT('',(28.067802138148,-21.7573085201,
    2.667175130866));
#10812 = CARTESIAN_POINT('',(27.995288093234,-21.60406236537,
    1.678101466826));
#10813 = CARTESIAN_POINT('',(27.923391856161,-21.44680768897,
    0.692027179178));
#10814 = CARTESIAN_POINT('',(27.844032675225,-21.26735065469,
    -0.400988321265));
#10815 = CARTESIAN_POINT('',(27.836077357887,-21.24936108323,
    -0.510557057481));
#10816 = CARTESIAN_POINT('',(27.828122040548,-21.23137151177,
    -0.620125793696));
#10817 = CARTESIAN_POINT('',(27.820166723209,-21.21338194031,
    -0.729694529912));
#10818 = CARTESIAN_POINT('',(27.81221140587,-21.19539236885,
    -0.839263266127));
#10819 = CARTESIAN_POINT('',(27.804256088532,-21.17740279739,
    -0.948832002343));
#10820 = CARTESIAN_POINT('',(27.796300771193,-21.15941322593,
    -1.058400738559));
#10821 = CARTESIAN_POINT('',(27.788345453854,-21.14142365448,
    -1.167969474774));
#10822 = CARTESIAN_POINT('',(27.780390136515,-21.12343408302,
    -1.27753821099));
#10823 = CARTESIAN_POINT('',(27.772434819177,-21.10544451156,
    -1.387106947205));
#10824 = CARTESIAN_POINT('',(27.764479501838,-21.0874549401,
    -1.496675683421));
#10825 = ( BOUNDED_SURFACE() B_SPLINE_SURFACE(2,11,(
    (#10826,#10827,#10828,#10829,#10830,#10831,#10832,#10833,#10834
      ,#10835,#10836,#10837,#10838,#10839,#10840,#10841,#10842,#10843
      ,#10844,#10845,#10846,#10847,#10848,#10849,#10850,#10851,#10852
      ,#10853,#10854,#10855,#10856,#10857,#10858,#10859,#10860,#10861
      ,#10862,#10863,#10864,#10865,#10866,#10867)
    ,(#10868,#10869,#10870,#10871,#10872,#10873,#10874,#10875,#10876
      ,#10877,#10878,#10879,#10880,#10881,#10882,#10883,#10884,#10885
      ,#10886,#10887,#10888,#10889,#10890,#10891,#10892,#10893,#10894
      ,#10895,#10896,#10897,#10898,#10899,#10900,#10901,#10902,#10903
      ,#10904,#10905,#10906,#10907,#10908,#10909)
    ,(#10910,#10911,#10912,#10913,#10914,#10915,#10916,#10917,#10918
      ,#10919,#10920,#10921,#10922,#10923,#10924,#10925,#10926,#10927
      ,#10928,#10929,#10930,#10931,#10932,#10933,#10934,#10935,#10936
      ,#10937,#10938,#10939,#10940,#10941,#10942,#10943,#10944,#10945
      ,#10946,#10947,#10948,#10949,#10950,#10951
)),.UNSPECIFIED.,.F.,.F.,.F.) B_SPLINE_SURFACE_WITH_KNOTS((3,3),(12,10,
    10,10,12),(0.,21.30225082196),(1.212708494889,1.988444354768,
    12.434912762945,23.290695176729,24.500170262698),.UNSPECIFIED.) 
GEOMETRIC_REPRESENTATION_ITEM() RATIONAL_B_SPLINE_SURFACE((
    (1.,1.,1.,1.,1.,1.,1.,1.,1.,1.,1.,1.,1.,1.,1.,1.,1.,1.,1.,1.,1.,1.
      ,1.,1.,1.,1.,1.,1.,1.,1.,1.,1.,1.,1.,1.,1.,1.,1.,1.,1.,1.,1.)
    ,(0.528618290614,0.52785401173,0.527242588622,0.526784021292
      ,0.526478309738,0.526325453961,0.526325453961,0.526478309738
      ,0.526784021292,0.527242588622,0.52785401173,0.538910473341
      ,0.551341308792,0.563903064735,0.577152712681,0.589962062148
      ,0.603194520871,0.616066206118,0.62896557165,0.641685002676
      ,0.654260030542,0.679558346211,0.692268608873,0.704782196185
      ,0.717087455087,0.729175309068,0.741038755992,0.752672365885
      ,0.764071778778,0.77523320249,0.78615291046,0.79801594267
      ,0.798967305168,0.799680827042,0.800156508292,0.800394348916
      ,0.800394348916,0.800156508292,0.799680827042,0.798967305168
      ,0.79801594267,0.796826739546)
    ,(1.,1.,1.,1.,1.,1.,1.,1.,1.,1.,1.,1.,1.,1.,1.,1.,1.,1.,1.,1.,1.,1.
      ,1.,1.,1.,1.,1.,1.,1.,1.,1.,1.,1.,1.,1.,1.,1.,1.,1.,1.,1.,1.
))) REPRESENTATION_ITEM('') SURFACE() );
#10826 = CARTESIAN_POINT('',(30.530507015188,-23.89087930523,
    24.288919592097));
#10827 = CARTESIAN_POINT('',(30.505668201535,-23.88963725953,
    24.18041286249));
#10828 = CARTESIAN_POINT('',(30.480829387882,-23.88839521383,
    24.071906132884));
#10829 = CARTESIAN_POINT('',(30.455990574229,-23.88715316813,
    23.963399403277));
#10830 = CARTESIAN_POINT('',(30.431151760576,-23.88591112243,
    23.854892673671));
#10831 = CARTESIAN_POINT('',(30.406312946923,-23.88466907672,
    23.746385944064));
#10832 = CARTESIAN_POINT('',(30.38147413327,-23.88342703102,
    23.637879214458));
#10833 = CARTESIAN_POINT('',(30.356635319617,-23.88218498532,
    23.529372484851));
#10834 = CARTESIAN_POINT('',(30.331796505964,-23.88094293962,
    23.420865755244));
#10835 = CARTESIAN_POINT('',(30.30695769231,-23.87970089392,
    23.312359025638));
#10836 = CARTESIAN_POINT('',(30.282118878657,-23.87845884822,
    23.203852296031));
#10837 = CARTESIAN_POINT('',(29.922787494085,-23.86049075973,
    21.634136691683));
#10838 = CARTESIAN_POINT('',(29.719228293262,-23.79013430041,
    20.375339342506));
#10839 = CARTESIAN_POINT('',(29.536840338474,-23.71556950503,
    19.166038011094));
#10840 = CARTESIAN_POINT('',(29.408465901027,-23.61850590436,
    18.054560109));
#10841 = CARTESIAN_POINT('',(29.265960926478,-23.52883851584,
    16.924258104585));
#10842 = CARTESIAN_POINT('',(29.1654627709,-23.42110776747,
    15.875670982479));
#10843 = CARTESIAN_POINT('',(29.0536035297,-23.31791940747,
    14.811005570252));
#10844 = CARTESIAN_POINT('',(28.959383825044,-23.20622251859,
    13.782440672548));
#10845 = CARTESIAN_POINT('',(28.866940702789,-23.09268914378,
    12.761642841709));
#10846 = CARTESIAN_POINT('',(28.779726134829,-22.9754064128,
    11.75382214595));
#10847 = CARTESIAN_POINT('',(28.608851035894,-22.72973252624,
    9.718263786322));
#10848 = CARTESIAN_POINT('',(28.525529212645,-22.6010485657,
    8.691382089249));
#10849 = CARTESIAN_POINT('',(28.445096208378,-22.46897057833,
    7.673046570863));
#10850 = CARTESIAN_POINT('',(28.366877021022,-22.33353549229,
    6.661744257092));
#10851 = CARTESIAN_POINT('',(28.290361440286,-22.194729771,
    5.656298832537));
#10852 = CARTESIAN_POINT('',(28.215175287122,-22.05249474948,
    4.655812760038));
#10853 = CARTESIAN_POINT('',(28.141051652731,-21.90673197032,
    3.65960940018));
#10854 = CARTESIAN_POINT('',(28.067802138148,-21.7573085201,
    2.667175130866));
#10855 = CARTESIAN_POINT('',(27.995288093234,-21.60406236537,
    1.678101466826));
#10856 = CARTESIAN_POINT('',(27.923391856161,-21.44680768897,
    0.692027179178));
#10857 = CARTESIAN_POINT('',(27.844032675225,-21.26735065469,
    -0.400988321265));
#10858 = CARTESIAN_POINT('',(27.836077357887,-21.24936108323,
    -0.510557057481));
#10859 = CARTESIAN_POINT('',(27.828122040548,-21.23137151177,
    -0.620125793696));
#10860 = CARTESIAN_POINT('',(27.820166723209,-21.21338194031,
    -0.729694529912));
#10861 = CARTESIAN_POINT('',(27.81221140587,-21.19539236885,
    -0.839263266127));
#10862 = CARTESIAN_POINT('',(27.804256088532,-21.17740279739,
    -0.948832002343));
#10863 = CARTESIAN_POINT('',(27.796300771193,-21.15941322593,
    -1.058400738559));
#10864 = CARTESIAN_POINT('',(27.788345453854,-21.14142365448,
    -1.167969474774));
#10865 = CARTESIAN_POINT('',(27.780390136515,-21.12343408302,
    -1.27753821099));
#10866 = CARTESIAN_POINT('',(27.772434819177,-21.10544451156,
    -1.387106947205));
#10867 = CARTESIAN_POINT('',(27.764479501838,-21.0874549401,
    -1.496675683421));
#10868 = CARTESIAN_POINT('',(33.972851343477,-21.08234788489,
    22.281720197404));
#10869 = CARTESIAN_POINT('',(33.938439406182,-21.08440698844,
    22.155083284423));
#10870 = CARTESIAN_POINT('',(33.904985253121,-21.08640878114,
    22.031971044799));
#10871 = CARTESIAN_POINT('',(33.872521341267,-21.08835132089,
    21.912502921128));
#10872 = CARTESIAN_POINT('',(33.841078534506,-21.09023276088,
    21.796792493392));
#10873 = CARTESIAN_POINT('',(33.81068600706,-21.09205135541,
    21.684947123554));
#10874 = CARTESIAN_POINT('',(33.781371153848,-21.09380546526,
    21.577067625706));
#10875 = CARTESIAN_POINT('',(33.75315950837,-21.09549356258,
    21.473247963857));
#10876 = CARTESIAN_POINT('',(33.726074668616,-21.09711423534,
    21.373574979286));
#10877 = CARTESIAN_POINT('',(33.700138231457,-21.09866619126,
    21.278128149093));
#10878 = CARTESIAN_POINT('',(33.675369735899,-21.10014826117,
    21.186979377383));
#10879 = CARTESIAN_POINT('',(33.340719502978,-21.12017269266,
    19.955456953552));
#10880 = CARTESIAN_POINT('',(33.062063316702,-21.09441148861,
    18.927949109297));
#10881 = CARTESIAN_POINT('',(32.796617287172,-21.06004082679,
    17.912943640079));
#10882 = CARTESIAN_POINT('',(32.549920926683,-21.00853237572,
    16.947529051779));
#10883 = CARTESIAN_POINT('',(32.307911918753,-20.95742368179,
    15.957708767554));
#10884 = CARTESIAN_POINT('',(32.082453372215,-20.89393932497,
    15.010255906105));
#10885 = CARTESIAN_POINT('',(31.860895790228,-20.83038409638,
    14.041861920252));
#10886 = CARTESIAN_POINT('',(31.649976122508,-20.76030530128,
    13.089710389101));
#10887 = CARTESIAN_POINT('',(31.445412216505,-20.68741566353,
    12.134460011045));
#10888 = CARTESIAN_POINT('',(31.247826254199,-20.61087011276,
    11.181381709026));
#10889 = CARTESIAN_POINT('',(30.865031999344,-20.4512430188,
    9.275667965774));
#10890 = CARTESIAN_POINT('',(30.6793702639,-20.36794332138,
    8.320747296744));
#10891 = CARTESIAN_POINT('',(30.499080861913,-20.28130733584,
    7.363696093239));
#10892 = CARTESIAN_POINT('',(30.323807805267,-20.19140538227,
    6.404366972117));
#10893 = CARTESIAN_POINT('',(30.15324494414,-20.09825524996,
    5.442741954681));
#10894 = CARTESIAN_POINT('',(29.98713089563,-20.00182830725,
    4.478905716795));
#10895 = CARTESIAN_POINT('',(29.825243708091,-19.90205458524,
    3.513018135099));
#10896 = CARTESIAN_POINT('',(29.667395357581,-19.79882692209,
    2.545286034525));
#10897 = CARTESIAN_POINT('',(29.513426142792,-19.69200424235,
    1.575934027375));
#10898 = CARTESIAN_POINT('',(29.363199023213,-19.58141403192,
    0.605174331623));
#10899 = CARTESIAN_POINT('',(29.200503031266,-19.45428032245,
    -0.473507984308));
#10900 = CARTESIAN_POINT('',(29.184375460588,-19.44167793526,
    -0.580434559954));
#10901 = CARTESIAN_POINT('',(29.168196959298,-19.42903574993,
    -0.687698808022));
#10902 = CARTESIAN_POINT('',(29.151953236825,-19.41634259954,
    -0.795395475695));
#10903 = CARTESIAN_POINT('',(29.135629928777,-19.40358725949,
    -0.903619799588));
#10904 = CARTESIAN_POINT('',(29.119212554479,-19.39075841429,
    -1.012467787283));
#10905 = CARTESIAN_POINT('',(29.102686474099,-19.37784462412,
    -1.122036501569));
#10906 = CARTESIAN_POINT('',(29.086036845112,-19.36483429075,
    -1.232424349115));
#10907 = CARTESIAN_POINT('',(29.069248577809,-19.35171562278,
    -1.343731375422));
#10908 = CARTESIAN_POINT('',(29.052306289588,-19.33847659997,
    -1.456059567875));
#10909 = CARTESIAN_POINT('',(29.035194257733,-19.32510493629,
    -1.569513168861));
#10910 = CARTESIAN_POINT('',(29.559388150804,-19.04127897217,
    23.215191672768));
#10911 = CARTESIAN_POINT('',(29.544831018536,-19.03395031759,
    23.083937172079));
#10912 = CARTESIAN_POINT('',(29.530734874718,-19.02685374342,
    22.956839177477));
#10913 = CARTESIAN_POINT('',(29.517099719351,-19.01998924965,
    22.833897688963));
#10914 = CARTESIAN_POINT('',(29.503925552434,-19.01335683629,
    22.715112706536));
#10915 = CARTESIAN_POINT('',(29.491212373967,-19.00695650332,
    22.600484230197));
#10916 = CARTESIAN_POINT('',(29.478960183951,-19.00078825076,
    22.490012259945));
#10917 = CARTESIAN_POINT('',(29.467168982385,-18.9948520786,
    22.383696795781));
#10918 = CARTESIAN_POINT('',(29.45583876927,-18.98914798685,
    22.281537837705));
#10919 = CARTESIAN_POINT('',(29.444969544605,-18.98367597549,
    22.183535385716));
#10920 = CARTESIAN_POINT('',(29.434561308391,-18.97843604454,
    22.089689439814));
#10921 = CARTESIAN_POINT('',(29.290659173548,-18.90598983609,
    20.792194678599));
#10922 = CARTESIAN_POINT('',(29.193800771073,-18.85102171949,
    19.709907059549));
#10923 = CARTESIAN_POINT('',(29.102101549369,-18.79758778223,
    18.647299218299));
#10924 = CARTESIAN_POINT('',(29.024995459288,-18.74827752344,
    17.638347022849));
#10925 = CARTESIAN_POINT('',(28.944061705733,-18.69641829434,
    16.61535571084));
#10926 = CARTESIAN_POINT('',(28.874629614798,-18.64755426361,
    15.637657091443));
#10927 = CARTESIAN_POINT('',(28.802064186234,-18.5961474201,
    14.645952690122));
#10928 = CARTESIAN_POINT('',(28.73471316911,-18.54521948692,
    13.675821789432));
#10929 = CARTESIAN_POINT('',(28.667974782083,-18.49303306851,
    12.706865171571));
#10930 = CARTESIAN_POINT('',(28.603013990238,-18.43992343182,
    11.744554827258));
#10931 = CARTESIAN_POINT('',(28.473143216089,-18.32923103693,
    9.79094252383));
#10932 = CARTESIAN_POINT('',(28.408359526299,-18.27156276005,
    8.800113635511));
#10933 = CARTESIAN_POINT('',(28.34478159585,-18.21248212611,
    7.813142442112));
#10934 = CARTESIAN_POINT('',(28.282260294631,-18.15184720476,
    6.829336074779));
#10935 = CARTESIAN_POINT('',(28.220684905845,-18.0895222883,
    5.848166584192));
#10936 = CARTESIAN_POINT('',(28.159977024978,-18.02537231279,
    4.86924023123));
#10937 = CARTESIAN_POINT('',(28.100084458309,-17.95925727891,
    3.892266777654));
#10938 = CARTESIAN_POINT('',(28.040975122008,-17.89102667313,
    2.917028776745));
#10939 = CARTESIAN_POINT('',(27.98263094062,-17.82051388853,
    1.943350864005));
#10940 = CARTESIAN_POINT('',(27.925041746069,-17.74753064592,
    0.971069047789));
#10941 = CARTESIAN_POINT('',(27.86186617613,-17.66343088013,
    -0.108189697922));
#10942 = CARTESIAN_POINT('',(27.855502670529,-17.65495973645,
    -0.216900534712));
#10943 = CARTESIAN_POINT('',(27.849108659505,-17.64644798372,
    -0.32613251037));
#10944 = CARTESIAN_POINT('',(27.842684143058,-17.63789562196,
    -0.435885624895));
#10945 = CARTESIAN_POINT('',(27.836229121187,-17.62930265117,
    -0.546159878288));
#10946 = CARTESIAN_POINT('',(27.829743593893,-17.62066907133,
    -0.656955270548));
#10947 = CARTESIAN_POINT('',(27.823227561176,-17.61199488247,
    -0.768271801676));
#10948 = CARTESIAN_POINT('',(27.816681023035,-17.60328008457,
    -0.880109471672));
#10949 = CARTESIAN_POINT('',(27.810103979471,-17.59452467763,
    -0.992468280535));
#10950 = CARTESIAN_POINT('',(27.803496430483,-17.58572866166,
    -1.105348228266));
#10951 = CARTESIAN_POINT('',(27.796858376072,-17.57689203665,
    -1.218749314865));
#10952 = ADVANCED_FACE('',(#10953),#11012,.T.);
#10953 = FACE_BOUND('',#10954,.T.);
#10954 = EDGE_LOOP('',(#10955,#10956,#10967,#10992,#10999,#11011));
#10955 = ORIENTED_EDGE('',*,*,#7414,.F.);
#10956 = ORIENTED_EDGE('',*,*,#10957,.F.);
#10957 = EDGE_CURVE('',#10958,#7407,#10960,.T.);
#10958 = VERTEX_POINT('',#10959);
#10959 = CARTESIAN_POINT('',(28.284957777932,-22.38179688326,6.5));
#10960 = B_SPLINE_CURVE_WITH_KNOTS('',5,(#10961,#10962,#10963,#10964,
    #10965,#10966),.UNSPECIFIED.,.F.,.F.,(6,6),(0.,1.),
  .PIECEWISE_BEZIER_KNOTS.);
#10961 = CARTESIAN_POINT('',(28.284957777932,-22.38179688326,6.5));
#10962 = CARTESIAN_POINT('',(28.198581959237,-22.19226244752,
    5.19914424167));
#10963 = CARTESIAN_POINT('',(28.11013601396,-21.99818553357,
    3.898688422919));
#10964 = CARTESIAN_POINT('',(28.019547079503,-21.79940625905,
    2.598659596148));
#10965 = CARTESIAN_POINT('',(27.926742199984,-21.59576453687,
    1.299086945292));
#10966 = CARTESIAN_POINT('',(27.831657031906,-21.38711917812,0.));
#10967 = ORIENTED_EDGE('',*,*,#10968,.T.);
#10968 = EDGE_CURVE('',#10958,#10969,#10971,.T.);
#10969 = VERTEX_POINT('',#10970);
#10970 = CARTESIAN_POINT('',(21.680512926787,-27.26515879453,6.5));
#10971 = B_SPLINE_CURVE_WITH_KNOTS('',7,(#10972,#10973,#10974,#10975,
    #10976,#10977,#10978,#10979,#10980,#10981,#10982,#10983,#10984,
    #10985,#10986,#10987,#10988,#10989,#10990,#10991),.UNSPECIFIED.,.F.,
  .F.,(8,6,6,8),(0.,1.745544261521E-02,0.507521783728,1.),
  .UNSPECIFIED.);
#10972 = CARTESIAN_POINT('',(30.570370886666,-19.54573129252,6.5));
#10973 = CARTESIAN_POINT('',(30.564207035993,-19.55473174422,6.5));
#10974 = CARTESIAN_POINT('',(30.548100101128,-19.57824359907,6.5));
#10975 = CARTESIAN_POINT('',(30.529753270102,-19.60493576561,6.5));
#10976 = CARTESIAN_POINT('',(30.513273762249,-19.62876379916,6.5));
#10977 = CARTESIAN_POINT('',(30.499592642447,-19.64852248392,6.5));
#10978 = CARTESIAN_POINT('',(30.486624247333,-19.66722984944,6.5));
#10979 = CARTESIAN_POINT('',(29.992298302625,-20.37746415742,6.5));
#10980 = CARTESIAN_POINT('',(29.486463841639,-21.04342856717,6.5));
#10981 = CARTESIAN_POINT('',(28.95309100482,-21.68810937019,6.5));
#10982 = CARTESIAN_POINT('',(28.393225644582,-22.31011646813,6.5));
#10983 = CARTESIAN_POINT('',(27.80798885165,-22.90811207563,6.5));
#10984 = CARTESIAN_POINT('',(27.198578073137,-23.48081199038,6.5));
#10985 = CARTESIAN_POINT('',(25.930846457581,-24.57584975087,6.5));
#10986 = CARTESIAN_POINT('',(25.272295850411,-25.09792913129,6.5));
#10987 = CARTESIAN_POINT('',(24.591911647726,-25.59197759151,6.5));
#10988 = CARTESIAN_POINT('',(23.891061257663,-26.05680974404,6.5));
#10989 = CARTESIAN_POINT('',(23.171186321657,-26.49130574741,6.5));
#10990 = CARTESIAN_POINT('',(22.433804778234,-26.89441482678,6.5));
#10991 = CARTESIAN_POINT('',(21.680512926788,-27.26515879453,6.5));
#10992 = ORIENTED_EDGE('',*,*,#10993,.F.);
#10993 = EDGE_CURVE('',#10994,#10969,#10996,.T.);
#10994 = VERTEX_POINT('',#10995);
#10995 = CARTESIAN_POINT('',(21.5,-26.6,22.));
#10996 = B_SPLINE_CURVE_WITH_KNOTS('',1,(#10997,#10998),.UNSPECIFIED.,
  .F.,.F.,(2,2),(0.,22.),.PIECEWISE_BEZIER_KNOTS.);
#10997 = CARTESIAN_POINT('',(21.5,-26.6,22.));
#10998 = CARTESIAN_POINT('',(21.756211896085,-27.54409635353,0.));
#10999 = ORIENTED_EDGE('',*,*,#11000,.T.);
#11000 = EDGE_CURVE('',#10994,#10737,#11001,.T.);
#11001 = B_SPLINE_CURVE_WITH_KNOTS('',8,(#11002,#11003,#11004,#11005,
    #11006,#11007,#11008,#11009,#11010),.UNSPECIFIED.,.F.,.F.,(9,9),(3.,
    4.),.PIECEWISE_BEZIER_KNOTS.);
#11002 = CARTESIAN_POINT('',(21.5,-26.6,22.));
#11003 = CARTESIAN_POINT('',(24.3667032964,-26.6,22.));
#11004 = CARTESIAN_POINT('',(27.233407495163,-25.95671248116,22.));
#11005 = CARTESIAN_POINT('',(29.93169322129,-24.67014376172,22.));
#11006 = CARTESIAN_POINT('',(32.293177834388,-22.79317783438,22.));
#11007 = CARTESIAN_POINT('',(34.170143761721,-20.43169322129,22.));
#11008 = CARTESIAN_POINT('',(35.456712481167,-17.73340749516,22.));
#11009 = CARTESIAN_POINT('',(36.1,-14.8667032964,22.));
#11010 = CARTESIAN_POINT('',(36.1,-12.,22.));
#11011 = ORIENTED_EDGE('',*,*,#10781,.T.);
#11012 = B_SPLINE_SURFACE_WITH_KNOTS('',8,1,(
    (#11013,#11014)
    ,(#11015,#11016)
    ,(#11017,#11018)
    ,(#11019,#11020)
    ,(#11021,#11022)
    ,(#11023,#11024)
    ,(#11025,#11026)
    ,(#11027,#11028)
    ,(#11029,#11030
    )),.UNSPECIFIED.,.F.,.F.,.F.,(9,9),(2,2),(3.,4.),(0.,22.),
  .PIECEWISE_BEZIER_KNOTS.);
#11013 = CARTESIAN_POINT('',(21.5,-26.6,22.));
#11014 = CARTESIAN_POINT('',(21.756211896085,-27.54409635353,0.));
#11015 = CARTESIAN_POINT('',(24.3667032964,-26.6,22.));
#11016 = CARTESIAN_POINT('',(23.743640631871,-25.97428915604,0.));
#11017 = CARTESIAN_POINT('',(27.233407495163,-25.95671248116,22.));
#11018 = CARTESIAN_POINT('',(25.601619287947,-24.24059459532,0.));
#11019 = CARTESIAN_POINT('',(29.93169322129,-24.67014376172,22.));
#11020 = CARTESIAN_POINT('',(27.314382312964,-22.35546464532,0.));
#11021 = CARTESIAN_POINT('',(32.293177834388,-22.79317783438,22.));
#11022 = CARTESIAN_POINT('',(28.86759800766,-20.33317648446,0.));
#11023 = CARTESIAN_POINT('',(34.170143761721,-20.43169322129,22.));
#11024 = CARTESIAN_POINT('',(30.248639135301,-18.18961547447,0.));
#11025 = CARTESIAN_POINT('',(35.456712481167,-17.73340749516,22.));
#11026 = CARTESIAN_POINT('',(31.446801063432,-15.94202118229,0.));
#11027 = CARTESIAN_POINT('',(36.1,-14.8667032964,22.));
#11028 = CARTESIAN_POINT('',(32.453467436926,-13.60869644519,0.));
#11029 = CARTESIAN_POINT('',(36.1,-12.,22.));
#11030 = CARTESIAN_POINT('',(33.262223382335,-11.20867947903,0.));
#11031 = ADVANCED_FACE('',(#11032),#11038,.T.);
#11032 = FACE_BOUND('',#11033,.T.);
#11033 = EDGE_LOOP('',(#11034,#11035,#11036,#11037));
#11034 = ORIENTED_EDGE('',*,*,#7374,.F.);
#11035 = ORIENTED_EDGE('',*,*,#8855,.T.);
#11036 = ORIENTED_EDGE('',*,*,#8911,.T.);
#11037 = ORIENTED_EDGE('',*,*,#7383,.F.);
#11038 = CYLINDRICAL_SURFACE('',#11039,4.448558813737);
#11039 = AXIS2_PLACEMENT_3D('',#11040,#11041,#11042);
#11040 = CARTESIAN_POINT('',(31.425,-15.,0.));
#11041 = DIRECTION('',(0.,0.,-1.));
#11042 = DIRECTION('',(1.,0.,0.));
#11043 = ADVANCED_FACE('',(#11044),#11055,.F.);
#11044 = FACE_BOUND('',#11045,.F.);
#11045 = EDGE_LOOP('',(#11046,#11047,#11048,#11054));
#11046 = ORIENTED_EDGE('',*,*,#7406,.F.);
#11047 = ORIENTED_EDGE('',*,*,#10957,.F.);
#11048 = ORIENTED_EDGE('',*,*,#11049,.T.);
#11049 = EDGE_CURVE('',#10958,#9009,#11050,.T.);
#11050 = LINE('',#11051,#11052);
#11051 = CARTESIAN_POINT('',(27.404713670071,-20.45027747402,6.5));
#11052 = VECTOR('',#11053,1.);
#11053 = DIRECTION('',(0.414693242656,-0.909961270877,0.));
#11054 = ORIENTED_EDGE('',*,*,#9008,.T.);
#11055 = PLANE('',#11056);
#11056 = AXIS2_PLACEMENT_3D('',#11057,#11058,#11059);
#11057 = CARTESIAN_POINT('',(27.404713670071,-20.45027747402,0.));
#11058 = DIRECTION('',(0.909961270877,0.414693242656,0.));
#11059 = DIRECTION('',(0.414693242656,-0.909961270877,0.));
#11060 = ADVANCED_FACE('',(#11061),#11080,.F.);
#11061 = FACE_BOUND('',#11062,.F.);
#11062 = EDGE_LOOP('',(#11063,#11071,#11072,#11073));
#11063 = ORIENTED_EDGE('',*,*,#11064,.F.);
#11064 = EDGE_CURVE('',#7579,#11065,#11067,.T.);
#11065 = VERTEX_POINT('',#11066);
#11066 = CARTESIAN_POINT('',(33.025,-15.,19.));
#11067 = LINE('',#11068,#11069);
#11068 = CARTESIAN_POINT('',(33.025,-15.,0.));
#11069 = VECTOR('',#11070,1.);
#11070 = DIRECTION('',(0.,0.,1.));
#11071 = ORIENTED_EDGE('',*,*,#7578,.F.);
#11072 = ORIENTED_EDGE('',*,*,#11064,.T.);
#11073 = ORIENTED_EDGE('',*,*,#11074,.T.);
#11074 = EDGE_CURVE('',#11065,#11065,#11075,.T.);
#11075 = CIRCLE('',#11076,1.6);
#11076 = AXIS2_PLACEMENT_3D('',#11077,#11078,#11079);
#11077 = CARTESIAN_POINT('',(31.425,-15.,19.));
#11078 = DIRECTION('',(0.,0.,-1.));
#11079 = DIRECTION('',(1.,0.,0.));
#11080 = CYLINDRICAL_SURFACE('',#11081,1.6);
#11081 = AXIS2_PLACEMENT_3D('',#11082,#11083,#11084);
#11082 = CARTESIAN_POINT('',(31.425,-15.,0.));
#11083 = DIRECTION('',(0.,0.,-1.));
#11084 = DIRECTION('',(1.,0.,0.));
#11085 = ADVANCED_FACE('',(#11086),#11105,.F.);
#11086 = FACE_BOUND('',#11087,.F.);
#11087 = EDGE_LOOP('',(#11088,#11096,#11097,#11098));
#11088 = ORIENTED_EDGE('',*,*,#11089,.F.);
#11089 = EDGE_CURVE('',#7590,#11090,#11092,.T.);
#11090 = VERTEX_POINT('',#11091);
#11091 = CARTESIAN_POINT('',(33.025,15.,19.));
#11092 = LINE('',#11093,#11094);
#11093 = CARTESIAN_POINT('',(33.025,15.,0.));
#11094 = VECTOR('',#11095,1.);
#11095 = DIRECTION('',(0.,0.,1.));
#11096 = ORIENTED_EDGE('',*,*,#7589,.F.);
#11097 = ORIENTED_EDGE('',*,*,#11089,.T.);
#11098 = ORIENTED_EDGE('',*,*,#11099,.T.);
#11099 = EDGE_CURVE('',#11090,#11090,#11100,.T.);
#11100 = CIRCLE('',#11101,1.6);
#11101 = AXIS2_PLACEMENT_3D('',#11102,#11103,#11104);
#11102 = CARTESIAN_POINT('',(31.425,15.,19.));
#11103 = DIRECTION('',(0.,0.,-1.));
#11104 = DIRECTION('',(1.,0.,0.));
#11105 = CYLINDRICAL_SURFACE('',#11106,1.6);
#11106 = AXIS2_PLACEMENT_3D('',#11107,#11108,#11109);
#11107 = CARTESIAN_POINT('',(31.425,15.,0.));
#11108 = DIRECTION('',(0.,0.,-1.));
#11109 = DIRECTION('',(1.,0.,0.));
#11110 = ADVANCED_FACE('',(#11111),#11176,.T.);
#11111 = FACE_BOUND('',#11112,.T.);
#11112 = EDGE_LOOP('',(#11113,#11123,#11131,#11139,#11146,#11147,#11148,
    #11149,#11150,#11151,#11152,#11153,#11162,#11170));
#11113 = ORIENTED_EDGE('',*,*,#11114,.F.);
#11114 = EDGE_CURVE('',#11115,#11117,#11119,.T.);
#11115 = VERTEX_POINT('',#11116);
#11116 = CARTESIAN_POINT('',(-9.5,19.75,22.));
#11117 = VERTEX_POINT('',#11118);
#11118 = CARTESIAN_POINT('',(9.5,19.75,22.));
#11119 = LINE('',#11120,#11121);
#11120 = CARTESIAN_POINT('',(-9.5,19.75,22.));
#11121 = VECTOR('',#11122,1.);
#11122 = DIRECTION('',(1.,0.,0.));
#11123 = ORIENTED_EDGE('',*,*,#11124,.T.);
#11124 = EDGE_CURVE('',#11115,#11125,#11127,.T.);
#11125 = VERTEX_POINT('',#11126);
#11126 = CARTESIAN_POINT('',(-9.5,25.,22.));
#11127 = LINE('',#11128,#11129);
#11128 = CARTESIAN_POINT('',(-9.5,18.75,22.));
#11129 = VECTOR('',#11130,1.);
#11130 = DIRECTION('',(0.,1.,4.4E-16));
#11131 = ORIENTED_EDGE('',*,*,#11132,.F.);
#11132 = EDGE_CURVE('',#11133,#11125,#11135,.T.);
#11133 = VERTEX_POINT('',#11134);
#11134 = CARTESIAN_POINT('',(-22.42881448034,25.,22.));
#11135 = LINE('',#11136,#11137);
#11136 = CARTESIAN_POINT('',(-22.42881448034,25.,22.));
#11137 = VECTOR('',#11138,1.);
#11138 = DIRECTION('',(1.,0.,0.));
#11139 = ORIENTED_EDGE('',*,*,#11140,.T.);
#11140 = EDGE_CURVE('',#11133,#8124,#11141,.T.);
#11141 = CIRCLE('',#11142,5.);
#11142 = AXIS2_PLACEMENT_3D('',#11143,#11144,#11145);
#11143 = CARTESIAN_POINT('',(-22.42881448034,20.,22.));
#11144 = DIRECTION('',(0.,-4.4E-16,1.));
#11145 = DIRECTION('',(1.,0.,0.));
#11146 = ORIENTED_EDGE('',*,*,#8131,.F.);
#11147 = ORIENTED_EDGE('',*,*,#7845,.F.);
#11148 = ORIENTED_EDGE('',*,*,#7765,.F.);
#11149 = ORIENTED_EDGE('',*,*,#7648,.F.);
#11150 = ORIENTED_EDGE('',*,*,#8239,.F.);
#11151 = ORIENTED_EDGE('',*,*,#9708,.F.);
#11152 = ORIENTED_EDGE('',*,*,#9942,.F.);
#11153 = ORIENTED_EDGE('',*,*,#11154,.T.);
#11154 = EDGE_CURVE('',#9935,#11155,#11157,.T.);
#11155 = VERTEX_POINT('',#11156);
#11156 = CARTESIAN_POINT('',(23.40781448034,25.,22.));
#11157 = CIRCLE('',#11158,5.);
#11158 = AXIS2_PLACEMENT_3D('',#11159,#11160,#11161);
#11159 = CARTESIAN_POINT('',(23.40781448034,20.,22.));
#11160 = DIRECTION('',(0.,-4.4E-16,1.));
#11161 = DIRECTION('',(1.,0.,0.));
#11162 = ORIENTED_EDGE('',*,*,#11163,.T.);
#11163 = EDGE_CURVE('',#11155,#11164,#11166,.T.);
#11164 = VERTEX_POINT('',#11165);
#11165 = CARTESIAN_POINT('',(9.5,25.,22.));
#11166 = LINE('',#11167,#11168);
#11167 = CARTESIAN_POINT('',(6.507103271033,25.,22.));
#11168 = VECTOR('',#11169,1.);
#11169 = DIRECTION('',(-1.,-0.,-0.));
#11170 = ORIENTED_EDGE('',*,*,#11171,.F.);
#11171 = EDGE_CURVE('',#11117,#11164,#11172,.T.);
#11172 = LINE('',#11173,#11174);
#11173 = CARTESIAN_POINT('',(9.5,18.75,22.));
#11174 = VECTOR('',#11175,1.);
#11175 = DIRECTION('',(0.,1.,4.4E-16));
#11176 = PLANE('',#11177);
#11177 = AXIS2_PLACEMENT_3D('',#11178,#11179,#11180);
#11178 = CARTESIAN_POINT('',(0.462375836513,23.77046791483,22.));
#11179 = DIRECTION('',(0.,2.6E-16,-1.));
#11180 = DIRECTION('',(0.,-1.,-2.6E-16));
#11181 = ADVANCED_FACE('',(#11182),#11198,.T.);
#11182 = FACE_BOUND('',#11183,.T.);
#11183 = EDGE_LOOP('',(#11184,#11185,#11197));
#11184 = ORIENTED_EDGE('',*,*,#8060,.F.);
#11185 = ORIENTED_EDGE('',*,*,#11186,.T.);
#11186 = EDGE_CURVE('',#8061,#8277,#11187,.T.);
#11187 = B_SPLINE_CURVE_WITH_KNOTS('',8,(#11188,#11189,#11190,#11191,
    #11192,#11193,#11194,#11195,#11196),.UNSPECIFIED.,.F.,.F.,(9,9),(8.,
    9.),.PIECEWISE_BEZIER_KNOTS.);
#11188 = CARTESIAN_POINT('',(-20.521,26.6,22.));
#11189 = CARTESIAN_POINT('',(-23.3877032964,26.6,22.));
#11190 = CARTESIAN_POINT('',(-26.25440749515,25.956712481165,22.));
#11191 = CARTESIAN_POINT('',(-28.95269322129,24.670143761725,22.));
#11192 = CARTESIAN_POINT('',(-31.31417783438,22.793177834384,22.));
#11193 = CARTESIAN_POINT('',(-33.19114376172,20.431693221294,22.));
#11194 = CARTESIAN_POINT('',(-34.47771248116,17.73340749516,22.));
#11195 = CARTESIAN_POINT('',(-35.121,14.866703296401,22.));
#11196 = CARTESIAN_POINT('',(-35.121,12.,22.));
#11197 = ORIENTED_EDGE('',*,*,#8276,.T.);
#11198 = B_SPLINE_SURFACE_WITH_KNOTS('',8,1,(
    (#11199,#11200)
    ,(#11201,#11202)
    ,(#11203,#11204)
    ,(#11205,#11206)
    ,(#11207,#11208)
    ,(#11209,#11210)
    ,(#11211,#11212)
    ,(#11213,#11214)
    ,(#11215,#11216
    )),.UNSPECIFIED.,.F.,.F.,.F.,(9,9),(2,2),(8.,9.),(0.,22.),
  .PIECEWISE_BEZIER_KNOTS.);
#11199 = CARTESIAN_POINT('',(-20.521,26.6,22.));
#11200 = CARTESIAN_POINT('',(-21.75621189608,27.544096353532,0.));
#11201 = CARTESIAN_POINT('',(-23.3877032964,26.6,22.));
#11202 = CARTESIAN_POINT('',(-23.74364063187,25.974289156042,0.));
#11203 = CARTESIAN_POINT('',(-26.25440749515,25.956712481165,22.));
#11204 = CARTESIAN_POINT('',(-25.60161928794,24.240594595325,0.));
#11205 = CARTESIAN_POINT('',(-28.95269322129,24.670143761725,22.));
#11206 = CARTESIAN_POINT('',(-27.31438231296,22.355464645322,0.));
#11207 = CARTESIAN_POINT('',(-31.31417783438,22.793177834384,22.));
#11208 = CARTESIAN_POINT('',(-28.86759800766,20.333176484467,0.));
#11209 = CARTESIAN_POINT('',(-33.19114376172,20.431693221294,22.));
#11210 = CARTESIAN_POINT('',(-30.2486391353,18.189615474478,0.));
#11211 = CARTESIAN_POINT('',(-34.47771248116,17.73340749516,22.));
#11212 = CARTESIAN_POINT('',(-31.44680106343,15.942021182297,0.));
#11213 = CARTESIAN_POINT('',(-35.121,14.866703296401,22.));
#11214 = CARTESIAN_POINT('',(-32.45346743692,13.608696445196,0.));
#11215 = CARTESIAN_POINT('',(-35.121,12.,22.));
#11216 = CARTESIAN_POINT('',(-33.26222338233,11.208679479031,0.));
#11217 = ADVANCED_FACE('',(#11218),#11229,.T.);
#11218 = FACE_BOUND('',#11219,.T.);
#11219 = EDGE_LOOP('',(#11220,#11221,#11227,#11228));
#11220 = ORIENTED_EDGE('',*,*,#8097,.F.);
#11221 = ORIENTED_EDGE('',*,*,#11222,.F.);
#11222 = EDGE_CURVE('',#8418,#8098,#11223,.T.);
#11223 = LINE('',#11224,#11225);
#11224 = CARTESIAN_POINT('',(-36.521,12.664776627142,22.));
#11225 = VECTOR('',#11226,1.);
#11226 = DIRECTION('',(1.,3.71795E-11,0.));
#11227 = ORIENTED_EDGE('',*,*,#8426,.F.);
#11228 = ORIENTED_EDGE('',*,*,#11186,.F.);
#11229 = PLANE('',#11230);
#11230 = AXIS2_PLACEMENT_3D('',#11231,#11232,#11233);
#11231 = CARTESIAN_POINT('',(-0.485793457933,-3.911E-14,22.));
#11232 = DIRECTION('',(-0.,-0.,-1.));
#11233 = DIRECTION('',(-1.,0.,0.));
#11234 = ADVANCED_FACE('',(#11235),#11246,.T.);
#11235 = FACE_BOUND('',#11236,.T.);
#11236 = EDGE_LOOP('',(#11237,#11243,#11244,#11245));
#11237 = ORIENTED_EDGE('',*,*,#11238,.T.);
#11238 = EDGE_CURVE('',#8752,#8418,#11239,.T.);
#11239 = LINE('',#11240,#11241);
#11240 = CARTESIAN_POINT('',(-34.52099999999,12.664776627142,30.));
#11241 = VECTOR('',#11242,1.);
#11242 = DIRECTION('',(-0.,6.7E-16,-1.));
#11243 = ORIENTED_EDGE('',*,*,#11222,.T.);
#11244 = ORIENTED_EDGE('',*,*,#8106,.T.);
#11245 = ORIENTED_EDGE('',*,*,#8759,.T.);
#11246 = PLANE('',#11247);
#11247 = AXIS2_PLACEMENT_3D('',#11248,#11249,#11250);
#11248 = CARTESIAN_POINT('',(-35.02939316168,12.664776627155,
    15.677764387664));
#11249 = DIRECTION('',(2.499205E-11,-1.,2.50944E-12));
#11250 = DIRECTION('',(-1.,-2.499205E-11,0.));
#11251 = ADVANCED_FACE('',(#11252),#11263,.F.);
#11252 = FACE_BOUND('',#11253,.T.);
#11253 = EDGE_LOOP('',(#11254,#11255,#11261,#11262));
#11254 = ORIENTED_EDGE('',*,*,#11140,.F.);
#11255 = ORIENTED_EDGE('',*,*,#11256,.T.);
#11256 = EDGE_CURVE('',#11133,#8767,#11257,.T.);
#11257 = LINE('',#11258,#11259);
#11258 = CARTESIAN_POINT('',(-22.42881448034,25.,22.));
#11259 = VECTOR('',#11260,1.);
#11260 = DIRECTION('',(0.,-4.4E-16,1.));
#11261 = ORIENTED_EDGE('',*,*,#8766,.T.);
#11262 = ORIENTED_EDGE('',*,*,#8123,.F.);
#11263 = CYLINDRICAL_SURFACE('',#11264,5.);
#11264 = AXIS2_PLACEMENT_3D('',#11265,#11266,#11267);
#11265 = CARTESIAN_POINT('',(-22.42881448034,20.,22.));
#11266 = DIRECTION('',(0.,4.4E-16,-1.));
#11267 = DIRECTION('',(1.,0.,0.));
#11268 = ADVANCED_FACE('',(#11269,#11272),#11275,.T.);
#11269 = FACE_BOUND('',#11270,.T.);
#11270 = EDGE_LOOP('',(#11271));
#11271 = ORIENTED_EDGE('',*,*,#9666,.T.);
#11272 = FACE_BOUND('',#11273,.T.);
#11273 = EDGE_LOOP('',(#11274));
#11274 = ORIENTED_EDGE('',*,*,#8176,.T.);
#11275 = PLANE('',#11276);
#11276 = AXIS2_PLACEMENT_3D('',#11277,#11278,#11279);
#11277 = CARTESIAN_POINT('',(0.4895,4.6E-16,19.));
#11278 = DIRECTION('',(0.,0.,1.));
#11279 = DIRECTION('',(1.,0.,0.));
#11280 = ADVANCED_FACE('',(#11281),#11322,.F.);
#11281 = FACE_BOUND('',#11282,.F.);
#11282 = EDGE_LOOP('',(#11283,#11289,#11297,#11305,#11313,#11320,#11321)
  );
#11283 = ORIENTED_EDGE('',*,*,#11284,.T.);
#11284 = EDGE_CURVE('',#8369,#9572,#11285,.T.);
#11285 = LINE('',#11286,#11287);
#11286 = CARTESIAN_POINT('',(-36.52099999999,-12.66477662714,22.));
#11287 = VECTOR('',#11288,1.);
#11288 = DIRECTION('',(1.,0.,0.));
#11289 = ORIENTED_EDGE('',*,*,#11290,.T.);
#11290 = EDGE_CURVE('',#9572,#11291,#11293,.T.);
#11291 = VERTEX_POINT('',#11292);
#11292 = CARTESIAN_POINT('',(-35.99668617016,-12.66477662714,22.));
#11293 = LINE('',#11294,#11295);
#11294 = CARTESIAN_POINT('',(-36.521,-12.66477662714,22.));
#11295 = VECTOR('',#11296,1.);
#11296 = DIRECTION('',(1.,-3.71795E-11,0.));
#11297 = ORIENTED_EDGE('',*,*,#11298,.T.);
#11298 = EDGE_CURVE('',#11291,#11299,#11301,.T.);
#11299 = VERTEX_POINT('',#11300);
#11300 = CARTESIAN_POINT('',(-35.10585761715,-12.66477662714,22.));
#11301 = LINE('',#11302,#11303);
#11302 = CARTESIAN_POINT('',(-36.52099999999,-12.66477662714,22.));
#11303 = VECTOR('',#11304,1.);
#11304 = DIRECTION('',(1.,0.,0.));
#11305 = ORIENTED_EDGE('',*,*,#11306,.T.);
#11306 = EDGE_CURVE('',#11299,#11307,#11309,.T.);
#11307 = VERTEX_POINT('',#11308);
#11308 = CARTESIAN_POINT('',(-34.52099999999,-12.66477662714,22.));
#11309 = LINE('',#11310,#11311);
#11310 = CARTESIAN_POINT('',(-36.521,-12.66477662714,22.));
#11311 = VECTOR('',#11312,1.);
#11312 = DIRECTION('',(1.,-3.71795E-11,0.));
#11313 = ORIENTED_EDGE('',*,*,#11314,.T.);
#11314 = EDGE_CURVE('',#11307,#8736,#11315,.T.);
#11315 = CIRCLE('',#11316,8.);
#11316 = AXIS2_PLACEMENT_3D('',#11317,#11318,#11319);
#11317 = CARTESIAN_POINT('',(-34.52099999999,-4.664776627142,22.));
#11318 = DIRECTION('',(-1.,0.,0.));
#11319 = DIRECTION('',(0.,-1.,0.));
#11320 = ORIENTED_EDGE('',*,*,#8743,.F.);
#11321 = ORIENTED_EDGE('',*,*,#8368,.F.);
#11322 = CYLINDRICAL_SURFACE('',#11323,8.);
#11323 = AXIS2_PLACEMENT_3D('',#11324,#11325,#11326);
#11324 = CARTESIAN_POINT('',(-36.52099999999,-4.664776627142,22.));
#11325 = DIRECTION('',(-1.,0.,0.));
#11326 = DIRECTION('',(0.,-1.,0.));
#11327 = ADVANCED_FACE('',(#11328),#11339,.F.);
#11328 = FACE_BOUND('',#11329,.F.);
#11329 = EDGE_LOOP('',(#11330,#11331,#11337,#11338));
#11330 = ORIENTED_EDGE('',*,*,#8377,.F.);
#11331 = ORIENTED_EDGE('',*,*,#11332,.T.);
#11332 = EDGE_CURVE('',#8378,#9570,#11333,.T.);
#11333 = LINE('',#11334,#11335);
#11334 = CARTESIAN_POINT('',(-36.52099999999,-12.66477662714,30.));
#11335 = VECTOR('',#11336,1.);
#11336 = DIRECTION('',(1.,0.,0.));
#11337 = ORIENTED_EDGE('',*,*,#9569,.T.);
#11338 = ORIENTED_EDGE('',*,*,#11284,.F.);
#11339 = PLANE('',#11340);
#11340 = AXIS2_PLACEMENT_3D('',#11341,#11342,#11343);
#11341 = CARTESIAN_POINT('',(-36.52099999999,-12.66477662714,30.));
#11342 = DIRECTION('',(0.,1.,0.));
#11343 = DIRECTION('',(0.,0.,-1.));
#11344 = ADVANCED_FACE('',(#11345),#11350,.F.);
#11345 = FACE_BOUND('',#11346,.F.);
#11346 = EDGE_LOOP('',(#11347,#11348,#11349));
#11347 = ORIENTED_EDGE('',*,*,#8385,.F.);
#11348 = ORIENTED_EDGE('',*,*,#9579,.F.);
#11349 = ORIENTED_EDGE('',*,*,#11332,.F.);
#11350 = PLANE('',#11351);
#11351 = AXIS2_PLACEMENT_3D('',#11352,#11353,#11354);
#11352 = CARTESIAN_POINT('',(-36.52099999999,-12.,31.2));
#11353 = DIRECTION('',(0.,0.874741534618,-0.484589772502));
#11354 = DIRECTION('',(0.,-0.484589772502,-0.874741534618));
#11355 = ADVANCED_FACE('',(#11356),#11361,.T.);
#11356 = FACE_BOUND('',#11357,.T.);
#11357 = EDGE_LOOP('',(#11358,#11359,#11360));
#11358 = ORIENTED_EDGE('',*,*,#11238,.F.);
#11359 = ORIENTED_EDGE('',*,*,#8751,.T.);
#11360 = ORIENTED_EDGE('',*,*,#8417,.T.);
#11361 = PLANE('',#11362);
#11362 = AXIS2_PLACEMENT_3D('',#11363,#11364,#11365);
#11363 = CARTESIAN_POINT('',(-34.52099999999,-2.4784E-13,28.586992545065
    ));
#11364 = DIRECTION('',(1.,0.,0.));
#11365 = DIRECTION('',(0.,0.,1.));
#11366 = ADVANCED_FACE('',(#11367),#11386,.T.);
#11367 = FACE_BOUND('',#11368,.T.);
#11368 = EDGE_LOOP('',(#11369,#11370,#11378,#11385));
#11369 = ORIENTED_EDGE('',*,*,#8538,.T.);
#11370 = ORIENTED_EDGE('',*,*,#11371,.T.);
#11371 = EDGE_CURVE('',#8531,#11372,#11374,.T.);
#11372 = VERTEX_POINT('',#11373);
#11373 = CARTESIAN_POINT('',(-13.5,19.75,26.));
#11374 = LINE('',#11375,#11376);
#11375 = CARTESIAN_POINT('',(-13.5,19.75,30.));
#11376 = VECTOR('',#11377,1.);
#11377 = DIRECTION('',(0.,4.4E-16,-1.));
#11378 = ORIENTED_EDGE('',*,*,#11379,.F.);
#11379 = EDGE_CURVE('',#8506,#11372,#11380,.T.);
#11380 = CIRCLE('',#11381,1.);
#11381 = AXIS2_PLACEMENT_3D('',#11382,#11383,#11384);
#11382 = CARTESIAN_POINT('',(-12.5,19.75,26.));
#11383 = DIRECTION('',(0.,4.4E-16,-1.));
#11384 = DIRECTION('',(0.,-1.,-4.4E-16));
#11385 = ORIENTED_EDGE('',*,*,#8514,.F.);
#11386 = CYLINDRICAL_SURFACE('',#11387,1.);
#11387 = AXIS2_PLACEMENT_3D('',#11388,#11389,#11390);
#11388 = CARTESIAN_POINT('',(-12.5,19.75,30.));
#11389 = DIRECTION('',(0.,4.4E-16,-1.));
#11390 = DIRECTION('',(0.,-1.,-4.4E-16));
#11391 = ADVANCED_FACE('',(#11392),#11410,.T.);
#11392 = FACE_BOUND('',#11393,.F.);
#11393 = EDGE_LOOP('',(#11394,#11395,#11396,#11403));
#11394 = ORIENTED_EDGE('',*,*,#11379,.F.);
#11395 = ORIENTED_EDGE('',*,*,#8505,.T.);
#11396 = ORIENTED_EDGE('',*,*,#11397,.T.);
#11397 = EDGE_CURVE('',#8498,#11115,#11398,.T.);
#11398 = CIRCLE('',#11399,1.);
#11399 = AXIS2_PLACEMENT_3D('',#11400,#11401,#11402);
#11400 = CARTESIAN_POINT('',(-9.5,19.75,23.));
#11401 = DIRECTION('',(1.,0.,-6.E-17));
#11402 = DIRECTION('',(-6.E-17,-0.,-1.));
#11403 = ORIENTED_EDGE('',*,*,#11404,.F.);
#11404 = EDGE_CURVE('',#11372,#11115,#11405,.T.);
#11405 = CIRCLE('',#11406,4.);
#11406 = AXIS2_PLACEMENT_3D('',#11407,#11408,#11409);
#11407 = CARTESIAN_POINT('',(-9.5,19.75,26.));
#11408 = DIRECTION('',(-0.,-1.,-0.));
#11409 = DIRECTION('',(-1.,0.,0.));
#11410 = TOROIDAL_SURFACE('',#11411,3.,1.);
#11411 = AXIS2_PLACEMENT_3D('',#11412,#11413,#11414);
#11412 = CARTESIAN_POINT('',(-9.5,19.75,26.));
#11413 = DIRECTION('',(0.,1.,0.));
#11414 = DIRECTION('',(-1.,0.,0.));
#11415 = ADVANCED_FACE('',(#11416),#11428,.T.);
#11416 = FACE_BOUND('',#11417,.T.);
#11417 = EDGE_LOOP('',(#11418,#11419,#11420,#11427));
#11418 = ORIENTED_EDGE('',*,*,#11397,.T.);
#11419 = ORIENTED_EDGE('',*,*,#11114,.T.);
#11420 = ORIENTED_EDGE('',*,*,#11421,.F.);
#11421 = EDGE_CURVE('',#8489,#11117,#11422,.T.);
#11422 = CIRCLE('',#11423,1.);
#11423 = AXIS2_PLACEMENT_3D('',#11424,#11425,#11426);
#11424 = CARTESIAN_POINT('',(9.5,19.75,23.));
#11425 = DIRECTION('',(1.,0.,0.));
#11426 = DIRECTION('',(0.,-1.,0.));
#11427 = ORIENTED_EDGE('',*,*,#8497,.F.);
#11428 = CYLINDRICAL_SURFACE('',#11429,1.);
#11429 = AXIS2_PLACEMENT_3D('',#11430,#11431,#11432);
#11430 = CARTESIAN_POINT('',(-9.5,19.75,23.));
#11431 = DIRECTION('',(1.,0.,0.));
#11432 = DIRECTION('',(0.,-1.,0.));
#11433 = ADVANCED_FACE('',(#11434),#11454,.T.);
#11434 = FACE_BOUND('',#11435,.F.);
#11435 = EDGE_LOOP('',(#11436,#11437,#11438,#11447));
#11436 = ORIENTED_EDGE('',*,*,#11421,.F.);
#11437 = ORIENTED_EDGE('',*,*,#8488,.T.);
#11438 = ORIENTED_EDGE('',*,*,#11439,.T.);
#11439 = EDGE_CURVE('',#8481,#11440,#11442,.T.);
#11440 = VERTEX_POINT('',#11441);
#11441 = CARTESIAN_POINT('',(13.5,19.75,26.));
#11442 = CIRCLE('',#11443,1.);
#11443 = AXIS2_PLACEMENT_3D('',#11444,#11445,#11446);
#11444 = CARTESIAN_POINT('',(12.5,19.75,26.));
#11445 = DIRECTION('',(6.E-17,-0.,1.));
#11446 = DIRECTION('',(1.,0.,-6.E-17));
#11447 = ORIENTED_EDGE('',*,*,#11448,.F.);
#11448 = EDGE_CURVE('',#11117,#11440,#11449,.T.);
#11449 = CIRCLE('',#11450,4.);
#11450 = AXIS2_PLACEMENT_3D('',#11451,#11452,#11453);
#11451 = CARTESIAN_POINT('',(9.5,19.75,26.));
#11452 = DIRECTION('',(0.,-1.,0.));
#11453 = DIRECTION('',(0.,0.,-1.));
#11454 = TOROIDAL_SURFACE('',#11455,3.,1.);
#11455 = AXIS2_PLACEMENT_3D('',#11456,#11457,#11458);
#11456 = CARTESIAN_POINT('',(9.5,19.75,26.));
#11457 = DIRECTION('',(0.,1.,0.));
#11458 = DIRECTION('',(0.,0.,-1.));
#11459 = ADVANCED_FACE('',(#11460),#11471,.T.);
#11460 = FACE_BOUND('',#11461,.T.);
#11461 = EDGE_LOOP('',(#11462,#11463,#11469,#11470));
#11462 = ORIENTED_EDGE('',*,*,#11439,.T.);
#11463 = ORIENTED_EDGE('',*,*,#11464,.T.);
#11464 = EDGE_CURVE('',#11440,#8551,#11465,.T.);
#11465 = LINE('',#11466,#11467);
#11466 = CARTESIAN_POINT('',(13.5,19.75,26.));
#11467 = VECTOR('',#11468,1.);
#11468 = DIRECTION('',(0.,-4.4E-16,1.));
#11469 = ORIENTED_EDGE('',*,*,#8550,.F.);
#11470 = ORIENTED_EDGE('',*,*,#8480,.F.);
#11471 = CYLINDRICAL_SURFACE('',#11472,1.);
#11472 = AXIS2_PLACEMENT_3D('',#11473,#11474,#11475);
#11473 = CARTESIAN_POINT('',(12.5,19.75,26.));
#11474 = DIRECTION('',(0.,-4.4E-16,1.));
#11475 = DIRECTION('',(0.,-1.,-4.4E-16));
#11476 = ADVANCED_FACE('',(#11477),#11495,.F.);
#11477 = FACE_BOUND('',#11478,.T.);
#11478 = EDGE_LOOP('',(#11479,#11487,#11488,#11489));
#11479 = ORIENTED_EDGE('',*,*,#11480,.F.);
#11480 = EDGE_CURVE('',#11372,#11481,#11483,.T.);
#11481 = VERTEX_POINT('',#11482);
#11482 = CARTESIAN_POINT('',(-13.5,25.,26.));
#11483 = LINE('',#11484,#11485);
#11484 = CARTESIAN_POINT('',(-13.5,18.75,26.));
#11485 = VECTOR('',#11486,1.);
#11486 = DIRECTION('',(0.,1.,4.4E-16));
#11487 = ORIENTED_EDGE('',*,*,#11371,.F.);
#11488 = ORIENTED_EDGE('',*,*,#8528,.F.);
#11489 = ORIENTED_EDGE('',*,*,#11490,.F.);
#11490 = EDGE_CURVE('',#11481,#8529,#11491,.T.);
#11491 = LINE('',#11492,#11493);
#11492 = CARTESIAN_POINT('',(-13.5,25.,22.));
#11493 = VECTOR('',#11494,1.);
#11494 = DIRECTION('',(0.,-4.4E-16,1.));
#11495 = PLANE('',#11496);
#11496 = AXIS2_PLACEMENT_3D('',#11497,#11498,#11499);
#11497 = CARTESIAN_POINT('',(-13.5,18.75,22.));
#11498 = DIRECTION('',(1.,0.,0.));
#11499 = DIRECTION('',(0.,-1.,-4.4E-16));
#11500 = ADVANCED_FACE('',(#11501),#11519,.T.);
#11501 = FACE_BOUND('',#11502,.F.);
#11502 = EDGE_LOOP('',(#11503,#11511,#11512,#11513));
#11503 = ORIENTED_EDGE('',*,*,#11504,.F.);
#11504 = EDGE_CURVE('',#11440,#11505,#11507,.T.);
#11505 = VERTEX_POINT('',#11506);
#11506 = CARTESIAN_POINT('',(13.5,25.,26.));
#11507 = LINE('',#11508,#11509);
#11508 = CARTESIAN_POINT('',(13.5,18.75,26.));
#11509 = VECTOR('',#11510,1.);
#11510 = DIRECTION('',(0.,1.,4.4E-16));
#11511 = ORIENTED_EDGE('',*,*,#11464,.T.);
#11512 = ORIENTED_EDGE('',*,*,#8559,.F.);
#11513 = ORIENTED_EDGE('',*,*,#11514,.F.);
#11514 = EDGE_CURVE('',#11505,#8560,#11515,.T.);
#11515 = LINE('',#11516,#11517);
#11516 = CARTESIAN_POINT('',(13.5,25.,22.));
#11517 = VECTOR('',#11518,1.);
#11518 = DIRECTION('',(0.,-4.4E-16,1.));
#11519 = PLANE('',#11520);
#11520 = AXIS2_PLACEMENT_3D('',#11521,#11522,#11523);
#11521 = CARTESIAN_POINT('',(13.5,18.75,22.));
#11522 = DIRECTION('',(1.,0.,0.));
#11523 = DIRECTION('',(0.,-1.,-4.4E-16));
#11524 = ADVANCED_FACE('',(#11525),#11543,.T.);
#11525 = FACE_BOUND('',#11526,.F.);
#11526 = EDGE_LOOP('',(#11527,#11528,#11529,#11535,#11536));
#11527 = ORIENTED_EDGE('',*,*,#11514,.T.);
#11528 = ORIENTED_EDGE('',*,*,#8567,.F.);
#11529 = ORIENTED_EDGE('',*,*,#11530,.F.);
#11530 = EDGE_CURVE('',#11155,#8568,#11531,.T.);
#11531 = LINE('',#11532,#11533);
#11532 = CARTESIAN_POINT('',(23.40781448034,25.,22.));
#11533 = VECTOR('',#11534,1.);
#11534 = DIRECTION('',(0.,-4.4E-16,1.));
#11535 = ORIENTED_EDGE('',*,*,#11163,.T.);
#11536 = ORIENTED_EDGE('',*,*,#11537,.T.);
#11537 = EDGE_CURVE('',#11164,#11505,#11538,.T.);
#11538 = CIRCLE('',#11539,4.);
#11539 = AXIS2_PLACEMENT_3D('',#11540,#11541,#11542);
#11540 = CARTESIAN_POINT('',(9.5,25.,26.));
#11541 = DIRECTION('',(-0.,-1.,-4.4E-16));
#11542 = DIRECTION('',(0.,-4.4E-16,1.));
#11543 = PLANE('',#11544);
#11544 = AXIS2_PLACEMENT_3D('',#11545,#11546,#11547);
#11545 = CARTESIAN_POINT('',(13.5,25.,22.));
#11546 = DIRECTION('',(-0.,-1.,-4.4E-16));
#11547 = DIRECTION('',(-1.,0.,0.));
#11548 = ADVANCED_FACE('',(#11549),#11555,.F.);
#11549 = FACE_BOUND('',#11550,.T.);
#11550 = EDGE_LOOP('',(#11551,#11552,#11553,#11554));
#11551 = ORIENTED_EDGE('',*,*,#11154,.F.);
#11552 = ORIENTED_EDGE('',*,*,#9934,.T.);
#11553 = ORIENTED_EDGE('',*,*,#8575,.T.);
#11554 = ORIENTED_EDGE('',*,*,#11530,.F.);
#11555 = CYLINDRICAL_SURFACE('',#11556,5.);
#11556 = AXIS2_PLACEMENT_3D('',#11557,#11558,#11559);
#11557 = CARTESIAN_POINT('',(23.40781448034,20.,22.));
#11558 = DIRECTION('',(0.,4.4E-16,-1.));
#11559 = DIRECTION('',(1.,0.,0.));
#11560 = ADVANCED_FACE('',(#11561),#11572,.T.);
#11561 = FACE_BOUND('',#11562,.T.);
#11562 = EDGE_LOOP('',(#11563,#11569,#11570,#11571));
#11563 = ORIENTED_EDGE('',*,*,#11564,.F.);
#11564 = EDGE_CURVE('',#10658,#10011,#11565,.T.);
#11565 = LINE('',#11566,#11567);
#11566 = CARTESIAN_POINT('',(31.5,-10.55207345842,22.));
#11567 = VECTOR('',#11568,1.);
#11568 = DIRECTION('',(0.,1.,0.));
#11569 = ORIENTED_EDGE('',*,*,#10657,.T.);
#11570 = ORIENTED_EDGE('',*,*,#8593,.T.);
#11571 = ORIENTED_EDGE('',*,*,#10019,.F.);
#11572 = PLANE('',#11573);
#11573 = AXIS2_PLACEMENT_3D('',#11574,#11575,#11576);
#11574 = CARTESIAN_POINT('',(31.5,-4.83E-15,26.));
#11575 = DIRECTION('',(-1.,-0.,-0.));
#11576 = DIRECTION('',(0.,0.,-1.));
#11577 = ADVANCED_FACE('',(#11578),#11597,.F.);
#11578 = FACE_BOUND('',#11579,.F.);
#11579 = EDGE_LOOP('',(#11580,#11589,#11590,#11591));
#11580 = ORIENTED_EDGE('',*,*,#11581,.F.);
#11581 = EDGE_CURVE('',#10649,#11582,#11584,.T.);
#11582 = VERTEX_POINT('',#11583);
#11583 = CARTESIAN_POINT('',(23.40781448034,-25.,22.));
#11584 = CIRCLE('',#11585,5.);
#11585 = AXIS2_PLACEMENT_3D('',#11586,#11587,#11588);
#11586 = CARTESIAN_POINT('',(23.40781448034,-20.,22.));
#11587 = DIRECTION('',(0.,0.,-1.));
#11588 = DIRECTION('',(1.,0.,0.));
#11589 = ORIENTED_EDGE('',*,*,#10648,.T.);
#11590 = ORIENTED_EDGE('',*,*,#8610,.T.);
#11591 = ORIENTED_EDGE('',*,*,#11592,.F.);
#11592 = EDGE_CURVE('',#11582,#8611,#11593,.T.);
#11593 = LINE('',#11594,#11595);
#11594 = CARTESIAN_POINT('',(23.40781448034,-25.,22.));
#11595 = VECTOR('',#11596,1.);
#11596 = DIRECTION('',(0.,0.,1.));
#11597 = CYLINDRICAL_SURFACE('',#11598,5.);
#11598 = AXIS2_PLACEMENT_3D('',#11599,#11600,#11601);
#11599 = CARTESIAN_POINT('',(23.40781448034,-20.,22.));
#11600 = DIRECTION('',(0.,0.,-1.));
#11601 = DIRECTION('',(1.,0.,0.));
#11602 = ADVANCED_FACE('',(#11603),#11630,.T.);
#11603 = FACE_BOUND('',#11604,.T.);
#11604 = EDGE_LOOP('',(#11605,#11613,#11614,#11615,#11623));
#11605 = ORIENTED_EDGE('',*,*,#11606,.T.);
#11606 = EDGE_CURVE('',#11607,#8620,#11609,.T.);
#11607 = VERTEX_POINT('',#11608);
#11608 = CARTESIAN_POINT('',(13.5,-25.,26.));
#11609 = LINE('',#11610,#11611);
#11610 = CARTESIAN_POINT('',(13.5,-25.,22.));
#11611 = VECTOR('',#11612,1.);
#11612 = DIRECTION('',(0.,0.,1.));
#11613 = ORIENTED_EDGE('',*,*,#8619,.F.);
#11614 = ORIENTED_EDGE('',*,*,#11592,.F.);
#11615 = ORIENTED_EDGE('',*,*,#11616,.T.);
#11616 = EDGE_CURVE('',#11582,#11617,#11619,.T.);
#11617 = VERTEX_POINT('',#11618);
#11618 = CARTESIAN_POINT('',(9.5,-25.,22.));
#11619 = LINE('',#11620,#11621);
#11620 = CARTESIAN_POINT('',(6.507103271033,-25.,22.));
#11621 = VECTOR('',#11622,1.);
#11622 = DIRECTION('',(-1.,-0.,-0.));
#11623 = ORIENTED_EDGE('',*,*,#11624,.T.);
#11624 = EDGE_CURVE('',#11617,#11607,#11625,.T.);
#11625 = CIRCLE('',#11626,4.);
#11626 = AXIS2_PLACEMENT_3D('',#11627,#11628,#11629);
#11627 = CARTESIAN_POINT('',(9.5,-25.,26.));
#11628 = DIRECTION('',(0.,-1.,0.));
#11629 = DIRECTION('',(0.,0.,-1.));
#11630 = PLANE('',#11631);
#11631 = AXIS2_PLACEMENT_3D('',#11632,#11633,#11634);
#11632 = CARTESIAN_POINT('',(13.5,-25.,22.));
#11633 = DIRECTION('',(0.,1.,0.));
#11634 = DIRECTION('',(1.,0.,0.));
#11635 = ADVANCED_FACE('',(#11636),#11654,.T.);
#11636 = FACE_BOUND('',#11637,.T.);
#11637 = EDGE_LOOP('',(#11638,#11646,#11652,#11653));
#11638 = ORIENTED_EDGE('',*,*,#11639,.F.);
#11639 = EDGE_CURVE('',#11640,#11607,#11642,.T.);
#11640 = VERTEX_POINT('',#11641);
#11641 = CARTESIAN_POINT('',(13.5,-19.75,26.));
#11642 = LINE('',#11643,#11644);
#11643 = CARTESIAN_POINT('',(13.5,-18.75,26.));
#11644 = VECTOR('',#11645,1.);
#11645 = DIRECTION('',(0.,-1.,0.));
#11646 = ORIENTED_EDGE('',*,*,#11647,.T.);
#11647 = EDGE_CURVE('',#11640,#8628,#11648,.T.);
#11648 = LINE('',#11649,#11650);
#11649 = CARTESIAN_POINT('',(13.5,-19.75,26.));
#11650 = VECTOR('',#11651,1.);
#11651 = DIRECTION('',(0.,0.,1.));
#11652 = ORIENTED_EDGE('',*,*,#8627,.F.);
#11653 = ORIENTED_EDGE('',*,*,#11606,.F.);
#11654 = PLANE('',#11655);
#11655 = AXIS2_PLACEMENT_3D('',#11656,#11657,#11658);
#11656 = CARTESIAN_POINT('',(13.5,-18.75,22.));
#11657 = DIRECTION('',(1.,0.,0.));
#11658 = DIRECTION('',(0.,-1.,0.));
#11659 = ADVANCED_FACE('',(#11660),#11679,.T.);
#11660 = FACE_BOUND('',#11661,.F.);
#11661 = EDGE_LOOP('',(#11662,#11671,#11672,#11673));
#11662 = ORIENTED_EDGE('',*,*,#11663,.T.);
#11663 = EDGE_CURVE('',#11664,#11640,#11666,.T.);
#11664 = VERTEX_POINT('',#11665);
#11665 = CARTESIAN_POINT('',(12.5,-18.75,26.));
#11666 = CIRCLE('',#11667,1.);
#11667 = AXIS2_PLACEMENT_3D('',#11668,#11669,#11670);
#11668 = CARTESIAN_POINT('',(12.5,-19.75,26.));
#11669 = DIRECTION('',(-6.E-17,-0.,-1.));
#11670 = DIRECTION('',(1.,0.,-6.E-17));
#11671 = ORIENTED_EDGE('',*,*,#11647,.T.);
#11672 = ORIENTED_EDGE('',*,*,#8635,.F.);
#11673 = ORIENTED_EDGE('',*,*,#11674,.F.);
#11674 = EDGE_CURVE('',#11664,#8636,#11675,.T.);
#11675 = LINE('',#11676,#11677);
#11676 = CARTESIAN_POINT('',(12.5,-18.75,26.));
#11677 = VECTOR('',#11678,1.);
#11678 = DIRECTION('',(0.,0.,1.));
#11679 = CYLINDRICAL_SURFACE('',#11680,1.);
#11680 = AXIS2_PLACEMENT_3D('',#11681,#11682,#11683);
#11681 = CARTESIAN_POINT('',(12.5,-19.75,26.));
#11682 = DIRECTION('',(0.,0.,1.));
#11683 = DIRECTION('',(0.,1.,0.));
#11684 = ADVANCED_FACE('',(#11685),#11730,.F.);
#11685 = FACE_BOUND('',#11686,.F.);
#11686 = EDGE_LOOP('',(#11687,#11688,#11689,#11695,#11696,#11697,#11705,
    #11714,#11722,#11729));
#11687 = ORIENTED_EDGE('',*,*,#8644,.T.);
#11688 = ORIENTED_EDGE('',*,*,#9400,.F.);
#11689 = ORIENTED_EDGE('',*,*,#11690,.F.);
#11690 = EDGE_CURVE('',#9448,#9401,#11691,.T.);
#11691 = LINE('',#11692,#11693);
#11692 = CARTESIAN_POINT('',(15.468702217014,-18.75,26.));
#11693 = VECTOR('',#11694,1.);
#11694 = DIRECTION('',(1.,0.,0.));
#11695 = ORIENTED_EDGE('',*,*,#9455,.F.);
#11696 = ORIENTED_EDGE('',*,*,#8676,.T.);
#11697 = ORIENTED_EDGE('',*,*,#11698,.T.);
#11698 = EDGE_CURVE('',#8677,#11699,#11701,.T.);
#11699 = VERTEX_POINT('',#11700);
#11700 = CARTESIAN_POINT('',(-12.5,-18.75,26.));
#11701 = LINE('',#11702,#11703);
#11702 = CARTESIAN_POINT('',(-12.5,-18.75,30.));
#11703 = VECTOR('',#11704,1.);
#11704 = DIRECTION('',(-0.,-0.,-1.));
#11705 = ORIENTED_EDGE('',*,*,#11706,.T.);
#11706 = EDGE_CURVE('',#11699,#11707,#11709,.T.);
#11707 = VERTEX_POINT('',#11708);
#11708 = CARTESIAN_POINT('',(-9.5,-18.75,23.));
#11709 = CIRCLE('',#11710,3.);
#11710 = AXIS2_PLACEMENT_3D('',#11711,#11712,#11713);
#11711 = CARTESIAN_POINT('',(-9.5,-18.75,26.));
#11712 = DIRECTION('',(0.,-1.,0.));
#11713 = DIRECTION('',(-1.,0.,0.));
#11714 = ORIENTED_EDGE('',*,*,#11715,.T.);
#11715 = EDGE_CURVE('',#11707,#11716,#11718,.T.);
#11716 = VERTEX_POINT('',#11717);
#11717 = CARTESIAN_POINT('',(9.5,-18.75,23.));
#11718 = LINE('',#11719,#11720);
#11719 = CARTESIAN_POINT('',(-9.5,-18.75,23.));
#11720 = VECTOR('',#11721,1.);
#11721 = DIRECTION('',(1.,0.,0.));
#11722 = ORIENTED_EDGE('',*,*,#11723,.T.);
#11723 = EDGE_CURVE('',#11716,#11664,#11724,.T.);
#11724 = CIRCLE('',#11725,3.);
#11725 = AXIS2_PLACEMENT_3D('',#11726,#11727,#11728);
#11726 = CARTESIAN_POINT('',(9.5,-18.75,26.));
#11727 = DIRECTION('',(0.,-1.,0.));
#11728 = DIRECTION('',(0.,0.,-1.));
#11729 = ORIENTED_EDGE('',*,*,#11674,.T.);
#11730 = PLANE('',#11731);
#11731 = AXIS2_PLACEMENT_3D('',#11732,#11733,#11734);
#11732 = CARTESIAN_POINT('',(20.437404434027,-18.75,22.));
#11733 = DIRECTION('',(0.,-1.,0.));
#11734 = DIRECTION('',(-1.,0.,0.));
#11735 = ADVANCED_FACE('',(#11736),#11755,.T.);
#11736 = FACE_BOUND('',#11737,.F.);
#11737 = EDGE_LOOP('',(#11738,#11739,#11747,#11754));
#11738 = ORIENTED_EDGE('',*,*,#8684,.T.);
#11739 = ORIENTED_EDGE('',*,*,#11740,.T.);
#11740 = EDGE_CURVE('',#8685,#11741,#11743,.T.);
#11741 = VERTEX_POINT('',#11742);
#11742 = CARTESIAN_POINT('',(-13.5,-19.75,26.));
#11743 = LINE('',#11744,#11745);
#11744 = CARTESIAN_POINT('',(-13.5,-19.75,30.));
#11745 = VECTOR('',#11746,1.);
#11746 = DIRECTION('',(-0.,-0.,-1.));
#11747 = ORIENTED_EDGE('',*,*,#11748,.F.);
#11748 = EDGE_CURVE('',#11699,#11741,#11749,.T.);
#11749 = CIRCLE('',#11750,1.);
#11750 = AXIS2_PLACEMENT_3D('',#11751,#11752,#11753);
#11751 = CARTESIAN_POINT('',(-12.5,-19.75,26.));
#11752 = DIRECTION('',(0.,-0.,1.));
#11753 = DIRECTION('',(0.,1.,0.));
#11754 = ORIENTED_EDGE('',*,*,#11698,.F.);
#11755 = CYLINDRICAL_SURFACE('',#11756,1.);
#11756 = AXIS2_PLACEMENT_3D('',#11757,#11758,#11759);
#11757 = CARTESIAN_POINT('',(-12.5,-19.75,30.));
#11758 = DIRECTION('',(-0.,-0.,-1.));
#11759 = DIRECTION('',(0.,1.,0.));
#11760 = ADVANCED_FACE('',(#11761),#11779,.F.);
#11761 = FACE_BOUND('',#11762,.F.);
#11762 = EDGE_LOOP('',(#11763,#11771,#11772,#11773));
#11763 = ORIENTED_EDGE('',*,*,#11764,.F.);
#11764 = EDGE_CURVE('',#11741,#11765,#11767,.T.);
#11765 = VERTEX_POINT('',#11766);
#11766 = CARTESIAN_POINT('',(-13.5,-25.,26.));
#11767 = LINE('',#11768,#11769);
#11768 = CARTESIAN_POINT('',(-13.5,-18.75,26.));
#11769 = VECTOR('',#11770,1.);
#11770 = DIRECTION('',(0.,-1.,0.));
#11771 = ORIENTED_EDGE('',*,*,#11740,.F.);
#11772 = ORIENTED_EDGE('',*,*,#8693,.F.);
#11773 = ORIENTED_EDGE('',*,*,#11774,.F.);
#11774 = EDGE_CURVE('',#11765,#8694,#11775,.T.);
#11775 = LINE('',#11776,#11777);
#11776 = CARTESIAN_POINT('',(-13.5,-25.,22.));
#11777 = VECTOR('',#11778,1.);
#11778 = DIRECTION('',(0.,0.,1.));
#11779 = PLANE('',#11780);
#11780 = AXIS2_PLACEMENT_3D('',#11781,#11782,#11783);
#11781 = CARTESIAN_POINT('',(-13.5,-18.75,22.));
#11782 = DIRECTION('',(1.,0.,0.));
#11783 = DIRECTION('',(0.,-1.,0.));
#11784 = ADVANCED_FACE('',(#11785),#11812,.T.);
#11785 = FACE_BOUND('',#11786,.T.);
#11786 = EDGE_LOOP('',(#11787,#11788,#11797,#11805,#11811));
#11787 = ORIENTED_EDGE('',*,*,#11774,.F.);
#11788 = ORIENTED_EDGE('',*,*,#11789,.F.);
#11789 = EDGE_CURVE('',#11790,#11765,#11792,.T.);
#11790 = VERTEX_POINT('',#11791);
#11791 = CARTESIAN_POINT('',(-9.5,-25.,22.));
#11792 = CIRCLE('',#11793,4.);
#11793 = AXIS2_PLACEMENT_3D('',#11794,#11795,#11796);
#11794 = CARTESIAN_POINT('',(-9.5,-25.,26.));
#11795 = DIRECTION('',(0.,1.,0.));
#11796 = DIRECTION('',(0.,0.,-1.));
#11797 = ORIENTED_EDGE('',*,*,#11798,.F.);
#11798 = EDGE_CURVE('',#11799,#11790,#11801,.T.);
#11799 = VERTEX_POINT('',#11800);
#11800 = CARTESIAN_POINT('',(-22.42881448034,-25.,22.));
#11801 = LINE('',#11802,#11803);
#11802 = CARTESIAN_POINT('',(-22.42881448034,-25.,22.));
#11803 = VECTOR('',#11804,1.);
#11804 = DIRECTION('',(1.,0.,0.));
#11805 = ORIENTED_EDGE('',*,*,#11806,.T.);
#11806 = EDGE_CURVE('',#11799,#8702,#11807,.T.);
#11807 = LINE('',#11808,#11809);
#11808 = CARTESIAN_POINT('',(-22.42881448034,-25.,22.));
#11809 = VECTOR('',#11810,1.);
#11810 = DIRECTION('',(0.,0.,1.));
#11811 = ORIENTED_EDGE('',*,*,#8701,.F.);
#11812 = PLANE('',#11813);
#11813 = AXIS2_PLACEMENT_3D('',#11814,#11815,#11816);
#11814 = CARTESIAN_POINT('',(-22.42881448034,-25.,22.));
#11815 = DIRECTION('',(0.,1.,0.));
#11816 = DIRECTION('',(1.,0.,0.));
#11817 = ADVANCED_FACE('',(#11818),#11837,.F.);
#11818 = FACE_BOUND('',#11819,.F.);
#11819 = EDGE_LOOP('',(#11820,#11829,#11830,#11831));
#11820 = ORIENTED_EDGE('',*,*,#11821,.F.);
#11821 = EDGE_CURVE('',#11799,#11822,#11824,.T.);
#11822 = VERTEX_POINT('',#11823);
#11823 = CARTESIAN_POINT('',(-26.67135859617,-17.35409383665,22.));
#11824 = CIRCLE('',#11825,5.);
#11825 = AXIS2_PLACEMENT_3D('',#11826,#11827,#11828);
#11826 = CARTESIAN_POINT('',(-22.42881448034,-20.,22.));
#11827 = DIRECTION('',(0.,0.,-1.));
#11828 = DIRECTION('',(1.,0.,0.));
#11829 = ORIENTED_EDGE('',*,*,#11806,.T.);
#11830 = ORIENTED_EDGE('',*,*,#8709,.T.);
#11831 = ORIENTED_EDGE('',*,*,#11832,.F.);
#11832 = EDGE_CURVE('',#11822,#8710,#11833,.T.);
#11833 = LINE('',#11834,#11835);
#11834 = CARTESIAN_POINT('',(-26.67135859617,-17.35409383665,22.));
#11835 = VECTOR('',#11836,1.);
#11836 = DIRECTION('',(0.,0.,1.));
#11837 = CYLINDRICAL_SURFACE('',#11838,5.);
#11838 = AXIS2_PLACEMENT_3D('',#11839,#11840,#11841);
#11839 = CARTESIAN_POINT('',(-22.42881448034,-20.,22.));
#11840 = DIRECTION('',(0.,0.,-1.));
#11841 = DIRECTION('',(1.,0.,0.));
#11842 = ADVANCED_FACE('',(#11843),#11987,.T.);
#11843 = FACE_BOUND('',#11844,.T.);
#11844 = EDGE_LOOP('',(#11845,#11853,#11854,#11855,#11864,#11910,#11919,
    #11928,#11937,#11945,#11980));
#11845 = ORIENTED_EDGE('',*,*,#11846,.T.);
#11846 = EDGE_CURVE('',#11847,#8719,#11849,.T.);
#11847 = VERTEX_POINT('',#11848);
#11848 = CARTESIAN_POINT('',(-34.23234484934,-12.66477662714,22.));
#11849 = LINE('',#11850,#11851);
#11850 = CARTESIAN_POINT('',(-34.23234484939,-12.66477662722,22.));
#11851 = VECTOR('',#11852,1.);
#11852 = DIRECTION('',(0.,0.,1.));
#11853 = ORIENTED_EDGE('',*,*,#8718,.T.);
#11854 = ORIENTED_EDGE('',*,*,#11832,.F.);
#11855 = ORIENTED_EDGE('',*,*,#11856,.T.);
#11856 = EDGE_CURVE('',#11822,#11857,#11859,.T.);
#11857 = VERTEX_POINT('',#11858);
#11858 = CARTESIAN_POINT('',(-28.45064738541,-18.97595818171,22.));
#11859 = CIRCLE('',#11860,4.448558813737);
#11860 = AXIS2_PLACEMENT_3D('',#11861,#11862,#11863);
#11861 = CARTESIAN_POINT('',(-30.446,-15.,22.));
#11862 = DIRECTION('',(0.,0.,-1.));
#11863 = DIRECTION('',(1.,0.,0.));
#11864 = ORIENTED_EDGE('',*,*,#11865,.T.);
#11865 = EDGE_CURVE('',#11857,#11866,#11868,.T.);
#11866 = VERTEX_POINT('',#11867);
#11867 = CARTESIAN_POINT('',(-27.19804050398,-18.03980832151,0.));
#11868 = B_SPLINE_CURVE_WITH_KNOTS('',14,(#11869,#11870,#11871,#11872,
    #11873,#11874,#11875,#11876,#11877,#11878,#11879,#11880,#11881,
    #11882,#11883,#11884,#11885,#11886,#11887,#11888,#11889,#11890,
    #11891,#11892,#11893,#11894,#11895,#11896,#11897,#11898,#11899,
    #11900,#11901,#11902,#11903,#11904,#11905,#11906,#11907,#11908,
    #11909),.UNSPECIFIED.,.F.,.F.,(15,13,13,15),(0.9032156609,
    1.739050897626,23.02974945627,24.255648491026),.UNSPECIFIED.);
#11869 = CARTESIAN_POINT('',(-28.56549948739,-19.03359722908,
    23.235174147527));
#11870 = CARTESIAN_POINT('',(-28.555886828,-19.02877307244,
    23.13179503503));
#11871 = CARTESIAN_POINT('',(-28.54649092827,-19.02405769762,
    23.030747059099));
#11872 = CARTESIAN_POINT('',(-28.53731178821,-19.01945110462,
    22.932030219733));
#11873 = CARTESIAN_POINT('',(-28.52834940781,-19.01495329344,
    22.835644516932));
#11874 = CARTESIAN_POINT('',(-28.51960378707,-19.01056426408,
    22.741589950696));
#11875 = CARTESIAN_POINT('',(-28.51107492601,-19.00628401654,
    22.649866521025));
#11876 = CARTESIAN_POINT('',(-28.50276282461,-19.00211255082,
    22.560474227919));
#11877 = CARTESIAN_POINT('',(-28.49466748287,-18.99804986692,
    22.473413071378));
#11878 = CARTESIAN_POINT('',(-28.4867889008,-18.99409596484,
    22.388683051402));
#11879 = CARTESIAN_POINT('',(-28.47912707839,-18.99025084457,
    22.306284167992));
#11880 = CARTESIAN_POINT('',(-28.47168201565,-18.98651450613,
    22.226216421146));
#11881 = CARTESIAN_POINT('',(-28.46445371257,-18.9828869495,
    22.148479810866));
#11882 = CARTESIAN_POINT('',(-28.45744216916,-18.9793681747,
    22.07307433715));
#11883 = CARTESIAN_POINT('',(-28.27756818731,-18.88909760253,
    20.138623958075));
#11884 = CARTESIAN_POINT('',(-28.17438950288,-18.82721376547,
    18.521382963514));
#11885 = CARTESIAN_POINT('',(-28.05421869677,-18.75855327808,
    16.847495724833));
#11886 = CARTESIAN_POINT('',(-27.98533878899,-18.70624369598,
    15.354432926008));
#11887 = CARTESIAN_POINT('',(-27.85790326828,-18.63125110132,
    13.654739428627));
#11888 = CARTESIAN_POINT('',(-27.81982416916,-18.58713681469,
    12.269088818212));
#11889 = CARTESIAN_POINT('',(-27.69042983204,-18.50703139525,
    10.560291845866));
#11890 = CARTESIAN_POINT('',(-27.64919887722,-18.45812641266,
    9.159712991906));
#11891 = CARTESIAN_POINT('',(-27.54868730666,-18.38462592936,
    7.549301111963));
#11892 = CARTESIAN_POINT('',(-27.48492216383,-18.32293335055,
    6.065874484665));
#11893 = CARTESIAN_POINT('',(-27.40799372203,-18.25392843842,
    4.533814575879));
#11894 = CARTESIAN_POINT('',(-27.33725402309,-18.1848846174,
    3.021926857631));
#11895 = CARTESIAN_POINT('',(-27.26696899254,-18.11345669511,
    1.509532939027));
#11896 = CARTESIAN_POINT('',(-27.19407166438,-18.03556771523,
    -8.691753198188E-02));
#11897 = CARTESIAN_POINT('',(-27.19009166922,-18.0313151895,
    -0.174079370596));
#11898 = CARTESIAN_POINT('',(-27.1861005185,-18.02705074434,
    -0.261485515843));
#11899 = CARTESIAN_POINT('',(-27.18209821221,-18.02277437974,
    -0.349135967723));
#11900 = CARTESIAN_POINT('',(-27.17808475037,-18.0184860957,
    -0.437030726235));
#11901 = CARTESIAN_POINT('',(-27.17406013296,-18.01418589222,
    -0.52516979138));
#11902 = CARTESIAN_POINT('',(-27.17002435999,-18.0098737693,
    -0.613553163157));
#11903 = CARTESIAN_POINT('',(-27.16597743146,-18.00554972694,
    -0.702180841567));
#11904 = CARTESIAN_POINT('',(-27.16191934737,-18.00121376514,
    -0.79105282661));
#11905 = CARTESIAN_POINT('',(-27.15785010772,-17.9968658839,
    -0.880169118285));
#11906 = CARTESIAN_POINT('',(-27.15376971251,-17.99250608323,
    -0.969529716593));
#11907 = CARTESIAN_POINT('',(-27.14967816174,-17.98813436311,
    -1.059134621533));
#11908 = CARTESIAN_POINT('',(-27.1455754554,-17.98375072356,
    -1.148983833106));
#11909 = CARTESIAN_POINT('',(-27.1414615935,-17.97935516456,
    -1.239077351311));
#11910 = ORIENTED_EDGE('',*,*,#11911,.F.);
#11911 = EDGE_CURVE('',#11912,#11866,#11914,.T.);
#11912 = VERTEX_POINT('',#11913);
#11913 = CARTESIAN_POINT('',(-25.99744118626,-15.,0.));
#11914 = CIRCLE('',#11915,4.448558813737);
#11915 = AXIS2_PLACEMENT_3D('',#11916,#11917,#11918);
#11916 = CARTESIAN_POINT('',(-30.446,-15.,0.));
#11917 = DIRECTION('',(0.,0.,-1.));
#11918 = DIRECTION('',(1.,0.,0.));
#11919 = ORIENTED_EDGE('',*,*,#11920,.F.);
#11920 = EDGE_CURVE('',#11921,#11912,#11923,.T.);
#11921 = VERTEX_POINT('',#11922);
#11922 = CARTESIAN_POINT('',(-33.16884091691,-11.48207264707,0.));
#11923 = CIRCLE('',#11924,4.448558813737);
#11924 = AXIS2_PLACEMENT_3D('',#11925,#11926,#11927);
#11925 = CARTESIAN_POINT('',(-30.446,-15.,0.));
#11926 = DIRECTION('',(0.,0.,-1.));
#11927 = DIRECTION('',(1.,0.,0.));
#11928 = ORIENTED_EDGE('',*,*,#11929,.F.);
#11929 = EDGE_CURVE('',#11930,#11921,#11932,.T.);
#11930 = VERTEX_POINT('',#11931);
#11931 = CARTESIAN_POINT('',(-34.23234484934,-12.66477662714,0.));
#11932 = CIRCLE('',#11933,4.448558813737);
#11933 = AXIS2_PLACEMENT_3D('',#11934,#11935,#11936);
#11934 = CARTESIAN_POINT('',(-30.446,-15.,0.));
#11935 = DIRECTION('',(0.,0.,-1.));
#11936 = DIRECTION('',(1.,0.,0.));
#11937 = ORIENTED_EDGE('',*,*,#11938,.T.);
#11938 = EDGE_CURVE('',#11930,#11939,#11941,.T.);
#11939 = VERTEX_POINT('',#11940);
#11940 = CARTESIAN_POINT('',(-34.23234485522,-12.66477662351,
    13.209055483359));
#11941 = LINE('',#11942,#11943);
#11942 = CARTESIAN_POINT('',(-34.23234484934,-12.66477662714,0.));
#11943 = VECTOR('',#11944,1.);
#11944 = DIRECTION('',(0.,0.,1.));
#11945 = ORIENTED_EDGE('',*,*,#11946,.F.);
#11946 = EDGE_CURVE('',#11947,#11939,#11949,.T.);
#11947 = VERTEX_POINT('',#11948);
#11948 = CARTESIAN_POINT('',(-34.88007942266,-14.64137039616,22.));
#11949 = B_SPLINE_CURVE_WITH_KNOTS('',8,(#11950,#11951,#11952,#11953,
    #11954,#11955,#11956,#11957,#11958,#11959,#11960,#11961,#11962,
    #11963,#11964,#11965,#11966,#11967,#11968,#11969,#11970,#11971,
    #11972,#11973,#11974,#11975,#11976,#11977,#11978,#11979),
  .UNSPECIFIED.,.F.,.F.,(9,7,7,7,9),(0.,9.150614464758E-02,
    0.274114446287,0.629403679946,1.),.UNSPECIFIED.);
#11950 = CARTESIAN_POINT('',(-34.88007942266,-14.64137039616,22.));
#11951 = CARTESIAN_POINT('',(-34.87103304928,-14.5295214645,
    21.755768787945));
#11952 = CARTESIAN_POINT('',(-34.85957701966,-14.42800187037,
    21.509960066822));
#11953 = CARTESIAN_POINT('',(-34.84650814422,-14.33406396089,
    21.263086553257));
#11954 = CARTESIAN_POINT('',(-34.83218463969,-14.24642245831,
    21.015431308715));
#11955 = CARTESIAN_POINT('',(-34.8168982095,-14.16401029041,
    20.767205876351));
#11956 = CARTESIAN_POINT('',(-34.80082500905,-14.08613675567,
    20.518527715134));
#11957 = CARTESIAN_POINT('',(-34.78411026795,-14.01220674544,
    20.269458832955));
#11958 = CARTESIAN_POINT('',(-34.73242477685,-13.80117218966,
    19.522180194));
#11959 = CARTESIAN_POINT('',(-34.69586591455,-13.67452294619,
    19.023074194292));
#11960 = CARTESIAN_POINT('',(-34.65803511244,-13.55819542764,
    18.52308942406));
#11961 = CARTESIAN_POINT('',(-34.6192987443,-13.45041189111,
    18.022461653827));
#11962 = CARTESIAN_POINT('',(-34.57994520822,-13.34973353432,
    17.521364329476));
#11963 = CARTESIAN_POINT('',(-34.540138187,-13.25520652063,
    17.019896149602));
#11964 = CARTESIAN_POINT('',(-34.50000809364,-13.16602728435,
    16.518107842384));
#11965 = CARTESIAN_POINT('',(-34.38110114615,-12.91725586719,
    15.039076420017));
#11966 = CARTESIAN_POINT('',(-34.30168251278,-12.77085754818,
    14.061156013507));
#11967 = CARTESIAN_POINT('',(-34.2220538446,-12.63779787495,
    13.082548095282));
#11968 = CARTESIAN_POINT('',(-34.1424196859,-12.51571771117,
    12.103441534264));
#11969 = CARTESIAN_POINT('',(-34.06292223721,-12.40275599344,
    11.123973253841));
#11970 = CARTESIAN_POINT('',(-33.98359592179,-12.29765282808,
    10.14422336145));
#11971 = CARTESIAN_POINT('',(-33.90445283432,-12.19936954914,
    9.164232057635));
#11972 = CARTESIAN_POINT('',(-33.74308514938,-12.01086050644,
    7.16153267514));
#11973 = CARTESIAN_POINT('',(-33.6608785929,-11.92116760052,
    6.138848596771));
#11974 = CARTESIAN_POINT('',(-33.5788302273,-11.83710907356,
    5.115989067871));
#11975 = CARTESIAN_POINT('',(-33.49689081862,-11.75801416365,
    4.092987528928));
#11976 = CARTESIAN_POINT('',(-33.41499756362,-11.68335517782,
    3.069870280582));
#11977 = CARTESIAN_POINT('',(-33.33307904439,-11.61270252565,
    2.046657595692));
#11978 = CARTESIAN_POINT('',(-33.25105562344,-11.54570601537,
    1.023364224081));
#11979 = CARTESIAN_POINT('',(-33.16884091691,-11.48207264707,0.));
#11980 = ORIENTED_EDGE('',*,*,#11981,.T.);
#11981 = EDGE_CURVE('',#11947,#11847,#11982,.T.);
#11982 = CIRCLE('',#11983,4.448558813737);
#11983 = AXIS2_PLACEMENT_3D('',#11984,#11985,#11986);
#11984 = CARTESIAN_POINT('',(-30.446,-15.,22.));
#11985 = DIRECTION('',(0.,0.,-1.));
#11986 = DIRECTION('',(1.,0.,0.));
#11987 = CYLINDRICAL_SURFACE('',#11988,4.448558813737);
#11988 = AXIS2_PLACEMENT_3D('',#11989,#11990,#11991);
#11989 = CARTESIAN_POINT('',(-30.446,-15.,0.));
#11990 = DIRECTION('',(0.,0.,-1.));
#11991 = DIRECTION('',(1.,0.,0.));
#11992 = ADVANCED_FACE('',(#11993),#12009,.T.);
#11993 = FACE_BOUND('',#11994,.T.);
#11994 = EDGE_LOOP('',(#11995,#12001,#12007,#12008));
#11995 = ORIENTED_EDGE('',*,*,#11996,.F.);
#11996 = EDGE_CURVE('',#11307,#11847,#11997,.T.);
#11997 = LINE('',#11998,#11999);
#11998 = CARTESIAN_POINT('',(-36.521,-12.66477662714,22.));
#11999 = VECTOR('',#12000,1.);
#12000 = DIRECTION('',(1.,-3.71795E-11,0.));
#12001 = ORIENTED_EDGE('',*,*,#12002,.F.);
#12002 = EDGE_CURVE('',#8728,#11307,#12003,.T.);
#12003 = LINE('',#12004,#12005);
#12004 = CARTESIAN_POINT('',(-34.52099999999,-12.66477662714,30.));
#12005 = VECTOR('',#12006,1.);
#12006 = DIRECTION('',(0.,0.,-1.));
#12007 = ORIENTED_EDGE('',*,*,#8727,.F.);
#12008 = ORIENTED_EDGE('',*,*,#11846,.F.);
#12009 = PLANE('',#12010);
#12010 = AXIS2_PLACEMENT_3D('',#12011,#12012,#12013);
#12011 = CARTESIAN_POINT('',(-35.02939316168,-12.66477662715,
    15.677764387663));
#12012 = DIRECTION('',(2.498979E-11,1.,2.50612E-12));
#12013 = DIRECTION('',(1.,-2.498979E-11,0.));
#12014 = ADVANCED_FACE('',(#12015),#12020,.T.);
#12015 = FACE_BOUND('',#12016,.T.);
#12016 = EDGE_LOOP('',(#12017,#12018,#12019));
#12017 = ORIENTED_EDGE('',*,*,#11314,.T.);
#12018 = ORIENTED_EDGE('',*,*,#8735,.T.);
#12019 = ORIENTED_EDGE('',*,*,#12002,.T.);
#12020 = PLANE('',#12021);
#12021 = AXIS2_PLACEMENT_3D('',#12022,#12023,#12024);
#12022 = CARTESIAN_POINT('',(-34.52099999999,-2.4784E-13,28.586992545065
    ));
#12023 = DIRECTION('',(1.,0.,0.));
#12024 = DIRECTION('',(0.,0.,1.));
#12025 = ADVANCED_FACE('',(#12026),#12039,.T.);
#12026 = FACE_BOUND('',#12027,.F.);
#12027 = EDGE_LOOP('',(#12028,#12029,#12036,#12037,#12038));
#12028 = ORIENTED_EDGE('',*,*,#11490,.F.);
#12029 = ORIENTED_EDGE('',*,*,#12030,.F.);
#12030 = EDGE_CURVE('',#11125,#11481,#12031,.T.);
#12031 = CIRCLE('',#12032,4.);
#12032 = AXIS2_PLACEMENT_3D('',#12033,#12034,#12035);
#12033 = CARTESIAN_POINT('',(-9.5,25.,26.));
#12034 = DIRECTION('',(-0.,1.,4.4E-16));
#12035 = DIRECTION('',(0.,-4.4E-16,1.));
#12036 = ORIENTED_EDGE('',*,*,#11132,.F.);
#12037 = ORIENTED_EDGE('',*,*,#11256,.T.);
#12038 = ORIENTED_EDGE('',*,*,#8775,.F.);
#12039 = PLANE('',#12040);
#12040 = AXIS2_PLACEMENT_3D('',#12041,#12042,#12043);
#12041 = CARTESIAN_POINT('',(-22.42881448034,25.,22.));
#12042 = DIRECTION('',(-0.,-1.,-4.4E-16));
#12043 = DIRECTION('',(-1.,0.,0.));
#12044 = ADVANCED_FACE('',(#12045,#12184,#12252,#12320,#12391,#12455,
    #12525,#12589,#12654,#12727),#12789,.F.);
#12045 = FACE_BOUND('',#12046,.F.);
#12046 = EDGE_LOOP('',(#12047,#12060,#12109,#12123,#12128,#12129,#12130,
    #12143));
#12047 = ORIENTED_EDGE('',*,*,#12048,.T.);
#12048 = EDGE_CURVE('',#12049,#12051,#12053,.T.);
#12049 = VERTEX_POINT('',#12050);
#12050 = CARTESIAN_POINT('',(5.737808803214,-34.39782982463,4.5));
#12051 = VERTEX_POINT('',#12052);
#12052 = CARTESIAN_POINT('',(5.816450358962,-34.57039296927,4.));
#12053 = B_SPLINE_CURVE_WITH_KNOTS('',5,(#12054,#12055,#12056,#12057,
    #12058,#12059),.UNSPECIFIED.,.F.,.F.,(6,6),(0.,1.),
  .PIECEWISE_BEZIER_KNOTS.);
#12054 = CARTESIAN_POINT('',(5.420411144133,-33.70136422664,6.5));
#12055 = CARTESIAN_POINT('',(5.627854046477,-34.15655613149,
    5.202047585031));
#12056 = CARTESIAN_POINT('',(5.83310731598,-34.60694332558,
    3.903077369435));
#12057 = CARTESIAN_POINT('',(6.036111055464,-35.05239437655,
    2.603077305001));
#12058 = CARTESIAN_POINT('',(6.236831354413,-35.49283487457,
    1.302048276792));
#12059 = CARTESIAN_POINT('',(6.435251267109,-35.92822763566,0.));
#12060 = ORIENTED_EDGE('',*,*,#12061,.T.);
#12061 = EDGE_CURVE('',#12051,#12062,#12064,.T.);
#12062 = VERTEX_POINT('',#12063);
#12063 = CARTESIAN_POINT('',(2.267891494303,-36.42947526537,-1.E-15));
#12064 = B_SPLINE_CURVE_WITH_KNOTS('',8,(#12065,#12066,#12067,#12068,
    #12069,#12070,#12071,#12072,#12073,#12074,#12075,#12076,#12077,
    #12078,#12079,#12080,#12081,#12082,#12083,#12084,#12085,#12086,
    #12087,#12088,#12089,#12090,#12091,#12092,#12093,#12094,#12095,
    #12096,#12097,#12098,#12099,#12100,#12101,#12102,#12103,#12104,
    #12105,#12106,#12107,#12108),.UNSPECIFIED.,.F.,.F.,(9,7,7,7,7,7,9),(
    0.,0.40823428063,0.563328872176,0.679162833929,0.739034955258,
    0.858158180607,1.),.UNSPECIFIED.);
#12065 = CARTESIAN_POINT('',(5.816450358796,-34.5703929689,4.));
#12066 = CARTESIAN_POINT('',(5.858583431742,-34.66284555954,
    3.731633311172));
#12067 = CARTESIAN_POINT('',(5.879605647753,-34.75859567031,
    3.461434196129));
#12068 = CARTESIAN_POINT('',(5.879004146793,-34.85770040266,
    3.190080626107));
#12069 = CARTESIAN_POINT('',(5.855879496955,-34.96012299301,
    2.918536804165));
#12070 = CARTESIAN_POINT('',(5.809103000342,-35.06570902456,
    2.648049804957));
#12071 = CARTESIAN_POINT('',(5.737267785867,-35.1741558034,
    2.380158975923));
#12072 = CARTESIAN_POINT('',(5.638760464041,-35.2849746974,
    2.116682886742));
#12073 = CARTESIAN_POINT('',(5.462748911239,-35.44020336046,
    1.762158489377));
#12074 = CARTESIAN_POINT('',(5.41011926888,-35.48316274711,
    1.665542166218));
#12075 = CARTESIAN_POINT('',(5.353203676092,-35.5262984041,
    1.570048908046));
#12076 = CARTESIAN_POINT('',(5.291884711926,-35.56955126742,
    1.475836435374));
#12077 = CARTESIAN_POINT('',(5.226046367345,-35.61284844103,
    1.383086544663));
#12078 = CARTESIAN_POINT('',(5.155577417209,-35.65610256114,
    1.292003895608));
#12079 = CARTESIAN_POINT('',(5.080374792269,-35.69921116048,
    1.202814798425));
#12080 = CARTESIAN_POINT('',(4.940577349953,-35.77405515801,
    1.050752727925));
#12081 = CARTESIAN_POINT('',(4.878120276319,-35.80590492228,
    0.986937880164));
#12082 = CARTESIAN_POINT('',(4.812941249576,-35.83755496168,
    0.924426443365));
#12083 = CARTESIAN_POINT('',(4.745013771094,-35.86894754468,
    0.863334466868));
#12084 = CARTESIAN_POINT('',(4.67432245962,-35.900018024,0.803787238696)
  );
#12085 = CARTESIAN_POINT('',(4.600866186612,-35.93069528849,
    0.745917460408));
#12086 = CARTESIAN_POINT('',(4.524661211562,-35.96090221509,
    0.689863421952));
#12087 = CARTESIAN_POINT('',(4.404953846254,-36.00588359655,
    0.607805973067));
#12088 = CARTESIAN_POINT('',(4.363439390471,-36.02106315017,
    0.580368144573));
#12089 = CARTESIAN_POINT('',(4.321206565777,-36.03608324686,
    0.553473521542));
#12090 = CARTESIAN_POINT('',(4.278262562342,-36.05093197183,
    0.527142160703));
#12091 = CARTESIAN_POINT('',(4.234616307791,-36.0655970907,
    0.501394208091));
#12092 = CARTESIAN_POINT('',(4.19027863028,-36.08006610995,
    0.476249762126));
#12093 = CARTESIAN_POINT('',(4.145262421567,-36.0943263373,
    0.451728736693));
#12094 = CARTESIAN_POINT('',(4.008697364254,-36.13629653796,
    0.380342371478));
#12095 = CARTESIAN_POINT('',(3.915173971261,-36.16335432392,
    0.335373479183));
#12096 = CARTESIAN_POINT('',(3.81914443203,-36.18943304107,
    0.293106057019));
#12097 = CARTESIAN_POINT('',(3.720764293124,-36.21442969807,
    0.253688568813));
#12098 = CARTESIAN_POINT('',(3.620215037681,-36.23824593909,
    0.217252523147));
#12099 = CARTESIAN_POINT('',(3.517706286326,-36.26079041173,
    0.183909063958));
#12100 = CARTESIAN_POINT('',(3.413477998094,-36.28198113485,
    0.153745561143));
#12101 = CARTESIAN_POINT('',(3.181973467459,-36.32528441175,
    9.47641507432E-02));
#12102 = CARTESIAN_POINT('',(3.054056343909,-36.34680895763,
    6.729051932961E-02));
#12103 = CARTESIAN_POINT('',(2.924520339794,-36.36619942046,
    4.45093097036E-02));
#12104 = CARTESIAN_POINT('',(2.793821528355,-36.38337420778,
    2.644978751794E-02));
#12105 = CARTESIAN_POINT('',(2.662399531161,-36.39828807694,
    1.307699268102E-02));
#12106 = CARTESIAN_POINT('',(2.530674780241,-36.41092818057,
    4.30372487553E-03));
#12107 = CARTESIAN_POINT('',(2.399046528167,-36.42131029882,
    3.20958697E-09));
#12108 = CARTESIAN_POINT('',(2.267891606087,-36.42947525841,0.));
#12109 = ORIENTED_EDGE('',*,*,#12110,.F.);
#12110 = EDGE_CURVE('',#12111,#12062,#12113,.T.);
#12111 = VERTEX_POINT('',#12112);
#12112 = CARTESIAN_POINT('',(-21.90700610809,-29.1947441054,0.));
#12113 = B_SPLINE_CURVE_WITH_KNOTS('',8,(#12114,#12115,#12116,#12117,
    #12118,#12119,#12120,#12121,#12122),.UNSPECIFIED.,.F.,.F.,(9,9),(2.,
    3.),.PIECEWISE_BEZIER_KNOTS.);
#12114 = CARTESIAN_POINT('',(-21.90700610809,-29.1947441054,0.));
#12115 = CARTESIAN_POINT('',(-17.20854218803,-32.72035396941,0.));
#12116 = CARTESIAN_POINT('',(-11.86162637534,-35.38179409448,0.));
#12117 = CARTESIAN_POINT('',(-6.051696574175,-37.03991931132,0.));
#12118 = CARTESIAN_POINT('',(6.0324E-13,-37.60333451461,0.));
#12119 = CARTESIAN_POINT('',(6.051696574174,-37.03991931132,0.));
#12120 = CARTESIAN_POINT('',(11.861626375343,-35.38179409448,0.));
#12121 = CARTESIAN_POINT('',(17.208542188035,-32.72035396941,0.));
#12122 = CARTESIAN_POINT('',(21.907006108092,-29.1947441054,0.));
#12123 = ORIENTED_EDGE('',*,*,#12124,.F.);
#12124 = EDGE_CURVE('',#8817,#12111,#12125,.T.);
#12125 = B_SPLINE_CURVE_WITH_KNOTS('',1,(#12126,#12127),.UNSPECIFIED.,
  .F.,.F.,(2,2),(0.,22.),.PIECEWISE_BEZIER_KNOTS.);
#12126 = CARTESIAN_POINT('',(-20.521,-28.,22.));
#12127 = CARTESIAN_POINT('',(-21.90700610809,-29.1947441054,0.));
#12128 = ORIENTED_EDGE('',*,*,#8824,.T.);
#12129 = ORIENTED_EDGE('',*,*,#8845,.T.);
#12130 = ORIENTED_EDGE('',*,*,#12131,.T.);
#12131 = EDGE_CURVE('',#8846,#12132,#12134,.T.);
#12132 = VERTEX_POINT('',#12133);
#12133 = CARTESIAN_POINT('',(7.494289180709,-33.42923221534,6.5));
#12134 = B_SPLINE_CURVE_WITH_KNOTS('',7,(#12135,#12136,#12137,#12138,
    #12139,#12140,#12141,#12142),.UNSPECIFIED.,.F.,.F.,(8,8),(0.,1.),
  .PIECEWISE_BEZIER_KNOTS.);
#12135 = CARTESIAN_POINT('',(21.786754303429,-28.8417515288,6.5));
#12136 = CARTESIAN_POINT('',(19.360752189413,-30.08112507375,6.5));
#12137 = CARTESIAN_POINT('',(16.848269672531,-31.15063137894,6.5));
#12138 = CARTESIAN_POINT('',(14.265229890222,-32.04737619011,6.5));
#12139 = CARTESIAN_POINT('',(11.626926999448,-32.76899197666,6.5));
#12140 = CARTESIAN_POINT('',(8.948139367858,-33.31394166706,6.5));
#12141 = CARTESIAN_POINT('',(6.243093276559,-33.68138554539,6.5));
#12142 = CARTESIAN_POINT('',(3.525410794294,-33.87091898242,6.5));
#12143 = ORIENTED_EDGE('',*,*,#12144,.F.);
#12144 = EDGE_CURVE('',#12049,#12132,#12145,.T.);
#12145 = B_SPLINE_CURVE_WITH_KNOTS('',7,(#12146,#12147,#12148,#12149,
    #12150,#12151,#12152,#12153,#12154,#12155,#12156,#12157,#12158,
    #12159,#12160,#12161,#12162,#12163,#12164,#12165,#12166,#12167,
    #12168,#12169,#12170,#12171,#12172,#12173,#12174,#12175,#12176,
    #12177,#12178,#12179,#12180,#12181,#12182,#12183),.UNSPECIFIED.,.F.,
  .F.,(8,6,6,6,6,6,8),(0.,0.368871354912,0.540990563555,0.678222176249,
    0.750432893543,0.898601569696,1.),.UNSPECIFIED.);
#12146 = CARTESIAN_POINT('',(5.737808803508,-34.39782982528,4.5));
#12147 = CARTESIAN_POINT('',(5.71575083331,-34.3494280272,4.639990389682
    ));
#12148 = CARTESIAN_POINT('',(5.705376983608,-34.29909832087,
    4.780946158213));
#12149 = CARTESIAN_POINT('',(5.707085766508,-34.24702774038,
    4.922410010339));
#12150 = CARTESIAN_POINT('',(5.721489386098,-34.19342649286,
    5.063743644458));
#12151 = CARTESIAN_POINT('',(5.74933512328,-34.13854353914,
    5.204111818401));
#12152 = CARTESIAN_POINT('',(5.791446441055,-34.08266759588,
    5.342480365499));
#12153 = CARTESIAN_POINT('',(5.875637454148,-33.99972052127,
    5.540611180019));
#12154 = CARTESIAN_POINT('',(5.905743876547,-33.97319138048,
    5.602912687458));
#12155 = CARTESIAN_POINT('',(5.939266746122,-33.94655944643,
    5.664340147941));
#12156 = CARTESIAN_POINT('',(5.976301087349,-33.91986950864,
    5.724726324815));
#12157 = CARTESIAN_POINT('',(6.016934792242,-33.89317469598,
    5.783877392561));
#12158 = CARTESIAN_POINT('',(6.061242335344,-33.8665362929,
    5.841574469822));
#12159 = CARTESIAN_POINT('',(6.147577983876,-33.81888480118,
    5.942224811503));
#12160 = CARTESIAN_POINT('',(6.18824539148,-33.79782726743,
    5.985793199922));
#12161 = CARTESIAN_POINT('',(6.231305299407,-33.77688723263,
    6.028155496057));
#12162 = CARTESIAN_POINT('',(6.276769869271,-33.7561064597,6.06917248073
    ));
#12163 = CARTESIAN_POINT('',(6.324633414477,-33.73553171073,
    6.108693904426));
#12164 = CARTESIAN_POINT('',(6.374866978259,-33.71521426144,
    6.146561854497));
#12165 = CARTESIAN_POINT('',(6.455062368511,-33.68468294711,
    6.201584679314));
#12166 = CARTESIAN_POINT('',(6.483351754303,-33.67424314549,
    6.220052323425));
#12167 = CARTESIAN_POINT('',(6.512272212532,-33.66389819789,
    6.237993262455));
#12168 = CARTESIAN_POINT('',(6.541812644323,-33.65365656805,
    6.255383497238));
#12169 = CARTESIAN_POINT('',(6.571959445567,-33.64352695222,
    6.272199090474));
#12170 = CARTESIAN_POINT('',(6.602696243993,-33.63351823518,
    6.288416435528));
#12171 = CARTESIAN_POINT('',(6.698243059964,-33.60336922639,
    6.336014034813));
#12172 = CARTESIAN_POINT('',(6.76489651248,-33.58364241665,
    6.365405443568));
#12173 = CARTESIAN_POINT('',(6.83378140701,-33.56454228952,
    6.391979328761));
#12174 = CARTESIAN_POINT('',(6.904678631502,-33.54614765501,
    6.41555156179));
#12175 = CARTESIAN_POINT('',(6.977329951104,-33.52853162845,
    6.43596923975));
#12176 = CARTESIAN_POINT('',(7.051435410621,-33.51176039846,
    6.453118617005));
#12177 = CARTESIAN_POINT('',(7.178123937826,-33.48503253893,
    6.476386860031));
#12178 = CARTESIAN_POINT('',(7.230123434265,-33.47459450762,
    6.484280132585));
#12179 = CARTESIAN_POINT('',(7.282542052556,-33.46459594332,
    6.490591784484));
#12180 = CARTESIAN_POINT('',(7.335273077179,-33.45505110446,
    6.49531267023));
#12181 = CARTESIAN_POINT('',(7.388210673393,-33.44597082032,
    6.498444704855));
#12182 = CARTESIAN_POINT('',(7.441250309793,-33.43736284571,6.5));
#12183 = CARTESIAN_POINT('',(7.49428918087,-33.4292322157,6.5));
#12184 = FACE_BOUND('',#12185,.F.);
#12185 = EDGE_LOOP('',(#12186,#12198,#12208,#12218,#12234,#12244));
#12186 = ORIENTED_EDGE('',*,*,#12187,.F.);
#12187 = EDGE_CURVE('',#12188,#12190,#12192,.T.);
#12188 = VERTEX_POINT('',#12189);
#12189 = CARTESIAN_POINT('',(-7.196152422707,-28.60431514075,
    20.232050807569));
#12190 = VERTEX_POINT('',#12191);
#12191 = CARTESIAN_POINT('',(-4.598076211353,-29.20084890792,
    18.732050807569));
#12192 = B_SPLINE_CURVE_WITH_KNOTS('',4,(#12193,#12194,#12195,#12196,
    #12197),.UNSPECIFIED.,.F.,.F.,(5,5),(0.,1.),
  .PIECEWISE_BEZIER_KNOTS.);
#12193 = CARTESIAN_POINT('',(-7.196152422707,-28.60431514075,
    20.232050807569));
#12194 = CARTESIAN_POINT('',(-6.545695285368,-28.74650137439,
    19.85650920423));
#12195 = CARTESIAN_POINT('',(-5.896025496107,-28.89468630809,
    19.481422176516));
#12196 = CARTESIAN_POINT('',(-5.246911965041,-29.04678168865,
    19.106656304621));
#12197 = CARTESIAN_POINT('',(-4.598076211353,-29.20084890792,
    18.732050807569));
#12198 = ORIENTED_EDGE('',*,*,#12199,.T.);
#12199 = EDGE_CURVE('',#12188,#12200,#12202,.T.);
#12200 = VERTEX_POINT('',#12201);
#12201 = CARTESIAN_POINT('',(-9.79422863406,-29.00707285379,
    18.732050807569));
#12202 = B_SPLINE_CURVE_WITH_KNOTS('',4,(#12203,#12204,#12205,#12206,
    #12207),.UNSPECIFIED.,.F.,.F.,(5,5),(0.,1.),
  .PIECEWISE_BEZIER_KNOTS.);
#12203 = CARTESIAN_POINT('',(-7.196152422707,-28.60431514075,
    20.232050807569));
#12204 = CARTESIAN_POINT('',(-7.844274892018,-28.71936641599,
    19.857857125444));
#12205 = CARTESIAN_POINT('',(-8.493294538726,-28.82598581109,
    19.483145457708));
#12206 = CARTESIAN_POINT('',(-9.143297879697,-28.92246727286,
    19.107865853824));
#12207 = CARTESIAN_POINT('',(-9.79422863406,-29.00707285379,
    18.732050807569));
#12208 = ORIENTED_EDGE('',*,*,#12209,.T.);
#12209 = EDGE_CURVE('',#12200,#12210,#12212,.T.);
#12210 = VERTEX_POINT('',#12211);
#12211 = CARTESIAN_POINT('',(-9.79422863406,-29.95082171526,
    15.732050807569));
#12212 = B_SPLINE_CURVE_WITH_KNOTS('',4,(#12213,#12214,#12215,#12216,
    #12217),.UNSPECIFIED.,.F.,.F.,(5,5),(0.,1.),
  .PIECEWISE_BEZIER_KNOTS.);
#12213 = CARTESIAN_POINT('',(-9.79422863406,-29.00707285379,
    18.732050807569));
#12214 = CARTESIAN_POINT('',(-9.79422863406,-29.24085957236,
    17.98171365074));
#12215 = CARTESIAN_POINT('',(-9.79422863406,-29.4761093629,
    17.231604417547));
#12216 = CARTESIAN_POINT('',(-9.79422863406,-29.71277772014,
    16.48171841359));
#12217 = CARTESIAN_POINT('',(-9.79422863406,-29.95082171526,
    15.732050807569));
#12218 = ORIENTED_EDGE('',*,*,#12219,.F.);
#12219 = EDGE_CURVE('',#12220,#12210,#12222,.T.);
#12220 = VERTEX_POINT('',#12221);
#12221 = CARTESIAN_POINT('',(-7.196152422707,-30.68599590951,
    14.232050807569));
#12222 = B_SPLINE_CURVE_WITH_KNOTS('',4,(#12223,#12224,#12225,#12226,
    #12227,#12228,#12229,#12230,#12231,#12232,#12233),.UNSPECIFIED.,.F.,
  .F.,(5,3,3,5),(0.,0.206744243147,0.749476441279,1.),.UNSPECIFIED.);
#12223 = CARTESIAN_POINT('',(-7.196152422707,-30.68599590951,
    14.232050807569));
#12224 = CARTESIAN_POINT('',(-7.330358920153,-30.64753744551,
    14.309534964997));
#12225 = CARTESIAN_POINT('',(-7.46456716852,-30.60908951286,
    14.387020133319));
#12226 = CARTESIAN_POINT('',(-7.598779929479,-30.57066817345,
    14.464507906987));
#12227 = CARTESIAN_POINT('',(-8.085346208899,-30.43154113551,
    14.745427079389));
#12228 = CARTESIAN_POINT('',(-8.437742687566,-30.33108839333,
    14.948883281209));
#12229 = CARTESIAN_POINT('',(-8.790240182382,-30.23122686509,
    15.15239780473));
#12230 = CARTESIAN_POINT('',(-9.305670685123,-30.08658656031,
    15.449981744235));
#12231 = CARTESIAN_POINT('',(-9.468484571246,-30.04109871296,
    15.543982385216));
#12232 = CARTESIAN_POINT('',(-9.631335617243,-29.99583336136,
    15.638004480461));
#12233 = CARTESIAN_POINT('',(-9.79422863406,-29.95082171526,
    15.732050807569));
#12234 = ORIENTED_EDGE('',*,*,#12235,.F.);
#12235 = EDGE_CURVE('',#12236,#12220,#12238,.T.);
#12236 = VERTEX_POINT('',#12237);
#12237 = CARTESIAN_POINT('',(-4.598076211353,-30.30982125152,
    15.732050807569));
#12238 = B_SPLINE_CURVE_WITH_KNOTS('',4,(#12239,#12240,#12241,#12242,
    #12243),.UNSPECIFIED.,.F.,.F.,(5,5),(0.,1.),
  .PIECEWISE_BEZIER_KNOTS.);
#12239 = CARTESIAN_POINT('',(-4.598076211353,-30.30982125152,
    15.732050807569));
#12240 = CARTESIAN_POINT('',(-5.246194341994,-30.41919120257,
    15.357859630377));
#12241 = CARTESIAN_POINT('',(-5.895233647965,-30.519454472,
    14.98313661236));
#12242 = CARTESIAN_POINT('',(-6.545249830249,-30.60895695301,
    14.60784959454));
#12243 = CARTESIAN_POINT('',(-7.196152422707,-30.68599590951,
    14.232050807569));
#12244 = ORIENTED_EDGE('',*,*,#12245,.F.);
#12245 = EDGE_CURVE('',#12190,#12236,#12246,.T.);
#12246 = B_SPLINE_CURVE_WITH_KNOTS('',4,(#12247,#12248,#12249,#12250,
    #12251),.UNSPECIFIED.,.F.,.F.,(5,5),(0.,1.),
  .PIECEWISE_BEZIER_KNOTS.);
#12247 = CARTESIAN_POINT('',(-4.598076211353,-29.20084890792,
    18.732050807569));
#12248 = CARTESIAN_POINT('',(-4.598076211353,-29.47737735929,
    17.981918852143));
#12249 = CARTESIAN_POINT('',(-4.598076211353,-29.75439626964,
    17.231877293828));
#12250 = CARTESIAN_POINT('',(-4.598076211353,-30.0318841605,
    16.481922429389));
#12251 = CARTESIAN_POINT('',(-4.598076211353,-30.30982125152,
    15.732050807569));
#12252 = FACE_BOUND('',#12253,.F.);
#12253 = EDGE_LOOP('',(#12254,#12269,#12280,#12290,#12301,#12312));
#12254 = ORIENTED_EDGE('',*,*,#12255,.F.);
#12255 = EDGE_CURVE('',#12256,#12258,#12260,.T.);
#12256 = VERTEX_POINT('',#12257);
#12257 = CARTESIAN_POINT('',(0.,-28.6827975157,20.232050807569));
#12258 = VERTEX_POINT('',#12259);
#12259 = CARTESIAN_POINT('',(2.598076211353,-29.25092434936,
    18.732050807569));
#12260 = B_SPLINE_CURVE_WITH_KNOTS('',4,(#12261,#12262,#12263,#12264,
    #12265,#12266,#12267,#12268),.UNSPECIFIED.,.F.,.F.,(5,3,5),(0.,
    0.625587524709,1.),.UNSPECIFIED.);
#12261 = CARTESIAN_POINT('',(0.,-28.6827975157,20.232050807569));
#12262 = CARTESIAN_POINT('',(0.406041611191,-28.77383664556,
    19.997622574045));
#12263 = CARTESIAN_POINT('',(0.812140400282,-28.86445302577,
    19.763161328846));
#12264 = CARTESIAN_POINT('',(1.218358977338,-28.95418250049,
    19.528630924033));
#12265 = CARTESIAN_POINT('',(1.86797810596,-29.09547703301,
    19.153573145253));
#12266 = CARTESIAN_POINT('',(2.111266260361,-29.14790037736,
    19.013110663818));
#12267 = CARTESIAN_POINT('',(2.354628840675,-29.1997479759,
    18.872605212564));
#12268 = CARTESIAN_POINT('',(2.598076211353,-29.25092434936,
    18.732050807569));
#12269 = ORIENTED_EDGE('',*,*,#12270,.T.);
#12270 = EDGE_CURVE('',#12256,#12271,#12273,.T.);
#12271 = VERTEX_POINT('',#12272);
#12272 = CARTESIAN_POINT('',(-2.598076211353,-29.2402829056,
    18.732050807569));
#12273 = B_SPLINE_CURVE_WITH_KNOTS('',5,(#12274,#12275,#12276,#12277,
    #12278,#12279),.UNSPECIFIED.,.F.,.F.,(6,6),(0.,1.),
  .PIECEWISE_BEZIER_KNOTS.);
#12274 = CARTESIAN_POINT('',(0.,-28.6827975157,20.232050807569));
#12275 = CARTESIAN_POINT('',(-0.519141878653,-28.79793217182,
    19.932324104181));
#12276 = CARTESIAN_POINT('',(-1.038431726779,-28.91195386266,
    19.632511970578));
#12277 = CARTESIAN_POINT('',(-1.557964650778,-29.02414900767,
    19.332559497054));
#12278 = CARTESIAN_POINT('',(-2.077822731831,-29.13382137003,
    19.032419294018));
#12279 = CARTESIAN_POINT('',(-2.598076211353,-29.2402829056,
    18.732050807569));
#12280 = ORIENTED_EDGE('',*,*,#12281,.T.);
#12281 = EDGE_CURVE('',#12271,#12282,#12284,.T.);
#12282 = VERTEX_POINT('',#12283);
#12283 = CARTESIAN_POINT('',(-2.598076211353,-30.38200040034,
    15.732050807569));
#12284 = B_SPLINE_CURVE_WITH_KNOTS('',4,(#12285,#12286,#12287,#12288,
    #12289),.UNSPECIFIED.,.F.,.F.,(5,5),(0.,1.),
  .PIECEWISE_BEZIER_KNOTS.);
#12285 = CARTESIAN_POINT('',(-2.598076211353,-29.2402829056,
    18.732050807569));
#12286 = CARTESIAN_POINT('',(-2.598076211353,-29.52537622029,
    17.981986891964));
#12287 = CARTESIAN_POINT('',(-2.598076211353,-29.81070145654,
    17.231967049186));
#12288 = CARTESIAN_POINT('',(-2.598076211353,-30.09624651949,
    16.481989038021));
#12289 = CARTESIAN_POINT('',(-2.598076211353,-30.38200040034,
    15.732050807569));
#12290 = ORIENTED_EDGE('',*,*,#12291,.T.);
#12291 = EDGE_CURVE('',#12282,#12292,#12294,.T.);
#12292 = VERTEX_POINT('',#12293);
#12293 = CARTESIAN_POINT('',(0.,-31.00069418713,14.232050807569));
#12294 = B_SPLINE_CURVE_WITH_KNOTS('',5,(#12295,#12296,#12297,#12298,
    #12299,#12300),.UNSPECIFIED.,.F.,.F.,(6,6),(0.,1.),
  .PIECEWISE_BEZIER_KNOTS.);
#12295 = CARTESIAN_POINT('',(-2.598076211353,-30.38200040034,
    15.732050807569));
#12296 = CARTESIAN_POINT('',(-2.079099061597,-30.51015294972,
    15.432419210454));
#12297 = CARTESIAN_POINT('',(-1.559899074094,-30.63680094761,
    15.132658957906));
#12298 = CARTESIAN_POINT('',(-1.04037269344,-30.76123517923,
    14.832710262184));
#12299 = CARTESIAN_POINT('',(-0.52043135018,-30.88276220534,
    14.53252198769));
#12300 = CARTESIAN_POINT('',(8.7E-16,-31.00069418713,14.232050807569));
#12301 = ORIENTED_EDGE('',*,*,#12302,.F.);
#12302 = EDGE_CURVE('',#12303,#12292,#12305,.T.);
#12303 = VERTEX_POINT('',#12304);
#12304 = CARTESIAN_POINT('',(2.598076211353,-30.39862096228,
    15.732050807569));
#12305 = B_SPLINE_CURVE_WITH_KNOTS('',5,(#12306,#12307,#12308,#12309,
    #12310,#12311),.UNSPECIFIED.,.F.,.F.,(6,6),(0.,1.),
  .PIECEWISE_BEZIER_KNOTS.);
#12306 = CARTESIAN_POINT('',(2.598076211353,-30.39862096228,
    15.732050807569));
#12307 = CARTESIAN_POINT('',(2.079141832818,-30.52386872075,
    15.43244390443));
#12308 = CARTESIAN_POINT('',(1.559953736043,-30.64736406665,
    15.132690516997));
#12309 = CARTESIAN_POINT('',(1.040417942142,-30.76843705652,
    14.832736386534));
#12310 = CARTESIAN_POINT('',(0.520455263279,-30.88643121041,
    14.532535793924));
#12311 = CARTESIAN_POINT('',(-8.9E-16,-31.00069418713,14.232050807569));
#12312 = ORIENTED_EDGE('',*,*,#12313,.F.);
#12313 = EDGE_CURVE('',#12258,#12303,#12314,.T.);
#12314 = B_SPLINE_CURVE_WITH_KNOTS('',4,(#12315,#12316,#12317,#12318,
    #12319),.UNSPECIFIED.,.F.,.F.,(5,5),(0.,1.),
  .PIECEWISE_BEZIER_KNOTS.);
#12315 = CARTESIAN_POINT('',(2.598076211353,-29.25092434936,
    18.732050807569));
#12316 = CARTESIAN_POINT('',(2.598076211353,-29.53792150123,
    17.982064772588));
#12317 = CARTESIAN_POINT('',(2.598076211353,-29.82486958964,
    17.232069349804));
#12318 = CARTESIAN_POINT('',(2.598076211353,-30.11176921261,
    16.48206465623));
#12319 = CARTESIAN_POINT('',(2.598076211353,-30.39862096228,
    15.732050807569));
#12320 = FACE_BOUND('',#12321,.F.);
#12321 = EDGE_LOOP('',(#12322,#12335,#12348,#12360,#12370,#12383));
#12322 = ORIENTED_EDGE('',*,*,#12323,.F.);
#12323 = EDGE_CURVE('',#12324,#12326,#12328,.T.);
#12324 = VERTEX_POINT('',#12325);
#12325 = CARTESIAN_POINT('',(7.196152422707,-28.62173023051,
    20.232050807569));
#12326 = VERTEX_POINT('',#12327);
#12327 = CARTESIAN_POINT('',(9.79422863406,-29.04699781646,
    18.732050807569));
#12328 = B_SPLINE_CURVE_WITH_KNOTS('',5,(#12329,#12330,#12331,#12332,
    #12333,#12334),.UNSPECIFIED.,.F.,.F.,(6,6),(0.,1.),
  .PIECEWISE_BEZIER_KNOTS.);
#12329 = CARTESIAN_POINT('',(7.196152422707,-28.62173023051,
    20.232050807569));
#12330 = CARTESIAN_POINT('',(7.714656275007,-28.71765827631,
    19.932692468867));
#12331 = CARTESIAN_POINT('',(8.233682873828,-28.80887245839,
    19.633032322321));
#12332 = CARTESIAN_POINT('',(8.753279697175,-28.89465062904,
    19.333042956492));
#12333 = CARTESIAN_POINT('',(9.273464999084,-28.97426978704,
    19.032713832406));
#12334 = CARTESIAN_POINT('',(9.79422863406,-29.04699781646,
    18.732050807569));
#12335 = ORIENTED_EDGE('',*,*,#12336,.T.);
#12336 = EDGE_CURVE('',#12324,#12337,#12339,.T.);
#12337 = VERTEX_POINT('',#12338);
#12338 = CARTESIAN_POINT('',(4.598076211353,-29.2196678489,
    18.732050807569));
#12339 = B_SPLINE_CURVE_WITH_KNOTS('',4,(#12340,#12341,#12342,#12343,
    #12344,#12345,#12346,#12347),.UNSPECIFIED.,.F.,.F.,(5,3,5),(0.,
    0.566466795798,1.),.UNSPECIFIED.);
#12340 = CARTESIAN_POINT('',(7.196152422707,-28.62173023051,
    20.232050807569));
#12341 = CARTESIAN_POINT('',(6.827792533143,-28.70324787094,
    20.019378126171));
#12342 = CARTESIAN_POINT('',(6.459645593904,-28.78637161759,
    19.8068283917));
#12343 = CARTESIAN_POINT('',(6.091670243095,-28.87074445336,
    19.594377723855));
#12344 = CARTESIAN_POINT('',(5.44229459116,-29.0212906963,
    19.219460516405));
#12345 = CARTESIAN_POINT('',(5.160842335006,-29.08708850363,
    19.05696398055));
#12346 = CARTESIAN_POINT('',(4.87944320487,-29.153263816,18.894498117017
    ));
#12347 = CARTESIAN_POINT('',(4.598076211353,-29.2196678489,
    18.732050807569));
#12348 = ORIENTED_EDGE('',*,*,#12349,.T.);
#12349 = EDGE_CURVE('',#12337,#12350,#12352,.T.);
#12350 = VERTEX_POINT('',#12351);
#12351 = CARTESIAN_POINT('',(4.598076211353,-30.33925073355,
    15.732050807569));
#12352 = B_SPLINE_CURVE_WITH_KNOTS('',6,(#12353,#12354,#12355,#12356,
    #12357,#12358,#12359),.UNSPECIFIED.,.F.,.F.,(7,7),(0.,1.),
  .PIECEWISE_BEZIER_KNOTS.);
#12353 = CARTESIAN_POINT('',(4.598076211353,-29.2196678489,
    18.732050807569));
#12354 = CARTESIAN_POINT('',(4.598076211353,-29.31212084551,
    18.484324996959));
#12355 = CARTESIAN_POINT('',(4.598076211353,-29.53096811029,
    17.897927324017));
#12356 = CARTESIAN_POINT('',(4.598076211353,-29.77727165917,
    17.237947375877));
#12357 = CARTESIAN_POINT('',(4.598076211353,-30.00054311268,
    16.639666915039));
#12358 = CARTESIAN_POINT('',(4.598076211353,-30.1855667676,
    16.143871431427));
#12359 = CARTESIAN_POINT('',(4.598076211353,-30.33925073355,
    15.732050807569));
#12360 = ORIENTED_EDGE('',*,*,#12361,.T.);
#12361 = EDGE_CURVE('',#12350,#12362,#12364,.T.);
#12362 = VERTEX_POINT('',#12363);
#12363 = CARTESIAN_POINT('',(7.196152422707,-30.73699766239,
    14.232050807569));
#12364 = B_SPLINE_CURVE_WITH_KNOTS('',4,(#12365,#12366,#12367,#12368,
    #12369),.UNSPECIFIED.,.F.,.F.,(5,5),(0.,1.),
  .PIECEWISE_BEZIER_KNOTS.);
#12365 = CARTESIAN_POINT('',(4.598076211353,-30.33925073355,
    15.732050807569));
#12366 = CARTESIAN_POINT('',(5.246148170447,-30.45371548942,
    15.357886287532));
#12367 = CARTESIAN_POINT('',(5.895157202041,-30.55932911716,
    14.983180748434));
#12368 = CARTESIAN_POINT('',(6.545182653517,-30.65435206858,
    14.607888379045));
#12369 = CARTESIAN_POINT('',(7.196152422707,-30.73699766239,
    14.232050807569));
#12370 = ORIENTED_EDGE('',*,*,#12371,.F.);
#12371 = EDGE_CURVE('',#12372,#12362,#12374,.T.);
#12372 = VERTEX_POINT('',#12373);
#12373 = CARTESIAN_POINT('',(9.79422863406,-30.01366699714,
    15.732050807569));
#12374 = B_SPLINE_CURVE_WITH_KNOTS('',4,(#12375,#12376,#12377,#12378,
    #12379,#12380,#12381,#12382),.UNSPECIFIED.,.F.,.F.,(5,3,5),(0.,
    0.646575092021,1.),.UNSPECIFIED.);
#12375 = CARTESIAN_POINT('',(9.79422863406,-30.01366699714,
    15.732050807569));
#12376 = CARTESIAN_POINT('',(9.373911476734,-30.12844333663,
    15.489380583642));
#12377 = CARTESIAN_POINT('',(8.953828789383,-30.24465325478,
    15.246845731018));
#12378 = CARTESIAN_POINT('',(8.533901831672,-30.36179271321,
    15.004400788943));
#12379 = CARTESIAN_POINT('',(7.884554919457,-30.54366267656,
    14.629500174378));
#12380 = CARTESIAN_POINT('',(7.655082133706,-30.60807540881,
    14.497013999753));
#12381 = CARTESIAN_POINT('',(7.42561889691,-30.67254564393,
    14.36453333822));
#12382 = CARTESIAN_POINT('',(7.196152422707,-30.73699766239,
    14.232050807569));
#12383 = ORIENTED_EDGE('',*,*,#12384,.F.);
#12384 = EDGE_CURVE('',#12326,#12372,#12385,.T.);
#12385 = B_SPLINE_CURVE_WITH_KNOTS('',4,(#12386,#12387,#12388,#12389,
    #12390),.UNSPECIFIED.,.F.,.F.,(5,5),(0.,1.),
  .PIECEWISE_BEZIER_KNOTS.);
#12386 = CARTESIAN_POINT('',(9.79422863406,-29.04699781646,
    18.732050807569));
#12387 = CARTESIAN_POINT('',(9.79422863406,-29.28804647093,
    17.981951228404));
#12388 = CARTESIAN_POINT('',(9.79422863406,-29.52951323727,
    17.231918829943));
#12389 = CARTESIAN_POINT('',(9.79422863406,-29.77138950242,
    16.481952411867));
#12390 = CARTESIAN_POINT('',(9.79422863406,-30.01366699714,
    15.732050807569));
#12391 = FACE_BOUND('',#12392,.F.);
#12392 = EDGE_LOOP('',(#12393,#12405,#12416,#12426,#12436,#12447));
#12393 = ORIENTED_EDGE('',*,*,#12394,.F.);
#12394 = EDGE_CURVE('',#12395,#12397,#12399,.T.);
#12395 = VERTEX_POINT('',#12396);
#12396 = CARTESIAN_POINT('',(3.598076211353,-31.0290269899,14.));
#12397 = VERTEX_POINT('',#12398);
#12398 = CARTESIAN_POINT('',(6.196152422707,-31.43544294087,12.5));
#12399 = B_SPLINE_CURVE_WITH_KNOTS('',4,(#12400,#12401,#12402,#12403,
    #12404),.UNSPECIFIED.,.F.,.F.,(5,5),(0.,1.),
  .PIECEWISE_BEZIER_KNOTS.);
#12400 = CARTESIAN_POINT('',(3.598076211353,-31.0290269899,14.));
#12401 = CARTESIAN_POINT('',(4.246063423014,-31.14618748018,
    13.625884408916));
#12402 = CARTESIAN_POINT('',(4.895050308798,-31.25412482528,
    13.251191655708));
#12403 = CARTESIAN_POINT('',(5.545107462087,-31.35113075076,
    12.875880983268));
#12404 = CARTESIAN_POINT('',(6.196152422707,-31.43544294087,12.5));
#12405 = ORIENTED_EDGE('',*,*,#12406,.T.);
#12406 = EDGE_CURVE('',#12395,#12407,#12409,.T.);
#12407 = VERTEX_POINT('',#12408);
#12408 = CARTESIAN_POINT('',(1.,-31.66696501201,12.5));
#12409 = B_SPLINE_CURVE_WITH_KNOTS('',5,(#12410,#12411,#12412,#12413,
    #12414,#12415),.UNSPECIFIED.,.F.,.F.,(6,6),(0.,1.),
  .PIECEWISE_BEZIER_KNOTS.);
#12410 = CARTESIAN_POINT('',(3.598076211353,-31.0290269899,14.));
#12411 = CARTESIAN_POINT('',(3.079254181527,-31.16192560881,
    13.700457961418));
#12412 = CARTESIAN_POINT('',(2.560123517986,-31.2928160289,
    13.400737733078));
#12413 = CARTESIAN_POINT('',(2.040588625611,-31.42104568218,
    13.100784123112));
#12414 = CARTESIAN_POINT('',(1.52056943225,-31.54597438861,
    12.800550901842));
#12415 = CARTESIAN_POINT('',(1.,-31.66696501201,12.5));
#12416 = ORIENTED_EDGE('',*,*,#12417,.T.);
#12417 = EDGE_CURVE('',#12407,#12418,#12420,.T.);
#12418 = VERTEX_POINT('',#12419);
#12419 = CARTESIAN_POINT('',(1.,-32.82422987218,9.5));
#12420 = B_SPLINE_CURVE_WITH_KNOTS('',4,(#12421,#12422,#12423,#12424,
    #12425),.UNSPECIFIED.,.F.,.F.,(5,5),(0.,1.),
  .PIECEWISE_BEZIER_KNOTS.);
#12421 = CARTESIAN_POINT('',(1.,-31.66696501201,12.5));
#12422 = CARTESIAN_POINT('',(1.,-31.9563244594,11.750008339978));
#12423 = CARTESIAN_POINT('',(1.,-32.24565559761,11.000011218198));
#12424 = CARTESIAN_POINT('',(1.,-32.53495762584,10.25000848107));
#12425 = CARTESIAN_POINT('',(1.,-32.82422987218,9.5));
#12426 = ORIENTED_EDGE('',*,*,#12427,.F.);
#12427 = EDGE_CURVE('',#12428,#12418,#12430,.T.);
#12428 = VERTEX_POINT('',#12429);
#12429 = CARTESIAN_POINT('',(3.598076211353,-33.29865766872,8.));
#12430 = B_SPLINE_CURVE_WITH_KNOTS('',4,(#12431,#12432,#12433,#12434,
    #12435),.UNSPECIFIED.,.F.,.F.,(5,5),(0.,1.),
  .PIECEWISE_BEZIER_KNOTS.);
#12431 = CARTESIAN_POINT('',(3.598076211353,-33.29865766872,8.));
#12432 = CARTESIAN_POINT('',(2.94663983267,-33.19856571834,
    8.376106968593));
#12433 = CARTESIAN_POINT('',(2.296445244614,-33.08501977448,
    8.751496989033));
#12434 = CARTESIAN_POINT('',(1.647585545833,-32.95970343608,
    9.12611631079));
#12435 = CARTESIAN_POINT('',(1.,-32.82422987218,9.5));
#12436 = ORIENTED_EDGE('',*,*,#12437,.F.);
#12437 = EDGE_CURVE('',#12438,#12428,#12440,.T.);
#12438 = VERTEX_POINT('',#12439);
#12439 = CARTESIAN_POINT('',(6.196152422707,-32.52238550652,9.5));
#12440 = B_SPLINE_CURVE_WITH_KNOTS('',5,(#12441,#12442,#12443,#12444,
    #12445,#12446),.UNSPECIFIED.,.F.,.F.,(6,6),(0.,1.),
  .PIECEWISE_BEZIER_KNOTS.);
#12441 = CARTESIAN_POINT('',(6.196152422707,-32.52238550652,9.5));
#12442 = CARTESIAN_POINT('',(5.67774303771,-32.6842700831,9.200696202022
    ));
#12443 = CARTESIAN_POINT('',(5.158824996381,-32.84344053465,
    8.901098731173));
#12444 = CARTESIAN_POINT('',(4.639295487094,-32.99929190536,
    8.601148229134));
#12445 = CARTESIAN_POINT('',(4.119069124398,-33.15122918203,
    8.300795398592));
#12446 = CARTESIAN_POINT('',(3.598076211353,-33.29865766872,8.));
#12447 = ORIENTED_EDGE('',*,*,#12448,.F.);
#12448 = EDGE_CURVE('',#12397,#12438,#12449,.T.);
#12449 = B_SPLINE_CURVE_WITH_KNOTS('',4,(#12450,#12451,#12452,#12453,
    #12454),.UNSPECIFIED.,.F.,.F.,(5,5),(0.,1.),
  .PIECEWISE_BEZIER_KNOTS.);
#12450 = CARTESIAN_POINT('',(6.196152422707,-31.43544294087,12.5));
#12451 = CARTESIAN_POINT('',(6.196152422707,-31.70706778479,
    11.74997993129));
#12452 = CARTESIAN_POINT('',(6.196152422707,-31.97876760893,
    10.9999734398));
#12453 = CARTESIAN_POINT('',(6.196152422707,-32.25054071675,
    10.249980224312));
#12454 = CARTESIAN_POINT('',(6.196152422707,-32.52238550652,9.5));
#12455 = FACE_BOUND('',#12456,.F.);
#12456 = EDGE_LOOP('',(#12457,#12469,#12482,#12493,#12503,#12516));
#12457 = ORIENTED_EDGE('',*,*,#12458,.F.);
#12458 = EDGE_CURVE('',#12459,#12461,#12463,.T.);
#12459 = VERTEX_POINT('',#12460);
#12460 = CARTESIAN_POINT('',(-8.196152422707,-31.18750834098,12.5));
#12461 = VERTEX_POINT('',#12462);
#12462 = CARTESIAN_POINT('',(-8.196152422707,-32.22131693954,9.5));
#12463 = B_SPLINE_CURVE_WITH_KNOTS('',4,(#12464,#12465,#12466,#12467,
    #12468),.UNSPECIFIED.,.F.,.F.,(5,5),(0.,1.),
  .PIECEWISE_BEZIER_KNOTS.);
#12464 = CARTESIAN_POINT('',(-8.196152422707,-31.18750834098,12.5));
#12465 = CARTESIAN_POINT('',(-8.196152422707,-31.4445270186,
    11.749753508561));
#12466 = CARTESIAN_POINT('',(-8.196152422707,-31.70252428054,
    10.999674633218));
#12467 = CARTESIAN_POINT('',(-8.196152422707,-31.96146521753,
    10.249758404699));
#12468 = CARTESIAN_POINT('',(-8.196152422707,-32.22131693954,9.5));
#12469 = ORIENTED_EDGE('',*,*,#12470,.T.);
#12470 = EDGE_CURVE('',#12459,#12471,#12473,.T.);
#12471 = VERTEX_POINT('',#12472);
#12472 = CARTESIAN_POINT('',(-10.79422863406,-30.38108059988,14.));
#12473 = B_SPLINE_CURVE_WITH_KNOTS('',4,(#12474,#12475,#12476,#12477,
    #12478,#12479,#12480,#12481),.UNSPECIFIED.,.F.,.F.,(5,3,5),(0.,
    0.422799163394,1.),.UNSPECIFIED.);
#12474 = CARTESIAN_POINT('',(-8.196152422707,-31.18750834098,12.5));
#12475 = CARTESIAN_POINT('',(-8.470679322968,-31.10178456525,
    12.658498179766));
#12476 = CARTESIAN_POINT('',(-8.745191131453,-31.01598172331,
    12.81698764629));
#12477 = CARTESIAN_POINT('',(-9.019712951756,-30.93023352667,
    12.97548289314));
#12478 = CARTESIAN_POINT('',(-9.66909391303,-30.72788026738,
    13.350403165939));
#12479 = CARTESIAN_POINT('',(-10.04398394284,-30.61144235331,
    13.566846025566));
#12480 = CARTESIAN_POINT('',(-10.41900685971,-30.49571791307,
    13.783365607576));
#12481 = CARTESIAN_POINT('',(-10.79422863406,-30.38108059988,14.));
#12482 = ORIENTED_EDGE('',*,*,#12483,.T.);
#12483 = EDGE_CURVE('',#12471,#12484,#12486,.T.);
#12484 = VERTEX_POINT('',#12485);
#12485 = CARTESIAN_POINT('',(-13.39230484541,-30.40484082138,12.5));
#12486 = B_SPLINE_CURVE_WITH_KNOTS('',5,(#12487,#12488,#12489,#12490,
    #12491,#12492),.UNSPECIFIED.,.F.,.F.,(6,6),(0.,1.),
  .PIECEWISE_BEZIER_KNOTS.);
#12487 = CARTESIAN_POINT('',(-10.79422863406,-30.38108059988,14.));
#12488 = CARTESIAN_POINT('',(-11.3135766081,-30.40630526185,
    13.700154307379));
#12489 = CARTESIAN_POINT('',(-11.83320095923,-30.42200623906,
    13.400149048378));
#12490 = CARTESIAN_POINT('',(-12.35298521864,-30.42747788525,
    13.10005146629));
#12491 = CARTESIAN_POINT('',(-12.87276037324,-30.42199912262,
    12.799959140864));
#12492 = CARTESIAN_POINT('',(-13.39230484541,-30.40484082138,12.5));
#12493 = ORIENTED_EDGE('',*,*,#12494,.T.);
#12494 = EDGE_CURVE('',#12484,#12495,#12497,.T.);
#12495 = VERTEX_POINT('',#12496);
#12496 = CARTESIAN_POINT('',(-13.39230484541,-31.21906064157,9.5));
#12497 = B_SPLINE_CURVE_WITH_KNOTS('',4,(#12498,#12499,#12500,#12501,
    #12502),.UNSPECIFIED.,.F.,.F.,(5,5),(0.,1.),
  .PIECEWISE_BEZIER_KNOTS.);
#12498 = CARTESIAN_POINT('',(-13.39230484541,-30.40484082138,12.5));
#12499 = CARTESIAN_POINT('',(-13.39230484541,-30.60535035808,
    11.749588884434));
#12500 = CARTESIAN_POINT('',(-13.39230484541,-30.80792081911,
    10.999453104479));
#12501 = CARTESIAN_POINT('',(-13.39230484541,-31.01250635506,
    10.249590929249));
#12502 = CARTESIAN_POINT('',(-13.39230484541,-31.21906064157,9.5));
#12503 = ORIENTED_EDGE('',*,*,#12504,.F.);
#12504 = EDGE_CURVE('',#12505,#12495,#12507,.T.);
#12505 = VERTEX_POINT('',#12506);
#12506 = CARTESIAN_POINT('',(-10.79422863406,-32.25826505541,8.));
#12507 = B_SPLINE_CURVE_WITH_KNOTS('',4,(#12508,#12509,#12510,#12511,
    #12512,#12513,#12514,#12515),.UNSPECIFIED.,.F.,.F.,(5,3,5),(0.,
    0.48923308901,1.),.UNSPECIFIED.);
#12508 = CARTESIAN_POINT('',(-10.79422863406,-32.25826505541,8.));
#12509 = CARTESIAN_POINT('',(-11.11221727399,-32.13208631776,
    8.183590826866));
#12510 = CARTESIAN_POINT('',(-11.43007011931,-32.00533901275,
    8.367103252675));
#12511 = CARTESIAN_POINT('',(-11.74783179341,-31.87821427459,
    8.550563040752));
#12512 = CARTESIAN_POINT('',(-12.39725374515,-31.61800740391,
    8.925506979406));
#12513 = CARTESIAN_POINT('',(-12.72891009584,-31.48490944323,
    9.116988862758));
#12514 = CARTESIAN_POINT('',(-13.06057443232,-31.35184653504,
    9.308475356705));
#12515 = CARTESIAN_POINT('',(-13.39230484541,-31.21906064157,9.5));
#12516 = ORIENTED_EDGE('',*,*,#12517,.F.);
#12517 = EDGE_CURVE('',#12461,#12505,#12518,.T.);
#12518 = B_SPLINE_CURVE_WITH_KNOTS('',5,(#12519,#12520,#12521,#12522,
    #12523,#12524),.UNSPECIFIED.,.F.,.F.,(6,6),(0.,1.),
  .PIECEWISE_BEZIER_KNOTS.);
#12519 = CARTESIAN_POINT('',(-8.196152422707,-32.22131693954,9.5));
#12520 = CARTESIAN_POINT('',(-8.715428065062,-32.24957542057,
    9.200196068103));
#12521 = CARTESIAN_POINT('',(-9.235020791413,-32.2680905187,
    8.900209067675));
#12522 = CARTESIAN_POINT('',(-9.754809207185,-32.27617875903,
    8.600109085907));
#12523 = CARTESIAN_POINT('',(-10.27462015,-32.27313990921,8.29999609814)
  );
#12524 = CARTESIAN_POINT('',(-10.79422863406,-32.25826505541,8.));
#12525 = FACE_BOUND('',#12526,.F.);
#12526 = EDGE_LOOP('',(#12527,#12540,#12550,#12560,#12571,#12581));
#12527 = ORIENTED_EDGE('',*,*,#12528,.F.);
#12528 = EDGE_CURVE('',#12529,#12531,#12533,.T.);
#12529 = VERTEX_POINT('',#12530);
#12530 = CARTESIAN_POINT('',(-3.598076211353,-31.00332696957,14.));
#12531 = VERTEX_POINT('',#12532);
#12532 = CARTESIAN_POINT('',(-1.,-31.65951451139,12.5));
#12533 = B_SPLINE_CURVE_WITH_KNOTS('',5,(#12534,#12535,#12536,#12537,
    #12538,#12539),.UNSPECIFIED.,.F.,.F.,(6,6),(0.,1.),
  .PIECEWISE_BEZIER_KNOTS.);
#12534 = CARTESIAN_POINT('',(-3.598076211353,-31.00332696957,14.));
#12535 = CARTESIAN_POINT('',(-3.079235091133,-31.13960850732,
    13.700446939574));
#12536 = CARTESIAN_POINT('',(-2.56010429597,-31.27405181231,
    13.400726635242));
#12537 = CARTESIAN_POINT('',(-2.04057854238,-31.40596695511,
    13.100778301556));
#12538 = CARTESIAN_POINT('',(-1.52056865661,-31.53467836145,
    12.800550454025));
#12539 = CARTESIAN_POINT('',(-1.,-31.65951451139,12.5));
#12540 = ORIENTED_EDGE('',*,*,#12541,.T.);
#12541 = EDGE_CURVE('',#12529,#12542,#12544,.T.);
#12542 = VERTEX_POINT('',#12543);
#12543 = CARTESIAN_POINT('',(-6.196152422707,-31.38907214365,12.5));
#12544 = B_SPLINE_CURVE_WITH_KNOTS('',4,(#12545,#12546,#12547,#12548,
    #12549),.UNSPECIFIED.,.F.,.F.,(5,5),(0.,1.),
  .PIECEWISE_BEZIER_KNOTS.);
#12545 = CARTESIAN_POINT('',(-3.598076211353,-31.00332696957,14.));
#12546 = CARTESIAN_POINT('',(-4.246125688345,-31.11544099648,
    13.625848460011));
#12547 = CARTESIAN_POINT('',(-4.895145854216,-31.21819553679,
    13.251136492535));
#12548 = CARTESIAN_POINT('',(-5.545186808177,-31.30996552547,
    12.875835172782));
#12549 = CARTESIAN_POINT('',(-6.196152422707,-31.38907214365,12.5));
#12550 = ORIENTED_EDGE('',*,*,#12551,.T.);
#12551 = EDGE_CURVE('',#12542,#12552,#12554,.T.);
#12552 = VERTEX_POINT('',#12553);
#12553 = CARTESIAN_POINT('',(-6.196152422707,-32.47728160522,9.5));
#12554 = B_SPLINE_CURVE_WITH_KNOTS('',4,(#12555,#12556,#12557,#12558,
    #12559),.UNSPECIFIED.,.F.,.F.,(5,5),(0.,1.),
  .PIECEWISE_BEZIER_KNOTS.);
#12555 = CARTESIAN_POINT('',(-6.196152422707,-31.38907214365,12.5));
#12556 = CARTESIAN_POINT('',(-6.196152422707,-31.66019435214,
    11.749831513919));
#12557 = CARTESIAN_POINT('',(-6.196152422707,-31.93195340533,
    10.999778105919));
#12558 = CARTESIAN_POINT('',(-6.196152422707,-32.20432373739,
    10.249835586308));
#12559 = CARTESIAN_POINT('',(-6.196152422707,-32.47728160522,9.5));
#12560 = ORIENTED_EDGE('',*,*,#12561,.F.);
#12561 = EDGE_CURVE('',#12562,#12552,#12564,.T.);
#12562 = VERTEX_POINT('',#12563);
#12563 = CARTESIAN_POINT('',(-3.598076211353,-33.27443223391,8.));
#12564 = B_SPLINE_CURVE_WITH_KNOTS('',5,(#12565,#12566,#12567,#12568,
    #12569,#12570),.UNSPECIFIED.,.F.,.F.,(6,6),(0.,1.),
  .PIECEWISE_BEZIER_KNOTS.);
#12565 = CARTESIAN_POINT('',(-3.598076211353,-33.27443223391,8.));
#12566 = CARTESIAN_POINT('',(-4.119136383206,-33.12299481335,
    8.300834230483));
#12567 = CARTESIAN_POINT('',(-4.639389077481,-32.96693323749,
    8.60120226357));
#12568 = CARTESIAN_POINT('',(-5.158910694556,-32.80687422483,
    8.901148209037));
#12569 = CARTESIAN_POINT('',(-5.677794460168,-32.64344450362,
    9.200725890792));
#12570 = CARTESIAN_POINT('',(-6.196152422707,-32.47728160522,9.5));
#12571 = ORIENTED_EDGE('',*,*,#12572,.F.);
#12572 = EDGE_CURVE('',#12573,#12562,#12575,.T.);
#12573 = VERTEX_POINT('',#12574);
#12574 = CARTESIAN_POINT('',(-1.,-32.81700244281,9.5));
#12575 = B_SPLINE_CURVE_WITH_KNOTS('',4,(#12576,#12577,#12578,#12579,
    #12580),.UNSPECIFIED.,.F.,.F.,(5,5),(0.,1.),
  .PIECEWISE_BEZIER_KNOTS.);
#12576 = CARTESIAN_POINT('',(-1.,-32.81700244281,9.5));
#12577 = CARTESIAN_POINT('',(-1.647688364732,-32.94791007492,
    9.126056948271));
#12578 = CARTESIAN_POINT('',(-2.296588747959,-33.06881754412,
    8.751414137338));
#12579 = CARTESIAN_POINT('',(-2.946749647847,-33.17819132841,
    8.376043566771));
#12580 = CARTESIAN_POINT('',(-3.598076211353,-33.27443223391,8.));
#12581 = ORIENTED_EDGE('',*,*,#12582,.F.);
#12582 = EDGE_CURVE('',#12531,#12573,#12583,.T.);
#12583 = B_SPLINE_CURVE_WITH_KNOTS('',4,(#12584,#12585,#12586,#12587,
    #12588),.UNSPECIFIED.,.F.,.F.,(5,5),(0.,1.),
  .PIECEWISE_BEZIER_KNOTS.);
#12584 = CARTESIAN_POINT('',(-1.,-31.65951451139,12.5));
#12585 = CARTESIAN_POINT('',(-1.,-31.94879952285,11.749983226172));
#12586 = CARTESIAN_POINT('',(-1.,-32.23814569698,10.999978246097));
#12587 = CARTESIAN_POINT('',(-1.,-32.52754813947,10.249984119921));
#12588 = CARTESIAN_POINT('',(-1.,-32.81700244281,9.5));
#12589 = FACE_BOUND('',#12590,.F.);
#12590 = EDGE_LOOP('',(#12591,#12603,#12614,#12625,#12635,#12646));
#12591 = ORIENTED_EDGE('',*,*,#12592,.F.);
#12592 = EDGE_CURVE('',#12593,#12595,#12597,.T.);
#12593 = VERTEX_POINT('',#12594);
#12594 = CARTESIAN_POINT('',(-4.598076211353,-33.84386915257,
    6.267949192431));
#12595 = VERTEX_POINT('',#12596);
#12596 = CARTESIAN_POINT('',(-4.598076211353,-34.9738151582,
    3.267949192431));
#12597 = B_SPLINE_CURVE_WITH_KNOTS('',4,(#12598,#12599,#12600,#12601,
    #12602),.UNSPECIFIED.,.F.,.F.,(5,5),(0.,1.),
  .PIECEWISE_BEZIER_KNOTS.);
#12598 = CARTESIAN_POINT('',(-4.598076211353,-33.84386915257,
    6.267949192431));
#12599 = CARTESIAN_POINT('',(-4.598076211353,-34.12586053059,
    5.517856012935));
#12600 = CARTESIAN_POINT('',(-4.598076211353,-34.40819197163,
    4.767826752058));
#12601 = CARTESIAN_POINT('',(-4.598076211353,-34.6908481986,
    4.017858661395));
#12602 = CARTESIAN_POINT('',(-4.598076211353,-34.9738151582,
    3.267949192431));
#12603 = ORIENTED_EDGE('',*,*,#12604,.T.);
#12604 = EDGE_CURVE('',#12593,#12605,#12607,.T.);
#12605 = VERTEX_POINT('',#12606);
#12606 = CARTESIAN_POINT('',(-7.196152422707,-32.9762024742,
    7.767949192431));
#12607 = B_SPLINE_CURVE_WITH_KNOTS('',5,(#12608,#12609,#12610,#12611,
    #12612,#12613),.UNSPECIFIED.,.F.,.F.,(6,6),(0.,1.),
  .PIECEWISE_BEZIER_KNOTS.);
#12608 = CARTESIAN_POINT('',(-4.598076211353,-33.84386915257,
    6.267949192431));
#12609 = CARTESIAN_POINT('',(-5.119391285776,-33.67897465423,
    6.568930590982));
#12610 = CARTESIAN_POINT('',(-5.639769975723,-33.5091519786,
    6.869371367703));
#12611 = CARTESIAN_POINT('',(-6.159289777524,-33.33500972297,
    7.169316265122));
#12612 = CARTESIAN_POINT('',(-6.678045681548,-33.15715457263,
    7.468820125954));
#12613 = CARTESIAN_POINT('',(-7.196152422707,-32.9762024742,
    7.767949192431));
#12614 = ORIENTED_EDGE('',*,*,#12615,.T.);
#12615 = EDGE_CURVE('',#12605,#12616,#12618,.T.);
#12616 = VERTEX_POINT('',#12617);
#12617 = CARTESIAN_POINT('',(-9.79422863406,-33.03712878354,
    6.267949192431));
#12618 = B_SPLINE_CURVE_WITH_KNOTS('',5,(#12619,#12620,#12621,#12622,
    #12623,#12624),.UNSPECIFIED.,.F.,.F.,(6,6),(0.,1.),
  .PIECEWISE_BEZIER_KNOTS.);
#12619 = CARTESIAN_POINT('',(-7.196152422707,-32.9762024742,
    7.767949192431));
#12620 = CARTESIAN_POINT('',(-7.71530991104,-33.00933518482,
    7.46821347679));
#12621 = CARTESIAN_POINT('',(-8.234841453503,-33.03267331635,
    7.168261800897));
#12622 = CARTESIAN_POINT('',(-8.754627307186,-33.04554568824,
    6.868163298352));
#12623 = CARTESIAN_POINT('',(-9.274496879252,-33.04726356612,
    6.568016460976));
#12624 = CARTESIAN_POINT('',(-9.79422863406,-33.03712878354,
    6.267949192431));
#12625 = ORIENTED_EDGE('',*,*,#12626,.T.);
#12626 = EDGE_CURVE('',#12616,#12627,#12629,.T.);
#12627 = VERTEX_POINT('',#12628);
#12628 = CARTESIAN_POINT('',(-9.79422863406,-34.04656212875,
    3.267949192431));
#12629 = B_SPLINE_CURVE_WITH_KNOTS('',4,(#12630,#12631,#12632,#12633,
    #12634),.UNSPECIFIED.,.F.,.F.,(5,5),(0.,1.),
  .PIECEWISE_BEZIER_KNOTS.);
#12630 = CARTESIAN_POINT('',(-9.79422863406,-33.03712878354,
    6.267949192431));
#12631 = CARTESIAN_POINT('',(-9.79422863406,-33.28783026251,
    5.517671104557));
#12632 = CARTESIAN_POINT('',(-9.79422863406,-33.53966112499,
    4.76758170049));
#12633 = CARTESIAN_POINT('',(-9.79422863406,-33.79258368206,
    4.017676026071));
#12634 = CARTESIAN_POINT('',(-9.79422863406,-34.04656212875,
    3.267949192431));
#12635 = ORIENTED_EDGE('',*,*,#12636,.F.);
#12636 = EDGE_CURVE('',#12637,#12627,#12639,.T.);
#12637 = VERTEX_POINT('',#12638);
#12638 = CARTESIAN_POINT('',(-7.196152422707,-35.1398758106,
    1.767949192431));
#12639 = B_SPLINE_CURVE_WITH_KNOTS('',5,(#12640,#12641,#12642,#12643,
    #12644,#12645),.UNSPECIFIED.,.F.,.F.,(6,6),(0.,1.),
  .PIECEWISE_BEZIER_KNOTS.);
#12640 = CARTESIAN_POINT('',(-7.196152422707,-35.1398758106,
    1.767949192431));
#12641 = CARTESIAN_POINT('',(-7.718365165338,-34.93168818122,
    2.069448859963));
#12642 = CARTESIAN_POINT('',(-8.239191052372,-34.7177071273,
    2.370147826043));
#12643 = CARTESIAN_POINT('',(-8.758708625475,-34.49849121035,
    2.670091436723));
#12644 = CARTESIAN_POINT('',(-9.277015036396,-34.27459157697,
    2.969335782591));
#12645 = CARTESIAN_POINT('',(-9.79422863406,-34.04656212875,
    3.267949192431));
#12646 = ORIENTED_EDGE('',*,*,#12647,.F.);
#12647 = EDGE_CURVE('',#12595,#12637,#12648,.T.);
#12648 = B_SPLINE_CURVE_WITH_KNOTS('',4,(#12649,#12650,#12651,#12652,
    #12653),.UNSPECIFIED.,.F.,.F.,(5,5),(0.,1.),
  .PIECEWISE_BEZIER_KNOTS.);
#12649 = CARTESIAN_POINT('',(-4.598076211353,-34.9738151582,
    3.267949192431));
#12650 = CARTESIAN_POINT('',(-5.246379903383,-35.04162835001,
    2.893650881321));
#12651 = CARTESIAN_POINT('',(-5.895715259593,-35.09298163156,
    2.518756938619));
#12652 = CARTESIAN_POINT('',(-6.545809479618,-35.12628748572,
    2.143424865689));
#12653 = CARTESIAN_POINT('',(-7.196152422707,-35.1398758106,
    1.767949192431));
#12654 = FACE_BOUND('',#12655,.F.);
#12655 = EDGE_LOOP('',(#12656,#12669,#12682,#12692,#12703,#12719));
#12656 = ORIENTED_EDGE('',*,*,#12657,.F.);
#12657 = EDGE_CURVE('',#12658,#12660,#12662,.T.);
#12658 = VERTEX_POINT('',#12659);
#12659 = CARTESIAN_POINT('',(10.79422863406,-30.45883234938,14.));
#12660 = VERTEX_POINT('',#12661);
#12661 = CARTESIAN_POINT('',(13.392304845413,-30.5068083894,12.5));
#12662 = B_SPLINE_CURVE_WITH_KNOTS('',5,(#12663,#12664,#12665,#12666,
    #12667,#12668),.UNSPECIFIED.,.F.,.F.,(6,6),(0.,1.),
  .PIECEWISE_BEZIER_KNOTS.);
#12663 = CARTESIAN_POINT('',(10.79422863406,-30.45883234938,14.));
#12664 = CARTESIAN_POINT('',(11.313461146525,-30.48894388239,
    13.700220969156));
#12665 = CARTESIAN_POINT('',(11.833023448115,-30.50954271215,
    13.400251534472));
#12666 = CARTESIAN_POINT('',(12.35280460388,-30.51989066482,
    13.100155744272));
#12667 = CARTESIAN_POINT('',(12.872638712907,-30.51923342606,
    12.800029381491));
#12668 = CARTESIAN_POINT('',(13.392304845413,-30.5068083894,12.5));
#12669 = ORIENTED_EDGE('',*,*,#12670,.T.);
#12670 = EDGE_CURVE('',#12658,#12671,#12673,.T.);
#12671 = VERTEX_POINT('',#12672);
#12672 = CARTESIAN_POINT('',(8.196152422707,-31.24905962539,12.5));
#12673 = B_SPLINE_CURVE_WITH_KNOTS('',4,(#12674,#12675,#12676,#12677,
    #12678,#12679,#12680,#12681),.UNSPECIFIED.,.F.,.F.,(5,3,5),(0.,
    0.530429598782,1.),.UNSPECIFIED.);
#12674 = CARTESIAN_POINT('',(10.79422863406,-30.45883234938,14.));
#12675 = CARTESIAN_POINT('',(10.449474395156,-30.5623483223,
    13.800956047365));
#12676 = CARTESIAN_POINT('',(10.104861342133,-30.66664994669,
    13.601993608435));
#12677 = CARTESIAN_POINT('',(9.760341740435,-30.77146432617,
    13.403085123654));
#12678 = CARTESIAN_POINT('',(9.110917730454,-30.96954457084,
    13.028139996673));
#12679 = CARTESIAN_POINT('',(8.806003464419,-31.0627556023,
    12.852097663098));
#12680 = CARTESIAN_POINT('',(8.501092275909,-31.15598499099,
    12.676057106333));
#12681 = CARTESIAN_POINT('',(8.196152422707,-31.24905962539,12.5));
#12682 = ORIENTED_EDGE('',*,*,#12683,.T.);
#12683 = EDGE_CURVE('',#12671,#12684,#12686,.T.);
#12684 = VERTEX_POINT('',#12685);
#12685 = CARTESIAN_POINT('',(8.196152422707,-32.28131390269,9.5));
#12686 = B_SPLINE_CURVE_WITH_KNOTS('',4,(#12687,#12688,#12689,#12690,
    #12691),.UNSPECIFIED.,.F.,.F.,(5,5),(0.,1.),
  .PIECEWISE_BEZIER_KNOTS.);
#12687 = CARTESIAN_POINT('',(8.196152422707,-31.24905962539,12.5));
#12688 = CARTESIAN_POINT('',(8.196152422707,-31.50678619256,
    11.749942048783));
#12689 = CARTESIAN_POINT('',(8.196152422707,-31.76474076078,
    10.999923268827));
#12690 = CARTESIAN_POINT('',(8.196152422707,-32.02291826717,
    10.249942845284));
#12691 = CARTESIAN_POINT('',(8.196152422707,-32.28131390269,9.5));
#12692 = ORIENTED_EDGE('',*,*,#12693,.T.);
#12693 = EDGE_CURVE('',#12684,#12694,#12696,.T.);
#12694 = VERTEX_POINT('',#12695);
#12695 = CARTESIAN_POINT('',(10.79422863406,-32.33269536308,8.));
#12696 = B_SPLINE_CURVE_WITH_KNOTS('',5,(#12697,#12698,#12699,#12700,
    #12701,#12702),.UNSPECIFIED.,.F.,.F.,(6,6),(0.,1.),
  .PIECEWISE_BEZIER_KNOTS.);
#12697 = CARTESIAN_POINT('',(8.196152422707,-32.28131390269,9.5));
#12698 = CARTESIAN_POINT('',(8.715347568352,-32.31286079459,9.2002425429
    ));
#12699 = CARTESIAN_POINT('',(9.234902921872,-32.33449665332,
    8.900277119686));
#12700 = CARTESIAN_POINT('',(9.754695936196,-32.3455050563,
    8.600174482943));
#12701 = CARTESIAN_POINT('',(10.274548857888,-32.34515200929,
    8.300037258665));
#12702 = CARTESIAN_POINT('',(10.79422863406,-32.33269536308,8.));
#12703 = ORIENTED_EDGE('',*,*,#12704,.F.);
#12704 = EDGE_CURVE('',#12705,#12694,#12707,.T.);
#12705 = VERTEX_POINT('',#12706);
#12706 = CARTESIAN_POINT('',(13.392304845413,-31.31932266848,9.5));
#12707 = B_SPLINE_CURVE_WITH_KNOTS('',4,(#12708,#12709,#12710,#12711,
    #12712,#12713,#12714,#12715,#12716,#12717,#12718),.UNSPECIFIED.,.F.,
  .F.,(5,3,3,5),(0.,0.388334885052,0.623033015722,1.),.UNSPECIFIED.);
#12708 = CARTESIAN_POINT('',(13.392304845413,-31.31932266848,9.5));
#12709 = CARTESIAN_POINT('',(13.140096604982,-31.41779764373,
    9.354387504495));
#12710 = CARTESIAN_POINT('',(12.887921878528,-31.51641676899,
    9.208794358294));
#12711 = CARTESIAN_POINT('',(12.63575709786,-31.61507930173,
    9.063206954295));
#12712 = CARTESIAN_POINT('',(12.231171012666,-31.7732855922,
    8.829619069098));
#12713 = CARTESIAN_POINT('',(12.078757767378,-31.83286295856,
    8.741623240903));
#12714 = CARTESIAN_POINT('',(11.926334897535,-31.89239969669,
    8.653621855968));
#12715 = CARTESIAN_POINT('',(11.52905606479,-32.04740302445,
    8.42425281494));
#12716 = CARTESIAN_POINT('',(11.284177259578,-32.14277260758,
    8.282871970832));
#12717 = CARTESIAN_POINT('',(11.039241077679,-32.23789775279,
    8.141458000278));
#12718 = CARTESIAN_POINT('',(10.79422863406,-32.33269536308,8.));
#12719 = ORIENTED_EDGE('',*,*,#12720,.F.);
#12720 = EDGE_CURVE('',#12660,#12705,#12721,.T.);
#12721 = B_SPLINE_CURVE_WITH_KNOTS('',4,(#12722,#12723,#12724,#12725,
    #12726),.UNSPECIFIED.,.F.,.F.,(5,5),(0.,1.),
  .PIECEWISE_BEZIER_KNOTS.);
#12722 = CARTESIAN_POINT('',(13.392304845413,-30.5068083894,12.5));
#12723 = CARTESIAN_POINT('',(13.392304845413,-30.70875984237,
    11.749840917538));
#12724 = CARTESIAN_POINT('',(13.392304845413,-30.91150333075,
    10.999788446993));
#12725 = CARTESIAN_POINT('',(13.392304845413,-31.11502791645,
    10.249841765788));
#12726 = CARTESIAN_POINT('',(13.392304845413,-31.31932266848,9.5));
#12727 = FACE_BOUND('',#12728,.F.);
#12728 = EDGE_LOOP('',(#12729,#12741,#12751,#12761,#12771,#12781));
#12729 = ORIENTED_EDGE('',*,*,#12730,.F.);
#12730 = EDGE_CURVE('',#12731,#12733,#12735,.T.);
#12731 = VERTEX_POINT('',#12732);
#12732 = CARTESIAN_POINT('',(2.598076211353,-34.01529137842,
    6.267949192431));
#12733 = VERTEX_POINT('',#12734);
#12734 = CARTESIAN_POINT('',(2.598076211353,-35.16052542634,
    3.267949192431));
#12735 = B_SPLINE_CURVE_WITH_KNOTS('',4,(#12736,#12737,#12738,#12739,
    #12740),.UNSPECIFIED.,.F.,.F.,(5,5),(0.,1.),
  .PIECEWISE_BEZIER_KNOTS.);
#12736 = CARTESIAN_POINT('',(2.598076211353,-34.01529137842,
    6.267949192431));
#12737 = CARTESIAN_POINT('',(2.598076211353,-34.30166564181,
    5.517961743857));
#12738 = CARTESIAN_POINT('',(2.598076211353,-34.58799569703,
    4.767965854904));
#12739 = CARTESIAN_POINT('',(2.598076211353,-34.87428210766,
    4.017961635278));
#12740 = CARTESIAN_POINT('',(2.598076211353,-35.16052542634,
    3.267949192431));
#12741 = ORIENTED_EDGE('',*,*,#12742,.T.);
#12742 = EDGE_CURVE('',#12731,#12743,#12745,.T.);
#12743 = VERTEX_POINT('',#12744);
#12744 = CARTESIAN_POINT('',(0.,-33.4984612311,7.767949192431));
#12745 = B_SPLINE_CURVE_WITH_KNOTS('',4,(#12746,#12747,#12748,#12749,
    #12750),.UNSPECIFIED.,.F.,.F.,(5,5),(0.,1.),
  .PIECEWISE_BEZIER_KNOTS.);
#12746 = CARTESIAN_POINT('',(2.598076211353,-34.01529137842,
    6.267949192431));
#12747 = CARTESIAN_POINT('',(1.946410115746,-33.90505210536,
    6.644188788152));
#12748 = CARTESIAN_POINT('',(1.296139313332,-33.78108056693,
    7.019622810971));
#12749 = CARTESIAN_POINT('',(0.647356125537,-33.6450261344,
    7.394197959091));
#12750 = CARTESIAN_POINT('',(0.,-33.4984612311,7.767949192431));
#12751 = ORIENTED_EDGE('',*,*,#12752,.T.);
#12752 = EDGE_CURVE('',#12743,#12753,#12755,.T.);
#12753 = VERTEX_POINT('',#12754);
#12754 = CARTESIAN_POINT('',(-2.598076211353,-34.00017120609,
    6.267949192431));
#12755 = B_SPLINE_CURVE_WITH_KNOTS('',4,(#12756,#12757,#12758,#12759,
    #12760),.UNSPECIFIED.,.F.,.F.,(5,5),(0.,1.),
  .PIECEWISE_BEZIER_KNOTS.);
#12756 = CARTESIAN_POINT('',(0.,-33.4984612311,7.767949192431));
#12757 = CARTESIAN_POINT('',(-0.647476514551,-33.64077267815,
    7.394128452461));
#12758 = CARTESIAN_POINT('',(-1.296303938947,-33.77283562588,
    7.019527764328));
#12759 = CARTESIAN_POINT('',(-1.946533752621,-33.89315646165,
    6.644117406369));
#12760 = CARTESIAN_POINT('',(-2.598076211353,-34.00017120609,
    6.267949192431));
#12761 = ORIENTED_EDGE('',*,*,#12762,.T.);
#12762 = EDGE_CURVE('',#12753,#12763,#12765,.T.);
#12763 = VERTEX_POINT('',#12764);
#12764 = CARTESIAN_POINT('',(-2.598076211353,-35.15140845207,
    3.267949192431));
#12765 = B_SPLINE_CURVE_WITH_KNOTS('',4,(#12766,#12767,#12768,#12769,
    #12770),.UNSPECIFIED.,.F.,.F.,(5,5),(0.,1.),
  .PIECEWISE_BEZIER_KNOTS.);
#12766 = CARTESIAN_POINT('',(-2.598076211353,-34.00017120609,
    6.267949192431));
#12767 = CARTESIAN_POINT('',(-2.598076211353,-34.28776539109,
    5.517907930032));
#12768 = CARTESIAN_POINT('',(-2.598076211353,-34.57550834599,
    4.76789518742));
#12769 = CARTESIAN_POINT('',(-2.598076211353,-34.86339186004,
    4.017909414101));
#12770 = CARTESIAN_POINT('',(-2.598076211353,-35.15140845207,
    3.267949192431));
#12771 = ORIENTED_EDGE('',*,*,#12772,.F.);
#12772 = EDGE_CURVE('',#12773,#12763,#12775,.T.);
#12773 = VERTEX_POINT('',#12774);
#12774 = CARTESIAN_POINT('',(1.E-15,-35.81690889129,1.767949192431));
#12775 = B_SPLINE_CURVE_WITH_KNOTS('',4,(#12776,#12777,#12778,#12779,
    #12780),.UNSPECIFIED.,.F.,.F.,(5,5),(0.,1.),
  .PIECEWISE_BEZIER_KNOTS.);
#12776 = CARTESIAN_POINT('',(7.6E-16,-35.81690889129,1.767949192431));
#12777 = CARTESIAN_POINT('',(-0.652484284876,-35.6706950855,
    2.144661169946));
#12778 = CARTESIAN_POINT('',(-1.303022674659,-35.51001958211,
    2.520249684406));
#12779 = CARTESIAN_POINT('',(-1.951531971782,-35.33643769554,
    2.894666701672));
#12780 = CARTESIAN_POINT('',(-2.598076211353,-35.15140845207,
    3.267949192431));
#12781 = ORIENTED_EDGE('',*,*,#12782,.F.);
#12782 = EDGE_CURVE('',#12733,#12773,#12783,.T.);
#12783 = B_SPLINE_CURVE_WITH_KNOTS('',4,(#12784,#12785,#12786,#12787,
    #12788),.UNSPECIFIED.,.F.,.F.,(5,5),(0.,1.),
  .PIECEWISE_BEZIER_KNOTS.);
#12784 = CARTESIAN_POINT('',(2.598076211353,-35.16052542634,
    3.267949192431));
#12785 = CARTESIAN_POINT('',(1.951355480853,-35.34243318374,
    2.894564804586));
#12786 = CARTESIAN_POINT('',(1.302788961845,-35.51340135689,
    2.52011475025));
#12787 = CARTESIAN_POINT('',(0.652313664567,-35.67204864339,
    2.144562662265));
#12788 = CARTESIAN_POINT('',(4.4E-16,-35.81690889129,1.767949192431));
#12789 = B_SPLINE_SURFACE_WITH_KNOTS('',8,1,(
    (#12790,#12791)
    ,(#12792,#12793)
    ,(#12794,#12795)
    ,(#12796,#12797)
    ,(#12798,#12799)
    ,(#12800,#12801)
    ,(#12802,#12803)
    ,(#12804,#12805)
    ,(#12806,#12807
    )),.UNSPECIFIED.,.F.,.F.,.F.,(9,9),(2,2),(2.,3.),(0.,22.),
  .PIECEWISE_BEZIER_KNOTS.);
#12790 = CARTESIAN_POINT('',(-20.521,-28.,22.));
#12791 = CARTESIAN_POINT('',(-21.90700610809,-29.1947441054,0.));
#12792 = CARTESIAN_POINT('',(-15.268375,-28.,22.));
#12793 = CARTESIAN_POINT('',(-17.20854218803,-32.72035396941,0.));
#12794 = CARTESIAN_POINT('',(-10.01575,-28.,22.));
#12795 = CARTESIAN_POINT('',(-11.86162637534,-35.38179409448,0.));
#12796 = CARTESIAN_POINT('',(-4.763125,-28.,22.));
#12797 = CARTESIAN_POINT('',(-6.051696574175,-37.03991931132,0.));
#12798 = CARTESIAN_POINT('',(0.4895,-28.,22.));
#12799 = CARTESIAN_POINT('',(6.0327E-13,-37.60333451461,0.));
#12800 = CARTESIAN_POINT('',(5.742125,-28.,22.));
#12801 = CARTESIAN_POINT('',(6.051696574174,-37.03991931132,0.));
#12802 = CARTESIAN_POINT('',(10.99475,-28.,22.));
#12803 = CARTESIAN_POINT('',(11.861626375343,-35.38179409448,0.));
#12804 = CARTESIAN_POINT('',(16.247375,-28.,22.));
#12805 = CARTESIAN_POINT('',(17.208542188035,-32.72035396941,0.));
#12806 = CARTESIAN_POINT('',(21.5,-28.,22.));
#12807 = CARTESIAN_POINT('',(21.907006108092,-29.1947441054,0.));
#12808 = ADVANCED_FACE('',(#12809),#12820,.T.);
#12809 = FACE_BOUND('',#12810,.T.);
#12810 = EDGE_LOOP('',(#12811,#12812,#12813,#12814));
#12811 = ORIENTED_EDGE('',*,*,#9484,.F.);
#12812 = ORIENTED_EDGE('',*,*,#8801,.F.);
#12813 = ORIENTED_EDGE('',*,*,#9306,.T.);
#12814 = ORIENTED_EDGE('',*,*,#12815,.T.);
#12815 = EDGE_CURVE('',#9298,#9473,#12816,.T.);
#12816 = LINE('',#12817,#12818);
#12817 = CARTESIAN_POINT('',(-10.5,-27.2,26.));
#12818 = VECTOR('',#12819,1.);
#12819 = DIRECTION('',(-1.,-0.,-0.));
#12820 = CYLINDRICAL_SURFACE('',#12821,0.8);
#12821 = AXIS2_PLACEMENT_3D('',#12822,#12823,#12824);
#12822 = CARTESIAN_POINT('',(15.5,-27.2,25.2));
#12823 = DIRECTION('',(-1.,-0.,-0.));
#12824 = DIRECTION('',(0.,-1.,0.));
#12825 = ADVANCED_FACE('',(#12826),#12851,.F.);
#12826 = FACE_BOUND('',#12827,.F.);
#12827 = EDGE_LOOP('',(#12828,#12841,#12847,#12848,#12849,#12850));
#12828 = ORIENTED_EDGE('',*,*,#12829,.T.);
#12829 = EDGE_CURVE('',#10969,#12830,#12832,.T.);
#12830 = VERTEX_POINT('',#12831);
#12831 = CARTESIAN_POINT('',(6.888319878778,-32.09955393902,6.5));
#12832 = B_SPLINE_CURVE_WITH_KNOTS('',7,(#12833,#12834,#12835,#12836,
    #12837,#12838,#12839,#12840),.UNSPECIFIED.,.F.,.F.,(8,8),(0.,1.),
  .PIECEWISE_BEZIER_KNOTS.);
#12833 = CARTESIAN_POINT('',(21.680512926788,-27.26515879453,6.5));
#12834 = CARTESIAN_POINT('',(19.283458624321,-28.54576659467,6.5));
#12835 = CARTESIAN_POINT('',(16.793290723016,-29.65140846743,6.5));
#12836 = CARTESIAN_POINT('',(14.227256731606,-30.57884059693,6.5));
#12837 = CARTESIAN_POINT('',(11.601864068056,-31.32539587133,6.5));
#12838 = CARTESIAN_POINT('',(8.93302763167,-31.88936198964,6.5));
#12839 = CARTESIAN_POINT('',(6.23602053064,-32.26981329653,6.5));
#12840 = CARTESIAN_POINT('',(3.525410794294,-32.46629772145,6.5));
#12841 = ORIENTED_EDGE('',*,*,#12842,.T.);
#12842 = EDGE_CURVE('',#12830,#12132,#12843,.T.);
#12843 = LINE('',#12844,#12845);
#12844 = CARTESIAN_POINT('',(6.627043053975,-31.5262342726,6.5));
#12845 = VECTOR('',#12846,1.);
#12846 = DIRECTION('',(0.414693242656,-0.909961270877,0.));
#12847 = ORIENTED_EDGE('',*,*,#12131,.F.);
#12848 = ORIENTED_EDGE('',*,*,#9019,.F.);
#12849 = ORIENTED_EDGE('',*,*,#11049,.F.);
#12850 = ORIENTED_EDGE('',*,*,#10968,.T.);
#12851 = PLANE('',#12852);
#12852 = AXIS2_PLACEMENT_3D('',#12853,#12854,#12855);
#12853 = CARTESIAN_POINT('',(17.408672742004,-3.079E-14,6.5));
#12854 = DIRECTION('',(0.,0.,1.));
#12855 = DIRECTION('',(1.,0.,0.));
#12856 = ADVANCED_FACE('',(#12857),#12882,.F.);
#12857 = FACE_BOUND('',#12858,.F.);
#12858 = EDGE_LOOP('',(#12859,#12867,#12875,#12881));
#12859 = ORIENTED_EDGE('',*,*,#12860,.F.);
#12860 = EDGE_CURVE('',#12861,#9082,#12863,.T.);
#12861 = VERTEX_POINT('',#12862);
#12862 = CARTESIAN_POINT('',(37.5,4.438376961969,28.864153941395));
#12863 = LINE('',#12864,#12865);
#12864 = CARTESIAN_POINT('',(37.5,4.438376961969,28.864153941395));
#12865 = VECTOR('',#12866,1.);
#12866 = DIRECTION('',(-1.,2.2E-16,2.2E-16));
#12867 = ORIENTED_EDGE('',*,*,#12868,.T.);
#12868 = EDGE_CURVE('',#12861,#12869,#12871,.T.);
#12869 = VERTEX_POINT('',#12870);
#12870 = CARTESIAN_POINT('',(37.5,4.438376961969,24.41548493603));
#12871 = LINE('',#12872,#12873);
#12872 = CARTESIAN_POINT('',(37.5,4.438376961969,27.444219975237));
#12873 = VECTOR('',#12874,1.);
#12874 = DIRECTION('',(-2.2E-16,-4.4E-16,-1.));
#12875 = ORIENTED_EDGE('',*,*,#12876,.T.);
#12876 = EDGE_CURVE('',#12869,#9084,#12877,.T.);
#12877 = LINE('',#12878,#12879);
#12878 = CARTESIAN_POINT('',(37.5,4.438376961969,24.41548493603));
#12879 = VECTOR('',#12880,1.);
#12880 = DIRECTION('',(-1.,2.2E-16,2.2E-16));
#12881 = ORIENTED_EDGE('',*,*,#9081,.F.);
#12882 = PLANE('',#12883);
#12883 = AXIS2_PLACEMENT_3D('',#12884,#12885,#12886);
#12884 = CARTESIAN_POINT('',(37.35,4.438376961969,26.639819438712));
#12885 = DIRECTION('',(0.,1.,-4.2E-16));
#12886 = DIRECTION('',(0.,4.2E-16,1.));
#12887 = ADVANCED_FACE('',(#12888),#12906,.T.);
#12888 = FACE_BOUND('',#12889,.T.);
#12889 = EDGE_LOOP('',(#12890,#12891,#12892,#12900));
#12890 = ORIENTED_EDGE('',*,*,#12876,.T.);
#12891 = ORIENTED_EDGE('',*,*,#9171,.T.);
#12892 = ORIENTED_EDGE('',*,*,#12893,.F.);
#12893 = EDGE_CURVE('',#12894,#9164,#12896,.T.);
#12894 = VERTEX_POINT('',#12895);
#12895 = CARTESIAN_POINT('',(37.5,4.499406677198,24.177144036319));
#12896 = LINE('',#12897,#12898);
#12897 = CARTESIAN_POINT('',(37.5,4.499406677198,24.177144036319));
#12898 = VECTOR('',#12899,1.);
#12899 = DIRECTION('',(-1.,2.2E-16,2.2E-16));
#12900 = ORIENTED_EDGE('',*,*,#12901,.F.);
#12901 = EDGE_CURVE('',#12869,#12894,#12902,.T.);
#12902 = B_SPLINE_CURVE_WITH_KNOTS('',2,(#12903,#12904,#12905),
  .UNSPECIFIED.,.F.,.F.,(3,3),(0.,1.),.PIECEWISE_BEZIER_KNOTS.);
#12903 = CARTESIAN_POINT('',(37.5,4.438376961969,24.41548493603));
#12904 = CARTESIAN_POINT('',(37.5,4.438376961969,24.238173751548));
#12905 = CARTESIAN_POINT('',(37.5,4.499406677198,24.177144036319));
#12906 = SURFACE_OF_LINEAR_EXTRUSION('',#12907,#12911);
#12907 = B_SPLINE_CURVE_WITH_KNOTS('',2,(#12908,#12909,#12910),
  .UNSPECIFIED.,.F.,.F.,(3,3),(0.,1.),.PIECEWISE_BEZIER_KNOTS.);
#12908 = CARTESIAN_POINT('',(37.5,4.438376961969,24.41548493603));
#12909 = CARTESIAN_POINT('',(37.5,4.438376961969,24.238173751548));
#12910 = CARTESIAN_POINT('',(37.5,4.499406677198,24.177144036319));
#12911 = VECTOR('',#12912,1.);
#12912 = DIRECTION('',(1.,-2.2E-16,-2.2E-16));
#12913 = ADVANCED_FACE('',(#12914),#12932,.T.);
#12914 = FACE_BOUND('',#12915,.T.);
#12915 = EDGE_LOOP('',(#12916,#12917,#12918,#12926));
#12916 = ORIENTED_EDGE('',*,*,#12893,.T.);
#12917 = ORIENTED_EDGE('',*,*,#9163,.T.);
#12918 = ORIENTED_EDGE('',*,*,#12919,.F.);
#12919 = EDGE_CURVE('',#12920,#9156,#12922,.T.);
#12920 = VERTEX_POINT('',#12921);
#12921 = CARTESIAN_POINT('',(37.5,4.748942376744,24.11611432109));
#12922 = LINE('',#12923,#12924);
#12923 = CARTESIAN_POINT('',(37.5,4.748942376744,24.11611432109));
#12924 = VECTOR('',#12925,1.);
#12925 = DIRECTION('',(-1.,2.2E-16,2.2E-16));
#12926 = ORIENTED_EDGE('',*,*,#12927,.F.);
#12927 = EDGE_CURVE('',#12894,#12920,#12928,.T.);
#12928 = B_SPLINE_CURVE_WITH_KNOTS('',2,(#12929,#12930,#12931),
  .UNSPECIFIED.,.F.,.F.,(3,3),(0.,1.),.PIECEWISE_BEZIER_KNOTS.);
#12929 = CARTESIAN_POINT('',(37.5,4.499406677198,24.177144036319));
#12930 = CARTESIAN_POINT('',(37.5,4.560436392427,24.11611432109));
#12931 = CARTESIAN_POINT('',(37.5,4.748942376744,24.11611432109));
#12932 = SURFACE_OF_LINEAR_EXTRUSION('',#12933,#12937);
#12933 = B_SPLINE_CURVE_WITH_KNOTS('',2,(#12934,#12935,#12936),
  .UNSPECIFIED.,.F.,.F.,(3,3),(0.,1.),.PIECEWISE_BEZIER_KNOTS.);
#12934 = CARTESIAN_POINT('',(37.5,4.499406677198,24.177144036319));
#12935 = CARTESIAN_POINT('',(37.5,4.560436392427,24.11611432109));
#12936 = CARTESIAN_POINT('',(37.5,4.748942376744,24.11611432109));
#12937 = VECTOR('',#12938,1.);
#12938 = DIRECTION('',(1.,-2.2E-16,-2.2E-16));
#12939 = ADVANCED_FACE('',(#12940),#12958,.F.);
#12940 = FACE_BOUND('',#12941,.F.);
#12941 = EDGE_LOOP('',(#12942,#12943,#12951,#12957));
#12942 = ORIENTED_EDGE('',*,*,#12919,.F.);
#12943 = ORIENTED_EDGE('',*,*,#12944,.T.);
#12944 = EDGE_CURVE('',#12920,#12945,#12947,.T.);
#12945 = VERTEX_POINT('',#12946);
#12946 = CARTESIAN_POINT('',(37.5,5.33721105194,24.11611432109));
#12947 = LINE('',#12948,#12949);
#12948 = CARTESIAN_POINT('',(37.5,4.971032760565,24.11611432109));
#12949 = VECTOR('',#12950,1.);
#12950 = DIRECTION('',(2.2E-16,1.,-4.4E-16));
#12951 = ORIENTED_EDGE('',*,*,#12952,.T.);
#12952 = EDGE_CURVE('',#12945,#9148,#12953,.T.);
#12953 = LINE('',#12954,#12955);
#12954 = CARTESIAN_POINT('',(37.5,5.33721105194,24.11611432109));
#12955 = VECTOR('',#12956,1.);
#12956 = DIRECTION('',(-1.,2.2E-16,2.2E-16));
#12957 = ORIENTED_EDGE('',*,*,#9155,.F.);
#12958 = PLANE('',#12959);
#12959 = AXIS2_PLACEMENT_3D('',#12960,#12961,#12962);
#12960 = CARTESIAN_POINT('',(37.35,5.043076714342,24.11611432109));
#12961 = DIRECTION('',(0.,0.,1.));
#12962 = DIRECTION('',(1.,0.,-0.));
#12963 = ADVANCED_FACE('',(#12964),#12982,.T.);
#12964 = FACE_BOUND('',#12965,.T.);
#12965 = EDGE_LOOP('',(#12966,#12967,#12968,#12976));
#12966 = ORIENTED_EDGE('',*,*,#12952,.T.);
#12967 = ORIENTED_EDGE('',*,*,#9147,.T.);
#12968 = ORIENTED_EDGE('',*,*,#12969,.F.);
#12969 = EDGE_CURVE('',#12970,#9140,#12972,.T.);
#12970 = VERTEX_POINT('',#12971);
#12971 = CARTESIAN_POINT('',(37.5,5.592524712691,24.177144036319));
#12972 = LINE('',#12973,#12974);
#12973 = CARTESIAN_POINT('',(37.5,5.592524712691,24.177144036319));
#12974 = VECTOR('',#12975,1.);
#12975 = DIRECTION('',(-1.,2.2E-16,2.2E-16));
#12976 = ORIENTED_EDGE('',*,*,#12977,.F.);
#12977 = EDGE_CURVE('',#12945,#12970,#12978,.T.);
#12978 = B_SPLINE_CURVE_WITH_KNOTS('',2,(#12979,#12980,#12981),
  .UNSPECIFIED.,.F.,.F.,(3,3),(0.,1.),.PIECEWISE_BEZIER_KNOTS.);
#12979 = CARTESIAN_POINT('',(37.5,5.33721105194,24.11611432109));
#12980 = CARTESIAN_POINT('',(37.5,5.525717036257,24.11611432109));
#12981 = CARTESIAN_POINT('',(37.5,5.592524712691,24.177144036319));
#12982 = SURFACE_OF_LINEAR_EXTRUSION('',#12983,#12987);
#12983 = B_SPLINE_CURVE_WITH_KNOTS('',2,(#12984,#12985,#12986),
  .UNSPECIFIED.,.F.,.F.,(3,3),(0.,1.),.PIECEWISE_BEZIER_KNOTS.);
#12984 = CARTESIAN_POINT('',(37.5,5.33721105194,24.11611432109));
#12985 = CARTESIAN_POINT('',(37.5,5.525717036257,24.11611432109));
#12986 = CARTESIAN_POINT('',(37.5,5.592524712691,24.177144036319));
#12987 = VECTOR('',#12988,1.);
#12988 = DIRECTION('',(1.,-2.2E-16,-2.2E-16));
#12989 = ADVANCED_FACE('',(#12990),#13008,.T.);
#12990 = FACE_BOUND('',#12991,.T.);
#12991 = EDGE_LOOP('',(#12992,#12993,#12994,#13002));
#12992 = ORIENTED_EDGE('',*,*,#12969,.T.);
#12993 = ORIENTED_EDGE('',*,*,#9139,.T.);
#12994 = ORIENTED_EDGE('',*,*,#12995,.F.);
#12995 = EDGE_CURVE('',#12996,#9132,#12998,.T.);
#12996 = VERTEX_POINT('',#12997);
#12997 = CARTESIAN_POINT('',(37.5,5.65897126655,24.41548493603));
#12998 = LINE('',#12999,#13000);
#12999 = CARTESIAN_POINT('',(37.5,5.65897126655,24.41548493603));
#13000 = VECTOR('',#13001,1.);
#13001 = DIRECTION('',(-1.,2.2E-16,2.2E-16));
#13002 = ORIENTED_EDGE('',*,*,#13003,.F.);
#13003 = EDGE_CURVE('',#12970,#12996,#13004,.T.);
#13004 = B_SPLINE_CURVE_WITH_KNOTS('',2,(#13005,#13006,#13007),
  .UNSPECIFIED.,.F.,.F.,(3,3),(0.,1.),.PIECEWISE_BEZIER_KNOTS.);
#13005 = CARTESIAN_POINT('',(37.5,5.592524712691,24.177144036319));
#13006 = CARTESIAN_POINT('',(37.5,5.65897126655,24.238173751548));
#13007 = CARTESIAN_POINT('',(37.5,5.65897126655,24.41548493603));
#13008 = SURFACE_OF_LINEAR_EXTRUSION('',#13009,#13013);
#13009 = B_SPLINE_CURVE_WITH_KNOTS('',2,(#13010,#13011,#13012),
  .UNSPECIFIED.,.F.,.F.,(3,3),(0.,1.),.PIECEWISE_BEZIER_KNOTS.);
#13010 = CARTESIAN_POINT('',(37.5,5.592524712691,24.177144036319));
#13011 = CARTESIAN_POINT('',(37.5,5.65897126655,24.238173751548));
#13012 = CARTESIAN_POINT('',(37.5,5.65897126655,24.41548493603));
#13013 = VECTOR('',#13014,1.);
#13014 = DIRECTION('',(1.,-2.2E-16,-2.2E-16));
#13015 = ADVANCED_FACE('',(#13016),#13034,.F.);
#13016 = FACE_BOUND('',#13017,.F.);
#13017 = EDGE_LOOP('',(#13018,#13019,#13027,#13033));
#13018 = ORIENTED_EDGE('',*,*,#12995,.F.);
#13019 = ORIENTED_EDGE('',*,*,#13020,.T.);
#13020 = EDGE_CURVE('',#12996,#13021,#13023,.T.);
#13021 = VERTEX_POINT('',#13022);
#13022 = CARTESIAN_POINT('',(37.5,5.65897126655,28.864153941395));
#13023 = LINE('',#13024,#13025);
#13024 = CARTESIAN_POINT('',(37.5,5.65897126655,27.011595130004));
#13025 = VECTOR('',#13026,1.);
#13026 = DIRECTION('',(2.2E-16,4.4E-16,1.));
#13027 = ORIENTED_EDGE('',*,*,#13028,.T.);
#13028 = EDGE_CURVE('',#13021,#9124,#13029,.T.);
#13029 = LINE('',#13030,#13031);
#13030 = CARTESIAN_POINT('',(37.5,5.65897126655,28.864153941395));
#13031 = VECTOR('',#13032,1.);
#13032 = DIRECTION('',(-1.,2.2E-16,2.2E-16));
#13033 = ORIENTED_EDGE('',*,*,#9131,.F.);
#13034 = PLANE('',#13035);
#13035 = AXIS2_PLACEMENT_3D('',#13036,#13037,#13038);
#13036 = CARTESIAN_POINT('',(37.35,5.65897126655,26.639819438712));
#13037 = DIRECTION('',(0.,-1.,4.3E-16));
#13038 = DIRECTION('',(0.,-4.3E-16,-1.));
#13039 = ADVANCED_FACE('',(#13040),#13058,.T.);
#13040 = FACE_BOUND('',#13041,.T.);
#13041 = EDGE_LOOP('',(#13042,#13043,#13044,#13052));
#13042 = ORIENTED_EDGE('',*,*,#13028,.T.);
#13043 = ORIENTED_EDGE('',*,*,#9123,.T.);
#13044 = ORIENTED_EDGE('',*,*,#13045,.F.);
#13045 = EDGE_CURVE('',#13046,#9116,#13048,.T.);
#13046 = VERTEX_POINT('',#13047);
#13047 = CARTESIAN_POINT('',(37.5,5.592524712691,29.097439125052));
#13048 = LINE('',#13049,#13050);
#13049 = CARTESIAN_POINT('',(37.5,5.592524712691,29.097439125052));
#13050 = VECTOR('',#13051,1.);
#13051 = DIRECTION('',(-1.,2.2E-16,2.2E-16));
#13052 = ORIENTED_EDGE('',*,*,#13053,.F.);
#13053 = EDGE_CURVE('',#13021,#13046,#13054,.T.);
#13054 = B_SPLINE_CURVE_WITH_KNOTS('',2,(#13055,#13056,#13057),
  .UNSPECIFIED.,.F.,.F.,(3,3),(0.,1.),.PIECEWISE_BEZIER_KNOTS.);
#13055 = CARTESIAN_POINT('',(37.5,5.65897126655,28.864153941395));
#13056 = CARTESIAN_POINT('',(37.5,5.65897126655,29.030631448617));
#13057 = CARTESIAN_POINT('',(37.5,5.592524712691,29.097439125052));
#13058 = SURFACE_OF_LINEAR_EXTRUSION('',#13059,#13063);
#13059 = B_SPLINE_CURVE_WITH_KNOTS('',2,(#13060,#13061,#13062),
  .UNSPECIFIED.,.F.,.F.,(3,3),(0.,1.),.PIECEWISE_BEZIER_KNOTS.);
#13060 = CARTESIAN_POINT('',(37.5,5.65897126655,28.864153941395));
#13061 = CARTESIAN_POINT('',(37.5,5.65897126655,29.030631448617));
#13062 = CARTESIAN_POINT('',(37.5,5.592524712691,29.097439125052));
#13063 = VECTOR('',#13064,1.);
#13064 = DIRECTION('',(1.,-2.2E-16,-2.2E-16));
#13065 = ADVANCED_FACE('',(#13066),#13084,.T.);
#13066 = FACE_BOUND('',#13067,.T.);
#13067 = EDGE_LOOP('',(#13068,#13069,#13070,#13078));
#13068 = ORIENTED_EDGE('',*,*,#13045,.T.);
#13069 = ORIENTED_EDGE('',*,*,#9115,.T.);
#13070 = ORIENTED_EDGE('',*,*,#13071,.F.);
#13071 = EDGE_CURVE('',#13072,#9108,#13074,.T.);
#13072 = VERTEX_POINT('',#13073);
#13073 = CARTESIAN_POINT('',(37.5,5.33721105194,29.16388567891));
#13074 = LINE('',#13075,#13076);
#13075 = CARTESIAN_POINT('',(37.5,5.33721105194,29.16388567891));
#13076 = VECTOR('',#13077,1.);
#13077 = DIRECTION('',(-1.,2.2E-16,2.2E-16));
#13078 = ORIENTED_EDGE('',*,*,#13079,.F.);
#13079 = EDGE_CURVE('',#13046,#13072,#13080,.T.);
#13080 = B_SPLINE_CURVE_WITH_KNOTS('',2,(#13081,#13082,#13083),
  .UNSPECIFIED.,.F.,.F.,(3,3),(0.,1.),.PIECEWISE_BEZIER_KNOTS.);
#13081 = CARTESIAN_POINT('',(37.5,5.592524712691,29.097439125052));
#13082 = CARTESIAN_POINT('',(37.5,5.525717036257,29.16388567891));
#13083 = CARTESIAN_POINT('',(37.5,5.33721105194,29.16388567891));
#13084 = SURFACE_OF_LINEAR_EXTRUSION('',#13085,#13089);
#13085 = B_SPLINE_CURVE_WITH_KNOTS('',2,(#13086,#13087,#13088),
  .UNSPECIFIED.,.F.,.F.,(3,3),(0.,1.),.PIECEWISE_BEZIER_KNOTS.);
#13086 = CARTESIAN_POINT('',(37.5,5.592524712691,29.097439125052));
#13087 = CARTESIAN_POINT('',(37.5,5.525717036257,29.16388567891));
#13088 = CARTESIAN_POINT('',(37.5,5.33721105194,29.16388567891));
#13089 = VECTOR('',#13090,1.);
#13090 = DIRECTION('',(1.,-2.2E-16,-2.2E-16));
#13091 = ADVANCED_FACE('',(#13092),#13110,.F.);
#13092 = FACE_BOUND('',#13093,.F.);
#13093 = EDGE_LOOP('',(#13094,#13095,#13103,#13109));
#13094 = ORIENTED_EDGE('',*,*,#13071,.F.);
#13095 = ORIENTED_EDGE('',*,*,#13096,.T.);
#13096 = EDGE_CURVE('',#13072,#13097,#13099,.T.);
#13097 = VERTEX_POINT('',#13098);
#13098 = CARTESIAN_POINT('',(37.5,4.748942376744,29.16388567891));
#13099 = LINE('',#13100,#13101);
#13100 = CARTESIAN_POINT('',(37.5,5.170733544717,29.16388567891));
#13101 = VECTOR('',#13102,1.);
#13102 = DIRECTION('',(-2.2E-16,-1.,4.4E-16));
#13103 = ORIENTED_EDGE('',*,*,#13104,.T.);
#13104 = EDGE_CURVE('',#13097,#9100,#13105,.T.);
#13105 = LINE('',#13106,#13107);
#13106 = CARTESIAN_POINT('',(37.5,4.748942376744,29.16388567891));
#13107 = VECTOR('',#13108,1.);
#13108 = DIRECTION('',(-1.,2.2E-16,2.2E-16));
#13109 = ORIENTED_EDGE('',*,*,#9107,.F.);
#13110 = PLANE('',#13111);
#13111 = AXIS2_PLACEMENT_3D('',#13112,#13113,#13114);
#13112 = CARTESIAN_POINT('',(37.35,5.043076714342,29.16388567891));
#13113 = DIRECTION('',(-0.,-0.,-1.));
#13114 = DIRECTION('',(-1.,0.,0.));
#13115 = ADVANCED_FACE('',(#13116),#13134,.T.);
#13116 = FACE_BOUND('',#13117,.T.);
#13117 = EDGE_LOOP('',(#13118,#13119,#13120,#13128));
#13118 = ORIENTED_EDGE('',*,*,#13104,.T.);
#13119 = ORIENTED_EDGE('',*,*,#9099,.T.);
#13120 = ORIENTED_EDGE('',*,*,#13121,.F.);
#13121 = EDGE_CURVE('',#13122,#9092,#13124,.T.);
#13122 = VERTEX_POINT('',#13123);
#13123 = CARTESIAN_POINT('',(37.5,4.499406677198,29.097439125052));
#13124 = LINE('',#13125,#13126);
#13125 = CARTESIAN_POINT('',(37.5,4.499406677198,29.097439125052));
#13126 = VECTOR('',#13127,1.);
#13127 = DIRECTION('',(-1.,2.2E-16,2.2E-16));
#13128 = ORIENTED_EDGE('',*,*,#13129,.F.);
#13129 = EDGE_CURVE('',#13097,#13122,#13130,.T.);
#13130 = B_SPLINE_CURVE_WITH_KNOTS('',2,(#13131,#13132,#13133),
  .UNSPECIFIED.,.F.,.F.,(3,3),(0.,1.),.PIECEWISE_BEZIER_KNOTS.);
#13131 = CARTESIAN_POINT('',(37.5,4.748942376744,29.16388567891));
#13132 = CARTESIAN_POINT('',(37.5,4.560436392427,29.16388567891));
#13133 = CARTESIAN_POINT('',(37.5,4.499406677198,29.097439125052));
#13134 = SURFACE_OF_LINEAR_EXTRUSION('',#13135,#13139);
#13135 = B_SPLINE_CURVE_WITH_KNOTS('',2,(#13136,#13137,#13138),
  .UNSPECIFIED.,.F.,.F.,(3,3),(0.,1.),.PIECEWISE_BEZIER_KNOTS.);
#13136 = CARTESIAN_POINT('',(37.5,4.748942376744,29.16388567891));
#13137 = CARTESIAN_POINT('',(37.5,4.560436392427,29.16388567891));
#13138 = CARTESIAN_POINT('',(37.5,4.499406677198,29.097439125052));
#13139 = VECTOR('',#13140,1.);
#13140 = DIRECTION('',(1.,-2.2E-16,-2.2E-16));
#13141 = ADVANCED_FACE('',(#13142),#13153,.T.);
#13142 = FACE_BOUND('',#13143,.T.);
#13143 = EDGE_LOOP('',(#13144,#13145,#13146,#13147));
#13144 = ORIENTED_EDGE('',*,*,#13121,.T.);
#13145 = ORIENTED_EDGE('',*,*,#9091,.T.);
#13146 = ORIENTED_EDGE('',*,*,#12860,.F.);
#13147 = ORIENTED_EDGE('',*,*,#13148,.F.);
#13148 = EDGE_CURVE('',#13122,#12861,#13149,.T.);
#13149 = B_SPLINE_CURVE_WITH_KNOTS('',2,(#13150,#13151,#13152),
  .UNSPECIFIED.,.F.,.F.,(3,3),(0.,1.),.PIECEWISE_BEZIER_KNOTS.);
#13150 = CARTESIAN_POINT('',(37.5,4.499406677198,29.097439125052));
#13151 = CARTESIAN_POINT('',(37.5,4.438376961969,29.030631448617));
#13152 = CARTESIAN_POINT('',(37.5,4.438376961969,28.864153941395));
#13153 = SURFACE_OF_LINEAR_EXTRUSION('',#13154,#13158);
#13154 = B_SPLINE_CURVE_WITH_KNOTS('',2,(#13155,#13156,#13157),
  .UNSPECIFIED.,.F.,.F.,(3,3),(0.,1.),.PIECEWISE_BEZIER_KNOTS.);
#13155 = CARTESIAN_POINT('',(37.5,4.499406677198,29.097439125052));
#13156 = CARTESIAN_POINT('',(37.5,4.438376961969,29.030631448617));
#13157 = CARTESIAN_POINT('',(37.5,4.438376961969,28.864153941395));
#13158 = VECTOR('',#13159,1.);
#13159 = DIRECTION('',(1.,-2.2E-16,-2.2E-16));
#13160 = ADVANCED_FACE('',(#13161),#13169,.T.);
#13161 = FACE_BOUND('',#13162,.T.);
#13162 = EDGE_LOOP('',(#13163,#13164,#13165,#13166,#13167,#13168));
#13163 = ORIENTED_EDGE('',*,*,#9472,.F.);
#13164 = ORIENTED_EDGE('',*,*,#12815,.F.);
#13165 = ORIENTED_EDGE('',*,*,#9297,.T.);
#13166 = ORIENTED_EDGE('',*,*,#9408,.F.);
#13167 = ORIENTED_EDGE('',*,*,#11690,.F.);
#13168 = ORIENTED_EDGE('',*,*,#9447,.T.);
#13169 = PLANE('',#13170);
#13170 = AXIS2_PLACEMENT_3D('',#13171,#13172,#13173);
#13171 = CARTESIAN_POINT('',(0.,-23.375,26.));
#13172 = DIRECTION('',(0.,3.9E-16,1.));
#13173 = DIRECTION('',(0.,1.,-3.9E-16));
#13174 = ADVANCED_FACE('',(#13175),#13349,.F.);
#13175 = FACE_BOUND('',#13176,.F.);
#13176 = EDGE_LOOP('',(#13177,#13201,#13213,#13214,#13215,#13229,#13332)
  );
#13177 = ORIENTED_EDGE('',*,*,#13178,.F.);
#13178 = EDGE_CURVE('',#13179,#13181,#13183,.T.);
#13179 = VERTEX_POINT('',#13180);
#13180 = CARTESIAN_POINT('',(-36.51193139712,-12.5386212094,22.));
#13181 = VERTEX_POINT('',#13182);
#13182 = CARTESIAN_POINT('',(-35.99668617016,-12.66477662714,
    16.572073928239));
#13183 = B_SPLINE_CURVE_WITH_KNOTS('',4,(#13184,#13185,#13186,#13187,
    #13188,#13189,#13190,#13191,#13192,#13193,#13194,#13195,#13196,
    #13197,#13198,#13199,#13200),.UNSPECIFIED.,.F.,.F.,(5,3,3,3,3,5),(0.
    ,0.502552534862,0.753854707086,0.875458874899,0.9403155436,1.),
  .UNSPECIFIED.);
#13184 = CARTESIAN_POINT('',(-36.51193139712,-12.5386212094,22.));
#13185 = CARTESIAN_POINT('',(-36.45029728712,-12.55505430861,
    21.317954140805));
#13186 = CARTESIAN_POINT('',(-36.38762859132,-12.57133059036,
    20.635938375844));
#13187 = CARTESIAN_POINT('',(-36.32391992561,-12.58742216646,
    19.953953454236));
#13188 = CARTESIAN_POINT('',(-36.22679241807,-12.6112378368,
    18.930988123305));
#13189 = CARTESIAN_POINT('',(-36.19415411099,-12.61912317749,
    18.589984113539));
#13190 = CARTESIAN_POINT('',(-36.16125546193,-12.62695097015,
    18.248988050435));
#13191 = CARTESIAN_POINT('',(-36.11205128209,-12.63847538733,
    17.742997179879));
#13192 = CARTESIAN_POINT('',(-36.09594496708,-12.64221908814,
    17.577996233935));
#13193 = CARTESIAN_POINT('',(-36.07977776697,-12.64594795128,
    17.412997172585));
#13194 = CARTESIAN_POINT('',(-36.05489461958,-12.65164213257,
    17.160000003103));
#13195 = CARTESIAN_POINT('',(-36.04622215508,-12.65361840267,
    17.072000003156));
#13196 = CARTESIAN_POINT('',(-36.03753233656,-12.65559026738,
    16.984000003208));
#13197 = CARTESIAN_POINT('',(-36.02081238818,-12.65936815174,
    16.815017858089));
#13198 = CARTESIAN_POINT('',(-36.01278499018,-12.66117483963,
    16.734036473466));
#13199 = CARTESIAN_POINT('',(-36.00474286877,-12.66297769314,
    16.653054698311));
#13200 = CARTESIAN_POINT('',(-35.99668617016,-12.66477662714,
    16.572073928239));
#13201 = ORIENTED_EDGE('',*,*,#13202,.T.);
#13202 = EDGE_CURVE('',#13179,#9572,#13203,.T.);
#13203 = B_SPLINE_CURVE_WITH_KNOTS('',8,(#13204,#13205,#13206,#13207,
    #13208,#13209,#13210,#13211,#13212),.UNSPECIFIED.,.F.,.F.,(9,9),(1.,
    2.),.PIECEWISE_BEZIER_KNOTS.);
#13204 = CARTESIAN_POINT('',(-36.521,-12.,22.));
#13205 = CARTESIAN_POINT('',(-36.521,-15.14159265359,22.));
#13206 = CARTESIAN_POINT('',(-35.81602737662,-18.28318629606,22.));
#13207 = CARTESIAN_POINT('',(-34.40608905394,-21.24021174936,22.));
#13208 = CARTESIAN_POINT('',(-32.34914009248,-23.82814009247,22.));
#13209 = CARTESIAN_POINT('',(-29.76121174936,-25.88508905394,22.));
#13210 = CARTESIAN_POINT('',(-26.80418629606,-27.29502737662,22.));
#13211 = CARTESIAN_POINT('',(-23.66259265359,-28.,22.));
#13212 = CARTESIAN_POINT('',(-20.521,-28.,22.));
#13213 = ORIENTED_EDGE('',*,*,#9588,.T.);
#13214 = ORIENTED_EDGE('',*,*,#12124,.T.);
#13215 = ORIENTED_EDGE('',*,*,#13216,.F.);
#13216 = EDGE_CURVE('',#13217,#12111,#13219,.T.);
#13217 = VERTEX_POINT('',#13218);
#13218 = CARTESIAN_POINT('',(-30.90166918303,-19.42516001009,0.));
#13219 = B_SPLINE_CURVE_WITH_KNOTS('',8,(#13220,#13221,#13222,#13223,
    #13224,#13225,#13226,#13227,#13228),.UNSPECIFIED.,.F.,.F.,(9,9),(1.,
    2.),.PIECEWISE_BEZIER_KNOTS.);
#13220 = CARTESIAN_POINT('',(-34.72057027881,-11.25753079114,0.));
#13221 = CARTESIAN_POINT('',(-33.85723324559,-13.9202420635,0.));
#13222 = CARTESIAN_POINT('',(-32.76052224352,-16.50728513432,0.));
#13223 = CARTESIAN_POINT('',(-31.43817246274,-18.99479989509,0.));
#13224 = CARTESIAN_POINT('',(-29.90085255638,-21.35986712529,0.));
#13225 = CARTESIAN_POINT('',(-28.16200894684,-23.58097459668,0.));
#13226 = CARTESIAN_POINT('',(-26.23763188256,-25.63842727956,0.));
#13227 = CARTESIAN_POINT('',(-24.14594324532,-27.51470165105,0.));
#13228 = CARTESIAN_POINT('',(-21.90700610809,-29.1947441054,0.));
#13229 = ORIENTED_EDGE('',*,*,#13230,.T.);
#13230 = EDGE_CURVE('',#13217,#11930,#13231,.T.);
#13231 = B_SPLINE_CURVE_WITH_KNOTS('',8,(#13232,#13233,#13234,#13235,
    #13236,#13237,#13238,#13239,#13240,#13241,#13242,#13243,#13244,
    #13245,#13246,#13247,#13248,#13249,#13250,#13251,#13252,#13253,
    #13254,#13255,#13256,#13257,#13258,#13259,#13260,#13261,#13262,
    #13263,#13264,#13265,#13266,#13267,#13268,#13269,#13270,#13271,
    #13272,#13273,#13274,#13275,#13276,#13277,#13278,#13279,#13280,
    #13281,#13282,#13283,#13284,#13285,#13286,#13287,#13288,#13289,
    #13290,#13291,#13292,#13293,#13294,#13295,#13296,#13297,#13298,
    #13299,#13300,#13301,#13302,#13303,#13304,#13305,#13306,#13307,
    #13308,#13309,#13310,#13311,#13312,#13313,#13314,#13315,#13316,
    #13317,#13318,#13319,#13320,#13321,#13322,#13323,#13324,#13325,
    #13326,#13327,#13328,#13329,#13330,#13331),.UNSPECIFIED.,.F.,.F.,(9,
    7,7,7,7,7,7,7,7,7,7,7,7,7,9),(0.,0.14110829598,0.282743815399,
    0.341499647413,0.400747772499,0.452191542097,0.476857357342,
    0.497440501293,0.507968853773,0.523728060199,0.548914845756,
    0.599367121943,0.703913130197,0.917641228912,1.),.UNSPECIFIED.);
#13232 = CARTESIAN_POINT('',(-30.90166918303,-19.42516001009,0.));
#13233 = CARTESIAN_POINT('',(-30.99166484283,-19.41589294433,
    0.487266724963));
#13234 = CARTESIAN_POINT('',(-31.0832319948,-19.40435003966,
    0.974415022893));
#13235 = CARTESIAN_POINT('',(-31.17644028335,-19.39037770124,
    1.461434685024));
#13236 = CARTESIAN_POINT('',(-31.27136647977,-19.37379955026,
    1.948312128816));
#13237 = CARTESIAN_POINT('',(-31.36809522294,-19.3544138259,
    2.435030317298));
#13238 = CARTESIAN_POINT('',(-31.46672141597,-19.33198588483,
    2.921568477916));
#13239 = CARTESIAN_POINT('',(-31.56735427869,-19.30623579825,
    3.407901620882));
#13240 = CARTESIAN_POINT('',(-31.77327580872,-19.24729639211,
    4.381914303776));
#13241 = CARTESIAN_POINT('',(-31.8785779743,-19.21408046212,
    4.869580530536));
#13242 = CARTESIAN_POINT('',(-31.98616293865,-19.17682435264,
    5.356977941215));
#13243 = CARTESIAN_POINT('',(-32.09618102327,-19.13511958383,
    5.844070537467));
#13244 = CARTESIAN_POINT('',(-32.2088117004,-19.08846187954,
    6.330804414628));
#13245 = CARTESIAN_POINT('',(-32.32426855738,-19.03623439038,
    6.817106802377));
#13246 = CARTESIAN_POINT('',(-32.44282114481,-18.97764300493,
    7.302881994495));
#13247 = CARTESIAN_POINT('',(-32.61548333447,-18.88411284236,
    7.989244817584));
#13248 = CARTESIAN_POINT('',(-32.66670783867,-18.8553962029,
    8.190374494306));
#13249 = CARTESIAN_POINT('',(-32.71855900975,-18.82530442404,
    8.391379165193));
#13250 = CARTESIAN_POINT('',(-32.77106795964,-18.79374416965,
    8.592246781201));
#13251 = CARTESIAN_POINT('',(-32.8242697027,-18.76060946249,
    8.792962507292));
#13252 = CARTESIAN_POINT('',(-32.87820449653,-18.72577782158,
    8.993508371533));
#13253 = CARTESIAN_POINT('',(-32.93292007954,-18.68910389355,
    9.193862677331));
#13254 = CARTESIAN_POINT('',(-33.0444950026,-18.61139306494,
    9.59581254891));
#13255 = CARTESIAN_POINT('',(-33.10136634026,-18.57032369677,
    9.797396869876));
#13256 = CARTESIAN_POINT('',(-33.15915069311,-18.5270188748,
    9.998731551747));
#13257 = CARTESIAN_POINT('',(-33.21791853236,-18.48126473772,
    10.199784380312));
#13258 = CARTESIAN_POINT('',(-33.27775503439,-18.43279968689,
    10.400509238803));
#13259 = CARTESIAN_POINT('',(-33.33876329642,-18.38130490561,
    10.600844973142));
#13260 = CARTESIAN_POINT('',(-33.40107577753,-18.32637190888,
    10.800711394629));
#13261 = CARTESIAN_POINT('',(-33.52028922194,-18.2162262551,
    11.173034699809));
#13262 = CARTESIAN_POINT('',(-33.57679879229,-18.16202427972,
    11.345561137318));
#13263 = CARTESIAN_POINT('',(-33.63455784275,-18.10441726583,
    11.517574017808));
#13264 = CARTESIAN_POINT('',(-33.6937395145,-18.04289428385,
    11.688993021841));
#13265 = CARTESIAN_POINT('',(-33.75452807079,-17.97687778895,
    11.859674389427));
#13266 = CARTESIAN_POINT('',(-33.81721677107,-17.9054410628,
    12.029352147646));
#13267 = CARTESIAN_POINT('',(-33.88213739623,-17.82750802567,
    12.197680284085));
#13268 = CARTESIAN_POINT('',(-33.98267220902,-17.69896686808,
    12.443739526788));
#13269 = CARTESIAN_POINT('',(-34.01591812282,-17.65529292922,
    12.522939246738));
#13270 = CARTESIAN_POINT('',(-34.04993841488,-17.609310052,
    12.60158560157));
#13271 = CARTESIAN_POINT('',(-34.08485246154,-17.56065811841,
    12.679587306056));
#13272 = CARTESIAN_POINT('',(-34.12078027734,-17.50893764885,
    12.756783100354));
#13273 = CARTESIAN_POINT('',(-34.15789702472,-17.45354251148,
    12.832885478447));
#13274 = CARTESIAN_POINT('',(-34.1963965567,-17.39377179172,
    12.90751901116));
#13275 = CARTESIAN_POINT('',(-34.2704024651,-17.27327059645,
    13.040464135205));
#13276 = CARTESIAN_POINT('',(-34.30445066669,-17.21579925689,
    13.097816302125));
#13277 = CARTESIAN_POINT('',(-34.34002307626,-17.15354608475,
    13.153572885134));
#13278 = CARTESIAN_POINT('',(-34.3778386973,-17.08460914279,
    13.207619858971));
#13279 = CARTESIAN_POINT('',(-34.41817158572,-17.00746258749,
    13.258368025067));
#13280 = CARTESIAN_POINT('',(-34.46090518885,-16.9206822717,
    13.302436403322));
#13281 = CARTESIAN_POINT('',(-34.50549769161,-16.82324155398,
    13.334993046883));
#13282 = CARTESIAN_POINT('',(-34.57453537159,-16.65787475251,
    13.356283691358));
#13283 = CARTESIAN_POINT('',(-34.5977365583,-16.59984877097,
    13.358519108719));
#13284 = CARTESIAN_POINT('',(-34.61987158965,-16.54166114113,
    13.35492817238));
#13285 = CARTESIAN_POINT('',(-34.64048551676,-16.48461172825,
    13.345723309398));
#13286 = CARTESIAN_POINT('',(-34.65938991498,-16.42960188039,
    13.331698969979));
#13287 = CARTESIAN_POINT('',(-34.67654688091,-16.37724904598,
    13.313881163372));
#13288 = CARTESIAN_POINT('',(-34.69200295668,-16.32794782797,
    13.293308060833));
#13289 = CARTESIAN_POINT('',(-34.72659143699,-16.2130088004,
    13.237448536516));
#13290 = CARTESIAN_POINT('',(-34.7441145926,-16.15016317894,
    13.199317744314));
#13291 = CARTESIAN_POINT('',(-34.75931470712,-16.0919256578,
    13.15818815619));
#13292 = CARTESIAN_POINT('',(-34.77258788257,-16.03772271396,
    13.114962553334));
#13293 = CARTESIAN_POINT('',(-34.78431689554,-15.98691662696,
    13.0703506976));
#13294 = CARTESIAN_POINT('',(-34.79474799831,-15.93904459617,
    13.024709025281));
#13295 = CARTESIAN_POINT('',(-34.80411085199,-15.89359476012,
    12.978197179621));
#13296 = CARTESIAN_POINT('',(-34.82612663019,-15.78050543486,
    12.854845238229));
#13297 = CARTESIAN_POINT('',(-34.83728863124,-15.71641745582,
    12.777122800078));
#13298 = CARTESIAN_POINT('',(-34.84671615323,-15.65642542958,
    12.698138374331));
#13299 = CARTESIAN_POINT('',(-34.85471992604,-15.59987918131,
    12.618217652748));
#13300 = CARTESIAN_POINT('',(-34.86155759301,-15.54622657066,
    12.537606568715));
#13301 = CARTESIAN_POINT('',(-34.86739749645,-15.49509427464,
    12.456445686261));
#13302 = CARTESIAN_POINT('',(-34.87238205636,-15.44614781589,
    12.374813121301));
#13303 = CARTESIAN_POINT('',(-34.88510667369,-15.30488885374,
    12.128267482342));
#13304 = CARTESIAN_POINT('',(-34.89058144312,-15.21848743733,
    11.962240459902));
#13305 = CARTESIAN_POINT('',(-34.89391331988,-15.13786607563,
    11.795140836038));
#13306 = CARTESIAN_POINT('',(-34.89550911382,-15.06206882723,
    11.627246597722));
#13307 = CARTESIAN_POINT('',(-34.89570269392,-14.99029933169,
    11.458766588372));
#13308 = CARTESIAN_POINT('',(-34.89470547628,-14.92203707681,
    11.28981833091));
#13309 = CARTESIAN_POINT('',(-34.89269467346,-14.85682990585,
    11.120466260518));
#13310 = CARTESIAN_POINT('',(-34.88380636508,-14.66479295772,
    10.598960465155));
#13311 = CARTESIAN_POINT('',(-34.874028483,-14.54694946085,
    10.245764606687));
#13312 = CARTESIAN_POINT('',(-34.86166303419,-14.43771783718,
    9.891592893822));
#13313 = CARTESIAN_POINT('',(-34.84725128443,-14.33565168991,
    9.536703775072));
#13314 = CARTESIAN_POINT('',(-34.83123487588,-14.23955445957,
    9.181290059728));
#13315 = CARTESIAN_POINT('',(-34.81388461384,-14.14865079454,
    8.825459087202));
#13316 = CARTESIAN_POINT('',(-34.79542618864,-14.06227547166,
    8.469267337371));
#13317 = CARTESIAN_POINT('',(-34.73635629525,-13.81153786112,
    7.383796962753));
#13318 = CARTESIAN_POINT('',(-34.69275738725,-13.65999220146,
    6.653633250319));
#13319 = CARTESIAN_POINT('',(-34.64666406134,-13.52091283965,
    5.922621543462));
#13320 = CARTESIAN_POINT('',(-34.59869314049,-13.39216716552,
    5.19099259903));
#13321 = CARTESIAN_POINT('',(-34.54933453369,-13.27202131045,
    4.458916053014));
#13322 = CARTESIAN_POINT('',(-34.49886893327,-13.15933167322,
    3.726487536528));
#13323 = CARTESIAN_POINT('',(-34.44752299994,-13.0531328105,
    2.993754867689));
#13324 = CARTESIAN_POINT('',(-34.37538332792,-12.91396950063,
    1.978241423633));
#13325 = CARTESIAN_POINT('',(-34.35520970034,-12.87611408913,
    1.695730477317));
#13326 = CARTESIAN_POINT('',(-34.33493772668,-12.83906992115,
    1.413184056277));
#13327 = CARTESIAN_POINT('',(-34.31457528954,-12.80279831447,
    1.130604708274));
#13328 = CARTESIAN_POINT('',(-34.29412921538,-12.76726409137,
    0.847994713241));
#13329 = CARTESIAN_POINT('',(-34.2736054296,-12.73243510786,
    0.565356101006));
#13330 = CARTESIAN_POINT('',(-34.2530091115,-12.69828178279,
    0.282690669004));
#13331 = CARTESIAN_POINT('',(-34.23234484934,-12.66477662714,0.));
#13332 = ORIENTED_EDGE('',*,*,#13333,.F.);
#13333 = EDGE_CURVE('',#13181,#11930,#13334,.T.);
#13334 = B_SPLINE_CURVE_WITH_KNOTS('',7,(#13335,#13336,#13337,#13338,
    #13339,#13340,#13341,#13342,#13343,#13344,#13345,#13346,#13347,
    #13348),.UNSPECIFIED.,.F.,.F.,(8,6,8),(0.,3.112384532423E-02,1.),
  .UNSPECIFIED.);
#13335 = CARTESIAN_POINT('',(-35.99668617016,-12.66477662714,
    16.572073928239));
#13336 = CARTESIAN_POINT('',(-35.99238720556,-12.66477662714,
    16.52768836951));
#13337 = CARTESIAN_POINT('',(-35.98547732631,-12.66477662714,
    16.456370146312));
#13338 = CARTESIAN_POINT('',(-35.97792224395,-12.66477662714,
    16.378476650628));
#13339 = CARTESIAN_POINT('',(-35.97084044594,-12.66477662714,
    16.305566481807));
#13340 = CARTESIAN_POINT('',(-35.96452126041,-12.66477662714,
    16.240550914059));
#13341 = CARTESIAN_POINT('',(-35.95843243823,-12.66477662714,
    16.177938578777));
#13342 = CARTESIAN_POINT('',(-35.72715592276,-12.66477662714,
    13.802313858621));
#13343 = CARTESIAN_POINT('',(-35.49649648888,-12.66477662714,
    11.500948609075));
#13344 = CARTESIAN_POINT('',(-35.25893560447,-12.66477662714,
    9.199930490201));
#13345 = CARTESIAN_POINT('',(-35.01412580617,-12.66477662714,
    6.899289951177));
#13346 = CARTESIAN_POINT('',(-34.7616936154,-12.66477662714,
    4.599061582689));
#13347 = CARTESIAN_POINT('',(-34.50124066892,-12.66477662714,
    2.299284045664));
#13348 = CARTESIAN_POINT('',(-34.23234484934,-12.66477662714,0.));
#13349 = B_SPLINE_SURFACE_WITH_KNOTS('',8,1,(
    (#13350,#13351)
    ,(#13352,#13353)
    ,(#13354,#13355)
    ,(#13356,#13357)
    ,(#13358,#13359)
    ,(#13360,#13361)
    ,(#13362,#13363)
    ,(#13364,#13365)
    ,(#13366,#13367
    )),.UNSPECIFIED.,.F.,.F.,.F.,(9,9),(2,2),(1.,2.),(0.,22.),
  .PIECEWISE_BEZIER_KNOTS.);
#13350 = CARTESIAN_POINT('',(-36.521,-12.,22.));
#13351 = CARTESIAN_POINT('',(-34.72057027881,-11.25753079114,0.));
#13352 = CARTESIAN_POINT('',(-36.521,-15.14159265359,22.));
#13353 = CARTESIAN_POINT('',(-33.85723324559,-13.9202420635,0.));
#13354 = CARTESIAN_POINT('',(-35.81602737662,-18.28318629606,22.));
#13355 = CARTESIAN_POINT('',(-32.76052224352,-16.50728513432,0.));
#13356 = CARTESIAN_POINT('',(-34.40608905394,-21.24021174936,22.));
#13357 = CARTESIAN_POINT('',(-31.43817246274,-18.99479989509,0.));
#13358 = CARTESIAN_POINT('',(-32.34914009248,-23.82814009247,22.));
#13359 = CARTESIAN_POINT('',(-29.90085255638,-21.35986712529,0.));
#13360 = CARTESIAN_POINT('',(-29.76121174936,-25.88508905394,22.));
#13361 = CARTESIAN_POINT('',(-28.16200894684,-23.58097459668,0.));
#13362 = CARTESIAN_POINT('',(-26.80418629606,-27.29502737662,22.));
#13363 = CARTESIAN_POINT('',(-26.23763188256,-25.63842727956,0.));
#13364 = CARTESIAN_POINT('',(-23.66259265359,-28.,22.));
#13365 = CARTESIAN_POINT('',(-24.14594324532,-27.51470165105,0.));
#13366 = CARTESIAN_POINT('',(-20.521,-28.,22.));
#13367 = CARTESIAN_POINT('',(-21.90700610809,-29.1947441054,0.));
#13368 = ADVANCED_FACE('',(#13369,#13372),#13375,.T.);
#13369 = FACE_BOUND('',#13370,.T.);
#13370 = EDGE_LOOP('',(#13371));
#13371 = ORIENTED_EDGE('',*,*,#9616,.T.);
#13372 = FACE_BOUND('',#13373,.T.);
#13373 = EDGE_LOOP('',(#13374));
#13374 = ORIENTED_EDGE('',*,*,#11074,.T.);
#13375 = PLANE('',#13376);
#13376 = AXIS2_PLACEMENT_3D('',#13377,#13378,#13379);
#13377 = CARTESIAN_POINT('',(0.4895,4.6E-16,19.));
#13378 = DIRECTION('',(0.,0.,1.));
#13379 = DIRECTION('',(1.,0.,0.));
#13380 = ADVANCED_FACE('',(#13381,#13384),#13395,.T.);
#13381 = FACE_BOUND('',#13382,.T.);
#13382 = EDGE_LOOP('',(#13383));
#13383 = ORIENTED_EDGE('',*,*,#9641,.T.);
#13384 = FACE_BOUND('',#13385,.T.);
#13385 = EDGE_LOOP('',(#13386));
#13386 = ORIENTED_EDGE('',*,*,#13387,.T.);
#13387 = EDGE_CURVE('',#13388,#13388,#13390,.T.);
#13388 = VERTEX_POINT('',#13389);
#13389 = CARTESIAN_POINT('',(-28.846,-15.,19.));
#13390 = CIRCLE('',#13391,1.6);
#13391 = AXIS2_PLACEMENT_3D('',#13392,#13393,#13394);
#13392 = CARTESIAN_POINT('',(-30.446,-15.,19.));
#13393 = DIRECTION('',(0.,0.,-1.));
#13394 = DIRECTION('',(1.,0.,0.));
#13395 = PLANE('',#13396);
#13396 = AXIS2_PLACEMENT_3D('',#13397,#13398,#13399);
#13397 = CARTESIAN_POINT('',(0.4895,4.6E-16,19.));
#13398 = DIRECTION('',(0.,0.,1.));
#13399 = DIRECTION('',(1.,0.,0.));
#13400 = ADVANCED_FACE('',(#13401,#13404),#13407,.T.);
#13401 = FACE_BOUND('',#13402,.T.);
#13402 = EDGE_LOOP('',(#13403));
#13403 = ORIENTED_EDGE('',*,*,#9691,.T.);
#13404 = FACE_BOUND('',#13405,.T.);
#13405 = EDGE_LOOP('',(#13406));
#13406 = ORIENTED_EDGE('',*,*,#11099,.T.);
#13407 = PLANE('',#13408);
#13408 = AXIS2_PLACEMENT_3D('',#13409,#13410,#13411);
#13409 = CARTESIAN_POINT('',(0.4895,4.6E-16,19.));
#13410 = DIRECTION('',(0.,0.,1.));
#13411 = DIRECTION('',(1.,0.,0.));
#13412 = ADVANCED_FACE('',(#13413),#13422,.T.);
#13413 = FACE_BOUND('',#13414,.T.);
#13414 = EDGE_LOOP('',(#13415,#13416,#13417,#13418,#13419,#13420,#13421)
  );
#13415 = ORIENTED_EDGE('',*,*,#11564,.T.);
#13416 = ORIENTED_EDGE('',*,*,#10010,.F.);
#13417 = ORIENTED_EDGE('',*,*,#10034,.T.);
#13418 = ORIENTED_EDGE('',*,*,#10316,.F.);
#13419 = ORIENTED_EDGE('',*,*,#10399,.F.);
#13420 = ORIENTED_EDGE('',*,*,#10482,.T.);
#13421 = ORIENTED_EDGE('',*,*,#10665,.F.);
#13422 = PLANE('',#13423);
#13423 = AXIS2_PLACEMENT_3D('',#13424,#13425,#13426);
#13424 = CARTESIAN_POINT('',(-0.485793457933,-3.911E-14,22.));
#13425 = DIRECTION('',(-0.,-0.,-1.));
#13426 = DIRECTION('',(-1.,0.,0.));
#13427 = ADVANCED_FACE('',(#13428),#13528,.T.);
#13428 = FACE_BOUND('',#13429,.T.);
#13429 = EDGE_LOOP('',(#13430,#13440,#13446,#13447,#13448,#13449,#13450,
    #13451,#13465,#13479,#13519,#13520,#13521,#13522));
#13430 = ORIENTED_EDGE('',*,*,#13431,.T.);
#13431 = EDGE_CURVE('',#13432,#13434,#13436,.T.);
#13432 = VERTEX_POINT('',#13433);
#13433 = CARTESIAN_POINT('',(-9.5,-19.75,22.));
#13434 = VERTEX_POINT('',#13435);
#13435 = CARTESIAN_POINT('',(9.5,-19.75,22.));
#13436 = LINE('',#13437,#13438);
#13437 = CARTESIAN_POINT('',(-9.5,-19.75,22.));
#13438 = VECTOR('',#13439,1.);
#13439 = DIRECTION('',(1.,0.,0.));
#13440 = ORIENTED_EDGE('',*,*,#13441,.T.);
#13441 = EDGE_CURVE('',#13434,#11617,#13442,.T.);
#13442 = LINE('',#13443,#13444);
#13443 = CARTESIAN_POINT('',(9.5,-18.75,22.));
#13444 = VECTOR('',#13445,1.);
#13445 = DIRECTION('',(0.,-1.,0.));
#13446 = ORIENTED_EDGE('',*,*,#11616,.F.);
#13447 = ORIENTED_EDGE('',*,*,#11581,.F.);
#13448 = ORIENTED_EDGE('',*,*,#10721,.F.);
#13449 = ORIENTED_EDGE('',*,*,#10736,.F.);
#13450 = ORIENTED_EDGE('',*,*,#11000,.F.);
#13451 = ORIENTED_EDGE('',*,*,#13452,.F.);
#13452 = EDGE_CURVE('',#13453,#10994,#13455,.T.);
#13453 = VERTEX_POINT('',#13454);
#13454 = CARTESIAN_POINT('',(-20.521,-26.6,22.));
#13455 = B_SPLINE_CURVE_WITH_KNOTS('',8,(#13456,#13457,#13458,#13459,
    #13460,#13461,#13462,#13463,#13464),.UNSPECIFIED.,.F.,.F.,(9,9),(2.,
    3.),.PIECEWISE_BEZIER_KNOTS.);
#13456 = CARTESIAN_POINT('',(-20.521,-26.6,22.));
#13457 = CARTESIAN_POINT('',(-15.268375,-26.6,22.));
#13458 = CARTESIAN_POINT('',(-10.01575,-26.6,22.));
#13459 = CARTESIAN_POINT('',(-4.763125,-26.6,22.));
#13460 = CARTESIAN_POINT('',(0.4895,-26.6,22.));
#13461 = CARTESIAN_POINT('',(5.742125,-26.6,22.));
#13462 = CARTESIAN_POINT('',(10.99475,-26.6,22.));
#13463 = CARTESIAN_POINT('',(16.247375,-26.6,22.));
#13464 = CARTESIAN_POINT('',(21.5,-26.6,22.));
#13465 = ORIENTED_EDGE('',*,*,#13466,.F.);
#13466 = EDGE_CURVE('',#13467,#13453,#13469,.T.);
#13467 = VERTEX_POINT('',#13468);
#13468 = CARTESIAN_POINT('',(-28.99903814207,-23.88624705834,22.));
#13469 = B_SPLINE_CURVE_WITH_KNOTS('',8,(#13470,#13471,#13472,#13473,
    #13474,#13475,#13476,#13477,#13478),.UNSPECIFIED.,.F.,.F.,(9,9),(1.,
    2.),.PIECEWISE_BEZIER_KNOTS.);
#13470 = CARTESIAN_POINT('',(-35.121,-12.,22.));
#13471 = CARTESIAN_POINT('',(-35.12099999999,-14.8667032964,22.));
#13472 = CARTESIAN_POINT('',(-34.47771248116,-17.73340749516,22.));
#13473 = CARTESIAN_POINT('',(-33.19114376172,-20.43169322129,22.));
#13474 = CARTESIAN_POINT('',(-31.31417783438,-22.79317783438,22.));
#13475 = CARTESIAN_POINT('',(-28.95269322129,-24.67014376172,22.));
#13476 = CARTESIAN_POINT('',(-26.25440749516,-25.95671248116,22.));
#13477 = CARTESIAN_POINT('',(-23.3877032964,-26.6,22.));
#13478 = CARTESIAN_POINT('',(-20.521,-26.6,22.));
#13479 = ORIENTED_EDGE('',*,*,#13480,.T.);
#13480 = EDGE_CURVE('',#13467,#11857,#13481,.T.);
#13481 = B_SPLINE_CURVE_WITH_KNOTS('',8,(#13482,#13483,#13484,#13485,
    #13486,#13487,#13488,#13489,#13490,#13491,#13492,#13493,#13494,
    #13495,#13496,#13497,#13498,#13499,#13500,#13501,#13502,#13503,
    #13504,#13505,#13506,#13507,#13508,#13509,#13510,#13511,#13512,
    #13513,#13514,#13515,#13516,#13517,#13518),.UNSPECIFIED.,.F.,.F.,(9,
    7,7,7,7,9),(0.,0.248311157446,0.500394330703,0.575862603795,
    0.600002141092,1.),.UNSPECIFIED.);
#13482 = CARTESIAN_POINT('',(-28.99902763358,-23.88625468577,22.));
#13483 = CARTESIAN_POINT('',(-29.12594959259,-23.79572595837,22.));
#13484 = CARTESIAN_POINT('',(-29.25106080496,-23.69470542151,22.));
#13485 = CARTESIAN_POINT('',(-29.37310215517,-23.5827546618,22.));
#13486 = CARTESIAN_POINT('',(-29.49062928574,-23.45959562105,22.));
#13487 = CARTESIAN_POINT('',(-29.60202673344,-23.32517573551,22.));
#13488 = CARTESIAN_POINT('',(-29.70556462676,-23.17974796307,22.));
#13489 = CARTESIAN_POINT('',(-29.79949737144,-23.02393123158,22.));
#13490 = CARTESIAN_POINT('',(-29.96616649653,-22.69099273217,22.));
#13491 = CARTESIAN_POINT('',(-30.03856600304,-22.51356935431,22.));
#13492 = CARTESIAN_POINT('',(-30.09769292616,-22.32750032356,22.));
#13493 = CARTESIAN_POINT('',(-30.14198240597,-22.13422035326,22.));
#13494 = CARTESIAN_POINT('',(-30.17015345931,-21.93554620641,22.));
#13495 = CARTESIAN_POINT('',(-30.18136574307,-21.73359246517,22.));
#13496 = CARTESIAN_POINT('',(-30.17532984763,-21.5306283653,22.));
#13497 = CARTESIAN_POINT('',(-30.14541481936,-21.26850939761,22.));
#13498 = CARTESIAN_POINT('',(-30.13699977791,-21.20822668728,22.));
#13499 = CARTESIAN_POINT('',(-30.12706897666,-21.14811366369,22.));
#13500 = CARTESIAN_POINT('',(-30.1156336519,-21.08822976286,22.));
#13501 = CARTESIAN_POINT('',(-30.10270931136,-21.02863364408,22.));
#13502 = CARTESIAN_POINT('',(-30.08831559007,-20.96938282798,22.));
#13503 = CARTESIAN_POINT('',(-30.07247610632,-20.91053333476,22.));
#13504 = CARTESIAN_POINT('',(-30.04969818282,-20.83346121571,22.));
#13505 = CARTESIAN_POINT('',(-30.04403294,-20.81482972008,22.));
#13506 = CARTESIAN_POINT('',(-30.03822346575,-20.79624655494,22.));
#13507 = CARTESIAN_POINT('',(-30.03227071714,-20.77771352741,22.));
#13508 = CARTESIAN_POINT('',(-30.02617567406,-20.75923238393,22.));
#13509 = CARTESIAN_POINT('',(-30.01993932587,-20.74080477686,22.));
#13510 = CARTESIAN_POINT('',(-30.01356270232,-20.722432346,22.));
#13511 = CARTESIAN_POINT('',(-29.89907936529,-20.40062587496,22.));
#13512 = CARTESIAN_POINT('',(-29.75292233067,-20.11281835369,22.));
#13513 = CARTESIAN_POINT('',(-29.57352353413,-19.84826262625,22.));
#13514 = CARTESIAN_POINT('',(-29.36845597052,-19.61256187214,22.));
#13515 = CARTESIAN_POINT('',(-29.14654474319,-19.40828376477,22.));
#13516 = CARTESIAN_POINT('',(-28.91566451918,-19.23537205072,22.));
#13517 = CARTESIAN_POINT('',(-28.68213294162,-19.09213025614,22.));
#13518 = CARTESIAN_POINT('',(-28.45064738541,-18.97595818171,22.));
#13519 = ORIENTED_EDGE('',*,*,#11856,.F.);
#13520 = ORIENTED_EDGE('',*,*,#11821,.F.);
#13521 = ORIENTED_EDGE('',*,*,#11798,.T.);
#13522 = ORIENTED_EDGE('',*,*,#13523,.F.);
#13523 = EDGE_CURVE('',#13432,#11790,#13524,.T.);
#13524 = LINE('',#13525,#13526);
#13525 = CARTESIAN_POINT('',(-9.5,-18.75,22.));
#13526 = VECTOR('',#13527,1.);
#13527 = DIRECTION('',(0.,-1.,0.));
#13528 = PLANE('',#13529);
#13529 = AXIS2_PLACEMENT_3D('',#13530,#13531,#13532);
#13530 = CARTESIAN_POINT('',(0.462293321379,-23.77047508945,22.));
#13531 = DIRECTION('',(-0.,-3.6E-16,-1.));
#13532 = DIRECTION('',(0.,-1.,3.6E-16));
#13533 = ADVANCED_FACE('',(#13534,#13661,#13730,#13798,#13869,#13933,
    #14006,#14076,#14140,#14206),#14268,.T.);
#13534 = FACE_BOUND('',#13535,.T.);
#13535 = EDGE_LOOP('',(#13536,#13549,#13598,#13612,#13617,#13618,#13619,
    #13620));
#13536 = ORIENTED_EDGE('',*,*,#13537,.T.);
#13537 = EDGE_CURVE('',#13538,#13540,#13542,.T.);
#13538 = VERTEX_POINT('',#13539);
#13539 = CARTESIAN_POINT('',(5.128566362003,-33.06096929967,4.5));
#13540 = VERTEX_POINT('',#13541);
#13541 = CARTESIAN_POINT('',(5.208227704162,-33.23577016135,4.));
#13542 = B_SPLINE_CURVE_WITH_KNOTS('',5,(#13543,#13544,#13545,#13546,
    #13547,#13548),.UNSPECIFIED.,.F.,.F.,(6,6),(0.,1.),
  .PIECEWISE_BEZIER_KNOTS.);
#13543 = CARTESIAN_POINT('',(4.807120512222,-32.35562075791,6.5));
#13544 = CARTESIAN_POINT('',(5.017168405642,-32.81652879397,
    5.202052887506));
#13545 = CARTESIAN_POINT('',(5.225069255446,-33.27272557281,
    3.903095208514));
#13546 = CARTESIAN_POINT('',(5.430741458555,-33.7240320328,
    2.603103828984));
#13547 = CARTESIAN_POINT('',(5.634133201311,-34.17033447925,
    1.302071034588));
#13548 = CARTESIAN_POINT('',(5.835212624136,-34.6115630027,0.));
#13549 = ORIENTED_EDGE('',*,*,#13550,.T.);
#13550 = EDGE_CURVE('',#13540,#13551,#13553,.T.);
#13551 = VERTEX_POINT('',#13552);
#13552 = CARTESIAN_POINT('',(1.644449769264,-35.06145725572,-1.E-15));
#13553 = B_SPLINE_CURVE_WITH_KNOTS('',8,(#13554,#13555,#13556,#13557,
    #13558,#13559,#13560,#13561,#13562,#13563,#13564,#13565,#13566,
    #13567,#13568,#13569,#13570,#13571,#13572,#13573,#13574,#13575,
    #13576,#13577,#13578,#13579,#13580,#13581,#13582,#13583,#13584,
    #13585,#13586,#13587,#13588,#13589,#13590,#13591,#13592,#13593,
    #13594,#13595,#13596,#13597),.UNSPECIFIED.,.F.,.F.,(9,7,7,7,7,7,9),(
    0.,0.402000497019,0.556070152959,0.670451193076,0.730675387637,
    0.850456801732,1.),.UNSPECIFIED.);
#13554 = CARTESIAN_POINT('',(5.208227704013,-33.23577016103,4.));
#13555 = CARTESIAN_POINT('',(5.250265508792,-33.32801370475,
    3.735677523055));
#13556 = CARTESIAN_POINT('',(5.271756335266,-33.42330776783,
    3.469483553036));
#13557 = CARTESIAN_POINT('',(5.272178560053,-33.52169762815,
    3.202069780273));
#13558 = CARTESIAN_POINT('',(5.250645308733,-33.62313340863,
    2.934360109972));
#13559 = CARTESIAN_POINT('',(5.206048407972,-33.72744852117,
    2.667548285642));
#13560 = CARTESIAN_POINT('',(5.137015767538,-33.83432973444,
    2.403105375186));
#13561 = CARTESIAN_POINT('',(5.041973073063,-33.94328184676,
    2.142768302625));
#13562 = CARTESIAN_POINT('',(4.871367590142,-34.09587642943,
    1.791156740592));
#13563 = CARTESIAN_POINT('',(4.819962752276,-34.13833744025,
    1.69468137759));
#13564 = CARTESIAN_POINT('',(4.764307950976,-34.18093330662,
    1.599280519223));
#13565 = CARTESIAN_POINT('',(4.704286530682,-34.22360401638,
    1.505108093095));
#13566 = CARTESIAN_POINT('',(4.639783088767,-34.26627591664,
    1.412341488475));
#13567 = CARTESIAN_POINT('',(4.570686812499,-34.30886111841,
    1.321180385961));
#13568 = CARTESIAN_POINT('',(4.496894815991,-34.35125690136,
    1.231845587153));
#13569 = CARTESIAN_POINT('',(4.359978314971,-34.42459133637,
    1.07979042637));
#13570 = CARTESIAN_POINT('',(4.299006395804,-34.45566590942,
    1.016146672066));
#13571 = CARTESIAN_POINT('',(4.235365696538,-34.4865194461,
    0.953747232888));
#13572 = CARTESIAN_POINT('',(4.169029716132,-34.51709557664,
    0.892703267612));
#13573 = CARTESIAN_POINT('',(4.099982441803,-34.54733140642,
    0.833134761367));
#13574 = CARTESIAN_POINT('',(4.028221315207,-34.57715796956,
    0.775168844686));
#13575 = CARTESIAN_POINT('',(3.95376019861,-34.60650068239,
    0.718938112558));
#13576 = CARTESIAN_POINT('',(3.836022786434,-34.65043264924,
    0.63595761628));
#13577 = CARTESIAN_POINT('',(3.794674451315,-34.66542909506,
    0.607855448121));
#13578 = CARTESIAN_POINT('',(3.752592717165,-34.68025738147,
    0.580292566446));
#13579 = CARTESIAN_POINT('',(3.709784564017,-34.69490537631,
    0.553289348776));
#13580 = CARTESIAN_POINT('',(3.666258739597,-34.70936063223,
    0.526866284563));
#13581 = CARTESIAN_POINT('',(3.622025928421,-34.72361045067,
    0.501043837033));
#13582 = CARTESIAN_POINT('',(3.577098920896,-34.73764194589,
    0.475842305038));
#13583 = CARTESIAN_POINT('',(3.440785587462,-34.77888959993,
    0.402432450255));
#13584 = CARTESIAN_POINT('',(3.347379902716,-34.80542549446,
    0.356112270898));
#13585 = CARTESIAN_POINT('',(3.251407211011,-34.83094321475,
    0.31248653983));
#13586 = CARTESIAN_POINT('',(3.153023314485,-34.85533872905,
    0.271707042895));
#13587 = CARTESIAN_POINT('',(3.052410607661,-34.87851302533,
    0.233908524798));
#13588 = CARTESIAN_POINT('',(2.949780350525,-34.90037458487,
    0.199205255139));
#13589 = CARTESIAN_POINT('',(2.845374941596,-34.92084185605,
    0.16768759444));
#13590 = CARTESIAN_POINT('',(2.607251555618,-34.96357144372,
    0.104125590657));
#13591 = CARTESIAN_POINT('',(2.472653248906,-34.98502402815,
    7.388454106187E-02));
#13592 = CARTESIAN_POINT('',(2.336225038952,-35.0040643306,
    4.882666863358E-02));
#13593 = CARTESIAN_POINT('',(2.198499668103,-35.02060412072,
    2.898496759191E-02));
#13594 = CARTESIAN_POINT('',(2.059988107651,-35.03460025717,
    1.431377663214E-02));
#13595 = CARTESIAN_POINT('',(1.921175887201,-35.04604914349,
    4.70486585988E-03));
#13596 = CARTESIAN_POINT('',(1.782520498717,-35.05498147131,
    3.16008544E-09));
#13597 = CARTESIAN_POINT('',(1.644449875249,-35.06145725075,0.));
#13598 = ORIENTED_EDGE('',*,*,#13599,.F.);
#13599 = EDGE_CURVE('',#13600,#13551,#13602,.T.);
#13600 = VERTEX_POINT('',#13601);
#13601 = CARTESIAN_POINT('',(-21.75621189608,-27.54409635353,0.));
#13602 = B_SPLINE_CURVE_WITH_KNOTS('',8,(#13603,#13604,#13605,#13606,
    #13607,#13608,#13609,#13610,#13611),.UNSPECIFIED.,.F.,.F.,(9,9),(2.,
    3.),.PIECEWISE_BEZIER_KNOTS.);
#13603 = CARTESIAN_POINT('',(-21.75621189608,-27.54409635353,0.));
#13604 = CARTESIAN_POINT('',(-17.152680679,-31.18028028723,0.));
#13605 = CARTESIAN_POINT('',(-11.85460383406,-33.93714698436,0.));
#13606 = CARTESIAN_POINT('',(-6.057937564573,-35.65992080775,0.));
#13607 = CARTESIAN_POINT('',(4.074E-13,-36.24622801384,0.));
#13608 = CARTESIAN_POINT('',(6.057937564573,-35.65992080775,0.));
#13609 = CARTESIAN_POINT('',(11.854603834062,-33.93714698436,0.));
#13610 = CARTESIAN_POINT('',(17.152680679003,-31.18028028723,0.));
#13611 = CARTESIAN_POINT('',(21.756211896085,-27.54409635353,0.));
#13612 = ORIENTED_EDGE('',*,*,#13613,.F.);
#13613 = EDGE_CURVE('',#13453,#13600,#13614,.T.);
#13614 = B_SPLINE_CURVE_WITH_KNOTS('',1,(#13615,#13616),.UNSPECIFIED.,
  .F.,.F.,(2,2),(0.,22.),.PIECEWISE_BEZIER_KNOTS.);
#13615 = CARTESIAN_POINT('',(-20.521,-26.6,22.));
#13616 = CARTESIAN_POINT('',(-21.75621189608,-27.54409635353,0.));
#13617 = ORIENTED_EDGE('',*,*,#13452,.T.);
#13618 = ORIENTED_EDGE('',*,*,#10993,.T.);
#13619 = ORIENTED_EDGE('',*,*,#12829,.T.);
#13620 = ORIENTED_EDGE('',*,*,#13621,.F.);
#13621 = EDGE_CURVE('',#13538,#12830,#13622,.T.);
#13622 = B_SPLINE_CURVE_WITH_KNOTS('',7,(#13623,#13624,#13625,#13626,
    #13627,#13628,#13629,#13630,#13631,#13632,#13633,#13634,#13635,
    #13636,#13637,#13638,#13639,#13640,#13641,#13642,#13643,#13644,
    #13645,#13646,#13647,#13648,#13649,#13650,#13651,#13652,#13653,
    #13654,#13655,#13656,#13657,#13658,#13659,#13660),.UNSPECIFIED.,.F.,
  .F.,(8,6,6,6,6,6,8),(0.,0.3658488167,0.537438456921,0.672961145608,
    0.745628606299,0.894217320129,1.),.UNSPECIFIED.);
#13623 = CARTESIAN_POINT('',(5.12856636228,-33.06096930028,4.5));
#13624 = CARTESIAN_POINT('',(5.106422549823,-33.01237913856,
    4.638741337513));
#13625 = CARTESIAN_POINT('',(5.095794507508,-32.96198135773,
    4.77847777719));
#13626 = CARTESIAN_POINT('',(5.097086200779,-32.90996039987,
    4.918762464694));
#13627 = CARTESIAN_POINT('',(5.110908592857,-32.85652568001,
    5.058971084676));
#13628 = CARTESIAN_POINT('',(5.138003508403,-32.80192569445,
    5.198286495924));
#13629 = CARTESIAN_POINT('',(5.179186801902,-32.74644842965,
    5.33569634754));
#13630 = CARTESIAN_POINT('',(5.261865253386,-32.66412196953,
    5.532923873159));
#13631 = CARTESIAN_POINT('',(5.291574553371,-32.63772215542,
    5.595178394731));
#13632 = CARTESIAN_POINT('',(5.324691942926,-32.61124387924,
    5.656579918048));
#13633 = CARTESIAN_POINT('',(5.361312346367,-32.58473230079,
    5.716962611487));
#13634 = CARTESIAN_POINT('',(5.40152355091,-32.5582407949,5.776134400969
    ));
#13635 = CARTESIAN_POINT('',(5.445399940043,-32.53183073481,
    5.833878482097));
#13636 = CARTESIAN_POINT('',(5.530588104579,-32.48483137249,
    5.934244322823));
#13637 = CARTESIAN_POINT('',(5.57049820067,-32.46418668046,
    5.977490735334));
#13638 = CARTESIAN_POINT('',(5.612750447808,-32.44367239055,
    6.019573902577));
#13639 = CARTESIAN_POINT('',(5.657356973762,-32.42332880347,
    6.060360086249));
#13640 = CARTESIAN_POINT('',(5.704313018375,-32.40320085264,
    6.099705084368));
#13641 = CARTESIAN_POINT('',(5.753591850515,-32.38333762729,
    6.137457338659));
#13642 = CARTESIAN_POINT('',(5.832779708055,-32.35331144598,
    6.192766279446));
#13643 = CARTESIAN_POINT('',(5.861071796469,-32.34292238278,
    6.211568616273));
#13644 = CARTESIAN_POINT('',(5.89000721184,-32.33263296655,
    6.229843871349));
#13645 = CARTESIAN_POINT('',(5.919574940659,-32.32245172865,
    6.247567634764));
#13646 = CARTESIAN_POINT('',(5.949761423759,-32.31238742501,
    6.264715539339));
#13647 = CARTESIAN_POINT('',(5.980550285727,-32.30244898999,
    6.28126353221));
#13648 = CARTESIAN_POINT('',(6.076070339075,-32.27259952477,
    6.329750422802));
#13649 = CARTESIAN_POINT('',(6.142667498589,-32.25311416547,
    6.359711923924));
#13650 = CARTESIAN_POINT('',(6.211532255365,-32.23427213188,
    6.386863249789));
#13651 = CARTESIAN_POINT('',(6.282446472056,-32.2161515046,
    6.411018040588));
#13652 = CARTESIAN_POINT('',(6.355152466366,-32.19882447326,
    6.432020913318));
#13653 = CARTESIAN_POINT('',(6.429350315938,-32.18235608428,
    6.449755398419));
#13654 = CARTESIAN_POINT('',(6.558334364078,-32.15573049157,
    6.474400959146));
#13655 = CARTESIAN_POINT('',(6.612562166566,-32.14512036604,6.482959758)
  );
#13656 = CARTESIAN_POINT('',(6.667257403559,-32.13499250546,
    6.489803443997));
#13657 = CARTESIAN_POINT('',(6.722299467306,-32.12536231863,
    6.494921251425));
#13658 = CARTESIAN_POINT('',(6.777568830494,-32.11624117309,
    6.498315397159));
#13659 = CARTESIAN_POINT('',(6.832947567282,-32.10763683838,6.5));
#13660 = CARTESIAN_POINT('',(6.888319874338,-32.09955392928,6.5));
#13661 = FACE_BOUND('',#13662,.T.);
#13662 = EDGE_LOOP('',(#13663,#13675,#13686,#13696,#13712,#13722));
#13663 = ORIENTED_EDGE('',*,*,#13664,.F.);
#13664 = EDGE_CURVE('',#13665,#13667,#13669,.T.);
#13665 = VERTEX_POINT('',#13666);
#13666 = CARTESIAN_POINT('',(-7.196152422707,-27.20138989741,
    20.232050807569));
#13667 = VERTEX_POINT('',#13668);
#13668 = CARTESIAN_POINT('',(-4.598076211353,-27.79853071762,
    18.732050807569));
#13669 = B_SPLINE_CURVE_WITH_KNOTS('',4,(#13670,#13671,#13672,#13673,
    #13674),.UNSPECIFIED.,.F.,.F.,(5,5),(0.,1.),
  .PIECEWISE_BEZIER_KNOTS.);
#13670 = CARTESIAN_POINT('',(-7.196152422707,-27.20138989741,
    20.232050807569));
#13671 = CARTESIAN_POINT('',(-6.545659525129,-27.34346637263,
    19.856488558046));
#13672 = CARTESIAN_POINT('',(-5.895982881533,-27.49176585157,
    19.48139757298));
#13673 = CARTESIAN_POINT('',(-5.246884980036,-27.64412437398,
    19.106640724821));
#13674 = CARTESIAN_POINT('',(-4.598076211353,-27.79853071762,
    18.732050807569));
#13675 = ORIENTED_EDGE('',*,*,#13676,.T.);
#13676 = EDGE_CURVE('',#13665,#13677,#13679,.T.);
#13677 = VERTEX_POINT('',#13678);
#13678 = CARTESIAN_POINT('',(-9.79422863406,-27.59752834724,
    18.732050807569));
#13679 = B_SPLINE_CURVE_WITH_KNOTS('',5,(#13680,#13681,#13682,#13683,
    #13684,#13685),.UNSPECIFIED.,.F.,.F.,(6,6),(0.,1.),
  .PIECEWISE_BEZIER_KNOTS.);
#13680 = CARTESIAN_POINT('',(-7.196152422707,-27.20138989741,
    20.232050807569));
#13681 = CARTESIAN_POINT('',(-7.714624090014,-27.29254660217,
    19.932711050882));
#13682 = CARTESIAN_POINT('',(-8.233648975424,-27.37845320736,
    19.633051893574));
#13683 = CARTESIAN_POINT('',(-8.753261142517,-27.45839815234,
    19.333053669029));
#13684 = CARTESIAN_POINT('',(-9.273463521413,-27.53166574173,
    19.03271468554));
#13685 = CARTESIAN_POINT('',(-9.79422863406,-27.59752834724,
    18.732050807569));
#13686 = ORIENTED_EDGE('',*,*,#13687,.T.);
#13687 = EDGE_CURVE('',#13677,#13688,#13690,.T.);
#13688 = VERTEX_POINT('',#13689);
#13689 = CARTESIAN_POINT('',(-9.79422863406,-28.53287263325,
    15.732050807569));
#13690 = B_SPLINE_CURVE_WITH_KNOTS('',4,(#13691,#13692,#13693,#13694,
    #13695),.UNSPECIFIED.,.F.,.F.,(5,5),(0.,1.),
  .PIECEWISE_BEZIER_KNOTS.);
#13691 = CARTESIAN_POINT('',(-9.79422863406,-27.59752834724,
    18.732050807569));
#13692 = CARTESIAN_POINT('',(-9.79422863406,-27.8291698732,
    17.981709838942));
#13693 = CARTESIAN_POINT('',(-9.79422863406,-28.0623030981,
    17.231599120713));
#13694 = CARTESIAN_POINT('',(-9.79422863406,-28.29688470574,
    16.481714292818));
#13695 = CARTESIAN_POINT('',(-9.79422863406,-28.53287263325,
    15.732050807569));
#13696 = ORIENTED_EDGE('',*,*,#13697,.F.);
#13697 = EDGE_CURVE('',#13698,#13688,#13700,.T.);
#13698 = VERTEX_POINT('',#13699);
#13699 = CARTESIAN_POINT('',(-7.196152422707,-29.27390653527,
    14.232050807569));
#13700 = B_SPLINE_CURVE_WITH_KNOTS('',4,(#13701,#13702,#13703,#13704,
    #13705,#13706,#13707,#13708,#13709,#13710,#13711),.UNSPECIFIED.,.F.,
  .F.,(5,3,3,5),(0.,0.20675016947,0.749485511866,1.),.UNSPECIFIED.);
#13701 = CARTESIAN_POINT('',(-7.196152422707,-29.27390653527,
    14.232050807569));
#13702 = CARTESIAN_POINT('',(-7.330358709293,-29.2351240871,
    14.309534843256));
#13703 = CARTESIAN_POINT('',(-7.464566880594,-29.19635285629,
    14.387019967085));
#13704 = CARTESIAN_POINT('',(-7.598779830471,-29.15760953251,
    14.464507849825));
#13705 = CARTESIAN_POINT('',(-8.08534018324,-29.01732466549,
    14.745423600473));
#13706 = CARTESIAN_POINT('',(-8.437732889413,-28.91604758158,
    14.948877624243));
#13707 = CARTESIAN_POINT('',(-8.790231780922,-28.81538672915,
    15.152392954144));
#13708 = CARTESIAN_POINT('',(-9.305668440326,-28.6696345522,
    15.449980448201));
#13709 = CARTESIAN_POINT('',(-9.468481185449,-28.62380480597,
    15.543980430426));
#13710 = CARTESIAN_POINT('',(-9.631332908785,-28.5782066845,
    15.638002916731));
#13711 = CARTESIAN_POINT('',(-9.79422863406,-28.53287263325,
    15.732050807569));
#13712 = ORIENTED_EDGE('',*,*,#13713,.F.);
#13713 = EDGE_CURVE('',#13714,#13698,#13716,.T.);
#13714 = VERTEX_POINT('',#13715);
#13715 = CARTESIAN_POINT('',(-4.598076211353,-28.90556771908,
    15.732050807569));
#13716 = B_SPLINE_CURVE_WITH_KNOTS('',4,(#13717,#13718,#13719,#13720,
    #13721),.UNSPECIFIED.,.F.,.F.,(5,5),(0.,1.),
  .PIECEWISE_BEZIER_KNOTS.);
#13717 = CARTESIAN_POINT('',(-4.598076211353,-28.90556771908,
    15.732050807569));
#13718 = CARTESIAN_POINT('',(-5.246164900286,-29.01358687747,
    15.357876628555));
#13719 = CARTESIAN_POINT('',(-5.895198873939,-29.11214293516,
    14.983156689153));
#13720 = CARTESIAN_POINT('',(-6.545230168685,-29.19951074277,
    14.60786094615));
#13721 = CARTESIAN_POINT('',(-7.196152422707,-29.27390653527,
    14.232050807569));
#13722 = ORIENTED_EDGE('',*,*,#13723,.F.);
#13723 = EDGE_CURVE('',#13667,#13714,#13724,.T.);
#13724 = B_SPLINE_CURVE_WITH_KNOTS('',4,(#13725,#13726,#13727,#13728,
    #13729),.UNSPECIFIED.,.F.,.F.,(5,5),(0.,1.),
  .PIECEWISE_BEZIER_KNOTS.);
#13725 = CARTESIAN_POINT('',(-4.598076211353,-27.79853071762,
    18.732050807569));
#13726 = CARTESIAN_POINT('',(-4.598076211353,-28.07455387252,
    17.981915130173));
#13727 = CARTESIAN_POINT('',(-4.598076211353,-28.3510820019,
    17.231872355022));
#13728 = CARTESIAN_POINT('',(-4.598076211353,-28.62809331973,
    16.481918744869));
#13729 = CARTESIAN_POINT('',(-4.598076211353,-28.90556771908,
    15.732050807569));
#13730 = FACE_BOUND('',#13731,.T.);
#13731 = EDGE_LOOP('',(#13732,#13747,#13758,#13768,#13779,#13790));
#13732 = ORIENTED_EDGE('',*,*,#13733,.F.);
#13733 = EDGE_CURVE('',#13734,#13736,#13738,.T.);
#13734 = VERTEX_POINT('',#13735);
#13735 = CARTESIAN_POINT('',(0.,-27.28278728182,20.232050807569));
#13736 = VERTEX_POINT('',#13737);
#13737 = CARTESIAN_POINT('',(2.598076211353,-27.85048499492,
    18.732050807569));
#13738 = B_SPLINE_CURVE_WITH_KNOTS('',4,(#13739,#13740,#13741,#13742,
    #13743,#13744,#13745,#13746),.UNSPECIFIED.,.F.,.F.,(5,3,5),(0.,
    0.625595563203,1.),.UNSPECIFIED.);
#13739 = CARTESIAN_POINT('',(0.,-27.28278728182,20.232050807569));
#13740 = CARTESIAN_POINT('',(0.4060361778,-27.37384255121,
    19.997625711015));
#13741 = CARTESIAN_POINT('',(0.812131646971,-27.46445931721,
    19.763166382573));
#13742 = CARTESIAN_POINT('',(1.218351388034,-27.5541560087,
    19.52863530572));
#13743 = CARTESIAN_POINT('',(1.867974280851,-27.69531566735,
    19.15357535368));
#13744 = CARTESIAN_POINT('',(2.111260911056,-27.74766933561,
    19.013113752241));
#13745 = CARTESIAN_POINT('',(2.354624662232,-27.79942551398,
    18.872607624989));
#13746 = CARTESIAN_POINT('',(2.598076211353,-27.85048499492,
    18.732050807569));
#13747 = ORIENTED_EDGE('',*,*,#13748,.T.);
#13748 = EDGE_CURVE('',#13734,#13749,#13751,.T.);
#13749 = VERTEX_POINT('',#13750);
#13750 = CARTESIAN_POINT('',(-2.598076211353,-27.8394439015,
    18.732050807569));
#13751 = B_SPLINE_CURVE_WITH_KNOTS('',5,(#13752,#13753,#13754,#13755,
    #13756,#13757),.UNSPECIFIED.,.F.,.F.,(6,6),(0.,1.),
  .PIECEWISE_BEZIER_KNOTS.);
#13752 = CARTESIAN_POINT('',(0.,-27.28278728182,20.232050807569));
#13753 = CARTESIAN_POINT('',(-0.519124698553,-27.397893115,
    19.932334023116));
#13754 = CARTESIAN_POINT('',(-1.038402800947,-27.51184436388,
    19.632528670915));
#13755 = CARTESIAN_POINT('',(-1.55793298962,-27.62390057401,
    19.332577776632));
#13756 = CARTESIAN_POINT('',(-2.07780006363,-27.7333388275,
    19.03243238151));
#13757 = CARTESIAN_POINT('',(-2.598076211353,-27.8394439015,
    18.732050807569));
#13758 = ORIENTED_EDGE('',*,*,#13759,.T.);
#13759 = EDGE_CURVE('',#13749,#13760,#13762,.T.);
#13760 = VERTEX_POINT('',#13761);
#13761 = CARTESIAN_POINT('',(-2.598076211353,-28.98049168822,
    15.732050807569));
#13762 = B_SPLINE_CURVE_WITH_KNOTS('',4,(#13763,#13764,#13765,#13766,
    #13767),.UNSPECIFIED.,.F.,.F.,(5,5),(0.,1.),
  .PIECEWISE_BEZIER_KNOTS.);
#13763 = CARTESIAN_POINT('',(-2.598076211353,-27.8394439015,
    18.732050807569));
#13764 = CARTESIAN_POINT('',(-2.598076211353,-28.12435882918,
    17.981984846853));
#13765 = CARTESIAN_POINT('',(-2.598076211353,-28.40951316205,
    17.231964352688));
#13766 = CARTESIAN_POINT('',(-2.598076211353,-28.69489453798,
    16.481987038298));
#13767 = CARTESIAN_POINT('',(-2.598076211353,-28.98049168822,
    15.732050807569));
#13768 = ORIENTED_EDGE('',*,*,#13769,.T.);
#13769 = EDGE_CURVE('',#13760,#13770,#13772,.T.);
#13770 = VERTEX_POINT('',#13771);
#13771 = CARTESIAN_POINT('',(0.,-29.60067284836,14.232050807569));
#13772 = B_SPLINE_CURVE_WITH_KNOTS('',5,(#13773,#13774,#13775,#13776,
    #13777,#13778),.UNSPECIFIED.,.F.,.F.,(6,6),(0.,1.),
  .PIECEWISE_BEZIER_KNOTS.);
#13773 = CARTESIAN_POINT('',(-2.598076211353,-28.98049168822,
    15.732050807569));
#13774 = CARTESIAN_POINT('',(-2.079124705458,-29.10910698202,
    15.432434015944));
#13775 = CARTESIAN_POINT('',(-1.559941372336,-29.23616230978,
    15.132683378807));
#13776 = CARTESIAN_POINT('',(-1.040418322949,-29.360921239,
    14.832736606393));
#13777 = CARTESIAN_POINT('',(-0.520463681329,-29.48266327499,
    14.532540654088));
#13778 = CARTESIAN_POINT('',(8.7E-16,-29.60067284836,14.232050807569));
#13779 = ORIENTED_EDGE('',*,*,#13780,.F.);
#13780 = EDGE_CURVE('',#13781,#13770,#13783,.T.);
#13781 = VERTEX_POINT('',#13782);
#13782 = CARTESIAN_POINT('',(2.598076211353,-28.99774387326,
    15.732050807569));
#13783 = B_SPLINE_CURVE_WITH_KNOTS('',5,(#13784,#13785,#13786,#13787,
    #13788,#13789),.UNSPECIFIED.,.F.,.F.,(6,6),(0.,1.),
  .PIECEWISE_BEZIER_KNOTS.);
#13784 = CARTESIAN_POINT('',(2.598076211353,-28.99774387326,
    15.732050807569));
#13785 = CARTESIAN_POINT('',(2.079168707926,-29.1233448101,
    15.43245942078));
#13786 = CARTESIAN_POINT('',(1.559997357343,-29.24712818139,
    15.132715701766));
#13787 = CARTESIAN_POINT('',(1.040464371404,-29.3683982491,
    14.832763192481));
#13788 = CARTESIAN_POINT('',(0.520487776454,-29.48647276147,
    14.532554565415));
#13789 = CARTESIAN_POINT('',(-8.9E-16,-29.60067284836,14.232050807569));
#13790 = ORIENTED_EDGE('',*,*,#13791,.F.);
#13791 = EDGE_CURVE('',#13736,#13781,#13792,.T.);
#13792 = B_SPLINE_CURVE_WITH_KNOTS('',4,(#13793,#13794,#13795,#13796,
    #13797),.UNSPECIFIED.,.F.,.F.,(5,5),(0.,1.),
  .PIECEWISE_BEZIER_KNOTS.);
#13793 = CARTESIAN_POINT('',(2.598076211353,-27.85048499492,
    18.732050807569));
#13794 = CARTESIAN_POINT('',(2.598076211353,-28.13737654576,
    17.982065500239));
#13795 = CARTESIAN_POINT('',(2.598076211353,-28.42421647363,
    17.232070319001));
#13796 = CARTESIAN_POINT('',(2.598076211353,-28.71100538281,
    16.482065382305));
#13797 = CARTESIAN_POINT('',(2.598076211353,-28.99774387326,
    15.732050807569));
#13798 = FACE_BOUND('',#13799,.T.);
#13799 = EDGE_LOOP('',(#13800,#13813,#13826,#13838,#13848,#13861));
#13800 = ORIENTED_EDGE('',*,*,#13801,.F.);
#13801 = EDGE_CURVE('',#13802,#13804,#13806,.T.);
#13802 = VERTEX_POINT('',#13803);
#13803 = CARTESIAN_POINT('',(7.196152422707,-27.21944855595,
    20.232050807569));
#13804 = VERTEX_POINT('',#13805);
#13805 = CARTESIAN_POINT('',(9.79422863406,-27.63893631214,
    18.732050807569));
#13806 = B_SPLINE_CURVE_WITH_KNOTS('',5,(#13807,#13808,#13809,#13810,
    #13811,#13812),.UNSPECIFIED.,.F.,.F.,(6,6),(0.,1.),
  .PIECEWISE_BEZIER_KNOTS.);
#13807 = CARTESIAN_POINT('',(7.196152422707,-27.21944855595,
    20.232050807569));
#13808 = CARTESIAN_POINT('',(7.714627359976,-27.31463551339,
    19.932709162968));
#13809 = CARTESIAN_POINT('',(8.233640519516,-27.40493068777,
    19.633056775595));
#13810 = CARTESIAN_POINT('',(8.753239482612,-27.4895831058,
    19.333066174381));
#13811 = CARTESIAN_POINT('',(9.2734403522,-27.56783969183,
    19.032728062291));
#13812 = CARTESIAN_POINT('',(9.79422863406,-27.63893631214,
    18.732050807569));
#13813 = ORIENTED_EDGE('',*,*,#13814,.T.);
#13814 = EDGE_CURVE('',#13802,#13815,#13817,.T.);
#13815 = VERTEX_POINT('',#13816);
#13816 = CARTESIAN_POINT('',(4.598076211353,-27.81805521109,
    18.732050807569));
#13817 = B_SPLINE_CURVE_WITH_KNOTS('',4,(#13818,#13819,#13820,#13821,
    #13822,#13823,#13824,#13825),.UNSPECIFIED.,.F.,.F.,(5,3,5),(0.,
    0.566457615185,1.),.UNSPECIFIED.);
#13818 = CARTESIAN_POINT('',(7.196152422707,-27.21944855595,
    20.232050807569));
#13819 = CARTESIAN_POINT('',(6.827782030928,-27.30094051766,
    20.019372062714));
#13820 = CARTESIAN_POINT('',(6.459632502209,-27.38409865623,
    19.806820833206));
#13821 = CARTESIAN_POINT('',(6.0916612289,-27.46855297588,
    19.594372519507));
#13822 = CARTESIAN_POINT('',(5.442291009666,-27.61930622622,
    19.219458448629));
#13823 = CARTESIAN_POINT('',(5.16083806518,-27.68521535077,
    19.056961515366));
#13824 = CARTESIAN_POINT('',(4.879440404916,-27.75151646595,
    18.894496500463));
#13825 = CARTESIAN_POINT('',(4.598076211353,-27.81805521109,
    18.732050807569));
#13826 = ORIENTED_EDGE('',*,*,#13827,.T.);
#13827 = EDGE_CURVE('',#13815,#13828,#13830,.T.);
#13828 = VERTEX_POINT('',#13829);
#13829 = CARTESIAN_POINT('',(4.598076211353,-28.93611670081,
    15.732050807569));
#13830 = B_SPLINE_CURVE_WITH_KNOTS('',6,(#13831,#13832,#13833,#13834,
    #13835,#13836,#13837),.UNSPECIFIED.,.F.,.F.,(7,7),(0.,1.),
  .PIECEWISE_BEZIER_KNOTS.);
#13831 = CARTESIAN_POINT('',(4.598076211353,-27.81805521109,
    18.732050807569));
#13832 = CARTESIAN_POINT('',(4.598076211353,-27.94313635174,
    18.396448350517));
#13833 = CARTESIAN_POINT('',(4.598076211353,-28.14046494171,
    17.866995205553));
#13834 = CARTESIAN_POINT('',(4.598076211353,-28.37802356778,
    17.229589292125));
#13835 = CARTESIAN_POINT('',(4.598076211353,-28.63365167077,
    16.543669833981));
#13836 = CARTESIAN_POINT('',(4.598076211353,-28.85796922391,
    15.94174793745));
#13837 = CARTESIAN_POINT('',(4.598076211353,-28.93611670081,
    15.732050807569));
#13838 = ORIENTED_EDGE('',*,*,#13839,.T.);
#13839 = EDGE_CURVE('',#13828,#13840,#13842,.T.);
#13840 = VERTEX_POINT('',#13841);
#13841 = CARTESIAN_POINT('',(7.196152422707,-29.32687132221,
    14.232050807569));
#13842 = B_SPLINE_CURVE_WITH_KNOTS('',4,(#13843,#13844,#13845,#13846,
    #13847),.UNSPECIFIED.,.F.,.F.,(5,5),(0.,1.),
  .PIECEWISE_BEZIER_KNOTS.);
#13843 = CARTESIAN_POINT('',(4.598076211353,-28.93611670081,
    15.732050807569));
#13844 = CARTESIAN_POINT('',(5.246113758805,-29.04942617962,
    15.357906155103));
#13845 = CARTESIAN_POINT('',(5.89511490782,-29.15354003271,
    14.983205167014));
#13846 = CARTESIAN_POINT('',(6.545156740084,-29.24664517197,
    14.607903340172));
#13847 = CARTESIAN_POINT('',(7.196152422707,-29.32687132221,
    14.232050807569));
#13848 = ORIENTED_EDGE('',*,*,#13849,.F.);
#13849 = EDGE_CURVE('',#13850,#13840,#13852,.T.);
#13850 = VERTEX_POINT('',#13851);
#13851 = CARTESIAN_POINT('',(9.79422863406,-28.59812058167,
    15.732050807569));
#13852 = B_SPLINE_CURVE_WITH_KNOTS('',4,(#13853,#13854,#13855,#13856,
    #13857,#13858,#13859,#13860),.UNSPECIFIED.,.F.,.F.,(5,3,5),(0.,
    0.646568593048,1.),.UNSPECIFIED.);
#13853 = CARTESIAN_POINT('',(9.79422863406,-28.59812058167,
    15.732050807569));
#13854 = CARTESIAN_POINT('',(9.373898186079,-28.71368232839,
    15.489372910279));
#13855 = CARTESIAN_POINT('',(8.953813478842,-28.83073620439,
    15.246836891473));
#13856 = CARTESIAN_POINT('',(8.533892258476,-28.94875832224,
    15.004395261856));
#13857 = CARTESIAN_POINT('',(7.884553843871,-29.1320263747,
    14.629499553389));
#13858 = CARTESIAN_POINT('',(7.655081035383,-29.19694043528,
    14.497013365636));
#13859 = CARTESIAN_POINT('',(7.425618358079,-29.26191497331,
    14.364533027126));
#13860 = CARTESIAN_POINT('',(7.196152422707,-29.32687132221,
    14.232050807569));
#13861 = ORIENTED_EDGE('',*,*,#13862,.F.);
#13862 = EDGE_CURVE('',#13804,#13850,#13863,.T.);
#13863 = B_SPLINE_CURVE_WITH_KNOTS('',4,(#13864,#13865,#13866,#13867,
    #13868),.UNSPECIFIED.,.F.,.F.,(5,5),(0.,1.),
  .PIECEWISE_BEZIER_KNOTS.);
#13864 = CARTESIAN_POINT('',(9.79422863406,-27.63893631214,
    18.732050807569));
#13865 = CARTESIAN_POINT('',(9.79422863406,-27.87812217835,
    17.98195334664));
#13866 = CARTESIAN_POINT('',(9.79422863406,-28.11772011089,
    17.231921583645));
#13867 = CARTESIAN_POINT('',(9.79422863406,-28.35772214,16.481954426147)
  );
#13868 = CARTESIAN_POINT('',(9.79422863406,-28.59812058167,
    15.732050807569));
#13869 = FACE_BOUND('',#13870,.T.);
#13870 = EDGE_LOOP('',(#13871,#13883,#13894,#13904,#13914,#13925));
#13871 = ORIENTED_EDGE('',*,*,#13872,.F.);
#13872 = EDGE_CURVE('',#13873,#13875,#13877,.T.);
#13873 = VERTEX_POINT('',#13874);
#13874 = CARTESIAN_POINT('',(3.598076211353,-29.62666039752,14.));
#13875 = VERTEX_POINT('',#13876);
#13876 = CARTESIAN_POINT('',(6.196152422707,-30.02637866419,12.5));
#13877 = B_SPLINE_CURVE_WITH_KNOTS('',4,(#13878,#13879,#13880,#13881,
    #13882),.UNSPECIFIED.,.F.,.F.,(5,5),(0.,1.),
  .PIECEWISE_BEZIER_KNOTS.);
#13878 = CARTESIAN_POINT('',(3.598076211353,-29.62666039752,14.));
#13879 = CARTESIAN_POINT('',(4.246024992175,-29.74276262863,
    13.625906596972));
#13880 = CARTESIAN_POINT('',(4.895002998484,-29.84928153793,
    13.251218970331));
#13881 = CARTESIAN_POINT('',(5.545078112605,-29.94443560674,
    12.8758979282));
#13882 = CARTESIAN_POINT('',(6.196152422707,-30.02637866419,12.5));
#13883 = ORIENTED_EDGE('',*,*,#13884,.T.);
#13884 = EDGE_CURVE('',#13873,#13885,#13887,.T.);
#13885 = VERTEX_POINT('',#13886);
#13886 = CARTESIAN_POINT('',(1.,-30.26683100616,12.5));
#13887 = B_SPLINE_CURVE_WITH_KNOTS('',5,(#13888,#13889,#13890,#13891,
    #13892,#13893),.UNSPECIFIED.,.F.,.F.,(6,6),(0.,1.),
  .PIECEWISE_BEZIER_KNOTS.);
#13888 = CARTESIAN_POINT('',(3.598076211353,-29.62666039752,14.));
#13889 = CARTESIAN_POINT('',(3.079287150111,-29.76020511503,
    13.700476995839));
#13890 = CARTESIAN_POINT('',(2.560176494761,-29.89166719264,
    13.400768319234));
#13891 = CARTESIAN_POINT('',(2.04064459359,-30.02036878897,
    13.10081643624));
#13892 = CARTESIAN_POINT('',(1.52060840854,-30.14564446239,
    12.800573404813));
#13893 = CARTESIAN_POINT('',(1.,-30.26683100616,12.5));
#13894 = ORIENTED_EDGE('',*,*,#13895,.T.);
#13895 = EDGE_CURVE('',#13885,#13896,#13898,.T.);
#13896 = VERTEX_POINT('',#13897);
#13897 = CARTESIAN_POINT('',(1.,-31.42402374415,9.5));
#13898 = B_SPLINE_CURVE_WITH_KNOTS('',4,(#13899,#13900,#13901,#13902,
    #13903),.UNSPECIFIED.,.F.,.F.,(5,5),(0.,1.),
  .PIECEWISE_BEZIER_KNOTS.);
#13899 = CARTESIAN_POINT('',(1.,-30.26683100616,12.5));
#13900 = CARTESIAN_POINT('',(1.,-30.55617423894,11.75000868972));
#13901 = CARTESIAN_POINT('',(1.,-30.84548798115,11.000011690105));
#13902 = CARTESIAN_POINT('',(1.,-31.13477138698,10.250008838961));
#13903 = CARTESIAN_POINT('',(1.,-31.42402374415,9.5));
#13904 = ORIENTED_EDGE('',*,*,#13905,.F.);
#13905 = EDGE_CURVE('',#13906,#13896,#13908,.T.);
#13906 = VERTEX_POINT('',#13907);
#13907 = CARTESIAN_POINT('',(3.598076211353,-31.89434368879,8.));
#13908 = B_SPLINE_CURVE_WITH_KNOTS('',4,(#13909,#13910,#13911,#13912,
    #13913),.UNSPECIFIED.,.F.,.F.,(5,5),(0.,1.),
  .PIECEWISE_BEZIER_KNOTS.);
#13909 = CARTESIAN_POINT('',(3.598076211353,-31.89434368879,8.));
#13910 = CARTESIAN_POINT('',(2.946586018101,-31.7960202879,
    8.376138038449));
#13911 = CARTESIAN_POINT('',(2.296365249599,-31.68369564219,
    8.751543174176));
#13912 = CARTESIAN_POINT('',(1.647522578549,-31.55913559626,
    9.126152664968));
#13913 = CARTESIAN_POINT('',(1.,-31.42402374415,9.5));
#13914 = ORIENTED_EDGE('',*,*,#13915,.F.);
#13915 = EDGE_CURVE('',#13916,#13906,#13918,.T.);
#13916 = VERTEX_POINT('',#13917);
#13917 = CARTESIAN_POINT('',(6.196152422707,-31.11038899975,9.5));
#13918 = B_SPLINE_CURVE_WITH_KNOTS('',5,(#13919,#13920,#13921,#13922,
    #13923,#13924),.UNSPECIFIED.,.F.,.F.,(6,6),(0.,1.),
  .PIECEWISE_BEZIER_KNOTS.);
#13919 = CARTESIAN_POINT('',(6.196152422707,-31.11038899975,9.5));
#13920 = CARTESIAN_POINT('',(5.677801623991,-31.27406174914,
    9.200730026827));
#13921 = CARTESIAN_POINT('',(5.158917161961,-31.43491811635,
    8.901151942995));
#13922 = CARTESIAN_POINT('',(4.639391317385,-31.59232963109,
    8.601203556779));
#13923 = CARTESIAN_POINT('',(4.119135086908,-31.74567787873,
    8.300833482065));
#13924 = CARTESIAN_POINT('',(3.598076211353,-31.89434368879,8.));
#13925 = ORIENTED_EDGE('',*,*,#13926,.F.);
#13926 = EDGE_CURVE('',#13875,#13916,#13927,.T.);
#13927 = B_SPLINE_CURVE_WITH_KNOTS('',4,(#13928,#13929,#13930,#13931,
    #13932),.UNSPECIFIED.,.F.,.F.,(5,5),(0.,1.),
  .PIECEWISE_BEZIER_KNOTS.);
#13928 = CARTESIAN_POINT('',(6.196152422707,-30.02637866419,12.5));
#13929 = CARTESIAN_POINT('',(6.196152422707,-30.29727399342,
    11.749980625312));
#13930 = CARTESIAN_POINT('',(6.196152422707,-30.56824187157,
    10.999974352329));
#13931 = CARTESIAN_POINT('',(6.196152422707,-30.8392807084,
    10.249980899471));
#13932 = CARTESIAN_POINT('',(6.196152422707,-31.11038899975,9.5));
#13933 = FACE_BOUND('',#13934,.T.);
#13934 = EDGE_LOOP('',(#13935,#13948,#13961,#13971,#13982,#13998));
#13935 = ORIENTED_EDGE('',*,*,#13936,.F.);
#13936 = EDGE_CURVE('',#13937,#13939,#13941,.T.);
#13937 = VERTEX_POINT('',#13938);
#13938 = CARTESIAN_POINT('',(10.79422863406,-29.03445460865,14.));
#13939 = VERTEX_POINT('',#13940);
#13940 = CARTESIAN_POINT('',(13.392304845413,-29.06112549689,12.5));
#13941 = B_SPLINE_CURVE_WITH_KNOTS('',5,(#13942,#13943,#13944,#13945,
    #13946,#13947),.UNSPECIFIED.,.F.,.F.,(6,6),(0.,1.),
  .PIECEWISE_BEZIER_KNOTS.);
#13942 = CARTESIAN_POINT('',(10.79422863406,-29.03445460865,14.));
#13943 = CARTESIAN_POINT('',(11.31354306911,-29.06119390599,
    13.70017367113));
#13944 = CARTESIAN_POINT('',(11.833162509507,-29.07801499495,
    13.400171247341));
#13945 = CARTESIAN_POINT('',(12.352962645544,-29.08414180351,
    13.100064498875));
#13946 = CARTESIAN_POINT('',(12.872758589303,-29.07877983947,
    12.799960170822));
#13947 = CARTESIAN_POINT('',(13.392304845413,-29.06112549689,12.5));
#13948 = ORIENTED_EDGE('',*,*,#13949,.T.);
#13949 = EDGE_CURVE('',#13937,#13950,#13952,.T.);
#13950 = VERTEX_POINT('',#13951);
#13951 = CARTESIAN_POINT('',(8.196152422707,-29.83274935552,12.5));
#13952 = B_SPLINE_CURVE_WITH_KNOTS('',4,(#13953,#13954,#13955,#13956,
    #13957,#13958,#13959,#13960),.UNSPECIFIED.,.F.,.F.,(5,3,5),(0.,
    0.535140946913,1.),.UNSPECIFIED.);
#13953 = CARTESIAN_POINT('',(10.79422863406,-29.03445460865,14.));
#13954 = CARTESIAN_POINT('',(10.446399499239,-29.13991252255,
    13.799180755379));
#13955 = CARTESIAN_POINT('',(10.098721667247,-29.24620412948,
    13.598448865488));
#13956 = CARTESIAN_POINT('',(9.751143678533,-29.35303780468,
    13.397774620139));
#13957 = CARTESIAN_POINT('',(9.101726998738,-29.55316964409,
    13.022833725243));
#13958 = CARTESIAN_POINT('',(8.799876469768,-29.64640270056,
    12.848560241087));
#13959 = CARTESIAN_POINT('',(8.498029056916,-29.73965412305,
    12.674288556023));
#13960 = CARTESIAN_POINT('',(8.196152422707,-29.83274935552,12.5));
#13961 = ORIENTED_EDGE('',*,*,#13962,.T.);
#13962 = EDGE_CURVE('',#13950,#13963,#13965,.T.);
#13963 = VERTEX_POINT('',#13964);
#13964 = CARTESIAN_POINT('',(8.196152422707,-30.85977838468,9.5));
#13965 = B_SPLINE_CURVE_WITH_KNOTS('',4,(#13966,#13967,#13968,#13969,
    #13970),.UNSPECIFIED.,.F.,.F.,(5,5),(0.,1.),
  .PIECEWISE_BEZIER_KNOTS.);
#13966 = CARTESIAN_POINT('',(8.196152422707,-29.83274935552,12.5));
#13967 = CARTESIAN_POINT('',(8.196152422707,-30.08917276507,
    11.749942881625));
#13968 = CARTESIAN_POINT('',(8.196152422707,-30.34582190146,
    10.999924347787));
#13969 = CARTESIAN_POINT('',(8.196152422707,-30.60269196519,
    10.249943631943));
#13970 = CARTESIAN_POINT('',(8.196152422707,-30.85977838468,9.5));
#13971 = ORIENTED_EDGE('',*,*,#13972,.T.);
#13972 = EDGE_CURVE('',#13963,#13973,#13975,.T.);
#13973 = VERTEX_POINT('',#13974);
#13974 = CARTESIAN_POINT('',(10.79422863406,-30.88959437125,8.));
#13975 = B_SPLINE_CURVE_WITH_KNOTS('',5,(#13976,#13977,#13978,#13979,
    #13980,#13981),.UNSPECIFIED.,.F.,.F.,(6,6),(0.,1.),
  .PIECEWISE_BEZIER_KNOTS.);
#13976 = CARTESIAN_POINT('',(8.196152422707,-30.85977838468,9.5));
#13977 = CARTESIAN_POINT('',(8.715432116967,-30.88795149623,
    9.200193728734));
#13978 = CARTESIAN_POINT('',(9.235047141485,-30.90578335539,
    8.900193854454));
#13979 = CARTESIAN_POINT('',(9.754860466701,-30.91251912373,
    8.600079491212));
#13980 = CARTESIAN_POINT('',(10.274674020972,-30.90738400647,
    8.299964995725));
#13981 = CARTESIAN_POINT('',(10.79422863406,-30.88959437125,8.));
#13982 = ORIENTED_EDGE('',*,*,#13983,.F.);
#13983 = EDGE_CURVE('',#13984,#13973,#13986,.T.);
#13984 = VERTEX_POINT('',#13985);
#13985 = CARTESIAN_POINT('',(13.392304845413,-29.85859130001,9.5));
#13986 = B_SPLINE_CURVE_WITH_KNOTS('',4,(#13987,#13988,#13989,#13990,
    #13991,#13992,#13993,#13994,#13995,#13996,#13997),.UNSPECIFIED.,.F.,
  .F.,(5,3,3,5),(0.,0.393948148181,0.643313791769,1.),.UNSPECIFIED.);
#13987 = CARTESIAN_POINT('',(13.392304845413,-29.85859130001,9.5));
#13988 = CARTESIAN_POINT('',(13.136452556357,-29.96023084705,
    9.35228361204));
#13989 = CARTESIAN_POINT('',(12.880636804514,-30.06202482064,
    9.204588318851));
#13990 = CARTESIAN_POINT('',(12.624831471003,-30.16386348528,
    9.056899040689));
#13991 = CARTESIAN_POINT('',(12.20707978952,-30.33006707335,
    8.81570999493));
#13992 = CARTESIAN_POINT('',(12.045142205519,-30.3944679702,
    8.722215287215));
#13993 = CARTESIAN_POINT('',(11.883192427031,-30.458818232,
    8.628713539009));
#13994 = CARTESIAN_POINT('',(11.489549314495,-30.61502749954,
    8.401443582022));
#13995 = CARTESIAN_POINT('',(11.257836822145,-30.70680646587,
    8.26766431219));
#13996 = CARTESIAN_POINT('',(11.026068898599,-30.79835316013,
    8.133853039141));
#13997 = CARTESIAN_POINT('',(10.79422863406,-30.88959437125,8.));
#13998 = ORIENTED_EDGE('',*,*,#13999,.F.);
#13999 = EDGE_CURVE('',#13939,#13984,#14000,.T.);
#14000 = B_SPLINE_CURVE_WITH_KNOTS('',4,(#14001,#14002,#14003,#14004,
    #14005),.UNSPECIFIED.,.F.,.F.,(5,5),(0.,1.),
  .PIECEWISE_BEZIER_KNOTS.);
#14001 = CARTESIAN_POINT('',(13.392304845413,-29.06112549689,12.5));
#14002 = CARTESIAN_POINT('',(13.392304845413,-29.25934359912,
    11.749847677101));
#14003 = CARTESIAN_POINT('',(13.392304845413,-29.45833336546,
    10.999797304922));
#14004 = CARTESIAN_POINT('',(13.392304845413,-29.6580856725,
    10.249848294175));
#14005 = CARTESIAN_POINT('',(13.392304845413,-29.85859130001,9.5));
#14006 = FACE_BOUND('',#14007,.T.);
#14007 = EDGE_LOOP('',(#14008,#14020,#14033,#14044,#14054,#14067));
#14008 = ORIENTED_EDGE('',*,*,#14009,.F.);
#14009 = EDGE_CURVE('',#14010,#14012,#14014,.T.);
#14010 = VERTEX_POINT('',#14011);
#14011 = CARTESIAN_POINT('',(-8.196152422707,-29.76879389938,12.5));
#14012 = VERTEX_POINT('',#14013);
#14013 = CARTESIAN_POINT('',(-8.196152422707,-30.79739019604,9.5));
#14014 = B_SPLINE_CURVE_WITH_KNOTS('',4,(#14015,#14016,#14017,#14018,
    #14019),.UNSPECIFIED.,.F.,.F.,(5,5),(0.,1.),
  .PIECEWISE_BEZIER_KNOTS.);
#14015 = CARTESIAN_POINT('',(-8.196152422707,-29.76879389938,12.5));
#14016 = CARTESIAN_POINT('',(-8.196152422707,-30.02446860378,
    11.749747769944));
#14017 = CARTESIAN_POINT('',(-8.196152422707,-30.28114918853,
    10.999666929613));
#14018 = CARTESIAN_POINT('',(-8.196152422707,-30.53880073043,
    10.249752595414));
#14019 = CARTESIAN_POINT('',(-8.196152422707,-30.79739019604,9.5));
#14020 = ORIENTED_EDGE('',*,*,#14021,.T.);
#14021 = EDGE_CURVE('',#14010,#14022,#14024,.T.);
#14022 = VERTEX_POINT('',#14023);
#14023 = CARTESIAN_POINT('',(-10.79422863406,-28.95367250484,14.));
#14024 = B_SPLINE_CURVE_WITH_KNOTS('',4,(#14025,#14026,#14027,#14028,
    #14029,#14030,#14031,#14032),.UNSPECIFIED.,.F.,.F.,(5,3,5),(0.,
    0.378796108325,1.),.UNSPECIFIED.);
#14025 = CARTESIAN_POINT('',(-8.196152422707,-29.76879389938,12.5));
#14026 = CARTESIAN_POINT('',(-8.44210289483,-29.69114715712,
    12.641999571288));
#14027 = CARTESIAN_POINT('',(-8.688040839553,-29.61343545263,
    12.783991909878));
#14028 = CARTESIAN_POINT('',(-8.933985221348,-29.53575875724,
    12.925987964912));
#14029 = CARTESIAN_POINT('',(-9.583332831365,-29.33106207237,
    13.300888982353));
#14030 = CARTESIAN_POINT('',(-9.986779752394,-29.20427600491,
    13.533819170814));
#14031 = CARTESIAN_POINT('',(-10.3903828657,-29.07831786278,
    13.76683953693));
#14032 = CARTESIAN_POINT('',(-10.79422863406,-28.95367250484,14.));
#14033 = ORIENTED_EDGE('',*,*,#14034,.T.);
#14034 = EDGE_CURVE('',#14022,#14035,#14037,.T.);
#14035 = VERTEX_POINT('',#14036);
#14036 = CARTESIAN_POINT('',(-13.39230484541,-28.95505681914,12.5));
#14037 = B_SPLINE_CURVE_WITH_KNOTS('',5,(#14038,#14039,#14040,#14041,
    #14042,#14043),.UNSPECIFIED.,.F.,.F.,(6,6),(0.,1.),
  .PIECEWISE_BEZIER_KNOTS.);
#14038 = CARTESIAN_POINT('',(-10.79422863406,-28.95367250484,14.));
#14039 = CARTESIAN_POINT('',(-11.31366844974,-28.97531803162,
    13.700101282589));
#14040 = CARTESIAN_POINT('',(-11.83335528287,-28.98702978758,
    13.400059949582));
#14041 = CARTESIAN_POINT('',(-12.3531588374,-28.98806514418,
    13.099951227453));
#14042 = CARTESIAN_POINT('',(-12.87289079687,-28.9776638553,
    12.799883840744));
#14043 = CARTESIAN_POINT('',(-13.39230484541,-28.95505681914,12.5));
#14044 = ORIENTED_EDGE('',*,*,#14045,.T.);
#14045 = EDGE_CURVE('',#14035,#14046,#14048,.T.);
#14046 = VERTEX_POINT('',#14047);
#14047 = CARTESIAN_POINT('',(-13.39230484541,-29.75413612317,9.5));
#14048 = B_SPLINE_CURVE_WITH_KNOTS('',4,(#14049,#14050,#14051,#14052,
    #14053),.UNSPECIFIED.,.F.,.F.,(5,5),(0.,1.),
  .PIECEWISE_BEZIER_KNOTS.);
#14049 = CARTESIAN_POINT('',(-13.39230484541,-28.95505681914,12.5));
#14050 = CARTESIAN_POINT('',(-13.39230484541,-29.1517310074,
    11.74958994682));
#14051 = CARTESIAN_POINT('',(-13.39230484541,-29.35049730806,
    10.999454050668));
#14052 = CARTESIAN_POINT('',(-13.39230484541,-29.55131345575,
    10.249591297086));
#14053 = CARTESIAN_POINT('',(-13.39230484541,-29.75413612317,9.5));
#14054 = ORIENTED_EDGE('',*,*,#14055,.F.);
#14055 = EDGE_CURVE('',#14056,#14046,#14058,.T.);
#14056 = VERTEX_POINT('',#14057);
#14057 = CARTESIAN_POINT('',(-10.79422863406,-30.8120943274,8.));
#14058 = B_SPLINE_CURVE_WITH_KNOTS('',4,(#14059,#14060,#14061,#14062,
    #14063,#14064,#14065,#14066),.UNSPECIFIED.,.F.,.F.,(5,3,5),(0.,
    0.489226718577,1.),.UNSPECIFIED.);
#14059 = CARTESIAN_POINT('',(-10.79422863406,-30.8120943274,8.));
#14060 = CARTESIAN_POINT('',(-11.11222697291,-30.68366389579,
    8.183596426542));
#14061 = CARTESIAN_POINT('',(-11.4300812667,-30.55464085973,
    8.36710968862));
#14062 = CARTESIAN_POINT('',(-11.74783871968,-30.42522398625,
    8.550567039635));
#14063 = CARTESIAN_POINT('',(-12.39725484335,-30.16031191715,
    8.925507613457));
#14064 = CARTESIAN_POINT('',(-12.72890933121,-30.02480016389,
    9.116988421296));
#14065 = CARTESIAN_POINT('',(-13.06057209178,-29.88932406306,
    9.308474005396));
#14066 = CARTESIAN_POINT('',(-13.39230484541,-29.75413612317,9.5));
#14067 = ORIENTED_EDGE('',*,*,#14068,.F.);
#14068 = EDGE_CURVE('',#14012,#14056,#14069,.T.);
#14069 = B_SPLINE_CURVE_WITH_KNOTS('',5,(#14070,#14071,#14072,#14073,
    #14074,#14075),.UNSPECIFIED.,.F.,.F.,(6,6),(0.,1.),
  .PIECEWISE_BEZIER_KNOTS.);
#14070 = CARTESIAN_POINT('',(-8.196152422707,-30.79739019604,9.5));
#14071 = CARTESIAN_POINT('',(-8.71551760351,-30.82212965077,
    9.200144373056));
#14072 = CARTESIAN_POINT('',(-9.235172215209,-30.83669909407,
    8.900121643105));
#14073 = CARTESIAN_POINT('',(-9.754980524865,-30.84037780292,
    8.600010175599));
#14074 = CARTESIAN_POINT('',(-10.27474946885,-30.83242598153,
    8.299921435871));
#14075 = CARTESIAN_POINT('',(-10.79422863406,-30.8120943274,8.));
#14076 = FACE_BOUND('',#14077,.T.);
#14077 = EDGE_LOOP('',(#14078,#14091,#14101,#14111,#14122,#14132));
#14078 = ORIENTED_EDGE('',*,*,#14079,.F.);
#14079 = EDGE_CURVE('',#14080,#14082,#14084,.T.);
#14080 = VERTEX_POINT('',#14081);
#14081 = CARTESIAN_POINT('',(-3.598076211353,-29.59997624669,14.));
#14082 = VERTEX_POINT('',#14083);
#14083 = CARTESIAN_POINT('',(-1.,-30.25909433129,12.5));
#14084 = B_SPLINE_CURVE_WITH_KNOTS('',5,(#14085,#14086,#14087,#14088,
    #14089,#14090),.UNSPECIFIED.,.F.,.F.,(6,6),(0.,1.),
  .PIECEWISE_BEZIER_KNOTS.);
#14085 = CARTESIAN_POINT('',(-3.598076211353,-29.59997624669,14.));
#14086 = CARTESIAN_POINT('',(-3.079267852898,-29.73703250996,
    13.700465854588));
#14087 = CARTESIAN_POINT('',(-2.560157495446,-29.87218290672,
    13.400757349974));
#14088 = CARTESIAN_POINT('',(-2.040635249135,-30.00471085458,
    13.100811041216));
#14089 = CARTESIAN_POINT('',(-1.520608461717,-30.13391426212,
    12.800573435515));
#14090 = CARTESIAN_POINT('',(-1.,-30.25909433129,12.5));
#14091 = ORIENTED_EDGE('',*,*,#14092,.T.);
#14092 = EDGE_CURVE('',#14080,#14093,#14095,.T.);
#14093 = VERTEX_POINT('',#14094);
#14094 = CARTESIAN_POINT('',(-6.196152422707,-29.97820988267,12.5));
#14095 = B_SPLINE_CURVE_WITH_KNOTS('',4,(#14096,#14097,#14098,#14099,
    #14100),.UNSPECIFIED.,.F.,.F.,(5,5),(0.,1.),
  .PIECEWISE_BEZIER_KNOTS.);
#14096 = CARTESIAN_POINT('',(-3.598076211353,-29.59997624669,14.));
#14097 = CARTESIAN_POINT('',(-4.246092560295,-29.71083717542,
    13.625867586499));
#14098 = CARTESIAN_POINT('',(-4.895106342716,-29.81197096222,
    13.251159304511));
#14099 = CARTESIAN_POINT('',(-5.545163758208,-29.90168184067,
    12.875848480688));
#14100 = CARTESIAN_POINT('',(-6.196152422707,-29.97820988267,12.5));
#14101 = ORIENTED_EDGE('',*,*,#14102,.T.);
#14102 = EDGE_CURVE('',#14093,#14103,#14105,.T.);
#14103 = VERTEX_POINT('',#14104);
#14104 = CARTESIAN_POINT('',(-6.196152422707,-31.06350872565,9.5));
#14105 = B_SPLINE_CURVE_WITH_KNOTS('',4,(#14106,#14107,#14108,#14109,
    #14110),.UNSPECIFIED.,.F.,.F.,(5,5),(0.,1.),
  .PIECEWISE_BEZIER_KNOTS.);
#14106 = CARTESIAN_POINT('',(-6.196152422707,-29.97820988267,12.5));
#14107 = CARTESIAN_POINT('',(-6.196152422707,-30.24857558725,
    11.749826759429));
#14108 = CARTESIAN_POINT('',(-6.196152422707,-30.5195975836,
    10.999771779733));
#14109 = CARTESIAN_POINT('',(-6.196152422707,-30.79124999452,
    10.249830854609));
#14110 = CARTESIAN_POINT('',(-6.196152422707,-31.06350872565,9.5));
#14111 = ORIENTED_EDGE('',*,*,#14112,.F.);
#14112 = EDGE_CURVE('',#14113,#14103,#14115,.T.);
#14113 = VERTEX_POINT('',#14114);
#14114 = CARTESIAN_POINT('',(-3.598076211353,-31.86916869588,8.));
#14115 = B_SPLINE_CURVE_WITH_KNOTS('',5,(#14116,#14117,#14118,#14119,
    #14120,#14121),.UNSPECIFIED.,.F.,.F.,(6,6),(0.,1.),
  .PIECEWISE_BEZIER_KNOTS.);
#14116 = CARTESIAN_POINT('',(-3.598076211353,-31.86916869588,8.));
#14117 = CARTESIAN_POINT('',(-4.119206748004,-31.71633493801,
    8.300874855618));
#14118 = CARTESIAN_POINT('',(-4.639491111898,-31.55869901199,
    8.601261173167));
#14119 = CARTESIAN_POINT('',(-5.159008614542,-31.39691327836,
    8.901204743168));
#14120 = CARTESIAN_POINT('',(-5.677856552951,-31.23162911045,
    9.200761740077));
#14121 = CARTESIAN_POINT('',(-6.196152422707,-31.06350872565,9.5));
#14122 = ORIENTED_EDGE('',*,*,#14123,.F.);
#14123 = EDGE_CURVE('',#14124,#14113,#14126,.T.);
#14124 = VERTEX_POINT('',#14125);
#14125 = CARTESIAN_POINT('',(-1.,-31.41651596626,9.5));
#14126 = B_SPLINE_CURVE_WITH_KNOTS('',4,(#14127,#14128,#14129,#14130,
    #14131),.UNSPECIFIED.,.F.,.F.,(5,5),(0.,1.),
  .PIECEWISE_BEZIER_KNOTS.);
#14127 = CARTESIAN_POINT('',(-1.,-31.41651596626,9.5));
#14128 = CARTESIAN_POINT('',(-1.647631581683,-31.54688511195,
    9.126089731979));
#14129 = CARTESIAN_POINT('',(-2.296517267556,-31.66686382999,
    8.751455406568));
#14130 = CARTESIAN_POINT('',(-2.946702228784,-31.77485102559,
    8.376070944179));
#14131 = CARTESIAN_POINT('',(-3.598076211353,-31.86916869588,8.));
#14132 = ORIENTED_EDGE('',*,*,#14133,.F.);
#14133 = EDGE_CURVE('',#14082,#14124,#14134,.T.);
#14134 = B_SPLINE_CURVE_WITH_KNOTS('',4,(#14135,#14136,#14137,#14138,
    #14139),.UNSPECIFIED.,.F.,.F.,(5,5),(0.,1.),
  .PIECEWISE_BEZIER_KNOTS.);
#14135 = CARTESIAN_POINT('',(-1.,-30.25909433129,12.5));
#14136 = CARTESIAN_POINT('',(-1.,-30.54835955212,11.749982606756));
#14137 = CARTESIAN_POINT('',(-1.,-30.83768817877,10.999977439044));
#14138 = CARTESIAN_POINT('',(-1.,-31.12707516633,10.249983528324));
#14139 = CARTESIAN_POINT('',(-1.,-31.41651596626,9.5));
#14140 = FACE_BOUND('',#14141,.T.);
#14141 = EDGE_LOOP('',(#14142,#14154,#14165,#14176,#14186,#14197));
#14142 = ORIENTED_EDGE('',*,*,#14143,.F.);
#14143 = EDGE_CURVE('',#14144,#14146,#14148,.T.);
#14144 = VERTEX_POINT('',#14145);
#14145 = CARTESIAN_POINT('',(-4.598076211353,-32.43463106055,
    6.267949192431));
#14146 = VERTEX_POINT('',#14147);
#14147 = CARTESIAN_POINT('',(-4.598076211353,-33.56332284803,
    3.267949192431));
#14148 = B_SPLINE_CURVE_WITH_KNOTS('',4,(#14149,#14150,#14151,#14152,
    #14153),.UNSPECIFIED.,.F.,.F.,(5,5),(0.,1.),
  .PIECEWISE_BEZIER_KNOTS.);
#14149 = CARTESIAN_POINT('',(-4.598076211353,-32.43463106055,
    6.267949192431));
#14150 = CARTESIAN_POINT('',(-4.598076211353,-32.7162915315,
    5.517852856213));
#14151 = CARTESIAN_POINT('',(-4.598076211353,-32.99830386341,
    4.767822578499));
#14152 = CARTESIAN_POINT('',(-4.598076211353,-33.28065243371,
    4.01785555809));
#14153 = CARTESIAN_POINT('',(-4.598076211353,-33.56332284803,
    3.267949192431));
#14154 = ORIENTED_EDGE('',*,*,#14155,.T.);
#14155 = EDGE_CURVE('',#14144,#14156,#14158,.T.);
#14156 = VERTEX_POINT('',#14157);
#14157 = CARTESIAN_POINT('',(-7.196152422707,-31.55555822715,
    7.767949192431));
#14158 = B_SPLINE_CURVE_WITH_KNOTS('',5,(#14159,#14160,#14161,#14162,
    #14163,#14164),.UNSPECIFIED.,.F.,.F.,(6,6),(0.,1.),
  .PIECEWISE_BEZIER_KNOTS.);
#14159 = CARTESIAN_POINT('',(-4.598076211353,-32.43463106055,
    6.267949192431));
#14160 = CARTESIAN_POINT('',(-5.11947934198,-32.26778983192,
    6.568981430255));
#14161 = CARTESIAN_POINT('',(-5.639898370428,-32.09582880616,
    6.86944549642));
#14162 = CARTESIAN_POINT('',(-6.159413854204,-31.91938140838,
    7.169387900827));
#14163 = CARTESIAN_POINT('',(-6.678125051301,-31.73907801702,
    7.468865950102));
#14164 = CARTESIAN_POINT('',(-7.196152422707,-31.55555822715,
    7.767949192431));
#14165 = ORIENTED_EDGE('',*,*,#14166,.T.);
#14166 = EDGE_CURVE('',#14156,#14167,#14169,.T.);
#14167 = VERTEX_POINT('',#14168);
#14168 = CARTESIAN_POINT('',(-9.79422863406,-31.59519561267,
    6.267949192431));
#14169 = B_SPLINE_CURVE_WITH_KNOTS('',5,(#14170,#14171,#14172,#14173,
    #14174,#14175),.UNSPECIFIED.,.F.,.F.,(6,6),(0.,1.),
  .PIECEWISE_BEZIER_KNOTS.);
#14170 = CARTESIAN_POINT('',(-7.196152422707,-31.55555822715,
    7.767949192431));
#14171 = CARTESIAN_POINT('',(-7.715389800254,-31.58536343477,
    7.468167352731));
#14172 = CARTESIAN_POINT('',(-8.234978055151,-31.60494676354,
    7.168182933898));
#14173 = CARTESIAN_POINT('',(-8.75478340678,-31.61360024978,
    6.868073174209));
#14174 = CARTESIAN_POINT('',(-9.274615758413,-31.61059595848,
    6.56794782606));
#14175 = CARTESIAN_POINT('',(-9.79422863406,-31.59519561267,
    6.267949192431));
#14176 = ORIENTED_EDGE('',*,*,#14177,.T.);
#14177 = EDGE_CURVE('',#14167,#14178,#14180,.T.);
#14178 = VERTEX_POINT('',#14179);
#14179 = CARTESIAN_POINT('',(-9.79422863406,-32.59788006157,
    3.267949192431));
#14180 = B_SPLINE_CURVE_WITH_KNOTS('',4,(#14181,#14182,#14183,#14184,
    #14185),.UNSPECIFIED.,.F.,.F.,(5,5),(0.,1.),
  .PIECEWISE_BEZIER_KNOTS.);
#14181 = CARTESIAN_POINT('',(-9.79422863406,-31.59519561267,
    6.267949192431));
#14182 = CARTESIAN_POINT('',(-9.79422863406,-31.84415894638,
    5.517664497847));
#14183 = CARTESIAN_POINT('',(-9.79422863406,-32.09428557997,
    4.767572804795));
#14184 = CARTESIAN_POINT('',(-9.79422863406,-32.34553791463,
    4.017669298895));
#14185 = CARTESIAN_POINT('',(-9.79422863406,-32.59788006157,
    3.267949192431));
#14186 = ORIENTED_EDGE('',*,*,#14187,.F.);
#14187 = EDGE_CURVE('',#14188,#14178,#14190,.T.);
#14188 = VERTEX_POINT('',#14189);
#14189 = CARTESIAN_POINT('',(-7.196152422707,-33.71247568612,
    1.767949192431));
#14190 = B_SPLINE_CURVE_WITH_KNOTS('',5,(#14191,#14192,#14193,#14194,
    #14195,#14196),.UNSPECIFIED.,.F.,.F.,(6,6),(0.,1.),
  .PIECEWISE_BEZIER_KNOTS.);
#14191 = CARTESIAN_POINT('',(-7.196152422707,-33.71247568612,
    1.767949192431));
#14192 = CARTESIAN_POINT('',(-7.71852388246,-33.50046481069,
    2.069540495337));
#14193 = CARTESIAN_POINT('',(-8.239425466544,-33.28242253875,
    2.370283165129));
#14194 = CARTESIAN_POINT('',(-8.75893873299,-33.05892956311,
    2.670224289359));
#14195 = CARTESIAN_POINT('',(-9.27716507711,-32.83055749567,
    2.969422408638));
#14196 = CARTESIAN_POINT('',(-9.79422863406,-32.59788006157,
    3.267949192431));
#14197 = ORIENTED_EDGE('',*,*,#14198,.F.);
#14198 = EDGE_CURVE('',#14146,#14188,#14199,.T.);
#14199 = B_SPLINE_CURVE_WITH_KNOTS('',5,(#14200,#14201,#14202,#14203,
    #14204,#14205),.UNSPECIFIED.,.F.,.F.,(6,6),(0.,1.),
  .PIECEWISE_BEZIER_KNOTS.);
#14200 = CARTESIAN_POINT('',(-4.598076211353,-33.56332284803,
    3.267949192431));
#14201 = CARTESIAN_POINT('',(-5.116755532939,-33.61510338882,
    2.96848954649));
#14202 = CARTESIAN_POINT('',(-5.636050558186,-33.65658777985,
    2.668674423875));
#14203 = CARTESIAN_POINT('',(-6.155839764312,-33.68710775886,
    2.368573985796));
#14204 = CARTESIAN_POINT('',(-6.675949242147,-33.70597220182,
    2.06828863876));
#14205 = CARTESIAN_POINT('',(-7.196152422707,-33.71247568612,
    1.767949192431));
#14206 = FACE_BOUND('',#14207,.T.);
#14207 = EDGE_LOOP('',(#14208,#14220,#14230,#14240,#14250,#14260));
#14208 = ORIENTED_EDGE('',*,*,#14209,.F.);
#14209 = EDGE_CURVE('',#14210,#14212,#14214,.T.);
#14210 = VERTEX_POINT('',#14211);
#14211 = CARTESIAN_POINT('',(2.598076211353,-32.61281993071,
    6.267949192431));
#14212 = VERTEX_POINT('',#14213);
#14213 = CARTESIAN_POINT('',(2.598076211353,-33.75748185923,
    3.267949192431));
#14214 = B_SPLINE_CURVE_WITH_KNOTS('',4,(#14215,#14216,#14217,#14218,
    #14219),.UNSPECIFIED.,.F.,.F.,(5,5),(0.,1.),
  .PIECEWISE_BEZIER_KNOTS.);
#14215 = CARTESIAN_POINT('',(2.598076211353,-32.61281993071,
    6.267949192431));
#14216 = CARTESIAN_POINT('',(2.598076211353,-32.8990548758,5.51796244579
    ));
#14217 = CARTESIAN_POINT('',(2.598076211353,-33.18524313054,
    4.767966789199));
#14218 = CARTESIAN_POINT('',(2.598076211353,-33.47138527001,
    4.017962334749));
#14219 = CARTESIAN_POINT('',(2.598076211353,-33.75748185923,
    3.267949192431));
#14220 = ORIENTED_EDGE('',*,*,#14221,.T.);
#14221 = EDGE_CURVE('',#14210,#14222,#14224,.T.);
#14222 = VERTEX_POINT('',#14223);
#14223 = CARTESIAN_POINT('',(0.,-32.09845009435,7.767949192431));
#14224 = B_SPLINE_CURVE_WITH_KNOTS('',4,(#14225,#14226,#14227,#14228,
    #14229),.UNSPECIFIED.,.F.,.F.,(5,5),(0.,1.),
  .PIECEWISE_BEZIER_KNOTS.);
#14225 = CARTESIAN_POINT('',(2.598076211353,-32.61281993071,
    6.267949192431));
#14226 = CARTESIAN_POINT('',(1.946340637064,-32.50395216048,
    6.644228901688));
#14227 = CARTESIAN_POINT('',(1.296038714452,-32.38079589764,
    7.019680891762));
#14228 = CARTESIAN_POINT('',(0.647277873461,-32.24508150382,
    7.394243137948));
#14229 = CARTESIAN_POINT('',(0.,-32.09845009435,7.767949192431));
#14230 = ORIENTED_EDGE('',*,*,#14231,.T.);
#14231 = EDGE_CURVE('',#14222,#14232,#14234,.T.);
#14232 = VERTEX_POINT('',#14233);
#14233 = CARTESIAN_POINT('',(-2.598076211353,-32.59710538541,
    6.267949192431));
#14234 = B_SPLINE_CURVE_WITH_KNOTS('',4,(#14235,#14236,#14237,#14238,
    #14239),.UNSPECIFIED.,.F.,.F.,(5,5),(0.,1.),
  .PIECEWISE_BEZIER_KNOTS.);
#14235 = CARTESIAN_POINT('',(0.,-32.09845009435,7.767949192431));
#14236 = CARTESIAN_POINT('',(-0.647405023051,-32.24066320888,
    7.394169728098));
#14237 = CARTESIAN_POINT('',(-1.296212447842,-32.37222996775,
    7.019580586743));
#14238 = CARTESIAN_POINT('',(-1.94647094808,-32.49159111448,
    6.644153666587));
#14239 = CARTESIAN_POINT('',(-2.598076211353,-32.59710538541,
    6.267949192431));
#14240 = ORIENTED_EDGE('',*,*,#14241,.T.);
#14241 = EDGE_CURVE('',#14232,#14242,#14244,.T.);
#14242 = VERTEX_POINT('',#14243);
#14243 = CARTESIAN_POINT('',(-2.598076211353,-33.74800298139,
    3.267949192431));
#14244 = B_SPLINE_CURVE_WITH_KNOTS('',4,(#14245,#14246,#14247,#14248,
    #14249),.UNSPECIFIED.,.F.,.F.,(5,5),(0.,1.),
  .PIECEWISE_BEZIER_KNOTS.);
#14245 = CARTESIAN_POINT('',(-2.598076211353,-32.59710538541,
    6.267949192431));
#14246 = CARTESIAN_POINT('',(-2.598076211353,-32.88460675136,
    5.517906426379));
#14247 = CARTESIAN_POINT('',(-2.598076211353,-33.17226230941,
    4.767893210102));
#14248 = CARTESIAN_POINT('',(-2.598076211353,-33.46006361922,
    4.017907951355));
#14249 = CARTESIAN_POINT('',(-2.598076211353,-33.74800298139,
    3.267949192431));
#14250 = ORIENTED_EDGE('',*,*,#14251,.F.);
#14251 = EDGE_CURVE('',#14252,#14242,#14254,.T.);
#14252 = VERTEX_POINT('',#14253);
#14253 = CARTESIAN_POINT('',(1.E-15,-34.41690810419,1.767949192431));
#14254 = B_SPLINE_CURVE_WITH_KNOTS('',4,(#14255,#14256,#14257,#14258,
    #14259),.UNSPECIFIED.,.F.,.F.,(5,5),(0.,1.),
  .PIECEWISE_BEZIER_KNOTS.);
#14255 = CARTESIAN_POINT('',(7.6E-16,-34.41690810419,1.767949192431));
#14256 = CARTESIAN_POINT('',(-0.652612223464,-34.27063919362,
    2.144735035324));
#14257 = CARTESIAN_POINT('',(-1.303200157997,-34.10932901603,
    2.520352154459));
#14258 = CARTESIAN_POINT('',(-1.951667322523,-33.93460964493,
    2.894744846458));
#14259 = CARTESIAN_POINT('',(-2.598076211353,-33.74800298139,
    3.267949192431));
#14260 = ORIENTED_EDGE('',*,*,#14261,.F.);
#14261 = EDGE_CURVE('',#14212,#14252,#14262,.T.);
#14262 = B_SPLINE_CURVE_WITH_KNOTS('',4,(#14263,#14264,#14265,#14266,
    #14267),.UNSPECIFIED.,.F.,.F.,(5,5),(0.,1.),
  .PIECEWISE_BEZIER_KNOTS.);
#14263 = CARTESIAN_POINT('',(2.598076211353,-33.75748185923,
    3.267949192431));
#14264 = CARTESIAN_POINT('',(1.951481460413,-33.94084452437,
    2.894637538919));
#14265 = CARTESIAN_POINT('',(1.30295428222,-34.11284653777,
    2.520210198013));
#14266 = CARTESIAN_POINT('',(0.652433012474,-34.27204711942,
    2.144631567811));
#14267 = CARTESIAN_POINT('',(4.4E-16,-34.41690810419,1.767949192431));
#14268 = B_SPLINE_SURFACE_WITH_KNOTS('',8,1,(
    (#14269,#14270)
    ,(#14271,#14272)
    ,(#14273,#14274)
    ,(#14275,#14276)
    ,(#14277,#14278)
    ,(#14279,#14280)
    ,(#14281,#14282)
    ,(#14283,#14284)
    ,(#14285,#14286
    )),.UNSPECIFIED.,.F.,.F.,.F.,(9,9),(2,2),(2.,3.),(0.,22.),
  .PIECEWISE_BEZIER_KNOTS.);
#14269 = CARTESIAN_POINT('',(-20.521,-26.6,22.));
#14270 = CARTESIAN_POINT('',(-21.75621189608,-27.54409635353,0.));
#14271 = CARTESIAN_POINT('',(-15.268375,-26.6,22.));
#14272 = CARTESIAN_POINT('',(-17.152680679,-31.18028028723,0.));
#14273 = CARTESIAN_POINT('',(-10.01575,-26.6,22.));
#14274 = CARTESIAN_POINT('',(-11.85460383406,-33.93714698436,0.));
#14275 = CARTESIAN_POINT('',(-4.763125,-26.6,22.));
#14276 = CARTESIAN_POINT('',(-6.057937564573,-35.65992080775,0.));
#14277 = CARTESIAN_POINT('',(0.4895,-26.6,22.));
#14278 = CARTESIAN_POINT('',(4.0742E-13,-36.24622801384,0.));
#14279 = CARTESIAN_POINT('',(5.742125,-26.6,22.));
#14280 = CARTESIAN_POINT('',(6.057937564573,-35.65992080775,0.));
#14281 = CARTESIAN_POINT('',(10.99475,-26.6,22.));
#14282 = CARTESIAN_POINT('',(11.854603834062,-33.93714698436,0.));
#14283 = CARTESIAN_POINT('',(16.247375,-26.6,22.));
#14284 = CARTESIAN_POINT('',(17.152680679003,-31.18028028723,0.));
#14285 = CARTESIAN_POINT('',(21.5,-26.6,22.));
#14286 = CARTESIAN_POINT('',(21.756211896085,-27.54409635353,0.));
#14287 = ADVANCED_FACE('',(#14288),#14294,.T.);
#14288 = FACE_BOUND('',#14289,.T.);
#14289 = EDGE_LOOP('',(#14290,#14291,#14292,#14293));
#14290 = ORIENTED_EDGE('',*,*,#11124,.F.);
#14291 = ORIENTED_EDGE('',*,*,#11404,.F.);
#14292 = ORIENTED_EDGE('',*,*,#11480,.T.);
#14293 = ORIENTED_EDGE('',*,*,#12030,.F.);
#14294 = CYLINDRICAL_SURFACE('',#14295,4.);
#14295 = AXIS2_PLACEMENT_3D('',#14296,#14297,#14298);
#14296 = CARTESIAN_POINT('',(-9.5,18.75,26.));
#14297 = DIRECTION('',(0.,1.,4.4E-16));
#14298 = DIRECTION('',(0.,4.4E-16,-1.));
#14299 = ADVANCED_FACE('',(#14300),#14306,.T.);
#14300 = FACE_BOUND('',#14301,.F.);
#14301 = EDGE_LOOP('',(#14302,#14303,#14304,#14305));
#14302 = ORIENTED_EDGE('',*,*,#11171,.F.);
#14303 = ORIENTED_EDGE('',*,*,#11448,.T.);
#14304 = ORIENTED_EDGE('',*,*,#11504,.T.);
#14305 = ORIENTED_EDGE('',*,*,#11537,.F.);
#14306 = CYLINDRICAL_SURFACE('',#14307,4.);
#14307 = AXIS2_PLACEMENT_3D('',#14308,#14309,#14310);
#14308 = CARTESIAN_POINT('',(9.5,18.75,26.));
#14309 = DIRECTION('',(0.,1.,4.4E-16));
#14310 = DIRECTION('',(0.,4.4E-16,-1.));
#14311 = ADVANCED_FACE('',(#14312),#14323,.T.);
#14312 = FACE_BOUND('',#14313,.T.);
#14313 = EDGE_LOOP('',(#14314,#14321,#14322));
#14314 = ORIENTED_EDGE('',*,*,#14315,.T.);
#14315 = EDGE_CURVE('',#11291,#13179,#14316,.T.);
#14316 = CIRCLE('',#14317,12.976643471702);
#14317 = AXIS2_PLACEMENT_3D('',#14318,#14319,#14320);
#14318 = CARTESIAN_POINT('',(-33.16884091691,-4.56E-14,22.));
#14319 = DIRECTION('',(0.,0.,-1.));
#14320 = DIRECTION('',(1.,0.,0.));
#14321 = ORIENTED_EDGE('',*,*,#13202,.T.);
#14322 = ORIENTED_EDGE('',*,*,#11290,.T.);
#14323 = PLANE('',#14324);
#14324 = AXIS2_PLACEMENT_3D('',#14325,#14326,#14327);
#14325 = CARTESIAN_POINT('',(-2.419912013386,-11.09202993107,22.));
#14326 = DIRECTION('',(0.,0.,1.));
#14327 = DIRECTION('',(1.,0.,0.));
#14328 = ADVANCED_FACE('',(#14329),#14363,.T.);
#14329 = FACE_BOUND('',#14330,.T.);
#14330 = EDGE_LOOP('',(#14331,#14332,#14338,#14339,#14362));
#14331 = ORIENTED_EDGE('',*,*,#13333,.F.);
#14332 = ORIENTED_EDGE('',*,*,#14333,.T.);
#14333 = EDGE_CURVE('',#13181,#11291,#14334,.T.);
#14334 = LINE('',#14335,#14336);
#14335 = CARTESIAN_POINT('',(-35.99668617016,-12.66477662714,0.));
#14336 = VECTOR('',#14337,1.);
#14337 = DIRECTION('',(0.,0.,1.));
#14338 = ORIENTED_EDGE('',*,*,#11298,.T.);
#14339 = ORIENTED_EDGE('',*,*,#14340,.T.);
#14340 = EDGE_CURVE('',#11299,#11939,#14341,.T.);
#14341 = B_SPLINE_CURVE_WITH_KNOTS('',4,(#14342,#14343,#14344,#14345,
    #14346,#14347,#14348,#14349,#14350,#14351,#14352,#14353,#14354,
    #14355,#14356,#14357,#14358,#14359,#14360,#14361),.UNSPECIFIED.,.F.,
  .F.,(5,3,3,3,3,3,5),(0.,0.500454300875,0.750727645582,0.875876695896,
    0.935950280848,0.965987073325,1.),.UNSPECIFIED.);
#14342 = CARTESIAN_POINT('',(-35.10585761715,-12.66477662714,22.));
#14343 = CARTESIAN_POINT('',(-35.0019974799,-12.66477662714,
    20.899872454184));
#14344 = CARTESIAN_POINT('',(-34.89640658837,-12.66477662714,
    19.799826647653));
#14345 = CARTESIAN_POINT('',(-34.78902735716,-12.66477662714,
    18.699867344694));
#14346 = CARTESIAN_POINT('',(-34.62517185781,-12.66477662714,
    17.049964808648));
#14347 = CARTESIAN_POINT('',(-34.57008370306,-12.66477662714,
    16.499952614019));
#14348 = CARTESIAN_POINT('',(-34.51452477027,-12.66477662714,
    15.949964102147));
#14349 = CARTESIAN_POINT('',(-34.43046517603,-12.66477662714,
    15.124990755047));
#14350 = CARTESIAN_POINT('',(-34.40232370267,-12.66477662714,
    14.849987610694));
#14351 = CARTESIAN_POINT('',(-34.37406144666,-12.66477662714,
    14.574990662455));
#14352 = CARTESIAN_POINT('',(-34.33205254434,-12.66477662714,
    14.168000004973));
#14353 = CARTESIAN_POINT('',(-34.3183995028,-12.66477662714,
    14.036000005072));
#14354 = CARTESIAN_POINT('',(-34.3047181236,-12.66477662714,
    13.904000005172));
#14355 = CARTESIAN_POINT('',(-34.28415337,-12.66477662714,
    13.706000005322));
#14356 = CARTESIAN_POINT('',(-34.27729133799,-12.66477662714,
    13.640000005372));
#14357 = CARTESIAN_POINT('',(-34.270422177,-12.66477662714,
    13.574000005423));
#14358 = CARTESIAN_POINT('',(-34.25575931313,-12.66477662714,
    13.433263225218));
#14359 = CARTESIAN_POINT('',(-34.24796368839,-12.66477662714,
    13.358527352296));
#14360 = CARTESIAN_POINT('',(-34.24015880504,-12.66477662714,
    13.283790746762));
#14361 = CARTESIAN_POINT('',(-34.23234484934,-12.66477662714,
    13.209055396987));
#14362 = ORIENTED_EDGE('',*,*,#11938,.F.);
#14363 = PLANE('',#14364);
#14364 = AXIS2_PLACEMENT_3D('',#14365,#14366,#14367);
#14365 = CARTESIAN_POINT('',(-35.02939316168,-12.66477662715,
    15.677764387663));
#14366 = DIRECTION('',(2.498979E-11,1.,2.50612E-12));
#14367 = DIRECTION('',(1.,-2.498979E-11,0.));
#14368 = ADVANCED_FACE('',(#14369),#14386,.T.);
#14369 = FACE_BOUND('',#14370,.T.);
#14370 = EDGE_LOOP('',(#14371,#14383,#14384,#14385));
#14371 = ORIENTED_EDGE('',*,*,#14372,.F.);
#14372 = EDGE_CURVE('',#11299,#11947,#14373,.T.);
#14373 = B_SPLINE_CURVE_WITH_KNOTS('',8,(#14374,#14375,#14376,#14377,
    #14378,#14379,#14380,#14381,#14382),.UNSPECIFIED.,.F.,.F.,(9,9),(1.,
    2.),.PIECEWISE_BEZIER_KNOTS.);
#14374 = CARTESIAN_POINT('',(-35.121,-12.,22.));
#14375 = CARTESIAN_POINT('',(-35.12099999999,-14.8667032964,22.));
#14376 = CARTESIAN_POINT('',(-34.47771248116,-17.73340749516,22.));
#14377 = CARTESIAN_POINT('',(-33.19114376172,-20.43169322129,22.));
#14378 = CARTESIAN_POINT('',(-31.31417783438,-22.79317783438,22.));
#14379 = CARTESIAN_POINT('',(-28.95269322129,-24.67014376172,22.));
#14380 = CARTESIAN_POINT('',(-26.25440749516,-25.95671248116,22.));
#14381 = CARTESIAN_POINT('',(-23.3877032964,-26.6,22.));
#14382 = CARTESIAN_POINT('',(-20.521,-26.6,22.));
#14383 = ORIENTED_EDGE('',*,*,#11306,.T.);
#14384 = ORIENTED_EDGE('',*,*,#11996,.T.);
#14385 = ORIENTED_EDGE('',*,*,#11981,.F.);
#14386 = PLANE('',#14387);
#14387 = AXIS2_PLACEMENT_3D('',#14388,#14389,#14390);
#14388 = CARTESIAN_POINT('',(-0.485793457933,-3.911E-14,22.));
#14389 = DIRECTION('',(-0.,-0.,-1.));
#14390 = DIRECTION('',(-1.,0.,0.));
#14391 = ADVANCED_FACE('',(#14392),#14404,.T.);
#14392 = FACE_BOUND('',#14393,.T.);
#14393 = EDGE_LOOP('',(#14394,#14395,#14402,#14403));
#14394 = ORIENTED_EDGE('',*,*,#13441,.F.);
#14395 = ORIENTED_EDGE('',*,*,#14396,.T.);
#14396 = EDGE_CURVE('',#13434,#11640,#14397,.T.);
#14397 = CIRCLE('',#14398,4.);
#14398 = AXIS2_PLACEMENT_3D('',#14399,#14400,#14401);
#14399 = CARTESIAN_POINT('',(9.5,-19.75,26.));
#14400 = DIRECTION('',(0.,-1.,0.));
#14401 = DIRECTION('',(0.,0.,-1.));
#14402 = ORIENTED_EDGE('',*,*,#11639,.T.);
#14403 = ORIENTED_EDGE('',*,*,#11624,.F.);
#14404 = CYLINDRICAL_SURFACE('',#14405,4.);
#14405 = AXIS2_PLACEMENT_3D('',#14406,#14407,#14408);
#14406 = CARTESIAN_POINT('',(9.5,-18.75,26.));
#14407 = DIRECTION('',(0.,-1.,0.));
#14408 = DIRECTION('',(0.,0.,-1.));
#14409 = ADVANCED_FACE('',(#14410),#14422,.T.);
#14410 = FACE_BOUND('',#14411,.T.);
#14411 = EDGE_LOOP('',(#14412,#14419,#14420,#14421));
#14412 = ORIENTED_EDGE('',*,*,#14413,.F.);
#14413 = EDGE_CURVE('',#11716,#13434,#14414,.T.);
#14414 = CIRCLE('',#14415,1.);
#14415 = AXIS2_PLACEMENT_3D('',#14416,#14417,#14418);
#14416 = CARTESIAN_POINT('',(9.5,-19.75,23.));
#14417 = DIRECTION('',(-1.,0.,0.));
#14418 = DIRECTION('',(0.,1.,0.));
#14419 = ORIENTED_EDGE('',*,*,#11723,.T.);
#14420 = ORIENTED_EDGE('',*,*,#11663,.T.);
#14421 = ORIENTED_EDGE('',*,*,#14396,.F.);
#14422 = TOROIDAL_SURFACE('',#14423,3.,1.);
#14423 = AXIS2_PLACEMENT_3D('',#14424,#14425,#14426);
#14424 = CARTESIAN_POINT('',(9.5,-19.75,26.));
#14425 = DIRECTION('',(0.,-1.,0.));
#14426 = DIRECTION('',(0.,0.,-1.));
#14427 = ADVANCED_FACE('',(#14428),#14440,.T.);
#14428 = FACE_BOUND('',#14429,.F.);
#14429 = EDGE_LOOP('',(#14430,#14437,#14438,#14439));
#14430 = ORIENTED_EDGE('',*,*,#14431,.T.);
#14431 = EDGE_CURVE('',#11707,#13432,#14432,.T.);
#14432 = CIRCLE('',#14433,1.);
#14433 = AXIS2_PLACEMENT_3D('',#14434,#14435,#14436);
#14434 = CARTESIAN_POINT('',(-9.5,-19.75,23.));
#14435 = DIRECTION('',(-1.,0.,6.E-17));
#14436 = DIRECTION('',(-6.E-17,0.,-1.));
#14437 = ORIENTED_EDGE('',*,*,#13431,.T.);
#14438 = ORIENTED_EDGE('',*,*,#14413,.F.);
#14439 = ORIENTED_EDGE('',*,*,#11715,.F.);
#14440 = CYLINDRICAL_SURFACE('',#14441,1.);
#14441 = AXIS2_PLACEMENT_3D('',#14442,#14443,#14444);
#14442 = CARTESIAN_POINT('',(-9.5,-19.75,23.));
#14443 = DIRECTION('',(1.,0.,0.));
#14444 = DIRECTION('',(0.,1.,0.));
#14445 = ADVANCED_FACE('',(#14446),#14458,.T.);
#14446 = FACE_BOUND('',#14447,.T.);
#14447 = EDGE_LOOP('',(#14448,#14449,#14450,#14451));
#14448 = ORIENTED_EDGE('',*,*,#11748,.F.);
#14449 = ORIENTED_EDGE('',*,*,#11706,.T.);
#14450 = ORIENTED_EDGE('',*,*,#14431,.T.);
#14451 = ORIENTED_EDGE('',*,*,#14452,.F.);
#14452 = EDGE_CURVE('',#11741,#13432,#14453,.T.);
#14453 = CIRCLE('',#14454,4.);
#14454 = AXIS2_PLACEMENT_3D('',#14455,#14456,#14457);
#14455 = CARTESIAN_POINT('',(-9.5,-19.75,26.));
#14456 = DIRECTION('',(0.,-1.,0.));
#14457 = DIRECTION('',(-1.,0.,0.));
#14458 = TOROIDAL_SURFACE('',#14459,3.,1.);
#14459 = AXIS2_PLACEMENT_3D('',#14460,#14461,#14462);
#14460 = CARTESIAN_POINT('',(-9.5,-19.75,26.));
#14461 = DIRECTION('',(0.,-1.,0.));
#14462 = DIRECTION('',(-1.,0.,0.));
#14463 = ADVANCED_FACE('',(#14464),#14470,.T.);
#14464 = FACE_BOUND('',#14465,.F.);
#14465 = EDGE_LOOP('',(#14466,#14467,#14468,#14469));
#14466 = ORIENTED_EDGE('',*,*,#13523,.F.);
#14467 = ORIENTED_EDGE('',*,*,#14452,.F.);
#14468 = ORIENTED_EDGE('',*,*,#11764,.T.);
#14469 = ORIENTED_EDGE('',*,*,#11789,.F.);
#14470 = CYLINDRICAL_SURFACE('',#14471,4.);
#14471 = AXIS2_PLACEMENT_3D('',#14472,#14473,#14474);
#14472 = CARTESIAN_POINT('',(-9.5,-18.75,26.));
#14473 = DIRECTION('',(0.,-1.,0.));
#14474 = DIRECTION('',(0.,0.,-1.));
#14475 = ADVANCED_FACE('',(#14476),#14551,.F.);
#14476 = FACE_BOUND('',#14477,.F.);
#14477 = EDGE_LOOP('',(#14478,#14479,#14480,#14507));
#14478 = ORIENTED_EDGE('',*,*,#13480,.T.);
#14479 = ORIENTED_EDGE('',*,*,#11865,.T.);
#14480 = ORIENTED_EDGE('',*,*,#14481,.F.);
#14481 = EDGE_CURVE('',#14482,#11866,#14484,.T.);
#14482 = VERTEX_POINT('',#14483);
#14483 = CARTESIAN_POINT('',(-27.36211568381,-21.98464521258,0.));
#14484 = B_SPLINE_CURVE_WITH_KNOTS('',6,(#14485,#14486,#14487,#14488,
    #14489,#14490,#14491,#14492,#14493,#14494,#14495,#14496,#14497,
    #14498,#14499,#14500,#14501,#14502,#14503,#14504,#14505,#14506),
  .UNSPECIFIED.,.F.,.F.,(7,5,5,5,7),(0.,0.236075971319,0.47189515679,
    0.736289708412,1.),.UNSPECIFIED.);
#14485 = CARTESIAN_POINT('',(-27.36211704236,-21.98464419689,0.));
#14486 = CARTESIAN_POINT('',(-27.45910638275,-21.86393113949,0.));
#14487 = CARTESIAN_POINT('',(-27.55081743921,-21.73430260774,0.));
#14488 = CARTESIAN_POINT('',(-27.63598436234,-21.5959816186,0.));
#14489 = CARTESIAN_POINT('',(-27.713288982,-21.44946992343,0.));
#14490 = CARTESIAN_POINT('',(-27.78147526524,-21.29562169126,0.));
#14491 = CARTESIAN_POINT('',(-27.89748102777,-20.97572707712,0.));
#14492 = CARTESIAN_POINT('',(-27.94532304151,-20.80969218056,0.));
#14493 = CARTESIAN_POINT('',(-27.98200462973,-20.63862931364,0.));
#14494 = CARTESIAN_POINT('',(-28.00671090363,-20.46397437459,0.));
#14495 = CARTESIAN_POINT('',(-28.01899882266,-20.28737131937,0.));
#14496 = CARTESIAN_POINT('',(-28.01862481744,-19.9121603522,0.));
#14497 = CARTESIAN_POINT('',(-28.00275927144,-19.7134755968,0.));
#14498 = CARTESIAN_POINT('',(-27.97115712935,-19.5167724901,0.));
#14499 = CARTESIAN_POINT('',(-27.9243794958,-19.32442483002,0.));
#14500 = CARTESIAN_POINT('',(-27.86359617072,-19.13849117208,0.));
#14501 = CARTESIAN_POINT('',(-27.717198431,-18.78310910202,0.));
#14502 = CARTESIAN_POINT('',(-27.63164792414,-18.61361620024,0.));
#14503 = CARTESIAN_POINT('',(-27.53513297512,-18.45367778953,0.));
#14504 = CARTESIAN_POINT('',(-27.42946925826,-18.30441673501,0.));
#14505 = CARTESIAN_POINT('',(-27.31652396269,-18.16640494673,0.));
#14506 = CARTESIAN_POINT('',(-27.19804050398,-18.03980832151,0.));
#14507 = ORIENTED_EDGE('',*,*,#14508,.F.);
#14508 = EDGE_CURVE('',#13467,#14482,#14509,.T.);
#14509 = B_SPLINE_CURVE_WITH_KNOTS('',14,(#14510,#14511,#14512,#14513,
    #14514,#14515,#14516,#14517,#14518,#14519,#14520,#14521,#14522,
    #14523,#14524,#14525,#14526,#14527,#14528,#14529,#14530,#14531,
    #14532,#14533,#14534,#14535,#14536,#14537,#14538,#14539,#14540,
    #14541,#14542,#14543,#14544,#14545,#14546,#14547,#14548,#14549,
    #14550),.UNSPECIFIED.,.F.,.F.,(15,13,13,15),(0.9032156609,
    1.739050897626,23.02974945627,24.255648491026),.UNSPECIFIED.);
#14510 = CARTESIAN_POINT('',(-29.41605363005,-23.91792781206,
    24.311386226367));
#14511 = CARTESIAN_POINT('',(-29.39969789438,-23.91713434957,
    24.224207865211));
#14512 = CARTESIAN_POINT('',(-29.38334215872,-23.91634088708,
    24.137029504054));
#14513 = CARTESIAN_POINT('',(-29.36698642306,-23.9155474246,
    24.049851142898));
#14514 = CARTESIAN_POINT('',(-29.35063068739,-23.91475396211,
    23.962672781741));
#14515 = CARTESIAN_POINT('',(-29.33427495173,-23.91396049962,
    23.875494420585));
#14516 = CARTESIAN_POINT('',(-29.31791921607,-23.91316703714,
    23.788316059429));
#14517 = CARTESIAN_POINT('',(-29.30156348041,-23.91237357465,
    23.701137698272));
#14518 = CARTESIAN_POINT('',(-29.28520774475,-23.91158011216,
    23.613959337116));
#14519 = CARTESIAN_POINT('',(-29.26885200908,-23.91078664968,
    23.52678097596));
#14520 = CARTESIAN_POINT('',(-29.25249627342,-23.90999318719,
    23.439602614804));
#14521 = CARTESIAN_POINT('',(-29.23614053776,-23.90919972471,
    23.352424253648));
#14522 = CARTESIAN_POINT('',(-29.2197848021,-23.90840626222,
    23.265245892492));
#14523 = CARTESIAN_POINT('',(-29.20342906643,-23.90761279973,
    23.178067531336));
#14524 = CARTESIAN_POINT('',(-28.77045409485,-23.88660797278,
    20.870250309016));
#14525 = CARTESIAN_POINT('',(-28.59541467997,-23.76527187633,
    19.07041237821));
#14526 = CARTESIAN_POINT('',(-28.36541384208,-23.67939882958,
    17.216374412539));
#14527 = CARTESIAN_POINT('',(-28.31563620496,-23.50701228795,
    15.670938523697));
#14528 = CARTESIAN_POINT('',(-28.05450822749,-23.44075567293,
    13.772724513184));
#14529 = CARTESIAN_POINT('',(-28.11773197541,-23.21687034324,
    12.460958720516));
#14530 = CARTESIAN_POINT('',(-27.84145747,-23.15572139814,
    10.533026161431));
#14531 = CARTESIAN_POINT('',(-27.88994160373,-22.93724568559,
    9.209572216267));
#14532 = CARTESIAN_POINT('',(-27.71466788082,-22.82437248568,
    7.479889947781));
#14533 = CARTESIAN_POINT('',(-27.67264251434,-22.64408714309,
    5.992746246154));
#14534 = CARTESIAN_POINT('',(-27.57888062992,-22.48644384336,
    4.421010493718));
#14535 = CARTESIAN_POINT('',(-27.50433001854,-22.31577451696,
    2.884826598265));
#14536 = CARTESIAN_POINT('',(-27.42810127182,-22.14224841751,
    1.350072166189));
#14537 = CARTESIAN_POINT('',(-27.34909405434,-21.95360073175,
    -0.266282841853));
#14538 = CARTESIAN_POINT('',(-27.34479256646,-21.94332995194,
    -0.354284061219));
#14539 = CARTESIAN_POINT('',(-27.34049107858,-21.93305917214,
    -0.442285280584));
#14540 = CARTESIAN_POINT('',(-27.3361895907,-21.92278839233,
    -0.53028649995));
#14541 = CARTESIAN_POINT('',(-27.33188810282,-21.91251761252,
    -0.618287719315));
#14542 = CARTESIAN_POINT('',(-27.32758661494,-21.90224683271,
    -0.706288938681));
#14543 = CARTESIAN_POINT('',(-27.32328512706,-21.89197605291,
    -0.794290158046));
#14544 = CARTESIAN_POINT('',(-27.31898363918,-21.8817052731,
    -0.882291377412));
#14545 = CARTESIAN_POINT('',(-27.3146821513,-21.87143449329,
    -0.970292596778));
#14546 = CARTESIAN_POINT('',(-27.31038066342,-21.86116371349,
    -1.058293816143));
#14547 = CARTESIAN_POINT('',(-27.30607917554,-21.85089293368,
    -1.146295035509));
#14548 = CARTESIAN_POINT('',(-27.30177768765,-21.84062215387,
    -1.234296254874));
#14549 = CARTESIAN_POINT('',(-27.29747619977,-21.83035137407,
    -1.32229747424));
#14550 = CARTESIAN_POINT('',(-27.29317471189,-21.82008059426,
    -1.410298693605));
#14551 = ( BOUNDED_SURFACE() B_SPLINE_SURFACE(2,14,(
    (#14552,#14553,#14554,#14555,#14556,#14557,#14558,#14559,#14560
      ,#14561,#14562,#14563,#14564,#14565,#14566,#14567,#14568,#14569
      ,#14570,#14571,#14572,#14573,#14574,#14575,#14576,#14577,#14578
      ,#14579,#14580,#14581,#14582,#14583,#14584,#14585,#14586,#14587
      ,#14588,#14589,#14590,#14591,#14592)
    ,(#14593,#14594,#14595,#14596,#14597,#14598,#14599,#14600,#14601
      ,#14602,#14603,#14604,#14605,#14606,#14607,#14608,#14609,#14610
      ,#14611,#14612,#14613,#14614,#14615,#14616,#14617,#14618,#14619
      ,#14620,#14621,#14622,#14623,#14624,#14625,#14626,#14627,#14628
      ,#14629,#14630,#14631,#14632,#14633)
    ,(#14634,#14635,#14636,#14637,#14638,#14639,#14640,#14641,#14642
      ,#14643,#14644,#14645,#14646,#14647,#14648,#14649,#14650,#14651
      ,#14652,#14653,#14654,#14655,#14656,#14657,#14658,#14659,#14660
      ,#14661,#14662,#14663,#14664,#14665,#14666,#14667,#14668,#14669
      ,#14670,#14671,#14672,#14673,#14674
)),.UNSPECIFIED.,.F.,.F.,.F.) B_SPLINE_SURFACE_WITH_KNOTS((3,3),(15,13,
    13,15),(0.,21.290698558643),(0.9032156609,1.739050897626,
    23.02974945627,24.255648491026),.UNSPECIFIED.) 
GEOMETRIC_REPRESENTATION_ITEM() RATIONAL_B_SPLINE_SURFACE((
    (1.,1.,1.,1.,1.,1.,1.,1.,1.,1.,1.,1.,1.,1.,1.,1.,1.,1.,1.,1.,1.,1.
      ,1.,1.,1.,1.,1.,1.,1.,1.,1.,1.,1.,1.,1.,1.,1.,1.,1.,1.,1.)
    ,(0.525839168225,0.525335998346,0.524910239218,0.524561890841
      ,0.524290953214,0.524097426338,0.523981310212,0.523942604837
      ,0.523981310212,0.524097426338,0.524290953214,0.524561890841
      ,0.524910239218,0.525335998346,0.538656094015,0.556264941496
      ,0.572153583556,0.591710005652,0.60616464607,0.62743008506
      ,0.640846188075,0.661036811824,0.675873265188,0.693309696063
      ,0.709151780558,0.725025530031,0.740437627239,0.756322939574
      ,0.757054747363,0.757653499191,0.758119195057,0.758451834961
      ,0.758651418904,0.758717946884,0.758651418904,0.758451834961
      ,0.758119195057,0.757653499191,0.757054747363,0.756322939574
      ,0.755458075822)
    ,(1.,1.,1.,1.,1.,1.,1.,1.,1.,1.,1.,1.,1.,1.,1.,1.,1.,1.,1.,1.,1.,1.
      ,1.,1.,1.,1.,1.,1.,1.,1.,1.,1.,1.,1.,1.,1.,1.,1.,1.,1.,1.
))) REPRESENTATION_ITEM('') SURFACE() );
#14552 = CARTESIAN_POINT('',(-29.41605363005,-23.91792781206,
    24.311386226367));
#14553 = CARTESIAN_POINT('',(-29.39969789438,-23.91713434957,
    24.224207865211));
#14554 = CARTESIAN_POINT('',(-29.38334215872,-23.91634088708,
    24.137029504054));
#14555 = CARTESIAN_POINT('',(-29.36698642306,-23.9155474246,
    24.049851142898));
#14556 = CARTESIAN_POINT('',(-29.35063068739,-23.91475396211,
    23.962672781741));
#14557 = CARTESIAN_POINT('',(-29.33427495173,-23.91396049962,
    23.875494420585));
#14558 = CARTESIAN_POINT('',(-29.31791921607,-23.91316703714,
    23.788316059429));
#14559 = CARTESIAN_POINT('',(-29.30156348041,-23.91237357465,
    23.701137698272));
#14560 = CARTESIAN_POINT('',(-29.28520774475,-23.91158011216,
    23.613959337116));
#14561 = CARTESIAN_POINT('',(-29.26885200908,-23.91078664968,
    23.52678097596));
#14562 = CARTESIAN_POINT('',(-29.25249627342,-23.90999318719,
    23.439602614804));
#14563 = CARTESIAN_POINT('',(-29.23614053776,-23.90919972471,
    23.352424253648));
#14564 = CARTESIAN_POINT('',(-29.2197848021,-23.90840626222,
    23.265245892492));
#14565 = CARTESIAN_POINT('',(-29.20342906643,-23.90761279973,
    23.178067531336));
#14566 = CARTESIAN_POINT('',(-28.77045409485,-23.88660797278,
    20.870250309016));
#14567 = CARTESIAN_POINT('',(-28.59541467997,-23.76527187633,
    19.07041237821));
#14568 = CARTESIAN_POINT('',(-28.36541384208,-23.67939882958,
    17.216374412539));
#14569 = CARTESIAN_POINT('',(-28.31563620496,-23.50701228795,
    15.670938523697));
#14570 = CARTESIAN_POINT('',(-28.05450822749,-23.44075567293,
    13.772724513184));
#14571 = CARTESIAN_POINT('',(-28.11773197541,-23.21687034324,
    12.460958720516));
#14572 = CARTESIAN_POINT('',(-27.84145747,-23.15572139814,
    10.533026161431));
#14573 = CARTESIAN_POINT('',(-27.88994160373,-22.93724568559,
    9.209572216267));
#14574 = CARTESIAN_POINT('',(-27.71466788082,-22.82437248568,
    7.479889947781));
#14575 = CARTESIAN_POINT('',(-27.67264251434,-22.64408714309,
    5.992746246154));
#14576 = CARTESIAN_POINT('',(-27.57888062992,-22.48644384336,
    4.421010493718));
#14577 = CARTESIAN_POINT('',(-27.50433001854,-22.31577451696,
    2.884826598265));
#14578 = CARTESIAN_POINT('',(-27.42810127182,-22.14224841751,
    1.350072166189));
#14579 = CARTESIAN_POINT('',(-27.34909405434,-21.95360073175,
    -0.266282841853));
#14580 = CARTESIAN_POINT('',(-27.34479256646,-21.94332995194,
    -0.354284061219));
#14581 = CARTESIAN_POINT('',(-27.34049107858,-21.93305917214,
    -0.442285280584));
#14582 = CARTESIAN_POINT('',(-27.3361895907,-21.92278839233,
    -0.53028649995));
#14583 = CARTESIAN_POINT('',(-27.33188810282,-21.91251761252,
    -0.618287719315));
#14584 = CARTESIAN_POINT('',(-27.32758661494,-21.90224683271,
    -0.706288938681));
#14585 = CARTESIAN_POINT('',(-27.32328512706,-21.89197605291,
    -0.794290158046));
#14586 = CARTESIAN_POINT('',(-27.31898363918,-21.8817052731,
    -0.882291377412));
#14587 = CARTESIAN_POINT('',(-27.3146821513,-21.87143449329,
    -0.970292596778));
#14588 = CARTESIAN_POINT('',(-27.31038066342,-21.86116371349,
    -1.058293816143));
#14589 = CARTESIAN_POINT('',(-27.30607917554,-21.85089293368,
    -1.146295035509));
#14590 = CARTESIAN_POINT('',(-27.30177768765,-21.84062215387,
    -1.234296254874));
#14591 = CARTESIAN_POINT('',(-27.29747619977,-21.83035137407,
    -1.32229747424));
#14592 = CARTESIAN_POINT('',(-27.29317471189,-21.82008059426,
    -1.410298693605));
#14593 = CARTESIAN_POINT('',(-33.01403100809,-21.11214819819,
    22.515369014353));
#14594 = CARTESIAN_POINT('',(-32.99171048519,-21.1136234368,
    22.415597257504));
#14595 = CARTESIAN_POINT('',(-32.96980618796,-21.11507116564,
    22.317686011155));
#14596 = CARTESIAN_POINT('',(-32.9483288273,-21.11649067681,
    22.221683152475));
#14597 = CARTESIAN_POINT('',(-32.92728876749,-21.1178812853,
    22.127635009387));
#14598 = CARTESIAN_POINT('',(-32.90669600977,-21.11924233008,
    22.035586286994));
#14599 = CARTESIAN_POINT('',(-32.88656017661,-21.12057317517,
    21.94557999734));
#14600 = CARTESIAN_POINT('',(-32.86689049682,-21.12187321062,
    21.857657392734));
#14601 = CARTESIAN_POINT('',(-32.84769579143,-21.12314185341,
    21.771857902852));
#14602 = CARTESIAN_POINT('',(-32.82898446056,-21.12437854834,
    21.688219075828));
#14603 = CARTESIAN_POINT('',(-32.81076447114,-21.12558276887,
    21.606776523511));
#14604 = CARTESIAN_POINT('',(-32.79304334565,-21.12675401779,
    21.527563871052));
#14605 = CARTESIAN_POINT('',(-32.77582815184,-21.12789182799,
    21.450612710979));
#14606 = CARTESIAN_POINT('',(-32.75912549349,-21.12899576298,
    21.375952561884));
#14607 = CARTESIAN_POINT('',(-32.34089114272,-21.15663828117,
    19.506463386623));
#14608 = CARTESIAN_POINT('',(-31.99617429619,-21.09936227789,
    17.966777778845));
#14609 = CARTESIAN_POINT('',(-31.65838129861,-21.05636659432,
    16.345980297236));
#14610 = CARTESIAN_POINT('',(-31.36582805087,-20.95686597631,
    14.930269603166));
#14611 = CARTESIAN_POINT('',(-31.04849875813,-20.91090797071,
    13.2347963723));
#14612 = CARTESIAN_POINT('',(-30.80371129644,-20.77929909539,
    11.940946490549));
#14613 = CARTESIAN_POINT('',(-30.50548065011,-20.72553852904,
    10.196545769447));
#14614 = CARTESIAN_POINT('',(-30.28093574055,-20.59411285417,
    8.865486320585));
#14615 = CARTESIAN_POINT('',(-30.02264421563,-20.5092071512,
    7.234223554575));
#14616 = CARTESIAN_POINT('',(-29.7997386574,-20.39210464964,
    5.769451227596));
#14617 = CARTESIAN_POINT('',(-29.57556640972,-20.28308960388,
    4.231942939023));
#14618 = CARTESIAN_POINT('',(-29.36341710801,-20.16671351805,
    2.71522762773));
#14619 = CARTESIAN_POINT('',(-29.15871890325,-20.04736217629,
    1.193043328063));
#14620 = CARTESIAN_POINT('',(-28.95054035274,-19.91723648122,
    -0.415159790366));
#14621 = CARTESIAN_POINT('',(-28.93941783695,-19.91028415546,
    -0.501082497309));
#14622 = CARTESIAN_POINT('',(-28.9282757567,-19.90331960059,
    -0.587156341876));
#14623 = CARTESIAN_POINT('',(-28.91710829179,-19.89633917859,
    -0.673426285905));
#14624 = CARTESIAN_POINT('',(-28.90590961161,-19.88933924494,
    -0.759937371442));
#14625 = CARTESIAN_POINT('',(-28.89467386498,-19.88231614224,
    -0.846734799493));
#14626 = CARTESIAN_POINT('',(-28.88339516995,-19.87526619388,
    -0.933864008944));
#14627 = CARTESIAN_POINT('',(-28.87206760346,-19.86818569755,
    -1.021370755939));
#14628 = CARTESIAN_POINT('',(-28.86068519104,-19.8610709188,
    -1.109301194014));
#14629 = CARTESIAN_POINT('',(-28.84924189627,-19.85391808445,
    -1.197701955272));
#14630 = CARTESIAN_POINT('',(-28.83773161007,-19.84672337593,
    -1.286620232908));
#14631 = CARTESIAN_POINT('',(-28.82614813987,-19.83948292244,
    -1.376103865388));
#14632 = CARTESIAN_POINT('',(-28.81448519839,-19.83219279403,
    -1.466201422589));
#14633 = CARTESIAN_POINT('',(-28.80273639223,-19.82484899437,
    -1.556962294251));
#14634 = CARTESIAN_POINT('',(-28.56549948739,-19.03359722908,
    23.235174147527));
#14635 = CARTESIAN_POINT('',(-28.555886828,-19.02877307244,
    23.13179503503));
#14636 = CARTESIAN_POINT('',(-28.54649092827,-19.02405769762,
    23.030747059099));
#14637 = CARTESIAN_POINT('',(-28.53731178821,-19.01945110462,
    22.932030219733));
#14638 = CARTESIAN_POINT('',(-28.52834940781,-19.01495329344,
    22.835644516932));
#14639 = CARTESIAN_POINT('',(-28.51960378707,-19.01056426408,
    22.741589950696));
#14640 = CARTESIAN_POINT('',(-28.51107492601,-19.00628401654,
    22.649866521025));
#14641 = CARTESIAN_POINT('',(-28.50276282461,-19.00211255082,
    22.560474227919));
#14642 = CARTESIAN_POINT('',(-28.49466748287,-18.99804986692,
    22.473413071378));
#14643 = CARTESIAN_POINT('',(-28.4867889008,-18.99409596484,
    22.388683051402));
#14644 = CARTESIAN_POINT('',(-28.47912707839,-18.99025084457,
    22.306284167992));
#14645 = CARTESIAN_POINT('',(-28.47168201565,-18.98651450613,
    22.226216421146));
#14646 = CARTESIAN_POINT('',(-28.46445371257,-18.9828869495,
    22.148479810866));
#14647 = CARTESIAN_POINT('',(-28.45744216916,-18.9793681747,
    22.07307433715));
#14648 = CARTESIAN_POINT('',(-28.27756818731,-18.88909760253,
    20.138623958075));
#14649 = CARTESIAN_POINT('',(-28.17438950288,-18.82721376547,
    18.521382963514));
#14650 = CARTESIAN_POINT('',(-28.05421869677,-18.75855327808,
    16.847495724833));
#14651 = CARTESIAN_POINT('',(-27.98533878899,-18.70624369598,
    15.354432926008));
#14652 = CARTESIAN_POINT('',(-27.85790326828,-18.63125110132,
    13.654739428627));
#14653 = CARTESIAN_POINT('',(-27.81982416916,-18.58713681469,
    12.269088818212));
#14654 = CARTESIAN_POINT('',(-27.69042983204,-18.50703139525,
    10.560291845866));
#14655 = CARTESIAN_POINT('',(-27.64919887722,-18.45812641266,
    9.159712991906));
#14656 = CARTESIAN_POINT('',(-27.54868730666,-18.38462592936,
    7.549301111963));
#14657 = CARTESIAN_POINT('',(-27.48492216383,-18.32293335055,
    6.065874484665));
#14658 = CARTESIAN_POINT('',(-27.40799372203,-18.25392843842,
    4.533814575879));
#14659 = CARTESIAN_POINT('',(-27.33725402309,-18.1848846174,
    3.021926857631));
#14660 = CARTESIAN_POINT('',(-27.26696899254,-18.11345669511,
    1.509532939027));
#14661 = CARTESIAN_POINT('',(-27.19407166438,-18.03556771523,
    -8.691753198188E-02));
#14662 = CARTESIAN_POINT('',(-27.19009166922,-18.0313151895,
    -0.174079370596));
#14663 = CARTESIAN_POINT('',(-27.1861005185,-18.02705074434,
    -0.261485515843));
#14664 = CARTESIAN_POINT('',(-27.18209821221,-18.02277437974,
    -0.349135967723));
#14665 = CARTESIAN_POINT('',(-27.17808475037,-18.0184860957,
    -0.437030726235));
#14666 = CARTESIAN_POINT('',(-27.17406013296,-18.01418589222,
    -0.52516979138));
#14667 = CARTESIAN_POINT('',(-27.17002435999,-18.0098737693,
    -0.613553163157));
#14668 = CARTESIAN_POINT('',(-27.16597743146,-18.00554972694,
    -0.702180841567));
#14669 = CARTESIAN_POINT('',(-27.16191934737,-18.00121376514,
    -0.79105282661));
#14670 = CARTESIAN_POINT('',(-27.15785010772,-17.9968658839,
    -0.880169118285));
#14671 = CARTESIAN_POINT('',(-27.15376971251,-17.99250608323,
    -0.969529716593));
#14672 = CARTESIAN_POINT('',(-27.14967816174,-17.98813436311,
    -1.059134621533));
#14673 = CARTESIAN_POINT('',(-27.1455754554,-17.98375072356,
    -1.148983833106));
#14674 = CARTESIAN_POINT('',(-27.1414615935,-17.97935516456,
    -1.239077351311));
#14675 = ADVANCED_FACE('',(#14676,#14710),#14721,.T.);
#14676 = FACE_BOUND('',#14677,.T.);
#14677 = EDGE_LOOP('',(#14678,#14679,#14685,#14686,#14687,#14694,#14695,
    #14696,#14697,#14698));
#14678 = ORIENTED_EDGE('',*,*,#13599,.T.);
#14679 = ORIENTED_EDGE('',*,*,#14680,.T.);
#14680 = EDGE_CURVE('',#13551,#12062,#14681,.T.);
#14681 = LINE('',#14682,#14683);
#14682 = CARTESIAN_POINT('',(2.19536754063,-36.27033597332,-8.9E-16));
#14683 = VECTOR('',#14684,1.);
#14684 = DIRECTION('',(0.414693242656,-0.909961270877,0.));
#14685 = ORIENTED_EDGE('',*,*,#12110,.F.);
#14686 = ORIENTED_EDGE('',*,*,#13216,.F.);
#14687 = ORIENTED_EDGE('',*,*,#14688,.T.);
#14688 = EDGE_CURVE('',#13217,#11930,#14689,.T.);
#14689 = CIRCLE('',#14690,4.448558813737);
#14690 = AXIS2_PLACEMENT_3D('',#14691,#14692,#14693);
#14691 = CARTESIAN_POINT('',(-30.446,-15.,0.));
#14692 = DIRECTION('',(0.,0.,-1.));
#14693 = DIRECTION('',(1.,0.,0.));
#14694 = ORIENTED_EDGE('',*,*,#11929,.T.);
#14695 = ORIENTED_EDGE('',*,*,#11920,.T.);
#14696 = ORIENTED_EDGE('',*,*,#11911,.T.);
#14697 = ORIENTED_EDGE('',*,*,#14481,.F.);
#14698 = ORIENTED_EDGE('',*,*,#14699,.T.);
#14699 = EDGE_CURVE('',#14482,#13600,#14700,.T.);
#14700 = B_SPLINE_CURVE_WITH_KNOTS('',8,(#14701,#14702,#14703,#14704,
    #14705,#14706,#14707,#14708,#14709),.UNSPECIFIED.,.F.,.F.,(9,9),(1.,
    2.),.PIECEWISE_BEZIER_KNOTS.);
#14701 = CARTESIAN_POINT('',(-33.26222338233,-11.20867947903,0.));
#14702 = CARTESIAN_POINT('',(-32.45346743692,-13.60869644519,0.));
#14703 = CARTESIAN_POINT('',(-31.44680106343,-15.94202118229,0.));
#14704 = CARTESIAN_POINT('',(-30.2486391353,-18.18961547447,0.));
#14705 = CARTESIAN_POINT('',(-28.86759800766,-20.33317648446,0.));
#14706 = CARTESIAN_POINT('',(-27.31438231296,-22.35546464532,0.));
#14707 = CARTESIAN_POINT('',(-25.60161928794,-24.24059459532,0.));
#14708 = CARTESIAN_POINT('',(-23.74364063187,-25.97428915604,0.));
#14709 = CARTESIAN_POINT('',(-21.75621189608,-27.54409635353,0.));
#14710 = FACE_BOUND('',#14711,.T.);
#14711 = EDGE_LOOP('',(#14712));
#14712 = ORIENTED_EDGE('',*,*,#14713,.F.);
#14713 = EDGE_CURVE('',#14714,#14714,#14716,.T.);
#14714 = VERTEX_POINT('',#14715);
#14715 = CARTESIAN_POINT('',(-28.846,-15.,0.));
#14716 = CIRCLE('',#14717,1.6);
#14717 = AXIS2_PLACEMENT_3D('',#14718,#14719,#14720);
#14718 = CARTESIAN_POINT('',(-30.446,-15.,0.));
#14719 = DIRECTION('',(0.,0.,-1.));
#14720 = DIRECTION('',(1.,0.,0.));
#14721 = PLANE('',#14722);
#14722 = AXIS2_PLACEMENT_3D('',#14723,#14724,#14725);
#14723 = CARTESIAN_POINT('',(0.41810529315,1.34E-15,0.));
#14724 = DIRECTION('',(-0.,-0.,-1.));
#14725 = DIRECTION('',(-1.,0.,0.));
#14726 = ADVANCED_FACE('',(#14727),#14732,.T.);
#14727 = FACE_BOUND('',#14728,.T.);
#14728 = EDGE_LOOP('',(#14729,#14730,#14731));
#14729 = ORIENTED_EDGE('',*,*,#14340,.F.);
#14730 = ORIENTED_EDGE('',*,*,#14372,.T.);
#14731 = ORIENTED_EDGE('',*,*,#11946,.T.);
#14732 = B_SPLINE_SURFACE_WITH_KNOTS('',8,1,(
    (#14733,#14734)
    ,(#14735,#14736)
    ,(#14737,#14738)
    ,(#14739,#14740)
    ,(#14741,#14742)
    ,(#14743,#14744)
    ,(#14745,#14746)
    ,(#14747,#14748)
    ,(#14749,#14750
    )),.UNSPECIFIED.,.F.,.F.,.F.,(9,9),(2,2),(1.,2.),(0.,22.),
  .PIECEWISE_BEZIER_KNOTS.);
#14733 = CARTESIAN_POINT('',(-35.121,-12.,22.));
#14734 = CARTESIAN_POINT('',(-33.26222338233,-11.20867947903,0.));
#14735 = CARTESIAN_POINT('',(-35.12099999999,-14.8667032964,22.));
#14736 = CARTESIAN_POINT('',(-32.45346743692,-13.60869644519,0.));
#14737 = CARTESIAN_POINT('',(-34.47771248116,-17.73340749516,22.));
#14738 = CARTESIAN_POINT('',(-31.44680106343,-15.94202118229,0.));
#14739 = CARTESIAN_POINT('',(-33.19114376172,-20.43169322129,22.));
#14740 = CARTESIAN_POINT('',(-30.2486391353,-18.18961547447,0.));
#14741 = CARTESIAN_POINT('',(-31.31417783438,-22.79317783438,22.));
#14742 = CARTESIAN_POINT('',(-28.86759800766,-20.33317648446,0.));
#14743 = CARTESIAN_POINT('',(-28.95269322129,-24.67014376172,22.));
#14744 = CARTESIAN_POINT('',(-27.31438231296,-22.35546464532,0.));
#14745 = CARTESIAN_POINT('',(-26.25440749516,-25.95671248116,22.));
#14746 = CARTESIAN_POINT('',(-25.60161928794,-24.24059459532,0.));
#14747 = CARTESIAN_POINT('',(-23.3877032964,-26.6,22.));
#14748 = CARTESIAN_POINT('',(-23.74364063187,-25.97428915604,0.));
#14749 = CARTESIAN_POINT('',(-20.521,-26.6,22.));
#14750 = CARTESIAN_POINT('',(-21.75621189608,-27.54409635353,0.));
#14751 = ADVANCED_FACE('',(#14752),#14768,.T.);
#14752 = FACE_BOUND('',#14753,.T.);
#14753 = EDGE_LOOP('',(#14754,#14755,#14761,#14762));
#14754 = ORIENTED_EDGE('',*,*,#12048,.T.);
#14755 = ORIENTED_EDGE('',*,*,#14756,.F.);
#14756 = EDGE_CURVE('',#13540,#12051,#14757,.T.);
#14757 = LINE('',#14758,#14759);
#14758 = CARTESIAN_POINT('',(5.835212624136,-34.6115630027,4.));
#14759 = VECTOR('',#14760,1.);
#14760 = DIRECTION('',(0.414693242656,-0.909961270877,0.));
#14761 = ORIENTED_EDGE('',*,*,#13537,.F.);
#14762 = ORIENTED_EDGE('',*,*,#14763,.T.);
#14763 = EDGE_CURVE('',#13538,#12049,#14764,.T.);
#14764 = LINE('',#14765,#14766);
#14765 = CARTESIAN_POINT('',(4.807120512222,-32.35562075791,4.5));
#14766 = VECTOR('',#14767,1.);
#14767 = DIRECTION('',(0.414693242656,-0.909961270877,0.));
#14768 = PLANE('',#14769);
#14769 = AXIS2_PLACEMENT_3D('',#14770,#14771,#14772);
#14770 = CARTESIAN_POINT('',(4.20070126272,-31.02495516175,0.));
#14771 = DIRECTION('',(0.909961270877,0.414693242656,0.));
#14772 = DIRECTION('',(0.414693242656,-0.909961270877,0.));
#14773 = ADVANCED_FACE('',(#14774),#14780,.T.);
#14774 = FACE_BOUND('',#14775,.F.);
#14775 = EDGE_LOOP('',(#14776,#14777,#14778,#14779));
#14776 = ORIENTED_EDGE('',*,*,#13550,.T.);
#14777 = ORIENTED_EDGE('',*,*,#14680,.T.);
#14778 = ORIENTED_EDGE('',*,*,#12061,.F.);
#14779 = ORIENTED_EDGE('',*,*,#14756,.F.);
#14780 = CYLINDRICAL_SURFACE('',#14781,4.);
#14781 = AXIS2_PLACEMENT_3D('',#14782,#14783,#14784);
#14782 = CARTESIAN_POINT('',(2.19536754063,-36.27033597332,4.));
#14783 = DIRECTION('',(0.414693242656,-0.909961270877,0.));
#14784 = DIRECTION('',(0.909961270877,0.414693242656,0.));
#14785 = ADVANCED_FACE('',(#14786),#14792,.F.);
#14786 = FACE_BOUND('',#14787,.T.);
#14787 = EDGE_LOOP('',(#14788,#14789,#14790,#14791));
#14788 = ORIENTED_EDGE('',*,*,#13621,.T.);
#14789 = ORIENTED_EDGE('',*,*,#12842,.T.);
#14790 = ORIENTED_EDGE('',*,*,#12144,.F.);
#14791 = ORIENTED_EDGE('',*,*,#14763,.F.);
#14792 = CYLINDRICAL_SURFACE('',#14793,2.);
#14793 = AXIS2_PLACEMENT_3D('',#14794,#14795,#14796);
#14794 = CARTESIAN_POINT('',(6.627043053975,-31.5262342726,4.5));
#14795 = DIRECTION('',(0.414693242656,-0.909961270877,0.));
#14796 = DIRECTION('',(-0.909961270877,-0.414693242656,0.));
#14797 = ADVANCED_FACE('',(#14798),#14814,.F.);
#14798 = FACE_BOUND('',#14799,.F.);
#14799 = EDGE_LOOP('',(#14800,#14801,#14807,#14808));
#14800 = ORIENTED_EDGE('',*,*,#13664,.F.);
#14801 = ORIENTED_EDGE('',*,*,#14802,.T.);
#14802 = EDGE_CURVE('',#13665,#12188,#14803,.T.);
#14803 = LINE('',#14804,#14805);
#14804 = CARTESIAN_POINT('',(-7.196152422707,39.,20.232050807569));
#14805 = VECTOR('',#14806,1.);
#14806 = DIRECTION('',(0.,-1.,2.2E-16));
#14807 = ORIENTED_EDGE('',*,*,#12187,.T.);
#14808 = ORIENTED_EDGE('',*,*,#14809,.F.);
#14809 = EDGE_CURVE('',#13667,#12190,#14810,.T.);
#14810 = LINE('',#14811,#14812);
#14811 = CARTESIAN_POINT('',(-4.598076211353,39.,18.732050807569));
#14812 = VECTOR('',#14813,1.);
#14813 = DIRECTION('',(0.,-1.,2.2E-16));
#14814 = PLANE('',#14815);
#14815 = AXIS2_PLACEMENT_3D('',#14816,#14817,#14818);
#14816 = CARTESIAN_POINT('',(-7.196152422707,39.,20.232050807569));
#14817 = DIRECTION('',(0.5,1.9E-16,0.866025403784));
#14818 = DIRECTION('',(0.866025403784,-1.1E-16,-0.5));
#14819 = ADVANCED_FACE('',(#14820),#14831,.F.);
#14820 = FACE_BOUND('',#14821,.F.);
#14821 = EDGE_LOOP('',(#14822,#14823,#14824,#14825));
#14822 = ORIENTED_EDGE('',*,*,#13723,.F.);
#14823 = ORIENTED_EDGE('',*,*,#14809,.T.);
#14824 = ORIENTED_EDGE('',*,*,#12245,.T.);
#14825 = ORIENTED_EDGE('',*,*,#14826,.F.);
#14826 = EDGE_CURVE('',#13714,#12236,#14827,.T.);
#14827 = LINE('',#14828,#14829);
#14828 = CARTESIAN_POINT('',(-4.598076211353,39.,15.732050807569));
#14829 = VECTOR('',#14830,1.);
#14830 = DIRECTION('',(0.,-1.,2.2E-16));
#14831 = PLANE('',#14832);
#14832 = AXIS2_PLACEMENT_3D('',#14833,#14834,#14835);
#14833 = CARTESIAN_POINT('',(-4.598076211353,39.,18.732050807569));
#14834 = DIRECTION('',(1.,0.,0.));
#14835 = DIRECTION('',(0.,-2.2E-16,-1.));
#14836 = ADVANCED_FACE('',(#14837),#14848,.F.);
#14837 = FACE_BOUND('',#14838,.F.);
#14838 = EDGE_LOOP('',(#14839,#14840,#14841,#14842));
#14839 = ORIENTED_EDGE('',*,*,#13713,.F.);
#14840 = ORIENTED_EDGE('',*,*,#14826,.T.);
#14841 = ORIENTED_EDGE('',*,*,#12235,.T.);
#14842 = ORIENTED_EDGE('',*,*,#14843,.F.);
#14843 = EDGE_CURVE('',#13698,#12220,#14844,.T.);
#14844 = LINE('',#14845,#14846);
#14845 = CARTESIAN_POINT('',(-7.196152422707,39.,14.232050807569));
#14846 = VECTOR('',#14847,1.);
#14847 = DIRECTION('',(0.,-1.,2.2E-16));
#14848 = PLANE('',#14849);
#14849 = AXIS2_PLACEMENT_3D('',#14850,#14851,#14852);
#14850 = CARTESIAN_POINT('',(-4.598076211353,39.,15.732050807569));
#14851 = DIRECTION('',(0.5,-1.9E-16,-0.866025403784));
#14852 = DIRECTION('',(-0.866025403784,-1.1E-16,-0.5));
#14853 = ADVANCED_FACE('',(#14854),#14865,.F.);
#14854 = FACE_BOUND('',#14855,.F.);
#14855 = EDGE_LOOP('',(#14856,#14857,#14858,#14859));
#14856 = ORIENTED_EDGE('',*,*,#13697,.F.);
#14857 = ORIENTED_EDGE('',*,*,#14843,.T.);
#14858 = ORIENTED_EDGE('',*,*,#12219,.T.);
#14859 = ORIENTED_EDGE('',*,*,#14860,.F.);
#14860 = EDGE_CURVE('',#13688,#12210,#14861,.T.);
#14861 = LINE('',#14862,#14863);
#14862 = CARTESIAN_POINT('',(-9.79422863406,39.,15.732050807569));
#14863 = VECTOR('',#14864,1.);
#14864 = DIRECTION('',(0.,-1.,2.2E-16));
#14865 = PLANE('',#14866);
#14866 = AXIS2_PLACEMENT_3D('',#14867,#14868,#14869);
#14867 = CARTESIAN_POINT('',(-7.196152422707,39.,14.232050807569));
#14868 = DIRECTION('',(-0.5,-1.9E-16,-0.866025403784));
#14869 = DIRECTION('',(-0.866025403784,1.1E-16,0.5));
#14870 = ADVANCED_FACE('',(#14871),#14882,.F.);
#14871 = FACE_BOUND('',#14872,.F.);
#14872 = EDGE_LOOP('',(#14873,#14874,#14875,#14876));
#14873 = ORIENTED_EDGE('',*,*,#13687,.T.);
#14874 = ORIENTED_EDGE('',*,*,#14860,.T.);
#14875 = ORIENTED_EDGE('',*,*,#12209,.F.);
#14876 = ORIENTED_EDGE('',*,*,#14877,.F.);
#14877 = EDGE_CURVE('',#13677,#12200,#14878,.T.);
#14878 = LINE('',#14879,#14880);
#14879 = CARTESIAN_POINT('',(-9.79422863406,39.,18.732050807569));
#14880 = VECTOR('',#14881,1.);
#14881 = DIRECTION('',(0.,-1.,2.2E-16));
#14882 = PLANE('',#14883);
#14883 = AXIS2_PLACEMENT_3D('',#14884,#14885,#14886);
#14884 = CARTESIAN_POINT('',(-9.79422863406,39.,15.732050807569));
#14885 = DIRECTION('',(-1.,0.,0.));
#14886 = DIRECTION('',(0.,2.2E-16,1.));
#14887 = ADVANCED_FACE('',(#14888),#14894,.F.);
#14888 = FACE_BOUND('',#14889,.F.);
#14889 = EDGE_LOOP('',(#14890,#14891,#14892,#14893));
#14890 = ORIENTED_EDGE('',*,*,#13676,.T.);
#14891 = ORIENTED_EDGE('',*,*,#14877,.T.);
#14892 = ORIENTED_EDGE('',*,*,#12199,.F.);
#14893 = ORIENTED_EDGE('',*,*,#14802,.F.);
#14894 = PLANE('',#14895);
#14895 = AXIS2_PLACEMENT_3D('',#14896,#14897,#14898);
#14896 = CARTESIAN_POINT('',(-9.79422863406,39.,18.732050807569));
#14897 = DIRECTION('',(-0.5,1.9E-16,0.866025403784));
#14898 = DIRECTION('',(0.866025403784,1.1E-16,0.5));
#14899 = ADVANCED_FACE('',(#14900),#14916,.F.);
#14900 = FACE_BOUND('',#14901,.F.);
#14901 = EDGE_LOOP('',(#14902,#14903,#14909,#14910));
#14902 = ORIENTED_EDGE('',*,*,#13733,.F.);
#14903 = ORIENTED_EDGE('',*,*,#14904,.T.);
#14904 = EDGE_CURVE('',#13734,#12256,#14905,.T.);
#14905 = LINE('',#14906,#14907);
#14906 = CARTESIAN_POINT('',(0.,39.,20.232050807569));
#14907 = VECTOR('',#14908,1.);
#14908 = DIRECTION('',(0.,-1.,2.2E-16));
#14909 = ORIENTED_EDGE('',*,*,#12255,.T.);
#14910 = ORIENTED_EDGE('',*,*,#14911,.F.);
#14911 = EDGE_CURVE('',#13736,#12258,#14912,.T.);
#14912 = LINE('',#14913,#14914);
#14913 = CARTESIAN_POINT('',(2.598076211353,39.,18.732050807569));
#14914 = VECTOR('',#14915,1.);
#14915 = DIRECTION('',(0.,-1.,2.2E-16));
#14916 = PLANE('',#14917);
#14917 = AXIS2_PLACEMENT_3D('',#14918,#14919,#14920);
#14918 = CARTESIAN_POINT('',(0.,39.,20.232050807569));
#14919 = DIRECTION('',(0.5,1.9E-16,0.866025403784));
#14920 = DIRECTION('',(0.866025403784,-1.1E-16,-0.5));
#14921 = ADVANCED_FACE('',(#14922),#14933,.F.);
#14922 = FACE_BOUND('',#14923,.F.);
#14923 = EDGE_LOOP('',(#14924,#14925,#14926,#14927));
#14924 = ORIENTED_EDGE('',*,*,#13791,.F.);
#14925 = ORIENTED_EDGE('',*,*,#14911,.T.);
#14926 = ORIENTED_EDGE('',*,*,#12313,.T.);
#14927 = ORIENTED_EDGE('',*,*,#14928,.F.);
#14928 = EDGE_CURVE('',#13781,#12303,#14929,.T.);
#14929 = LINE('',#14930,#14931);
#14930 = CARTESIAN_POINT('',(2.598076211353,39.,15.732050807569));
#14931 = VECTOR('',#14932,1.);
#14932 = DIRECTION('',(0.,-1.,2.2E-16));
#14933 = PLANE('',#14934);
#14934 = AXIS2_PLACEMENT_3D('',#14935,#14936,#14937);
#14935 = CARTESIAN_POINT('',(2.598076211353,39.,18.732050807569));
#14936 = DIRECTION('',(1.,0.,0.));
#14937 = DIRECTION('',(0.,-2.2E-16,-1.));
#14938 = ADVANCED_FACE('',(#14939),#14950,.F.);
#14939 = FACE_BOUND('',#14940,.F.);
#14940 = EDGE_LOOP('',(#14941,#14942,#14943,#14944));
#14941 = ORIENTED_EDGE('',*,*,#13780,.F.);
#14942 = ORIENTED_EDGE('',*,*,#14928,.T.);
#14943 = ORIENTED_EDGE('',*,*,#12302,.T.);
#14944 = ORIENTED_EDGE('',*,*,#14945,.F.);
#14945 = EDGE_CURVE('',#13770,#12292,#14946,.T.);
#14946 = LINE('',#14947,#14948);
#14947 = CARTESIAN_POINT('',(0.,39.,14.232050807569));
#14948 = VECTOR('',#14949,1.);
#14949 = DIRECTION('',(0.,-1.,2.2E-16));
#14950 = PLANE('',#14951);
#14951 = AXIS2_PLACEMENT_3D('',#14952,#14953,#14954);
#14952 = CARTESIAN_POINT('',(2.598076211353,39.,15.732050807569));
#14953 = DIRECTION('',(0.5,-1.9E-16,-0.866025403784));
#14954 = DIRECTION('',(-0.866025403784,-1.1E-16,-0.5));
#14955 = ADVANCED_FACE('',(#14956),#14967,.F.);
#14956 = FACE_BOUND('',#14957,.F.);
#14957 = EDGE_LOOP('',(#14958,#14959,#14960,#14961));
#14958 = ORIENTED_EDGE('',*,*,#13769,.T.);
#14959 = ORIENTED_EDGE('',*,*,#14945,.T.);
#14960 = ORIENTED_EDGE('',*,*,#12291,.F.);
#14961 = ORIENTED_EDGE('',*,*,#14962,.F.);
#14962 = EDGE_CURVE('',#13760,#12282,#14963,.T.);
#14963 = LINE('',#14964,#14965);
#14964 = CARTESIAN_POINT('',(-2.598076211353,39.,15.732050807569));
#14965 = VECTOR('',#14966,1.);
#14966 = DIRECTION('',(0.,-1.,2.2E-16));
#14967 = PLANE('',#14968);
#14968 = AXIS2_PLACEMENT_3D('',#14969,#14970,#14971);
#14969 = CARTESIAN_POINT('',(0.,39.,14.232050807569));
#14970 = DIRECTION('',(-0.5,-1.9E-16,-0.866025403784));
#14971 = DIRECTION('',(-0.866025403784,1.1E-16,0.5));
#14972 = ADVANCED_FACE('',(#14973),#14984,.F.);
#14973 = FACE_BOUND('',#14974,.F.);
#14974 = EDGE_LOOP('',(#14975,#14976,#14977,#14978));
#14975 = ORIENTED_EDGE('',*,*,#13759,.T.);
#14976 = ORIENTED_EDGE('',*,*,#14962,.T.);
#14977 = ORIENTED_EDGE('',*,*,#12281,.F.);
#14978 = ORIENTED_EDGE('',*,*,#14979,.F.);
#14979 = EDGE_CURVE('',#13749,#12271,#14980,.T.);
#14980 = LINE('',#14981,#14982);
#14981 = CARTESIAN_POINT('',(-2.598076211353,39.,18.732050807569));
#14982 = VECTOR('',#14983,1.);
#14983 = DIRECTION('',(0.,-1.,2.2E-16));
#14984 = PLANE('',#14985);
#14985 = AXIS2_PLACEMENT_3D('',#14986,#14987,#14988);
#14986 = CARTESIAN_POINT('',(-2.598076211353,39.,15.732050807569));
#14987 = DIRECTION('',(-1.,0.,0.));
#14988 = DIRECTION('',(0.,2.2E-16,1.));
#14989 = ADVANCED_FACE('',(#14990),#14996,.F.);
#14990 = FACE_BOUND('',#14991,.F.);
#14991 = EDGE_LOOP('',(#14992,#14993,#14994,#14995));
#14992 = ORIENTED_EDGE('',*,*,#13748,.T.);
#14993 = ORIENTED_EDGE('',*,*,#14979,.T.);
#14994 = ORIENTED_EDGE('',*,*,#12270,.F.);
#14995 = ORIENTED_EDGE('',*,*,#14904,.F.);
#14996 = PLANE('',#14997);
#14997 = AXIS2_PLACEMENT_3D('',#14998,#14999,#15000);
#14998 = CARTESIAN_POINT('',(-2.598076211353,39.,18.732050807569));
#14999 = DIRECTION('',(-0.5,1.9E-16,0.866025403784));
#15000 = DIRECTION('',(0.866025403784,1.1E-16,0.5));
#15001 = ADVANCED_FACE('',(#15002),#15018,.F.);
#15002 = FACE_BOUND('',#15003,.F.);
#15003 = EDGE_LOOP('',(#15004,#15005,#15011,#15012));
#15004 = ORIENTED_EDGE('',*,*,#13801,.F.);
#15005 = ORIENTED_EDGE('',*,*,#15006,.T.);
#15006 = EDGE_CURVE('',#13802,#12324,#15007,.T.);
#15007 = LINE('',#15008,#15009);
#15008 = CARTESIAN_POINT('',(7.196152422707,39.,20.232050807569));
#15009 = VECTOR('',#15010,1.);
#15010 = DIRECTION('',(0.,-1.,2.2E-16));
#15011 = ORIENTED_EDGE('',*,*,#12323,.T.);
#15012 = ORIENTED_EDGE('',*,*,#15013,.F.);
#15013 = EDGE_CURVE('',#13804,#12326,#15014,.T.);
#15014 = LINE('',#15015,#15016);
#15015 = CARTESIAN_POINT('',(9.79422863406,39.,18.732050807569));
#15016 = VECTOR('',#15017,1.);
#15017 = DIRECTION('',(0.,-1.,2.2E-16));
#15018 = PLANE('',#15019);
#15019 = AXIS2_PLACEMENT_3D('',#15020,#15021,#15022);
#15020 = CARTESIAN_POINT('',(7.196152422707,39.,20.232050807569));
#15021 = DIRECTION('',(0.5,1.9E-16,0.866025403784));
#15022 = DIRECTION('',(0.866025403784,-1.1E-16,-0.5));
#15023 = ADVANCED_FACE('',(#15024),#15035,.F.);
#15024 = FACE_BOUND('',#15025,.F.);
#15025 = EDGE_LOOP('',(#15026,#15027,#15028,#15029));
#15026 = ORIENTED_EDGE('',*,*,#13862,.F.);
#15027 = ORIENTED_EDGE('',*,*,#15013,.T.);
#15028 = ORIENTED_EDGE('',*,*,#12384,.T.);
#15029 = ORIENTED_EDGE('',*,*,#15030,.F.);
#15030 = EDGE_CURVE('',#13850,#12372,#15031,.T.);
#15031 = LINE('',#15032,#15033);
#15032 = CARTESIAN_POINT('',(9.79422863406,39.,15.732050807569));
#15033 = VECTOR('',#15034,1.);
#15034 = DIRECTION('',(0.,-1.,2.2E-16));
#15035 = PLANE('',#15036);
#15036 = AXIS2_PLACEMENT_3D('',#15037,#15038,#15039);
#15037 = CARTESIAN_POINT('',(9.79422863406,39.,18.732050807569));
#15038 = DIRECTION('',(1.,0.,0.));
#15039 = DIRECTION('',(0.,-2.2E-16,-1.));
#15040 = ADVANCED_FACE('',(#15041),#15052,.F.);
#15041 = FACE_BOUND('',#15042,.F.);
#15042 = EDGE_LOOP('',(#15043,#15044,#15045,#15046));
#15043 = ORIENTED_EDGE('',*,*,#13849,.F.);
#15044 = ORIENTED_EDGE('',*,*,#15030,.T.);
#15045 = ORIENTED_EDGE('',*,*,#12371,.T.);
#15046 = ORIENTED_EDGE('',*,*,#15047,.F.);
#15047 = EDGE_CURVE('',#13840,#12362,#15048,.T.);
#15048 = LINE('',#15049,#15050);
#15049 = CARTESIAN_POINT('',(7.196152422707,39.,14.232050807569));
#15050 = VECTOR('',#15051,1.);
#15051 = DIRECTION('',(0.,-1.,2.2E-16));
#15052 = PLANE('',#15053);
#15053 = AXIS2_PLACEMENT_3D('',#15054,#15055,#15056);
#15054 = CARTESIAN_POINT('',(9.79422863406,39.,15.732050807569));
#15055 = DIRECTION('',(0.5,-1.9E-16,-0.866025403784));
#15056 = DIRECTION('',(-0.866025403784,-1.1E-16,-0.5));
#15057 = ADVANCED_FACE('',(#15058),#15069,.F.);
#15058 = FACE_BOUND('',#15059,.F.);
#15059 = EDGE_LOOP('',(#15060,#15061,#15062,#15063));
#15060 = ORIENTED_EDGE('',*,*,#13839,.T.);
#15061 = ORIENTED_EDGE('',*,*,#15047,.T.);
#15062 = ORIENTED_EDGE('',*,*,#12361,.F.);
#15063 = ORIENTED_EDGE('',*,*,#15064,.F.);
#15064 = EDGE_CURVE('',#13828,#12350,#15065,.T.);
#15065 = LINE('',#15066,#15067);
#15066 = CARTESIAN_POINT('',(4.598076211353,39.,15.732050807569));
#15067 = VECTOR('',#15068,1.);
#15068 = DIRECTION('',(0.,-1.,2.2E-16));
#15069 = PLANE('',#15070);
#15070 = AXIS2_PLACEMENT_3D('',#15071,#15072,#15073);
#15071 = CARTESIAN_POINT('',(7.196152422707,39.,14.232050807569));
#15072 = DIRECTION('',(-0.5,-1.9E-16,-0.866025403784));
#15073 = DIRECTION('',(-0.866025403784,1.1E-16,0.5));
#15074 = ADVANCED_FACE('',(#15075),#15086,.F.);
#15075 = FACE_BOUND('',#15076,.F.);
#15076 = EDGE_LOOP('',(#15077,#15078,#15079,#15080));
#15077 = ORIENTED_EDGE('',*,*,#13827,.T.);
#15078 = ORIENTED_EDGE('',*,*,#15064,.T.);
#15079 = ORIENTED_EDGE('',*,*,#12349,.F.);
#15080 = ORIENTED_EDGE('',*,*,#15081,.F.);
#15081 = EDGE_CURVE('',#13815,#12337,#15082,.T.);
#15082 = LINE('',#15083,#15084);
#15083 = CARTESIAN_POINT('',(4.598076211353,39.,18.732050807569));
#15084 = VECTOR('',#15085,1.);
#15085 = DIRECTION('',(0.,-1.,2.2E-16));
#15086 = PLANE('',#15087);
#15087 = AXIS2_PLACEMENT_3D('',#15088,#15089,#15090);
#15088 = CARTESIAN_POINT('',(4.598076211353,39.,15.732050807569));
#15089 = DIRECTION('',(-1.,0.,0.));
#15090 = DIRECTION('',(0.,2.2E-16,1.));
#15091 = ADVANCED_FACE('',(#15092),#15098,.F.);
#15092 = FACE_BOUND('',#15093,.F.);
#15093 = EDGE_LOOP('',(#15094,#15095,#15096,#15097));
#15094 = ORIENTED_EDGE('',*,*,#13814,.T.);
#15095 = ORIENTED_EDGE('',*,*,#15081,.T.);
#15096 = ORIENTED_EDGE('',*,*,#12336,.F.);
#15097 = ORIENTED_EDGE('',*,*,#15006,.F.);
#15098 = PLANE('',#15099);
#15099 = AXIS2_PLACEMENT_3D('',#15100,#15101,#15102);
#15100 = CARTESIAN_POINT('',(4.598076211353,39.,18.732050807569));
#15101 = DIRECTION('',(-0.5,1.9E-16,0.866025403784));
#15102 = DIRECTION('',(0.866025403784,1.1E-16,0.5));
#15103 = ADVANCED_FACE('',(#15104),#15120,.F.);
#15104 = FACE_BOUND('',#15105,.F.);
#15105 = EDGE_LOOP('',(#15106,#15107,#15113,#15114));
#15106 = ORIENTED_EDGE('',*,*,#13872,.F.);
#15107 = ORIENTED_EDGE('',*,*,#15108,.T.);
#15108 = EDGE_CURVE('',#13873,#12395,#15109,.T.);
#15109 = LINE('',#15110,#15111);
#15110 = CARTESIAN_POINT('',(3.598076211353,39.,14.));
#15111 = VECTOR('',#15112,1.);
#15112 = DIRECTION('',(0.,-1.,2.2E-16));
#15113 = ORIENTED_EDGE('',*,*,#12394,.T.);
#15114 = ORIENTED_EDGE('',*,*,#15115,.F.);
#15115 = EDGE_CURVE('',#13875,#12397,#15116,.T.);
#15116 = LINE('',#15117,#15118);
#15117 = CARTESIAN_POINT('',(6.196152422707,39.,12.5));
#15118 = VECTOR('',#15119,1.);
#15119 = DIRECTION('',(0.,-1.,2.2E-16));
#15120 = PLANE('',#15121);
#15121 = AXIS2_PLACEMENT_3D('',#15122,#15123,#15124);
#15122 = CARTESIAN_POINT('',(3.598076211353,39.,14.));
#15123 = DIRECTION('',(0.5,1.9E-16,0.866025403784));
#15124 = DIRECTION('',(0.866025403784,-1.1E-16,-0.5));
#15125 = ADVANCED_FACE('',(#15126),#15137,.F.);
#15126 = FACE_BOUND('',#15127,.F.);
#15127 = EDGE_LOOP('',(#15128,#15129,#15130,#15131));
#15128 = ORIENTED_EDGE('',*,*,#13926,.F.);
#15129 = ORIENTED_EDGE('',*,*,#15115,.T.);
#15130 = ORIENTED_EDGE('',*,*,#12448,.T.);
#15131 = ORIENTED_EDGE('',*,*,#15132,.F.);
#15132 = EDGE_CURVE('',#13916,#12438,#15133,.T.);
#15133 = LINE('',#15134,#15135);
#15134 = CARTESIAN_POINT('',(6.196152422707,39.,9.5));
#15135 = VECTOR('',#15136,1.);
#15136 = DIRECTION('',(0.,-1.,2.2E-16));
#15137 = PLANE('',#15138);
#15138 = AXIS2_PLACEMENT_3D('',#15139,#15140,#15141);
#15139 = CARTESIAN_POINT('',(6.196152422707,39.,12.5));
#15140 = DIRECTION('',(1.,0.,0.));
#15141 = DIRECTION('',(0.,-2.2E-16,-1.));
#15142 = ADVANCED_FACE('',(#15143),#15154,.F.);
#15143 = FACE_BOUND('',#15144,.F.);
#15144 = EDGE_LOOP('',(#15145,#15146,#15147,#15148));
#15145 = ORIENTED_EDGE('',*,*,#13915,.F.);
#15146 = ORIENTED_EDGE('',*,*,#15132,.T.);
#15147 = ORIENTED_EDGE('',*,*,#12437,.T.);
#15148 = ORIENTED_EDGE('',*,*,#15149,.F.);
#15149 = EDGE_CURVE('',#13906,#12428,#15150,.T.);
#15150 = LINE('',#15151,#15152);
#15151 = CARTESIAN_POINT('',(3.598076211353,39.,8.));
#15152 = VECTOR('',#15153,1.);
#15153 = DIRECTION('',(0.,-1.,2.2E-16));
#15154 = PLANE('',#15155);
#15155 = AXIS2_PLACEMENT_3D('',#15156,#15157,#15158);
#15156 = CARTESIAN_POINT('',(6.196152422707,39.,9.5));
#15157 = DIRECTION('',(0.5,-1.9E-16,-0.866025403784));
#15158 = DIRECTION('',(-0.866025403784,-1.1E-16,-0.5));
#15159 = ADVANCED_FACE('',(#15160),#15171,.F.);
#15160 = FACE_BOUND('',#15161,.F.);
#15161 = EDGE_LOOP('',(#15162,#15163,#15164,#15165));
#15162 = ORIENTED_EDGE('',*,*,#13905,.F.);
#15163 = ORIENTED_EDGE('',*,*,#15149,.T.);
#15164 = ORIENTED_EDGE('',*,*,#12427,.T.);
#15165 = ORIENTED_EDGE('',*,*,#15166,.F.);
#15166 = EDGE_CURVE('',#13896,#12418,#15167,.T.);
#15167 = LINE('',#15168,#15169);
#15168 = CARTESIAN_POINT('',(1.,39.,9.5));
#15169 = VECTOR('',#15170,1.);
#15170 = DIRECTION('',(0.,-1.,2.2E-16));
#15171 = PLANE('',#15172);
#15172 = AXIS2_PLACEMENT_3D('',#15173,#15174,#15175);
#15173 = CARTESIAN_POINT('',(3.598076211353,39.,8.));
#15174 = DIRECTION('',(-0.5,-1.9E-16,-0.866025403784));
#15175 = DIRECTION('',(-0.866025403784,1.1E-16,0.5));
#15176 = ADVANCED_FACE('',(#15177),#15188,.F.);
#15177 = FACE_BOUND('',#15178,.F.);
#15178 = EDGE_LOOP('',(#15179,#15180,#15181,#15182));
#15179 = ORIENTED_EDGE('',*,*,#13895,.T.);
#15180 = ORIENTED_EDGE('',*,*,#15166,.T.);
#15181 = ORIENTED_EDGE('',*,*,#12417,.F.);
#15182 = ORIENTED_EDGE('',*,*,#15183,.F.);
#15183 = EDGE_CURVE('',#13885,#12407,#15184,.T.);
#15184 = LINE('',#15185,#15186);
#15185 = CARTESIAN_POINT('',(1.,39.,12.5));
#15186 = VECTOR('',#15187,1.);
#15187 = DIRECTION('',(0.,-1.,2.2E-16));
#15188 = PLANE('',#15189);
#15189 = AXIS2_PLACEMENT_3D('',#15190,#15191,#15192);
#15190 = CARTESIAN_POINT('',(1.,39.,9.5));
#15191 = DIRECTION('',(-1.,0.,0.));
#15192 = DIRECTION('',(0.,2.2E-16,1.));
#15193 = ADVANCED_FACE('',(#15194),#15200,.F.);
#15194 = FACE_BOUND('',#15195,.F.);
#15195 = EDGE_LOOP('',(#15196,#15197,#15198,#15199));
#15196 = ORIENTED_EDGE('',*,*,#13884,.T.);
#15197 = ORIENTED_EDGE('',*,*,#15183,.T.);
#15198 = ORIENTED_EDGE('',*,*,#12406,.F.);
#15199 = ORIENTED_EDGE('',*,*,#15108,.F.);
#15200 = PLANE('',#15201);
#15201 = AXIS2_PLACEMENT_3D('',#15202,#15203,#15204);
#15202 = CARTESIAN_POINT('',(1.,39.,12.5));
#15203 = DIRECTION('',(-0.5,1.9E-16,0.866025403784));
#15204 = DIRECTION('',(0.866025403784,1.1E-16,0.5));
#15205 = ADVANCED_FACE('',(#15206),#15222,.F.);
#15206 = FACE_BOUND('',#15207,.F.);
#15207 = EDGE_LOOP('',(#15208,#15209,#15215,#15216));
#15208 = ORIENTED_EDGE('',*,*,#14009,.F.);
#15209 = ORIENTED_EDGE('',*,*,#15210,.T.);
#15210 = EDGE_CURVE('',#14010,#12459,#15211,.T.);
#15211 = LINE('',#15212,#15213);
#15212 = CARTESIAN_POINT('',(-8.196152422707,39.,12.5));
#15213 = VECTOR('',#15214,1.);
#15214 = DIRECTION('',(0.,-1.,2.2E-16));
#15215 = ORIENTED_EDGE('',*,*,#12458,.T.);
#15216 = ORIENTED_EDGE('',*,*,#15217,.F.);
#15217 = EDGE_CURVE('',#14012,#12461,#15218,.T.);
#15218 = LINE('',#15219,#15220);
#15219 = CARTESIAN_POINT('',(-8.196152422707,39.,9.5));
#15220 = VECTOR('',#15221,1.);
#15221 = DIRECTION('',(0.,-1.,2.2E-16));
#15222 = PLANE('',#15223);
#15223 = AXIS2_PLACEMENT_3D('',#15224,#15225,#15226);
#15224 = CARTESIAN_POINT('',(-8.196152422707,39.,12.5));
#15225 = DIRECTION('',(1.,0.,0.));
#15226 = DIRECTION('',(0.,-2.2E-16,-1.));
#15227 = ADVANCED_FACE('',(#15228),#15239,.F.);
#15228 = FACE_BOUND('',#15229,.F.);
#15229 = EDGE_LOOP('',(#15230,#15231,#15232,#15233));
#15230 = ORIENTED_EDGE('',*,*,#14068,.F.);
#15231 = ORIENTED_EDGE('',*,*,#15217,.T.);
#15232 = ORIENTED_EDGE('',*,*,#12517,.T.);
#15233 = ORIENTED_EDGE('',*,*,#15234,.F.);
#15234 = EDGE_CURVE('',#14056,#12505,#15235,.T.);
#15235 = LINE('',#15236,#15237);
#15236 = CARTESIAN_POINT('',(-10.79422863406,39.,8.));
#15237 = VECTOR('',#15238,1.);
#15238 = DIRECTION('',(0.,-1.,2.2E-16));
#15239 = PLANE('',#15240);
#15240 = AXIS2_PLACEMENT_3D('',#15241,#15242,#15243);
#15241 = CARTESIAN_POINT('',(-8.196152422707,39.,9.5));
#15242 = DIRECTION('',(0.5,-1.9E-16,-0.866025403784));
#15243 = DIRECTION('',(-0.866025403784,-1.1E-16,-0.5));
#15244 = ADVANCED_FACE('',(#15245),#15256,.F.);
#15245 = FACE_BOUND('',#15246,.F.);
#15246 = EDGE_LOOP('',(#15247,#15248,#15249,#15250));
#15247 = ORIENTED_EDGE('',*,*,#14055,.F.);
#15248 = ORIENTED_EDGE('',*,*,#15234,.T.);
#15249 = ORIENTED_EDGE('',*,*,#12504,.T.);
#15250 = ORIENTED_EDGE('',*,*,#15251,.F.);
#15251 = EDGE_CURVE('',#14046,#12495,#15252,.T.);
#15252 = LINE('',#15253,#15254);
#15253 = CARTESIAN_POINT('',(-13.39230484541,39.,9.5));
#15254 = VECTOR('',#15255,1.);
#15255 = DIRECTION('',(0.,-1.,2.2E-16));
#15256 = PLANE('',#15257);
#15257 = AXIS2_PLACEMENT_3D('',#15258,#15259,#15260);
#15258 = CARTESIAN_POINT('',(-10.79422863406,39.,8.));
#15259 = DIRECTION('',(-0.5,-1.9E-16,-0.866025403784));
#15260 = DIRECTION('',(-0.866025403784,1.1E-16,0.5));
#15261 = ADVANCED_FACE('',(#15262),#15273,.F.);
#15262 = FACE_BOUND('',#15263,.F.);
#15263 = EDGE_LOOP('',(#15264,#15265,#15266,#15267));
#15264 = ORIENTED_EDGE('',*,*,#14045,.T.);
#15265 = ORIENTED_EDGE('',*,*,#15251,.T.);
#15266 = ORIENTED_EDGE('',*,*,#12494,.F.);
#15267 = ORIENTED_EDGE('',*,*,#15268,.F.);
#15268 = EDGE_CURVE('',#14035,#12484,#15269,.T.);
#15269 = LINE('',#15270,#15271);
#15270 = CARTESIAN_POINT('',(-13.39230484541,39.,12.5));
#15271 = VECTOR('',#15272,1.);
#15272 = DIRECTION('',(0.,-1.,2.2E-16));
#15273 = PLANE('',#15274);
#15274 = AXIS2_PLACEMENT_3D('',#15275,#15276,#15277);
#15275 = CARTESIAN_POINT('',(-13.39230484541,39.,9.5));
#15276 = DIRECTION('',(-1.,0.,0.));
#15277 = DIRECTION('',(0.,2.2E-16,1.));
#15278 = ADVANCED_FACE('',(#15279),#15290,.F.);
#15279 = FACE_BOUND('',#15280,.F.);
#15280 = EDGE_LOOP('',(#15281,#15282,#15283,#15284));
#15281 = ORIENTED_EDGE('',*,*,#14034,.T.);
#15282 = ORIENTED_EDGE('',*,*,#15268,.T.);
#15283 = ORIENTED_EDGE('',*,*,#12483,.F.);
#15284 = ORIENTED_EDGE('',*,*,#15285,.F.);
#15285 = EDGE_CURVE('',#14022,#12471,#15286,.T.);
#15286 = LINE('',#15287,#15288);
#15287 = CARTESIAN_POINT('',(-10.79422863406,39.,14.));
#15288 = VECTOR('',#15289,1.);
#15289 = DIRECTION('',(0.,-1.,2.2E-16));
#15290 = PLANE('',#15291);
#15291 = AXIS2_PLACEMENT_3D('',#15292,#15293,#15294);
#15292 = CARTESIAN_POINT('',(-13.39230484541,39.,12.5));
#15293 = DIRECTION('',(-0.5,1.9E-16,0.866025403784));
#15294 = DIRECTION('',(0.866025403784,1.1E-16,0.5));
#15295 = ADVANCED_FACE('',(#15296),#15302,.F.);
#15296 = FACE_BOUND('',#15297,.F.);
#15297 = EDGE_LOOP('',(#15298,#15299,#15300,#15301));
#15298 = ORIENTED_EDGE('',*,*,#14021,.T.);
#15299 = ORIENTED_EDGE('',*,*,#15285,.T.);
#15300 = ORIENTED_EDGE('',*,*,#12470,.F.);
#15301 = ORIENTED_EDGE('',*,*,#15210,.F.);
#15302 = PLANE('',#15303);
#15303 = AXIS2_PLACEMENT_3D('',#15304,#15305,#15306);
#15304 = CARTESIAN_POINT('',(-10.79422863406,39.,14.));
#15305 = DIRECTION('',(0.5,1.9E-16,0.866025403784));
#15306 = DIRECTION('',(0.866025403784,-1.1E-16,-0.5));
#15307 = ADVANCED_FACE('',(#15308),#15324,.F.);
#15308 = FACE_BOUND('',#15309,.F.);
#15309 = EDGE_LOOP('',(#15310,#15311,#15317,#15318));
#15310 = ORIENTED_EDGE('',*,*,#14079,.F.);
#15311 = ORIENTED_EDGE('',*,*,#15312,.T.);
#15312 = EDGE_CURVE('',#14080,#12529,#15313,.T.);
#15313 = LINE('',#15314,#15315);
#15314 = CARTESIAN_POINT('',(-3.598076211353,39.,14.));
#15315 = VECTOR('',#15316,1.);
#15316 = DIRECTION('',(0.,-1.,2.2E-16));
#15317 = ORIENTED_EDGE('',*,*,#12528,.T.);
#15318 = ORIENTED_EDGE('',*,*,#15319,.F.);
#15319 = EDGE_CURVE('',#14082,#12531,#15320,.T.);
#15320 = LINE('',#15321,#15322);
#15321 = CARTESIAN_POINT('',(-1.,39.,12.5));
#15322 = VECTOR('',#15323,1.);
#15323 = DIRECTION('',(0.,-1.,2.2E-16));
#15324 = PLANE('',#15325);
#15325 = AXIS2_PLACEMENT_3D('',#15326,#15327,#15328);
#15326 = CARTESIAN_POINT('',(-3.598076211353,39.,14.));
#15327 = DIRECTION('',(0.5,1.9E-16,0.866025403784));
#15328 = DIRECTION('',(0.866025403784,-1.1E-16,-0.5));
#15329 = ADVANCED_FACE('',(#15330),#15341,.F.);
#15330 = FACE_BOUND('',#15331,.F.);
#15331 = EDGE_LOOP('',(#15332,#15333,#15334,#15335));
#15332 = ORIENTED_EDGE('',*,*,#14133,.F.);
#15333 = ORIENTED_EDGE('',*,*,#15319,.T.);
#15334 = ORIENTED_EDGE('',*,*,#12582,.T.);
#15335 = ORIENTED_EDGE('',*,*,#15336,.F.);
#15336 = EDGE_CURVE('',#14124,#12573,#15337,.T.);
#15337 = LINE('',#15338,#15339);
#15338 = CARTESIAN_POINT('',(-1.,39.,9.5));
#15339 = VECTOR('',#15340,1.);
#15340 = DIRECTION('',(0.,-1.,2.2E-16));
#15341 = PLANE('',#15342);
#15342 = AXIS2_PLACEMENT_3D('',#15343,#15344,#15345);
#15343 = CARTESIAN_POINT('',(-1.,39.,12.5));
#15344 = DIRECTION('',(1.,0.,4.E-17));
#15345 = DIRECTION('',(4.E-17,-2.2E-16,-1.));
#15346 = ADVANCED_FACE('',(#15347),#15358,.F.);
#15347 = FACE_BOUND('',#15348,.F.);
#15348 = EDGE_LOOP('',(#15349,#15350,#15351,#15352));
#15349 = ORIENTED_EDGE('',*,*,#14123,.F.);
#15350 = ORIENTED_EDGE('',*,*,#15336,.T.);
#15351 = ORIENTED_EDGE('',*,*,#12572,.T.);
#15352 = ORIENTED_EDGE('',*,*,#15353,.F.);
#15353 = EDGE_CURVE('',#14113,#12562,#15354,.T.);
#15354 = LINE('',#15355,#15356);
#15355 = CARTESIAN_POINT('',(-3.598076211353,39.,8.));
#15356 = VECTOR('',#15357,1.);
#15357 = DIRECTION('',(0.,-1.,2.2E-16));
#15358 = PLANE('',#15359);
#15359 = AXIS2_PLACEMENT_3D('',#15360,#15361,#15362);
#15360 = CARTESIAN_POINT('',(-1.,39.,9.5));
#15361 = DIRECTION('',(0.5,-1.9E-16,-0.866025403784));
#15362 = DIRECTION('',(-0.866025403784,-1.1E-16,-0.5));
#15363 = ADVANCED_FACE('',(#15364),#15375,.F.);
#15364 = FACE_BOUND('',#15365,.F.);
#15365 = EDGE_LOOP('',(#15366,#15367,#15368,#15369));
#15366 = ORIENTED_EDGE('',*,*,#14112,.F.);
#15367 = ORIENTED_EDGE('',*,*,#15353,.T.);
#15368 = ORIENTED_EDGE('',*,*,#12561,.T.);
#15369 = ORIENTED_EDGE('',*,*,#15370,.F.);
#15370 = EDGE_CURVE('',#14103,#12552,#15371,.T.);
#15371 = LINE('',#15372,#15373);
#15372 = CARTESIAN_POINT('',(-6.196152422707,39.,9.5));
#15373 = VECTOR('',#15374,1.);
#15374 = DIRECTION('',(0.,-1.,2.2E-16));
#15375 = PLANE('',#15376);
#15376 = AXIS2_PLACEMENT_3D('',#15377,#15378,#15379);
#15377 = CARTESIAN_POINT('',(-3.598076211353,39.,8.));
#15378 = DIRECTION('',(-0.5,-1.9E-16,-0.866025403784));
#15379 = DIRECTION('',(-0.866025403784,1.1E-16,0.5));
#15380 = ADVANCED_FACE('',(#15381),#15392,.F.);
#15381 = FACE_BOUND('',#15382,.F.);
#15382 = EDGE_LOOP('',(#15383,#15384,#15385,#15386));
#15383 = ORIENTED_EDGE('',*,*,#14102,.T.);
#15384 = ORIENTED_EDGE('',*,*,#15370,.T.);
#15385 = ORIENTED_EDGE('',*,*,#12551,.F.);
#15386 = ORIENTED_EDGE('',*,*,#15387,.F.);
#15387 = EDGE_CURVE('',#14093,#12542,#15388,.T.);
#15388 = LINE('',#15389,#15390);
#15389 = CARTESIAN_POINT('',(-6.196152422707,39.,12.5));
#15390 = VECTOR('',#15391,1.);
#15391 = DIRECTION('',(0.,-1.,2.2E-16));
#15392 = PLANE('',#15393);
#15393 = AXIS2_PLACEMENT_3D('',#15394,#15395,#15396);
#15394 = CARTESIAN_POINT('',(-6.196152422707,39.,9.5));
#15395 = DIRECTION('',(-1.,0.,0.));
#15396 = DIRECTION('',(0.,2.2E-16,1.));
#15397 = ADVANCED_FACE('',(#15398),#15404,.F.);
#15398 = FACE_BOUND('',#15399,.F.);
#15399 = EDGE_LOOP('',(#15400,#15401,#15402,#15403));
#15400 = ORIENTED_EDGE('',*,*,#14092,.T.);
#15401 = ORIENTED_EDGE('',*,*,#15387,.T.);
#15402 = ORIENTED_EDGE('',*,*,#12541,.F.);
#15403 = ORIENTED_EDGE('',*,*,#15312,.F.);
#15404 = PLANE('',#15405);
#15405 = AXIS2_PLACEMENT_3D('',#15406,#15407,#15408);
#15406 = CARTESIAN_POINT('',(-6.196152422707,39.,12.5));
#15407 = DIRECTION('',(-0.5,1.9E-16,0.866025403784));
#15408 = DIRECTION('',(0.866025403784,1.1E-16,0.5));
#15409 = ADVANCED_FACE('',(#15410),#15426,.F.);
#15410 = FACE_BOUND('',#15411,.F.);
#15411 = EDGE_LOOP('',(#15412,#15413,#15419,#15420));
#15412 = ORIENTED_EDGE('',*,*,#14143,.F.);
#15413 = ORIENTED_EDGE('',*,*,#15414,.T.);
#15414 = EDGE_CURVE('',#14144,#12593,#15415,.T.);
#15415 = LINE('',#15416,#15417);
#15416 = CARTESIAN_POINT('',(-4.598076211353,39.,6.267949192431));
#15417 = VECTOR('',#15418,1.);
#15418 = DIRECTION('',(0.,-1.,2.2E-16));
#15419 = ORIENTED_EDGE('',*,*,#12592,.T.);
#15420 = ORIENTED_EDGE('',*,*,#15421,.F.);
#15421 = EDGE_CURVE('',#14146,#12595,#15422,.T.);
#15422 = LINE('',#15423,#15424);
#15423 = CARTESIAN_POINT('',(-4.598076211353,39.,3.267949192431));
#15424 = VECTOR('',#15425,1.);
#15425 = DIRECTION('',(0.,-1.,2.2E-16));
#15426 = PLANE('',#15427);
#15427 = AXIS2_PLACEMENT_3D('',#15428,#15429,#15430);
#15428 = CARTESIAN_POINT('',(-4.598076211353,39.,6.267949192431));
#15429 = DIRECTION('',(1.,0.,0.));
#15430 = DIRECTION('',(0.,-2.2E-16,-1.));
#15431 = ADVANCED_FACE('',(#15432),#15443,.F.);
#15432 = FACE_BOUND('',#15433,.F.);
#15433 = EDGE_LOOP('',(#15434,#15435,#15436,#15437));
#15434 = ORIENTED_EDGE('',*,*,#14198,.F.);
#15435 = ORIENTED_EDGE('',*,*,#15421,.T.);
#15436 = ORIENTED_EDGE('',*,*,#12647,.T.);
#15437 = ORIENTED_EDGE('',*,*,#15438,.F.);
#15438 = EDGE_CURVE('',#14188,#12637,#15439,.T.);
#15439 = LINE('',#15440,#15441);
#15440 = CARTESIAN_POINT('',(-7.196152422707,39.,1.767949192431));
#15441 = VECTOR('',#15442,1.);
#15442 = DIRECTION('',(0.,-1.,2.2E-16));
#15443 = PLANE('',#15444);
#15444 = AXIS2_PLACEMENT_3D('',#15445,#15446,#15447);
#15445 = CARTESIAN_POINT('',(-4.598076211353,39.,3.267949192431));
#15446 = DIRECTION('',(0.5,-1.9E-16,-0.866025403784));
#15447 = DIRECTION('',(-0.866025403784,-1.1E-16,-0.5));
#15448 = ADVANCED_FACE('',(#15449),#15460,.F.);
#15449 = FACE_BOUND('',#15450,.F.);
#15450 = EDGE_LOOP('',(#15451,#15452,#15453,#15454));
#15451 = ORIENTED_EDGE('',*,*,#14187,.F.);
#15452 = ORIENTED_EDGE('',*,*,#15438,.T.);
#15453 = ORIENTED_EDGE('',*,*,#12636,.T.);
#15454 = ORIENTED_EDGE('',*,*,#15455,.F.);
#15455 = EDGE_CURVE('',#14178,#12627,#15456,.T.);
#15456 = LINE('',#15457,#15458);
#15457 = CARTESIAN_POINT('',(-9.79422863406,39.,3.267949192431));
#15458 = VECTOR('',#15459,1.);
#15459 = DIRECTION('',(0.,-1.,2.2E-16));
#15460 = PLANE('',#15461);
#15461 = AXIS2_PLACEMENT_3D('',#15462,#15463,#15464);
#15462 = CARTESIAN_POINT('',(-7.196152422707,39.,1.767949192431));
#15463 = DIRECTION('',(-0.5,-1.9E-16,-0.866025403784));
#15464 = DIRECTION('',(-0.866025403784,1.1E-16,0.5));
#15465 = ADVANCED_FACE('',(#15466),#15477,.F.);
#15466 = FACE_BOUND('',#15467,.F.);
#15467 = EDGE_LOOP('',(#15468,#15469,#15470,#15471));
#15468 = ORIENTED_EDGE('',*,*,#14177,.T.);
#15469 = ORIENTED_EDGE('',*,*,#15455,.T.);
#15470 = ORIENTED_EDGE('',*,*,#12626,.F.);
#15471 = ORIENTED_EDGE('',*,*,#15472,.F.);
#15472 = EDGE_CURVE('',#14167,#12616,#15473,.T.);
#15473 = LINE('',#15474,#15475);
#15474 = CARTESIAN_POINT('',(-9.79422863406,39.,6.267949192431));
#15475 = VECTOR('',#15476,1.);
#15476 = DIRECTION('',(0.,-1.,2.2E-16));
#15477 = PLANE('',#15478);
#15478 = AXIS2_PLACEMENT_3D('',#15479,#15480,#15481);
#15479 = CARTESIAN_POINT('',(-9.79422863406,39.,3.267949192431));
#15480 = DIRECTION('',(-1.,0.,0.));
#15481 = DIRECTION('',(0.,2.2E-16,1.));
#15482 = ADVANCED_FACE('',(#15483),#15494,.F.);
#15483 = FACE_BOUND('',#15484,.F.);
#15484 = EDGE_LOOP('',(#15485,#15486,#15487,#15488));
#15485 = ORIENTED_EDGE('',*,*,#14166,.T.);
#15486 = ORIENTED_EDGE('',*,*,#15472,.T.);
#15487 = ORIENTED_EDGE('',*,*,#12615,.F.);
#15488 = ORIENTED_EDGE('',*,*,#15489,.F.);
#15489 = EDGE_CURVE('',#14156,#12605,#15490,.T.);
#15490 = LINE('',#15491,#15492);
#15491 = CARTESIAN_POINT('',(-7.196152422707,39.,7.767949192431));
#15492 = VECTOR('',#15493,1.);
#15493 = DIRECTION('',(0.,-1.,2.2E-16));
#15494 = PLANE('',#15495);
#15495 = AXIS2_PLACEMENT_3D('',#15496,#15497,#15498);
#15496 = CARTESIAN_POINT('',(-9.79422863406,39.,6.267949192431));
#15497 = DIRECTION('',(-0.5,1.9E-16,0.866025403784));
#15498 = DIRECTION('',(0.866025403784,1.1E-16,0.5));
#15499 = ADVANCED_FACE('',(#15500),#15506,.F.);
#15500 = FACE_BOUND('',#15501,.F.);
#15501 = EDGE_LOOP('',(#15502,#15503,#15504,#15505));
#15502 = ORIENTED_EDGE('',*,*,#14155,.T.);
#15503 = ORIENTED_EDGE('',*,*,#15489,.T.);
#15504 = ORIENTED_EDGE('',*,*,#12604,.F.);
#15505 = ORIENTED_EDGE('',*,*,#15414,.F.);
#15506 = PLANE('',#15507);
#15507 = AXIS2_PLACEMENT_3D('',#15508,#15509,#15510);
#15508 = CARTESIAN_POINT('',(-7.196152422707,39.,7.767949192431));
#15509 = DIRECTION('',(0.5,1.9E-16,0.866025403784));
#15510 = DIRECTION('',(0.866025403784,-1.1E-16,-0.5));
#15511 = ADVANCED_FACE('',(#15512),#15528,.F.);
#15512 = FACE_BOUND('',#15513,.F.);
#15513 = EDGE_LOOP('',(#15514,#15515,#15521,#15522));
#15514 = ORIENTED_EDGE('',*,*,#13936,.F.);
#15515 = ORIENTED_EDGE('',*,*,#15516,.T.);
#15516 = EDGE_CURVE('',#13937,#12658,#15517,.T.);
#15517 = LINE('',#15518,#15519);
#15518 = CARTESIAN_POINT('',(10.79422863406,39.,14.));
#15519 = VECTOR('',#15520,1.);
#15520 = DIRECTION('',(0.,-1.,2.2E-16));
#15521 = ORIENTED_EDGE('',*,*,#12657,.T.);
#15522 = ORIENTED_EDGE('',*,*,#15523,.F.);
#15523 = EDGE_CURVE('',#13939,#12660,#15524,.T.);
#15524 = LINE('',#15525,#15526);
#15525 = CARTESIAN_POINT('',(13.392304845413,39.,12.5));
#15526 = VECTOR('',#15527,1.);
#15527 = DIRECTION('',(0.,-1.,2.2E-16));
#15528 = PLANE('',#15529);
#15529 = AXIS2_PLACEMENT_3D('',#15530,#15531,#15532);
#15530 = CARTESIAN_POINT('',(10.79422863406,39.,14.));
#15531 = DIRECTION('',(0.5,1.9E-16,0.866025403784));
#15532 = DIRECTION('',(0.866025403784,-1.1E-16,-0.5));
#15533 = ADVANCED_FACE('',(#15534),#15545,.F.);
#15534 = FACE_BOUND('',#15535,.F.);
#15535 = EDGE_LOOP('',(#15536,#15537,#15538,#15539));
#15536 = ORIENTED_EDGE('',*,*,#13999,.F.);
#15537 = ORIENTED_EDGE('',*,*,#15523,.T.);
#15538 = ORIENTED_EDGE('',*,*,#12720,.T.);
#15539 = ORIENTED_EDGE('',*,*,#15540,.F.);
#15540 = EDGE_CURVE('',#13984,#12705,#15541,.T.);
#15541 = LINE('',#15542,#15543);
#15542 = CARTESIAN_POINT('',(13.392304845413,39.,9.5));
#15543 = VECTOR('',#15544,1.);
#15544 = DIRECTION('',(0.,-1.,2.2E-16));
#15545 = PLANE('',#15546);
#15546 = AXIS2_PLACEMENT_3D('',#15547,#15548,#15549);
#15547 = CARTESIAN_POINT('',(13.392304845413,39.,12.5));
#15548 = DIRECTION('',(1.,0.,0.));
#15549 = DIRECTION('',(0.,-2.2E-16,-1.));
#15550 = ADVANCED_FACE('',(#15551),#15562,.F.);
#15551 = FACE_BOUND('',#15552,.F.);
#15552 = EDGE_LOOP('',(#15553,#15554,#15555,#15556));
#15553 = ORIENTED_EDGE('',*,*,#13983,.F.);
#15554 = ORIENTED_EDGE('',*,*,#15540,.T.);
#15555 = ORIENTED_EDGE('',*,*,#12704,.T.);
#15556 = ORIENTED_EDGE('',*,*,#15557,.F.);
#15557 = EDGE_CURVE('',#13973,#12694,#15558,.T.);
#15558 = LINE('',#15559,#15560);
#15559 = CARTESIAN_POINT('',(10.79422863406,39.,8.));
#15560 = VECTOR('',#15561,1.);
#15561 = DIRECTION('',(0.,-1.,2.2E-16));
#15562 = PLANE('',#15563);
#15563 = AXIS2_PLACEMENT_3D('',#15564,#15565,#15566);
#15564 = CARTESIAN_POINT('',(13.392304845413,39.,9.5));
#15565 = DIRECTION('',(0.5,-1.9E-16,-0.866025403784));
#15566 = DIRECTION('',(-0.866025403784,-1.1E-16,-0.5));
#15567 = ADVANCED_FACE('',(#15568),#15579,.F.);
#15568 = FACE_BOUND('',#15569,.F.);
#15569 = EDGE_LOOP('',(#15570,#15571,#15572,#15573));
#15570 = ORIENTED_EDGE('',*,*,#13972,.T.);
#15571 = ORIENTED_EDGE('',*,*,#15557,.T.);
#15572 = ORIENTED_EDGE('',*,*,#12693,.F.);
#15573 = ORIENTED_EDGE('',*,*,#15574,.F.);
#15574 = EDGE_CURVE('',#13963,#12684,#15575,.T.);
#15575 = LINE('',#15576,#15577);
#15576 = CARTESIAN_POINT('',(8.196152422707,39.,9.5));
#15577 = VECTOR('',#15578,1.);
#15578 = DIRECTION('',(0.,-1.,2.2E-16));
#15579 = PLANE('',#15580);
#15580 = AXIS2_PLACEMENT_3D('',#15581,#15582,#15583);
#15581 = CARTESIAN_POINT('',(10.79422863406,39.,8.));
#15582 = DIRECTION('',(-0.5,-1.9E-16,-0.866025403784));
#15583 = DIRECTION('',(-0.866025403784,1.1E-16,0.5));
#15584 = ADVANCED_FACE('',(#15585),#15596,.F.);
#15585 = FACE_BOUND('',#15586,.F.);
#15586 = EDGE_LOOP('',(#15587,#15588,#15589,#15590));
#15587 = ORIENTED_EDGE('',*,*,#13962,.T.);
#15588 = ORIENTED_EDGE('',*,*,#15574,.T.);
#15589 = ORIENTED_EDGE('',*,*,#12683,.F.);
#15590 = ORIENTED_EDGE('',*,*,#15591,.F.);
#15591 = EDGE_CURVE('',#13950,#12671,#15592,.T.);
#15592 = LINE('',#15593,#15594);
#15593 = CARTESIAN_POINT('',(8.196152422707,39.,12.5));
#15594 = VECTOR('',#15595,1.);
#15595 = DIRECTION('',(0.,-1.,2.2E-16));
#15596 = PLANE('',#15597);
#15597 = AXIS2_PLACEMENT_3D('',#15598,#15599,#15600);
#15598 = CARTESIAN_POINT('',(8.196152422707,39.,9.5));
#15599 = DIRECTION('',(-1.,0.,0.));
#15600 = DIRECTION('',(0.,2.2E-16,1.));
#15601 = ADVANCED_FACE('',(#15602),#15608,.F.);
#15602 = FACE_BOUND('',#15603,.F.);
#15603 = EDGE_LOOP('',(#15604,#15605,#15606,#15607));
#15604 = ORIENTED_EDGE('',*,*,#13949,.T.);
#15605 = ORIENTED_EDGE('',*,*,#15591,.T.);
#15606 = ORIENTED_EDGE('',*,*,#12670,.F.);
#15607 = ORIENTED_EDGE('',*,*,#15516,.F.);
#15608 = PLANE('',#15609);
#15609 = AXIS2_PLACEMENT_3D('',#15610,#15611,#15612);
#15610 = CARTESIAN_POINT('',(8.196152422707,39.,12.5));
#15611 = DIRECTION('',(-0.5,1.9E-16,0.866025403784));
#15612 = DIRECTION('',(0.866025403784,1.1E-16,0.5));
#15613 = ADVANCED_FACE('',(#15614),#15630,.F.);
#15614 = FACE_BOUND('',#15615,.F.);
#15615 = EDGE_LOOP('',(#15616,#15617,#15623,#15624));
#15616 = ORIENTED_EDGE('',*,*,#14209,.F.);
#15617 = ORIENTED_EDGE('',*,*,#15618,.T.);
#15618 = EDGE_CURVE('',#14210,#12731,#15619,.T.);
#15619 = LINE('',#15620,#15621);
#15620 = CARTESIAN_POINT('',(2.598076211353,39.,6.267949192431));
#15621 = VECTOR('',#15622,1.);
#15622 = DIRECTION('',(0.,-1.,2.2E-16));
#15623 = ORIENTED_EDGE('',*,*,#12730,.T.);
#15624 = ORIENTED_EDGE('',*,*,#15625,.F.);
#15625 = EDGE_CURVE('',#14212,#12733,#15626,.T.);
#15626 = LINE('',#15627,#15628);
#15627 = CARTESIAN_POINT('',(2.598076211353,39.,3.267949192431));
#15628 = VECTOR('',#15629,1.);
#15629 = DIRECTION('',(0.,-1.,2.2E-16));
#15630 = PLANE('',#15631);
#15631 = AXIS2_PLACEMENT_3D('',#15632,#15633,#15634);
#15632 = CARTESIAN_POINT('',(2.598076211353,39.,6.267949192431));
#15633 = DIRECTION('',(1.,0.,1.5E-16));
#15634 = DIRECTION('',(1.5E-16,-2.2E-16,-1.));
#15635 = ADVANCED_FACE('',(#15636),#15647,.F.);
#15636 = FACE_BOUND('',#15637,.F.);
#15637 = EDGE_LOOP('',(#15638,#15639,#15640,#15641));
#15638 = ORIENTED_EDGE('',*,*,#14261,.F.);
#15639 = ORIENTED_EDGE('',*,*,#15625,.T.);
#15640 = ORIENTED_EDGE('',*,*,#12782,.T.);
#15641 = ORIENTED_EDGE('',*,*,#15642,.F.);
#15642 = EDGE_CURVE('',#14252,#12773,#15643,.T.);
#15643 = LINE('',#15644,#15645);
#15644 = CARTESIAN_POINT('',(8.E-16,39.,1.767949192431));
#15645 = VECTOR('',#15646,1.);
#15646 = DIRECTION('',(0.,-1.,2.2E-16));
#15647 = PLANE('',#15648);
#15648 = AXIS2_PLACEMENT_3D('',#15649,#15650,#15651);
#15649 = CARTESIAN_POINT('',(2.598076211353,39.,3.267949192431));
#15650 = DIRECTION('',(0.5,-1.9E-16,-0.866025403784));
#15651 = DIRECTION('',(-0.866025403784,-1.1E-16,-0.5));
#15652 = ADVANCED_FACE('',(#15653),#15664,.F.);
#15653 = FACE_BOUND('',#15654,.F.);
#15654 = EDGE_LOOP('',(#15655,#15656,#15657,#15658));
#15655 = ORIENTED_EDGE('',*,*,#14251,.F.);
#15656 = ORIENTED_EDGE('',*,*,#15642,.T.);
#15657 = ORIENTED_EDGE('',*,*,#12772,.T.);
#15658 = ORIENTED_EDGE('',*,*,#15659,.F.);
#15659 = EDGE_CURVE('',#14242,#12763,#15660,.T.);
#15660 = LINE('',#15661,#15662);
#15661 = CARTESIAN_POINT('',(-2.598076211353,39.,3.267949192431));
#15662 = VECTOR('',#15663,1.);
#15663 = DIRECTION('',(0.,-1.,2.2E-16));
#15664 = PLANE('',#15665);
#15665 = AXIS2_PLACEMENT_3D('',#15666,#15667,#15668);
#15666 = CARTESIAN_POINT('',(7.E-16,39.,1.767949192431));
#15667 = DIRECTION('',(-0.5,-1.9E-16,-0.866025403784));
#15668 = DIRECTION('',(-0.866025403784,1.1E-16,0.5));
#15669 = ADVANCED_FACE('',(#15670),#15681,.F.);
#15670 = FACE_BOUND('',#15671,.F.);
#15671 = EDGE_LOOP('',(#15672,#15673,#15674,#15675));
#15672 = ORIENTED_EDGE('',*,*,#14241,.T.);
#15673 = ORIENTED_EDGE('',*,*,#15659,.T.);
#15674 = ORIENTED_EDGE('',*,*,#12762,.F.);
#15675 = ORIENTED_EDGE('',*,*,#15676,.F.);
#15676 = EDGE_CURVE('',#14232,#12753,#15677,.T.);
#15677 = LINE('',#15678,#15679);
#15678 = CARTESIAN_POINT('',(-2.598076211353,39.,6.267949192431));
#15679 = VECTOR('',#15680,1.);
#15680 = DIRECTION('',(0.,-1.,2.2E-16));
#15681 = PLANE('',#15682);
#15682 = AXIS2_PLACEMENT_3D('',#15683,#15684,#15685);
#15683 = CARTESIAN_POINT('',(-2.598076211353,39.,3.267949192431));
#15684 = DIRECTION('',(-1.,-0.,-1.5E-16));
#15685 = DIRECTION('',(-1.5E-16,2.2E-16,1.));
#15686 = ADVANCED_FACE('',(#15687),#15698,.F.);
#15687 = FACE_BOUND('',#15688,.F.);
#15688 = EDGE_LOOP('',(#15689,#15690,#15691,#15692));
#15689 = ORIENTED_EDGE('',*,*,#14231,.T.);
#15690 = ORIENTED_EDGE('',*,*,#15676,.T.);
#15691 = ORIENTED_EDGE('',*,*,#12752,.F.);
#15692 = ORIENTED_EDGE('',*,*,#15693,.F.);
#15693 = EDGE_CURVE('',#14222,#12743,#15694,.T.);
#15694 = LINE('',#15695,#15696);
#15695 = CARTESIAN_POINT('',(0.,39.,7.767949192431));
#15696 = VECTOR('',#15697,1.);
#15697 = DIRECTION('',(0.,-1.,2.2E-16));
#15698 = PLANE('',#15699);
#15699 = AXIS2_PLACEMENT_3D('',#15700,#15701,#15702);
#15700 = CARTESIAN_POINT('',(-2.598076211353,39.,6.267949192431));
#15701 = DIRECTION('',(-0.5,1.9E-16,0.866025403784));
#15702 = DIRECTION('',(0.866025403784,1.1E-16,0.5));
#15703 = ADVANCED_FACE('',(#15704),#15710,.F.);
#15704 = FACE_BOUND('',#15705,.F.);
#15705 = EDGE_LOOP('',(#15706,#15707,#15708,#15709));
#15706 = ORIENTED_EDGE('',*,*,#14221,.T.);
#15707 = ORIENTED_EDGE('',*,*,#15693,.T.);
#15708 = ORIENTED_EDGE('',*,*,#12742,.F.);
#15709 = ORIENTED_EDGE('',*,*,#15618,.F.);
#15710 = PLANE('',#15711);
#15711 = AXIS2_PLACEMENT_3D('',#15712,#15713,#15714);
#15712 = CARTESIAN_POINT('',(0.,39.,7.767949192431));
#15713 = DIRECTION('',(0.5,1.9E-16,0.866025403784));
#15714 = DIRECTION('',(0.866025403784,-1.1E-16,-0.5));
#15715 = ADVANCED_FACE('',(#15716),#15730,.T.);
#15716 = FACE_BOUND('',#15717,.T.);
#15717 = EDGE_LOOP('',(#15718,#15719,#15720,#15721,#15722,#15723,#15724,
    #15725,#15726,#15727,#15728,#15729));
#15718 = ORIENTED_EDGE('',*,*,#13148,.T.);
#15719 = ORIENTED_EDGE('',*,*,#12868,.T.);
#15720 = ORIENTED_EDGE('',*,*,#12901,.T.);
#15721 = ORIENTED_EDGE('',*,*,#12927,.T.);
#15722 = ORIENTED_EDGE('',*,*,#12944,.T.);
#15723 = ORIENTED_EDGE('',*,*,#12977,.T.);
#15724 = ORIENTED_EDGE('',*,*,#13003,.T.);
#15725 = ORIENTED_EDGE('',*,*,#13020,.T.);
#15726 = ORIENTED_EDGE('',*,*,#13053,.T.);
#15727 = ORIENTED_EDGE('',*,*,#13079,.T.);
#15728 = ORIENTED_EDGE('',*,*,#13096,.T.);
#15729 = ORIENTED_EDGE('',*,*,#13129,.T.);
#15730 = PLANE('',#15731);
#15731 = AXIS2_PLACEMENT_3D('',#15732,#15733,#15734);
#15732 = CARTESIAN_POINT('',(37.5,-4.36E-15,26.911377245509));
#15733 = DIRECTION('',(1.,0.,-8.3E-16));
#15734 = DIRECTION('',(8.3E-16,0.,1.));
#15735 = ADVANCED_FACE('',(#15736),#15741,.F.);
#15736 = FACE_BOUND('',#15737,.F.);
#15737 = EDGE_LOOP('',(#15738,#15739,#15740));
#15738 = ORIENTED_EDGE('',*,*,#13178,.T.);
#15739 = ORIENTED_EDGE('',*,*,#14333,.T.);
#15740 = ORIENTED_EDGE('',*,*,#14315,.T.);
#15741 = CYLINDRICAL_SURFACE('',#15742,12.976643471702);
#15742 = AXIS2_PLACEMENT_3D('',#15743,#15744,#15745);
#15743 = CARTESIAN_POINT('',(-33.16884091691,-4.56E-14,0.));
#15744 = DIRECTION('',(0.,0.,-1.));
#15745 = DIRECTION('',(1.,0.,0.));
#15746 = ADVANCED_FACE('',(#15747),#15751,.T.);
#15747 = FACE_BOUND('',#15748,.T.);
#15748 = EDGE_LOOP('',(#15749,#15750));
#15749 = ORIENTED_EDGE('',*,*,#14688,.F.);
#15750 = ORIENTED_EDGE('',*,*,#13230,.T.);
#15751 = CYLINDRICAL_SURFACE('',#15752,4.448558813737);
#15752 = AXIS2_PLACEMENT_3D('',#15753,#15754,#15755);
#15753 = CARTESIAN_POINT('',(-30.446,-15.,0.));
#15754 = DIRECTION('',(0.,0.,-1.));
#15755 = DIRECTION('',(1.,0.,0.));
#15756 = ADVANCED_FACE('',(#15757),#15768,.F.);
#15757 = FACE_BOUND('',#15758,.F.);
#15758 = EDGE_LOOP('',(#15759,#15765,#15766,#15767));
#15759 = ORIENTED_EDGE('',*,*,#15760,.F.);
#15760 = EDGE_CURVE('',#14714,#13388,#15761,.T.);
#15761 = LINE('',#15762,#15763);
#15762 = CARTESIAN_POINT('',(-28.846,-15.,0.));
#15763 = VECTOR('',#15764,1.);
#15764 = DIRECTION('',(0.,0.,1.));
#15765 = ORIENTED_EDGE('',*,*,#14713,.F.);
#15766 = ORIENTED_EDGE('',*,*,#15760,.T.);
#15767 = ORIENTED_EDGE('',*,*,#13387,.T.);
#15768 = CYLINDRICAL_SURFACE('',#15769,1.6);
#15769 = AXIS2_PLACEMENT_3D('',#15770,#15771,#15772);
#15770 = CARTESIAN_POINT('',(-30.446,-15.,0.));
#15771 = DIRECTION('',(0.,0.,-1.));
#15772 = DIRECTION('',(1.,0.,0.));
#15773 = ADVANCED_FACE('',(#15774),#15780,.T.);
#15774 = FACE_BOUND('',#15775,.T.);
#15775 = EDGE_LOOP('',(#15776,#15777,#15778,#15779));
#15776 = ORIENTED_EDGE('',*,*,#14699,.F.);
#15777 = ORIENTED_EDGE('',*,*,#14508,.F.);
#15778 = ORIENTED_EDGE('',*,*,#13466,.T.);
#15779 = ORIENTED_EDGE('',*,*,#13613,.T.);
#15780 = B_SPLINE_SURFACE_WITH_KNOTS('',8,1,(
    (#15781,#15782)
    ,(#15783,#15784)
    ,(#15785,#15786)
    ,(#15787,#15788)
    ,(#15789,#15790)
    ,(#15791,#15792)
    ,(#15793,#15794)
    ,(#15795,#15796)
    ,(#15797,#15798
    )),.UNSPECIFIED.,.F.,.F.,.F.,(9,9),(2,2),(1.,2.),(0.,22.),
  .PIECEWISE_BEZIER_KNOTS.);
#15781 = CARTESIAN_POINT('',(-35.121,-12.,22.));
#15782 = CARTESIAN_POINT('',(-33.26222338233,-11.20867947903,0.));
#15783 = CARTESIAN_POINT('',(-35.12099999999,-14.8667032964,22.));
#15784 = CARTESIAN_POINT('',(-32.45346743692,-13.60869644519,0.));
#15785 = CARTESIAN_POINT('',(-34.47771248116,-17.73340749516,22.));
#15786 = CARTESIAN_POINT('',(-31.44680106343,-15.94202118229,0.));
#15787 = CARTESIAN_POINT('',(-33.19114376172,-20.43169322129,22.));
#15788 = CARTESIAN_POINT('',(-30.2486391353,-18.18961547447,0.));
#15789 = CARTESIAN_POINT('',(-31.31417783438,-22.79317783438,22.));
#15790 = CARTESIAN_POINT('',(-28.86759800766,-20.33317648446,0.));
#15791 = CARTESIAN_POINT('',(-28.95269322129,-24.67014376172,22.));
#15792 = CARTESIAN_POINT('',(-27.31438231296,-22.35546464532,0.));
#15793 = CARTESIAN_POINT('',(-26.25440749516,-25.95671248116,22.));
#15794 = CARTESIAN_POINT('',(-25.60161928794,-24.24059459532,0.));
#15795 = CARTESIAN_POINT('',(-23.3877032964,-26.6,22.));
#15796 = CARTESIAN_POINT('',(-23.74364063187,-25.97428915604,0.));
#15797 = CARTESIAN_POINT('',(-20.521,-26.6,22.));
#15798 = CARTESIAN_POINT('',(-21.75621189608,-27.54409635353,0.));
#15799 = ( GEOMETRIC_REPRESENTATION_CONTEXT(3) 
GLOBAL_UNCERTAINTY_ASSIGNED_CONTEXT((#15803)) 
GLOBAL_UNIT_ASSIGNED_CONTEXT((#15800,#15801,#15802)) 
REPRESENTATION_CONTEXT('Context #1',
  '3D Context with UNIT and UNCERTAINTY') );
#15800 = ( LENGTH_UNIT() NAMED_UNIT(*) SI_UNIT(.MILLI.,.METRE.) );
#15801 = ( NAMED_UNIT(*) PLANE_ANGLE_UNIT() SI_UNIT($,.RADIAN.) );
#15802 = ( NAMED_UNIT(*) SI_UNIT($,.STERADIAN.) SOLID_ANGLE_UNIT() );
#15803 = UNCERTAINTY_MEASURE_WITH_UNIT(LENGTH_MEASURE(2.E-05),#15800,
  'distance_accuracy_value','confusion accuracy');
#15804 = PRODUCT_RELATED_PRODUCT_CATEGORY('part',$,(#7));
ENDSEC;
END-ISO-10303-21;
