ISO-10303-21;
HEADER;
FILE_DESCRIPTION(('FreeCAD Model'),'2;1');
FILE_NAME('Open CASCADE Shape Model','2026-05-18T18:57:47',(''),(''),
  'Open CASCADE STEP processor 7.8','FreeCAD','Unknown');
FILE_SCHEMA(('AUTOMOTIVE_DESIGN { 1 0 10303 214 1 1 1 1 }'));
ENDSEC;
DATA;
#1 = APPLICATION_PROTOCOL_DEFINITION('international standard',
  'automotive_design',2000,#2);
#2 = APPLICATION_CONTEXT(
  'core data for automotive mechanical design processes');
#3 = SHAPE_DEFINITION_REPRESENTATION(#4,#10);
#4 = PRODUCT_DEFINITION_SHAPE('','',#5);
#5 = PRODUCT_DEFINITION('design','',#6,#9);
#6 = PRODUCT_DEFINITION_FORMATION('','',#7);
#7 = PRODUCT('B_capacitor_holder','B_capacitor_holder','',(#8));
#8 = PRODUCT_CONTEXT('',#2,'mechanical');
#9 = PRODUCT_DEFINITION_CONTEXT('part definition',#2,'design');
#10 = ADVANCED_BREP_SHAPE_REPRESENTATION('',(#11,#15),#3435);
#11 = AXIS2_PLACEMENT_3D('',#12,#13,#14);
#12 = CARTESIAN_POINT('',(0.,0.,0.));
#13 = DIRECTION('',(0.,0.,1.));
#14 = DIRECTION('',(1.,0.,-0.));
#15 = MANIFOLD_SOLID_BREP('',#16);
#16 = CLOSED_SHELL('',(#17,#83,#114,#146,#539,#563,#588,#612,#637,#661,
    #1099,#1124,#1148,#1173,#1197,#1222,#1246,#1271,#1295,#1320,#1344,
    #1369,#1393,#1434,#1458,#1483,#1508,#1532,#1557,#1582,#1606,#1655,
    #1679,#1704,#1728,#1753,#1777,#1802,#1826,#1851,#1875,#1900,#1924,
    #1949,#1973,#2022,#2046,#2071,#2095,#2120,#2144,#2169,#2186,#2206,
    #2223,#2240,#2257,#2274,#2291,#2308,#2325,#2342,#2359,#2376,#2393,
    #2410,#2427,#2444,#2461,#2478,#2495,#2512,#2529,#2546,#2563,#2580,
    #2597,#2614,#2631,#2648,#2665,#2682,#2699,#2716,#2733,#2750,#2767,
    #2784,#2801,#2818,#2835,#2852,#2869,#2886,#2903,#2920,#2937,#2954,
    #2966,#2991,#3016,#3041,#3066,#3091,#3116,#3141,#3166,#3182,#3206,
    #3239,#3272,#3292,#3321,#3350,#3367,#3389,#3401,#3423));
#17 = ADVANCED_FACE('',(#18),#78,.T.);
#18 = FACE_BOUND('',#19,.F.);
#19 = EDGE_LOOP('',(#20,#30,#39,#46,#53,#54,#63,#71));
#20 = ORIENTED_EDGE('',*,*,#21,.F.);
#21 = EDGE_CURVE('',#22,#24,#26,.T.);
#22 = VERTEX_POINT('',#23);
#23 = CARTESIAN_POINT('',(-15.25,11.65,0.));
#24 = VERTEX_POINT('',#25);
#25 = CARTESIAN_POINT('',(-15.25,11.65,1.6));
#26 = LINE('',#27,#28);
#27 = CARTESIAN_POINT('',(-15.25,11.65,0.));
#28 = VECTOR('',#29,1.);
#29 = DIRECTION('',(0.,0.,1.));
#30 = ORIENTED_EDGE('',*,*,#31,.F.);
#31 = EDGE_CURVE('',#32,#22,#34,.T.);
#32 = VERTEX_POINT('',#33);
#33 = CARTESIAN_POINT('',(-11.65,15.25,0.));
#34 = CIRCLE('',#35,3.6);
#35 = AXIS2_PLACEMENT_3D('',#36,#37,#38);
#36 = CARTESIAN_POINT('',(-15.25,15.25,0.));
#37 = DIRECTION('',(0.,0.,-1.));
#38 = DIRECTION('',(1.,0.,0.));
#39 = ORIENTED_EDGE('',*,*,#40,.T.);
#40 = EDGE_CURVE('',#32,#41,#43,.T.);
#41 = VERTEX_POINT('',#42);
#42 = CARTESIAN_POINT('',(-11.65,15.25,-1.8));
#43 = B_SPLINE_CURVE_WITH_KNOTS('',1,(#44,#45),.UNSPECIFIED.,.F.,.F.,(2,
    2),(0.,2.),.PIECEWISE_BEZIER_KNOTS.);
#44 = CARTESIAN_POINT('',(-11.65,15.25,0.));
#45 = CARTESIAN_POINT('',(-11.65,15.25,-2.));
#46 = ORIENTED_EDGE('',*,*,#47,.T.);
#47 = EDGE_CURVE('',#41,#41,#48,.T.);
#48 = CIRCLE('',#49,3.6);
#49 = AXIS2_PLACEMENT_3D('',#50,#51,#52);
#50 = CARTESIAN_POINT('',(-15.25,15.25,-1.8));
#51 = DIRECTION('',(0.,0.,-1.));
#52 = DIRECTION('',(1.,0.,0.));
#53 = ORIENTED_EDGE('',*,*,#40,.F.);
#54 = ORIENTED_EDGE('',*,*,#55,.F.);
#55 = EDGE_CURVE('',#56,#32,#58,.T.);
#56 = VERTEX_POINT('',#57);
#57 = CARTESIAN_POINT('',(-15.25,18.85,0.));
#58 = CIRCLE('',#59,3.6);
#59 = AXIS2_PLACEMENT_3D('',#60,#61,#62);
#60 = CARTESIAN_POINT('',(-15.25,15.25,0.));
#61 = DIRECTION('',(0.,0.,-1.));
#62 = DIRECTION('',(1.,0.,0.));
#63 = ORIENTED_EDGE('',*,*,#64,.T.);
#64 = EDGE_CURVE('',#56,#65,#67,.T.);
#65 = VERTEX_POINT('',#66);
#66 = CARTESIAN_POINT('',(-15.25,18.85,1.6));
#67 = LINE('',#68,#69);
#68 = CARTESIAN_POINT('',(-15.25,18.85,0.));
#69 = VECTOR('',#70,1.);
#70 = DIRECTION('',(0.,0.,1.));
#71 = ORIENTED_EDGE('',*,*,#72,.T.);
#72 = EDGE_CURVE('',#65,#24,#73,.T.);
#73 = CIRCLE('',#74,3.6);
#74 = AXIS2_PLACEMENT_3D('',#75,#76,#77);
#75 = CARTESIAN_POINT('',(-15.25,15.25,1.6));
#76 = DIRECTION('',(0.,-0.,1.));
#77 = DIRECTION('',(4.9E-16,1.,0.));
#78 = CYLINDRICAL_SURFACE('',#79,3.6);
#79 = AXIS2_PLACEMENT_3D('',#80,#81,#82);
#80 = CARTESIAN_POINT('',(-15.25,15.25,0.));
#81 = DIRECTION('',(-0.,-0.,-1.));
#82 = DIRECTION('',(1.,0.,0.));
#83 = ADVANCED_FACE('',(#84),#109,.F.);
#84 = FACE_BOUND('',#85,.F.);
#85 = EDGE_LOOP('',(#86,#87,#95,#103));
#86 = ORIENTED_EDGE('',*,*,#21,.T.);
#87 = ORIENTED_EDGE('',*,*,#88,.T.);
#88 = EDGE_CURVE('',#24,#89,#91,.T.);
#89 = VERTEX_POINT('',#90);
#90 = CARTESIAN_POINT('',(-11.45,11.65,1.6));
#91 = LINE('',#92,#93);
#92 = CARTESIAN_POINT('',(-15.25,11.65,1.6));
#93 = VECTOR('',#94,1.);
#94 = DIRECTION('',(1.,0.,0.));
#95 = ORIENTED_EDGE('',*,*,#96,.F.);
#96 = EDGE_CURVE('',#97,#89,#99,.T.);
#97 = VERTEX_POINT('',#98);
#98 = CARTESIAN_POINT('',(-11.45,11.65,0.));
#99 = LINE('',#100,#101);
#100 = CARTESIAN_POINT('',(-11.45,11.65,0.));
#101 = VECTOR('',#102,1.);
#102 = DIRECTION('',(0.,0.,1.));
#103 = ORIENTED_EDGE('',*,*,#104,.F.);
#104 = EDGE_CURVE('',#22,#97,#105,.T.);
#105 = LINE('',#106,#107);
#106 = CARTESIAN_POINT('',(-15.25,11.65,0.));
#107 = VECTOR('',#108,1.);
#108 = DIRECTION('',(1.,0.,0.));
#109 = PLANE('',#110);
#110 = AXIS2_PLACEMENT_3D('',#111,#112,#113);
#111 = CARTESIAN_POINT('',(-15.25,11.65,0.));
#112 = DIRECTION('',(0.,1.,0.));
#113 = DIRECTION('',(1.,0.,0.));
#114 = ADVANCED_FACE('',(#115),#141,.T.);
#115 = FACE_BOUND('',#116,.F.);
#116 = EDGE_LOOP('',(#117,#125,#134,#140));
#117 = ORIENTED_EDGE('',*,*,#118,.F.);
#118 = EDGE_CURVE('',#119,#65,#121,.T.);
#119 = VERTEX_POINT('',#120);
#120 = CARTESIAN_POINT('',(-15.25,18.45,2.));
#121 = LINE('',#122,#123);
#122 = CARTESIAN_POINT('',(-15.25,18.65,1.8));
#123 = VECTOR('',#124,1.);
#124 = DIRECTION('',(0.,0.707106781187,-0.707106781187));
#125 = ORIENTED_EDGE('',*,*,#126,.T.);
#126 = EDGE_CURVE('',#119,#127,#129,.T.);
#127 = VERTEX_POINT('',#128);
#128 = CARTESIAN_POINT('',(-15.25,12.05,2.));
#129 = CIRCLE('',#130,3.2);
#130 = AXIS2_PLACEMENT_3D('',#131,#132,#133);
#131 = CARTESIAN_POINT('',(-15.25,15.25,2.));
#132 = DIRECTION('',(0.,-0.,1.));
#133 = DIRECTION('',(4.9E-16,1.,0.));
#134 = ORIENTED_EDGE('',*,*,#135,.T.);
#135 = EDGE_CURVE('',#127,#24,#136,.T.);
#136 = LINE('',#137,#138);
#137 = CARTESIAN_POINT('',(-15.25,11.65,1.6));
#138 = VECTOR('',#139,1.);
#139 = DIRECTION('',(-1.2E-16,-0.707106781187,-0.707106781187));
#140 = ORIENTED_EDGE('',*,*,#72,.F.);
#141 = CONICAL_SURFACE('',#142,3.6,0.785398163397);
#142 = AXIS2_PLACEMENT_3D('',#143,#144,#145);
#143 = CARTESIAN_POINT('',(-15.25,15.25,1.6));
#144 = DIRECTION('',(-0.,-0.,-1.));
#145 = DIRECTION('',(4.9E-16,1.,-0.));
#146 = ADVANCED_FACE('',(#147),#534,.T.);
#147 = FACE_BOUND('',#148,.T.);
#148 = EDGE_LOOP('',(#149,#160,#168,#177,#185,#194,#202,#211,#219,#228,
    #236,#245,#253,#262,#270,#279,#287,#296,#304,#313,#321,#330,#338,
    #347,#355,#364,#373,#381,#390,#399,#407,#416,#425,#433,#442,#450,
    #459,#467,#476,#484,#493,#501,#510,#518,#525,#526,#527,#528));
#149 = ORIENTED_EDGE('',*,*,#150,.F.);
#150 = EDGE_CURVE('',#151,#153,#155,.T.);
#151 = VERTEX_POINT('',#152);
#152 = CARTESIAN_POINT('',(-5.45,10.85,0.));
#153 = VERTEX_POINT('',#154);
#154 = CARTESIAN_POINT('',(-13.45,18.85,0.));
#155 = CIRCLE('',#156,8.);
#156 = AXIS2_PLACEMENT_3D('',#157,#158,#159);
#157 = CARTESIAN_POINT('',(-13.45,10.85,0.));
#158 = DIRECTION('',(0.,0.,1.));
#159 = DIRECTION('',(1.,0.,0.));
#160 = ORIENTED_EDGE('',*,*,#161,.T.);
#161 = EDGE_CURVE('',#151,#162,#164,.T.);
#162 = VERTEX_POINT('',#163);
#163 = CARTESIAN_POINT('',(-5.45,-8.25,0.));
#164 = LINE('',#165,#166);
#165 = CARTESIAN_POINT('',(-5.45,10.85,0.));
#166 = VECTOR('',#167,1.);
#167 = DIRECTION('',(0.,-1.,0.));
#168 = ORIENTED_EDGE('',*,*,#169,.T.);
#169 = EDGE_CURVE('',#162,#170,#172,.T.);
#170 = VERTEX_POINT('',#171);
#171 = CARTESIAN_POINT('',(-4.95,-8.75,0.));
#172 = CIRCLE('',#173,0.5);
#173 = AXIS2_PLACEMENT_3D('',#174,#175,#176);
#174 = CARTESIAN_POINT('',(-4.95,-8.25,0.));
#175 = DIRECTION('',(0.,0.,1.));
#176 = DIRECTION('',(1.,0.,0.));
#177 = ORIENTED_EDGE('',*,*,#178,.T.);
#178 = EDGE_CURVE('',#170,#179,#181,.T.);
#179 = VERTEX_POINT('',#180);
#180 = CARTESIAN_POINT('',(4.95,-8.75,0.));
#181 = LINE('',#182,#183);
#182 = CARTESIAN_POINT('',(-4.95,-8.75,0.));
#183 = VECTOR('',#184,1.);
#184 = DIRECTION('',(1.,0.,0.));
#185 = ORIENTED_EDGE('',*,*,#186,.F.);
#186 = EDGE_CURVE('',#187,#179,#189,.T.);
#187 = VERTEX_POINT('',#188);
#188 = CARTESIAN_POINT('',(5.45,-8.25,0.));
#189 = CIRCLE('',#190,0.5);
#190 = AXIS2_PLACEMENT_3D('',#191,#192,#193);
#191 = CARTESIAN_POINT('',(4.95,-8.25,0.));
#192 = DIRECTION('',(0.,0.,-1.));
#193 = DIRECTION('',(-1.,-0.,-0.));
#194 = ORIENTED_EDGE('',*,*,#195,.F.);
#195 = EDGE_CURVE('',#196,#187,#198,.T.);
#196 = VERTEX_POINT('',#197);
#197 = CARTESIAN_POINT('',(5.45,10.85,0.));
#198 = LINE('',#199,#200);
#199 = CARTESIAN_POINT('',(5.45,10.85,0.));
#200 = VECTOR('',#201,1.);
#201 = DIRECTION('',(-0.,-1.,-0.));
#202 = ORIENTED_EDGE('',*,*,#203,.T.);
#203 = EDGE_CURVE('',#196,#204,#206,.T.);
#204 = VERTEX_POINT('',#205);
#205 = CARTESIAN_POINT('',(13.45,18.85,0.));
#206 = CIRCLE('',#207,8.);
#207 = AXIS2_PLACEMENT_3D('',#208,#209,#210);
#208 = CARTESIAN_POINT('',(13.45,10.85,0.));
#209 = DIRECTION('',(0.,0.,-1.));
#210 = DIRECTION('',(-1.,-0.,-0.));
#211 = ORIENTED_EDGE('',*,*,#212,.F.);
#212 = EDGE_CURVE('',#213,#204,#215,.T.);
#213 = VERTEX_POINT('',#214);
#214 = CARTESIAN_POINT('',(15.25,18.85,0.));
#215 = LINE('',#216,#217);
#216 = CARTESIAN_POINT('',(15.25,18.85,0.));
#217 = VECTOR('',#218,1.);
#218 = DIRECTION('',(-1.,-0.,-0.));
#219 = ORIENTED_EDGE('',*,*,#220,.F.);
#220 = EDGE_CURVE('',#221,#213,#223,.T.);
#221 = VERTEX_POINT('',#222);
#222 = CARTESIAN_POINT('',(15.25,11.65,0.));
#223 = CIRCLE('',#224,3.6);
#224 = AXIS2_PLACEMENT_3D('',#225,#226,#227);
#225 = CARTESIAN_POINT('',(15.25,15.25,0.));
#226 = DIRECTION('',(0.,0.,-1.));
#227 = DIRECTION('',(1.,0.,0.));
#228 = ORIENTED_EDGE('',*,*,#229,.T.);
#229 = EDGE_CURVE('',#221,#230,#232,.T.);
#230 = VERTEX_POINT('',#231);
#231 = CARTESIAN_POINT('',(11.45,11.65,0.));
#232 = LINE('',#233,#234);
#233 = CARTESIAN_POINT('',(15.25,11.65,0.));
#234 = VECTOR('',#235,1.);
#235 = DIRECTION('',(-1.,-0.,-0.));
#236 = ORIENTED_EDGE('',*,*,#237,.F.);
#237 = EDGE_CURVE('',#238,#230,#240,.T.);
#238 = VERTEX_POINT('',#239);
#239 = CARTESIAN_POINT('',(9.45,9.65,0.));
#240 = CIRCLE('',#241,2.);
#241 = AXIS2_PLACEMENT_3D('',#242,#243,#244);
#242 = CARTESIAN_POINT('',(11.45,9.65,0.));
#243 = DIRECTION('',(0.,0.,-1.));
#244 = DIRECTION('',(-1.,-0.,-0.));
#245 = ORIENTED_EDGE('',*,*,#246,.T.);
#246 = EDGE_CURVE('',#238,#247,#249,.T.);
#247 = VERTEX_POINT('',#248);
#248 = CARTESIAN_POINT('',(9.45,5.5,0.));
#249 = LINE('',#250,#251);
#250 = CARTESIAN_POINT('',(9.45,9.65,0.));
#251 = VECTOR('',#252,1.);
#252 = DIRECTION('',(-0.,-1.,-0.));
#253 = ORIENTED_EDGE('',*,*,#254,.T.);
#254 = EDGE_CURVE('',#247,#255,#257,.T.);
#255 = VERTEX_POINT('',#256);
#256 = CARTESIAN_POINT('',(8.95,5.,0.));
#257 = CIRCLE('',#258,0.5);
#258 = AXIS2_PLACEMENT_3D('',#259,#260,#261);
#259 = CARTESIAN_POINT('',(8.95,5.5,0.));
#260 = DIRECTION('',(0.,0.,-1.));
#261 = DIRECTION('',(-1.,-0.,-0.));
#262 = ORIENTED_EDGE('',*,*,#263,.F.);
#263 = EDGE_CURVE('',#264,#255,#266,.T.);
#264 = VERTEX_POINT('',#265);
#265 = CARTESIAN_POINT('',(8.85,5.,0.));
#266 = LINE('',#267,#268);
#267 = CARTESIAN_POINT('',(8.85,5.,0.));
#268 = VECTOR('',#269,1.);
#269 = DIRECTION('',(1.,0.,0.));
#270 = ORIENTED_EDGE('',*,*,#271,.F.);
#271 = EDGE_CURVE('',#272,#264,#274,.T.);
#272 = VERTEX_POINT('',#273);
#273 = CARTESIAN_POINT('',(7.85,4.,0.));
#274 = CIRCLE('',#275,1.);
#275 = AXIS2_PLACEMENT_3D('',#276,#277,#278);
#276 = CARTESIAN_POINT('',(8.85,4.,0.));
#277 = DIRECTION('',(0.,0.,-1.));
#278 = DIRECTION('',(-1.,-0.,-0.));
#279 = ORIENTED_EDGE('',*,*,#280,.F.);
#280 = EDGE_CURVE('',#281,#272,#283,.T.);
#281 = VERTEX_POINT('',#282);
#282 = CARTESIAN_POINT('',(7.85,2.,0.));
#283 = LINE('',#284,#285);
#284 = CARTESIAN_POINT('',(7.85,2.,0.));
#285 = VECTOR('',#286,1.);
#286 = DIRECTION('',(0.,1.,0.));
#287 = ORIENTED_EDGE('',*,*,#288,.F.);
#288 = EDGE_CURVE('',#289,#281,#291,.T.);
#289 = VERTEX_POINT('',#290);
#290 = CARTESIAN_POINT('',(8.85,1.,0.));
#291 = CIRCLE('',#292,1.);
#292 = AXIS2_PLACEMENT_3D('',#293,#294,#295);
#293 = CARTESIAN_POINT('',(8.85,2.,0.));
#294 = DIRECTION('',(0.,0.,-1.));
#295 = DIRECTION('',(-1.,-0.,-0.));
#296 = ORIENTED_EDGE('',*,*,#297,.T.);
#297 = EDGE_CURVE('',#289,#298,#300,.T.);
#298 = VERTEX_POINT('',#299);
#299 = CARTESIAN_POINT('',(8.95,1.,0.));
#300 = LINE('',#301,#302);
#301 = CARTESIAN_POINT('',(8.85,1.,0.));
#302 = VECTOR('',#303,1.);
#303 = DIRECTION('',(1.,0.,0.));
#304 = ORIENTED_EDGE('',*,*,#305,.T.);
#305 = EDGE_CURVE('',#298,#306,#308,.T.);
#306 = VERTEX_POINT('',#307);
#307 = CARTESIAN_POINT('',(9.45,0.5,0.));
#308 = CIRCLE('',#309,0.5);
#309 = AXIS2_PLACEMENT_3D('',#310,#311,#312);
#310 = CARTESIAN_POINT('',(8.95,0.5,0.));
#311 = DIRECTION('',(0.,0.,-1.));
#312 = DIRECTION('',(-1.,-0.,-0.));
#313 = ORIENTED_EDGE('',*,*,#314,.F.);
#314 = EDGE_CURVE('',#315,#306,#317,.T.);
#315 = VERTEX_POINT('',#316);
#316 = CARTESIAN_POINT('',(9.45,-9.65,0.));
#317 = LINE('',#318,#319);
#318 = CARTESIAN_POINT('',(9.45,-9.65,0.));
#319 = VECTOR('',#320,1.);
#320 = DIRECTION('',(0.,1.,0.));
#321 = ORIENTED_EDGE('',*,*,#322,.F.);
#322 = EDGE_CURVE('',#323,#315,#325,.T.);
#323 = VERTEX_POINT('',#324);
#324 = CARTESIAN_POINT('',(11.45,-11.65,0.));
#325 = CIRCLE('',#326,2.);
#326 = AXIS2_PLACEMENT_3D('',#327,#328,#329);
#327 = CARTESIAN_POINT('',(11.45,-9.65,0.));
#328 = DIRECTION('',(0.,0.,-1.));
#329 = DIRECTION('',(-1.,-0.,-0.));
#330 = ORIENTED_EDGE('',*,*,#331,.F.);
#331 = EDGE_CURVE('',#332,#323,#334,.T.);
#332 = VERTEX_POINT('',#333);
#333 = CARTESIAN_POINT('',(15.25,-11.65,0.));
#334 = LINE('',#335,#336);
#335 = CARTESIAN_POINT('',(15.25,-11.65,0.));
#336 = VECTOR('',#337,1.);
#337 = DIRECTION('',(-1.,-0.,-0.));
#338 = ORIENTED_EDGE('',*,*,#339,.F.);
#339 = EDGE_CURVE('',#340,#332,#342,.T.);
#340 = VERTEX_POINT('',#341);
#341 = CARTESIAN_POINT('',(15.25,-18.85,0.));
#342 = CIRCLE('',#343,3.6);
#343 = AXIS2_PLACEMENT_3D('',#344,#345,#346);
#344 = CARTESIAN_POINT('',(15.25,-15.25,0.));
#345 = DIRECTION('',(0.,0.,-1.));
#346 = DIRECTION('',(1.,0.,0.));
#347 = ORIENTED_EDGE('',*,*,#348,.T.);
#348 = EDGE_CURVE('',#340,#349,#351,.T.);
#349 = VERTEX_POINT('',#350);
#350 = CARTESIAN_POINT('',(13.45,-18.85,0.));
#351 = LINE('',#352,#353);
#352 = CARTESIAN_POINT('',(15.25,-18.85,0.));
#353 = VECTOR('',#354,1.);
#354 = DIRECTION('',(-1.,-0.,-0.));
#355 = ORIENTED_EDGE('',*,*,#356,.T.);
#356 = EDGE_CURVE('',#349,#357,#359,.T.);
#357 = VERTEX_POINT('',#358);
#358 = CARTESIAN_POINT('',(6.083481147738,-13.96999999999,0.));
#359 = CIRCLE('',#360,8.);
#360 = AXIS2_PLACEMENT_3D('',#361,#362,#363);
#361 = CARTESIAN_POINT('',(13.45,-10.85,0.));
#362 = DIRECTION('',(0.,0.,-1.));
#363 = DIRECTION('',(-1.,-0.,-0.));
#364 = ORIENTED_EDGE('',*,*,#365,.F.);
#365 = EDGE_CURVE('',#366,#357,#368,.T.);
#366 = VERTEX_POINT('',#367);
#367 = CARTESIAN_POINT('',(4.241851434645,-12.75,0.));
#368 = CIRCLE('',#369,2.);
#369 = AXIS2_PLACEMENT_3D('',#370,#371,#372);
#370 = CARTESIAN_POINT('',(4.241851434645,-14.75,0.));
#371 = DIRECTION('',(0.,0.,-1.));
#372 = DIRECTION('',(-1.,-0.,-0.));
#373 = ORIENTED_EDGE('',*,*,#374,.F.);
#374 = EDGE_CURVE('',#375,#366,#377,.T.);
#375 = VERTEX_POINT('',#376);
#376 = CARTESIAN_POINT('',(-4.241851434645,-12.75,0.));
#377 = LINE('',#378,#379);
#378 = CARTESIAN_POINT('',(0.,-12.75,0.));
#379 = VECTOR('',#380,1.);
#380 = DIRECTION('',(1.,0.,0.));
#381 = ORIENTED_EDGE('',*,*,#382,.T.);
#382 = EDGE_CURVE('',#375,#383,#385,.T.);
#383 = VERTEX_POINT('',#384);
#384 = CARTESIAN_POINT('',(-6.083481147738,-13.96999999999,0.));
#385 = CIRCLE('',#386,2.);
#386 = AXIS2_PLACEMENT_3D('',#387,#388,#389);
#387 = CARTESIAN_POINT('',(-4.241851434645,-14.75,0.));
#388 = DIRECTION('',(0.,0.,1.));
#389 = DIRECTION('',(1.,0.,0.));
#390 = ORIENTED_EDGE('',*,*,#391,.F.);
#391 = EDGE_CURVE('',#392,#383,#394,.T.);
#392 = VERTEX_POINT('',#393);
#393 = CARTESIAN_POINT('',(-13.45,-18.85,0.));
#394 = CIRCLE('',#395,8.);
#395 = AXIS2_PLACEMENT_3D('',#396,#397,#398);
#396 = CARTESIAN_POINT('',(-13.45,-10.85,0.));
#397 = DIRECTION('',(0.,0.,1.));
#398 = DIRECTION('',(1.,0.,0.));
#399 = ORIENTED_EDGE('',*,*,#400,.F.);
#400 = EDGE_CURVE('',#401,#392,#403,.T.);
#401 = VERTEX_POINT('',#402);
#402 = CARTESIAN_POINT('',(-15.25,-18.85,0.));
#403 = LINE('',#404,#405);
#404 = CARTESIAN_POINT('',(-15.25,-18.85,0.));
#405 = VECTOR('',#406,1.);
#406 = DIRECTION('',(1.,0.,0.));
#407 = ORIENTED_EDGE('',*,*,#408,.F.);
#408 = EDGE_CURVE('',#409,#401,#411,.T.);
#409 = VERTEX_POINT('',#410);
#410 = CARTESIAN_POINT('',(-11.65,-15.25,0.));
#411 = CIRCLE('',#412,3.6);
#412 = AXIS2_PLACEMENT_3D('',#413,#414,#415);
#413 = CARTESIAN_POINT('',(-15.25,-15.25,0.));
#414 = DIRECTION('',(0.,0.,-1.));
#415 = DIRECTION('',(1.,0.,0.));
#416 = ORIENTED_EDGE('',*,*,#417,.F.);
#417 = EDGE_CURVE('',#418,#409,#420,.T.);
#418 = VERTEX_POINT('',#419);
#419 = CARTESIAN_POINT('',(-15.25,-11.65,0.));
#420 = CIRCLE('',#421,3.6);
#421 = AXIS2_PLACEMENT_3D('',#422,#423,#424);
#422 = CARTESIAN_POINT('',(-15.25,-15.25,0.));
#423 = DIRECTION('',(0.,0.,-1.));
#424 = DIRECTION('',(1.,0.,0.));
#425 = ORIENTED_EDGE('',*,*,#426,.T.);
#426 = EDGE_CURVE('',#418,#427,#429,.T.);
#427 = VERTEX_POINT('',#428);
#428 = CARTESIAN_POINT('',(-11.45,-11.65,0.));
#429 = LINE('',#430,#431);
#430 = CARTESIAN_POINT('',(-15.25,-11.65,0.));
#431 = VECTOR('',#432,1.);
#432 = DIRECTION('',(1.,0.,0.));
#433 = ORIENTED_EDGE('',*,*,#434,.T.);
#434 = EDGE_CURVE('',#427,#435,#437,.T.);
#435 = VERTEX_POINT('',#436);
#436 = CARTESIAN_POINT('',(-9.45,-9.65,0.));
#437 = CIRCLE('',#438,2.);
#438 = AXIS2_PLACEMENT_3D('',#439,#440,#441);
#439 = CARTESIAN_POINT('',(-11.45,-9.65,0.));
#440 = DIRECTION('',(0.,0.,1.));
#441 = DIRECTION('',(1.,0.,0.));
#442 = ORIENTED_EDGE('',*,*,#443,.T.);
#443 = EDGE_CURVE('',#435,#444,#446,.T.);
#444 = VERTEX_POINT('',#445);
#445 = CARTESIAN_POINT('',(-9.45,0.5,0.));
#446 = LINE('',#447,#448);
#447 = CARTESIAN_POINT('',(-9.45,-9.65,0.));
#448 = VECTOR('',#449,1.);
#449 = DIRECTION('',(0.,1.,0.));
#450 = ORIENTED_EDGE('',*,*,#451,.F.);
#451 = EDGE_CURVE('',#452,#444,#454,.T.);
#452 = VERTEX_POINT('',#453);
#453 = CARTESIAN_POINT('',(-8.95,1.,0.));
#454 = CIRCLE('',#455,0.5);
#455 = AXIS2_PLACEMENT_3D('',#456,#457,#458);
#456 = CARTESIAN_POINT('',(-8.95,0.5,0.));
#457 = DIRECTION('',(0.,0.,1.));
#458 = DIRECTION('',(1.,0.,0.));
#459 = ORIENTED_EDGE('',*,*,#460,.F.);
#460 = EDGE_CURVE('',#461,#452,#463,.T.);
#461 = VERTEX_POINT('',#462);
#462 = CARTESIAN_POINT('',(-8.85,1.,0.));
#463 = LINE('',#464,#465);
#464 = CARTESIAN_POINT('',(-8.85,1.,0.));
#465 = VECTOR('',#466,1.);
#466 = DIRECTION('',(-1.,0.,0.));
#467 = ORIENTED_EDGE('',*,*,#468,.T.);
#468 = EDGE_CURVE('',#461,#469,#471,.T.);
#469 = VERTEX_POINT('',#470);
#470 = CARTESIAN_POINT('',(-7.85,2.,0.));
#471 = CIRCLE('',#472,1.);
#472 = AXIS2_PLACEMENT_3D('',#473,#474,#475);
#473 = CARTESIAN_POINT('',(-8.85,2.,0.));
#474 = DIRECTION('',(0.,0.,1.));
#475 = DIRECTION('',(1.,0.,0.));
#476 = ORIENTED_EDGE('',*,*,#477,.T.);
#477 = EDGE_CURVE('',#469,#478,#480,.T.);
#478 = VERTEX_POINT('',#479);
#479 = CARTESIAN_POINT('',(-7.85,4.,0.));
#480 = LINE('',#481,#482);
#481 = CARTESIAN_POINT('',(-7.85,2.,0.));
#482 = VECTOR('',#483,1.);
#483 = DIRECTION('',(0.,1.,0.));
#484 = ORIENTED_EDGE('',*,*,#485,.T.);
#485 = EDGE_CURVE('',#478,#486,#488,.T.);
#486 = VERTEX_POINT('',#487);
#487 = CARTESIAN_POINT('',(-8.85,5.,0.));
#488 = CIRCLE('',#489,1.);
#489 = AXIS2_PLACEMENT_3D('',#490,#491,#492);
#490 = CARTESIAN_POINT('',(-8.85,4.,0.));
#491 = DIRECTION('',(0.,0.,1.));
#492 = DIRECTION('',(1.,0.,0.));
#493 = ORIENTED_EDGE('',*,*,#494,.T.);
#494 = EDGE_CURVE('',#486,#495,#497,.T.);
#495 = VERTEX_POINT('',#496);
#496 = CARTESIAN_POINT('',(-8.95,5.,0.));
#497 = LINE('',#498,#499);
#498 = CARTESIAN_POINT('',(-8.85,5.,0.));
#499 = VECTOR('',#500,1.);
#500 = DIRECTION('',(-1.,0.,0.));
#501 = ORIENTED_EDGE('',*,*,#502,.F.);
#502 = EDGE_CURVE('',#503,#495,#505,.T.);
#503 = VERTEX_POINT('',#504);
#504 = CARTESIAN_POINT('',(-9.45,5.5,0.));
#505 = CIRCLE('',#506,0.5);
#506 = AXIS2_PLACEMENT_3D('',#507,#508,#509);
#507 = CARTESIAN_POINT('',(-8.95,5.5,0.));
#508 = DIRECTION('',(0.,0.,1.));
#509 = DIRECTION('',(1.,0.,0.));
#510 = ORIENTED_EDGE('',*,*,#511,.F.);
#511 = EDGE_CURVE('',#512,#503,#514,.T.);
#512 = VERTEX_POINT('',#513);
#513 = CARTESIAN_POINT('',(-9.45,9.65,0.));
#514 = LINE('',#515,#516);
#515 = CARTESIAN_POINT('',(-9.45,9.65,0.));
#516 = VECTOR('',#517,1.);
#517 = DIRECTION('',(0.,-1.,0.));
#518 = ORIENTED_EDGE('',*,*,#519,.T.);
#519 = EDGE_CURVE('',#512,#97,#520,.T.);
#520 = CIRCLE('',#521,2.);
#521 = AXIS2_PLACEMENT_3D('',#522,#523,#524);
#522 = CARTESIAN_POINT('',(-11.45,9.65,0.));
#523 = DIRECTION('',(0.,0.,1.));
#524 = DIRECTION('',(1.,0.,0.));
#525 = ORIENTED_EDGE('',*,*,#104,.F.);
#526 = ORIENTED_EDGE('',*,*,#31,.F.);
#527 = ORIENTED_EDGE('',*,*,#55,.F.);
#528 = ORIENTED_EDGE('',*,*,#529,.T.);
#529 = EDGE_CURVE('',#56,#153,#530,.T.);
#530 = LINE('',#531,#532);
#531 = CARTESIAN_POINT('',(-15.25,18.85,0.));
#532 = VECTOR('',#533,1.);
#533 = DIRECTION('',(1.,0.,0.));
#534 = PLANE('',#535);
#535 = AXIS2_PLACEMENT_3D('',#536,#537,#538);
#536 = CARTESIAN_POINT('',(6.E-16,-0.58659829532,0.));
#537 = DIRECTION('',(-0.,-0.,-1.));
#538 = DIRECTION('',(-1.,0.,0.));
#539 = ADVANCED_FACE('',(#540),#558,.T.);
#540 = FACE_BOUND('',#541,.T.);
#541 = EDGE_LOOP('',(#542,#543,#551,#557));
#542 = ORIENTED_EDGE('',*,*,#64,.T.);
#543 = ORIENTED_EDGE('',*,*,#544,.F.);
#544 = EDGE_CURVE('',#545,#65,#547,.T.);
#545 = VERTEX_POINT('',#546);
#546 = CARTESIAN_POINT('',(-13.45,18.85,1.6));
#547 = LINE('',#548,#549);
#548 = CARTESIAN_POINT('',(-13.45,18.85,1.6));
#549 = VECTOR('',#550,1.);
#550 = DIRECTION('',(-1.,-0.,-0.));
#551 = ORIENTED_EDGE('',*,*,#552,.F.);
#552 = EDGE_CURVE('',#153,#545,#553,.T.);
#553 = LINE('',#554,#555);
#554 = CARTESIAN_POINT('',(-13.45,18.85,0.));
#555 = VECTOR('',#556,1.);
#556 = DIRECTION('',(0.,0.,1.));
#557 = ORIENTED_EDGE('',*,*,#529,.F.);
#558 = PLANE('',#559);
#559 = AXIS2_PLACEMENT_3D('',#560,#561,#562);
#560 = CARTESIAN_POINT('',(-15.25,18.85,0.));
#561 = DIRECTION('',(0.,1.,0.));
#562 = DIRECTION('',(1.,0.,0.));
#563 = ADVANCED_FACE('',(#564),#583,.T.);
#564 = FACE_BOUND('',#565,.T.);
#565 = EDGE_LOOP('',(#566,#574,#575,#576));
#566 = ORIENTED_EDGE('',*,*,#567,.F.);
#567 = EDGE_CURVE('',#41,#568,#570,.T.);
#568 = VERTEX_POINT('',#569);
#569 = CARTESIAN_POINT('',(-11.85,15.25,-2.));
#570 = LINE('',#571,#572);
#571 = CARTESIAN_POINT('',(-11.65,15.25,-1.8));
#572 = VECTOR('',#573,1.);
#573 = DIRECTION('',(-0.707106781187,0.,-0.707106781187));
#574 = ORIENTED_EDGE('',*,*,#47,.T.);
#575 = ORIENTED_EDGE('',*,*,#567,.T.);
#576 = ORIENTED_EDGE('',*,*,#577,.F.);
#577 = EDGE_CURVE('',#568,#568,#578,.T.);
#578 = CIRCLE('',#579,3.4);
#579 = AXIS2_PLACEMENT_3D('',#580,#581,#582);
#580 = CARTESIAN_POINT('',(-15.25,15.25,-2.));
#581 = DIRECTION('',(0.,0.,-1.));
#582 = DIRECTION('',(1.,0.,0.));
#583 = CONICAL_SURFACE('',#584,3.6,0.785398163397);
#584 = AXIS2_PLACEMENT_3D('',#585,#586,#587);
#585 = CARTESIAN_POINT('',(-15.25,15.25,-1.8));
#586 = DIRECTION('',(0.,0.,1.));
#587 = DIRECTION('',(1.,0.,0.));
#588 = ADVANCED_FACE('',(#589),#607,.F.);
#589 = FACE_BOUND('',#590,.F.);
#590 = EDGE_LOOP('',(#591,#592,#600,#606));
#591 = ORIENTED_EDGE('',*,*,#135,.F.);
#592 = ORIENTED_EDGE('',*,*,#593,.T.);
#593 = EDGE_CURVE('',#127,#594,#596,.T.);
#594 = VERTEX_POINT('',#595);
#595 = CARTESIAN_POINT('',(-11.45,12.05,2.));
#596 = LINE('',#597,#598);
#597 = CARTESIAN_POINT('',(-15.25,12.05,2.));
#598 = VECTOR('',#599,1.);
#599 = DIRECTION('',(1.,0.,0.));
#600 = ORIENTED_EDGE('',*,*,#601,.T.);
#601 = EDGE_CURVE('',#594,#89,#602,.T.);
#602 = LINE('',#603,#604);
#603 = CARTESIAN_POINT('',(-11.45,11.85,1.8));
#604 = VECTOR('',#605,1.);
#605 = DIRECTION('',(0.,-0.707106781187,-0.707106781187));
#606 = ORIENTED_EDGE('',*,*,#88,.F.);
#607 = PLANE('',#608);
#608 = AXIS2_PLACEMENT_3D('',#609,#610,#611);
#609 = CARTESIAN_POINT('',(-15.25,11.85,1.8));
#610 = DIRECTION('',(0.,0.707106781187,-0.707106781187));
#611 = DIRECTION('',(1.,-0.,0.));
#612 = ADVANCED_FACE('',(#613),#632,.F.);
#613 = FACE_BOUND('',#614,.T.);
#614 = EDGE_LOOP('',(#615,#623,#630,#631));
#615 = ORIENTED_EDGE('',*,*,#616,.T.);
#616 = EDGE_CURVE('',#512,#617,#619,.T.);
#617 = VERTEX_POINT('',#618);
#618 = CARTESIAN_POINT('',(-9.45,9.65,1.6));
#619 = LINE('',#620,#621);
#620 = CARTESIAN_POINT('',(-9.45,9.65,0.));
#621 = VECTOR('',#622,1.);
#622 = DIRECTION('',(0.,0.,1.));
#623 = ORIENTED_EDGE('',*,*,#624,.F.);
#624 = EDGE_CURVE('',#89,#617,#625,.T.);
#625 = CIRCLE('',#626,2.);
#626 = AXIS2_PLACEMENT_3D('',#627,#628,#629);
#627 = CARTESIAN_POINT('',(-11.45,9.65,1.6));
#628 = DIRECTION('',(0.,0.,-1.));
#629 = DIRECTION('',(0.,1.,0.));
#630 = ORIENTED_EDGE('',*,*,#96,.F.);
#631 = ORIENTED_EDGE('',*,*,#519,.F.);
#632 = CYLINDRICAL_SURFACE('',#633,2.);
#633 = AXIS2_PLACEMENT_3D('',#634,#635,#636);
#634 = CARTESIAN_POINT('',(-11.45,9.65,0.));
#635 = DIRECTION('',(-0.,-0.,-1.));
#636 = DIRECTION('',(1.,0.,0.));
#637 = ADVANCED_FACE('',(#638),#656,.T.);
#638 = FACE_BOUND('',#639,.F.);
#639 = EDGE_LOOP('',(#640,#648,#654,#655));
#640 = ORIENTED_EDGE('',*,*,#641,.F.);
#641 = EDGE_CURVE('',#642,#545,#644,.T.);
#642 = VERTEX_POINT('',#643);
#643 = CARTESIAN_POINT('',(-13.45,18.45,2.));
#644 = LINE('',#645,#646);
#645 = CARTESIAN_POINT('',(-13.45,18.85,1.6));
#646 = VECTOR('',#647,1.);
#647 = DIRECTION('',(2.E-16,0.707106781187,-0.707106781187));
#648 = ORIENTED_EDGE('',*,*,#649,.T.);
#649 = EDGE_CURVE('',#642,#119,#650,.T.);
#650 = LINE('',#651,#652);
#651 = CARTESIAN_POINT('',(-13.45,18.45,2.));
#652 = VECTOR('',#653,1.);
#653 = DIRECTION('',(-1.,-0.,-0.));
#654 = ORIENTED_EDGE('',*,*,#118,.T.);
#655 = ORIENTED_EDGE('',*,*,#544,.F.);
#656 = PLANE('',#657);
#657 = AXIS2_PLACEMENT_3D('',#658,#659,#660);
#658 = CARTESIAN_POINT('',(-13.45,18.65,1.8));
#659 = DIRECTION('',(0.,0.707106781187,0.707106781187));
#660 = DIRECTION('',(1.,-0.,-0.));
#661 = ADVANCED_FACE('',(#662,#1050,#1061,#1072,#1083),#1094,.T.);
#662 = FACE_BOUND('',#663,.T.);
#663 = EDGE_LOOP('',(#664,#673,#674,#675,#676,#685,#693,#702,#710,#719,
    #727,#736,#744,#753,#761,#770,#778,#787,#795,#804,#813,#821,#830,
    #839,#847,#856,#865,#873,#882,#890,#899,#907,#916,#924,#933,#941,
    #950,#958,#967,#975,#984,#993,#1001,#1010,#1018,#1027,#1035,#1044));
#664 = ORIENTED_EDGE('',*,*,#665,.T.);
#665 = EDGE_CURVE('',#666,#642,#668,.T.);
#666 = VERTEX_POINT('',#667);
#667 = CARTESIAN_POINT('',(-5.85,10.85,2.));
#668 = CIRCLE('',#669,7.6);
#669 = AXIS2_PLACEMENT_3D('',#670,#671,#672);
#670 = CARTESIAN_POINT('',(-13.45,10.85,2.));
#671 = DIRECTION('',(0.,0.,1.));
#672 = DIRECTION('',(1.,0.,-0.));
#673 = ORIENTED_EDGE('',*,*,#649,.T.);
#674 = ORIENTED_EDGE('',*,*,#126,.T.);
#675 = ORIENTED_EDGE('',*,*,#593,.T.);
#676 = ORIENTED_EDGE('',*,*,#677,.T.);
#677 = EDGE_CURVE('',#594,#678,#680,.T.);
#678 = VERTEX_POINT('',#679);
#679 = CARTESIAN_POINT('',(-9.05,9.65,2.));
#680 = CIRCLE('',#681,2.4);
#681 = AXIS2_PLACEMENT_3D('',#682,#683,#684);
#682 = CARTESIAN_POINT('',(-11.45,9.65,2.));
#683 = DIRECTION('',(0.,0.,-1.));
#684 = DIRECTION('',(0.,1.,0.));
#685 = ORIENTED_EDGE('',*,*,#686,.T.);
#686 = EDGE_CURVE('',#678,#687,#689,.T.);
#687 = VERTEX_POINT('',#688);
#688 = CARTESIAN_POINT('',(-9.05,5.5,2.));
#689 = LINE('',#690,#691);
#690 = CARTESIAN_POINT('',(-9.05,9.65,2.));
#691 = VECTOR('',#692,1.);
#692 = DIRECTION('',(0.,-1.,0.));
#693 = ORIENTED_EDGE('',*,*,#694,.T.);
#694 = EDGE_CURVE('',#687,#695,#697,.T.);
#695 = VERTEX_POINT('',#696);
#696 = CARTESIAN_POINT('',(-8.95,5.4,2.));
#697 = CIRCLE('',#698,1.E-01);
#698 = AXIS2_PLACEMENT_3D('',#699,#700,#701);
#699 = CARTESIAN_POINT('',(-8.95,5.5,2.));
#700 = DIRECTION('',(0.,0.,1.));
#701 = DIRECTION('',(-1.,0.,0.));
#702 = ORIENTED_EDGE('',*,*,#703,.T.);
#703 = EDGE_CURVE('',#695,#704,#706,.T.);
#704 = VERTEX_POINT('',#705);
#705 = CARTESIAN_POINT('',(-8.85,5.4,2.));
#706 = LINE('',#707,#708);
#707 = CARTESIAN_POINT('',(-8.95,5.4,2.));
#708 = VECTOR('',#709,1.);
#709 = DIRECTION('',(1.,0.,0.));
#710 = ORIENTED_EDGE('',*,*,#711,.T.);
#711 = EDGE_CURVE('',#704,#712,#714,.T.);
#712 = VERTEX_POINT('',#713);
#713 = CARTESIAN_POINT('',(-7.45,4.,2.));
#714 = CIRCLE('',#715,1.4);
#715 = AXIS2_PLACEMENT_3D('',#716,#717,#718);
#716 = CARTESIAN_POINT('',(-8.85,4.,2.));
#717 = DIRECTION('',(0.,0.,-1.));
#718 = DIRECTION('',(0.,1.,0.));
#719 = ORIENTED_EDGE('',*,*,#720,.T.);
#720 = EDGE_CURVE('',#712,#721,#723,.T.);
#721 = VERTEX_POINT('',#722);
#722 = CARTESIAN_POINT('',(-7.45,2.,2.));
#723 = LINE('',#724,#725);
#724 = CARTESIAN_POINT('',(-7.45,4.,2.));
#725 = VECTOR('',#726,1.);
#726 = DIRECTION('',(-0.,-1.,-0.));
#727 = ORIENTED_EDGE('',*,*,#728,.T.);
#728 = EDGE_CURVE('',#721,#729,#731,.T.);
#729 = VERTEX_POINT('',#730);
#730 = CARTESIAN_POINT('',(-8.85,0.6,2.));
#731 = CIRCLE('',#732,1.4);
#732 = AXIS2_PLACEMENT_3D('',#733,#734,#735);
#733 = CARTESIAN_POINT('',(-8.85,2.,2.));
#734 = DIRECTION('',(0.,-0.,-1.));
#735 = DIRECTION('',(1.,-2.2E-16,0.));
#736 = ORIENTED_EDGE('',*,*,#737,.T.);
#737 = EDGE_CURVE('',#729,#738,#740,.T.);
#738 = VERTEX_POINT('',#739);
#739 = CARTESIAN_POINT('',(-8.95,0.6,2.));
#740 = LINE('',#741,#742);
#741 = CARTESIAN_POINT('',(-8.85,0.6,2.));
#742 = VECTOR('',#743,1.);
#743 = DIRECTION('',(-1.,0.,0.));
#744 = ORIENTED_EDGE('',*,*,#745,.T.);
#745 = EDGE_CURVE('',#738,#746,#748,.T.);
#746 = VERTEX_POINT('',#747);
#747 = CARTESIAN_POINT('',(-9.05,0.5,2.));
#748 = CIRCLE('',#749,1.E-01);
#749 = AXIS2_PLACEMENT_3D('',#750,#751,#752);
#750 = CARTESIAN_POINT('',(-8.95,0.5,2.));
#751 = DIRECTION('',(0.,-0.,1.));
#752 = DIRECTION('',(0.,1.,0.));
#753 = ORIENTED_EDGE('',*,*,#754,.T.);
#754 = EDGE_CURVE('',#746,#755,#757,.T.);
#755 = VERTEX_POINT('',#756);
#756 = CARTESIAN_POINT('',(-9.05,-9.65,2.));
#757 = LINE('',#758,#759);
#758 = CARTESIAN_POINT('',(-9.05,0.5,2.));
#759 = VECTOR('',#760,1.);
#760 = DIRECTION('',(-0.,-1.,-0.));
#761 = ORIENTED_EDGE('',*,*,#762,.T.);
#762 = EDGE_CURVE('',#755,#763,#765,.T.);
#763 = VERTEX_POINT('',#764);
#764 = CARTESIAN_POINT('',(-11.45,-12.05,2.));
#765 = CIRCLE('',#766,2.4);
#766 = AXIS2_PLACEMENT_3D('',#767,#768,#769);
#767 = CARTESIAN_POINT('',(-11.45,-9.65,2.));
#768 = DIRECTION('',(0.,0.,-1.));
#769 = DIRECTION('',(1.,0.,0.));
#770 = ORIENTED_EDGE('',*,*,#771,.T.);
#771 = EDGE_CURVE('',#763,#772,#774,.T.);
#772 = VERTEX_POINT('',#773);
#773 = CARTESIAN_POINT('',(-15.25,-12.05,2.));
#774 = LINE('',#775,#776);
#775 = CARTESIAN_POINT('',(-11.45,-12.05,2.));
#776 = VECTOR('',#777,1.);
#777 = DIRECTION('',(-1.,-0.,-0.));
#778 = ORIENTED_EDGE('',*,*,#779,.T.);
#779 = EDGE_CURVE('',#772,#780,#782,.T.);
#780 = VERTEX_POINT('',#781);
#781 = CARTESIAN_POINT('',(-15.25,-18.45,2.));
#782 = CIRCLE('',#783,3.2);
#783 = AXIS2_PLACEMENT_3D('',#784,#785,#786);
#784 = CARTESIAN_POINT('',(-15.25,-15.25,2.));
#785 = DIRECTION('',(0.,0.,1.));
#786 = DIRECTION('',(-4.9E-16,1.,0.));
#787 = ORIENTED_EDGE('',*,*,#788,.T.);
#788 = EDGE_CURVE('',#780,#789,#791,.T.);
#789 = VERTEX_POINT('',#790);
#790 = CARTESIAN_POINT('',(-13.45,-18.45,2.));
#791 = LINE('',#792,#793);
#792 = CARTESIAN_POINT('',(-15.25,-18.45,2.));
#793 = VECTOR('',#794,1.);
#794 = DIRECTION('',(1.,0.,0.));
#795 = ORIENTED_EDGE('',*,*,#796,.T.);
#796 = EDGE_CURVE('',#789,#797,#799,.T.);
#797 = VERTEX_POINT('',#798);
#798 = CARTESIAN_POINT('',(-6.451807090388,-13.81399999997,2.));
#799 = CIRCLE('',#800,7.6);
#800 = AXIS2_PLACEMENT_3D('',#801,#802,#803);
#801 = CARTESIAN_POINT('',(-13.45,-10.85,2.));
#802 = DIRECTION('',(0.,0.,1.));
#803 = DIRECTION('',(-2.2E-16,-1.,0.));
#804 = ORIENTED_EDGE('',*,*,#805,.T.);
#805 = EDGE_CURVE('',#797,#806,#808,.T.);
#806 = VERTEX_POINT('',#807);
#807 = CARTESIAN_POINT('',(-4.241851434645,-12.35,2.));
#808 = CIRCLE('',#809,2.4);
#809 = AXIS2_PLACEMENT_3D('',#810,#811,#812);
#810 = CARTESIAN_POINT('',(-4.241851434645,-14.75,2.));
#811 = DIRECTION('',(0.,0.,-1.));
#812 = DIRECTION('',(-0.920814856528,0.389999999997,0.));
#813 = ORIENTED_EDGE('',*,*,#814,.T.);
#814 = EDGE_CURVE('',#806,#815,#817,.T.);
#815 = VERTEX_POINT('',#816);
#816 = CARTESIAN_POINT('',(4.241851434645,-12.35,2.));
#817 = LINE('',#818,#819);
#818 = CARTESIAN_POINT('',(-4.241851434645,-12.35,2.));
#819 = VECTOR('',#820,1.);
#820 = DIRECTION('',(1.,0.,0.));
#821 = ORIENTED_EDGE('',*,*,#822,.T.);
#822 = EDGE_CURVE('',#815,#823,#825,.T.);
#823 = VERTEX_POINT('',#824);
#824 = CARTESIAN_POINT('',(6.451807090311,-13.814,2.));
#825 = CIRCLE('',#826,2.4);
#826 = AXIS2_PLACEMENT_3D('',#827,#828,#829);
#827 = CARTESIAN_POINT('',(4.241851434645,-14.75,2.));
#828 = DIRECTION('',(0.,0.,-1.));
#829 = DIRECTION('',(0.,1.,0.));
#830 = ORIENTED_EDGE('',*,*,#831,.T.);
#831 = EDGE_CURVE('',#823,#832,#834,.T.);
#832 = VERTEX_POINT('',#833);
#833 = CARTESIAN_POINT('',(13.45,-18.45,2.));
#834 = CIRCLE('',#835,7.6);
#835 = AXIS2_PLACEMENT_3D('',#836,#837,#838);
#836 = CARTESIAN_POINT('',(13.45,-10.85,2.));
#837 = DIRECTION('',(0.,0.,1.));
#838 = DIRECTION('',(-0.920814856528,-0.389999999997,0.));
#839 = ORIENTED_EDGE('',*,*,#840,.T.);
#840 = EDGE_CURVE('',#832,#841,#843,.T.);
#841 = VERTEX_POINT('',#842);
#842 = CARTESIAN_POINT('',(15.25,-18.45,2.));
#843 = LINE('',#844,#845);
#844 = CARTESIAN_POINT('',(13.45,-18.45,2.));
#845 = VECTOR('',#846,1.);
#846 = DIRECTION('',(1.,0.,0.));
#847 = ORIENTED_EDGE('',*,*,#848,.T.);
#848 = EDGE_CURVE('',#841,#849,#851,.T.);
#849 = VERTEX_POINT('',#850);
#850 = CARTESIAN_POINT('',(18.45,-15.25,2.));
#851 = CIRCLE('',#852,3.2);
#852 = AXIS2_PLACEMENT_3D('',#853,#854,#855);
#853 = CARTESIAN_POINT('',(15.25,-15.25,2.));
#854 = DIRECTION('',(-0.,0.,1.));
#855 = DIRECTION('',(4.9E-16,-1.,0.));
#856 = ORIENTED_EDGE('',*,*,#857,.T.);
#857 = EDGE_CURVE('',#849,#858,#860,.T.);
#858 = VERTEX_POINT('',#859);
#859 = CARTESIAN_POINT('',(15.25,-12.05,2.));
#860 = CIRCLE('',#861,3.2);
#861 = AXIS2_PLACEMENT_3D('',#862,#863,#864);
#862 = CARTESIAN_POINT('',(15.25,-15.25,2.));
#863 = DIRECTION('',(0.,0.,1.));
#864 = DIRECTION('',(1.,0.,-0.));
#865 = ORIENTED_EDGE('',*,*,#866,.T.);
#866 = EDGE_CURVE('',#858,#867,#869,.T.);
#867 = VERTEX_POINT('',#868);
#868 = CARTESIAN_POINT('',(11.45,-12.05,2.));
#869 = LINE('',#870,#871);
#870 = CARTESIAN_POINT('',(15.25,-12.05,2.));
#871 = VECTOR('',#872,1.);
#872 = DIRECTION('',(-1.,-0.,-0.));
#873 = ORIENTED_EDGE('',*,*,#874,.T.);
#874 = EDGE_CURVE('',#867,#875,#877,.T.);
#875 = VERTEX_POINT('',#876);
#876 = CARTESIAN_POINT('',(9.05,-9.65,2.));
#877 = CIRCLE('',#878,2.4);
#878 = AXIS2_PLACEMENT_3D('',#879,#880,#881);
#879 = CARTESIAN_POINT('',(11.45,-9.65,2.));
#880 = DIRECTION('',(-0.,-0.,-1.));
#881 = DIRECTION('',(0.,-1.,0.));
#882 = ORIENTED_EDGE('',*,*,#883,.T.);
#883 = EDGE_CURVE('',#875,#884,#886,.T.);
#884 = VERTEX_POINT('',#885);
#885 = CARTESIAN_POINT('',(9.05,0.5,2.));
#886 = LINE('',#887,#888);
#887 = CARTESIAN_POINT('',(9.05,-9.65,2.));
#888 = VECTOR('',#889,1.);
#889 = DIRECTION('',(0.,1.,0.));
#890 = ORIENTED_EDGE('',*,*,#891,.T.);
#891 = EDGE_CURVE('',#884,#892,#894,.T.);
#892 = VERTEX_POINT('',#893);
#893 = CARTESIAN_POINT('',(8.95,0.6,2.));
#894 = CIRCLE('',#895,1.E-01);
#895 = AXIS2_PLACEMENT_3D('',#896,#897,#898);
#896 = CARTESIAN_POINT('',(8.95,0.5,2.));
#897 = DIRECTION('',(0.,-0.,1.));
#898 = DIRECTION('',(1.,2.2E-16,0.));
#899 = ORIENTED_EDGE('',*,*,#900,.T.);
#900 = EDGE_CURVE('',#892,#901,#903,.T.);
#901 = VERTEX_POINT('',#902);
#902 = CARTESIAN_POINT('',(8.85,0.6,2.));
#903 = LINE('',#904,#905);
#904 = CARTESIAN_POINT('',(8.95,0.6,2.));
#905 = VECTOR('',#906,1.);
#906 = DIRECTION('',(-1.,-0.,-0.));
#907 = ORIENTED_EDGE('',*,*,#908,.T.);
#908 = EDGE_CURVE('',#901,#909,#911,.T.);
#909 = VERTEX_POINT('',#910);
#910 = CARTESIAN_POINT('',(7.45,2.,2.));
#911 = CIRCLE('',#912,1.4);
#912 = AXIS2_PLACEMENT_3D('',#913,#914,#915);
#913 = CARTESIAN_POINT('',(8.85,2.,2.));
#914 = DIRECTION('',(-0.,-0.,-1.));
#915 = DIRECTION('',(0.,-1.,0.));
#916 = ORIENTED_EDGE('',*,*,#917,.T.);
#917 = EDGE_CURVE('',#909,#918,#920,.T.);
#918 = VERTEX_POINT('',#919);
#919 = CARTESIAN_POINT('',(7.45,4.,2.));
#920 = LINE('',#921,#922);
#921 = CARTESIAN_POINT('',(7.45,2.,2.));
#922 = VECTOR('',#923,1.);
#923 = DIRECTION('',(0.,1.,0.));
#924 = ORIENTED_EDGE('',*,*,#925,.T.);
#925 = EDGE_CURVE('',#918,#926,#928,.T.);
#926 = VERTEX_POINT('',#927);
#927 = CARTESIAN_POINT('',(8.85,5.4,2.));
#928 = CIRCLE('',#929,1.4);
#929 = AXIS2_PLACEMENT_3D('',#930,#931,#932);
#930 = CARTESIAN_POINT('',(8.85,4.,2.));
#931 = DIRECTION('',(0.,0.,-1.));
#932 = DIRECTION('',(-1.,0.,0.));
#933 = ORIENTED_EDGE('',*,*,#934,.T.);
#934 = EDGE_CURVE('',#926,#935,#937,.T.);
#935 = VERTEX_POINT('',#936);
#936 = CARTESIAN_POINT('',(8.95,5.4,2.));
#937 = LINE('',#938,#939);
#938 = CARTESIAN_POINT('',(8.85,5.4,2.));
#939 = VECTOR('',#940,1.);
#940 = DIRECTION('',(1.,0.,0.));
#941 = ORIENTED_EDGE('',*,*,#942,.T.);
#942 = EDGE_CURVE('',#935,#943,#945,.T.);
#943 = VERTEX_POINT('',#944);
#944 = CARTESIAN_POINT('',(9.05,5.5,2.));
#945 = CIRCLE('',#946,1.E-01);
#946 = AXIS2_PLACEMENT_3D('',#947,#948,#949);
#947 = CARTESIAN_POINT('',(8.95,5.5,2.));
#948 = DIRECTION('',(-0.,0.,1.));
#949 = DIRECTION('',(0.,-1.,0.));
#950 = ORIENTED_EDGE('',*,*,#951,.T.);
#951 = EDGE_CURVE('',#943,#952,#954,.T.);
#952 = VERTEX_POINT('',#953);
#953 = CARTESIAN_POINT('',(9.05,9.65,2.));
#954 = LINE('',#955,#956);
#955 = CARTESIAN_POINT('',(9.05,5.5,2.));
#956 = VECTOR('',#957,1.);
#957 = DIRECTION('',(0.,1.,0.));
#958 = ORIENTED_EDGE('',*,*,#959,.T.);
#959 = EDGE_CURVE('',#952,#960,#962,.T.);
#960 = VERTEX_POINT('',#961);
#961 = CARTESIAN_POINT('',(11.45,12.05,2.));
#962 = CIRCLE('',#963,2.4);
#963 = AXIS2_PLACEMENT_3D('',#964,#965,#966);
#964 = CARTESIAN_POINT('',(11.45,9.65,2.));
#965 = DIRECTION('',(-0.,0.,-1.));
#966 = DIRECTION('',(-1.,-8.9E-16,0.));
#967 = ORIENTED_EDGE('',*,*,#968,.T.);
#968 = EDGE_CURVE('',#960,#969,#971,.T.);
#969 = VERTEX_POINT('',#970);
#970 = CARTESIAN_POINT('',(15.25,12.05,2.));
#971 = LINE('',#972,#973);
#972 = CARTESIAN_POINT('',(11.45,12.05,2.));
#973 = VECTOR('',#974,1.);
#974 = DIRECTION('',(1.,0.,0.));
#975 = ORIENTED_EDGE('',*,*,#976,.T.);
#976 = EDGE_CURVE('',#969,#977,#979,.T.);
#977 = VERTEX_POINT('',#978);
#978 = CARTESIAN_POINT('',(18.45,15.25,2.));
#979 = CIRCLE('',#980,3.2);
#980 = AXIS2_PLACEMENT_3D('',#981,#982,#983);
#981 = CARTESIAN_POINT('',(15.25,15.25,2.));
#982 = DIRECTION('',(-0.,0.,1.));
#983 = DIRECTION('',(4.9E-16,-1.,0.));
#984 = ORIENTED_EDGE('',*,*,#985,.T.);
#985 = EDGE_CURVE('',#977,#986,#988,.T.);
#986 = VERTEX_POINT('',#987);
#987 = CARTESIAN_POINT('',(15.25,18.45,2.));
#988 = CIRCLE('',#989,3.2);
#989 = AXIS2_PLACEMENT_3D('',#990,#991,#992);
#990 = CARTESIAN_POINT('',(15.25,15.25,2.));
#991 = DIRECTION('',(0.,0.,1.));
#992 = DIRECTION('',(1.,0.,-0.));
#993 = ORIENTED_EDGE('',*,*,#994,.T.);
#994 = EDGE_CURVE('',#986,#995,#997,.T.);
#995 = VERTEX_POINT('',#996);
#996 = CARTESIAN_POINT('',(13.45,18.45,2.));
#997 = LINE('',#998,#999);
#998 = CARTESIAN_POINT('',(15.25,18.45,2.));
#999 = VECTOR('',#1000,1.);
#1000 = DIRECTION('',(-1.,-0.,-0.));
#1001 = ORIENTED_EDGE('',*,*,#1002,.T.);
#1002 = EDGE_CURVE('',#995,#1003,#1005,.T.);
#1003 = VERTEX_POINT('',#1004);
#1004 = CARTESIAN_POINT('',(5.85,10.85,2.));
#1005 = CIRCLE('',#1006,7.6);
#1006 = AXIS2_PLACEMENT_3D('',#1007,#1008,#1009);
#1007 = CARTESIAN_POINT('',(13.45,10.85,2.));
#1008 = DIRECTION('',(0.,0.,1.));
#1009 = DIRECTION('',(-2.2E-16,1.,0.));
#1010 = ORIENTED_EDGE('',*,*,#1011,.T.);
#1011 = EDGE_CURVE('',#1003,#1012,#1014,.T.);
#1012 = VERTEX_POINT('',#1013);
#1013 = CARTESIAN_POINT('',(5.85,-8.25,2.));
#1014 = LINE('',#1015,#1016);
#1015 = CARTESIAN_POINT('',(5.85,10.85,2.));
#1016 = VECTOR('',#1017,1.);
#1017 = DIRECTION('',(-0.,-1.,-0.));
#1018 = ORIENTED_EDGE('',*,*,#1019,.T.);
#1019 = EDGE_CURVE('',#1012,#1020,#1022,.T.);
#1020 = VERTEX_POINT('',#1021);
#1021 = CARTESIAN_POINT('',(4.95,-9.15,2.));
#1022 = CIRCLE('',#1023,0.9);
#1023 = AXIS2_PLACEMENT_3D('',#1024,#1025,#1026);
#1024 = CARTESIAN_POINT('',(4.95,-8.25,2.));
#1025 = DIRECTION('',(0.,0.,-1.));
#1026 = DIRECTION('',(1.,0.,0.));
#1027 = ORIENTED_EDGE('',*,*,#1028,.T.);
#1028 = EDGE_CURVE('',#1020,#1029,#1031,.T.);
#1029 = VERTEX_POINT('',#1030);
#1030 = CARTESIAN_POINT('',(-4.95,-9.15,2.));
#1031 = LINE('',#1032,#1033);
#1032 = CARTESIAN_POINT('',(4.95,-9.15,2.));
#1033 = VECTOR('',#1034,1.);
#1034 = DIRECTION('',(-1.,-0.,-0.));
#1035 = ORIENTED_EDGE('',*,*,#1036,.T.);
#1036 = EDGE_CURVE('',#1029,#1037,#1039,.T.);
#1037 = VERTEX_POINT('',#1038);
#1038 = CARTESIAN_POINT('',(-5.85,-8.25,2.));
#1039 = CIRCLE('',#1040,0.9);
#1040 = AXIS2_PLACEMENT_3D('',#1041,#1042,#1043);
#1041 = CARTESIAN_POINT('',(-4.95,-8.25,2.));
#1042 = DIRECTION('',(-0.,-0.,-1.));
#1043 = DIRECTION('',(0.,-1.,0.));
#1044 = ORIENTED_EDGE('',*,*,#1045,.T.);
#1045 = EDGE_CURVE('',#1037,#666,#1046,.T.);
#1046 = LINE('',#1047,#1048);
#1047 = CARTESIAN_POINT('',(-5.85,-8.25,2.));
#1048 = VECTOR('',#1049,1.);
#1049 = DIRECTION('',(0.,1.,0.));
#1050 = FACE_BOUND('',#1051,.T.);
#1051 = EDGE_LOOP('',(#1052));
#1052 = ORIENTED_EDGE('',*,*,#1053,.F.);
#1053 = EDGE_CURVE('',#1054,#1054,#1056,.T.);
#1054 = VERTEX_POINT('',#1055);
#1055 = CARTESIAN_POINT('',(-13.1,15.25,2.));
#1056 = CIRCLE('',#1057,2.15);
#1057 = AXIS2_PLACEMENT_3D('',#1058,#1059,#1060);
#1058 = CARTESIAN_POINT('',(-15.25,15.25,2.));
#1059 = DIRECTION('',(0.,0.,1.));
#1060 = DIRECTION('',(1.,0.,-0.));
#1061 = FACE_BOUND('',#1062,.T.);
#1062 = EDGE_LOOP('',(#1063));
#1063 = ORIENTED_EDGE('',*,*,#1064,.F.);
#1064 = EDGE_CURVE('',#1065,#1065,#1067,.T.);
#1065 = VERTEX_POINT('',#1066);
#1066 = CARTESIAN_POINT('',(-13.1,-15.25,2.));
#1067 = CIRCLE('',#1068,2.15);
#1068 = AXIS2_PLACEMENT_3D('',#1069,#1070,#1071);
#1069 = CARTESIAN_POINT('',(-15.25,-15.25,2.));
#1070 = DIRECTION('',(0.,0.,1.));
#1071 = DIRECTION('',(1.,0.,-0.));
#1072 = FACE_BOUND('',#1073,.T.);
#1073 = EDGE_LOOP('',(#1074));
#1074 = ORIENTED_EDGE('',*,*,#1075,.T.);
#1075 = EDGE_CURVE('',#1076,#1076,#1078,.T.);
#1076 = VERTEX_POINT('',#1077);
#1077 = CARTESIAN_POINT('',(13.1,15.25,2.));
#1078 = CIRCLE('',#1079,2.15);
#1079 = AXIS2_PLACEMENT_3D('',#1080,#1081,#1082);
#1080 = CARTESIAN_POINT('',(15.25,15.25,2.));
#1081 = DIRECTION('',(0.,0.,-1.));
#1082 = DIRECTION('',(-1.,0.,0.));
#1083 = FACE_BOUND('',#1084,.T.);
#1084 = EDGE_LOOP('',(#1085));
#1085 = ORIENTED_EDGE('',*,*,#1086,.T.);
#1086 = EDGE_CURVE('',#1087,#1087,#1089,.T.);
#1087 = VERTEX_POINT('',#1088);
#1088 = CARTESIAN_POINT('',(13.1,-15.25,2.));
#1089 = CIRCLE('',#1090,2.15);
#1090 = AXIS2_PLACEMENT_3D('',#1091,#1092,#1093);
#1091 = CARTESIAN_POINT('',(15.25,-15.25,2.));
#1092 = DIRECTION('',(0.,0.,-1.));
#1093 = DIRECTION('',(-1.,0.,0.));
#1094 = PLANE('',#1095);
#1095 = AXIS2_PLACEMENT_3D('',#1096,#1097,#1098);
#1096 = CARTESIAN_POINT('',(-6.9E-16,-0.58659829532,2.));
#1097 = DIRECTION('',(0.,0.,1.));
#1098 = DIRECTION('',(1.,0.,0.));
#1099 = ADVANCED_FACE('',(#1100),#1119,.T.);
#1100 = FACE_BOUND('',#1101,.F.);
#1101 = EDGE_LOOP('',(#1102,#1110,#1117,#1118));
#1102 = ORIENTED_EDGE('',*,*,#1103,.T.);
#1103 = EDGE_CURVE('',#151,#1104,#1106,.T.);
#1104 = VERTEX_POINT('',#1105);
#1105 = CARTESIAN_POINT('',(-5.45,10.85,1.6));
#1106 = LINE('',#1107,#1108);
#1107 = CARTESIAN_POINT('',(-5.45,10.85,0.));
#1108 = VECTOR('',#1109,1.);
#1109 = DIRECTION('',(0.,0.,1.));
#1110 = ORIENTED_EDGE('',*,*,#1111,.T.);
#1111 = EDGE_CURVE('',#1104,#545,#1112,.T.);
#1112 = CIRCLE('',#1113,8.);
#1113 = AXIS2_PLACEMENT_3D('',#1114,#1115,#1116);
#1114 = CARTESIAN_POINT('',(-13.45,10.85,1.6));
#1115 = DIRECTION('',(0.,0.,1.));
#1116 = DIRECTION('',(1.,0.,-0.));
#1117 = ORIENTED_EDGE('',*,*,#552,.F.);
#1118 = ORIENTED_EDGE('',*,*,#150,.F.);
#1119 = CYLINDRICAL_SURFACE('',#1120,8.);
#1120 = AXIS2_PLACEMENT_3D('',#1121,#1122,#1123);
#1121 = CARTESIAN_POINT('',(-13.45,10.85,0.));
#1122 = DIRECTION('',(-0.,-0.,-1.));
#1123 = DIRECTION('',(1.,0.,0.));
#1124 = ADVANCED_FACE('',(#1125),#1143,.F.);
#1125 = FACE_BOUND('',#1126,.F.);
#1126 = EDGE_LOOP('',(#1127,#1128,#1136,#1142));
#1127 = ORIENTED_EDGE('',*,*,#616,.T.);
#1128 = ORIENTED_EDGE('',*,*,#1129,.T.);
#1129 = EDGE_CURVE('',#617,#1130,#1132,.T.);
#1130 = VERTEX_POINT('',#1131);
#1131 = CARTESIAN_POINT('',(-9.45,5.5,1.6));
#1132 = LINE('',#1133,#1134);
#1133 = CARTESIAN_POINT('',(-9.45,9.65,1.6));
#1134 = VECTOR('',#1135,1.);
#1135 = DIRECTION('',(0.,-1.,0.));
#1136 = ORIENTED_EDGE('',*,*,#1137,.F.);
#1137 = EDGE_CURVE('',#503,#1130,#1138,.T.);
#1138 = LINE('',#1139,#1140);
#1139 = CARTESIAN_POINT('',(-9.45,5.5,0.));
#1140 = VECTOR('',#1141,1.);
#1141 = DIRECTION('',(0.,0.,1.));
#1142 = ORIENTED_EDGE('',*,*,#511,.F.);
#1143 = PLANE('',#1144);
#1144 = AXIS2_PLACEMENT_3D('',#1145,#1146,#1147);
#1145 = CARTESIAN_POINT('',(-9.45,9.65,0.));
#1146 = DIRECTION('',(1.,0.,0.));
#1147 = DIRECTION('',(0.,-1.,0.));
#1148 = ADVANCED_FACE('',(#1149),#1168,.T.);
#1149 = FACE_BOUND('',#1150,.F.);
#1150 = EDGE_LOOP('',(#1151,#1152,#1161,#1167));
#1151 = ORIENTED_EDGE('',*,*,#1137,.T.);
#1152 = ORIENTED_EDGE('',*,*,#1153,.T.);
#1153 = EDGE_CURVE('',#1130,#1154,#1156,.T.);
#1154 = VERTEX_POINT('',#1155);
#1155 = CARTESIAN_POINT('',(-8.95,5.,1.6));
#1156 = CIRCLE('',#1157,0.5);
#1157 = AXIS2_PLACEMENT_3D('',#1158,#1159,#1160);
#1158 = CARTESIAN_POINT('',(-8.95,5.5,1.6));
#1159 = DIRECTION('',(0.,0.,1.));
#1160 = DIRECTION('',(-1.,0.,0.));
#1161 = ORIENTED_EDGE('',*,*,#1162,.F.);
#1162 = EDGE_CURVE('',#495,#1154,#1163,.T.);
#1163 = LINE('',#1164,#1165);
#1164 = CARTESIAN_POINT('',(-8.95,5.,0.));
#1165 = VECTOR('',#1166,1.);
#1166 = DIRECTION('',(0.,0.,1.));
#1167 = ORIENTED_EDGE('',*,*,#502,.F.);
#1168 = CYLINDRICAL_SURFACE('',#1169,0.5);
#1169 = AXIS2_PLACEMENT_3D('',#1170,#1171,#1172);
#1170 = CARTESIAN_POINT('',(-8.95,5.5,0.));
#1171 = DIRECTION('',(-0.,-0.,-1.));
#1172 = DIRECTION('',(1.,0.,0.));
#1173 = ADVANCED_FACE('',(#1174),#1192,.T.);
#1174 = FACE_BOUND('',#1175,.T.);
#1175 = EDGE_LOOP('',(#1176,#1184,#1190,#1191));
#1176 = ORIENTED_EDGE('',*,*,#1177,.T.);
#1177 = EDGE_CURVE('',#486,#1178,#1180,.T.);
#1178 = VERTEX_POINT('',#1179);
#1179 = CARTESIAN_POINT('',(-8.85,5.,1.6));
#1180 = LINE('',#1181,#1182);
#1181 = CARTESIAN_POINT('',(-8.85,5.,0.));
#1182 = VECTOR('',#1183,1.);
#1183 = DIRECTION('',(0.,0.,1.));
#1184 = ORIENTED_EDGE('',*,*,#1185,.F.);
#1185 = EDGE_CURVE('',#1154,#1178,#1186,.T.);
#1186 = LINE('',#1187,#1188);
#1187 = CARTESIAN_POINT('',(-8.95,5.,1.6));
#1188 = VECTOR('',#1189,1.);
#1189 = DIRECTION('',(1.,0.,0.));
#1190 = ORIENTED_EDGE('',*,*,#1162,.F.);
#1191 = ORIENTED_EDGE('',*,*,#494,.F.);
#1192 = PLANE('',#1193);
#1193 = AXIS2_PLACEMENT_3D('',#1194,#1195,#1196);
#1194 = CARTESIAN_POINT('',(-8.85,5.,0.));
#1195 = DIRECTION('',(0.,-1.,0.));
#1196 = DIRECTION('',(-1.,0.,0.));
#1197 = ADVANCED_FACE('',(#1198),#1217,.F.);
#1198 = FACE_BOUND('',#1199,.T.);
#1199 = EDGE_LOOP('',(#1200,#1208,#1215,#1216));
#1200 = ORIENTED_EDGE('',*,*,#1201,.T.);
#1201 = EDGE_CURVE('',#478,#1202,#1204,.T.);
#1202 = VERTEX_POINT('',#1203);
#1203 = CARTESIAN_POINT('',(-7.85,4.,1.6));
#1204 = LINE('',#1205,#1206);
#1205 = CARTESIAN_POINT('',(-7.85,4.,0.));
#1206 = VECTOR('',#1207,1.);
#1207 = DIRECTION('',(0.,0.,1.));
#1208 = ORIENTED_EDGE('',*,*,#1209,.F.);
#1209 = EDGE_CURVE('',#1178,#1202,#1210,.T.);
#1210 = CIRCLE('',#1211,1.);
#1211 = AXIS2_PLACEMENT_3D('',#1212,#1213,#1214);
#1212 = CARTESIAN_POINT('',(-8.85,4.,1.6));
#1213 = DIRECTION('',(0.,0.,-1.));
#1214 = DIRECTION('',(0.,1.,0.));
#1215 = ORIENTED_EDGE('',*,*,#1177,.F.);
#1216 = ORIENTED_EDGE('',*,*,#485,.F.);
#1217 = CYLINDRICAL_SURFACE('',#1218,1.);
#1218 = AXIS2_PLACEMENT_3D('',#1219,#1220,#1221);
#1219 = CARTESIAN_POINT('',(-8.85,4.,0.));
#1220 = DIRECTION('',(-0.,-0.,-1.));
#1221 = DIRECTION('',(1.,0.,0.));
#1222 = ADVANCED_FACE('',(#1223),#1241,.T.);
#1223 = FACE_BOUND('',#1224,.T.);
#1224 = EDGE_LOOP('',(#1225,#1233,#1239,#1240));
#1225 = ORIENTED_EDGE('',*,*,#1226,.T.);
#1226 = EDGE_CURVE('',#469,#1227,#1229,.T.);
#1227 = VERTEX_POINT('',#1228);
#1228 = CARTESIAN_POINT('',(-7.85,2.,1.6));
#1229 = LINE('',#1230,#1231);
#1230 = CARTESIAN_POINT('',(-7.85,2.,0.));
#1231 = VECTOR('',#1232,1.);
#1232 = DIRECTION('',(0.,0.,1.));
#1233 = ORIENTED_EDGE('',*,*,#1234,.F.);
#1234 = EDGE_CURVE('',#1202,#1227,#1235,.T.);
#1235 = LINE('',#1236,#1237);
#1236 = CARTESIAN_POINT('',(-7.85,4.,1.6));
#1237 = VECTOR('',#1238,1.);
#1238 = DIRECTION('',(-0.,-1.,-0.));
#1239 = ORIENTED_EDGE('',*,*,#1201,.F.);
#1240 = ORIENTED_EDGE('',*,*,#477,.F.);
#1241 = PLANE('',#1242);
#1242 = AXIS2_PLACEMENT_3D('',#1243,#1244,#1245);
#1243 = CARTESIAN_POINT('',(-7.85,2.,0.));
#1244 = DIRECTION('',(-1.,0.,0.));
#1245 = DIRECTION('',(0.,1.,0.));
#1246 = ADVANCED_FACE('',(#1247),#1266,.F.);
#1247 = FACE_BOUND('',#1248,.T.);
#1248 = EDGE_LOOP('',(#1249,#1257,#1264,#1265));
#1249 = ORIENTED_EDGE('',*,*,#1250,.T.);
#1250 = EDGE_CURVE('',#461,#1251,#1253,.T.);
#1251 = VERTEX_POINT('',#1252);
#1252 = CARTESIAN_POINT('',(-8.85,1.,1.6));
#1253 = LINE('',#1254,#1255);
#1254 = CARTESIAN_POINT('',(-8.85,1.,0.));
#1255 = VECTOR('',#1256,1.);
#1256 = DIRECTION('',(0.,0.,1.));
#1257 = ORIENTED_EDGE('',*,*,#1258,.F.);
#1258 = EDGE_CURVE('',#1227,#1251,#1259,.T.);
#1259 = CIRCLE('',#1260,1.);
#1260 = AXIS2_PLACEMENT_3D('',#1261,#1262,#1263);
#1261 = CARTESIAN_POINT('',(-8.85,2.,1.6));
#1262 = DIRECTION('',(0.,-0.,-1.));
#1263 = DIRECTION('',(1.,-2.2E-16,0.));
#1264 = ORIENTED_EDGE('',*,*,#1226,.F.);
#1265 = ORIENTED_EDGE('',*,*,#468,.F.);
#1266 = CYLINDRICAL_SURFACE('',#1267,1.);
#1267 = AXIS2_PLACEMENT_3D('',#1268,#1269,#1270);
#1268 = CARTESIAN_POINT('',(-8.85,2.,0.));
#1269 = DIRECTION('',(-0.,-0.,-1.));
#1270 = DIRECTION('',(1.,0.,0.));
#1271 = ADVANCED_FACE('',(#1272),#1290,.F.);
#1272 = FACE_BOUND('',#1273,.F.);
#1273 = EDGE_LOOP('',(#1274,#1275,#1283,#1289));
#1274 = ORIENTED_EDGE('',*,*,#1250,.T.);
#1275 = ORIENTED_EDGE('',*,*,#1276,.T.);
#1276 = EDGE_CURVE('',#1251,#1277,#1279,.T.);
#1277 = VERTEX_POINT('',#1278);
#1278 = CARTESIAN_POINT('',(-8.95,1.,1.6));
#1279 = LINE('',#1280,#1281);
#1280 = CARTESIAN_POINT('',(-8.85,1.,1.6));
#1281 = VECTOR('',#1282,1.);
#1282 = DIRECTION('',(-1.,0.,0.));
#1283 = ORIENTED_EDGE('',*,*,#1284,.F.);
#1284 = EDGE_CURVE('',#452,#1277,#1285,.T.);
#1285 = LINE('',#1286,#1287);
#1286 = CARTESIAN_POINT('',(-8.95,1.,0.));
#1287 = VECTOR('',#1288,1.);
#1288 = DIRECTION('',(0.,0.,1.));
#1289 = ORIENTED_EDGE('',*,*,#460,.F.);
#1290 = PLANE('',#1291);
#1291 = AXIS2_PLACEMENT_3D('',#1292,#1293,#1294);
#1292 = CARTESIAN_POINT('',(-8.85,1.,0.));
#1293 = DIRECTION('',(0.,-1.,0.));
#1294 = DIRECTION('',(-1.,0.,0.));
#1295 = ADVANCED_FACE('',(#1296),#1315,.T.);
#1296 = FACE_BOUND('',#1297,.F.);
#1297 = EDGE_LOOP('',(#1298,#1299,#1308,#1314));
#1298 = ORIENTED_EDGE('',*,*,#1284,.T.);
#1299 = ORIENTED_EDGE('',*,*,#1300,.T.);
#1300 = EDGE_CURVE('',#1277,#1301,#1303,.T.);
#1301 = VERTEX_POINT('',#1302);
#1302 = CARTESIAN_POINT('',(-9.45,0.5,1.6));
#1303 = CIRCLE('',#1304,0.5);
#1304 = AXIS2_PLACEMENT_3D('',#1305,#1306,#1307);
#1305 = CARTESIAN_POINT('',(-8.95,0.5,1.6));
#1306 = DIRECTION('',(0.,-0.,1.));
#1307 = DIRECTION('',(0.,1.,0.));
#1308 = ORIENTED_EDGE('',*,*,#1309,.F.);
#1309 = EDGE_CURVE('',#444,#1301,#1310,.T.);
#1310 = LINE('',#1311,#1312);
#1311 = CARTESIAN_POINT('',(-9.45,0.5,0.));
#1312 = VECTOR('',#1313,1.);
#1313 = DIRECTION('',(0.,0.,1.));
#1314 = ORIENTED_EDGE('',*,*,#451,.F.);
#1315 = CYLINDRICAL_SURFACE('',#1316,0.5);
#1316 = AXIS2_PLACEMENT_3D('',#1317,#1318,#1319);
#1317 = CARTESIAN_POINT('',(-8.95,0.5,0.));
#1318 = DIRECTION('',(-0.,-0.,-1.));
#1319 = DIRECTION('',(1.,0.,0.));
#1320 = ADVANCED_FACE('',(#1321),#1339,.T.);
#1321 = FACE_BOUND('',#1322,.T.);
#1322 = EDGE_LOOP('',(#1323,#1331,#1337,#1338));
#1323 = ORIENTED_EDGE('',*,*,#1324,.T.);
#1324 = EDGE_CURVE('',#435,#1325,#1327,.T.);
#1325 = VERTEX_POINT('',#1326);
#1326 = CARTESIAN_POINT('',(-9.45,-9.65,1.6));
#1327 = LINE('',#1328,#1329);
#1328 = CARTESIAN_POINT('',(-9.45,-9.65,0.));
#1329 = VECTOR('',#1330,1.);
#1330 = DIRECTION('',(0.,0.,1.));
#1331 = ORIENTED_EDGE('',*,*,#1332,.F.);
#1332 = EDGE_CURVE('',#1301,#1325,#1333,.T.);
#1333 = LINE('',#1334,#1335);
#1334 = CARTESIAN_POINT('',(-9.45,0.5,1.6));
#1335 = VECTOR('',#1336,1.);
#1336 = DIRECTION('',(-0.,-1.,-0.));
#1337 = ORIENTED_EDGE('',*,*,#1309,.F.);
#1338 = ORIENTED_EDGE('',*,*,#443,.F.);
#1339 = PLANE('',#1340);
#1340 = AXIS2_PLACEMENT_3D('',#1341,#1342,#1343);
#1341 = CARTESIAN_POINT('',(-9.45,-9.65,0.));
#1342 = DIRECTION('',(-1.,0.,0.));
#1343 = DIRECTION('',(0.,1.,0.));
#1344 = ADVANCED_FACE('',(#1345),#1364,.F.);
#1345 = FACE_BOUND('',#1346,.T.);
#1346 = EDGE_LOOP('',(#1347,#1355,#1362,#1363));
#1347 = ORIENTED_EDGE('',*,*,#1348,.T.);
#1348 = EDGE_CURVE('',#427,#1349,#1351,.T.);
#1349 = VERTEX_POINT('',#1350);
#1350 = CARTESIAN_POINT('',(-11.45,-11.65,1.6));
#1351 = LINE('',#1352,#1353);
#1352 = CARTESIAN_POINT('',(-11.45,-11.65,0.));
#1353 = VECTOR('',#1354,1.);
#1354 = DIRECTION('',(0.,0.,1.));
#1355 = ORIENTED_EDGE('',*,*,#1356,.F.);
#1356 = EDGE_CURVE('',#1325,#1349,#1357,.T.);
#1357 = CIRCLE('',#1358,2.);
#1358 = AXIS2_PLACEMENT_3D('',#1359,#1360,#1361);
#1359 = CARTESIAN_POINT('',(-11.45,-9.65,1.6));
#1360 = DIRECTION('',(0.,0.,-1.));
#1361 = DIRECTION('',(1.,0.,0.));
#1362 = ORIENTED_EDGE('',*,*,#1324,.F.);
#1363 = ORIENTED_EDGE('',*,*,#434,.F.);
#1364 = CYLINDRICAL_SURFACE('',#1365,2.);
#1365 = AXIS2_PLACEMENT_3D('',#1366,#1367,#1368);
#1366 = CARTESIAN_POINT('',(-11.45,-9.65,0.));
#1367 = DIRECTION('',(-0.,-0.,-1.));
#1368 = DIRECTION('',(1.,0.,0.));
#1369 = ADVANCED_FACE('',(#1370),#1388,.T.);
#1370 = FACE_BOUND('',#1371,.T.);
#1371 = EDGE_LOOP('',(#1372,#1380,#1386,#1387));
#1372 = ORIENTED_EDGE('',*,*,#1373,.T.);
#1373 = EDGE_CURVE('',#418,#1374,#1376,.T.);
#1374 = VERTEX_POINT('',#1375);
#1375 = CARTESIAN_POINT('',(-15.25,-11.65,1.6));
#1376 = LINE('',#1377,#1378);
#1377 = CARTESIAN_POINT('',(-15.25,-11.65,0.));
#1378 = VECTOR('',#1379,1.);
#1379 = DIRECTION('',(0.,0.,1.));
#1380 = ORIENTED_EDGE('',*,*,#1381,.F.);
#1381 = EDGE_CURVE('',#1349,#1374,#1382,.T.);
#1382 = LINE('',#1383,#1384);
#1383 = CARTESIAN_POINT('',(-11.45,-11.65,1.6));
#1384 = VECTOR('',#1385,1.);
#1385 = DIRECTION('',(-1.,-0.,-0.));
#1386 = ORIENTED_EDGE('',*,*,#1348,.F.);
#1387 = ORIENTED_EDGE('',*,*,#426,.F.);
#1388 = PLANE('',#1389);
#1389 = AXIS2_PLACEMENT_3D('',#1390,#1391,#1392);
#1390 = CARTESIAN_POINT('',(-15.25,-11.65,0.));
#1391 = DIRECTION('',(0.,1.,0.));
#1392 = DIRECTION('',(1.,0.,0.));
#1393 = ADVANCED_FACE('',(#1394),#1429,.T.);
#1394 = FACE_BOUND('',#1395,.F.);
#1395 = EDGE_LOOP('',(#1396,#1404,#1405,#1412,#1419,#1420,#1421,#1422));
#1396 = ORIENTED_EDGE('',*,*,#1397,.F.);
#1397 = EDGE_CURVE('',#401,#1398,#1400,.T.);
#1398 = VERTEX_POINT('',#1399);
#1399 = CARTESIAN_POINT('',(-15.25,-18.85,1.6));
#1400 = LINE('',#1401,#1402);
#1401 = CARTESIAN_POINT('',(-15.25,-18.85,0.));
#1402 = VECTOR('',#1403,1.);
#1403 = DIRECTION('',(0.,0.,1.));
#1404 = ORIENTED_EDGE('',*,*,#408,.F.);
#1405 = ORIENTED_EDGE('',*,*,#1406,.F.);
#1406 = EDGE_CURVE('',#1407,#409,#1409,.T.);
#1407 = VERTEX_POINT('',#1408);
#1408 = CARTESIAN_POINT('',(-11.65,-15.25,-1.8));
#1409 = B_SPLINE_CURVE_WITH_KNOTS('',1,(#1410,#1411),.UNSPECIFIED.,.F.,
  .F.,(2,2),(-2.,0.),.PIECEWISE_BEZIER_KNOTS.);
#1410 = CARTESIAN_POINT('',(-11.65,-15.25,-2.));
#1411 = CARTESIAN_POINT('',(-11.65,-15.25,0.));
#1412 = ORIENTED_EDGE('',*,*,#1413,.T.);
#1413 = EDGE_CURVE('',#1407,#1407,#1414,.T.);
#1414 = CIRCLE('',#1415,3.6);
#1415 = AXIS2_PLACEMENT_3D('',#1416,#1417,#1418);
#1416 = CARTESIAN_POINT('',(-15.25,-15.25,-1.8));
#1417 = DIRECTION('',(0.,0.,-1.));
#1418 = DIRECTION('',(1.,0.,0.));
#1419 = ORIENTED_EDGE('',*,*,#1406,.T.);
#1420 = ORIENTED_EDGE('',*,*,#417,.F.);
#1421 = ORIENTED_EDGE('',*,*,#1373,.T.);
#1422 = ORIENTED_EDGE('',*,*,#1423,.T.);
#1423 = EDGE_CURVE('',#1374,#1398,#1424,.T.);
#1424 = CIRCLE('',#1425,3.6);
#1425 = AXIS2_PLACEMENT_3D('',#1426,#1427,#1428);
#1426 = CARTESIAN_POINT('',(-15.25,-15.25,1.6));
#1427 = DIRECTION('',(0.,0.,1.));
#1428 = DIRECTION('',(-4.9E-16,1.,0.));
#1429 = CYLINDRICAL_SURFACE('',#1430,3.6);
#1430 = AXIS2_PLACEMENT_3D('',#1431,#1432,#1433);
#1431 = CARTESIAN_POINT('',(-15.25,-15.25,0.));
#1432 = DIRECTION('',(0.,0.,1.));
#1433 = DIRECTION('',(1.,0.,0.));
#1434 = ADVANCED_FACE('',(#1435),#1453,.F.);
#1435 = FACE_BOUND('',#1436,.F.);
#1436 = EDGE_LOOP('',(#1437,#1438,#1446,#1452));
#1437 = ORIENTED_EDGE('',*,*,#1397,.T.);
#1438 = ORIENTED_EDGE('',*,*,#1439,.T.);
#1439 = EDGE_CURVE('',#1398,#1440,#1442,.T.);
#1440 = VERTEX_POINT('',#1441);
#1441 = CARTESIAN_POINT('',(-13.45,-18.85,1.6));
#1442 = LINE('',#1443,#1444);
#1443 = CARTESIAN_POINT('',(-15.25,-18.85,1.6));
#1444 = VECTOR('',#1445,1.);
#1445 = DIRECTION('',(1.,0.,0.));
#1446 = ORIENTED_EDGE('',*,*,#1447,.F.);
#1447 = EDGE_CURVE('',#392,#1440,#1448,.T.);
#1448 = LINE('',#1449,#1450);
#1449 = CARTESIAN_POINT('',(-13.45,-18.85,0.));
#1450 = VECTOR('',#1451,1.);
#1451 = DIRECTION('',(0.,0.,1.));
#1452 = ORIENTED_EDGE('',*,*,#400,.F.);
#1453 = PLANE('',#1454);
#1454 = AXIS2_PLACEMENT_3D('',#1455,#1456,#1457);
#1455 = CARTESIAN_POINT('',(-15.25,-18.85,0.));
#1456 = DIRECTION('',(0.,1.,0.));
#1457 = DIRECTION('',(1.,0.,0.));
#1458 = ADVANCED_FACE('',(#1459),#1478,.T.);
#1459 = FACE_BOUND('',#1460,.F.);
#1460 = EDGE_LOOP('',(#1461,#1462,#1471,#1477));
#1461 = ORIENTED_EDGE('',*,*,#1447,.T.);
#1462 = ORIENTED_EDGE('',*,*,#1463,.T.);
#1463 = EDGE_CURVE('',#1440,#1464,#1466,.T.);
#1464 = VERTEX_POINT('',#1465);
#1465 = CARTESIAN_POINT('',(-6.083481147777,-13.96999999997,1.6));
#1466 = CIRCLE('',#1467,8.);
#1467 = AXIS2_PLACEMENT_3D('',#1468,#1469,#1470);
#1468 = CARTESIAN_POINT('',(-13.45,-10.85,1.6));
#1469 = DIRECTION('',(0.,0.,1.));
#1470 = DIRECTION('',(-2.2E-16,-1.,0.));
#1471 = ORIENTED_EDGE('',*,*,#1472,.F.);
#1472 = EDGE_CURVE('',#383,#1464,#1473,.T.);
#1473 = LINE('',#1474,#1475);
#1474 = CARTESIAN_POINT('',(-6.083481147738,-13.96999999999,0.));
#1475 = VECTOR('',#1476,1.);
#1476 = DIRECTION('',(0.,0.,1.));
#1477 = ORIENTED_EDGE('',*,*,#391,.F.);
#1478 = CYLINDRICAL_SURFACE('',#1479,8.);
#1479 = AXIS2_PLACEMENT_3D('',#1480,#1481,#1482);
#1480 = CARTESIAN_POINT('',(-13.45,-10.85,0.));
#1481 = DIRECTION('',(-0.,-0.,-1.));
#1482 = DIRECTION('',(1.,0.,0.));
#1483 = ADVANCED_FACE('',(#1484),#1503,.F.);
#1484 = FACE_BOUND('',#1485,.T.);
#1485 = EDGE_LOOP('',(#1486,#1494,#1501,#1502));
#1486 = ORIENTED_EDGE('',*,*,#1487,.T.);
#1487 = EDGE_CURVE('',#375,#1488,#1490,.T.);
#1488 = VERTEX_POINT('',#1489);
#1489 = CARTESIAN_POINT('',(-4.241851434645,-12.75,1.6));
#1490 = LINE('',#1491,#1492);
#1491 = CARTESIAN_POINT('',(-4.241851434645,-12.75,0.));
#1492 = VECTOR('',#1493,1.);
#1493 = DIRECTION('',(0.,0.,1.));
#1494 = ORIENTED_EDGE('',*,*,#1495,.F.);
#1495 = EDGE_CURVE('',#1464,#1488,#1496,.T.);
#1496 = CIRCLE('',#1497,2.);
#1497 = AXIS2_PLACEMENT_3D('',#1498,#1499,#1500);
#1498 = CARTESIAN_POINT('',(-4.241851434645,-14.75,1.6));
#1499 = DIRECTION('',(0.,0.,-1.));
#1500 = DIRECTION('',(-0.920814856528,0.389999999997,0.));
#1501 = ORIENTED_EDGE('',*,*,#1472,.F.);
#1502 = ORIENTED_EDGE('',*,*,#382,.F.);
#1503 = CYLINDRICAL_SURFACE('',#1504,2.);
#1504 = AXIS2_PLACEMENT_3D('',#1505,#1506,#1507);
#1505 = CARTESIAN_POINT('',(-4.241851434645,-14.75,0.));
#1506 = DIRECTION('',(-0.,-0.,-1.));
#1507 = DIRECTION('',(1.,0.,0.));
#1508 = ADVANCED_FACE('',(#1509),#1527,.T.);
#1509 = FACE_BOUND('',#1510,.T.);
#1510 = EDGE_LOOP('',(#1511,#1512,#1513,#1521));
#1511 = ORIENTED_EDGE('',*,*,#1487,.F.);
#1512 = ORIENTED_EDGE('',*,*,#374,.T.);
#1513 = ORIENTED_EDGE('',*,*,#1514,.T.);
#1514 = EDGE_CURVE('',#366,#1515,#1517,.T.);
#1515 = VERTEX_POINT('',#1516);
#1516 = CARTESIAN_POINT('',(4.241851434645,-12.75,1.6));
#1517 = LINE('',#1518,#1519);
#1518 = CARTESIAN_POINT('',(4.241851434645,-12.75,0.));
#1519 = VECTOR('',#1520,1.);
#1520 = DIRECTION('',(0.,0.,1.));
#1521 = ORIENTED_EDGE('',*,*,#1522,.F.);
#1522 = EDGE_CURVE('',#1488,#1515,#1523,.T.);
#1523 = LINE('',#1524,#1525);
#1524 = CARTESIAN_POINT('',(-4.241851434645,-12.75,1.6));
#1525 = VECTOR('',#1526,1.);
#1526 = DIRECTION('',(1.,0.,0.));
#1527 = PLANE('',#1528);
#1528 = AXIS2_PLACEMENT_3D('',#1529,#1530,#1531);
#1529 = CARTESIAN_POINT('',(-8.E-17,-12.75,1.));
#1530 = DIRECTION('',(-0.,-1.,-0.));
#1531 = DIRECTION('',(0.,0.,-1.));
#1532 = ADVANCED_FACE('',(#1533),#1552,.F.);
#1533 = FACE_BOUND('',#1534,.F.);
#1534 = EDGE_LOOP('',(#1535,#1536,#1545,#1551));
#1535 = ORIENTED_EDGE('',*,*,#1514,.T.);
#1536 = ORIENTED_EDGE('',*,*,#1537,.T.);
#1537 = EDGE_CURVE('',#1515,#1538,#1540,.T.);
#1538 = VERTEX_POINT('',#1539);
#1539 = CARTESIAN_POINT('',(6.0834811477,-13.97,1.6));
#1540 = CIRCLE('',#1541,2.);
#1541 = AXIS2_PLACEMENT_3D('',#1542,#1543,#1544);
#1542 = CARTESIAN_POINT('',(4.241851434645,-14.75,1.6));
#1543 = DIRECTION('',(0.,0.,-1.));
#1544 = DIRECTION('',(0.,1.,0.));
#1545 = ORIENTED_EDGE('',*,*,#1546,.F.);
#1546 = EDGE_CURVE('',#357,#1538,#1547,.T.);
#1547 = LINE('',#1548,#1549);
#1548 = CARTESIAN_POINT('',(6.083481147738,-13.96999999999,0.));
#1549 = VECTOR('',#1550,1.);
#1550 = DIRECTION('',(0.,0.,1.));
#1551 = ORIENTED_EDGE('',*,*,#365,.F.);
#1552 = CYLINDRICAL_SURFACE('',#1553,2.);
#1553 = AXIS2_PLACEMENT_3D('',#1554,#1555,#1556);
#1554 = CARTESIAN_POINT('',(4.241851434645,-14.75,0.));
#1555 = DIRECTION('',(0.,0.,-1.));
#1556 = DIRECTION('',(-1.,-0.,-0.));
#1557 = ADVANCED_FACE('',(#1558),#1577,.T.);
#1558 = FACE_BOUND('',#1559,.T.);
#1559 = EDGE_LOOP('',(#1560,#1568,#1575,#1576));
#1560 = ORIENTED_EDGE('',*,*,#1561,.T.);
#1561 = EDGE_CURVE('',#349,#1562,#1564,.T.);
#1562 = VERTEX_POINT('',#1563);
#1563 = CARTESIAN_POINT('',(13.45,-18.85,1.6));
#1564 = LINE('',#1565,#1566);
#1565 = CARTESIAN_POINT('',(13.45,-18.85,0.));
#1566 = VECTOR('',#1567,1.);
#1567 = DIRECTION('',(0.,0.,1.));
#1568 = ORIENTED_EDGE('',*,*,#1569,.F.);
#1569 = EDGE_CURVE('',#1538,#1562,#1570,.T.);
#1570 = CIRCLE('',#1571,8.);
#1571 = AXIS2_PLACEMENT_3D('',#1572,#1573,#1574);
#1572 = CARTESIAN_POINT('',(13.45,-10.85,1.6));
#1573 = DIRECTION('',(0.,0.,1.));
#1574 = DIRECTION('',(-0.920814856528,-0.389999999997,0.));
#1575 = ORIENTED_EDGE('',*,*,#1546,.F.);
#1576 = ORIENTED_EDGE('',*,*,#356,.F.);
#1577 = CYLINDRICAL_SURFACE('',#1578,8.);
#1578 = AXIS2_PLACEMENT_3D('',#1579,#1580,#1581);
#1579 = CARTESIAN_POINT('',(13.45,-10.85,0.));
#1580 = DIRECTION('',(0.,0.,-1.));
#1581 = DIRECTION('',(-1.,-0.,-0.));
#1582 = ADVANCED_FACE('',(#1583),#1601,.F.);
#1583 = FACE_BOUND('',#1584,.T.);
#1584 = EDGE_LOOP('',(#1585,#1593,#1599,#1600));
#1585 = ORIENTED_EDGE('',*,*,#1586,.T.);
#1586 = EDGE_CURVE('',#340,#1587,#1589,.T.);
#1587 = VERTEX_POINT('',#1588);
#1588 = CARTESIAN_POINT('',(15.25,-18.85,1.6));
#1589 = LINE('',#1590,#1591);
#1590 = CARTESIAN_POINT('',(15.25,-18.85,0.));
#1591 = VECTOR('',#1592,1.);
#1592 = DIRECTION('',(0.,0.,1.));
#1593 = ORIENTED_EDGE('',*,*,#1594,.F.);
#1594 = EDGE_CURVE('',#1562,#1587,#1595,.T.);
#1595 = LINE('',#1596,#1597);
#1596 = CARTESIAN_POINT('',(13.45,-18.85,1.6));
#1597 = VECTOR('',#1598,1.);
#1598 = DIRECTION('',(1.,0.,0.));
#1599 = ORIENTED_EDGE('',*,*,#1561,.F.);
#1600 = ORIENTED_EDGE('',*,*,#348,.F.);
#1601 = PLANE('',#1602);
#1602 = AXIS2_PLACEMENT_3D('',#1603,#1604,#1605);
#1603 = CARTESIAN_POINT('',(15.25,-18.85,0.));
#1604 = DIRECTION('',(0.,1.,0.));
#1605 = DIRECTION('',(1.,0.,0.));
#1606 = ADVANCED_FACE('',(#1607),#1650,.T.);
#1607 = FACE_BOUND('',#1608,.F.);
#1608 = EDGE_LOOP('',(#1609,#1618,#1625,#1626,#1635,#1641,#1642,#1643));
#1609 = ORIENTED_EDGE('',*,*,#1610,.F.);
#1610 = EDGE_CURVE('',#1611,#1613,#1615,.T.);
#1611 = VERTEX_POINT('',#1612);
#1612 = CARTESIAN_POINT('',(18.85,-15.25,-1.8));
#1613 = VERTEX_POINT('',#1614);
#1614 = CARTESIAN_POINT('',(18.85,-15.25,1.6));
#1615 = B_SPLINE_CURVE_WITH_KNOTS('',1,(#1616,#1617),.UNSPECIFIED.,.F.,
  .F.,(2,2),(-2.,2.),.PIECEWISE_BEZIER_KNOTS.);
#1616 = CARTESIAN_POINT('',(18.85,-15.25,-2.));
#1617 = CARTESIAN_POINT('',(18.85,-15.25,2.));
#1618 = ORIENTED_EDGE('',*,*,#1619,.T.);
#1619 = EDGE_CURVE('',#1611,#1611,#1620,.T.);
#1620 = CIRCLE('',#1621,3.6);
#1621 = AXIS2_PLACEMENT_3D('',#1622,#1623,#1624);
#1622 = CARTESIAN_POINT('',(15.25,-15.25,-1.8));
#1623 = DIRECTION('',(0.,0.,-1.));
#1624 = DIRECTION('',(1.,0.,0.));
#1625 = ORIENTED_EDGE('',*,*,#1610,.T.);
#1626 = ORIENTED_EDGE('',*,*,#1627,.T.);
#1627 = EDGE_CURVE('',#1613,#1628,#1630,.T.);
#1628 = VERTEX_POINT('',#1629);
#1629 = CARTESIAN_POINT('',(15.25,-11.65,1.6));
#1630 = CIRCLE('',#1631,3.6);
#1631 = AXIS2_PLACEMENT_3D('',#1632,#1633,#1634);
#1632 = CARTESIAN_POINT('',(15.25,-15.25,1.6));
#1633 = DIRECTION('',(0.,0.,1.));
#1634 = DIRECTION('',(1.,0.,-0.));
#1635 = ORIENTED_EDGE('',*,*,#1636,.F.);
#1636 = EDGE_CURVE('',#332,#1628,#1637,.T.);
#1637 = LINE('',#1638,#1639);
#1638 = CARTESIAN_POINT('',(15.25,-11.65,0.));
#1639 = VECTOR('',#1640,1.);
#1640 = DIRECTION('',(0.,0.,1.));
#1641 = ORIENTED_EDGE('',*,*,#339,.F.);
#1642 = ORIENTED_EDGE('',*,*,#1586,.T.);
#1643 = ORIENTED_EDGE('',*,*,#1644,.T.);
#1644 = EDGE_CURVE('',#1587,#1613,#1645,.T.);
#1645 = CIRCLE('',#1646,3.6);
#1646 = AXIS2_PLACEMENT_3D('',#1647,#1648,#1649);
#1647 = CARTESIAN_POINT('',(15.25,-15.25,1.6));
#1648 = DIRECTION('',(-0.,0.,1.));
#1649 = DIRECTION('',(4.9E-16,-1.,0.));
#1650 = CYLINDRICAL_SURFACE('',#1651,3.6);
#1651 = AXIS2_PLACEMENT_3D('',#1652,#1653,#1654);
#1652 = CARTESIAN_POINT('',(15.25,-15.25,0.));
#1653 = DIRECTION('',(0.,0.,1.));
#1654 = DIRECTION('',(1.,0.,0.));
#1655 = ADVANCED_FACE('',(#1656),#1674,.T.);
#1656 = FACE_BOUND('',#1657,.F.);
#1657 = EDGE_LOOP('',(#1658,#1659,#1667,#1673));
#1658 = ORIENTED_EDGE('',*,*,#1636,.T.);
#1659 = ORIENTED_EDGE('',*,*,#1660,.T.);
#1660 = EDGE_CURVE('',#1628,#1661,#1663,.T.);
#1661 = VERTEX_POINT('',#1662);
#1662 = CARTESIAN_POINT('',(11.45,-11.65,1.6));
#1663 = LINE('',#1664,#1665);
#1664 = CARTESIAN_POINT('',(15.25,-11.65,1.6));
#1665 = VECTOR('',#1666,1.);
#1666 = DIRECTION('',(-1.,-0.,-0.));
#1667 = ORIENTED_EDGE('',*,*,#1668,.F.);
#1668 = EDGE_CURVE('',#323,#1661,#1669,.T.);
#1669 = LINE('',#1670,#1671);
#1670 = CARTESIAN_POINT('',(11.45,-11.65,0.));
#1671 = VECTOR('',#1672,1.);
#1672 = DIRECTION('',(0.,0.,1.));
#1673 = ORIENTED_EDGE('',*,*,#331,.F.);
#1674 = PLANE('',#1675);
#1675 = AXIS2_PLACEMENT_3D('',#1676,#1677,#1678);
#1676 = CARTESIAN_POINT('',(15.25,-11.65,0.));
#1677 = DIRECTION('',(0.,1.,0.));
#1678 = DIRECTION('',(1.,0.,0.));
#1679 = ADVANCED_FACE('',(#1680),#1699,.F.);
#1680 = FACE_BOUND('',#1681,.F.);
#1681 = EDGE_LOOP('',(#1682,#1683,#1692,#1698));
#1682 = ORIENTED_EDGE('',*,*,#1668,.T.);
#1683 = ORIENTED_EDGE('',*,*,#1684,.T.);
#1684 = EDGE_CURVE('',#1661,#1685,#1687,.T.);
#1685 = VERTEX_POINT('',#1686);
#1686 = CARTESIAN_POINT('',(9.45,-9.65,1.6));
#1687 = CIRCLE('',#1688,2.);
#1688 = AXIS2_PLACEMENT_3D('',#1689,#1690,#1691);
#1689 = CARTESIAN_POINT('',(11.45,-9.65,1.6));
#1690 = DIRECTION('',(-0.,-0.,-1.));
#1691 = DIRECTION('',(0.,-1.,0.));
#1692 = ORIENTED_EDGE('',*,*,#1693,.F.);
#1693 = EDGE_CURVE('',#315,#1685,#1694,.T.);
#1694 = LINE('',#1695,#1696);
#1695 = CARTESIAN_POINT('',(9.45,-9.65,0.));
#1696 = VECTOR('',#1697,1.);
#1697 = DIRECTION('',(0.,0.,1.));
#1698 = ORIENTED_EDGE('',*,*,#322,.F.);
#1699 = CYLINDRICAL_SURFACE('',#1700,2.);
#1700 = AXIS2_PLACEMENT_3D('',#1701,#1702,#1703);
#1701 = CARTESIAN_POINT('',(11.45,-9.65,0.));
#1702 = DIRECTION('',(0.,0.,-1.));
#1703 = DIRECTION('',(-1.,-0.,-0.));
#1704 = ADVANCED_FACE('',(#1705),#1723,.T.);
#1705 = FACE_BOUND('',#1706,.F.);
#1706 = EDGE_LOOP('',(#1707,#1708,#1716,#1722));
#1707 = ORIENTED_EDGE('',*,*,#1693,.T.);
#1708 = ORIENTED_EDGE('',*,*,#1709,.T.);
#1709 = EDGE_CURVE('',#1685,#1710,#1712,.T.);
#1710 = VERTEX_POINT('',#1711);
#1711 = CARTESIAN_POINT('',(9.45,0.5,1.6));
#1712 = LINE('',#1713,#1714);
#1713 = CARTESIAN_POINT('',(9.45,-9.65,1.6));
#1714 = VECTOR('',#1715,1.);
#1715 = DIRECTION('',(0.,1.,0.));
#1716 = ORIENTED_EDGE('',*,*,#1717,.F.);
#1717 = EDGE_CURVE('',#306,#1710,#1718,.T.);
#1718 = LINE('',#1719,#1720);
#1719 = CARTESIAN_POINT('',(9.45,0.5,0.));
#1720 = VECTOR('',#1721,1.);
#1721 = DIRECTION('',(0.,0.,1.));
#1722 = ORIENTED_EDGE('',*,*,#314,.F.);
#1723 = PLANE('',#1724);
#1724 = AXIS2_PLACEMENT_3D('',#1725,#1726,#1727);
#1725 = CARTESIAN_POINT('',(9.45,-9.65,0.));
#1726 = DIRECTION('',(1.,0.,0.));
#1727 = DIRECTION('',(0.,-1.,0.));
#1728 = ADVANCED_FACE('',(#1729),#1748,.T.);
#1729 = FACE_BOUND('',#1730,.T.);
#1730 = EDGE_LOOP('',(#1731,#1739,#1746,#1747));
#1731 = ORIENTED_EDGE('',*,*,#1732,.T.);
#1732 = EDGE_CURVE('',#298,#1733,#1735,.T.);
#1733 = VERTEX_POINT('',#1734);
#1734 = CARTESIAN_POINT('',(8.95,1.,1.6));
#1735 = LINE('',#1736,#1737);
#1736 = CARTESIAN_POINT('',(8.95,1.,0.));
#1737 = VECTOR('',#1738,1.);
#1738 = DIRECTION('',(0.,0.,1.));
#1739 = ORIENTED_EDGE('',*,*,#1740,.F.);
#1740 = EDGE_CURVE('',#1710,#1733,#1741,.T.);
#1741 = CIRCLE('',#1742,0.5);
#1742 = AXIS2_PLACEMENT_3D('',#1743,#1744,#1745);
#1743 = CARTESIAN_POINT('',(8.95,0.5,1.6));
#1744 = DIRECTION('',(0.,-0.,1.));
#1745 = DIRECTION('',(1.,2.2E-16,0.));
#1746 = ORIENTED_EDGE('',*,*,#1717,.F.);
#1747 = ORIENTED_EDGE('',*,*,#305,.F.);
#1748 = CYLINDRICAL_SURFACE('',#1749,0.5);
#1749 = AXIS2_PLACEMENT_3D('',#1750,#1751,#1752);
#1750 = CARTESIAN_POINT('',(8.95,0.5,0.));
#1751 = DIRECTION('',(0.,0.,-1.));
#1752 = DIRECTION('',(-1.,-0.,-0.));
#1753 = ADVANCED_FACE('',(#1754),#1772,.F.);
#1754 = FACE_BOUND('',#1755,.T.);
#1755 = EDGE_LOOP('',(#1756,#1764,#1770,#1771));
#1756 = ORIENTED_EDGE('',*,*,#1757,.T.);
#1757 = EDGE_CURVE('',#289,#1758,#1760,.T.);
#1758 = VERTEX_POINT('',#1759);
#1759 = CARTESIAN_POINT('',(8.85,1.,1.6));
#1760 = LINE('',#1761,#1762);
#1761 = CARTESIAN_POINT('',(8.85,1.,0.));
#1762 = VECTOR('',#1763,1.);
#1763 = DIRECTION('',(0.,0.,1.));
#1764 = ORIENTED_EDGE('',*,*,#1765,.F.);
#1765 = EDGE_CURVE('',#1733,#1758,#1766,.T.);
#1766 = LINE('',#1767,#1768);
#1767 = CARTESIAN_POINT('',(8.95,1.,1.6));
#1768 = VECTOR('',#1769,1.);
#1769 = DIRECTION('',(-1.,-0.,-0.));
#1770 = ORIENTED_EDGE('',*,*,#1732,.F.);
#1771 = ORIENTED_EDGE('',*,*,#297,.F.);
#1772 = PLANE('',#1773);
#1773 = AXIS2_PLACEMENT_3D('',#1774,#1775,#1776);
#1774 = CARTESIAN_POINT('',(8.85,1.,0.));
#1775 = DIRECTION('',(-0.,-1.,-0.));
#1776 = DIRECTION('',(-1.,0.,0.));
#1777 = ADVANCED_FACE('',(#1778),#1797,.F.);
#1778 = FACE_BOUND('',#1779,.F.);
#1779 = EDGE_LOOP('',(#1780,#1781,#1790,#1796));
#1780 = ORIENTED_EDGE('',*,*,#1757,.T.);
#1781 = ORIENTED_EDGE('',*,*,#1782,.T.);
#1782 = EDGE_CURVE('',#1758,#1783,#1785,.T.);
#1783 = VERTEX_POINT('',#1784);
#1784 = CARTESIAN_POINT('',(7.85,2.,1.6));
#1785 = CIRCLE('',#1786,1.);
#1786 = AXIS2_PLACEMENT_3D('',#1787,#1788,#1789);
#1787 = CARTESIAN_POINT('',(8.85,2.,1.6));
#1788 = DIRECTION('',(-0.,-0.,-1.));
#1789 = DIRECTION('',(0.,-1.,0.));
#1790 = ORIENTED_EDGE('',*,*,#1791,.F.);
#1791 = EDGE_CURVE('',#281,#1783,#1792,.T.);
#1792 = LINE('',#1793,#1794);
#1793 = CARTESIAN_POINT('',(7.85,2.,0.));
#1794 = VECTOR('',#1795,1.);
#1795 = DIRECTION('',(0.,0.,1.));
#1796 = ORIENTED_EDGE('',*,*,#288,.F.);
#1797 = CYLINDRICAL_SURFACE('',#1798,1.);
#1798 = AXIS2_PLACEMENT_3D('',#1799,#1800,#1801);
#1799 = CARTESIAN_POINT('',(8.85,2.,0.));
#1800 = DIRECTION('',(0.,0.,-1.));
#1801 = DIRECTION('',(-1.,-0.,-0.));
#1802 = ADVANCED_FACE('',(#1803),#1821,.T.);
#1803 = FACE_BOUND('',#1804,.F.);
#1804 = EDGE_LOOP('',(#1805,#1806,#1814,#1820));
#1805 = ORIENTED_EDGE('',*,*,#1791,.T.);
#1806 = ORIENTED_EDGE('',*,*,#1807,.T.);
#1807 = EDGE_CURVE('',#1783,#1808,#1810,.T.);
#1808 = VERTEX_POINT('',#1809);
#1809 = CARTESIAN_POINT('',(7.85,4.,1.6));
#1810 = LINE('',#1811,#1812);
#1811 = CARTESIAN_POINT('',(7.85,2.,1.6));
#1812 = VECTOR('',#1813,1.);
#1813 = DIRECTION('',(0.,1.,0.));
#1814 = ORIENTED_EDGE('',*,*,#1815,.F.);
#1815 = EDGE_CURVE('',#272,#1808,#1816,.T.);
#1816 = LINE('',#1817,#1818);
#1817 = CARTESIAN_POINT('',(7.85,4.,0.));
#1818 = VECTOR('',#1819,1.);
#1819 = DIRECTION('',(0.,0.,1.));
#1820 = ORIENTED_EDGE('',*,*,#280,.F.);
#1821 = PLANE('',#1822);
#1822 = AXIS2_PLACEMENT_3D('',#1823,#1824,#1825);
#1823 = CARTESIAN_POINT('',(7.85,2.,0.));
#1824 = DIRECTION('',(1.,0.,0.));
#1825 = DIRECTION('',(0.,-1.,0.));
#1826 = ADVANCED_FACE('',(#1827),#1846,.F.);
#1827 = FACE_BOUND('',#1828,.F.);
#1828 = EDGE_LOOP('',(#1829,#1830,#1839,#1845));
#1829 = ORIENTED_EDGE('',*,*,#1815,.T.);
#1830 = ORIENTED_EDGE('',*,*,#1831,.T.);
#1831 = EDGE_CURVE('',#1808,#1832,#1834,.T.);
#1832 = VERTEX_POINT('',#1833);
#1833 = CARTESIAN_POINT('',(8.85,5.,1.6));
#1834 = CIRCLE('',#1835,1.);
#1835 = AXIS2_PLACEMENT_3D('',#1836,#1837,#1838);
#1836 = CARTESIAN_POINT('',(8.85,4.,1.6));
#1837 = DIRECTION('',(0.,0.,-1.));
#1838 = DIRECTION('',(-1.,0.,0.));
#1839 = ORIENTED_EDGE('',*,*,#1840,.F.);
#1840 = EDGE_CURVE('',#264,#1832,#1841,.T.);
#1841 = LINE('',#1842,#1843);
#1842 = CARTESIAN_POINT('',(8.85,5.,0.));
#1843 = VECTOR('',#1844,1.);
#1844 = DIRECTION('',(0.,0.,1.));
#1845 = ORIENTED_EDGE('',*,*,#271,.F.);
#1846 = CYLINDRICAL_SURFACE('',#1847,1.);
#1847 = AXIS2_PLACEMENT_3D('',#1848,#1849,#1850);
#1848 = CARTESIAN_POINT('',(8.85,4.,0.));
#1849 = DIRECTION('',(0.,0.,-1.));
#1850 = DIRECTION('',(-1.,-0.,-0.));
#1851 = ADVANCED_FACE('',(#1852),#1870,.T.);
#1852 = FACE_BOUND('',#1853,.F.);
#1853 = EDGE_LOOP('',(#1854,#1855,#1863,#1869));
#1854 = ORIENTED_EDGE('',*,*,#1840,.T.);
#1855 = ORIENTED_EDGE('',*,*,#1856,.T.);
#1856 = EDGE_CURVE('',#1832,#1857,#1859,.T.);
#1857 = VERTEX_POINT('',#1858);
#1858 = CARTESIAN_POINT('',(8.95,5.,1.6));
#1859 = LINE('',#1860,#1861);
#1860 = CARTESIAN_POINT('',(8.85,5.,1.6));
#1861 = VECTOR('',#1862,1.);
#1862 = DIRECTION('',(1.,0.,0.));
#1863 = ORIENTED_EDGE('',*,*,#1864,.F.);
#1864 = EDGE_CURVE('',#255,#1857,#1865,.T.);
#1865 = LINE('',#1866,#1867);
#1866 = CARTESIAN_POINT('',(8.95,5.,0.));
#1867 = VECTOR('',#1868,1.);
#1868 = DIRECTION('',(0.,0.,1.));
#1869 = ORIENTED_EDGE('',*,*,#263,.F.);
#1870 = PLANE('',#1871);
#1871 = AXIS2_PLACEMENT_3D('',#1872,#1873,#1874);
#1872 = CARTESIAN_POINT('',(8.85,5.,0.));
#1873 = DIRECTION('',(-0.,-1.,-0.));
#1874 = DIRECTION('',(-1.,0.,0.));
#1875 = ADVANCED_FACE('',(#1876),#1895,.T.);
#1876 = FACE_BOUND('',#1877,.T.);
#1877 = EDGE_LOOP('',(#1878,#1886,#1893,#1894));
#1878 = ORIENTED_EDGE('',*,*,#1879,.T.);
#1879 = EDGE_CURVE('',#247,#1880,#1882,.T.);
#1880 = VERTEX_POINT('',#1881);
#1881 = CARTESIAN_POINT('',(9.45,5.5,1.6));
#1882 = LINE('',#1883,#1884);
#1883 = CARTESIAN_POINT('',(9.45,5.5,0.));
#1884 = VECTOR('',#1885,1.);
#1885 = DIRECTION('',(0.,0.,1.));
#1886 = ORIENTED_EDGE('',*,*,#1887,.F.);
#1887 = EDGE_CURVE('',#1857,#1880,#1888,.T.);
#1888 = CIRCLE('',#1889,0.5);
#1889 = AXIS2_PLACEMENT_3D('',#1890,#1891,#1892);
#1890 = CARTESIAN_POINT('',(8.95,5.5,1.6));
#1891 = DIRECTION('',(-0.,0.,1.));
#1892 = DIRECTION('',(0.,-1.,0.));
#1893 = ORIENTED_EDGE('',*,*,#1864,.F.);
#1894 = ORIENTED_EDGE('',*,*,#254,.F.);
#1895 = CYLINDRICAL_SURFACE('',#1896,0.5);
#1896 = AXIS2_PLACEMENT_3D('',#1897,#1898,#1899);
#1897 = CARTESIAN_POINT('',(8.95,5.5,0.));
#1898 = DIRECTION('',(0.,0.,-1.));
#1899 = DIRECTION('',(-1.,-0.,-0.));
#1900 = ADVANCED_FACE('',(#1901),#1919,.F.);
#1901 = FACE_BOUND('',#1902,.T.);
#1902 = EDGE_LOOP('',(#1903,#1911,#1917,#1918));
#1903 = ORIENTED_EDGE('',*,*,#1904,.T.);
#1904 = EDGE_CURVE('',#238,#1905,#1907,.T.);
#1905 = VERTEX_POINT('',#1906);
#1906 = CARTESIAN_POINT('',(9.45,9.65,1.6));
#1907 = LINE('',#1908,#1909);
#1908 = CARTESIAN_POINT('',(9.45,9.65,0.));
#1909 = VECTOR('',#1910,1.);
#1910 = DIRECTION('',(0.,0.,1.));
#1911 = ORIENTED_EDGE('',*,*,#1912,.F.);
#1912 = EDGE_CURVE('',#1880,#1905,#1913,.T.);
#1913 = LINE('',#1914,#1915);
#1914 = CARTESIAN_POINT('',(9.45,5.5,1.6));
#1915 = VECTOR('',#1916,1.);
#1916 = DIRECTION('',(0.,1.,0.));
#1917 = ORIENTED_EDGE('',*,*,#1879,.F.);
#1918 = ORIENTED_EDGE('',*,*,#246,.F.);
#1919 = PLANE('',#1920);
#1920 = AXIS2_PLACEMENT_3D('',#1921,#1922,#1923);
#1921 = CARTESIAN_POINT('',(9.45,9.65,0.));
#1922 = DIRECTION('',(-1.,-0.,-0.));
#1923 = DIRECTION('',(0.,1.,0.));
#1924 = ADVANCED_FACE('',(#1925),#1944,.F.);
#1925 = FACE_BOUND('',#1926,.F.);
#1926 = EDGE_LOOP('',(#1927,#1928,#1937,#1943));
#1927 = ORIENTED_EDGE('',*,*,#1904,.T.);
#1928 = ORIENTED_EDGE('',*,*,#1929,.T.);
#1929 = EDGE_CURVE('',#1905,#1930,#1932,.T.);
#1930 = VERTEX_POINT('',#1931);
#1931 = CARTESIAN_POINT('',(11.45,11.65,1.6));
#1932 = CIRCLE('',#1933,2.);
#1933 = AXIS2_PLACEMENT_3D('',#1934,#1935,#1936);
#1934 = CARTESIAN_POINT('',(11.45,9.65,1.6));
#1935 = DIRECTION('',(-0.,0.,-1.));
#1936 = DIRECTION('',(-1.,-8.9E-16,0.));
#1937 = ORIENTED_EDGE('',*,*,#1938,.F.);
#1938 = EDGE_CURVE('',#230,#1930,#1939,.T.);
#1939 = LINE('',#1940,#1941);
#1940 = CARTESIAN_POINT('',(11.45,11.65,0.));
#1941 = VECTOR('',#1942,1.);
#1942 = DIRECTION('',(0.,0.,1.));
#1943 = ORIENTED_EDGE('',*,*,#237,.F.);
#1944 = CYLINDRICAL_SURFACE('',#1945,2.);
#1945 = AXIS2_PLACEMENT_3D('',#1946,#1947,#1948);
#1946 = CARTESIAN_POINT('',(11.45,9.65,0.));
#1947 = DIRECTION('',(0.,0.,-1.));
#1948 = DIRECTION('',(-1.,-0.,-0.));
#1949 = ADVANCED_FACE('',(#1950),#1968,.F.);
#1950 = FACE_BOUND('',#1951,.T.);
#1951 = EDGE_LOOP('',(#1952,#1960,#1966,#1967));
#1952 = ORIENTED_EDGE('',*,*,#1953,.T.);
#1953 = EDGE_CURVE('',#221,#1954,#1956,.T.);
#1954 = VERTEX_POINT('',#1955);
#1955 = CARTESIAN_POINT('',(15.25,11.65,1.6));
#1956 = LINE('',#1957,#1958);
#1957 = CARTESIAN_POINT('',(15.25,11.65,0.));
#1958 = VECTOR('',#1959,1.);
#1959 = DIRECTION('',(0.,0.,1.));
#1960 = ORIENTED_EDGE('',*,*,#1961,.F.);
#1961 = EDGE_CURVE('',#1930,#1954,#1962,.T.);
#1962 = LINE('',#1963,#1964);
#1963 = CARTESIAN_POINT('',(11.45,11.65,1.6));
#1964 = VECTOR('',#1965,1.);
#1965 = DIRECTION('',(1.,0.,0.));
#1966 = ORIENTED_EDGE('',*,*,#1938,.F.);
#1967 = ORIENTED_EDGE('',*,*,#229,.F.);
#1968 = PLANE('',#1969);
#1969 = AXIS2_PLACEMENT_3D('',#1970,#1971,#1972);
#1970 = CARTESIAN_POINT('',(15.25,11.65,0.));
#1971 = DIRECTION('',(0.,1.,0.));
#1972 = DIRECTION('',(1.,0.,0.));
#1973 = ADVANCED_FACE('',(#1974),#2017,.T.);
#1974 = FACE_BOUND('',#1975,.F.);
#1975 = EDGE_LOOP('',(#1976,#1985,#1992,#1993,#2002,#2008,#2009,#2010));
#1976 = ORIENTED_EDGE('',*,*,#1977,.F.);
#1977 = EDGE_CURVE('',#1978,#1980,#1982,.T.);
#1978 = VERTEX_POINT('',#1979);
#1979 = CARTESIAN_POINT('',(18.85,15.25,-1.8));
#1980 = VERTEX_POINT('',#1981);
#1981 = CARTESIAN_POINT('',(18.85,15.25,1.6));
#1982 = B_SPLINE_CURVE_WITH_KNOTS('',1,(#1983,#1984),.UNSPECIFIED.,.F.,
  .F.,(2,2),(-2.,2.),.PIECEWISE_BEZIER_KNOTS.);
#1983 = CARTESIAN_POINT('',(18.85,15.25,-2.));
#1984 = CARTESIAN_POINT('',(18.85,15.25,2.));
#1985 = ORIENTED_EDGE('',*,*,#1986,.T.);
#1986 = EDGE_CURVE('',#1978,#1978,#1987,.T.);
#1987 = CIRCLE('',#1988,3.6);
#1988 = AXIS2_PLACEMENT_3D('',#1989,#1990,#1991);
#1989 = CARTESIAN_POINT('',(15.25,15.25,-1.8));
#1990 = DIRECTION('',(0.,0.,-1.));
#1991 = DIRECTION('',(1.,0.,0.));
#1992 = ORIENTED_EDGE('',*,*,#1977,.T.);
#1993 = ORIENTED_EDGE('',*,*,#1994,.T.);
#1994 = EDGE_CURVE('',#1980,#1995,#1997,.T.);
#1995 = VERTEX_POINT('',#1996);
#1996 = CARTESIAN_POINT('',(15.25,18.85,1.6));
#1997 = CIRCLE('',#1998,3.6);
#1998 = AXIS2_PLACEMENT_3D('',#1999,#2000,#2001);
#1999 = CARTESIAN_POINT('',(15.25,15.25,1.6));
#2000 = DIRECTION('',(0.,0.,1.));
#2001 = DIRECTION('',(1.,0.,-0.));
#2002 = ORIENTED_EDGE('',*,*,#2003,.F.);
#2003 = EDGE_CURVE('',#213,#1995,#2004,.T.);
#2004 = LINE('',#2005,#2006);
#2005 = CARTESIAN_POINT('',(15.25,18.85,0.));
#2006 = VECTOR('',#2007,1.);
#2007 = DIRECTION('',(0.,0.,1.));
#2008 = ORIENTED_EDGE('',*,*,#220,.F.);
#2009 = ORIENTED_EDGE('',*,*,#1953,.T.);
#2010 = ORIENTED_EDGE('',*,*,#2011,.T.);
#2011 = EDGE_CURVE('',#1954,#1980,#2012,.T.);
#2012 = CIRCLE('',#2013,3.6);
#2013 = AXIS2_PLACEMENT_3D('',#2014,#2015,#2016);
#2014 = CARTESIAN_POINT('',(15.25,15.25,1.6));
#2015 = DIRECTION('',(-0.,0.,1.));
#2016 = DIRECTION('',(4.9E-16,-1.,0.));
#2017 = CYLINDRICAL_SURFACE('',#2018,3.6);
#2018 = AXIS2_PLACEMENT_3D('',#2019,#2020,#2021);
#2019 = CARTESIAN_POINT('',(15.25,15.25,0.));
#2020 = DIRECTION('',(0.,0.,1.));
#2021 = DIRECTION('',(1.,0.,0.));
#2022 = ADVANCED_FACE('',(#2023),#2041,.T.);
#2023 = FACE_BOUND('',#2024,.F.);
#2024 = EDGE_LOOP('',(#2025,#2026,#2034,#2040));
#2025 = ORIENTED_EDGE('',*,*,#2003,.T.);
#2026 = ORIENTED_EDGE('',*,*,#2027,.T.);
#2027 = EDGE_CURVE('',#1995,#2028,#2030,.T.);
#2028 = VERTEX_POINT('',#2029);
#2029 = CARTESIAN_POINT('',(13.45,18.85,1.6));
#2030 = LINE('',#2031,#2032);
#2031 = CARTESIAN_POINT('',(15.25,18.85,1.6));
#2032 = VECTOR('',#2033,1.);
#2033 = DIRECTION('',(-1.,-0.,-0.));
#2034 = ORIENTED_EDGE('',*,*,#2035,.F.);
#2035 = EDGE_CURVE('',#204,#2028,#2036,.T.);
#2036 = LINE('',#2037,#2038);
#2037 = CARTESIAN_POINT('',(13.45,18.85,0.));
#2038 = VECTOR('',#2039,1.);
#2039 = DIRECTION('',(0.,0.,1.));
#2040 = ORIENTED_EDGE('',*,*,#212,.F.);
#2041 = PLANE('',#2042);
#2042 = AXIS2_PLACEMENT_3D('',#2043,#2044,#2045);
#2043 = CARTESIAN_POINT('',(15.25,18.85,0.));
#2044 = DIRECTION('',(0.,1.,0.));
#2045 = DIRECTION('',(1.,0.,0.));
#2046 = ADVANCED_FACE('',(#2047),#2066,.T.);
#2047 = FACE_BOUND('',#2048,.T.);
#2048 = EDGE_LOOP('',(#2049,#2057,#2064,#2065));
#2049 = ORIENTED_EDGE('',*,*,#2050,.T.);
#2050 = EDGE_CURVE('',#196,#2051,#2053,.T.);
#2051 = VERTEX_POINT('',#2052);
#2052 = CARTESIAN_POINT('',(5.45,10.85,1.6));
#2053 = LINE('',#2054,#2055);
#2054 = CARTESIAN_POINT('',(5.45,10.85,0.));
#2055 = VECTOR('',#2056,1.);
#2056 = DIRECTION('',(0.,0.,1.));
#2057 = ORIENTED_EDGE('',*,*,#2058,.F.);
#2058 = EDGE_CURVE('',#2028,#2051,#2059,.T.);
#2059 = CIRCLE('',#2060,8.);
#2060 = AXIS2_PLACEMENT_3D('',#2061,#2062,#2063);
#2061 = CARTESIAN_POINT('',(13.45,10.85,1.6));
#2062 = DIRECTION('',(0.,0.,1.));
#2063 = DIRECTION('',(-2.2E-16,1.,0.));
#2064 = ORIENTED_EDGE('',*,*,#2035,.F.);
#2065 = ORIENTED_EDGE('',*,*,#203,.F.);
#2066 = CYLINDRICAL_SURFACE('',#2067,8.);
#2067 = AXIS2_PLACEMENT_3D('',#2068,#2069,#2070);
#2068 = CARTESIAN_POINT('',(13.45,10.85,0.));
#2069 = DIRECTION('',(0.,0.,-1.));
#2070 = DIRECTION('',(-1.,-0.,-0.));
#2071 = ADVANCED_FACE('',(#2072),#2090,.T.);
#2072 = FACE_BOUND('',#2073,.F.);
#2073 = EDGE_LOOP('',(#2074,#2075,#2083,#2089));
#2074 = ORIENTED_EDGE('',*,*,#2050,.T.);
#2075 = ORIENTED_EDGE('',*,*,#2076,.T.);
#2076 = EDGE_CURVE('',#2051,#2077,#2079,.T.);
#2077 = VERTEX_POINT('',#2078);
#2078 = CARTESIAN_POINT('',(5.45,-8.25,1.6));
#2079 = LINE('',#2080,#2081);
#2080 = CARTESIAN_POINT('',(5.45,10.85,1.6));
#2081 = VECTOR('',#2082,1.);
#2082 = DIRECTION('',(-0.,-1.,-0.));
#2083 = ORIENTED_EDGE('',*,*,#2084,.F.);
#2084 = EDGE_CURVE('',#187,#2077,#2085,.T.);
#2085 = LINE('',#2086,#2087);
#2086 = CARTESIAN_POINT('',(5.45,-8.25,0.));
#2087 = VECTOR('',#2088,1.);
#2088 = DIRECTION('',(0.,0.,1.));
#2089 = ORIENTED_EDGE('',*,*,#195,.F.);
#2090 = PLANE('',#2091);
#2091 = AXIS2_PLACEMENT_3D('',#2092,#2093,#2094);
#2092 = CARTESIAN_POINT('',(5.45,10.85,0.));
#2093 = DIRECTION('',(-1.,-0.,-0.));
#2094 = DIRECTION('',(0.,1.,0.));
#2095 = ADVANCED_FACE('',(#2096),#2115,.F.);
#2096 = FACE_BOUND('',#2097,.F.);
#2097 = EDGE_LOOP('',(#2098,#2099,#2108,#2114));
#2098 = ORIENTED_EDGE('',*,*,#2084,.T.);
#2099 = ORIENTED_EDGE('',*,*,#2100,.T.);
#2100 = EDGE_CURVE('',#2077,#2101,#2103,.T.);
#2101 = VERTEX_POINT('',#2102);
#2102 = CARTESIAN_POINT('',(4.95,-8.75,1.6));
#2103 = CIRCLE('',#2104,0.5);
#2104 = AXIS2_PLACEMENT_3D('',#2105,#2106,#2107);
#2105 = CARTESIAN_POINT('',(4.95,-8.25,1.6));
#2106 = DIRECTION('',(0.,0.,-1.));
#2107 = DIRECTION('',(1.,0.,0.));
#2108 = ORIENTED_EDGE('',*,*,#2109,.F.);
#2109 = EDGE_CURVE('',#179,#2101,#2110,.T.);
#2110 = LINE('',#2111,#2112);
#2111 = CARTESIAN_POINT('',(4.95,-8.75,0.));
#2112 = VECTOR('',#2113,1.);
#2113 = DIRECTION('',(0.,0.,1.));
#2114 = ORIENTED_EDGE('',*,*,#186,.F.);
#2115 = CYLINDRICAL_SURFACE('',#2116,0.5);
#2116 = AXIS2_PLACEMENT_3D('',#2117,#2118,#2119);
#2117 = CARTESIAN_POINT('',(4.95,-8.25,0.));
#2118 = DIRECTION('',(0.,0.,-1.));
#2119 = DIRECTION('',(-1.,-0.,-0.));
#2120 = ADVANCED_FACE('',(#2121),#2139,.T.);
#2121 = FACE_BOUND('',#2122,.T.);
#2122 = EDGE_LOOP('',(#2123,#2131,#2137,#2138));
#2123 = ORIENTED_EDGE('',*,*,#2124,.T.);
#2124 = EDGE_CURVE('',#170,#2125,#2127,.T.);
#2125 = VERTEX_POINT('',#2126);
#2126 = CARTESIAN_POINT('',(-4.95,-8.75,1.6));
#2127 = LINE('',#2128,#2129);
#2128 = CARTESIAN_POINT('',(-4.95,-8.75,0.));
#2129 = VECTOR('',#2130,1.);
#2130 = DIRECTION('',(0.,0.,1.));
#2131 = ORIENTED_EDGE('',*,*,#2132,.F.);
#2132 = EDGE_CURVE('',#2101,#2125,#2133,.T.);
#2133 = LINE('',#2134,#2135);
#2134 = CARTESIAN_POINT('',(4.95,-8.75,1.6));
#2135 = VECTOR('',#2136,1.);
#2136 = DIRECTION('',(-1.,-0.,-0.));
#2137 = ORIENTED_EDGE('',*,*,#2109,.F.);
#2138 = ORIENTED_EDGE('',*,*,#178,.F.);
#2139 = PLANE('',#2140);
#2140 = AXIS2_PLACEMENT_3D('',#2141,#2142,#2143);
#2141 = CARTESIAN_POINT('',(0.,-8.75,1.));
#2142 = DIRECTION('',(0.,1.,0.));
#2143 = DIRECTION('',(0.,0.,1.));
#2144 = ADVANCED_FACE('',(#2145),#2164,.F.);
#2145 = FACE_BOUND('',#2146,.T.);
#2146 = EDGE_LOOP('',(#2147,#2155,#2162,#2163));
#2147 = ORIENTED_EDGE('',*,*,#2148,.T.);
#2148 = EDGE_CURVE('',#162,#2149,#2151,.T.);
#2149 = VERTEX_POINT('',#2150);
#2150 = CARTESIAN_POINT('',(-5.45,-8.25,1.6));
#2151 = LINE('',#2152,#2153);
#2152 = CARTESIAN_POINT('',(-5.45,-8.25,0.));
#2153 = VECTOR('',#2154,1.);
#2154 = DIRECTION('',(0.,0.,1.));
#2155 = ORIENTED_EDGE('',*,*,#2156,.F.);
#2156 = EDGE_CURVE('',#2125,#2149,#2157,.T.);
#2157 = CIRCLE('',#2158,0.5);
#2158 = AXIS2_PLACEMENT_3D('',#2159,#2160,#2161);
#2159 = CARTESIAN_POINT('',(-4.95,-8.25,1.6));
#2160 = DIRECTION('',(-0.,-0.,-1.));
#2161 = DIRECTION('',(0.,-1.,0.));
#2162 = ORIENTED_EDGE('',*,*,#2124,.F.);
#2163 = ORIENTED_EDGE('',*,*,#169,.F.);
#2164 = CYLINDRICAL_SURFACE('',#2165,0.5);
#2165 = AXIS2_PLACEMENT_3D('',#2166,#2167,#2168);
#2166 = CARTESIAN_POINT('',(-4.95,-8.25,0.));
#2167 = DIRECTION('',(-0.,-0.,-1.));
#2168 = DIRECTION('',(1.,0.,0.));
#2169 = ADVANCED_FACE('',(#2170),#2181,.T.);
#2170 = FACE_BOUND('',#2171,.T.);
#2171 = EDGE_LOOP('',(#2172,#2173,#2179,#2180));
#2172 = ORIENTED_EDGE('',*,*,#1103,.T.);
#2173 = ORIENTED_EDGE('',*,*,#2174,.F.);
#2174 = EDGE_CURVE('',#2149,#1104,#2175,.T.);
#2175 = LINE('',#2176,#2177);
#2176 = CARTESIAN_POINT('',(-5.45,-8.25,1.6));
#2177 = VECTOR('',#2178,1.);
#2178 = DIRECTION('',(0.,1.,0.));
#2179 = ORIENTED_EDGE('',*,*,#2148,.F.);
#2180 = ORIENTED_EDGE('',*,*,#161,.F.);
#2181 = PLANE('',#2182);
#2182 = AXIS2_PLACEMENT_3D('',#2183,#2184,#2185);
#2183 = CARTESIAN_POINT('',(-5.45,10.85,0.));
#2184 = DIRECTION('',(1.,0.,0.));
#2185 = DIRECTION('',(0.,-1.,0.));
#2186 = ADVANCED_FACE('',(#2187,#2190),#2201,.F.);
#2187 = FACE_BOUND('',#2188,.F.);
#2188 = EDGE_LOOP('',(#2189));
#2189 = ORIENTED_EDGE('',*,*,#577,.F.);
#2190 = FACE_BOUND('',#2191,.F.);
#2191 = EDGE_LOOP('',(#2192));
#2192 = ORIENTED_EDGE('',*,*,#2193,.T.);
#2193 = EDGE_CURVE('',#2194,#2194,#2196,.T.);
#2194 = VERTEX_POINT('',#2195);
#2195 = CARTESIAN_POINT('',(-13.3,15.25,-2.));
#2196 = CIRCLE('',#2197,1.95);
#2197 = AXIS2_PLACEMENT_3D('',#2198,#2199,#2200);
#2198 = CARTESIAN_POINT('',(-15.25,15.25,-2.));
#2199 = DIRECTION('',(0.,0.,-1.));
#2200 = DIRECTION('',(1.,0.,0.));
#2201 = PLANE('',#2202);
#2202 = AXIS2_PLACEMENT_3D('',#2203,#2204,#2205);
#2203 = CARTESIAN_POINT('',(8.3E-16,-3.9E-15,-2.));
#2204 = DIRECTION('',(0.,0.,1.));
#2205 = DIRECTION('',(1.,0.,0.));
#2206 = ADVANCED_FACE('',(#2207),#2218,.F.);
#2207 = FACE_BOUND('',#2208,.F.);
#2208 = EDGE_LOOP('',(#2209,#2210,#2211,#2217));
#2209 = ORIENTED_EDGE('',*,*,#601,.F.);
#2210 = ORIENTED_EDGE('',*,*,#677,.T.);
#2211 = ORIENTED_EDGE('',*,*,#2212,.T.);
#2212 = EDGE_CURVE('',#678,#617,#2213,.T.);
#2213 = LINE('',#2214,#2215);
#2214 = CARTESIAN_POINT('',(-9.45,9.65,1.6));
#2215 = VECTOR('',#2216,1.);
#2216 = DIRECTION('',(-0.707106781187,-4.E-17,-0.707106781187));
#2217 = ORIENTED_EDGE('',*,*,#624,.F.);
#2218 = CONICAL_SURFACE('',#2219,2.,0.785398163397);
#2219 = AXIS2_PLACEMENT_3D('',#2220,#2221,#2222);
#2220 = CARTESIAN_POINT('',(-11.45,9.65,1.6));
#2221 = DIRECTION('',(0.,0.,1.));
#2222 = DIRECTION('',(0.,1.,-0.));
#2223 = ADVANCED_FACE('',(#2224),#2235,.T.);
#2224 = FACE_BOUND('',#2225,.F.);
#2225 = EDGE_LOOP('',(#2226,#2232,#2233,#2234));
#2226 = ORIENTED_EDGE('',*,*,#2227,.F.);
#2227 = EDGE_CURVE('',#666,#1104,#2228,.T.);
#2228 = LINE('',#2229,#2230);
#2229 = CARTESIAN_POINT('',(-5.45,10.85,1.6));
#2230 = VECTOR('',#2231,1.);
#2231 = DIRECTION('',(0.707106781187,0.,-0.707106781187));
#2232 = ORIENTED_EDGE('',*,*,#665,.T.);
#2233 = ORIENTED_EDGE('',*,*,#641,.T.);
#2234 = ORIENTED_EDGE('',*,*,#1111,.F.);
#2235 = CONICAL_SURFACE('',#2236,8.,0.785398163397);
#2236 = AXIS2_PLACEMENT_3D('',#2237,#2238,#2239);
#2237 = CARTESIAN_POINT('',(-13.45,10.85,1.6));
#2238 = DIRECTION('',(-0.,-0.,-1.));
#2239 = DIRECTION('',(1.,0.,0.));
#2240 = ADVANCED_FACE('',(#2241),#2252,.T.);
#2241 = FACE_BOUND('',#2242,.F.);
#2242 = EDGE_LOOP('',(#2243,#2249,#2250,#2251));
#2243 = ORIENTED_EDGE('',*,*,#2244,.F.);
#2244 = EDGE_CURVE('',#1037,#2149,#2245,.T.);
#2245 = LINE('',#2246,#2247);
#2246 = CARTESIAN_POINT('',(-5.45,-8.25,1.6));
#2247 = VECTOR('',#2248,1.);
#2248 = DIRECTION('',(0.707106781187,6.7E-16,-0.707106781187));
#2249 = ORIENTED_EDGE('',*,*,#1045,.T.);
#2250 = ORIENTED_EDGE('',*,*,#2227,.T.);
#2251 = ORIENTED_EDGE('',*,*,#2174,.F.);
#2252 = PLANE('',#2253);
#2253 = AXIS2_PLACEMENT_3D('',#2254,#2255,#2256);
#2254 = CARTESIAN_POINT('',(-5.65,-8.25,1.8));
#2255 = DIRECTION('',(0.707106781187,0.,0.707106781187));
#2256 = DIRECTION('',(0.,-1.,-0.));
#2257 = ADVANCED_FACE('',(#2258),#2269,.F.);
#2258 = FACE_BOUND('',#2259,.F.);
#2259 = EDGE_LOOP('',(#2260,#2266,#2267,#2268));
#2260 = ORIENTED_EDGE('',*,*,#2261,.F.);
#2261 = EDGE_CURVE('',#1029,#2125,#2262,.T.);
#2262 = LINE('',#2263,#2264);
#2263 = CARTESIAN_POINT('',(-4.95,-8.95,1.8));
#2264 = VECTOR('',#2265,1.);
#2265 = DIRECTION('',(0.,0.707106781187,-0.707106781187));
#2266 = ORIENTED_EDGE('',*,*,#1036,.T.);
#2267 = ORIENTED_EDGE('',*,*,#2244,.T.);
#2268 = ORIENTED_EDGE('',*,*,#2156,.F.);
#2269 = CONICAL_SURFACE('',#2270,0.5,0.785398163397);
#2270 = AXIS2_PLACEMENT_3D('',#2271,#2272,#2273);
#2271 = CARTESIAN_POINT('',(-4.95,-8.25,1.6));
#2272 = DIRECTION('',(0.,0.,1.));
#2273 = DIRECTION('',(0.,-1.,0.));
#2274 = ADVANCED_FACE('',(#2275),#2286,.T.);
#2275 = FACE_BOUND('',#2276,.F.);
#2276 = EDGE_LOOP('',(#2277,#2283,#2284,#2285));
#2277 = ORIENTED_EDGE('',*,*,#2278,.F.);
#2278 = EDGE_CURVE('',#1020,#2101,#2279,.T.);
#2279 = LINE('',#2280,#2281);
#2280 = CARTESIAN_POINT('',(4.95,-8.75,1.6));
#2281 = VECTOR('',#2282,1.);
#2282 = DIRECTION('',(-4.E-17,0.707106781187,-0.707106781187));
#2283 = ORIENTED_EDGE('',*,*,#1028,.T.);
#2284 = ORIENTED_EDGE('',*,*,#2261,.T.);
#2285 = ORIENTED_EDGE('',*,*,#2132,.F.);
#2286 = PLANE('',#2287);
#2287 = AXIS2_PLACEMENT_3D('',#2288,#2289,#2290);
#2288 = CARTESIAN_POINT('',(4.95,-8.95,1.8));
#2289 = DIRECTION('',(0.,0.707106781187,0.707106781187));
#2290 = DIRECTION('',(1.,-0.,-0.));
#2291 = ADVANCED_FACE('',(#2292),#2303,.F.);
#2292 = FACE_BOUND('',#2293,.F.);
#2293 = EDGE_LOOP('',(#2294,#2300,#2301,#2302));
#2294 = ORIENTED_EDGE('',*,*,#2295,.F.);
#2295 = EDGE_CURVE('',#1012,#2077,#2296,.T.);
#2296 = LINE('',#2297,#2298);
#2297 = CARTESIAN_POINT('',(5.65,-8.25,1.8));
#2298 = VECTOR('',#2299,1.);
#2299 = DIRECTION('',(-0.707106781187,0.,-0.707106781187));
#2300 = ORIENTED_EDGE('',*,*,#1019,.T.);
#2301 = ORIENTED_EDGE('',*,*,#2278,.T.);
#2302 = ORIENTED_EDGE('',*,*,#2100,.F.);
#2303 = CONICAL_SURFACE('',#2304,0.5,0.785398163397);
#2304 = AXIS2_PLACEMENT_3D('',#2305,#2306,#2307);
#2305 = CARTESIAN_POINT('',(4.95,-8.25,1.6));
#2306 = DIRECTION('',(0.,0.,1.));
#2307 = DIRECTION('',(1.,0.,0.));
#2308 = ADVANCED_FACE('',(#2309),#2320,.F.);
#2309 = FACE_BOUND('',#2310,.F.);
#2310 = EDGE_LOOP('',(#2311,#2317,#2318,#2319));
#2311 = ORIENTED_EDGE('',*,*,#2312,.F.);
#2312 = EDGE_CURVE('',#1003,#2051,#2313,.T.);
#2313 = LINE('',#2314,#2315);
#2314 = CARTESIAN_POINT('',(5.45,10.85,1.6));
#2315 = VECTOR('',#2316,1.);
#2316 = DIRECTION('',(-0.707106781187,4.E-17,-0.707106781187));
#2317 = ORIENTED_EDGE('',*,*,#1011,.T.);
#2318 = ORIENTED_EDGE('',*,*,#2295,.T.);
#2319 = ORIENTED_EDGE('',*,*,#2076,.F.);
#2320 = PLANE('',#2321);
#2321 = AXIS2_PLACEMENT_3D('',#2322,#2323,#2324);
#2322 = CARTESIAN_POINT('',(5.65,10.85,1.8));
#2323 = DIRECTION('',(0.707106781187,0.,-0.707106781187));
#2324 = DIRECTION('',(0.,-1.,0.));
#2325 = ADVANCED_FACE('',(#2326),#2337,.F.);
#2326 = FACE_BOUND('',#2327,.F.);
#2327 = EDGE_LOOP('',(#2328,#2329,#2330,#2336));
#2328 = ORIENTED_EDGE('',*,*,#2212,.F.);
#2329 = ORIENTED_EDGE('',*,*,#686,.T.);
#2330 = ORIENTED_EDGE('',*,*,#2331,.T.);
#2331 = EDGE_CURVE('',#687,#1130,#2332,.T.);
#2332 = LINE('',#2333,#2334);
#2333 = CARTESIAN_POINT('',(-9.25,5.5,1.8));
#2334 = VECTOR('',#2335,1.);
#2335 = DIRECTION('',(-0.707106781187,0.,-0.707106781187));
#2336 = ORIENTED_EDGE('',*,*,#1129,.F.);
#2337 = PLANE('',#2338);
#2338 = AXIS2_PLACEMENT_3D('',#2339,#2340,#2341);
#2339 = CARTESIAN_POINT('',(-9.25,9.65,1.8));
#2340 = DIRECTION('',(0.707106781187,-0.,-0.707106781187));
#2341 = DIRECTION('',(0.,-1.,0.));
#2342 = ADVANCED_FACE('',(#2343),#2354,.T.);
#2343 = FACE_BOUND('',#2344,.F.);
#2344 = EDGE_LOOP('',(#2345,#2351,#2352,#2353));
#2345 = ORIENTED_EDGE('',*,*,#2346,.F.);
#2346 = EDGE_CURVE('',#995,#2028,#2347,.T.);
#2347 = LINE('',#2348,#2349);
#2348 = CARTESIAN_POINT('',(13.45,18.65,1.8));
#2349 = VECTOR('',#2350,1.);
#2350 = DIRECTION('',(0.,0.707106781187,-0.707106781187));
#2351 = ORIENTED_EDGE('',*,*,#1002,.T.);
#2352 = ORIENTED_EDGE('',*,*,#2312,.T.);
#2353 = ORIENTED_EDGE('',*,*,#2058,.F.);
#2354 = CONICAL_SURFACE('',#2355,8.,0.785398163397);
#2355 = AXIS2_PLACEMENT_3D('',#2356,#2357,#2358);
#2356 = CARTESIAN_POINT('',(13.45,10.85,1.6));
#2357 = DIRECTION('',(-0.,-0.,-1.));
#2358 = DIRECTION('',(-2.2E-16,1.,0.));
#2359 = ADVANCED_FACE('',(#2360),#2371,.T.);
#2360 = FACE_BOUND('',#2361,.F.);
#2361 = EDGE_LOOP('',(#2362,#2363,#2364,#2370));
#2362 = ORIENTED_EDGE('',*,*,#2331,.F.);
#2363 = ORIENTED_EDGE('',*,*,#694,.T.);
#2364 = ORIENTED_EDGE('',*,*,#2365,.T.);
#2365 = EDGE_CURVE('',#695,#1154,#2366,.T.);
#2366 = LINE('',#2367,#2368);
#2367 = CARTESIAN_POINT('',(-8.95,5.,1.6));
#2368 = VECTOR('',#2369,1.);
#2369 = DIRECTION('',(-4.E-17,-0.707106781187,-0.707106781187));
#2370 = ORIENTED_EDGE('',*,*,#1153,.F.);
#2371 = CONICAL_SURFACE('',#2372,0.5,0.785398163397);
#2372 = AXIS2_PLACEMENT_3D('',#2373,#2374,#2375);
#2373 = CARTESIAN_POINT('',(-8.95,5.5,1.6));
#2374 = DIRECTION('',(-0.,-0.,-1.));
#2375 = DIRECTION('',(-1.,0.,0.));
#2376 = ADVANCED_FACE('',(#2377),#2388,.F.);
#2377 = FACE_BOUND('',#2378,.F.);
#2378 = EDGE_LOOP('',(#2379,#2385,#2386,#2387));
#2379 = ORIENTED_EDGE('',*,*,#2380,.F.);
#2380 = EDGE_CURVE('',#986,#1995,#2381,.T.);
#2381 = LINE('',#2382,#2383);
#2382 = CARTESIAN_POINT('',(15.25,18.85,1.6));
#2383 = VECTOR('',#2384,1.);
#2384 = DIRECTION('',(4.E-17,0.707106781187,-0.707106781187));
#2385 = ORIENTED_EDGE('',*,*,#994,.T.);
#2386 = ORIENTED_EDGE('',*,*,#2346,.T.);
#2387 = ORIENTED_EDGE('',*,*,#2027,.F.);
#2388 = PLANE('',#2389);
#2389 = AXIS2_PLACEMENT_3D('',#2390,#2391,#2392);
#2390 = CARTESIAN_POINT('',(15.25,18.65,1.8));
#2391 = DIRECTION('',(0.,-0.707106781187,-0.707106781187));
#2392 = DIRECTION('',(-1.,-0.,0.));
#2393 = ADVANCED_FACE('',(#2394),#2405,.T.);
#2394 = FACE_BOUND('',#2395,.F.);
#2395 = EDGE_LOOP('',(#2396,#2397,#2398,#2404));
#2396 = ORIENTED_EDGE('',*,*,#2365,.F.);
#2397 = ORIENTED_EDGE('',*,*,#703,.T.);
#2398 = ORIENTED_EDGE('',*,*,#2399,.T.);
#2399 = EDGE_CURVE('',#704,#1178,#2400,.T.);
#2400 = LINE('',#2401,#2402);
#2401 = CARTESIAN_POINT('',(-8.85,5.2,1.8));
#2402 = VECTOR('',#2403,1.);
#2403 = DIRECTION('',(-0.,-0.707106781187,-0.707106781187));
#2404 = ORIENTED_EDGE('',*,*,#1185,.F.);
#2405 = PLANE('',#2406);
#2406 = AXIS2_PLACEMENT_3D('',#2407,#2408,#2409);
#2407 = CARTESIAN_POINT('',(-8.95,5.2,1.8));
#2408 = DIRECTION('',(0.,-0.707106781187,0.707106781187));
#2409 = DIRECTION('',(-1.,-0.,-0.));
#2410 = ADVANCED_FACE('',(#2411),#2422,.T.);
#2411 = FACE_BOUND('',#2412,.F.);
#2412 = EDGE_LOOP('',(#2413,#2419,#2420,#2421));
#2413 = ORIENTED_EDGE('',*,*,#2414,.F.);
#2414 = EDGE_CURVE('',#977,#1980,#2415,.T.);
#2415 = LINE('',#2416,#2417);
#2416 = CARTESIAN_POINT('',(18.85,15.25,1.6));
#2417 = VECTOR('',#2418,1.);
#2418 = DIRECTION('',(0.707106781187,-1.E-17,-0.707106781187));
#2419 = ORIENTED_EDGE('',*,*,#985,.T.);
#2420 = ORIENTED_EDGE('',*,*,#2380,.T.);
#2421 = ORIENTED_EDGE('',*,*,#1994,.F.);
#2422 = CONICAL_SURFACE('',#2423,3.6,0.785398163397);
#2423 = AXIS2_PLACEMENT_3D('',#2424,#2425,#2426);
#2424 = CARTESIAN_POINT('',(15.25,15.25,1.6));
#2425 = DIRECTION('',(-0.,-0.,-1.));
#2426 = DIRECTION('',(1.,0.,0.));
#2427 = ADVANCED_FACE('',(#2428),#2439,.F.);
#2428 = FACE_BOUND('',#2429,.F.);
#2429 = EDGE_LOOP('',(#2430,#2431,#2432,#2438));
#2430 = ORIENTED_EDGE('',*,*,#2399,.F.);
#2431 = ORIENTED_EDGE('',*,*,#711,.T.);
#2432 = ORIENTED_EDGE('',*,*,#2433,.T.);
#2433 = EDGE_CURVE('',#712,#1202,#2434,.T.);
#2434 = LINE('',#2435,#2436);
#2435 = CARTESIAN_POINT('',(-7.85,4.,1.6));
#2436 = VECTOR('',#2437,1.);
#2437 = DIRECTION('',(-0.707106781187,-3.6E-16,-0.707106781187));
#2438 = ORIENTED_EDGE('',*,*,#1209,.F.);
#2439 = CONICAL_SURFACE('',#2440,1.,0.785398163397);
#2440 = AXIS2_PLACEMENT_3D('',#2441,#2442,#2443);
#2441 = CARTESIAN_POINT('',(-8.85,4.,1.6));
#2442 = DIRECTION('',(0.,0.,1.));
#2443 = DIRECTION('',(0.,1.,-0.));
#2444 = ADVANCED_FACE('',(#2445),#2456,.T.);
#2445 = FACE_BOUND('',#2446,.F.);
#2446 = EDGE_LOOP('',(#2447,#2453,#2454,#2455));
#2447 = ORIENTED_EDGE('',*,*,#2448,.F.);
#2448 = EDGE_CURVE('',#969,#1954,#2449,.T.);
#2449 = LINE('',#2450,#2451);
#2450 = CARTESIAN_POINT('',(15.25,11.85,1.8));
#2451 = VECTOR('',#2452,1.);
#2452 = DIRECTION('',(-0.,-0.707106781187,-0.707106781187));
#2453 = ORIENTED_EDGE('',*,*,#976,.T.);
#2454 = ORIENTED_EDGE('',*,*,#2414,.T.);
#2455 = ORIENTED_EDGE('',*,*,#2011,.F.);
#2456 = CONICAL_SURFACE('',#2457,3.6,0.785398163397);
#2457 = AXIS2_PLACEMENT_3D('',#2458,#2459,#2460);
#2458 = CARTESIAN_POINT('',(15.25,15.25,1.6));
#2459 = DIRECTION('',(-0.,-0.,-1.));
#2460 = DIRECTION('',(4.9E-16,-1.,0.));
#2461 = ADVANCED_FACE('',(#2462),#2473,.T.);
#2462 = FACE_BOUND('',#2463,.F.);
#2463 = EDGE_LOOP('',(#2464,#2465,#2466,#2472));
#2464 = ORIENTED_EDGE('',*,*,#2433,.F.);
#2465 = ORIENTED_EDGE('',*,*,#720,.T.);
#2466 = ORIENTED_EDGE('',*,*,#2467,.T.);
#2467 = EDGE_CURVE('',#721,#1227,#2468,.T.);
#2468 = LINE('',#2469,#2470);
#2469 = CARTESIAN_POINT('',(-7.65,2.,1.8));
#2470 = VECTOR('',#2471,1.);
#2471 = DIRECTION('',(-0.707106781187,-0.,-0.707106781187));
#2472 = ORIENTED_EDGE('',*,*,#1234,.F.);
#2473 = PLANE('',#2474);
#2474 = AXIS2_PLACEMENT_3D('',#2475,#2476,#2477);
#2475 = CARTESIAN_POINT('',(-7.65,4.,1.8));
#2476 = DIRECTION('',(-0.707106781187,0.,0.707106781187));
#2477 = DIRECTION('',(-0.,1.,-0.));
#2478 = ADVANCED_FACE('',(#2479),#2490,.T.);
#2479 = FACE_BOUND('',#2480,.F.);
#2480 = EDGE_LOOP('',(#2481,#2487,#2488,#2489));
#2481 = ORIENTED_EDGE('',*,*,#2482,.F.);
#2482 = EDGE_CURVE('',#960,#1930,#2483,.T.);
#2483 = LINE('',#2484,#2485);
#2484 = CARTESIAN_POINT('',(11.45,11.65,1.6));
#2485 = VECTOR('',#2486,1.);
#2486 = DIRECTION('',(5.1E-16,-0.707106781187,-0.707106781187));
#2487 = ORIENTED_EDGE('',*,*,#968,.T.);
#2488 = ORIENTED_EDGE('',*,*,#2448,.T.);
#2489 = ORIENTED_EDGE('',*,*,#1961,.F.);
#2490 = PLANE('',#2491);
#2491 = AXIS2_PLACEMENT_3D('',#2492,#2493,#2494);
#2492 = CARTESIAN_POINT('',(11.45,11.85,1.8));
#2493 = DIRECTION('',(0.,-0.707106781187,0.707106781187));
#2494 = DIRECTION('',(-1.,-0.,-0.));
#2495 = ADVANCED_FACE('',(#2496),#2507,.F.);
#2496 = FACE_BOUND('',#2497,.F.);
#2497 = EDGE_LOOP('',(#2498,#2499,#2500,#2506));
#2498 = ORIENTED_EDGE('',*,*,#2467,.F.);
#2499 = ORIENTED_EDGE('',*,*,#728,.T.);
#2500 = ORIENTED_EDGE('',*,*,#2501,.T.);
#2501 = EDGE_CURVE('',#729,#1251,#2502,.T.);
#2502 = LINE('',#2503,#2504);
#2503 = CARTESIAN_POINT('',(-8.85,1.,1.6));
#2504 = VECTOR('',#2505,1.);
#2505 = DIRECTION('',(1.1E-16,0.707106781187,-0.707106781187));
#2506 = ORIENTED_EDGE('',*,*,#1258,.F.);
#2507 = CONICAL_SURFACE('',#2508,1.,0.785398163397);
#2508 = AXIS2_PLACEMENT_3D('',#2509,#2510,#2511);
#2509 = CARTESIAN_POINT('',(-8.85,2.,1.6));
#2510 = DIRECTION('',(0.,0.,1.));
#2511 = DIRECTION('',(1.,-2.2E-16,0.));
#2512 = ADVANCED_FACE('',(#2513),#2524,.F.);
#2513 = FACE_BOUND('',#2514,.F.);
#2514 = EDGE_LOOP('',(#2515,#2521,#2522,#2523));
#2515 = ORIENTED_EDGE('',*,*,#2516,.F.);
#2516 = EDGE_CURVE('',#952,#1905,#2517,.T.);
#2517 = LINE('',#2518,#2519);
#2518 = CARTESIAN_POINT('',(9.25,9.65,1.8));
#2519 = VECTOR('',#2520,1.);
#2520 = DIRECTION('',(0.707106781187,0.,-0.707106781187));
#2521 = ORIENTED_EDGE('',*,*,#959,.T.);
#2522 = ORIENTED_EDGE('',*,*,#2482,.T.);
#2523 = ORIENTED_EDGE('',*,*,#1929,.F.);
#2524 = CONICAL_SURFACE('',#2525,2.,0.785398163397);
#2525 = AXIS2_PLACEMENT_3D('',#2526,#2527,#2528);
#2526 = CARTESIAN_POINT('',(11.45,9.65,1.6));
#2527 = DIRECTION('',(0.,0.,1.));
#2528 = DIRECTION('',(-1.,-8.9E-16,0.));
#2529 = ADVANCED_FACE('',(#2530),#2541,.F.);
#2530 = FACE_BOUND('',#2531,.F.);
#2531 = EDGE_LOOP('',(#2532,#2533,#2534,#2540));
#2532 = ORIENTED_EDGE('',*,*,#2501,.F.);
#2533 = ORIENTED_EDGE('',*,*,#737,.T.);
#2534 = ORIENTED_EDGE('',*,*,#2535,.T.);
#2535 = EDGE_CURVE('',#738,#1277,#2536,.T.);
#2536 = LINE('',#2537,#2538);
#2537 = CARTESIAN_POINT('',(-8.95,0.8,1.8));
#2538 = VECTOR('',#2539,1.);
#2539 = DIRECTION('',(0.,0.707106781187,-0.707106781187));
#2540 = ORIENTED_EDGE('',*,*,#1276,.F.);
#2541 = PLANE('',#2542);
#2542 = AXIS2_PLACEMENT_3D('',#2543,#2544,#2545);
#2543 = CARTESIAN_POINT('',(-8.85,0.8,1.8));
#2544 = DIRECTION('',(-0.,-0.707106781187,-0.707106781187));
#2545 = DIRECTION('',(-1.,0.,0.));
#2546 = ADVANCED_FACE('',(#2547),#2558,.T.);
#2547 = FACE_BOUND('',#2548,.F.);
#2548 = EDGE_LOOP('',(#2549,#2555,#2556,#2557));
#2549 = ORIENTED_EDGE('',*,*,#2550,.F.);
#2550 = EDGE_CURVE('',#943,#1880,#2551,.T.);
#2551 = LINE('',#2552,#2553);
#2552 = CARTESIAN_POINT('',(9.45,5.5,1.6));
#2553 = VECTOR('',#2554,1.);
#2554 = DIRECTION('',(0.707106781187,-6.7E-16,-0.707106781187));
#2555 = ORIENTED_EDGE('',*,*,#951,.T.);
#2556 = ORIENTED_EDGE('',*,*,#2516,.T.);
#2557 = ORIENTED_EDGE('',*,*,#1912,.F.);
#2558 = PLANE('',#2559);
#2559 = AXIS2_PLACEMENT_3D('',#2560,#2561,#2562);
#2560 = CARTESIAN_POINT('',(9.25,5.5,1.8));
#2561 = DIRECTION('',(0.707106781187,0.,0.707106781187));
#2562 = DIRECTION('',(0.,-1.,-0.));
#2563 = ADVANCED_FACE('',(#2564),#2575,.T.);
#2564 = FACE_BOUND('',#2565,.F.);
#2565 = EDGE_LOOP('',(#2566,#2567,#2568,#2574));
#2566 = ORIENTED_EDGE('',*,*,#2535,.F.);
#2567 = ORIENTED_EDGE('',*,*,#745,.T.);
#2568 = ORIENTED_EDGE('',*,*,#2569,.T.);
#2569 = EDGE_CURVE('',#746,#1301,#2570,.T.);
#2570 = LINE('',#2571,#2572);
#2571 = CARTESIAN_POINT('',(-9.45,0.5,1.6));
#2572 = VECTOR('',#2573,1.);
#2573 = DIRECTION('',(-0.707106781187,3.6E-16,-0.707106781187));
#2574 = ORIENTED_EDGE('',*,*,#1300,.F.);
#2575 = CONICAL_SURFACE('',#2576,0.5,0.785398163397);
#2576 = AXIS2_PLACEMENT_3D('',#2577,#2578,#2579);
#2577 = CARTESIAN_POINT('',(-8.95,0.5,1.6));
#2578 = DIRECTION('',(-0.,-0.,-1.));
#2579 = DIRECTION('',(0.,1.,-0.));
#2580 = ADVANCED_FACE('',(#2581),#2592,.T.);
#2581 = FACE_BOUND('',#2582,.F.);
#2582 = EDGE_LOOP('',(#2583,#2589,#2590,#2591));
#2583 = ORIENTED_EDGE('',*,*,#2584,.F.);
#2584 = EDGE_CURVE('',#935,#1857,#2585,.T.);
#2585 = LINE('',#2586,#2587);
#2586 = CARTESIAN_POINT('',(8.95,5.2,1.8));
#2587 = VECTOR('',#2588,1.);
#2588 = DIRECTION('',(0.,-0.707106781187,-0.707106781187));
#2589 = ORIENTED_EDGE('',*,*,#942,.T.);
#2590 = ORIENTED_EDGE('',*,*,#2550,.T.);
#2591 = ORIENTED_EDGE('',*,*,#1887,.F.);
#2592 = CONICAL_SURFACE('',#2593,0.5,0.785398163397);
#2593 = AXIS2_PLACEMENT_3D('',#2594,#2595,#2596);
#2594 = CARTESIAN_POINT('',(8.95,5.5,1.6));
#2595 = DIRECTION('',(-0.,-0.,-1.));
#2596 = DIRECTION('',(0.,-1.,0.));
#2597 = ADVANCED_FACE('',(#2598),#2609,.T.);
#2598 = FACE_BOUND('',#2599,.F.);
#2599 = EDGE_LOOP('',(#2600,#2601,#2602,#2608));
#2600 = ORIENTED_EDGE('',*,*,#2569,.F.);
#2601 = ORIENTED_EDGE('',*,*,#754,.T.);
#2602 = ORIENTED_EDGE('',*,*,#2603,.T.);
#2603 = EDGE_CURVE('',#755,#1325,#2604,.T.);
#2604 = LINE('',#2605,#2606);
#2605 = CARTESIAN_POINT('',(-9.25,-9.65,1.8));
#2606 = VECTOR('',#2607,1.);
#2607 = DIRECTION('',(-0.707106781187,-0.,-0.707106781187));
#2608 = ORIENTED_EDGE('',*,*,#1332,.F.);
#2609 = PLANE('',#2610);
#2610 = AXIS2_PLACEMENT_3D('',#2611,#2612,#2613);
#2611 = CARTESIAN_POINT('',(-9.25,0.5,1.8));
#2612 = DIRECTION('',(-0.707106781187,0.,0.707106781187));
#2613 = DIRECTION('',(-0.,1.,-0.));
#2614 = ADVANCED_FACE('',(#2615),#2626,.F.);
#2615 = FACE_BOUND('',#2616,.F.);
#2616 = EDGE_LOOP('',(#2617,#2623,#2624,#2625));
#2617 = ORIENTED_EDGE('',*,*,#2618,.F.);
#2618 = EDGE_CURVE('',#926,#1832,#2619,.T.);
#2619 = LINE('',#2620,#2621);
#2620 = CARTESIAN_POINT('',(8.85,5.,1.6));
#2621 = VECTOR('',#2622,1.);
#2622 = DIRECTION('',(3.6E-16,-0.707106781187,-0.707106781187));
#2623 = ORIENTED_EDGE('',*,*,#934,.T.);
#2624 = ORIENTED_EDGE('',*,*,#2584,.T.);
#2625 = ORIENTED_EDGE('',*,*,#1856,.F.);
#2626 = PLANE('',#2627);
#2627 = AXIS2_PLACEMENT_3D('',#2628,#2629,#2630);
#2628 = CARTESIAN_POINT('',(8.85,5.2,1.8));
#2629 = DIRECTION('',(0.,0.707106781187,-0.707106781187));
#2630 = DIRECTION('',(1.,0.,0.));
#2631 = ADVANCED_FACE('',(#2632),#2643,.F.);
#2632 = FACE_BOUND('',#2633,.F.);
#2633 = EDGE_LOOP('',(#2634,#2635,#2636,#2642));
#2634 = ORIENTED_EDGE('',*,*,#2603,.F.);
#2635 = ORIENTED_EDGE('',*,*,#762,.T.);
#2636 = ORIENTED_EDGE('',*,*,#2637,.T.);
#2637 = EDGE_CURVE('',#763,#1349,#2638,.T.);
#2638 = LINE('',#2639,#2640);
#2639 = CARTESIAN_POINT('',(-11.45,-11.65,1.6));
#2640 = VECTOR('',#2641,1.);
#2641 = DIRECTION('',(-4.E-17,0.707106781187,-0.707106781187));
#2642 = ORIENTED_EDGE('',*,*,#1356,.F.);
#2643 = CONICAL_SURFACE('',#2644,2.,0.785398163397);
#2644 = AXIS2_PLACEMENT_3D('',#2645,#2646,#2647);
#2645 = CARTESIAN_POINT('',(-11.45,-9.65,1.6));
#2646 = DIRECTION('',(0.,0.,1.));
#2647 = DIRECTION('',(1.,0.,0.));
#2648 = ADVANCED_FACE('',(#2649),#2660,.F.);
#2649 = FACE_BOUND('',#2650,.F.);
#2650 = EDGE_LOOP('',(#2651,#2657,#2658,#2659));
#2651 = ORIENTED_EDGE('',*,*,#2652,.F.);
#2652 = EDGE_CURVE('',#918,#1808,#2653,.T.);
#2653 = LINE('',#2654,#2655);
#2654 = CARTESIAN_POINT('',(7.65,4.,1.8));
#2655 = VECTOR('',#2656,1.);
#2656 = DIRECTION('',(0.707106781187,0.,-0.707106781187));
#2657 = ORIENTED_EDGE('',*,*,#925,.T.);
#2658 = ORIENTED_EDGE('',*,*,#2618,.T.);
#2659 = ORIENTED_EDGE('',*,*,#1831,.F.);
#2660 = CONICAL_SURFACE('',#2661,1.,0.785398163397);
#2661 = AXIS2_PLACEMENT_3D('',#2662,#2663,#2664);
#2662 = CARTESIAN_POINT('',(8.85,4.,1.6));
#2663 = DIRECTION('',(0.,0.,1.));
#2664 = DIRECTION('',(-1.,0.,0.));
#2665 = ADVANCED_FACE('',(#2666),#2677,.T.);
#2666 = FACE_BOUND('',#2667,.F.);
#2667 = EDGE_LOOP('',(#2668,#2669,#2670,#2676));
#2668 = ORIENTED_EDGE('',*,*,#2637,.F.);
#2669 = ORIENTED_EDGE('',*,*,#771,.T.);
#2670 = ORIENTED_EDGE('',*,*,#2671,.T.);
#2671 = EDGE_CURVE('',#772,#1374,#2672,.T.);
#2672 = LINE('',#2673,#2674);
#2673 = CARTESIAN_POINT('',(-15.25,-11.85,1.8));
#2674 = VECTOR('',#2675,1.);
#2675 = DIRECTION('',(0.,0.707106781187,-0.707106781187));
#2676 = ORIENTED_EDGE('',*,*,#1381,.F.);
#2677 = PLANE('',#2678);
#2678 = AXIS2_PLACEMENT_3D('',#2679,#2680,#2681);
#2679 = CARTESIAN_POINT('',(-11.45,-11.85,1.8));
#2680 = DIRECTION('',(0.,0.707106781187,0.707106781187));
#2681 = DIRECTION('',(1.,-0.,-0.));
#2682 = ADVANCED_FACE('',(#2683),#2694,.F.);
#2683 = FACE_BOUND('',#2684,.F.);
#2684 = EDGE_LOOP('',(#2685,#2691,#2692,#2693));
#2685 = ORIENTED_EDGE('',*,*,#2686,.F.);
#2686 = EDGE_CURVE('',#909,#1783,#2687,.T.);
#2687 = LINE('',#2688,#2689);
#2688 = CARTESIAN_POINT('',(7.85,2.,1.6));
#2689 = VECTOR('',#2690,1.);
#2690 = DIRECTION('',(0.707106781187,4.E-17,-0.707106781187));
#2691 = ORIENTED_EDGE('',*,*,#917,.T.);
#2692 = ORIENTED_EDGE('',*,*,#2652,.T.);
#2693 = ORIENTED_EDGE('',*,*,#1807,.F.);
#2694 = PLANE('',#2695);
#2695 = AXIS2_PLACEMENT_3D('',#2696,#2697,#2698);
#2696 = CARTESIAN_POINT('',(7.65,2.,1.8));
#2697 = DIRECTION('',(-0.707106781187,0.,-0.707106781187));
#2698 = DIRECTION('',(0.,1.,0.));
#2699 = ADVANCED_FACE('',(#2700),#2711,.T.);
#2700 = FACE_BOUND('',#2701,.F.);
#2701 = EDGE_LOOP('',(#2702,#2703,#2704,#2710));
#2702 = ORIENTED_EDGE('',*,*,#2671,.F.);
#2703 = ORIENTED_EDGE('',*,*,#779,.T.);
#2704 = ORIENTED_EDGE('',*,*,#2705,.T.);
#2705 = EDGE_CURVE('',#780,#1398,#2706,.T.);
#2706 = LINE('',#2707,#2708);
#2707 = CARTESIAN_POINT('',(-15.25,-18.85,1.6));
#2708 = VECTOR('',#2709,1.);
#2709 = DIRECTION('',(2.6E-16,-0.707106781187,-0.707106781187));
#2710 = ORIENTED_EDGE('',*,*,#1423,.F.);
#2711 = CONICAL_SURFACE('',#2712,3.6,0.785398163397);
#2712 = AXIS2_PLACEMENT_3D('',#2713,#2714,#2715);
#2713 = CARTESIAN_POINT('',(-15.25,-15.25,1.6));
#2714 = DIRECTION('',(-0.,-0.,-1.));
#2715 = DIRECTION('',(-4.9E-16,1.,0.));
#2716 = ADVANCED_FACE('',(#2717),#2728,.F.);
#2717 = FACE_BOUND('',#2718,.F.);
#2718 = EDGE_LOOP('',(#2719,#2725,#2726,#2727));
#2719 = ORIENTED_EDGE('',*,*,#2720,.F.);
#2720 = EDGE_CURVE('',#901,#1758,#2721,.T.);
#2721 = LINE('',#2722,#2723);
#2722 = CARTESIAN_POINT('',(8.85,0.8,1.8));
#2723 = VECTOR('',#2724,1.);
#2724 = DIRECTION('',(0.,0.707106781187,-0.707106781187));
#2725 = ORIENTED_EDGE('',*,*,#908,.T.);
#2726 = ORIENTED_EDGE('',*,*,#2686,.T.);
#2727 = ORIENTED_EDGE('',*,*,#1782,.F.);
#2728 = CONICAL_SURFACE('',#2729,1.,0.785398163397);
#2729 = AXIS2_PLACEMENT_3D('',#2730,#2731,#2732);
#2730 = CARTESIAN_POINT('',(8.85,2.,1.6));
#2731 = DIRECTION('',(0.,0.,1.));
#2732 = DIRECTION('',(0.,-1.,0.));
#2733 = ADVANCED_FACE('',(#2734),#2745,.F.);
#2734 = FACE_BOUND('',#2735,.F.);
#2735 = EDGE_LOOP('',(#2736,#2737,#2738,#2744));
#2736 = ORIENTED_EDGE('',*,*,#2705,.F.);
#2737 = ORIENTED_EDGE('',*,*,#788,.T.);
#2738 = ORIENTED_EDGE('',*,*,#2739,.T.);
#2739 = EDGE_CURVE('',#789,#1440,#2740,.T.);
#2740 = LINE('',#2741,#2742);
#2741 = CARTESIAN_POINT('',(-13.45,-18.65,1.8));
#2742 = VECTOR('',#2743,1.);
#2743 = DIRECTION('',(0.,-0.707106781187,-0.707106781187));
#2744 = ORIENTED_EDGE('',*,*,#1439,.F.);
#2745 = PLANE('',#2746);
#2746 = AXIS2_PLACEMENT_3D('',#2747,#2748,#2749);
#2747 = CARTESIAN_POINT('',(-15.25,-18.65,1.8));
#2748 = DIRECTION('',(0.,0.707106781187,-0.707106781187));
#2749 = DIRECTION('',(1.,0.,0.));
#2750 = ADVANCED_FACE('',(#2751),#2762,.T.);
#2751 = FACE_BOUND('',#2752,.F.);
#2752 = EDGE_LOOP('',(#2753,#2759,#2760,#2761));
#2753 = ORIENTED_EDGE('',*,*,#2754,.F.);
#2754 = EDGE_CURVE('',#892,#1733,#2755,.T.);
#2755 = LINE('',#2756,#2757);
#2756 = CARTESIAN_POINT('',(8.95,1.,1.6));
#2757 = VECTOR('',#2758,1.);
#2758 = DIRECTION('',(2.E-16,0.707106781187,-0.707106781187));
#2759 = ORIENTED_EDGE('',*,*,#900,.T.);
#2760 = ORIENTED_EDGE('',*,*,#2720,.T.);
#2761 = ORIENTED_EDGE('',*,*,#1765,.F.);
#2762 = PLANE('',#2763);
#2763 = AXIS2_PLACEMENT_3D('',#2764,#2765,#2766);
#2764 = CARTESIAN_POINT('',(8.95,0.8,1.8));
#2765 = DIRECTION('',(-0.,0.707106781187,0.707106781187));
#2766 = DIRECTION('',(1.,-0.,0.));
#2767 = ADVANCED_FACE('',(#2768),#2779,.T.);
#2768 = FACE_BOUND('',#2769,.F.);
#2769 = EDGE_LOOP('',(#2770,#2771,#2772,#2778));
#2770 = ORIENTED_EDGE('',*,*,#2739,.F.);
#2771 = ORIENTED_EDGE('',*,*,#796,.T.);
#2772 = ORIENTED_EDGE('',*,*,#2773,.T.);
#2773 = EDGE_CURVE('',#797,#1464,#2774,.T.);
#2774 = LINE('',#2775,#2776);
#2775 = CARTESIAN_POINT('',(-6.083481147777,-13.96999999997,1.6));
#2776 = VECTOR('',#2777,1.);
#2777 = DIRECTION('',(0.651114429268,-0.27577164466,-0.707106781187));
#2778 = ORIENTED_EDGE('',*,*,#1463,.F.);
#2779 = CONICAL_SURFACE('',#2780,8.,0.785398163397);
#2780 = AXIS2_PLACEMENT_3D('',#2781,#2782,#2783);
#2781 = CARTESIAN_POINT('',(-13.45,-10.85,1.6));
#2782 = DIRECTION('',(-0.,-0.,-1.));
#2783 = DIRECTION('',(-2.2E-16,-1.,0.));
#2784 = ADVANCED_FACE('',(#2785),#2796,.T.);
#2785 = FACE_BOUND('',#2786,.F.);
#2786 = EDGE_LOOP('',(#2787,#2793,#2794,#2795));
#2787 = ORIENTED_EDGE('',*,*,#2788,.F.);
#2788 = EDGE_CURVE('',#884,#1710,#2789,.T.);
#2789 = LINE('',#2790,#2791);
#2790 = CARTESIAN_POINT('',(9.25,0.5,1.8));
#2791 = VECTOR('',#2792,1.);
#2792 = DIRECTION('',(0.707106781187,0.,-0.707106781187));
#2793 = ORIENTED_EDGE('',*,*,#891,.T.);
#2794 = ORIENTED_EDGE('',*,*,#2754,.T.);
#2795 = ORIENTED_EDGE('',*,*,#1740,.F.);
#2796 = CONICAL_SURFACE('',#2797,0.5,0.785398163397);
#2797 = AXIS2_PLACEMENT_3D('',#2798,#2799,#2800);
#2798 = CARTESIAN_POINT('',(8.95,0.5,1.6));
#2799 = DIRECTION('',(-0.,-0.,-1.));
#2800 = DIRECTION('',(1.,2.2E-16,-0.));
#2801 = ADVANCED_FACE('',(#2802),#2813,.F.);
#2802 = FACE_BOUND('',#2803,.F.);
#2803 = EDGE_LOOP('',(#2804,#2805,#2806,#2812));
#2804 = ORIENTED_EDGE('',*,*,#2773,.F.);
#2805 = ORIENTED_EDGE('',*,*,#805,.T.);
#2806 = ORIENTED_EDGE('',*,*,#2807,.T.);
#2807 = EDGE_CURVE('',#806,#1488,#2808,.T.);
#2808 = LINE('',#2809,#2810);
#2809 = CARTESIAN_POINT('',(-4.241851434645,-12.75,1.6));
#2810 = VECTOR('',#2811,1.);
#2811 = DIRECTION('',(1.7E-16,-0.707106781187,-0.707106781187));
#2812 = ORIENTED_EDGE('',*,*,#1495,.F.);
#2813 = CONICAL_SURFACE('',#2814,2.,0.785398163397);
#2814 = AXIS2_PLACEMENT_3D('',#2815,#2816,#2817);
#2815 = CARTESIAN_POINT('',(-4.241851434645,-14.75,1.6));
#2816 = DIRECTION('',(0.,0.,1.));
#2817 = DIRECTION('',(-0.920814856528,0.389999999997,0.));
#2818 = ADVANCED_FACE('',(#2819),#2830,.F.);
#2819 = FACE_BOUND('',#2820,.F.);
#2820 = EDGE_LOOP('',(#2821,#2827,#2828,#2829));
#2821 = ORIENTED_EDGE('',*,*,#2822,.F.);
#2822 = EDGE_CURVE('',#875,#1685,#2823,.T.);
#2823 = LINE('',#2824,#2825);
#2824 = CARTESIAN_POINT('',(9.45,-9.65,1.6));
#2825 = VECTOR('',#2826,1.);
#2826 = DIRECTION('',(0.707106781187,4.E-17,-0.707106781187));
#2827 = ORIENTED_EDGE('',*,*,#883,.T.);
#2828 = ORIENTED_EDGE('',*,*,#2788,.T.);
#2829 = ORIENTED_EDGE('',*,*,#1709,.F.);
#2830 = PLANE('',#2831);
#2831 = AXIS2_PLACEMENT_3D('',#2832,#2833,#2834);
#2832 = CARTESIAN_POINT('',(9.25,-9.65,1.8));
#2833 = DIRECTION('',(-0.707106781187,0.,-0.707106781187));
#2834 = DIRECTION('',(0.,1.,0.));
#2835 = ADVANCED_FACE('',(#2836),#2847,.T.);
#2836 = FACE_BOUND('',#2837,.F.);
#2837 = EDGE_LOOP('',(#2838,#2839,#2840,#2846));
#2838 = ORIENTED_EDGE('',*,*,#2807,.F.);
#2839 = ORIENTED_EDGE('',*,*,#814,.T.);
#2840 = ORIENTED_EDGE('',*,*,#2841,.T.);
#2841 = EDGE_CURVE('',#815,#1515,#2842,.T.);
#2842 = LINE('',#2843,#2844);
#2843 = CARTESIAN_POINT('',(4.241851434645,-12.55,1.8));
#2844 = VECTOR('',#2845,1.);
#2845 = DIRECTION('',(-0.,-0.707106781187,-0.707106781187));
#2846 = ORIENTED_EDGE('',*,*,#1522,.F.);
#2847 = PLANE('',#2848);
#2848 = AXIS2_PLACEMENT_3D('',#2849,#2850,#2851);
#2849 = CARTESIAN_POINT('',(-4.241851434645,-12.55,1.8));
#2850 = DIRECTION('',(0.,-0.707106781187,0.707106781187));
#2851 = DIRECTION('',(-1.,-0.,-0.));
#2852 = ADVANCED_FACE('',(#2853),#2864,.F.);
#2853 = FACE_BOUND('',#2854,.F.);
#2854 = EDGE_LOOP('',(#2855,#2861,#2862,#2863));
#2855 = ORIENTED_EDGE('',*,*,#2856,.F.);
#2856 = EDGE_CURVE('',#867,#1661,#2857,.T.);
#2857 = LINE('',#2858,#2859);
#2858 = CARTESIAN_POINT('',(11.45,-11.85,1.8));
#2859 = VECTOR('',#2860,1.);
#2860 = DIRECTION('',(0.,0.707106781187,-0.707106781187));
#2861 = ORIENTED_EDGE('',*,*,#874,.T.);
#2862 = ORIENTED_EDGE('',*,*,#2822,.T.);
#2863 = ORIENTED_EDGE('',*,*,#1684,.F.);
#2864 = CONICAL_SURFACE('',#2865,2.,0.785398163397);
#2865 = AXIS2_PLACEMENT_3D('',#2866,#2867,#2868);
#2866 = CARTESIAN_POINT('',(11.45,-9.65,1.6));
#2867 = DIRECTION('',(0.,0.,1.));
#2868 = DIRECTION('',(0.,-1.,0.));
#2869 = ADVANCED_FACE('',(#2870),#2881,.F.);
#2870 = FACE_BOUND('',#2871,.F.);
#2871 = EDGE_LOOP('',(#2872,#2873,#2874,#2880));
#2872 = ORIENTED_EDGE('',*,*,#2841,.F.);
#2873 = ORIENTED_EDGE('',*,*,#822,.T.);
#2874 = ORIENTED_EDGE('',*,*,#2875,.T.);
#2875 = EDGE_CURVE('',#823,#1538,#2876,.T.);
#2876 = LINE('',#2877,#2878);
#2877 = CARTESIAN_POINT('',(6.0834811477,-13.97,1.6));
#2878 = VECTOR('',#2879,1.);
#2879 = DIRECTION('',(-0.651114429268,-0.275771644661,-0.707106781187));
#2880 = ORIENTED_EDGE('',*,*,#1537,.F.);
#2881 = CONICAL_SURFACE('',#2882,2.,0.785398163397);
#2882 = AXIS2_PLACEMENT_3D('',#2883,#2884,#2885);
#2883 = CARTESIAN_POINT('',(4.241851434645,-14.75,1.6));
#2884 = DIRECTION('',(0.,0.,1.));
#2885 = DIRECTION('',(0.,1.,-0.));
#2886 = ADVANCED_FACE('',(#2887),#2898,.F.);
#2887 = FACE_BOUND('',#2888,.F.);
#2888 = EDGE_LOOP('',(#2889,#2895,#2896,#2897));
#2889 = ORIENTED_EDGE('',*,*,#2890,.F.);
#2890 = EDGE_CURVE('',#858,#1628,#2891,.T.);
#2891 = LINE('',#2892,#2893);
#2892 = CARTESIAN_POINT('',(15.25,-11.65,1.6));
#2893 = VECTOR('',#2894,1.);
#2894 = DIRECTION('',(4.E-17,0.707106781187,-0.707106781187));
#2895 = ORIENTED_EDGE('',*,*,#866,.T.);
#2896 = ORIENTED_EDGE('',*,*,#2856,.T.);
#2897 = ORIENTED_EDGE('',*,*,#1660,.F.);
#2898 = PLANE('',#2899);
#2899 = AXIS2_PLACEMENT_3D('',#2900,#2901,#2902);
#2900 = CARTESIAN_POINT('',(15.25,-11.85,1.8));
#2901 = DIRECTION('',(-0.,-0.707106781187,-0.707106781187));
#2902 = DIRECTION('',(-1.,0.,0.));
#2903 = ADVANCED_FACE('',(#2904),#2915,.T.);
#2904 = FACE_BOUND('',#2905,.F.);
#2905 = EDGE_LOOP('',(#2906,#2907,#2908,#2914));
#2906 = ORIENTED_EDGE('',*,*,#2875,.F.);
#2907 = ORIENTED_EDGE('',*,*,#831,.T.);
#2908 = ORIENTED_EDGE('',*,*,#2909,.T.);
#2909 = EDGE_CURVE('',#832,#1562,#2910,.T.);
#2910 = LINE('',#2911,#2912);
#2911 = CARTESIAN_POINT('',(13.45,-18.85,1.6));
#2912 = VECTOR('',#2913,1.);
#2913 = DIRECTION('',(6.E-17,-0.707106781187,-0.707106781187));
#2914 = ORIENTED_EDGE('',*,*,#1569,.F.);
#2915 = CONICAL_SURFACE('',#2916,8.,0.785398163397);
#2916 = AXIS2_PLACEMENT_3D('',#2917,#2918,#2919);
#2917 = CARTESIAN_POINT('',(13.45,-10.85,1.6));
#2918 = DIRECTION('',(-0.,-0.,-1.));
#2919 = DIRECTION('',(-0.920814856528,-0.389999999997,0.));
#2920 = ADVANCED_FACE('',(#2921),#2932,.T.);
#2921 = FACE_BOUND('',#2922,.F.);
#2922 = EDGE_LOOP('',(#2923,#2929,#2930,#2931));
#2923 = ORIENTED_EDGE('',*,*,#2924,.F.);
#2924 = EDGE_CURVE('',#849,#1613,#2925,.T.);
#2925 = LINE('',#2926,#2927);
#2926 = CARTESIAN_POINT('',(18.85,-15.25,1.6));
#2927 = VECTOR('',#2928,1.);
#2928 = DIRECTION('',(0.707106781187,-1.E-17,-0.707106781187));
#2929 = ORIENTED_EDGE('',*,*,#857,.T.);
#2930 = ORIENTED_EDGE('',*,*,#2890,.T.);
#2931 = ORIENTED_EDGE('',*,*,#1627,.F.);
#2932 = CONICAL_SURFACE('',#2933,3.6,0.785398163397);
#2933 = AXIS2_PLACEMENT_3D('',#2934,#2935,#2936);
#2934 = CARTESIAN_POINT('',(15.25,-15.25,1.6));
#2935 = DIRECTION('',(-0.,-0.,-1.));
#2936 = DIRECTION('',(1.,0.,0.));
#2937 = ADVANCED_FACE('',(#2938),#2949,.T.);
#2938 = FACE_BOUND('',#2939,.F.);
#2939 = EDGE_LOOP('',(#2940,#2941,#2942,#2948));
#2940 = ORIENTED_EDGE('',*,*,#2909,.F.);
#2941 = ORIENTED_EDGE('',*,*,#840,.T.);
#2942 = ORIENTED_EDGE('',*,*,#2943,.T.);
#2943 = EDGE_CURVE('',#841,#1587,#2944,.T.);
#2944 = LINE('',#2945,#2946);
#2945 = CARTESIAN_POINT('',(15.25,-18.65,1.8));
#2946 = VECTOR('',#2947,1.);
#2947 = DIRECTION('',(0.,-0.707106781187,-0.707106781187));
#2948 = ORIENTED_EDGE('',*,*,#1594,.F.);
#2949 = PLANE('',#2950);
#2950 = AXIS2_PLACEMENT_3D('',#2951,#2952,#2953);
#2951 = CARTESIAN_POINT('',(13.45,-18.65,1.8));
#2952 = DIRECTION('',(0.,-0.707106781187,0.707106781187));
#2953 = DIRECTION('',(-1.,-0.,-0.));
#2954 = ADVANCED_FACE('',(#2955),#2961,.T.);
#2955 = FACE_BOUND('',#2956,.F.);
#2956 = EDGE_LOOP('',(#2957,#2958,#2959,#2960));
#2957 = ORIENTED_EDGE('',*,*,#2943,.F.);
#2958 = ORIENTED_EDGE('',*,*,#848,.T.);
#2959 = ORIENTED_EDGE('',*,*,#2924,.T.);
#2960 = ORIENTED_EDGE('',*,*,#1644,.F.);
#2961 = CONICAL_SURFACE('',#2962,3.6,0.785398163397);
#2962 = AXIS2_PLACEMENT_3D('',#2963,#2964,#2965);
#2963 = CARTESIAN_POINT('',(15.25,-15.25,1.6));
#2964 = DIRECTION('',(-0.,-0.,-1.));
#2965 = DIRECTION('',(4.9E-16,-1.,0.));
#2966 = ADVANCED_FACE('',(#2967),#2986,.F.);
#2967 = FACE_BOUND('',#2968,.T.);
#2968 = EDGE_LOOP('',(#2969,#2977,#2978,#2979));
#2969 = ORIENTED_EDGE('',*,*,#2970,.F.);
#2970 = EDGE_CURVE('',#1054,#2971,#2973,.T.);
#2971 = VERTEX_POINT('',#2972);
#2972 = CARTESIAN_POINT('',(-13.5,15.25,1.6));
#2973 = LINE('',#2974,#2975);
#2974 = CARTESIAN_POINT('',(-13.5,15.25,1.6));
#2975 = VECTOR('',#2976,1.);
#2976 = DIRECTION('',(-0.707106781187,-0.,-0.707106781187));
#2977 = ORIENTED_EDGE('',*,*,#1053,.T.);
#2978 = ORIENTED_EDGE('',*,*,#2970,.T.);
#2979 = ORIENTED_EDGE('',*,*,#2980,.F.);
#2980 = EDGE_CURVE('',#2971,#2971,#2981,.T.);
#2981 = CIRCLE('',#2982,1.75);
#2982 = AXIS2_PLACEMENT_3D('',#2983,#2984,#2985);
#2983 = CARTESIAN_POINT('',(-15.25,15.25,1.6));
#2984 = DIRECTION('',(0.,0.,1.));
#2985 = DIRECTION('',(1.,0.,-0.));
#2986 = CONICAL_SURFACE('',#2987,1.75,0.785398163397);
#2987 = AXIS2_PLACEMENT_3D('',#2988,#2989,#2990);
#2988 = CARTESIAN_POINT('',(-15.25,15.25,1.6));
#2989 = DIRECTION('',(0.,0.,1.));
#2990 = DIRECTION('',(1.,0.,0.));
#2991 = ADVANCED_FACE('',(#2992),#3011,.F.);
#2992 = FACE_BOUND('',#2993,.T.);
#2993 = EDGE_LOOP('',(#2994,#3002,#3003,#3004));
#2994 = ORIENTED_EDGE('',*,*,#2995,.F.);
#2995 = EDGE_CURVE('',#1065,#2996,#2998,.T.);
#2996 = VERTEX_POINT('',#2997);
#2997 = CARTESIAN_POINT('',(-13.5,-15.25,1.6));
#2998 = LINE('',#2999,#3000);
#2999 = CARTESIAN_POINT('',(-13.5,-15.25,1.6));
#3000 = VECTOR('',#3001,1.);
#3001 = DIRECTION('',(-0.707106781187,-0.,-0.707106781187));
#3002 = ORIENTED_EDGE('',*,*,#1064,.T.);
#3003 = ORIENTED_EDGE('',*,*,#2995,.T.);
#3004 = ORIENTED_EDGE('',*,*,#3005,.F.);
#3005 = EDGE_CURVE('',#2996,#2996,#3006,.T.);
#3006 = CIRCLE('',#3007,1.75);
#3007 = AXIS2_PLACEMENT_3D('',#3008,#3009,#3010);
#3008 = CARTESIAN_POINT('',(-15.25,-15.25,1.6));
#3009 = DIRECTION('',(0.,0.,1.));
#3010 = DIRECTION('',(1.,0.,-0.));
#3011 = CONICAL_SURFACE('',#3012,1.75,0.785398163397);
#3012 = AXIS2_PLACEMENT_3D('',#3013,#3014,#3015);
#3013 = CARTESIAN_POINT('',(-15.25,-15.25,1.6));
#3014 = DIRECTION('',(0.,0.,1.));
#3015 = DIRECTION('',(1.,0.,0.));
#3016 = ADVANCED_FACE('',(#3017),#3036,.F.);
#3017 = FACE_BOUND('',#3018,.F.);
#3018 = EDGE_LOOP('',(#3019,#3027,#3028,#3029));
#3019 = ORIENTED_EDGE('',*,*,#3020,.F.);
#3020 = EDGE_CURVE('',#1076,#3021,#3023,.T.);
#3021 = VERTEX_POINT('',#3022);
#3022 = CARTESIAN_POINT('',(13.5,15.25,1.6));
#3023 = LINE('',#3024,#3025);
#3024 = CARTESIAN_POINT('',(13.5,15.25,1.6));
#3025 = VECTOR('',#3026,1.);
#3026 = DIRECTION('',(0.707106781187,0.,-0.707106781187));
#3027 = ORIENTED_EDGE('',*,*,#1075,.T.);
#3028 = ORIENTED_EDGE('',*,*,#3020,.T.);
#3029 = ORIENTED_EDGE('',*,*,#3030,.F.);
#3030 = EDGE_CURVE('',#3021,#3021,#3031,.T.);
#3031 = CIRCLE('',#3032,1.75);
#3032 = AXIS2_PLACEMENT_3D('',#3033,#3034,#3035);
#3033 = CARTESIAN_POINT('',(15.25,15.25,1.6));
#3034 = DIRECTION('',(0.,0.,-1.));
#3035 = DIRECTION('',(-1.,0.,0.));
#3036 = CONICAL_SURFACE('',#3037,1.75,0.785398163397);
#3037 = AXIS2_PLACEMENT_3D('',#3038,#3039,#3040);
#3038 = CARTESIAN_POINT('',(15.25,15.25,1.6));
#3039 = DIRECTION('',(0.,0.,1.));
#3040 = DIRECTION('',(-1.,0.,0.));
#3041 = ADVANCED_FACE('',(#3042),#3061,.F.);
#3042 = FACE_BOUND('',#3043,.F.);
#3043 = EDGE_LOOP('',(#3044,#3052,#3053,#3054));
#3044 = ORIENTED_EDGE('',*,*,#3045,.F.);
#3045 = EDGE_CURVE('',#1087,#3046,#3048,.T.);
#3046 = VERTEX_POINT('',#3047);
#3047 = CARTESIAN_POINT('',(13.5,-15.25,1.6));
#3048 = LINE('',#3049,#3050);
#3049 = CARTESIAN_POINT('',(13.5,-15.25,1.6));
#3050 = VECTOR('',#3051,1.);
#3051 = DIRECTION('',(0.707106781187,0.,-0.707106781187));
#3052 = ORIENTED_EDGE('',*,*,#1086,.T.);
#3053 = ORIENTED_EDGE('',*,*,#3045,.T.);
#3054 = ORIENTED_EDGE('',*,*,#3055,.F.);
#3055 = EDGE_CURVE('',#3046,#3046,#3056,.T.);
#3056 = CIRCLE('',#3057,1.75);
#3057 = AXIS2_PLACEMENT_3D('',#3058,#3059,#3060);
#3058 = CARTESIAN_POINT('',(15.25,-15.25,1.6));
#3059 = DIRECTION('',(0.,0.,-1.));
#3060 = DIRECTION('',(-1.,0.,0.));
#3061 = CONICAL_SURFACE('',#3062,1.75,0.785398163397);
#3062 = AXIS2_PLACEMENT_3D('',#3063,#3064,#3065);
#3063 = CARTESIAN_POINT('',(15.25,-15.25,1.6));
#3064 = DIRECTION('',(0.,0.,1.));
#3065 = DIRECTION('',(-1.,0.,0.));
#3066 = ADVANCED_FACE('',(#3067),#3086,.T.);
#3067 = FACE_BOUND('',#3068,.T.);
#3068 = EDGE_LOOP('',(#3069,#3077,#3078,#3079));
#3069 = ORIENTED_EDGE('',*,*,#3070,.F.);
#3070 = EDGE_CURVE('',#1407,#3071,#3073,.T.);
#3071 = VERTEX_POINT('',#3072);
#3072 = CARTESIAN_POINT('',(-11.85,-15.25,-2.));
#3073 = LINE('',#3074,#3075);
#3074 = CARTESIAN_POINT('',(-11.65,-15.25,-1.8));
#3075 = VECTOR('',#3076,1.);
#3076 = DIRECTION('',(-0.707106781187,0.,-0.707106781187));
#3077 = ORIENTED_EDGE('',*,*,#1413,.T.);
#3078 = ORIENTED_EDGE('',*,*,#3070,.T.);
#3079 = ORIENTED_EDGE('',*,*,#3080,.F.);
#3080 = EDGE_CURVE('',#3071,#3071,#3081,.T.);
#3081 = CIRCLE('',#3082,3.4);
#3082 = AXIS2_PLACEMENT_3D('',#3083,#3084,#3085);
#3083 = CARTESIAN_POINT('',(-15.25,-15.25,-2.));
#3084 = DIRECTION('',(0.,0.,-1.));
#3085 = DIRECTION('',(1.,0.,0.));
#3086 = CONICAL_SURFACE('',#3087,3.6,0.785398163397);
#3087 = AXIS2_PLACEMENT_3D('',#3088,#3089,#3090);
#3088 = CARTESIAN_POINT('',(-15.25,-15.25,-1.8));
#3089 = DIRECTION('',(0.,0.,1.));
#3090 = DIRECTION('',(1.,0.,0.));
#3091 = ADVANCED_FACE('',(#3092),#3111,.T.);
#3092 = FACE_BOUND('',#3093,.T.);
#3093 = EDGE_LOOP('',(#3094,#3102,#3103,#3104));
#3094 = ORIENTED_EDGE('',*,*,#3095,.F.);
#3095 = EDGE_CURVE('',#1611,#3096,#3098,.T.);
#3096 = VERTEX_POINT('',#3097);
#3097 = CARTESIAN_POINT('',(18.65,-15.25,-2.));
#3098 = LINE('',#3099,#3100);
#3099 = CARTESIAN_POINT('',(18.85,-15.25,-1.8));
#3100 = VECTOR('',#3101,1.);
#3101 = DIRECTION('',(-0.707106781187,0.,-0.707106781187));
#3102 = ORIENTED_EDGE('',*,*,#1619,.T.);
#3103 = ORIENTED_EDGE('',*,*,#3095,.T.);
#3104 = ORIENTED_EDGE('',*,*,#3105,.F.);
#3105 = EDGE_CURVE('',#3096,#3096,#3106,.T.);
#3106 = CIRCLE('',#3107,3.4);
#3107 = AXIS2_PLACEMENT_3D('',#3108,#3109,#3110);
#3108 = CARTESIAN_POINT('',(15.25,-15.25,-2.));
#3109 = DIRECTION('',(0.,0.,-1.));
#3110 = DIRECTION('',(1.,0.,0.));
#3111 = CONICAL_SURFACE('',#3112,3.6,0.785398163397);
#3112 = AXIS2_PLACEMENT_3D('',#3113,#3114,#3115);
#3113 = CARTESIAN_POINT('',(15.25,-15.25,-1.8));
#3114 = DIRECTION('',(0.,0.,1.));
#3115 = DIRECTION('',(1.,0.,0.));
#3116 = ADVANCED_FACE('',(#3117),#3136,.T.);
#3117 = FACE_BOUND('',#3118,.T.);
#3118 = EDGE_LOOP('',(#3119,#3127,#3128,#3129));
#3119 = ORIENTED_EDGE('',*,*,#3120,.F.);
#3120 = EDGE_CURVE('',#1978,#3121,#3123,.T.);
#3121 = VERTEX_POINT('',#3122);
#3122 = CARTESIAN_POINT('',(18.65,15.25,-2.));
#3123 = LINE('',#3124,#3125);
#3124 = CARTESIAN_POINT('',(18.85,15.25,-1.8));
#3125 = VECTOR('',#3126,1.);
#3126 = DIRECTION('',(-0.707106781187,0.,-0.707106781187));
#3127 = ORIENTED_EDGE('',*,*,#1986,.T.);
#3128 = ORIENTED_EDGE('',*,*,#3120,.T.);
#3129 = ORIENTED_EDGE('',*,*,#3130,.F.);
#3130 = EDGE_CURVE('',#3121,#3121,#3131,.T.);
#3131 = CIRCLE('',#3132,3.4);
#3132 = AXIS2_PLACEMENT_3D('',#3133,#3134,#3135);
#3133 = CARTESIAN_POINT('',(15.25,15.25,-2.));
#3134 = DIRECTION('',(0.,0.,-1.));
#3135 = DIRECTION('',(1.,0.,0.));
#3136 = CONICAL_SURFACE('',#3137,3.6,0.785398163397);
#3137 = AXIS2_PLACEMENT_3D('',#3138,#3139,#3140);
#3138 = CARTESIAN_POINT('',(15.25,15.25,-1.8));
#3139 = DIRECTION('',(0.,0.,1.));
#3140 = DIRECTION('',(1.,0.,0.));
#3141 = ADVANCED_FACE('',(#3142),#3161,.F.);
#3142 = FACE_BOUND('',#3143,.T.);
#3143 = EDGE_LOOP('',(#3144,#3152,#3153,#3154));
#3144 = ORIENTED_EDGE('',*,*,#3145,.F.);
#3145 = EDGE_CURVE('',#2194,#3146,#3148,.T.);
#3146 = VERTEX_POINT('',#3147);
#3147 = CARTESIAN_POINT('',(-13.5,15.25,-1.8));
#3148 = LINE('',#3149,#3150);
#3149 = CARTESIAN_POINT('',(-13.5,15.25,-1.8));
#3150 = VECTOR('',#3151,1.);
#3151 = DIRECTION('',(-0.707106781187,0.,0.707106781187));
#3152 = ORIENTED_EDGE('',*,*,#2193,.T.);
#3153 = ORIENTED_EDGE('',*,*,#3145,.T.);
#3154 = ORIENTED_EDGE('',*,*,#3155,.F.);
#3155 = EDGE_CURVE('',#3146,#3146,#3156,.T.);
#3156 = CIRCLE('',#3157,1.75);
#3157 = AXIS2_PLACEMENT_3D('',#3158,#3159,#3160);
#3158 = CARTESIAN_POINT('',(-15.25,15.25,-1.8));
#3159 = DIRECTION('',(0.,0.,-1.));
#3160 = DIRECTION('',(1.,0.,0.));
#3161 = CONICAL_SURFACE('',#3162,1.75,0.785398163397);
#3162 = AXIS2_PLACEMENT_3D('',#3163,#3164,#3165);
#3163 = CARTESIAN_POINT('',(-15.25,15.25,-1.8));
#3164 = DIRECTION('',(-0.,-0.,-1.));
#3165 = DIRECTION('',(1.,0.,0.));
#3166 = ADVANCED_FACE('',(#3167),#3177,.F.);
#3167 = FACE_BOUND('',#3168,.T.);
#3168 = EDGE_LOOP('',(#3169,#3174,#3175,#3176));
#3169 = ORIENTED_EDGE('',*,*,#3170,.F.);
#3170 = EDGE_CURVE('',#2971,#3146,#3171,.T.);
#3171 = B_SPLINE_CURVE_WITH_KNOTS('',1,(#3172,#3173),.UNSPECIFIED.,.F.,
  .F.,(2,2),(-2.,2.),.PIECEWISE_BEZIER_KNOTS.);
#3172 = CARTESIAN_POINT('',(-13.5,15.25,2.));
#3173 = CARTESIAN_POINT('',(-13.5,15.25,-2.));
#3174 = ORIENTED_EDGE('',*,*,#2980,.T.);
#3175 = ORIENTED_EDGE('',*,*,#3170,.T.);
#3176 = ORIENTED_EDGE('',*,*,#3155,.T.);
#3177 = CYLINDRICAL_SURFACE('',#3178,1.75);
#3178 = AXIS2_PLACEMENT_3D('',#3179,#3180,#3181);
#3179 = CARTESIAN_POINT('',(-15.25,15.25,0.));
#3180 = DIRECTION('',(-0.,-0.,-1.));
#3181 = DIRECTION('',(1.,0.,0.));
#3182 = ADVANCED_FACE('',(#3183),#3201,.F.);
#3183 = FACE_BOUND('',#3184,.T.);
#3184 = EDGE_LOOP('',(#3185,#3192,#3193,#3194));
#3185 = ORIENTED_EDGE('',*,*,#3186,.F.);
#3186 = EDGE_CURVE('',#2996,#3187,#3189,.T.);
#3187 = VERTEX_POINT('',#3188);
#3188 = CARTESIAN_POINT('',(-13.5,-15.25,-1.8));
#3189 = B_SPLINE_CURVE_WITH_KNOTS('',1,(#3190,#3191),.UNSPECIFIED.,.F.,
  .F.,(2,2),(-2.,2.),.PIECEWISE_BEZIER_KNOTS.);
#3190 = CARTESIAN_POINT('',(-13.5,-15.25,2.));
#3191 = CARTESIAN_POINT('',(-13.5,-15.25,-2.));
#3192 = ORIENTED_EDGE('',*,*,#3005,.T.);
#3193 = ORIENTED_EDGE('',*,*,#3186,.T.);
#3194 = ORIENTED_EDGE('',*,*,#3195,.T.);
#3195 = EDGE_CURVE('',#3187,#3187,#3196,.T.);
#3196 = CIRCLE('',#3197,1.75);
#3197 = AXIS2_PLACEMENT_3D('',#3198,#3199,#3200);
#3198 = CARTESIAN_POINT('',(-15.25,-15.25,-1.8));
#3199 = DIRECTION('',(0.,0.,-1.));
#3200 = DIRECTION('',(1.,0.,0.));
#3201 = CYLINDRICAL_SURFACE('',#3202,1.75);
#3202 = AXIS2_PLACEMENT_3D('',#3203,#3204,#3205);
#3203 = CARTESIAN_POINT('',(-15.25,-15.25,0.));
#3204 = DIRECTION('',(-0.,-0.,-1.));
#3205 = DIRECTION('',(1.,0.,0.));
#3206 = ADVANCED_FACE('',(#3207),#3234,.F.);
#3207 = FACE_BOUND('',#3208,.F.);
#3208 = EDGE_LOOP('',(#3209,#3216,#3217,#3218,#3227));
#3209 = ORIENTED_EDGE('',*,*,#3210,.F.);
#3210 = EDGE_CURVE('',#3021,#3211,#3213,.T.);
#3211 = VERTEX_POINT('',#3212);
#3212 = CARTESIAN_POINT('',(13.5,15.25,-1.8));
#3213 = B_SPLINE_CURVE_WITH_KNOTS('',1,(#3214,#3215),.UNSPECIFIED.,.F.,
  .F.,(2,2),(-2.,2.),.PIECEWISE_BEZIER_KNOTS.);
#3214 = CARTESIAN_POINT('',(13.5,15.25,2.));
#3215 = CARTESIAN_POINT('',(13.5,15.25,-2.));
#3216 = ORIENTED_EDGE('',*,*,#3030,.T.);
#3217 = ORIENTED_EDGE('',*,*,#3210,.T.);
#3218 = ORIENTED_EDGE('',*,*,#3219,.F.);
#3219 = EDGE_CURVE('',#3220,#3211,#3222,.T.);
#3220 = VERTEX_POINT('',#3221);
#3221 = CARTESIAN_POINT('',(17.,15.25,-1.8));
#3222 = CIRCLE('',#3223,1.75);
#3223 = AXIS2_PLACEMENT_3D('',#3224,#3225,#3226);
#3224 = CARTESIAN_POINT('',(15.25,15.25,-1.8));
#3225 = DIRECTION('',(0.,0.,-1.));
#3226 = DIRECTION('',(1.,0.,0.));
#3227 = ORIENTED_EDGE('',*,*,#3228,.F.);
#3228 = EDGE_CURVE('',#3211,#3220,#3229,.T.);
#3229 = CIRCLE('',#3230,1.75);
#3230 = AXIS2_PLACEMENT_3D('',#3231,#3232,#3233);
#3231 = CARTESIAN_POINT('',(15.25,15.25,-1.8));
#3232 = DIRECTION('',(0.,0.,-1.));
#3233 = DIRECTION('',(-1.,0.,0.));
#3234 = CYLINDRICAL_SURFACE('',#3235,1.75);
#3235 = AXIS2_PLACEMENT_3D('',#3236,#3237,#3238);
#3236 = CARTESIAN_POINT('',(15.25,15.25,0.));
#3237 = DIRECTION('',(0.,0.,-1.));
#3238 = DIRECTION('',(-1.,-0.,-0.));
#3239 = ADVANCED_FACE('',(#3240),#3267,.F.);
#3240 = FACE_BOUND('',#3241,.F.);
#3241 = EDGE_LOOP('',(#3242,#3249,#3250,#3251,#3260));
#3242 = ORIENTED_EDGE('',*,*,#3243,.F.);
#3243 = EDGE_CURVE('',#3046,#3244,#3246,.T.);
#3244 = VERTEX_POINT('',#3245);
#3245 = CARTESIAN_POINT('',(13.5,-15.25,-1.8));
#3246 = B_SPLINE_CURVE_WITH_KNOTS('',1,(#3247,#3248),.UNSPECIFIED.,.F.,
  .F.,(2,2),(-2.,2.),.PIECEWISE_BEZIER_KNOTS.);
#3247 = CARTESIAN_POINT('',(13.5,-15.25,2.));
#3248 = CARTESIAN_POINT('',(13.5,-15.25,-2.));
#3249 = ORIENTED_EDGE('',*,*,#3055,.T.);
#3250 = ORIENTED_EDGE('',*,*,#3243,.T.);
#3251 = ORIENTED_EDGE('',*,*,#3252,.F.);
#3252 = EDGE_CURVE('',#3253,#3244,#3255,.T.);
#3253 = VERTEX_POINT('',#3254);
#3254 = CARTESIAN_POINT('',(17.,-15.25,-1.8));
#3255 = CIRCLE('',#3256,1.75);
#3256 = AXIS2_PLACEMENT_3D('',#3257,#3258,#3259);
#3257 = CARTESIAN_POINT('',(15.25,-15.25,-1.8));
#3258 = DIRECTION('',(0.,0.,-1.));
#3259 = DIRECTION('',(1.,0.,0.));
#3260 = ORIENTED_EDGE('',*,*,#3261,.F.);
#3261 = EDGE_CURVE('',#3244,#3253,#3262,.T.);
#3262 = CIRCLE('',#3263,1.75);
#3263 = AXIS2_PLACEMENT_3D('',#3264,#3265,#3266);
#3264 = CARTESIAN_POINT('',(15.25,-15.25,-1.8));
#3265 = DIRECTION('',(0.,0.,-1.));
#3266 = DIRECTION('',(-1.,0.,0.));
#3267 = CYLINDRICAL_SURFACE('',#3268,1.75);
#3268 = AXIS2_PLACEMENT_3D('',#3269,#3270,#3271);
#3269 = CARTESIAN_POINT('',(15.25,-15.25,0.));
#3270 = DIRECTION('',(0.,0.,-1.));
#3271 = DIRECTION('',(-1.,-0.,-0.));
#3272 = ADVANCED_FACE('',(#3273,#3276),#3287,.F.);
#3273 = FACE_BOUND('',#3274,.F.);
#3274 = EDGE_LOOP('',(#3275));
#3275 = ORIENTED_EDGE('',*,*,#3080,.F.);
#3276 = FACE_BOUND('',#3277,.F.);
#3277 = EDGE_LOOP('',(#3278));
#3278 = ORIENTED_EDGE('',*,*,#3279,.T.);
#3279 = EDGE_CURVE('',#3280,#3280,#3282,.T.);
#3280 = VERTEX_POINT('',#3281);
#3281 = CARTESIAN_POINT('',(-13.3,-15.25,-2.));
#3282 = CIRCLE('',#3283,1.95);
#3283 = AXIS2_PLACEMENT_3D('',#3284,#3285,#3286);
#3284 = CARTESIAN_POINT('',(-15.25,-15.25,-2.));
#3285 = DIRECTION('',(0.,0.,-1.));
#3286 = DIRECTION('',(1.,0.,0.));
#3287 = PLANE('',#3288);
#3288 = AXIS2_PLACEMENT_3D('',#3289,#3290,#3291);
#3289 = CARTESIAN_POINT('',(8.3E-16,-3.9E-15,-2.));
#3290 = DIRECTION('',(0.,0.,1.));
#3291 = DIRECTION('',(1.,0.,0.));
#3292 = ADVANCED_FACE('',(#3293,#3296),#3316,.F.);
#3293 = FACE_BOUND('',#3294,.F.);
#3294 = EDGE_LOOP('',(#3295));
#3295 = ORIENTED_EDGE('',*,*,#3105,.F.);
#3296 = FACE_BOUND('',#3297,.F.);
#3297 = EDGE_LOOP('',(#3298,#3309));
#3298 = ORIENTED_EDGE('',*,*,#3299,.T.);
#3299 = EDGE_CURVE('',#3300,#3302,#3304,.T.);
#3300 = VERTEX_POINT('',#3301);
#3301 = CARTESIAN_POINT('',(17.2,-15.25,-2.));
#3302 = VERTEX_POINT('',#3303);
#3303 = CARTESIAN_POINT('',(13.3,-15.25,-2.));
#3304 = CIRCLE('',#3305,1.95);
#3305 = AXIS2_PLACEMENT_3D('',#3306,#3307,#3308);
#3306 = CARTESIAN_POINT('',(15.25,-15.25,-2.));
#3307 = DIRECTION('',(0.,0.,-1.));
#3308 = DIRECTION('',(1.,0.,0.));
#3309 = ORIENTED_EDGE('',*,*,#3310,.T.);
#3310 = EDGE_CURVE('',#3302,#3300,#3311,.T.);
#3311 = CIRCLE('',#3312,1.95);
#3312 = AXIS2_PLACEMENT_3D('',#3313,#3314,#3315);
#3313 = CARTESIAN_POINT('',(15.25,-15.25,-2.));
#3314 = DIRECTION('',(0.,0.,-1.));
#3315 = DIRECTION('',(-1.,0.,0.));
#3316 = PLANE('',#3317);
#3317 = AXIS2_PLACEMENT_3D('',#3318,#3319,#3320);
#3318 = CARTESIAN_POINT('',(8.3E-16,-3.9E-15,-2.));
#3319 = DIRECTION('',(0.,0.,1.));
#3320 = DIRECTION('',(1.,0.,0.));
#3321 = ADVANCED_FACE('',(#3322,#3325),#3345,.F.);
#3322 = FACE_BOUND('',#3323,.F.);
#3323 = EDGE_LOOP('',(#3324));
#3324 = ORIENTED_EDGE('',*,*,#3130,.F.);
#3325 = FACE_BOUND('',#3326,.F.);
#3326 = EDGE_LOOP('',(#3327,#3338));
#3327 = ORIENTED_EDGE('',*,*,#3328,.T.);
#3328 = EDGE_CURVE('',#3329,#3331,#3333,.T.);
#3329 = VERTEX_POINT('',#3330);
#3330 = CARTESIAN_POINT('',(17.2,15.25,-2.));
#3331 = VERTEX_POINT('',#3332);
#3332 = CARTESIAN_POINT('',(13.3,15.25,-2.));
#3333 = CIRCLE('',#3334,1.95);
#3334 = AXIS2_PLACEMENT_3D('',#3335,#3336,#3337);
#3335 = CARTESIAN_POINT('',(15.25,15.25,-2.));
#3336 = DIRECTION('',(0.,0.,-1.));
#3337 = DIRECTION('',(1.,0.,0.));
#3338 = ORIENTED_EDGE('',*,*,#3339,.T.);
#3339 = EDGE_CURVE('',#3331,#3329,#3340,.T.);
#3340 = CIRCLE('',#3341,1.95);
#3341 = AXIS2_PLACEMENT_3D('',#3342,#3343,#3344);
#3342 = CARTESIAN_POINT('',(15.25,15.25,-2.));
#3343 = DIRECTION('',(0.,0.,-1.));
#3344 = DIRECTION('',(-1.,0.,0.));
#3345 = PLANE('',#3346);
#3346 = AXIS2_PLACEMENT_3D('',#3347,#3348,#3349);
#3347 = CARTESIAN_POINT('',(8.3E-16,-3.9E-15,-2.));
#3348 = DIRECTION('',(0.,0.,1.));
#3349 = DIRECTION('',(1.,0.,0.));
#3350 = ADVANCED_FACE('',(#3351),#3362,.F.);
#3351 = FACE_BOUND('',#3352,.T.);
#3352 = EDGE_LOOP('',(#3353,#3359,#3360,#3361));
#3353 = ORIENTED_EDGE('',*,*,#3354,.F.);
#3354 = EDGE_CURVE('',#3280,#3187,#3355,.T.);
#3355 = LINE('',#3356,#3357);
#3356 = CARTESIAN_POINT('',(-13.5,-15.25,-1.8));
#3357 = VECTOR('',#3358,1.);
#3358 = DIRECTION('',(-0.707106781187,0.,0.707106781187));
#3359 = ORIENTED_EDGE('',*,*,#3279,.T.);
#3360 = ORIENTED_EDGE('',*,*,#3354,.T.);
#3361 = ORIENTED_EDGE('',*,*,#3195,.F.);
#3362 = CONICAL_SURFACE('',#3363,1.75,0.785398163397);
#3363 = AXIS2_PLACEMENT_3D('',#3364,#3365,#3366);
#3364 = CARTESIAN_POINT('',(-15.25,-15.25,-1.8));
#3365 = DIRECTION('',(-0.,-0.,-1.));
#3366 = DIRECTION('',(1.,0.,0.));
#3367 = ADVANCED_FACE('',(#3368),#3384,.F.);
#3368 = FACE_BOUND('',#3369,.T.);
#3369 = EDGE_LOOP('',(#3370,#3376,#3377,#3383));
#3370 = ORIENTED_EDGE('',*,*,#3371,.F.);
#3371 = EDGE_CURVE('',#3331,#3211,#3372,.T.);
#3372 = LINE('',#3373,#3374);
#3373 = CARTESIAN_POINT('',(13.5,15.25,-1.8));
#3374 = VECTOR('',#3375,1.);
#3375 = DIRECTION('',(0.707106781187,9.E-17,0.707106781187));
#3376 = ORIENTED_EDGE('',*,*,#3339,.T.);
#3377 = ORIENTED_EDGE('',*,*,#3378,.T.);
#3378 = EDGE_CURVE('',#3329,#3220,#3379,.T.);
#3379 = LINE('',#3380,#3381);
#3380 = CARTESIAN_POINT('',(17.,15.25,-1.8));
#3381 = VECTOR('',#3382,1.);
#3382 = DIRECTION('',(-0.707106781187,0.,0.707106781187));
#3383 = ORIENTED_EDGE('',*,*,#3228,.F.);
#3384 = CONICAL_SURFACE('',#3385,1.75,0.785398163397);
#3385 = AXIS2_PLACEMENT_3D('',#3386,#3387,#3388);
#3386 = CARTESIAN_POINT('',(15.25,15.25,-1.8));
#3387 = DIRECTION('',(-0.,-0.,-1.));
#3388 = DIRECTION('',(-1.,0.,0.));
#3389 = ADVANCED_FACE('',(#3390),#3396,.F.);
#3390 = FACE_BOUND('',#3391,.T.);
#3391 = EDGE_LOOP('',(#3392,#3393,#3394,#3395));
#3392 = ORIENTED_EDGE('',*,*,#3378,.F.);
#3393 = ORIENTED_EDGE('',*,*,#3328,.T.);
#3394 = ORIENTED_EDGE('',*,*,#3371,.T.);
#3395 = ORIENTED_EDGE('',*,*,#3219,.F.);
#3396 = CONICAL_SURFACE('',#3397,1.75,0.785398163397);
#3397 = AXIS2_PLACEMENT_3D('',#3398,#3399,#3400);
#3398 = CARTESIAN_POINT('',(15.25,15.25,-1.8));
#3399 = DIRECTION('',(-0.,-0.,-1.));
#3400 = DIRECTION('',(1.,0.,0.));
#3401 = ADVANCED_FACE('',(#3402),#3418,.F.);
#3402 = FACE_BOUND('',#3403,.T.);
#3403 = EDGE_LOOP('',(#3404,#3410,#3411,#3417));
#3404 = ORIENTED_EDGE('',*,*,#3405,.F.);
#3405 = EDGE_CURVE('',#3302,#3244,#3406,.T.);
#3406 = LINE('',#3407,#3408);
#3407 = CARTESIAN_POINT('',(13.5,-15.25,-1.8));
#3408 = VECTOR('',#3409,1.);
#3409 = DIRECTION('',(0.707106781187,9.E-17,0.707106781187));
#3410 = ORIENTED_EDGE('',*,*,#3310,.T.);
#3411 = ORIENTED_EDGE('',*,*,#3412,.T.);
#3412 = EDGE_CURVE('',#3300,#3253,#3413,.T.);
#3413 = LINE('',#3414,#3415);
#3414 = CARTESIAN_POINT('',(17.,-15.25,-1.8));
#3415 = VECTOR('',#3416,1.);
#3416 = DIRECTION('',(-0.707106781187,0.,0.707106781187));
#3417 = ORIENTED_EDGE('',*,*,#3261,.F.);
#3418 = CONICAL_SURFACE('',#3419,1.75,0.785398163397);
#3419 = AXIS2_PLACEMENT_3D('',#3420,#3421,#3422);
#3420 = CARTESIAN_POINT('',(15.25,-15.25,-1.8));
#3421 = DIRECTION('',(-0.,-0.,-1.));
#3422 = DIRECTION('',(-1.,0.,0.));
#3423 = ADVANCED_FACE('',(#3424),#3430,.F.);
#3424 = FACE_BOUND('',#3425,.T.);
#3425 = EDGE_LOOP('',(#3426,#3427,#3428,#3429));
#3426 = ORIENTED_EDGE('',*,*,#3412,.F.);
#3427 = ORIENTED_EDGE('',*,*,#3299,.T.);
#3428 = ORIENTED_EDGE('',*,*,#3405,.T.);
#3429 = ORIENTED_EDGE('',*,*,#3252,.F.);
#3430 = CONICAL_SURFACE('',#3431,1.75,0.785398163397);
#3431 = AXIS2_PLACEMENT_3D('',#3432,#3433,#3434);
#3432 = CARTESIAN_POINT('',(15.25,-15.25,-1.8));
#3433 = DIRECTION('',(-0.,-0.,-1.));
#3434 = DIRECTION('',(1.,0.,0.));
#3435 = ( GEOMETRIC_REPRESENTATION_CONTEXT(3) 
GLOBAL_UNCERTAINTY_ASSIGNED_CONTEXT((#3439)) 
GLOBAL_UNIT_ASSIGNED_CONTEXT((#3436,#3437,#3438)) REPRESENTATION_CONTEXT
('Context #1','3D Context with UNIT and UNCERTAINTY') );
#3436 = ( LENGTH_UNIT() NAMED_UNIT(*) SI_UNIT(.MILLI.,.METRE.) );
#3437 = ( NAMED_UNIT(*) PLANE_ANGLE_UNIT() SI_UNIT($,.RADIAN.) );
#3438 = ( NAMED_UNIT(*) SI_UNIT($,.STERADIAN.) SOLID_ANGLE_UNIT() );
#3439 = UNCERTAINTY_MEASURE_WITH_UNIT(LENGTH_MEASURE(1.E-06),#3436,
  'distance_accuracy_value','confusion accuracy');
#3440 = PRODUCT_RELATED_PRODUCT_CATEGORY('part',$,(#7));
ENDSEC;
END-ISO-10303-21;
