ISO-10303-21;
HEADER;
FILE_DESCRIPTION(('FreeCAD Model'),'2;1');
FILE_NAME('Open CASCADE Shape Model','2026-05-18T18:57:50',(''),(''),
  'Open CASCADE STEP processor 7.8','FreeCAD','Unknown');
FILE_SCHEMA(('AUTOMOTIVE_DESIGN { 1 0 10303 214 1 1 1 1 }'));
ENDSEC;
DATA;
#1 = APPLICATION_PROTOCOL_DEFINITION('international standard',
  'automotive_design',2000,#2);
#2 = APPLICATION_CONTEXT(
  'core data for automotive mechanical design processes');
#3 = SHAPE_DEFINITION_REPRESENTATION(#4,#10);
#4 = PRODUCT_DEFINITION_SHAPE('','',#5);
#5 = PRODUCT_DEFINITION('design','',#6,#9);
#6 = PRODUCT_DEFINITION_FORMATION('','',#7);
#7 = PRODUCT('B_esc_connector_mount','B_esc_connector_mount','',(#8));
#8 = PRODUCT_CONTEXT('',#2,'mechanical');
#9 = PRODUCT_DEFINITION_CONTEXT('part definition',#2,'design');
#10 = ADVANCED_BREP_SHAPE_REPRESENTATION('',(#11,#15),#3542);
#11 = AXIS2_PLACEMENT_3D('',#12,#13,#14);
#12 = CARTESIAN_POINT('',(0.,0.,0.));
#13 = DIRECTION('',(0.,0.,1.));
#14 = DIRECTION('',(1.,0.,-0.));
#15 = MANIFOLD_SOLID_BREP('',#16);
#16 = CLOSED_SHELL('',(#17,#111,#144,#175,#206,#239,#270,#301,#325,#349,
    #374,#399,#457,#482,#507,#688,#705,#729,#859,#917,#942,#973,#997,
    #1127,#1351,#1375,#1392,#1409,#1426,#1443,#1476,#1526,#1581,#1612,
    #1636,#1660,#1685,#1710,#1734,#1758,#1781,#1806,#1823,#1848,#1873,
    #1898,#1921,#1946,#1958,#1981,#1993,#2010,#2041,#2058,#2084,#2109,
    #2140,#2164,#2197,#2222,#2246,#2270,#2288,#2313,#2330,#2355,#2395,
    #2450,#2472,#2489,#2520,#2537,#2563,#2588,#2619,#2643,#2676,#2701,
    #2725,#2749,#2767,#2792,#2814,#2831,#2848,#2870,#2887,#2918,#2935,
    #2956,#2978,#3009,#3031,#3052,#3069,#3086,#3108,#3125,#3142,#3166,
    #3183,#3200,#3217,#3236,#3253,#3265,#3290,#3307,#3324,#3336,#3353,
    #3365,#3377,#3388,#3399,#3410,#3435,#3460,#3471,#3482,#3493,#3518,
    #3530));
#17 = ADVANCED_FACE('',(#18,#84,#95),#106,.T.);
#18 = FACE_BOUND('',#19,.T.);
#19 = EDGE_LOOP('',(#20,#30,#38,#46,#54,#62,#70,#78));
#20 = ORIENTED_EDGE('',*,*,#21,.T.);
#21 = EDGE_CURVE('',#22,#24,#26,.T.);
#22 = VERTEX_POINT('',#23);
#23 = CARTESIAN_POINT('',(30.1,-6.1,0.4));
#24 = VERTEX_POINT('',#25);
#25 = CARTESIAN_POINT('',(30.1,-6.1,9.8));
#26 = LINE('',#27,#28);
#27 = CARTESIAN_POINT('',(30.1,-6.1,6.68E-15));
#28 = VECTOR('',#29,1.);
#29 = DIRECTION('',(-2.2E-16,0.,1.));
#30 = ORIENTED_EDGE('',*,*,#31,.F.);
#31 = EDGE_CURVE('',#32,#24,#34,.T.);
#32 = VERTEX_POINT('',#33);
#33 = CARTESIAN_POINT('',(9.9,-6.1,9.8));
#34 = LINE('',#35,#36);
#35 = CARTESIAN_POINT('',(9.9,-6.1,9.8));
#36 = VECTOR('',#37,1.);
#37 = DIRECTION('',(1.,-2.2E-16,2.2E-16));
#38 = ORIENTED_EDGE('',*,*,#39,.T.);
#39 = EDGE_CURVE('',#32,#40,#42,.T.);
#40 = VERTEX_POINT('',#41);
#41 = CARTESIAN_POINT('',(9.9,-6.1,1.));
#42 = LINE('',#43,#44);
#43 = CARTESIAN_POINT('',(9.9,-6.1,10.));
#44 = VECTOR('',#45,1.);
#45 = DIRECTION('',(2.2E-16,0.,-1.));
#46 = ORIENTED_EDGE('',*,*,#47,.F.);
#47 = EDGE_CURVE('',#48,#40,#50,.T.);
#48 = VERTEX_POINT('',#49);
#49 = CARTESIAN_POINT('',(-9.9,-6.1,1.));
#50 = LINE('',#51,#52);
#51 = CARTESIAN_POINT('',(-9.4,-6.1,1.));
#52 = VECTOR('',#53,1.);
#53 = DIRECTION('',(1.,0.,0.));
#54 = ORIENTED_EDGE('',*,*,#55,.F.);
#55 = EDGE_CURVE('',#56,#48,#58,.T.);
#56 = VERTEX_POINT('',#57);
#57 = CARTESIAN_POINT('',(-9.9,-6.1,9.8));
#58 = LINE('',#59,#60);
#59 = CARTESIAN_POINT('',(-9.9,-6.1,10.));
#60 = VECTOR('',#61,1.);
#61 = DIRECTION('',(-0.,-0.,-1.));
#62 = ORIENTED_EDGE('',*,*,#63,.T.);
#63 = EDGE_CURVE('',#56,#64,#66,.T.);
#64 = VERTEX_POINT('',#65);
#65 = CARTESIAN_POINT('',(-30.1,-6.1,9.8));
#66 = LINE('',#67,#68);
#67 = CARTESIAN_POINT('',(-9.9,-6.1,9.8));
#68 = VECTOR('',#69,1.);
#69 = DIRECTION('',(-1.,0.,0.));
#70 = ORIENTED_EDGE('',*,*,#71,.F.);
#71 = EDGE_CURVE('',#72,#64,#74,.T.);
#72 = VERTEX_POINT('',#73);
#73 = CARTESIAN_POINT('',(-30.1,-6.1,0.4));
#74 = LINE('',#75,#76);
#75 = CARTESIAN_POINT('',(-30.1,-6.1,0.));
#76 = VECTOR('',#77,1.);
#77 = DIRECTION('',(0.,0.,1.));
#78 = ORIENTED_EDGE('',*,*,#79,.F.);
#79 = EDGE_CURVE('',#22,#72,#80,.T.);
#80 = LINE('',#81,#82);
#81 = CARTESIAN_POINT('',(30.1,-6.1,0.4));
#82 = VECTOR('',#83,1.);
#83 = DIRECTION('',(-1.,2.2E-16,-2.2E-16));
#84 = FACE_BOUND('',#85,.T.);
#85 = EDGE_LOOP('',(#86));
#86 = ORIENTED_EDGE('',*,*,#87,.F.);
#87 = EDGE_CURVE('',#88,#88,#90,.T.);
#88 = VERTEX_POINT('',#89);
#89 = CARTESIAN_POINT('',(-20.25,-6.1,5.));
#90 = CIRCLE('',#91,2.25);
#91 = AXIS2_PLACEMENT_3D('',#92,#93,#94);
#92 = CARTESIAN_POINT('',(-22.5,-6.1,5.));
#93 = DIRECTION('',(0.,-1.,0.));
#94 = DIRECTION('',(1.,0.,0.));
#95 = FACE_BOUND('',#96,.T.);
#96 = EDGE_LOOP('',(#97));
#97 = ORIENTED_EDGE('',*,*,#98,.T.);
#98 = EDGE_CURVE('',#99,#99,#101,.T.);
#99 = VERTEX_POINT('',#100);
#100 = CARTESIAN_POINT('',(20.25,-6.1,5.));
#101 = CIRCLE('',#102,2.25);
#102 = AXIS2_PLACEMENT_3D('',#103,#104,#105);
#103 = CARTESIAN_POINT('',(22.5,-6.1,5.));
#104 = DIRECTION('',(0.,1.,0.));
#105 = DIRECTION('',(-1.,0.,-4.3E-16));
#106 = PLANE('',#107);
#107 = AXIS2_PLACEMENT_3D('',#108,#109,#110);
#108 = CARTESIAN_POINT('',(-1.44E-15,-6.1,4.065756035578));
#109 = DIRECTION('',(-0.,-1.,-0.));
#110 = DIRECTION('',(0.,0.,-1.));
#111 = ADVANCED_FACE('',(#112),#139,.T.);
#112 = FACE_BOUND('',#113,.T.);
#113 = EDGE_LOOP('',(#114,#124,#131,#132));
#114 = ORIENTED_EDGE('',*,*,#115,.T.);
#115 = EDGE_CURVE('',#116,#118,#120,.T.);
#116 = VERTEX_POINT('',#117);
#117 = CARTESIAN_POINT('',(30.722039863984,-3.235058093685,0.4));
#118 = VERTEX_POINT('',#119);
#119 = CARTESIAN_POINT('',(30.722039863984,-3.235058093685,9.8));
#120 = LINE('',#121,#122);
#121 = CARTESIAN_POINT('',(30.722039863984,-3.235058093685,6.82E-15));
#122 = VECTOR('',#123,1.);
#123 = DIRECTION('',(-2.2E-16,0.,1.));
#124 = ORIENTED_EDGE('',*,*,#125,.F.);
#125 = EDGE_CURVE('',#24,#118,#126,.T.);
#126 = CIRCLE('',#127,1.5);
#127 = AXIS2_PLACEMENT_3D('',#128,#129,#130);
#128 = CARTESIAN_POINT('',(30.1,-4.6,9.8));
#129 = DIRECTION('',(-2.2E-16,0.,1.));
#130 = DIRECTION('',(0.,-1.,0.));
#131 = ORIENTED_EDGE('',*,*,#21,.F.);
#132 = ORIENTED_EDGE('',*,*,#133,.F.);
#133 = EDGE_CURVE('',#116,#22,#134,.T.);
#134 = CIRCLE('',#135,1.5);
#135 = AXIS2_PLACEMENT_3D('',#136,#137,#138);
#136 = CARTESIAN_POINT('',(30.1,-4.6,0.4));
#137 = DIRECTION('',(0.,0.,-1.));
#138 = DIRECTION('',(0.414693242656,0.909961270877,0.));
#139 = CYLINDRICAL_SURFACE('',#140,1.5);
#140 = AXIS2_PLACEMENT_3D('',#141,#142,#143);
#141 = CARTESIAN_POINT('',(30.1,-4.6,6.68E-15));
#142 = DIRECTION('',(2.2E-16,0.,-1.));
#143 = DIRECTION('',(-1.,2.2E-16,-2.2E-16));
#144 = ADVANCED_FACE('',(#145),#170,.T.);
#145 = FACE_BOUND('',#146,.T.);
#146 = EDGE_LOOP('',(#147,#155,#156,#164));
#147 = ORIENTED_EDGE('',*,*,#148,.F.);
#148 = EDGE_CURVE('',#22,#149,#151,.T.);
#149 = VERTEX_POINT('',#150);
#150 = CARTESIAN_POINT('',(30.1,-5.7,1.E-15));
#151 = LINE('',#152,#153);
#152 = CARTESIAN_POINT('',(30.1,-6.1,0.4));
#153 = VECTOR('',#154,1.);
#154 = DIRECTION('',(6.7E-16,0.707106781187,-0.707106781187));
#155 = ORIENTED_EDGE('',*,*,#79,.T.);
#156 = ORIENTED_EDGE('',*,*,#157,.T.);
#157 = EDGE_CURVE('',#72,#158,#160,.T.);
#158 = VERTEX_POINT('',#159);
#159 = CARTESIAN_POINT('',(-30.1,-5.7,-1.2E-14));
#160 = LINE('',#161,#162);
#161 = CARTESIAN_POINT('',(-30.1,-5.9,0.2));
#162 = VECTOR('',#163,1.);
#163 = DIRECTION('',(3.1E-16,0.707106781187,-0.707106781187));
#164 = ORIENTED_EDGE('',*,*,#165,.F.);
#165 = EDGE_CURVE('',#149,#158,#166,.T.);
#166 = LINE('',#167,#168);
#167 = CARTESIAN_POINT('',(30.1,-5.7,1.74E-15));
#168 = VECTOR('',#169,1.);
#169 = DIRECTION('',(-1.,2.2E-16,-2.2E-16));
#170 = PLANE('',#171);
#171 = AXIS2_PLACEMENT_3D('',#172,#173,#174);
#172 = CARTESIAN_POINT('',(30.1,-5.9,0.2));
#173 = DIRECTION('',(-0.,-0.707106781187,-0.707106781187));
#174 = DIRECTION('',(-1.,2.2E-16,-2.2E-16));
#175 = ADVANCED_FACE('',(#176),#201,.F.);
#176 = FACE_BOUND('',#177,.T.);
#177 = EDGE_LOOP('',(#178,#186,#187,#195));
#178 = ORIENTED_EDGE('',*,*,#179,.F.);
#179 = EDGE_CURVE('',#32,#180,#182,.T.);
#180 = VERTEX_POINT('',#181);
#181 = CARTESIAN_POINT('',(9.982842712475,-5.9,10.));
#182 = LINE('',#183,#184);
#183 = CARTESIAN_POINT('',(9.966082463034,-5.940462821508,9.959537178492
    ));
#184 = VECTOR('',#185,1.);
#185 = DIRECTION('',(0.281084637715,0.678598344546,0.678598344546));
#186 = ORIENTED_EDGE('',*,*,#31,.T.);
#187 = ORIENTED_EDGE('',*,*,#188,.T.);
#188 = EDGE_CURVE('',#24,#189,#191,.T.);
#189 = VERTEX_POINT('',#190);
#190 = CARTESIAN_POINT('',(30.1,-5.9,10.));
#191 = LINE('',#192,#193);
#192 = CARTESIAN_POINT('',(30.1,-6.,9.9));
#193 = VECTOR('',#194,1.);
#194 = DIRECTION('',(0.,0.707106781187,0.707106781187));
#195 = ORIENTED_EDGE('',*,*,#196,.F.);
#196 = EDGE_CURVE('',#180,#189,#197,.T.);
#197 = LINE('',#198,#199);
#198 = CARTESIAN_POINT('',(9.9,-5.9,10.));
#199 = VECTOR('',#200,1.);
#200 = DIRECTION('',(1.,-2.2E-16,2.2E-16));
#201 = PLANE('',#202);
#202 = AXIS2_PLACEMENT_3D('',#203,#204,#205);
#203 = CARTESIAN_POINT('',(9.9,-6.,9.9));
#204 = DIRECTION('',(2.5E-16,0.707106781187,-0.707106781187));
#205 = DIRECTION('',(-1.,1.767766952966E-16,-1.767766952966E-16));
#206 = ADVANCED_FACE('',(#207),#234,.T.);
#207 = FACE_BOUND('',#208,.F.);
#208 = EDGE_LOOP('',(#209,#219,#226,#227));
#209 = ORIENTED_EDGE('',*,*,#210,.T.);
#210 = EDGE_CURVE('',#211,#213,#215,.T.);
#211 = VERTEX_POINT('',#212);
#212 = CARTESIAN_POINT('',(-30.72203986398,-3.235058093685,0.4));
#213 = VERTEX_POINT('',#214);
#214 = CARTESIAN_POINT('',(-30.72203986398,-3.235058093685,9.8));
#215 = LINE('',#216,#217);
#216 = CARTESIAN_POINT('',(-30.72203986398,-3.235058093685,0.));
#217 = VECTOR('',#218,1.);
#218 = DIRECTION('',(0.,0.,1.));
#219 = ORIENTED_EDGE('',*,*,#220,.F.);
#220 = EDGE_CURVE('',#64,#213,#221,.T.);
#221 = CIRCLE('',#222,1.5);
#222 = AXIS2_PLACEMENT_3D('',#223,#224,#225);
#223 = CARTESIAN_POINT('',(-30.1,-4.6,9.8));
#224 = DIRECTION('',(-0.,-0.,-1.));
#225 = DIRECTION('',(0.,-1.,0.));
#226 = ORIENTED_EDGE('',*,*,#71,.F.);
#227 = ORIENTED_EDGE('',*,*,#228,.T.);
#228 = EDGE_CURVE('',#72,#211,#229,.T.);
#229 = CIRCLE('',#230,1.5);
#230 = AXIS2_PLACEMENT_3D('',#231,#232,#233);
#231 = CARTESIAN_POINT('',(-30.1,-4.6,0.4));
#232 = DIRECTION('',(0.,0.,-1.));
#233 = DIRECTION('',(0.,-1.,0.));
#234 = CYLINDRICAL_SURFACE('',#235,1.5);
#235 = AXIS2_PLACEMENT_3D('',#236,#237,#238);
#236 = CARTESIAN_POINT('',(-30.1,-4.6,0.));
#237 = DIRECTION('',(-0.,-0.,-1.));
#238 = DIRECTION('',(1.,0.,0.));
#239 = ADVANCED_FACE('',(#240),#265,.T.);
#240 = FACE_BOUND('',#241,.T.);
#241 = EDGE_LOOP('',(#242,#252,#258,#259));
#242 = ORIENTED_EDGE('',*,*,#243,.T.);
#243 = EDGE_CURVE('',#244,#246,#248,.T.);
#244 = VERTEX_POINT('',#245);
#245 = CARTESIAN_POINT('',(9.4,-5.6,9.8));
#246 = VERTEX_POINT('',#247);
#247 = CARTESIAN_POINT('',(9.4,-5.6,1.5));
#248 = LINE('',#249,#250);
#249 = CARTESIAN_POINT('',(9.4,-5.6,10.));
#250 = VECTOR('',#251,1.);
#251 = DIRECTION('',(2.2E-16,0.,-1.));
#252 = ORIENTED_EDGE('',*,*,#253,.T.);
#253 = EDGE_CURVE('',#246,#40,#254,.T.);
#254 = LINE('',#255,#256);
#255 = CARTESIAN_POINT('',(5.016666666667,-1.216666666667,5.883333333333
    ));
#256 = VECTOR('',#257,1.);
#257 = DIRECTION('',(0.57735026919,-0.57735026919,-0.57735026919));
#258 = ORIENTED_EDGE('',*,*,#39,.F.);
#259 = ORIENTED_EDGE('',*,*,#260,.F.);
#260 = EDGE_CURVE('',#244,#32,#261,.T.);
#261 = LINE('',#262,#263);
#262 = CARTESIAN_POINT('',(9.4,-5.6,9.8));
#263 = VECTOR('',#264,1.);
#264 = DIRECTION('',(0.707106781187,-0.707106781187,1.6E-16));
#265 = PLANE('',#266);
#266 = AXIS2_PLACEMENT_3D('',#267,#268,#269);
#267 = CARTESIAN_POINT('',(9.65,-5.85,10.));
#268 = DIRECTION('',(-0.707106781187,-0.707106781187,-2.5E-16));
#269 = DIRECTION('',(2.867766952966E-16,6.677669529664E-17,-1.));
#270 = ADVANCED_FACE('',(#271),#296,.T.);
#271 = FACE_BOUND('',#272,.T.);
#272 = EDGE_LOOP('',(#273,#281,#289,#295));
#273 = ORIENTED_EDGE('',*,*,#274,.F.);
#274 = EDGE_CURVE('',#275,#56,#277,.T.);
#275 = VERTEX_POINT('',#276);
#276 = CARTESIAN_POINT('',(-9.982842712475,-5.9,10.));
#277 = LINE('',#278,#279);
#278 = CARTESIAN_POINT('',(-9.966082463034,-5.940462821508,
    9.959537178492));
#279 = VECTOR('',#280,1.);
#280 = DIRECTION('',(0.281084637715,-0.678598344546,-0.678598344546));
#281 = ORIENTED_EDGE('',*,*,#282,.T.);
#282 = EDGE_CURVE('',#275,#283,#285,.T.);
#283 = VERTEX_POINT('',#284);
#284 = CARTESIAN_POINT('',(-30.1,-5.9,10.));
#285 = LINE('',#286,#287);
#286 = CARTESIAN_POINT('',(-9.9,-5.9,10.));
#287 = VECTOR('',#288,1.);
#288 = DIRECTION('',(-1.,0.,0.));
#289 = ORIENTED_EDGE('',*,*,#290,.T.);
#290 = EDGE_CURVE('',#283,#64,#291,.T.);
#291 = LINE('',#292,#293);
#292 = CARTESIAN_POINT('',(-30.1,-6.,9.9));
#293 = VECTOR('',#294,1.);
#294 = DIRECTION('',(-0.,-0.707106781187,-0.707106781187));
#295 = ORIENTED_EDGE('',*,*,#63,.F.);
#296 = PLANE('',#297);
#297 = AXIS2_PLACEMENT_3D('',#298,#299,#300);
#298 = CARTESIAN_POINT('',(-9.9,-6.,9.9));
#299 = DIRECTION('',(0.,-0.707106781187,0.707106781187));
#300 = DIRECTION('',(-1.,0.,0.));
#301 = ADVANCED_FACE('',(#302),#320,.T.);
#302 = FACE_BOUND('',#303,.F.);
#303 = EDGE_LOOP('',(#304,#312,#318,#319));
#304 = ORIENTED_EDGE('',*,*,#305,.F.);
#305 = EDGE_CURVE('',#306,#48,#308,.T.);
#306 = VERTEX_POINT('',#307);
#307 = CARTESIAN_POINT('',(-9.4,-5.6,1.5));
#308 = LINE('',#309,#310);
#309 = CARTESIAN_POINT('',(-8.15,-4.35,2.75));
#310 = VECTOR('',#311,1.);
#311 = DIRECTION('',(-0.57735026919,-0.57735026919,-0.57735026919));
#312 = ORIENTED_EDGE('',*,*,#313,.T.);
#313 = EDGE_CURVE('',#306,#246,#314,.T.);
#314 = LINE('',#315,#316);
#315 = CARTESIAN_POINT('',(-9.4,-5.6,1.5));
#316 = VECTOR('',#317,1.);
#317 = DIRECTION('',(1.,0.,0.));
#318 = ORIENTED_EDGE('',*,*,#253,.T.);
#319 = ORIENTED_EDGE('',*,*,#47,.F.);
#320 = PLANE('',#321);
#321 = AXIS2_PLACEMENT_3D('',#322,#323,#324);
#322 = CARTESIAN_POINT('',(-9.4,-5.85,1.25));
#323 = DIRECTION('',(0.,-0.707106781187,0.707106781187));
#324 = DIRECTION('',(-1.,-0.,-0.));
#325 = ADVANCED_FACE('',(#326),#344,.F.);
#326 = FACE_BOUND('',#327,.F.);
#327 = EDGE_LOOP('',(#328,#336,#337,#338));
#328 = ORIENTED_EDGE('',*,*,#329,.T.);
#329 = EDGE_CURVE('',#330,#306,#332,.T.);
#330 = VERTEX_POINT('',#331);
#331 = CARTESIAN_POINT('',(-9.4,-5.6,9.8));
#332 = LINE('',#333,#334);
#333 = CARTESIAN_POINT('',(-9.4,-5.6,10.));
#334 = VECTOR('',#335,1.);
#335 = DIRECTION('',(-0.,-0.,-1.));
#336 = ORIENTED_EDGE('',*,*,#305,.T.);
#337 = ORIENTED_EDGE('',*,*,#55,.F.);
#338 = ORIENTED_EDGE('',*,*,#339,.F.);
#339 = EDGE_CURVE('',#330,#56,#340,.T.);
#340 = LINE('',#341,#342);
#341 = CARTESIAN_POINT('',(-9.4,-5.6,9.8));
#342 = VECTOR('',#343,1.);
#343 = DIRECTION('',(-0.707106781187,-0.707106781187,0.));
#344 = PLANE('',#345);
#345 = AXIS2_PLACEMENT_3D('',#346,#347,#348);
#346 = CARTESIAN_POINT('',(-9.65,-5.85,10.));
#347 = DIRECTION('',(-0.707106781187,0.707106781187,0.));
#348 = DIRECTION('',(0.,0.,-1.));
#349 = ADVANCED_FACE('',(#350),#369,.F.);
#350 = FACE_BOUND('',#351,.T.);
#351 = EDGE_LOOP('',(#352,#360,#361,#362));
#352 = ORIENTED_EDGE('',*,*,#353,.F.);
#353 = EDGE_CURVE('',#88,#354,#356,.T.);
#354 = VERTEX_POINT('',#355);
#355 = CARTESIAN_POINT('',(-20.45,-5.9,5.));
#356 = LINE('',#357,#358);
#357 = CARTESIAN_POINT('',(-20.45,-5.9,5.));
#358 = VECTOR('',#359,1.);
#359 = DIRECTION('',(-0.707106781187,0.707106781187,3.1E-16));
#360 = ORIENTED_EDGE('',*,*,#87,.T.);
#361 = ORIENTED_EDGE('',*,*,#353,.T.);
#362 = ORIENTED_EDGE('',*,*,#363,.F.);
#363 = EDGE_CURVE('',#354,#354,#364,.T.);
#364 = CIRCLE('',#365,2.05);
#365 = AXIS2_PLACEMENT_3D('',#366,#367,#368);
#366 = CARTESIAN_POINT('',(-22.5,-5.9,5.));
#367 = DIRECTION('',(0.,-1.,0.));
#368 = DIRECTION('',(1.,0.,0.));
#369 = CONICAL_SURFACE('',#370,2.05,0.785398163397);
#370 = AXIS2_PLACEMENT_3D('',#371,#372,#373);
#371 = CARTESIAN_POINT('',(-22.5,-5.9,5.));
#372 = DIRECTION('',(-0.,-1.,-0.));
#373 = DIRECTION('',(1.,0.,0.));
#374 = ADVANCED_FACE('',(#375),#394,.F.);
#375 = FACE_BOUND('',#376,.F.);
#376 = EDGE_LOOP('',(#377,#385,#386,#387));
#377 = ORIENTED_EDGE('',*,*,#378,.F.);
#378 = EDGE_CURVE('',#99,#379,#381,.T.);
#379 = VERTEX_POINT('',#380);
#380 = CARTESIAN_POINT('',(20.45,-5.9,5.));
#381 = LINE('',#382,#383);
#382 = CARTESIAN_POINT('',(20.45,-5.9,5.));
#383 = VECTOR('',#384,1.);
#384 = DIRECTION('',(0.707106781187,0.707106781187,3.1E-16));
#385 = ORIENTED_EDGE('',*,*,#98,.T.);
#386 = ORIENTED_EDGE('',*,*,#378,.T.);
#387 = ORIENTED_EDGE('',*,*,#388,.F.);
#388 = EDGE_CURVE('',#379,#379,#389,.T.);
#389 = CIRCLE('',#390,2.05);
#390 = AXIS2_PLACEMENT_3D('',#391,#392,#393);
#391 = CARTESIAN_POINT('',(22.5,-5.9,5.));
#392 = DIRECTION('',(0.,1.,0.));
#393 = DIRECTION('',(-1.,0.,-4.3E-16));
#394 = CONICAL_SURFACE('',#395,2.05,0.785398163397);
#395 = AXIS2_PLACEMENT_3D('',#396,#397,#398);
#396 = CARTESIAN_POINT('',(22.5,-5.9,5.));
#397 = DIRECTION('',(-0.,-1.,-0.));
#398 = DIRECTION('',(-1.,0.,-4.3E-16));
#399 = ADVANCED_FACE('',(#400,#441),#452,.F.);
#400 = FACE_BOUND('',#401,.T.);
#401 = EDGE_LOOP('',(#402,#403,#411,#419,#427,#435));
#402 = ORIENTED_EDGE('',*,*,#115,.F.);
#403 = ORIENTED_EDGE('',*,*,#404,.F.);
#404 = EDGE_CURVE('',#405,#116,#407,.T.);
#405 = VERTEX_POINT('',#406);
#406 = CARTESIAN_POINT('',(20.382439400039,1.476969309452,0.4));
#407 = LINE('',#408,#409);
#408 = CARTESIAN_POINT('',(20.382439400039,1.476969309452,0.4));
#409 = VECTOR('',#410,1.);
#410 = DIRECTION('',(0.909961270877,-0.414693242656,2.E-16));
#411 = ORIENTED_EDGE('',*,*,#412,.T.);
#412 = EDGE_CURVE('',#405,#413,#415,.T.);
#413 = VERTEX_POINT('',#414);
#414 = CARTESIAN_POINT('',(20.382439400039,1.476969309452,5.4));
#415 = LINE('',#416,#417);
#416 = CARTESIAN_POINT('',(20.382439400039,1.476969309452,4.53E-15));
#417 = VECTOR('',#418,1.);
#418 = DIRECTION('',(-2.2E-16,0.,1.));
#419 = ORIENTED_EDGE('',*,*,#420,.F.);
#420 = EDGE_CURVE('',#421,#413,#423,.T.);
#421 = VERTEX_POINT('',#422);
#422 = CARTESIAN_POINT('',(18.014956579115,2.555893390469,5.4));
#423 = LINE('',#424,#425);
#424 = CARTESIAN_POINT('',(17.370227927823,2.849713164557,5.4));
#425 = VECTOR('',#426,1.);
#426 = DIRECTION('',(0.909961270877,-0.414693242656,2.E-16));
#427 = ORIENTED_EDGE('',*,*,#428,.T.);
#428 = EDGE_CURVE('',#421,#429,#431,.T.);
#429 = VERTEX_POINT('',#430);
#430 = CARTESIAN_POINT('',(18.014956579115,2.555893390469,9.8));
#431 = LINE('',#432,#433);
#432 = CARTESIAN_POINT('',(18.014956579115,2.555893390469,4.E-15));
#433 = VECTOR('',#434,1.);
#434 = DIRECTION('',(-2.2E-16,0.,1.));
#435 = ORIENTED_EDGE('',*,*,#436,.F.);
#436 = EDGE_CURVE('',#118,#429,#437,.T.);
#437 = LINE('',#438,#439);
#438 = CARTESIAN_POINT('',(30.722039863984,-3.235058093685,9.8));
#439 = VECTOR('',#440,1.);
#440 = DIRECTION('',(-0.909961270877,0.414693242656,-2.E-16));
#441 = FACE_BOUND('',#442,.T.);
#442 = EDGE_LOOP('',(#443));
#443 = ORIENTED_EDGE('',*,*,#444,.F.);
#444 = EDGE_CURVE('',#445,#445,#447,.T.);
#445 = VERTEX_POINT('',#446);
#446 = CARTESIAN_POINT('',(20.45,1.44618017021,5.));
#447 = ELLIPSE('',#448,2.252843132571,2.05);
#448 = AXIS2_PLACEMENT_3D('',#449,#450,#451);
#449 = CARTESIAN_POINT('',(22.5,0.511941346368,5.));
#450 = DIRECTION('',(0.414693242656,0.909961270877,9.E-17));
#451 = DIRECTION('',(0.909961270877,-0.414693242656,7.4E-16));
#452 = PLANE('',#453);
#453 = AXIS2_PLACEMENT_3D('',#454,#455,#456);
#454 = CARTESIAN_POINT('',(18.014956579115,2.555893390469,4.E-15));
#455 = DIRECTION('',(-0.414693242656,-0.909961270877,-9.E-17));
#456 = DIRECTION('',(-0.909961270877,0.414693242656,-2.E-16));
#457 = ADVANCED_FACE('',(#458),#477,.T.);
#458 = FACE_BOUND('',#459,.T.);
#459 = EDGE_LOOP('',(#460,#468,#469,#470));
#460 = ORIENTED_EDGE('',*,*,#461,.F.);
#461 = EDGE_CURVE('',#116,#462,#464,.T.);
#462 = VERTEX_POINT('',#463);
#463 = CARTESIAN_POINT('',(30.556162566922,-3.599042602036,2.E-15));
#464 = LINE('',#465,#466);
#465 = CARTESIAN_POINT('',(30.639101215453,-3.417050347861,0.2));
#466 = VECTOR('',#467,1.);
#467 = DIRECTION('',(-0.293232403994,-0.643439785254,-0.707106781187));
#468 = ORIENTED_EDGE('',*,*,#133,.T.);
#469 = ORIENTED_EDGE('',*,*,#148,.T.);
#470 = ORIENTED_EDGE('',*,*,#471,.F.);
#471 = EDGE_CURVE('',#462,#149,#472,.T.);
#472 = CIRCLE('',#473,1.1);
#473 = AXIS2_PLACEMENT_3D('',#474,#475,#476);
#474 = CARTESIAN_POINT('',(30.1,-4.6,1.7E-15));
#475 = DIRECTION('',(0.,0.,-1.));
#476 = DIRECTION('',(0.414693242656,0.909961270877,0.));
#477 = CONICAL_SURFACE('',#478,1.5,0.785398163397);
#478 = AXIS2_PLACEMENT_3D('',#479,#480,#481);
#479 = CARTESIAN_POINT('',(30.1,-4.6,0.4));
#480 = DIRECTION('',(-0.,-0.,1.));
#481 = DIRECTION('',(0.414693242656,0.909961270877,0.));
#482 = ADVANCED_FACE('',(#483),#502,.T.);
#483 = FACE_BOUND('',#484,.T.);
#484 = EDGE_LOOP('',(#485,#486,#487,#495));
#485 = ORIENTED_EDGE('',*,*,#188,.F.);
#486 = ORIENTED_EDGE('',*,*,#125,.T.);
#487 = ORIENTED_EDGE('',*,*,#488,.T.);
#488 = EDGE_CURVE('',#118,#489,#491,.T.);
#489 = VERTEX_POINT('',#490);
#490 = CARTESIAN_POINT('',(30.639101215453,-3.417050347861,10.));
#491 = LINE('',#492,#493);
#492 = CARTESIAN_POINT('',(30.722039863984,-3.235058093685,9.8));
#493 = VECTOR('',#494,1.);
#494 = DIRECTION('',(-0.293232403994,-0.643439785254,0.707106781187));
#495 = ORIENTED_EDGE('',*,*,#496,.F.);
#496 = EDGE_CURVE('',#189,#489,#497,.T.);
#497 = CIRCLE('',#498,1.3);
#498 = AXIS2_PLACEMENT_3D('',#499,#500,#501);
#499 = CARTESIAN_POINT('',(30.1,-4.6,10.));
#500 = DIRECTION('',(-2.2E-16,0.,1.));
#501 = DIRECTION('',(0.,-1.,0.));
#502 = CONICAL_SURFACE('',#503,1.5,0.785398163397);
#503 = AXIS2_PLACEMENT_3D('',#504,#505,#506);
#504 = CARTESIAN_POINT('',(30.1,-4.6,9.8));
#505 = DIRECTION('',(2.2E-16,0.,-1.));
#506 = DIRECTION('',(0.,-1.,0.));
#507 = ADVANCED_FACE('',(#508),#683,.T.);
#508 = FACE_BOUND('',#509,.T.);
#509 = EDGE_LOOP('',(#510,#520,#528,#537,#545,#554,#563,#572,#581,#590,
    #596,#597,#598,#607,#615,#624,#633,#642,#651,#660,#668,#677));
#510 = ORIENTED_EDGE('',*,*,#511,.F.);
#511 = EDGE_CURVE('',#512,#514,#516,.T.);
#512 = VERTEX_POINT('',#513);
#513 = CARTESIAN_POINT('',(7.4,3.5,2.E-15));
#514 = VERTEX_POINT('',#515);
#515 = CARTESIAN_POINT('',(-7.4,3.5,2.E-15));
#516 = LINE('',#517,#518);
#517 = CARTESIAN_POINT('',(7.,3.5,1.68E-15));
#518 = VECTOR('',#519,1.);
#519 = DIRECTION('',(-1.,2.2E-16,-2.2E-16));
#520 = ORIENTED_EDGE('',*,*,#521,.T.);
#521 = EDGE_CURVE('',#512,#522,#524,.T.);
#522 = VERTEX_POINT('',#523);
#523 = CARTESIAN_POINT('',(7.4,8.8,1.E-15));
#524 = LINE('',#525,#526);
#525 = CARTESIAN_POINT('',(7.4,3.9,1.74E-15));
#526 = VECTOR('',#527,1.);
#527 = DIRECTION('',(2.2E-16,1.,0.));
#528 = ORIENTED_EDGE('',*,*,#529,.T.);
#529 = EDGE_CURVE('',#522,#530,#532,.T.);
#530 = VERTEX_POINT('',#531);
#531 = CARTESIAN_POINT('',(8.,9.4,2.E-15));
#532 = CIRCLE('',#533,0.6);
#533 = AXIS2_PLACEMENT_3D('',#534,#535,#536);
#534 = CARTESIAN_POINT('',(8.,8.8,1.7E-15));
#535 = DIRECTION('',(0.,0.,-1.));
#536 = DIRECTION('',(-1.,0.,0.));
#537 = ORIENTED_EDGE('',*,*,#538,.T.);
#538 = EDGE_CURVE('',#530,#539,#541,.T.);
#539 = VERTEX_POINT('',#540);
#540 = CARTESIAN_POINT('',(11.541874369909,9.4,1.E-15));
#541 = LINE('',#542,#543);
#542 = CARTESIAN_POINT('',(8.,9.4,1.7E-15));
#543 = VECTOR('',#544,1.);
#544 = DIRECTION('',(1.,-2.2E-16,2.2E-16));
#545 = ORIENTED_EDGE('',*,*,#546,.T.);
#546 = EDGE_CURVE('',#539,#547,#549,.T.);
#547 = VERTEX_POINT('',#548);
#548 = CARTESIAN_POINT('',(13.108374873982,8.125693369197,2.E-15));
#549 = CIRCLE('',#550,1.6);
#550 = AXIS2_PLACEMENT_3D('',#551,#552,#553);
#551 = CARTESIAN_POINT('',(11.541874369909,7.8,1.7E-15));
#552 = DIRECTION('',(0.,0.,-1.));
#553 = DIRECTION('',(8.9E-16,1.,0.));
#554 = ORIENTED_EDGE('',*,*,#555,.T.);
#555 = EDGE_CURVE('',#547,#556,#558,.T.);
#556 = VERTEX_POINT('',#557);
#557 = CARTESIAN_POINT('',(14.331894756087,5.193225220307,1.E-15));
#558 = CIRCLE('',#559,8.4);
#559 = AXIS2_PLACEMENT_3D('',#560,#561,#562);
#560 = CARTESIAN_POINT('',(21.332502520365,9.835583557481,1.7E-15));
#561 = DIRECTION('',(0.,0.,1.));
#562 = DIRECTION('',(-0.979062815046,-0.203558355748,0.));
#563 = ORIENTED_EDGE('',*,*,#564,.T.);
#564 = EDGE_CURVE('',#556,#565,#567,.T.);
#565 = VERTEX_POINT('',#566);
#566 = CARTESIAN_POINT('',(13.972029183031,4.278232812676,2.E-15));
#567 = CIRCLE('',#568,0.6);
#568 = AXIS2_PLACEMENT_3D('',#569,#570,#571);
#569 = CARTESIAN_POINT('',(13.831851344353,4.861628196223,1.7E-15));
#570 = DIRECTION('',(0.,0.,-1.));
#571 = DIRECTION('',(0.833405686224,0.552661706806,0.));
#572 = ORIENTED_EDGE('',*,*,#573,.T.);
#573 = EDGE_CURVE('',#565,#574,#576,.T.);
#574 = VERTEX_POINT('',#575);
#575 = CARTESIAN_POINT('',(19.371616618497,0.498967073946,2.E-15));
#576 = CIRCLE('',#577,4.4);
#577 = AXIS2_PLACEMENT_3D('',#578,#579,#580);
#578 = CARTESIAN_POINT('',(15.,-3.33E-15,1.7E-15));
#579 = DIRECTION('',(0.,0.,1.));
#580 = DIRECTION('',(-0.233629731129,0.972325639245,0.));
#581 = ORIENTED_EDGE('',*,*,#582,.T.);
#582 = EDGE_CURVE('',#574,#583,#585,.T.);
#583 = VERTEX_POINT('',#584);
#584 = CARTESIAN_POINT('',(20.216562102977,1.112984801101,1.E-15));
#585 = CIRCLE('',#586,0.6);
#586 = AXIS2_PLACEMENT_3D('',#587,#588,#589);
#587 = CARTESIAN_POINT('',(19.967746157383,0.567008038575,1.7E-15));
#588 = DIRECTION('',(0.,0.,-1.));
#589 = DIRECTION('',(-0.993549231477,-0.113401607715,-0.));
#590 = ORIENTED_EDGE('',*,*,#591,.T.);
#591 = EDGE_CURVE('',#583,#462,#592,.T.);
#592 = LINE('',#593,#594);
#593 = CARTESIAN_POINT('',(20.216562102977,1.112984801101,1.7E-15));
#594 = VECTOR('',#595,1.);
#595 = DIRECTION('',(0.909961270877,-0.414693242656,2.E-16));
#596 = ORIENTED_EDGE('',*,*,#471,.T.);
#597 = ORIENTED_EDGE('',*,*,#165,.T.);
#598 = ORIENTED_EDGE('',*,*,#599,.T.);
#599 = EDGE_CURVE('',#158,#600,#602,.T.);
#600 = VERTEX_POINT('',#601);
#601 = CARTESIAN_POINT('',(-30.55616256692,-3.599042602036,1.E-15));
#602 = CIRCLE('',#603,1.1);
#603 = AXIS2_PLACEMENT_3D('',#604,#605,#606);
#604 = CARTESIAN_POINT('',(-30.1,-4.6,1.7E-15));
#605 = DIRECTION('',(0.,0.,-1.));
#606 = DIRECTION('',(0.,-1.,0.));
#607 = ORIENTED_EDGE('',*,*,#608,.T.);
#608 = EDGE_CURVE('',#600,#609,#611,.T.);
#609 = VERTEX_POINT('',#610);
#610 = CARTESIAN_POINT('',(-20.21656210297,1.112984801101,2.E-15));
#611 = LINE('',#612,#613);
#612 = CARTESIAN_POINT('',(-30.55616256692,-3.599042602036,1.7E-15));
#613 = VECTOR('',#614,1.);
#614 = DIRECTION('',(0.909961270877,0.414693242656,0.));
#615 = ORIENTED_EDGE('',*,*,#616,.T.);
#616 = EDGE_CURVE('',#609,#617,#619,.T.);
#617 = VERTEX_POINT('',#618);
#618 = CARTESIAN_POINT('',(-19.37161661849,0.498967073946,1.E-15));
#619 = CIRCLE('',#620,0.6);
#620 = AXIS2_PLACEMENT_3D('',#621,#622,#623);
#621 = CARTESIAN_POINT('',(-19.96774615738,0.567008038575,1.7E-15));
#622 = DIRECTION('',(0.,0.,-1.));
#623 = DIRECTION('',(-0.414693242656,0.909961270877,0.));
#624 = ORIENTED_EDGE('',*,*,#625,.T.);
#625 = EDGE_CURVE('',#617,#626,#628,.T.);
#626 = VERTEX_POINT('',#627);
#627 = CARTESIAN_POINT('',(-13.97202918303,4.278232812676,2.E-15));
#628 = CIRCLE('',#629,4.4);
#629 = AXIS2_PLACEMENT_3D('',#630,#631,#632);
#630 = CARTESIAN_POINT('',(-15.,0.,1.7E-15));
#631 = DIRECTION('',(0.,0.,1.));
#632 = DIRECTION('',(-0.993549231477,0.113401607715,0.));
#633 = ORIENTED_EDGE('',*,*,#634,.T.);
#634 = EDGE_CURVE('',#626,#635,#637,.T.);
#635 = VERTEX_POINT('',#636);
#636 = CARTESIAN_POINT('',(-14.33189475608,5.193225220307,2.E-15));
#637 = CIRCLE('',#638,0.6);
#638 = AXIS2_PLACEMENT_3D('',#639,#640,#641);
#639 = CARTESIAN_POINT('',(-13.83185134435,4.861628196223,1.7E-15));
#640 = DIRECTION('',(0.,0.,-1.));
#641 = DIRECTION('',(-0.233629731129,-0.972325639245,-0.));
#642 = ORIENTED_EDGE('',*,*,#643,.T.);
#643 = EDGE_CURVE('',#635,#644,#646,.T.);
#644 = VERTEX_POINT('',#645);
#645 = CARTESIAN_POINT('',(-13.10837487398,8.125693369197,1.E-15));
#646 = CIRCLE('',#647,8.4);
#647 = AXIS2_PLACEMENT_3D('',#648,#649,#650);
#648 = CARTESIAN_POINT('',(-21.33250252036,9.835583557481,1.7E-15));
#649 = DIRECTION('',(-0.,0.,1.));
#650 = DIRECTION('',(0.833405686224,-0.552661706806,0.));
#651 = ORIENTED_EDGE('',*,*,#652,.T.);
#652 = EDGE_CURVE('',#644,#653,#655,.T.);
#653 = VERTEX_POINT('',#654);
#654 = CARTESIAN_POINT('',(-11.5418743699,9.4,2.E-15));
#655 = CIRCLE('',#656,1.6);
#656 = AXIS2_PLACEMENT_3D('',#657,#658,#659);
#657 = CARTESIAN_POINT('',(-11.5418743699,7.8,1.7E-15));
#658 = DIRECTION('',(0.,0.,-1.));
#659 = DIRECTION('',(-0.979062815046,0.203558355748,0.));
#660 = ORIENTED_EDGE('',*,*,#661,.T.);
#661 = EDGE_CURVE('',#653,#662,#664,.T.);
#662 = VERTEX_POINT('',#663);
#663 = CARTESIAN_POINT('',(-8.,9.4,2.E-15));
#664 = LINE('',#665,#666);
#665 = CARTESIAN_POINT('',(-11.5418743699,9.4,1.7E-15));
#666 = VECTOR('',#667,1.);
#667 = DIRECTION('',(1.,0.,0.));
#668 = ORIENTED_EDGE('',*,*,#669,.T.);
#669 = EDGE_CURVE('',#662,#670,#672,.T.);
#670 = VERTEX_POINT('',#671);
#671 = CARTESIAN_POINT('',(-7.4,8.8,2.E-15));
#672 = CIRCLE('',#673,0.6);
#673 = AXIS2_PLACEMENT_3D('',#674,#675,#676);
#674 = CARTESIAN_POINT('',(-8.,8.8,1.7E-15));
#675 = DIRECTION('',(0.,0.,-1.));
#676 = DIRECTION('',(0.,1.,0.));
#677 = ORIENTED_EDGE('',*,*,#678,.T.);
#678 = EDGE_CURVE('',#670,#514,#679,.T.);
#679 = LINE('',#680,#681);
#680 = CARTESIAN_POINT('',(-7.4,8.8,1.74E-15));
#681 = VECTOR('',#682,1.);
#682 = DIRECTION('',(-0.,-1.,-0.));
#683 = PLANE('',#684);
#684 = AXIS2_PLACEMENT_3D('',#685,#686,#687);
#685 = CARTESIAN_POINT('',(-4.4E-16,-0.701934666899,1.7E-15));
#686 = DIRECTION('',(-0.,-0.,-1.));
#687 = DIRECTION('',(-1.,0.,0.));
#688 = ADVANCED_FACE('',(#689),#700,.T.);
#689 = FACE_BOUND('',#690,.T.);
#690 = EDGE_LOOP('',(#691,#692,#693,#699));
#691 = ORIENTED_EDGE('',*,*,#157,.F.);
#692 = ORIENTED_EDGE('',*,*,#228,.T.);
#693 = ORIENTED_EDGE('',*,*,#694,.T.);
#694 = EDGE_CURVE('',#211,#600,#695,.T.);
#695 = LINE('',#696,#697);
#696 = CARTESIAN_POINT('',(-30.72203986398,-3.235058093685,0.4));
#697 = VECTOR('',#698,1.);
#698 = DIRECTION('',(0.293232403994,-0.643439785254,-0.707106781187));
#699 = ORIENTED_EDGE('',*,*,#599,.F.);
#700 = CONICAL_SURFACE('',#701,1.5,0.785398163397);
#701 = AXIS2_PLACEMENT_3D('',#702,#703,#704);
#702 = CARTESIAN_POINT('',(-30.1,-4.6,0.4));
#703 = DIRECTION('',(-0.,-0.,1.));
#704 = DIRECTION('',(0.,-1.,0.));
#705 = ADVANCED_FACE('',(#706),#724,.F.);
#706 = FACE_BOUND('',#707,.F.);
#707 = EDGE_LOOP('',(#708,#716,#722,#723));
#708 = ORIENTED_EDGE('',*,*,#709,.F.);
#709 = EDGE_CURVE('',#710,#244,#712,.T.);
#710 = VERTEX_POINT('',#711);
#711 = CARTESIAN_POINT('',(9.6,-5.517157287525,10.));
#712 = LINE('',#713,#714);
#713 = CARTESIAN_POINT('',(9.539785035102,-5.542099142644,9.939785035102
    ));
#714 = VECTOR('',#715,1.);
#715 = DIRECTION('',(-0.678598344546,-0.281084637715,-0.678598344546));
#716 = ORIENTED_EDGE('',*,*,#717,.T.);
#717 = EDGE_CURVE('',#710,#180,#718,.T.);
#718 = LINE('',#719,#720);
#719 = CARTESIAN_POINT('',(9.541421356237,-5.458578643763,10.));
#720 = VECTOR('',#721,1.);
#721 = DIRECTION('',(0.707106781187,-0.707106781187,1.6E-16));
#722 = ORIENTED_EDGE('',*,*,#179,.F.);
#723 = ORIENTED_EDGE('',*,*,#260,.F.);
#724 = PLANE('',#725);
#725 = AXIS2_PLACEMENT_3D('',#726,#727,#728);
#726 = CARTESIAN_POINT('',(9.470710678119,-5.529289321881,9.9));
#727 = DIRECTION('',(0.5,0.5,-0.707106781187));
#728 = DIRECTION('',(0.707106781187,-0.707106781187,2.498001805407E-16)
  );
#729 = ADVANCED_FACE('',(#730,#843),#854,.T.);
#730 = FACE_BOUND('',#731,.F.);
#731 = EDGE_LOOP('',(#732,#733,#734,#742,#750,#759,#767,#776,#784,#793,
    #801,#810,#818,#827,#836,#842));
#732 = ORIENTED_EDGE('',*,*,#196,.F.);
#733 = ORIENTED_EDGE('',*,*,#717,.F.);
#734 = ORIENTED_EDGE('',*,*,#735,.F.);
#735 = EDGE_CURVE('',#736,#710,#738,.T.);
#736 = VERTEX_POINT('',#737);
#737 = CARTESIAN_POINT('',(9.6,-5.3,10.));
#738 = LINE('',#739,#740);
#739 = CARTESIAN_POINT('',(9.6,-5.1,10.));
#740 = VECTOR('',#741,1.);
#741 = DIRECTION('',(-2.2E-16,-1.,-0.));
#742 = ORIENTED_EDGE('',*,*,#743,.F.);
#743 = EDGE_CURVE('',#744,#736,#746,.T.);
#744 = VERTEX_POINT('',#745);
#745 = CARTESIAN_POINT('',(11.7,-5.3,10.));
#746 = LINE('',#747,#748);
#747 = CARTESIAN_POINT('',(11.7,-5.3,10.));
#748 = VECTOR('',#749,1.);
#749 = DIRECTION('',(-1.,2.2E-16,-2.2E-16));
#750 = ORIENTED_EDGE('',*,*,#751,.F.);
#751 = EDGE_CURVE('',#752,#744,#754,.T.);
#752 = VERTEX_POINT('',#753);
#753 = CARTESIAN_POINT('',(11.9,-3.725403330759,10.));
#754 = CIRCLE('',#755,0.8);
#755 = AXIS2_PLACEMENT_3D('',#756,#757,#758);
#756 = CARTESIAN_POINT('',(11.7,-4.5,10.));
#757 = DIRECTION('',(2.2E-16,0.,-1.));
#758 = DIRECTION('',(0.,1.,0.));
#759 = ORIENTED_EDGE('',*,*,#760,.F.);
#760 = EDGE_CURVE('',#761,#752,#763,.T.);
#761 = VERTEX_POINT('',#762);
#762 = CARTESIAN_POINT('',(11.9,6.725403330759,10.));
#763 = LINE('',#764,#765);
#764 = CARTESIAN_POINT('',(11.9,6.9,10.));
#765 = VECTOR('',#766,1.);
#766 = DIRECTION('',(-2.2E-16,-1.,-0.));
#767 = ORIENTED_EDGE('',*,*,#768,.F.);
#768 = EDGE_CURVE('',#769,#761,#771,.T.);
#769 = VERTEX_POINT('',#770);
#770 = CARTESIAN_POINT('',(11.7,8.3,10.));
#771 = CIRCLE('',#772,0.8);
#772 = AXIS2_PLACEMENT_3D('',#773,#774,#775);
#773 = CARTESIAN_POINT('',(11.7,7.5,10.));
#774 = DIRECTION('',(2.2E-16,0.,-1.));
#775 = DIRECTION('',(0.,1.,0.));
#776 = ORIENTED_EDGE('',*,*,#777,.F.);
#777 = EDGE_CURVE('',#778,#769,#780,.T.);
#778 = VERTEX_POINT('',#779);
#779 = CARTESIAN_POINT('',(7.6,8.3,10.));
#780 = LINE('',#781,#782);
#781 = CARTESIAN_POINT('',(7.6,8.3,10.));
#782 = VECTOR('',#783,1.);
#783 = DIRECTION('',(1.,-2.2E-16,2.2E-16));
#784 = ORIENTED_EDGE('',*,*,#785,.F.);
#785 = EDGE_CURVE('',#786,#778,#788,.T.);
#786 = VERTEX_POINT('',#787);
#787 = CARTESIAN_POINT('',(7.2,8.7,10.));
#788 = CIRCLE('',#789,0.4);
#789 = AXIS2_PLACEMENT_3D('',#790,#791,#792);
#790 = CARTESIAN_POINT('',(7.6,8.7,10.));
#791 = DIRECTION('',(-2.2E-16,0.,1.));
#792 = DIRECTION('',(-1.,0.,-2.2E-16));
#793 = ORIENTED_EDGE('',*,*,#794,.F.);
#794 = EDGE_CURVE('',#795,#786,#797,.T.);
#795 = VERTEX_POINT('',#796);
#796 = CARTESIAN_POINT('',(7.2,8.8,10.));
#797 = LINE('',#798,#799);
#798 = CARTESIAN_POINT('',(7.2,8.8,10.));
#799 = VECTOR('',#800,1.);
#800 = DIRECTION('',(-2.2E-16,-1.,-0.));
#801 = ORIENTED_EDGE('',*,*,#802,.F.);
#802 = EDGE_CURVE('',#803,#795,#805,.T.);
#803 = VERTEX_POINT('',#804);
#804 = CARTESIAN_POINT('',(8.,9.6,10.));
#805 = CIRCLE('',#806,0.8);
#806 = AXIS2_PLACEMENT_3D('',#807,#808,#809);
#807 = CARTESIAN_POINT('',(8.,8.8,10.));
#808 = DIRECTION('',(-2.2E-16,0.,1.));
#809 = DIRECTION('',(0.,1.,0.));
#810 = ORIENTED_EDGE('',*,*,#811,.F.);
#811 = EDGE_CURVE('',#812,#803,#814,.T.);
#812 = VERTEX_POINT('',#813);
#813 = CARTESIAN_POINT('',(11.541874369909,9.6,10.));
#814 = LINE('',#815,#816);
#815 = CARTESIAN_POINT('',(11.541874369909,9.6,10.));
#816 = VECTOR('',#817,1.);
#817 = DIRECTION('',(-1.,2.2E-16,-2.2E-16));
#818 = ORIENTED_EDGE('',*,*,#819,.F.);
#819 = EDGE_CURVE('',#820,#812,#822,.T.);
#820 = VERTEX_POINT('',#821);
#821 = CARTESIAN_POINT('',(13.304187436991,8.166405040347,10.));
#822 = CIRCLE('',#823,1.8);
#823 = AXIS2_PLACEMENT_3D('',#824,#825,#826);
#824 = CARTESIAN_POINT('',(11.541874369909,7.8,10.));
#825 = DIRECTION('',(-2.2E-16,0.,1.));
#826 = DIRECTION('',(0.979062815046,0.203558355748,2.1539381931E-16));
#827 = ORIENTED_EDGE('',*,*,#828,.F.);
#828 = EDGE_CURVE('',#829,#820,#831,.T.);
#829 = VERTEX_POINT('',#830);
#830 = CARTESIAN_POINT('',(17.932017930584,2.373901136294,10.));
#831 = CIRCLE('',#832,8.2);
#832 = AXIS2_PLACEMENT_3D('',#833,#834,#835);
#833 = CARTESIAN_POINT('',(21.332502520365,9.835583557481,10.));
#834 = DIRECTION('',(2.2E-16,0.,-1.));
#835 = DIRECTION('',(-0.414693242656,-0.909961270877,-9.123251338437E-17
    ));
#836 = ORIENTED_EDGE('',*,*,#837,.F.);
#837 = EDGE_CURVE('',#489,#829,#838,.T.);
#838 = LINE('',#839,#840);
#839 = CARTESIAN_POINT('',(30.639101215453,-3.417050347861,10.));
#840 = VECTOR('',#841,1.);
#841 = DIRECTION('',(-0.909961270877,0.414693242656,-2.E-16));
#842 = ORIENTED_EDGE('',*,*,#496,.F.);
#843 = FACE_BOUND('',#844,.F.);
#844 = EDGE_LOOP('',(#845));
#845 = ORIENTED_EDGE('',*,*,#846,.F.);
#846 = EDGE_CURVE('',#847,#847,#849,.T.);
#847 = VERTEX_POINT('',#848);
#848 = CARTESIAN_POINT('',(12.4,-3.E-15,10.));
#849 = CIRCLE('',#850,2.6);
#850 = AXIS2_PLACEMENT_3D('',#851,#852,#853);
#851 = CARTESIAN_POINT('',(15.,-3.33E-15,10.));
#852 = DIRECTION('',(2.2E-16,0.,-1.));
#853 = DIRECTION('',(-1.,2.2E-16,-2.2E-16));
#854 = PLANE('',#855);
#855 = AXIS2_PLACEMENT_3D('',#856,#857,#858);
#856 = CARTESIAN_POINT('',(13.872480704569,-0.498268018841,10.));
#857 = DIRECTION('',(-2.2E-16,0.,1.));
#858 = DIRECTION('',(1.,-2.2E-16,2.2E-16));
#859 = ADVANCED_FACE('',(#860,#901),#912,.F.);
#860 = FACE_BOUND('',#861,.F.);
#861 = EDGE_LOOP('',(#862,#863,#871,#879,#887,#895));
#862 = ORIENTED_EDGE('',*,*,#210,.F.);
#863 = ORIENTED_EDGE('',*,*,#864,.T.);
#864 = EDGE_CURVE('',#211,#865,#867,.T.);
#865 = VERTEX_POINT('',#866);
#866 = CARTESIAN_POINT('',(-20.38243940003,1.476969309452,0.4));
#867 = LINE('',#868,#869);
#868 = CARTESIAN_POINT('',(-30.72203986398,-3.235058093685,0.4));
#869 = VECTOR('',#870,1.);
#870 = DIRECTION('',(0.909961270877,0.414693242656,0.));
#871 = ORIENTED_EDGE('',*,*,#872,.T.);
#872 = EDGE_CURVE('',#865,#873,#875,.T.);
#873 = VERTEX_POINT('',#874);
#874 = CARTESIAN_POINT('',(-20.38243940003,1.476969309452,5.4));
#875 = LINE('',#876,#877);
#876 = CARTESIAN_POINT('',(-20.38243940003,1.476969309452,0.));
#877 = VECTOR('',#878,1.);
#878 = DIRECTION('',(0.,0.,1.));
#879 = ORIENTED_EDGE('',*,*,#880,.F.);
#880 = EDGE_CURVE('',#881,#873,#883,.T.);
#881 = VERTEX_POINT('',#882);
#882 = CARTESIAN_POINT('',(-18.01495657911,2.555893390469,5.4));
#883 = LINE('',#884,#885);
#884 = CARTESIAN_POINT('',(-17.37022792782,2.849713164557,5.4));
#885 = VECTOR('',#886,1.);
#886 = DIRECTION('',(-0.909961270877,-0.414693242656,0.));
#887 = ORIENTED_EDGE('',*,*,#888,.T.);
#888 = EDGE_CURVE('',#881,#889,#891,.T.);
#889 = VERTEX_POINT('',#890);
#890 = CARTESIAN_POINT('',(-18.01495657911,2.555893390469,9.8));
#891 = LINE('',#892,#893);
#892 = CARTESIAN_POINT('',(-18.01495657911,2.555893390469,0.));
#893 = VECTOR('',#894,1.);
#894 = DIRECTION('',(0.,0.,1.));
#895 = ORIENTED_EDGE('',*,*,#896,.F.);
#896 = EDGE_CURVE('',#213,#889,#897,.T.);
#897 = LINE('',#898,#899);
#898 = CARTESIAN_POINT('',(-30.72203986398,-3.235058093685,9.8));
#899 = VECTOR('',#900,1.);
#900 = DIRECTION('',(0.909961270877,0.414693242656,0.));
#901 = FACE_BOUND('',#902,.F.);
#902 = EDGE_LOOP('',(#903));
#903 = ORIENTED_EDGE('',*,*,#904,.F.);
#904 = EDGE_CURVE('',#905,#905,#907,.T.);
#905 = VERTEX_POINT('',#906);
#906 = CARTESIAN_POINT('',(-20.45,1.44618017021,5.));
#907 = ELLIPSE('',#908,2.252843132571,2.05);
#908 = AXIS2_PLACEMENT_3D('',#909,#910,#911);
#909 = CARTESIAN_POINT('',(-22.5,0.511941346368,5.));
#910 = DIRECTION('',(0.414693242656,-0.909961270877,0.));
#911 = DIRECTION('',(-0.909961270877,-0.414693242656,5.4E-16));
#912 = PLANE('',#913);
#913 = AXIS2_PLACEMENT_3D('',#914,#915,#916);
#914 = CARTESIAN_POINT('',(-18.01495657911,2.555893390469,0.));
#915 = DIRECTION('',(0.414693242656,-0.909961270877,0.));
#916 = DIRECTION('',(-0.909961270877,-0.414693242656,0.));
#917 = ADVANCED_FACE('',(#918),#937,.T.);
#918 = FACE_BOUND('',#919,.T.);
#919 = EDGE_LOOP('',(#920,#921,#930,#936));
#920 = ORIENTED_EDGE('',*,*,#290,.F.);
#921 = ORIENTED_EDGE('',*,*,#922,.T.);
#922 = EDGE_CURVE('',#283,#923,#925,.T.);
#923 = VERTEX_POINT('',#924);
#924 = CARTESIAN_POINT('',(-30.63910121545,-3.41705034786,10.));
#925 = CIRCLE('',#926,1.3);
#926 = AXIS2_PLACEMENT_3D('',#927,#928,#929);
#927 = CARTESIAN_POINT('',(-30.1,-4.6,10.));
#928 = DIRECTION('',(-0.,-0.,-1.));
#929 = DIRECTION('',(0.,-1.,0.));
#930 = ORIENTED_EDGE('',*,*,#931,.T.);
#931 = EDGE_CURVE('',#923,#213,#932,.T.);
#932 = LINE('',#933,#934);
#933 = CARTESIAN_POINT('',(-30.72203986398,-3.235058093685,9.8));
#934 = VECTOR('',#935,1.);
#935 = DIRECTION('',(-0.293232403994,0.643439785254,-0.707106781187));
#936 = ORIENTED_EDGE('',*,*,#220,.F.);
#937 = CONICAL_SURFACE('',#938,1.5,0.785398163397);
#938 = AXIS2_PLACEMENT_3D('',#939,#940,#941);
#939 = CARTESIAN_POINT('',(-30.1,-4.6,9.8));
#940 = DIRECTION('',(-0.,-0.,-1.));
#941 = DIRECTION('',(0.,-1.,0.));
#942 = ADVANCED_FACE('',(#943),#968,.F.);
#943 = FACE_BOUND('',#944,.T.);
#944 = EDGE_LOOP('',(#945,#946,#954,#962));
#945 = ORIENTED_EDGE('',*,*,#243,.F.);
#946 = ORIENTED_EDGE('',*,*,#947,.F.);
#947 = EDGE_CURVE('',#948,#244,#950,.T.);
#948 = VERTEX_POINT('',#949);
#949 = CARTESIAN_POINT('',(9.4,-5.3,9.8));
#950 = LINE('',#951,#952);
#951 = CARTESIAN_POINT('',(9.4,-5.1,9.8));
#952 = VECTOR('',#953,1.);
#953 = DIRECTION('',(-2.2E-16,-1.,-0.));
#954 = ORIENTED_EDGE('',*,*,#955,.T.);
#955 = EDGE_CURVE('',#948,#956,#958,.T.);
#956 = VERTEX_POINT('',#957);
#957 = CARTESIAN_POINT('',(9.4,-5.3,1.5));
#958 = LINE('',#959,#960);
#959 = CARTESIAN_POINT('',(9.4,-5.3,10.));
#960 = VECTOR('',#961,1.);
#961 = DIRECTION('',(2.2E-16,0.,-1.));
#962 = ORIENTED_EDGE('',*,*,#963,.T.);
#963 = EDGE_CURVE('',#956,#246,#964,.T.);
#964 = LINE('',#965,#966);
#965 = CARTESIAN_POINT('',(9.4,-5.1,1.5));
#966 = VECTOR('',#967,1.);
#967 = DIRECTION('',(-2.2E-16,-1.,-0.));
#968 = PLANE('',#969);
#969 = AXIS2_PLACEMENT_3D('',#970,#971,#972);
#970 = CARTESIAN_POINT('',(9.4,-5.1,10.));
#971 = DIRECTION('',(1.,-2.2E-16,2.2E-16));
#972 = DIRECTION('',(2.2E-16,1.,0.));
#973 = ADVANCED_FACE('',(#974),#992,.F.);
#974 = FACE_BOUND('',#975,.T.);
#975 = EDGE_LOOP('',(#976,#984,#990,#991));
#976 = ORIENTED_EDGE('',*,*,#977,.F.);
#977 = EDGE_CURVE('',#978,#330,#980,.T.);
#978 = VERTEX_POINT('',#979);
#979 = CARTESIAN_POINT('',(-9.6,-5.517157287525,10.));
#980 = LINE('',#981,#982);
#981 = CARTESIAN_POINT('',(-9.539785035102,-5.542099142644,
    9.939785035102));
#982 = VECTOR('',#983,1.);
#983 = DIRECTION('',(0.678598344546,-0.281084637715,-0.678598344546));
#984 = ORIENTED_EDGE('',*,*,#985,.T.);
#985 = EDGE_CURVE('',#978,#275,#986,.T.);
#986 = LINE('',#987,#988);
#987 = CARTESIAN_POINT('',(-9.541421356237,-5.458578643763,10.));
#988 = VECTOR('',#989,1.);
#989 = DIRECTION('',(-0.707106781187,-0.707106781187,0.));
#990 = ORIENTED_EDGE('',*,*,#274,.T.);
#991 = ORIENTED_EDGE('',*,*,#339,.F.);
#992 = PLANE('',#993);
#993 = AXIS2_PLACEMENT_3D('',#994,#995,#996);
#994 = CARTESIAN_POINT('',(-9.470710678119,-5.529289321881,9.9));
#995 = DIRECTION('',(-0.5,0.5,-0.707106781187));
#996 = DIRECTION('',(0.707106781187,0.707106781187,0.));
#997 = ADVANCED_FACE('',(#998,#1111),#1122,.T.);
#998 = FACE_BOUND('',#999,.T.);
#999 = EDGE_LOOP('',(#1000,#1001,#1002,#1010,#1018,#1027,#1035,#1044,
    #1052,#1061,#1069,#1078,#1086,#1095,#1104,#1110));
#1000 = ORIENTED_EDGE('',*,*,#282,.F.);
#1001 = ORIENTED_EDGE('',*,*,#985,.F.);
#1002 = ORIENTED_EDGE('',*,*,#1003,.F.);
#1003 = EDGE_CURVE('',#1004,#978,#1006,.T.);
#1004 = VERTEX_POINT('',#1005);
#1005 = CARTESIAN_POINT('',(-9.6,-5.3,10.));
#1006 = LINE('',#1007,#1008);
#1007 = CARTESIAN_POINT('',(-9.6,-5.1,10.));
#1008 = VECTOR('',#1009,1.);
#1009 = DIRECTION('',(0.,-1.,0.));
#1010 = ORIENTED_EDGE('',*,*,#1011,.F.);
#1011 = EDGE_CURVE('',#1012,#1004,#1014,.T.);
#1012 = VERTEX_POINT('',#1013);
#1013 = CARTESIAN_POINT('',(-11.7,-5.3,10.));
#1014 = LINE('',#1015,#1016);
#1015 = CARTESIAN_POINT('',(-11.7,-5.3,10.));
#1016 = VECTOR('',#1017,1.);
#1017 = DIRECTION('',(1.,0.,0.));
#1018 = ORIENTED_EDGE('',*,*,#1019,.F.);
#1019 = EDGE_CURVE('',#1020,#1012,#1022,.T.);
#1020 = VERTEX_POINT('',#1021);
#1021 = CARTESIAN_POINT('',(-11.9,-3.725403330759,10.));
#1022 = CIRCLE('',#1023,0.8);
#1023 = AXIS2_PLACEMENT_3D('',#1024,#1025,#1026);
#1024 = CARTESIAN_POINT('',(-11.7,-4.5,10.));
#1025 = DIRECTION('',(0.,-0.,1.));
#1026 = DIRECTION('',(0.,1.,0.));
#1027 = ORIENTED_EDGE('',*,*,#1028,.F.);
#1028 = EDGE_CURVE('',#1029,#1020,#1031,.T.);
#1029 = VERTEX_POINT('',#1030);
#1030 = CARTESIAN_POINT('',(-11.9,6.725403330759,10.));
#1031 = LINE('',#1032,#1033);
#1032 = CARTESIAN_POINT('',(-11.9,6.9,10.));
#1033 = VECTOR('',#1034,1.);
#1034 = DIRECTION('',(0.,-1.,0.));
#1035 = ORIENTED_EDGE('',*,*,#1036,.F.);
#1036 = EDGE_CURVE('',#1037,#1029,#1039,.T.);
#1037 = VERTEX_POINT('',#1038);
#1038 = CARTESIAN_POINT('',(-11.7,8.3,10.));
#1039 = CIRCLE('',#1040,0.8);
#1040 = AXIS2_PLACEMENT_3D('',#1041,#1042,#1043);
#1041 = CARTESIAN_POINT('',(-11.7,7.5,10.));
#1042 = DIRECTION('',(0.,-0.,1.));
#1043 = DIRECTION('',(0.,1.,0.));
#1044 = ORIENTED_EDGE('',*,*,#1045,.F.);
#1045 = EDGE_CURVE('',#1046,#1037,#1048,.T.);
#1046 = VERTEX_POINT('',#1047);
#1047 = CARTESIAN_POINT('',(-7.6,8.3,10.));
#1048 = LINE('',#1049,#1050);
#1049 = CARTESIAN_POINT('',(-7.6,8.3,10.));
#1050 = VECTOR('',#1051,1.);
#1051 = DIRECTION('',(-1.,-0.,-0.));
#1052 = ORIENTED_EDGE('',*,*,#1053,.F.);
#1053 = EDGE_CURVE('',#1054,#1046,#1056,.T.);
#1054 = VERTEX_POINT('',#1055);
#1055 = CARTESIAN_POINT('',(-7.2,8.7,10.));
#1056 = CIRCLE('',#1057,0.4);
#1057 = AXIS2_PLACEMENT_3D('',#1058,#1059,#1060);
#1058 = CARTESIAN_POINT('',(-7.6,8.7,10.));
#1059 = DIRECTION('',(0.,0.,-1.));
#1060 = DIRECTION('',(1.,0.,0.));
#1061 = ORIENTED_EDGE('',*,*,#1062,.F.);
#1062 = EDGE_CURVE('',#1063,#1054,#1065,.T.);
#1063 = VERTEX_POINT('',#1064);
#1064 = CARTESIAN_POINT('',(-7.2,8.8,10.));
#1065 = LINE('',#1066,#1067);
#1066 = CARTESIAN_POINT('',(-7.2,8.8,10.));
#1067 = VECTOR('',#1068,1.);
#1068 = DIRECTION('',(0.,-1.,0.));
#1069 = ORIENTED_EDGE('',*,*,#1070,.F.);
#1070 = EDGE_CURVE('',#1071,#1063,#1073,.T.);
#1071 = VERTEX_POINT('',#1072);
#1072 = CARTESIAN_POINT('',(-8.,9.6,10.));
#1073 = CIRCLE('',#1074,0.8);
#1074 = AXIS2_PLACEMENT_3D('',#1075,#1076,#1077);
#1075 = CARTESIAN_POINT('',(-8.,8.8,10.));
#1076 = DIRECTION('',(0.,0.,-1.));
#1077 = DIRECTION('',(0.,1.,0.));
#1078 = ORIENTED_EDGE('',*,*,#1079,.F.);
#1079 = EDGE_CURVE('',#1080,#1071,#1082,.T.);
#1080 = VERTEX_POINT('',#1081);
#1081 = CARTESIAN_POINT('',(-11.5418743699,9.6,10.));
#1082 = LINE('',#1083,#1084);
#1083 = CARTESIAN_POINT('',(-11.5418743699,9.6,10.));
#1084 = VECTOR('',#1085,1.);
#1085 = DIRECTION('',(1.,0.,0.));
#1086 = ORIENTED_EDGE('',*,*,#1087,.F.);
#1087 = EDGE_CURVE('',#1088,#1080,#1090,.T.);
#1088 = VERTEX_POINT('',#1089);
#1089 = CARTESIAN_POINT('',(-13.30418743699,8.166405040347,10.));
#1090 = CIRCLE('',#1091,1.8);
#1091 = AXIS2_PLACEMENT_3D('',#1092,#1093,#1094);
#1092 = CARTESIAN_POINT('',(-11.5418743699,7.8,10.));
#1093 = DIRECTION('',(0.,0.,-1.));
#1094 = DIRECTION('',(-0.979062815046,0.203558355748,0.));
#1095 = ORIENTED_EDGE('',*,*,#1096,.F.);
#1096 = EDGE_CURVE('',#1097,#1088,#1099,.T.);
#1097 = VERTEX_POINT('',#1098);
#1098 = CARTESIAN_POINT('',(-17.93201793058,2.373901136294,10.));
#1099 = CIRCLE('',#1100,8.2);
#1100 = AXIS2_PLACEMENT_3D('',#1101,#1102,#1103);
#1101 = CARTESIAN_POINT('',(-21.33250252036,9.835583557481,10.));
#1102 = DIRECTION('',(-0.,0.,1.));
#1103 = DIRECTION('',(0.414693242656,-0.909961270877,0.));
#1104 = ORIENTED_EDGE('',*,*,#1105,.F.);
#1105 = EDGE_CURVE('',#923,#1097,#1106,.T.);
#1106 = LINE('',#1107,#1108);
#1107 = CARTESIAN_POINT('',(-30.63910121545,-3.41705034786,10.));
#1108 = VECTOR('',#1109,1.);
#1109 = DIRECTION('',(0.909961270877,0.414693242656,0.));
#1110 = ORIENTED_EDGE('',*,*,#922,.F.);
#1111 = FACE_BOUND('',#1112,.T.);
#1112 = EDGE_LOOP('',(#1113));
#1113 = ORIENTED_EDGE('',*,*,#1114,.F.);
#1114 = EDGE_CURVE('',#1115,#1115,#1117,.T.);
#1115 = VERTEX_POINT('',#1116);
#1116 = CARTESIAN_POINT('',(-12.4,0.,10.));
#1117 = CIRCLE('',#1118,2.6);
#1118 = AXIS2_PLACEMENT_3D('',#1119,#1120,#1121);
#1119 = CARTESIAN_POINT('',(-15.,0.,10.));
#1120 = DIRECTION('',(0.,0.,1.));
#1121 = DIRECTION('',(1.,0.,0.));
#1122 = PLANE('',#1123);
#1123 = AXIS2_PLACEMENT_3D('',#1124,#1125,#1126);
#1124 = CARTESIAN_POINT('',(-13.87248070456,-0.498268018841,10.));
#1125 = DIRECTION('',(0.,0.,1.));
#1126 = DIRECTION('',(1.,0.,0.));
#1127 = ADVANCED_FACE('',(#1128),#1346,.T.);
#1128 = FACE_BOUND('',#1129,.T.);
#1129 = EDGE_LOOP('',(#1130,#1138,#1139,#1140,#1148,#1156,#1165,#1173,
    #1181,#1190,#1198,#1206,#1215,#1223,#1232,#1240,#1248,#1256,#1265,
    #1273,#1282,#1290,#1298,#1307,#1315,#1323,#1332,#1340));
#1130 = ORIENTED_EDGE('',*,*,#1131,.T.);
#1131 = EDGE_CURVE('',#1132,#306,#1134,.T.);
#1132 = VERTEX_POINT('',#1133);
#1133 = CARTESIAN_POINT('',(-9.4,-5.3,1.5));
#1134 = LINE('',#1135,#1136);
#1135 = CARTESIAN_POINT('',(-9.4,-5.1,1.5));
#1136 = VECTOR('',#1137,1.);
#1137 = DIRECTION('',(0.,-1.,0.));
#1138 = ORIENTED_EDGE('',*,*,#313,.T.);
#1139 = ORIENTED_EDGE('',*,*,#963,.F.);
#1140 = ORIENTED_EDGE('',*,*,#1141,.T.);
#1141 = EDGE_CURVE('',#956,#1142,#1144,.T.);
#1142 = VERTEX_POINT('',#1143);
#1143 = CARTESIAN_POINT('',(9.6,-5.1,1.5));
#1144 = LINE('',#1145,#1146);
#1145 = CARTESIAN_POINT('',(8.682101479779,-6.017898520221,1.5));
#1146 = VECTOR('',#1147,1.);
#1147 = DIRECTION('',(0.707106781187,0.707106781187,0.));
#1148 = ORIENTED_EDGE('',*,*,#1149,.F.);
#1149 = EDGE_CURVE('',#1150,#1142,#1152,.T.);
#1150 = VERTEX_POINT('',#1151);
#1151 = CARTESIAN_POINT('',(11.7,-5.1,1.5));
#1152 = LINE('',#1153,#1154);
#1153 = CARTESIAN_POINT('',(11.7,-5.1,1.5));
#1154 = VECTOR('',#1155,1.);
#1155 = DIRECTION('',(-1.,2.2E-16,-2.2E-16));
#1156 = ORIENTED_EDGE('',*,*,#1157,.F.);
#1157 = EDGE_CURVE('',#1158,#1150,#1160,.T.);
#1158 = VERTEX_POINT('',#1159);
#1159 = CARTESIAN_POINT('',(11.897202659437,-3.933333333333,1.5));
#1160 = CIRCLE('',#1161,0.6);
#1161 = AXIS2_PLACEMENT_3D('',#1162,#1163,#1164);
#1162 = CARTESIAN_POINT('',(11.7,-4.5,1.5));
#1163 = DIRECTION('',(2.2E-16,0.,-1.));
#1164 = DIRECTION('',(-1.,2.2E-16,-2.2E-16));
#1165 = ORIENTED_EDGE('',*,*,#1166,.T.);
#1166 = EDGE_CURVE('',#1158,#1167,#1169,.T.);
#1167 = VERTEX_POINT('',#1168);
#1168 = CARTESIAN_POINT('',(11.7,-3.7,1.5));
#1169 = LINE('',#1170,#1171);
#1170 = CARTESIAN_POINT('',(8.096932222317,0.563207287337,1.5));
#1171 = VECTOR('',#1172,1.);
#1172 = DIRECTION('',(-0.645497224368,0.763762615826,0.));
#1173 = ORIENTED_EDGE('',*,*,#1174,.F.);
#1174 = EDGE_CURVE('',#1175,#1167,#1177,.T.);
#1175 = VERTEX_POINT('',#1176);
#1176 = CARTESIAN_POINT('',(11.7,-2.260530911091,1.5));
#1177 = LINE('',#1178,#1179);
#1178 = CARTESIAN_POINT('',(11.7,6.9,1.5));
#1179 = VECTOR('',#1180,1.);
#1180 = DIRECTION('',(-2.2E-16,-1.,-0.));
#1181 = ORIENTED_EDGE('',*,*,#1182,.F.);
#1182 = EDGE_CURVE('',#1183,#1175,#1185,.T.);
#1183 = VERTEX_POINT('',#1184);
#1184 = CARTESIAN_POINT('',(11.7,2.260530911091,1.5));
#1185 = CIRCLE('',#1186,4.);
#1186 = AXIS2_PLACEMENT_3D('',#1187,#1188,#1189);
#1187 = CARTESIAN_POINT('',(15.,-3.33E-15,1.5));
#1188 = DIRECTION('',(-2.2E-16,0.,1.));
#1189 = DIRECTION('',(-1.,2.2E-16,-2.2E-16));
#1190 = ORIENTED_EDGE('',*,*,#1191,.F.);
#1191 = EDGE_CURVE('',#1192,#1183,#1194,.T.);
#1192 = VERTEX_POINT('',#1193);
#1193 = CARTESIAN_POINT('',(11.7,6.7,1.5));
#1194 = LINE('',#1195,#1196);
#1195 = CARTESIAN_POINT('',(11.7,6.9,1.5));
#1196 = VECTOR('',#1197,1.);
#1197 = DIRECTION('',(-2.2E-16,-1.,-0.));
#1198 = ORIENTED_EDGE('',*,*,#1199,.T.);
#1199 = EDGE_CURVE('',#1192,#1200,#1202,.T.);
#1200 = VERTEX_POINT('',#1201);
#1201 = CARTESIAN_POINT('',(11.897202659437,6.933333333333,1.5));
#1202 = LINE('',#1203,#1204);
#1203 = CARTESIAN_POINT('',(7.864433205006,2.161696165482,1.5));
#1204 = VECTOR('',#1205,1.);
#1205 = DIRECTION('',(0.645497224368,0.763762615826,0.));
#1206 = ORIENTED_EDGE('',*,*,#1207,.F.);
#1207 = EDGE_CURVE('',#1208,#1200,#1210,.T.);
#1208 = VERTEX_POINT('',#1209);
#1209 = CARTESIAN_POINT('',(11.7,8.1,1.5));
#1210 = CIRCLE('',#1211,0.6);
#1211 = AXIS2_PLACEMENT_3D('',#1212,#1213,#1214);
#1212 = CARTESIAN_POINT('',(11.7,7.5,1.5));
#1213 = DIRECTION('',(2.2E-16,0.,-1.));
#1214 = DIRECTION('',(-1.,2.2E-16,-2.2E-16));
#1215 = ORIENTED_EDGE('',*,*,#1216,.T.);
#1216 = EDGE_CURVE('',#1208,#1217,#1219,.T.);
#1217 = VERTEX_POINT('',#1218);
#1218 = CARTESIAN_POINT('',(7.6,8.1,1.5));
#1219 = LINE('',#1220,#1221);
#1220 = CARTESIAN_POINT('',(11.7,8.1,1.5));
#1221 = VECTOR('',#1222,1.);
#1222 = DIRECTION('',(-1.,2.2E-16,-2.2E-16));
#1223 = ORIENTED_EDGE('',*,*,#1224,.T.);
#1224 = EDGE_CURVE('',#1217,#1225,#1227,.T.);
#1225 = VERTEX_POINT('',#1226);
#1226 = CARTESIAN_POINT('',(7.,8.7,1.5));
#1227 = CIRCLE('',#1228,0.6);
#1228 = AXIS2_PLACEMENT_3D('',#1229,#1230,#1231);
#1229 = CARTESIAN_POINT('',(7.6,8.7,1.5));
#1230 = DIRECTION('',(2.2E-16,0.,-1.));
#1231 = DIRECTION('',(-1.,2.2E-16,-2.2E-16));
#1232 = ORIENTED_EDGE('',*,*,#1233,.T.);
#1233 = EDGE_CURVE('',#1225,#1234,#1236,.T.);
#1234 = VERTEX_POINT('',#1235);
#1235 = CARTESIAN_POINT('',(7.,3.9,1.5));
#1236 = LINE('',#1237,#1238);
#1237 = CARTESIAN_POINT('',(7.,3.805783175113,1.5));
#1238 = VECTOR('',#1239,1.);
#1239 = DIRECTION('',(-2.2E-16,-1.,-0.));
#1240 = ORIENTED_EDGE('',*,*,#1241,.F.);
#1241 = EDGE_CURVE('',#1242,#1234,#1244,.T.);
#1242 = VERTEX_POINT('',#1243);
#1243 = CARTESIAN_POINT('',(-7.,3.9,1.5));
#1244 = LINE('',#1245,#1246);
#1245 = CARTESIAN_POINT('',(-6.451606807165,3.9,1.5));
#1246 = VECTOR('',#1247,1.);
#1247 = DIRECTION('',(1.,0.,0.));
#1248 = ORIENTED_EDGE('',*,*,#1249,.F.);
#1249 = EDGE_CURVE('',#1250,#1242,#1252,.T.);
#1250 = VERTEX_POINT('',#1251);
#1251 = CARTESIAN_POINT('',(-7.,8.7,1.5));
#1252 = LINE('',#1253,#1254);
#1253 = CARTESIAN_POINT('',(-7.,3.805783175113,1.5));
#1254 = VECTOR('',#1255,1.);
#1255 = DIRECTION('',(0.,-1.,0.));
#1256 = ORIENTED_EDGE('',*,*,#1257,.F.);
#1257 = EDGE_CURVE('',#1258,#1250,#1260,.T.);
#1258 = VERTEX_POINT('',#1259);
#1259 = CARTESIAN_POINT('',(-7.6,8.1,1.5));
#1260 = CIRCLE('',#1261,0.6);
#1261 = AXIS2_PLACEMENT_3D('',#1262,#1263,#1264);
#1262 = CARTESIAN_POINT('',(-7.6,8.7,1.5));
#1263 = DIRECTION('',(0.,0.,1.));
#1264 = DIRECTION('',(1.,0.,0.));
#1265 = ORIENTED_EDGE('',*,*,#1266,.F.);
#1266 = EDGE_CURVE('',#1267,#1258,#1269,.T.);
#1267 = VERTEX_POINT('',#1268);
#1268 = CARTESIAN_POINT('',(-11.7,8.1,1.5));
#1269 = LINE('',#1270,#1271);
#1270 = CARTESIAN_POINT('',(-11.7,8.1,1.5));
#1271 = VECTOR('',#1272,1.);
#1272 = DIRECTION('',(1.,0.,0.));
#1273 = ORIENTED_EDGE('',*,*,#1274,.T.);
#1274 = EDGE_CURVE('',#1267,#1275,#1277,.T.);
#1275 = VERTEX_POINT('',#1276);
#1276 = CARTESIAN_POINT('',(-11.89720265943,6.933333333333,1.5));
#1277 = CIRCLE('',#1278,0.6);
#1278 = AXIS2_PLACEMENT_3D('',#1279,#1280,#1281);
#1279 = CARTESIAN_POINT('',(-11.7,7.5,1.5));
#1280 = DIRECTION('',(0.,0.,1.));
#1281 = DIRECTION('',(1.,0.,0.));
#1282 = ORIENTED_EDGE('',*,*,#1283,.F.);
#1283 = EDGE_CURVE('',#1284,#1275,#1286,.T.);
#1284 = VERTEX_POINT('',#1285);
#1285 = CARTESIAN_POINT('',(-11.7,6.7,1.5));
#1286 = LINE('',#1287,#1288);
#1287 = CARTESIAN_POINT('',(-7.864433205006,2.161696165482,1.5));
#1288 = VECTOR('',#1289,1.);
#1289 = DIRECTION('',(-0.645497224368,0.763762615826,0.));
#1290 = ORIENTED_EDGE('',*,*,#1291,.T.);
#1291 = EDGE_CURVE('',#1284,#1292,#1294,.T.);
#1292 = VERTEX_POINT('',#1293);
#1293 = CARTESIAN_POINT('',(-11.7,2.260530911091,1.5));
#1294 = LINE('',#1295,#1296);
#1295 = CARTESIAN_POINT('',(-11.7,6.9,1.5));
#1296 = VECTOR('',#1297,1.);
#1297 = DIRECTION('',(0.,-1.,0.));
#1298 = ORIENTED_EDGE('',*,*,#1299,.T.);
#1299 = EDGE_CURVE('',#1292,#1300,#1302,.T.);
#1300 = VERTEX_POINT('',#1301);
#1301 = CARTESIAN_POINT('',(-11.7,-2.260530911091,1.5));
#1302 = CIRCLE('',#1303,4.);
#1303 = AXIS2_PLACEMENT_3D('',#1304,#1305,#1306);
#1304 = CARTESIAN_POINT('',(-15.,0.,1.5));
#1305 = DIRECTION('',(0.,0.,-1.));
#1306 = DIRECTION('',(1.,0.,0.));
#1307 = ORIENTED_EDGE('',*,*,#1308,.T.);
#1308 = EDGE_CURVE('',#1300,#1309,#1311,.T.);
#1309 = VERTEX_POINT('',#1310);
#1310 = CARTESIAN_POINT('',(-11.7,-3.7,1.5));
#1311 = LINE('',#1312,#1313);
#1312 = CARTESIAN_POINT('',(-11.7,6.9,1.5));
#1313 = VECTOR('',#1314,1.);
#1314 = DIRECTION('',(0.,-1.,0.));
#1315 = ORIENTED_EDGE('',*,*,#1316,.F.);
#1316 = EDGE_CURVE('',#1317,#1309,#1319,.T.);
#1317 = VERTEX_POINT('',#1318);
#1318 = CARTESIAN_POINT('',(-11.89720265943,-3.933333333333,1.5));
#1319 = LINE('',#1320,#1321);
#1320 = CARTESIAN_POINT('',(-8.096932222317,0.563207287337,1.5));
#1321 = VECTOR('',#1322,1.);
#1322 = DIRECTION('',(0.645497224368,0.763762615826,0.));
#1323 = ORIENTED_EDGE('',*,*,#1324,.T.);
#1324 = EDGE_CURVE('',#1317,#1325,#1327,.T.);
#1325 = VERTEX_POINT('',#1326);
#1326 = CARTESIAN_POINT('',(-11.7,-5.1,1.5));
#1327 = CIRCLE('',#1328,0.6);
#1328 = AXIS2_PLACEMENT_3D('',#1329,#1330,#1331);
#1329 = CARTESIAN_POINT('',(-11.7,-4.5,1.5));
#1330 = DIRECTION('',(0.,0.,1.));
#1331 = DIRECTION('',(1.,0.,0.));
#1332 = ORIENTED_EDGE('',*,*,#1333,.T.);
#1333 = EDGE_CURVE('',#1325,#1334,#1336,.T.);
#1334 = VERTEX_POINT('',#1335);
#1335 = CARTESIAN_POINT('',(-9.6,-5.1,1.5));
#1336 = LINE('',#1337,#1338);
#1337 = CARTESIAN_POINT('',(-11.7,-5.1,1.5));
#1338 = VECTOR('',#1339,1.);
#1339 = DIRECTION('',(1.,0.,0.));
#1340 = ORIENTED_EDGE('',*,*,#1341,.F.);
#1341 = EDGE_CURVE('',#1132,#1334,#1342,.T.);
#1342 = LINE('',#1343,#1344);
#1343 = CARTESIAN_POINT('',(-8.682101479779,-6.017898520221,1.5));
#1344 = VECTOR('',#1345,1.);
#1345 = DIRECTION('',(-0.707106781187,0.707106781187,0.));
#1346 = PLANE('',#1347);
#1347 = AXIS2_PLACEMENT_3D('',#1348,#1349,#1350);
#1348 = CARTESIAN_POINT('',(-5.1E-16,1.028405919118,1.5));
#1349 = DIRECTION('',(0.,0.,1.));
#1350 = DIRECTION('',(1.,0.,0.));
#1351 = ADVANCED_FACE('',(#1352),#1370,.F.);
#1352 = FACE_BOUND('',#1353,.F.);
#1353 = EDGE_LOOP('',(#1354,#1355,#1363,#1369));
#1354 = ORIENTED_EDGE('',*,*,#329,.F.);
#1355 = ORIENTED_EDGE('',*,*,#1356,.F.);
#1356 = EDGE_CURVE('',#1357,#330,#1359,.T.);
#1357 = VERTEX_POINT('',#1358);
#1358 = CARTESIAN_POINT('',(-9.4,-5.3,9.8));
#1359 = LINE('',#1360,#1361);
#1360 = CARTESIAN_POINT('',(-9.4,-5.1,9.8));
#1361 = VECTOR('',#1362,1.);
#1362 = DIRECTION('',(0.,-1.,0.));
#1363 = ORIENTED_EDGE('',*,*,#1364,.T.);
#1364 = EDGE_CURVE('',#1357,#1132,#1365,.T.);
#1365 = LINE('',#1366,#1367);
#1366 = CARTESIAN_POINT('',(-9.4,-5.3,10.));
#1367 = VECTOR('',#1368,1.);
#1368 = DIRECTION('',(-0.,-0.,-1.));
#1369 = ORIENTED_EDGE('',*,*,#1131,.T.);
#1370 = PLANE('',#1371);
#1371 = AXIS2_PLACEMENT_3D('',#1372,#1373,#1374);
#1372 = CARTESIAN_POINT('',(-9.4,-5.1,10.));
#1373 = DIRECTION('',(-1.,0.,0.));
#1374 = DIRECTION('',(0.,-1.,0.));
#1375 = ADVANCED_FACE('',(#1376),#1387,.F.);
#1376 = FACE_BOUND('',#1377,.F.);
#1377 = EDGE_LOOP('',(#1378,#1384,#1385,#1386));
#1378 = ORIENTED_EDGE('',*,*,#1379,.F.);
#1379 = EDGE_CURVE('',#354,#905,#1380,.T.);
#1380 = LINE('',#1381,#1382);
#1381 = CARTESIAN_POINT('',(-20.45,-6.1,5.));
#1382 = VECTOR('',#1383,1.);
#1383 = DIRECTION('',(0.,1.,-2.2E-16));
#1384 = ORIENTED_EDGE('',*,*,#363,.F.);
#1385 = ORIENTED_EDGE('',*,*,#1379,.T.);
#1386 = ORIENTED_EDGE('',*,*,#904,.T.);
#1387 = CYLINDRICAL_SURFACE('',#1388,2.05);
#1388 = AXIS2_PLACEMENT_3D('',#1389,#1390,#1391);
#1389 = CARTESIAN_POINT('',(-22.5,-6.1,5.));
#1390 = DIRECTION('',(0.,-1.,2.2E-16));
#1391 = DIRECTION('',(1.,0.,0.));
#1392 = ADVANCED_FACE('',(#1393),#1404,.F.);
#1393 = FACE_BOUND('',#1394,.T.);
#1394 = EDGE_LOOP('',(#1395,#1401,#1402,#1403));
#1395 = ORIENTED_EDGE('',*,*,#1396,.F.);
#1396 = EDGE_CURVE('',#379,#445,#1397,.T.);
#1397 = LINE('',#1398,#1399);
#1398 = CARTESIAN_POINT('',(20.45,-6.1,5.));
#1399 = VECTOR('',#1400,1.);
#1400 = DIRECTION('',(2.2E-16,1.,-2.2E-16));
#1401 = ORIENTED_EDGE('',*,*,#388,.F.);
#1402 = ORIENTED_EDGE('',*,*,#1396,.T.);
#1403 = ORIENTED_EDGE('',*,*,#444,.T.);
#1404 = CYLINDRICAL_SURFACE('',#1405,2.05);
#1405 = AXIS2_PLACEMENT_3D('',#1406,#1407,#1408);
#1406 = CARTESIAN_POINT('',(22.5,-6.1,5.));
#1407 = DIRECTION('',(-2.2E-16,-1.,2.2E-16));
#1408 = DIRECTION('',(-1.,2.2E-16,-2.2E-16));
#1409 = ADVANCED_FACE('',(#1410),#1421,.T.);
#1410 = FACE_BOUND('',#1411,.T.);
#1411 = EDGE_LOOP('',(#1412,#1418,#1419,#1420));
#1412 = ORIENTED_EDGE('',*,*,#1413,.F.);
#1413 = EDGE_CURVE('',#405,#583,#1414,.T.);
#1414 = LINE('',#1415,#1416);
#1415 = CARTESIAN_POINT('',(20.382439400039,1.476969309452,0.4));
#1416 = VECTOR('',#1417,1.);
#1417 = DIRECTION('',(-0.293232403994,-0.643439785254,-0.707106781187));
#1418 = ORIENTED_EDGE('',*,*,#404,.T.);
#1419 = ORIENTED_EDGE('',*,*,#461,.T.);
#1420 = ORIENTED_EDGE('',*,*,#591,.F.);
#1421 = PLANE('',#1422);
#1422 = AXIS2_PLACEMENT_3D('',#1423,#1424,#1425);
#1423 = CARTESIAN_POINT('',(20.299500751508,1.294977055276,0.2));
#1424 = DIRECTION('',(0.293232403994,0.643439785254,-0.707106781187));
#1425 = DIRECTION('',(0.909961270877,-0.414693242656,8.326672684689E-17)
  );
#1426 = ADVANCED_FACE('',(#1427),#1438,.F.);
#1427 = FACE_BOUND('',#1428,.T.);
#1428 = EDGE_LOOP('',(#1429,#1430,#1431,#1437));
#1429 = ORIENTED_EDGE('',*,*,#488,.F.);
#1430 = ORIENTED_EDGE('',*,*,#436,.T.);
#1431 = ORIENTED_EDGE('',*,*,#1432,.T.);
#1432 = EDGE_CURVE('',#429,#829,#1433,.T.);
#1433 = LINE('',#1434,#1435);
#1434 = CARTESIAN_POINT('',(17.97348725485,2.464897263381,9.9));
#1435 = VECTOR('',#1436,1.);
#1436 = DIRECTION('',(-0.293232403994,-0.643439785254,0.707106781187));
#1437 = ORIENTED_EDGE('',*,*,#837,.F.);
#1438 = PLANE('',#1439);
#1439 = AXIS2_PLACEMENT_3D('',#1440,#1441,#1442);
#1440 = CARTESIAN_POINT('',(30.680570539719,-3.326054220773,9.9));
#1441 = DIRECTION('',(-0.293232403994,-0.643439785254,-0.707106781187));
#1442 = DIRECTION('',(0.909961270877,-0.414693242656,1.942890293094E-16)
  );
#1443 = ADVANCED_FACE('',(#1444),#1471,.T.);
#1444 = FACE_BOUND('',#1445,.F.);
#1445 = EDGE_LOOP('',(#1446,#1447,#1456,#1464));
#1446 = ORIENTED_EDGE('',*,*,#412,.T.);
#1447 = ORIENTED_EDGE('',*,*,#1448,.T.);
#1448 = EDGE_CURVE('',#413,#1449,#1451,.T.);
#1449 = VERTEX_POINT('',#1450);
#1450 = CARTESIAN_POINT('',(18.974196925906,0.45360643086,5.4));
#1451 = CIRCLE('',#1452,1.);
#1452 = AXIS2_PLACEMENT_3D('',#1453,#1454,#1455);
#1453 = CARTESIAN_POINT('',(19.967746157383,0.567008038575,5.4));
#1454 = DIRECTION('',(-2.2E-16,0.,1.));
#1455 = DIRECTION('',(-1.,2.2E-16,-2.2E-16));
#1456 = ORIENTED_EDGE('',*,*,#1457,.F.);
#1457 = EDGE_CURVE('',#1458,#1449,#1460,.T.);
#1458 = VERTEX_POINT('',#1459);
#1459 = CARTESIAN_POINT('',(18.974196925906,0.45360643086,0.4));
#1460 = LINE('',#1461,#1462);
#1461 = CARTESIAN_POINT('',(18.974196925906,0.45360643086,4.21E-15));
#1462 = VECTOR('',#1463,1.);
#1463 = DIRECTION('',(-2.2E-16,0.,1.));
#1464 = ORIENTED_EDGE('',*,*,#1465,.T.);
#1465 = EDGE_CURVE('',#1458,#405,#1466,.T.);
#1466 = CIRCLE('',#1467,1.);
#1467 = AXIS2_PLACEMENT_3D('',#1468,#1469,#1470);
#1468 = CARTESIAN_POINT('',(19.967746157383,0.567008038575,0.4));
#1469 = DIRECTION('',(0.,0.,-1.));
#1470 = DIRECTION('',(-0.993549231477,-0.113401607715,-0.));
#1471 = CYLINDRICAL_SURFACE('',#1472,1.);
#1472 = AXIS2_PLACEMENT_3D('',#1473,#1474,#1475);
#1473 = CARTESIAN_POINT('',(19.967746157383,0.567008038575,4.43E-15));
#1474 = DIRECTION('',(2.2E-16,0.,-1.));
#1475 = DIRECTION('',(-1.,2.2E-16,-2.2E-16));
#1476 = ADVANCED_FACE('',(#1477),#1521,.F.);
#1477 = FACE_BOUND('',#1478,.F.);
#1478 = EDGE_LOOP('',(#1479,#1489,#1498,#1506,#1513,#1514));
#1479 = ORIENTED_EDGE('',*,*,#1480,.F.);
#1480 = EDGE_CURVE('',#1481,#1483,#1485,.T.);
#1481 = VERTEX_POINT('',#1482);
#1482 = CARTESIAN_POINT('',(13.5,8.207116711496,0.4));
#1483 = VERTEX_POINT('',#1484);
#1484 = CARTESIAN_POINT('',(13.5,8.207116711496,9.8));
#1485 = LINE('',#1486,#1487);
#1486 = CARTESIAN_POINT('',(13.5,8.207116711496,3.E-15));
#1487 = VECTOR('',#1488,1.);
#1488 = DIRECTION('',(-2.2E-16,0.,1.));
#1489 = ORIENTED_EDGE('',*,*,#1490,.T.);
#1490 = EDGE_CURVE('',#1481,#1491,#1493,.T.);
#1491 = VERTEX_POINT('',#1492);
#1492 = CARTESIAN_POINT('',(14.665257030577,5.414289903029,0.4));
#1493 = CIRCLE('',#1494,8.);
#1494 = AXIS2_PLACEMENT_3D('',#1495,#1496,#1497);
#1495 = CARTESIAN_POINT('',(21.332502520365,9.835583557481,0.4));
#1496 = DIRECTION('',(0.,0.,1.));
#1497 = DIRECTION('',(-0.979062815046,-0.203558355748,0.));
#1498 = ORIENTED_EDGE('',*,*,#1499,.T.);
#1499 = EDGE_CURVE('',#1491,#1500,#1502,.T.);
#1500 = VERTEX_POINT('',#1501);
#1501 = CARTESIAN_POINT('',(14.665257030577,5.414289903029,5.4));
#1502 = LINE('',#1503,#1504);
#1503 = CARTESIAN_POINT('',(14.665257030577,5.414289903029,3.26E-15));
#1504 = VECTOR('',#1505,1.);
#1505 = DIRECTION('',(-2.2E-16,0.,1.));
#1506 = ORIENTED_EDGE('',*,*,#1507,.T.);
#1507 = EDGE_CURVE('',#1500,#421,#1508,.T.);
#1508 = CIRCLE('',#1509,8.);
#1509 = AXIS2_PLACEMENT_3D('',#1510,#1511,#1512);
#1510 = CARTESIAN_POINT('',(21.332502520365,9.835583557481,5.4));
#1511 = DIRECTION('',(-2.2E-16,0.,1.));
#1512 = DIRECTION('',(-1.,2.2E-16,-2.2E-16));
#1513 = ORIENTED_EDGE('',*,*,#428,.T.);
#1514 = ORIENTED_EDGE('',*,*,#1515,.T.);
#1515 = EDGE_CURVE('',#429,#1483,#1516,.T.);
#1516 = CIRCLE('',#1517,8.);
#1517 = AXIS2_PLACEMENT_3D('',#1518,#1519,#1520);
#1518 = CARTESIAN_POINT('',(21.332502520365,9.835583557481,9.8));
#1519 = DIRECTION('',(2.2E-16,0.,-1.));
#1520 = DIRECTION('',(-0.414693242656,-0.909961270877,
    -9.123251338437E-17));
#1521 = CYLINDRICAL_SURFACE('',#1522,8.);
#1522 = AXIS2_PLACEMENT_3D('',#1523,#1524,#1525);
#1523 = CARTESIAN_POINT('',(21.332502520365,9.835583557481,4.74E-15));
#1524 = DIRECTION('',(2.2E-16,0.,-1.));
#1525 = DIRECTION('',(-1.,2.2E-16,-2.2E-16));
#1526 = ADVANCED_FACE('',(#1527,#1565),#1576,.F.);
#1527 = FACE_BOUND('',#1528,.T.);
#1528 = EDGE_LOOP('',(#1529,#1540,#1547,#1548,#1549,#1550,#1559));
#1529 = ORIENTED_EDGE('',*,*,#1530,.F.);
#1530 = EDGE_CURVE('',#1531,#1533,#1535,.T.);
#1531 = VERTEX_POINT('',#1532);
#1532 = CARTESIAN_POINT('',(14.065481075483,3.889302556978,5.4));
#1533 = VERTEX_POINT('',#1534);
#1534 = CARTESIAN_POINT('',(11.7,2.260530911091,5.4));
#1535 = CIRCLE('',#1536,4.);
#1536 = AXIS2_PLACEMENT_3D('',#1537,#1538,#1539);
#1537 = CARTESIAN_POINT('',(15.,-3.33E-15,5.4));
#1538 = DIRECTION('',(-2.2E-16,0.,1.));
#1539 = DIRECTION('',(-1.,2.2E-16,-2.2E-16));
#1540 = ORIENTED_EDGE('',*,*,#1541,.T.);
#1541 = EDGE_CURVE('',#1531,#1500,#1542,.T.);
#1542 = CIRCLE('',#1543,1.);
#1543 = AXIS2_PLACEMENT_3D('',#1544,#1545,#1546);
#1544 = CARTESIAN_POINT('',(13.831851344353,4.861628196223,5.4));
#1545 = DIRECTION('',(-2.2E-16,0.,1.));
#1546 = DIRECTION('',(-1.,2.2E-16,-2.2E-16));
#1547 = ORIENTED_EDGE('',*,*,#1507,.T.);
#1548 = ORIENTED_EDGE('',*,*,#420,.T.);
#1549 = ORIENTED_EDGE('',*,*,#1448,.T.);
#1550 = ORIENTED_EDGE('',*,*,#1551,.F.);
#1551 = EDGE_CURVE('',#1552,#1449,#1554,.T.);
#1552 = VERTEX_POINT('',#1553);
#1553 = CARTESIAN_POINT('',(11.7,-2.260530911091,5.4));
#1554 = CIRCLE('',#1555,4.);
#1555 = AXIS2_PLACEMENT_3D('',#1556,#1557,#1558);
#1556 = CARTESIAN_POINT('',(15.,-3.33E-15,5.4));
#1557 = DIRECTION('',(-2.2E-16,0.,1.));
#1558 = DIRECTION('',(-1.,2.2E-16,-2.2E-16));
#1559 = ORIENTED_EDGE('',*,*,#1560,.T.);
#1560 = EDGE_CURVE('',#1552,#1533,#1561,.T.);
#1561 = LINE('',#1562,#1563);
#1562 = CARTESIAN_POINT('',(11.7,3.934907671124,5.4));
#1563 = VECTOR('',#1564,1.);
#1564 = DIRECTION('',(2.2E-16,1.,0.));
#1565 = FACE_BOUND('',#1566,.T.);
#1566 = EDGE_LOOP('',(#1567));
#1567 = ORIENTED_EDGE('',*,*,#1568,.T.);
#1568 = EDGE_CURVE('',#1569,#1569,#1571,.T.);
#1569 = VERTEX_POINT('',#1570);
#1570 = CARTESIAN_POINT('',(12.95,-3.E-15,5.4));
#1571 = CIRCLE('',#1572,2.05);
#1572 = AXIS2_PLACEMENT_3D('',#1573,#1574,#1575);
#1573 = CARTESIAN_POINT('',(15.,-3.33E-15,5.4));
#1574 = DIRECTION('',(-2.2E-16,0.,1.));
#1575 = DIRECTION('',(-1.,2.2E-16,-2.2E-16));
#1576 = PLANE('',#1577);
#1577 = AXIS2_PLACEMENT_3D('',#1578,#1579,#1580);
#1578 = CARTESIAN_POINT('',(15.734879095739,0.969815342249,5.4));
#1579 = DIRECTION('',(-2.2E-16,0.,1.));
#1580 = DIRECTION('',(1.,-2.2E-16,2.2E-16));
#1581 = ADVANCED_FACE('',(#1582),#1607,.T.);
#1582 = FACE_BOUND('',#1583,.F.);
#1583 = EDGE_LOOP('',(#1584,#1592,#1600,#1606));
#1584 = ORIENTED_EDGE('',*,*,#1585,.F.);
#1585 = EDGE_CURVE('',#1586,#512,#1588,.T.);
#1586 = VERTEX_POINT('',#1587);
#1587 = CARTESIAN_POINT('',(7.,3.9,0.4));
#1588 = LINE('',#1589,#1590);
#1589 = CARTESIAN_POINT('',(7.133333333333,3.766666666667,0.266666666667
    ));
#1590 = VECTOR('',#1591,1.);
#1591 = DIRECTION('',(0.57735026919,-0.57735026919,-0.57735026919));
#1592 = ORIENTED_EDGE('',*,*,#1593,.T.);
#1593 = EDGE_CURVE('',#1586,#1594,#1596,.T.);
#1594 = VERTEX_POINT('',#1595);
#1595 = CARTESIAN_POINT('',(-7.,3.9,0.4));
#1596 = LINE('',#1597,#1598);
#1597 = CARTESIAN_POINT('',(7.,3.9,0.4));
#1598 = VECTOR('',#1599,1.);
#1599 = DIRECTION('',(-1.,2.2E-16,-2.2E-16));
#1600 = ORIENTED_EDGE('',*,*,#1601,.T.);
#1601 = EDGE_CURVE('',#1594,#514,#1602,.T.);
#1602 = LINE('',#1603,#1604);
#1603 = CARTESIAN_POINT('',(-3.983333333333,6.916666666667,
    3.416666666667));
#1604 = VECTOR('',#1605,1.);
#1605 = DIRECTION('',(-0.57735026919,-0.57735026919,-0.57735026919));
#1606 = ORIENTED_EDGE('',*,*,#511,.F.);
#1607 = PLANE('',#1608);
#1608 = AXIS2_PLACEMENT_3D('',#1609,#1610,#1611);
#1609 = CARTESIAN_POINT('',(7.,3.7,0.2));
#1610 = DIRECTION('',(-0.,0.707106781187,-0.707106781187));
#1611 = DIRECTION('',(1.,0.,-0.));
#1612 = ADVANCED_FACE('',(#1613),#1631,.F.);
#1613 = FACE_BOUND('',#1614,.T.);
#1614 = EDGE_LOOP('',(#1615,#1616,#1624,#1630));
#1615 = ORIENTED_EDGE('',*,*,#1585,.F.);
#1616 = ORIENTED_EDGE('',*,*,#1617,.T.);
#1617 = EDGE_CURVE('',#1586,#1618,#1620,.T.);
#1618 = VERTEX_POINT('',#1619);
#1619 = CARTESIAN_POINT('',(7.,8.8,0.4));
#1620 = LINE('',#1621,#1622);
#1621 = CARTESIAN_POINT('',(7.,3.9,0.4));
#1622 = VECTOR('',#1623,1.);
#1623 = DIRECTION('',(2.2E-16,1.,0.));
#1624 = ORIENTED_EDGE('',*,*,#1625,.T.);
#1625 = EDGE_CURVE('',#1618,#522,#1626,.T.);
#1626 = LINE('',#1627,#1628);
#1627 = CARTESIAN_POINT('',(7.2,8.8,0.2));
#1628 = VECTOR('',#1629,1.);
#1629 = DIRECTION('',(0.707106781187,-1.6E-16,-0.707106781187));
#1630 = ORIENTED_EDGE('',*,*,#521,.F.);
#1631 = PLANE('',#1632);
#1632 = AXIS2_PLACEMENT_3D('',#1633,#1634,#1635);
#1633 = CARTESIAN_POINT('',(7.2,3.9,0.2));
#1634 = DIRECTION('',(0.707106781187,-1.9E-16,0.707106781187));
#1635 = DIRECTION('',(-2.493502884254E-16,-1.,-1.935028842544E-17));
#1636 = ADVANCED_FACE('',(#1637),#1655,.T.);
#1637 = FACE_BOUND('',#1638,.T.);
#1638 = EDGE_LOOP('',(#1639,#1647,#1653,#1654));
#1639 = ORIENTED_EDGE('',*,*,#1640,.F.);
#1640 = EDGE_CURVE('',#1641,#670,#1643,.T.);
#1641 = VERTEX_POINT('',#1642);
#1642 = CARTESIAN_POINT('',(-7.,8.8,0.4));
#1643 = LINE('',#1644,#1645);
#1644 = CARTESIAN_POINT('',(-7.,8.8,0.4));
#1645 = VECTOR('',#1646,1.);
#1646 = DIRECTION('',(-0.707106781187,-5.1E-16,-0.707106781187));
#1647 = ORIENTED_EDGE('',*,*,#1648,.T.);
#1648 = EDGE_CURVE('',#1641,#1594,#1649,.T.);
#1649 = LINE('',#1650,#1651);
#1650 = CARTESIAN_POINT('',(-7.,8.8,0.4));
#1651 = VECTOR('',#1652,1.);
#1652 = DIRECTION('',(-0.,-1.,-0.));
#1653 = ORIENTED_EDGE('',*,*,#1601,.T.);
#1654 = ORIENTED_EDGE('',*,*,#678,.F.);
#1655 = PLANE('',#1656);
#1656 = AXIS2_PLACEMENT_3D('',#1657,#1658,#1659);
#1657 = CARTESIAN_POINT('',(-7.2,8.8,0.2));
#1658 = DIRECTION('',(0.707106781187,0.,-0.707106781187));
#1659 = DIRECTION('',(0.,-1.,0.));
#1660 = ADVANCED_FACE('',(#1661),#1680,.T.);
#1661 = FACE_BOUND('',#1662,.T.);
#1662 = EDGE_LOOP('',(#1663,#1664,#1673,#1679));
#1663 = ORIENTED_EDGE('',*,*,#1625,.F.);
#1664 = ORIENTED_EDGE('',*,*,#1665,.T.);
#1665 = EDGE_CURVE('',#1618,#1666,#1668,.T.);
#1666 = VERTEX_POINT('',#1667);
#1667 = CARTESIAN_POINT('',(8.,9.8,0.4));
#1668 = CIRCLE('',#1669,1.);
#1669 = AXIS2_PLACEMENT_3D('',#1670,#1671,#1672);
#1670 = CARTESIAN_POINT('',(8.,8.8,0.4));
#1671 = DIRECTION('',(0.,0.,-1.));
#1672 = DIRECTION('',(-1.,0.,0.));
#1673 = ORIENTED_EDGE('',*,*,#1674,.T.);
#1674 = EDGE_CURVE('',#1666,#530,#1675,.T.);
#1675 = LINE('',#1676,#1677);
#1676 = CARTESIAN_POINT('',(8.,9.8,0.4));
#1677 = VECTOR('',#1678,1.);
#1678 = DIRECTION('',(2.E-16,-0.707106781187,-0.707106781187));
#1679 = ORIENTED_EDGE('',*,*,#529,.F.);
#1680 = CONICAL_SURFACE('',#1681,1.,0.785398163397);
#1681 = AXIS2_PLACEMENT_3D('',#1682,#1683,#1684);
#1682 = CARTESIAN_POINT('',(8.,8.8,0.4));
#1683 = DIRECTION('',(-0.,-0.,1.));
#1684 = DIRECTION('',(-1.,0.,0.));
#1685 = ADVANCED_FACE('',(#1686),#1705,.T.);
#1686 = FACE_BOUND('',#1687,.T.);
#1687 = EDGE_LOOP('',(#1688,#1696,#1703,#1704));
#1688 = ORIENTED_EDGE('',*,*,#1689,.F.);
#1689 = EDGE_CURVE('',#1690,#662,#1692,.T.);
#1690 = VERTEX_POINT('',#1691);
#1691 = CARTESIAN_POINT('',(-8.,9.8,0.4));
#1692 = LINE('',#1693,#1694);
#1693 = CARTESIAN_POINT('',(-8.,9.6,0.2));
#1694 = VECTOR('',#1695,1.);
#1695 = DIRECTION('',(-0.,-0.707106781187,-0.707106781187));
#1696 = ORIENTED_EDGE('',*,*,#1697,.T.);
#1697 = EDGE_CURVE('',#1690,#1641,#1698,.T.);
#1698 = CIRCLE('',#1699,1.);
#1699 = AXIS2_PLACEMENT_3D('',#1700,#1701,#1702);
#1700 = CARTESIAN_POINT('',(-8.,8.8,0.4));
#1701 = DIRECTION('',(0.,0.,-1.));
#1702 = DIRECTION('',(0.,1.,0.));
#1703 = ORIENTED_EDGE('',*,*,#1640,.T.);
#1704 = ORIENTED_EDGE('',*,*,#669,.F.);
#1705 = CONICAL_SURFACE('',#1706,1.,0.785398163397);
#1706 = AXIS2_PLACEMENT_3D('',#1707,#1708,#1709);
#1707 = CARTESIAN_POINT('',(-8.,8.8,0.4));
#1708 = DIRECTION('',(-0.,-0.,1.));
#1709 = DIRECTION('',(0.,1.,0.));
#1710 = ADVANCED_FACE('',(#1711),#1729,.T.);
#1711 = FACE_BOUND('',#1712,.T.);
#1712 = EDGE_LOOP('',(#1713,#1714,#1722,#1728));
#1713 = ORIENTED_EDGE('',*,*,#1674,.F.);
#1714 = ORIENTED_EDGE('',*,*,#1715,.T.);
#1715 = EDGE_CURVE('',#1666,#1716,#1718,.T.);
#1716 = VERTEX_POINT('',#1717);
#1717 = CARTESIAN_POINT('',(11.541874369909,9.8,0.4));
#1718 = LINE('',#1719,#1720);
#1719 = CARTESIAN_POINT('',(8.,9.8,0.4));
#1720 = VECTOR('',#1721,1.);
#1721 = DIRECTION('',(1.,-2.2E-16,2.2E-16));
#1722 = ORIENTED_EDGE('',*,*,#1723,.T.);
#1723 = EDGE_CURVE('',#1716,#539,#1724,.T.);
#1724 = LINE('',#1725,#1726);
#1725 = CARTESIAN_POINT('',(11.541874369909,9.6,0.2));
#1726 = VECTOR('',#1727,1.);
#1727 = DIRECTION('',(-0.,-0.707106781187,-0.707106781187));
#1728 = ORIENTED_EDGE('',*,*,#538,.F.);
#1729 = PLANE('',#1730);
#1730 = AXIS2_PLACEMENT_3D('',#1731,#1732,#1733);
#1731 = CARTESIAN_POINT('',(8.,9.6,0.2));
#1732 = DIRECTION('',(1.3E-16,0.707106781187,-0.707106781187));
#1733 = DIRECTION('',(1.,-9.192388155425E-17,9.192388155425E-17));
#1734 = ADVANCED_FACE('',(#1735),#1753,.F.);
#1735 = FACE_BOUND('',#1736,.T.);
#1736 = EDGE_LOOP('',(#1737,#1745,#1751,#1752));
#1737 = ORIENTED_EDGE('',*,*,#1738,.F.);
#1738 = EDGE_CURVE('',#1739,#653,#1741,.T.);
#1739 = VERTEX_POINT('',#1740);
#1740 = CARTESIAN_POINT('',(-11.5418743699,9.8,0.4));
#1741 = LINE('',#1742,#1743);
#1742 = CARTESIAN_POINT('',(-11.5418743699,9.8,0.4));
#1743 = VECTOR('',#1744,1.);
#1744 = DIRECTION('',(-8.E-17,-0.707106781187,-0.707106781187));
#1745 = ORIENTED_EDGE('',*,*,#1746,.T.);
#1746 = EDGE_CURVE('',#1739,#1690,#1747,.T.);
#1747 = LINE('',#1748,#1749);
#1748 = CARTESIAN_POINT('',(-11.5418743699,9.8,0.4));
#1749 = VECTOR('',#1750,1.);
#1750 = DIRECTION('',(1.,0.,0.));
#1751 = ORIENTED_EDGE('',*,*,#1689,.T.);
#1752 = ORIENTED_EDGE('',*,*,#661,.F.);
#1753 = PLANE('',#1754);
#1754 = AXIS2_PLACEMENT_3D('',#1755,#1756,#1757);
#1755 = CARTESIAN_POINT('',(-11.5418743699,9.6,0.2));
#1756 = DIRECTION('',(0.,-0.707106781187,0.707106781187));
#1757 = DIRECTION('',(-1.,-0.,-0.));
#1758 = ADVANCED_FACE('',(#1759),#1776,.T.);
#1759 = FACE_BOUND('',#1760,.T.);
#1760 = EDGE_LOOP('',(#1761,#1762,#1769,#1775));
#1761 = ORIENTED_EDGE('',*,*,#1723,.F.);
#1762 = ORIENTED_EDGE('',*,*,#1763,.T.);
#1763 = EDGE_CURVE('',#1716,#1481,#1764,.T.);
#1764 = CIRCLE('',#1765,2.);
#1765 = AXIS2_PLACEMENT_3D('',#1766,#1767,#1768);
#1766 = CARTESIAN_POINT('',(11.541874369909,7.8,0.4));
#1767 = DIRECTION('',(0.,0.,-1.));
#1768 = DIRECTION('',(8.9E-16,1.,0.));
#1769 = ORIENTED_EDGE('',*,*,#1770,.T.);
#1770 = EDGE_CURVE('',#1481,#547,#1771,.T.);
#1771 = LINE('',#1772,#1773);
#1772 = CARTESIAN_POINT('',(13.5,8.207116711496,0.4));
#1773 = VECTOR('',#1774,1.);
#1774 = DIRECTION('',(-0.692301955726,-0.143937493717,-0.707106781187));
#1775 = ORIENTED_EDGE('',*,*,#546,.F.);
#1776 = CONICAL_SURFACE('',#1777,2.,0.785398163397);
#1777 = AXIS2_PLACEMENT_3D('',#1778,#1779,#1780);
#1778 = CARTESIAN_POINT('',(11.541874369909,7.8,0.4));
#1779 = DIRECTION('',(-0.,-0.,1.));
#1780 = DIRECTION('',(8.9E-16,1.,0.));
#1781 = ADVANCED_FACE('',(#1782),#1801,.T.);
#1782 = FACE_BOUND('',#1783,.T.);
#1783 = EDGE_LOOP('',(#1784,#1792,#1799,#1800));
#1784 = ORIENTED_EDGE('',*,*,#1785,.F.);
#1785 = EDGE_CURVE('',#1786,#644,#1788,.T.);
#1786 = VERTEX_POINT('',#1787);
#1787 = CARTESIAN_POINT('',(-13.5,8.207116711496,0.4));
#1788 = LINE('',#1789,#1790);
#1789 = CARTESIAN_POINT('',(-13.5,8.207116711496,0.4));
#1790 = VECTOR('',#1791,1.);
#1791 = DIRECTION('',(0.692301955726,-0.143937493717,-0.707106781187));
#1792 = ORIENTED_EDGE('',*,*,#1793,.T.);
#1793 = EDGE_CURVE('',#1786,#1739,#1794,.T.);
#1794 = CIRCLE('',#1795,2.);
#1795 = AXIS2_PLACEMENT_3D('',#1796,#1797,#1798);
#1796 = CARTESIAN_POINT('',(-11.5418743699,7.8,0.4));
#1797 = DIRECTION('',(0.,0.,-1.));
#1798 = DIRECTION('',(-0.979062815046,0.203558355748,0.));
#1799 = ORIENTED_EDGE('',*,*,#1738,.T.);
#1800 = ORIENTED_EDGE('',*,*,#652,.F.);
#1801 = CONICAL_SURFACE('',#1802,2.,0.785398163397);
#1802 = AXIS2_PLACEMENT_3D('',#1803,#1804,#1805);
#1803 = CARTESIAN_POINT('',(-11.5418743699,7.8,0.4));
#1804 = DIRECTION('',(-0.,-0.,1.));
#1805 = DIRECTION('',(-0.979062815046,0.203558355748,0.));
#1806 = ADVANCED_FACE('',(#1807),#1818,.F.);
#1807 = FACE_BOUND('',#1808,.T.);
#1808 = EDGE_LOOP('',(#1809,#1810,#1811,#1817));
#1809 = ORIENTED_EDGE('',*,*,#1770,.F.);
#1810 = ORIENTED_EDGE('',*,*,#1490,.T.);
#1811 = ORIENTED_EDGE('',*,*,#1812,.T.);
#1812 = EDGE_CURVE('',#1491,#556,#1813,.T.);
#1813 = LINE('',#1814,#1815);
#1814 = CARTESIAN_POINT('',(14.665257030577,5.414289903029,0.4));
#1815 = VECTOR('',#1816,1.);
#1816 = DIRECTION('',(-0.589306812208,-0.390790840585,-0.707106781187));
#1817 = ORIENTED_EDGE('',*,*,#555,.F.);
#1818 = CONICAL_SURFACE('',#1819,8.,0.785398163397);
#1819 = AXIS2_PLACEMENT_3D('',#1820,#1821,#1822);
#1820 = CARTESIAN_POINT('',(21.332502520365,9.835583557481,0.4));
#1821 = DIRECTION('',(0.,0.,-1.));
#1822 = DIRECTION('',(-0.979062815046,-0.203558355748,-0.));
#1823 = ADVANCED_FACE('',(#1824),#1843,.F.);
#1824 = FACE_BOUND('',#1825,.T.);
#1825 = EDGE_LOOP('',(#1826,#1834,#1841,#1842));
#1826 = ORIENTED_EDGE('',*,*,#1827,.F.);
#1827 = EDGE_CURVE('',#1828,#635,#1830,.T.);
#1828 = VERTEX_POINT('',#1829);
#1829 = CARTESIAN_POINT('',(-14.66525703057,5.414289903029,0.4));
#1830 = LINE('',#1831,#1832);
#1831 = CARTESIAN_POINT('',(-14.66525703057,5.414289903029,0.4));
#1832 = VECTOR('',#1833,1.);
#1833 = DIRECTION('',(0.589306812208,-0.390790840585,-0.707106781187));
#1834 = ORIENTED_EDGE('',*,*,#1835,.T.);
#1835 = EDGE_CURVE('',#1828,#1786,#1836,.T.);
#1836 = CIRCLE('',#1837,8.);
#1837 = AXIS2_PLACEMENT_3D('',#1838,#1839,#1840);
#1838 = CARTESIAN_POINT('',(-21.33250252036,9.835583557481,0.4));
#1839 = DIRECTION('',(-0.,0.,1.));
#1840 = DIRECTION('',(0.833405686224,-0.552661706806,0.));
#1841 = ORIENTED_EDGE('',*,*,#1785,.T.);
#1842 = ORIENTED_EDGE('',*,*,#643,.F.);
#1843 = CONICAL_SURFACE('',#1844,8.,0.785398163397);
#1844 = AXIS2_PLACEMENT_3D('',#1845,#1846,#1847);
#1845 = CARTESIAN_POINT('',(-21.33250252036,9.835583557481,0.4));
#1846 = DIRECTION('',(0.,0.,-1.));
#1847 = DIRECTION('',(0.833405686224,-0.552661706806,0.));
#1848 = ADVANCED_FACE('',(#1849),#1868,.T.);
#1849 = FACE_BOUND('',#1850,.T.);
#1850 = EDGE_LOOP('',(#1851,#1852,#1861,#1867));
#1851 = ORIENTED_EDGE('',*,*,#1812,.F.);
#1852 = ORIENTED_EDGE('',*,*,#1853,.T.);
#1853 = EDGE_CURVE('',#1491,#1854,#1856,.T.);
#1854 = VERTEX_POINT('',#1855);
#1855 = CARTESIAN_POINT('',(14.065481075483,3.889302556978,0.4));
#1856 = CIRCLE('',#1857,1.);
#1857 = AXIS2_PLACEMENT_3D('',#1858,#1859,#1860);
#1858 = CARTESIAN_POINT('',(13.831851344353,4.861628196223,0.4));
#1859 = DIRECTION('',(0.,0.,-1.));
#1860 = DIRECTION('',(0.833405686224,0.552661706806,0.));
#1861 = ORIENTED_EDGE('',*,*,#1862,.T.);
#1862 = EDGE_CURVE('',#1854,#565,#1863,.T.);
#1863 = LINE('',#1864,#1865);
#1864 = CARTESIAN_POINT('',(14.065481075483,3.889302556978,0.4));
#1865 = VECTOR('',#1866,1.);
#1866 = DIRECTION('',(-0.165201167168,0.687538053031,-0.707106781187));
#1867 = ORIENTED_EDGE('',*,*,#564,.F.);
#1868 = CONICAL_SURFACE('',#1869,1.,0.785398163397);
#1869 = AXIS2_PLACEMENT_3D('',#1870,#1871,#1872);
#1870 = CARTESIAN_POINT('',(13.831851344353,4.861628196223,0.4));
#1871 = DIRECTION('',(-0.,-0.,1.));
#1872 = DIRECTION('',(0.833405686224,0.552661706806,0.));
#1873 = ADVANCED_FACE('',(#1874),#1893,.T.);
#1874 = FACE_BOUND('',#1875,.T.);
#1875 = EDGE_LOOP('',(#1876,#1884,#1891,#1892));
#1876 = ORIENTED_EDGE('',*,*,#1877,.F.);
#1877 = EDGE_CURVE('',#1878,#626,#1880,.T.);
#1878 = VERTEX_POINT('',#1879);
#1879 = CARTESIAN_POINT('',(-14.06548107548,3.889302556978,0.4));
#1880 = LINE('',#1881,#1882);
#1881 = CARTESIAN_POINT('',(-14.06548107548,3.889302556978,0.4));
#1882 = VECTOR('',#1883,1.);
#1883 = DIRECTION('',(0.165201167168,0.687538053031,-0.707106781187));
#1884 = ORIENTED_EDGE('',*,*,#1885,.T.);
#1885 = EDGE_CURVE('',#1878,#1828,#1886,.T.);
#1886 = CIRCLE('',#1887,1.);
#1887 = AXIS2_PLACEMENT_3D('',#1888,#1889,#1890);
#1888 = CARTESIAN_POINT('',(-13.83185134435,4.861628196223,0.4));
#1889 = DIRECTION('',(0.,0.,-1.));
#1890 = DIRECTION('',(-0.233629731129,-0.972325639245,-0.));
#1891 = ORIENTED_EDGE('',*,*,#1827,.T.);
#1892 = ORIENTED_EDGE('',*,*,#634,.F.);
#1893 = CONICAL_SURFACE('',#1894,1.,0.785398163397);
#1894 = AXIS2_PLACEMENT_3D('',#1895,#1896,#1897);
#1895 = CARTESIAN_POINT('',(-13.83185134435,4.861628196223,0.4));
#1896 = DIRECTION('',(-0.,-0.,1.));
#1897 = DIRECTION('',(-0.233629731129,-0.972325639245,-0.));
#1898 = ADVANCED_FACE('',(#1899),#1916,.F.);
#1899 = FACE_BOUND('',#1900,.T.);
#1900 = EDGE_LOOP('',(#1901,#1902,#1909,#1915));
#1901 = ORIENTED_EDGE('',*,*,#1862,.F.);
#1902 = ORIENTED_EDGE('',*,*,#1903,.T.);
#1903 = EDGE_CURVE('',#1854,#1458,#1904,.T.);
#1904 = CIRCLE('',#1905,4.);
#1905 = AXIS2_PLACEMENT_3D('',#1906,#1907,#1908);
#1906 = CARTESIAN_POINT('',(15.,-3.33E-15,0.4));
#1907 = DIRECTION('',(0.,0.,1.));
#1908 = DIRECTION('',(-0.233629731129,0.972325639245,0.));
#1909 = ORIENTED_EDGE('',*,*,#1910,.T.);
#1910 = EDGE_CURVE('',#1458,#574,#1911,.T.);
#1911 = LINE('',#1912,#1913);
#1912 = CARTESIAN_POINT('',(18.974196925906,0.45360643086,0.4));
#1913 = VECTOR('',#1914,1.);
#1914 = DIRECTION('',(0.70254539902,8.018704581274E-02,-0.707106781187)
  );
#1915 = ORIENTED_EDGE('',*,*,#573,.F.);
#1916 = CONICAL_SURFACE('',#1917,4.,0.785398163397);
#1917 = AXIS2_PLACEMENT_3D('',#1918,#1919,#1920);
#1918 = CARTESIAN_POINT('',(15.,-3.33E-15,0.4));
#1919 = DIRECTION('',(0.,0.,-1.));
#1920 = DIRECTION('',(-0.233629731129,0.972325639245,0.));
#1921 = ADVANCED_FACE('',(#1922),#1941,.F.);
#1922 = FACE_BOUND('',#1923,.T.);
#1923 = EDGE_LOOP('',(#1924,#1932,#1939,#1940));
#1924 = ORIENTED_EDGE('',*,*,#1925,.F.);
#1925 = EDGE_CURVE('',#1926,#617,#1928,.T.);
#1926 = VERTEX_POINT('',#1927);
#1927 = CARTESIAN_POINT('',(-18.9741969259,0.45360643086,0.4));
#1928 = LINE('',#1929,#1930);
#1929 = CARTESIAN_POINT('',(-18.9741969259,0.45360643086,0.4));
#1930 = VECTOR('',#1931,1.);
#1931 = DIRECTION('',(-0.70254539902,8.018704581274E-02,-0.707106781187)
  );
#1932 = ORIENTED_EDGE('',*,*,#1933,.T.);
#1933 = EDGE_CURVE('',#1926,#1878,#1934,.T.);
#1934 = CIRCLE('',#1935,4.);
#1935 = AXIS2_PLACEMENT_3D('',#1936,#1937,#1938);
#1936 = CARTESIAN_POINT('',(-15.,0.,0.4));
#1937 = DIRECTION('',(0.,0.,1.));
#1938 = DIRECTION('',(-0.993549231477,0.113401607715,0.));
#1939 = ORIENTED_EDGE('',*,*,#1877,.T.);
#1940 = ORIENTED_EDGE('',*,*,#625,.F.);
#1941 = CONICAL_SURFACE('',#1942,4.,0.785398163397);
#1942 = AXIS2_PLACEMENT_3D('',#1943,#1944,#1945);
#1943 = CARTESIAN_POINT('',(-15.,0.,0.4));
#1944 = DIRECTION('',(0.,0.,-1.));
#1945 = DIRECTION('',(-0.993549231477,0.113401607715,0.));
#1946 = ADVANCED_FACE('',(#1947),#1953,.T.);
#1947 = FACE_BOUND('',#1948,.T.);
#1948 = EDGE_LOOP('',(#1949,#1950,#1951,#1952));
#1949 = ORIENTED_EDGE('',*,*,#1910,.F.);
#1950 = ORIENTED_EDGE('',*,*,#1465,.T.);
#1951 = ORIENTED_EDGE('',*,*,#1413,.T.);
#1952 = ORIENTED_EDGE('',*,*,#582,.F.);
#1953 = CONICAL_SURFACE('',#1954,1.,0.785398163397);
#1954 = AXIS2_PLACEMENT_3D('',#1955,#1956,#1957);
#1955 = CARTESIAN_POINT('',(19.967746157383,0.567008038575,0.4));
#1956 = DIRECTION('',(-0.,-0.,1.));
#1957 = DIRECTION('',(-0.993549231477,-0.113401607715,-0.));
#1958 = ADVANCED_FACE('',(#1959),#1976,.T.);
#1959 = FACE_BOUND('',#1960,.T.);
#1960 = EDGE_LOOP('',(#1961,#1967,#1974,#1975));
#1961 = ORIENTED_EDGE('',*,*,#1962,.F.);
#1962 = EDGE_CURVE('',#865,#609,#1963,.T.);
#1963 = LINE('',#1964,#1965);
#1964 = CARTESIAN_POINT('',(-20.2995007515,1.294977055276,0.2));
#1965 = VECTOR('',#1966,1.);
#1966 = DIRECTION('',(0.293232403994,-0.643439785254,-0.707106781187));
#1967 = ORIENTED_EDGE('',*,*,#1968,.T.);
#1968 = EDGE_CURVE('',#865,#1926,#1969,.T.);
#1969 = CIRCLE('',#1970,1.);
#1970 = AXIS2_PLACEMENT_3D('',#1971,#1972,#1973);
#1971 = CARTESIAN_POINT('',(-19.96774615738,0.567008038575,0.4));
#1972 = DIRECTION('',(0.,0.,-1.));
#1973 = DIRECTION('',(-0.414693242656,0.909961270877,0.));
#1974 = ORIENTED_EDGE('',*,*,#1925,.T.);
#1975 = ORIENTED_EDGE('',*,*,#616,.F.);
#1976 = CONICAL_SURFACE('',#1977,1.,0.785398163397);
#1977 = AXIS2_PLACEMENT_3D('',#1978,#1979,#1980);
#1978 = CARTESIAN_POINT('',(-19.96774615738,0.567008038575,0.4));
#1979 = DIRECTION('',(-0.,-0.,1.));
#1980 = DIRECTION('',(-0.414693242656,0.909961270877,0.));
#1981 = ADVANCED_FACE('',(#1982),#1988,.F.);
#1982 = FACE_BOUND('',#1983,.T.);
#1983 = EDGE_LOOP('',(#1984,#1985,#1986,#1987));
#1984 = ORIENTED_EDGE('',*,*,#694,.F.);
#1985 = ORIENTED_EDGE('',*,*,#864,.T.);
#1986 = ORIENTED_EDGE('',*,*,#1962,.T.);
#1987 = ORIENTED_EDGE('',*,*,#608,.F.);
#1988 = PLANE('',#1989);
#1989 = AXIS2_PLACEMENT_3D('',#1990,#1991,#1992);
#1990 = CARTESIAN_POINT('',(-30.63910121545,-3.41705034786,0.2));
#1991 = DIRECTION('',(0.293232403994,-0.643439785254,0.707106781187));
#1992 = DIRECTION('',(-0.909961270877,-0.414693242656,
    -5.551115123126E-17));
#1993 = ADVANCED_FACE('',(#1994),#2005,.F.);
#1994 = FACE_BOUND('',#1995,.T.);
#1995 = EDGE_LOOP('',(#1996,#1997,#1998,#1999));
#1996 = ORIENTED_EDGE('',*,*,#947,.T.);
#1997 = ORIENTED_EDGE('',*,*,#709,.F.);
#1998 = ORIENTED_EDGE('',*,*,#735,.F.);
#1999 = ORIENTED_EDGE('',*,*,#2000,.T.);
#2000 = EDGE_CURVE('',#736,#948,#2001,.T.);
#2001 = LINE('',#2002,#2003);
#2002 = CARTESIAN_POINT('',(9.5,-5.3,9.9));
#2003 = VECTOR('',#2004,1.);
#2004 = DIRECTION('',(-0.707106781187,-6.35E-15,-0.707106781187));
#2005 = PLANE('',#2006);
#2006 = AXIS2_PLACEMENT_3D('',#2007,#2008,#2009);
#2007 = CARTESIAN_POINT('',(9.5,-5.1,9.9));
#2008 = DIRECTION('',(0.707106781187,-2.5E-16,-0.707106781187));
#2009 = DIRECTION('',(2.867766952966E-16,1.,-6.677669529664E-17));
#2010 = ADVANCED_FACE('',(#2011),#2036,.F.);
#2011 = FACE_BOUND('',#2012,.T.);
#2012 = EDGE_LOOP('',(#2013,#2021,#2029,#2035));
#2013 = ORIENTED_EDGE('',*,*,#2014,.F.);
#2014 = EDGE_CURVE('',#2015,#744,#2017,.T.);
#2015 = VERTEX_POINT('',#2016);
#2016 = CARTESIAN_POINT('',(11.7,-5.1,9.8));
#2017 = LINE('',#2018,#2019);
#2018 = CARTESIAN_POINT('',(11.7,-5.1,9.8));
#2019 = VECTOR('',#2020,1.);
#2020 = DIRECTION('',(-7.E-16,-0.707106781187,0.707106781187));
#2021 = ORIENTED_EDGE('',*,*,#2022,.T.);
#2022 = EDGE_CURVE('',#2015,#2023,#2025,.T.);
#2023 = VERTEX_POINT('',#2024);
#2024 = CARTESIAN_POINT('',(9.6,-5.1,9.8));
#2025 = LINE('',#2026,#2027);
#2026 = CARTESIAN_POINT('',(11.7,-5.1,9.8));
#2027 = VECTOR('',#2028,1.);
#2028 = DIRECTION('',(-1.,2.2E-16,-2.2E-16));
#2029 = ORIENTED_EDGE('',*,*,#2030,.T.);
#2030 = EDGE_CURVE('',#2023,#736,#2031,.T.);
#2031 = LINE('',#2032,#2033);
#2032 = CARTESIAN_POINT('',(9.6,-5.15,9.85));
#2033 = VECTOR('',#2034,1.);
#2034 = DIRECTION('',(-1.E-16,-0.707106781187,0.707106781187));
#2035 = ORIENTED_EDGE('',*,*,#743,.F.);
#2036 = PLANE('',#2037);
#2037 = AXIS2_PLACEMENT_3D('',#2038,#2039,#2040);
#2038 = CARTESIAN_POINT('',(11.7,-5.2,9.9));
#2039 = DIRECTION('',(-6.E-17,-0.707106781187,-0.707106781187));
#2040 = DIRECTION('',(1.,-2.674264068712E-16,1.825735931288E-16));
#2041 = ADVANCED_FACE('',(#2042),#2053,.F.);
#2042 = FACE_BOUND('',#2043,.T.);
#2043 = EDGE_LOOP('',(#2044,#2045,#2046,#2052));
#2044 = ORIENTED_EDGE('',*,*,#1432,.F.);
#2045 = ORIENTED_EDGE('',*,*,#1515,.T.);
#2046 = ORIENTED_EDGE('',*,*,#2047,.T.);
#2047 = EDGE_CURVE('',#1483,#820,#2048,.T.);
#2048 = LINE('',#2049,#2050);
#2049 = CARTESIAN_POINT('',(13.5,8.207116711496,9.8));
#2050 = VECTOR('',#2051,1.);
#2051 = DIRECTION('',(-0.692301955726,-0.143937493717,0.707106781187));
#2052 = ORIENTED_EDGE('',*,*,#828,.F.);
#2053 = CONICAL_SURFACE('',#2054,8.,0.785398163397);
#2054 = AXIS2_PLACEMENT_3D('',#2055,#2056,#2057);
#2055 = CARTESIAN_POINT('',(21.332502520365,9.835583557481,9.8));
#2056 = DIRECTION('',(-2.2E-16,0.,1.));
#2057 = DIRECTION('',(-0.414693242656,-0.909961270877,
    -9.123251338437E-17));
#2058 = ADVANCED_FACE('',(#2059),#2079,.F.);
#2059 = FACE_BOUND('',#2060,.T.);
#2060 = EDGE_LOOP('',(#2061,#2070,#2077,#2078));
#2061 = ORIENTED_EDGE('',*,*,#2062,.T.);
#2062 = EDGE_CURVE('',#752,#2063,#2065,.T.);
#2063 = VERTEX_POINT('',#2064);
#2064 = CARTESIAN_POINT('',(11.897202659437,-3.933333333333,9.8));
#2065 = HYPERBOLA('',#2066,0.24272993017,0.146718096779);
#2066 = AXIS2_PLACEMENT_3D('',#2067,#2068,#2069);
#2067 = CARTESIAN_POINT('',(11.853175842914,-4.370542784639,
    9.33673262061));
#2068 = DIRECTION('',(0.631054616162,0.533338493815,-0.563311745338));
#2069 = DIRECTION('',(0.430236452145,0.36361616807,0.826244441775));
#2070 = ORIENTED_EDGE('',*,*,#2071,.T.);
#2071 = EDGE_CURVE('',#2063,#2015,#2072,.T.);
#2072 = CIRCLE('',#2073,0.6);
#2073 = AXIS2_PLACEMENT_3D('',#2074,#2075,#2076);
#2074 = CARTESIAN_POINT('',(11.7,-4.5,9.8));
#2075 = DIRECTION('',(2.2E-16,0.,-1.));
#2076 = DIRECTION('',(0.,1.,0.));
#2077 = ORIENTED_EDGE('',*,*,#2014,.T.);
#2078 = ORIENTED_EDGE('',*,*,#751,.F.);
#2079 = CONICAL_SURFACE('',#2080,0.6,0.785398163397);
#2080 = AXIS2_PLACEMENT_3D('',#2081,#2082,#2083);
#2081 = CARTESIAN_POINT('',(11.7,-4.5,9.8));
#2082 = DIRECTION('',(-2.2E-16,0.,1.));
#2083 = DIRECTION('',(0.,1.,0.));
#2084 = ADVANCED_FACE('',(#2085),#2104,.T.);
#2085 = FACE_BOUND('',#2086,.T.);
#2086 = EDGE_LOOP('',(#2087,#2088,#2097,#2103));
#2087 = ORIENTED_EDGE('',*,*,#2047,.F.);
#2088 = ORIENTED_EDGE('',*,*,#2089,.T.);
#2089 = EDGE_CURVE('',#1483,#2090,#2092,.T.);
#2090 = VERTEX_POINT('',#2091);
#2091 = CARTESIAN_POINT('',(11.541874369909,9.8,9.8));
#2092 = CIRCLE('',#2093,2.);
#2093 = AXIS2_PLACEMENT_3D('',#2094,#2095,#2096);
#2094 = CARTESIAN_POINT('',(11.541874369909,7.8,9.8));
#2095 = DIRECTION('',(-2.2E-16,0.,1.));
#2096 = DIRECTION('',(0.979062815046,0.203558355748,2.1539381931E-16));
#2097 = ORIENTED_EDGE('',*,*,#2098,.T.);
#2098 = EDGE_CURVE('',#2090,#812,#2099,.T.);
#2099 = LINE('',#2100,#2101);
#2100 = CARTESIAN_POINT('',(11.541874369909,9.8,9.8));
#2101 = VECTOR('',#2102,1.);
#2102 = DIRECTION('',(-3.8E-16,-0.707106781187,0.707106781187));
#2103 = ORIENTED_EDGE('',*,*,#819,.F.);
#2104 = CONICAL_SURFACE('',#2105,2.,0.785398163397);
#2105 = AXIS2_PLACEMENT_3D('',#2106,#2107,#2108);
#2106 = CARTESIAN_POINT('',(11.541874369909,7.8,9.8));
#2107 = DIRECTION('',(2.2E-16,0.,-1.));
#2108 = DIRECTION('',(0.979062815046,0.203558355748,2.1539381931E-16));
#2109 = ADVANCED_FACE('',(#2110),#2135,.F.);
#2110 = FACE_BOUND('',#2111,.T.);
#2111 = EDGE_LOOP('',(#2112,#2120,#2128,#2134));
#2112 = ORIENTED_EDGE('',*,*,#2113,.T.);
#2113 = EDGE_CURVE('',#761,#2114,#2116,.T.);
#2114 = VERTEX_POINT('',#2115);
#2115 = CARTESIAN_POINT('',(11.7,6.7,9.8));
#2116 = LINE('',#2117,#2118);
#2117 = CARTESIAN_POINT('',(11.855899909631,6.719801884848,
    9.955899909631));
#2118 = VECTOR('',#2119,1.);
#2119 = DIRECTION('',(-0.704271941232,-8.94542653353E-02,-0.704271941232
    ));
#2120 = ORIENTED_EDGE('',*,*,#2121,.T.);
#2121 = EDGE_CURVE('',#2114,#2122,#2124,.T.);
#2122 = VERTEX_POINT('',#2123);
#2123 = CARTESIAN_POINT('',(11.7,-3.7,9.8));
#2124 = LINE('',#2125,#2126);
#2125 = CARTESIAN_POINT('',(11.7,6.9,9.8));
#2126 = VECTOR('',#2127,1.);
#2127 = DIRECTION('',(-2.2E-16,-1.,-0.));
#2128 = ORIENTED_EDGE('',*,*,#2129,.F.);
#2129 = EDGE_CURVE('',#752,#2122,#2130,.T.);
#2130 = LINE('',#2131,#2132);
#2131 = CARTESIAN_POINT('',(11.515699212495,-3.67659073068,
    9.615699212495));
#2132 = VECTOR('',#2133,1.);
#2133 = DIRECTION('',(-0.704271941232,8.945426533529E-02,-0.704271941232
    ));
#2134 = ORIENTED_EDGE('',*,*,#760,.F.);
#2135 = PLANE('',#2136);
#2136 = AXIS2_PLACEMENT_3D('',#2137,#2138,#2139);
#2137 = CARTESIAN_POINT('',(11.8,6.9,9.9));
#2138 = DIRECTION('',(0.707106781187,-1.2E-16,-0.707106781187));
#2139 = DIRECTION('',(1.948528137424E-16,1.,2.514718625761E-17));
#2140 = ADVANCED_FACE('',(#2141),#2159,.F.);
#2141 = FACE_BOUND('',#2142,.T.);
#2142 = EDGE_LOOP('',(#2143,#2144,#2152,#2158));
#2143 = ORIENTED_EDGE('',*,*,#2098,.F.);
#2144 = ORIENTED_EDGE('',*,*,#2145,.T.);
#2145 = EDGE_CURVE('',#2090,#2146,#2148,.T.);
#2146 = VERTEX_POINT('',#2147);
#2147 = CARTESIAN_POINT('',(8.,9.8,9.8));
#2148 = LINE('',#2149,#2150);
#2149 = CARTESIAN_POINT('',(11.541874369909,9.8,9.8));
#2150 = VECTOR('',#2151,1.);
#2151 = DIRECTION('',(-1.,2.2E-16,-2.2E-16));
#2152 = ORIENTED_EDGE('',*,*,#2153,.T.);
#2153 = EDGE_CURVE('',#2146,#803,#2154,.T.);
#2154 = LINE('',#2155,#2156);
#2155 = CARTESIAN_POINT('',(8.,9.7,9.9));
#2156 = VECTOR('',#2157,1.);
#2157 = DIRECTION('',(-3.1E-16,-0.707106781187,0.707106781187));
#2158 = ORIENTED_EDGE('',*,*,#811,.F.);
#2159 = PLANE('',#2160);
#2160 = AXIS2_PLACEMENT_3D('',#2161,#2162,#2163);
#2161 = CARTESIAN_POINT('',(11.541874369909,9.7,9.9));
#2162 = DIRECTION('',(0.,-0.707106781187,-0.707106781187));
#2163 = DIRECTION('',(1.,-2.2E-16,2.2E-16));
#2164 = ADVANCED_FACE('',(#2165),#2192,.F.);
#2165 = FACE_BOUND('',#2166,.T.);
#2166 = EDGE_LOOP('',(#2167,#2175,#2184,#2191));
#2167 = ORIENTED_EDGE('',*,*,#2168,.F.);
#2168 = EDGE_CURVE('',#2169,#769,#2171,.T.);
#2169 = VERTEX_POINT('',#2170);
#2170 = CARTESIAN_POINT('',(11.7,8.1,9.8));
#2171 = LINE('',#2172,#2173);
#2172 = CARTESIAN_POINT('',(11.7,8.2,9.9));
#2173 = VECTOR('',#2174,1.);
#2174 = DIRECTION('',(0.,0.707106781187,0.707106781187));
#2175 = ORIENTED_EDGE('',*,*,#2176,.T.);
#2176 = EDGE_CURVE('',#2169,#2177,#2179,.T.);
#2177 = VERTEX_POINT('',#2178);
#2178 = CARTESIAN_POINT('',(11.897202659437,6.933333333333,9.8));
#2179 = CIRCLE('',#2180,0.6);
#2180 = AXIS2_PLACEMENT_3D('',#2181,#2182,#2183);
#2181 = CARTESIAN_POINT('',(11.7,7.5,9.8));
#2182 = DIRECTION('',(2.2E-16,0.,-1.));
#2183 = DIRECTION('',(0.,1.,0.));
#2184 = ORIENTED_EDGE('',*,*,#2185,.F.);
#2185 = EDGE_CURVE('',#761,#2177,#2186,.T.);
#2186 = HYPERBOLA('',#2187,0.24272993017,0.146718096779);
#2187 = AXIS2_PLACEMENT_3D('',#2188,#2189,#2190);
#2188 = CARTESIAN_POINT('',(11.853175842914,7.370542784639,9.33673262061
    ));
#2189 = DIRECTION('',(-0.631054616162,0.533338493815,0.563311745338));
#2190 = DIRECTION('',(0.430236452145,-0.36361616807,0.826244441775));
#2191 = ORIENTED_EDGE('',*,*,#768,.F.);
#2192 = CONICAL_SURFACE('',#2193,0.6,0.785398163397);
#2193 = AXIS2_PLACEMENT_3D('',#2194,#2195,#2196);
#2194 = CARTESIAN_POINT('',(11.7,7.5,9.8));
#2195 = DIRECTION('',(-2.2E-16,0.,1.));
#2196 = DIRECTION('',(0.,1.,0.));
#2197 = ADVANCED_FACE('',(#2198),#2217,.T.);
#2198 = FACE_BOUND('',#2199,.T.);
#2199 = EDGE_LOOP('',(#2200,#2201,#2210,#2216));
#2200 = ORIENTED_EDGE('',*,*,#2153,.F.);
#2201 = ORIENTED_EDGE('',*,*,#2202,.T.);
#2202 = EDGE_CURVE('',#2146,#2203,#2205,.T.);
#2203 = VERTEX_POINT('',#2204);
#2204 = CARTESIAN_POINT('',(7.,8.8,9.8));
#2205 = CIRCLE('',#2206,1.);
#2206 = AXIS2_PLACEMENT_3D('',#2207,#2208,#2209);
#2207 = CARTESIAN_POINT('',(8.,8.8,9.8));
#2208 = DIRECTION('',(-2.2E-16,0.,1.));
#2209 = DIRECTION('',(0.,1.,0.));
#2210 = ORIENTED_EDGE('',*,*,#2211,.T.);
#2211 = EDGE_CURVE('',#2203,#795,#2212,.T.);
#2212 = LINE('',#2213,#2214);
#2213 = CARTESIAN_POINT('',(7.,8.8,9.8));
#2214 = VECTOR('',#2215,1.);
#2215 = DIRECTION('',(0.707106781187,-5.1E-16,0.707106781187));
#2216 = ORIENTED_EDGE('',*,*,#802,.F.);
#2217 = CONICAL_SURFACE('',#2218,1.,0.785398163397);
#2218 = AXIS2_PLACEMENT_3D('',#2219,#2220,#2221);
#2219 = CARTESIAN_POINT('',(8.,8.8,9.8));
#2220 = DIRECTION('',(2.2E-16,0.,-1.));
#2221 = DIRECTION('',(0.,1.,0.));
#2222 = ADVANCED_FACE('',(#2223),#2241,.T.);
#2223 = FACE_BOUND('',#2224,.T.);
#2224 = EDGE_LOOP('',(#2225,#2233,#2239,#2240));
#2225 = ORIENTED_EDGE('',*,*,#2226,.F.);
#2226 = EDGE_CURVE('',#2227,#778,#2229,.T.);
#2227 = VERTEX_POINT('',#2228);
#2228 = CARTESIAN_POINT('',(7.6,8.1,9.8));
#2229 = LINE('',#2230,#2231);
#2230 = CARTESIAN_POINT('',(7.6,8.1,9.8));
#2231 = VECTOR('',#2232,1.);
#2232 = DIRECTION('',(-1.1E-16,0.707106781187,0.707106781187));
#2233 = ORIENTED_EDGE('',*,*,#2234,.T.);
#2234 = EDGE_CURVE('',#2227,#2169,#2235,.T.);
#2235 = LINE('',#2236,#2237);
#2236 = CARTESIAN_POINT('',(7.6,8.1,9.8));
#2237 = VECTOR('',#2238,1.);
#2238 = DIRECTION('',(1.,-2.2E-16,2.2E-16));
#2239 = ORIENTED_EDGE('',*,*,#2168,.T.);
#2240 = ORIENTED_EDGE('',*,*,#777,.F.);
#2241 = PLANE('',#2242);
#2242 = AXIS2_PLACEMENT_3D('',#2243,#2244,#2245);
#2243 = CARTESIAN_POINT('',(7.6,8.2,9.9));
#2244 = DIRECTION('',(-2.5E-16,-0.707106781187,0.707106781187));
#2245 = DIRECTION('',(1.,-1.767766952966E-16,1.767766952966E-16));
#2246 = ADVANCED_FACE('',(#2247),#2265,.T.);
#2247 = FACE_BOUND('',#2248,.T.);
#2248 = EDGE_LOOP('',(#2249,#2250,#2258,#2264));
#2249 = ORIENTED_EDGE('',*,*,#2211,.F.);
#2250 = ORIENTED_EDGE('',*,*,#2251,.T.);
#2251 = EDGE_CURVE('',#2203,#2252,#2254,.T.);
#2252 = VERTEX_POINT('',#2253);
#2253 = CARTESIAN_POINT('',(7.,8.7,9.8));
#2254 = LINE('',#2255,#2256);
#2255 = CARTESIAN_POINT('',(7.,8.8,9.8));
#2256 = VECTOR('',#2257,1.);
#2257 = DIRECTION('',(-2.2E-16,-1.,-0.));
#2258 = ORIENTED_EDGE('',*,*,#2259,.T.);
#2259 = EDGE_CURVE('',#2252,#786,#2260,.T.);
#2260 = LINE('',#2261,#2262);
#2261 = CARTESIAN_POINT('',(7.1,8.7,9.9));
#2262 = VECTOR('',#2263,1.);
#2263 = DIRECTION('',(0.707106781187,-1.6E-16,0.707106781187));
#2264 = ORIENTED_EDGE('',*,*,#794,.F.);
#2265 = PLANE('',#2266);
#2266 = AXIS2_PLACEMENT_3D('',#2267,#2268,#2269);
#2267 = CARTESIAN_POINT('',(7.1,8.8,9.9));
#2268 = DIRECTION('',(-0.707106781187,1.9E-16,0.707106781187));
#2269 = DIRECTION('',(-2.443502884254E-16,-1.,2.435028842544E-17));
#2270 = ADVANCED_FACE('',(#2271),#2283,.T.);
#2271 = FACE_BOUND('',#2272,.T.);
#2272 = EDGE_LOOP('',(#2273,#2274,#2281,#2282));
#2273 = ORIENTED_EDGE('',*,*,#2259,.F.);
#2274 = ORIENTED_EDGE('',*,*,#2275,.T.);
#2275 = EDGE_CURVE('',#2252,#2227,#2276,.T.);
#2276 = CIRCLE('',#2277,0.6);
#2277 = AXIS2_PLACEMENT_3D('',#2278,#2279,#2280);
#2278 = CARTESIAN_POINT('',(7.6,8.7,9.8));
#2279 = DIRECTION('',(-2.2E-16,0.,1.));
#2280 = DIRECTION('',(-1.,0.,-2.2E-16));
#2281 = ORIENTED_EDGE('',*,*,#2226,.T.);
#2282 = ORIENTED_EDGE('',*,*,#785,.F.);
#2283 = CONICAL_SURFACE('',#2284,0.6,0.785398163397);
#2284 = AXIS2_PLACEMENT_3D('',#2285,#2286,#2287);
#2285 = CARTESIAN_POINT('',(7.6,8.7,9.8));
#2286 = DIRECTION('',(2.2E-16,0.,-1.));
#2287 = DIRECTION('',(-1.,0.,-2.2E-16));
#2288 = ADVANCED_FACE('',(#2289),#2308,.F.);
#2289 = FACE_BOUND('',#2290,.F.);
#2290 = EDGE_LOOP('',(#2291,#2299,#2300,#2301));
#2291 = ORIENTED_EDGE('',*,*,#2292,.F.);
#2292 = EDGE_CURVE('',#847,#2293,#2295,.T.);
#2293 = VERTEX_POINT('',#2294);
#2294 = CARTESIAN_POINT('',(12.6,-3.E-15,9.8));
#2295 = LINE('',#2296,#2297);
#2296 = CARTESIAN_POINT('',(12.6,-2.8E-15,9.8));
#2297 = VECTOR('',#2298,1.);
#2298 = DIRECTION('',(0.707106781187,-1.6E-16,-0.707106781187));
#2299 = ORIENTED_EDGE('',*,*,#846,.T.);
#2300 = ORIENTED_EDGE('',*,*,#2292,.T.);
#2301 = ORIENTED_EDGE('',*,*,#2302,.F.);
#2302 = EDGE_CURVE('',#2293,#2293,#2303,.T.);
#2303 = CIRCLE('',#2304,2.4);
#2304 = AXIS2_PLACEMENT_3D('',#2305,#2306,#2307);
#2305 = CARTESIAN_POINT('',(15.,-3.33E-15,9.8));
#2306 = DIRECTION('',(2.2E-16,0.,-1.));
#2307 = DIRECTION('',(-1.,2.2E-16,-2.2E-16));
#2308 = CONICAL_SURFACE('',#2309,2.4,0.785398163397);
#2309 = AXIS2_PLACEMENT_3D('',#2310,#2311,#2312);
#2310 = CARTESIAN_POINT('',(15.,-3.33E-15,9.8));
#2311 = DIRECTION('',(-2.2E-16,0.,1.));
#2312 = DIRECTION('',(-1.,2.2E-16,-2.2E-16));
#2313 = ADVANCED_FACE('',(#2314),#2325,.F.);
#2314 = FACE_BOUND('',#2315,.T.);
#2315 = EDGE_LOOP('',(#2316,#2317,#2318,#2324));
#2316 = ORIENTED_EDGE('',*,*,#931,.F.);
#2317 = ORIENTED_EDGE('',*,*,#1105,.T.);
#2318 = ORIENTED_EDGE('',*,*,#2319,.T.);
#2319 = EDGE_CURVE('',#1097,#889,#2320,.T.);
#2320 = LINE('',#2321,#2322);
#2321 = CARTESIAN_POINT('',(-17.97348725485,2.464897263381,9.9));
#2322 = VECTOR('',#2323,1.);
#2323 = DIRECTION('',(-0.293232403994,0.643439785254,-0.707106781187));
#2324 = ORIENTED_EDGE('',*,*,#896,.F.);
#2325 = PLANE('',#2326);
#2326 = AXIS2_PLACEMENT_3D('',#2327,#2328,#2329);
#2327 = CARTESIAN_POINT('',(-30.68057053971,-3.326054220773,9.9));
#2328 = DIRECTION('',(0.293232403994,-0.643439785254,-0.707106781187));
#2329 = DIRECTION('',(-0.909961270877,-0.414693242656,
    -5.551115123126E-17));
#2330 = ADVANCED_FACE('',(#2331),#2350,.T.);
#2331 = FACE_BOUND('',#2332,.T.);
#2332 = EDGE_LOOP('',(#2333,#2334,#2343,#2349));
#2333 = ORIENTED_EDGE('',*,*,#872,.T.);
#2334 = ORIENTED_EDGE('',*,*,#2335,.T.);
#2335 = EDGE_CURVE('',#873,#2336,#2338,.T.);
#2336 = VERTEX_POINT('',#2337);
#2337 = CARTESIAN_POINT('',(-18.9741969259,0.45360643086,5.4));
#2338 = CIRCLE('',#2339,1.);
#2339 = AXIS2_PLACEMENT_3D('',#2340,#2341,#2342);
#2340 = CARTESIAN_POINT('',(-19.96774615738,0.567008038575,5.4));
#2341 = DIRECTION('',(0.,0.,-1.));
#2342 = DIRECTION('',(1.,0.,0.));
#2343 = ORIENTED_EDGE('',*,*,#2344,.F.);
#2344 = EDGE_CURVE('',#1926,#2336,#2345,.T.);
#2345 = LINE('',#2346,#2347);
#2346 = CARTESIAN_POINT('',(-18.9741969259,0.45360643086,0.));
#2347 = VECTOR('',#2348,1.);
#2348 = DIRECTION('',(0.,0.,1.));
#2349 = ORIENTED_EDGE('',*,*,#1968,.F.);
#2350 = CYLINDRICAL_SURFACE('',#2351,1.);
#2351 = AXIS2_PLACEMENT_3D('',#2352,#2353,#2354);
#2352 = CARTESIAN_POINT('',(-19.96774615738,0.567008038575,0.));
#2353 = DIRECTION('',(0.,0.,-1.));
#2354 = DIRECTION('',(1.,0.,0.));
#2355 = ADVANCED_FACE('',(#2356),#2390,.F.);
#2356 = FACE_BOUND('',#2357,.T.);
#2357 = EDGE_LOOP('',(#2358,#2366,#2367,#2375,#2382,#2383));
#2358 = ORIENTED_EDGE('',*,*,#2359,.F.);
#2359 = EDGE_CURVE('',#1786,#2360,#2362,.T.);
#2360 = VERTEX_POINT('',#2361);
#2361 = CARTESIAN_POINT('',(-13.5,8.207116711496,9.8));
#2362 = LINE('',#2363,#2364);
#2363 = CARTESIAN_POINT('',(-13.5,8.207116711496,0.));
#2364 = VECTOR('',#2365,1.);
#2365 = DIRECTION('',(0.,0.,1.));
#2366 = ORIENTED_EDGE('',*,*,#1835,.F.);
#2367 = ORIENTED_EDGE('',*,*,#2368,.T.);
#2368 = EDGE_CURVE('',#1828,#2369,#2371,.T.);
#2369 = VERTEX_POINT('',#2370);
#2370 = CARTESIAN_POINT('',(-14.66525703057,5.414289903029,5.4));
#2371 = LINE('',#2372,#2373);
#2372 = CARTESIAN_POINT('',(-14.66525703057,5.414289903029,0.));
#2373 = VECTOR('',#2374,1.);
#2374 = DIRECTION('',(0.,0.,1.));
#2375 = ORIENTED_EDGE('',*,*,#2376,.T.);
#2376 = EDGE_CURVE('',#2369,#881,#2377,.T.);
#2377 = CIRCLE('',#2378,8.);
#2378 = AXIS2_PLACEMENT_3D('',#2379,#2380,#2381);
#2379 = CARTESIAN_POINT('',(-21.33250252036,9.835583557481,5.4));
#2380 = DIRECTION('',(0.,0.,-1.));
#2381 = DIRECTION('',(1.,0.,0.));
#2382 = ORIENTED_EDGE('',*,*,#888,.T.);
#2383 = ORIENTED_EDGE('',*,*,#2384,.T.);
#2384 = EDGE_CURVE('',#889,#2360,#2385,.T.);
#2385 = CIRCLE('',#2386,8.);
#2386 = AXIS2_PLACEMENT_3D('',#2387,#2388,#2389);
#2387 = CARTESIAN_POINT('',(-21.33250252036,9.835583557481,9.8));
#2388 = DIRECTION('',(-0.,0.,1.));
#2389 = DIRECTION('',(0.414693242656,-0.909961270877,0.));
#2390 = CYLINDRICAL_SURFACE('',#2391,8.);
#2391 = AXIS2_PLACEMENT_3D('',#2392,#2393,#2394);
#2392 = CARTESIAN_POINT('',(-21.33250252036,9.835583557481,0.));
#2393 = DIRECTION('',(-0.,-0.,-1.));
#2394 = DIRECTION('',(1.,0.,0.));
#2395 = ADVANCED_FACE('',(#2396,#2434),#2445,.F.);
#2396 = FACE_BOUND('',#2397,.F.);
#2397 = EDGE_LOOP('',(#2398,#2409,#2416,#2417,#2418,#2419,#2428));
#2398 = ORIENTED_EDGE('',*,*,#2399,.F.);
#2399 = EDGE_CURVE('',#2400,#2402,#2404,.T.);
#2400 = VERTEX_POINT('',#2401);
#2401 = CARTESIAN_POINT('',(-14.06548107548,3.889302556978,5.4));
#2402 = VERTEX_POINT('',#2403);
#2403 = CARTESIAN_POINT('',(-11.7,2.260530911091,5.4));
#2404 = CIRCLE('',#2405,4.);
#2405 = AXIS2_PLACEMENT_3D('',#2406,#2407,#2408);
#2406 = CARTESIAN_POINT('',(-15.,0.,5.4));
#2407 = DIRECTION('',(0.,0.,-1.));
#2408 = DIRECTION('',(1.,0.,0.));
#2409 = ORIENTED_EDGE('',*,*,#2410,.T.);
#2410 = EDGE_CURVE('',#2400,#2369,#2411,.T.);
#2411 = CIRCLE('',#2412,1.);
#2412 = AXIS2_PLACEMENT_3D('',#2413,#2414,#2415);
#2413 = CARTESIAN_POINT('',(-13.83185134435,4.861628196223,5.4));
#2414 = DIRECTION('',(0.,0.,-1.));
#2415 = DIRECTION('',(1.,0.,0.));
#2416 = ORIENTED_EDGE('',*,*,#2376,.T.);
#2417 = ORIENTED_EDGE('',*,*,#880,.T.);
#2418 = ORIENTED_EDGE('',*,*,#2335,.T.);
#2419 = ORIENTED_EDGE('',*,*,#2420,.F.);
#2420 = EDGE_CURVE('',#2421,#2336,#2423,.T.);
#2421 = VERTEX_POINT('',#2422);
#2422 = CARTESIAN_POINT('',(-11.7,-2.260530911091,5.4));
#2423 = CIRCLE('',#2424,4.);
#2424 = AXIS2_PLACEMENT_3D('',#2425,#2426,#2427);
#2425 = CARTESIAN_POINT('',(-15.,0.,5.4));
#2426 = DIRECTION('',(0.,0.,-1.));
#2427 = DIRECTION('',(1.,0.,0.));
#2428 = ORIENTED_EDGE('',*,*,#2429,.T.);
#2429 = EDGE_CURVE('',#2421,#2402,#2430,.T.);
#2430 = LINE('',#2431,#2432);
#2431 = CARTESIAN_POINT('',(-11.7,3.934907671124,5.4));
#2432 = VECTOR('',#2433,1.);
#2433 = DIRECTION('',(0.,1.,0.));
#2434 = FACE_BOUND('',#2435,.F.);
#2435 = EDGE_LOOP('',(#2436));
#2436 = ORIENTED_EDGE('',*,*,#2437,.T.);
#2437 = EDGE_CURVE('',#2438,#2438,#2440,.T.);
#2438 = VERTEX_POINT('',#2439);
#2439 = CARTESIAN_POINT('',(-12.95,0.,5.4));
#2440 = CIRCLE('',#2441,2.05);
#2441 = AXIS2_PLACEMENT_3D('',#2442,#2443,#2444);
#2442 = CARTESIAN_POINT('',(-15.,0.,5.4));
#2443 = DIRECTION('',(0.,0.,-1.));
#2444 = DIRECTION('',(1.,0.,0.));
#2445 = PLANE('',#2446);
#2446 = AXIS2_PLACEMENT_3D('',#2447,#2448,#2449);
#2447 = CARTESIAN_POINT('',(-15.73487909573,0.969815342249,5.4));
#2448 = DIRECTION('',(0.,0.,1.));
#2449 = DIRECTION('',(1.,0.,0.));
#2450 = ADVANCED_FACE('',(#2451),#2467,.T.);
#2451 = FACE_BOUND('',#2452,.F.);
#2452 = EDGE_LOOP('',(#2453,#2459,#2460,#2461));
#2453 = ORIENTED_EDGE('',*,*,#2454,.T.);
#2454 = EDGE_CURVE('',#2023,#948,#2455,.T.);
#2455 = LINE('',#2456,#2457);
#2456 = CARTESIAN_POINT('',(9.55,-5.15,9.8));
#2457 = VECTOR('',#2458,1.);
#2458 = DIRECTION('',(-0.707106781187,-0.707106781187,-6.25E-15));
#2459 = ORIENTED_EDGE('',*,*,#955,.T.);
#2460 = ORIENTED_EDGE('',*,*,#1141,.T.);
#2461 = ORIENTED_EDGE('',*,*,#2462,.F.);
#2462 = EDGE_CURVE('',#2023,#1142,#2463,.T.);
#2463 = LINE('',#2464,#2465);
#2464 = CARTESIAN_POINT('',(9.6,-5.1,10.));
#2465 = VECTOR('',#2466,1.);
#2466 = DIRECTION('',(2.2E-16,0.,-1.));
#2467 = PLANE('',#2468);
#2468 = AXIS2_PLACEMENT_3D('',#2469,#2470,#2471);
#2469 = CARTESIAN_POINT('',(9.5,-5.2,10.));
#2470 = DIRECTION('',(-0.707106781187,0.707106781187,-1.3E-16));
#2471 = DIRECTION('',(-2.019238815543E-16,-1.807611844575E-17,1.));
#2472 = ADVANCED_FACE('',(#2473),#2484,.F.);
#2473 = FACE_BOUND('',#2474,.F.);
#2474 = EDGE_LOOP('',(#2475,#2476,#2477,#2478));
#2475 = ORIENTED_EDGE('',*,*,#1356,.T.);
#2476 = ORIENTED_EDGE('',*,*,#977,.F.);
#2477 = ORIENTED_EDGE('',*,*,#1003,.F.);
#2478 = ORIENTED_EDGE('',*,*,#2479,.T.);
#2479 = EDGE_CURVE('',#1004,#1357,#2480,.T.);
#2480 = LINE('',#2481,#2482);
#2481 = CARTESIAN_POINT('',(-9.5,-5.3,9.9));
#2482 = VECTOR('',#2483,1.);
#2483 = DIRECTION('',(0.707106781187,-3.17E-15,-0.707106781187));
#2484 = PLANE('',#2485);
#2485 = AXIS2_PLACEMENT_3D('',#2486,#2487,#2488);
#2486 = CARTESIAN_POINT('',(-9.5,-5.1,9.9));
#2487 = DIRECTION('',(-0.707106781187,0.,-0.707106781187));
#2488 = DIRECTION('',(0.,-1.,0.));
#2489 = ADVANCED_FACE('',(#2490),#2515,.F.);
#2490 = FACE_BOUND('',#2491,.T.);
#2491 = EDGE_LOOP('',(#2492,#2500,#2501,#2509));
#2492 = ORIENTED_EDGE('',*,*,#2493,.F.);
#2493 = EDGE_CURVE('',#1012,#2494,#2496,.T.);
#2494 = VERTEX_POINT('',#2495);
#2495 = CARTESIAN_POINT('',(-11.7,-5.1,9.8));
#2496 = LINE('',#2497,#2498);
#2497 = CARTESIAN_POINT('',(-11.7,-5.1,9.8));
#2498 = VECTOR('',#2499,1.);
#2499 = DIRECTION('',(-5.4E-16,0.707106781187,-0.707106781187));
#2500 = ORIENTED_EDGE('',*,*,#1011,.T.);
#2501 = ORIENTED_EDGE('',*,*,#2502,.F.);
#2502 = EDGE_CURVE('',#2503,#1004,#2505,.T.);
#2503 = VERTEX_POINT('',#2504);
#2504 = CARTESIAN_POINT('',(-9.6,-5.1,9.8));
#2505 = LINE('',#2506,#2507);
#2506 = CARTESIAN_POINT('',(-9.6,-5.15,9.85));
#2507 = VECTOR('',#2508,1.);
#2508 = DIRECTION('',(3.08E-15,-0.707106781187,0.707106781187));
#2509 = ORIENTED_EDGE('',*,*,#2510,.F.);
#2510 = EDGE_CURVE('',#2494,#2503,#2511,.T.);
#2511 = LINE('',#2512,#2513);
#2512 = CARTESIAN_POINT('',(-11.7,-5.1,9.8));
#2513 = VECTOR('',#2514,1.);
#2514 = DIRECTION('',(1.,0.,0.));
#2515 = PLANE('',#2516);
#2516 = AXIS2_PLACEMENT_3D('',#2517,#2518,#2519);
#2517 = CARTESIAN_POINT('',(-11.7,-5.2,9.9));
#2518 = DIRECTION('',(0.,-0.707106781187,-0.707106781187));
#2519 = DIRECTION('',(-1.,-0.,-0.));
#2520 = ADVANCED_FACE('',(#2521),#2532,.F.);
#2521 = FACE_BOUND('',#2522,.T.);
#2522 = EDGE_LOOP('',(#2523,#2524,#2525,#2531));
#2523 = ORIENTED_EDGE('',*,*,#2319,.F.);
#2524 = ORIENTED_EDGE('',*,*,#1096,.T.);
#2525 = ORIENTED_EDGE('',*,*,#2526,.T.);
#2526 = EDGE_CURVE('',#1088,#2360,#2527,.T.);
#2527 = LINE('',#2528,#2529);
#2528 = CARTESIAN_POINT('',(-13.5,8.207116711496,9.8));
#2529 = VECTOR('',#2530,1.);
#2530 = DIRECTION('',(-0.692301955726,0.143937493717,-0.707106781187));
#2531 = ORIENTED_EDGE('',*,*,#2384,.F.);
#2532 = CONICAL_SURFACE('',#2533,8.,0.785398163397);
#2533 = AXIS2_PLACEMENT_3D('',#2534,#2535,#2536);
#2534 = CARTESIAN_POINT('',(-21.33250252036,9.835583557481,9.8));
#2535 = DIRECTION('',(0.,0.,1.));
#2536 = DIRECTION('',(0.414693242656,-0.909961270877,0.));
#2537 = ADVANCED_FACE('',(#2538),#2558,.F.);
#2538 = FACE_BOUND('',#2539,.T.);
#2539 = EDGE_LOOP('',(#2540,#2549,#2550,#2551));
#2540 = ORIENTED_EDGE('',*,*,#2541,.F.);
#2541 = EDGE_CURVE('',#1020,#2542,#2544,.T.);
#2542 = VERTEX_POINT('',#2543);
#2543 = CARTESIAN_POINT('',(-11.89720265943,-3.933333333333,9.8));
#2544 = HYPERBOLA('',#2545,0.24272993017,0.146718096779);
#2545 = AXIS2_PLACEMENT_3D('',#2546,#2547,#2548);
#2546 = CARTESIAN_POINT('',(-11.85317584291,-4.370542784639,
    9.33673262061));
#2547 = DIRECTION('',(0.631054616162,-0.533338493815,0.563311745338));
#2548 = DIRECTION('',(-0.430236452145,0.36361616807,0.826244441775));
#2549 = ORIENTED_EDGE('',*,*,#1019,.T.);
#2550 = ORIENTED_EDGE('',*,*,#2493,.T.);
#2551 = ORIENTED_EDGE('',*,*,#2552,.F.);
#2552 = EDGE_CURVE('',#2542,#2494,#2553,.T.);
#2553 = CIRCLE('',#2554,0.6);
#2554 = AXIS2_PLACEMENT_3D('',#2555,#2556,#2557);
#2555 = CARTESIAN_POINT('',(-11.7,-4.5,9.8));
#2556 = DIRECTION('',(0.,-0.,1.));
#2557 = DIRECTION('',(0.,1.,0.));
#2558 = CONICAL_SURFACE('',#2559,0.6,0.785398163397);
#2559 = AXIS2_PLACEMENT_3D('',#2560,#2561,#2562);
#2560 = CARTESIAN_POINT('',(-11.7,-4.5,9.8));
#2561 = DIRECTION('',(0.,0.,1.));
#2562 = DIRECTION('',(0.,1.,0.));
#2563 = ADVANCED_FACE('',(#2564),#2583,.T.);
#2564 = FACE_BOUND('',#2565,.T.);
#2565 = EDGE_LOOP('',(#2566,#2567,#2568,#2576));
#2566 = ORIENTED_EDGE('',*,*,#2526,.F.);
#2567 = ORIENTED_EDGE('',*,*,#1087,.T.);
#2568 = ORIENTED_EDGE('',*,*,#2569,.T.);
#2569 = EDGE_CURVE('',#1080,#2570,#2572,.T.);
#2570 = VERTEX_POINT('',#2571);
#2571 = CARTESIAN_POINT('',(-11.5418743699,9.8,9.8));
#2572 = LINE('',#2573,#2574);
#2573 = CARTESIAN_POINT('',(-11.5418743699,9.8,9.8));
#2574 = VECTOR('',#2575,1.);
#2575 = DIRECTION('',(1.1E-16,0.707106781187,-0.707106781187));
#2576 = ORIENTED_EDGE('',*,*,#2577,.F.);
#2577 = EDGE_CURVE('',#2360,#2570,#2578,.T.);
#2578 = CIRCLE('',#2579,2.);
#2579 = AXIS2_PLACEMENT_3D('',#2580,#2581,#2582);
#2580 = CARTESIAN_POINT('',(-11.5418743699,7.8,9.8));
#2581 = DIRECTION('',(0.,0.,-1.));
#2582 = DIRECTION('',(-0.979062815046,0.203558355748,0.));
#2583 = CONICAL_SURFACE('',#2584,2.,0.785398163397);
#2584 = AXIS2_PLACEMENT_3D('',#2585,#2586,#2587);
#2585 = CARTESIAN_POINT('',(-11.5418743699,7.8,9.8));
#2586 = DIRECTION('',(-0.,-0.,-1.));
#2587 = DIRECTION('',(-0.979062815046,0.203558355748,0.));
#2588 = ADVANCED_FACE('',(#2589),#2614,.F.);
#2589 = FACE_BOUND('',#2590,.T.);
#2590 = EDGE_LOOP('',(#2591,#2599,#2600,#2608));
#2591 = ORIENTED_EDGE('',*,*,#2592,.F.);
#2592 = EDGE_CURVE('',#1029,#2593,#2595,.T.);
#2593 = VERTEX_POINT('',#2594);
#2594 = CARTESIAN_POINT('',(-11.7,6.7,9.8));
#2595 = LINE('',#2596,#2597);
#2596 = CARTESIAN_POINT('',(-11.85589990963,6.719801884848,
    9.955899909631));
#2597 = VECTOR('',#2598,1.);
#2598 = DIRECTION('',(0.704271941232,-8.945426533529E-02,-0.704271941232
    ));
#2599 = ORIENTED_EDGE('',*,*,#1028,.T.);
#2600 = ORIENTED_EDGE('',*,*,#2601,.T.);
#2601 = EDGE_CURVE('',#1020,#2602,#2604,.T.);
#2602 = VERTEX_POINT('',#2603);
#2603 = CARTESIAN_POINT('',(-11.7,-3.7,9.8));
#2604 = LINE('',#2605,#2606);
#2605 = CARTESIAN_POINT('',(-11.51569921249,-3.67659073068,
    9.615699212495));
#2606 = VECTOR('',#2607,1.);
#2607 = DIRECTION('',(0.704271941232,8.945426533529E-02,-0.704271941232)
  );
#2608 = ORIENTED_EDGE('',*,*,#2609,.F.);
#2609 = EDGE_CURVE('',#2593,#2602,#2610,.T.);
#2610 = LINE('',#2611,#2612);
#2611 = CARTESIAN_POINT('',(-11.7,6.9,9.8));
#2612 = VECTOR('',#2613,1.);
#2613 = DIRECTION('',(0.,-1.,0.));
#2614 = PLANE('',#2615);
#2615 = AXIS2_PLACEMENT_3D('',#2616,#2617,#2618);
#2616 = CARTESIAN_POINT('',(-11.8,6.9,9.9));
#2617 = DIRECTION('',(-0.707106781187,0.,-0.707106781187));
#2618 = DIRECTION('',(0.,1.,0.));
#2619 = ADVANCED_FACE('',(#2620),#2638,.F.);
#2620 = FACE_BOUND('',#2621,.T.);
#2621 = EDGE_LOOP('',(#2622,#2623,#2624,#2632));
#2622 = ORIENTED_EDGE('',*,*,#2569,.F.);
#2623 = ORIENTED_EDGE('',*,*,#1079,.T.);
#2624 = ORIENTED_EDGE('',*,*,#2625,.T.);
#2625 = EDGE_CURVE('',#1071,#2626,#2628,.T.);
#2626 = VERTEX_POINT('',#2627);
#2627 = CARTESIAN_POINT('',(-8.,9.8,9.8));
#2628 = LINE('',#2629,#2630);
#2629 = CARTESIAN_POINT('',(-8.,9.7,9.9));
#2630 = VECTOR('',#2631,1.);
#2631 = DIRECTION('',(0.,0.707106781187,-0.707106781187));
#2632 = ORIENTED_EDGE('',*,*,#2633,.F.);
#2633 = EDGE_CURVE('',#2570,#2626,#2634,.T.);
#2634 = LINE('',#2635,#2636);
#2635 = CARTESIAN_POINT('',(-11.5418743699,9.8,9.8));
#2636 = VECTOR('',#2637,1.);
#2637 = DIRECTION('',(1.,0.,0.));
#2638 = PLANE('',#2639);
#2639 = AXIS2_PLACEMENT_3D('',#2640,#2641,#2642);
#2640 = CARTESIAN_POINT('',(-11.5418743699,9.7,9.9));
#2641 = DIRECTION('',(0.,-0.707106781187,-0.707106781187));
#2642 = DIRECTION('',(-1.,-0.,-0.));
#2643 = ADVANCED_FACE('',(#2644),#2671,.F.);
#2644 = FACE_BOUND('',#2645,.T.);
#2645 = EDGE_LOOP('',(#2646,#2654,#2655,#2664));
#2646 = ORIENTED_EDGE('',*,*,#2647,.F.);
#2647 = EDGE_CURVE('',#1037,#2648,#2650,.T.);
#2648 = VERTEX_POINT('',#2649);
#2649 = CARTESIAN_POINT('',(-11.7,8.1,9.8));
#2650 = LINE('',#2651,#2652);
#2651 = CARTESIAN_POINT('',(-11.7,8.2,9.9));
#2652 = VECTOR('',#2653,1.);
#2653 = DIRECTION('',(0.,-0.707106781187,-0.707106781187));
#2654 = ORIENTED_EDGE('',*,*,#1036,.T.);
#2655 = ORIENTED_EDGE('',*,*,#2656,.T.);
#2656 = EDGE_CURVE('',#1029,#2657,#2659,.T.);
#2657 = VERTEX_POINT('',#2658);
#2658 = CARTESIAN_POINT('',(-11.89720265943,6.933333333333,9.8));
#2659 = HYPERBOLA('',#2660,0.24272993017,0.146718096779);
#2660 = AXIS2_PLACEMENT_3D('',#2661,#2662,#2663);
#2661 = CARTESIAN_POINT('',(-11.85317584291,7.370542784639,9.33673262061
    ));
#2662 = DIRECTION('',(-0.631054616162,-0.533338493815,-0.563311745338));
#2663 = DIRECTION('',(-0.430236452145,-0.36361616807,0.826244441775));
#2664 = ORIENTED_EDGE('',*,*,#2665,.F.);
#2665 = EDGE_CURVE('',#2648,#2657,#2666,.T.);
#2666 = CIRCLE('',#2667,0.6);
#2667 = AXIS2_PLACEMENT_3D('',#2668,#2669,#2670);
#2668 = CARTESIAN_POINT('',(-11.7,7.5,9.8));
#2669 = DIRECTION('',(0.,-0.,1.));
#2670 = DIRECTION('',(0.,1.,0.));
#2671 = CONICAL_SURFACE('',#2672,0.6,0.785398163397);
#2672 = AXIS2_PLACEMENT_3D('',#2673,#2674,#2675);
#2673 = CARTESIAN_POINT('',(-11.7,7.5,9.8));
#2674 = DIRECTION('',(0.,0.,1.));
#2675 = DIRECTION('',(0.,1.,0.));
#2676 = ADVANCED_FACE('',(#2677),#2696,.T.);
#2677 = FACE_BOUND('',#2678,.T.);
#2678 = EDGE_LOOP('',(#2679,#2680,#2681,#2689));
#2679 = ORIENTED_EDGE('',*,*,#2625,.F.);
#2680 = ORIENTED_EDGE('',*,*,#1070,.T.);
#2681 = ORIENTED_EDGE('',*,*,#2682,.T.);
#2682 = EDGE_CURVE('',#1063,#2683,#2685,.T.);
#2683 = VERTEX_POINT('',#2684);
#2684 = CARTESIAN_POINT('',(-7.,8.8,9.8));
#2685 = LINE('',#2686,#2687);
#2686 = CARTESIAN_POINT('',(-7.,8.8,9.8));
#2687 = VECTOR('',#2688,1.);
#2688 = DIRECTION('',(0.707106781187,5.1E-16,-0.707106781187));
#2689 = ORIENTED_EDGE('',*,*,#2690,.F.);
#2690 = EDGE_CURVE('',#2626,#2683,#2691,.T.);
#2691 = CIRCLE('',#2692,1.);
#2692 = AXIS2_PLACEMENT_3D('',#2693,#2694,#2695);
#2693 = CARTESIAN_POINT('',(-8.,8.8,9.8));
#2694 = DIRECTION('',(0.,0.,-1.));
#2695 = DIRECTION('',(0.,1.,0.));
#2696 = CONICAL_SURFACE('',#2697,1.,0.785398163397);
#2697 = AXIS2_PLACEMENT_3D('',#2698,#2699,#2700);
#2698 = CARTESIAN_POINT('',(-8.,8.8,9.8));
#2699 = DIRECTION('',(-0.,-0.,-1.));
#2700 = DIRECTION('',(0.,1.,0.));
#2701 = ADVANCED_FACE('',(#2702),#2720,.T.);
#2702 = FACE_BOUND('',#2703,.T.);
#2703 = EDGE_LOOP('',(#2704,#2712,#2713,#2714));
#2704 = ORIENTED_EDGE('',*,*,#2705,.F.);
#2705 = EDGE_CURVE('',#1046,#2706,#2708,.T.);
#2706 = VERTEX_POINT('',#2707);
#2707 = CARTESIAN_POINT('',(-7.6,8.1,9.8));
#2708 = LINE('',#2709,#2710);
#2709 = CARTESIAN_POINT('',(-7.6,8.1,9.8));
#2710 = VECTOR('',#2711,1.);
#2711 = DIRECTION('',(4.E-17,-0.707106781187,-0.707106781187));
#2712 = ORIENTED_EDGE('',*,*,#1045,.T.);
#2713 = ORIENTED_EDGE('',*,*,#2647,.T.);
#2714 = ORIENTED_EDGE('',*,*,#2715,.F.);
#2715 = EDGE_CURVE('',#2706,#2648,#2716,.T.);
#2716 = LINE('',#2717,#2718);
#2717 = CARTESIAN_POINT('',(-7.6,8.1,9.8));
#2718 = VECTOR('',#2719,1.);
#2719 = DIRECTION('',(-1.,-0.,-0.));
#2720 = PLANE('',#2721);
#2721 = AXIS2_PLACEMENT_3D('',#2722,#2723,#2724);
#2722 = CARTESIAN_POINT('',(-7.6,8.2,9.9));
#2723 = DIRECTION('',(0.,-0.707106781187,0.707106781187));
#2724 = DIRECTION('',(-1.,0.,0.));
#2725 = ADVANCED_FACE('',(#2726),#2744,.T.);
#2726 = FACE_BOUND('',#2727,.T.);
#2727 = EDGE_LOOP('',(#2728,#2729,#2730,#2738));
#2728 = ORIENTED_EDGE('',*,*,#2682,.F.);
#2729 = ORIENTED_EDGE('',*,*,#1062,.T.);
#2730 = ORIENTED_EDGE('',*,*,#2731,.T.);
#2731 = EDGE_CURVE('',#1054,#2732,#2734,.T.);
#2732 = VERTEX_POINT('',#2733);
#2733 = CARTESIAN_POINT('',(-7.,8.7,9.8));
#2734 = LINE('',#2735,#2736);
#2735 = CARTESIAN_POINT('',(-7.1,8.7,9.9));
#2736 = VECTOR('',#2737,1.);
#2737 = DIRECTION('',(0.707106781187,0.,-0.707106781187));
#2738 = ORIENTED_EDGE('',*,*,#2739,.F.);
#2739 = EDGE_CURVE('',#2683,#2732,#2740,.T.);
#2740 = LINE('',#2741,#2742);
#2741 = CARTESIAN_POINT('',(-7.,8.8,9.8));
#2742 = VECTOR('',#2743,1.);
#2743 = DIRECTION('',(0.,-1.,0.));
#2744 = PLANE('',#2745);
#2745 = AXIS2_PLACEMENT_3D('',#2746,#2747,#2748);
#2746 = CARTESIAN_POINT('',(-7.1,8.8,9.9));
#2747 = DIRECTION('',(0.707106781187,0.,0.707106781187));
#2748 = DIRECTION('',(0.,-1.,0.));
#2749 = ADVANCED_FACE('',(#2750),#2762,.T.);
#2750 = FACE_BOUND('',#2751,.T.);
#2751 = EDGE_LOOP('',(#2752,#2753,#2754,#2755));
#2752 = ORIENTED_EDGE('',*,*,#2731,.F.);
#2753 = ORIENTED_EDGE('',*,*,#1053,.T.);
#2754 = ORIENTED_EDGE('',*,*,#2705,.T.);
#2755 = ORIENTED_EDGE('',*,*,#2756,.F.);
#2756 = EDGE_CURVE('',#2732,#2706,#2757,.T.);
#2757 = CIRCLE('',#2758,0.6);
#2758 = AXIS2_PLACEMENT_3D('',#2759,#2760,#2761);
#2759 = CARTESIAN_POINT('',(-7.6,8.7,9.8));
#2760 = DIRECTION('',(0.,0.,-1.));
#2761 = DIRECTION('',(1.,0.,0.));
#2762 = CONICAL_SURFACE('',#2763,0.6,0.785398163397);
#2763 = AXIS2_PLACEMENT_3D('',#2764,#2765,#2766);
#2764 = CARTESIAN_POINT('',(-7.6,8.7,9.8));
#2765 = DIRECTION('',(-0.,-0.,-1.));
#2766 = DIRECTION('',(1.,0.,0.));
#2767 = ADVANCED_FACE('',(#2768),#2787,.F.);
#2768 = FACE_BOUND('',#2769,.T.);
#2769 = EDGE_LOOP('',(#2770,#2778,#2779,#2780));
#2770 = ORIENTED_EDGE('',*,*,#2771,.F.);
#2771 = EDGE_CURVE('',#1115,#2772,#2774,.T.);
#2772 = VERTEX_POINT('',#2773);
#2773 = CARTESIAN_POINT('',(-12.6,0.,9.8));
#2774 = LINE('',#2775,#2776);
#2775 = CARTESIAN_POINT('',(-12.6,0.,9.8));
#2776 = VECTOR('',#2777,1.);
#2777 = DIRECTION('',(-0.707106781187,-0.,-0.707106781187));
#2778 = ORIENTED_EDGE('',*,*,#1114,.T.);
#2779 = ORIENTED_EDGE('',*,*,#2771,.T.);
#2780 = ORIENTED_EDGE('',*,*,#2781,.F.);
#2781 = EDGE_CURVE('',#2772,#2772,#2782,.T.);
#2782 = CIRCLE('',#2783,2.4);
#2783 = AXIS2_PLACEMENT_3D('',#2784,#2785,#2786);
#2784 = CARTESIAN_POINT('',(-15.,0.,9.8));
#2785 = DIRECTION('',(0.,0.,1.));
#2786 = DIRECTION('',(1.,0.,0.));
#2787 = CONICAL_SURFACE('',#2788,2.4,0.785398163397);
#2788 = AXIS2_PLACEMENT_3D('',#2789,#2790,#2791);
#2789 = CARTESIAN_POINT('',(-15.,0.,9.8));
#2790 = DIRECTION('',(0.,0.,1.));
#2791 = DIRECTION('',(1.,0.,0.));
#2792 = ADVANCED_FACE('',(#2793),#2809,.T.);
#2793 = FACE_BOUND('',#2794,.T.);
#2794 = EDGE_LOOP('',(#2795,#2801,#2802,#2803));
#2795 = ORIENTED_EDGE('',*,*,#2796,.T.);
#2796 = EDGE_CURVE('',#2503,#1357,#2797,.T.);
#2797 = LINE('',#2798,#2799);
#2798 = CARTESIAN_POINT('',(-9.55,-5.15,9.8));
#2799 = VECTOR('',#2800,1.);
#2800 = DIRECTION('',(0.707106781187,-0.707106781187,-1.E-16));
#2801 = ORIENTED_EDGE('',*,*,#1364,.T.);
#2802 = ORIENTED_EDGE('',*,*,#1341,.T.);
#2803 = ORIENTED_EDGE('',*,*,#2804,.F.);
#2804 = EDGE_CURVE('',#2503,#1334,#2805,.T.);
#2805 = LINE('',#2806,#2807);
#2806 = CARTESIAN_POINT('',(-9.6,-5.1,10.));
#2807 = VECTOR('',#2808,1.);
#2808 = DIRECTION('',(-0.,-0.,-1.));
#2809 = PLANE('',#2810);
#2810 = AXIS2_PLACEMENT_3D('',#2811,#2812,#2813);
#2811 = CARTESIAN_POINT('',(-9.5,-5.2,10.));
#2812 = DIRECTION('',(0.707106781187,0.707106781187,0.));
#2813 = DIRECTION('',(0.,0.,-1.));
#2814 = ADVANCED_FACE('',(#2815),#2826,.F.);
#2815 = FACE_BOUND('',#2816,.F.);
#2816 = EDGE_LOOP('',(#2817,#2823,#2824,#2825));
#2817 = ORIENTED_EDGE('',*,*,#2818,.T.);
#2818 = EDGE_CURVE('',#2494,#1325,#2819,.T.);
#2819 = LINE('',#2820,#2821);
#2820 = CARTESIAN_POINT('',(-11.7,-5.1,10.));
#2821 = VECTOR('',#2822,1.);
#2822 = DIRECTION('',(-0.,-0.,-1.));
#2823 = ORIENTED_EDGE('',*,*,#1333,.T.);
#2824 = ORIENTED_EDGE('',*,*,#2804,.F.);
#2825 = ORIENTED_EDGE('',*,*,#2510,.F.);
#2826 = PLANE('',#2827);
#2827 = AXIS2_PLACEMENT_3D('',#2828,#2829,#2830);
#2828 = CARTESIAN_POINT('',(-11.7,-5.1,10.));
#2829 = DIRECTION('',(0.,-1.,0.));
#2830 = DIRECTION('',(1.,0.,0.));
#2831 = ADVANCED_FACE('',(#2832),#2843,.F.);
#2832 = FACE_BOUND('',#2833,.F.);
#2833 = EDGE_LOOP('',(#2834,#2835,#2836,#2842));
#2834 = ORIENTED_EDGE('',*,*,#2818,.F.);
#2835 = ORIENTED_EDGE('',*,*,#2552,.F.);
#2836 = ORIENTED_EDGE('',*,*,#2837,.T.);
#2837 = EDGE_CURVE('',#2542,#1317,#2838,.T.);
#2838 = LINE('',#2839,#2840);
#2839 = CARTESIAN_POINT('',(-11.89720265943,-3.933333333333,10.));
#2840 = VECTOR('',#2841,1.);
#2841 = DIRECTION('',(-0.,-0.,-1.));
#2842 = ORIENTED_EDGE('',*,*,#1324,.T.);
#2843 = CYLINDRICAL_SURFACE('',#2844,0.6);
#2844 = AXIS2_PLACEMENT_3D('',#2845,#2846,#2847);
#2845 = CARTESIAN_POINT('',(-11.7,-4.5,10.));
#2846 = DIRECTION('',(0.,0.,1.));
#2847 = DIRECTION('',(1.,0.,0.));
#2848 = ADVANCED_FACE('',(#2849),#2865,.T.);
#2849 = FACE_BOUND('',#2850,.T.);
#2850 = EDGE_LOOP('',(#2851,#2852,#2853,#2859));
#2851 = ORIENTED_EDGE('',*,*,#2837,.T.);
#2852 = ORIENTED_EDGE('',*,*,#1316,.T.);
#2853 = ORIENTED_EDGE('',*,*,#2854,.F.);
#2854 = EDGE_CURVE('',#2602,#1309,#2855,.T.);
#2855 = LINE('',#2856,#2857);
#2856 = CARTESIAN_POINT('',(-11.7,-3.7,10.));
#2857 = VECTOR('',#2858,1.);
#2858 = DIRECTION('',(-0.,-0.,-1.));
#2859 = ORIENTED_EDGE('',*,*,#2860,.F.);
#2860 = EDGE_CURVE('',#2542,#2602,#2861,.T.);
#2861 = LINE('',#2862,#2863);
#2862 = CARTESIAN_POINT('',(-11.74792867214,-3.756709969664,9.8));
#2863 = VECTOR('',#2864,1.);
#2864 = DIRECTION('',(0.645497224368,0.763762615826,3.74E-15));
#2865 = PLANE('',#2866);
#2866 = AXIS2_PLACEMENT_3D('',#2867,#2868,#2869);
#2867 = CARTESIAN_POINT('',(-11.7,-3.7,10.));
#2868 = DIRECTION('',(0.763762615826,-0.645497224368,0.));
#2869 = DIRECTION('',(0.,0.,-1.));
#2870 = ADVANCED_FACE('',(#2871),#2882,.F.);
#2871 = FACE_BOUND('',#2872,.T.);
#2872 = EDGE_LOOP('',(#2873,#2879,#2880,#2881));
#2873 = ORIENTED_EDGE('',*,*,#2874,.T.);
#2874 = EDGE_CURVE('',#2015,#1150,#2875,.T.);
#2875 = LINE('',#2876,#2877);
#2876 = CARTESIAN_POINT('',(11.7,-5.1,10.));
#2877 = VECTOR('',#2878,1.);
#2878 = DIRECTION('',(2.2E-16,0.,-1.));
#2879 = ORIENTED_EDGE('',*,*,#1149,.T.);
#2880 = ORIENTED_EDGE('',*,*,#2462,.F.);
#2881 = ORIENTED_EDGE('',*,*,#2022,.F.);
#2882 = PLANE('',#2883);
#2883 = AXIS2_PLACEMENT_3D('',#2884,#2885,#2886);
#2884 = CARTESIAN_POINT('',(11.7,-5.1,10.));
#2885 = DIRECTION('',(-2.2E-16,-1.,-0.));
#2886 = DIRECTION('',(1.,-2.2E-16,2.2E-16));
#2887 = ADVANCED_FACE('',(#2888),#2913,.F.);
#2888 = FACE_BOUND('',#2889,.F.);
#2889 = EDGE_LOOP('',(#2890,#2891,#2892,#2893,#2899,#2900,#2906,#2907));
#2890 = ORIENTED_EDGE('',*,*,#1308,.T.);
#2891 = ORIENTED_EDGE('',*,*,#2854,.F.);
#2892 = ORIENTED_EDGE('',*,*,#2609,.F.);
#2893 = ORIENTED_EDGE('',*,*,#2894,.T.);
#2894 = EDGE_CURVE('',#2593,#1284,#2895,.T.);
#2895 = LINE('',#2896,#2897);
#2896 = CARTESIAN_POINT('',(-11.7,6.7,10.));
#2897 = VECTOR('',#2898,1.);
#2898 = DIRECTION('',(-0.,-0.,-1.));
#2899 = ORIENTED_EDGE('',*,*,#1291,.T.);
#2900 = ORIENTED_EDGE('',*,*,#2901,.F.);
#2901 = EDGE_CURVE('',#2402,#1292,#2902,.T.);
#2902 = LINE('',#2903,#2904);
#2903 = CARTESIAN_POINT('',(-11.7,2.260530911091,0.));
#2904 = VECTOR('',#2905,1.);
#2905 = DIRECTION('',(0.,0.,-1.));
#2906 = ORIENTED_EDGE('',*,*,#2429,.F.);
#2907 = ORIENTED_EDGE('',*,*,#2908,.T.);
#2908 = EDGE_CURVE('',#2421,#1300,#2909,.T.);
#2909 = LINE('',#2910,#2911);
#2910 = CARTESIAN_POINT('',(-11.7,-2.260530911091,0.));
#2911 = VECTOR('',#2912,1.);
#2912 = DIRECTION('',(0.,0.,-1.));
#2913 = PLANE('',#2914);
#2914 = AXIS2_PLACEMENT_3D('',#2915,#2916,#2917);
#2915 = CARTESIAN_POINT('',(-11.7,6.9,10.));
#2916 = DIRECTION('',(-1.,0.,0.));
#2917 = DIRECTION('',(0.,-1.,0.));
#2918 = ADVANCED_FACE('',(#2919),#2930,.F.);
#2919 = FACE_BOUND('',#2920,.T.);
#2920 = EDGE_LOOP('',(#2921,#2922,#2923,#2929));
#2921 = ORIENTED_EDGE('',*,*,#2874,.F.);
#2922 = ORIENTED_EDGE('',*,*,#2071,.F.);
#2923 = ORIENTED_EDGE('',*,*,#2924,.T.);
#2924 = EDGE_CURVE('',#2063,#1158,#2925,.T.);
#2925 = LINE('',#2926,#2927);
#2926 = CARTESIAN_POINT('',(11.897202659437,-3.933333333333,10.));
#2927 = VECTOR('',#2928,1.);
#2928 = DIRECTION('',(2.2E-16,0.,-1.));
#2929 = ORIENTED_EDGE('',*,*,#1157,.T.);
#2930 = CYLINDRICAL_SURFACE('',#2931,0.6);
#2931 = AXIS2_PLACEMENT_3D('',#2932,#2933,#2934);
#2932 = CARTESIAN_POINT('',(11.7,-4.5,10.));
#2933 = DIRECTION('',(-2.2E-16,0.,1.));
#2934 = DIRECTION('',(-1.,2.2E-16,-2.2E-16));
#2935 = ADVANCED_FACE('',(#2936),#2951,.F.);
#2936 = FACE_BOUND('',#2937,.F.);
#2937 = EDGE_LOOP('',(#2938,#2939,#2940,#2946,#2947,#2948,#2949,#2950));
#2938 = ORIENTED_EDGE('',*,*,#2344,.F.);
#2939 = ORIENTED_EDGE('',*,*,#1933,.T.);
#2940 = ORIENTED_EDGE('',*,*,#2941,.T.);
#2941 = EDGE_CURVE('',#1878,#2400,#2942,.T.);
#2942 = LINE('',#2943,#2944);
#2943 = CARTESIAN_POINT('',(-14.06548107548,3.889302556978,0.));
#2944 = VECTOR('',#2945,1.);
#2945 = DIRECTION('',(0.,0.,1.));
#2946 = ORIENTED_EDGE('',*,*,#2399,.T.);
#2947 = ORIENTED_EDGE('',*,*,#2901,.T.);
#2948 = ORIENTED_EDGE('',*,*,#1299,.T.);
#2949 = ORIENTED_EDGE('',*,*,#2908,.F.);
#2950 = ORIENTED_EDGE('',*,*,#2420,.T.);
#2951 = CYLINDRICAL_SURFACE('',#2952,4.);
#2952 = AXIS2_PLACEMENT_3D('',#2953,#2954,#2955);
#2953 = CARTESIAN_POINT('',(-15.,0.,0.));
#2954 = DIRECTION('',(0.,0.,-1.));
#2955 = DIRECTION('',(1.,0.,0.));
#2956 = ADVANCED_FACE('',(#2957),#2973,.F.);
#2957 = FACE_BOUND('',#2958,.F.);
#2958 = EDGE_LOOP('',(#2959,#2960,#2961,#2967));
#2959 = ORIENTED_EDGE('',*,*,#2924,.T.);
#2960 = ORIENTED_EDGE('',*,*,#1166,.T.);
#2961 = ORIENTED_EDGE('',*,*,#2962,.F.);
#2962 = EDGE_CURVE('',#2122,#1167,#2963,.T.);
#2963 = LINE('',#2964,#2965);
#2964 = CARTESIAN_POINT('',(11.7,-3.7,10.));
#2965 = VECTOR('',#2966,1.);
#2966 = DIRECTION('',(2.2E-16,0.,-1.));
#2967 = ORIENTED_EDGE('',*,*,#2968,.F.);
#2968 = EDGE_CURVE('',#2063,#2122,#2969,.T.);
#2969 = LINE('',#2970,#2971);
#2970 = CARTESIAN_POINT('',(11.747928672147,-3.756709969664,9.8));
#2971 = VECTOR('',#2972,1.);
#2972 = DIRECTION('',(-0.645497224368,0.763762615826,2.56E-15));
#2973 = PLANE('',#2974);
#2974 = AXIS2_PLACEMENT_3D('',#2975,#2976,#2977);
#2975 = CARTESIAN_POINT('',(11.7,-3.7,10.));
#2976 = DIRECTION('',(0.763762615826,0.645497224368,1.7E-16));
#2977 = DIRECTION('',(2.215063113571E-16,1.273065452384E-18,-1.));
#2978 = ADVANCED_FACE('',(#2979),#3004,.F.);
#2979 = FACE_BOUND('',#2980,.T.);
#2980 = EDGE_LOOP('',(#2981,#2982,#2983,#2984,#2990,#2991,#2997,#2998));
#2981 = ORIENTED_EDGE('',*,*,#1174,.T.);
#2982 = ORIENTED_EDGE('',*,*,#2962,.F.);
#2983 = ORIENTED_EDGE('',*,*,#2121,.F.);
#2984 = ORIENTED_EDGE('',*,*,#2985,.T.);
#2985 = EDGE_CURVE('',#2114,#1192,#2986,.T.);
#2986 = LINE('',#2987,#2988);
#2987 = CARTESIAN_POINT('',(11.7,6.7,10.));
#2988 = VECTOR('',#2989,1.);
#2989 = DIRECTION('',(2.2E-16,0.,-1.));
#2990 = ORIENTED_EDGE('',*,*,#1191,.T.);
#2991 = ORIENTED_EDGE('',*,*,#2992,.F.);
#2992 = EDGE_CURVE('',#1533,#1183,#2993,.T.);
#2993 = LINE('',#2994,#2995);
#2994 = CARTESIAN_POINT('',(11.7,2.260530911091,2.6E-15));
#2995 = VECTOR('',#2996,1.);
#2996 = DIRECTION('',(2.2E-16,0.,-1.));
#2997 = ORIENTED_EDGE('',*,*,#1560,.F.);
#2998 = ORIENTED_EDGE('',*,*,#2999,.T.);
#2999 = EDGE_CURVE('',#1552,#1175,#3000,.T.);
#3000 = LINE('',#3001,#3002);
#3001 = CARTESIAN_POINT('',(11.7,-2.260530911091,2.6E-15));
#3002 = VECTOR('',#3003,1.);
#3003 = DIRECTION('',(2.2E-16,0.,-1.));
#3004 = PLANE('',#3005);
#3005 = AXIS2_PLACEMENT_3D('',#3006,#3007,#3008);
#3006 = CARTESIAN_POINT('',(11.7,6.9,10.));
#3007 = DIRECTION('',(1.,-2.2E-16,2.2E-16));
#3008 = DIRECTION('',(2.2E-16,1.,0.));
#3009 = ADVANCED_FACE('',(#3010),#3026,.T.);
#3010 = FACE_BOUND('',#3011,.T.);
#3011 = EDGE_LOOP('',(#3012,#3013,#3014,#3020));
#3012 = ORIENTED_EDGE('',*,*,#2894,.T.);
#3013 = ORIENTED_EDGE('',*,*,#1283,.T.);
#3014 = ORIENTED_EDGE('',*,*,#3015,.F.);
#3015 = EDGE_CURVE('',#2657,#1275,#3016,.T.);
#3016 = LINE('',#3017,#3018);
#3017 = CARTESIAN_POINT('',(-11.89720265943,6.933333333333,10.));
#3018 = VECTOR('',#3019,1.);
#3019 = DIRECTION('',(-0.,-0.,-1.));
#3020 = ORIENTED_EDGE('',*,*,#3021,.T.);
#3021 = EDGE_CURVE('',#2657,#2593,#3022,.T.);
#3022 = LINE('',#3023,#3024);
#3023 = CARTESIAN_POINT('',(-11.74792867214,6.756709969664,9.8));
#3024 = VECTOR('',#3025,1.);
#3025 = DIRECTION('',(0.645497224368,-0.763762615826,-2.E-16));
#3026 = PLANE('',#3027);
#3027 = AXIS2_PLACEMENT_3D('',#3028,#3029,#3030);
#3028 = CARTESIAN_POINT('',(-11.7,6.7,10.));
#3029 = DIRECTION('',(0.763762615826,0.645497224368,0.));
#3030 = DIRECTION('',(0.,0.,-1.));
#3031 = ADVANCED_FACE('',(#3032),#3047,.F.);
#3032 = FACE_BOUND('',#3033,.T.);
#3033 = EDGE_LOOP('',(#3034,#3035,#3036,#3042,#3043,#3044,#3045,#3046));
#3034 = ORIENTED_EDGE('',*,*,#1457,.F.);
#3035 = ORIENTED_EDGE('',*,*,#1903,.F.);
#3036 = ORIENTED_EDGE('',*,*,#3037,.T.);
#3037 = EDGE_CURVE('',#1854,#1531,#3038,.T.);
#3038 = LINE('',#3039,#3040);
#3039 = CARTESIAN_POINT('',(14.065481075483,3.889302556978,3.12E-15));
#3040 = VECTOR('',#3041,1.);
#3041 = DIRECTION('',(-2.2E-16,0.,1.));
#3042 = ORIENTED_EDGE('',*,*,#1530,.T.);
#3043 = ORIENTED_EDGE('',*,*,#2992,.T.);
#3044 = ORIENTED_EDGE('',*,*,#1182,.T.);
#3045 = ORIENTED_EDGE('',*,*,#2999,.F.);
#3046 = ORIENTED_EDGE('',*,*,#1551,.T.);
#3047 = CYLINDRICAL_SURFACE('',#3048,4.);
#3048 = AXIS2_PLACEMENT_3D('',#3049,#3050,#3051);
#3049 = CARTESIAN_POINT('',(15.,-3.33E-15,3.33E-15));
#3050 = DIRECTION('',(2.2E-16,0.,-1.));
#3051 = DIRECTION('',(-1.,2.2E-16,-2.2E-16));
#3052 = ADVANCED_FACE('',(#3053),#3064,.F.);
#3053 = FACE_BOUND('',#3054,.F.);
#3054 = EDGE_LOOP('',(#3055,#3061,#3062,#3063));
#3055 = ORIENTED_EDGE('',*,*,#3056,.T.);
#3056 = EDGE_CURVE('',#2648,#1267,#3057,.T.);
#3057 = LINE('',#3058,#3059);
#3058 = CARTESIAN_POINT('',(-11.7,8.1,10.));
#3059 = VECTOR('',#3060,1.);
#3060 = DIRECTION('',(-0.,-0.,-1.));
#3061 = ORIENTED_EDGE('',*,*,#1274,.T.);
#3062 = ORIENTED_EDGE('',*,*,#3015,.F.);
#3063 = ORIENTED_EDGE('',*,*,#2665,.F.);
#3064 = CYLINDRICAL_SURFACE('',#3065,0.6);
#3065 = AXIS2_PLACEMENT_3D('',#3066,#3067,#3068);
#3066 = CARTESIAN_POINT('',(-11.7,7.5,10.));
#3067 = DIRECTION('',(0.,0.,1.));
#3068 = DIRECTION('',(1.,0.,0.));
#3069 = ADVANCED_FACE('',(#3070),#3081,.T.);
#3070 = FACE_BOUND('',#3071,.T.);
#3071 = EDGE_LOOP('',(#3072,#3073,#3074,#3080));
#3072 = ORIENTED_EDGE('',*,*,#3056,.T.);
#3073 = ORIENTED_EDGE('',*,*,#1266,.T.);
#3074 = ORIENTED_EDGE('',*,*,#3075,.F.);
#3075 = EDGE_CURVE('',#2706,#1258,#3076,.T.);
#3076 = LINE('',#3077,#3078);
#3077 = CARTESIAN_POINT('',(-7.6,8.1,10.));
#3078 = VECTOR('',#3079,1.);
#3079 = DIRECTION('',(-0.,-0.,-1.));
#3080 = ORIENTED_EDGE('',*,*,#2715,.T.);
#3081 = PLANE('',#3082);
#3082 = AXIS2_PLACEMENT_3D('',#3083,#3084,#3085);
#3083 = CARTESIAN_POINT('',(-11.7,8.1,10.));
#3084 = DIRECTION('',(0.,-1.,0.));
#3085 = DIRECTION('',(1.,0.,0.));
#3086 = ADVANCED_FACE('',(#3087),#3103,.F.);
#3087 = FACE_BOUND('',#3088,.F.);
#3088 = EDGE_LOOP('',(#3089,#3090,#3091,#3097));
#3089 = ORIENTED_EDGE('',*,*,#2985,.T.);
#3090 = ORIENTED_EDGE('',*,*,#1199,.T.);
#3091 = ORIENTED_EDGE('',*,*,#3092,.F.);
#3092 = EDGE_CURVE('',#2177,#1200,#3093,.T.);
#3093 = LINE('',#3094,#3095);
#3094 = CARTESIAN_POINT('',(11.897202659437,6.933333333333,10.));
#3095 = VECTOR('',#3096,1.);
#3096 = DIRECTION('',(2.2E-16,0.,-1.));
#3097 = ORIENTED_EDGE('',*,*,#3098,.T.);
#3098 = EDGE_CURVE('',#2177,#2114,#3099,.T.);
#3099 = LINE('',#3100,#3101);
#3100 = CARTESIAN_POINT('',(11.747928672147,6.756709969664,9.8));
#3101 = VECTOR('',#3102,1.);
#3102 = DIRECTION('',(-0.645497224368,-0.763762615826,-2.86E-15));
#3103 = PLANE('',#3104);
#3104 = AXIS2_PLACEMENT_3D('',#3105,#3106,#3107);
#3105 = CARTESIAN_POINT('',(11.7,6.7,10.));
#3106 = DIRECTION('',(0.763762615826,-0.645497224368,1.7E-16));
#3107 = DIRECTION('',(2.215063113571E-16,-1.273065452384E-18,-1.));
#3108 = ADVANCED_FACE('',(#3109),#3120,.T.);
#3109 = FACE_BOUND('',#3110,.T.);
#3110 = EDGE_LOOP('',(#3111,#3112,#3113,#3119));
#3111 = ORIENTED_EDGE('',*,*,#3075,.T.);
#3112 = ORIENTED_EDGE('',*,*,#1257,.T.);
#3113 = ORIENTED_EDGE('',*,*,#3114,.F.);
#3114 = EDGE_CURVE('',#2732,#1250,#3115,.T.);
#3115 = LINE('',#3116,#3117);
#3116 = CARTESIAN_POINT('',(-7.,8.7,10.));
#3117 = VECTOR('',#3118,1.);
#3118 = DIRECTION('',(-0.,-0.,-1.));
#3119 = ORIENTED_EDGE('',*,*,#2756,.T.);
#3120 = CYLINDRICAL_SURFACE('',#3121,0.6);
#3121 = AXIS2_PLACEMENT_3D('',#3122,#3123,#3124);
#3122 = CARTESIAN_POINT('',(-7.6,8.7,10.));
#3123 = DIRECTION('',(0.,0.,1.));
#3124 = DIRECTION('',(1.,0.,0.));
#3125 = ADVANCED_FACE('',(#3126),#3137,.F.);
#3126 = FACE_BOUND('',#3127,.T.);
#3127 = EDGE_LOOP('',(#3128,#3134,#3135,#3136));
#3128 = ORIENTED_EDGE('',*,*,#3129,.T.);
#3129 = EDGE_CURVE('',#2169,#1208,#3130,.T.);
#3130 = LINE('',#3131,#3132);
#3131 = CARTESIAN_POINT('',(11.7,8.1,10.));
#3132 = VECTOR('',#3133,1.);
#3133 = DIRECTION('',(2.2E-16,0.,-1.));
#3134 = ORIENTED_EDGE('',*,*,#1207,.T.);
#3135 = ORIENTED_EDGE('',*,*,#3092,.F.);
#3136 = ORIENTED_EDGE('',*,*,#2176,.F.);
#3137 = CYLINDRICAL_SURFACE('',#3138,0.6);
#3138 = AXIS2_PLACEMENT_3D('',#3139,#3140,#3141);
#3139 = CARTESIAN_POINT('',(11.7,7.5,10.));
#3140 = DIRECTION('',(-2.2E-16,0.,1.));
#3141 = DIRECTION('',(-1.,2.2E-16,-2.2E-16));
#3142 = ADVANCED_FACE('',(#3143),#3161,.T.);
#3143 = FACE_BOUND('',#3144,.T.);
#3144 = EDGE_LOOP('',(#3145,#3151,#3152,#3153,#3154,#3160));
#3145 = ORIENTED_EDGE('',*,*,#3146,.T.);
#3146 = EDGE_CURVE('',#1641,#2683,#3147,.T.);
#3147 = LINE('',#3148,#3149);
#3148 = CARTESIAN_POINT('',(-7.,8.8,0.));
#3149 = VECTOR('',#3150,1.);
#3150 = DIRECTION('',(0.,0.,1.));
#3151 = ORIENTED_EDGE('',*,*,#2739,.T.);
#3152 = ORIENTED_EDGE('',*,*,#3114,.T.);
#3153 = ORIENTED_EDGE('',*,*,#1249,.T.);
#3154 = ORIENTED_EDGE('',*,*,#3155,.F.);
#3155 = EDGE_CURVE('',#1594,#1242,#3156,.T.);
#3156 = LINE('',#3157,#3158);
#3157 = CARTESIAN_POINT('',(-7.,3.9,0.));
#3158 = VECTOR('',#3159,1.);
#3159 = DIRECTION('',(0.,0.,1.));
#3160 = ORIENTED_EDGE('',*,*,#1648,.F.);
#3161 = PLANE('',#3162);
#3162 = AXIS2_PLACEMENT_3D('',#3163,#3164,#3165);
#3163 = CARTESIAN_POINT('',(-7.,6.35,5.));
#3164 = DIRECTION('',(1.,0.,0.));
#3165 = DIRECTION('',(0.,0.,1.));
#3166 = ADVANCED_FACE('',(#3167),#3178,.T.);
#3167 = FACE_BOUND('',#3168,.F.);
#3168 = EDGE_LOOP('',(#3169,#3170,#3171,#3177));
#3169 = ORIENTED_EDGE('',*,*,#3129,.T.);
#3170 = ORIENTED_EDGE('',*,*,#1216,.T.);
#3171 = ORIENTED_EDGE('',*,*,#3172,.F.);
#3172 = EDGE_CURVE('',#2227,#1217,#3173,.T.);
#3173 = LINE('',#3174,#3175);
#3174 = CARTESIAN_POINT('',(7.6,8.1,10.));
#3175 = VECTOR('',#3176,1.);
#3176 = DIRECTION('',(2.2E-16,0.,-1.));
#3177 = ORIENTED_EDGE('',*,*,#2234,.T.);
#3178 = PLANE('',#3179);
#3179 = AXIS2_PLACEMENT_3D('',#3180,#3181,#3182);
#3180 = CARTESIAN_POINT('',(11.7,8.1,10.));
#3181 = DIRECTION('',(-2.2E-16,-1.,-0.));
#3182 = DIRECTION('',(1.,-2.2E-16,2.2E-16));
#3183 = ADVANCED_FACE('',(#3184),#3195,.T.);
#3184 = FACE_BOUND('',#3185,.T.);
#3185 = EDGE_LOOP('',(#3186,#3187,#3188,#3194));
#3186 = ORIENTED_EDGE('',*,*,#3155,.T.);
#3187 = ORIENTED_EDGE('',*,*,#1241,.T.);
#3188 = ORIENTED_EDGE('',*,*,#3189,.F.);
#3189 = EDGE_CURVE('',#1586,#1234,#3190,.T.);
#3190 = LINE('',#3191,#3192);
#3191 = CARTESIAN_POINT('',(7.,3.9,1.55E-15));
#3192 = VECTOR('',#3193,1.);
#3193 = DIRECTION('',(-2.2E-16,0.,1.));
#3194 = ORIENTED_EDGE('',*,*,#1593,.T.);
#3195 = PLANE('',#3196);
#3196 = AXIS2_PLACEMENT_3D('',#3197,#3198,#3199);
#3197 = CARTESIAN_POINT('',(2.1E-16,3.9,0.75));
#3198 = DIRECTION('',(0.,1.,0.));
#3199 = DIRECTION('',(0.,0.,1.));
#3200 = ADVANCED_FACE('',(#3201),#3212,.T.);
#3201 = FACE_BOUND('',#3202,.F.);
#3202 = EDGE_LOOP('',(#3203,#3204,#3205,#3211));
#3203 = ORIENTED_EDGE('',*,*,#3172,.T.);
#3204 = ORIENTED_EDGE('',*,*,#1224,.T.);
#3205 = ORIENTED_EDGE('',*,*,#3206,.F.);
#3206 = EDGE_CURVE('',#2252,#1225,#3207,.T.);
#3207 = LINE('',#3208,#3209);
#3208 = CARTESIAN_POINT('',(7.,8.7,10.));
#3209 = VECTOR('',#3210,1.);
#3210 = DIRECTION('',(2.2E-16,0.,-1.));
#3211 = ORIENTED_EDGE('',*,*,#2275,.T.);
#3212 = CYLINDRICAL_SURFACE('',#3213,0.6);
#3213 = AXIS2_PLACEMENT_3D('',#3214,#3215,#3216);
#3214 = CARTESIAN_POINT('',(7.6,8.7,10.));
#3215 = DIRECTION('',(-2.2E-16,0.,1.));
#3216 = DIRECTION('',(-1.,2.2E-16,-2.2E-16));
#3217 = ADVANCED_FACE('',(#3218),#3231,.T.);
#3218 = FACE_BOUND('',#3219,.F.);
#3219 = EDGE_LOOP('',(#3220,#3226,#3227,#3228,#3229,#3230));
#3220 = ORIENTED_EDGE('',*,*,#3221,.T.);
#3221 = EDGE_CURVE('',#1618,#2203,#3222,.T.);
#3222 = LINE('',#3223,#3224);
#3223 = CARTESIAN_POINT('',(7.,8.8,1.55E-15));
#3224 = VECTOR('',#3225,1.);
#3225 = DIRECTION('',(-2.2E-16,0.,1.));
#3226 = ORIENTED_EDGE('',*,*,#2251,.T.);
#3227 = ORIENTED_EDGE('',*,*,#3206,.T.);
#3228 = ORIENTED_EDGE('',*,*,#1233,.T.);
#3229 = ORIENTED_EDGE('',*,*,#3189,.F.);
#3230 = ORIENTED_EDGE('',*,*,#1617,.T.);
#3231 = PLANE('',#3232);
#3232 = AXIS2_PLACEMENT_3D('',#3233,#3234,#3235);
#3233 = CARTESIAN_POINT('',(7.,6.35,5.));
#3234 = DIRECTION('',(-1.,2.2E-16,-2.2E-16));
#3235 = DIRECTION('',(2.2E-16,0.,-1.));
#3236 = ADVANCED_FACE('',(#3237),#3248,.T.);
#3237 = FACE_BOUND('',#3238,.T.);
#3238 = EDGE_LOOP('',(#3239,#3245,#3246,#3247));
#3239 = ORIENTED_EDGE('',*,*,#3240,.T.);
#3240 = EDGE_CURVE('',#1716,#2090,#3241,.T.);
#3241 = LINE('',#3242,#3243);
#3242 = CARTESIAN_POINT('',(11.541874369909,9.8,2.56E-15));
#3243 = VECTOR('',#3244,1.);
#3244 = DIRECTION('',(-2.2E-16,0.,1.));
#3245 = ORIENTED_EDGE('',*,*,#2089,.F.);
#3246 = ORIENTED_EDGE('',*,*,#1480,.F.);
#3247 = ORIENTED_EDGE('',*,*,#1763,.F.);
#3248 = CYLINDRICAL_SURFACE('',#3249,2.);
#3249 = AXIS2_PLACEMENT_3D('',#3250,#3251,#3252);
#3250 = CARTESIAN_POINT('',(11.541874369909,7.8,2.56E-15));
#3251 = DIRECTION('',(2.2E-16,0.,-1.));
#3252 = DIRECTION('',(-1.,2.2E-16,-2.2E-16));
#3253 = ADVANCED_FACE('',(#3254),#3260,.T.);
#3254 = FACE_BOUND('',#3255,.F.);
#3255 = EDGE_LOOP('',(#3256,#3257,#3258,#3259));
#3256 = ORIENTED_EDGE('',*,*,#3037,.T.);
#3257 = ORIENTED_EDGE('',*,*,#1541,.T.);
#3258 = ORIENTED_EDGE('',*,*,#1499,.F.);
#3259 = ORIENTED_EDGE('',*,*,#1853,.T.);
#3260 = CYLINDRICAL_SURFACE('',#3261,1.);
#3261 = AXIS2_PLACEMENT_3D('',#3262,#3263,#3264);
#3262 = CARTESIAN_POINT('',(13.831851344353,4.861628196223,3.07E-15));
#3263 = DIRECTION('',(2.2E-16,0.,-1.));
#3264 = DIRECTION('',(-1.,2.2E-16,-2.2E-16));
#3265 = ADVANCED_FACE('',(#3266),#3285,.F.);
#3266 = FACE_BOUND('',#3267,.F.);
#3267 = EDGE_LOOP('',(#3268,#3276,#3277,#3278));
#3268 = ORIENTED_EDGE('',*,*,#3269,.F.);
#3269 = EDGE_CURVE('',#1569,#3270,#3272,.T.);
#3270 = VERTEX_POINT('',#3271);
#3271 = CARTESIAN_POINT('',(12.95,-3.E-15,9.4));
#3272 = LINE('',#3273,#3274);
#3273 = CARTESIAN_POINT('',(12.95,-2.88E-15,2.88E-15));
#3274 = VECTOR('',#3275,1.);
#3275 = DIRECTION('',(-2.2E-16,0.,1.));
#3276 = ORIENTED_EDGE('',*,*,#1568,.T.);
#3277 = ORIENTED_EDGE('',*,*,#3269,.T.);
#3278 = ORIENTED_EDGE('',*,*,#3279,.F.);
#3279 = EDGE_CURVE('',#3270,#3270,#3280,.T.);
#3280 = CIRCLE('',#3281,2.05);
#3281 = AXIS2_PLACEMENT_3D('',#3282,#3283,#3284);
#3282 = CARTESIAN_POINT('',(15.,-3.33E-15,9.4));
#3283 = DIRECTION('',(-2.2E-16,0.,1.));
#3284 = DIRECTION('',(-1.,2.2E-16,-2.2E-16));
#3285 = CYLINDRICAL_SURFACE('',#3286,2.05);
#3286 = AXIS2_PLACEMENT_3D('',#3287,#3288,#3289);
#3287 = CARTESIAN_POINT('',(15.,-3.33E-15,3.33E-15));
#3288 = DIRECTION('',(2.2E-16,0.,-1.));
#3289 = DIRECTION('',(-1.,2.2E-16,-2.2E-16));
#3290 = ADVANCED_FACE('',(#3291),#3302,.T.);
#3291 = FACE_BOUND('',#3292,.T.);
#3292 = EDGE_LOOP('',(#3293,#3294,#3295,#3301));
#3293 = ORIENTED_EDGE('',*,*,#3221,.T.);
#3294 = ORIENTED_EDGE('',*,*,#2202,.F.);
#3295 = ORIENTED_EDGE('',*,*,#3296,.F.);
#3296 = EDGE_CURVE('',#1666,#2146,#3297,.T.);
#3297 = LINE('',#3298,#3299);
#3298 = CARTESIAN_POINT('',(8.,9.8,1.78E-15));
#3299 = VECTOR('',#3300,1.);
#3300 = DIRECTION('',(-2.2E-16,0.,1.));
#3301 = ORIENTED_EDGE('',*,*,#1665,.F.);
#3302 = CYLINDRICAL_SURFACE('',#3303,1.);
#3303 = AXIS2_PLACEMENT_3D('',#3304,#3305,#3306);
#3304 = CARTESIAN_POINT('',(8.,8.8,1.78E-15));
#3305 = DIRECTION('',(2.2E-16,0.,-1.));
#3306 = DIRECTION('',(-1.,2.2E-16,-2.2E-16));
#3307 = ADVANCED_FACE('',(#3308),#3319,.T.);
#3308 = FACE_BOUND('',#3309,.F.);
#3309 = EDGE_LOOP('',(#3310,#3311,#3312,#3318));
#3310 = ORIENTED_EDGE('',*,*,#3146,.T.);
#3311 = ORIENTED_EDGE('',*,*,#2690,.F.);
#3312 = ORIENTED_EDGE('',*,*,#3313,.F.);
#3313 = EDGE_CURVE('',#1690,#2626,#3314,.T.);
#3314 = LINE('',#3315,#3316);
#3315 = CARTESIAN_POINT('',(-8.,9.8,0.));
#3316 = VECTOR('',#3317,1.);
#3317 = DIRECTION('',(0.,0.,1.));
#3318 = ORIENTED_EDGE('',*,*,#1697,.T.);
#3319 = CYLINDRICAL_SURFACE('',#3320,1.);
#3320 = AXIS2_PLACEMENT_3D('',#3321,#3322,#3323);
#3321 = CARTESIAN_POINT('',(-8.,8.8,0.));
#3322 = DIRECTION('',(-0.,-0.,-1.));
#3323 = DIRECTION('',(1.,0.,0.));
#3324 = ADVANCED_FACE('',(#3325),#3331,.F.);
#3325 = FACE_BOUND('',#3326,.T.);
#3326 = EDGE_LOOP('',(#3327,#3328,#3329,#3330));
#3327 = ORIENTED_EDGE('',*,*,#3296,.T.);
#3328 = ORIENTED_EDGE('',*,*,#2145,.F.);
#3329 = ORIENTED_EDGE('',*,*,#3240,.F.);
#3330 = ORIENTED_EDGE('',*,*,#1715,.F.);
#3331 = PLANE('',#3332);
#3332 = AXIS2_PLACEMENT_3D('',#3333,#3334,#3335);
#3333 = CARTESIAN_POINT('',(8.,9.8,1.78E-15));
#3334 = DIRECTION('',(-2.2E-16,-1.,-0.));
#3335 = DIRECTION('',(-1.,2.2E-16,-2.2E-16));
#3336 = ADVANCED_FACE('',(#3337),#3348,.F.);
#3337 = FACE_BOUND('',#3338,.F.);
#3338 = EDGE_LOOP('',(#3339,#3340,#3341,#3347));
#3339 = ORIENTED_EDGE('',*,*,#3313,.T.);
#3340 = ORIENTED_EDGE('',*,*,#2633,.F.);
#3341 = ORIENTED_EDGE('',*,*,#3342,.F.);
#3342 = EDGE_CURVE('',#1739,#2570,#3343,.T.);
#3343 = LINE('',#3344,#3345);
#3344 = CARTESIAN_POINT('',(-11.5418743699,9.8,0.));
#3345 = VECTOR('',#3346,1.);
#3346 = DIRECTION('',(0.,0.,1.));
#3347 = ORIENTED_EDGE('',*,*,#1746,.T.);
#3348 = PLANE('',#3349);
#3349 = AXIS2_PLACEMENT_3D('',#3350,#3351,#3352);
#3350 = CARTESIAN_POINT('',(-8.,9.8,0.));
#3351 = DIRECTION('',(0.,-1.,0.));
#3352 = DIRECTION('',(-1.,0.,0.));
#3353 = ADVANCED_FACE('',(#3354),#3360,.T.);
#3354 = FACE_BOUND('',#3355,.F.);
#3355 = EDGE_LOOP('',(#3356,#3357,#3358,#3359));
#3356 = ORIENTED_EDGE('',*,*,#3342,.T.);
#3357 = ORIENTED_EDGE('',*,*,#2577,.F.);
#3358 = ORIENTED_EDGE('',*,*,#2359,.F.);
#3359 = ORIENTED_EDGE('',*,*,#1793,.T.);
#3360 = CYLINDRICAL_SURFACE('',#3361,2.);
#3361 = AXIS2_PLACEMENT_3D('',#3362,#3363,#3364);
#3362 = CARTESIAN_POINT('',(-11.5418743699,7.8,0.));
#3363 = DIRECTION('',(-0.,-0.,-1.));
#3364 = DIRECTION('',(1.,0.,0.));
#3365 = ADVANCED_FACE('',(#3366),#3372,.T.);
#3366 = FACE_BOUND('',#3367,.T.);
#3367 = EDGE_LOOP('',(#3368,#3369,#3370,#3371));
#3368 = ORIENTED_EDGE('',*,*,#2941,.T.);
#3369 = ORIENTED_EDGE('',*,*,#2410,.T.);
#3370 = ORIENTED_EDGE('',*,*,#2368,.F.);
#3371 = ORIENTED_EDGE('',*,*,#1885,.F.);
#3372 = CYLINDRICAL_SURFACE('',#3373,1.);
#3373 = AXIS2_PLACEMENT_3D('',#3374,#3375,#3376);
#3374 = CARTESIAN_POINT('',(-13.83185134435,4.861628196223,0.));
#3375 = DIRECTION('',(0.,0.,-1.));
#3376 = DIRECTION('',(1.,0.,0.));
#3377 = ADVANCED_FACE('',(#3378),#3383,.T.);
#3378 = FACE_BOUND('',#3379,.T.);
#3379 = EDGE_LOOP('',(#3380,#3381,#3382));
#3380 = ORIENTED_EDGE('',*,*,#2030,.F.);
#3381 = ORIENTED_EDGE('',*,*,#2454,.T.);
#3382 = ORIENTED_EDGE('',*,*,#2000,.F.);
#3383 = PLANE('',#3384);
#3384 = AXIS2_PLACEMENT_3D('',#3385,#3386,#3387);
#3385 = CARTESIAN_POINT('',(9.6,-5.1,9.8));
#3386 = DIRECTION('',(-0.57735026919,0.57735026919,0.57735026919));
#3387 = DIRECTION('',(-0.707106781187,-8.326672684689E-17,
    -0.707106781187));
#3388 = ADVANCED_FACE('',(#3389),#3394,.T.);
#3389 = FACE_BOUND('',#3390,.T.);
#3390 = EDGE_LOOP('',(#3391,#3392,#3393));
#3391 = ORIENTED_EDGE('',*,*,#2062,.F.);
#3392 = ORIENTED_EDGE('',*,*,#2129,.T.);
#3393 = ORIENTED_EDGE('',*,*,#2968,.F.);
#3394 = PLANE('',#3395);
#3395 = AXIS2_PLACEMENT_3D('',#3396,#3397,#3398);
#3396 = CARTESIAN_POINT('',(11.9,-3.725403330759,10.));
#3397 = DIRECTION('',(-0.631054616162,-0.533338493815,0.563311745338));
#3398 = DIRECTION('',(-0.645497224368,0.763762615826,0.));
#3399 = ADVANCED_FACE('',(#3400),#3405,.F.);
#3400 = FACE_BOUND('',#3401,.F.);
#3401 = EDGE_LOOP('',(#3402,#3403,#3404));
#3402 = ORIENTED_EDGE('',*,*,#2185,.F.);
#3403 = ORIENTED_EDGE('',*,*,#2113,.T.);
#3404 = ORIENTED_EDGE('',*,*,#3098,.F.);
#3405 = PLANE('',#3406);
#3406 = AXIS2_PLACEMENT_3D('',#3407,#3408,#3409);
#3407 = CARTESIAN_POINT('',(11.9,6.725403330759,10.));
#3408 = DIRECTION('',(0.631054616162,-0.533338493815,-0.563311745338));
#3409 = DIRECTION('',(-0.645497224368,-0.763762615826,
    -1.110223024625E-16));
#3410 = ADVANCED_FACE('',(#3411),#3430,.F.);
#3411 = FACE_BOUND('',#3412,.T.);
#3412 = EDGE_LOOP('',(#3413,#3421,#3428,#3429));
#3413 = ORIENTED_EDGE('',*,*,#3414,.T.);
#3414 = EDGE_CURVE('',#2293,#3415,#3417,.T.);
#3415 = VERTEX_POINT('',#3416);
#3416 = CARTESIAN_POINT('',(12.6,-3.E-15,9.4));
#3417 = LINE('',#3418,#3419);
#3418 = CARTESIAN_POINT('',(12.6,-2.8E-15,10.));
#3419 = VECTOR('',#3420,1.);
#3420 = DIRECTION('',(2.2E-16,0.,-1.));
#3421 = ORIENTED_EDGE('',*,*,#3422,.T.);
#3422 = EDGE_CURVE('',#3415,#3415,#3423,.T.);
#3423 = CIRCLE('',#3424,2.4);
#3424 = AXIS2_PLACEMENT_3D('',#3425,#3426,#3427);
#3425 = CARTESIAN_POINT('',(15.,-3.33E-15,9.4));
#3426 = DIRECTION('',(2.2E-16,0.,-1.));
#3427 = DIRECTION('',(-1.,2.2E-16,-2.2E-16));
#3428 = ORIENTED_EDGE('',*,*,#3414,.F.);
#3429 = ORIENTED_EDGE('',*,*,#2302,.F.);
#3430 = CYLINDRICAL_SURFACE('',#3431,2.4);
#3431 = AXIS2_PLACEMENT_3D('',#3432,#3433,#3434);
#3432 = CARTESIAN_POINT('',(15.,-3.33E-15,10.));
#3433 = DIRECTION('',(-2.2E-16,0.,1.));
#3434 = DIRECTION('',(-1.,2.2E-16,-2.2E-16));
#3435 = ADVANCED_FACE('',(#3436),#3455,.F.);
#3436 = FACE_BOUND('',#3437,.T.);
#3437 = EDGE_LOOP('',(#3438,#3446,#3447,#3448));
#3438 = ORIENTED_EDGE('',*,*,#3439,.F.);
#3439 = EDGE_CURVE('',#2438,#3440,#3442,.T.);
#3440 = VERTEX_POINT('',#3441);
#3441 = CARTESIAN_POINT('',(-12.95,0.,9.4));
#3442 = LINE('',#3443,#3444);
#3443 = CARTESIAN_POINT('',(-12.95,0.,0.));
#3444 = VECTOR('',#3445,1.);
#3445 = DIRECTION('',(0.,0.,1.));
#3446 = ORIENTED_EDGE('',*,*,#2437,.T.);
#3447 = ORIENTED_EDGE('',*,*,#3439,.T.);
#3448 = ORIENTED_EDGE('',*,*,#3449,.F.);
#3449 = EDGE_CURVE('',#3440,#3440,#3450,.T.);
#3450 = CIRCLE('',#3451,2.05);
#3451 = AXIS2_PLACEMENT_3D('',#3452,#3453,#3454);
#3452 = CARTESIAN_POINT('',(-15.,0.,9.4));
#3453 = DIRECTION('',(0.,0.,-1.));
#3454 = DIRECTION('',(1.,0.,0.));
#3455 = CYLINDRICAL_SURFACE('',#3456,2.05);
#3456 = AXIS2_PLACEMENT_3D('',#3457,#3458,#3459);
#3457 = CARTESIAN_POINT('',(-15.,0.,0.));
#3458 = DIRECTION('',(-0.,-0.,-1.));
#3459 = DIRECTION('',(1.,0.,0.));
#3460 = ADVANCED_FACE('',(#3461),#3466,.F.);
#3461 = FACE_BOUND('',#3462,.F.);
#3462 = EDGE_LOOP('',(#3463,#3464,#3465));
#3463 = ORIENTED_EDGE('',*,*,#2502,.F.);
#3464 = ORIENTED_EDGE('',*,*,#2796,.T.);
#3465 = ORIENTED_EDGE('',*,*,#2479,.F.);
#3466 = PLANE('',#3467);
#3467 = AXIS2_PLACEMENT_3D('',#3468,#3469,#3470);
#3468 = CARTESIAN_POINT('',(-9.6,-5.1,9.8));
#3469 = DIRECTION('',(-0.57735026919,-0.57735026919,-0.57735026919));
#3470 = DIRECTION('',(0.707106781187,-3.136380044566E-15,-0.707106781187
    ));
#3471 = ADVANCED_FACE('',(#3472),#3477,.F.);
#3472 = FACE_BOUND('',#3473,.F.);
#3473 = EDGE_LOOP('',(#3474,#3475,#3476));
#3474 = ORIENTED_EDGE('',*,*,#2541,.F.);
#3475 = ORIENTED_EDGE('',*,*,#2601,.T.);
#3476 = ORIENTED_EDGE('',*,*,#2860,.F.);
#3477 = PLANE('',#3478);
#3478 = AXIS2_PLACEMENT_3D('',#3479,#3480,#3481);
#3479 = CARTESIAN_POINT('',(-11.9,-3.725403330759,10.));
#3480 = DIRECTION('',(-0.631054616162,0.533338493815,-0.563311745338));
#3481 = DIRECTION('',(0.645497224368,0.763762615826,2.775557561563E-17)
  );
#3482 = ADVANCED_FACE('',(#3483),#3488,.T.);
#3483 = FACE_BOUND('',#3484,.T.);
#3484 = EDGE_LOOP('',(#3485,#3486,#3487));
#3485 = ORIENTED_EDGE('',*,*,#2656,.F.);
#3486 = ORIENTED_EDGE('',*,*,#2592,.T.);
#3487 = ORIENTED_EDGE('',*,*,#3021,.F.);
#3488 = PLANE('',#3489);
#3489 = AXIS2_PLACEMENT_3D('',#3490,#3491,#3492);
#3490 = CARTESIAN_POINT('',(-11.9,6.725403330759,10.));
#3491 = DIRECTION('',(0.631054616162,0.533338493815,0.563311745338));
#3492 = DIRECTION('',(0.645497224368,-0.763762615826,-1.110223024625E-16
    ));
#3493 = ADVANCED_FACE('',(#3494),#3513,.F.);
#3494 = FACE_BOUND('',#3495,.F.);
#3495 = EDGE_LOOP('',(#3496,#3504,#3511,#3512));
#3496 = ORIENTED_EDGE('',*,*,#3497,.T.);
#3497 = EDGE_CURVE('',#2772,#3498,#3500,.T.);
#3498 = VERTEX_POINT('',#3499);
#3499 = CARTESIAN_POINT('',(-12.6,0.,9.4));
#3500 = LINE('',#3501,#3502);
#3501 = CARTESIAN_POINT('',(-12.6,0.,10.));
#3502 = VECTOR('',#3503,1.);
#3503 = DIRECTION('',(-0.,-0.,-1.));
#3504 = ORIENTED_EDGE('',*,*,#3505,.T.);
#3505 = EDGE_CURVE('',#3498,#3498,#3506,.T.);
#3506 = CIRCLE('',#3507,2.4);
#3507 = AXIS2_PLACEMENT_3D('',#3508,#3509,#3510);
#3508 = CARTESIAN_POINT('',(-15.,0.,9.4));
#3509 = DIRECTION('',(0.,0.,1.));
#3510 = DIRECTION('',(1.,0.,0.));
#3511 = ORIENTED_EDGE('',*,*,#3497,.F.);
#3512 = ORIENTED_EDGE('',*,*,#2781,.F.);
#3513 = CYLINDRICAL_SURFACE('',#3514,2.4);
#3514 = AXIS2_PLACEMENT_3D('',#3515,#3516,#3517);
#3515 = CARTESIAN_POINT('',(-15.,0.,10.));
#3516 = DIRECTION('',(0.,0.,1.));
#3517 = DIRECTION('',(1.,0.,0.));
#3518 = ADVANCED_FACE('',(#3519,#3522),#3525,.T.);
#3519 = FACE_BOUND('',#3520,.F.);
#3520 = EDGE_LOOP('',(#3521));
#3521 = ORIENTED_EDGE('',*,*,#3422,.T.);
#3522 = FACE_BOUND('',#3523,.F.);
#3523 = EDGE_LOOP('',(#3524));
#3524 = ORIENTED_EDGE('',*,*,#3279,.T.);
#3525 = PLANE('',#3526);
#3526 = AXIS2_PLACEMENT_3D('',#3527,#3528,#3529);
#3527 = CARTESIAN_POINT('',(15.,-3.29E-15,9.4));
#3528 = DIRECTION('',(-2.2E-16,0.,1.));
#3529 = DIRECTION('',(1.,-2.2E-16,2.2E-16));
#3530 = ADVANCED_FACE('',(#3531,#3534),#3537,.T.);
#3531 = FACE_BOUND('',#3532,.T.);
#3532 = EDGE_LOOP('',(#3533));
#3533 = ORIENTED_EDGE('',*,*,#3505,.T.);
#3534 = FACE_BOUND('',#3535,.T.);
#3535 = EDGE_LOOP('',(#3536));
#3536 = ORIENTED_EDGE('',*,*,#3449,.T.);
#3537 = PLANE('',#3538);
#3538 = AXIS2_PLACEMENT_3D('',#3539,#3540,#3541);
#3539 = CARTESIAN_POINT('',(-15.,4.E-17,9.4));
#3540 = DIRECTION('',(0.,0.,1.));
#3541 = DIRECTION('',(1.,0.,0.));
#3542 = ( GEOMETRIC_REPRESENTATION_CONTEXT(3) 
GLOBAL_UNCERTAINTY_ASSIGNED_CONTEXT((#3546)) 
GLOBAL_UNIT_ASSIGNED_CONTEXT((#3543,#3544,#3545)) REPRESENTATION_CONTEXT
('Context #1','3D Context with UNIT and UNCERTAINTY') );
#3543 = ( LENGTH_UNIT() NAMED_UNIT(*) SI_UNIT(.MILLI.,.METRE.) );
#3544 = ( NAMED_UNIT(*) PLANE_ANGLE_UNIT() SI_UNIT($,.RADIAN.) );
#3545 = ( NAMED_UNIT(*) SI_UNIT($,.STERADIAN.) SOLID_ANGLE_UNIT() );
#3546 = UNCERTAINTY_MEASURE_WITH_UNIT(LENGTH_MEASURE(5.E-06),#3543,
  'distance_accuracy_value','confusion accuracy');
#3547 = PRODUCT_RELATED_PRODUCT_CATEGORY('part',$,(#7));
ENDSEC;
END-ISO-10303-21;
