ISO-10303-21;
HEADER;
FILE_DESCRIPTION(('FreeCAD Model'),'2;1');
FILE_NAME('Open CASCADE Shape Model','2026-05-19T03:21:51',(''),(''),
  'Open CASCADE STEP processor 7.8','FreeCAD','Unknown');
FILE_SCHEMA(('AUTOMOTIVE_DESIGN { 1 0 10303 214 1 1 1 1 }'));
ENDSEC;
DATA;
#1 = APPLICATION_PROTOCOL_DEFINITION('international standard',
  'automotive_design',2000,#2);
#2 = APPLICATION_CONTEXT(
  'core data for automotive mechanical design processes');
#3 = SHAPE_DEFINITION_REPRESENTATION(#4,#10);
#4 = PRODUCT_DEFINITION_SHAPE('','',#5);
#5 = PRODUCT_DEFINITION('design','',#6,#9);
#6 = PRODUCT_DEFINITION_FORMATION('','',#7);
#7 = PRODUCT('B_handle','B_handle','',(#8));
#8 = PRODUCT_CONTEXT('',#2,'mechanical');
#9 = PRODUCT_DEFINITION_CONTEXT('part definition',#2,'design');
#10 = ADVANCED_BREP_SHAPE_REPRESENTATION('',(#11,#15),#4199);
#11 = AXIS2_PLACEMENT_3D('',#12,#13,#14);
#12 = CARTESIAN_POINT('',(0.,0.,0.));
#13 = DIRECTION('',(0.,0.,1.));
#14 = DIRECTION('',(1.,0.,-0.));
#15 = MANIFOLD_SOLID_BREP('',#16);
#16 = CLOSED_SHELL('',(#17,#379,#412,#443,#479,#510,#535,#570,#596,#638,
    #663,#716,#742,#768,#793,#818,#844,#870,#895,#936,#962,#996,#1022,
    #1047,#1073,#1099,#1125,#1150,#1175,#1201,#1227,#1252,#1305,#1331,
    #1372,#1397,#1432,#1458,#1482,#1507,#1538,#1574,#1599,#1624,#1655,
    #1679,#1713,#1738,#2054,#2089,#2106,#2131,#2178,#2223,#2247,#2269,
    #2327,#2352,#2377,#2401,#2425,#2450,#2475,#2499,#2557,#2581,#2606,
    #2658,#2693,#2718,#2743,#2767,#2791,#2816,#2841,#2865,#2889,#2957,
    #2994,#3019,#3055,#3079,#3104,#3129,#3153,#3180,#3222,#3239,#3264,
    #3288,#3305,#3329,#3346,#3358,#3386,#3410,#3427,#3455,#3473,#3491,
    #3509,#3527,#3545,#3563,#3581,#3599,#3617,#3635,#3669,#3687,#3710,
    #3728,#3746,#3764,#3782,#3800,#3818,#3836,#3854,#3866,#3884,#3902,
    #3920,#3938,#3950,#3985,#4026,#4038,#4082,#4106,#4134,#4170,#4187));
#17 = ADVANCED_FACE('',(#18),#374,.T.);
#18 = FACE_BOUND('',#19,.T.);
#19 = EDGE_LOOP('',(#20,#30,#39,#47,#56,#64,#73,#81,#90,#98,#107,#116,
    #125,#134,#142,#151,#159,#168,#176,#185,#193,#202,#210,#218,#226,
    #234,#242,#250,#259,#267,#276,#284,#293,#302,#310,#319,#327,#336,
    #344,#352,#360,#368));
#20 = ORIENTED_EDGE('',*,*,#21,.T.);
#21 = EDGE_CURVE('',#22,#24,#26,.T.);
#22 = VERTEX_POINT('',#23);
#23 = CARTESIAN_POINT('',(-35.2,3.E-15,1.2));
#24 = VERTEX_POINT('',#25);
#25 = CARTESIAN_POINT('',(-40.5,7.E-15,1.2));
#26 = LINE('',#27,#28);
#27 = CARTESIAN_POINT('',(-35.,6.84E-15,1.2));
#28 = VECTOR('',#29,1.);
#29 = DIRECTION('',(-1.,0.,0.));
#30 = ORIENTED_EDGE('',*,*,#31,.T.);
#31 = EDGE_CURVE('',#24,#32,#34,.T.);
#32 = VERTEX_POINT('',#33);
#33 = CARTESIAN_POINT('',(-40.8,6.E-15,1.5));
#34 = CIRCLE('',#35,0.3);
#35 = AXIS2_PLACEMENT_3D('',#36,#37,#38);
#36 = CARTESIAN_POINT('',(-40.5,6.86E-15,1.5));
#37 = DIRECTION('',(0.,1.,2.2E-16));
#38 = DIRECTION('',(0.,2.2E-16,-1.));
#39 = ORIENTED_EDGE('',*,*,#40,.T.);
#40 = EDGE_CURVE('',#32,#41,#43,.T.);
#41 = VERTEX_POINT('',#42);
#42 = CARTESIAN_POINT('',(-40.8,4.E-15,12.364971157456));
#43 = LINE('',#44,#45);
#44 = CARTESIAN_POINT('',(-40.8,6.99E-15,1.5));
#45 = VECTOR('',#46,1.);
#46 = DIRECTION('',(0.,0.,1.));
#47 = ORIENTED_EDGE('',*,*,#48,.T.);
#48 = EDGE_CURVE('',#41,#49,#51,.T.);
#49 = VERTEX_POINT('',#50);
#50 = CARTESIAN_POINT('',(-41.59081169079,1.E-15,14.274159466659));
#51 = CIRCLE('',#52,2.7);
#52 = AXIS2_PLACEMENT_3D('',#53,#54,#55);
#53 = CARTESIAN_POINT('',(-43.5,4.45E-15,12.364971157456));
#54 = DIRECTION('',(0.,-1.,-2.2E-16));
#55 = DIRECTION('',(1.,2.596E-31,-1.18E-15));
#56 = ORIENTED_EDGE('',*,*,#57,.T.);
#57 = EDGE_CURVE('',#49,#58,#60,.T.);
#58 = VERTEX_POINT('',#59);
#59 = CARTESIAN_POINT('',(-46.87939392393,0.,19.562741699797));
#60 = LINE('',#61,#62);
#61 = CARTESIAN_POINT('',(-41.59081169079,3.94E-15,14.274159466659));
#62 = VECTOR('',#63,1.);
#63 = DIRECTION('',(-0.707106781187,0.,0.707106781187));
#64 = ORIENTED_EDGE('',*,*,#65,.T.);
#65 = EDGE_CURVE('',#58,#66,#68,.T.);
#66 = VERTEX_POINT('',#67);
#67 = CARTESIAN_POINT('',(-51.8,-7.E-15,31.442135623731));
#68 = CIRCLE('',#69,16.8);
#69 = AXIS2_PLACEMENT_3D('',#70,#71,#72);
#70 = CARTESIAN_POINT('',(-35.,2.1E-16,31.442135623731));
#71 = DIRECTION('',(0.,1.,2.2E-16));
#72 = DIRECTION('',(-0.707106781187,1.55563491861E-16,-0.707106781187));
#73 = ORIENTED_EDGE('',*,*,#74,.T.);
#74 = EDGE_CURVE('',#66,#75,#77,.T.);
#75 = VERTEX_POINT('',#76);
#76 = CARTESIAN_POINT('',(-51.8,-1.9E-14,89.3));
#77 = LINE('',#78,#79);
#78 = CARTESIAN_POINT('',(-51.8,3.5E-16,31.442135623731));
#79 = VECTOR('',#80,1.);
#80 = DIRECTION('',(0.,0.,1.));
#81 = ORIENTED_EDGE('',*,*,#82,.T.);
#82 = EDGE_CURVE('',#75,#83,#85,.T.);
#83 = VERTEX_POINT('',#84);
#84 = CARTESIAN_POINT('',(-31.,-4.2E-14,110.1));
#85 = CIRCLE('',#86,20.8);
#86 = AXIS2_PLACEMENT_3D('',#87,#88,#89);
#87 = CARTESIAN_POINT('',(-31.,-1.264E-14,89.3));
#88 = DIRECTION('',(0.,1.,2.2E-16));
#89 = DIRECTION('',(-1.,1.43E-31,-6.5E-16));
#90 = ORIENTED_EDGE('',*,*,#91,.T.);
#91 = EDGE_CURVE('',#83,#92,#94,.T.);
#92 = VERTEX_POINT('',#93);
#93 = CARTESIAN_POINT('',(-14.,-4.2E-14,110.1));
#94 = LINE('',#95,#96);
#95 = CARTESIAN_POINT('',(-31.,-1.712E-14,110.1));
#96 = VECTOR('',#97,1.);
#97 = DIRECTION('',(1.,0.,0.));
#98 = ORIENTED_EDGE('',*,*,#99,.T.);
#99 = EDGE_CURVE('',#92,#100,#102,.T.);
#100 = VERTEX_POINT('',#101);
#101 = CARTESIAN_POINT('',(-5.04,-4.4E-14,114.58));
#102 = CIRCLE('',#103,11.2);
#103 = AXIS2_PLACEMENT_3D('',#104,#105,#106);
#104 = CARTESIAN_POINT('',(-14.,-1.974E-14,121.3));
#105 = DIRECTION('',(0.,-1.,-2.2E-16));
#106 = DIRECTION('',(-1.8E-16,2.2E-16,-1.));
#107 = ORIENTED_EDGE('',*,*,#108,.T.);
#108 = EDGE_CURVE('',#100,#109,#111,.T.);
#109 = VERTEX_POINT('',#110);
#110 = CARTESIAN_POINT('',(-8.E-15,-4.5E-14,117.1));
#111 = CIRCLE('',#112,6.3);
#112 = AXIS2_PLACEMENT_3D('',#113,#114,#115);
#113 = CARTESIAN_POINT('',(0.,-1.741E-14,110.8));
#114 = DIRECTION('',(0.,1.,2.2E-16));
#115 = DIRECTION('',(-0.8,-1.32E-16,0.6));
#116 = ORIENTED_EDGE('',*,*,#117,.T.);
#117 = EDGE_CURVE('',#109,#118,#120,.T.);
#118 = VERTEX_POINT('',#119);
#119 = CARTESIAN_POINT('',(5.04,-4.4E-14,114.58));
#120 = CIRCLE('',#121,6.3);
#121 = AXIS2_PLACEMENT_3D('',#122,#123,#124);
#122 = CARTESIAN_POINT('',(0.,-1.741E-14,110.8));
#123 = DIRECTION('',(0.,1.,2.2E-16));
#124 = DIRECTION('',(3.8E-16,-2.2E-16,1.));
#125 = ORIENTED_EDGE('',*,*,#126,.T.);
#126 = EDGE_CURVE('',#118,#127,#129,.T.);
#127 = VERTEX_POINT('',#128);
#128 = CARTESIAN_POINT('',(14.,-4.2E-14,110.1));
#129 = CIRCLE('',#130,11.2);
#130 = AXIS2_PLACEMENT_3D('',#131,#132,#133);
#131 = CARTESIAN_POINT('',(14.,-1.974E-14,121.3));
#132 = DIRECTION('',(-1.232595164408E-32,-1.,-2.2E-16));
#133 = DIRECTION('',(-0.8,1.32E-16,-0.6));
#134 = ORIENTED_EDGE('',*,*,#135,.T.);
#135 = EDGE_CURVE('',#127,#136,#138,.T.);
#136 = VERTEX_POINT('',#137);
#137 = CARTESIAN_POINT('',(31.,-4.2E-14,110.1));
#138 = LINE('',#139,#140);
#139 = CARTESIAN_POINT('',(14.,-1.734E-14,110.1));
#140 = VECTOR('',#141,1.);
#141 = DIRECTION('',(1.,0.,0.));
#142 = ORIENTED_EDGE('',*,*,#143,.T.);
#143 = EDGE_CURVE('',#136,#144,#146,.T.);
#144 = VERTEX_POINT('',#145);
#145 = CARTESIAN_POINT('',(51.8,-3.3E-14,89.3));
#146 = CIRCLE('',#147,20.8);
#147 = AXIS2_PLACEMENT_3D('',#148,#149,#150);
#148 = CARTESIAN_POINT('',(31.,-1.264E-14,89.3));
#149 = DIRECTION('',(0.,1.,2.2E-16));
#150 = DIRECTION('',(3.2E-16,-2.2E-16,1.));
#151 = ORIENTED_EDGE('',*,*,#152,.T.);
#152 = EDGE_CURVE('',#144,#153,#155,.T.);
#153 = VERTEX_POINT('',#154);
#154 = CARTESIAN_POINT('',(51.8,-7.E-15,31.442135623731));
#155 = LINE('',#156,#157);
#156 = CARTESIAN_POINT('',(51.8,-1.25E-14,89.3));
#157 = VECTOR('',#158,1.);
#158 = DIRECTION('',(0.,2.2E-16,-1.));
#159 = ORIENTED_EDGE('',*,*,#160,.T.);
#160 = EDGE_CURVE('',#153,#161,#163,.T.);
#161 = VERTEX_POINT('',#162);
#162 = CARTESIAN_POINT('',(46.879393923934,-2.E-15,19.562741699797));
#163 = CIRCLE('',#164,16.8);
#164 = AXIS2_PLACEMENT_3D('',#165,#166,#167);
#165 = CARTESIAN_POINT('',(35.,2.1E-16,31.442135623731));
#166 = DIRECTION('',(0.,1.,2.2E-16));
#167 = DIRECTION('',(1.,-4.4E-32,2.E-16));
#168 = ORIENTED_EDGE('',*,*,#169,.T.);
#169 = EDGE_CURVE('',#161,#170,#172,.T.);
#170 = VERTEX_POINT('',#171);
#171 = CARTESIAN_POINT('',(41.590811690796,1.E-15,14.274159466659));
#172 = LINE('',#173,#174);
#173 = CARTESIAN_POINT('',(46.879393923934,2.76E-15,19.562741699797));
#174 = VECTOR('',#175,1.);
#175 = DIRECTION('',(-0.707106781187,1.6E-16,-0.707106781187));
#176 = ORIENTED_EDGE('',*,*,#177,.T.);
#177 = EDGE_CURVE('',#170,#178,#180,.T.);
#178 = VERTEX_POINT('',#179);
#179 = CARTESIAN_POINT('',(40.8,2.E-15,12.364971157456));
#180 = CIRCLE('',#181,2.7);
#181 = AXIS2_PLACEMENT_3D('',#182,#183,#184);
#182 = CARTESIAN_POINT('',(43.5,4.45E-15,12.364971157456));
#183 = DIRECTION('',(-1.232595164408E-32,-1.,-2.2E-16));
#184 = DIRECTION('',(-0.707106781187,-1.55563491861E-16,0.707106781187)
  );
#185 = ORIENTED_EDGE('',*,*,#186,.T.);
#186 = EDGE_CURVE('',#178,#187,#189,.T.);
#187 = VERTEX_POINT('',#188);
#188 = CARTESIAN_POINT('',(40.8,7.E-15,1.5));
#189 = LINE('',#190,#191);
#190 = CARTESIAN_POINT('',(40.8,4.58E-15,12.364971157456));
#191 = VECTOR('',#192,1.);
#192 = DIRECTION('',(0.,2.2E-16,-1.));
#193 = ORIENTED_EDGE('',*,*,#194,.T.);
#194 = EDGE_CURVE('',#187,#195,#197,.T.);
#195 = VERTEX_POINT('',#196);
#196 = CARTESIAN_POINT('',(40.5,7.E-15,1.2));
#197 = CIRCLE('',#198,0.3);
#198 = AXIS2_PLACEMENT_3D('',#199,#200,#201);
#199 = CARTESIAN_POINT('',(40.5,6.86E-15,1.5));
#200 = DIRECTION('',(0.,1.,2.2E-16));
#201 = DIRECTION('',(1.,-3.3E-32,1.5E-16));
#202 = ORIENTED_EDGE('',*,*,#203,.T.);
#203 = EDGE_CURVE('',#195,#204,#206,.T.);
#204 = VERTEX_POINT('',#205);
#205 = CARTESIAN_POINT('',(35.2,3.E-15,1.2));
#206 = LINE('',#207,#208);
#207 = CARTESIAN_POINT('',(40.5,6.84E-15,1.2));
#208 = VECTOR('',#209,1.);
#209 = DIRECTION('',(-1.,0.,0.));
#210 = ORIENTED_EDGE('',*,*,#211,.F.);
#211 = EDGE_CURVE('',#212,#204,#214,.T.);
#212 = VERTEX_POINT('',#213);
#213 = CARTESIAN_POINT('',(35.2,3.E-15,1.5));
#214 = LINE('',#215,#216);
#215 = CARTESIAN_POINT('',(35.2,6.86E-15,1.5));
#216 = VECTOR('',#217,1.);
#217 = DIRECTION('',(-0.,2.2E-16,-1.));
#218 = ORIENTED_EDGE('',*,*,#219,.F.);
#219 = EDGE_CURVE('',#220,#212,#222,.T.);
#220 = VERTEX_POINT('',#221);
#221 = CARTESIAN_POINT('',(38.,-1.E-15,1.5));
#222 = LINE('',#223,#224);
#223 = CARTESIAN_POINT('',(38.,-3.3E-16,1.5));
#224 = VECTOR('',#225,1.);
#225 = DIRECTION('',(-1.,0.,0.));
#226 = ORIENTED_EDGE('',*,*,#227,.F.);
#227 = EDGE_CURVE('',#228,#220,#230,.T.);
#228 = VERTEX_POINT('',#229);
#229 = CARTESIAN_POINT('',(38.,-6.E-15,13.3));
#230 = LINE('',#231,#232);
#231 = CARTESIAN_POINT('',(38.,-2.95E-15,13.3));
#232 = VECTOR('',#233,1.);
#233 = DIRECTION('',(0.,2.2E-16,-1.));
#234 = ORIENTED_EDGE('',*,*,#235,.F.);
#235 = EDGE_CURVE('',#236,#228,#238,.T.);
#236 = VERTEX_POINT('',#237);
#237 = CARTESIAN_POINT('',(36.586143571374,1.E-15,13.3));
#238 = LINE('',#239,#240);
#239 = CARTESIAN_POINT('',(33.,-2.95E-15,13.3));
#240 = VECTOR('',#241,1.);
#241 = DIRECTION('',(1.,0.,0.));
#242 = ORIENTED_EDGE('',*,*,#243,.T.);
#243 = EDGE_CURVE('',#236,#244,#246,.T.);
#244 = VERTEX_POINT('',#245);
#245 = CARTESIAN_POINT('',(44.864139597552,-3.E-15,21.577996026179));
#246 = LINE('',#247,#248);
#247 = CARTESIAN_POINT('',(35.793071785687,3.88E-15,12.506928214313));
#248 = VECTOR('',#249,1.);
#249 = DIRECTION('',(0.707106781187,-1.6E-16,0.707106781187));
#250 = ORIENTED_EDGE('',*,*,#251,.T.);
#251 = EDGE_CURVE('',#244,#252,#254,.T.);
#252 = VERTEX_POINT('',#253);
#253 = CARTESIAN_POINT('',(48.95,-7.E-15,31.442135623731));
#254 = CIRCLE('',#255,13.95);
#255 = AXIS2_PLACEMENT_3D('',#256,#257,#258);
#256 = CARTESIAN_POINT('',(35.,2.1E-16,31.442135623731));
#257 = DIRECTION('',(0.,-1.,-2.2E-16));
#258 = DIRECTION('',(0.707106781187,1.55563491861E-16,-0.707106781187));
#259 = ORIENTED_EDGE('',*,*,#260,.T.);
#260 = EDGE_CURVE('',#252,#261,#263,.T.);
#261 = VERTEX_POINT('',#262);
#262 = CARTESIAN_POINT('',(48.95,-3.2E-14,89.3));
#263 = LINE('',#264,#265);
#264 = CARTESIAN_POINT('',(48.95,1.01E-15,31.442135623731));
#265 = VECTOR('',#266,1.);
#266 = DIRECTION('',(0.,-2.2E-16,1.));
#267 = ORIENTED_EDGE('',*,*,#268,.T.);
#268 = EDGE_CURVE('',#261,#269,#271,.T.);
#269 = VERTEX_POINT('',#270);
#270 = CARTESIAN_POINT('',(31.,-4.1E-14,107.25));
#271 = CIRCLE('',#272,17.95);
#272 = AXIS2_PLACEMENT_3D('',#273,#274,#275);
#273 = CARTESIAN_POINT('',(31.,-1.264E-14,89.3));
#274 = DIRECTION('',(0.,-1.,-2.2E-16));
#275 = DIRECTION('',(1.,2.244E-31,-1.02E-15));
#276 = ORIENTED_EDGE('',*,*,#277,.T.);
#277 = EDGE_CURVE('',#269,#278,#280,.T.);
#278 = VERTEX_POINT('',#279);
#279 = CARTESIAN_POINT('',(2.887472943596,-4.E-14,107.25));
#280 = LINE('',#281,#282);
#281 = CARTESIAN_POINT('',(31.,-1.582E-14,107.25));
#282 = VECTOR('',#283,1.);
#283 = DIRECTION('',(-1.,0.,0.));
#284 = ORIENTED_EDGE('',*,*,#285,.T.);
#285 = EDGE_CURVE('',#278,#286,#288,.T.);
#286 = VERTEX_POINT('',#287);
#287 = CARTESIAN_POINT('',(-2.E-15,-4.4E-14,114.5));
#288 = CIRCLE('',#289,4.2);
#289 = AXIS2_PLACEMENT_3D('',#290,#291,#292);
#290 = CARTESIAN_POINT('',(0.,-1.73E-14,110.3));
#291 = DIRECTION('',(0.,-1.,-2.2E-16));
#292 = DIRECTION('',(1.8E-16,2.2E-16,-1.));
#293 = ORIENTED_EDGE('',*,*,#294,.T.);
#294 = EDGE_CURVE('',#286,#295,#297,.T.);
#295 = VERTEX_POINT('',#296);
#296 = CARTESIAN_POINT('',(-2.887472943596,-4.1E-14,107.25));
#297 = CIRCLE('',#298,4.2);
#298 = AXIS2_PLACEMENT_3D('',#299,#300,#301);
#299 = CARTESIAN_POINT('',(0.,-1.73E-14,110.3));
#300 = DIRECTION('',(0.,-1.,-2.2E-16));
#301 = DIRECTION('',(-3.8E-16,-2.2E-16,1.));
#302 = ORIENTED_EDGE('',*,*,#303,.T.);
#303 = EDGE_CURVE('',#295,#304,#306,.T.);
#304 = VERTEX_POINT('',#305);
#305 = CARTESIAN_POINT('',(-31.,-4.E-14,107.25));
#306 = LINE('',#307,#308);
#307 = CARTESIAN_POINT('',(31.,-1.582E-14,107.25));
#308 = VECTOR('',#309,1.);
#309 = DIRECTION('',(-1.,0.,0.));
#310 = ORIENTED_EDGE('',*,*,#311,.T.);
#311 = EDGE_CURVE('',#304,#312,#314,.T.);
#312 = VERTEX_POINT('',#313);
#313 = CARTESIAN_POINT('',(-48.95,-3.3E-14,89.3));
#314 = CIRCLE('',#315,17.95);
#315 = AXIS2_PLACEMENT_3D('',#316,#317,#318);
#316 = CARTESIAN_POINT('',(-31.,-1.264E-14,89.3));
#317 = DIRECTION('',(0.,-1.,-2.2E-16));
#318 = DIRECTION('',(-5.1E-16,-2.2E-16,1.));
#319 = ORIENTED_EDGE('',*,*,#320,.T.);
#320 = EDGE_CURVE('',#312,#321,#323,.T.);
#321 = VERTEX_POINT('',#322);
#322 = CARTESIAN_POINT('',(-48.95,-1.9E-14,31.442135623731));
#323 = LINE('',#324,#325);
#324 = CARTESIAN_POINT('',(-48.95,-1.183E-14,89.3));
#325 = VECTOR('',#326,1.);
#326 = DIRECTION('',(0.,0.,-1.));
#327 = ORIENTED_EDGE('',*,*,#328,.T.);
#328 = EDGE_CURVE('',#321,#329,#331,.T.);
#329 = VERTEX_POINT('',#330);
#330 = CARTESIAN_POINT('',(-44.86413959755,-2.E-15,21.577996026179));
#331 = CIRCLE('',#332,13.95);
#332 = AXIS2_PLACEMENT_3D('',#333,#334,#335);
#333 = CARTESIAN_POINT('',(-35.,2.1E-16,31.442135623731));
#334 = DIRECTION('',(-0.,-1.,-2.2E-16));
#335 = DIRECTION('',(-1.,0.,0.));
#336 = ORIENTED_EDGE('',*,*,#337,.T.);
#337 = EDGE_CURVE('',#329,#338,#340,.T.);
#338 = VERTEX_POINT('',#339);
#339 = CARTESIAN_POINT('',(-36.58614357137,-1.E-15,13.3));
#340 = LINE('',#341,#342);
#341 = CARTESIAN_POINT('',(-44.86413959755,2.31E-15,21.577996026179));
#342 = VECTOR('',#343,1.);
#343 = DIRECTION('',(0.707106781187,0.,-0.707106781187));
#344 = ORIENTED_EDGE('',*,*,#345,.T.);
#345 = EDGE_CURVE('',#338,#346,#348,.T.);
#346 = VERTEX_POINT('',#347);
#347 = CARTESIAN_POINT('',(-38.,-3.E-15,13.3));
#348 = LINE('',#349,#350);
#349 = CARTESIAN_POINT('',(-33.,-2.95E-15,13.3));
#350 = VECTOR('',#351,1.);
#351 = DIRECTION('',(-1.,0.,0.));
#352 = ORIENTED_EDGE('',*,*,#353,.T.);
#353 = EDGE_CURVE('',#346,#354,#356,.T.);
#354 = VERTEX_POINT('',#355);
#355 = CARTESIAN_POINT('',(-38.,0.,1.5));
#356 = LINE('',#357,#358);
#357 = CARTESIAN_POINT('',(-38.,-2.95E-15,13.3));
#358 = VECTOR('',#359,1.);
#359 = DIRECTION('',(0.,2.2E-16,-1.));
#360 = ORIENTED_EDGE('',*,*,#361,.T.);
#361 = EDGE_CURVE('',#354,#362,#364,.T.);
#362 = VERTEX_POINT('',#363);
#363 = CARTESIAN_POINT('',(-35.2,3.E-15,1.5));
#364 = LINE('',#365,#366);
#365 = CARTESIAN_POINT('',(-38.,-3.3E-16,1.5));
#366 = VECTOR('',#367,1.);
#367 = DIRECTION('',(1.,0.,0.));
#368 = ORIENTED_EDGE('',*,*,#369,.T.);
#369 = EDGE_CURVE('',#362,#22,#370,.T.);
#370 = LINE('',#371,#372);
#371 = CARTESIAN_POINT('',(-35.2,6.86E-15,1.5));
#372 = VECTOR('',#373,1.);
#373 = DIRECTION('',(0.,0.,-1.));
#374 = PLANE('',#375);
#375 = AXIS2_PLACEMENT_3D('',#376,#377,#378);
#376 = CARTESIAN_POINT('',(1.5E-15,-7.19E-15,64.770483225568));
#377 = DIRECTION('',(0.,1.,2.2E-16));
#378 = DIRECTION('',(-1.,0.,0.));
#379 = ADVANCED_FACE('',(#380),#407,.T.);
#380 = FACE_BOUND('',#381,.T.);
#381 = EDGE_LOOP('',(#382,#383,#392,#400));
#382 = ORIENTED_EDGE('',*,*,#21,.F.);
#383 = ORIENTED_EDGE('',*,*,#384,.T.);
#384 = EDGE_CURVE('',#22,#385,#387,.T.);
#385 = VERTEX_POINT('',#386);
#386 = CARTESIAN_POINT('',(-35.2,-1.2,0.));
#387 = CIRCLE('',#388,1.2);
#388 = AXIS2_PLACEMENT_3D('',#389,#390,#391);
#389 = CARTESIAN_POINT('',(-35.2,-1.2,1.2));
#390 = DIRECTION('',(-1.,0.,0.));
#391 = DIRECTION('',(0.,1.,4.1E-16));
#392 = ORIENTED_EDGE('',*,*,#393,.T.);
#393 = EDGE_CURVE('',#385,#394,#396,.T.);
#394 = VERTEX_POINT('',#395);
#395 = CARTESIAN_POINT('',(-40.5,-1.2,0.));
#396 = LINE('',#397,#398);
#397 = CARTESIAN_POINT('',(-35.,-1.2,6.2E-16));
#398 = VECTOR('',#399,1.);
#399 = DIRECTION('',(-1.,0.,0.));
#400 = ORIENTED_EDGE('',*,*,#401,.F.);
#401 = EDGE_CURVE('',#24,#394,#402,.T.);
#402 = CIRCLE('',#403,1.2);
#403 = AXIS2_PLACEMENT_3D('',#404,#405,#406);
#404 = CARTESIAN_POINT('',(-40.5,-1.2,1.2));
#405 = DIRECTION('',(-1.,0.,0.));
#406 = DIRECTION('',(0.,1.,2.2E-16));
#407 = CYLINDRICAL_SURFACE('',#408,1.2);
#408 = AXIS2_PLACEMENT_3D('',#409,#410,#411);
#409 = CARTESIAN_POINT('',(-35.,-1.2,1.2));
#410 = DIRECTION('',(-1.,0.,0.));
#411 = DIRECTION('',(0.,1.,2.2E-16));
#412 = ADVANCED_FACE('',(#413),#438,.T.);
#413 = FACE_BOUND('',#414,.T.);
#414 = EDGE_LOOP('',(#415,#423,#431,#437));
#415 = ORIENTED_EDGE('',*,*,#416,.F.);
#416 = EDGE_CURVE('',#417,#362,#419,.T.);
#417 = VERTEX_POINT('',#418);
#418 = CARTESIAN_POINT('',(-35.,-0.2,1.3));
#419 = LINE('',#420,#421);
#420 = CARTESIAN_POINT('',(-35.13333333333,-6.666666666666E-02,
    1.433333333333));
#421 = VECTOR('',#422,1.);
#422 = DIRECTION('',(-0.57735026919,0.57735026919,0.57735026919));
#423 = ORIENTED_EDGE('',*,*,#424,.T.);
#424 = EDGE_CURVE('',#417,#425,#427,.T.);
#425 = VERTEX_POINT('',#426);
#426 = CARTESIAN_POINT('',(-35.,-0.2,1.2));
#427 = LINE('',#428,#429);
#428 = CARTESIAN_POINT('',(-35.,-0.2,1.5));
#429 = VECTOR('',#430,1.);
#430 = DIRECTION('',(0.,0.,-1.));
#431 = ORIENTED_EDGE('',*,*,#432,.T.);
#432 = EDGE_CURVE('',#425,#22,#433,.T.);
#433 = LINE('',#434,#435);
#434 = CARTESIAN_POINT('',(-35.1,-9.999999999999E-02,1.2));
#435 = VECTOR('',#436,1.);
#436 = DIRECTION('',(-0.707106781187,0.707106781187,-0.));
#437 = ORIENTED_EDGE('',*,*,#369,.F.);
#438 = PLANE('',#439);
#439 = AXIS2_PLACEMENT_3D('',#440,#441,#442);
#440 = CARTESIAN_POINT('',(-35.1,-9.999999999999E-02,1.5));
#441 = DIRECTION('',(0.707106781187,0.707106781187,1.6E-16));
#442 = DIRECTION('',(1.131370849898E-16,1.131370849898E-16,-1.));
#443 = ADVANCED_FACE('',(#444),#464,.T.);
#444 = FACE_BOUND('',#445,.F.);
#445 = EDGE_LOOP('',(#446,#447,#448,#457));
#446 = ORIENTED_EDGE('',*,*,#401,.F.);
#447 = ORIENTED_EDGE('',*,*,#31,.T.);
#448 = ORIENTED_EDGE('',*,*,#449,.T.);
#449 = EDGE_CURVE('',#32,#450,#452,.T.);
#450 = VERTEX_POINT('',#451);
#451 = CARTESIAN_POINT('',(-42.,-1.2,1.5));
#452 = CIRCLE('',#453,1.2);
#453 = AXIS2_PLACEMENT_3D('',#454,#455,#456);
#454 = CARTESIAN_POINT('',(-40.8,-1.2,1.5));
#455 = DIRECTION('',(-6.E-17,-2.2E-16,1.));
#456 = DIRECTION('',(-1.,0.,-6.E-17));
#457 = ORIENTED_EDGE('',*,*,#458,.F.);
#458 = EDGE_CURVE('',#394,#450,#459,.T.);
#459 = CIRCLE('',#460,1.5);
#460 = AXIS2_PLACEMENT_3D('',#461,#462,#463);
#461 = CARTESIAN_POINT('',(-40.5,-1.2,1.5));
#462 = DIRECTION('',(0.,1.,2.2E-16));
#463 = DIRECTION('',(0.,2.2E-16,-1.));
#464 = SURFACE_OF_REVOLUTION('',#465,#476);
#465 = B_SPLINE_CURVE_WITH_KNOTS('',5,(#466,#467,#468,#469,#470,#471,
    #472,#473,#474,#475),.UNSPECIFIED.,.F.,.F.,(6,4,6),(4.712388980385,
    5.497787143782,6.28318530718),.UNSPECIFIED.);
#466 = CARTESIAN_POINT('',(-40.5,6.883382752676E-15,1.2));
#467 = CARTESIAN_POINT('',(-40.5,6.899083355386E-15,1.011504440785));
#468 = CARTESIAN_POINT('',(-40.5,-3.700271153496E-02,0.823005895222));
#469 = CARTESIAN_POINT('',(-40.5,-0.111061642869,0.644211818781));
#470 = CARTESIAN_POINT('',(-40.5,-0.218185374431,0.484758350721));
#471 = CARTESIAN_POINT('',(-40.5,-0.484758350721,0.218185374431));
#472 = CARTESIAN_POINT('',(-40.5,-0.644211818781,0.111061642869));
#473 = CARTESIAN_POINT('',(-40.5,-0.823005895222,3.700271153496E-02));
#474 = CARTESIAN_POINT('',(-40.5,-1.011504440785,2.136347836942E-17));
#475 = CARTESIAN_POINT('',(-40.5,-1.2,-2.22044604925E-16));
#476 = AXIS1_PLACEMENT('',#477,#478);
#477 = CARTESIAN_POINT('',(-40.5,-1.2,1.5));
#478 = DIRECTION('',(0.,-1.,-2.2E-16));
#479 = ADVANCED_FACE('',(#480),#505,.T.);
#480 = FACE_BOUND('',#481,.T.);
#481 = EDGE_LOOP('',(#482,#483,#491,#499));
#482 = ORIENTED_EDGE('',*,*,#361,.F.);
#483 = ORIENTED_EDGE('',*,*,#484,.T.);
#484 = EDGE_CURVE('',#354,#485,#487,.T.);
#485 = VERTEX_POINT('',#486);
#486 = CARTESIAN_POINT('',(-38.,-10.,1.5));
#487 = LINE('',#488,#489);
#488 = CARTESIAN_POINT('',(-38.,3.4E-16,1.5));
#489 = VECTOR('',#490,1.);
#490 = DIRECTION('',(0.,-1.,2.2E-16));
#491 = ORIENTED_EDGE('',*,*,#492,.T.);
#492 = EDGE_CURVE('',#485,#493,#495,.T.);
#493 = VERTEX_POINT('',#494);
#494 = CARTESIAN_POINT('',(-35.2,-10.,1.5));
#495 = LINE('',#496,#497);
#496 = CARTESIAN_POINT('',(-38.,-10.,1.5));
#497 = VECTOR('',#498,1.);
#498 = DIRECTION('',(1.,0.,0.));
#499 = ORIENTED_EDGE('',*,*,#500,.F.);
#500 = EDGE_CURVE('',#362,#493,#501,.T.);
#501 = LINE('',#502,#503);
#502 = CARTESIAN_POINT('',(-35.2,6.7E-16,1.5));
#503 = VECTOR('',#504,1.);
#504 = DIRECTION('',(0.,-1.,4.4E-16));
#505 = PLANE('',#506);
#506 = AXIS2_PLACEMENT_3D('',#507,#508,#509);
#507 = CARTESIAN_POINT('',(-38.,3.4E-16,1.5));
#508 = DIRECTION('',(0.,2.2E-16,1.));
#509 = DIRECTION('',(1.,0.,0.));
#510 = ADVANCED_FACE('',(#511),#530,.T.);
#511 = FACE_BOUND('',#512,.T.);
#512 = EDGE_LOOP('',(#513,#514,#522,#529));
#513 = ORIENTED_EDGE('',*,*,#449,.T.);
#514 = ORIENTED_EDGE('',*,*,#515,.T.);
#515 = EDGE_CURVE('',#450,#516,#518,.T.);
#516 = VERTEX_POINT('',#517);
#517 = CARTESIAN_POINT('',(-42.,-1.2,12.364971157456));
#518 = LINE('',#519,#520);
#519 = CARTESIAN_POINT('',(-42.,-1.2,1.5));
#520 = VECTOR('',#521,1.);
#521 = DIRECTION('',(0.,0.,1.));
#522 = ORIENTED_EDGE('',*,*,#523,.F.);
#523 = EDGE_CURVE('',#41,#516,#524,.T.);
#524 = CIRCLE('',#525,1.2);
#525 = AXIS2_PLACEMENT_3D('',#526,#527,#528);
#526 = CARTESIAN_POINT('',(-40.8,-1.2,12.364971157456));
#527 = DIRECTION('',(0.,-0.,1.));
#528 = DIRECTION('',(0.,1.,0.));
#529 = ORIENTED_EDGE('',*,*,#40,.F.);
#530 = CYLINDRICAL_SURFACE('',#531,1.2);
#531 = AXIS2_PLACEMENT_3D('',#532,#533,#534);
#532 = CARTESIAN_POINT('',(-40.8,-1.2,1.5));
#533 = DIRECTION('',(0.,0.,1.));
#534 = DIRECTION('',(0.,1.,0.));
#535 = ADVANCED_FACE('',(#536,#554),#565,.T.);
#536 = FACE_BOUND('',#537,.T.);
#537 = EDGE_LOOP('',(#538,#546,#552,#553));
#538 = ORIENTED_EDGE('',*,*,#539,.T.);
#539 = EDGE_CURVE('',#346,#540,#542,.T.);
#540 = VERTEX_POINT('',#541);
#541 = CARTESIAN_POINT('',(-38.,-10.,13.3));
#542 = LINE('',#543,#544);
#543 = CARTESIAN_POINT('',(-38.,2.96E-15,13.3));
#544 = VECTOR('',#545,1.);
#545 = DIRECTION('',(0.,-1.,2.2E-16));
#546 = ORIENTED_EDGE('',*,*,#547,.T.);
#547 = EDGE_CURVE('',#540,#485,#548,.T.);
#548 = LINE('',#549,#550);
#549 = CARTESIAN_POINT('',(-38.,-10.,13.3));
#550 = VECTOR('',#551,1.);
#551 = DIRECTION('',(0.,2.2E-16,-1.));
#552 = ORIENTED_EDGE('',*,*,#484,.F.);
#553 = ORIENTED_EDGE('',*,*,#353,.F.);
#554 = FACE_BOUND('',#555,.T.);
#555 = EDGE_LOOP('',(#556));
#556 = ORIENTED_EDGE('',*,*,#557,.F.);
#557 = EDGE_CURVE('',#558,#558,#560,.T.);
#558 = VERTEX_POINT('',#559);
#559 = CARTESIAN_POINT('',(-38.,-5.,5.9));
#560 = CIRCLE('',#561,1.6);
#561 = AXIS2_PLACEMENT_3D('',#562,#563,#564);
#562 = CARTESIAN_POINT('',(-38.,-5.,4.3));
#563 = DIRECTION('',(1.,2.2E-16,-2.2E-16));
#564 = DIRECTION('',(2.2E-16,-2.2E-16,1.));
#565 = PLANE('',#566);
#566 = AXIS2_PLACEMENT_3D('',#567,#568,#569);
#567 = CARTESIAN_POINT('',(-38.,2.96E-15,13.3));
#568 = DIRECTION('',(1.,0.,0.));
#569 = DIRECTION('',(0.,-2.2E-16,-1.));
#570 = ADVANCED_FACE('',(#571),#591,.T.);
#571 = FACE_BOUND('',#572,.F.);
#572 = EDGE_LOOP('',(#573,#574,#575,#584));
#573 = ORIENTED_EDGE('',*,*,#523,.F.);
#574 = ORIENTED_EDGE('',*,*,#48,.T.);
#575 = ORIENTED_EDGE('',*,*,#576,.T.);
#576 = EDGE_CURVE('',#49,#577,#579,.T.);
#577 = VERTEX_POINT('',#578);
#578 = CARTESIAN_POINT('',(-42.43933982822,-1.2,13.425631329235));
#579 = CIRCLE('',#580,1.2);
#580 = AXIS2_PLACEMENT_3D('',#581,#582,#583);
#581 = CARTESIAN_POINT('',(-41.59081169079,-1.2,14.274159466659));
#582 = DIRECTION('',(-0.707106781187,-1.6E-16,0.707106781187));
#583 = DIRECTION('',(0.707106781187,-1.6E-16,0.707106781187));
#584 = ORIENTED_EDGE('',*,*,#585,.F.);
#585 = EDGE_CURVE('',#516,#577,#586,.T.);
#586 = CIRCLE('',#587,1.5);
#587 = AXIS2_PLACEMENT_3D('',#588,#589,#590);
#588 = CARTESIAN_POINT('',(-43.5,-1.2,12.364971157456));
#589 = DIRECTION('',(0.,-1.,-2.2E-16));
#590 = DIRECTION('',(1.,2.596E-31,-1.18E-15));
#591 = TOROIDAL_SURFACE('',#592,2.7,1.2);
#592 = AXIS2_PLACEMENT_3D('',#593,#594,#595);
#593 = CARTESIAN_POINT('',(-43.5,-1.2,12.364971157456));
#594 = DIRECTION('',(0.,1.,2.2E-16));
#595 = DIRECTION('',(1.,2.596E-31,-1.18E-15));
#596 = ADVANCED_FACE('',(#597),#633,.T.);
#597 = FACE_BOUND('',#598,.T.);
#598 = EDGE_LOOP('',(#599,#608,#616,#625,#631,#632));
#599 = ORIENTED_EDGE('',*,*,#600,.F.);
#600 = EDGE_CURVE('',#601,#338,#603,.T.);
#601 = VERTEX_POINT('',#602);
#602 = CARTESIAN_POINT('',(-33.2,-0.808421438668,13.3));
#603 = ELLIPSE('',#604,5.586143571374,3.95);
#604 = AXIS2_PLACEMENT_3D('',#605,#606,#607);
#605 = CARTESIAN_POINT('',(-36.58614357137,-3.95,13.3));
#606 = DIRECTION('',(0.,4.4E-16,1.));
#607 = DIRECTION('',(1.,4.4E-16,-1.936E-31));
#608 = ORIENTED_EDGE('',*,*,#609,.T.);
#609 = EDGE_CURVE('',#601,#610,#612,.T.);
#610 = VERTEX_POINT('',#611);
#611 = CARTESIAN_POINT('',(-33.2,-9.191578561332,13.3));
#612 = LINE('',#613,#614);
#613 = CARTESIAN_POINT('',(-33.2,-0.921421597061,13.3));
#614 = VECTOR('',#615,1.);
#615 = DIRECTION('',(0.,-1.,4.4E-16));
#616 = ORIENTED_EDGE('',*,*,#617,.F.);
#617 = EDGE_CURVE('',#618,#610,#620,.T.);
#618 = VERTEX_POINT('',#619);
#619 = CARTESIAN_POINT('',(-36.58614357137,-10.,13.3));
#620 = ELLIPSE('',#621,5.586143571374,3.95);
#621 = AXIS2_PLACEMENT_3D('',#622,#623,#624);
#622 = CARTESIAN_POINT('',(-36.58614357137,-6.05,13.3));
#623 = DIRECTION('',(0.,4.4E-16,1.));
#624 = DIRECTION('',(1.,4.4E-16,-1.936E-31));
#625 = ORIENTED_EDGE('',*,*,#626,.T.);
#626 = EDGE_CURVE('',#618,#540,#627,.T.);
#627 = LINE('',#628,#629);
#628 = CARTESIAN_POINT('',(-33.,-10.,13.3));
#629 = VECTOR('',#630,1.);
#630 = DIRECTION('',(-1.,0.,0.));
#631 = ORIENTED_EDGE('',*,*,#539,.F.);
#632 = ORIENTED_EDGE('',*,*,#345,.F.);
#633 = PLANE('',#634);
#634 = AXIS2_PLACEMENT_3D('',#635,#636,#637);
#635 = CARTESIAN_POINT('',(-33.,2.96E-15,13.3));
#636 = DIRECTION('',(0.,-2.2E-16,-1.));
#637 = DIRECTION('',(-1.,0.,0.));
#638 = ADVANCED_FACE('',(#639),#658,.T.);
#639 = FACE_BOUND('',#640,.T.);
#640 = EDGE_LOOP('',(#641,#642,#650,#657));
#641 = ORIENTED_EDGE('',*,*,#576,.T.);
#642 = ORIENTED_EDGE('',*,*,#643,.T.);
#643 = EDGE_CURVE('',#577,#644,#646,.T.);
#644 = VERTEX_POINT('',#645);
#645 = CARTESIAN_POINT('',(-47.72792206135,-1.2,18.714213562373));
#646 = LINE('',#647,#648);
#647 = CARTESIAN_POINT('',(-42.43933982822,-1.2,13.425631329235));
#648 = VECTOR('',#649,1.);
#649 = DIRECTION('',(-0.707106781187,0.,0.707106781187));
#650 = ORIENTED_EDGE('',*,*,#651,.F.);
#651 = EDGE_CURVE('',#58,#644,#652,.T.);
#652 = CIRCLE('',#653,1.2);
#653 = AXIS2_PLACEMENT_3D('',#654,#655,#656);
#654 = CARTESIAN_POINT('',(-46.87939392393,-1.2,19.562741699797));
#655 = DIRECTION('',(-0.707106781187,0.,0.707106781187));
#656 = DIRECTION('',(1.1E-16,1.,1.1E-16));
#657 = ORIENTED_EDGE('',*,*,#57,.F.);
#658 = CYLINDRICAL_SURFACE('',#659,1.2);
#659 = AXIS2_PLACEMENT_3D('',#660,#661,#662);
#660 = CARTESIAN_POINT('',(-41.59081169079,-1.2,14.274159466659));
#661 = DIRECTION('',(-0.707106781187,0.,0.707106781187));
#662 = DIRECTION('',(1.1E-16,1.,1.1E-16));
#663 = ADVANCED_FACE('',(#664),#711,.T.);
#664 = FACE_BOUND('',#665,.F.);
#665 = EDGE_LOOP('',(#666,#676,#683,#684,#685,#694));
#666 = ORIENTED_EDGE('',*,*,#667,.F.);
#667 = EDGE_CURVE('',#668,#670,#672,.T.);
#668 = VERTEX_POINT('',#669);
#669 = CARTESIAN_POINT('',(-42.07106781186,-3.95,24.371067811865));
#670 = VERTEX_POINT('',#671);
#671 = CARTESIAN_POINT('',(-33.14142135623,-3.95,15.441421356237));
#672 = LINE('',#673,#674);
#673 = CARTESIAN_POINT('',(-42.07106781186,-3.95,24.371067811865));
#674 = VECTOR('',#675,1.);
#675 = DIRECTION('',(0.707106781187,0.,-0.707106781187));
#676 = ORIENTED_EDGE('',*,*,#677,.T.);
#677 = EDGE_CURVE('',#668,#329,#678,.T.);
#678 = CIRCLE('',#679,3.95);
#679 = AXIS2_PLACEMENT_3D('',#680,#681,#682);
#680 = CARTESIAN_POINT('',(-44.86413959755,-3.95,21.577996026179));
#681 = DIRECTION('',(-0.707106781187,-1.6E-16,0.707106781187));
#682 = DIRECTION('',(-0.707106781187,1.6E-16,-0.707106781187));
#683 = ORIENTED_EDGE('',*,*,#337,.T.);
#684 = ORIENTED_EDGE('',*,*,#600,.F.);
#685 = ORIENTED_EDGE('',*,*,#686,.F.);
#686 = EDGE_CURVE('',#687,#601,#689,.T.);
#687 = VERTEX_POINT('',#688);
#688 = CARTESIAN_POINT('',(-33.17935763668,-0.830886701737,
    13.320642363318));
#689 = CIRCLE('',#690,3.95);
#690 = AXIS2_PLACEMENT_3D('',#691,#692,#693);
#691 = CARTESIAN_POINT('',(-34.89307178568,-3.95,11.606928214313));
#692 = DIRECTION('',(-0.707106781187,0.,0.707106781187));
#693 = DIRECTION('',(0.707106781187,-1.6E-16,0.707106781187));
#694 = ORIENTED_EDGE('',*,*,#695,.T.);
#695 = EDGE_CURVE('',#687,#670,#696,.T.);
#696 = B_SPLINE_CURVE_WITH_KNOTS('',7,(#697,#698,#699,#700,#701,#702,
    #703,#704,#705,#706,#707,#708,#709,#710),.UNSPECIFIED.,.F.,.F.,(8,6,
    8),(-0.236135567053,-4.4605501087E-02,3.798953920716),
  .UNSPECIFIED.);
#697 = CARTESIAN_POINT('',(-33.182020825,-0.711666438948,13.104285501676
    ));
#698 = CARTESIAN_POINT('',(-33.18167678762,-0.727065682461,
    13.132244703722));
#699 = CARTESIAN_POINT('',(-33.18133275024,-0.742464925974,
    13.160203905768));
#700 = CARTESIAN_POINT('',(-33.18098871286,-0.757864169488,
    13.188163107813));
#701 = CARTESIAN_POINT('',(-33.18064467547,-0.773263413001,
    13.216122309859));
#702 = CARTESIAN_POINT('',(-33.18030063809,-0.788662656514,
    13.244081511905));
#703 = CARTESIAN_POINT('',(-33.17995660071,-0.804061900027,
    13.272040713951));
#704 = CARTESIAN_POINT('',(-33.17270853963,-1.128487860549,
    13.861075556564));
#705 = CARTESIAN_POINT('',(-33.16499724347,-1.499131474699,
    14.358770759213));
#706 = CARTESIAN_POINT('',(-33.15710369459,-1.924696815875,
    14.777745240214));
#707 = CARTESIAN_POINT('',(-33.14974382935,-2.395445956109,
    15.105331466607));
#708 = CARTESIAN_POINT('',(-33.14417933161,-2.901837412674,
    15.32950595829));
#709 = CARTESIAN_POINT('',(-33.14142135623,-3.425921027229,
    15.441421356238));
#710 = CARTESIAN_POINT('',(-33.14142135623,-3.95,15.441421356237));
#711 = CYLINDRICAL_SURFACE('',#712,3.95);
#712 = AXIS2_PLACEMENT_3D('',#713,#714,#715);
#713 = CARTESIAN_POINT('',(-44.86413959755,-3.95,21.577996026179));
#714 = DIRECTION('',(0.707106781187,0.,-0.707106781187));
#715 = DIRECTION('',(0.707106781187,3.1E-16,0.707106781187));
#716 = ADVANCED_FACE('',(#717),#737,.T.);
#717 = FACE_BOUND('',#718,.F.);
#718 = EDGE_LOOP('',(#719,#720,#721,#730));
#719 = ORIENTED_EDGE('',*,*,#651,.F.);
#720 = ORIENTED_EDGE('',*,*,#65,.T.);
#721 = ORIENTED_EDGE('',*,*,#722,.T.);
#722 = EDGE_CURVE('',#66,#723,#725,.T.);
#723 = VERTEX_POINT('',#724);
#724 = CARTESIAN_POINT('',(-53.,-1.2,31.442135623731));
#725 = CIRCLE('',#726,1.2);
#726 = AXIS2_PLACEMENT_3D('',#727,#728,#729);
#727 = CARTESIAN_POINT('',(-51.8,-1.2,31.442135623731));
#728 = DIRECTION('',(-2.2E-16,-2.2E-16,1.));
#729 = DIRECTION('',(-1.,0.,-2.2E-16));
#730 = ORIENTED_EDGE('',*,*,#731,.F.);
#731 = EDGE_CURVE('',#644,#723,#732,.T.);
#732 = CIRCLE('',#733,18.);
#733 = AXIS2_PLACEMENT_3D('',#734,#735,#736);
#734 = CARTESIAN_POINT('',(-35.,-1.2,31.442135623731));
#735 = DIRECTION('',(0.,1.,2.2E-16));
#736 = DIRECTION('',(-0.707106781187,1.55563491861E-16,-0.707106781187)
  );
#737 = TOROIDAL_SURFACE('',#738,16.8,1.2);
#738 = AXIS2_PLACEMENT_3D('',#739,#740,#741);
#739 = CARTESIAN_POINT('',(-35.,-1.2,31.442135623731));
#740 = DIRECTION('',(0.,-1.,-2.2E-16));
#741 = DIRECTION('',(-0.707106781187,1.55563491861E-16,-0.707106781187)
  );
#742 = ADVANCED_FACE('',(#743),#763,.T.);
#743 = FACE_BOUND('',#744,.T.);
#744 = EDGE_LOOP('',(#745,#754,#761,#762));
#745 = ORIENTED_EDGE('',*,*,#746,.F.);
#746 = EDGE_CURVE('',#747,#321,#749,.T.);
#747 = VERTEX_POINT('',#748);
#748 = CARTESIAN_POINT('',(-45.,-3.95,31.442135623731));
#749 = CIRCLE('',#750,3.95);
#750 = AXIS2_PLACEMENT_3D('',#751,#752,#753);
#751 = CARTESIAN_POINT('',(-48.95,-3.95,31.442135623731));
#752 = DIRECTION('',(0.,0.,1.));
#753 = DIRECTION('',(1.,0.,0.));
#754 = ORIENTED_EDGE('',*,*,#755,.T.);
#755 = EDGE_CURVE('',#747,#668,#756,.T.);
#756 = CIRCLE('',#757,10.);
#757 = AXIS2_PLACEMENT_3D('',#758,#759,#760);
#758 = CARTESIAN_POINT('',(-35.,-3.95,31.442135623731));
#759 = DIRECTION('',(-0.,-1.,-2.2E-16));
#760 = DIRECTION('',(-1.,0.,0.));
#761 = ORIENTED_EDGE('',*,*,#677,.T.);
#762 = ORIENTED_EDGE('',*,*,#328,.F.);
#763 = TOROIDAL_SURFACE('',#764,13.95,3.95);
#764 = AXIS2_PLACEMENT_3D('',#765,#766,#767);
#765 = CARTESIAN_POINT('',(-35.,-3.95,31.442135623731));
#766 = DIRECTION('',(0.,-1.,-2.2E-16));
#767 = DIRECTION('',(-1.,0.,0.));
#768 = ADVANCED_FACE('',(#769),#788,.T.);
#769 = FACE_BOUND('',#770,.T.);
#770 = EDGE_LOOP('',(#771,#772,#780,#787));
#771 = ORIENTED_EDGE('',*,*,#722,.T.);
#772 = ORIENTED_EDGE('',*,*,#773,.T.);
#773 = EDGE_CURVE('',#723,#774,#776,.T.);
#774 = VERTEX_POINT('',#775);
#775 = CARTESIAN_POINT('',(-53.,-1.2,89.3));
#776 = LINE('',#777,#778);
#777 = CARTESIAN_POINT('',(-53.,-1.2,31.442135623731));
#778 = VECTOR('',#779,1.);
#779 = DIRECTION('',(0.,0.,1.));
#780 = ORIENTED_EDGE('',*,*,#781,.F.);
#781 = EDGE_CURVE('',#75,#774,#782,.T.);
#782 = CIRCLE('',#783,1.2);
#783 = AXIS2_PLACEMENT_3D('',#784,#785,#786);
#784 = CARTESIAN_POINT('',(-51.8,-1.2,89.3));
#785 = DIRECTION('',(0.,-0.,1.));
#786 = DIRECTION('',(0.,1.,0.));
#787 = ORIENTED_EDGE('',*,*,#74,.F.);
#788 = CYLINDRICAL_SURFACE('',#789,1.2);
#789 = AXIS2_PLACEMENT_3D('',#790,#791,#792);
#790 = CARTESIAN_POINT('',(-51.8,-1.2,31.442135623731));
#791 = DIRECTION('',(0.,0.,1.));
#792 = DIRECTION('',(0.,1.,0.));
#793 = ADVANCED_FACE('',(#794),#813,.T.);
#794 = FACE_BOUND('',#795,.F.);
#795 = EDGE_LOOP('',(#796,#805,#806,#807));
#796 = ORIENTED_EDGE('',*,*,#797,.T.);
#797 = EDGE_CURVE('',#798,#312,#800,.T.);
#798 = VERTEX_POINT('',#799);
#799 = CARTESIAN_POINT('',(-45.,-3.95,89.3));
#800 = CIRCLE('',#801,3.95);
#801 = AXIS2_PLACEMENT_3D('',#802,#803,#804);
#802 = CARTESIAN_POINT('',(-48.95,-3.95,89.3));
#803 = DIRECTION('',(-2.2E-16,-2.2E-16,1.));
#804 = DIRECTION('',(-1.,0.,-2.2E-16));
#805 = ORIENTED_EDGE('',*,*,#320,.T.);
#806 = ORIENTED_EDGE('',*,*,#746,.F.);
#807 = ORIENTED_EDGE('',*,*,#808,.F.);
#808 = EDGE_CURVE('',#798,#747,#809,.T.);
#809 = LINE('',#810,#811);
#810 = CARTESIAN_POINT('',(-45.,-3.95,89.3));
#811 = VECTOR('',#812,1.);
#812 = DIRECTION('',(0.,0.,-1.));
#813 = CYLINDRICAL_SURFACE('',#814,3.95);
#814 = AXIS2_PLACEMENT_3D('',#815,#816,#817);
#815 = CARTESIAN_POINT('',(-48.95,-3.95,89.3));
#816 = DIRECTION('',(0.,0.,-1.));
#817 = DIRECTION('',(1.,0.,0.));
#818 = ADVANCED_FACE('',(#819),#839,.T.);
#819 = FACE_BOUND('',#820,.F.);
#820 = EDGE_LOOP('',(#821,#822,#823,#832));
#821 = ORIENTED_EDGE('',*,*,#781,.F.);
#822 = ORIENTED_EDGE('',*,*,#82,.T.);
#823 = ORIENTED_EDGE('',*,*,#824,.T.);
#824 = EDGE_CURVE('',#83,#825,#827,.T.);
#825 = VERTEX_POINT('',#826);
#826 = CARTESIAN_POINT('',(-31.,-1.2,111.3));
#827 = CIRCLE('',#828,1.2);
#828 = AXIS2_PLACEMENT_3D('',#829,#830,#831);
#829 = CARTESIAN_POINT('',(-31.,-1.2,110.1));
#830 = DIRECTION('',(1.,0.,4.9E-16));
#831 = DIRECTION('',(-4.9E-16,-2.2E-16,1.));
#832 = ORIENTED_EDGE('',*,*,#833,.F.);
#833 = EDGE_CURVE('',#774,#825,#834,.T.);
#834 = CIRCLE('',#835,22.);
#835 = AXIS2_PLACEMENT_3D('',#836,#837,#838);
#836 = CARTESIAN_POINT('',(-31.,-1.2,89.3));
#837 = DIRECTION('',(0.,1.,2.2E-16));
#838 = DIRECTION('',(-1.,1.43E-31,-6.5E-16));
#839 = TOROIDAL_SURFACE('',#840,20.8,1.2);
#840 = AXIS2_PLACEMENT_3D('',#841,#842,#843);
#841 = CARTESIAN_POINT('',(-31.,-1.2,89.3));
#842 = DIRECTION('',(0.,-1.,-2.2E-16));
#843 = DIRECTION('',(-1.,1.43E-31,-6.5E-16));
#844 = ADVANCED_FACE('',(#845),#865,.T.);
#845 = FACE_BOUND('',#846,.T.);
#846 = EDGE_LOOP('',(#847,#856,#863,#864));
#847 = ORIENTED_EDGE('',*,*,#848,.F.);
#848 = EDGE_CURVE('',#849,#304,#851,.T.);
#849 = VERTEX_POINT('',#850);
#850 = CARTESIAN_POINT('',(-31.,-3.95,103.3));
#851 = CIRCLE('',#852,3.95);
#852 = AXIS2_PLACEMENT_3D('',#853,#854,#855);
#853 = CARTESIAN_POINT('',(-31.,-3.95,107.25));
#854 = DIRECTION('',(1.,-0.,0.));
#855 = DIRECTION('',(0.,2.2E-16,-1.));
#856 = ORIENTED_EDGE('',*,*,#857,.T.);
#857 = EDGE_CURVE('',#849,#798,#858,.T.);
#858 = CIRCLE('',#859,14.);
#859 = AXIS2_PLACEMENT_3D('',#860,#861,#862);
#860 = CARTESIAN_POINT('',(-31.,-3.95,89.3));
#861 = DIRECTION('',(0.,-1.,-2.2E-16));
#862 = DIRECTION('',(-5.1E-16,-2.2E-16,1.));
#863 = ORIENTED_EDGE('',*,*,#797,.T.);
#864 = ORIENTED_EDGE('',*,*,#311,.F.);
#865 = TOROIDAL_SURFACE('',#866,17.95,3.95);
#866 = AXIS2_PLACEMENT_3D('',#867,#868,#869);
#867 = CARTESIAN_POINT('',(-31.,-3.95,89.3));
#868 = DIRECTION('',(0.,-1.,-2.2E-16));
#869 = DIRECTION('',(-5.1E-16,-2.2E-16,1.));
#870 = ADVANCED_FACE('',(#871),#890,.T.);
#871 = FACE_BOUND('',#872,.T.);
#872 = EDGE_LOOP('',(#873,#874,#882,#889));
#873 = ORIENTED_EDGE('',*,*,#824,.T.);
#874 = ORIENTED_EDGE('',*,*,#875,.T.);
#875 = EDGE_CURVE('',#825,#876,#878,.T.);
#876 = VERTEX_POINT('',#877);
#877 = CARTESIAN_POINT('',(-14.,-1.2,111.3));
#878 = LINE('',#879,#880);
#879 = CARTESIAN_POINT('',(-31.,-1.2,111.3));
#880 = VECTOR('',#881,1.);
#881 = DIRECTION('',(1.,0.,0.));
#882 = ORIENTED_EDGE('',*,*,#883,.F.);
#883 = EDGE_CURVE('',#92,#876,#884,.T.);
#884 = CIRCLE('',#885,1.2);
#885 = AXIS2_PLACEMENT_3D('',#886,#887,#888);
#886 = CARTESIAN_POINT('',(-14.,-1.2,110.1));
#887 = DIRECTION('',(1.,0.,-0.));
#888 = DIRECTION('',(0.,1.,2.2E-16));
#889 = ORIENTED_EDGE('',*,*,#91,.F.);
#890 = CYLINDRICAL_SURFACE('',#891,1.2);
#891 = AXIS2_PLACEMENT_3D('',#892,#893,#894);
#892 = CARTESIAN_POINT('',(-31.,-1.2,110.1));
#893 = DIRECTION('',(1.,0.,0.));
#894 = DIRECTION('',(0.,1.,2.2E-16));
#895 = ADVANCED_FACE('',(#896),#931,.T.);
#896 = FACE_BOUND('',#897,.F.);
#897 = EDGE_LOOP('',(#898,#899,#914,#915,#916,#924));
#898 = ORIENTED_EDGE('',*,*,#277,.T.);
#899 = ORIENTED_EDGE('',*,*,#900,.F.);
#900 = EDGE_CURVE('',#295,#278,#901,.T.);
#901 = ( BOUNDED_CURVE() B_SPLINE_CURVE(11,(#902,#903,#904,#905,#906,
    #907,#908,#909,#910,#911,#912,#913),.UNSPECIFIED.,.F.,.F.) 
B_SPLINE_CURVE_WITH_KNOTS((12,12),(7.150682277458,11.69887364408),
.PIECEWISE_BEZIER_KNOTS.) CURVE() GEOMETRIC_REPRESENTATION_ITEM() 
RATIONAL_B_SPLINE_CURVE((1.,1.,1.,1.,1.,1.,1.,1.,1.,1.,1.,1.)) 
REPRESENTATION_ITEM('') );
#902 = CARTESIAN_POINT('',(-2.887472943596,-1.582E-14,107.25));
#903 = CARTESIAN_POINT('',(-2.538984268939,-1.905E-14,106.77611697217));
#904 = CARTESIAN_POINT('',(-2.124694363724,-6.226559550226E-02,
    106.32485118262));
#905 = CARTESIAN_POINT('',(-1.627220973548,-0.179253473087,
    105.9237989325));
#906 = CARTESIAN_POINT('',(-1.064951092358,-0.318768088435,
    105.55450970204));
#907 = CARTESIAN_POINT('',(-0.328739186922,-0.503155386086,
    105.39489679943));
#908 = CARTESIAN_POINT('',(0.328739187059,-0.503155386058,
    105.39489679946));
#909 = CARTESIAN_POINT('',(1.064951092117,-0.318768088457,
    105.55450970203));
#910 = CARTESIAN_POINT('',(1.627220973673,-0.179253473078,
    105.92379893249));
#911 = CARTESIAN_POINT('',(2.124694363702,-6.226559550439E-02,
    106.32485118264));
#912 = CARTESIAN_POINT('',(2.538984268935,-1.882E-14,106.77611697216));
#913 = CARTESIAN_POINT('',(2.887472943596,-1.582E-14,107.25));
#914 = ORIENTED_EDGE('',*,*,#303,.T.);
#915 = ORIENTED_EDGE('',*,*,#848,.F.);
#916 = ORIENTED_EDGE('',*,*,#917,.F.);
#917 = EDGE_CURVE('',#918,#849,#920,.T.);
#918 = VERTEX_POINT('',#919);
#919 = CARTESIAN_POINT('',(31.,-3.95,103.3));
#920 = LINE('',#921,#922);
#921 = CARTESIAN_POINT('',(31.,-3.95,103.3));
#922 = VECTOR('',#923,1.);
#923 = DIRECTION('',(-1.,0.,0.));
#924 = ORIENTED_EDGE('',*,*,#925,.T.);
#925 = EDGE_CURVE('',#918,#269,#926,.T.);
#926 = CIRCLE('',#927,3.95);
#927 = AXIS2_PLACEMENT_3D('',#928,#929,#930);
#928 = CARTESIAN_POINT('',(31.,-3.95,107.25));
#929 = DIRECTION('',(1.,0.,-1.9E-16));
#930 = DIRECTION('',(1.9E-16,-2.2E-16,1.));
#931 = CYLINDRICAL_SURFACE('',#932,3.95);
#932 = AXIS2_PLACEMENT_3D('',#933,#934,#935);
#933 = CARTESIAN_POINT('',(31.,-3.95,107.25));
#934 = DIRECTION('',(-1.,0.,0.));
#935 = DIRECTION('',(0.,2.2E-16,-1.));
#936 = ADVANCED_FACE('',(#937),#957,.T.);
#937 = FACE_BOUND('',#938,.F.);
#938 = EDGE_LOOP('',(#939,#940,#941,#950));
#939 = ORIENTED_EDGE('',*,*,#883,.F.);
#940 = ORIENTED_EDGE('',*,*,#99,.T.);
#941 = ORIENTED_EDGE('',*,*,#942,.T.);
#942 = EDGE_CURVE('',#100,#943,#945,.T.);
#943 = VERTEX_POINT('',#944);
#944 = CARTESIAN_POINT('',(-6.,-1.2,115.3));
#945 = CIRCLE('',#946,1.2);
#946 = AXIS2_PLACEMENT_3D('',#947,#948,#949);
#947 = CARTESIAN_POINT('',(-5.04,-1.2,114.58));
#948 = DIRECTION('',(0.6,-1.8E-16,0.8));
#949 = DIRECTION('',(0.8,1.3E-16,-0.6));
#950 = ORIENTED_EDGE('',*,*,#951,.F.);
#951 = EDGE_CURVE('',#876,#943,#952,.T.);
#952 = CIRCLE('',#953,10.);
#953 = AXIS2_PLACEMENT_3D('',#954,#955,#956);
#954 = CARTESIAN_POINT('',(-14.,-1.2,121.3));
#955 = DIRECTION('',(0.,-1.,-2.2E-16));
#956 = DIRECTION('',(-1.8E-16,2.2E-16,-1.));
#957 = TOROIDAL_SURFACE('',#958,11.2,1.2);
#958 = AXIS2_PLACEMENT_3D('',#959,#960,#961);
#959 = CARTESIAN_POINT('',(-14.,-1.2,121.3));
#960 = DIRECTION('',(0.,1.,2.2E-16));
#961 = DIRECTION('',(-1.8E-16,2.2E-16,-1.));
#962 = ADVANCED_FACE('',(#963),#991,.T.);
#963 = FACE_BOUND('',#964,.F.);
#964 = EDGE_LOOP('',(#965,#974,#975,#984));
#965 = ORIENTED_EDGE('',*,*,#966,.F.);
#966 = EDGE_CURVE('',#286,#967,#969,.T.);
#967 = VERTEX_POINT('',#968);
#968 = CARTESIAN_POINT('',(-1.E-15,-1.2,113.3));
#969 = CIRCLE('',#970,1.2);
#970 = AXIS2_PLACEMENT_3D('',#971,#972,#973);
#971 = CARTESIAN_POINT('',(2.12E-15,-1.2,114.5));
#972 = DIRECTION('',(-1.,0.,5.1E-16));
#973 = DIRECTION('',(5.1E-16,-2.2E-16,1.));
#974 = ORIENTED_EDGE('',*,*,#294,.T.);
#975 = ORIENTED_EDGE('',*,*,#976,.T.);
#976 = EDGE_CURVE('',#295,#977,#979,.T.);
#977 = VERTEX_POINT('',#978);
#978 = CARTESIAN_POINT('',(-2.062480673997,-1.2,108.12142857142));
#979 = CIRCLE('',#980,1.2);
#980 = AXIS2_PLACEMENT_3D('',#981,#982,#983);
#981 = CARTESIAN_POINT('',(-2.887472943596,-1.2,107.25));
#982 = DIRECTION('',(0.72619047619,1.5E-16,-0.687493557999));
#983 = DIRECTION('',(-0.687493557999,1.6E-16,-0.72619047619));
#984 = ORIENTED_EDGE('',*,*,#985,.F.);
#985 = EDGE_CURVE('',#967,#977,#986,.T.);
#986 = CIRCLE('',#987,3.);
#987 = AXIS2_PLACEMENT_3D('',#988,#989,#990);
#988 = CARTESIAN_POINT('',(0.,-1.2,110.3));
#989 = DIRECTION('',(0.,-1.,-2.2E-16));
#990 = DIRECTION('',(-3.8E-16,-2.2E-16,1.));
#991 = TOROIDAL_SURFACE('',#992,4.2,1.2);
#992 = AXIS2_PLACEMENT_3D('',#993,#994,#995);
#993 = CARTESIAN_POINT('',(0.,-1.2,110.3));
#994 = DIRECTION('',(0.,1.,2.2E-16));
#995 = DIRECTION('',(-3.8E-16,-2.2E-16,1.));
#996 = ADVANCED_FACE('',(#997),#1017,.T.);
#997 = FACE_BOUND('',#998,.F.);
#998 = EDGE_LOOP('',(#999,#1000,#1001,#1010));
#999 = ORIENTED_EDGE('',*,*,#942,.F.);
#1000 = ORIENTED_EDGE('',*,*,#108,.T.);
#1001 = ORIENTED_EDGE('',*,*,#1002,.T.);
#1002 = EDGE_CURVE('',#109,#1003,#1005,.T.);
#1003 = VERTEX_POINT('',#1004);
#1004 = CARTESIAN_POINT('',(-9.E-15,-1.2,118.3));
#1005 = CIRCLE('',#1006,1.2);
#1006 = AXIS2_PLACEMENT_3D('',#1007,#1008,#1009);
#1007 = CARTESIAN_POINT('',(-7.69E-15,-1.2,117.1));
#1008 = DIRECTION('',(1.,0.,1.22E-15));
#1009 = DIRECTION('',(-1.22E-15,-2.2E-16,1.));
#1010 = ORIENTED_EDGE('',*,*,#1011,.F.);
#1011 = EDGE_CURVE('',#943,#1003,#1012,.T.);
#1012 = CIRCLE('',#1013,7.5);
#1013 = AXIS2_PLACEMENT_3D('',#1014,#1015,#1016);
#1014 = CARTESIAN_POINT('',(0.,-1.2,110.8));
#1015 = DIRECTION('',(0.,1.,2.2E-16));
#1016 = DIRECTION('',(-0.8,-1.32E-16,0.6));
#1017 = TOROIDAL_SURFACE('',#1018,6.3,1.2);
#1018 = AXIS2_PLACEMENT_3D('',#1019,#1020,#1021);
#1019 = CARTESIAN_POINT('',(0.,-1.2,110.8));
#1020 = DIRECTION('',(0.,-1.,-2.2E-16));
#1021 = DIRECTION('',(-0.8,-1.32E-16,0.6));
#1022 = ADVANCED_FACE('',(#1023),#1042,.T.);
#1023 = FACE_BOUND('',#1024,.F.);
#1024 = EDGE_LOOP('',(#1025,#1033,#1034,#1035));
#1025 = ORIENTED_EDGE('',*,*,#1026,.F.);
#1026 = EDGE_CURVE('',#278,#1027,#1029,.T.);
#1027 = VERTEX_POINT('',#1028);
#1028 = CARTESIAN_POINT('',(2.062480673997,-1.2,108.12142857142));
#1029 = ( BOUNDED_CURVE() B_SPLINE_CURVE(2,(#1030,#1031,#1032),
.UNSPECIFIED.,.F.,.F.) B_SPLINE_CURVE_WITH_KNOTS((3,3),(0.,
4.548191366621),.PIECEWISE_BEZIER_KNOTS.) CURVE() 
GEOMETRIC_REPRESENTATION_ITEM() RATIONAL_B_SPLINE_CURVE((1.,
0.707106781187,1.)) REPRESENTATION_ITEM('') );
#1030 = CARTESIAN_POINT('',(2.887472943596,-1.582E-14,107.25));
#1031 = CARTESIAN_POINT('',(2.062480673997,-1.235E-14,108.12142857142));
#1032 = CARTESIAN_POINT('',(2.062480673997,-1.2,108.12142857142));
#1033 = ORIENTED_EDGE('',*,*,#285,.T.);
#1034 = ORIENTED_EDGE('',*,*,#966,.T.);
#1035 = ORIENTED_EDGE('',*,*,#1036,.F.);
#1036 = EDGE_CURVE('',#1027,#967,#1037,.T.);
#1037 = CIRCLE('',#1038,3.);
#1038 = AXIS2_PLACEMENT_3D('',#1039,#1040,#1041);
#1039 = CARTESIAN_POINT('',(0.,-1.2,110.3));
#1040 = DIRECTION('',(0.,-1.,-2.2E-16));
#1041 = DIRECTION('',(1.8E-16,2.2E-16,-1.));
#1042 = TOROIDAL_SURFACE('',#1043,4.2,1.2);
#1043 = AXIS2_PLACEMENT_3D('',#1044,#1045,#1046);
#1044 = CARTESIAN_POINT('',(0.,-1.2,110.3));
#1045 = DIRECTION('',(0.,1.,2.2E-16));
#1046 = DIRECTION('',(1.8E-16,2.2E-16,-1.));
#1047 = ADVANCED_FACE('',(#1048),#1068,.T.);
#1048 = FACE_BOUND('',#1049,.F.);
#1049 = EDGE_LOOP('',(#1050,#1051,#1052,#1061));
#1050 = ORIENTED_EDGE('',*,*,#1002,.F.);
#1051 = ORIENTED_EDGE('',*,*,#117,.T.);
#1052 = ORIENTED_EDGE('',*,*,#1053,.T.);
#1053 = EDGE_CURVE('',#118,#1054,#1056,.T.);
#1054 = VERTEX_POINT('',#1055);
#1055 = CARTESIAN_POINT('',(6.,-1.2,115.3));
#1056 = CIRCLE('',#1057,1.2);
#1057 = AXIS2_PLACEMENT_3D('',#1058,#1059,#1060);
#1058 = CARTESIAN_POINT('',(5.04,-1.2,114.58));
#1059 = DIRECTION('',(0.6,1.8E-16,-0.8));
#1060 = DIRECTION('',(0.8,-1.3E-16,0.6));
#1061 = ORIENTED_EDGE('',*,*,#1062,.F.);
#1062 = EDGE_CURVE('',#1003,#1054,#1063,.T.);
#1063 = CIRCLE('',#1064,7.5);
#1064 = AXIS2_PLACEMENT_3D('',#1065,#1066,#1067);
#1065 = CARTESIAN_POINT('',(0.,-1.2,110.8));
#1066 = DIRECTION('',(0.,1.,2.2E-16));
#1067 = DIRECTION('',(3.8E-16,-2.2E-16,1.));
#1068 = TOROIDAL_SURFACE('',#1069,6.3,1.2);
#1069 = AXIS2_PLACEMENT_3D('',#1070,#1071,#1072);
#1070 = CARTESIAN_POINT('',(0.,-1.2,110.8));
#1071 = DIRECTION('',(0.,-1.,-2.2E-16));
#1072 = DIRECTION('',(3.8E-16,-2.2E-16,1.));
#1073 = ADVANCED_FACE('',(#1074),#1094,.T.);
#1074 = FACE_BOUND('',#1075,.F.);
#1075 = EDGE_LOOP('',(#1076,#1077,#1078,#1087));
#1076 = ORIENTED_EDGE('',*,*,#1053,.F.);
#1077 = ORIENTED_EDGE('',*,*,#126,.T.);
#1078 = ORIENTED_EDGE('',*,*,#1079,.T.);
#1079 = EDGE_CURVE('',#127,#1080,#1082,.T.);
#1080 = VERTEX_POINT('',#1081);
#1081 = CARTESIAN_POINT('',(14.,-1.2,111.3));
#1082 = CIRCLE('',#1083,1.2);
#1083 = AXIS2_PLACEMENT_3D('',#1084,#1085,#1086);
#1084 = CARTESIAN_POINT('',(14.,-1.2,110.1));
#1085 = DIRECTION('',(1.,0.,-1.7E-16));
#1086 = DIRECTION('',(-1.7E-16,2.2E-16,-1.));
#1087 = ORIENTED_EDGE('',*,*,#1088,.F.);
#1088 = EDGE_CURVE('',#1054,#1080,#1089,.T.);
#1089 = CIRCLE('',#1090,10.);
#1090 = AXIS2_PLACEMENT_3D('',#1091,#1092,#1093);
#1091 = CARTESIAN_POINT('',(14.,-1.2,121.3));
#1092 = DIRECTION('',(-1.232595164408E-32,-1.,-2.2E-16));
#1093 = DIRECTION('',(-0.8,1.32E-16,-0.6));
#1094 = TOROIDAL_SURFACE('',#1095,11.2,1.2);
#1095 = AXIS2_PLACEMENT_3D('',#1096,#1097,#1098);
#1096 = CARTESIAN_POINT('',(14.,-1.2,121.3));
#1097 = DIRECTION('',(0.,1.,2.2E-16));
#1098 = DIRECTION('',(-0.8,1.32E-16,-0.6));
#1099 = ADVANCED_FACE('',(#1100),#1120,.T.);
#1100 = FACE_BOUND('',#1101,.T.);
#1101 = EDGE_LOOP('',(#1102,#1111,#1118,#1119));
#1102 = ORIENTED_EDGE('',*,*,#1103,.F.);
#1103 = EDGE_CURVE('',#1104,#261,#1106,.T.);
#1104 = VERTEX_POINT('',#1105);
#1105 = CARTESIAN_POINT('',(45.,-3.95,89.3));
#1106 = CIRCLE('',#1107,3.95);
#1107 = AXIS2_PLACEMENT_3D('',#1108,#1109,#1110);
#1108 = CARTESIAN_POINT('',(48.95,-3.95,89.3));
#1109 = DIRECTION('',(0.,2.2E-16,-1.));
#1110 = DIRECTION('',(-1.,0.,0.));
#1111 = ORIENTED_EDGE('',*,*,#1112,.T.);
#1112 = EDGE_CURVE('',#1104,#918,#1113,.T.);
#1113 = CIRCLE('',#1114,14.);
#1114 = AXIS2_PLACEMENT_3D('',#1115,#1116,#1117);
#1115 = CARTESIAN_POINT('',(31.,-3.95,89.3));
#1116 = DIRECTION('',(0.,-1.,-2.2E-16));
#1117 = DIRECTION('',(1.,2.244E-31,-1.02E-15));
#1118 = ORIENTED_EDGE('',*,*,#925,.T.);
#1119 = ORIENTED_EDGE('',*,*,#268,.F.);
#1120 = TOROIDAL_SURFACE('',#1121,17.95,3.95);
#1121 = AXIS2_PLACEMENT_3D('',#1122,#1123,#1124);
#1122 = CARTESIAN_POINT('',(31.,-3.95,89.3));
#1123 = DIRECTION('',(0.,-1.,-2.2E-16));
#1124 = DIRECTION('',(1.,2.244E-31,-1.02E-15));
#1125 = ADVANCED_FACE('',(#1126),#1145,.T.);
#1126 = FACE_BOUND('',#1127,.T.);
#1127 = EDGE_LOOP('',(#1128,#1129,#1137,#1144));
#1128 = ORIENTED_EDGE('',*,*,#1079,.T.);
#1129 = ORIENTED_EDGE('',*,*,#1130,.T.);
#1130 = EDGE_CURVE('',#1080,#1131,#1133,.T.);
#1131 = VERTEX_POINT('',#1132);
#1132 = CARTESIAN_POINT('',(31.,-1.2,111.3));
#1133 = LINE('',#1134,#1135);
#1134 = CARTESIAN_POINT('',(14.,-1.2,111.3));
#1135 = VECTOR('',#1136,1.);
#1136 = DIRECTION('',(1.,0.,0.));
#1137 = ORIENTED_EDGE('',*,*,#1138,.F.);
#1138 = EDGE_CURVE('',#136,#1131,#1139,.T.);
#1139 = CIRCLE('',#1140,1.2);
#1140 = AXIS2_PLACEMENT_3D('',#1141,#1142,#1143);
#1141 = CARTESIAN_POINT('',(31.,-1.2,110.1));
#1142 = DIRECTION('',(1.,0.,-0.));
#1143 = DIRECTION('',(0.,1.,2.2E-16));
#1144 = ORIENTED_EDGE('',*,*,#135,.F.);
#1145 = CYLINDRICAL_SURFACE('',#1146,1.2);
#1146 = AXIS2_PLACEMENT_3D('',#1147,#1148,#1149);
#1147 = CARTESIAN_POINT('',(14.,-1.2,110.1));
#1148 = DIRECTION('',(1.,0.,0.));
#1149 = DIRECTION('',(0.,1.,2.2E-16));
#1150 = ADVANCED_FACE('',(#1151),#1170,.T.);
#1151 = FACE_BOUND('',#1152,.F.);
#1152 = EDGE_LOOP('',(#1153,#1162,#1163,#1164));
#1153 = ORIENTED_EDGE('',*,*,#1154,.T.);
#1154 = EDGE_CURVE('',#1155,#252,#1157,.T.);
#1155 = VERTEX_POINT('',#1156);
#1156 = CARTESIAN_POINT('',(45.,-3.95,31.442135623731));
#1157 = CIRCLE('',#1158,3.95);
#1158 = AXIS2_PLACEMENT_3D('',#1159,#1160,#1161);
#1159 = CARTESIAN_POINT('',(48.95,-3.95,31.442135623731));
#1160 = DIRECTION('',(-1.1E-16,2.2E-16,-1.));
#1161 = DIRECTION('',(1.,0.,-1.1E-16));
#1162 = ORIENTED_EDGE('',*,*,#260,.T.);
#1163 = ORIENTED_EDGE('',*,*,#1103,.F.);
#1164 = ORIENTED_EDGE('',*,*,#1165,.F.);
#1165 = EDGE_CURVE('',#1155,#1104,#1166,.T.);
#1166 = LINE('',#1167,#1168);
#1167 = CARTESIAN_POINT('',(45.,-3.95,31.442135623731));
#1168 = VECTOR('',#1169,1.);
#1169 = DIRECTION('',(0.,-2.2E-16,1.));
#1170 = CYLINDRICAL_SURFACE('',#1171,3.95);
#1171 = AXIS2_PLACEMENT_3D('',#1172,#1173,#1174);
#1172 = CARTESIAN_POINT('',(48.95,-3.95,31.442135623731));
#1173 = DIRECTION('',(0.,-2.2E-16,1.));
#1174 = DIRECTION('',(-1.,0.,0.));
#1175 = ADVANCED_FACE('',(#1176),#1196,.T.);
#1176 = FACE_BOUND('',#1177,.F.);
#1177 = EDGE_LOOP('',(#1178,#1179,#1180,#1189));
#1178 = ORIENTED_EDGE('',*,*,#1138,.F.);
#1179 = ORIENTED_EDGE('',*,*,#143,.T.);
#1180 = ORIENTED_EDGE('',*,*,#1181,.T.);
#1181 = EDGE_CURVE('',#144,#1182,#1184,.T.);
#1182 = VERTEX_POINT('',#1183);
#1183 = CARTESIAN_POINT('',(53.,-1.2,89.3));
#1184 = CIRCLE('',#1185,1.2);
#1185 = AXIS2_PLACEMENT_3D('',#1186,#1187,#1188);
#1186 = CARTESIAN_POINT('',(51.8,-1.2,89.3));
#1187 = DIRECTION('',(-2.6E-16,2.2E-16,-1.));
#1188 = DIRECTION('',(1.,0.,-2.6E-16));
#1189 = ORIENTED_EDGE('',*,*,#1190,.F.);
#1190 = EDGE_CURVE('',#1131,#1182,#1191,.T.);
#1191 = CIRCLE('',#1192,22.);
#1192 = AXIS2_PLACEMENT_3D('',#1193,#1194,#1195);
#1193 = CARTESIAN_POINT('',(31.,-1.2,89.3));
#1194 = DIRECTION('',(0.,1.,2.2E-16));
#1195 = DIRECTION('',(3.2E-16,-2.2E-16,1.));
#1196 = TOROIDAL_SURFACE('',#1197,20.8,1.2);
#1197 = AXIS2_PLACEMENT_3D('',#1198,#1199,#1200);
#1198 = CARTESIAN_POINT('',(31.,-1.2,89.3));
#1199 = DIRECTION('',(0.,-1.,-2.2E-16));
#1200 = DIRECTION('',(3.2E-16,-2.2E-16,1.));
#1201 = ADVANCED_FACE('',(#1202),#1222,.T.);
#1202 = FACE_BOUND('',#1203,.T.);
#1203 = EDGE_LOOP('',(#1204,#1213,#1220,#1221));
#1204 = ORIENTED_EDGE('',*,*,#1205,.F.);
#1205 = EDGE_CURVE('',#1206,#244,#1208,.T.);
#1206 = VERTEX_POINT('',#1207);
#1207 = CARTESIAN_POINT('',(42.071067811865,-3.95,24.371067811865));
#1208 = CIRCLE('',#1209,3.95);
#1209 = AXIS2_PLACEMENT_3D('',#1210,#1211,#1212);
#1210 = CARTESIAN_POINT('',(44.864139597552,-3.95,21.577996026179));
#1211 = DIRECTION('',(-0.707106781187,1.6E-16,-0.707106781187));
#1212 = DIRECTION('',(-0.707106781187,1.5E-16,0.707106781187));
#1213 = ORIENTED_EDGE('',*,*,#1214,.T.);
#1214 = EDGE_CURVE('',#1206,#1155,#1215,.T.);
#1215 = CIRCLE('',#1216,10.);
#1216 = AXIS2_PLACEMENT_3D('',#1217,#1218,#1219);
#1217 = CARTESIAN_POINT('',(35.,-3.95,31.442135623731));
#1218 = DIRECTION('',(0.,-1.,-2.2E-16));
#1219 = DIRECTION('',(0.707106781187,1.55563491861E-16,-0.707106781187)
  );
#1220 = ORIENTED_EDGE('',*,*,#1154,.T.);
#1221 = ORIENTED_EDGE('',*,*,#251,.F.);
#1222 = TOROIDAL_SURFACE('',#1223,13.95,3.95);
#1223 = AXIS2_PLACEMENT_3D('',#1224,#1225,#1226);
#1224 = CARTESIAN_POINT('',(35.,-3.95,31.442135623731));
#1225 = DIRECTION('',(0.,-1.,-2.2E-16));
#1226 = DIRECTION('',(0.707106781187,1.55563491861E-16,-0.707106781187)
  );
#1227 = ADVANCED_FACE('',(#1228),#1247,.T.);
#1228 = FACE_BOUND('',#1229,.T.);
#1229 = EDGE_LOOP('',(#1230,#1231,#1239,#1246));
#1230 = ORIENTED_EDGE('',*,*,#1181,.T.);
#1231 = ORIENTED_EDGE('',*,*,#1232,.T.);
#1232 = EDGE_CURVE('',#1182,#1233,#1235,.T.);
#1233 = VERTEX_POINT('',#1234);
#1234 = CARTESIAN_POINT('',(53.,-1.2,31.442135623731));
#1235 = LINE('',#1236,#1237);
#1236 = CARTESIAN_POINT('',(53.,-1.2,89.3));
#1237 = VECTOR('',#1238,1.);
#1238 = DIRECTION('',(0.,2.2E-16,-1.));
#1239 = ORIENTED_EDGE('',*,*,#1240,.F.);
#1240 = EDGE_CURVE('',#153,#1233,#1241,.T.);
#1241 = CIRCLE('',#1242,1.2);
#1242 = AXIS2_PLACEMENT_3D('',#1243,#1244,#1245);
#1243 = CARTESIAN_POINT('',(51.8,-1.2,31.442135623731));
#1244 = DIRECTION('',(0.,2.2E-16,-1.));
#1245 = DIRECTION('',(0.,1.,2.2E-16));
#1246 = ORIENTED_EDGE('',*,*,#152,.F.);
#1247 = CYLINDRICAL_SURFACE('',#1248,1.2);
#1248 = AXIS2_PLACEMENT_3D('',#1249,#1250,#1251);
#1249 = CARTESIAN_POINT('',(51.8,-1.2,89.3));
#1250 = DIRECTION('',(0.,2.2E-16,-1.));
#1251 = DIRECTION('',(0.,1.,2.2E-16));
#1252 = ADVANCED_FACE('',(#1253),#1300,.T.);
#1253 = FACE_BOUND('',#1254,.F.);
#1254 = EDGE_LOOP('',(#1255,#1263,#1282,#1291,#1298,#1299));
#1255 = ORIENTED_EDGE('',*,*,#1256,.F.);
#1256 = EDGE_CURVE('',#1257,#1206,#1259,.T.);
#1257 = VERTEX_POINT('',#1258);
#1258 = CARTESIAN_POINT('',(33.141421356237,-3.95,15.441421356237));
#1259 = LINE('',#1260,#1261);
#1260 = CARTESIAN_POINT('',(33.,-3.95,15.3));
#1261 = VECTOR('',#1262,1.);
#1262 = DIRECTION('',(0.707106781187,-1.6E-16,0.707106781187));
#1263 = ORIENTED_EDGE('',*,*,#1264,.F.);
#1264 = EDGE_CURVE('',#1265,#1257,#1267,.T.);
#1265 = VERTEX_POINT('',#1266);
#1266 = CARTESIAN_POINT('',(33.179357636682,-0.830886701737,
    13.320642363318));
#1267 = B_SPLINE_CURVE_WITH_KNOTS('',7,(#1268,#1269,#1270,#1271,#1272,
    #1273,#1274,#1275,#1276,#1277,#1278,#1279,#1280,#1281),
  .UNSPECIFIED.,.F.,.F.,(8,6,8),(-0.236135567053,-4.460550108715E-02,
    3.798953920716),.UNSPECIFIED.);
#1268 = CARTESIAN_POINT('',(33.182020825002,-0.711666438948,
    13.104285501676));
#1269 = CARTESIAN_POINT('',(33.181676787621,-0.727065682461,
    13.132244703722));
#1270 = CARTESIAN_POINT('',(33.181332750241,-0.742464925974,
    13.160203905768));
#1271 = CARTESIAN_POINT('',(33.18098871286,-0.757864169487,
    13.188163107813));
#1272 = CARTESIAN_POINT('',(33.180644675479,-0.773263413001,
    13.216122309859));
#1273 = CARTESIAN_POINT('',(33.180300638099,-0.788662656514,
    13.244081511905));
#1274 = CARTESIAN_POINT('',(33.179956600718,-0.804061900027,
    13.272040713951));
#1275 = CARTESIAN_POINT('',(33.172708539634,-1.128487860549,
    13.861075556564));
#1276 = CARTESIAN_POINT('',(33.164997243469,-1.499131474699,
    14.35877075921));
#1277 = CARTESIAN_POINT('',(33.157103694598,-1.924696815872,
    14.777745240218));
#1278 = CARTESIAN_POINT('',(33.14974382935,-2.395445956115,
    15.105331466603));
#1279 = CARTESIAN_POINT('',(33.144179331621,-2.90183741267,
    15.329505958292));
#1280 = CARTESIAN_POINT('',(33.141421356237,-3.425921027232,
    15.441421356237));
#1281 = CARTESIAN_POINT('',(33.141421356237,-3.95,15.441421356237));
#1282 = ORIENTED_EDGE('',*,*,#1283,.T.);
#1283 = EDGE_CURVE('',#1265,#1284,#1286,.T.);
#1284 = VERTEX_POINT('',#1285);
#1285 = CARTESIAN_POINT('',(33.2,-0.808421438668,13.3));
#1286 = CIRCLE('',#1287,3.95);
#1287 = AXIS2_PLACEMENT_3D('',#1288,#1289,#1290);
#1288 = CARTESIAN_POINT('',(34.893071785687,-3.95,11.606928214313));
#1289 = DIRECTION('',(-0.707106781187,1.6E-16,-0.707106781187));
#1290 = DIRECTION('',(-0.707106781187,-1.6E-16,0.707106781187));
#1291 = ORIENTED_EDGE('',*,*,#1292,.T.);
#1292 = EDGE_CURVE('',#1284,#236,#1293,.T.);
#1293 = ELLIPSE('',#1294,5.586143571374,3.95);
#1294 = AXIS2_PLACEMENT_3D('',#1295,#1296,#1297);
#1295 = CARTESIAN_POINT('',(36.586143571374,-3.95,13.3));
#1296 = DIRECTION('',(0.,-2.2E-16,-1.));
#1297 = DIRECTION('',(1.,-4.4E-16,9.68E-32));
#1298 = ORIENTED_EDGE('',*,*,#243,.T.);
#1299 = ORIENTED_EDGE('',*,*,#1205,.F.);
#1300 = CYLINDRICAL_SURFACE('',#1301,3.95);
#1301 = AXIS2_PLACEMENT_3D('',#1302,#1303,#1304);
#1302 = CARTESIAN_POINT('',(35.793071785687,-3.95,12.506928214313));
#1303 = DIRECTION('',(0.707106781187,-1.6E-16,0.707106781187));
#1304 = DIRECTION('',(-0.707106781187,1.5E-16,0.707106781187));
#1305 = ADVANCED_FACE('',(#1306),#1326,.T.);
#1306 = FACE_BOUND('',#1307,.F.);
#1307 = EDGE_LOOP('',(#1308,#1309,#1310,#1319));
#1308 = ORIENTED_EDGE('',*,*,#1240,.F.);
#1309 = ORIENTED_EDGE('',*,*,#160,.T.);
#1310 = ORIENTED_EDGE('',*,*,#1311,.T.);
#1311 = EDGE_CURVE('',#161,#1312,#1314,.T.);
#1312 = VERTEX_POINT('',#1313);
#1313 = CARTESIAN_POINT('',(47.727922061358,-1.2,18.714213562373));
#1314 = CIRCLE('',#1315,1.2);
#1315 = AXIS2_PLACEMENT_3D('',#1316,#1317,#1318);
#1316 = CARTESIAN_POINT('',(46.879393923934,-1.2,19.562741699797));
#1317 = DIRECTION('',(-0.707106781187,1.6E-16,-0.707106781187));
#1318 = DIRECTION('',(0.707106781187,1.6E-16,-0.707106781187));
#1319 = ORIENTED_EDGE('',*,*,#1320,.F.);
#1320 = EDGE_CURVE('',#1233,#1312,#1321,.T.);
#1321 = CIRCLE('',#1322,18.);
#1322 = AXIS2_PLACEMENT_3D('',#1323,#1324,#1325);
#1323 = CARTESIAN_POINT('',(35.,-1.2,31.442135623731));
#1324 = DIRECTION('',(0.,1.,2.2E-16));
#1325 = DIRECTION('',(1.,-4.4E-32,2.E-16));
#1326 = TOROIDAL_SURFACE('',#1327,16.8,1.2);
#1327 = AXIS2_PLACEMENT_3D('',#1328,#1329,#1330);
#1328 = CARTESIAN_POINT('',(35.,-1.2,31.442135623731));
#1329 = DIRECTION('',(0.,-1.,-2.2E-16));
#1330 = DIRECTION('',(1.,-4.4E-32,2.E-16));
#1331 = ADVANCED_FACE('',(#1332),#1367,.T.);
#1332 = FACE_BOUND('',#1333,.F.);
#1333 = EDGE_LOOP('',(#1334,#1335,#1343,#1352,#1360,#1366));
#1334 = ORIENTED_EDGE('',*,*,#1292,.F.);
#1335 = ORIENTED_EDGE('',*,*,#1336,.T.);
#1336 = EDGE_CURVE('',#1284,#1337,#1339,.T.);
#1337 = VERTEX_POINT('',#1338);
#1338 = CARTESIAN_POINT('',(33.2,-9.191578561332,13.3));
#1339 = LINE('',#1340,#1341);
#1340 = CARTESIAN_POINT('',(33.2,-0.921421597061,13.3));
#1341 = VECTOR('',#1342,1.);
#1342 = DIRECTION('',(0.,-1.,2.2E-16));
#1343 = ORIENTED_EDGE('',*,*,#1344,.F.);
#1344 = EDGE_CURVE('',#1345,#1337,#1347,.T.);
#1345 = VERTEX_POINT('',#1346);
#1346 = CARTESIAN_POINT('',(36.586143571374,-10.,13.3));
#1347 = ELLIPSE('',#1348,5.586143571374,3.95);
#1348 = AXIS2_PLACEMENT_3D('',#1349,#1350,#1351);
#1349 = CARTESIAN_POINT('',(36.586143571374,-6.05,13.3));
#1350 = DIRECTION('',(0.,-2.2E-16,-1.));
#1351 = DIRECTION('',(1.,-4.4E-16,9.68E-32));
#1352 = ORIENTED_EDGE('',*,*,#1353,.T.);
#1353 = EDGE_CURVE('',#1345,#1354,#1356,.T.);
#1354 = VERTEX_POINT('',#1355);
#1355 = CARTESIAN_POINT('',(38.,-10.,13.3));
#1356 = LINE('',#1357,#1358);
#1357 = CARTESIAN_POINT('',(33.,-10.,13.3));
#1358 = VECTOR('',#1359,1.);
#1359 = DIRECTION('',(1.,0.,0.));
#1360 = ORIENTED_EDGE('',*,*,#1361,.F.);
#1361 = EDGE_CURVE('',#228,#1354,#1362,.T.);
#1362 = LINE('',#1363,#1364);
#1363 = CARTESIAN_POINT('',(38.,2.96E-15,13.3));
#1364 = VECTOR('',#1365,1.);
#1365 = DIRECTION('',(0.,-1.,2.2E-16));
#1366 = ORIENTED_EDGE('',*,*,#235,.F.);
#1367 = PLANE('',#1368);
#1368 = AXIS2_PLACEMENT_3D('',#1369,#1370,#1371);
#1369 = CARTESIAN_POINT('',(33.,2.96E-15,13.3));
#1370 = DIRECTION('',(0.,-2.2E-16,-1.));
#1371 = DIRECTION('',(-1.,-0.,-0.));
#1372 = ADVANCED_FACE('',(#1373),#1392,.T.);
#1373 = FACE_BOUND('',#1374,.T.);
#1374 = EDGE_LOOP('',(#1375,#1376,#1384,#1391));
#1375 = ORIENTED_EDGE('',*,*,#1311,.T.);
#1376 = ORIENTED_EDGE('',*,*,#1377,.T.);
#1377 = EDGE_CURVE('',#1312,#1378,#1380,.T.);
#1378 = VERTEX_POINT('',#1379);
#1379 = CARTESIAN_POINT('',(42.43933982822,-1.2,13.425631329235));
#1380 = LINE('',#1381,#1382);
#1381 = CARTESIAN_POINT('',(47.727922061358,-1.2,18.714213562373));
#1382 = VECTOR('',#1383,1.);
#1383 = DIRECTION('',(-0.707106781187,1.6E-16,-0.707106781187));
#1384 = ORIENTED_EDGE('',*,*,#1385,.F.);
#1385 = EDGE_CURVE('',#170,#1378,#1386,.T.);
#1386 = CIRCLE('',#1387,1.2);
#1387 = AXIS2_PLACEMENT_3D('',#1388,#1389,#1390);
#1388 = CARTESIAN_POINT('',(41.590811690796,-1.2,14.274159466659));
#1389 = DIRECTION('',(-0.707106781187,1.6E-16,-0.707106781187));
#1390 = DIRECTION('',(3.137084989848E-18,1.,2.231370849898E-16));
#1391 = ORIENTED_EDGE('',*,*,#169,.F.);
#1392 = CYLINDRICAL_SURFACE('',#1393,1.2);
#1393 = AXIS2_PLACEMENT_3D('',#1394,#1395,#1396);
#1394 = CARTESIAN_POINT('',(46.879393923934,-1.2,19.562741699797));
#1395 = DIRECTION('',(-0.707106781187,1.6E-16,-0.707106781187));
#1396 = DIRECTION('',(3.137084989848E-18,1.,2.231370849898E-16));
#1397 = ADVANCED_FACE('',(#1398,#1416),#1427,.T.);
#1398 = FACE_BOUND('',#1399,.F.);
#1399 = EDGE_LOOP('',(#1400,#1401,#1409,#1415));
#1400 = ORIENTED_EDGE('',*,*,#1361,.T.);
#1401 = ORIENTED_EDGE('',*,*,#1402,.T.);
#1402 = EDGE_CURVE('',#1354,#1403,#1405,.T.);
#1403 = VERTEX_POINT('',#1404);
#1404 = CARTESIAN_POINT('',(38.,-10.,1.5));
#1405 = LINE('',#1406,#1407);
#1406 = CARTESIAN_POINT('',(38.,-10.,13.3));
#1407 = VECTOR('',#1408,1.);
#1408 = DIRECTION('',(0.,2.2E-16,-1.));
#1409 = ORIENTED_EDGE('',*,*,#1410,.F.);
#1410 = EDGE_CURVE('',#220,#1403,#1411,.T.);
#1411 = LINE('',#1412,#1413);
#1412 = CARTESIAN_POINT('',(38.,3.4E-16,1.5));
#1413 = VECTOR('',#1414,1.);
#1414 = DIRECTION('',(0.,-1.,2.2E-16));
#1415 = ORIENTED_EDGE('',*,*,#227,.F.);
#1416 = FACE_BOUND('',#1417,.F.);
#1417 = EDGE_LOOP('',(#1418));
#1418 = ORIENTED_EDGE('',*,*,#1419,.F.);
#1419 = EDGE_CURVE('',#1420,#1420,#1422,.T.);
#1420 = VERTEX_POINT('',#1421);
#1421 = CARTESIAN_POINT('',(38.,-5.,5.9));
#1422 = CIRCLE('',#1423,1.6);
#1423 = AXIS2_PLACEMENT_3D('',#1424,#1425,#1426);
#1424 = CARTESIAN_POINT('',(38.,-5.,4.3));
#1425 = DIRECTION('',(1.,2.2E-16,2.2E-16));
#1426 = DIRECTION('',(-2.2E-16,-2.2E-16,1.));
#1427 = PLANE('',#1428);
#1428 = AXIS2_PLACEMENT_3D('',#1429,#1430,#1431);
#1429 = CARTESIAN_POINT('',(38.,2.96E-15,13.3));
#1430 = DIRECTION('',(-1.,0.,0.));
#1431 = DIRECTION('',(0.,2.2E-16,1.));
#1432 = ADVANCED_FACE('',(#1433),#1453,.T.);
#1433 = FACE_BOUND('',#1434,.F.);
#1434 = EDGE_LOOP('',(#1435,#1436,#1437,#1446));
#1435 = ORIENTED_EDGE('',*,*,#1385,.F.);
#1436 = ORIENTED_EDGE('',*,*,#177,.T.);
#1437 = ORIENTED_EDGE('',*,*,#1438,.T.);
#1438 = EDGE_CURVE('',#178,#1439,#1441,.T.);
#1439 = VERTEX_POINT('',#1440);
#1440 = CARTESIAN_POINT('',(42.,-1.2,12.364971157456));
#1441 = CIRCLE('',#1442,1.2);
#1442 = AXIS2_PLACEMENT_3D('',#1443,#1444,#1445);
#1443 = CARTESIAN_POINT('',(40.8,-1.2,12.364971157456));
#1444 = DIRECTION('',(7.2E-16,2.2E-16,-1.));
#1445 = DIRECTION('',(-1.,0.,-7.2E-16));
#1446 = ORIENTED_EDGE('',*,*,#1447,.F.);
#1447 = EDGE_CURVE('',#1378,#1439,#1448,.T.);
#1448 = CIRCLE('',#1449,1.5);
#1449 = AXIS2_PLACEMENT_3D('',#1450,#1451,#1452);
#1450 = CARTESIAN_POINT('',(43.5,-1.2,12.364971157456));
#1451 = DIRECTION('',(-1.232595164408E-32,-1.,-2.2E-16));
#1452 = DIRECTION('',(-0.707106781187,-1.55563491861E-16,0.707106781187)
  );
#1453 = TOROIDAL_SURFACE('',#1454,2.7,1.2);
#1454 = AXIS2_PLACEMENT_3D('',#1455,#1456,#1457);
#1455 = CARTESIAN_POINT('',(43.5,-1.2,12.364971157456));
#1456 = DIRECTION('',(0.,1.,2.2E-16));
#1457 = DIRECTION('',(-0.707106781187,-1.55563491861E-16,0.707106781187)
  );
#1458 = ADVANCED_FACE('',(#1459),#1477,.T.);
#1459 = FACE_BOUND('',#1460,.F.);
#1460 = EDGE_LOOP('',(#1461,#1462,#1463,#1471));
#1461 = ORIENTED_EDGE('',*,*,#219,.F.);
#1462 = ORIENTED_EDGE('',*,*,#1410,.T.);
#1463 = ORIENTED_EDGE('',*,*,#1464,.T.);
#1464 = EDGE_CURVE('',#1403,#1465,#1467,.T.);
#1465 = VERTEX_POINT('',#1466);
#1466 = CARTESIAN_POINT('',(35.2,-10.,1.5));
#1467 = LINE('',#1468,#1469);
#1468 = CARTESIAN_POINT('',(38.,-10.,1.5));
#1469 = VECTOR('',#1470,1.);
#1470 = DIRECTION('',(-1.,0.,0.));
#1471 = ORIENTED_EDGE('',*,*,#1472,.F.);
#1472 = EDGE_CURVE('',#212,#1465,#1473,.T.);
#1473 = LINE('',#1474,#1475);
#1474 = CARTESIAN_POINT('',(35.2,3.4E-16,1.5));
#1475 = VECTOR('',#1476,1.);
#1476 = DIRECTION('',(0.,-1.,2.2E-16));
#1477 = PLANE('',#1478);
#1478 = AXIS2_PLACEMENT_3D('',#1479,#1480,#1481);
#1479 = CARTESIAN_POINT('',(38.,3.4E-16,1.5));
#1480 = DIRECTION('',(0.,2.2E-16,1.));
#1481 = DIRECTION('',(1.,0.,0.));
#1482 = ADVANCED_FACE('',(#1483),#1502,.T.);
#1483 = FACE_BOUND('',#1484,.T.);
#1484 = EDGE_LOOP('',(#1485,#1486,#1494,#1501));
#1485 = ORIENTED_EDGE('',*,*,#1438,.T.);
#1486 = ORIENTED_EDGE('',*,*,#1487,.T.);
#1487 = EDGE_CURVE('',#1439,#1488,#1490,.T.);
#1488 = VERTEX_POINT('',#1489);
#1489 = CARTESIAN_POINT('',(42.,-1.2,1.5));
#1490 = LINE('',#1491,#1492);
#1491 = CARTESIAN_POINT('',(42.,-1.2,12.364971157456));
#1492 = VECTOR('',#1493,1.);
#1493 = DIRECTION('',(0.,2.2E-16,-1.));
#1494 = ORIENTED_EDGE('',*,*,#1495,.F.);
#1495 = EDGE_CURVE('',#187,#1488,#1496,.T.);
#1496 = CIRCLE('',#1497,1.2);
#1497 = AXIS2_PLACEMENT_3D('',#1498,#1499,#1500);
#1498 = CARTESIAN_POINT('',(40.8,-1.2,1.5));
#1499 = DIRECTION('',(0.,2.2E-16,-1.));
#1500 = DIRECTION('',(0.,1.,2.2E-16));
#1501 = ORIENTED_EDGE('',*,*,#186,.F.);
#1502 = CYLINDRICAL_SURFACE('',#1503,1.2);
#1503 = AXIS2_PLACEMENT_3D('',#1504,#1505,#1506);
#1504 = CARTESIAN_POINT('',(40.8,-1.2,12.364971157456));
#1505 = DIRECTION('',(0.,2.2E-16,-1.));
#1506 = DIRECTION('',(0.,1.,2.2E-16));
#1507 = ADVANCED_FACE('',(#1508),#1533,.F.);
#1508 = FACE_BOUND('',#1509,.F.);
#1509 = EDGE_LOOP('',(#1510,#1518,#1526,#1532));
#1510 = ORIENTED_EDGE('',*,*,#1511,.F.);
#1511 = EDGE_CURVE('',#1512,#212,#1514,.T.);
#1512 = VERTEX_POINT('',#1513);
#1513 = CARTESIAN_POINT('',(35.,-0.2,1.3));
#1514 = LINE('',#1515,#1516);
#1515 = CARTESIAN_POINT('',(35.133333333333,-6.666666666666E-02,
    1.433333333333));
#1516 = VECTOR('',#1517,1.);
#1517 = DIRECTION('',(0.57735026919,0.57735026919,0.57735026919));
#1518 = ORIENTED_EDGE('',*,*,#1519,.T.);
#1519 = EDGE_CURVE('',#1512,#1520,#1522,.T.);
#1520 = VERTEX_POINT('',#1521);
#1521 = CARTESIAN_POINT('',(35.,-0.2,1.2));
#1522 = LINE('',#1523,#1524);
#1523 = CARTESIAN_POINT('',(35.,-0.2,1.5));
#1524 = VECTOR('',#1525,1.);
#1525 = DIRECTION('',(-0.,2.2E-16,-1.));
#1526 = ORIENTED_EDGE('',*,*,#1527,.T.);
#1527 = EDGE_CURVE('',#1520,#204,#1528,.T.);
#1528 = LINE('',#1529,#1530);
#1529 = CARTESIAN_POINT('',(35.1,-9.999999999999E-02,1.2));
#1530 = VECTOR('',#1531,1.);
#1531 = DIRECTION('',(0.707106781187,0.707106781187,1.6E-16));
#1532 = ORIENTED_EDGE('',*,*,#211,.F.);
#1533 = PLANE('',#1534);
#1534 = AXIS2_PLACEMENT_3D('',#1535,#1536,#1537);
#1535 = CARTESIAN_POINT('',(35.1,-9.999999999999E-02,1.5));
#1536 = DIRECTION('',(0.707106781187,-0.707106781187,-1.6E-16));
#1537 = DIRECTION('',(-3.137084989847E-18,2.231370849898E-16,-1.));
#1538 = ADVANCED_FACE('',(#1539),#1559,.T.);
#1539 = FACE_BOUND('',#1540,.F.);
#1540 = EDGE_LOOP('',(#1541,#1542,#1543,#1552));
#1541 = ORIENTED_EDGE('',*,*,#1495,.F.);
#1542 = ORIENTED_EDGE('',*,*,#194,.T.);
#1543 = ORIENTED_EDGE('',*,*,#1544,.T.);
#1544 = EDGE_CURVE('',#195,#1545,#1547,.T.);
#1545 = VERTEX_POINT('',#1546);
#1546 = CARTESIAN_POINT('',(40.5,-1.2,-1.E-15));
#1547 = CIRCLE('',#1548,1.2);
#1548 = AXIS2_PLACEMENT_3D('',#1549,#1550,#1551);
#1549 = CARTESIAN_POINT('',(40.5,-1.2,1.2));
#1550 = DIRECTION('',(-1.,0.,-2.1E-16));
#1551 = DIRECTION('',(2.1E-16,2.2E-16,-1.));
#1552 = ORIENTED_EDGE('',*,*,#1553,.F.);
#1553 = EDGE_CURVE('',#1488,#1545,#1554,.T.);
#1554 = CIRCLE('',#1555,1.5);
#1555 = AXIS2_PLACEMENT_3D('',#1556,#1557,#1558);
#1556 = CARTESIAN_POINT('',(40.5,-1.2,1.5));
#1557 = DIRECTION('',(0.,1.,2.2E-16));
#1558 = DIRECTION('',(1.,-3.3E-32,1.5E-16));
#1559 = SURFACE_OF_REVOLUTION('',#1560,#1571);
#1560 = B_SPLINE_CURVE_WITH_KNOTS('',5,(#1561,#1562,#1563,#1564,#1565,
    #1566,#1567,#1568,#1569,#1570),.UNSPECIFIED.,.F.,.F.,(6,4,6),(
    4.712388980385,5.497787143782,6.28318530718),.UNSPECIFIED.);
#1561 = CARTESIAN_POINT('',(40.8,6.883382752676E-15,1.5));
#1562 = CARTESIAN_POINT('',(40.988495559215,6.888495443546E-15,1.5));
#1563 = CARTESIAN_POINT('',(41.176994104778,-3.700271153496E-02,1.5));
#1564 = CARTESIAN_POINT('',(41.355788181219,-0.111061642869,1.5));
#1565 = CARTESIAN_POINT('',(41.515241649279,-0.218185374431,1.5));
#1566 = CARTESIAN_POINT('',(41.781814625569,-0.484758350721,1.5));
#1567 = CARTESIAN_POINT('',(41.888938357131,-0.644211818781,1.5));
#1568 = CARTESIAN_POINT('',(41.962997288465,-0.823005895222,1.5));
#1569 = CARTESIAN_POINT('',(42.,-1.011504440785,1.5));
#1570 = CARTESIAN_POINT('',(42.,-1.2,1.5));
#1571 = AXIS1_PLACEMENT('',#1572,#1573);
#1572 = CARTESIAN_POINT('',(40.5,-1.2,1.5));
#1573 = DIRECTION('',(0.,-1.,-2.2E-16));
#1574 = ADVANCED_FACE('',(#1575),#1594,.T.);
#1575 = FACE_BOUND('',#1576,.T.);
#1576 = EDGE_LOOP('',(#1577,#1578,#1579,#1587));
#1577 = ORIENTED_EDGE('',*,*,#203,.F.);
#1578 = ORIENTED_EDGE('',*,*,#1544,.T.);
#1579 = ORIENTED_EDGE('',*,*,#1580,.T.);
#1580 = EDGE_CURVE('',#1545,#1581,#1583,.T.);
#1581 = VERTEX_POINT('',#1582);
#1582 = CARTESIAN_POINT('',(35.2,-1.2,0.));
#1583 = LINE('',#1584,#1585);
#1584 = CARTESIAN_POINT('',(40.5,-1.2,4.E-16));
#1585 = VECTOR('',#1586,1.);
#1586 = DIRECTION('',(-1.,0.,0.));
#1587 = ORIENTED_EDGE('',*,*,#1588,.F.);
#1588 = EDGE_CURVE('',#204,#1581,#1589,.T.);
#1589 = CIRCLE('',#1590,1.2);
#1590 = AXIS2_PLACEMENT_3D('',#1591,#1592,#1593);
#1591 = CARTESIAN_POINT('',(35.2,-1.2,1.2));
#1592 = DIRECTION('',(-1.,0.,0.));
#1593 = DIRECTION('',(0.,1.,2.2E-16));
#1594 = CYLINDRICAL_SURFACE('',#1595,1.2);
#1595 = AXIS2_PLACEMENT_3D('',#1596,#1597,#1598);
#1596 = CARTESIAN_POINT('',(40.5,-1.2,1.2));
#1597 = DIRECTION('',(-1.,0.,0.));
#1598 = DIRECTION('',(0.,1.,2.2E-16));
#1599 = ADVANCED_FACE('',(#1600),#1619,.T.);
#1600 = FACE_BOUND('',#1601,.T.);
#1601 = EDGE_LOOP('',(#1602,#1603,#1612,#1618));
#1602 = ORIENTED_EDGE('',*,*,#432,.F.);
#1603 = ORIENTED_EDGE('',*,*,#1604,.T.);
#1604 = EDGE_CURVE('',#425,#1605,#1607,.T.);
#1605 = VERTEX_POINT('',#1606);
#1606 = CARTESIAN_POINT('',(-35.,-1.2,0.2));
#1607 = CIRCLE('',#1608,1.);
#1608 = AXIS2_PLACEMENT_3D('',#1609,#1610,#1611);
#1609 = CARTESIAN_POINT('',(-35.,-1.2,1.2));
#1610 = DIRECTION('',(-1.,0.,0.));
#1611 = DIRECTION('',(0.,1.,4.1E-16));
#1612 = ORIENTED_EDGE('',*,*,#1613,.T.);
#1613 = EDGE_CURVE('',#1605,#385,#1614,.T.);
#1614 = LINE('',#1615,#1616);
#1615 = CARTESIAN_POINT('',(-35.2,-1.2,4.E-16));
#1616 = VECTOR('',#1617,1.);
#1617 = DIRECTION('',(-0.707106781187,-1.4E-16,-0.707106781187));
#1618 = ORIENTED_EDGE('',*,*,#384,.F.);
#1619 = CONICAL_SURFACE('',#1620,1.2,0.785398163397);
#1620 = AXIS2_PLACEMENT_3D('',#1621,#1622,#1623);
#1621 = CARTESIAN_POINT('',(-35.2,-1.2,1.2));
#1622 = DIRECTION('',(-1.,0.,0.));
#1623 = DIRECTION('',(0.,1.,4.1E-16));
#1624 = ADVANCED_FACE('',(#1625),#1650,.T.);
#1625 = FACE_BOUND('',#1626,.T.);
#1626 = EDGE_LOOP('',(#1627,#1628,#1636,#1644));
#1627 = ORIENTED_EDGE('',*,*,#393,.F.);
#1628 = ORIENTED_EDGE('',*,*,#1629,.T.);
#1629 = EDGE_CURVE('',#385,#1630,#1632,.T.);
#1630 = VERTEX_POINT('',#1631);
#1631 = CARTESIAN_POINT('',(-35.2,-8.8,3.E-15));
#1632 = LINE('',#1633,#1634);
#1633 = CARTESIAN_POINT('',(-35.2,-1.2,5.3E-16));
#1634 = VECTOR('',#1635,1.);
#1635 = DIRECTION('',(0.,-1.,4.4E-16));
#1636 = ORIENTED_EDGE('',*,*,#1637,.T.);
#1637 = EDGE_CURVE('',#1630,#1638,#1640,.T.);
#1638 = VERTEX_POINT('',#1639);
#1639 = CARTESIAN_POINT('',(-40.5,-8.8,-1.E-15));
#1640 = LINE('',#1641,#1642);
#1641 = CARTESIAN_POINT('',(-35.,-8.8,4.9E-16));
#1642 = VECTOR('',#1643,1.);
#1643 = DIRECTION('',(-1.,0.,0.));
#1644 = ORIENTED_EDGE('',*,*,#1645,.F.);
#1645 = EDGE_CURVE('',#394,#1638,#1646,.T.);
#1646 = LINE('',#1647,#1648);
#1647 = CARTESIAN_POINT('',(-40.5,0.,0.));
#1648 = VECTOR('',#1649,1.);
#1649 = DIRECTION('',(0.,-1.,2.2E-16));
#1650 = PLANE('',#1651);
#1651 = AXIS2_PLACEMENT_3D('',#1652,#1653,#1654);
#1652 = CARTESIAN_POINT('',(-35.,0.,0.));
#1653 = DIRECTION('',(0.,-2.2E-16,-1.));
#1654 = DIRECTION('',(-1.,0.,0.));
#1655 = ADVANCED_FACE('',(#1656),#1674,.T.);
#1656 = FACE_BOUND('',#1657,.F.);
#1657 = EDGE_LOOP('',(#1658,#1659,#1667,#1673));
#1658 = ORIENTED_EDGE('',*,*,#416,.F.);
#1659 = ORIENTED_EDGE('',*,*,#1660,.T.);
#1660 = EDGE_CURVE('',#417,#1661,#1663,.T.);
#1661 = VERTEX_POINT('',#1662);
#1662 = CARTESIAN_POINT('',(-35.,-9.8,1.3));
#1663 = LINE('',#1664,#1665);
#1664 = CARTESIAN_POINT('',(-35.,5.8E-16,1.3));
#1665 = VECTOR('',#1666,1.);
#1666 = DIRECTION('',(0.,-1.,4.4E-16));
#1667 = ORIENTED_EDGE('',*,*,#1668,.T.);
#1668 = EDGE_CURVE('',#1661,#493,#1669,.T.);
#1669 = LINE('',#1670,#1671);
#1670 = CARTESIAN_POINT('',(-33.41666666666,-8.216666666667,
    -0.283333333333));
#1671 = VECTOR('',#1672,1.);
#1672 = DIRECTION('',(-0.57735026919,-0.57735026919,0.57735026919));
#1673 = ORIENTED_EDGE('',*,*,#500,.F.);
#1674 = PLANE('',#1675);
#1675 = AXIS2_PLACEMENT_3D('',#1676,#1677,#1678);
#1676 = CARTESIAN_POINT('',(-35.1,6.3E-16,1.4));
#1677 = DIRECTION('',(0.707106781187,3.2E-16,0.707106781187));
#1678 = DIRECTION('',(-6.274169979694E-18,1.,-4.462741699797E-16));
#1679 = ADVANCED_FACE('',(#1680),#1708,.T.);
#1680 = FACE_BOUND('',#1681,.T.);
#1681 = EDGE_LOOP('',(#1682,#1683,#1684,#1692,#1701,#1707));
#1682 = ORIENTED_EDGE('',*,*,#424,.F.);
#1683 = ORIENTED_EDGE('',*,*,#1660,.T.);
#1684 = ORIENTED_EDGE('',*,*,#1685,.F.);
#1685 = EDGE_CURVE('',#1686,#1661,#1688,.T.);
#1686 = VERTEX_POINT('',#1687);
#1687 = CARTESIAN_POINT('',(-35.,-9.8,1.2));
#1688 = LINE('',#1689,#1690);
#1689 = CARTESIAN_POINT('',(-35.,-9.8,1.2));
#1690 = VECTOR('',#1691,1.);
#1691 = DIRECTION('',(0.,0.,1.));
#1692 = ORIENTED_EDGE('',*,*,#1693,.F.);
#1693 = EDGE_CURVE('',#1694,#1686,#1696,.T.);
#1694 = VERTEX_POINT('',#1695);
#1695 = CARTESIAN_POINT('',(-35.,-8.8,0.2));
#1696 = CIRCLE('',#1697,1.);
#1697 = AXIS2_PLACEMENT_3D('',#1698,#1699,#1700);
#1698 = CARTESIAN_POINT('',(-35.,-8.8,1.2));
#1699 = DIRECTION('',(-1.,-0.,0.));
#1700 = DIRECTION('',(0.,-1.26E-15,-1.));
#1701 = ORIENTED_EDGE('',*,*,#1702,.F.);
#1702 = EDGE_CURVE('',#1605,#1694,#1703,.T.);
#1703 = LINE('',#1704,#1705);
#1704 = CARTESIAN_POINT('',(-35.,-1.2,0.2));
#1705 = VECTOR('',#1706,1.);
#1706 = DIRECTION('',(0.,-1.,4.4E-16));
#1707 = ORIENTED_EDGE('',*,*,#1604,.F.);
#1708 = PLANE('',#1709);
#1709 = AXIS2_PLACEMENT_3D('',#1710,#1711,#1712);
#1710 = CARTESIAN_POINT('',(-35.,3.4E-16,1.5));
#1711 = DIRECTION('',(1.,0.,0.));
#1712 = DIRECTION('',(0.,-2.2E-16,-1.));
#1713 = ADVANCED_FACE('',(#1714),#1733,.T.);
#1714 = FACE_BOUND('',#1715,.F.);
#1715 = EDGE_LOOP('',(#1716,#1724,#1731,#1732));
#1716 = ORIENTED_EDGE('',*,*,#1717,.T.);
#1717 = EDGE_CURVE('',#450,#1718,#1720,.T.);
#1718 = VERTEX_POINT('',#1719);
#1719 = CARTESIAN_POINT('',(-42.,-8.8,1.5));
#1720 = LINE('',#1721,#1722);
#1721 = CARTESIAN_POINT('',(-42.,3.4E-16,1.5));
#1722 = VECTOR('',#1723,1.);
#1723 = DIRECTION('',(0.,-1.,2.2E-16));
#1724 = ORIENTED_EDGE('',*,*,#1725,.F.);
#1725 = EDGE_CURVE('',#1638,#1718,#1726,.T.);
#1726 = CIRCLE('',#1727,1.5);
#1727 = AXIS2_PLACEMENT_3D('',#1728,#1729,#1730);
#1728 = CARTESIAN_POINT('',(-40.5,-8.8,1.5));
#1729 = DIRECTION('',(0.,1.,2.2E-16));
#1730 = DIRECTION('',(0.,2.2E-16,-1.));
#1731 = ORIENTED_EDGE('',*,*,#1645,.F.);
#1732 = ORIENTED_EDGE('',*,*,#458,.T.);
#1733 = CYLINDRICAL_SURFACE('',#1734,1.5);
#1734 = AXIS2_PLACEMENT_3D('',#1735,#1736,#1737);
#1735 = CARTESIAN_POINT('',(-40.5,3.4E-16,1.5));
#1736 = DIRECTION('',(0.,1.,-2.2E-16));
#1737 = DIRECTION('',(1.,0.,0.));
#1738 = ADVANCED_FACE('',(#1739),#2049,.T.);
#1739 = FACE_BOUND('',#1740,.T.);
#1740 = EDGE_LOOP('',(#1741,#1751,#1760,#1768,#1777,#1785,#1794,#1802,
    #1811,#1819,#1828,#1837,#1846,#1855,#1863,#1872,#1880,#1889,#1897,
    #1906,#1914,#1923,#1931,#1937,#1938,#1939,#1940,#1948,#1957,#1965,
    #1974,#1982,#1991,#2000,#2008,#2017,#2025,#2034,#2040,#2041,#2042,
    #2043));
#1741 = ORIENTED_EDGE('',*,*,#1742,.F.);
#1742 = EDGE_CURVE('',#1743,#1745,#1747,.T.);
#1743 = VERTEX_POINT('',#1744);
#1744 = CARTESIAN_POINT('',(40.5,-10.,1.2));
#1745 = VERTEX_POINT('',#1746);
#1746 = CARTESIAN_POINT('',(35.2,-10.,1.2));
#1747 = LINE('',#1748,#1749);
#1748 = CARTESIAN_POINT('',(40.5,-10.,1.2));
#1749 = VECTOR('',#1750,1.);
#1750 = DIRECTION('',(-1.,0.,0.));
#1751 = ORIENTED_EDGE('',*,*,#1752,.F.);
#1752 = EDGE_CURVE('',#1753,#1743,#1755,.T.);
#1753 = VERTEX_POINT('',#1754);
#1754 = CARTESIAN_POINT('',(40.8,-10.,1.5));
#1755 = CIRCLE('',#1756,0.3);
#1756 = AXIS2_PLACEMENT_3D('',#1757,#1758,#1759);
#1757 = CARTESIAN_POINT('',(40.5,-10.,1.5));
#1758 = DIRECTION('',(0.,1.,2.2E-16));
#1759 = DIRECTION('',(1.,-6.182E-31,2.81E-15));
#1760 = ORIENTED_EDGE('',*,*,#1761,.F.);
#1761 = EDGE_CURVE('',#1762,#1753,#1764,.T.);
#1762 = VERTEX_POINT('',#1763);
#1763 = CARTESIAN_POINT('',(40.8,-10.,12.364971157456));
#1764 = LINE('',#1765,#1766);
#1765 = CARTESIAN_POINT('',(40.8,-10.,12.364971157456));
#1766 = VECTOR('',#1767,1.);
#1767 = DIRECTION('',(0.,2.2E-16,-1.));
#1768 = ORIENTED_EDGE('',*,*,#1769,.F.);
#1769 = EDGE_CURVE('',#1770,#1762,#1772,.T.);
#1770 = VERTEX_POINT('',#1771);
#1771 = CARTESIAN_POINT('',(41.590811690796,-10.,14.274159466659));
#1772 = CIRCLE('',#1773,2.7);
#1773 = AXIS2_PLACEMENT_3D('',#1774,#1775,#1776);
#1774 = CARTESIAN_POINT('',(43.5,-10.,12.364971157456));
#1775 = DIRECTION('',(0.,-1.,-2.2E-16));
#1776 = DIRECTION('',(-0.707106781187,-1.55563491861E-16,0.707106781187)
  );
#1777 = ORIENTED_EDGE('',*,*,#1778,.F.);
#1778 = EDGE_CURVE('',#1779,#1770,#1781,.T.);
#1779 = VERTEX_POINT('',#1780);
#1780 = CARTESIAN_POINT('',(46.879393923934,-10.,19.562741699797));
#1781 = LINE('',#1782,#1783);
#1782 = CARTESIAN_POINT('',(46.879393923934,-10.,19.562741699797));
#1783 = VECTOR('',#1784,1.);
#1784 = DIRECTION('',(-0.707106781187,1.6E-16,-0.707106781187));
#1785 = ORIENTED_EDGE('',*,*,#1786,.F.);
#1786 = EDGE_CURVE('',#1787,#1779,#1789,.T.);
#1787 = VERTEX_POINT('',#1788);
#1788 = CARTESIAN_POINT('',(51.8,-10.,31.442135623731));
#1789 = CIRCLE('',#1790,16.8);
#1790 = AXIS2_PLACEMENT_3D('',#1791,#1792,#1793);
#1791 = CARTESIAN_POINT('',(35.,-10.,31.442135623731));
#1792 = DIRECTION('',(0.,1.,2.2E-16));
#1793 = DIRECTION('',(1.,-8.58E-32,3.9E-16));
#1794 = ORIENTED_EDGE('',*,*,#1795,.F.);
#1795 = EDGE_CURVE('',#1796,#1787,#1798,.T.);
#1796 = VERTEX_POINT('',#1797);
#1797 = CARTESIAN_POINT('',(51.8,-10.,89.3));
#1798 = LINE('',#1799,#1800);
#1799 = CARTESIAN_POINT('',(51.8,-10.,89.3));
#1800 = VECTOR('',#1801,1.);
#1801 = DIRECTION('',(0.,2.2E-16,-1.));
#1802 = ORIENTED_EDGE('',*,*,#1803,.F.);
#1803 = EDGE_CURVE('',#1804,#1796,#1806,.T.);
#1804 = VERTEX_POINT('',#1805);
#1805 = CARTESIAN_POINT('',(31.,-10.,110.1));
#1806 = CIRCLE('',#1807,20.8);
#1807 = AXIS2_PLACEMENT_3D('',#1808,#1809,#1810);
#1808 = CARTESIAN_POINT('',(31.,-10.,89.3));
#1809 = DIRECTION('',(0.,1.,2.2E-16));
#1810 = DIRECTION('',(3.2E-16,-2.2E-16,1.));
#1811 = ORIENTED_EDGE('',*,*,#1812,.F.);
#1812 = EDGE_CURVE('',#1813,#1804,#1815,.T.);
#1813 = VERTEX_POINT('',#1814);
#1814 = CARTESIAN_POINT('',(14.,-10.,110.1));
#1815 = LINE('',#1816,#1817);
#1816 = CARTESIAN_POINT('',(14.,-10.,110.1));
#1817 = VECTOR('',#1818,1.);
#1818 = DIRECTION('',(1.,0.,0.));
#1819 = ORIENTED_EDGE('',*,*,#1820,.F.);
#1820 = EDGE_CURVE('',#1821,#1813,#1823,.T.);
#1821 = VERTEX_POINT('',#1822);
#1822 = CARTESIAN_POINT('',(5.04,-10.,114.58));
#1823 = CIRCLE('',#1824,11.2);
#1824 = AXIS2_PLACEMENT_3D('',#1825,#1826,#1827);
#1825 = CARTESIAN_POINT('',(14.,-10.,121.3));
#1826 = DIRECTION('',(-1.232595164408E-32,-1.,-2.2E-16));
#1827 = DIRECTION('',(-0.8,1.32E-16,-0.6));
#1828 = ORIENTED_EDGE('',*,*,#1829,.F.);
#1829 = EDGE_CURVE('',#1830,#1821,#1832,.T.);
#1830 = VERTEX_POINT('',#1831);
#1831 = CARTESIAN_POINT('',(-8.E-15,-10.,117.1));
#1832 = CIRCLE('',#1833,6.3);
#1833 = AXIS2_PLACEMENT_3D('',#1834,#1835,#1836);
#1834 = CARTESIAN_POINT('',(0.,-10.,110.8));
#1835 = DIRECTION('',(0.,1.,2.2E-16));
#1836 = DIRECTION('',(3.8E-16,-2.2E-16,1.));
#1837 = ORIENTED_EDGE('',*,*,#1838,.F.);
#1838 = EDGE_CURVE('',#1839,#1830,#1841,.T.);
#1839 = VERTEX_POINT('',#1840);
#1840 = CARTESIAN_POINT('',(-5.04,-10.,114.58));
#1841 = CIRCLE('',#1842,6.3);
#1842 = AXIS2_PLACEMENT_3D('',#1843,#1844,#1845);
#1843 = CARTESIAN_POINT('',(0.,-10.,110.8));
#1844 = DIRECTION('',(0.,1.,2.2E-16));
#1845 = DIRECTION('',(-0.8,-1.32E-16,0.6));
#1846 = ORIENTED_EDGE('',*,*,#1847,.F.);
#1847 = EDGE_CURVE('',#1848,#1839,#1850,.T.);
#1848 = VERTEX_POINT('',#1849);
#1849 = CARTESIAN_POINT('',(-14.,-10.,110.1));
#1850 = CIRCLE('',#1851,11.2);
#1851 = AXIS2_PLACEMENT_3D('',#1852,#1853,#1854);
#1852 = CARTESIAN_POINT('',(-14.,-10.,121.3));
#1853 = DIRECTION('',(0.,-1.,-2.2E-16));
#1854 = DIRECTION('',(-1.8E-16,2.2E-16,-1.));
#1855 = ORIENTED_EDGE('',*,*,#1856,.F.);
#1856 = EDGE_CURVE('',#1857,#1848,#1859,.T.);
#1857 = VERTEX_POINT('',#1858);
#1858 = CARTESIAN_POINT('',(-31.,-10.,110.1));
#1859 = LINE('',#1860,#1861);
#1860 = CARTESIAN_POINT('',(-31.,-10.,110.1));
#1861 = VECTOR('',#1862,1.);
#1862 = DIRECTION('',(1.,0.,0.));
#1863 = ORIENTED_EDGE('',*,*,#1864,.F.);
#1864 = EDGE_CURVE('',#1865,#1857,#1867,.T.);
#1865 = VERTEX_POINT('',#1866);
#1866 = CARTESIAN_POINT('',(-51.8,-10.,89.3));
#1867 = CIRCLE('',#1868,20.8);
#1868 = AXIS2_PLACEMENT_3D('',#1869,#1870,#1871);
#1869 = CARTESIAN_POINT('',(-31.,-10.,89.3));
#1870 = DIRECTION('',(0.,1.,2.2E-16));
#1871 = DIRECTION('',(-1.,1.43E-31,-6.5E-16));
#1872 = ORIENTED_EDGE('',*,*,#1873,.F.);
#1873 = EDGE_CURVE('',#1874,#1865,#1876,.T.);
#1874 = VERTEX_POINT('',#1875);
#1875 = CARTESIAN_POINT('',(-51.8,-10.,31.442135623731));
#1876 = LINE('',#1877,#1878);
#1877 = CARTESIAN_POINT('',(-51.8,-10.,31.442135623731));
#1878 = VECTOR('',#1879,1.);
#1879 = DIRECTION('',(0.,0.,1.));
#1880 = ORIENTED_EDGE('',*,*,#1881,.F.);
#1881 = EDGE_CURVE('',#1882,#1874,#1884,.T.);
#1882 = VERTEX_POINT('',#1883);
#1883 = CARTESIAN_POINT('',(-46.87939392393,-10.,19.562741699797));
#1884 = CIRCLE('',#1885,16.8);
#1885 = AXIS2_PLACEMENT_3D('',#1886,#1887,#1888);
#1886 = CARTESIAN_POINT('',(-35.,-10.,31.442135623731));
#1887 = DIRECTION('',(-1.232595164408E-32,1.,2.2E-16));
#1888 = DIRECTION('',(-0.707106781187,1.55563491861E-16,-0.707106781187)
  );
#1889 = ORIENTED_EDGE('',*,*,#1890,.F.);
#1890 = EDGE_CURVE('',#1891,#1882,#1893,.T.);
#1891 = VERTEX_POINT('',#1892);
#1892 = CARTESIAN_POINT('',(-41.59081169079,-10.,14.274159466659));
#1893 = LINE('',#1894,#1895);
#1894 = CARTESIAN_POINT('',(-41.59081169079,-10.,14.274159466659));
#1895 = VECTOR('',#1896,1.);
#1896 = DIRECTION('',(-0.707106781187,0.,0.707106781187));
#1897 = ORIENTED_EDGE('',*,*,#1898,.F.);
#1898 = EDGE_CURVE('',#1899,#1891,#1901,.T.);
#1899 = VERTEX_POINT('',#1900);
#1900 = CARTESIAN_POINT('',(-40.8,-10.,12.364971157456));
#1901 = CIRCLE('',#1902,2.7);
#1902 = AXIS2_PLACEMENT_3D('',#1903,#1904,#1905);
#1903 = CARTESIAN_POINT('',(-43.5,-10.,12.364971157456));
#1904 = DIRECTION('',(0.,-1.,-2.2E-16));
#1905 = DIRECTION('',(1.,-7.81E-31,3.55E-15));
#1906 = ORIENTED_EDGE('',*,*,#1907,.F.);
#1907 = EDGE_CURVE('',#1908,#1899,#1910,.T.);
#1908 = VERTEX_POINT('',#1909);
#1909 = CARTESIAN_POINT('',(-40.8,-10.,1.5));
#1910 = LINE('',#1911,#1912);
#1911 = CARTESIAN_POINT('',(-40.8,-10.,1.5));
#1912 = VECTOR('',#1913,1.);
#1913 = DIRECTION('',(0.,0.,1.));
#1914 = ORIENTED_EDGE('',*,*,#1915,.F.);
#1915 = EDGE_CURVE('',#1916,#1908,#1918,.T.);
#1916 = VERTEX_POINT('',#1917);
#1917 = CARTESIAN_POINT('',(-40.5,-10.,1.2));
#1918 = CIRCLE('',#1919,0.3);
#1919 = AXIS2_PLACEMENT_3D('',#1920,#1921,#1922);
#1920 = CARTESIAN_POINT('',(-40.5,-10.,1.5));
#1921 = DIRECTION('',(0.,1.,2.2E-16));
#1922 = DIRECTION('',(0.,2.2E-16,-1.));
#1923 = ORIENTED_EDGE('',*,*,#1924,.F.);
#1924 = EDGE_CURVE('',#1925,#1916,#1927,.T.);
#1925 = VERTEX_POINT('',#1926);
#1926 = CARTESIAN_POINT('',(-35.2,-10.,1.2));
#1927 = LINE('',#1928,#1929);
#1928 = CARTESIAN_POINT('',(-35.,-10.,1.2));
#1929 = VECTOR('',#1930,1.);
#1930 = DIRECTION('',(-1.,0.,0.));
#1931 = ORIENTED_EDGE('',*,*,#1932,.T.);
#1932 = EDGE_CURVE('',#1925,#493,#1933,.T.);
#1933 = LINE('',#1934,#1935);
#1934 = CARTESIAN_POINT('',(-35.2,-10.,1.2));
#1935 = VECTOR('',#1936,1.);
#1936 = DIRECTION('',(0.,0.,1.));
#1937 = ORIENTED_EDGE('',*,*,#492,.F.);
#1938 = ORIENTED_EDGE('',*,*,#547,.F.);
#1939 = ORIENTED_EDGE('',*,*,#626,.F.);
#1940 = ORIENTED_EDGE('',*,*,#1941,.F.);
#1941 = EDGE_CURVE('',#1942,#618,#1944,.T.);
#1942 = VERTEX_POINT('',#1943);
#1943 = CARTESIAN_POINT('',(-44.86413959755,-10.,21.577996026179));
#1944 = LINE('',#1945,#1946);
#1945 = CARTESIAN_POINT('',(-44.86413959755,-10.,21.577996026179));
#1946 = VECTOR('',#1947,1.);
#1947 = DIRECTION('',(0.707106781187,0.,-0.707106781187));
#1948 = ORIENTED_EDGE('',*,*,#1949,.F.);
#1949 = EDGE_CURVE('',#1950,#1942,#1952,.T.);
#1950 = VERTEX_POINT('',#1951);
#1951 = CARTESIAN_POINT('',(-48.95,-10.,31.442135623731));
#1952 = CIRCLE('',#1953,13.95);
#1953 = AXIS2_PLACEMENT_3D('',#1954,#1955,#1956);
#1954 = CARTESIAN_POINT('',(-35.,-10.,31.442135623731));
#1955 = DIRECTION('',(0.,-1.,-2.2E-16));
#1956 = DIRECTION('',(-1.,-1.562E-31,7.1E-16));
#1957 = ORIENTED_EDGE('',*,*,#1958,.F.);
#1958 = EDGE_CURVE('',#1959,#1950,#1961,.T.);
#1959 = VERTEX_POINT('',#1960);
#1960 = CARTESIAN_POINT('',(-48.95,-10.,89.3));
#1961 = LINE('',#1962,#1963);
#1962 = CARTESIAN_POINT('',(-48.95,-10.,89.3));
#1963 = VECTOR('',#1964,1.);
#1964 = DIRECTION('',(0.,0.,-1.));
#1965 = ORIENTED_EDGE('',*,*,#1966,.F.);
#1966 = EDGE_CURVE('',#1967,#1959,#1969,.T.);
#1967 = VERTEX_POINT('',#1968);
#1968 = CARTESIAN_POINT('',(-31.,-10.,107.25));
#1969 = CIRCLE('',#1970,17.95);
#1970 = AXIS2_PLACEMENT_3D('',#1971,#1972,#1973);
#1971 = CARTESIAN_POINT('',(-31.,-10.,89.3));
#1972 = DIRECTION('',(0.,-1.,-2.2E-16));
#1973 = DIRECTION('',(-5.1E-16,-2.2E-16,1.));
#1974 = ORIENTED_EDGE('',*,*,#1975,.F.);
#1975 = EDGE_CURVE('',#1976,#1967,#1978,.T.);
#1976 = VERTEX_POINT('',#1977);
#1977 = CARTESIAN_POINT('',(-2.887472943596,-10.,107.25));
#1978 = LINE('',#1979,#1980);
#1979 = CARTESIAN_POINT('',(31.,-10.,107.25));
#1980 = VECTOR('',#1981,1.);
#1981 = DIRECTION('',(-1.,0.,0.));
#1982 = ORIENTED_EDGE('',*,*,#1983,.F.);
#1983 = EDGE_CURVE('',#1984,#1976,#1986,.T.);
#1984 = VERTEX_POINT('',#1985);
#1985 = CARTESIAN_POINT('',(-2.E-15,-10.,114.5));
#1986 = CIRCLE('',#1987,4.2);
#1987 = AXIS2_PLACEMENT_3D('',#1988,#1989,#1990);
#1988 = CARTESIAN_POINT('',(0.,-10.,110.3));
#1989 = DIRECTION('',(0.,-1.,-2.2E-16));
#1990 = DIRECTION('',(-3.8E-16,-2.2E-16,1.));
#1991 = ORIENTED_EDGE('',*,*,#1992,.F.);
#1992 = EDGE_CURVE('',#1993,#1984,#1995,.T.);
#1993 = VERTEX_POINT('',#1994);
#1994 = CARTESIAN_POINT('',(2.887472943596,-10.,107.25));
#1995 = CIRCLE('',#1996,4.2);
#1996 = AXIS2_PLACEMENT_3D('',#1997,#1998,#1999);
#1997 = CARTESIAN_POINT('',(0.,-10.,110.3));
#1998 = DIRECTION('',(0.,-1.,-2.2E-16));
#1999 = DIRECTION('',(1.8E-16,2.2E-16,-1.));
#2000 = ORIENTED_EDGE('',*,*,#2001,.F.);
#2001 = EDGE_CURVE('',#2002,#1993,#2004,.T.);
#2002 = VERTEX_POINT('',#2003);
#2003 = CARTESIAN_POINT('',(31.,-10.,107.25));
#2004 = LINE('',#2005,#2006);
#2005 = CARTESIAN_POINT('',(31.,-10.,107.25));
#2006 = VECTOR('',#2007,1.);
#2007 = DIRECTION('',(-1.,0.,0.));
#2008 = ORIENTED_EDGE('',*,*,#2009,.F.);
#2009 = EDGE_CURVE('',#2010,#2002,#2012,.T.);
#2010 = VERTEX_POINT('',#2011);
#2011 = CARTESIAN_POINT('',(48.95,-10.,89.3));
#2012 = CIRCLE('',#2013,17.95);
#2013 = AXIS2_PLACEMENT_3D('',#2014,#2015,#2016);
#2014 = CARTESIAN_POINT('',(31.,-10.,89.3));
#2015 = DIRECTION('',(0.,-1.,-2.2E-16));
#2016 = DIRECTION('',(1.,2.244E-31,-1.02E-15));
#2017 = ORIENTED_EDGE('',*,*,#2018,.F.);
#2018 = EDGE_CURVE('',#2019,#2010,#2021,.T.);
#2019 = VERTEX_POINT('',#2020);
#2020 = CARTESIAN_POINT('',(48.95,-10.,31.442135623731));
#2021 = LINE('',#2022,#2023);
#2022 = CARTESIAN_POINT('',(48.95,-10.,31.442135623731));
#2023 = VECTOR('',#2024,1.);
#2024 = DIRECTION('',(0.,-2.2E-16,1.));
#2025 = ORIENTED_EDGE('',*,*,#2026,.F.);
#2026 = EDGE_CURVE('',#2027,#2019,#2029,.T.);
#2027 = VERTEX_POINT('',#2028);
#2028 = CARTESIAN_POINT('',(44.864139597552,-10.,21.577996026179));
#2029 = CIRCLE('',#2030,13.95);
#2030 = AXIS2_PLACEMENT_3D('',#2031,#2032,#2033);
#2031 = CARTESIAN_POINT('',(35.,-10.,31.442135623731));
#2032 = DIRECTION('',(0.,-1.,-2.2E-16));
#2033 = DIRECTION('',(0.707106781187,1.55563491861E-16,-0.707106781187)
  );
#2034 = ORIENTED_EDGE('',*,*,#2035,.F.);
#2035 = EDGE_CURVE('',#1345,#2027,#2036,.T.);
#2036 = LINE('',#2037,#2038);
#2037 = CARTESIAN_POINT('',(35.793071785687,-10.,12.506928214313));
#2038 = VECTOR('',#2039,1.);
#2039 = DIRECTION('',(0.707106781187,-1.6E-16,0.707106781187));
#2040 = ORIENTED_EDGE('',*,*,#1353,.T.);
#2041 = ORIENTED_EDGE('',*,*,#1402,.T.);
#2042 = ORIENTED_EDGE('',*,*,#1464,.T.);
#2043 = ORIENTED_EDGE('',*,*,#2044,.F.);
#2044 = EDGE_CURVE('',#1745,#1465,#2045,.T.);
#2045 = LINE('',#2046,#2047);
#2046 = CARTESIAN_POINT('',(35.2,-10.,1.2));
#2047 = VECTOR('',#2048,1.);
#2048 = DIRECTION('',(0.,-2.2E-16,1.));
#2049 = PLANE('',#2050);
#2050 = AXIS2_PLACEMENT_3D('',#2051,#2052,#2053);
#2051 = CARTESIAN_POINT('',(-2.12E-15,-10.,64.770483225568));
#2052 = DIRECTION('',(0.,-1.,-2.2E-16));
#2053 = DIRECTION('',(1.,0.,0.));
#2054 = ADVANCED_FACE('',(#2055,#2073),#2084,.F.);
#2055 = FACE_BOUND('',#2056,.F.);
#2056 = EDGE_LOOP('',(#2057,#2065,#2071,#2072));
#2057 = ORIENTED_EDGE('',*,*,#2058,.T.);
#2058 = EDGE_CURVE('',#516,#2059,#2061,.T.);
#2059 = VERTEX_POINT('',#2060);
#2060 = CARTESIAN_POINT('',(-42.,-8.8,12.364971157456));
#2061 = LINE('',#2062,#2063);
#2062 = CARTESIAN_POINT('',(-42.,2.74E-15,12.364971157456));
#2063 = VECTOR('',#2064,1.);
#2064 = DIRECTION('',(0.,-1.,2.2E-16));
#2065 = ORIENTED_EDGE('',*,*,#2066,.F.);
#2066 = EDGE_CURVE('',#1718,#2059,#2067,.T.);
#2067 = LINE('',#2068,#2069);
#2068 = CARTESIAN_POINT('',(-42.,-8.8,1.5));
#2069 = VECTOR('',#2070,1.);
#2070 = DIRECTION('',(0.,0.,1.));
#2071 = ORIENTED_EDGE('',*,*,#1717,.F.);
#2072 = ORIENTED_EDGE('',*,*,#515,.T.);
#2073 = FACE_BOUND('',#2074,.F.);
#2074 = EDGE_LOOP('',(#2075));
#2075 = ORIENTED_EDGE('',*,*,#2076,.F.);
#2076 = EDGE_CURVE('',#2077,#2077,#2079,.T.);
#2077 = VERTEX_POINT('',#2078);
#2078 = CARTESIAN_POINT('',(-42.,-5.,5.9));
#2079 = CIRCLE('',#2080,1.6);
#2080 = AXIS2_PLACEMENT_3D('',#2081,#2082,#2083);
#2081 = CARTESIAN_POINT('',(-42.,-5.,4.3));
#2082 = DIRECTION('',(1.,0.,-2.2E-16));
#2083 = DIRECTION('',(2.2E-16,0.,1.));
#2084 = PLANE('',#2085);
#2085 = AXIS2_PLACEMENT_3D('',#2086,#2087,#2088);
#2086 = CARTESIAN_POINT('',(-42.,2.74E-15,12.364971157456));
#2087 = DIRECTION('',(1.,0.,0.));
#2088 = DIRECTION('',(0.,-2.2E-16,-1.));
#2089 = ADVANCED_FACE('',(#2090),#2101,.F.);
#2090 = FACE_BOUND('',#2091,.F.);
#2091 = EDGE_LOOP('',(#2092,#2093,#2099,#2100));
#2092 = ORIENTED_EDGE('',*,*,#557,.F.);
#2093 = ORIENTED_EDGE('',*,*,#2094,.T.);
#2094 = EDGE_CURVE('',#558,#2077,#2095,.T.);
#2095 = LINE('',#2096,#2097);
#2096 = CARTESIAN_POINT('',(-38.,-5.,5.9));
#2097 = VECTOR('',#2098,1.);
#2098 = DIRECTION('',(-1.,0.,2.2E-16));
#2099 = ORIENTED_EDGE('',*,*,#2076,.T.);
#2100 = ORIENTED_EDGE('',*,*,#2094,.F.);
#2101 = CYLINDRICAL_SURFACE('',#2102,1.6);
#2102 = AXIS2_PLACEMENT_3D('',#2103,#2104,#2105);
#2103 = CARTESIAN_POINT('',(-38.,-5.,4.3));
#2104 = DIRECTION('',(1.,0.,-2.2E-16));
#2105 = DIRECTION('',(2.2E-16,0.,1.));
#2106 = ADVANCED_FACE('',(#2107),#2126,.F.);
#2107 = FACE_BOUND('',#2108,.T.);
#2108 = EDGE_LOOP('',(#2109,#2110,#2119,#2125));
#2109 = ORIENTED_EDGE('',*,*,#2058,.T.);
#2110 = ORIENTED_EDGE('',*,*,#2111,.T.);
#2111 = EDGE_CURVE('',#2059,#2112,#2114,.T.);
#2112 = VERTEX_POINT('',#2113);
#2113 = CARTESIAN_POINT('',(-42.43933982822,-8.8,13.425631329235));
#2114 = CIRCLE('',#2115,1.5);
#2115 = AXIS2_PLACEMENT_3D('',#2116,#2117,#2118);
#2116 = CARTESIAN_POINT('',(-43.5,-8.8,12.364971157456));
#2117 = DIRECTION('',(0.,-1.,-2.2E-16));
#2118 = DIRECTION('',(1.,-7.81E-31,3.55E-15));
#2119 = ORIENTED_EDGE('',*,*,#2120,.F.);
#2120 = EDGE_CURVE('',#577,#2112,#2121,.T.);
#2121 = LINE('',#2122,#2123);
#2122 = CARTESIAN_POINT('',(-42.43933982822,2.98E-15,13.425631329235));
#2123 = VECTOR('',#2124,1.);
#2124 = DIRECTION('',(0.,-1.,2.2E-16));
#2125 = ORIENTED_EDGE('',*,*,#585,.F.);
#2126 = CYLINDRICAL_SURFACE('',#2127,1.5);
#2127 = AXIS2_PLACEMENT_3D('',#2128,#2129,#2130);
#2128 = CARTESIAN_POINT('',(-43.5,2.74E-15,12.364971157456));
#2129 = DIRECTION('',(0.,1.,-2.2E-16));
#2130 = DIRECTION('',(1.,0.,0.));
#2131 = ADVANCED_FACE('',(#2132),#2173,.T.);
#2132 = FACE_BOUND('',#2133,.F.);
#2133 = EDGE_LOOP('',(#2134,#2145,#2146,#2147,#2156,#2167));
#2134 = ORIENTED_EDGE('',*,*,#2135,.T.);
#2135 = EDGE_CURVE('',#2136,#687,#2138,.T.);
#2136 = VERTEX_POINT('',#2137);
#2137 = CARTESIAN_POINT('',(-33.,-1.286445630978,13.5));
#2138 = B_SPLINE_CURVE_WITH_KNOTS('',5,(#2139,#2140,#2141,#2142,#2143,
    #2144),.UNSPECIFIED.,.F.,.F.,(6,6),(0.,1.),
  .PIECEWISE_BEZIER_KNOTS.);
#2139 = CARTESIAN_POINT('',(-33.,-1.286445630977,13.5));
#2140 = CARTESIAN_POINT('',(-33.03490163265,-1.190288960836,
    13.465098367344));
#2141 = CARTESIAN_POINT('',(-33.07034875878,-1.09692037175,
    13.429651241217));
#2142 = CARTESIAN_POINT('',(-33.10627282071,-1.006031423583,
    13.393727179281));
#2143 = CARTESIAN_POINT('',(-33.14262310966,-0.917411832062,
    13.357376890333));
#2144 = CARTESIAN_POINT('',(-33.17935763668,-0.830886701737,
    13.320642363318));
#2145 = ORIENTED_EDGE('',*,*,#686,.T.);
#2146 = ORIENTED_EDGE('',*,*,#609,.T.);
#2147 = ORIENTED_EDGE('',*,*,#2148,.F.);
#2148 = EDGE_CURVE('',#2149,#610,#2151,.T.);
#2149 = VERTEX_POINT('',#2150);
#2150 = CARTESIAN_POINT('',(-33.17935763668,-9.169113298263,
    13.320642363318));
#2151 = CIRCLE('',#2152,3.95);
#2152 = AXIS2_PLACEMENT_3D('',#2153,#2154,#2155);
#2153 = CARTESIAN_POINT('',(-34.89307178568,-6.05,11.606928214313));
#2154 = DIRECTION('',(0.707106781187,0.,-0.707106781187));
#2155 = DIRECTION('',(0.707106781187,-1.6E-16,0.707106781187));
#2156 = ORIENTED_EDGE('',*,*,#2157,.F.);
#2157 = EDGE_CURVE('',#2158,#2149,#2160,.T.);
#2158 = VERTEX_POINT('',#2159);
#2159 = CARTESIAN_POINT('',(-33.,-8.713554369023,13.5));
#2160 = B_SPLINE_CURVE_WITH_KNOTS('',5,(#2161,#2162,#2163,#2164,#2165,
    #2166),.UNSPECIFIED.,.F.,.F.,(6,6),(0.,1.),
  .PIECEWISE_BEZIER_KNOTS.);
#2161 = CARTESIAN_POINT('',(-33.,-8.713554369023,13.5));
#2162 = CARTESIAN_POINT('',(-33.03490163265,-8.809711039164,
    13.465098367344));
#2163 = CARTESIAN_POINT('',(-33.07034875878,-8.90307962825,
    13.429651241217));
#2164 = CARTESIAN_POINT('',(-33.10627282071,-8.993968576417,
    13.393727179281));
#2165 = CARTESIAN_POINT('',(-33.14262310966,-9.082588167939,
    13.357376890333));
#2166 = CARTESIAN_POINT('',(-33.17935763668,-9.169113298263,
    13.320642363318));
#2167 = ORIENTED_EDGE('',*,*,#2168,.F.);
#2168 = EDGE_CURVE('',#2136,#2158,#2169,.T.);
#2169 = LINE('',#2170,#2171);
#2170 = CARTESIAN_POINT('',(-33.,-0.921421597061,13.5));
#2171 = VECTOR('',#2172,1.);
#2172 = DIRECTION('',(0.,-1.,4.4E-16));
#2173 = PLANE('',#2174);
#2174 = AXIS2_PLACEMENT_3D('',#2175,#2176,#2177);
#2175 = CARTESIAN_POINT('',(-33.1,-0.921421597061,13.4));
#2176 = DIRECTION('',(0.707106781187,-3.4E-16,-0.707106781187));
#2177 = DIRECTION('',(2.041630560342E-17,1.,-4.604163056034E-16));
#2178 = ADVANCED_FACE('',(#2179),#2218,.T.);
#2179 = FACE_BOUND('',#2180,.F.);
#2180 = EDGE_LOOP('',(#2181,#2182,#2183,#2192,#2200,#2217));
#2181 = ORIENTED_EDGE('',*,*,#617,.F.);
#2182 = ORIENTED_EDGE('',*,*,#1941,.F.);
#2183 = ORIENTED_EDGE('',*,*,#2184,.T.);
#2184 = EDGE_CURVE('',#1942,#2185,#2187,.T.);
#2185 = VERTEX_POINT('',#2186);
#2186 = CARTESIAN_POINT('',(-42.07106781186,-6.05,24.371067811865));
#2187 = CIRCLE('',#2188,3.95);
#2188 = AXIS2_PLACEMENT_3D('',#2189,#2190,#2191);
#2189 = CARTESIAN_POINT('',(-44.86413959755,-6.05,21.577996026179));
#2190 = DIRECTION('',(-0.707106781187,-1.6E-16,0.707106781187));
#2191 = DIRECTION('',(-0.707106781187,1.6E-16,-0.707106781187));
#2192 = ORIENTED_EDGE('',*,*,#2193,.T.);
#2193 = EDGE_CURVE('',#2185,#2194,#2196,.T.);
#2194 = VERTEX_POINT('',#2195);
#2195 = CARTESIAN_POINT('',(-33.14142135623,-6.05,15.441421356237));
#2196 = LINE('',#2197,#2198);
#2197 = CARTESIAN_POINT('',(-42.07106781186,-6.05,24.371067811865));
#2198 = VECTOR('',#2199,1.);
#2199 = DIRECTION('',(0.707106781187,0.,-0.707106781187));
#2200 = ORIENTED_EDGE('',*,*,#2201,.T.);
#2201 = EDGE_CURVE('',#2194,#2149,#2202,.T.);
#2202 = B_SPLINE_CURVE_WITH_KNOTS('',7,(#2203,#2204,#2205,#2206,#2207,
    #2208,#2209,#2210,#2211,#2212,#2213,#2214,#2215,#2216),
  .UNSPECIFIED.,.F.,.F.,(8,6,8),(5.898953920715,9.742513342517,
    9.934043408482),.UNSPECIFIED.);
#2203 = CARTESIAN_POINT('',(-33.14142135623,-6.05,15.441421356237));
#2204 = CARTESIAN_POINT('',(-33.14142135623,-6.574078972769,
    15.441421356237));
#2205 = CARTESIAN_POINT('',(-33.14417933162,-7.098162587329,
    15.329505958292));
#2206 = CARTESIAN_POINT('',(-33.14974382935,-7.604554043886,
    15.105331466604));
#2207 = CARTESIAN_POINT('',(-33.15710369459,-8.075303184128,
    14.777745240218));
#2208 = CARTESIAN_POINT('',(-33.16499724346,-8.500868525301,
    14.35877075921));
#2209 = CARTESIAN_POINT('',(-33.17270853963,-8.871512139451,
    13.861075556564));
#2210 = CARTESIAN_POINT('',(-33.17995660071,-9.195938099973,
    13.272040713951));
#2211 = CARTESIAN_POINT('',(-33.18030063809,-9.211337343486,
    13.244081511905));
#2212 = CARTESIAN_POINT('',(-33.18064467548,-9.226736586999,
    13.216122309859));
#2213 = CARTESIAN_POINT('',(-33.18098871286,-9.242135830513,
    13.188163107813));
#2214 = CARTESIAN_POINT('',(-33.18133275024,-9.257535074026,
    13.160203905768));
#2215 = CARTESIAN_POINT('',(-33.18167678762,-9.272934317539,
    13.132244703722));
#2216 = CARTESIAN_POINT('',(-33.182020825,-9.288333561052,
    13.104285501676));
#2217 = ORIENTED_EDGE('',*,*,#2148,.T.);
#2218 = CYLINDRICAL_SURFACE('',#2219,3.95);
#2219 = AXIS2_PLACEMENT_3D('',#2220,#2221,#2222);
#2220 = CARTESIAN_POINT('',(-44.86413959755,-6.05,21.577996026179));
#2221 = DIRECTION('',(0.707106781187,0.,-0.707106781187));
#2222 = DIRECTION('',(-1.1E-16,-1.,-1.1E-16));
#2223 = ADVANCED_FACE('',(#2224),#2242,.F.);
#2224 = FACE_BOUND('',#2225,.F.);
#2225 = EDGE_LOOP('',(#2226,#2234,#2240,#2241));
#2226 = ORIENTED_EDGE('',*,*,#2227,.T.);
#2227 = EDGE_CURVE('',#644,#2228,#2230,.T.);
#2228 = VERTEX_POINT('',#2229);
#2229 = CARTESIAN_POINT('',(-47.72792206135,-8.8,18.714213562373));
#2230 = LINE('',#2231,#2232);
#2231 = CARTESIAN_POINT('',(-47.72792206135,4.15E-15,18.714213562373));
#2232 = VECTOR('',#2233,1.);
#2233 = DIRECTION('',(0.,-1.,2.2E-16));
#2234 = ORIENTED_EDGE('',*,*,#2235,.F.);
#2235 = EDGE_CURVE('',#2112,#2228,#2236,.T.);
#2236 = LINE('',#2237,#2238);
#2237 = CARTESIAN_POINT('',(-42.43933982822,-8.8,13.425631329235));
#2238 = VECTOR('',#2239,1.);
#2239 = DIRECTION('',(-0.707106781187,0.,0.707106781187));
#2240 = ORIENTED_EDGE('',*,*,#2120,.F.);
#2241 = ORIENTED_EDGE('',*,*,#643,.T.);
#2242 = PLANE('',#2243);
#2243 = AXIS2_PLACEMENT_3D('',#2244,#2245,#2246);
#2244 = CARTESIAN_POINT('',(-47.72792206135,4.15E-15,18.714213562373));
#2245 = DIRECTION('',(0.707106781187,1.5E-16,0.707106781187));
#2246 = DIRECTION('',(0.707106781187,-1.5E-16,-0.707106781187));
#2247 = ADVANCED_FACE('',(#2248),#2264,.T.);
#2248 = FACE_BOUND('',#2249,.T.);
#2249 = EDGE_LOOP('',(#2250,#2251,#2257,#2258));
#2250 = ORIENTED_EDGE('',*,*,#667,.F.);
#2251 = ORIENTED_EDGE('',*,*,#2252,.T.);
#2252 = EDGE_CURVE('',#668,#2185,#2253,.T.);
#2253 = LINE('',#2254,#2255);
#2254 = CARTESIAN_POINT('',(-42.07106781186,5.41E-15,24.371067811865));
#2255 = VECTOR('',#2256,1.);
#2256 = DIRECTION('',(0.,-1.,2.2E-16));
#2257 = ORIENTED_EDGE('',*,*,#2193,.T.);
#2258 = ORIENTED_EDGE('',*,*,#2259,.F.);
#2259 = EDGE_CURVE('',#670,#2194,#2260,.T.);
#2260 = LINE('',#2261,#2262);
#2261 = CARTESIAN_POINT('',(-33.14142135623,-3.95,15.441421356237));
#2262 = VECTOR('',#2263,1.);
#2263 = DIRECTION('',(0.,-1.,4.4E-16));
#2264 = PLANE('',#2265);
#2265 = AXIS2_PLACEMENT_3D('',#2266,#2267,#2268);
#2266 = CARTESIAN_POINT('',(-42.07106781186,5.41E-15,24.371067811865));
#2267 = DIRECTION('',(0.707106781187,1.5E-16,0.707106781187));
#2268 = DIRECTION('',(0.707106781187,-1.5E-16,-0.707106781187));
#2269 = ADVANCED_FACE('',(#2270),#2298,.T.);
#2270 = FACE_BOUND('',#2271,.T.);
#2271 = EDGE_LOOP('',(#2272,#2273,#2274,#2281));
#2272 = ORIENTED_EDGE('',*,*,#2135,.T.);
#2273 = ORIENTED_EDGE('',*,*,#695,.T.);
#2274 = ORIENTED_EDGE('',*,*,#2275,.F.);
#2275 = EDGE_CURVE('',#2276,#670,#2278,.T.);
#2276 = VERTEX_POINT('',#2277);
#2277 = CARTESIAN_POINT('',(-33.,-3.95,15.1));
#2278 = B_SPLINE_CURVE_WITH_KNOTS('',1,(#2279,#2280),.UNSPECIFIED.,.F.,
  .F.,(2,2),(0.,3.843559421803),.PIECEWISE_BEZIER_KNOTS.);
#2279 = CARTESIAN_POINT('',(-33.,-3.95,15.1));
#2280 = CARTESIAN_POINT('',(-33.14142135623,-3.95,15.441421356237));
#2281 = ORIENTED_EDGE('',*,*,#2282,.F.);
#2282 = EDGE_CURVE('',#2136,#2276,#2283,.T.);
#2283 = B_SPLINE_CURVE_WITH_KNOTS('',7,(#2284,#2285,#2286,#2287,#2288,
    #2289,#2290,#2291,#2292,#2293,#2294,#2295,#2296,#2297),
  .UNSPECIFIED.,.F.,.F.,(8,6,8),(-0.236135567053,-4.4605501087E-02,
    3.798953920716),.UNSPECIFIED.);
#2284 = CARTESIAN_POINT('',(-33.,-0.9565051401,12.9622466358));
#2285 = CARTESIAN_POINT('',(-33.,-0.97332611768,12.991257540155));
#2286 = CARTESIAN_POINT('',(-33.,-0.989877338,13.019803197943));
#2287 = CARTESIAN_POINT('',(-33.,-1.006158801059,13.047883609164));
#2288 = CARTESIAN_POINT('',(-33.,-1.022170506859,13.075498773819));
#2289 = CARTESIAN_POINT('',(-33.,-1.0379124554,13.102648691908));
#2290 = CARTESIAN_POINT('',(-33.,-1.05338464668,13.12933336343));
#2291 = CARTESIAN_POINT('',(-33.,-1.373664292567,13.681715181287));
#2292 = CARTESIAN_POINT('',(-33.,-1.732058626099,14.141666923079));
#2293 = CARTESIAN_POINT('',(-33.,-2.134480368462,14.521724649727));
#2294 = CARTESIAN_POINT('',(-33.,-2.569971759288,14.810717544824));
#2295 = CARTESIAN_POINT('',(-33.,-3.023797195304,15.003466939151));
#2296 = CARTESIAN_POINT('',(-33.,-3.486896379703,15.1));
#2297 = CARTESIAN_POINT('',(-33.,-3.95,15.1));
#2298 = B_SPLINE_SURFACE_WITH_KNOTS('',1,7,(
    (#2299,#2300,#2301,#2302,#2303,#2304,#2305,#2306,#2307,#2308,#2309
      ,#2310,#2311,#2312)
    ,(#2313,#2314,#2315,#2316,#2317,#2318,#2319,#2320,#2321,#2322,#2323
      ,#2324,#2325,#2326
    )),.UNSPECIFIED.,.F.,.F.,.F.,(2,2),(8,6,8),(0.,3.843559421803),(
    -0.236135567053,-4.4605501087E-02,3.798953920716),.UNSPECIFIED.);
#2299 = CARTESIAN_POINT('',(-33.,-0.9565051401,12.9622466358));
#2300 = CARTESIAN_POINT('',(-33.,-0.97332611768,12.991257540155));
#2301 = CARTESIAN_POINT('',(-33.,-0.989877338,13.019803197943));
#2302 = CARTESIAN_POINT('',(-33.,-1.006158801059,13.047883609164));
#2303 = CARTESIAN_POINT('',(-33.,-1.022170506859,13.075498773819));
#2304 = CARTESIAN_POINT('',(-33.,-1.0379124554,13.102648691908));
#2305 = CARTESIAN_POINT('',(-33.,-1.05338464668,13.12933336343));
#2306 = CARTESIAN_POINT('',(-33.,-1.373664292567,13.681715181287));
#2307 = CARTESIAN_POINT('',(-33.,-1.732058626099,14.141666923079));
#2308 = CARTESIAN_POINT('',(-33.,-2.134480368462,14.521724649727));
#2309 = CARTESIAN_POINT('',(-33.,-2.569971759288,14.810717544824));
#2310 = CARTESIAN_POINT('',(-33.,-3.023797195304,15.003466939151));
#2311 = CARTESIAN_POINT('',(-33.,-3.486896379703,15.1));
#2312 = CARTESIAN_POINT('',(-33.,-3.95,15.1));
#2313 = CARTESIAN_POINT('',(-33.182020825,-0.711666438948,
    13.104285501676));
#2314 = CARTESIAN_POINT('',(-33.18167678762,-0.727065682461,
    13.132244703722));
#2315 = CARTESIAN_POINT('',(-33.18133275024,-0.742464925974,
    13.160203905768));
#2316 = CARTESIAN_POINT('',(-33.18098871286,-0.757864169488,
    13.188163107813));
#2317 = CARTESIAN_POINT('',(-33.18064467547,-0.773263413001,
    13.216122309859));
#2318 = CARTESIAN_POINT('',(-33.18030063809,-0.788662656514,
    13.244081511905));
#2319 = CARTESIAN_POINT('',(-33.17995660071,-0.804061900027,
    13.272040713951));
#2320 = CARTESIAN_POINT('',(-33.17270853963,-1.128487860549,
    13.861075556564));
#2321 = CARTESIAN_POINT('',(-33.16499724347,-1.499131474699,
    14.358770759213));
#2322 = CARTESIAN_POINT('',(-33.15710369459,-1.924696815875,
    14.777745240214));
#2323 = CARTESIAN_POINT('',(-33.14974382935,-2.395445956109,
    15.105331466607));
#2324 = CARTESIAN_POINT('',(-33.14417933161,-2.901837412674,
    15.32950595829));
#2325 = CARTESIAN_POINT('',(-33.14142135623,-3.425921027229,
    15.441421356238));
#2326 = CARTESIAN_POINT('',(-33.14142135623,-3.95,15.441421356237));
#2327 = ADVANCED_FACE('',(#2328),#2347,.T.);
#2328 = FACE_BOUND('',#2329,.F.);
#2329 = EDGE_LOOP('',(#2330,#2338,#2345,#2346));
#2330 = ORIENTED_EDGE('',*,*,#2331,.T.);
#2331 = EDGE_CURVE('',#723,#2332,#2334,.T.);
#2332 = VERTEX_POINT('',#2333);
#2333 = CARTESIAN_POINT('',(-53.,-8.8,31.442135623731));
#2334 = LINE('',#2335,#2336);
#2335 = CARTESIAN_POINT('',(-53.,6.98E-15,31.442135623731));
#2336 = VECTOR('',#2337,1.);
#2337 = DIRECTION('',(0.,-1.,2.2E-16));
#2338 = ORIENTED_EDGE('',*,*,#2339,.F.);
#2339 = EDGE_CURVE('',#2228,#2332,#2340,.T.);
#2340 = CIRCLE('',#2341,18.);
#2341 = AXIS2_PLACEMENT_3D('',#2342,#2343,#2344);
#2342 = CARTESIAN_POINT('',(-35.,-8.8,31.442135623731));
#2343 = DIRECTION('',(-1.232595164408E-32,1.,2.2E-16));
#2344 = DIRECTION('',(-0.707106781187,1.55563491861E-16,-0.707106781187)
  );
#2345 = ORIENTED_EDGE('',*,*,#2227,.F.);
#2346 = ORIENTED_EDGE('',*,*,#731,.T.);
#2347 = CYLINDRICAL_SURFACE('',#2348,18.);
#2348 = AXIS2_PLACEMENT_3D('',#2349,#2350,#2351);
#2349 = CARTESIAN_POINT('',(-35.,6.98E-15,31.442135623731));
#2350 = DIRECTION('',(0.,1.,-2.2E-16));
#2351 = DIRECTION('',(1.,0.,0.));
#2352 = ADVANCED_FACE('',(#2353),#2372,.F.);
#2353 = FACE_BOUND('',#2354,.T.);
#2354 = EDGE_LOOP('',(#2355,#2363,#2370,#2371));
#2355 = ORIENTED_EDGE('',*,*,#2356,.T.);
#2356 = EDGE_CURVE('',#747,#2357,#2359,.T.);
#2357 = VERTEX_POINT('',#2358);
#2358 = CARTESIAN_POINT('',(-45.,-6.05,31.442135623731));
#2359 = LINE('',#2360,#2361);
#2360 = CARTESIAN_POINT('',(-45.,6.98E-15,31.442135623731));
#2361 = VECTOR('',#2362,1.);
#2362 = DIRECTION('',(0.,-1.,2.2E-16));
#2363 = ORIENTED_EDGE('',*,*,#2364,.T.);
#2364 = EDGE_CURVE('',#2357,#2185,#2365,.T.);
#2365 = CIRCLE('',#2366,10.);
#2366 = AXIS2_PLACEMENT_3D('',#2367,#2368,#2369);
#2367 = CARTESIAN_POINT('',(-35.,-6.05,31.442135623731));
#2368 = DIRECTION('',(0.,-1.,-2.2E-16));
#2369 = DIRECTION('',(-1.,-1.562E-31,7.1E-16));
#2370 = ORIENTED_EDGE('',*,*,#2252,.F.);
#2371 = ORIENTED_EDGE('',*,*,#755,.F.);
#2372 = CYLINDRICAL_SURFACE('',#2373,10.);
#2373 = AXIS2_PLACEMENT_3D('',#2374,#2375,#2376);
#2374 = CARTESIAN_POINT('',(-35.,6.98E-15,31.442135623731));
#2375 = DIRECTION('',(0.,1.,-2.2E-16));
#2376 = DIRECTION('',(1.,0.,0.));
#2377 = ADVANCED_FACE('',(#2378),#2396,.T.);
#2378 = FACE_BOUND('',#2379,.T.);
#2379 = EDGE_LOOP('',(#2380,#2381,#2389,#2395));
#2380 = ORIENTED_EDGE('',*,*,#2331,.T.);
#2381 = ORIENTED_EDGE('',*,*,#2382,.T.);
#2382 = EDGE_CURVE('',#2332,#2383,#2385,.T.);
#2383 = VERTEX_POINT('',#2384);
#2384 = CARTESIAN_POINT('',(-53.,-8.8,89.3));
#2385 = LINE('',#2386,#2387);
#2386 = CARTESIAN_POINT('',(-53.,-8.8,31.442135623731));
#2387 = VECTOR('',#2388,1.);
#2388 = DIRECTION('',(0.,0.,1.));
#2389 = ORIENTED_EDGE('',*,*,#2390,.F.);
#2390 = EDGE_CURVE('',#774,#2383,#2391,.T.);
#2391 = LINE('',#2392,#2393);
#2392 = CARTESIAN_POINT('',(-53.,1.983E-14,89.3));
#2393 = VECTOR('',#2394,1.);
#2394 = DIRECTION('',(0.,-1.,2.2E-16));
#2395 = ORIENTED_EDGE('',*,*,#773,.F.);
#2396 = PLANE('',#2397);
#2397 = AXIS2_PLACEMENT_3D('',#2398,#2399,#2400);
#2398 = CARTESIAN_POINT('',(-53.,6.98E-15,31.442135623731));
#2399 = DIRECTION('',(-1.,0.,0.));
#2400 = DIRECTION('',(0.,2.2E-16,1.));
#2401 = ADVANCED_FACE('',(#2402),#2420,.T.);
#2402 = FACE_BOUND('',#2403,.T.);
#2403 = EDGE_LOOP('',(#2404,#2412,#2418,#2419));
#2404 = ORIENTED_EDGE('',*,*,#2405,.T.);
#2405 = EDGE_CURVE('',#798,#2406,#2408,.T.);
#2406 = VERTEX_POINT('',#2407);
#2407 = CARTESIAN_POINT('',(-45.,-6.05,89.3));
#2408 = LINE('',#2409,#2410);
#2409 = CARTESIAN_POINT('',(-45.,1.983E-14,89.3));
#2410 = VECTOR('',#2411,1.);
#2411 = DIRECTION('',(0.,-1.,2.2E-16));
#2412 = ORIENTED_EDGE('',*,*,#2413,.T.);
#2413 = EDGE_CURVE('',#2406,#2357,#2414,.T.);
#2414 = LINE('',#2415,#2416);
#2415 = CARTESIAN_POINT('',(-45.,-6.05,89.3));
#2416 = VECTOR('',#2417,1.);
#2417 = DIRECTION('',(0.,0.,-1.));
#2418 = ORIENTED_EDGE('',*,*,#2356,.F.);
#2419 = ORIENTED_EDGE('',*,*,#808,.F.);
#2420 = PLANE('',#2421);
#2421 = AXIS2_PLACEMENT_3D('',#2422,#2423,#2424);
#2422 = CARTESIAN_POINT('',(-45.,1.983E-14,89.3));
#2423 = DIRECTION('',(1.,0.,0.));
#2424 = DIRECTION('',(0.,-2.2E-16,-1.));
#2425 = ADVANCED_FACE('',(#2426),#2445,.T.);
#2426 = FACE_BOUND('',#2427,.F.);
#2427 = EDGE_LOOP('',(#2428,#2436,#2443,#2444));
#2428 = ORIENTED_EDGE('',*,*,#2429,.T.);
#2429 = EDGE_CURVE('',#825,#2430,#2432,.T.);
#2430 = VERTEX_POINT('',#2431);
#2431 = CARTESIAN_POINT('',(-31.,-8.8,111.3));
#2432 = LINE('',#2433,#2434);
#2433 = CARTESIAN_POINT('',(-31.,2.472E-14,111.3));
#2434 = VECTOR('',#2435,1.);
#2435 = DIRECTION('',(0.,-1.,2.2E-16));
#2436 = ORIENTED_EDGE('',*,*,#2437,.F.);
#2437 = EDGE_CURVE('',#2383,#2430,#2438,.T.);
#2438 = CIRCLE('',#2439,22.);
#2439 = AXIS2_PLACEMENT_3D('',#2440,#2441,#2442);
#2440 = CARTESIAN_POINT('',(-31.,-8.8,89.3));
#2441 = DIRECTION('',(0.,1.,2.2E-16));
#2442 = DIRECTION('',(-1.,1.43E-31,-6.5E-16));
#2443 = ORIENTED_EDGE('',*,*,#2390,.F.);
#2444 = ORIENTED_EDGE('',*,*,#833,.T.);
#2445 = CYLINDRICAL_SURFACE('',#2446,22.);
#2446 = AXIS2_PLACEMENT_3D('',#2447,#2448,#2449);
#2447 = CARTESIAN_POINT('',(-31.,1.983E-14,89.3));
#2448 = DIRECTION('',(0.,1.,-2.2E-16));
#2449 = DIRECTION('',(1.,0.,0.));
#2450 = ADVANCED_FACE('',(#2451),#2470,.F.);
#2451 = FACE_BOUND('',#2452,.T.);
#2452 = EDGE_LOOP('',(#2453,#2461,#2468,#2469));
#2453 = ORIENTED_EDGE('',*,*,#2454,.T.);
#2454 = EDGE_CURVE('',#849,#2455,#2457,.T.);
#2455 = VERTEX_POINT('',#2456);
#2456 = CARTESIAN_POINT('',(-31.,-6.05,103.3));
#2457 = LINE('',#2458,#2459);
#2458 = CARTESIAN_POINT('',(-31.,2.293E-14,103.3));
#2459 = VECTOR('',#2460,1.);
#2460 = DIRECTION('',(0.,-1.,2.2E-16));
#2461 = ORIENTED_EDGE('',*,*,#2462,.T.);
#2462 = EDGE_CURVE('',#2455,#2406,#2463,.T.);
#2463 = CIRCLE('',#2464,14.);
#2464 = AXIS2_PLACEMENT_3D('',#2465,#2466,#2467);
#2465 = CARTESIAN_POINT('',(-31.,-6.05,89.3));
#2466 = DIRECTION('',(0.,-1.,-2.2E-16));
#2467 = DIRECTION('',(-5.1E-16,-2.2E-16,1.));
#2468 = ORIENTED_EDGE('',*,*,#2405,.F.);
#2469 = ORIENTED_EDGE('',*,*,#857,.F.);
#2470 = CYLINDRICAL_SURFACE('',#2471,14.);
#2471 = AXIS2_PLACEMENT_3D('',#2472,#2473,#2474);
#2472 = CARTESIAN_POINT('',(-31.,1.983E-14,89.3));
#2473 = DIRECTION('',(0.,1.,-2.2E-16));
#2474 = DIRECTION('',(1.,0.,0.));
#2475 = ADVANCED_FACE('',(#2476),#2494,.T.);
#2476 = FACE_BOUND('',#2477,.T.);
#2477 = EDGE_LOOP('',(#2478,#2479,#2487,#2493));
#2478 = ORIENTED_EDGE('',*,*,#2429,.T.);
#2479 = ORIENTED_EDGE('',*,*,#2480,.T.);
#2480 = EDGE_CURVE('',#2430,#2481,#2483,.T.);
#2481 = VERTEX_POINT('',#2482);
#2482 = CARTESIAN_POINT('',(-14.,-8.8,111.3));
#2483 = LINE('',#2484,#2485);
#2484 = CARTESIAN_POINT('',(-31.,-8.8,111.3));
#2485 = VECTOR('',#2486,1.);
#2486 = DIRECTION('',(1.,0.,0.));
#2487 = ORIENTED_EDGE('',*,*,#2488,.F.);
#2488 = EDGE_CURVE('',#876,#2481,#2489,.T.);
#2489 = LINE('',#2490,#2491);
#2490 = CARTESIAN_POINT('',(-14.,2.472E-14,111.3));
#2491 = VECTOR('',#2492,1.);
#2492 = DIRECTION('',(0.,-1.,2.2E-16));
#2493 = ORIENTED_EDGE('',*,*,#875,.F.);
#2494 = PLANE('',#2495);
#2495 = AXIS2_PLACEMENT_3D('',#2496,#2497,#2498);
#2496 = CARTESIAN_POINT('',(-31.,2.472E-14,111.3));
#2497 = DIRECTION('',(0.,2.2E-16,1.));
#2498 = DIRECTION('',(1.,0.,0.));
#2499 = ADVANCED_FACE('',(#2500),#2520,.T.);
#2500 = FACE_BOUND('',#2501,.T.);
#2501 = EDGE_LOOP('',(#2502,#2503,#2518,#2519));
#2502 = ORIENTED_EDGE('',*,*,#976,.T.);
#2503 = ORIENTED_EDGE('',*,*,#2504,.T.);
#2504 = EDGE_CURVE('',#977,#1027,#2505,.T.);
#2505 = ( BOUNDED_CURVE() B_SPLINE_CURVE(11,(#2506,#2507,#2508,#2509,
    #2510,#2511,#2512,#2513,#2514,#2515,#2516,#2517),.UNSPECIFIED.,.F.,
.F.) B_SPLINE_CURVE_WITH_KNOTS((12,12),(7.150682277458,11.69887364408),
.PIECEWISE_BEZIER_KNOTS.) CURVE() GEOMETRIC_REPRESENTATION_ITEM() 
RATIONAL_B_SPLINE_CURVE((1.,1.,1.,1.,1.,1.,1.,1.,1.,1.,1.,1.)) 
REPRESENTATION_ITEM('') );
#2506 = CARTESIAN_POINT('',(-2.062480673997,-1.2,108.12142857142));
#2507 = CARTESIAN_POINT('',(-1.76222130483,-1.2,107.83716929125));
#2508 = CARTESIAN_POINT('',(-1.418866315092,-1.252065686525,
    107.59843117537));
#2509 = CARTESIAN_POINT('',(-1.040084270205,-1.341898599313,
    107.41247395805));
#2510 = CARTESIAN_POINT('',(-0.634917708915,-1.43052106998,
    107.28510362701));
#2511 = CARTESIAN_POINT('',(-0.213474524749,-1.536995411998,
    107.22037574656));
#2512 = CARTESIAN_POINT('',(0.213474524745,-1.536995411978,
    107.22037574655));
#2513 = CARTESIAN_POINT('',(0.634917708921,-1.430521069996,
    107.28510362702));
#2514 = CARTESIAN_POINT('',(1.0400842702,-1.341898599307,107.41247395804
    ));
#2515 = CARTESIAN_POINT('',(1.418866315093,-1.252065686527,
    107.59843117537));
#2516 = CARTESIAN_POINT('',(1.76222130483,-1.2,107.83716929125));
#2517 = CARTESIAN_POINT('',(2.062480673997,-1.2,108.12142857142));
#2518 = ORIENTED_EDGE('',*,*,#1026,.F.);
#2519 = ORIENTED_EDGE('',*,*,#900,.F.);
#2520 = ( BOUNDED_SURFACE() B_SPLINE_SURFACE(2,11,(
    (#2521,#2522,#2523,#2524,#2525,#2526,#2527,#2528,#2529,#2530,#2531
      ,#2532)
    ,(#2533,#2534,#2535,#2536,#2537,#2538,#2539,#2540,#2541,#2542,#2543
      ,#2544)
    ,(#2545,#2546,#2547,#2548,#2549,#2550,#2551,#2552,#2553,#2554,#2555
,#2556
    )),.UNSPECIFIED.,.F.,.F.,.F.) B_SPLINE_SURFACE_WITH_KNOTS((3,3),(12,
    12),(0.,4.548191366621),(7.150682277458,11.69887364408),
.PIECEWISE_BEZIER_KNOTS.) GEOMETRIC_REPRESENTATION_ITEM() 
RATIONAL_B_SPLINE_SURFACE((
    (1.,1.,1.,1.,1.,1.,1.,1.,1.,1.,1.,1.)
    ,(0.707106781187,0.676304731683,0.636504970081,0.591617797818
      ,0.538677808351,0.505983013315,0.505983013325,0.538677808344
      ,0.59161779782,0.636504970081,0.676304731683,0.707106781187)
,(1.,1.,1.,1.,1.,1.,1.,1.,1.,1.,1.,1.
))) REPRESENTATION_ITEM('') SURFACE() );
#2521 = CARTESIAN_POINT('',(-2.887472943596,-1.582E-14,107.25));
#2522 = CARTESIAN_POINT('',(-2.538984268939,-1.905E-14,106.77611697217)
  );
#2523 = CARTESIAN_POINT('',(-2.124694363724,-6.226559550226E-02,
    106.32485118262));
#2524 = CARTESIAN_POINT('',(-1.627220973548,-0.179253473087,
    105.9237989325));
#2525 = CARTESIAN_POINT('',(-1.064951092358,-0.318768088435,
    105.55450970204));
#2526 = CARTESIAN_POINT('',(-0.328739186922,-0.503155386086,
    105.39489679943));
#2527 = CARTESIAN_POINT('',(0.328739187059,-0.503155386058,
    105.39489679946));
#2528 = CARTESIAN_POINT('',(1.064951092117,-0.318768088457,
    105.55450970203));
#2529 = CARTESIAN_POINT('',(1.627220973673,-0.179253473078,
    105.92379893249));
#2530 = CARTESIAN_POINT('',(2.124694363702,-6.226559550439E-02,
    106.32485118264));
#2531 = CARTESIAN_POINT('',(2.538984268935,-1.882E-14,106.77611697216));
#2532 = CARTESIAN_POINT('',(2.887472943596,-1.582E-14,107.25));
#2533 = CARTESIAN_POINT('',(-2.062480673997,-1.579E-14,108.12142857142)
  );
#2534 = CARTESIAN_POINT('',(-1.748546102633,0.109307114597,
    107.8242228072));
#2535 = CARTESIAN_POINT('',(-1.379778314923,0.201666352251,
    107.5708526552));
#2536 = CARTESIAN_POINT('',(-0.966875694424,0.293555497862,
    107.37784369573));
#2537 = CARTESIAN_POINT('',(-0.521452806284,0.412699355081,
    107.25274468757));
#2538 = CARTESIAN_POINT('',(-0.148389024003,0.525779498434,
    107.2436998415));
#2539 = CARTESIAN_POINT('',(0.148389023999,0.525779498408,107.2436998415
    ));
#2540 = CARTESIAN_POINT('',(0.521452806294,0.412699355096,
    107.25274468758));
#2541 = CARTESIAN_POINT('',(0.966875694414,0.29355549786,107.37784369572
    ));
#2542 = CARTESIAN_POINT('',(1.379778314925,0.201666352249,107.5708526552
    ));
#2543 = CARTESIAN_POINT('',(1.748546102632,0.109307114598,107.8242228072
    ));
#2544 = CARTESIAN_POINT('',(2.062480673997,-1.235E-14,108.12142857142));
#2545 = CARTESIAN_POINT('',(-2.062480673997,-1.2,108.12142857142));
#2546 = CARTESIAN_POINT('',(-1.76222130483,-1.2,107.83716929125));
#2547 = CARTESIAN_POINT('',(-1.418866315092,-1.252065686525,
    107.59843117537));
#2548 = CARTESIAN_POINT('',(-1.040084270205,-1.341898599313,
    107.41247395805));
#2549 = CARTESIAN_POINT('',(-0.634917708915,-1.43052106998,
    107.28510362701));
#2550 = CARTESIAN_POINT('',(-0.213474524749,-1.536995411998,
    107.22037574656));
#2551 = CARTESIAN_POINT('',(0.213474524745,-1.536995411978,
    107.22037574655));
#2552 = CARTESIAN_POINT('',(0.634917708921,-1.430521069996,
    107.28510362702));
#2553 = CARTESIAN_POINT('',(1.0400842702,-1.341898599307,107.41247395804
    ));
#2554 = CARTESIAN_POINT('',(1.418866315093,-1.252065686527,
    107.59843117537));
#2555 = CARTESIAN_POINT('',(1.76222130483,-1.2,107.83716929125));
#2556 = CARTESIAN_POINT('',(2.062480673997,-1.2,108.12142857142));
#2557 = ADVANCED_FACE('',(#2558),#2576,.T.);
#2558 = FACE_BOUND('',#2559,.T.);
#2559 = EDGE_LOOP('',(#2560,#2561,#2562,#2570));
#2560 = ORIENTED_EDGE('',*,*,#2454,.F.);
#2561 = ORIENTED_EDGE('',*,*,#917,.F.);
#2562 = ORIENTED_EDGE('',*,*,#2563,.T.);
#2563 = EDGE_CURVE('',#918,#2564,#2566,.T.);
#2564 = VERTEX_POINT('',#2565);
#2565 = CARTESIAN_POINT('',(31.,-6.05,103.3));
#2566 = LINE('',#2567,#2568);
#2567 = CARTESIAN_POINT('',(31.,2.293E-14,103.3));
#2568 = VECTOR('',#2569,1.);
#2569 = DIRECTION('',(0.,-1.,2.2E-16));
#2570 = ORIENTED_EDGE('',*,*,#2571,.T.);
#2571 = EDGE_CURVE('',#2564,#2455,#2572,.T.);
#2572 = LINE('',#2573,#2574);
#2573 = CARTESIAN_POINT('',(31.,-6.05,103.3));
#2574 = VECTOR('',#2575,1.);
#2575 = DIRECTION('',(-1.,0.,0.));
#2576 = PLANE('',#2577);
#2577 = AXIS2_PLACEMENT_3D('',#2578,#2579,#2580);
#2578 = CARTESIAN_POINT('',(0.,-5.,103.3));
#2579 = DIRECTION('',(0.,2.2E-16,-1.));
#2580 = DIRECTION('',(0.,1.,2.2E-16));
#2581 = ADVANCED_FACE('',(#2582),#2601,.F.);
#2582 = FACE_BOUND('',#2583,.T.);
#2583 = EDGE_LOOP('',(#2584,#2585,#2594,#2600));
#2584 = ORIENTED_EDGE('',*,*,#2488,.T.);
#2585 = ORIENTED_EDGE('',*,*,#2586,.T.);
#2586 = EDGE_CURVE('',#2481,#2587,#2589,.T.);
#2587 = VERTEX_POINT('',#2588);
#2588 = CARTESIAN_POINT('',(-6.,-8.8,115.3));
#2589 = CIRCLE('',#2590,10.);
#2590 = AXIS2_PLACEMENT_3D('',#2591,#2592,#2593);
#2591 = CARTESIAN_POINT('',(-14.,-8.8,121.3));
#2592 = DIRECTION('',(0.,-1.,-2.2E-16));
#2593 = DIRECTION('',(-1.8E-16,2.2E-16,-1.));
#2594 = ORIENTED_EDGE('',*,*,#2595,.F.);
#2595 = EDGE_CURVE('',#943,#2587,#2596,.T.);
#2596 = LINE('',#2597,#2598);
#2597 = CARTESIAN_POINT('',(-6.,2.56E-14,115.3));
#2598 = VECTOR('',#2599,1.);
#2599 = DIRECTION('',(0.,-1.,2.2E-16));
#2600 = ORIENTED_EDGE('',*,*,#951,.F.);
#2601 = CYLINDRICAL_SURFACE('',#2602,10.);
#2602 = AXIS2_PLACEMENT_3D('',#2603,#2604,#2605);
#2603 = CARTESIAN_POINT('',(-14.,2.694E-14,121.3));
#2604 = DIRECTION('',(0.,1.,-2.2E-16));
#2605 = DIRECTION('',(1.,0.,0.));
#2606 = ADVANCED_FACE('',(#2607),#2653,.F.);
#2607 = FACE_BOUND('',#2608,.T.);
#2608 = EDGE_LOOP('',(#2609,#2616,#2617,#2618,#2619,#2620,#2629,#2646));
#2609 = ORIENTED_EDGE('',*,*,#2610,.T.);
#2610 = EDGE_CURVE('',#2611,#967,#2613,.T.);
#2611 = VERTEX_POINT('',#2612);
#2612 = CARTESIAN_POINT('',(-1.E-15,-8.8,113.3));
#2613 = B_SPLINE_CURVE_WITH_KNOTS('',1,(#2614,#2615),.UNSPECIFIED.,.F.,
  .F.,(2,2),(-10.,-6.217E-14),.PIECEWISE_BEZIER_KNOTS.);
#2614 = CARTESIAN_POINT('',(1.52E-15,-10.,113.3));
#2615 = CARTESIAN_POINT('',(1.52E-15,-1.187E-14,113.3));
#2616 = ORIENTED_EDGE('',*,*,#1036,.F.);
#2617 = ORIENTED_EDGE('',*,*,#2504,.F.);
#2618 = ORIENTED_EDGE('',*,*,#985,.F.);
#2619 = ORIENTED_EDGE('',*,*,#2610,.F.);
#2620 = ORIENTED_EDGE('',*,*,#2621,.T.);
#2621 = EDGE_CURVE('',#2611,#2622,#2624,.T.);
#2622 = VERTEX_POINT('',#2623);
#2623 = CARTESIAN_POINT('',(-2.062480673997,-8.8,108.12142857142));
#2624 = CIRCLE('',#2625,3.);
#2625 = AXIS2_PLACEMENT_3D('',#2626,#2627,#2628);
#2626 = CARTESIAN_POINT('',(0.,-8.8,110.3));
#2627 = DIRECTION('',(0.,-1.,-2.2E-16));
#2628 = DIRECTION('',(-3.8E-16,-2.2E-16,1.));
#2629 = ORIENTED_EDGE('',*,*,#2630,.T.);
#2630 = EDGE_CURVE('',#2622,#2631,#2633,.T.);
#2631 = VERTEX_POINT('',#2632);
#2632 = CARTESIAN_POINT('',(2.062480674,-8.8,108.12142857143));
#2633 = ( BOUNDED_CURVE() B_SPLINE_CURVE(11,(#2634,#2635,#2636,#2637,
    #2638,#2639,#2640,#2641,#2642,#2643,#2644,#2645),.UNSPECIFIED.,.F.,
.F.) B_SPLINE_CURVE_WITH_KNOTS((12,12),(7.150682277461,11.698873644084),
.PIECEWISE_BEZIER_KNOTS.) CURVE() GEOMETRIC_REPRESENTATION_ITEM() 
RATIONAL_B_SPLINE_CURVE((1.,1.,1.,1.,1.000000000001,0.999999999999,
1.000000000001,0.999999999999,1.,1.,1.,1.)) REPRESENTATION_ITEM('') );
#2634 = CARTESIAN_POINT('',(-2.062480673996,-8.8,108.12142857142));
#2635 = CARTESIAN_POINT('',(-1.762221304829,-8.8,107.83716929125));
#2636 = CARTESIAN_POINT('',(-1.418866315087,-8.747934313473,
    107.59843117537));
#2637 = CARTESIAN_POINT('',(-1.040084270219,-8.65810140069,
    107.41247395804));
#2638 = CARTESIAN_POINT('',(-0.63491770887,-8.569478930011,
    107.28510362703));
#2639 = CARTESIAN_POINT('',(-0.213474524812,-8.463004588015,
    107.22037574652));
#2640 = CARTESIAN_POINT('',(0.213474524817,-8.463004588007,
    107.2203757466));
#2641 = CARTESIAN_POINT('',(0.634917708874,-8.569478930017,
    107.28510362697));
#2642 = CARTESIAN_POINT('',(1.040084270231,-8.658101400687,
    107.41247395807));
#2643 = CARTESIAN_POINT('',(1.418866315086,-8.747934313477,
    107.59843117536));
#2644 = CARTESIAN_POINT('',(1.762221304835,-8.8,107.83716929125));
#2645 = CARTESIAN_POINT('',(2.062480674,-8.8,108.12142857143));
#2646 = ORIENTED_EDGE('',*,*,#2647,.T.);
#2647 = EDGE_CURVE('',#2631,#2611,#2648,.T.);
#2648 = CIRCLE('',#2649,3.);
#2649 = AXIS2_PLACEMENT_3D('',#2650,#2651,#2652);
#2650 = CARTESIAN_POINT('',(0.,-8.8,110.3));
#2651 = DIRECTION('',(0.,-1.,-2.2E-16));
#2652 = DIRECTION('',(1.8E-16,2.2E-16,-1.));
#2653 = CYLINDRICAL_SURFACE('',#2654,3.);
#2654 = AXIS2_PLACEMENT_3D('',#2655,#2656,#2657);
#2655 = CARTESIAN_POINT('',(0.,4.898E-14,110.3));
#2656 = DIRECTION('',(0.,1.,-4.4E-16));
#2657 = DIRECTION('',(1.,0.,0.));
#2658 = ADVANCED_FACE('',(#2659),#2688,.T.);
#2659 = FACE_BOUND('',#2660,.F.);
#2660 = EDGE_LOOP('',(#2661,#2662,#2663,#2664,#2672,#2681));
#2661 = ORIENTED_EDGE('',*,*,#2595,.F.);
#2662 = ORIENTED_EDGE('',*,*,#1011,.T.);
#2663 = ORIENTED_EDGE('',*,*,#1062,.T.);
#2664 = ORIENTED_EDGE('',*,*,#2665,.T.);
#2665 = EDGE_CURVE('',#1054,#2666,#2668,.T.);
#2666 = VERTEX_POINT('',#2667);
#2667 = CARTESIAN_POINT('',(6.,-8.8,115.3));
#2668 = LINE('',#2669,#2670);
#2669 = CARTESIAN_POINT('',(6.,2.56E-14,115.3));
#2670 = VECTOR('',#2671,1.);
#2671 = DIRECTION('',(0.,-1.,2.2E-16));
#2672 = ORIENTED_EDGE('',*,*,#2673,.F.);
#2673 = EDGE_CURVE('',#2674,#2666,#2676,.T.);
#2674 = VERTEX_POINT('',#2675);
#2675 = CARTESIAN_POINT('',(-9.E-15,-8.8,118.3));
#2676 = CIRCLE('',#2677,7.5);
#2677 = AXIS2_PLACEMENT_3D('',#2678,#2679,#2680);
#2678 = CARTESIAN_POINT('',(0.,-8.8,110.8));
#2679 = DIRECTION('',(0.,1.,2.2E-16));
#2680 = DIRECTION('',(3.8E-16,-2.2E-16,1.));
#2681 = ORIENTED_EDGE('',*,*,#2682,.F.);
#2682 = EDGE_CURVE('',#2587,#2674,#2683,.T.);
#2683 = CIRCLE('',#2684,7.5);
#2684 = AXIS2_PLACEMENT_3D('',#2685,#2686,#2687);
#2685 = CARTESIAN_POINT('',(0.,-8.8,110.8));
#2686 = DIRECTION('',(0.,1.,2.2E-16));
#2687 = DIRECTION('',(-0.8,-1.32E-16,0.6));
#2688 = CYLINDRICAL_SURFACE('',#2689,7.5);
#2689 = AXIS2_PLACEMENT_3D('',#2690,#2691,#2692);
#2690 = CARTESIAN_POINT('',(0.,4.921E-14,110.8));
#2691 = DIRECTION('',(0.,1.,-4.4E-16));
#2692 = DIRECTION('',(1.,0.,0.));
#2693 = ADVANCED_FACE('',(#2694),#2713,.F.);
#2694 = FACE_BOUND('',#2695,.F.);
#2695 = EDGE_LOOP('',(#2696,#2704,#2711,#2712));
#2696 = ORIENTED_EDGE('',*,*,#2697,.T.);
#2697 = EDGE_CURVE('',#1080,#2698,#2700,.T.);
#2698 = VERTEX_POINT('',#2699);
#2699 = CARTESIAN_POINT('',(14.,-8.8,111.3));
#2700 = LINE('',#2701,#2702);
#2701 = CARTESIAN_POINT('',(14.,2.472E-14,111.3));
#2702 = VECTOR('',#2703,1.);
#2703 = DIRECTION('',(0.,-1.,2.2E-16));
#2704 = ORIENTED_EDGE('',*,*,#2705,.F.);
#2705 = EDGE_CURVE('',#2666,#2698,#2706,.T.);
#2706 = CIRCLE('',#2707,10.);
#2707 = AXIS2_PLACEMENT_3D('',#2708,#2709,#2710);
#2708 = CARTESIAN_POINT('',(14.,-8.8,121.3));
#2709 = DIRECTION('',(-1.232595164408E-32,-1.,-2.2E-16));
#2710 = DIRECTION('',(-0.8,1.32E-16,-0.6));
#2711 = ORIENTED_EDGE('',*,*,#2665,.F.);
#2712 = ORIENTED_EDGE('',*,*,#1088,.T.);
#2713 = CYLINDRICAL_SURFACE('',#2714,10.);
#2714 = AXIS2_PLACEMENT_3D('',#2715,#2716,#2717);
#2715 = CARTESIAN_POINT('',(14.,2.694E-14,121.3));
#2716 = DIRECTION('',(0.,1.,-2.2E-16));
#2717 = DIRECTION('',(-1.,0.,0.));
#2718 = ADVANCED_FACE('',(#2719),#2738,.F.);
#2719 = FACE_BOUND('',#2720,.F.);
#2720 = EDGE_LOOP('',(#2721,#2722,#2731,#2737));
#2721 = ORIENTED_EDGE('',*,*,#2563,.T.);
#2722 = ORIENTED_EDGE('',*,*,#2723,.F.);
#2723 = EDGE_CURVE('',#2724,#2564,#2726,.T.);
#2724 = VERTEX_POINT('',#2725);
#2725 = CARTESIAN_POINT('',(45.,-6.05,89.3));
#2726 = CIRCLE('',#2727,14.);
#2727 = AXIS2_PLACEMENT_3D('',#2728,#2729,#2730);
#2728 = CARTESIAN_POINT('',(31.,-6.05,89.3));
#2729 = DIRECTION('',(0.,-1.,-2.2E-16));
#2730 = DIRECTION('',(1.,2.244E-31,-1.02E-15));
#2731 = ORIENTED_EDGE('',*,*,#2732,.F.);
#2732 = EDGE_CURVE('',#1104,#2724,#2733,.T.);
#2733 = LINE('',#2734,#2735);
#2734 = CARTESIAN_POINT('',(45.,1.983E-14,89.3));
#2735 = VECTOR('',#2736,1.);
#2736 = DIRECTION('',(0.,-1.,2.2E-16));
#2737 = ORIENTED_EDGE('',*,*,#1112,.T.);
#2738 = CYLINDRICAL_SURFACE('',#2739,14.);
#2739 = AXIS2_PLACEMENT_3D('',#2740,#2741,#2742);
#2740 = CARTESIAN_POINT('',(31.,1.983E-14,89.3));
#2741 = DIRECTION('',(0.,1.,-2.2E-16));
#2742 = DIRECTION('',(-1.,0.,0.));
#2743 = ADVANCED_FACE('',(#2744),#2762,.T.);
#2744 = FACE_BOUND('',#2745,.F.);
#2745 = EDGE_LOOP('',(#2746,#2754,#2760,#2761));
#2746 = ORIENTED_EDGE('',*,*,#2747,.T.);
#2747 = EDGE_CURVE('',#1131,#2748,#2750,.T.);
#2748 = VERTEX_POINT('',#2749);
#2749 = CARTESIAN_POINT('',(31.,-8.8,111.3));
#2750 = LINE('',#2751,#2752);
#2751 = CARTESIAN_POINT('',(31.,2.472E-14,111.3));
#2752 = VECTOR('',#2753,1.);
#2753 = DIRECTION('',(0.,-1.,2.2E-16));
#2754 = ORIENTED_EDGE('',*,*,#2755,.F.);
#2755 = EDGE_CURVE('',#2698,#2748,#2756,.T.);
#2756 = LINE('',#2757,#2758);
#2757 = CARTESIAN_POINT('',(14.,-8.8,111.3));
#2758 = VECTOR('',#2759,1.);
#2759 = DIRECTION('',(1.,0.,0.));
#2760 = ORIENTED_EDGE('',*,*,#2697,.F.);
#2761 = ORIENTED_EDGE('',*,*,#1130,.T.);
#2762 = PLANE('',#2763);
#2763 = AXIS2_PLACEMENT_3D('',#2764,#2765,#2766);
#2764 = CARTESIAN_POINT('',(31.,2.472E-14,111.3));
#2765 = DIRECTION('',(0.,2.2E-16,1.));
#2766 = DIRECTION('',(1.,0.,0.));
#2767 = ADVANCED_FACE('',(#2768),#2786,.T.);
#2768 = FACE_BOUND('',#2769,.F.);
#2769 = EDGE_LOOP('',(#2770,#2771,#2779,#2785));
#2770 = ORIENTED_EDGE('',*,*,#2732,.T.);
#2771 = ORIENTED_EDGE('',*,*,#2772,.F.);
#2772 = EDGE_CURVE('',#2773,#2724,#2775,.T.);
#2773 = VERTEX_POINT('',#2774);
#2774 = CARTESIAN_POINT('',(45.,-6.05,31.442135623731));
#2775 = LINE('',#2776,#2777);
#2776 = CARTESIAN_POINT('',(45.,-6.05,31.442135623731));
#2777 = VECTOR('',#2778,1.);
#2778 = DIRECTION('',(0.,-2.2E-16,1.));
#2779 = ORIENTED_EDGE('',*,*,#2780,.F.);
#2780 = EDGE_CURVE('',#1155,#2773,#2781,.T.);
#2781 = LINE('',#2782,#2783);
#2782 = CARTESIAN_POINT('',(45.,6.98E-15,31.442135623731));
#2783 = VECTOR('',#2784,1.);
#2784 = DIRECTION('',(0.,-1.,2.2E-16));
#2785 = ORIENTED_EDGE('',*,*,#1165,.T.);
#2786 = PLANE('',#2787);
#2787 = AXIS2_PLACEMENT_3D('',#2788,#2789,#2790);
#2788 = CARTESIAN_POINT('',(45.,1.983E-14,89.3));
#2789 = DIRECTION('',(-1.,0.,0.));
#2790 = DIRECTION('',(0.,2.2E-16,1.));
#2791 = ADVANCED_FACE('',(#2792),#2811,.T.);
#2792 = FACE_BOUND('',#2793,.T.);
#2793 = EDGE_LOOP('',(#2794,#2795,#2804,#2810));
#2794 = ORIENTED_EDGE('',*,*,#2747,.T.);
#2795 = ORIENTED_EDGE('',*,*,#2796,.T.);
#2796 = EDGE_CURVE('',#2748,#2797,#2799,.T.);
#2797 = VERTEX_POINT('',#2798);
#2798 = CARTESIAN_POINT('',(53.,-8.8,89.3));
#2799 = CIRCLE('',#2800,22.);
#2800 = AXIS2_PLACEMENT_3D('',#2801,#2802,#2803);
#2801 = CARTESIAN_POINT('',(31.,-8.8,89.3));
#2802 = DIRECTION('',(0.,1.,2.2E-16));
#2803 = DIRECTION('',(3.2E-16,-2.2E-16,1.));
#2804 = ORIENTED_EDGE('',*,*,#2805,.F.);
#2805 = EDGE_CURVE('',#1182,#2797,#2806,.T.);
#2806 = LINE('',#2807,#2808);
#2807 = CARTESIAN_POINT('',(53.,1.983E-14,89.3));
#2808 = VECTOR('',#2809,1.);
#2809 = DIRECTION('',(0.,-1.,2.2E-16));
#2810 = ORIENTED_EDGE('',*,*,#1190,.F.);
#2811 = CYLINDRICAL_SURFACE('',#2812,22.);
#2812 = AXIS2_PLACEMENT_3D('',#2813,#2814,#2815);
#2813 = CARTESIAN_POINT('',(31.,1.983E-14,89.3));
#2814 = DIRECTION('',(0.,1.,-2.2E-16));
#2815 = DIRECTION('',(-1.,0.,0.));
#2816 = ADVANCED_FACE('',(#2817),#2836,.F.);
#2817 = FACE_BOUND('',#2818,.F.);
#2818 = EDGE_LOOP('',(#2819,#2820,#2829,#2835));
#2819 = ORIENTED_EDGE('',*,*,#2780,.T.);
#2820 = ORIENTED_EDGE('',*,*,#2821,.F.);
#2821 = EDGE_CURVE('',#2822,#2773,#2824,.T.);
#2822 = VERTEX_POINT('',#2823);
#2823 = CARTESIAN_POINT('',(42.071067811865,-6.05,24.371067811865));
#2824 = CIRCLE('',#2825,10.);
#2825 = AXIS2_PLACEMENT_3D('',#2826,#2827,#2828);
#2826 = CARTESIAN_POINT('',(35.,-6.05,31.442135623731));
#2827 = DIRECTION('',(0.,-1.,-2.2E-16));
#2828 = DIRECTION('',(0.707106781187,1.55563491861E-16,-0.707106781187)
  );
#2829 = ORIENTED_EDGE('',*,*,#2830,.F.);
#2830 = EDGE_CURVE('',#1206,#2822,#2831,.T.);
#2831 = LINE('',#2832,#2833);
#2832 = CARTESIAN_POINT('',(42.071067811865,5.41E-15,24.371067811865));
#2833 = VECTOR('',#2834,1.);
#2834 = DIRECTION('',(0.,-1.,2.2E-16));
#2835 = ORIENTED_EDGE('',*,*,#1214,.T.);
#2836 = CYLINDRICAL_SURFACE('',#2837,10.);
#2837 = AXIS2_PLACEMENT_3D('',#2838,#2839,#2840);
#2838 = CARTESIAN_POINT('',(35.,6.98E-15,31.442135623731));
#2839 = DIRECTION('',(0.,1.,-2.2E-16));
#2840 = DIRECTION('',(-1.,0.,0.));
#2841 = ADVANCED_FACE('',(#2842),#2860,.T.);
#2842 = FACE_BOUND('',#2843,.F.);
#2843 = EDGE_LOOP('',(#2844,#2852,#2858,#2859));
#2844 = ORIENTED_EDGE('',*,*,#2845,.T.);
#2845 = EDGE_CURVE('',#1233,#2846,#2848,.T.);
#2846 = VERTEX_POINT('',#2847);
#2847 = CARTESIAN_POINT('',(53.,-8.8,31.442135623731));
#2848 = LINE('',#2849,#2850);
#2849 = CARTESIAN_POINT('',(53.,6.98E-15,31.442135623731));
#2850 = VECTOR('',#2851,1.);
#2851 = DIRECTION('',(0.,-1.,2.2E-16));
#2852 = ORIENTED_EDGE('',*,*,#2853,.F.);
#2853 = EDGE_CURVE('',#2797,#2846,#2854,.T.);
#2854 = LINE('',#2855,#2856);
#2855 = CARTESIAN_POINT('',(53.,-8.8,89.3));
#2856 = VECTOR('',#2857,1.);
#2857 = DIRECTION('',(0.,2.2E-16,-1.));
#2858 = ORIENTED_EDGE('',*,*,#2805,.F.);
#2859 = ORIENTED_EDGE('',*,*,#1232,.T.);
#2860 = PLANE('',#2861);
#2861 = AXIS2_PLACEMENT_3D('',#2862,#2863,#2864);
#2862 = CARTESIAN_POINT('',(53.,6.98E-15,31.442135623731));
#2863 = DIRECTION('',(1.,0.,0.));
#2864 = DIRECTION('',(0.,-2.2E-16,-1.));
#2865 = ADVANCED_FACE('',(#2866),#2884,.T.);
#2866 = FACE_BOUND('',#2867,.F.);
#2867 = EDGE_LOOP('',(#2868,#2869,#2870,#2878));
#2868 = ORIENTED_EDGE('',*,*,#1256,.T.);
#2869 = ORIENTED_EDGE('',*,*,#2830,.T.);
#2870 = ORIENTED_EDGE('',*,*,#2871,.F.);
#2871 = EDGE_CURVE('',#2872,#2822,#2874,.T.);
#2872 = VERTEX_POINT('',#2873);
#2873 = CARTESIAN_POINT('',(33.141421356237,-6.05,15.441421356237));
#2874 = LINE('',#2875,#2876);
#2875 = CARTESIAN_POINT('',(33.,-6.05,15.3));
#2876 = VECTOR('',#2877,1.);
#2877 = DIRECTION('',(0.707106781187,-1.6E-16,0.707106781187));
#2878 = ORIENTED_EDGE('',*,*,#2879,.F.);
#2879 = EDGE_CURVE('',#1257,#2872,#2880,.T.);
#2880 = LINE('',#2881,#2882);
#2881 = CARTESIAN_POINT('',(33.141421356237,-3.95,15.441421356237));
#2882 = VECTOR('',#2883,1.);
#2883 = DIRECTION('',(0.,-1.,2.2E-16));
#2884 = PLANE('',#2885);
#2885 = AXIS2_PLACEMENT_3D('',#2886,#2887,#2888);
#2886 = CARTESIAN_POINT('',(42.071067811865,5.41E-15,24.371067811865));
#2887 = DIRECTION('',(-0.707106781187,1.5E-16,0.707106781187));
#2888 = DIRECTION('',(0.707106781187,1.5E-16,0.707106781187));
#2889 = ADVANCED_FACE('',(#2890),#2928,.F.);
#2890 = FACE_BOUND('',#2891,.F.);
#2891 = EDGE_LOOP('',(#2892,#2903,#2904,#2911));
#2892 = ORIENTED_EDGE('',*,*,#2893,.T.);
#2893 = EDGE_CURVE('',#2894,#1265,#2896,.T.);
#2894 = VERTEX_POINT('',#2895);
#2895 = CARTESIAN_POINT('',(33.,-1.286445630978,13.5));
#2896 = B_SPLINE_CURVE_WITH_KNOTS('',5,(#2897,#2898,#2899,#2900,#2901,
    #2902),.UNSPECIFIED.,.F.,.F.,(6,6),(0.,1.),
  .PIECEWISE_BEZIER_KNOTS.);
#2897 = CARTESIAN_POINT('',(33.,-1.286445630978,13.5));
#2898 = CARTESIAN_POINT('',(33.034901632656,-1.190288960836,
    13.465098367344));
#2899 = CARTESIAN_POINT('',(33.070348758783,-1.09692037175,
    13.429651241217));
#2900 = CARTESIAN_POINT('',(33.106272820719,-1.006031423583,
    13.393727179281));
#2901 = CARTESIAN_POINT('',(33.142623109667,-0.917411832062,
    13.357376890333));
#2902 = CARTESIAN_POINT('',(33.179357636682,-0.830886701737,
    13.320642363318));
#2903 = ORIENTED_EDGE('',*,*,#1264,.T.);
#2904 = ORIENTED_EDGE('',*,*,#2905,.F.);
#2905 = EDGE_CURVE('',#2906,#1257,#2908,.T.);
#2906 = VERTEX_POINT('',#2907);
#2907 = CARTESIAN_POINT('',(33.,-3.95,15.1));
#2908 = B_SPLINE_CURVE_WITH_KNOTS('',1,(#2909,#2910),.UNSPECIFIED.,.F.,
  .F.,(2,2),(0.,3.843559421803),.PIECEWISE_BEZIER_KNOTS.);
#2909 = CARTESIAN_POINT('',(33.,-3.95,15.1));
#2910 = CARTESIAN_POINT('',(33.141421356237,-3.95,15.441421356237));
#2911 = ORIENTED_EDGE('',*,*,#2912,.F.);
#2912 = EDGE_CURVE('',#2894,#2906,#2913,.T.);
#2913 = B_SPLINE_CURVE_WITH_KNOTS('',7,(#2914,#2915,#2916,#2917,#2918,
    #2919,#2920,#2921,#2922,#2923,#2924,#2925,#2926,#2927),
  .UNSPECIFIED.,.F.,.F.,(8,6,8),(-0.236135567053,-4.460550108715E-02,
    3.798953920716),.UNSPECIFIED.);
#2914 = CARTESIAN_POINT('',(33.,-0.9565051401,12.9622466358));
#2915 = CARTESIAN_POINT('',(33.,-0.97332611768,12.991257540155));
#2916 = CARTESIAN_POINT('',(33.,-0.989877338,13.019803197943));
#2917 = CARTESIAN_POINT('',(33.,-1.006158801059,13.047883609164));
#2918 = CARTESIAN_POINT('',(33.,-1.022170506859,13.075498773819));
#2919 = CARTESIAN_POINT('',(33.,-1.037912455399,13.102648691908));
#2920 = CARTESIAN_POINT('',(33.,-1.05338464668,13.129333363429));
#2921 = CARTESIAN_POINT('',(33.,-1.373664292567,13.681715181287));
#2922 = CARTESIAN_POINT('',(33.,-1.732058626098,14.141666923079));
#2923 = CARTESIAN_POINT('',(33.000000000001,-2.134480368462,
    14.521724649728));
#2924 = CARTESIAN_POINT('',(32.999999999999,-2.569971759287,
    14.810717544823));
#2925 = CARTESIAN_POINT('',(33.,-3.023797195305,15.003466939152));
#2926 = CARTESIAN_POINT('',(33.,-3.486896379703,15.1));
#2927 = CARTESIAN_POINT('',(33.,-3.95,15.1));
#2928 = B_SPLINE_SURFACE_WITH_KNOTS('',1,7,(
    (#2929,#2930,#2931,#2932,#2933,#2934,#2935,#2936,#2937,#2938,#2939
      ,#2940,#2941,#2942)
    ,(#2943,#2944,#2945,#2946,#2947,#2948,#2949,#2950,#2951,#2952,#2953
      ,#2954,#2955,#2956
    )),.UNSPECIFIED.,.F.,.F.,.F.,(2,2),(8,6,8),(0.,3.843559421803),(
    -0.236135567053,-4.460550108715E-02,3.798953920716),.UNSPECIFIED.);
#2929 = CARTESIAN_POINT('',(33.,-0.9565051401,12.9622466358));
#2930 = CARTESIAN_POINT('',(33.,-0.97332611768,12.991257540155));
#2931 = CARTESIAN_POINT('',(33.,-0.989877338,13.019803197943));
#2932 = CARTESIAN_POINT('',(33.,-1.006158801059,13.047883609164));
#2933 = CARTESIAN_POINT('',(33.,-1.022170506859,13.075498773819));
#2934 = CARTESIAN_POINT('',(33.,-1.037912455399,13.102648691908));
#2935 = CARTESIAN_POINT('',(33.,-1.05338464668,13.129333363429));
#2936 = CARTESIAN_POINT('',(33.,-1.373664292567,13.681715181287));
#2937 = CARTESIAN_POINT('',(33.,-1.732058626098,14.141666923079));
#2938 = CARTESIAN_POINT('',(33.000000000001,-2.134480368462,
    14.521724649728));
#2939 = CARTESIAN_POINT('',(32.999999999999,-2.569971759287,
    14.810717544823));
#2940 = CARTESIAN_POINT('',(33.,-3.023797195305,15.003466939152));
#2941 = CARTESIAN_POINT('',(33.,-3.486896379703,15.1));
#2942 = CARTESIAN_POINT('',(33.,-3.95,15.1));
#2943 = CARTESIAN_POINT('',(33.182020825002,-0.711666438948,
    13.104285501676));
#2944 = CARTESIAN_POINT('',(33.181676787621,-0.727065682461,
    13.132244703722));
#2945 = CARTESIAN_POINT('',(33.181332750241,-0.742464925974,
    13.160203905768));
#2946 = CARTESIAN_POINT('',(33.18098871286,-0.757864169487,
    13.188163107813));
#2947 = CARTESIAN_POINT('',(33.180644675479,-0.773263413001,
    13.216122309859));
#2948 = CARTESIAN_POINT('',(33.180300638099,-0.788662656514,
    13.244081511905));
#2949 = CARTESIAN_POINT('',(33.179956600718,-0.804061900027,
    13.272040713951));
#2950 = CARTESIAN_POINT('',(33.172708539634,-1.128487860549,
    13.861075556564));
#2951 = CARTESIAN_POINT('',(33.164997243469,-1.499131474699,
    14.35877075921));
#2952 = CARTESIAN_POINT('',(33.157103694598,-1.924696815872,
    14.777745240218));
#2953 = CARTESIAN_POINT('',(33.14974382935,-2.395445956115,
    15.105331466603));
#2954 = CARTESIAN_POINT('',(33.144179331621,-2.90183741267,
    15.329505958292));
#2955 = CARTESIAN_POINT('',(33.141421356237,-3.425921027232,
    15.441421356237));
#2956 = CARTESIAN_POINT('',(33.141421356237,-3.95,15.441421356237));
#2957 = ADVANCED_FACE('',(#2958),#2989,.T.);
#2958 = FACE_BOUND('',#2959,.T.);
#2959 = EDGE_LOOP('',(#2960,#2961,#2962,#2963,#2972,#2983));
#2960 = ORIENTED_EDGE('',*,*,#2893,.T.);
#2961 = ORIENTED_EDGE('',*,*,#1283,.T.);
#2962 = ORIENTED_EDGE('',*,*,#1336,.T.);
#2963 = ORIENTED_EDGE('',*,*,#2964,.F.);
#2964 = EDGE_CURVE('',#2965,#1337,#2967,.T.);
#2965 = VERTEX_POINT('',#2966);
#2966 = CARTESIAN_POINT('',(33.179357636682,-9.169113298263,
    13.320642363318));
#2967 = CIRCLE('',#2968,3.95);
#2968 = AXIS2_PLACEMENT_3D('',#2969,#2970,#2971);
#2969 = CARTESIAN_POINT('',(34.893071785687,-6.05,11.606928214313));
#2970 = DIRECTION('',(0.707106781187,-1.6E-16,0.707106781187));
#2971 = DIRECTION('',(-0.707106781187,-1.6E-16,0.707106781187));
#2972 = ORIENTED_EDGE('',*,*,#2973,.F.);
#2973 = EDGE_CURVE('',#2974,#2965,#2976,.T.);
#2974 = VERTEX_POINT('',#2975);
#2975 = CARTESIAN_POINT('',(33.,-8.713554369023,13.5));
#2976 = B_SPLINE_CURVE_WITH_KNOTS('',5,(#2977,#2978,#2979,#2980,#2981,
    #2982),.UNSPECIFIED.,.F.,.F.,(6,6),(0.,1.),
  .PIECEWISE_BEZIER_KNOTS.);
#2977 = CARTESIAN_POINT('',(33.,-8.713554369023,13.5));
#2978 = CARTESIAN_POINT('',(33.034901632656,-8.809711039164,
    13.465098367344));
#2979 = CARTESIAN_POINT('',(33.070348758783,-8.90307962825,
    13.429651241217));
#2980 = CARTESIAN_POINT('',(33.106272820719,-8.993968576417,
    13.393727179281));
#2981 = CARTESIAN_POINT('',(33.142623109667,-9.082588167938,
    13.357376890333));
#2982 = CARTESIAN_POINT('',(33.179357636682,-9.169113298263,
    13.320642363318));
#2983 = ORIENTED_EDGE('',*,*,#2984,.F.);
#2984 = EDGE_CURVE('',#2894,#2974,#2985,.T.);
#2985 = LINE('',#2986,#2987);
#2986 = CARTESIAN_POINT('',(33.,-0.921421597061,13.5));
#2987 = VECTOR('',#2988,1.);
#2988 = DIRECTION('',(0.,-1.,2.2E-16));
#2989 = PLANE('',#2990);
#2990 = AXIS2_PLACEMENT_3D('',#2991,#2992,#2993);
#2991 = CARTESIAN_POINT('',(33.1,-0.921421597061,13.4));
#2992 = DIRECTION('',(-0.707106781187,-9.E-17,-0.707106781187));
#2993 = DIRECTION('',(-4.636038969321E-17,-1.,1.736396103068E-16));
#2994 = ADVANCED_FACE('',(#2995),#3014,.T.);
#2995 = FACE_BOUND('',#2996,.T.);
#2996 = EDGE_LOOP('',(#2997,#2998,#3007,#3013));
#2997 = ORIENTED_EDGE('',*,*,#2845,.T.);
#2998 = ORIENTED_EDGE('',*,*,#2999,.T.);
#2999 = EDGE_CURVE('',#2846,#3000,#3002,.T.);
#3000 = VERTEX_POINT('',#3001);
#3001 = CARTESIAN_POINT('',(47.727922061358,-8.8,18.714213562373));
#3002 = CIRCLE('',#3003,18.);
#3003 = AXIS2_PLACEMENT_3D('',#3004,#3005,#3006);
#3004 = CARTESIAN_POINT('',(35.,-8.8,31.442135623731));
#3005 = DIRECTION('',(0.,1.,2.2E-16));
#3006 = DIRECTION('',(1.,-8.58E-32,3.9E-16));
#3007 = ORIENTED_EDGE('',*,*,#3008,.F.);
#3008 = EDGE_CURVE('',#1312,#3000,#3009,.T.);
#3009 = LINE('',#3010,#3011);
#3010 = CARTESIAN_POINT('',(47.727922061358,4.15E-15,18.714213562373));
#3011 = VECTOR('',#3012,1.);
#3012 = DIRECTION('',(0.,-1.,2.2E-16));
#3013 = ORIENTED_EDGE('',*,*,#1320,.F.);
#3014 = CYLINDRICAL_SURFACE('',#3015,18.);
#3015 = AXIS2_PLACEMENT_3D('',#3016,#3017,#3018);
#3016 = CARTESIAN_POINT('',(35.,6.98E-15,31.442135623731));
#3017 = DIRECTION('',(0.,1.,-2.2E-16));
#3018 = DIRECTION('',(-1.,0.,0.));
#3019 = ADVANCED_FACE('',(#3020),#3050,.T.);
#3020 = FACE_BOUND('',#3021,.F.);
#3021 = EDGE_LOOP('',(#3022,#3023,#3024,#3041,#3042,#3049));
#3022 = ORIENTED_EDGE('',*,*,#1344,.T.);
#3023 = ORIENTED_EDGE('',*,*,#2964,.F.);
#3024 = ORIENTED_EDGE('',*,*,#3025,.F.);
#3025 = EDGE_CURVE('',#2872,#2965,#3026,.T.);
#3026 = B_SPLINE_CURVE_WITH_KNOTS('',7,(#3027,#3028,#3029,#3030,#3031,
    #3032,#3033,#3034,#3035,#3036,#3037,#3038,#3039,#3040),
  .UNSPECIFIED.,.F.,.F.,(8,6,8),(5.898953920715,9.742513342516,
    9.934043408482),.UNSPECIFIED.);
#3027 = CARTESIAN_POINT('',(33.141421356237,-6.05,15.441421356237));
#3028 = CARTESIAN_POINT('',(33.141421356237,-6.574078972769,
    15.441421356237));
#3029 = CARTESIAN_POINT('',(33.144179331619,-7.098162587328,
    15.32950595829));
#3030 = CARTESIAN_POINT('',(33.149743829353,-7.604554043888,
    15.105331466606));
#3031 = CARTESIAN_POINT('',(33.157103694595,-8.075303184126,
    14.777745240215));
#3032 = CARTESIAN_POINT('',(33.164997243471,-8.500868525301,
    14.358770759212));
#3033 = CARTESIAN_POINT('',(33.172708539634,-8.871512139451,
    13.861075556564));
#3034 = CARTESIAN_POINT('',(33.179956600718,-9.195938099973,
    13.272040713951));
#3035 = CARTESIAN_POINT('',(33.180300638099,-9.211337343486,
    13.244081511905));
#3036 = CARTESIAN_POINT('',(33.180644675479,-9.226736586999,
    13.216122309859));
#3037 = CARTESIAN_POINT('',(33.18098871286,-9.242135830513,
    13.188163107813));
#3038 = CARTESIAN_POINT('',(33.18133275024,-9.257535074026,
    13.160203905768));
#3039 = CARTESIAN_POINT('',(33.181676787621,-9.272934317539,
    13.132244703722));
#3040 = CARTESIAN_POINT('',(33.182020825002,-9.288333561052,
    13.104285501676));
#3041 = ORIENTED_EDGE('',*,*,#2871,.T.);
#3042 = ORIENTED_EDGE('',*,*,#3043,.F.);
#3043 = EDGE_CURVE('',#2027,#2822,#3044,.T.);
#3044 = CIRCLE('',#3045,3.95);
#3045 = AXIS2_PLACEMENT_3D('',#3046,#3047,#3048);
#3046 = CARTESIAN_POINT('',(44.864139597552,-6.05,21.577996026179));
#3047 = DIRECTION('',(-0.707106781187,1.6E-16,-0.707106781187));
#3048 = DIRECTION('',(-3.137084989848E-18,-1.,-2.231370849898E-16));
#3049 = ORIENTED_EDGE('',*,*,#2035,.F.);
#3050 = CYLINDRICAL_SURFACE('',#3051,3.95);
#3051 = AXIS2_PLACEMENT_3D('',#3052,#3053,#3054);
#3052 = CARTESIAN_POINT('',(35.793071785687,-6.05,12.506928214313));
#3053 = DIRECTION('',(0.707106781187,-1.6E-16,0.707106781187));
#3054 = DIRECTION('',(-3.137084989848E-18,-1.,-2.231370849898E-16));
#3055 = ADVANCED_FACE('',(#3056),#3074,.F.);
#3056 = FACE_BOUND('',#3057,.T.);
#3057 = EDGE_LOOP('',(#3058,#3059,#3067,#3073));
#3058 = ORIENTED_EDGE('',*,*,#3008,.T.);
#3059 = ORIENTED_EDGE('',*,*,#3060,.T.);
#3060 = EDGE_CURVE('',#3000,#3061,#3063,.T.);
#3061 = VERTEX_POINT('',#3062);
#3062 = CARTESIAN_POINT('',(42.43933982822,-8.8,13.425631329235));
#3063 = LINE('',#3064,#3065);
#3064 = CARTESIAN_POINT('',(47.727922061358,-8.8,18.714213562373));
#3065 = VECTOR('',#3066,1.);
#3066 = DIRECTION('',(-0.707106781187,1.6E-16,-0.707106781187));
#3067 = ORIENTED_EDGE('',*,*,#3068,.F.);
#3068 = EDGE_CURVE('',#1378,#3061,#3069,.T.);
#3069 = LINE('',#3070,#3071);
#3070 = CARTESIAN_POINT('',(42.43933982822,2.98E-15,13.425631329235));
#3071 = VECTOR('',#3072,1.);
#3072 = DIRECTION('',(0.,-1.,2.2E-16));
#3073 = ORIENTED_EDGE('',*,*,#1377,.F.);
#3074 = PLANE('',#3075);
#3075 = AXIS2_PLACEMENT_3D('',#3076,#3077,#3078);
#3076 = CARTESIAN_POINT('',(47.727922061358,4.15E-15,18.714213562373));
#3077 = DIRECTION('',(-0.707106781187,1.5E-16,0.707106781187));
#3078 = DIRECTION('',(0.707106781187,1.5E-16,0.707106781187));
#3079 = ADVANCED_FACE('',(#3080),#3099,.F.);
#3080 = FACE_BOUND('',#3081,.T.);
#3081 = EDGE_LOOP('',(#3082,#3083,#3091,#3098));
#3082 = ORIENTED_EDGE('',*,*,#1419,.F.);
#3083 = ORIENTED_EDGE('',*,*,#3084,.T.);
#3084 = EDGE_CURVE('',#1420,#3085,#3087,.T.);
#3085 = VERTEX_POINT('',#3086);
#3086 = CARTESIAN_POINT('',(42.,-5.,5.9));
#3087 = LINE('',#3088,#3089);
#3088 = CARTESIAN_POINT('',(38.,-5.,5.9));
#3089 = VECTOR('',#3090,1.);
#3090 = DIRECTION('',(1.,0.,2.2E-16));
#3091 = ORIENTED_EDGE('',*,*,#3092,.F.);
#3092 = EDGE_CURVE('',#3085,#3085,#3093,.T.);
#3093 = CIRCLE('',#3094,1.6);
#3094 = AXIS2_PLACEMENT_3D('',#3095,#3096,#3097);
#3095 = CARTESIAN_POINT('',(42.,-5.,4.3));
#3096 = DIRECTION('',(-1.,0.,-2.2E-16));
#3097 = DIRECTION('',(-2.2E-16,0.,1.));
#3098 = ORIENTED_EDGE('',*,*,#3084,.F.);
#3099 = CYLINDRICAL_SURFACE('',#3100,1.6);
#3100 = AXIS2_PLACEMENT_3D('',#3101,#3102,#3103);
#3101 = CARTESIAN_POINT('',(38.,-5.,4.3));
#3102 = DIRECTION('',(-1.,0.,-2.2E-16));
#3103 = DIRECTION('',(-2.2E-16,0.,1.));
#3104 = ADVANCED_FACE('',(#3105),#3124,.F.);
#3105 = FACE_BOUND('',#3106,.F.);
#3106 = EDGE_LOOP('',(#3107,#3115,#3122,#3123));
#3107 = ORIENTED_EDGE('',*,*,#3108,.T.);
#3108 = EDGE_CURVE('',#1439,#3109,#3111,.T.);
#3109 = VERTEX_POINT('',#3110);
#3110 = CARTESIAN_POINT('',(42.,-8.8,12.364971157456));
#3111 = LINE('',#3112,#3113);
#3112 = CARTESIAN_POINT('',(42.,2.74E-15,12.364971157456));
#3113 = VECTOR('',#3114,1.);
#3114 = DIRECTION('',(0.,-1.,2.2E-16));
#3115 = ORIENTED_EDGE('',*,*,#3116,.F.);
#3116 = EDGE_CURVE('',#3061,#3109,#3117,.T.);
#3117 = CIRCLE('',#3118,1.5);
#3118 = AXIS2_PLACEMENT_3D('',#3119,#3120,#3121);
#3119 = CARTESIAN_POINT('',(43.5,-8.8,12.364971157456));
#3120 = DIRECTION('',(0.,-1.,-2.2E-16));
#3121 = DIRECTION('',(-0.707106781187,-1.55563491861E-16,0.707106781187)
  );
#3122 = ORIENTED_EDGE('',*,*,#3068,.F.);
#3123 = ORIENTED_EDGE('',*,*,#1447,.T.);
#3124 = CYLINDRICAL_SURFACE('',#3125,1.5);
#3125 = AXIS2_PLACEMENT_3D('',#3126,#3127,#3128);
#3126 = CARTESIAN_POINT('',(43.5,2.74E-15,12.364971157456));
#3127 = DIRECTION('',(0.,1.,-2.2E-16));
#3128 = DIRECTION('',(-1.,0.,0.));
#3129 = ADVANCED_FACE('',(#3130),#3148,.T.);
#3130 = FACE_BOUND('',#3131,.F.);
#3131 = EDGE_LOOP('',(#3132,#3133,#3134,#3142));
#3132 = ORIENTED_EDGE('',*,*,#1511,.T.);
#3133 = ORIENTED_EDGE('',*,*,#1472,.T.);
#3134 = ORIENTED_EDGE('',*,*,#3135,.F.);
#3135 = EDGE_CURVE('',#3136,#1465,#3138,.T.);
#3136 = VERTEX_POINT('',#3137);
#3137 = CARTESIAN_POINT('',(35.,-9.8,1.3));
#3138 = LINE('',#3139,#3140);
#3139 = CARTESIAN_POINT('',(33.416666666667,-8.216666666667,
    -0.283333333333));
#3140 = VECTOR('',#3141,1.);
#3141 = DIRECTION('',(0.57735026919,-0.57735026919,0.57735026919));
#3142 = ORIENTED_EDGE('',*,*,#3143,.F.);
#3143 = EDGE_CURVE('',#1512,#3136,#3144,.T.);
#3144 = LINE('',#3145,#3146);
#3145 = CARTESIAN_POINT('',(35.,2.9E-16,1.3));
#3146 = VECTOR('',#3147,1.);
#3147 = DIRECTION('',(0.,-1.,2.2E-16));
#3148 = PLANE('',#3149);
#3149 = AXIS2_PLACEMENT_3D('',#3150,#3151,#3152);
#3150 = CARTESIAN_POINT('',(35.1,3.2E-16,1.4));
#3151 = DIRECTION('',(-0.707106781187,1.6E-16,0.707106781187));
#3152 = DIRECTION('',(3.137084989847E-18,1.,-2.231370849898E-16));
#3153 = ADVANCED_FACE('',(#3154,#3172),#3175,.F.);
#3154 = FACE_BOUND('',#3155,.T.);
#3155 = EDGE_LOOP('',(#3156,#3157,#3165,#3171));
#3156 = ORIENTED_EDGE('',*,*,#3108,.T.);
#3157 = ORIENTED_EDGE('',*,*,#3158,.T.);
#3158 = EDGE_CURVE('',#3109,#3159,#3161,.T.);
#3159 = VERTEX_POINT('',#3160);
#3160 = CARTESIAN_POINT('',(42.,-8.8,1.5));
#3161 = LINE('',#3162,#3163);
#3162 = CARTESIAN_POINT('',(42.,-8.8,12.364971157456));
#3163 = VECTOR('',#3164,1.);
#3164 = DIRECTION('',(0.,2.2E-16,-1.));
#3165 = ORIENTED_EDGE('',*,*,#3166,.F.);
#3166 = EDGE_CURVE('',#1488,#3159,#3167,.T.);
#3167 = LINE('',#3168,#3169);
#3168 = CARTESIAN_POINT('',(42.,3.4E-16,1.5));
#3169 = VECTOR('',#3170,1.);
#3170 = DIRECTION('',(0.,-1.,2.2E-16));
#3171 = ORIENTED_EDGE('',*,*,#1487,.F.);
#3172 = FACE_BOUND('',#3173,.T.);
#3173 = EDGE_LOOP('',(#3174));
#3174 = ORIENTED_EDGE('',*,*,#3092,.T.);
#3175 = PLANE('',#3176);
#3176 = AXIS2_PLACEMENT_3D('',#3177,#3178,#3179);
#3177 = CARTESIAN_POINT('',(42.,2.74E-15,12.364971157456));
#3178 = DIRECTION('',(-1.,0.,0.));
#3179 = DIRECTION('',(0.,2.2E-16,1.));
#3180 = ADVANCED_FACE('',(#3181),#3217,.T.);
#3181 = FACE_BOUND('',#3182,.F.);
#3182 = EDGE_LOOP('',(#3183,#3184,#3185,#3193,#3202,#3210));
#3183 = ORIENTED_EDGE('',*,*,#1519,.F.);
#3184 = ORIENTED_EDGE('',*,*,#3143,.T.);
#3185 = ORIENTED_EDGE('',*,*,#3186,.F.);
#3186 = EDGE_CURVE('',#3187,#3136,#3189,.T.);
#3187 = VERTEX_POINT('',#3188);
#3188 = CARTESIAN_POINT('',(35.,-9.8,1.2));
#3189 = LINE('',#3190,#3191);
#3190 = CARTESIAN_POINT('',(35.,-9.8,1.2));
#3191 = VECTOR('',#3192,1.);
#3192 = DIRECTION('',(0.,-2.2E-16,1.));
#3193 = ORIENTED_EDGE('',*,*,#3194,.F.);
#3194 = EDGE_CURVE('',#3195,#3187,#3197,.T.);
#3195 = VERTEX_POINT('',#3196);
#3196 = CARTESIAN_POINT('',(35.,-8.8,0.2));
#3197 = CIRCLE('',#3198,1.);
#3198 = AXIS2_PLACEMENT_3D('',#3199,#3200,#3201);
#3199 = CARTESIAN_POINT('',(35.,-8.8,1.2));
#3200 = DIRECTION('',(-1.,0.,-0.));
#3201 = DIRECTION('',(0.,2.2E-16,-1.));
#3202 = ORIENTED_EDGE('',*,*,#3203,.F.);
#3203 = EDGE_CURVE('',#3204,#3195,#3206,.T.);
#3204 = VERTEX_POINT('',#3205);
#3205 = CARTESIAN_POINT('',(35.,-1.2,0.2));
#3206 = LINE('',#3207,#3208);
#3207 = CARTESIAN_POINT('',(35.,-1.2,0.2));
#3208 = VECTOR('',#3209,1.);
#3209 = DIRECTION('',(0.,-1.,2.2E-16));
#3210 = ORIENTED_EDGE('',*,*,#3211,.F.);
#3211 = EDGE_CURVE('',#1520,#3204,#3212,.T.);
#3212 = CIRCLE('',#3213,1.);
#3213 = AXIS2_PLACEMENT_3D('',#3214,#3215,#3216);
#3214 = CARTESIAN_POINT('',(35.,-1.2,1.2));
#3215 = DIRECTION('',(-1.,0.,0.));
#3216 = DIRECTION('',(0.,1.,2.2E-16));
#3217 = PLANE('',#3218);
#3218 = AXIS2_PLACEMENT_3D('',#3219,#3220,#3221);
#3219 = CARTESIAN_POINT('',(35.,3.4E-16,1.5));
#3220 = DIRECTION('',(-1.,0.,0.));
#3221 = DIRECTION('',(0.,2.2E-16,1.));
#3222 = ADVANCED_FACE('',(#3223),#3234,.T.);
#3223 = FACE_BOUND('',#3224,.F.);
#3224 = EDGE_LOOP('',(#3225,#3226,#3227,#3233));
#3225 = ORIENTED_EDGE('',*,*,#1527,.F.);
#3226 = ORIENTED_EDGE('',*,*,#3211,.T.);
#3227 = ORIENTED_EDGE('',*,*,#3228,.T.);
#3228 = EDGE_CURVE('',#3204,#1581,#3229,.T.);
#3229 = LINE('',#3230,#3231);
#3230 = CARTESIAN_POINT('',(35.2,-1.2,4.E-16));
#3231 = VECTOR('',#3232,1.);
#3232 = DIRECTION('',(0.707106781187,-1.1E-16,-0.707106781187));
#3233 = ORIENTED_EDGE('',*,*,#1588,.F.);
#3234 = CONICAL_SURFACE('',#3235,1.2,0.785398163397);
#3235 = AXIS2_PLACEMENT_3D('',#3236,#3237,#3238);
#3236 = CARTESIAN_POINT('',(35.2,-1.2,1.2));
#3237 = DIRECTION('',(1.,0.,0.));
#3238 = DIRECTION('',(-0.,1.,2.2E-16));
#3239 = ADVANCED_FACE('',(#3240),#3259,.T.);
#3240 = FACE_BOUND('',#3241,.T.);
#3241 = EDGE_LOOP('',(#3242,#3243,#3252,#3258));
#3242 = ORIENTED_EDGE('',*,*,#3166,.T.);
#3243 = ORIENTED_EDGE('',*,*,#3244,.T.);
#3244 = EDGE_CURVE('',#3159,#3245,#3247,.T.);
#3245 = VERTEX_POINT('',#3246);
#3246 = CARTESIAN_POINT('',(40.5,-8.8,-4.E-15));
#3247 = CIRCLE('',#3248,1.5);
#3248 = AXIS2_PLACEMENT_3D('',#3249,#3250,#3251);
#3249 = CARTESIAN_POINT('',(40.5,-8.8,1.5));
#3250 = DIRECTION('',(0.,1.,2.2E-16));
#3251 = DIRECTION('',(1.,-6.182E-31,2.81E-15));
#3252 = ORIENTED_EDGE('',*,*,#3253,.F.);
#3253 = EDGE_CURVE('',#1545,#3245,#3254,.T.);
#3254 = LINE('',#3255,#3256);
#3255 = CARTESIAN_POINT('',(40.5,0.,0.));
#3256 = VECTOR('',#3257,1.);
#3257 = DIRECTION('',(0.,-1.,2.2E-16));
#3258 = ORIENTED_EDGE('',*,*,#1553,.F.);
#3259 = CYLINDRICAL_SURFACE('',#3260,1.5);
#3260 = AXIS2_PLACEMENT_3D('',#3261,#3262,#3263);
#3261 = CARTESIAN_POINT('',(40.5,3.4E-16,1.5));
#3262 = DIRECTION('',(0.,1.,-2.2E-16));
#3263 = DIRECTION('',(-1.,0.,0.));
#3264 = ADVANCED_FACE('',(#3265),#3283,.T.);
#3265 = FACE_BOUND('',#3266,.F.);
#3266 = EDGE_LOOP('',(#3267,#3268,#3276,#3282));
#3267 = ORIENTED_EDGE('',*,*,#1580,.T.);
#3268 = ORIENTED_EDGE('',*,*,#3269,.T.);
#3269 = EDGE_CURVE('',#1581,#3270,#3272,.T.);
#3270 = VERTEX_POINT('',#3271);
#3271 = CARTESIAN_POINT('',(35.2,-8.8,1.E-15));
#3272 = LINE('',#3273,#3274);
#3273 = CARTESIAN_POINT('',(35.2,-1.2,2.6E-16));
#3274 = VECTOR('',#3275,1.);
#3275 = DIRECTION('',(0.,-1.,2.2E-16));
#3276 = ORIENTED_EDGE('',*,*,#3277,.F.);
#3277 = EDGE_CURVE('',#3245,#3270,#3278,.T.);
#3278 = LINE('',#3279,#3280);
#3279 = CARTESIAN_POINT('',(40.5,-8.8,-4.E-16));
#3280 = VECTOR('',#3281,1.);
#3281 = DIRECTION('',(-1.,0.,0.));
#3282 = ORIENTED_EDGE('',*,*,#3253,.F.);
#3283 = PLANE('',#3284);
#3284 = AXIS2_PLACEMENT_3D('',#3285,#3286,#3287);
#3285 = CARTESIAN_POINT('',(35.,0.,0.));
#3286 = DIRECTION('',(0.,-2.2E-16,-1.));
#3287 = DIRECTION('',(-1.,-0.,-0.));
#3288 = ADVANCED_FACE('',(#3289),#3300,.T.);
#3289 = FACE_BOUND('',#3290,.T.);
#3290 = EDGE_LOOP('',(#3291,#3292,#3293,#3299));
#3291 = ORIENTED_EDGE('',*,*,#1613,.F.);
#3292 = ORIENTED_EDGE('',*,*,#1702,.T.);
#3293 = ORIENTED_EDGE('',*,*,#3294,.T.);
#3294 = EDGE_CURVE('',#1694,#1630,#3295,.T.);
#3295 = LINE('',#3296,#3297);
#3296 = CARTESIAN_POINT('',(-35.1,-8.8,0.1));
#3297 = VECTOR('',#3298,1.);
#3298 = DIRECTION('',(-0.707106781187,-3.1E-16,-0.707106781187));
#3299 = ORIENTED_EDGE('',*,*,#1629,.F.);
#3300 = PLANE('',#3301);
#3301 = AXIS2_PLACEMENT_3D('',#3302,#3303,#3304);
#3302 = CARTESIAN_POINT('',(-35.1,-1.2,0.1));
#3303 = DIRECTION('',(0.707106781187,-3.1E-16,-0.707106781187));
#3304 = DIRECTION('',(7.968978321718E-19,-1.,4.392031021678E-16));
#3305 = ADVANCED_FACE('',(#3306),#3324,.T.);
#3306 = FACE_BOUND('',#3307,.F.);
#3307 = EDGE_LOOP('',(#3308,#3309,#3316,#3317));
#3308 = ORIENTED_EDGE('',*,*,#1924,.F.);
#3309 = ORIENTED_EDGE('',*,*,#3310,.F.);
#3310 = EDGE_CURVE('',#1630,#1925,#3311,.T.);
#3311 = CIRCLE('',#3312,1.2);
#3312 = AXIS2_PLACEMENT_3D('',#3313,#3314,#3315);
#3313 = CARTESIAN_POINT('',(-35.2,-8.8,1.2));
#3314 = DIRECTION('',(-1.,-0.,0.));
#3315 = DIRECTION('',(0.,-1.26E-15,-1.));
#3316 = ORIENTED_EDGE('',*,*,#1637,.T.);
#3317 = ORIENTED_EDGE('',*,*,#3318,.F.);
#3318 = EDGE_CURVE('',#1916,#1638,#3319,.T.);
#3319 = CIRCLE('',#3320,1.2);
#3320 = AXIS2_PLACEMENT_3D('',#3321,#3322,#3323);
#3321 = CARTESIAN_POINT('',(-40.5,-8.8,1.2));
#3322 = DIRECTION('',(1.,0.,0.));
#3323 = DIRECTION('',(0.,-1.,-2.2E-16));
#3324 = CYLINDRICAL_SURFACE('',#3325,1.2);
#3325 = AXIS2_PLACEMENT_3D('',#3326,#3327,#3328);
#3326 = CARTESIAN_POINT('',(-35.,-8.8,1.2));
#3327 = DIRECTION('',(-1.,0.,0.));
#3328 = DIRECTION('',(0.,-1.,-2.2E-16));
#3329 = ADVANCED_FACE('',(#3330),#3341,.T.);
#3330 = FACE_BOUND('',#3331,.T.);
#3331 = EDGE_LOOP('',(#3332,#3338,#3339,#3340));
#3332 = ORIENTED_EDGE('',*,*,#3333,.F.);
#3333 = EDGE_CURVE('',#1686,#1925,#3334,.T.);
#3334 = LINE('',#3335,#3336);
#3335 = CARTESIAN_POINT('',(-35.2,-10.,1.2));
#3336 = VECTOR('',#3337,1.);
#3337 = DIRECTION('',(-0.707106781187,-0.707106781187,8.5E-16));
#3338 = ORIENTED_EDGE('',*,*,#1685,.T.);
#3339 = ORIENTED_EDGE('',*,*,#1668,.T.);
#3340 = ORIENTED_EDGE('',*,*,#1932,.F.);
#3341 = PLANE('',#3342);
#3342 = AXIS2_PLACEMENT_3D('',#3343,#3344,#3345);
#3343 = CARTESIAN_POINT('',(-35.1,-9.9,1.2));
#3344 = DIRECTION('',(0.707106781187,-0.707106781187,-1.6E-16));
#3345 = DIRECTION('',(1.131370849898E-16,-1.131370849898E-16,1.));
#3346 = ADVANCED_FACE('',(#3347),#3353,.T.);
#3347 = FACE_BOUND('',#3348,.T.);
#3348 = EDGE_LOOP('',(#3349,#3350,#3351,#3352));
#3349 = ORIENTED_EDGE('',*,*,#3294,.F.);
#3350 = ORIENTED_EDGE('',*,*,#1693,.T.);
#3351 = ORIENTED_EDGE('',*,*,#3333,.T.);
#3352 = ORIENTED_EDGE('',*,*,#3310,.F.);
#3353 = CONICAL_SURFACE('',#3354,1.2,0.785398163397);
#3354 = AXIS2_PLACEMENT_3D('',#3355,#3356,#3357);
#3355 = CARTESIAN_POINT('',(-35.2,-8.8,1.2));
#3356 = DIRECTION('',(-1.,0.,0.));
#3357 = DIRECTION('',(-0.,-1.26E-15,-1.));
#3358 = ADVANCED_FACE('',(#3359),#3371,.T.);
#3359 = FACE_BOUND('',#3360,.T.);
#3360 = EDGE_LOOP('',(#3361,#3362,#3363,#3370));
#3361 = ORIENTED_EDGE('',*,*,#3318,.F.);
#3362 = ORIENTED_EDGE('',*,*,#1915,.T.);
#3363 = ORIENTED_EDGE('',*,*,#3364,.T.);
#3364 = EDGE_CURVE('',#1908,#1718,#3365,.T.);
#3365 = CIRCLE('',#3366,1.2);
#3366 = AXIS2_PLACEMENT_3D('',#3367,#3368,#3369);
#3367 = CARTESIAN_POINT('',(-40.8,-8.8,1.5));
#3368 = DIRECTION('',(6.E-17,2.2E-16,-1.));
#3369 = DIRECTION('',(-1.,0.,-6.E-17));
#3370 = ORIENTED_EDGE('',*,*,#1725,.F.);
#3371 = SURFACE_OF_REVOLUTION('',#3372,#3383);
#3372 = B_SPLINE_CURVE_WITH_KNOTS('',5,(#3373,#3374,#3375,#3376,#3377,
    #3378,#3379,#3380,#3381,#3382),.UNSPECIFIED.,.F.,.F.,(6,4,6),(
    4.712388980385,5.497787143782,6.28318530718),.UNSPECIFIED.);
#3373 = CARTESIAN_POINT('',(-40.5,-10.,1.2));
#3374 = CARTESIAN_POINT('',(-40.5,-10.,1.011504440785));
#3375 = CARTESIAN_POINT('',(-40.5,-9.962997288465,0.823005895222));
#3376 = CARTESIAN_POINT('',(-40.5,-9.888938357131,0.644211818781));
#3377 = CARTESIAN_POINT('',(-40.5,-9.781814625569,0.484758350721));
#3378 = CARTESIAN_POINT('',(-40.5,-9.515241649279,0.218185374431));
#3379 = CARTESIAN_POINT('',(-40.5,-9.355788181219,0.111061642869));
#3380 = CARTESIAN_POINT('',(-40.5,-9.176994104778,3.700271153496E-02));
#3381 = CARTESIAN_POINT('',(-40.5,-8.988495559215,-1.849978545928E-15));
#3382 = CARTESIAN_POINT('',(-40.5,-8.8,-1.984523656517E-15));
#3383 = AXIS1_PLACEMENT('',#3384,#3385);
#3384 = CARTESIAN_POINT('',(-40.5,-8.8,1.5));
#3385 = DIRECTION('',(0.,1.,2.2E-16));
#3386 = ADVANCED_FACE('',(#3387),#3405,.T.);
#3387 = FACE_BOUND('',#3388,.F.);
#3388 = EDGE_LOOP('',(#3389,#3390,#3397,#3398));
#3389 = ORIENTED_EDGE('',*,*,#1742,.F.);
#3390 = ORIENTED_EDGE('',*,*,#3391,.T.);
#3391 = EDGE_CURVE('',#1743,#3245,#3392,.T.);
#3392 = CIRCLE('',#3393,1.2);
#3393 = AXIS2_PLACEMENT_3D('',#3394,#3395,#3396);
#3394 = CARTESIAN_POINT('',(40.5,-8.8,1.2));
#3395 = DIRECTION('',(1.,0.,2.87E-15));
#3396 = DIRECTION('',(2.87E-15,2.2E-16,-1.));
#3397 = ORIENTED_EDGE('',*,*,#3277,.T.);
#3398 = ORIENTED_EDGE('',*,*,#3399,.T.);
#3399 = EDGE_CURVE('',#3270,#1745,#3400,.T.);
#3400 = CIRCLE('',#3401,1.2);
#3401 = AXIS2_PLACEMENT_3D('',#3402,#3403,#3404);
#3402 = CARTESIAN_POINT('',(35.2,-8.8,1.2));
#3403 = DIRECTION('',(-1.,0.,-0.));
#3404 = DIRECTION('',(0.,2.2E-16,-1.));
#3405 = CYLINDRICAL_SURFACE('',#3406,1.2);
#3406 = AXIS2_PLACEMENT_3D('',#3407,#3408,#3409);
#3407 = CARTESIAN_POINT('',(40.5,-8.8,1.2));
#3408 = DIRECTION('',(-1.,0.,0.));
#3409 = DIRECTION('',(-0.,-1.,-2.2E-16));
#3410 = ADVANCED_FACE('',(#3411),#3422,.F.);
#3411 = FACE_BOUND('',#3412,.F.);
#3412 = EDGE_LOOP('',(#3413,#3419,#3420,#3421));
#3413 = ORIENTED_EDGE('',*,*,#3414,.F.);
#3414 = EDGE_CURVE('',#3187,#1745,#3415,.T.);
#3415 = LINE('',#3416,#3417);
#3416 = CARTESIAN_POINT('',(35.2,-10.,1.2));
#3417 = VECTOR('',#3418,1.);
#3418 = DIRECTION('',(0.707106781187,-0.707106781187,-2.E-16));
#3419 = ORIENTED_EDGE('',*,*,#3186,.T.);
#3420 = ORIENTED_EDGE('',*,*,#3135,.T.);
#3421 = ORIENTED_EDGE('',*,*,#2044,.F.);
#3422 = PLANE('',#3423);
#3423 = AXIS2_PLACEMENT_3D('',#3424,#3425,#3426);
#3424 = CARTESIAN_POINT('',(35.1,-9.9,1.2));
#3425 = DIRECTION('',(0.707106781187,0.707106781187,1.6E-16));
#3426 = DIRECTION('',(-3.137084989847E-18,-2.231370849898E-16,1.));
#3427 = ADVANCED_FACE('',(#3428),#3440,.T.);
#3428 = FACE_BOUND('',#3429,.T.);
#3429 = EDGE_LOOP('',(#3430,#3437,#3438,#3439));
#3430 = ORIENTED_EDGE('',*,*,#3431,.F.);
#3431 = EDGE_CURVE('',#1753,#3159,#3432,.T.);
#3432 = CIRCLE('',#3433,1.2);
#3433 = AXIS2_PLACEMENT_3D('',#3434,#3435,#3436);
#3434 = CARTESIAN_POINT('',(40.8,-8.8,1.5));
#3435 = DIRECTION('',(0.,-2.2E-16,1.));
#3436 = DIRECTION('',(0.,-1.,-2.2E-16));
#3437 = ORIENTED_EDGE('',*,*,#1752,.T.);
#3438 = ORIENTED_EDGE('',*,*,#3391,.T.);
#3439 = ORIENTED_EDGE('',*,*,#3244,.F.);
#3440 = SURFACE_OF_REVOLUTION('',#3441,#3452);
#3441 = B_SPLINE_CURVE_WITH_KNOTS('',5,(#3442,#3443,#3444,#3445,#3446,
    #3447,#3448,#3449,#3450,#3451),.UNSPECIFIED.,.F.,.F.,(6,4,6),(
    4.712388980385,5.497787143782,6.28318530718),.UNSPECIFIED.);
#3442 = CARTESIAN_POINT('',(40.8,-10.,1.5));
#3443 = CARTESIAN_POINT('',(40.988495559215,-10.,1.5));
#3444 = CARTESIAN_POINT('',(41.176994104778,-9.962997288465,1.5));
#3445 = CARTESIAN_POINT('',(41.355788181219,-9.888938357131,1.5));
#3446 = CARTESIAN_POINT('',(41.515241649279,-9.781814625569,1.5));
#3447 = CARTESIAN_POINT('',(41.781814625569,-9.515241649279,1.5));
#3448 = CARTESIAN_POINT('',(41.888938357131,-9.355788181219,1.5));
#3449 = CARTESIAN_POINT('',(41.962997288465,-9.176994104778,1.5));
#3450 = CARTESIAN_POINT('',(42.,-8.988495559215,1.5));
#3451 = CARTESIAN_POINT('',(42.,-8.8,1.5));
#3452 = AXIS1_PLACEMENT('',#3453,#3454);
#3453 = CARTESIAN_POINT('',(40.5,-8.8,1.5));
#3454 = DIRECTION('',(0.,1.,2.2E-16));
#3455 = ADVANCED_FACE('',(#3456),#3468,.T.);
#3456 = FACE_BOUND('',#3457,.F.);
#3457 = EDGE_LOOP('',(#3458,#3465,#3466,#3467));
#3458 = ORIENTED_EDGE('',*,*,#3459,.T.);
#3459 = EDGE_CURVE('',#1762,#3109,#3460,.T.);
#3460 = CIRCLE('',#3461,1.2);
#3461 = AXIS2_PLACEMENT_3D('',#3462,#3463,#3464);
#3462 = CARTESIAN_POINT('',(40.8,-8.8,12.364971157456));
#3463 = DIRECTION('',(1.67E-15,-2.2E-16,1.));
#3464 = DIRECTION('',(-1.,0.,1.67E-15));
#3465 = ORIENTED_EDGE('',*,*,#3158,.T.);
#3466 = ORIENTED_EDGE('',*,*,#3431,.F.);
#3467 = ORIENTED_EDGE('',*,*,#1761,.F.);
#3468 = CYLINDRICAL_SURFACE('',#3469,1.2);
#3469 = AXIS2_PLACEMENT_3D('',#3470,#3471,#3472);
#3470 = CARTESIAN_POINT('',(40.8,-8.8,12.364971157456));
#3471 = DIRECTION('',(0.,2.2E-16,-1.));
#3472 = DIRECTION('',(0.,-1.,-2.2E-16));
#3473 = ADVANCED_FACE('',(#3474),#3486,.T.);
#3474 = FACE_BOUND('',#3475,.T.);
#3475 = EDGE_LOOP('',(#3476,#3483,#3484,#3485));
#3476 = ORIENTED_EDGE('',*,*,#3477,.F.);
#3477 = EDGE_CURVE('',#1770,#3061,#3478,.T.);
#3478 = CIRCLE('',#3479,1.2);
#3479 = AXIS2_PLACEMENT_3D('',#3480,#3481,#3482);
#3480 = CARTESIAN_POINT('',(41.590811690796,-8.8,14.274159466659));
#3481 = DIRECTION('',(0.707106781187,-1.6E-16,0.707106781187));
#3482 = DIRECTION('',(-3.137084989848E-18,-1.,-2.231370849898E-16));
#3483 = ORIENTED_EDGE('',*,*,#1769,.T.);
#3484 = ORIENTED_EDGE('',*,*,#3459,.T.);
#3485 = ORIENTED_EDGE('',*,*,#3116,.F.);
#3486 = TOROIDAL_SURFACE('',#3487,2.7,1.2);
#3487 = AXIS2_PLACEMENT_3D('',#3488,#3489,#3490);
#3488 = CARTESIAN_POINT('',(43.5,-8.8,12.364971157456));
#3489 = DIRECTION('',(0.,-1.,-2.2E-16));
#3490 = DIRECTION('',(-0.707106781187,-1.55563491861E-16,0.707106781187)
  );
#3491 = ADVANCED_FACE('',(#3492),#3504,.T.);
#3492 = FACE_BOUND('',#3493,.F.);
#3493 = EDGE_LOOP('',(#3494,#3501,#3502,#3503));
#3494 = ORIENTED_EDGE('',*,*,#3495,.T.);
#3495 = EDGE_CURVE('',#1779,#3000,#3496,.T.);
#3496 = CIRCLE('',#3497,1.2);
#3497 = AXIS2_PLACEMENT_3D('',#3498,#3499,#3500);
#3498 = CARTESIAN_POINT('',(46.879393923934,-8.8,19.562741699797));
#3499 = DIRECTION('',(0.707106781187,-1.6E-16,0.707106781187));
#3500 = DIRECTION('',(0.707106781187,1.6E-16,-0.707106781187));
#3501 = ORIENTED_EDGE('',*,*,#3060,.T.);
#3502 = ORIENTED_EDGE('',*,*,#3477,.F.);
#3503 = ORIENTED_EDGE('',*,*,#1778,.F.);
#3504 = CYLINDRICAL_SURFACE('',#3505,1.2);
#3505 = AXIS2_PLACEMENT_3D('',#3506,#3507,#3508);
#3506 = CARTESIAN_POINT('',(46.879393923934,-8.8,19.562741699797));
#3507 = DIRECTION('',(-0.707106781187,1.6E-16,-0.707106781187));
#3508 = DIRECTION('',(-3.137084989848E-18,-1.,-2.231370849898E-16));
#3509 = ADVANCED_FACE('',(#3510),#3522,.T.);
#3510 = FACE_BOUND('',#3511,.T.);
#3511 = EDGE_LOOP('',(#3512,#3519,#3520,#3521));
#3512 = ORIENTED_EDGE('',*,*,#3513,.F.);
#3513 = EDGE_CURVE('',#1787,#2846,#3514,.T.);
#3514 = CIRCLE('',#3515,1.2);
#3515 = AXIS2_PLACEMENT_3D('',#3516,#3517,#3518);
#3516 = CARTESIAN_POINT('',(51.8,-8.8,31.442135623731));
#3517 = DIRECTION('',(0.,-2.2E-16,1.));
#3518 = DIRECTION('',(0.,-1.,-2.2E-16));
#3519 = ORIENTED_EDGE('',*,*,#1786,.T.);
#3520 = ORIENTED_EDGE('',*,*,#3495,.T.);
#3521 = ORIENTED_EDGE('',*,*,#2999,.F.);
#3522 = TOROIDAL_SURFACE('',#3523,16.8,1.2);
#3523 = AXIS2_PLACEMENT_3D('',#3524,#3525,#3526);
#3524 = CARTESIAN_POINT('',(35.,-8.8,31.442135623731));
#3525 = DIRECTION('',(0.,1.,2.2E-16));
#3526 = DIRECTION('',(1.,-8.58E-32,3.9E-16));
#3527 = ADVANCED_FACE('',(#3528),#3540,.T.);
#3528 = FACE_BOUND('',#3529,.T.);
#3529 = EDGE_LOOP('',(#3530,#3531,#3532,#3539));
#3530 = ORIENTED_EDGE('',*,*,#3043,.F.);
#3531 = ORIENTED_EDGE('',*,*,#2026,.T.);
#3532 = ORIENTED_EDGE('',*,*,#3533,.T.);
#3533 = EDGE_CURVE('',#2019,#2773,#3534,.T.);
#3534 = CIRCLE('',#3535,3.95);
#3535 = AXIS2_PLACEMENT_3D('',#3536,#3537,#3538);
#3536 = CARTESIAN_POINT('',(48.95,-6.05,31.442135623731));
#3537 = DIRECTION('',(3.9E-16,2.2E-16,-1.));
#3538 = DIRECTION('',(1.,0.,3.9E-16));
#3539 = ORIENTED_EDGE('',*,*,#2821,.F.);
#3540 = TOROIDAL_SURFACE('',#3541,13.95,3.95);
#3541 = AXIS2_PLACEMENT_3D('',#3542,#3543,#3544);
#3542 = CARTESIAN_POINT('',(35.,-6.05,31.442135623731));
#3543 = DIRECTION('',(0.,-1.,-2.2E-16));
#3544 = DIRECTION('',(0.707106781187,1.55563491861E-16,-0.707106781187)
  );
#3545 = ADVANCED_FACE('',(#3546),#3558,.T.);
#3546 = FACE_BOUND('',#3547,.F.);
#3547 = EDGE_LOOP('',(#3548,#3555,#3556,#3557));
#3548 = ORIENTED_EDGE('',*,*,#3549,.T.);
#3549 = EDGE_CURVE('',#1796,#2797,#3550,.T.);
#3550 = CIRCLE('',#3551,1.2);
#3551 = AXIS2_PLACEMENT_3D('',#3552,#3553,#3554);
#3552 = CARTESIAN_POINT('',(51.8,-8.8,89.3));
#3553 = DIRECTION('',(2.6E-16,-2.2E-16,1.));
#3554 = DIRECTION('',(1.,0.,-2.6E-16));
#3555 = ORIENTED_EDGE('',*,*,#2853,.T.);
#3556 = ORIENTED_EDGE('',*,*,#3513,.F.);
#3557 = ORIENTED_EDGE('',*,*,#1795,.F.);
#3558 = CYLINDRICAL_SURFACE('',#3559,1.2);
#3559 = AXIS2_PLACEMENT_3D('',#3560,#3561,#3562);
#3560 = CARTESIAN_POINT('',(51.8,-8.8,89.3));
#3561 = DIRECTION('',(0.,2.2E-16,-1.));
#3562 = DIRECTION('',(0.,-1.,-2.2E-16));
#3563 = ADVANCED_FACE('',(#3564),#3576,.T.);
#3564 = FACE_BOUND('',#3565,.F.);
#3565 = EDGE_LOOP('',(#3566,#3567,#3568,#3575));
#3566 = ORIENTED_EDGE('',*,*,#3533,.T.);
#3567 = ORIENTED_EDGE('',*,*,#2772,.T.);
#3568 = ORIENTED_EDGE('',*,*,#3569,.F.);
#3569 = EDGE_CURVE('',#2010,#2724,#3570,.T.);
#3570 = CIRCLE('',#3571,3.95);
#3571 = AXIS2_PLACEMENT_3D('',#3572,#3573,#3574);
#3572 = CARTESIAN_POINT('',(48.95,-6.05,89.3));
#3573 = DIRECTION('',(0.,2.2E-16,-1.));
#3574 = DIRECTION('',(0.,-1.,-2.2E-16));
#3575 = ORIENTED_EDGE('',*,*,#2018,.F.);
#3576 = CYLINDRICAL_SURFACE('',#3577,3.95);
#3577 = AXIS2_PLACEMENT_3D('',#3578,#3579,#3580);
#3578 = CARTESIAN_POINT('',(48.95,-6.05,31.442135623731));
#3579 = DIRECTION('',(0.,-2.2E-16,1.));
#3580 = DIRECTION('',(0.,-1.,-2.2E-16));
#3581 = ADVANCED_FACE('',(#3582),#3594,.T.);
#3582 = FACE_BOUND('',#3583,.T.);
#3583 = EDGE_LOOP('',(#3584,#3591,#3592,#3593));
#3584 = ORIENTED_EDGE('',*,*,#3585,.F.);
#3585 = EDGE_CURVE('',#1804,#2748,#3586,.T.);
#3586 = CIRCLE('',#3587,1.2);
#3587 = AXIS2_PLACEMENT_3D('',#3588,#3589,#3590);
#3588 = CARTESIAN_POINT('',(31.,-8.8,110.1));
#3589 = DIRECTION('',(-1.,-0.,0.));
#3590 = DIRECTION('',(0.,-1.,-2.2E-16));
#3591 = ORIENTED_EDGE('',*,*,#1803,.T.);
#3592 = ORIENTED_EDGE('',*,*,#3549,.T.);
#3593 = ORIENTED_EDGE('',*,*,#2796,.F.);
#3594 = TOROIDAL_SURFACE('',#3595,20.8,1.2);
#3595 = AXIS2_PLACEMENT_3D('',#3596,#3597,#3598);
#3596 = CARTESIAN_POINT('',(31.,-8.8,89.3));
#3597 = DIRECTION('',(0.,1.,2.2E-16));
#3598 = DIRECTION('',(3.2E-16,-2.2E-16,1.));
#3599 = ADVANCED_FACE('',(#3600),#3612,.T.);
#3600 = FACE_BOUND('',#3601,.T.);
#3601 = EDGE_LOOP('',(#3602,#3603,#3604,#3611));
#3602 = ORIENTED_EDGE('',*,*,#3569,.F.);
#3603 = ORIENTED_EDGE('',*,*,#2009,.T.);
#3604 = ORIENTED_EDGE('',*,*,#3605,.T.);
#3605 = EDGE_CURVE('',#2002,#2564,#3606,.T.);
#3606 = CIRCLE('',#3607,3.95);
#3607 = AXIS2_PLACEMENT_3D('',#3608,#3609,#3610);
#3608 = CARTESIAN_POINT('',(31.,-6.05,107.25));
#3609 = DIRECTION('',(1.,0.,-1.9E-16));
#3610 = DIRECTION('',(1.9E-16,-2.2E-16,1.));
#3611 = ORIENTED_EDGE('',*,*,#2723,.F.);
#3612 = TOROIDAL_SURFACE('',#3613,17.95,3.95);
#3613 = AXIS2_PLACEMENT_3D('',#3614,#3615,#3616);
#3614 = CARTESIAN_POINT('',(31.,-6.05,89.3));
#3615 = DIRECTION('',(0.,-1.,-2.2E-16));
#3616 = DIRECTION('',(1.,2.244E-31,-1.02E-15));
#3617 = ADVANCED_FACE('',(#3618),#3630,.T.);
#3618 = FACE_BOUND('',#3619,.F.);
#3619 = EDGE_LOOP('',(#3620,#3627,#3628,#3629));
#3620 = ORIENTED_EDGE('',*,*,#3621,.T.);
#3621 = EDGE_CURVE('',#1813,#2698,#3622,.T.);
#3622 = CIRCLE('',#3623,1.2);
#3623 = AXIS2_PLACEMENT_3D('',#3624,#3625,#3626);
#3624 = CARTESIAN_POINT('',(14.,-8.8,110.1));
#3625 = DIRECTION('',(-1.,0.,1.7E-16));
#3626 = DIRECTION('',(-1.7E-16,2.2E-16,-1.));
#3627 = ORIENTED_EDGE('',*,*,#2755,.T.);
#3628 = ORIENTED_EDGE('',*,*,#3585,.F.);
#3629 = ORIENTED_EDGE('',*,*,#1812,.F.);
#3630 = CYLINDRICAL_SURFACE('',#3631,1.2);
#3631 = AXIS2_PLACEMENT_3D('',#3632,#3633,#3634);
#3632 = CARTESIAN_POINT('',(14.,-8.8,110.1));
#3633 = DIRECTION('',(1.,0.,0.));
#3634 = DIRECTION('',(0.,-1.,-2.2E-16));
#3635 = ADVANCED_FACE('',(#3636),#3664,.T.);
#3636 = FACE_BOUND('',#3637,.F.);
#3637 = EDGE_LOOP('',(#3638,#3639,#3640,#3641,#3648,#3649));
#3638 = ORIENTED_EDGE('',*,*,#2001,.F.);
#3639 = ORIENTED_EDGE('',*,*,#3605,.T.);
#3640 = ORIENTED_EDGE('',*,*,#2571,.T.);
#3641 = ORIENTED_EDGE('',*,*,#3642,.F.);
#3642 = EDGE_CURVE('',#1967,#2455,#3643,.T.);
#3643 = CIRCLE('',#3644,3.95);
#3644 = AXIS2_PLACEMENT_3D('',#3645,#3646,#3647);
#3645 = CARTESIAN_POINT('',(-31.,-6.05,107.25));
#3646 = DIRECTION('',(1.,0.,0.));
#3647 = DIRECTION('',(0.,-1.,-2.2E-16));
#3648 = ORIENTED_EDGE('',*,*,#1975,.F.);
#3649 = ORIENTED_EDGE('',*,*,#3650,.T.);
#3650 = EDGE_CURVE('',#1976,#1993,#3651,.T.);
#3651 = ( BOUNDED_CURVE() B_SPLINE_CURVE(11,(#3652,#3653,#3654,#3655,
    #3656,#3657,#3658,#3659,#3660,#3661,#3662,#3663),.UNSPECIFIED.,.F.,
.F.) B_SPLINE_CURVE_WITH_KNOTS((12,12),(7.150682277461,11.698873644084),
.PIECEWISE_BEZIER_KNOTS.) CURVE() GEOMETRIC_REPRESENTATION_ITEM() 
RATIONAL_B_SPLINE_CURVE((1.,1.,1.,1.,1.000000000001,0.999999999999,
1.000000000001,0.999999999999,1.,1.,1.,1.)) REPRESENTATION_ITEM('') );
#3652 = CARTESIAN_POINT('',(-2.887472943596,-10.,107.25));
#3653 = CARTESIAN_POINT('',(-2.538984268925,-10.,106.77611697215));
#3654 = CARTESIAN_POINT('',(-2.124694363758,-9.937734404496,
    106.32485118269));
#3655 = CARTESIAN_POINT('',(-1.627220973508,-9.820746526915,
    105.92379893232));
#3656 = CARTESIAN_POINT('',(-1.064951092236,-9.681231911557,
    105.55450970238));
#3657 = CARTESIAN_POINT('',(-0.328739187404,-9.496844613926,
    105.39489679893));
#3658 = CARTESIAN_POINT('',(0.328739187839,-9.496844613928,105.3948968)
  );
#3659 = CARTESIAN_POINT('',(1.064951091451,-9.681231911556,
    105.55450970158));
#3660 = CARTESIAN_POINT('',(1.627220974031,-9.820746526916,
    105.92379893277));
#3661 = CARTESIAN_POINT('',(2.12469436359,-9.9377344045,106.32485118252)
  );
#3662 = CARTESIAN_POINT('',(2.538984268964,-10.,106.7761169722));
#3663 = CARTESIAN_POINT('',(2.887472943596,-10.,107.25));
#3664 = CYLINDRICAL_SURFACE('',#3665,3.95);
#3665 = AXIS2_PLACEMENT_3D('',#3666,#3667,#3668);
#3666 = CARTESIAN_POINT('',(31.,-6.05,107.25));
#3667 = DIRECTION('',(-1.,0.,0.));
#3668 = DIRECTION('',(0.,-1.,-2.2E-16));
#3669 = ADVANCED_FACE('',(#3670),#3682,.T.);
#3670 = FACE_BOUND('',#3671,.T.);
#3671 = EDGE_LOOP('',(#3672,#3679,#3680,#3681));
#3672 = ORIENTED_EDGE('',*,*,#3673,.F.);
#3673 = EDGE_CURVE('',#1821,#2666,#3674,.T.);
#3674 = CIRCLE('',#3675,1.2);
#3675 = AXIS2_PLACEMENT_3D('',#3676,#3677,#3678);
#3676 = CARTESIAN_POINT('',(5.04,-8.8,114.58));
#3677 = DIRECTION('',(-0.6,-1.8E-16,0.8));
#3678 = DIRECTION('',(0.8,-1.3E-16,0.6));
#3679 = ORIENTED_EDGE('',*,*,#1820,.T.);
#3680 = ORIENTED_EDGE('',*,*,#3621,.T.);
#3681 = ORIENTED_EDGE('',*,*,#2705,.F.);
#3682 = TOROIDAL_SURFACE('',#3683,11.2,1.2);
#3683 = AXIS2_PLACEMENT_3D('',#3684,#3685,#3686);
#3684 = CARTESIAN_POINT('',(14.,-8.8,121.3));
#3685 = DIRECTION('',(0.,-1.,-2.2E-16));
#3686 = DIRECTION('',(-0.8,1.32E-16,-0.6));
#3687 = ADVANCED_FACE('',(#3688),#3705,.T.);
#3688 = FACE_BOUND('',#3689,.T.);
#3689 = EDGE_LOOP('',(#3690,#3696,#3697,#3704));
#3690 = ORIENTED_EDGE('',*,*,#3691,.F.);
#3691 = EDGE_CURVE('',#1993,#2631,#3692,.T.);
#3692 = ( BOUNDED_CURVE() B_SPLINE_CURVE(2,(#3693,#3694,#3695),
.UNSPECIFIED.,.F.,.F.) B_SPLINE_CURVE_WITH_KNOTS((3,3),(0.,
4.548191366623),.PIECEWISE_BEZIER_KNOTS.) CURVE() 
GEOMETRIC_REPRESENTATION_ITEM() RATIONAL_B_SPLINE_CURVE((1.,
0.707106781187,1.)) REPRESENTATION_ITEM('') );
#3693 = CARTESIAN_POINT('',(2.887472943596,-10.,107.25));
#3694 = CARTESIAN_POINT('',(2.062480674,-10.,108.12142857143));
#3695 = CARTESIAN_POINT('',(2.062480674,-8.8,108.12142857143));
#3696 = ORIENTED_EDGE('',*,*,#1992,.T.);
#3697 = ORIENTED_EDGE('',*,*,#3698,.T.);
#3698 = EDGE_CURVE('',#1984,#2611,#3699,.T.);
#3699 = CIRCLE('',#3700,1.2);
#3700 = AXIS2_PLACEMENT_3D('',#3701,#3702,#3703);
#3701 = CARTESIAN_POINT('',(2.12E-15,-8.8,114.5));
#3702 = DIRECTION('',(1.,0.,-5.1E-16));
#3703 = DIRECTION('',(5.1E-16,-2.2E-16,1.));
#3704 = ORIENTED_EDGE('',*,*,#2647,.F.);
#3705 = TOROIDAL_SURFACE('',#3706,4.2,1.2);
#3706 = AXIS2_PLACEMENT_3D('',#3707,#3708,#3709);
#3707 = CARTESIAN_POINT('',(0.,-8.8,110.3));
#3708 = DIRECTION('',(0.,-1.,-2.2E-16));
#3709 = DIRECTION('',(1.8E-16,2.2E-16,-1.));
#3710 = ADVANCED_FACE('',(#3711),#3723,.T.);
#3711 = FACE_BOUND('',#3712,.T.);
#3712 = EDGE_LOOP('',(#3713,#3720,#3721,#3722));
#3713 = ORIENTED_EDGE('',*,*,#3714,.F.);
#3714 = EDGE_CURVE('',#1830,#2674,#3715,.T.);
#3715 = CIRCLE('',#3716,1.2);
#3716 = AXIS2_PLACEMENT_3D('',#3717,#3718,#3719);
#3717 = CARTESIAN_POINT('',(-7.69E-15,-8.8,117.1));
#3718 = DIRECTION('',(-1.,0.,-1.22E-15));
#3719 = DIRECTION('',(-1.22E-15,-2.2E-16,1.));
#3720 = ORIENTED_EDGE('',*,*,#1829,.T.);
#3721 = ORIENTED_EDGE('',*,*,#3673,.T.);
#3722 = ORIENTED_EDGE('',*,*,#2673,.F.);
#3723 = TOROIDAL_SURFACE('',#3724,6.3,1.2);
#3724 = AXIS2_PLACEMENT_3D('',#3725,#3726,#3727);
#3725 = CARTESIAN_POINT('',(0.,-8.8,110.8));
#3726 = DIRECTION('',(0.,1.,2.2E-16));
#3727 = DIRECTION('',(3.8E-16,-2.2E-16,1.));
#3728 = ADVANCED_FACE('',(#3729),#3741,.T.);
#3729 = FACE_BOUND('',#3730,.T.);
#3730 = EDGE_LOOP('',(#3731,#3732,#3733,#3740));
#3731 = ORIENTED_EDGE('',*,*,#3698,.F.);
#3732 = ORIENTED_EDGE('',*,*,#1983,.T.);
#3733 = ORIENTED_EDGE('',*,*,#3734,.T.);
#3734 = EDGE_CURVE('',#1976,#2622,#3735,.T.);
#3735 = CIRCLE('',#3736,1.2);
#3736 = AXIS2_PLACEMENT_3D('',#3737,#3738,#3739);
#3737 = CARTESIAN_POINT('',(-2.887472943596,-8.8,107.25));
#3738 = DIRECTION('',(-0.72619047619,-1.5E-16,0.687493557999));
#3739 = DIRECTION('',(-0.687493557999,1.6E-16,-0.72619047619));
#3740 = ORIENTED_EDGE('',*,*,#2621,.F.);
#3741 = TOROIDAL_SURFACE('',#3742,4.2,1.2);
#3742 = AXIS2_PLACEMENT_3D('',#3743,#3744,#3745);
#3743 = CARTESIAN_POINT('',(0.,-8.8,110.3));
#3744 = DIRECTION('',(0.,-1.,-2.2E-16));
#3745 = DIRECTION('',(-3.8E-16,-2.2E-16,1.));
#3746 = ADVANCED_FACE('',(#3747),#3759,.T.);
#3747 = FACE_BOUND('',#3748,.T.);
#3748 = EDGE_LOOP('',(#3749,#3756,#3757,#3758));
#3749 = ORIENTED_EDGE('',*,*,#3750,.F.);
#3750 = EDGE_CURVE('',#1839,#2587,#3751,.T.);
#3751 = CIRCLE('',#3752,1.2);
#3752 = AXIS2_PLACEMENT_3D('',#3753,#3754,#3755);
#3753 = CARTESIAN_POINT('',(-5.04,-8.8,114.58));
#3754 = DIRECTION('',(-0.6,1.8E-16,-0.8));
#3755 = DIRECTION('',(0.8,1.3E-16,-0.6));
#3756 = ORIENTED_EDGE('',*,*,#1838,.T.);
#3757 = ORIENTED_EDGE('',*,*,#3714,.T.);
#3758 = ORIENTED_EDGE('',*,*,#2682,.F.);
#3759 = TOROIDAL_SURFACE('',#3760,6.3,1.2);
#3760 = AXIS2_PLACEMENT_3D('',#3761,#3762,#3763);
#3761 = CARTESIAN_POINT('',(0.,-8.8,110.8));
#3762 = DIRECTION('',(0.,1.,2.2E-16));
#3763 = DIRECTION('',(-0.8,-1.32E-16,0.6));
#3764 = ADVANCED_FACE('',(#3765),#3777,.T.);
#3765 = FACE_BOUND('',#3766,.T.);
#3766 = EDGE_LOOP('',(#3767,#3774,#3775,#3776));
#3767 = ORIENTED_EDGE('',*,*,#3768,.F.);
#3768 = EDGE_CURVE('',#1848,#2481,#3769,.T.);
#3769 = CIRCLE('',#3770,1.2);
#3770 = AXIS2_PLACEMENT_3D('',#3771,#3772,#3773);
#3771 = CARTESIAN_POINT('',(-14.,-8.8,110.1));
#3772 = DIRECTION('',(-1.,-0.,0.));
#3773 = DIRECTION('',(0.,-1.,-2.2E-16));
#3774 = ORIENTED_EDGE('',*,*,#1847,.T.);
#3775 = ORIENTED_EDGE('',*,*,#3750,.T.);
#3776 = ORIENTED_EDGE('',*,*,#2586,.F.);
#3777 = TOROIDAL_SURFACE('',#3778,11.2,1.2);
#3778 = AXIS2_PLACEMENT_3D('',#3779,#3780,#3781);
#3779 = CARTESIAN_POINT('',(-14.,-8.8,121.3));
#3780 = DIRECTION('',(0.,-1.,-2.2E-16));
#3781 = DIRECTION('',(-1.8E-16,2.2E-16,-1.));
#3782 = ADVANCED_FACE('',(#3783),#3795,.T.);
#3783 = FACE_BOUND('',#3784,.T.);
#3784 = EDGE_LOOP('',(#3785,#3786,#3787,#3794));
#3785 = ORIENTED_EDGE('',*,*,#3642,.F.);
#3786 = ORIENTED_EDGE('',*,*,#1966,.T.);
#3787 = ORIENTED_EDGE('',*,*,#3788,.T.);
#3788 = EDGE_CURVE('',#1959,#2406,#3789,.T.);
#3789 = CIRCLE('',#3790,3.95);
#3790 = AXIS2_PLACEMENT_3D('',#3791,#3792,#3793);
#3791 = CARTESIAN_POINT('',(-48.95,-6.05,89.3));
#3792 = DIRECTION('',(-2.2E-16,-2.2E-16,1.));
#3793 = DIRECTION('',(-1.,0.,-2.2E-16));
#3794 = ORIENTED_EDGE('',*,*,#2462,.F.);
#3795 = TOROIDAL_SURFACE('',#3796,17.95,3.95);
#3796 = AXIS2_PLACEMENT_3D('',#3797,#3798,#3799);
#3797 = CARTESIAN_POINT('',(-31.,-6.05,89.3));
#3798 = DIRECTION('',(0.,-1.,-2.2E-16));
#3799 = DIRECTION('',(-5.1E-16,-2.2E-16,1.));
#3800 = ADVANCED_FACE('',(#3801),#3813,.T.);
#3801 = FACE_BOUND('',#3802,.F.);
#3802 = EDGE_LOOP('',(#3803,#3810,#3811,#3812));
#3803 = ORIENTED_EDGE('',*,*,#3804,.T.);
#3804 = EDGE_CURVE('',#1857,#2430,#3805,.T.);
#3805 = CIRCLE('',#3806,1.2);
#3806 = AXIS2_PLACEMENT_3D('',#3807,#3808,#3809);
#3807 = CARTESIAN_POINT('',(-31.,-8.8,110.1));
#3808 = DIRECTION('',(-1.,0.,-4.9E-16));
#3809 = DIRECTION('',(-4.9E-16,-2.2E-16,1.));
#3810 = ORIENTED_EDGE('',*,*,#2480,.T.);
#3811 = ORIENTED_EDGE('',*,*,#3768,.F.);
#3812 = ORIENTED_EDGE('',*,*,#1856,.F.);
#3813 = CYLINDRICAL_SURFACE('',#3814,1.2);
#3814 = AXIS2_PLACEMENT_3D('',#3815,#3816,#3817);
#3815 = CARTESIAN_POINT('',(-31.,-8.8,110.1));
#3816 = DIRECTION('',(1.,0.,0.));
#3817 = DIRECTION('',(0.,-1.,-2.2E-16));
#3818 = ADVANCED_FACE('',(#3819),#3831,.T.);
#3819 = FACE_BOUND('',#3820,.F.);
#3820 = EDGE_LOOP('',(#3821,#3822,#3823,#3830));
#3821 = ORIENTED_EDGE('',*,*,#3788,.T.);
#3822 = ORIENTED_EDGE('',*,*,#2413,.T.);
#3823 = ORIENTED_EDGE('',*,*,#3824,.F.);
#3824 = EDGE_CURVE('',#1950,#2357,#3825,.T.);
#3825 = CIRCLE('',#3826,3.95);
#3826 = AXIS2_PLACEMENT_3D('',#3827,#3828,#3829);
#3827 = CARTESIAN_POINT('',(-48.95,-6.05,31.442135623731));
#3828 = DIRECTION('',(-0.,0.,1.));
#3829 = DIRECTION('',(0.,-1.,0.));
#3830 = ORIENTED_EDGE('',*,*,#1958,.F.);
#3831 = CYLINDRICAL_SURFACE('',#3832,3.95);
#3832 = AXIS2_PLACEMENT_3D('',#3833,#3834,#3835);
#3833 = CARTESIAN_POINT('',(-48.95,-6.05,89.3));
#3834 = DIRECTION('',(0.,0.,-1.));
#3835 = DIRECTION('',(0.,-1.,0.));
#3836 = ADVANCED_FACE('',(#3837),#3849,.T.);
#3837 = FACE_BOUND('',#3838,.T.);
#3838 = EDGE_LOOP('',(#3839,#3846,#3847,#3848));
#3839 = ORIENTED_EDGE('',*,*,#3840,.F.);
#3840 = EDGE_CURVE('',#1865,#2383,#3841,.T.);
#3841 = CIRCLE('',#3842,1.2);
#3842 = AXIS2_PLACEMENT_3D('',#3843,#3844,#3845);
#3843 = CARTESIAN_POINT('',(-51.8,-8.8,89.3));
#3844 = DIRECTION('',(-0.,-0.,-1.));
#3845 = DIRECTION('',(0.,-1.,0.));
#3846 = ORIENTED_EDGE('',*,*,#1864,.T.);
#3847 = ORIENTED_EDGE('',*,*,#3804,.T.);
#3848 = ORIENTED_EDGE('',*,*,#2437,.F.);
#3849 = TOROIDAL_SURFACE('',#3850,20.8,1.2);
#3850 = AXIS2_PLACEMENT_3D('',#3851,#3852,#3853);
#3851 = CARTESIAN_POINT('',(-31.,-8.8,89.3));
#3852 = DIRECTION('',(0.,1.,2.2E-16));
#3853 = DIRECTION('',(-1.,1.43E-31,-6.5E-16));
#3854 = ADVANCED_FACE('',(#3855),#3861,.T.);
#3855 = FACE_BOUND('',#3856,.T.);
#3856 = EDGE_LOOP('',(#3857,#3858,#3859,#3860));
#3857 = ORIENTED_EDGE('',*,*,#3824,.F.);
#3858 = ORIENTED_EDGE('',*,*,#1949,.T.);
#3859 = ORIENTED_EDGE('',*,*,#2184,.T.);
#3860 = ORIENTED_EDGE('',*,*,#2364,.F.);
#3861 = TOROIDAL_SURFACE('',#3862,13.95,3.95);
#3862 = AXIS2_PLACEMENT_3D('',#3863,#3864,#3865);
#3863 = CARTESIAN_POINT('',(-35.,-6.05,31.442135623731));
#3864 = DIRECTION('',(0.,-1.,-2.2E-16));
#3865 = DIRECTION('',(-1.,-1.562E-31,7.1E-16));
#3866 = ADVANCED_FACE('',(#3867),#3879,.T.);
#3867 = FACE_BOUND('',#3868,.F.);
#3868 = EDGE_LOOP('',(#3869,#3876,#3877,#3878));
#3869 = ORIENTED_EDGE('',*,*,#3870,.T.);
#3870 = EDGE_CURVE('',#1874,#2332,#3871,.T.);
#3871 = CIRCLE('',#3872,1.2);
#3872 = AXIS2_PLACEMENT_3D('',#3873,#3874,#3875);
#3873 = CARTESIAN_POINT('',(-51.8,-8.8,31.442135623731));
#3874 = DIRECTION('',(-1.1E-16,2.2E-16,-1.));
#3875 = DIRECTION('',(-1.,0.,1.1E-16));
#3876 = ORIENTED_EDGE('',*,*,#2382,.T.);
#3877 = ORIENTED_EDGE('',*,*,#3840,.F.);
#3878 = ORIENTED_EDGE('',*,*,#1873,.F.);
#3879 = CYLINDRICAL_SURFACE('',#3880,1.2);
#3880 = AXIS2_PLACEMENT_3D('',#3881,#3882,#3883);
#3881 = CARTESIAN_POINT('',(-51.8,-8.8,31.442135623731));
#3882 = DIRECTION('',(0.,0.,1.));
#3883 = DIRECTION('',(0.,-1.,0.));
#3884 = ADVANCED_FACE('',(#3885),#3897,.T.);
#3885 = FACE_BOUND('',#3886,.T.);
#3886 = EDGE_LOOP('',(#3887,#3894,#3895,#3896));
#3887 = ORIENTED_EDGE('',*,*,#3888,.F.);
#3888 = EDGE_CURVE('',#1882,#2228,#3889,.T.);
#3889 = CIRCLE('',#3890,1.2);
#3890 = AXIS2_PLACEMENT_3D('',#3891,#3892,#3893);
#3891 = CARTESIAN_POINT('',(-46.87939392393,-8.8,19.562741699797));
#3892 = DIRECTION('',(0.707106781187,0.,-0.707106781187));
#3893 = DIRECTION('',(-1.1E-16,-1.,-1.1E-16));
#3894 = ORIENTED_EDGE('',*,*,#1881,.T.);
#3895 = ORIENTED_EDGE('',*,*,#3870,.T.);
#3896 = ORIENTED_EDGE('',*,*,#2339,.F.);
#3897 = TOROIDAL_SURFACE('',#3898,16.8,1.2);
#3898 = AXIS2_PLACEMENT_3D('',#3899,#3900,#3901);
#3899 = CARTESIAN_POINT('',(-35.,-8.8,31.442135623731));
#3900 = DIRECTION('',(0.,1.,2.2E-16));
#3901 = DIRECTION('',(-0.707106781187,1.55563491861E-16,-0.707106781187)
  );
#3902 = ADVANCED_FACE('',(#3903),#3915,.T.);
#3903 = FACE_BOUND('',#3904,.F.);
#3904 = EDGE_LOOP('',(#3905,#3912,#3913,#3914));
#3905 = ORIENTED_EDGE('',*,*,#3906,.T.);
#3906 = EDGE_CURVE('',#1891,#2112,#3907,.T.);
#3907 = CIRCLE('',#3908,1.2);
#3908 = AXIS2_PLACEMENT_3D('',#3909,#3910,#3911);
#3909 = CARTESIAN_POINT('',(-41.59081169079,-8.8,14.274159466659));
#3910 = DIRECTION('',(0.707106781187,1.6E-16,-0.707106781187));
#3911 = DIRECTION('',(0.707106781187,-1.6E-16,0.707106781187));
#3912 = ORIENTED_EDGE('',*,*,#2235,.T.);
#3913 = ORIENTED_EDGE('',*,*,#3888,.F.);
#3914 = ORIENTED_EDGE('',*,*,#1890,.F.);
#3915 = CYLINDRICAL_SURFACE('',#3916,1.2);
#3916 = AXIS2_PLACEMENT_3D('',#3917,#3918,#3919);
#3917 = CARTESIAN_POINT('',(-41.59081169079,-8.8,14.274159466659));
#3918 = DIRECTION('',(-0.707106781187,0.,0.707106781187));
#3919 = DIRECTION('',(-1.1E-16,-1.,-1.1E-16));
#3920 = ADVANCED_FACE('',(#3921),#3933,.T.);
#3921 = FACE_BOUND('',#3922,.T.);
#3922 = EDGE_LOOP('',(#3923,#3930,#3931,#3932));
#3923 = ORIENTED_EDGE('',*,*,#3924,.F.);
#3924 = EDGE_CURVE('',#1899,#2059,#3925,.T.);
#3925 = CIRCLE('',#3926,1.2);
#3926 = AXIS2_PLACEMENT_3D('',#3927,#3928,#3929);
#3927 = CARTESIAN_POINT('',(-40.8,-8.8,12.364971157456));
#3928 = DIRECTION('',(-0.,-0.,-1.));
#3929 = DIRECTION('',(0.,-1.,0.));
#3930 = ORIENTED_EDGE('',*,*,#1898,.T.);
#3931 = ORIENTED_EDGE('',*,*,#3906,.T.);
#3932 = ORIENTED_EDGE('',*,*,#2111,.F.);
#3933 = TOROIDAL_SURFACE('',#3934,2.7,1.2);
#3934 = AXIS2_PLACEMENT_3D('',#3935,#3936,#3937);
#3935 = CARTESIAN_POINT('',(-43.5,-8.8,12.364971157456));
#3936 = DIRECTION('',(0.,-1.,-2.2E-16));
#3937 = DIRECTION('',(1.,-7.81E-31,3.55E-15));
#3938 = ADVANCED_FACE('',(#3939),#3945,.T.);
#3939 = FACE_BOUND('',#3940,.F.);
#3940 = EDGE_LOOP('',(#3941,#3942,#3943,#3944));
#3941 = ORIENTED_EDGE('',*,*,#3364,.T.);
#3942 = ORIENTED_EDGE('',*,*,#2066,.T.);
#3943 = ORIENTED_EDGE('',*,*,#3924,.F.);
#3944 = ORIENTED_EDGE('',*,*,#1907,.F.);
#3945 = CYLINDRICAL_SURFACE('',#3946,1.2);
#3946 = AXIS2_PLACEMENT_3D('',#3947,#3948,#3949);
#3947 = CARTESIAN_POINT('',(-40.8,-8.8,1.5));
#3948 = DIRECTION('',(0.,0.,1.));
#3949 = DIRECTION('',(0.,-1.,0.));
#3950 = ADVANCED_FACE('',(#3951),#3980,.T.);
#3951 = FACE_BOUND('',#3952,.T.);
#3952 = EDGE_LOOP('',(#3953,#3954,#3962,#3979));
#3953 = ORIENTED_EDGE('',*,*,#2282,.T.);
#3954 = ORIENTED_EDGE('',*,*,#3955,.T.);
#3955 = EDGE_CURVE('',#2276,#3956,#3958,.T.);
#3956 = VERTEX_POINT('',#3957);
#3957 = CARTESIAN_POINT('',(-33.,-6.05,15.1));
#3958 = LINE('',#3959,#3960);
#3959 = CARTESIAN_POINT('',(-33.,-3.95,15.1));
#3960 = VECTOR('',#3961,1.);
#3961 = DIRECTION('',(0.,-1.,4.4E-16));
#3962 = ORIENTED_EDGE('',*,*,#3963,.T.);
#3963 = EDGE_CURVE('',#3956,#2158,#3964,.T.);
#3964 = B_SPLINE_CURVE_WITH_KNOTS('',7,(#3965,#3966,#3967,#3968,#3969,
    #3970,#3971,#3972,#3973,#3974,#3975,#3976,#3977,#3978),
  .UNSPECIFIED.,.F.,.F.,(8,6,8),(5.898953920715,9.742513342517,
    9.934043408482),.UNSPECIFIED.);
#3965 = CARTESIAN_POINT('',(-33.,-6.05,15.1));
#3966 = CARTESIAN_POINT('',(-33.,-6.513103620297,15.1));
#3967 = CARTESIAN_POINT('',(-33.,-6.976202804697,15.00346693915));
#3968 = CARTESIAN_POINT('',(-33.,-7.430028240711,14.810717544825));
#3969 = CARTESIAN_POINT('',(-33.,-7.865519631538,14.521724649726));
#3970 = CARTESIAN_POINT('',(-33.,-8.267941373902,14.14166692308));
#3971 = CARTESIAN_POINT('',(-33.,-8.626335707433,13.681715181287));
#3972 = CARTESIAN_POINT('',(-33.,-8.94661535332,13.129333363429));
#3973 = CARTESIAN_POINT('',(-33.,-8.962087544601,13.102648691907));
#3974 = CARTESIAN_POINT('',(-33.,-8.977829493141,13.075498773819));
#3975 = CARTESIAN_POINT('',(-33.,-8.993841198941,13.047883609164));
#3976 = CARTESIAN_POINT('',(-33.,-9.010122662,13.019803197943));
#3977 = CARTESIAN_POINT('',(-33.,-9.02667388232,12.991257540155));
#3978 = CARTESIAN_POINT('',(-33.,-9.0434948599,12.9622466358));
#3979 = ORIENTED_EDGE('',*,*,#2168,.F.);
#3980 = PLANE('',#3981);
#3981 = AXIS2_PLACEMENT_3D('',#3982,#3983,#3984);
#3982 = CARTESIAN_POINT('',(-33.,3.39E-15,15.3));
#3983 = DIRECTION('',(1.,0.,0.));
#3984 = DIRECTION('',(0.,-2.2E-16,-1.));
#3985 = ADVANCED_FACE('',(#3986),#3997,.T.);
#3986 = FACE_BOUND('',#3987,.T.);
#3987 = EDGE_LOOP('',(#3988,#3994,#3995,#3996));
#3988 = ORIENTED_EDGE('',*,*,#3989,.T.);
#3989 = EDGE_CURVE('',#3956,#2194,#3990,.T.);
#3990 = LINE('',#3991,#3992);
#3991 = CARTESIAN_POINT('',(-33.07071067811,-6.05,15.270710678119));
#3992 = VECTOR('',#3993,1.);
#3993 = DIRECTION('',(-0.382683432365,4.1E-16,0.923879532511));
#3994 = ORIENTED_EDGE('',*,*,#2201,.T.);
#3995 = ORIENTED_EDGE('',*,*,#2157,.F.);
#3996 = ORIENTED_EDGE('',*,*,#3963,.F.);
#3997 = B_SPLINE_SURFACE_WITH_KNOTS('',1,7,(
    (#3998,#3999,#4000,#4001,#4002,#4003,#4004,#4005,#4006,#4007,#4008
      ,#4009,#4010,#4011)
    ,(#4012,#4013,#4014,#4015,#4016,#4017,#4018,#4019,#4020,#4021,#4022
      ,#4023,#4024,#4025
    )),.UNSPECIFIED.,.F.,.F.,.F.,(2,2),(8,6,8),(0.,3.843559421802),(
    5.898953920715,9.742513342517,9.934043408482),.UNSPECIFIED.);
#3998 = CARTESIAN_POINT('',(-33.,-6.05,15.1));
#3999 = CARTESIAN_POINT('',(-33.,-6.513103620297,15.1));
#4000 = CARTESIAN_POINT('',(-33.,-6.976202804697,15.00346693915));
#4001 = CARTESIAN_POINT('',(-33.,-7.430028240711,14.810717544825));
#4002 = CARTESIAN_POINT('',(-33.,-7.865519631538,14.521724649726));
#4003 = CARTESIAN_POINT('',(-33.,-8.267941373902,14.14166692308));
#4004 = CARTESIAN_POINT('',(-33.,-8.626335707433,13.681715181287));
#4005 = CARTESIAN_POINT('',(-33.,-8.94661535332,13.129333363429));
#4006 = CARTESIAN_POINT('',(-33.,-8.962087544601,13.102648691907));
#4007 = CARTESIAN_POINT('',(-33.,-8.977829493141,13.075498773819));
#4008 = CARTESIAN_POINT('',(-33.,-8.993841198941,13.047883609164));
#4009 = CARTESIAN_POINT('',(-33.,-9.010122662,13.019803197943));
#4010 = CARTESIAN_POINT('',(-33.,-9.02667388232,12.991257540155));
#4011 = CARTESIAN_POINT('',(-33.,-9.0434948599,12.9622466358));
#4012 = CARTESIAN_POINT('',(-33.14142135623,-6.05,15.441421356237));
#4013 = CARTESIAN_POINT('',(-33.14142135623,-6.574078972769,
    15.441421356237));
#4014 = CARTESIAN_POINT('',(-33.14417933162,-7.098162587329,
    15.329505958292));
#4015 = CARTESIAN_POINT('',(-33.14974382935,-7.604554043886,
    15.105331466604));
#4016 = CARTESIAN_POINT('',(-33.15710369459,-8.075303184128,
    14.777745240218));
#4017 = CARTESIAN_POINT('',(-33.16499724346,-8.500868525301,
    14.35877075921));
#4018 = CARTESIAN_POINT('',(-33.17270853963,-8.871512139451,
    13.861075556564));
#4019 = CARTESIAN_POINT('',(-33.17995660071,-9.195938099973,
    13.272040713951));
#4020 = CARTESIAN_POINT('',(-33.18030063809,-9.211337343486,
    13.244081511905));
#4021 = CARTESIAN_POINT('',(-33.18064467548,-9.226736586999,
    13.216122309859));
#4022 = CARTESIAN_POINT('',(-33.18098871286,-9.242135830513,
    13.188163107813));
#4023 = CARTESIAN_POINT('',(-33.18133275024,-9.257535074026,
    13.160203905768));
#4024 = CARTESIAN_POINT('',(-33.18167678762,-9.272934317539,
    13.132244703722));
#4025 = CARTESIAN_POINT('',(-33.182020825,-9.288333561052,
    13.104285501676));
#4026 = ADVANCED_FACE('',(#4027),#4033,.T.);
#4027 = FACE_BOUND('',#4028,.F.);
#4028 = EDGE_LOOP('',(#4029,#4030,#4031,#4032));
#4029 = ORIENTED_EDGE('',*,*,#2275,.F.);
#4030 = ORIENTED_EDGE('',*,*,#3955,.T.);
#4031 = ORIENTED_EDGE('',*,*,#3989,.T.);
#4032 = ORIENTED_EDGE('',*,*,#2259,.F.);
#4033 = PLANE('',#4034);
#4034 = AXIS2_PLACEMENT_3D('',#4035,#4036,#4037);
#4035 = CARTESIAN_POINT('',(-33.07071067811,-3.95,15.270710678119));
#4036 = DIRECTION('',(0.923879532511,1.9E-16,0.382683432365));
#4037 = DIRECTION('',(-1.936701759831E-17,1.,-4.497378101045E-16));
#4038 = ADVANCED_FACE('',(#4039),#4045,.F.);
#4039 = FACE_BOUND('',#4040,.F.);
#4040 = EDGE_LOOP('',(#4041,#4042,#4043,#4044));
#4041 = ORIENTED_EDGE('',*,*,#3734,.T.);
#4042 = ORIENTED_EDGE('',*,*,#2630,.T.);
#4043 = ORIENTED_EDGE('',*,*,#3691,.F.);
#4044 = ORIENTED_EDGE('',*,*,#3650,.F.);
#4045 = ( BOUNDED_SURFACE() B_SPLINE_SURFACE(2,11,(
    (#4046,#4047,#4048,#4049,#4050,#4051,#4052,#4053,#4054,#4055,#4056
      ,#4057)
    ,(#4058,#4059,#4060,#4061,#4062,#4063,#4064,#4065,#4066,#4067,#4068
      ,#4069)
    ,(#4070,#4071,#4072,#4073,#4074,#4075,#4076,#4077,#4078,#4079,#4080
,#4081
    )),.UNSPECIFIED.,.F.,.F.,.F.) B_SPLINE_SURFACE_WITH_KNOTS((3,3),(12,
    12),(0.,4.548191366623),(7.150682277461,11.698873644084),
.PIECEWISE_BEZIER_KNOTS.) GEOMETRIC_REPRESENTATION_ITEM() 
RATIONAL_B_SPLINE_SURFACE((
    (1.,1.,1.,1.,1.000000000001,0.999999999999,1.000000000001
      ,0.999999999999,1.,1.,1.,1.)
    ,(0.707106781187,0.676304731682,0.636504970085,0.591617797807
      ,0.53867780837,0.505983013288,0.505983013355,0.538677808319
      ,0.591617797835,0.636504970075,0.676304731685,0.707106781187)
    ,(1.,1.,1.,1.,1.000000000001,0.999999999999,1.000000000001
,0.999999999999,1.,1.,1.,1.))) REPRESENTATION_ITEM('') SURFACE() );
#4046 = CARTESIAN_POINT('',(-2.887472943596,-10.,107.25));
#4047 = CARTESIAN_POINT('',(-2.538984268925,-10.,106.77611697215));
#4048 = CARTESIAN_POINT('',(-2.124694363758,-9.937734404496,
    106.32485118269));
#4049 = CARTESIAN_POINT('',(-1.627220973508,-9.820746526915,
    105.92379893232));
#4050 = CARTESIAN_POINT('',(-1.064951092236,-9.681231911557,
    105.55450970238));
#4051 = CARTESIAN_POINT('',(-0.328739187404,-9.496844613926,
    105.39489679893));
#4052 = CARTESIAN_POINT('',(0.328739187839,-9.496844613928,105.3948968)
  );
#4053 = CARTESIAN_POINT('',(1.064951091451,-9.681231911556,
    105.55450970158));
#4054 = CARTESIAN_POINT('',(1.627220974031,-9.820746526916,
    105.92379893277));
#4055 = CARTESIAN_POINT('',(2.12469436359,-9.9377344045,106.32485118252)
  );
#4056 = CARTESIAN_POINT('',(2.538984268964,-10.,106.7761169722));
#4057 = CARTESIAN_POINT('',(2.887472943596,-10.,107.25));
#4058 = CARTESIAN_POINT('',(-2.062480673996,-10.,108.12142857142));
#4059 = CARTESIAN_POINT('',(-1.74854610263,-10.1093071146,107.8242228072
    ));
#4060 = CARTESIAN_POINT('',(-1.379778314924,-10.20166635223,
    107.57085265521));
#4061 = CARTESIAN_POINT('',(-0.966875694415,-10.29355549791,
    107.3778436957));
#4062 = CARTESIAN_POINT('',(-0.521452806282,-10.41269935496,
    107.25274468763));
#4063 = CARTESIAN_POINT('',(-0.148389024025,-10.52577949861,
    107.24369984141));
#4064 = CARTESIAN_POINT('',(0.148389024058,-10.52577949821,
    107.2436998416));
#4065 = CARTESIAN_POINT('',(0.52145280624,-10.41269935524,107.2527446875
    ));
#4066 = CARTESIAN_POINT('',(0.966875694452,-10.29355549778,
    107.37784369576));
#4067 = CARTESIAN_POINT('',(1.379778314916,-10.20166635227,
    107.57085265519));
#4068 = CARTESIAN_POINT('',(1.748546102638,-10.10930711458,
    107.82422280721));
#4069 = CARTESIAN_POINT('',(2.062480674,-10.,108.12142857143));
#4070 = CARTESIAN_POINT('',(-2.062480673996,-8.8,108.12142857142));
#4071 = CARTESIAN_POINT('',(-1.762221304829,-8.8,107.83716929125));
#4072 = CARTESIAN_POINT('',(-1.418866315087,-8.747934313473,
    107.59843117537));
#4073 = CARTESIAN_POINT('',(-1.040084270219,-8.65810140069,
    107.41247395804));
#4074 = CARTESIAN_POINT('',(-0.63491770887,-8.569478930011,
    107.28510362703));
#4075 = CARTESIAN_POINT('',(-0.213474524812,-8.463004588015,
    107.22037574652));
#4076 = CARTESIAN_POINT('',(0.213474524817,-8.463004588007,
    107.2203757466));
#4077 = CARTESIAN_POINT('',(0.634917708874,-8.569478930017,
    107.28510362697));
#4078 = CARTESIAN_POINT('',(1.040084270231,-8.658101400687,
    107.41247395807));
#4079 = CARTESIAN_POINT('',(1.418866315086,-8.747934313477,
    107.59843117536));
#4080 = CARTESIAN_POINT('',(1.762221304835,-8.8,107.83716929125));
#4081 = CARTESIAN_POINT('',(2.062480674,-8.8,108.12142857143));
#4082 = ADVANCED_FACE('',(#4083),#4101,.T.);
#4083 = FACE_BOUND('',#4084,.T.);
#4084 = EDGE_LOOP('',(#4085,#4086,#4094,#4100));
#4085 = ORIENTED_EDGE('',*,*,#2905,.F.);
#4086 = ORIENTED_EDGE('',*,*,#4087,.T.);
#4087 = EDGE_CURVE('',#2906,#4088,#4090,.T.);
#4088 = VERTEX_POINT('',#4089);
#4089 = CARTESIAN_POINT('',(33.,-6.05,15.1));
#4090 = LINE('',#4091,#4092);
#4091 = CARTESIAN_POINT('',(33.,-3.95,15.1));
#4092 = VECTOR('',#4093,1.);
#4093 = DIRECTION('',(0.,-1.,2.2E-16));
#4094 = ORIENTED_EDGE('',*,*,#4095,.T.);
#4095 = EDGE_CURVE('',#4088,#2872,#4096,.T.);
#4096 = LINE('',#4097,#4098);
#4097 = CARTESIAN_POINT('',(33.070710678119,-6.05,15.270710678119));
#4098 = VECTOR('',#4099,1.);
#4099 = DIRECTION('',(0.382683432365,2.E-16,0.923879532511));
#4100 = ORIENTED_EDGE('',*,*,#2879,.F.);
#4101 = PLANE('',#4102);
#4102 = AXIS2_PLACEMENT_3D('',#4103,#4104,#4105);
#4103 = CARTESIAN_POINT('',(33.070710678119,-3.95,15.270710678119));
#4104 = DIRECTION('',(-0.923879532511,5.E-17,0.382683432365));
#4105 = DIRECTION('',(3.244563368122E-17,-1.,2.089869853606E-16));
#4106 = ADVANCED_FACE('',(#4107),#4129,.T.);
#4107 = FACE_BOUND('',#4108,.F.);
#4108 = EDGE_LOOP('',(#4109,#4110,#4111,#4128));
#4109 = ORIENTED_EDGE('',*,*,#2912,.T.);
#4110 = ORIENTED_EDGE('',*,*,#4087,.T.);
#4111 = ORIENTED_EDGE('',*,*,#4112,.T.);
#4112 = EDGE_CURVE('',#4088,#2974,#4113,.T.);
#4113 = B_SPLINE_CURVE_WITH_KNOTS('',7,(#4114,#4115,#4116,#4117,#4118,
    #4119,#4120,#4121,#4122,#4123,#4124,#4125,#4126,#4127),
  .UNSPECIFIED.,.F.,.F.,(8,6,8),(5.898953920715,9.742513342516,
    9.934043408482),.UNSPECIFIED.);
#4114 = CARTESIAN_POINT('',(33.,-6.05,15.1));
#4115 = CARTESIAN_POINT('',(33.,-6.513103620296,15.1));
#4116 = CARTESIAN_POINT('',(33.,-6.976202804697,15.00346693915));
#4117 = CARTESIAN_POINT('',(33.,-7.430028240712,14.810717544826));
#4118 = CARTESIAN_POINT('',(33.,-7.865519631538,14.521724649726));
#4119 = CARTESIAN_POINT('',(33.,-8.267941373902,14.14166692308));
#4120 = CARTESIAN_POINT('',(33.,-8.626335707433,13.681715181288));
#4121 = CARTESIAN_POINT('',(33.,-8.94661535332,13.129333363429));
#4122 = CARTESIAN_POINT('',(33.,-8.9620875446,13.102648691908));
#4123 = CARTESIAN_POINT('',(33.,-8.977829493141,13.075498773819));
#4124 = CARTESIAN_POINT('',(33.,-8.99384119894,13.047883609164));
#4125 = CARTESIAN_POINT('',(33.,-9.010122662,13.019803197943));
#4126 = CARTESIAN_POINT('',(33.,-9.02667388232,12.991257540155));
#4127 = CARTESIAN_POINT('',(33.,-9.043494859899,12.9622466358));
#4128 = ORIENTED_EDGE('',*,*,#2984,.F.);
#4129 = PLANE('',#4130);
#4130 = AXIS2_PLACEMENT_3D('',#4131,#4132,#4133);
#4131 = CARTESIAN_POINT('',(33.,3.39E-15,15.3));
#4132 = DIRECTION('',(-1.,0.,0.));
#4133 = DIRECTION('',(0.,2.2E-16,1.));
#4134 = ADVANCED_FACE('',(#4135),#4141,.F.);
#4135 = FACE_BOUND('',#4136,.F.);
#4136 = EDGE_LOOP('',(#4137,#4138,#4139,#4140));
#4137 = ORIENTED_EDGE('',*,*,#4095,.T.);
#4138 = ORIENTED_EDGE('',*,*,#3025,.T.);
#4139 = ORIENTED_EDGE('',*,*,#2973,.F.);
#4140 = ORIENTED_EDGE('',*,*,#4112,.F.);
#4141 = B_SPLINE_SURFACE_WITH_KNOTS('',1,7,(
    (#4142,#4143,#4144,#4145,#4146,#4147,#4148,#4149,#4150,#4151,#4152
      ,#4153,#4154,#4155)
    ,(#4156,#4157,#4158,#4159,#4160,#4161,#4162,#4163,#4164,#4165,#4166
      ,#4167,#4168,#4169
    )),.UNSPECIFIED.,.F.,.F.,.F.,(2,2),(8,6,8),(0.,3.843559421802),(
    5.898953920715,9.742513342516,9.934043408482),.UNSPECIFIED.);
#4142 = CARTESIAN_POINT('',(33.,-6.05,15.1));
#4143 = CARTESIAN_POINT('',(33.,-6.513103620296,15.1));
#4144 = CARTESIAN_POINT('',(33.,-6.976202804697,15.00346693915));
#4145 = CARTESIAN_POINT('',(33.,-7.430028240712,14.810717544826));
#4146 = CARTESIAN_POINT('',(33.,-7.865519631538,14.521724649726));
#4147 = CARTESIAN_POINT('',(33.,-8.267941373902,14.14166692308));
#4148 = CARTESIAN_POINT('',(33.,-8.626335707433,13.681715181288));
#4149 = CARTESIAN_POINT('',(33.,-8.94661535332,13.129333363429));
#4150 = CARTESIAN_POINT('',(33.,-8.9620875446,13.102648691908));
#4151 = CARTESIAN_POINT('',(33.,-8.977829493141,13.075498773819));
#4152 = CARTESIAN_POINT('',(33.,-8.99384119894,13.047883609164));
#4153 = CARTESIAN_POINT('',(33.,-9.010122662,13.019803197943));
#4154 = CARTESIAN_POINT('',(33.,-9.02667388232,12.991257540155));
#4155 = CARTESIAN_POINT('',(33.,-9.043494859899,12.9622466358));
#4156 = CARTESIAN_POINT('',(33.141421356237,-6.05,15.441421356237));
#4157 = CARTESIAN_POINT('',(33.141421356237,-6.574078972769,
    15.441421356237));
#4158 = CARTESIAN_POINT('',(33.144179331619,-7.098162587328,
    15.32950595829));
#4159 = CARTESIAN_POINT('',(33.149743829353,-7.604554043888,
    15.105331466606));
#4160 = CARTESIAN_POINT('',(33.157103694595,-8.075303184126,
    14.777745240215));
#4161 = CARTESIAN_POINT('',(33.164997243471,-8.500868525301,
    14.358770759212));
#4162 = CARTESIAN_POINT('',(33.172708539634,-8.871512139451,
    13.861075556564));
#4163 = CARTESIAN_POINT('',(33.179956600718,-9.195938099973,
    13.272040713951));
#4164 = CARTESIAN_POINT('',(33.180300638099,-9.211337343486,
    13.244081511905));
#4165 = CARTESIAN_POINT('',(33.180644675479,-9.226736586999,
    13.216122309859));
#4166 = CARTESIAN_POINT('',(33.18098871286,-9.242135830513,
    13.188163107813));
#4167 = CARTESIAN_POINT('',(33.18133275024,-9.257535074026,
    13.160203905768));
#4168 = CARTESIAN_POINT('',(33.181676787621,-9.272934317539,
    13.132244703722));
#4169 = CARTESIAN_POINT('',(33.182020825002,-9.288333561052,
    13.104285501676));
#4170 = ADVANCED_FACE('',(#4171),#4182,.T.);
#4171 = FACE_BOUND('',#4172,.F.);
#4172 = EDGE_LOOP('',(#4173,#4174,#4175,#4181));
#4173 = ORIENTED_EDGE('',*,*,#3228,.F.);
#4174 = ORIENTED_EDGE('',*,*,#3203,.T.);
#4175 = ORIENTED_EDGE('',*,*,#4176,.T.);
#4176 = EDGE_CURVE('',#3195,#3270,#4177,.T.);
#4177 = LINE('',#4178,#4179);
#4178 = CARTESIAN_POINT('',(35.1,-8.8,0.1));
#4179 = VECTOR('',#4180,1.);
#4180 = DIRECTION('',(0.707106781187,-1.5E-16,-0.707106781187));
#4181 = ORIENTED_EDGE('',*,*,#3269,.F.);
#4182 = PLANE('',#4183);
#4183 = AXIS2_PLACEMENT_3D('',#4184,#4185,#4186);
#4184 = CARTESIAN_POINT('',(35.1,-1.2,0.1));
#4185 = DIRECTION('',(-0.707106781187,-1.6E-16,-0.707106781187));
#4186 = DIRECTION('',(-3.137084989847E-18,1.,-2.231370849898E-16));
#4187 = ADVANCED_FACE('',(#4188),#4194,.T.);
#4188 = FACE_BOUND('',#4189,.F.);
#4189 = EDGE_LOOP('',(#4190,#4191,#4192,#4193));
#4190 = ORIENTED_EDGE('',*,*,#4176,.F.);
#4191 = ORIENTED_EDGE('',*,*,#3194,.T.);
#4192 = ORIENTED_EDGE('',*,*,#3414,.T.);
#4193 = ORIENTED_EDGE('',*,*,#3399,.F.);
#4194 = CONICAL_SURFACE('',#4195,1.2,0.785398163397);
#4195 = AXIS2_PLACEMENT_3D('',#4196,#4197,#4198);
#4196 = CARTESIAN_POINT('',(35.2,-8.8,1.2));
#4197 = DIRECTION('',(1.,0.,0.));
#4198 = DIRECTION('',(0.,2.2E-16,-1.));
#4199 = ( GEOMETRIC_REPRESENTATION_CONTEXT(3) 
GLOBAL_UNCERTAINTY_ASSIGNED_CONTEXT((#4203)) 
GLOBAL_UNIT_ASSIGNED_CONTEXT((#4200,#4201,#4202)) REPRESENTATION_CONTEXT
('Context #1','3D Context with UNIT and UNCERTAINTY') );
#4200 = ( LENGTH_UNIT() NAMED_UNIT(*) SI_UNIT(.MILLI.,.METRE.) );
#4201 = ( NAMED_UNIT(*) PLANE_ANGLE_UNIT() SI_UNIT($,.RADIAN.) );
#4202 = ( NAMED_UNIT(*) SI_UNIT($,.STERADIAN.) SOLID_ANGLE_UNIT() );
#4203 = UNCERTAINTY_MEASURE_WITH_UNIT(LENGTH_MEASURE(5.E-06),#4200,
  'distance_accuracy_value','confusion accuracy');
#4204 = PRODUCT_RELATED_PRODUCT_CATEGORY('part',$,(#7));
ENDSEC;
END-ISO-10303-21;
