ISO-10303-21;
HEADER;
FILE_DESCRIPTION(('FreeCAD Model'),'2;1');
FILE_NAME('Open CASCADE Shape Model','2026-05-18T18:57:47',(''),(''),
  'Open CASCADE STEP processor 7.8','FreeCAD','Unknown');
FILE_SCHEMA(('AUTOMOTIVE_DESIGN { 1 0 10303 214 1 1 1 1 }'));
ENDSEC;
DATA;
#1 = APPLICATION_PROTOCOL_DEFINITION('international standard',
  'automotive_design',2000,#2);
#2 = APPLICATION_CONTEXT(
  'core data for automotive mechanical design processes');
#3 = SHAPE_DEFINITION_REPRESENTATION(#4,#10);
#4 = PRODUCT_DEFINITION_SHAPE('','',#5);
#5 = PRODUCT_DEFINITION('design','',#6,#9);
#6 = PRODUCT_DEFINITION_FORMATION('','',#7);
#7 = PRODUCT('B_landing_gear_mount','B_landing_gear_mount','',(#8));
#8 = PRODUCT_CONTEXT('',#2,'mechanical');
#9 = PRODUCT_DEFINITION_CONTEXT('part definition',#2,'design');
#10 = ADVANCED_BREP_SHAPE_REPRESENTATION('',(#11,#15),#2905);
#11 = AXIS2_PLACEMENT_3D('',#12,#13,#14);
#12 = CARTESIAN_POINT('',(0.,0.,0.));
#13 = DIRECTION('',(0.,0.,1.));
#14 = DIRECTION('',(1.,0.,-0.));
#15 = MANIFOLD_SOLID_BREP('',#16);
#16 = CLOSED_SHELL('',(#17,#143,#166,#198,#238,#269,#294,#319,#519,#544,
    #765,#782,#830,#846,#942,#994,#1027,#1073,#1119,#1136,#1160,#1197,
    #1266,#1292,#1330,#1367,#1392,#1453,#1490,#1515,#1565,#1596,#1628,
    #1698,#1723,#1745,#1769,#1797,#1822,#1854,#1877,#1948,#1971,#1988,
    #2035,#2067,#2084,#2109,#2134,#2164,#2180,#2199,#2232,#2285,#2311,
    #2357,#2374,#2404,#2421,#2463,#2475,#2508,#2533,#2557,#2582,#2608,
    #2633,#2657,#2682,#2699,#2724,#2741,#2753,#2778,#2803,#2820,#2845,
    #2862,#2871,#2888));
#17 = ADVANCED_FACE('',(#18),#138,.T.);
#18 = FACE_BOUND('',#19,.F.);
#19 = EDGE_LOOP('',(#20,#30,#39,#47,#56,#70,#131));
#20 = ORIENTED_EDGE('',*,*,#21,.F.);
#21 = EDGE_CURVE('',#22,#24,#26,.T.);
#22 = VERTEX_POINT('',#23);
#23 = CARTESIAN_POINT('',(-5.,41.,0.4));
#24 = VERTEX_POINT('',#25);
#25 = CARTESIAN_POINT('',(-5.,41.,16.247496255593));
#26 = LINE('',#27,#28);
#27 = CARTESIAN_POINT('',(-5.,41.,-9.E-17));
#28 = VECTOR('',#29,1.);
#29 = DIRECTION('',(0.,0.,1.));
#30 = ORIENTED_EDGE('',*,*,#31,.T.);
#31 = EDGE_CURVE('',#22,#32,#34,.T.);
#32 = VERTEX_POINT('',#33);
#33 = CARTESIAN_POINT('',(-2.,44.,0.4));
#34 = CIRCLE('',#35,3.);
#35 = AXIS2_PLACEMENT_3D('',#36,#37,#38);
#36 = CARTESIAN_POINT('',(-2.,41.,0.4));
#37 = DIRECTION('',(0.,0.,-1.));
#38 = DIRECTION('',(-1.,4.74E-15,0.));
#39 = ORIENTED_EDGE('',*,*,#40,.T.);
#40 = EDGE_CURVE('',#32,#41,#43,.T.);
#41 = VERTEX_POINT('',#42);
#42 = CARTESIAN_POINT('',(-2.,44.,5.7));
#43 = LINE('',#44,#45);
#44 = CARTESIAN_POINT('',(-2.,44.,0.));
#45 = VECTOR('',#46,1.);
#46 = DIRECTION('',(0.,0.,1.));
#47 = ORIENTED_EDGE('',*,*,#48,.F.);
#48 = EDGE_CURVE('',#49,#41,#51,.T.);
#49 = VERTEX_POINT('',#50);
#50 = CARTESIAN_POINT('',(-2.166253857853,43.995389733365,19.69752121727
    ));
#51 = ELLIPSE('',#52,9.108489650244E+03,3.);
#52 = AXIS2_PLACEMENT_3D('',#53,#54,#55);
#53 = CARTESIAN_POINT('',(-2.,41.,9.1141891562E+03));
#54 = DIRECTION('',(0.,-0.99999994576,-3.293630574548E-04));
#55 = DIRECTION('',(0.,3.293630574548E-04,-0.99999994576));
#56 = ORIENTED_EDGE('',*,*,#57,.T.);
#57 = EDGE_CURVE('',#49,#58,#60,.T.);
#58 = VERTEX_POINT('',#59);
#59 = CARTESIAN_POINT('',(-2.777964909322,43.897373051553,
    20.199307891738));
#60 = B_SPLINE_CURVE_WITH_KNOTS('',8,(#61,#62,#63,#64,#65,#66,#67,#68,
    #69),.UNSPECIFIED.,.F.,.F.,(9,9),(0.,1.),.PIECEWISE_BEZIER_KNOTS.);
#61 = CARTESIAN_POINT('',(-2.166253857854,43.995389733365,19.69752121727
    ));
#62 = CARTESIAN_POINT('',(-2.261473106753,43.990104755823,
    19.728351807724));
#63 = CARTESIAN_POINT('',(-2.349646968651,43.981740857417,
    19.776545116857));
#64 = CARTESIAN_POINT('',(-2.431744168552,43.971118468791,
    19.836129728621));
#65 = CARTESIAN_POINT('',(-2.508561245863,43.958768757234,
    19.902553077145));
#66 = CARTESIAN_POINT('',(-2.58073719935,43.94507216111,19.973159991217)
  );
#67 = CARTESIAN_POINT('',(-2.648982171315,43.930292567754,
    20.046243885704));
#68 = CARTESIAN_POINT('',(-2.714314319409,43.914463679694,
    20.121434901587));
#69 = CARTESIAN_POINT('',(-2.777964909322,43.897373051553,
    20.199307891738));
#70 = ORIENTED_EDGE('',*,*,#71,.F.);
#71 = EDGE_CURVE('',#72,#58,#74,.T.);
#72 = VERTEX_POINT('',#73);
#73 = CARTESIAN_POINT('',(-3.356644852114,43.675726956405,
    19.329340560327));
#74 = B_SPLINE_CURVE_WITH_KNOTS('',7,(#75,#76,#77,#78,#79,#80,#81,#82,
    #83,#84,#85,#86,#87,#88,#89,#90,#91,#92,#93,#94,#95,#96,#97,#98,#99,
    #100,#101,#102,#103,#104,#105,#106,#107,#108,#109,#110,#111,#112,
    #113,#114,#115,#116,#117,#118,#119,#120,#121,#122,#123,#124,#125,
    #126,#127,#128,#129,#130),.UNSPECIFIED.,.F.,.F.,(8,6,6,6,6,6,6,6,6,8
    ),(0.,4.853000225486E-02,0.445154153453,0.649416438812,0.70993607061
    ,0.7394801057,0.798005726991,0.867148450624,0.905048122177,1.),
  .UNSPECIFIED.);
#75 = CARTESIAN_POINT('',(-3.356644852114,43.675726956405,
    19.329340560327));
#76 = CARTESIAN_POINT('',(-3.349429336822,43.679385360957,
    19.333554231384));
#77 = CARTESIAN_POINT('',(-3.342216256793,43.683013994573,
    19.337789026171));
#78 = CARTESIAN_POINT('',(-3.335005862706,43.686612928326,
    19.342044898214));
#79 = CARTESIAN_POINT('',(-3.32779841365,43.69018223144,19.346321813403)
  );
#80 = CARTESIAN_POINT('',(-3.320594177123,43.693721971292,
    19.350619749997));
#81 = CARTESIAN_POINT('',(-3.313393429032,43.697232213409,
    19.354938698616));
#82 = CARTESIAN_POINT('',(-3.247377288174,43.729160836847,
    19.394748151467));
#83 = CARTESIAN_POINT('',(-3.188855730327,43.755620368436,
    19.431592725941));
#84 = CARTESIAN_POINT('',(-3.13073262799,43.780159607884,19.469850988585
    ));
#85 = CARTESIAN_POINT('',(-3.073174647836,43.802808253283,19.50958222065
    ));
#86 = CARTESIAN_POINT('',(-3.016526403946,43.823555154679,
    19.550952092735));
#87 = CARTESIAN_POINT('',(-2.961214805883,43.842384398688,
    19.594143751254));
#88 = CARTESIAN_POINT('',(-2.881043183911,43.867852959335,
    19.663416430603));
#89 = CARTESIAN_POINT('',(-2.854490737021,43.875954259932,
    19.687580127765));
#90 = CARTESIAN_POINT('',(-2.828718152167,43.883509709501,
    19.712503003364));
#91 = CARTESIAN_POINT('',(-2.803932397519,43.89049105314,19.738314411367
    ));
#92 = CARTESIAN_POINT('',(-2.780479467254,43.896845481256,
    19.765135131778));
#93 = CARTESIAN_POINT('',(-2.758883507412,43.902495301999,
    19.793101895749));
#94 = CARTESIAN_POINT('',(-2.734293426126,43.908753478618,
    19.831094400902));
#95 = CARTESIAN_POINT('',(-2.728905949168,43.910111099974,
    19.839892331237));
#96 = CARTESIAN_POINT('',(-2.723772210491,43.91139267363,19.84880739035)
  );
#97 = CARTESIAN_POINT('',(-2.718916026892,43.912594369811,
    19.857841030184));
#98 = CARTESIAN_POINT('',(-2.714363342327,43.913711963847,
    19.866992907024));
#99 = CARTESIAN_POINT('',(-2.710141344528,43.914740996286,19.87626055381
    ));
#100 = CARTESIAN_POINT('',(-2.704391397853,43.916133831819,
    19.890217379939));
#101 = CARTESIAN_POINT('',(-2.702590582981,43.91656854215,
    19.894822028891));
#102 = CARTESIAN_POINT('',(-2.700878418448,43.916980520691,
    19.899452356629));
#103 = CARTESIAN_POINT('',(-2.699258105997,43.917369235832,
    19.90410752259));
#104 = CARTESIAN_POINT('',(-2.697732767675,43.917734167667,
    19.908786488343));
#105 = CARTESIAN_POINT('',(-2.696305445824,43.918074807996,
    19.913488017582));
#106 = CARTESIAN_POINT('',(-2.692351668067,43.919016351895,
    19.927566084926));
#107 = CARTESIAN_POINT('',(-2.690120113184,43.919544849171,
    19.937005291309));
#108 = CARTESIAN_POINT('',(-2.68830747771,43.919972265863,
    19.946515583285));
#109 = CARTESIAN_POINT('',(-2.686933276238,43.920295314075,
    19.95608230582));
#110 = CARTESIAN_POINT('',(-2.68601196926,43.920511557679,
    19.965688691062));
#111 = CARTESIAN_POINT('',(-2.685551433752,43.920619665701,
    19.975315688556));
#112 = CARTESIAN_POINT('',(-2.685551433752,43.920619665701,
    19.996314169412));
#113 = CARTESIAN_POINT('',(-2.686194215149,43.920468770579,
    20.007688232672));
#114 = CARTESIAN_POINT('',(-2.687480254197,43.920166931865,
    20.019027798977));
#115 = CARTESIAN_POINT('',(-2.689394000808,43.919716773009,
    20.030302039317));
#116 = CARTESIAN_POINT('',(-2.691907657808,43.919122966871,
    20.041484995007));
#117 = CARTESIAN_POINT('',(-2.694984960204,43.918391613216,
    20.052555090745));
#118 = CARTESIAN_POINT('',(-2.700558243774,43.917057123918,
    20.06949102143));
#119 = CARTESIAN_POINT('',(-2.702688863328,43.916545319794,
    20.075448735941));
#120 = CARTESIAN_POINT('',(-2.704970082629,43.915995326827,
    20.081365463083));
#121 = CARTESIAN_POINT('',(-2.707395174327,43.915408262378,
    20.087239344752));
#122 = CARTESIAN_POINT('',(-2.709957414189,43.914785238179,
    20.093068992862));
#123 = CARTESIAN_POINT('',(-2.7126500811,43.914127360332,20.098853489338
    ));
#124 = CARTESIAN_POINT('',(-2.722522459812,43.911702952699,
    20.118970321438));
#125 = CARTESIAN_POINT('',(-2.730354000896,43.909758632144,
    20.133058369754));
#126 = CARTESIAN_POINT('',(-2.738859365072,43.907619142765,
    20.146854989062));
#127 = CARTESIAN_POINT('',(-2.74794631114,43.905299348424,
    20.160365312146));
#128 = CARTESIAN_POINT('',(-2.757534384797,43.902812075348,
    20.173600096008));
#129 = CARTESIAN_POINT('',(-2.7675572315,43.90016758577,20.186574671297)
  );
#130 = CARTESIAN_POINT('',(-2.777964909322,43.897373051553,
    20.199307891738));
#131 = ORIENTED_EDGE('',*,*,#132,.F.);
#132 = EDGE_CURVE('',#24,#72,#133,.T.);
#133 = ELLIPSE('',#134,4.575952330731,3.);
#134 = AXIS2_PLACEMENT_3D('',#135,#136,#137);
#135 = CARTESIAN_POINT('',(-2.,41.,16.247496255593));
#136 = DIRECTION('',(0.,0.755107290704,-0.655601235147));
#137 = DIRECTION('',(0.,-0.655601235147,-0.755107290704));
#138 = CYLINDRICAL_SURFACE('',#139,3.);
#139 = AXIS2_PLACEMENT_3D('',#140,#141,#142);
#140 = CARTESIAN_POINT('',(-2.,41.,0.));
#141 = DIRECTION('',(-0.,-0.,-1.));
#142 = DIRECTION('',(1.,0.,0.));
#143 = ADVANCED_FACE('',(#144),#161,.T.);
#144 = FACE_BOUND('',#145,.T.);
#145 = EDGE_LOOP('',(#146,#147,#155));
#146 = ORIENTED_EDGE('',*,*,#21,.F.);
#147 = ORIENTED_EDGE('',*,*,#148,.F.);
#148 = EDGE_CURVE('',#149,#22,#151,.T.);
#149 = VERTEX_POINT('',#150);
#150 = CARTESIAN_POINT('',(-5.,27.240845179143,0.4));
#151 = LINE('',#152,#153);
#152 = CARTESIAN_POINT('',(-5.,26.893556128583,0.4));
#153 = VECTOR('',#154,1.);
#154 = DIRECTION('',(0.,1.,0.));
#155 = ORIENTED_EDGE('',*,*,#156,.T.);
#156 = EDGE_CURVE('',#149,#24,#157,.T.);
#157 = LINE('',#158,#159);
#158 = CARTESIAN_POINT('',(-5.,23.588390868978,-3.806817697575));
#159 = VECTOR('',#160,1.);
#160 = DIRECTION('',(0.,0.655601235147,0.755107290704));
#161 = PLANE('',#162);
#162 = AXIS2_PLACEMENT_3D('',#163,#164,#165);
#163 = CARTESIAN_POINT('',(-5.,37.852337346027,7.441732269424));
#164 = DIRECTION('',(-1.,-0.,-0.));
#165 = DIRECTION('',(0.,0.,-1.));
#166 = ADVANCED_FACE('',(#167),#193,.T.);
#167 = FACE_BOUND('',#168,.T.);
#168 = EDGE_LOOP('',(#169,#177,#178,#186));
#169 = ORIENTED_EDGE('',*,*,#170,.F.);
#170 = EDGE_CURVE('',#22,#171,#173,.T.);
#171 = VERTEX_POINT('',#172);
#172 = CARTESIAN_POINT('',(-4.6,41.,0.));
#173 = LINE('',#174,#175);
#174 = CARTESIAN_POINT('',(-4.8,41.,0.2));
#175 = VECTOR('',#176,1.);
#176 = DIRECTION('',(0.707106781187,0.,-0.707106781187));
#177 = ORIENTED_EDGE('',*,*,#31,.T.);
#178 = ORIENTED_EDGE('',*,*,#179,.T.);
#179 = EDGE_CURVE('',#32,#180,#182,.T.);
#180 = VERTEX_POINT('',#181);
#181 = CARTESIAN_POINT('',(-2.,43.6,0.));
#182 = LINE('',#183,#184);
#183 = CARTESIAN_POINT('',(-2.,44.,0.4));
#184 = VECTOR('',#185,1.);
#185 = DIRECTION('',(-1.7E-16,-0.707106781187,-0.707106781187));
#186 = ORIENTED_EDGE('',*,*,#187,.F.);
#187 = EDGE_CURVE('',#171,#180,#188,.T.);
#188 = CIRCLE('',#189,2.6);
#189 = AXIS2_PLACEMENT_3D('',#190,#191,#192);
#190 = CARTESIAN_POINT('',(-2.,41.,-9.E-17));
#191 = DIRECTION('',(0.,0.,-1.));
#192 = DIRECTION('',(-1.,4.74E-15,0.));
#193 = CONICAL_SURFACE('',#194,3.,0.785398163397);
#194 = AXIS2_PLACEMENT_3D('',#195,#196,#197);
#195 = CARTESIAN_POINT('',(-2.,41.,0.4));
#196 = DIRECTION('',(-0.,-0.,1.));
#197 = DIRECTION('',(-1.,4.74E-15,0.));
#198 = ADVANCED_FACE('',(#199),#233,.T.);
#199 = FACE_BOUND('',#200,.T.);
#200 = EDGE_LOOP('',(#201,#211,#217,#218,#219,#227));
#201 = ORIENTED_EDGE('',*,*,#202,.F.);
#202 = EDGE_CURVE('',#203,#205,#207,.T.);
#203 = VERTEX_POINT('',#204);
#204 = CARTESIAN_POINT('',(-5.1,43.675726956405,19.329340560327));
#205 = VERTEX_POINT('',#206);
#206 = CARTESIAN_POINT('',(-5.1,27.155796622642,0.302042916282));
#207 = LINE('',#208,#209);
#208 = CARTESIAN_POINT('',(-5.1,43.995389733365,19.69752121727));
#209 = VECTOR('',#210,1.);
#210 = DIRECTION('',(-0.,-0.655601235147,-0.755107290704));
#211 = ORIENTED_EDGE('',*,*,#212,.F.);
#212 = EDGE_CURVE('',#72,#203,#213,.T.);
#213 = LINE('',#214,#215);
#214 = CARTESIAN_POINT('',(-2.166253857853,43.675726956405,
    19.329340560327));
#215 = VECTOR('',#216,1.);
#216 = DIRECTION('',(-1.,-0.,-0.));
#217 = ORIENTED_EDGE('',*,*,#132,.F.);
#218 = ORIENTED_EDGE('',*,*,#156,.F.);
#219 = ORIENTED_EDGE('',*,*,#220,.F.);
#220 = EDGE_CURVE('',#221,#149,#223,.T.);
#221 = VERTEX_POINT('',#222);
#222 = CARTESIAN_POINT('',(-4.902042916281,27.155796622642,
    0.302042916281));
#223 = LINE('',#224,#225);
#224 = CARTESIAN_POINT('',(-8.080762658644,29.915633025938,
    3.480762658644));
#225 = VECTOR('',#226,1.);
#226 = DIRECTION('',(-0.602605334574,0.523195586265,0.602605334574));
#227 = ORIENTED_EDGE('',*,*,#228,.F.);
#228 = EDGE_CURVE('',#205,#221,#229,.T.);
#229 = LINE('',#230,#231);
#230 = CARTESIAN_POINT('',(-5.1,27.155796622642,0.302042916281));
#231 = VECTOR('',#232,1.);
#232 = DIRECTION('',(1.,0.,0.));
#233 = PLANE('',#234);
#234 = AXIS2_PLACEMENT_3D('',#235,#236,#237);
#235 = CARTESIAN_POINT('',(-4.877317228379,36.048702565654,
    10.54469920354));
#236 = DIRECTION('',(-1.2E-15,0.755107290704,-0.655601235147));
#237 = DIRECTION('',(0.,0.655601235147,0.755107290704));
#238 = ADVANCED_FACE('',(#239),#264,.T.);
#239 = FACE_BOUND('',#240,.T.);
#240 = EDGE_LOOP('',(#241,#242,#250,#258));
#241 = ORIENTED_EDGE('',*,*,#40,.T.);
#242 = ORIENTED_EDGE('',*,*,#243,.T.);
#243 = EDGE_CURVE('',#41,#244,#246,.T.);
#244 = VERTEX_POINT('',#245);
#245 = CARTESIAN_POINT('',(2.,44.,5.7));
#246 = LINE('',#247,#248);
#247 = CARTESIAN_POINT('',(-2.,44.,5.7));
#248 = VECTOR('',#249,1.);
#249 = DIRECTION('',(1.,0.,0.));
#250 = ORIENTED_EDGE('',*,*,#251,.F.);
#251 = EDGE_CURVE('',#252,#244,#254,.T.);
#252 = VERTEX_POINT('',#253);
#253 = CARTESIAN_POINT('',(2.,44.,0.4));
#254 = LINE('',#255,#256);
#255 = CARTESIAN_POINT('',(2.,44.,0.));
#256 = VECTOR('',#257,1.);
#257 = DIRECTION('',(0.,0.,1.));
#258 = ORIENTED_EDGE('',*,*,#259,.F.);
#259 = EDGE_CURVE('',#32,#252,#260,.T.);
#260 = LINE('',#261,#262);
#261 = CARTESIAN_POINT('',(-2.,44.,0.4));
#262 = VECTOR('',#263,1.);
#263 = DIRECTION('',(1.,0.,0.));
#264 = PLANE('',#265);
#265 = AXIS2_PLACEMENT_3D('',#266,#267,#268);
#266 = CARTESIAN_POINT('',(-2.,44.,0.));
#267 = DIRECTION('',(0.,1.,0.));
#268 = DIRECTION('',(1.,0.,0.));
#269 = ADVANCED_FACE('',(#270),#289,.T.);
#270 = FACE_BOUND('',#271,.F.);
#271 = EDGE_LOOP('',(#272,#273,#281,#288));
#272 = ORIENTED_EDGE('',*,*,#71,.T.);
#273 = ORIENTED_EDGE('',*,*,#274,.T.);
#274 = EDGE_CURVE('',#58,#275,#277,.T.);
#275 = VERTEX_POINT('',#276);
#276 = CARTESIAN_POINT('',(-5.1,43.897373051553,20.199307891738));
#277 = LINE('',#278,#279);
#278 = CARTESIAN_POINT('',(-2.166253857853,43.897373051553,
    20.199307891738));
#279 = VECTOR('',#280,1.);
#280 = DIRECTION('',(-1.,-0.,-0.));
#281 = ORIENTED_EDGE('',*,*,#282,.F.);
#282 = EDGE_CURVE('',#203,#275,#283,.T.);
#283 = CIRCLE('',#284,1.);
#284 = AXIS2_PLACEMENT_3D('',#285,#286,#287);
#285 = CARTESIAN_POINT('',(-5.1,42.920619665701,19.984941795474));
#286 = DIRECTION('',(1.,-0.,0.));
#287 = DIRECTION('',(0.,0.755107290704,-0.655601235147));
#288 = ORIENTED_EDGE('',*,*,#212,.F.);
#289 = CYLINDRICAL_SURFACE('',#290,1.);
#290 = AXIS2_PLACEMENT_3D('',#291,#292,#293);
#291 = CARTESIAN_POINT('',(-2.166253857853,42.920619665701,
    19.984941795474));
#292 = DIRECTION('',(-1.,-0.,-0.));
#293 = DIRECTION('',(0.,0.755107290704,-0.655601235147));
#294 = ADVANCED_FACE('',(#295),#314,.F.);
#295 = FACE_BOUND('',#296,.F.);
#296 = EDGE_LOOP('',(#297,#306,#312,#313));
#297 = ORIENTED_EDGE('',*,*,#298,.T.);
#298 = EDGE_CURVE('',#244,#299,#301,.T.);
#299 = VERTEX_POINT('',#300);
#300 = CARTESIAN_POINT('',(2.166253857853,43.995389733365,19.69752121727
    ));
#301 = ELLIPSE('',#302,9.108489650244E+03,3.);
#302 = AXIS2_PLACEMENT_3D('',#303,#304,#305);
#303 = CARTESIAN_POINT('',(2.,41.,9.1141891562E+03));
#304 = DIRECTION('',(0.,-0.99999994576,-3.293630574548E-04));
#305 = DIRECTION('',(0.,3.293630574548E-04,-0.99999994576));
#306 = ORIENTED_EDGE('',*,*,#307,.T.);
#307 = EDGE_CURVE('',#299,#49,#308,.T.);
#308 = LINE('',#309,#310);
#309 = CARTESIAN_POINT('',(6.9,43.995389733365,19.69752121727));
#310 = VECTOR('',#311,1.);
#311 = DIRECTION('',(-1.,0.,0.));
#312 = ORIENTED_EDGE('',*,*,#48,.T.);
#313 = ORIENTED_EDGE('',*,*,#243,.T.);
#314 = PLANE('',#315);
#315 = AXIS2_PLACEMENT_3D('',#316,#317,#318);
#316 = CARTESIAN_POINT('',(5.,43.995389733365,19.69752121727));
#317 = DIRECTION('',(0.,-0.99999994576,-3.293630574548E-04));
#318 = DIRECTION('',(0.,3.293630574548E-04,-0.99999994576));
#319 = ADVANCED_FACE('',(#320,#356),#514,.T.);
#320 = FACE_BOUND('',#321,.T.);
#321 = EDGE_LOOP('',(#322,#332,#341,#349));
#322 = ORIENTED_EDGE('',*,*,#323,.F.);
#323 = EDGE_CURVE('',#324,#326,#328,.T.);
#324 = VERTEX_POINT('',#325);
#325 = CARTESIAN_POINT('',(-5.3,35.484943760689,28.621057806163));
#326 = VERTEX_POINT('',#327);
#327 = CARTESIAN_POINT('',(5.3,35.484943760689,28.621057806163));
#328 = LINE('',#329,#330);
#329 = CARTESIAN_POINT('',(-5.1,35.484943760689,28.621057806163));
#330 = VECTOR('',#331,1.);
#331 = DIRECTION('',(1.,0.,0.));
#332 = ORIENTED_EDGE('',*,*,#333,.F.);
#333 = EDGE_CURVE('',#334,#324,#336,.T.);
#334 = VERTEX_POINT('',#335);
#335 = CARTESIAN_POINT('',(-5.3,43.453713947056,21.702391225793));
#336 = CIRCLE('',#337,11.04999999969);
#337 = AXIS2_PLACEMENT_3D('',#338,#339,#340);
#338 = CARTESIAN_POINT('',(-5.3,33.104248138196,17.830562528086));
#339 = DIRECTION('',(1.,0.,-0.));
#340 = DIRECTION('',(0.,0.930108155828,0.367285744975));
#341 = ORIENTED_EDGE('',*,*,#342,.T.);
#342 = EDGE_CURVE('',#334,#343,#345,.T.);
#343 = VERTEX_POINT('',#344);
#344 = CARTESIAN_POINT('',(5.3,43.453713947056,21.702391225793));
#345 = LINE('',#346,#347);
#346 = CARTESIAN_POINT('',(-5.1,43.453713947056,21.702391225793));
#347 = VECTOR('',#348,1.);
#348 = DIRECTION('',(1.,0.,0.));
#349 = ORIENTED_EDGE('',*,*,#350,.T.);
#350 = EDGE_CURVE('',#343,#326,#351,.T.);
#351 = CIRCLE('',#352,11.04999999969);
#352 = AXIS2_PLACEMENT_3D('',#353,#354,#355);
#353 = CARTESIAN_POINT('',(5.3,33.104248138196,17.830562528086));
#354 = DIRECTION('',(1.,0.,-0.));
#355 = DIRECTION('',(0.,0.930108155828,0.367285744975));
#356 = FACE_BOUND('',#357,.T.);
#357 = EDGE_LOOP('',(#358,#359,#360,#378,#388,#397,#407,#423,#431,#446,
    #456,#465,#475,#493,#501,#513));
#358 = ORIENTED_EDGE('',*,*,#57,.T.);
#359 = ORIENTED_EDGE('',*,*,#274,.T.);
#360 = ORIENTED_EDGE('',*,*,#361,.T.);
#361 = EDGE_CURVE('',#275,#362,#364,.T.);
#362 = VERTEX_POINT('',#363);
#363 = CARTESIAN_POINT('',(-5.924804992717,43.543714386471,
    21.452722718395));
#364 = ( BOUNDED_CURVE() B_SPLINE_CURVE(12,(#365,#366,#367,#368,#369,
    #370,#371,#372,#373,#374,#375,#376,#377),.UNSPECIFIED.,.F.,.F.) 
B_SPLINE_CURVE_WITH_KNOTS((13,13),(2.933746142147,5.515009832539),
.PIECEWISE_BEZIER_KNOTS.) CURVE() GEOMETRIC_REPRESENTATION_ITEM() 
RATIONAL_B_SPLINE_CURVE((1.,1.,1.,1.,1.000000000001,0.999999999999,
    1.000000000001,0.999999999999,1.000000000001,1.,1.,1.,1.)) 
REPRESENTATION_ITEM('') );
#365 = CARTESIAN_POINT('',(-5.1,43.897373051553,20.199307891738));
#366 = CARTESIAN_POINT('',(-5.222018890991,43.897373051553,
    20.199307891738));
#367 = CARTESIAN_POINT('',(-5.343987516067,43.891630147178,
    20.225495396523));
#368 = CARTESIAN_POINT('',(-5.462118352385,43.880042456743,
    20.278131229226));
#369 = CARTESIAN_POINT('',(-5.572985087023,43.863231612519,
    20.354047237637));
#370 = CARTESIAN_POINT('',(-5.673944070332,43.83924766181,
    20.456303970281));
#371 = CARTESIAN_POINT('',(-5.761010368444,43.812537828985,
    20.568244476228));
#372 = CARTESIAN_POINT('',(-5.834527653351,43.775584987676,20.7094078939
    ));
#373 = CARTESIAN_POINT('',(-5.888724847276,43.738402015806,
    20.845174944057));
#374 = CARTESIAN_POINT('',(-5.927556254706,43.693106422243,
    20.999679765421));
#375 = CARTESIAN_POINT('',(-5.945813534205,43.645098010101,
    21.153265086424));
#376 = CARTESIAN_POINT('',(-5.944683541468,43.594517251879,
    21.306303241932));
#377 = CARTESIAN_POINT('',(-5.924804992717,43.543714386471,
    21.452722718395));
#378 = ORIENTED_EDGE('',*,*,#379,.T.);
#379 = EDGE_CURVE('',#362,#380,#382,.T.);
#380 = VERTEX_POINT('',#381);
#381 = CARTESIAN_POINT('',(-5.9,43.422918092307,21.783732189417));
#382 = ( BOUNDED_CURVE() B_SPLINE_CURVE(4,(#383,#384,#385,#386,#387),
.UNSPECIFIED.,.F.,.F.) B_SPLINE_CURVE_WITH_KNOTS((5,5),(5.515009832539,
6.040629802163),.PIECEWISE_BEZIER_KNOTS.) CURVE() 
GEOMETRIC_REPRESENTATION_ITEM() RATIONAL_B_SPLINE_CURVE((1.,1.,1.,1.,1.)
) REPRESENTATION_ITEM('') );
#383 = CARTESIAN_POINT('',(-5.924804992717,43.543714386471,
    21.452722718395));
#384 = CARTESIAN_POINT('',(-5.912661449735,43.512679586728,
    21.542168443438));
#385 = CARTESIAN_POINT('',(-5.904445555252,43.482532018085,
    21.625759944994));
#386 = CARTESIAN_POINT('',(-5.9,43.452871875452,21.705546017654));
#387 = CARTESIAN_POINT('',(-5.9,43.422918092307,21.783732189417));
#388 = ORIENTED_EDGE('',*,*,#389,.T.);
#389 = EDGE_CURVE('',#380,#390,#392,.T.);
#390 = VERTEX_POINT('',#391);
#391 = CARTESIAN_POINT('',(-5.9,35.569802268986,28.601985034946));
#392 = CIRCLE('',#393,11.04999999969);
#393 = AXIS2_PLACEMENT_3D('',#394,#395,#396);
#394 = CARTESIAN_POINT('',(-5.9,33.104248138196,17.830562528086));
#395 = DIRECTION('',(1.,0.,-0.));
#396 = DIRECTION('',(0.,0.933816285466,0.357752910538));
#397 = ORIENTED_EDGE('',*,*,#398,.T.);
#398 = EDGE_CURVE('',#390,#399,#401,.T.);
#399 = VERTEX_POINT('',#400);
#400 = CARTESIAN_POINT('',(-5.924805328486,35.225115160645,
    28.675119829619));
#401 = ( BOUNDED_CURVE() B_SPLINE_CURVE(4,(#402,#403,#404,#405,#406),
.UNSPECIFIED.,.F.,.F.) B_SPLINE_CURVE_WITH_KNOTS((5,5),(16.8686867124,
17.394031871642),.PIECEWISE_BEZIER_KNOTS.) CURVE() 
GEOMETRIC_REPRESENTATION_ITEM() RATIONAL_B_SPLINE_CURVE((1.,1.,1.,1.,1.)
) REPRESENTATION_ITEM('') );
#402 = CARTESIAN_POINT('',(-5.9,35.569802268986,28.601985034946));
#403 = CARTESIAN_POINT('',(-5.9,35.488302258042,28.62064020222));
#404 = CARTESIAN_POINT('',(-5.904435102478,35.405102940512,
    28.638818082297));
#405 = CARTESIAN_POINT('',(-5.91265851696,35.318056801525,
    28.656943259043));
#406 = CARTESIAN_POINT('',(-5.924805328486,35.225115160645,
    28.675119829619));
#407 = ORIENTED_EDGE('',*,*,#408,.T.);
#408 = EDGE_CURVE('',#399,#409,#411,.T.);
#409 = VERTEX_POINT('',#410);
#410 = CARTESIAN_POINT('',(-5.1,33.934464917461,28.849330158478));
#411 = ( BOUNDED_CURVE() B_SPLINE_CURVE(10,(#412,#413,#414,#415,#416,
    #417,#418,#419,#420,#421,#422),.UNSPECIFIED.,.F.,.F.) 
B_SPLINE_CURVE_WITH_KNOTS((11,11),(17.394031871642,19.9755703794),
.PIECEWISE_BEZIER_KNOTS.) CURVE() GEOMETRIC_REPRESENTATION_ITEM() 
RATIONAL_B_SPLINE_CURVE((1.,1.,1.,1.,1.,1.,1.,1.,1.,1.,1.)) 
REPRESENTATION_ITEM('') );
#412 = CARTESIAN_POINT('',(-5.924805328486,35.225115160645,
    28.675119829619));
#413 = CARTESIAN_POINT('',(-5.94868103089,35.042429609491,
    28.710847591495));
#414 = CARTESIAN_POINT('',(-5.945013392142,34.850311597346,
    28.744862291769));
#415 = CARTESIAN_POINT('',(-5.912335947194,34.659579680964,
    28.774541907213));
#416 = CARTESIAN_POINT('',(-5.851226692764,34.475137688834,
    28.79909716939));
#417 = CARTESIAN_POINT('',(-5.766067408292,34.311684733603,
    28.817384159201));
#418 = CARTESIAN_POINT('',(-5.659086006806,34.16596980699,
    28.831297939993));
#419 = CARTESIAN_POINT('',(-5.531942268489,34.052078433466,
    28.840437987887));
#420 = CARTESIAN_POINT('',(-5.392691789931,33.973653965269,28.8463827223
    ));
#421 = CARTESIAN_POINT('',(-5.246292447192,33.934464917461,
    28.849330158478));
#422 = CARTESIAN_POINT('',(-5.1,33.934464917461,28.849330158478));
#423 = ORIENTED_EDGE('',*,*,#424,.T.);
#424 = EDGE_CURVE('',#409,#425,#427,.T.);
#425 = VERTEX_POINT('',#426);
#426 = CARTESIAN_POINT('',(5.1,33.934464917462,28.849330158478));
#427 = LINE('',#428,#429);
#428 = CARTESIAN_POINT('',(-5.1,33.934464917462,28.849330158478));
#429 = VECTOR('',#430,1.);
#430 = DIRECTION('',(1.,0.,0.));
#431 = ORIENTED_EDGE('',*,*,#432,.T.);
#432 = EDGE_CURVE('',#425,#433,#435,.T.);
#433 = VERTEX_POINT('',#434);
#434 = CARTESIAN_POINT('',(5.924803155615,35.225105155734,
    28.675121786272));
#435 = ( BOUNDED_CURVE() B_SPLINE_CURVE(9,(#436,#437,#438,#439,#440,#441
    ,#442,#443,#444,#445),.UNSPECIFIED.,.F.,.F.) 
B_SPLINE_CURVE_WITH_KNOTS((10,10),(30.1755703794,32.757140411618),
.PIECEWISE_BEZIER_KNOTS.) CURVE() GEOMETRIC_REPRESENTATION_ITEM() 
RATIONAL_B_SPLINE_CURVE((1.,1.,1.,1.,1.,1.,1.,1.,1.,1.)) 
REPRESENTATION_ITEM('') );
#436 = CARTESIAN_POINT('',(5.1,33.934464917466,28.849330158478));
#437 = CARTESIAN_POINT('',(5.262556428182,33.934464917466,
    28.849330158478));
#438 = CARTESIAN_POINT('',(5.4250737725,33.983420616621,28.845647768453)
  );
#439 = CARTESIAN_POINT('',(5.57829115533,34.081507368547,28.838217904634
    ));
#440 = CARTESIAN_POINT('',(5.712203149319,34.222916878393,
    28.826563852379));
#441 = CARTESIAN_POINT('',(5.820152840729,34.398150933202,
    28.808574850182));
#442 = CARTESIAN_POINT('',(5.898662620152,34.594736563801,
    28.784266777072));
#443 = CARTESIAN_POINT('',(5.943487951438,34.807682588747,
    28.752323060618));
#444 = CARTESIAN_POINT('',(5.951329178411,35.022111345164,
    28.714821034293));
#445 = CARTESIAN_POINT('',(5.924803155615,35.225105155734,
    28.675121786272));
#446 = ORIENTED_EDGE('',*,*,#447,.T.);
#447 = EDGE_CURVE('',#433,#448,#450,.T.);
#448 = VERTEX_POINT('',#449);
#449 = CARTESIAN_POINT('',(5.9,35.56980226899,28.601985034945));
#450 = ( BOUNDED_CURVE() B_SPLINE_CURVE(4,(#451,#452,#453,#454,#455),
.UNSPECIFIED.,.F.,.F.) B_SPLINE_CURVE_WITH_KNOTS((5,5),(32.757140411618,
33.282454045107),.PIECEWISE_BEZIER_KNOTS.) CURVE() 
GEOMETRIC_REPRESENTATION_ITEM() RATIONAL_B_SPLINE_CURVE((1.,1.,1.,1.,1.)
) REPRESENTATION_ITEM('') );
#451 = CARTESIAN_POINT('',(5.924803155615,35.225105155734,
    28.675121786272));
#452 = CARTESIAN_POINT('',(5.912658382165,35.318044600905,
    28.656945734133));
#453 = CARTESIAN_POINT('',(5.904437319863,35.405145915558,
    28.638809047001));
#454 = CARTESIAN_POINT('',(5.9,35.488306847144,28.620639151785));
#455 = CARTESIAN_POINT('',(5.9,35.56980226899,28.601985034945));
#456 = ORIENTED_EDGE('',*,*,#457,.T.);
#457 = EDGE_CURVE('',#448,#458,#460,.T.);
#458 = VERTEX_POINT('',#459);
#459 = CARTESIAN_POINT('',(5.9,43.422918092307,21.783732189417));
#460 = CIRCLE('',#461,11.04999999969);
#461 = AXIS2_PLACEMENT_3D('',#462,#463,#464);
#462 = CARTESIAN_POINT('',(5.9,33.104248138196,17.830562528086));
#463 = DIRECTION('',(-1.,-2.4E-16,2.6E-16));
#464 = DIRECTION('',(1.998947385027E-16,0.223127070666,0.974789367164));
#465 = ORIENTED_EDGE('',*,*,#466,.T.);
#466 = EDGE_CURVE('',#458,#467,#469,.T.);
#467 = VERTEX_POINT('',#468);
#468 = CARTESIAN_POINT('',(5.924804992717,43.543714386471,
    21.452722718395));
#469 = ( BOUNDED_CURVE() B_SPLINE_CURVE(4,(#470,#471,#472,#473,#474),
.UNSPECIFIED.,.F.,.F.) B_SPLINE_CURVE_WITH_KNOTS((5,5),(44.110510955341,
44.636130924964),.PIECEWISE_BEZIER_KNOTS.) CURVE() 
GEOMETRIC_REPRESENTATION_ITEM() RATIONAL_B_SPLINE_CURVE((1.,1.,1.,1.,1.)
) REPRESENTATION_ITEM('') );
#470 = CARTESIAN_POINT('',(5.9,43.422918092307,21.783732189417));
#471 = CARTESIAN_POINT('',(5.9,43.452871875452,21.705546017654));
#472 = CARTESIAN_POINT('',(5.904445555252,43.482532018085,
    21.625759944994));
#473 = CARTESIAN_POINT('',(5.912661449735,43.512679586728,
    21.542168443438));
#474 = CARTESIAN_POINT('',(5.924804992717,43.543714386471,
    21.452722718395));
#475 = ORIENTED_EDGE('',*,*,#476,.T.);
#476 = EDGE_CURVE('',#467,#477,#479,.T.);
#477 = VERTEX_POINT('',#478);
#478 = CARTESIAN_POINT('',(5.1,43.897373051553,20.199307891738));
#479 = ( BOUNDED_CURVE() B_SPLINE_CURVE(12,(#480,#481,#482,#483,#484,
    #485,#486,#487,#488,#489,#490,#491,#492),.UNSPECIFIED.,.F.,.F.) 
B_SPLINE_CURVE_WITH_KNOTS((13,13),(44.636130924964,47.217394615357),
.PIECEWISE_BEZIER_KNOTS.) CURVE() GEOMETRIC_REPRESENTATION_ITEM() 
RATIONAL_B_SPLINE_CURVE((1.,1.,1.000000000001,0.999999999998,
    1.000000000003,0.999999999996,1.000000000004,0.999999999997,
1.000000000002,0.999999999999,1.,1.,1.)) REPRESENTATION_ITEM('') );
#480 = CARTESIAN_POINT('',(5.924804992717,43.543714386471,
    21.452722718395));
#481 = CARTESIAN_POINT('',(5.944683541468,43.594517251878,
    21.306303241932));
#482 = CARTESIAN_POINT('',(5.945813534205,43.645098010102,
    21.153265086425));
#483 = CARTESIAN_POINT('',(5.927556254705,43.693106422243,
    20.999679765417));
#484 = CARTESIAN_POINT('',(5.88872484728,43.738402015805,20.845174944067
    ));
#485 = CARTESIAN_POINT('',(5.834527653345,43.775584987677,
    20.709407893884));
#486 = CARTESIAN_POINT('',(5.761010368449,43.812537828984,
    20.568244476243));
#487 = CARTESIAN_POINT('',(5.673944070329,43.839247661809,
    20.456303970271));
#488 = CARTESIAN_POINT('',(5.572985087024,43.863231612521,
    20.354047237642));
#489 = CARTESIAN_POINT('',(5.462118352385,43.880042456743,
    20.278131229224));
#490 = CARTESIAN_POINT('',(5.343987516067,43.891630147178,
    20.225495396524));
#491 = CARTESIAN_POINT('',(5.222018890991,43.897373051553,
    20.199307891738));
#492 = CARTESIAN_POINT('',(5.1,43.897373051553,20.199307891738));
#493 = ORIENTED_EDGE('',*,*,#494,.T.);
#494 = EDGE_CURVE('',#477,#495,#497,.T.);
#495 = VERTEX_POINT('',#496);
#496 = CARTESIAN_POINT('',(2.777964909322,43.897373051553,
    20.199307891738));
#497 = LINE('',#498,#499);
#498 = CARTESIAN_POINT('',(5.1,43.897373051553,20.199307891738));
#499 = VECTOR('',#500,1.);
#500 = DIRECTION('',(-1.,-0.,-0.));
#501 = ORIENTED_EDGE('',*,*,#502,.F.);
#502 = EDGE_CURVE('',#299,#495,#503,.T.);
#503 = B_SPLINE_CURVE_WITH_KNOTS('',8,(#504,#505,#506,#507,#508,#509,
    #510,#511,#512),.UNSPECIFIED.,.F.,.F.,(9,9),(0.,1.),
  .PIECEWISE_BEZIER_KNOTS.);
#504 = CARTESIAN_POINT('',(2.166253857854,43.995389733365,
    19.697521217269));
#505 = CARTESIAN_POINT('',(2.261624329489,43.99009636247,19.728400771418
    ));
#506 = CARTESIAN_POINT('',(2.34977454661,43.981722633385,19.776649585422
    ));
#507 = CARTESIAN_POINT('',(2.431778805661,43.971107717281,
    19.836184526612));
#508 = CARTESIAN_POINT('',(2.50848404265,43.958773353571,19.902516931502
    ));
#509 = CARTESIAN_POINT('',(2.580526945525,43.945109388379,
    19.972962867833));
#510 = CARTESIAN_POINT('',(2.648727131346,43.930350009569,
    20.045961894294));
#511 = CARTESIAN_POINT('',(2.714106914612,43.914519369331,
    20.121181153244));
#512 = CARTESIAN_POINT('',(2.777964909322,43.897373051553,
    20.199307891738));
#513 = ORIENTED_EDGE('',*,*,#307,.T.);
#514 = CYLINDRICAL_SURFACE('',#515,11.04999999969);
#515 = AXIS2_PLACEMENT_3D('',#516,#517,#518);
#516 = CARTESIAN_POINT('',(6.9,33.104248138196,17.830562528086));
#517 = DIRECTION('',(1.,0.,0.));
#518 = DIRECTION('',(0.,1.,0.));
#519 = ADVANCED_FACE('',(#520),#539,.T.);
#520 = FACE_BOUND('',#521,.T.);
#521 = EDGE_LOOP('',(#522,#530,#531,#532,#533));
#522 = ORIENTED_EDGE('',*,*,#523,.T.);
#523 = EDGE_CURVE('',#524,#221,#526,.T.);
#524 = VERTEX_POINT('',#525);
#525 = CARTESIAN_POINT('',(-4.6,26.493556128583,-4.E-15));
#526 = LINE('',#527,#528);
#527 = CARTESIAN_POINT('',(-4.794942245883,26.920974360455,
    0.194942245883));
#528 = VECTOR('',#529,1.);
#529 = DIRECTION('',(-0.383279022874,0.840353723886,0.383279022874));
#530 = ORIENTED_EDGE('',*,*,#220,.T.);
#531 = ORIENTED_EDGE('',*,*,#148,.T.);
#532 = ORIENTED_EDGE('',*,*,#170,.T.);
#533 = ORIENTED_EDGE('',*,*,#534,.F.);
#534 = EDGE_CURVE('',#524,#171,#535,.T.);
#535 = LINE('',#536,#537);
#536 = CARTESIAN_POINT('',(-4.6,26.893556128583,-4.E-17));
#537 = VECTOR('',#538,1.);
#538 = DIRECTION('',(0.,1.,0.));
#539 = PLANE('',#540);
#540 = AXIS2_PLACEMENT_3D('',#541,#542,#543);
#541 = CARTESIAN_POINT('',(-4.8,26.893556128583,0.2));
#542 = DIRECTION('',(-0.707106781187,0.,-0.707106781187));
#543 = DIRECTION('',(0.,1.,0.));
#544 = ADVANCED_FACE('',(#545,#738,#749),#760,.T.);
#545 = FACE_BOUND('',#546,.T.);
#546 = EDGE_LOOP('',(#547,#557,#580,#588,#603,#609,#610,#611,#619,#628,
    #636,#644,#659,#667,#690,#698,#706,#715,#723,#732));
#547 = ORIENTED_EDGE('',*,*,#548,.T.);
#548 = EDGE_CURVE('',#549,#551,#553,.T.);
#549 = VERTEX_POINT('',#550);
#550 = CARTESIAN_POINT('',(-4.6,8.75314449125,1.E-15));
#551 = VERTEX_POINT('',#552);
#552 = CARTESIAN_POINT('',(-5.1,8.75314449125,1.E-15));
#553 = LINE('',#554,#555);
#554 = CARTESIAN_POINT('',(-5.,8.75314449125,8.4E-16));
#555 = VECTOR('',#556,1.);
#556 = DIRECTION('',(-1.,0.,0.));
#557 = ORIENTED_EDGE('',*,*,#558,.T.);
#558 = EDGE_CURVE('',#551,#559,#561,.T.);
#559 = VERTEX_POINT('',#560);
#560 = CARTESIAN_POINT('',(-6.5,11.084200752319,0.));
#561 = B_SPLINE_CURVE_WITH_KNOTS('',9,(#562,#563,#564,#565,#566,#567,
    #568,#569,#570,#571,#572,#573,#574,#575,#576,#577,#578,#579),
  .UNSPECIFIED.,.F.,.F.,(10,8,10),(0.1,3.439490621613,3.749225126144),
  .UNSPECIFIED.);
#562 = CARTESIAN_POINT('',(-5.1,8.753144491245,-9.E-17));
#563 = CARTESIAN_POINT('',(-5.321703613926,8.753144491245,-9.E-17));
#564 = CARTESIAN_POINT('',(-5.543492680401,8.810898375893,-9.E-17));
#565 = CARTESIAN_POINT('',(-5.763985276672,8.925567751256,-9.E-17));
#566 = CARTESIAN_POINT('',(-5.986795435003,9.106353865091,-9.E-17));
#567 = CARTESIAN_POINT('',(-6.181551035236,9.360693624448,-9.E-17));
#568 = CARTESIAN_POINT('',(-6.338372394878,9.665668781452,-9.E-17));
#569 = CARTESIAN_POINT('',(-6.445506592694,10.009728807051,-9.E-17));
#570 = CARTESIAN_POINT('',(-6.497693652062,10.37162320549,-9.E-17));
#571 = CARTESIAN_POINT('',(-6.500222563757,10.77354207206,-9.E-17));
#572 = CARTESIAN_POINT('',(-6.500030231618,10.813503247793,-9.E-17));
#573 = CARTESIAN_POINT('',(-6.499977710105,10.852730734265,-9.E-17));
#574 = CARTESIAN_POINT('',(-6.500003412821,10.891229396017,-9.E-17));
#575 = CARTESIAN_POINT('',(-6.500007187436,10.92981683815,-9.E-17));
#576 = CARTESIAN_POINT('',(-6.499994679872,10.968493598892,-9.E-17));
#577 = CARTESIAN_POINT('',(-6.500001195591,11.007001295829,-9.E-17));
#578 = CARTESIAN_POINT('',(-6.5,11.045613080034,-9.E-17));
#579 = CARTESIAN_POINT('',(-6.5,11.084200752319,-9.E-17));
#580 = ORIENTED_EDGE('',*,*,#581,.T.);
#581 = EDGE_CURVE('',#559,#582,#584,.T.);
#582 = VERTEX_POINT('',#583);
#583 = CARTESIAN_POINT('',(-6.5,24.857077968628,0.));
#584 = LINE('',#585,#586);
#585 = CARTESIAN_POINT('',(-6.5,10.73691170176,-4.E-17));
#586 = VECTOR('',#587,1.);
#587 = DIRECTION('',(0.,1.,0.));
#588 = ORIENTED_EDGE('',*,*,#589,.T.);
#589 = EDGE_CURVE('',#582,#590,#592,.T.);
#590 = VERTEX_POINT('',#591);
#591 = CARTESIAN_POINT('',(-5.1,26.493556128583,0.));
#592 = B_SPLINE_CURVE_WITH_KNOTS('',9,(#593,#594,#595,#596,#597,#598,
    #599,#600,#601,#602),.UNSPECIFIED.,.F.,.F.,(10,10),(17.522810601282,
    20.47674936748),.PIECEWISE_BEZIER_KNOTS.);
#593 = CARTESIAN_POINT('',(-6.500000716118,24.856321071259,-9.E-17));
#594 = CARTESIAN_POINT('',(-6.499423100002,25.161575181237,-9.E-17));
#595 = CARTESIAN_POINT('',(-6.440439367285,25.457924671396,-9.E-17));
#596 = CARTESIAN_POINT('',(-6.327826169033,25.735267877017,-9.E-17));
#597 = CARTESIAN_POINT('',(-6.167814712281,25.983057263283,-9.E-17));
#598 = CARTESIAN_POINT('',(-5.97061302823,26.189233889332,-9.E-17));
#599 = CARTESIAN_POINT('',(-5.749347809474,26.345755826873,-9.E-17));
#600 = CARTESIAN_POINT('',(-5.520641358762,26.446140963777,-9.E-17));
#601 = CARTESIAN_POINT('',(-5.301067875013,26.493556128584,-9.E-17));
#602 = CARTESIAN_POINT('',(-5.1,26.493556128583,-9.E-17));
#603 = ORIENTED_EDGE('',*,*,#604,.T.);
#604 = EDGE_CURVE('',#590,#524,#605,.T.);
#605 = LINE('',#606,#607);
#606 = CARTESIAN_POINT('',(-5.1,26.493556128583,-3.6E-15));
#607 = VECTOR('',#608,1.);
#608 = DIRECTION('',(1.,0.,0.));
#609 = ORIENTED_EDGE('',*,*,#534,.T.);
#610 = ORIENTED_EDGE('',*,*,#187,.T.);
#611 = ORIENTED_EDGE('',*,*,#612,.T.);
#612 = EDGE_CURVE('',#180,#613,#615,.T.);
#613 = VERTEX_POINT('',#614);
#614 = CARTESIAN_POINT('',(2.,43.6,2.E-15));
#615 = LINE('',#616,#617);
#616 = CARTESIAN_POINT('',(-2.,43.6,-9.E-17));
#617 = VECTOR('',#618,1.);
#618 = DIRECTION('',(1.,0.,0.));
#619 = ORIENTED_EDGE('',*,*,#620,.T.);
#620 = EDGE_CURVE('',#613,#621,#623,.T.);
#621 = VERTEX_POINT('',#622);
#622 = CARTESIAN_POINT('',(4.6,41.,0.));
#623 = CIRCLE('',#624,2.6);
#624 = AXIS2_PLACEMENT_3D('',#625,#626,#627);
#625 = CARTESIAN_POINT('',(2.,41.,-9.E-17));
#626 = DIRECTION('',(0.,0.,-1.));
#627 = DIRECTION('',(7.E-17,1.,0.));
#628 = ORIENTED_EDGE('',*,*,#629,.T.);
#629 = EDGE_CURVE('',#621,#630,#632,.T.);
#630 = VERTEX_POINT('',#631);
#631 = CARTESIAN_POINT('',(4.6,26.493556128583,-2.E-15));
#632 = LINE('',#633,#634);
#633 = CARTESIAN_POINT('',(4.6,41.,-4.E-17));
#634 = VECTOR('',#635,1.);
#635 = DIRECTION('',(0.,-1.,0.));
#636 = ORIENTED_EDGE('',*,*,#637,.T.);
#637 = EDGE_CURVE('',#630,#638,#640,.T.);
#638 = VERTEX_POINT('',#639);
#639 = CARTESIAN_POINT('',(5.1,26.493556128583,-1.E-15));
#640 = LINE('',#641,#642);
#641 = CARTESIAN_POINT('',(5.,26.493556128583,-9.3E-16));
#642 = VECTOR('',#643,1.);
#643 = DIRECTION('',(1.,0.,0.));
#644 = ORIENTED_EDGE('',*,*,#645,.T.);
#645 = EDGE_CURVE('',#638,#646,#648,.T.);
#646 = VERTEX_POINT('',#647);
#647 = CARTESIAN_POINT('',(6.500000716118,24.856321071259,0.));
#648 = B_SPLINE_CURVE_WITH_KNOTS('',9,(#649,#650,#651,#652,#653,#654,
    #655,#656,#657,#658),.UNSPECIFIED.,.F.,.F.,(10,10),(0.1,
    3.053938766197),.PIECEWISE_BEZIER_KNOTS.);
#649 = CARTESIAN_POINT('',(5.1,26.493556128583,-9.E-17));
#650 = CARTESIAN_POINT('',(5.301067875013,26.493556128583,-9.E-17));
#651 = CARTESIAN_POINT('',(5.520641358763,26.446140963779,-9.E-17));
#652 = CARTESIAN_POINT('',(5.749347809472,26.345755826868,-9.E-17));
#653 = CARTESIAN_POINT('',(5.970613028232,26.18923388934,-9.E-17));
#654 = CARTESIAN_POINT('',(6.167814712278,25.983057263275,-9.E-17));
#655 = CARTESIAN_POINT('',(6.327826169034,25.735267877022,-9.E-17));
#656 = CARTESIAN_POINT('',(6.440439367284,25.457924671393,-9.E-17));
#657 = CARTESIAN_POINT('',(6.499423100002,25.161575181238,-9.E-17));
#658 = CARTESIAN_POINT('',(6.500000716118,24.856321071259,-9.E-17));
#659 = ORIENTED_EDGE('',*,*,#660,.T.);
#660 = EDGE_CURVE('',#646,#661,#663,.T.);
#661 = VERTEX_POINT('',#662);
#662 = CARTESIAN_POINT('',(6.5,11.084200752323,-1.E-15));
#663 = LINE('',#664,#665);
#664 = CARTESIAN_POINT('',(6.5,24.509788918069,-4.E-17));
#665 = VECTOR('',#666,1.);
#666 = DIRECTION('',(0.,-1.,0.));
#667 = ORIENTED_EDGE('',*,*,#668,.T.);
#668 = EDGE_CURVE('',#661,#669,#671,.T.);
#669 = VERTEX_POINT('',#670);
#670 = CARTESIAN_POINT('',(5.1,8.75314449125,0.));
#671 = B_SPLINE_CURVE_WITH_KNOTS('',9,(#672,#673,#674,#675,#676,#677,
    #678,#679,#680,#681,#682,#683,#684,#685,#686,#687,#688,#689),
  .UNSPECIFIED.,.F.,.F.,(10,8,10),(16.827524241331,17.137258745863,
    20.476749367476),.UNSPECIFIED.);
#672 = CARTESIAN_POINT('',(6.5,11.084200752323,-9.E-17));
#673 = CARTESIAN_POINT('',(6.5,11.045613080039,-9.E-17));
#674 = CARTESIAN_POINT('',(6.500001195591,11.007001295833,-9.E-17));
#675 = CARTESIAN_POINT('',(6.499994679872,10.968493598897,-9.E-17));
#676 = CARTESIAN_POINT('',(6.500007187436,10.929816838154,-9.E-17));
#677 = CARTESIAN_POINT('',(6.500003412821,10.891229396022,-9.E-17));
#678 = CARTESIAN_POINT('',(6.499977710105,10.852730734268,-9.E-17));
#679 = CARTESIAN_POINT('',(6.500030231618,10.813503247797,-9.E-17));
#680 = CARTESIAN_POINT('',(6.500222563757,10.773542072064,-9.E-17));
#681 = CARTESIAN_POINT('',(6.497693652061,10.371623205494,-9.E-17));
#682 = CARTESIAN_POINT('',(6.445506592695,10.009728807057,-9.E-17));
#683 = CARTESIAN_POINT('',(6.338372394876,9.665668781454,-9.E-17));
#684 = CARTESIAN_POINT('',(6.181551035239,9.360693624454,-9.E-17));
#685 = CARTESIAN_POINT('',(5.986795435,9.106353865093,-9.E-17));
#686 = CARTESIAN_POINT('',(5.763985276675,8.925567751261,-9.E-17));
#687 = CARTESIAN_POINT('',(5.5434926804,8.810898375897,-9.E-17));
#688 = CARTESIAN_POINT('',(5.321703613927,8.75314449125,-9.E-17));
#689 = CARTESIAN_POINT('',(5.1,8.75314449125,-9.E-17));
#690 = ORIENTED_EDGE('',*,*,#691,.T.);
#691 = EDGE_CURVE('',#669,#692,#694,.T.);
#692 = VERTEX_POINT('',#693);
#693 = CARTESIAN_POINT('',(4.6,8.75314449125,1.E-15));
#694 = LINE('',#695,#696);
#695 = CARTESIAN_POINT('',(5.1,8.75314449125,8.4E-16));
#696 = VECTOR('',#697,1.);
#697 = DIRECTION('',(-1.,0.,0.));
#698 = ORIENTED_EDGE('',*,*,#699,.T.);
#699 = EDGE_CURVE('',#692,#700,#702,.T.);
#700 = VERTEX_POINT('',#701);
#701 = CARTESIAN_POINT('',(4.6,0.,-1.E-15));
#702 = LINE('',#703,#704);
#703 = CARTESIAN_POINT('',(4.6,8.353144491249,-4.E-17));
#704 = VECTOR('',#705,1.);
#705 = DIRECTION('',(0.,-1.,0.));
#706 = ORIENTED_EDGE('',*,*,#707,.T.);
#707 = EDGE_CURVE('',#700,#708,#710,.T.);
#708 = VERTEX_POINT('',#709);
#709 = CARTESIAN_POINT('',(2.,-2.6,0.));
#710 = CIRCLE('',#711,2.6);
#711 = AXIS2_PLACEMENT_3D('',#712,#713,#714);
#712 = CARTESIAN_POINT('',(2.,0.,-9.E-17));
#713 = DIRECTION('',(0.,0.,-1.));
#714 = DIRECTION('',(1.,-2.8E-16,0.));
#715 = ORIENTED_EDGE('',*,*,#716,.T.);
#716 = EDGE_CURVE('',#708,#717,#719,.T.);
#717 = VERTEX_POINT('',#718);
#718 = CARTESIAN_POINT('',(-2.,-2.6,-0.));
#719 = LINE('',#720,#721);
#720 = CARTESIAN_POINT('',(2.,-2.6,-9.E-17));
#721 = VECTOR('',#722,1.);
#722 = DIRECTION('',(-1.,0.,0.));
#723 = ORIENTED_EDGE('',*,*,#724,.T.);
#724 = EDGE_CURVE('',#717,#725,#727,.T.);
#725 = VERTEX_POINT('',#726);
#726 = CARTESIAN_POINT('',(-4.6,0.,0.));
#727 = CIRCLE('',#728,2.6);
#728 = AXIS2_PLACEMENT_3D('',#729,#730,#731);
#729 = CARTESIAN_POINT('',(-2.,0.,-9.E-17));
#730 = DIRECTION('',(0.,0.,-1.));
#731 = DIRECTION('',(-1.5E-16,-1.,-0.));
#732 = ORIENTED_EDGE('',*,*,#733,.T.);
#733 = EDGE_CURVE('',#725,#549,#734,.T.);
#734 = LINE('',#735,#736);
#735 = CARTESIAN_POINT('',(-4.6,0.,-4.E-17));
#736 = VECTOR('',#737,1.);
#737 = DIRECTION('',(0.,1.,0.));
#738 = FACE_BOUND('',#739,.T.);
#739 = EDGE_LOOP('',(#740));
#740 = ORIENTED_EDGE('',*,*,#741,.T.);
#741 = EDGE_CURVE('',#742,#742,#744,.T.);
#742 = VERTEX_POINT('',#743);
#743 = CARTESIAN_POINT('',(2.45,3.,0.));
#744 = CIRCLE('',#745,2.45);
#745 = AXIS2_PLACEMENT_3D('',#746,#747,#748);
#746 = CARTESIAN_POINT('',(0.,3.,-9.E-17));
#747 = DIRECTION('',(0.,-0.,1.));
#748 = DIRECTION('',(1.,2.2E-16,0.));
#749 = FACE_BOUND('',#750,.T.);
#750 = EDGE_LOOP('',(#751));
#751 = ORIENTED_EDGE('',*,*,#752,.T.);
#752 = EDGE_CURVE('',#753,#753,#755,.T.);
#753 = VERTEX_POINT('',#754);
#754 = CARTESIAN_POINT('',(2.45,38.,0.));
#755 = CIRCLE('',#756,2.45);
#756 = AXIS2_PLACEMENT_3D('',#757,#758,#759);
#757 = CARTESIAN_POINT('',(0.,38.,-9.E-17));
#758 = DIRECTION('',(0.,0.,1.));
#759 = DIRECTION('',(1.,0.,-0.));
#760 = PLANE('',#761);
#761 = AXIS2_PLACEMENT_3D('',#762,#763,#764);
#762 = CARTESIAN_POINT('',(-5.47E-15,20.311910843957,-9.E-17));
#763 = DIRECTION('',(-0.,-0.,-1.));
#764 = DIRECTION('',(-1.,0.,0.));
#765 = ADVANCED_FACE('',(#766),#777,.T.);
#766 = FACE_BOUND('',#767,.T.);
#767 = EDGE_LOOP('',(#768,#769,#770,#776));
#768 = ORIENTED_EDGE('',*,*,#179,.F.);
#769 = ORIENTED_EDGE('',*,*,#259,.T.);
#770 = ORIENTED_EDGE('',*,*,#771,.T.);
#771 = EDGE_CURVE('',#252,#613,#772,.T.);
#772 = LINE('',#773,#774);
#773 = CARTESIAN_POINT('',(2.,43.8,0.2));
#774 = VECTOR('',#775,1.);
#775 = DIRECTION('',(0.,-0.707106781187,-0.707106781187));
#776 = ORIENTED_EDGE('',*,*,#612,.F.);
#777 = PLANE('',#778);
#778 = AXIS2_PLACEMENT_3D('',#779,#780,#781);
#779 = CARTESIAN_POINT('',(-2.,43.8,0.2));
#780 = DIRECTION('',(-0.,0.707106781187,-0.707106781187));
#781 = DIRECTION('',(1.,0.,-0.));
#782 = ADVANCED_FACE('',(#783),#825,.T.);
#783 = FACE_BOUND('',#784,.T.);
#784 = EDGE_LOOP('',(#785,#795,#811,#812));
#785 = ORIENTED_EDGE('',*,*,#786,.F.);
#786 = EDGE_CURVE('',#787,#789,#791,.T.);
#787 = VERTEX_POINT('',#788);
#788 = CARTESIAN_POINT('',(-6.9,42.667340960491,20.913474828179));
#789 = VERTEX_POINT('',#790);
#790 = CARTESIAN_POINT('',(-6.9,24.857077968628,0.4));
#791 = LINE('',#792,#793);
#792 = CARTESIAN_POINT('',(-6.9,42.636196610098,20.877603440535));
#793 = VECTOR('',#794,1.);
#794 = DIRECTION('',(-0.,-0.655601235147,-0.755107290704));
#795 = ORIENTED_EDGE('',*,*,#796,.F.);
#796 = EDGE_CURVE('',#203,#787,#797,.T.);
#797 = ( BOUNDED_CURVE() B_SPLINE_CURVE(12,(#798,#799,#800,#801,#802,
    #803,#804,#805,#806,#807,#808,#809,#810),.UNSPECIFIED.,.F.,.F.) 
B_SPLINE_CURVE_WITH_KNOTS((13,13),(2.933746142147,5.515009832539),
.PIECEWISE_BEZIER_KNOTS.) CURVE() GEOMETRIC_REPRESENTATION_ITEM() 
RATIONAL_B_SPLINE_CURVE((1.,1.,1.,1.,1.000000000001,0.999999999999,
    1.000000000001,0.999999999999,1.000000000001,1.,1.,1.,1.)) 
REPRESENTATION_ITEM('') );
#798 = CARTESIAN_POINT('',(-5.1,43.675726956405,19.329340560327));
#799 = CARTESIAN_POINT('',(-5.335512754946,43.675726956405,
    19.329340560327));
#800 = CARTESIAN_POINT('',(-5.570976875567,43.657690966124,
    19.359865509169));
#801 = CARTESIAN_POINT('',(-5.800573801349,43.621664700046,
    19.420806790105));
#802 = CARTESIAN_POINT('',(-6.022045886859,43.568246328234,
    19.510924174342));
#803 = CARTESIAN_POINT('',(-6.225232094804,43.49598984579,
    19.631153002495));
#804 = CARTESIAN_POINT('',(-6.412891964191,43.412011784687,
    19.770086771753));
#805 = CARTESIAN_POINT('',(-6.572722147042,43.303387544622,
    19.944816821018));
#806 = CARTESIAN_POINT('',(-6.700658516265,43.195041955669,
    20.116613780615));
#807 = CARTESIAN_POINT('',(-6.802642067513,43.066943730206,
    20.315214172612));
#808 = CARTESIAN_POINT('',(-6.867822517895,42.935735647267,
    20.514549714793));
#809 = CARTESIAN_POINT('',(-6.9,42.800779671198,20.716337387898));
#810 = CARTESIAN_POINT('',(-6.9,42.667340960491,20.913474828179));
#811 = ORIENTED_EDGE('',*,*,#202,.T.);
#812 = ORIENTED_EDGE('',*,*,#813,.F.);
#813 = EDGE_CURVE('',#789,#205,#814,.T.);
#814 = B_SPLINE_CURVE_WITH_KNOTS('',9,(#815,#816,#817,#818,#819,#820,
    #821,#822,#823,#824),.UNSPECIFIED.,.F.,.F.,(10,10),(17.522810601282,
    20.47674936748),.PIECEWISE_BEZIER_KNOTS.);
#815 = CARTESIAN_POINT('',(-6.9,24.857077968628,0.4));
#816 = CARTESIAN_POINT('',(-6.9,25.230372864688,0.4));
#817 = CARTESIAN_POINT('',(-6.850612499279,25.594116371035,
    0.400210333281));
#818 = CARTESIAN_POINT('',(-6.754016014833,25.949871780755,0.39866173295
    ));
#819 = CARTESIAN_POINT('',(-6.614488597261,26.292998754418,
    0.396726215562));
#820 = CARTESIAN_POINT('',(-6.403048059942,26.629074993461,
    0.363003168504));
#821 = CARTESIAN_POINT('',(-6.114423071583,26.885345745953,
    0.329923791636));
#822 = CARTESIAN_POINT('',(-5.787249146115,27.067003018053,
    0.309782529234));
#823 = CARTESIAN_POINT('',(-5.439887978763,27.155796622643,
    0.302042916282));
#824 = CARTESIAN_POINT('',(-5.1,27.155796622642,0.302042916282));
#825 = CYLINDRICAL_SURFACE('',#826,1.8);
#826 = AXIS2_PLACEMENT_3D('',#827,#828,#829);
#827 = CARTESIAN_POINT('',(-5.1,42.636196610098,20.877603440535));
#828 = DIRECTION('',(-0.,-0.655601235147,-0.755107290704));
#829 = DIRECTION('',(-1.,0.,0.));
#830 = ADVANCED_FACE('',(#831),#841,.T.);
#831 = FACE_BOUND('',#832,.F.);
#832 = EDGE_LOOP('',(#833,#838,#839,#840));
#833 = ORIENTED_EDGE('',*,*,#834,.F.);
#834 = EDGE_CURVE('',#590,#205,#835,.T.);
#835 = B_SPLINE_CURVE_WITH_KNOTS('',1,(#836,#837),.UNSPECIFIED.,.F.,.F.,
  (2,2),(0.,2.953938766198),.PIECEWISE_BEZIER_KNOTS.);
#836 = CARTESIAN_POINT('',(-5.1,26.493556128583,-9.E-17));
#837 = CARTESIAN_POINT('',(-5.1,27.155796622642,0.302042916282));
#838 = ORIENTED_EDGE('',*,*,#604,.T.);
#839 = ORIENTED_EDGE('',*,*,#523,.T.);
#840 = ORIENTED_EDGE('',*,*,#228,.F.);
#841 = PLANE('',#842);
#842 = AXIS2_PLACEMENT_3D('',#843,#844,#845);
#843 = CARTESIAN_POINT('',(-5.1,26.824676375613,0.151021458141));
#844 = DIRECTION('',(-5.9E-16,0.414969134306,-0.909835489291));
#845 = DIRECTION('',(-1.,-2.479029751438E-16,5.354021938541E-16));
#846 = ADVANCED_FACE('',(#847),#937,.T.);
#847 = FACE_BOUND('',#848,.F.);
#848 = EDGE_LOOP('',(#849,#859,#868,#927,#928,#929,#930));
#849 = ORIENTED_EDGE('',*,*,#850,.T.);
#850 = EDGE_CURVE('',#851,#853,#855,.T.);
#851 = VERTEX_POINT('',#852);
#852 = CARTESIAN_POINT('',(5.,41.,0.4));
#853 = VERTEX_POINT('',#854);
#854 = CARTESIAN_POINT('',(5.,41.,16.247496255593));
#855 = LINE('',#856,#857);
#856 = CARTESIAN_POINT('',(5.,41.,0.));
#857 = VECTOR('',#858,1.);
#858 = DIRECTION('',(0.,0.,1.));
#859 = ORIENTED_EDGE('',*,*,#860,.F.);
#860 = EDGE_CURVE('',#861,#853,#863,.T.);
#861 = VERTEX_POINT('',#862);
#862 = CARTESIAN_POINT('',(3.356644852114,43.675726956405,
    19.329340560327));
#863 = ELLIPSE('',#864,4.575952330731,3.);
#864 = AXIS2_PLACEMENT_3D('',#865,#866,#867);
#865 = CARTESIAN_POINT('',(2.,41.,16.247496255593));
#866 = DIRECTION('',(0.,0.755107290704,-0.655601235147));
#867 = DIRECTION('',(0.,-0.655601235147,-0.755107290704));
#868 = ORIENTED_EDGE('',*,*,#869,.T.);
#869 = EDGE_CURVE('',#861,#495,#870,.T.);
#870 = B_SPLINE_CURVE_WITH_KNOTS('',7,(#871,#872,#873,#874,#875,#876,
    #877,#878,#879,#880,#881,#882,#883,#884,#885,#886,#887,#888,#889,
    #890,#891,#892,#893,#894,#895,#896,#897,#898,#899,#900,#901,#902,
    #903,#904,#905,#906,#907,#908,#909,#910,#911,#912,#913,#914,#915,
    #916,#917,#918,#919,#920,#921,#922,#923,#924,#925,#926),
  .UNSPECIFIED.,.F.,.F.,(8,6,6,6,6,6,6,6,6,8),(0.,4.681880046358E-02,
    0.293801447768,0.53258251787,0.675229792647,0.72157432118,
    0.798041620893,0.867233136497,0.905389692816,1.),.UNSPECIFIED.);
#871 = CARTESIAN_POINT('',(3.356644852114,43.675726956405,
    19.329340560327));
#872 = CARTESIAN_POINT('',(3.349687205494,43.679254616597,
    19.333403642865));
#873 = CARTESIAN_POINT('',(3.342731823383,43.682754595627,
    19.337486366103));
#874 = CARTESIAN_POINT('',(3.335778930521,43.686226957248,
    19.341588688457));
#875 = CARTESIAN_POINT('',(3.328828758859,43.689671763632,
    19.345710579022));
#876 = CARTESIAN_POINT('',(3.321881547556,43.693089075365,
    19.349852017571));
#877 = CARTESIAN_POINT('',(3.314937542981,43.696478951449,
    19.354012994554));
#878 = CARTESIAN_POINT('',(3.271383630149,43.717579593222,19.38024693907
    ));
#879 = CARTESIAN_POINT('',(3.234868417248,43.734554957758,
    19.402843105841));
#880 = CARTESIAN_POINT('',(3.198485796821,43.750777401629,
    19.425983463783));
#881 = CARTESIAN_POINT('',(3.162280094679,43.766253752377,19.44967793526
    ));
#882 = CARTESIAN_POINT('',(3.126306140058,43.780988503916,
    19.473945083092));
#883 = CARTESIAN_POINT('',(3.090635832785,43.794983498511,
    19.498818490279));
#884 = CARTESIAN_POINT('',(3.021276547528,43.82104959104,19.549052069818
    ));
#885 = CARTESIAN_POINT('',(2.987579728317,43.833162147474,
    19.574355141814));
#886 = CARTESIAN_POINT('',(2.954351082566,43.844581393076,
    19.600338640735));
#887 = CARTESIAN_POINT('',(2.921711594415,43.855299548824,
    19.627079986449));
#888 = CARTESIAN_POINT('',(2.88985552109,43.865294551264,19.654680647704
    ));
#889 = CARTESIAN_POINT('',(2.859055043035,43.87453519435,19.683269716485
    ));
#890 = CARTESIAN_POINT('',(2.812288001119,43.887995748851,
    19.730921252647));
#891 = CARTESIAN_POINT('',(2.795360413002,43.892733783649,
    19.749165955552));
#892 = CARTESIAN_POINT('',(2.779081990933,43.897167596191,19.76789942606
    ));
#893 = CARTESIAN_POINT('',(2.763590332654,43.901276545777,
    19.787176328272));
#894 = CARTESIAN_POINT('',(2.749083285361,43.905029711589,
    19.807045047666));
#895 = CARTESIAN_POINT('',(2.735820361172,43.908386813767,
    19.827548155727));
#896 = CARTESIAN_POINT('',(2.720313629194,43.912243744876,
    19.855597714693));
#897 = CARTESIAN_POINT('',(2.716676502736,43.91314224198,19.862544907235
    ));
#898 = CARTESIAN_POINT('',(2.713215900196,43.913991648526,19.86956113675
    ));
#899 = CARTESIAN_POINT('',(2.709943752666,43.914790016508,
    19.876645811291));
#900 = CARTESIAN_POINT('',(2.706872462999,43.915535305611,
    19.883797477122));
#901 = CARTESIAN_POINT('',(2.704014539435,43.916225447039,
    19.891013699995));
#902 = CARTESIAN_POINT('',(2.697038983977,43.917902775848,
    19.910298218958));
#903 = CARTESIAN_POINT('',(2.693308884299,43.91879171528,19.922474564435
    ));
#904 = CARTESIAN_POINT('',(2.690248994306,43.919515613625,
    19.934799139364));
#905 = CARTESIAN_POINT('',(2.687911641846,43.920065683046,
    19.947245393705));
#906 = CARTESIAN_POINT('',(2.68633796086,43.920435020059,19.959780054723
    ));
#907 = CARTESIAN_POINT('',(2.685551433752,43.920619665701,
    19.972362110838));
#908 = CARTESIAN_POINT('',(2.685551433752,43.920619665701,
    19.996324536188));
#909 = CARTESIAN_POINT('',(2.686195391116,43.920468494564,
    20.007708713306));
#910 = CARTESIAN_POINT('',(2.68748371826,43.92016611866,20.019058156714)
  );
#911 = CARTESIAN_POINT('',(2.689400809818,43.919715170924,
    20.030342076111));
#912 = CARTESIAN_POINT('',(2.691918800433,43.919120334172,
    20.041534533821));
#913 = CARTESIAN_POINT('',(2.69500132254,43.918387724417,20.052613917615
    ));
#914 = CARTESIAN_POINT('',(2.700595807314,43.917048113386,
    20.069600103223));
#915 = CARTESIAN_POINT('',(2.702743819112,43.916532101742,
    20.075598574401));
#916 = CARTESIAN_POINT('',(2.70504443041,43.915977385244,20.081555455538
    ));
#917 = CARTESIAN_POINT('',(2.707490774105,43.915385104349,
    20.087468856692));
#918 = CARTESIAN_POINT('',(2.710075985135,43.914756393983,
    20.093337369506));
#919 = CARTESIAN_POINT('',(2.712793200477,43.914092383543,
    20.099160067208));
#920 = CARTESIAN_POINT('',(2.722683271345,43.911663022489,
    20.119259351573));
#921 = CARTESIAN_POINT('',(2.730499523892,43.909722022685,20.1332942879)
  );
#922 = CARTESIAN_POINT('',(2.73898374486,43.907587387859,20.147039839267
    ));
#923 = CARTESIAN_POINT('',(2.748044726333,43.905273816867,20.16050111707
    ));
#924 = CARTESIAN_POINT('',(2.75760292415,43.902793990805,20.173688803324
    ));
#925 = CARTESIAN_POINT('',(2.767592757633,43.900158046755,
    20.186618135564));
#926 = CARTESIAN_POINT('',(2.777964909322,43.897373051553,
    20.199307891738));
#927 = ORIENTED_EDGE('',*,*,#502,.F.);
#928 = ORIENTED_EDGE('',*,*,#298,.F.);
#929 = ORIENTED_EDGE('',*,*,#251,.F.);
#930 = ORIENTED_EDGE('',*,*,#931,.T.);
#931 = EDGE_CURVE('',#252,#851,#932,.T.);
#932 = CIRCLE('',#933,3.);
#933 = AXIS2_PLACEMENT_3D('',#934,#935,#936);
#934 = CARTESIAN_POINT('',(2.,41.,0.4));
#935 = DIRECTION('',(0.,0.,-1.));
#936 = DIRECTION('',(7.E-17,1.,0.));
#937 = CYLINDRICAL_SURFACE('',#938,3.);
#938 = AXIS2_PLACEMENT_3D('',#939,#940,#941);
#939 = CARTESIAN_POINT('',(2.,41.,0.));
#940 = DIRECTION('',(-0.,-0.,-1.));
#941 = DIRECTION('',(1.,0.,0.));
#942 = ADVANCED_FACE('',(#943),#954,.F.);
#943 = FACE_BOUND('',#944,.F.);
#944 = EDGE_LOOP('',(#945,#946,#947,#953));
#945 = ORIENTED_EDGE('',*,*,#282,.T.);
#946 = ORIENTED_EDGE('',*,*,#361,.T.);
#947 = ORIENTED_EDGE('',*,*,#948,.F.);
#948 = EDGE_CURVE('',#787,#362,#949,.T.);
#949 = ( BOUNDED_CURVE() B_SPLINE_CURVE(2,(#950,#951,#952),
.UNSPECIFIED.,.F.,.F.) B_SPLINE_CURVE_WITH_KNOTS((3,3),(0.,
2.581263690393),.PIECEWISE_BEZIER_KNOTS.) CURVE() 
GEOMETRIC_REPRESENTATION_ITEM() RATIONAL_B_SPLINE_CURVE((1.,
0.705367994189,1.)) REPRESENTATION_ITEM('') );
#950 = CARTESIAN_POINT('',(-6.9,42.667340960491,20.913474828179));
#951 = CARTESIAN_POINT('',(-6.9,43.623246390444,21.22350268739));
#952 = CARTESIAN_POINT('',(-5.924804992717,43.543714386471,
    21.452722718395));
#953 = ORIENTED_EDGE('',*,*,#796,.F.);
#954 = ( BOUNDED_SURFACE() B_SPLINE_SURFACE(2,12,(
    (#955,#956,#957,#958,#959,#960,#961,#962,#963,#964,#965,#966,#967)
    ,(#968,#969,#970,#971,#972,#973,#974,#975,#976,#977,#978,#979,#980)
    ,(#981,#982,#983,#984,#985,#986,#987,#988,#989,#990,#991,#992,#993
)),.UNSPECIFIED.,.F.,.F.,.F.) B_SPLINE_SURFACE_WITH_KNOTS((3,3),(13,13),
  (0.,2.581263690393),(2.933746142147,5.515009832539),
.PIECEWISE_BEZIER_KNOTS.) GEOMETRIC_REPRESENTATION_ITEM() 
RATIONAL_B_SPLINE_SURFACE((
    (1.,1.,1.,1.,1.000000000001,0.999999999999,1.000000000001
      ,0.999999999999,1.000000000001,1.,1.,1.,1.)
    ,(0.893592447761,0.893592447761,0.8899441558,0.882656067365
      ,0.871899440663,0.857523667147,0.840971508445,0.820069748584
      ,0.799515345987,0.775758193068,0.752001367167,0.728212724136
      ,0.705367994189)
    ,(1.,1.,1.,1.,1.000000000001,0.999999999999,1.000000000001
,0.999999999999,1.000000000001,1.,1.,1.,1.
))) REPRESENTATION_ITEM('') SURFACE() );
#955 = CARTESIAN_POINT('',(-5.1,43.675726956405,19.329340560327));
#956 = CARTESIAN_POINT('',(-5.335512754946,43.675726956405,
    19.329340560327));
#957 = CARTESIAN_POINT('',(-5.570976875567,43.657690966124,
    19.359865509169));
#958 = CARTESIAN_POINT('',(-5.800573801349,43.621664700046,
    19.420806790105));
#959 = CARTESIAN_POINT('',(-6.022045886859,43.568246328234,
    19.510924174342));
#960 = CARTESIAN_POINT('',(-6.225232094804,43.49598984579,
    19.631153002495));
#961 = CARTESIAN_POINT('',(-6.412891964191,43.412011784687,
    19.770086771753));
#962 = CARTESIAN_POINT('',(-6.572722147042,43.303387544622,
    19.944816821018));
#963 = CARTESIAN_POINT('',(-6.700658516265,43.195041955669,
    20.116613780615));
#964 = CARTESIAN_POINT('',(-6.802642067513,43.066943730206,
    20.315214172612));
#965 = CARTESIAN_POINT('',(-6.867822517895,42.935735647267,
    20.514549714793));
#966 = CARTESIAN_POINT('',(-6.9,42.800779671198,20.716337387898));
#967 = CARTESIAN_POINT('',(-6.9,42.667340960491,20.913474828179));
#968 = CARTESIAN_POINT('',(-5.1,44.00505579026,19.708654372065));
#969 = CARTESIAN_POINT('',(-5.291470217593,44.00505579026,
    19.708654372065));
#970 = CARTESIAN_POINT('',(-5.484462119574,44.000411568169,
    19.735542440312));
#971 = CARTESIAN_POINT('',(-5.675506601931,43.99099412661,
    19.789913158435));
#972 = CARTESIAN_POINT('',(-5.863415806471,43.976756544759,
    19.870976187736));
#973 = CARTESIAN_POINT('',(-6.042147846258,43.956332879502,
    19.979334940907));
#974 = CARTESIAN_POINT('',(-6.212823976937,43.931839563776,
    20.105532276164));
#975 = CARTESIAN_POINT('',(-6.37192827124,43.897062018645,
    20.263613432589));
#976 = CARTESIAN_POINT('',(-6.510164667145,43.859988096007,
    20.422232184451));
#977 = CARTESIAN_POINT('',(-6.640029314486,43.811924205793,
    20.609009816168));
#978 = CARTESIAN_POINT('',(-6.747789153699,43.75727200886,
    20.803016122785));
#979 = CARTESIAN_POINT('',(-6.835817498758,43.694087326402,
    21.009275647129));
#980 = CARTESIAN_POINT('',(-6.9,43.623246390444,21.22350268739));
#981 = CARTESIAN_POINT('',(-5.1,43.897373051553,20.199307891738));
#982 = CARTESIAN_POINT('',(-5.222018890991,43.897373051553,
    20.199307891738));
#983 = CARTESIAN_POINT('',(-5.343987516067,43.891630147178,
    20.225495396523));
#984 = CARTESIAN_POINT('',(-5.462118352385,43.880042456743,
    20.278131229226));
#985 = CARTESIAN_POINT('',(-5.572985087023,43.863231612519,
    20.354047237637));
#986 = CARTESIAN_POINT('',(-5.673944070332,43.83924766181,
    20.456303970281));
#987 = CARTESIAN_POINT('',(-5.761010368444,43.812537828985,
    20.568244476228));
#988 = CARTESIAN_POINT('',(-5.834527653351,43.775584987676,20.7094078939
    ));
#989 = CARTESIAN_POINT('',(-5.888724847276,43.738402015806,
    20.845174944057));
#990 = CARTESIAN_POINT('',(-5.927556254706,43.693106422243,
    20.999679765421));
#991 = CARTESIAN_POINT('',(-5.945813534205,43.645098010101,
    21.153265086424));
#992 = CARTESIAN_POINT('',(-5.944683541468,43.594517251879,
    21.306303241932));
#993 = CARTESIAN_POINT('',(-5.924804992717,43.543714386471,
    21.452722718395));
#994 = ADVANCED_FACE('',(#995),#1022,.T.);
#995 = FACE_BOUND('',#996,.T.);
#996 = EDGE_LOOP('',(#997,#1006,#1007,#1016));
#997 = ORIENTED_EDGE('',*,*,#998,.F.);
#998 = EDGE_CURVE('',#324,#999,#1001,.T.);
#999 = VERTEX_POINT('',#1000);
#1000 = CARTESIAN_POINT('',(-5.122967797149,35.548728647603,
    28.425181150303));
#1001 = HYPERBOLA('',#1002,5.60480981768,5.60480981768);
#1002 = AXIS2_PLACEMENT_3D('',#1003,#1004,#1005);
#1003 = CARTESIAN_POINT('',(5.74999999969,38.433612826455,
    19.566006307613));
#1004 = DIRECTION('',(-0.,-0.950855579693,-0.309634730879));
#1005 = DIRECTION('',(-1.,0.,0.));
#1006 = ORIENTED_EDGE('',*,*,#323,.T.);
#1007 = ORIENTED_EDGE('',*,*,#1008,.T.);
#1008 = EDGE_CURVE('',#326,#1009,#1011,.T.);
#1009 = VERTEX_POINT('',#1010);
#1010 = CARTESIAN_POINT('',(5.122967797149,35.548728647603,
    28.425181150303));
#1011 = HYPERBOLA('',#1012,5.60480981768,5.60480981768);
#1012 = AXIS2_PLACEMENT_3D('',#1013,#1014,#1015);
#1013 = CARTESIAN_POINT('',(-5.74999999969,38.433612826455,
    19.566006307613));
#1014 = DIRECTION('',(-0.,0.950855579693,0.309634730879));
#1015 = DIRECTION('',(1.,0.,0.));
#1016 = ORIENTED_EDGE('',*,*,#1017,.F.);
#1017 = EDGE_CURVE('',#999,#1009,#1018,.T.);
#1018 = LINE('',#1019,#1020);
#1019 = CARTESIAN_POINT('',(-5.1,35.548728647603,28.425181150303));
#1020 = VECTOR('',#1021,1.);
#1021 = DIRECTION('',(1.,0.,0.));
#1022 = PLANE('',#1023);
#1023 = AXIS2_PLACEMENT_3D('',#1024,#1025,#1026);
#1024 = CARTESIAN_POINT('',(-5.1,35.548728647603,28.425181150303));
#1025 = DIRECTION('',(0.,0.950855579693,0.309634730879));
#1026 = DIRECTION('',(1.,0.,0.));
#1027 = ADVANCED_FACE('',(#1028),#1068,.T.);
#1028 = FACE_BOUND('',#1029,.T.);
#1029 = EDGE_LOOP('',(#1030,#1031,#1041,#1050,#1060,#1067));
#1030 = ORIENTED_EDGE('',*,*,#998,.T.);
#1031 = ORIENTED_EDGE('',*,*,#1032,.T.);
#1032 = EDGE_CURVE('',#999,#1033,#1035,.T.);
#1033 = VERTEX_POINT('',#1034);
#1034 = CARTESIAN_POINT('',(-5.1,35.531673929341,28.405537895516));
#1035 = B_SPLINE_CURVE_WITH_KNOTS('',4,(#1036,#1037,#1038,#1039,#1040),
  .UNSPECIFIED.,.F.,.F.,(5,5),(0.,1.),.PIECEWISE_BEZIER_KNOTS.);
#1036 = CARTESIAN_POINT('',(-5.122967797149,35.548728647603,
    28.425181150303));
#1037 = CARTESIAN_POINT('',(-5.11722517294,35.544465740321,
    28.420271226106));
#1038 = CARTESIAN_POINT('',(-5.111482997507,35.540202319415,
    28.415360710327));
#1039 = CARTESIAN_POINT('',(-5.105741272603,35.535938383041,
    28.410449600844));
#1040 = CARTESIAN_POINT('',(-5.1,35.531673929341,28.405537895516));
#1041 = ORIENTED_EDGE('',*,*,#1042,.F.);
#1042 = EDGE_CURVE('',#1043,#1033,#1045,.T.);
#1043 = VERTEX_POINT('',#1044);
#1044 = CARTESIAN_POINT('',(-5.1,43.233768294518,21.718405297017));
#1045 = CIRCLE('',#1046,10.84999999969);
#1046 = AXIS2_PLACEMENT_3D('',#1047,#1048,#1049);
#1047 = CARTESIAN_POINT('',(-5.1,33.104248138196,17.830562528086));
#1048 = DIRECTION('',(1.,0.,-0.));
#1049 = DIRECTION('',(0.,0.930108155828,0.367285744975));
#1050 = ORIENTED_EDGE('',*,*,#1051,.F.);
#1051 = EDGE_CURVE('',#1052,#1043,#1054,.T.);
#1052 = VERTEX_POINT('',#1053);
#1053 = CARTESIAN_POINT('',(-5.122967797149,43.25082301278,
    21.738048551804));
#1054 = B_SPLINE_CURVE_WITH_KNOTS('',4,(#1055,#1056,#1057,#1058,#1059),
  .UNSPECIFIED.,.F.,.F.,(5,5),(0.,1.),.PIECEWISE_BEZIER_KNOTS.);
#1055 = CARTESIAN_POINT('',(-5.122967797149,43.25082301278,
    21.738048551804));
#1056 = CARTESIAN_POINT('',(-5.11722517294,43.246560105498,
    21.733138627607));
#1057 = CARTESIAN_POINT('',(-5.111482997507,43.242296684592,
    21.728228111828));
#1058 = CARTESIAN_POINT('',(-5.105741272603,43.238032748218,
    21.723317002344));
#1059 = CARTESIAN_POINT('',(-5.1,43.233768294518,21.718405297017));
#1060 = ORIENTED_EDGE('',*,*,#1061,.F.);
#1061 = EDGE_CURVE('',#334,#1052,#1062,.T.);
#1062 = HYPERBOLA('',#1063,5.604809817678,5.604809817678);
#1063 = AXIS2_PLACEMENT_3D('',#1064,#1065,#1066);
#1064 = CARTESIAN_POINT('',(5.74999999969,34.074404042099,
    23.350770007381));
#1065 = DIRECTION('',(0.,0.173093456417,0.984905404263));
#1066 = DIRECTION('',(-1.,0.,0.));
#1067 = ORIENTED_EDGE('',*,*,#333,.T.);
#1068 = CONICAL_SURFACE('',#1069,11.04999999969,0.785398163397);
#1069 = AXIS2_PLACEMENT_3D('',#1070,#1071,#1072);
#1070 = CARTESIAN_POINT('',(-5.3,33.104248138196,17.830562528086));
#1071 = DIRECTION('',(-1.,-0.,-0.));
#1072 = DIRECTION('',(0.,0.930108155828,0.367285744975));
#1073 = ADVANCED_FACE('',(#1074),#1114,.T.);
#1074 = FACE_BOUND('',#1075,.F.);
#1075 = EDGE_LOOP('',(#1076,#1077,#1087,#1096,#1106,#1113));
#1076 = ORIENTED_EDGE('',*,*,#1008,.T.);
#1077 = ORIENTED_EDGE('',*,*,#1078,.T.);
#1078 = EDGE_CURVE('',#1009,#1079,#1081,.T.);
#1079 = VERTEX_POINT('',#1080);
#1080 = CARTESIAN_POINT('',(5.1,35.531673929341,28.405537895516));
#1081 = B_SPLINE_CURVE_WITH_KNOTS('',4,(#1082,#1083,#1084,#1085,#1086),
  .UNSPECIFIED.,.F.,.F.,(5,5),(0.,1.),.PIECEWISE_BEZIER_KNOTS.);
#1082 = CARTESIAN_POINT('',(5.122967797149,35.548728647603,
    28.425181150303));
#1083 = CARTESIAN_POINT('',(5.11722517294,35.544465740321,
    28.420271226106));
#1084 = CARTESIAN_POINT('',(5.111482997507,35.540202319415,
    28.415360710327));
#1085 = CARTESIAN_POINT('',(5.105741272603,35.535938383041,
    28.410449600844));
#1086 = CARTESIAN_POINT('',(5.1,35.531673929341,28.405537895516));
#1087 = ORIENTED_EDGE('',*,*,#1088,.F.);
#1088 = EDGE_CURVE('',#1089,#1079,#1091,.T.);
#1089 = VERTEX_POINT('',#1090);
#1090 = CARTESIAN_POINT('',(5.1,43.233768294518,21.718405297017));
#1091 = CIRCLE('',#1092,10.84999999969);
#1092 = AXIS2_PLACEMENT_3D('',#1093,#1094,#1095);
#1093 = CARTESIAN_POINT('',(5.1,33.104248138196,17.830562528086));
#1094 = DIRECTION('',(1.,0.,-0.));
#1095 = DIRECTION('',(0.,0.930108155828,0.367285744975));
#1096 = ORIENTED_EDGE('',*,*,#1097,.F.);
#1097 = EDGE_CURVE('',#1098,#1089,#1100,.T.);
#1098 = VERTEX_POINT('',#1099);
#1099 = CARTESIAN_POINT('',(5.122967797149,43.25082301278,
    21.738048551804));
#1100 = B_SPLINE_CURVE_WITH_KNOTS('',4,(#1101,#1102,#1103,#1104,#1105),
  .UNSPECIFIED.,.F.,.F.,(5,5),(0.,1.),.PIECEWISE_BEZIER_KNOTS.);
#1101 = CARTESIAN_POINT('',(5.122967797149,43.25082301278,
    21.738048551804));
#1102 = CARTESIAN_POINT('',(5.11722517294,43.246560105498,
    21.733138627607));
#1103 = CARTESIAN_POINT('',(5.111482997507,43.242296684592,
    21.728228111828));
#1104 = CARTESIAN_POINT('',(5.105741272603,43.238032748218,
    21.723317002344));
#1105 = CARTESIAN_POINT('',(5.1,43.233768294518,21.718405297017));
#1106 = ORIENTED_EDGE('',*,*,#1107,.F.);
#1107 = EDGE_CURVE('',#343,#1098,#1108,.T.);
#1108 = HYPERBOLA('',#1109,5.604809817678,5.604809817678);
#1109 = AXIS2_PLACEMENT_3D('',#1110,#1111,#1112);
#1110 = CARTESIAN_POINT('',(-5.74999999969,34.074404042099,
    23.350770007381));
#1111 = DIRECTION('',(0.,-0.173093456417,-0.984905404263));
#1112 = DIRECTION('',(1.,0.,0.));
#1113 = ORIENTED_EDGE('',*,*,#350,.T.);
#1114 = CONICAL_SURFACE('',#1115,11.04999999969,0.785398163397);
#1115 = AXIS2_PLACEMENT_3D('',#1116,#1117,#1118);
#1116 = CARTESIAN_POINT('',(5.3,33.104248138196,17.830562528086));
#1117 = DIRECTION('',(1.,0.,0.));
#1118 = DIRECTION('',(0.,0.930108155828,0.367285744975));
#1119 = ADVANCED_FACE('',(#1120),#1131,.F.);
#1120 = FACE_BOUND('',#1121,.F.);
#1121 = EDGE_LOOP('',(#1122,#1123,#1124,#1125));
#1122 = ORIENTED_EDGE('',*,*,#1061,.F.);
#1123 = ORIENTED_EDGE('',*,*,#342,.T.);
#1124 = ORIENTED_EDGE('',*,*,#1107,.T.);
#1125 = ORIENTED_EDGE('',*,*,#1126,.F.);
#1126 = EDGE_CURVE('',#1052,#1098,#1127,.T.);
#1127 = LINE('',#1128,#1129);
#1128 = CARTESIAN_POINT('',(-5.1,43.25082301278,21.738048551804));
#1129 = VECTOR('',#1130,1.);
#1130 = DIRECTION('',(1.,0.,0.));
#1131 = PLANE('',#1132);
#1132 = AXIS2_PLACEMENT_3D('',#1133,#1134,#1135);
#1133 = CARTESIAN_POINT('',(-5.1,43.25082301278,21.738048551804));
#1134 = DIRECTION('',(0.,-0.173093456417,-0.984905404263));
#1135 = DIRECTION('',(1.,0.,0.));
#1136 = ADVANCED_FACE('',(#1137),#1155,.T.);
#1137 = FACE_BOUND('',#1138,.F.);
#1138 = EDGE_LOOP('',(#1139,#1147,#1148,#1149));
#1139 = ORIENTED_EDGE('',*,*,#1140,.T.);
#1140 = EDGE_CURVE('',#1141,#477,#1143,.T.);
#1141 = VERTEX_POINT('',#1142);
#1142 = CARTESIAN_POINT('',(5.1,43.675726956405,19.329340560327));
#1143 = ( BOUNDED_CURVE() B_SPLINE_CURVE(2,(#1144,#1145,#1146),
.UNSPECIFIED.,.F.,.F.) B_SPLINE_CURVE_WITH_KNOTS((3,3),(0.,
2.581263690393),.PIECEWISE_BEZIER_KNOTS.) CURVE() 
GEOMETRIC_REPRESENTATION_ITEM() RATIONAL_B_SPLINE_CURVE((1.,
0.893592447761,1.)) REPRESENTATION_ITEM('') );
#1144 = CARTESIAN_POINT('',(5.1,43.675726956405,19.329340560327));
#1145 = CARTESIAN_POINT('',(5.1,44.00505579026,19.708654372065));
#1146 = CARTESIAN_POINT('',(5.1,43.897373051553,20.199307891738));
#1147 = ORIENTED_EDGE('',*,*,#494,.T.);
#1148 = ORIENTED_EDGE('',*,*,#869,.F.);
#1149 = ORIENTED_EDGE('',*,*,#1150,.F.);
#1150 = EDGE_CURVE('',#1141,#861,#1151,.T.);
#1151 = LINE('',#1152,#1153);
#1152 = CARTESIAN_POINT('',(5.1,43.675726956405,19.329340560327));
#1153 = VECTOR('',#1154,1.);
#1154 = DIRECTION('',(-1.,-0.,-0.));
#1155 = CYLINDRICAL_SURFACE('',#1156,1.);
#1156 = AXIS2_PLACEMENT_3D('',#1157,#1158,#1159);
#1157 = CARTESIAN_POINT('',(5.1,42.920619665701,19.984941795474));
#1158 = DIRECTION('',(-1.,-0.,-0.));
#1159 = DIRECTION('',(0.,0.755107290704,-0.655601235147));
#1160 = ADVANCED_FACE('',(#1161),#1181,.F.);
#1161 = FACE_BOUND('',#1162,.F.);
#1162 = EDGE_LOOP('',(#1163,#1164,#1165,#1173));
#1163 = ORIENTED_EDGE('',*,*,#948,.T.);
#1164 = ORIENTED_EDGE('',*,*,#379,.T.);
#1165 = ORIENTED_EDGE('',*,*,#1166,.F.);
#1166 = EDGE_CURVE('',#1167,#380,#1169,.T.);
#1167 = VERTEX_POINT('',#1168);
#1168 = CARTESIAN_POINT('',(-6.9,42.489101806841,21.425979278879));
#1169 = ( BOUNDED_CURVE() B_SPLINE_CURVE(2,(#1170,#1171,#1172),
.UNSPECIFIED.,.F.,.F.) B_SPLINE_CURVE_WITH_KNOTS((3,3),(0.,
0.525619969624),.PIECEWISE_BEZIER_KNOTS.) CURVE() 
GEOMETRIC_REPRESENTATION_ITEM() RATIONAL_B_SPLINE_CURVE((1.,
0.707106781187,1.)) REPRESENTATION_ITEM('') );
#1170 = CARTESIAN_POINT('',(-6.9,42.489101806841,21.425979278879));
#1171 = CARTESIAN_POINT('',(-6.9,43.422918092307,21.783732189417));
#1172 = CARTESIAN_POINT('',(-5.9,43.422918092307,21.783732189417));
#1173 = ORIENTED_EDGE('',*,*,#1174,.F.);
#1174 = EDGE_CURVE('',#787,#1167,#1175,.T.);
#1175 = ( BOUNDED_CURVE() B_SPLINE_CURVE(4,(#1176,#1177,#1178,#1179,
#1180),.UNSPECIFIED.,.F.,.F.) B_SPLINE_CURVE_WITH_KNOTS((5,5),(
5.515009832539,6.040629802163),.PIECEWISE_BEZIER_KNOTS.) CURVE() 
GEOMETRIC_REPRESENTATION_ITEM() RATIONAL_B_SPLINE_CURVE((1.,1.,1.,1.,1.)
) REPRESENTATION_ITEM('') );
#1176 = CARTESIAN_POINT('',(-6.9,42.667340960491,20.913474828179));
#1177 = CARTESIAN_POINT('',(-6.9,42.625307532144,21.046708813665));
#1178 = CARTESIAN_POINT('',(-6.9,42.582160034904,21.175013786355));
#1179 = CARTESIAN_POINT('',(-6.9,42.537111202208,21.300663861651));
#1180 = CARTESIAN_POINT('',(-6.9,42.489101806841,21.425979278879));
#1181 = ( BOUNDED_SURFACE() B_SPLINE_SURFACE(2,4,(
    (#1182,#1183,#1184,#1185,#1186)
    ,(#1187,#1188,#1189,#1190,#1191)
    ,(#1192,#1193,#1194,#1195,#1196
)),.UNSPECIFIED.,.F.,.F.,.F.) B_SPLINE_SURFACE_WITH_KNOTS((3,3),(5,5),(
    0.,0.525619969624),(5.515009832539,6.040629802163),
.PIECEWISE_BEZIER_KNOTS.) GEOMETRIC_REPRESENTATION_ITEM() 
RATIONAL_B_SPLINE_SURFACE((
    (1.,1.,1.,1.,1.)
    ,(0.705367994189,0.706123450476,0.706757749491,0.707106781187
      ,0.707106781187)
,(1.,1.,1.,1.,1.))) REPRESENTATION_ITEM('') SURFACE() );
#1182 = CARTESIAN_POINT('',(-6.9,42.667340960491,20.913474828179));
#1183 = CARTESIAN_POINT('',(-6.9,42.625307532144,21.046708813665));
#1184 = CARTESIAN_POINT('',(-6.9,42.582160034904,21.175013786355));
#1185 = CARTESIAN_POINT('',(-6.9,42.537111202208,21.300663861651));
#1186 = CARTESIAN_POINT('',(-6.9,42.489101806841,21.425979278879));
#1187 = CARTESIAN_POINT('',(-6.9,43.623246390444,21.22350268739));
#1188 = CARTESIAN_POINT('',(-6.9,43.57531916816,21.367969256435));
#1189 = CARTESIAN_POINT('',(-6.9,43.52625403008,21.508028771117));
#1190 = CARTESIAN_POINT('',(-6.9,43.475704570031,21.645947503119));
#1191 = CARTESIAN_POINT('',(-6.9,43.422918092307,21.783732189417));
#1192 = CARTESIAN_POINT('',(-5.924804992717,43.543714386471,
    21.452722718395));
#1193 = CARTESIAN_POINT('',(-5.912661449735,43.512679586728,
    21.542168443438));
#1194 = CARTESIAN_POINT('',(-5.904445555252,43.482532018085,
    21.625759944994));
#1195 = CARTESIAN_POINT('',(-5.9,43.452871875452,21.705546017654));
#1196 = CARTESIAN_POINT('',(-5.9,43.422918092307,21.783732189417));
#1197 = ADVANCED_FACE('',(#1198),#1226,.F.);
#1198 = FACE_BOUND('',#1199,.F.);
#1199 = EDGE_LOOP('',(#1200,#1208,#1209,#1210));
#1200 = ORIENTED_EDGE('',*,*,#1201,.T.);
#1201 = EDGE_CURVE('',#1202,#467,#1204,.T.);
#1202 = VERTEX_POINT('',#1203);
#1203 = CARTESIAN_POINT('',(6.9,42.667340960491,20.913474828179));
#1204 = ( BOUNDED_CURVE() B_SPLINE_CURVE(2,(#1205,#1206,#1207),
.UNSPECIFIED.,.F.,.F.) B_SPLINE_CURVE_WITH_KNOTS((3,3),(0.,
0.525619969623),.PIECEWISE_BEZIER_KNOTS.) CURVE() 
GEOMETRIC_REPRESENTATION_ITEM() RATIONAL_B_SPLINE_CURVE((1.,
0.705367994189,1.)) REPRESENTATION_ITEM('') );
#1205 = CARTESIAN_POINT('',(6.9,42.667340960491,20.913474828179));
#1206 = CARTESIAN_POINT('',(6.9,43.623246390444,21.22350268739));
#1207 = CARTESIAN_POINT('',(5.924804992717,43.543714386471,
    21.452722718395));
#1208 = ORIENTED_EDGE('',*,*,#476,.T.);
#1209 = ORIENTED_EDGE('',*,*,#1140,.F.);
#1210 = ORIENTED_EDGE('',*,*,#1211,.F.);
#1211 = EDGE_CURVE('',#1202,#1141,#1212,.T.);
#1212 = ( BOUNDED_CURVE() B_SPLINE_CURVE(12,(#1213,#1214,#1215,#1216,
    #1217,#1218,#1219,#1220,#1221,#1222,#1223,#1224,#1225),
.UNSPECIFIED.,.F.,.F.) B_SPLINE_CURVE_WITH_KNOTS((13,13),(
44.636130924964,47.217394615357),.PIECEWISE_BEZIER_KNOTS.) CURVE() 
GEOMETRIC_REPRESENTATION_ITEM() RATIONAL_B_SPLINE_CURVE((1.,1.,
    1.000000000001,0.999999999998,1.000000000003,0.999999999996,
    1.000000000004,0.999999999997,1.000000000002,0.999999999999,1.,1.,1.
)) REPRESENTATION_ITEM('') );
#1213 = CARTESIAN_POINT('',(6.9,42.667340960491,20.913474828179));
#1214 = CARTESIAN_POINT('',(6.9,42.800779671198,20.716337387898));
#1215 = CARTESIAN_POINT('',(6.867822517895,42.935735647267,
    20.514549714793));
#1216 = CARTESIAN_POINT('',(6.802642067513,43.066943730206,
    20.315214172611));
#1217 = CARTESIAN_POINT('',(6.700658516262,43.195041955671,
    20.116613780616));
#1218 = CARTESIAN_POINT('',(6.572722147049,43.303387544616,
    19.944816821019));
#1219 = CARTESIAN_POINT('',(6.412891964181,43.412011784699,
    19.770086771749));
#1220 = CARTESIAN_POINT('',(6.225232094812,43.49598984578,
    19.631153002499));
#1221 = CARTESIAN_POINT('',(6.022045886855,43.56824632824,19.51092417434
    ));
#1222 = CARTESIAN_POINT('',(5.80057380135,43.621664700044,
    19.420806790106));
#1223 = CARTESIAN_POINT('',(5.570976875567,43.657690966125,
    19.359865509169));
#1224 = CARTESIAN_POINT('',(5.335512754946,43.675726956405,
    19.329340560327));
#1225 = CARTESIAN_POINT('',(5.1,43.675726956405,19.329340560327));
#1226 = ( BOUNDED_SURFACE() B_SPLINE_SURFACE(2,12,(
    (#1227,#1228,#1229,#1230,#1231,#1232,#1233,#1234,#1235,#1236,#1237
      ,#1238,#1239)
    ,(#1240,#1241,#1242,#1243,#1244,#1245,#1246,#1247,#1248,#1249,#1250
      ,#1251,#1252)
    ,(#1253,#1254,#1255,#1256,#1257,#1258,#1259,#1260,#1261,#1262,#1263
      ,#1264,#1265
)),.UNSPECIFIED.,.F.,.F.,.F.) B_SPLINE_SURFACE_WITH_KNOTS((3,3),(13,13),
  (0.,2.581263690393),(44.636130924964,47.217394615357),
.PIECEWISE_BEZIER_KNOTS.) GEOMETRIC_REPRESENTATION_ITEM() 
RATIONAL_B_SPLINE_SURFACE((
    (1.,1.,1.000000000001,0.999999999998,1.000000000003,0.999999999996
      ,1.000000000004,0.999999999997,1.000000000002,0.999999999999,1.,1.
      ,1.)
    ,(0.705367994189,0.728212724136,0.752001367168,0.775758193065
      ,0.799515345992,0.820069748577,0.840971508454,0.857523667139
      ,0.871899440668,0.882656067363,0.889944155801,0.893592447761
      ,0.893592447761)
    ,(1.,1.,1.000000000001,0.999999999998,1.000000000003,0.999999999996
      ,1.000000000004,0.999999999997,1.000000000002,0.999999999999,1.,1.
,1.))) REPRESENTATION_ITEM('') SURFACE() );
#1227 = CARTESIAN_POINT('',(6.9,42.667340960491,20.913474828179));
#1228 = CARTESIAN_POINT('',(6.9,42.800779671198,20.716337387898));
#1229 = CARTESIAN_POINT('',(6.867822517895,42.935735647267,
    20.514549714793));
#1230 = CARTESIAN_POINT('',(6.802642067513,43.066943730206,
    20.315214172611));
#1231 = CARTESIAN_POINT('',(6.700658516262,43.195041955671,
    20.116613780616));
#1232 = CARTESIAN_POINT('',(6.572722147049,43.303387544616,
    19.944816821019));
#1233 = CARTESIAN_POINT('',(6.412891964181,43.412011784699,
    19.770086771749));
#1234 = CARTESIAN_POINT('',(6.225232094812,43.49598984578,
    19.631153002499));
#1235 = CARTESIAN_POINT('',(6.022045886855,43.56824632824,19.51092417434
    ));
#1236 = CARTESIAN_POINT('',(5.80057380135,43.621664700044,
    19.420806790106));
#1237 = CARTESIAN_POINT('',(5.570976875567,43.657690966125,
    19.359865509169));
#1238 = CARTESIAN_POINT('',(5.335512754946,43.675726956405,
    19.329340560327));
#1239 = CARTESIAN_POINT('',(5.1,43.675726956405,19.329340560327));
#1240 = CARTESIAN_POINT('',(6.9,43.623246390444,21.22350268739));
#1241 = CARTESIAN_POINT('',(6.835817498758,43.694087326402,
    21.009275647129));
#1242 = CARTESIAN_POINT('',(6.747789153698,43.757272008861,
    20.803016122784));
#1243 = CARTESIAN_POINT('',(6.640029314487,43.811924205792,
    20.609009816167));
#1244 = CARTESIAN_POINT('',(6.510164667144,43.859988096008,
    20.422232184455));
#1245 = CARTESIAN_POINT('',(6.371928271242,43.897062018642,
    20.26361343258));
#1246 = CARTESIAN_POINT('',(6.212823976934,43.931839563781,
    20.105532276173));
#1247 = CARTESIAN_POINT('',(6.04214784626,43.956332879497,
    19.979334940899));
#1248 = CARTESIAN_POINT('',(5.86341580647,43.976756544762,19.87097618774
    ));
#1249 = CARTESIAN_POINT('',(5.67550660193,43.990994126609,
    19.789913158433));
#1250 = CARTESIAN_POINT('',(5.484462119574,44.00041156817,
    19.735542440312));
#1251 = CARTESIAN_POINT('',(5.291470217593,44.00505579026,
    19.708654372064));
#1252 = CARTESIAN_POINT('',(5.1,44.00505579026,19.708654372065));
#1253 = CARTESIAN_POINT('',(5.924804992717,43.543714386471,
    21.452722718395));
#1254 = CARTESIAN_POINT('',(5.944683541468,43.594517251878,
    21.306303241932));
#1255 = CARTESIAN_POINT('',(5.945813534205,43.645098010102,
    21.153265086425));
#1256 = CARTESIAN_POINT('',(5.927556254705,43.693106422243,
    20.999679765417));
#1257 = CARTESIAN_POINT('',(5.88872484728,43.738402015805,
    20.845174944067));
#1258 = CARTESIAN_POINT('',(5.834527653345,43.775584987677,
    20.709407893884));
#1259 = CARTESIAN_POINT('',(5.761010368449,43.812537828984,
    20.568244476243));
#1260 = CARTESIAN_POINT('',(5.673944070329,43.839247661809,
    20.456303970271));
#1261 = CARTESIAN_POINT('',(5.572985087024,43.863231612521,
    20.354047237642));
#1262 = CARTESIAN_POINT('',(5.462118352385,43.880042456743,
    20.278131229224));
#1263 = CARTESIAN_POINT('',(5.343987516067,43.891630147178,
    20.225495396524));
#1264 = CARTESIAN_POINT('',(5.222018890991,43.897373051553,
    20.199307891738));
#1265 = CARTESIAN_POINT('',(5.1,43.897373051553,20.199307891738));
#1266 = ADVANCED_FACE('',(#1267),#1287,.T.);
#1267 = FACE_BOUND('',#1268,.T.);
#1268 = EDGE_LOOP('',(#1269,#1270,#1279,#1286));
#1269 = ORIENTED_EDGE('',*,*,#1166,.F.);
#1270 = ORIENTED_EDGE('',*,*,#1271,.T.);
#1271 = EDGE_CURVE('',#1167,#1272,#1274,.T.);
#1272 = VERTEX_POINT('',#1273);
#1273 = CARTESIAN_POINT('',(-6.9,35.34667519832,27.627195667782));
#1274 = CIRCLE('',#1275,10.04999999969);
#1275 = AXIS2_PLACEMENT_3D('',#1276,#1277,#1278);
#1276 = CARTESIAN_POINT('',(-6.9,33.104248138196,17.830562528086));
#1277 = DIRECTION('',(1.,0.,-0.));
#1278 = DIRECTION('',(0.,0.933816285466,0.357752910538));
#1279 = ORIENTED_EDGE('',*,*,#1280,.T.);
#1280 = EDGE_CURVE('',#1272,#390,#1281,.T.);
#1281 = CIRCLE('',#1282,1.);
#1282 = AXIS2_PLACEMENT_3D('',#1283,#1284,#1285);
#1283 = CARTESIAN_POINT('',(-5.9,35.34667519832,27.627195667782));
#1284 = DIRECTION('',(0.,0.974789367164,-0.223127070666));
#1285 = DIRECTION('',(0.,0.223127070666,0.974789367164));
#1286 = ORIENTED_EDGE('',*,*,#389,.F.);
#1287 = TOROIDAL_SURFACE('',#1288,10.04999999969,1.);
#1288 = AXIS2_PLACEMENT_3D('',#1289,#1290,#1291);
#1289 = CARTESIAN_POINT('',(-5.9,33.104248138196,17.830562528086));
#1290 = DIRECTION('',(1.,0.,0.));
#1291 = DIRECTION('',(0.,0.933816285466,0.357752910538));
#1292 = ADVANCED_FACE('',(#1293),#1314,.F.);
#1293 = FACE_BOUND('',#1294,.F.);
#1294 = EDGE_LOOP('',(#1295,#1304,#1305,#1306));
#1295 = ORIENTED_EDGE('',*,*,#1296,.T.);
#1296 = EDGE_CURVE('',#1297,#458,#1299,.T.);
#1297 = VERTEX_POINT('',#1298);
#1298 = CARTESIAN_POINT('',(6.9,42.489101806841,21.425979278879));
#1299 = CIRCLE('',#1300,1.);
#1300 = AXIS2_PLACEMENT_3D('',#1301,#1302,#1303);
#1301 = CARTESIAN_POINT('',(5.9,42.489101806841,21.425979278879));
#1302 = DIRECTION('',(3.3E-16,-0.357752910538,0.933816285466));
#1303 = DIRECTION('',(-1.3E-16,0.933816285466,0.357752910538));
#1304 = ORIENTED_EDGE('',*,*,#466,.T.);
#1305 = ORIENTED_EDGE('',*,*,#1201,.F.);
#1306 = ORIENTED_EDGE('',*,*,#1307,.F.);
#1307 = EDGE_CURVE('',#1297,#1202,#1308,.T.);
#1308 = ( BOUNDED_CURVE() B_SPLINE_CURVE(4,(#1309,#1310,#1311,#1312,
#1313),.UNSPECIFIED.,.F.,.F.) B_SPLINE_CURVE_WITH_KNOTS((5,5),(
44.110510955341,44.636130924964),.PIECEWISE_BEZIER_KNOTS.) CURVE() 
GEOMETRIC_REPRESENTATION_ITEM() RATIONAL_B_SPLINE_CURVE((1.,1.,1.,1.,1.)
) REPRESENTATION_ITEM('') );
#1309 = CARTESIAN_POINT('',(6.9,42.489101806841,21.425979278879));
#1310 = CARTESIAN_POINT('',(6.9,42.537111202208,21.300663861651));
#1311 = CARTESIAN_POINT('',(6.9,42.582160034904,21.175013786355));
#1312 = CARTESIAN_POINT('',(6.9,42.625307532144,21.046708813665));
#1313 = CARTESIAN_POINT('',(6.9,42.667340960491,20.913474828179));
#1314 = ( BOUNDED_SURFACE() B_SPLINE_SURFACE(2,4,(
    (#1315,#1316,#1317,#1318,#1319)
    ,(#1320,#1321,#1322,#1323,#1324)
    ,(#1325,#1326,#1327,#1328,#1329
)),.UNSPECIFIED.,.F.,.F.,.F.) B_SPLINE_SURFACE_WITH_KNOTS((3,3),(5,5),(
    0.,0.525619969623),(44.110510955341,44.636130924964),
.PIECEWISE_BEZIER_KNOTS.) GEOMETRIC_REPRESENTATION_ITEM() 
RATIONAL_B_SPLINE_SURFACE((
    (1.,1.,1.,1.,1.)
    ,(0.707106781187,0.707106781187,0.706757749491,0.706123450476
      ,0.705367994189)
,(1.,1.,1.,1.,1.))) REPRESENTATION_ITEM('') SURFACE() );
#1315 = CARTESIAN_POINT('',(6.9,42.489101806841,21.425979278879));
#1316 = CARTESIAN_POINT('',(6.9,42.537111202208,21.300663861651));
#1317 = CARTESIAN_POINT('',(6.9,42.582160034904,21.175013786355));
#1318 = CARTESIAN_POINT('',(6.9,42.625307532144,21.046708813665));
#1319 = CARTESIAN_POINT('',(6.9,42.667340960491,20.913474828179));
#1320 = CARTESIAN_POINT('',(6.9,43.422918092307,21.783732189417));
#1321 = CARTESIAN_POINT('',(6.9,43.475704570031,21.645947503119));
#1322 = CARTESIAN_POINT('',(6.9,43.52625403008,21.508028771117));
#1323 = CARTESIAN_POINT('',(6.9,43.57531916816,21.367969256435));
#1324 = CARTESIAN_POINT('',(6.9,43.623246390444,21.22350268739));
#1325 = CARTESIAN_POINT('',(5.9,43.422918092307,21.783732189417));
#1326 = CARTESIAN_POINT('',(5.9,43.452871875452,21.705546017654));
#1327 = CARTESIAN_POINT('',(5.904445555252,43.482532018085,
    21.625759944994));
#1328 = CARTESIAN_POINT('',(5.912661449735,43.512679586728,
    21.542168443438));
#1329 = CARTESIAN_POINT('',(5.924804992717,43.543714386471,
    21.452722718395));
#1330 = ADVANCED_FACE('',(#1331),#1351,.F.);
#1331 = FACE_BOUND('',#1332,.F.);
#1332 = EDGE_LOOP('',(#1333,#1334,#1335,#1343));
#1333 = ORIENTED_EDGE('',*,*,#1280,.T.);
#1334 = ORIENTED_EDGE('',*,*,#398,.T.);
#1335 = ORIENTED_EDGE('',*,*,#1336,.F.);
#1336 = EDGE_CURVE('',#1337,#399,#1339,.T.);
#1337 = VERTEX_POINT('',#1338);
#1338 = CARTESIAN_POINT('',(-6.9,34.814225023175,27.73172754241));
#1339 = ( BOUNDED_CURVE() B_SPLINE_CURVE(2,(#1340,#1341,#1342),
.UNSPECIFIED.,.F.,.F.) B_SPLINE_CURVE_WITH_KNOTS((3,3),(0.,
0.525345159242),.PIECEWISE_BEZIER_KNOTS.) CURVE() 
GEOMETRIC_REPRESENTATION_ITEM() RATIONAL_B_SPLINE_CURVE((1.,
0.705367925273,1.)) REPRESENTATION_ITEM('') );
#1340 = CARTESIAN_POINT('',(-6.9,34.814225023175,27.73172754241));
#1341 = CARTESIAN_POINT('',(-6.9,34.986998400591,28.721688257435));
#1342 = CARTESIAN_POINT('',(-5.924805328486,35.225115160645,
    28.675119829619));
#1343 = ORIENTED_EDGE('',*,*,#1344,.F.);
#1344 = EDGE_CURVE('',#1272,#1337,#1345,.T.);
#1345 = ( BOUNDED_CURVE() B_SPLINE_CURVE(4,(#1346,#1347,#1348,#1349,
#1350),.UNSPECIFIED.,.F.,.F.) B_SPLINE_CURVE_WITH_KNOTS((5,5),(
16.8686867124,17.394031871642),.PIECEWISE_BEZIER_KNOTS.) CURVE() 
GEOMETRIC_REPRESENTATION_ITEM() RATIONAL_B_SPLINE_CURVE((1.,1.,1.,1.,1.)
) REPRESENTATION_ITEM('') );
#1346 = CARTESIAN_POINT('',(-6.9,35.34667519832,27.627195667782));
#1347 = CARTESIAN_POINT('',(-6.9,35.216048264013,27.657095876159));
#1348 = CARTESIAN_POINT('',(-6.9,35.085247654146,27.68408408604));
#1349 = CARTESIAN_POINT('',(-6.9,34.952077063049,27.708806944754));
#1350 = CARTESIAN_POINT('',(-6.9,34.814225023175,27.73172754241));
#1351 = ( BOUNDED_SURFACE() B_SPLINE_SURFACE(2,4,(
    (#1352,#1353,#1354,#1355,#1356)
    ,(#1357,#1358,#1359,#1360,#1361)
    ,(#1362,#1363,#1364,#1365,#1366
)),.UNSPECIFIED.,.F.,.F.,.F.) B_SPLINE_SURFACE_WITH_KNOTS((3,3),(5,5),(
    0.,0.525345159242),(16.8686867124,17.394031871642),
.PIECEWISE_BEZIER_KNOTS.) GEOMETRIC_REPRESENTATION_ITEM() 
RATIONAL_B_SPLINE_SURFACE((
    (1.,1.,1.,1.,1.)
    ,(0.707106781187,0.707106781187,0.706758554007,0.706123649876
      ,0.705367925273)
,(1.,1.,1.,1.,1.))) REPRESENTATION_ITEM('') SURFACE() );
#1352 = CARTESIAN_POINT('',(-6.9,35.34667519832,27.627195667782));
#1353 = CARTESIAN_POINT('',(-6.9,35.216048264013,27.657095876159));
#1354 = CARTESIAN_POINT('',(-6.9,35.085247654146,27.68408408604));
#1355 = CARTESIAN_POINT('',(-6.9,34.952077063049,27.708806944754));
#1356 = CARTESIAN_POINT('',(-6.9,34.814225023175,27.73172754241));
#1357 = CARTESIAN_POINT('',(-6.9,35.569802268986,28.601985034946));
#1358 = CARTESIAN_POINT('',(-6.9,35.4261779555,28.634860313877));
#1359 = CARTESIAN_POINT('',(-6.9,35.282449598547,28.665572677338));
#1360 = CARTESIAN_POINT('',(-6.9,35.136802834072,28.694507575982));
#1361 = CARTESIAN_POINT('',(-6.9,34.986998400591,28.721688257435));
#1362 = CARTESIAN_POINT('',(-5.9,35.569802268986,28.601985034946));
#1363 = CARTESIAN_POINT('',(-5.9,35.488302258042,28.62064020222));
#1364 = CARTESIAN_POINT('',(-5.904435102478,35.405102940512,
    28.638818082297));
#1365 = CARTESIAN_POINT('',(-5.91265851696,35.318056801525,
    28.656943259043));
#1366 = CARTESIAN_POINT('',(-5.924805328486,35.225115160645,
    28.675119829619));
#1367 = ADVANCED_FACE('',(#1368),#1387,.T.);
#1368 = FACE_BOUND('',#1369,.T.);
#1369 = EDGE_LOOP('',(#1370,#1378,#1385,#1386));
#1370 = ORIENTED_EDGE('',*,*,#1371,.F.);
#1371 = EDGE_CURVE('',#1372,#448,#1374,.T.);
#1372 = VERTEX_POINT('',#1373);
#1373 = CARTESIAN_POINT('',(6.9,35.346675198323,27.627195667781));
#1374 = ( BOUNDED_CURVE() B_SPLINE_CURVE(2,(#1375,#1376,#1377),
.UNSPECIFIED.,.F.,.F.) B_SPLINE_CURVE_WITH_KNOTS((3,3),(0.,
0.525313633489),.PIECEWISE_BEZIER_KNOTS.) CURVE() 
GEOMETRIC_REPRESENTATION_ITEM() RATIONAL_B_SPLINE_CURVE((1.,
0.707106781187,1.)) REPRESENTATION_ITEM('') );
#1375 = CARTESIAN_POINT('',(6.9,35.346675198323,27.627195667781));
#1376 = CARTESIAN_POINT('',(6.9,35.56980226899,28.601985034945));
#1377 = CARTESIAN_POINT('',(5.9,35.56980226899,28.601985034945));
#1378 = ORIENTED_EDGE('',*,*,#1379,.T.);
#1379 = EDGE_CURVE('',#1372,#1297,#1380,.T.);
#1380 = CIRCLE('',#1381,10.04999999969);
#1381 = AXIS2_PLACEMENT_3D('',#1382,#1383,#1384);
#1382 = CARTESIAN_POINT('',(6.9,33.104248138196,17.830562528086));
#1383 = DIRECTION('',(-1.,-2.4E-16,2.6E-16));
#1384 = DIRECTION('',(1.998947385027E-16,0.223127070666,0.974789367164)
  );
#1385 = ORIENTED_EDGE('',*,*,#1296,.T.);
#1386 = ORIENTED_EDGE('',*,*,#457,.F.);
#1387 = TOROIDAL_SURFACE('',#1388,10.04999999969,1.);
#1388 = AXIS2_PLACEMENT_3D('',#1389,#1390,#1391);
#1389 = CARTESIAN_POINT('',(5.9,33.104248138196,17.830562528086));
#1390 = DIRECTION('',(-1.,-2.4E-16,2.6E-16));
#1391 = DIRECTION('',(1.998947385027E-16,0.223127070666,0.974789367164)
  );
#1392 = ADVANCED_FACE('',(#1393),#1419,.F.);
#1393 = FACE_BOUND('',#1394,.F.);
#1394 = EDGE_LOOP('',(#1395,#1396,#1397,#1405));
#1395 = ORIENTED_EDGE('',*,*,#1336,.T.);
#1396 = ORIENTED_EDGE('',*,*,#408,.T.);
#1397 = ORIENTED_EDGE('',*,*,#1398,.F.);
#1398 = EDGE_CURVE('',#1399,#409,#1401,.T.);
#1399 = VERTEX_POINT('',#1400);
#1400 = CARTESIAN_POINT('',(-5.1,33.104224886551,28.507757852385));
#1401 = ( BOUNDED_CURVE() B_SPLINE_CURVE(2,(#1402,#1403,#1404),
.UNSPECIFIED.,.F.,.F.) B_SPLINE_CURVE_WITH_KNOTS((3,3),(0.,
2.581538507758),.PIECEWISE_BEZIER_KNOTS.) CURVE() 
GEOMETRIC_REPRESENTATION_ITEM() RATIONAL_B_SPLINE_CURVE((1.,
0.893592447761,1.)) REPRESENTATION_ITEM('') );
#1402 = CARTESIAN_POINT('',(-5.1,33.104224886551,28.507757852385));
#1403 = CARTESIAN_POINT('',(-5.1,33.433553720406,28.887071664122));
#1404 = CARTESIAN_POINT('',(-5.1,33.934464917461,28.849330158478));
#1405 = ORIENTED_EDGE('',*,*,#1406,.F.);
#1406 = EDGE_CURVE('',#1337,#1399,#1407,.T.);
#1407 = ( BOUNDED_CURVE() B_SPLINE_CURVE(10,(#1408,#1409,#1410,#1411,
    #1412,#1413,#1414,#1415,#1416,#1417,#1418),.UNSPECIFIED.,.F.,.F.) 
B_SPLINE_CURVE_WITH_KNOTS((11,11),(17.394031871642,19.9755703794),
.PIECEWISE_BEZIER_KNOTS.) CURVE() GEOMETRIC_REPRESENTATION_ITEM() 
RATIONAL_B_SPLINE_CURVE((1.,1.,1.,1.,1.,1.,1.,1.,1.,1.,1.)) 
REPRESENTATION_ITEM('') );
#1408 = CARTESIAN_POINT('',(-6.9,34.814225023175,27.73172754241));
#1409 = CARTESIAN_POINT('',(-6.9,34.557294476286,27.857173118602));
#1410 = CARTESIAN_POINT('',(-6.852893522995,34.293644480911,
    27.983700954928));
#1411 = CARTESIAN_POINT('',(-6.755285931545,34.034888678714,
    28.104764131961));
#1412 = CARTESIAN_POINT('',(-6.609758094082,33.791101383372,
    28.215160393898));
#1413 = CARTESIAN_POINT('',(-6.418456191554,33.573917825598,
    28.310447874325));
#1414 = CARTESIAN_POINT('',(-6.195070294392,33.390269224782,
    28.388684516242));
#1415 = CARTESIAN_POINT('',(-5.936835611674,33.247663955069,
    28.44831601125));
#1416 = CARTESIAN_POINT('',(-5.665018405916,33.152250901951,
    28.48785471309));
#1417 = CARTESIAN_POINT('',(-5.382365082118,33.104224886551,
    28.507757852385));
#1418 = CARTESIAN_POINT('',(-5.1,33.104224886551,28.507757852385));
#1419 = ( BOUNDED_SURFACE() B_SPLINE_SURFACE(2,10,(
    (#1420,#1421,#1422,#1423,#1424,#1425,#1426,#1427,#1428,#1429,#1430)
    ,(#1431,#1432,#1433,#1434,#1435,#1436,#1437,#1438,#1439,#1440,#1441)
    ,(#1442,#1443,#1444,#1445,#1446,#1447,#1448,#1449,#1450,#1451,#1452
)),.UNSPECIFIED.,.F.,.F.,.F.) B_SPLINE_SURFACE_WITH_KNOTS((3,3),(11,11),
  (0.,2.581538507758),(17.394031871642,19.9755703794),
.PIECEWISE_BEZIER_KNOTS.) GEOMETRIC_REPRESENTATION_ITEM() 
RATIONAL_B_SPLINE_SURFACE((
    (1.,1.,1.,1.,1.,1.,1.,1.,1.,1.,1.)
    ,(0.705367925273,0.732806093545,0.761594186718,0.790215720217
      ,0.817287312078,0.841356753912,0.861757422502,0.877608750121
      ,0.888243458516,0.893592447761,0.893592447761)
,(1.,1.,1.,1.,1.,1.,1.,1.,1.,1.,1.
  ))) REPRESENTATION_ITEM('') SURFACE() );
#1420 = CARTESIAN_POINT('',(-6.9,34.814225023175,27.73172754241));
#1421 = CARTESIAN_POINT('',(-6.9,34.557294476286,27.857173118602));
#1422 = CARTESIAN_POINT('',(-6.852893522995,34.293644480911,
    27.983700954928));
#1423 = CARTESIAN_POINT('',(-6.755285931545,34.034888678714,
    28.104764131961));
#1424 = CARTESIAN_POINT('',(-6.609758094082,33.791101383372,
    28.215160393898));
#1425 = CARTESIAN_POINT('',(-6.418456191554,33.573917825598,
    28.310447874325));
#1426 = CARTESIAN_POINT('',(-6.195070294392,33.390269224782,
    28.388684516242));
#1427 = CARTESIAN_POINT('',(-5.936835611674,33.247663955069,
    28.44831601125));
#1428 = CARTESIAN_POINT('',(-5.665018405916,33.152250901951,
    28.48785471309));
#1429 = CARTESIAN_POINT('',(-5.382365082118,33.104224886551,
    28.507757852385));
#1430 = CARTESIAN_POINT('',(-5.1,33.104224886551,28.507757852385));
#1431 = CARTESIAN_POINT('',(-6.9,34.986998400591,28.721688257435));
#1432 = CARTESIAN_POINT('',(-6.8233950695,34.721970060475,
    28.769511017096));
#1433 = CARTESIAN_POINT('',(-6.712336084064,34.469950547799,
    28.807971262203));
#1434 = CARTESIAN_POINT('',(-6.571799766494,34.236246798873,
    28.836845154332));
#1435 = CARTESIAN_POINT('',(-6.406783450221,34.022351685367,
    28.857350233151));
#1436 = CARTESIAN_POINT('',(-6.217818834785,33.83516040967,
    28.870852284106));
#1437 = CARTESIAN_POINT('',(-6.014374967645,33.677217367175,
    28.87890570835));
#1438 = CARTESIAN_POINT('',(-5.790651725026,33.554717566498,
    28.883406140909));
#1439 = CARTESIAN_POINT('',(-5.562109941952,33.473618908867,
    28.885856905987));
#1440 = CARTESIAN_POINT('',(-5.329561079703,33.433553720406,
    28.887071664122));
#1441 = CARTESIAN_POINT('',(-5.1,33.433553720406,28.887071664122));
#1442 = CARTESIAN_POINT('',(-5.924805328486,35.225115160645,
    28.675119829619));
#1443 = CARTESIAN_POINT('',(-5.94868103089,35.042429609491,
    28.710847591495));
#1444 = CARTESIAN_POINT('',(-5.945013392142,34.850311597346,
    28.744862291769));
#1445 = CARTESIAN_POINT('',(-5.912335947194,34.659579680964,
    28.774541907213));
#1446 = CARTESIAN_POINT('',(-5.851226692764,34.475137688834,
    28.79909716939));
#1447 = CARTESIAN_POINT('',(-5.766067408292,34.311684733603,
    28.817384159201));
#1448 = CARTESIAN_POINT('',(-5.659086006806,34.16596980699,
    28.831297939993));
#1449 = CARTESIAN_POINT('',(-5.531942268489,34.052078433466,
    28.840437987887));
#1450 = CARTESIAN_POINT('',(-5.392691789931,33.973653965269,
    28.8463827223));
#1451 = CARTESIAN_POINT('',(-5.246292447192,33.934464917461,
    28.849330158478));
#1452 = CARTESIAN_POINT('',(-5.1,33.934464917461,28.849330158478));
#1453 = ADVANCED_FACE('',(#1454),#1474,.F.);
#1454 = FACE_BOUND('',#1455,.F.);
#1455 = EDGE_LOOP('',(#1456,#1464,#1465,#1466));
#1456 = ORIENTED_EDGE('',*,*,#1457,.T.);
#1457 = EDGE_CURVE('',#1458,#433,#1460,.T.);
#1458 = VERTEX_POINT('',#1459);
#1459 = CARTESIAN_POINT('',(6.9,34.81422585816,27.731728504123));
#1460 = ( BOUNDED_CURVE() B_SPLINE_CURVE(2,(#1461,#1462,#1463),
.UNSPECIFIED.,.F.,.F.) B_SPLINE_CURVE_WITH_KNOTS((3,3),(0.,
2.581570032218),.PIECEWISE_BEZIER_KNOTS.) CURVE() 
GEOMETRIC_REPRESENTATION_ITEM() RATIONAL_B_SPLINE_CURVE((1.,
0.705368420176,1.)) REPRESENTATION_ITEM('') );
#1461 = CARTESIAN_POINT('',(6.9,34.81422585816,27.731728504123));
#1462 = CARTESIAN_POINT('',(6.9,34.987002628239,28.721687202561));
#1463 = CARTESIAN_POINT('',(5.924803155615,35.225105155734,
    28.675121786272));
#1464 = ORIENTED_EDGE('',*,*,#447,.T.);
#1465 = ORIENTED_EDGE('',*,*,#1371,.F.);
#1466 = ORIENTED_EDGE('',*,*,#1467,.F.);
#1467 = EDGE_CURVE('',#1458,#1372,#1468,.T.);
#1468 = ( BOUNDED_CURVE() B_SPLINE_CURVE(4,(#1469,#1470,#1471,#1472,
#1473),.UNSPECIFIED.,.F.,.F.) B_SPLINE_CURVE_WITH_KNOTS((5,5),(
32.757140411618,33.282454045107),.PIECEWISE_BEZIER_KNOTS.) CURVE() 
GEOMETRIC_REPRESENTATION_ITEM() RATIONAL_B_SPLINE_CURVE((1.,1.,1.,1.,1.)
) REPRESENTATION_ITEM('') );
#1469 = CARTESIAN_POINT('',(6.9,34.81422585816,27.731728504123));
#1470 = CARTESIAN_POINT('',(6.9,34.952069156185,27.708808594658));
#1471 = CARTESIAN_POINT('',(6.9,35.08526286406,27.684079476061));
#1472 = CARTESIAN_POINT('',(6.9,35.216055619352,27.657094192539));
#1473 = CARTESIAN_POINT('',(6.9,35.346675198323,27.627195667781));
#1474 = ( BOUNDED_SURFACE() B_SPLINE_SURFACE(2,4,(
    (#1475,#1476,#1477,#1478,#1479)
    ,(#1480,#1481,#1482,#1483,#1484)
    ,(#1485,#1486,#1487,#1488,#1489
)),.UNSPECIFIED.,.F.,.F.,.F.) B_SPLINE_SURFACE_WITH_KNOTS((3,3),(5,5),(
    0.,0.525313633489),(32.757140411618,33.282454045107),
.PIECEWISE_BEZIER_KNOTS.) GEOMETRIC_REPRESENTATION_ITEM() 
RATIONAL_B_SPLINE_SURFACE((
    (1.,1.,1.,1.,1.)
    ,(0.705368420176,0.706123768579,0.706757790387,0.707106781187
      ,0.707106781187)
,(1.,1.,1.,1.,1.))) REPRESENTATION_ITEM('') SURFACE() );
#1475 = CARTESIAN_POINT('',(6.9,34.81422585816,27.731728504123));
#1476 = CARTESIAN_POINT('',(6.9,34.952069156185,27.708808594658));
#1477 = CARTESIAN_POINT('',(6.9,35.08526286406,27.684079476061));
#1478 = CARTESIAN_POINT('',(6.9,35.216055619352,27.657094192539));
#1479 = CARTESIAN_POINT('',(6.9,35.346675198323,27.627195667781));
#1480 = CARTESIAN_POINT('',(6.9,34.987002628239,28.721687202561));
#1481 = CARTESIAN_POINT('',(6.9,35.136796040073,28.694508643566));
#1482 = CARTESIAN_POINT('',(6.9,35.282454769136,28.66557231696));
#1483 = CARTESIAN_POINT('',(6.9,35.426186042695,28.634858462737));
#1484 = CARTESIAN_POINT('',(6.9,35.56980226899,28.601985034945));
#1485 = CARTESIAN_POINT('',(5.924803155615,35.225105155734,
    28.675121786272));
#1486 = CARTESIAN_POINT('',(5.912658382165,35.318044600905,
    28.656945734133));
#1487 = CARTESIAN_POINT('',(5.904437319863,35.405145915558,
    28.638809047001));
#1488 = CARTESIAN_POINT('',(5.9,35.488306847144,28.620639151785));
#1489 = CARTESIAN_POINT('',(5.9,35.56980226899,28.601985034945));
#1490 = ADVANCED_FACE('',(#1491),#1510,.T.);
#1491 = FACE_BOUND('',#1492,.F.);
#1492 = EDGE_LOOP('',(#1493,#1494,#1495,#1504));
#1493 = ORIENTED_EDGE('',*,*,#1398,.T.);
#1494 = ORIENTED_EDGE('',*,*,#424,.T.);
#1495 = ORIENTED_EDGE('',*,*,#1496,.F.);
#1496 = EDGE_CURVE('',#1497,#425,#1499,.T.);
#1497 = VERTEX_POINT('',#1498);
#1498 = CARTESIAN_POINT('',(5.1,33.104224886551,28.507757852385));
#1499 = CIRCLE('',#1500,1.);
#1500 = AXIS2_PLACEMENT_3D('',#1501,#1502,#1503);
#1501 = CARTESIAN_POINT('',(5.1,33.859332177254,27.852156617238));
#1502 = DIRECTION('',(-1.,0.,0.));
#1503 = DIRECTION('',(0.,-0.755107290704,0.655601235147));
#1504 = ORIENTED_EDGE('',*,*,#1505,.F.);
#1505 = EDGE_CURVE('',#1399,#1497,#1506,.T.);
#1506 = LINE('',#1507,#1508);
#1507 = CARTESIAN_POINT('',(-5.1,33.104224886551,28.507757852385));
#1508 = VECTOR('',#1509,1.);
#1509 = DIRECTION('',(1.,0.,0.));
#1510 = CYLINDRICAL_SURFACE('',#1511,1.);
#1511 = AXIS2_PLACEMENT_3D('',#1512,#1513,#1514);
#1512 = CARTESIAN_POINT('',(-5.1,33.859332177254,27.852156617238));
#1513 = DIRECTION('',(1.,0.,0.));
#1514 = DIRECTION('',(0.,-0.755107290704,0.655601235147));
#1515 = ADVANCED_FACE('',(#1516),#1534,.F.);
#1516 = FACE_BOUND('',#1517,.F.);
#1517 = EDGE_LOOP('',(#1518,#1519,#1520,#1521));
#1518 = ORIENTED_EDGE('',*,*,#1496,.T.);
#1519 = ORIENTED_EDGE('',*,*,#432,.T.);
#1520 = ORIENTED_EDGE('',*,*,#1457,.F.);
#1521 = ORIENTED_EDGE('',*,*,#1522,.F.);
#1522 = EDGE_CURVE('',#1497,#1458,#1523,.T.);
#1523 = ( BOUNDED_CURVE() B_SPLINE_CURVE(9,(#1524,#1525,#1526,#1527,
    #1528,#1529,#1530,#1531,#1532,#1533),.UNSPECIFIED.,.F.,.F.) 
B_SPLINE_CURVE_WITH_KNOTS((10,10),(30.1755703794,32.757140411618),
.PIECEWISE_BEZIER_KNOTS.) CURVE() GEOMETRIC_REPRESENTATION_ITEM() 
RATIONAL_B_SPLINE_CURVE((1.,1.,1.,1.,1.,1.,1.,1.,1.,1.)) 
REPRESENTATION_ITEM('') );
#1524 = CARTESIAN_POINT('',(5.1,33.104224886555,28.507757852385));
#1525 = CARTESIAN_POINT('',(5.413757153871,33.104224886555,
    28.507757852385));
#1526 = CARTESIAN_POINT('',(5.727774640297,33.164291823966,
    28.482866942675));
#1527 = CARTESIAN_POINT('',(6.027032523612,33.283381189301,
    28.433496487216));
#1528 = CARTESIAN_POINT('',(6.30520465524,33.461356780728,
    28.358933538968));
#1529 = CARTESIAN_POINT('',(6.53507496736,33.68673574354,28.26178195627)
  );
#1530 = CARTESIAN_POINT('',(6.719055793371,33.948516585278,
    28.144888341768));
#1531 = CARTESIAN_POINT('',(6.841059793775,34.235094225698,
    28.01173773167));
#1532 = CARTESIAN_POINT('',(6.9,34.528745156626,27.871114574339));
#1533 = CARTESIAN_POINT('',(6.9,34.81422585816,27.731728504123));
#1534 = ( BOUNDED_SURFACE() B_SPLINE_SURFACE(2,9,(
    (#1535,#1536,#1537,#1538,#1539,#1540,#1541,#1542,#1543,#1544)
    ,(#1545,#1546,#1547,#1548,#1549,#1550,#1551,#1552,#1553,#1554)
    ,(#1555,#1556,#1557,#1558,#1559,#1560,#1561,#1562,#1563,#1564
)),.UNSPECIFIED.,.F.,.F.,.F.) B_SPLINE_SURFACE_WITH_KNOTS((3,3),(10,10),
  (0.,2.581570032218),(30.1755703794,32.757140411618),
.PIECEWISE_BEZIER_KNOTS.) GEOMETRIC_REPRESENTATION_ITEM() 
RATIONAL_B_SPLINE_SURFACE((
    (1.,1.,1.,1.,1.,1.,1.,1.,1.,1.)
    ,(0.893592447761,0.893592447761,0.886903946831,0.873622405177
      ,0.853865093063,0.828843084071,0.799815099823,0.767999315761
      ,0.735855968889,0.705368420176)
,(1.,1.,1.,1.,1.,1.,1.,1.,1.,1.))) REPRESENTATION_ITEM('') SURFACE() );
#1535 = CARTESIAN_POINT('',(5.1,33.104224886555,28.507757852385));
#1536 = CARTESIAN_POINT('',(5.413757153871,33.104224886555,
    28.507757852385));
#1537 = CARTESIAN_POINT('',(5.727774640297,33.164291823966,
    28.482866942675));
#1538 = CARTESIAN_POINT('',(6.027032523612,33.283381189301,
    28.433496487216));
#1539 = CARTESIAN_POINT('',(6.30520465524,33.461356780728,
    28.358933538968));
#1540 = CARTESIAN_POINT('',(6.53507496736,33.68673574354,28.26178195627)
  );
#1541 = CARTESIAN_POINT('',(6.719055793371,33.948516585278,
    28.144888341768));
#1542 = CARTESIAN_POINT('',(6.841059793775,34.235094225698,
    28.01173773167));
#1543 = CARTESIAN_POINT('',(6.9,34.528745156626,27.871114574339));
#1544 = CARTESIAN_POINT('',(6.9,34.81422585816,27.731728504123));
#1545 = CARTESIAN_POINT('',(5.1,33.43355372041,28.887071664122));
#1546 = CARTESIAN_POINT('',(5.355082566609,33.43355372041,
    28.887071664122));
#1547 = CARTESIAN_POINT('',(5.614162592557,33.483718908259,
    28.885549912612));
#1548 = CARTESIAN_POINT('',(5.868090028506,33.585640863957,
    28.882468148867));
#1549 = CARTESIAN_POINT('',(6.112316859562,33.73957163709,28.87650783391
    ));
#1550 = CARTESIAN_POINT('',(6.32958937451,33.933604492547,
    28.864971876662));
#1551 = CARTESIAN_POINT('',(6.524472107665,34.161455277663,
    28.845480272928));
#1552 = CARTESIAN_POINT('',(6.687682789347,34.416548678621,
    28.815945529453));
#1553 = CARTESIAN_POINT('',(6.81523590302,34.693746357464,
    28.774603302116));
#1554 = CARTESIAN_POINT('',(6.9,34.987002628239,28.721687202561));
#1555 = CARTESIAN_POINT('',(5.1,33.934464917466,28.849330158478));
#1556 = CARTESIAN_POINT('',(5.262556428182,33.934464917466,
    28.849330158478));
#1557 = CARTESIAN_POINT('',(5.4250737725,33.983420616621,28.845647768453
    ));
#1558 = CARTESIAN_POINT('',(5.57829115533,34.081507368547,
    28.838217904634));
#1559 = CARTESIAN_POINT('',(5.712203149319,34.222916878393,
    28.826563852379));
#1560 = CARTESIAN_POINT('',(5.820152840729,34.398150933202,
    28.808574850182));
#1561 = CARTESIAN_POINT('',(5.898662620152,34.594736563801,
    28.784266777072));
#1562 = CARTESIAN_POINT('',(5.943487951438,34.807682588747,
    28.752323060618));
#1563 = CARTESIAN_POINT('',(5.951329178411,35.022111345164,
    28.714821034293));
#1564 = CARTESIAN_POINT('',(5.924803155615,35.225105155734,
    28.675121786272));
#1565 = ADVANCED_FACE('',(#1566),#1591,.T.);
#1566 = FACE_BOUND('',#1567,.F.);
#1567 = EDGE_LOOP('',(#1568,#1576,#1577,#1585));
#1568 = ORIENTED_EDGE('',*,*,#1569,.F.);
#1569 = EDGE_CURVE('',#549,#1570,#1572,.T.);
#1570 = VERTEX_POINT('',#1571);
#1571 = CARTESIAN_POINT('',(-4.902042916282,8.615384985308,
    0.302042916282));
#1572 = LINE('',#1573,#1574);
#1573 = CARTESIAN_POINT('',(-5.726502399542,8.239355206226,
    1.126502399542));
#1574 = VECTOR('',#1575,1.);
#1575 = DIRECTION('',(-0.672974274836,-0.306938513089,0.672974274836));
#1576 = ORIENTED_EDGE('',*,*,#548,.T.);
#1577 = ORIENTED_EDGE('',*,*,#1578,.T.);
#1578 = EDGE_CURVE('',#551,#1579,#1581,.T.);
#1579 = VERTEX_POINT('',#1580);
#1580 = CARTESIAN_POINT('',(-5.1,8.615384985308,0.302042916282));
#1581 = LINE('',#1582,#1583);
#1582 = CARTESIAN_POINT('',(-5.1,8.684264738279,0.151021458141));
#1583 = VECTOR('',#1584,1.);
#1584 = DIRECTION('',(0.,-0.414969134306,0.909835489291));
#1585 = ORIENTED_EDGE('',*,*,#1586,.F.);
#1586 = EDGE_CURVE('',#1570,#1579,#1587,.T.);
#1587 = LINE('',#1588,#1589);
#1588 = CARTESIAN_POINT('',(-5.,8.615384985308,0.302042916282));
#1589 = VECTOR('',#1590,1.);
#1590 = DIRECTION('',(-1.,0.,0.));
#1591 = PLANE('',#1592);
#1592 = AXIS2_PLACEMENT_3D('',#1593,#1594,#1595);
#1593 = CARTESIAN_POINT('',(-5.,8.684264738279,0.151021458141));
#1594 = DIRECTION('',(0.,-0.909835489291,-0.414969134306));
#1595 = DIRECTION('',(1.,0.,-0.));
#1596 = ADVANCED_FACE('',(#1597),#1623,.T.);
#1597 = FACE_BOUND('',#1598,.F.);
#1598 = EDGE_LOOP('',(#1599,#1600,#1608,#1616,#1622));
#1599 = ORIENTED_EDGE('',*,*,#1569,.T.);
#1600 = ORIENTED_EDGE('',*,*,#1601,.T.);
#1601 = EDGE_CURVE('',#1570,#1602,#1604,.T.);
#1602 = VERTEX_POINT('',#1603);
#1603 = CARTESIAN_POINT('',(-5.,8.700433541808,0.4));
#1604 = LINE('',#1605,#1606);
#1605 = CARTESIAN_POINT('',(-6.803021678985,10.265857759388,
    2.203021678985));
#1606 = VECTOR('',#1607,1.);
#1607 = DIRECTION('',(-0.602605334574,0.523195586265,0.602605334574));
#1608 = ORIENTED_EDGE('',*,*,#1609,.F.);
#1609 = EDGE_CURVE('',#1610,#1602,#1612,.T.);
#1610 = VERTEX_POINT('',#1611);
#1611 = CARTESIAN_POINT('',(-5.,0.,0.4));
#1612 = LINE('',#1613,#1614);
#1613 = CARTESIAN_POINT('',(-5.,0.,0.4));
#1614 = VECTOR('',#1615,1.);
#1615 = DIRECTION('',(0.,1.,0.));
#1616 = ORIENTED_EDGE('',*,*,#1617,.F.);
#1617 = EDGE_CURVE('',#725,#1610,#1618,.T.);
#1618 = LINE('',#1619,#1620);
#1619 = CARTESIAN_POINT('',(-5.,2.6E-16,0.4));
#1620 = VECTOR('',#1621,1.);
#1621 = DIRECTION('',(-0.707106781187,6.E-17,0.707106781187));
#1622 = ORIENTED_EDGE('',*,*,#733,.T.);
#1623 = PLANE('',#1624);
#1624 = AXIS2_PLACEMENT_3D('',#1625,#1626,#1627);
#1625 = CARTESIAN_POINT('',(-4.8,0.,0.2));
#1626 = DIRECTION('',(-0.707106781187,0.,-0.707106781187));
#1627 = DIRECTION('',(-0.,-1.,-0.));
#1628 = ADVANCED_FACE('',(#1629),#1661,.T.);
#1629 = FACE_BOUND('',#1630,.T.);
#1630 = EDGE_LOOP('',(#1631,#1632,#1655,#1660));
#1631 = ORIENTED_EDGE('',*,*,#1578,.T.);
#1632 = ORIENTED_EDGE('',*,*,#1633,.T.);
#1633 = EDGE_CURVE('',#1579,#1634,#1636,.T.);
#1634 = VERTEX_POINT('',#1635);
#1635 = CARTESIAN_POINT('',(-6.9,11.084200752319,0.4));
#1636 = B_SPLINE_CURVE_WITH_KNOTS('',9,(#1637,#1638,#1639,#1640,#1641,
    #1642,#1643,#1644,#1645,#1646,#1647,#1648,#1649,#1650,#1651,#1652,
    #1653,#1654),.UNSPECIFIED.,.F.,.F.,(10,8,10),(0.1,3.439490621613,
    3.749225126144),.UNSPECIFIED.);
#1637 = CARTESIAN_POINT('',(-5.1,8.615384985304,0.302042916282));
#1638 = CARTESIAN_POINT('',(-5.353544730776,8.615384985304,
    0.302042916282));
#1639 = CARTESIAN_POINT('',(-5.607146811914,8.67412993581,0.308356022667
    ));
#1640 = CARTESIAN_POINT('',(-5.861578578526,8.791076157676,0.32085049244
    ));
#1641 = CARTESIAN_POINT('',(-6.121085076376,8.974609535494,
    0.338784623344));
#1642 = CARTESIAN_POINT('',(-6.362066121341,9.235282752094,
    0.358615048977));
#1643 = CARTESIAN_POINT('',(-6.567524118736,9.554961282861,
    0.375360136798));
#1644 = CARTESIAN_POINT('',(-6.72890982823,9.922140280047,0.389975093859
    ));
#1645 = CARTESIAN_POINT('',(-6.835145559802,10.32356840914,
    0.397475652299));
#1646 = CARTESIAN_POINT('',(-6.885091632216,10.775380542796,
    0.399733028141));
#1647 = CARTESIAN_POINT('',(-6.888839599008,10.814103406151,
    0.399877199618));
#1648 = CARTESIAN_POINT('',(-6.892032460441,10.8526912901,0.399947257655
    ));
#1649 = CARTESIAN_POINT('',(-6.894687048344,10.891244887534,
    0.399978954394));
#1650 = CARTESIAN_POINT('',(-6.89681512388,10.929846854919,
    0.399996236013));
#1651 = CARTESIAN_POINT('',(-6.898410325946,10.968451673577,
    0.400002177016));
#1652 = CARTESIAN_POINT('',(-6.899468234148,11.00701864463,
    0.399998864019));
#1653 = CARTESIAN_POINT('',(-6.9,11.045613080034,0.4));
#1654 = CARTESIAN_POINT('',(-6.9,11.084200752319,0.4));
#1655 = ORIENTED_EDGE('',*,*,#1656,.F.);
#1656 = EDGE_CURVE('',#559,#1634,#1657,.T.);
#1657 = B_SPLINE_CURVE_WITH_KNOTS('',1,(#1658,#1659),.UNSPECIFIED.,.F.,
  .F.,(2,2),(0.,3.649225126144),.PIECEWISE_BEZIER_KNOTS.);
#1658 = CARTESIAN_POINT('',(-6.5,11.084200752319,-9.E-17));
#1659 = CARTESIAN_POINT('',(-6.9,11.084200752319,0.4));
#1660 = ORIENTED_EDGE('',*,*,#558,.F.);
#1661 = B_SPLINE_SURFACE_WITH_KNOTS('',1,9,(
    (#1662,#1663,#1664,#1665,#1666,#1667,#1668,#1669,#1670,#1671,#1672
      ,#1673,#1674,#1675,#1676,#1677,#1678,#1679)
    ,(#1680,#1681,#1682,#1683,#1684,#1685,#1686,#1687,#1688,#1689,#1690
      ,#1691,#1692,#1693,#1694,#1695,#1696,#1697
  )),.UNSPECIFIED.,.F.,.F.,.F.,(2,2),(10,8,10),(0.,3.649225126144),(0.1,
    3.439490621613,3.749225126144),.UNSPECIFIED.);
#1662 = CARTESIAN_POINT('',(-5.1,8.753144491245,-9.E-17));
#1663 = CARTESIAN_POINT('',(-5.321703613926,8.753144491245,-9.E-17));
#1664 = CARTESIAN_POINT('',(-5.543492680401,8.810898375893,-9.E-17));
#1665 = CARTESIAN_POINT('',(-5.763985276672,8.925567751256,-9.E-17));
#1666 = CARTESIAN_POINT('',(-5.986795435003,9.106353865091,-9.E-17));
#1667 = CARTESIAN_POINT('',(-6.181551035236,9.360693624448,-9.E-17));
#1668 = CARTESIAN_POINT('',(-6.338372394878,9.665668781452,-9.E-17));
#1669 = CARTESIAN_POINT('',(-6.445506592694,10.009728807051,-9.E-17));
#1670 = CARTESIAN_POINT('',(-6.497693652062,10.37162320549,-9.E-17));
#1671 = CARTESIAN_POINT('',(-6.500222563757,10.77354207206,-9.E-17));
#1672 = CARTESIAN_POINT('',(-6.500030231618,10.813503247793,-9.E-17));
#1673 = CARTESIAN_POINT('',(-6.499977710105,10.852730734265,-9.E-17));
#1674 = CARTESIAN_POINT('',(-6.500003412821,10.891229396017,-9.E-17));
#1675 = CARTESIAN_POINT('',(-6.500007187436,10.92981683815,-9.E-17));
#1676 = CARTESIAN_POINT('',(-6.499994679872,10.968493598892,-9.E-17));
#1677 = CARTESIAN_POINT('',(-6.500001195591,11.007001295829,-9.E-17));
#1678 = CARTESIAN_POINT('',(-6.5,11.045613080034,-9.E-17));
#1679 = CARTESIAN_POINT('',(-6.5,11.084200752319,-9.E-17));
#1680 = CARTESIAN_POINT('',(-5.1,8.615384985304,0.302042916282));
#1681 = CARTESIAN_POINT('',(-5.353544730776,8.615384985304,
    0.302042916282));
#1682 = CARTESIAN_POINT('',(-5.607146811914,8.67412993581,0.308356022667
    ));
#1683 = CARTESIAN_POINT('',(-5.861578578526,8.791076157676,0.32085049244
    ));
#1684 = CARTESIAN_POINT('',(-6.121085076376,8.974609535494,
    0.338784623344));
#1685 = CARTESIAN_POINT('',(-6.362066121341,9.235282752094,
    0.358615048977));
#1686 = CARTESIAN_POINT('',(-6.567524118736,9.554961282861,
    0.375360136798));
#1687 = CARTESIAN_POINT('',(-6.72890982823,9.922140280047,0.389975093859
    ));
#1688 = CARTESIAN_POINT('',(-6.835145559802,10.32356840914,
    0.397475652299));
#1689 = CARTESIAN_POINT('',(-6.885091632216,10.775380542796,
    0.399733028141));
#1690 = CARTESIAN_POINT('',(-6.888839599008,10.814103406151,
    0.399877199618));
#1691 = CARTESIAN_POINT('',(-6.892032460441,10.8526912901,0.399947257655
    ));
#1692 = CARTESIAN_POINT('',(-6.894687048344,10.891244887534,
    0.399978954394));
#1693 = CARTESIAN_POINT('',(-6.89681512388,10.929846854919,
    0.399996236013));
#1694 = CARTESIAN_POINT('',(-6.898410325946,10.968451673577,
    0.400002177016));
#1695 = CARTESIAN_POINT('',(-6.899468234148,11.00701864463,
    0.399998864019));
#1696 = CARTESIAN_POINT('',(-6.9,11.045613080034,0.4));
#1697 = CARTESIAN_POINT('',(-6.9,11.084200752319,0.4));
#1698 = ADVANCED_FACE('',(#1699),#1718,.T.);
#1699 = FACE_BOUND('',#1700,.F.);
#1700 = EDGE_LOOP('',(#1701,#1709,#1710,#1711));
#1701 = ORIENTED_EDGE('',*,*,#1702,.F.);
#1702 = EDGE_CURVE('',#717,#1703,#1705,.T.);
#1703 = VERTEX_POINT('',#1704);
#1704 = CARTESIAN_POINT('',(-2.,-3.,0.4));
#1705 = LINE('',#1706,#1707);
#1706 = CARTESIAN_POINT('',(-2.,-2.8,0.2));
#1707 = VECTOR('',#1708,1.);
#1708 = DIRECTION('',(0.,-0.707106781187,0.707106781187));
#1709 = ORIENTED_EDGE('',*,*,#724,.T.);
#1710 = ORIENTED_EDGE('',*,*,#1617,.T.);
#1711 = ORIENTED_EDGE('',*,*,#1712,.F.);
#1712 = EDGE_CURVE('',#1703,#1610,#1713,.T.);
#1713 = CIRCLE('',#1714,3.);
#1714 = AXIS2_PLACEMENT_3D('',#1715,#1716,#1717);
#1715 = CARTESIAN_POINT('',(-2.,0.,0.4));
#1716 = DIRECTION('',(0.,0.,-1.));
#1717 = DIRECTION('',(-1.5E-16,-1.,-0.));
#1718 = CONICAL_SURFACE('',#1719,3.,0.785398163397);
#1719 = AXIS2_PLACEMENT_3D('',#1720,#1721,#1722);
#1720 = CARTESIAN_POINT('',(-2.,0.,0.4));
#1721 = DIRECTION('',(0.,0.,1.));
#1722 = DIRECTION('',(-1.5E-16,-1.,0.));
#1723 = ADVANCED_FACE('',(#1724),#1740,.T.);
#1724 = FACE_BOUND('',#1725,.F.);
#1725 = EDGE_LOOP('',(#1726,#1727,#1728,#1734));
#1726 = ORIENTED_EDGE('',*,*,#1656,.F.);
#1727 = ORIENTED_EDGE('',*,*,#581,.T.);
#1728 = ORIENTED_EDGE('',*,*,#1729,.T.);
#1729 = EDGE_CURVE('',#582,#789,#1730,.T.);
#1730 = LINE('',#1731,#1732);
#1731 = CARTESIAN_POINT('',(-6.7,24.857077968628,0.2));
#1732 = VECTOR('',#1733,1.);
#1733 = DIRECTION('',(-0.707106781187,0.,0.707106781187));
#1734 = ORIENTED_EDGE('',*,*,#1735,.F.);
#1735 = EDGE_CURVE('',#1634,#789,#1736,.T.);
#1736 = LINE('',#1737,#1738);
#1737 = CARTESIAN_POINT('',(-6.9,10.73691170176,0.4));
#1738 = VECTOR('',#1739,1.);
#1739 = DIRECTION('',(0.,1.,0.));
#1740 = PLANE('',#1741);
#1741 = AXIS2_PLACEMENT_3D('',#1742,#1743,#1744);
#1742 = CARTESIAN_POINT('',(-6.7,10.73691170176,0.2));
#1743 = DIRECTION('',(-0.707106781187,0.,-0.707106781187));
#1744 = DIRECTION('',(-0.,-1.,-0.));
#1745 = ADVANCED_FACE('',(#1746),#1764,.T.);
#1746 = FACE_BOUND('',#1747,.F.);
#1747 = EDGE_LOOP('',(#1748,#1756,#1757,#1758));
#1748 = ORIENTED_EDGE('',*,*,#1749,.F.);
#1749 = EDGE_CURVE('',#708,#1750,#1752,.T.);
#1750 = VERTEX_POINT('',#1751);
#1751 = CARTESIAN_POINT('',(2.,-3.,0.4));
#1752 = LINE('',#1753,#1754);
#1753 = CARTESIAN_POINT('',(2.,-3.,0.4));
#1754 = VECTOR('',#1755,1.);
#1755 = DIRECTION('',(-1.5E-16,-0.707106781187,0.707106781187));
#1756 = ORIENTED_EDGE('',*,*,#716,.T.);
#1757 = ORIENTED_EDGE('',*,*,#1702,.T.);
#1758 = ORIENTED_EDGE('',*,*,#1759,.F.);
#1759 = EDGE_CURVE('',#1750,#1703,#1760,.T.);
#1760 = LINE('',#1761,#1762);
#1761 = CARTESIAN_POINT('',(2.,-3.,0.4));
#1762 = VECTOR('',#1763,1.);
#1763 = DIRECTION('',(-1.,0.,0.));
#1764 = PLANE('',#1765);
#1765 = AXIS2_PLACEMENT_3D('',#1766,#1767,#1768);
#1766 = CARTESIAN_POINT('',(2.,-2.8,0.2));
#1767 = DIRECTION('',(0.,-0.707106781187,-0.707106781187));
#1768 = DIRECTION('',(1.,0.,-0.));
#1769 = ADVANCED_FACE('',(#1770),#1776,.T.);
#1770 = FACE_BOUND('',#1771,.T.);
#1771 = EDGE_LOOP('',(#1772,#1773,#1774,#1775));
#1772 = ORIENTED_EDGE('',*,*,#1729,.T.);
#1773 = ORIENTED_EDGE('',*,*,#813,.T.);
#1774 = ORIENTED_EDGE('',*,*,#834,.F.);
#1775 = ORIENTED_EDGE('',*,*,#589,.F.);
#1776 = B_SPLINE_SURFACE_WITH_KNOTS('',1,9,(
    (#1777,#1778,#1779,#1780,#1781,#1782,#1783,#1784,#1785,#1786)
    ,(#1787,#1788,#1789,#1790,#1791,#1792,#1793,#1794,#1795,#1796
  )),.UNSPECIFIED.,.F.,.F.,.F.,(2,2),(10,10),(0.,2.953938766198),(
    17.522810601282,20.47674936748),.PIECEWISE_BEZIER_KNOTS.);
#1777 = CARTESIAN_POINT('',(-6.500000716118,24.856321071259,-9.E-17));
#1778 = CARTESIAN_POINT('',(-6.499423100002,25.161575181237,-9.E-17));
#1779 = CARTESIAN_POINT('',(-6.440439367285,25.457924671396,-9.E-17));
#1780 = CARTESIAN_POINT('',(-6.327826169033,25.735267877017,-9.E-17));
#1781 = CARTESIAN_POINT('',(-6.167814712281,25.983057263283,-9.E-17));
#1782 = CARTESIAN_POINT('',(-5.97061302823,26.189233889332,-9.E-17));
#1783 = CARTESIAN_POINT('',(-5.749347809474,26.345755826873,-9.E-17));
#1784 = CARTESIAN_POINT('',(-5.520641358762,26.446140963777,-9.E-17));
#1785 = CARTESIAN_POINT('',(-5.301067875013,26.493556128584,-9.E-17));
#1786 = CARTESIAN_POINT('',(-5.1,26.493556128583,-9.E-17));
#1787 = CARTESIAN_POINT('',(-6.9,24.857077968628,0.4));
#1788 = CARTESIAN_POINT('',(-6.9,25.230372864688,0.4));
#1789 = CARTESIAN_POINT('',(-6.850612499279,25.594116371035,
    0.400210333281));
#1790 = CARTESIAN_POINT('',(-6.754016014833,25.949871780755,
    0.39866173295));
#1791 = CARTESIAN_POINT('',(-6.614488597261,26.292998754418,
    0.396726215562));
#1792 = CARTESIAN_POINT('',(-6.403048059942,26.629074993461,
    0.363003168504));
#1793 = CARTESIAN_POINT('',(-6.114423071583,26.885345745953,
    0.329923791636));
#1794 = CARTESIAN_POINT('',(-5.787249146115,27.067003018053,
    0.309782529234));
#1795 = CARTESIAN_POINT('',(-5.439887978763,27.155796622643,
    0.302042916282));
#1796 = CARTESIAN_POINT('',(-5.1,27.155796622642,0.302042916282));
#1797 = ADVANCED_FACE('',(#1798),#1817,.T.);
#1798 = FACE_BOUND('',#1799,.F.);
#1799 = EDGE_LOOP('',(#1800,#1808,#1809,#1810));
#1800 = ORIENTED_EDGE('',*,*,#1801,.F.);
#1801 = EDGE_CURVE('',#700,#1802,#1804,.T.);
#1802 = VERTEX_POINT('',#1803);
#1803 = CARTESIAN_POINT('',(5.,0.,0.4));
#1804 = LINE('',#1805,#1806);
#1805 = CARTESIAN_POINT('',(4.8,0.,0.2));
#1806 = VECTOR('',#1807,1.);
#1807 = DIRECTION('',(0.707106781187,0.,0.707106781187));
#1808 = ORIENTED_EDGE('',*,*,#707,.T.);
#1809 = ORIENTED_EDGE('',*,*,#1749,.T.);
#1810 = ORIENTED_EDGE('',*,*,#1811,.F.);
#1811 = EDGE_CURVE('',#1802,#1750,#1812,.T.);
#1812 = CIRCLE('',#1813,3.);
#1813 = AXIS2_PLACEMENT_3D('',#1814,#1815,#1816);
#1814 = CARTESIAN_POINT('',(2.,0.,0.4));
#1815 = DIRECTION('',(0.,0.,-1.));
#1816 = DIRECTION('',(1.,-2.8E-16,0.));
#1817 = CONICAL_SURFACE('',#1818,3.,0.785398163397);
#1818 = AXIS2_PLACEMENT_3D('',#1819,#1820,#1821);
#1819 = CARTESIAN_POINT('',(2.,0.,0.4));
#1820 = DIRECTION('',(0.,0.,1.));
#1821 = DIRECTION('',(1.,-2.8E-16,0.));
#1822 = ADVANCED_FACE('',(#1823),#1849,.T.);
#1823 = FACE_BOUND('',#1824,.F.);
#1824 = EDGE_LOOP('',(#1825,#1833,#1834,#1835,#1843));
#1825 = ORIENTED_EDGE('',*,*,#1826,.F.);
#1826 = EDGE_CURVE('',#692,#1827,#1829,.T.);
#1827 = VERTEX_POINT('',#1828);
#1828 = CARTESIAN_POINT('',(4.902042916282,8.615384985308,0.302042916282
    ));
#1829 = LINE('',#1830,#1831);
#1830 = CARTESIAN_POINT('',(4.886427157872,8.622507215453,0.286427157872
    ));
#1831 = VECTOR('',#1832,1.);
#1832 = DIRECTION('',(0.672974274836,-0.306938513089,0.672974274836));
#1833 = ORIENTED_EDGE('',*,*,#699,.T.);
#1834 = ORIENTED_EDGE('',*,*,#1801,.T.);
#1835 = ORIENTED_EDGE('',*,*,#1836,.F.);
#1836 = EDGE_CURVE('',#1837,#1802,#1839,.T.);
#1837 = VERTEX_POINT('',#1838);
#1838 = CARTESIAN_POINT('',(5.,8.700433541808,0.4));
#1839 = LINE('',#1840,#1841);
#1840 = CARTESIAN_POINT('',(5.,8.353144491249,0.4));
#1841 = VECTOR('',#1842,1.);
#1842 = DIRECTION('',(0.,-1.,0.));
#1843 = ORIENTED_EDGE('',*,*,#1844,.F.);
#1844 = EDGE_CURVE('',#1827,#1837,#1845,.T.);
#1845 = LINE('',#1846,#1847);
#1846 = CARTESIAN_POINT('',(8.119813261508,11.409126005585,
    3.519813261508));
#1847 = VECTOR('',#1848,1.);
#1848 = DIRECTION('',(0.602605334574,0.523195586265,0.602605334574));
#1849 = PLANE('',#1850);
#1850 = AXIS2_PLACEMENT_3D('',#1851,#1852,#1853);
#1851 = CARTESIAN_POINT('',(4.8,8.353144491249,0.2));
#1852 = DIRECTION('',(0.707106781187,1.3E-16,-0.707106781187));
#1853 = DIRECTION('',(-9.192388155425E-17,1.,9.192388155425E-17));
#1854 = ADVANCED_FACE('',(#1855),#1872,.T.);
#1855 = FACE_BOUND('',#1856,.F.);
#1856 = EDGE_LOOP('',(#1857,#1864,#1865,#1866));
#1857 = ORIENTED_EDGE('',*,*,#1858,.F.);
#1858 = EDGE_CURVE('',#669,#1859,#1861,.T.);
#1859 = VERTEX_POINT('',#1860);
#1860 = CARTESIAN_POINT('',(5.1,8.615384985308,0.302042916282));
#1861 = B_SPLINE_CURVE_WITH_KNOTS('',1,(#1862,#1863),.UNSPECIFIED.,.F.,
  .F.,(2,2),(0.,3.649225126145),.PIECEWISE_BEZIER_KNOTS.);
#1862 = CARTESIAN_POINT('',(5.1,8.75314449125,-9.E-17));
#1863 = CARTESIAN_POINT('',(5.1,8.615384985308,0.302042916282));
#1864 = ORIENTED_EDGE('',*,*,#691,.T.);
#1865 = ORIENTED_EDGE('',*,*,#1826,.T.);
#1866 = ORIENTED_EDGE('',*,*,#1867,.F.);
#1867 = EDGE_CURVE('',#1859,#1827,#1868,.T.);
#1868 = LINE('',#1869,#1870);
#1869 = CARTESIAN_POINT('',(5.1,8.615384985308,0.302042916282));
#1870 = VECTOR('',#1871,1.);
#1871 = DIRECTION('',(-1.,0.,0.));
#1872 = PLANE('',#1873);
#1873 = AXIS2_PLACEMENT_3D('',#1874,#1875,#1876);
#1874 = CARTESIAN_POINT('',(5.1,8.684264738279,0.151021458141));
#1875 = DIRECTION('',(0.,-0.909835489291,-0.414969134306));
#1876 = DIRECTION('',(1.,0.,-0.));
#1877 = ADVANCED_FACE('',(#1878),#1911,.T.);
#1878 = FACE_BOUND('',#1879,.T.);
#1879 = EDGE_LOOP('',(#1880,#1888,#1909,#1910));
#1880 = ORIENTED_EDGE('',*,*,#1881,.T.);
#1881 = EDGE_CURVE('',#661,#1882,#1884,.T.);
#1882 = VERTEX_POINT('',#1883);
#1883 = CARTESIAN_POINT('',(6.9,11.084200752323,0.4));
#1884 = LINE('',#1885,#1886);
#1885 = CARTESIAN_POINT('',(6.7,11.084200752323,0.2));
#1886 = VECTOR('',#1887,1.);
#1887 = DIRECTION('',(0.707106781187,0.,0.707106781187));
#1888 = ORIENTED_EDGE('',*,*,#1889,.T.);
#1889 = EDGE_CURVE('',#1882,#1859,#1890,.T.);
#1890 = B_SPLINE_CURVE_WITH_KNOTS('',9,(#1891,#1892,#1893,#1894,#1895,
    #1896,#1897,#1898,#1899,#1900,#1901,#1902,#1903,#1904,#1905,#1906,
    #1907,#1908),.UNSPECIFIED.,.F.,.F.,(10,8,10),(16.827524241331,
    17.137258745863,20.476749367476),.UNSPECIFIED.);
#1891 = CARTESIAN_POINT('',(6.9,11.084200752323,0.4));
#1892 = CARTESIAN_POINT('',(6.9,11.045613080039,0.4));
#1893 = CARTESIAN_POINT('',(6.899468234148,11.007018644634,
    0.399998864019));
#1894 = CARTESIAN_POINT('',(6.898410325946,10.968451673583,
    0.400002177016));
#1895 = CARTESIAN_POINT('',(6.896815123879,10.929846854921,
    0.399996236013));
#1896 = CARTESIAN_POINT('',(6.894687048345,10.89124488754,0.399978954394
    ));
#1897 = CARTESIAN_POINT('',(6.89203246044,10.852691290103,0.399947257655
    ));
#1898 = CARTESIAN_POINT('',(6.888839599008,10.814103406156,
    0.399877199618));
#1899 = CARTESIAN_POINT('',(6.885091632216,10.7753805428,0.399733028141)
  );
#1900 = CARTESIAN_POINT('',(6.835145559802,10.323568409144,
    0.397475652299));
#1901 = CARTESIAN_POINT('',(6.72890982823,9.922140280052,0.389975093859)
  );
#1902 = CARTESIAN_POINT('',(6.567524118735,9.554961282864,0.375360136798
    ));
#1903 = CARTESIAN_POINT('',(6.362066121343,9.2352827521,0.358615048977)
  );
#1904 = CARTESIAN_POINT('',(6.121085076374,8.974609535497,0.338784623343
    ));
#1905 = CARTESIAN_POINT('',(5.861578578528,8.791076157681,0.32085049244)
  );
#1906 = CARTESIAN_POINT('',(5.607146811913,8.674129935814,0.308356022667
    ));
#1907 = CARTESIAN_POINT('',(5.353544730777,8.615384985308,0.302042916282
    ));
#1908 = CARTESIAN_POINT('',(5.1,8.615384985308,0.302042916282));
#1909 = ORIENTED_EDGE('',*,*,#1858,.F.);
#1910 = ORIENTED_EDGE('',*,*,#668,.F.);
#1911 = B_SPLINE_SURFACE_WITH_KNOTS('',1,9,(
    (#1912,#1913,#1914,#1915,#1916,#1917,#1918,#1919,#1920,#1921,#1922
      ,#1923,#1924,#1925,#1926,#1927,#1928,#1929)
    ,(#1930,#1931,#1932,#1933,#1934,#1935,#1936,#1937,#1938,#1939,#1940
      ,#1941,#1942,#1943,#1944,#1945,#1946,#1947
  )),.UNSPECIFIED.,.F.,.F.,.F.,(2,2),(10,8,10),(0.,3.649225126145),(
    16.827524241331,17.137258745863,20.476749367476),.UNSPECIFIED.);
#1912 = CARTESIAN_POINT('',(6.5,11.084200752323,-9.E-17));
#1913 = CARTESIAN_POINT('',(6.5,11.045613080039,-9.E-17));
#1914 = CARTESIAN_POINT('',(6.500001195591,11.007001295833,-9.E-17));
#1915 = CARTESIAN_POINT('',(6.499994679872,10.968493598897,-9.E-17));
#1916 = CARTESIAN_POINT('',(6.500007187436,10.929816838154,-9.E-17));
#1917 = CARTESIAN_POINT('',(6.500003412821,10.891229396022,-9.E-17));
#1918 = CARTESIAN_POINT('',(6.499977710105,10.852730734268,-9.E-17));
#1919 = CARTESIAN_POINT('',(6.500030231618,10.813503247797,-9.E-17));
#1920 = CARTESIAN_POINT('',(6.500222563757,10.773542072064,-9.E-17));
#1921 = CARTESIAN_POINT('',(6.497693652061,10.371623205494,-9.E-17));
#1922 = CARTESIAN_POINT('',(6.445506592695,10.009728807057,-9.E-17));
#1923 = CARTESIAN_POINT('',(6.338372394876,9.665668781454,-9.E-17));
#1924 = CARTESIAN_POINT('',(6.181551035239,9.360693624454,-9.E-17));
#1925 = CARTESIAN_POINT('',(5.986795435,9.106353865093,-9.E-17));
#1926 = CARTESIAN_POINT('',(5.763985276675,8.925567751261,-9.E-17));
#1927 = CARTESIAN_POINT('',(5.5434926804,8.810898375897,-9.E-17));
#1928 = CARTESIAN_POINT('',(5.321703613927,8.75314449125,-9.E-17));
#1929 = CARTESIAN_POINT('',(5.1,8.75314449125,-9.E-17));
#1930 = CARTESIAN_POINT('',(6.9,11.084200752323,0.4));
#1931 = CARTESIAN_POINT('',(6.9,11.045613080039,0.4));
#1932 = CARTESIAN_POINT('',(6.899468234148,11.007018644634,
    0.399998864019));
#1933 = CARTESIAN_POINT('',(6.898410325946,10.968451673583,
    0.400002177016));
#1934 = CARTESIAN_POINT('',(6.896815123879,10.929846854921,
    0.399996236013));
#1935 = CARTESIAN_POINT('',(6.894687048345,10.89124488754,0.399978954394
    ));
#1936 = CARTESIAN_POINT('',(6.89203246044,10.852691290103,0.399947257655
    ));
#1937 = CARTESIAN_POINT('',(6.888839599008,10.814103406156,
    0.399877199618));
#1938 = CARTESIAN_POINT('',(6.885091632216,10.7753805428,0.399733028141)
  );
#1939 = CARTESIAN_POINT('',(6.835145559802,10.323568409144,
    0.397475652299));
#1940 = CARTESIAN_POINT('',(6.72890982823,9.922140280052,0.389975093859)
  );
#1941 = CARTESIAN_POINT('',(6.567524118735,9.554961282864,0.375360136798
    ));
#1942 = CARTESIAN_POINT('',(6.362066121343,9.2352827521,0.358615048977)
  );
#1943 = CARTESIAN_POINT('',(6.121085076374,8.974609535497,0.338784623343
    ));
#1944 = CARTESIAN_POINT('',(5.861578578528,8.791076157681,0.32085049244)
  );
#1945 = CARTESIAN_POINT('',(5.607146811913,8.674129935814,0.308356022667
    ));
#1946 = CARTESIAN_POINT('',(5.353544730777,8.615384985308,0.302042916282
    ));
#1947 = CARTESIAN_POINT('',(5.1,8.615384985308,0.302042916282));
#1948 = ADVANCED_FACE('',(#1949),#1966,.T.);
#1949 = FACE_BOUND('',#1950,.F.);
#1950 = EDGE_LOOP('',(#1951,#1958,#1959,#1960));
#1951 = ORIENTED_EDGE('',*,*,#1952,.F.);
#1952 = EDGE_CURVE('',#646,#1953,#1955,.T.);
#1953 = VERTEX_POINT('',#1954);
#1954 = CARTESIAN_POINT('',(6.9,24.857077968628,0.4));
#1955 = B_SPLINE_CURVE_WITH_KNOTS('',1,(#1956,#1957),.UNSPECIFIED.,.F.,
  .F.,(2,2),(0.,2.953938766197),.PIECEWISE_BEZIER_KNOTS.);
#1956 = CARTESIAN_POINT('',(6.500000716118,24.856321071259,-9.E-17));
#1957 = CARTESIAN_POINT('',(6.9,24.857077968628,0.4));
#1958 = ORIENTED_EDGE('',*,*,#660,.T.);
#1959 = ORIENTED_EDGE('',*,*,#1881,.T.);
#1960 = ORIENTED_EDGE('',*,*,#1961,.F.);
#1961 = EDGE_CURVE('',#1953,#1882,#1962,.T.);
#1962 = LINE('',#1963,#1964);
#1963 = CARTESIAN_POINT('',(6.9,24.509788918069,0.4));
#1964 = VECTOR('',#1965,1.);
#1965 = DIRECTION('',(0.,-1.,0.));
#1966 = PLANE('',#1967);
#1967 = AXIS2_PLACEMENT_3D('',#1968,#1969,#1970);
#1968 = CARTESIAN_POINT('',(6.7,24.509788918069,0.2));
#1969 = DIRECTION('',(0.707106781187,1.3E-16,-0.707106781187));
#1970 = DIRECTION('',(-9.192388155425E-17,1.,9.192388155425E-17));
#1971 = ADVANCED_FACE('',(#1972),#1983,.T.);
#1972 = FACE_BOUND('',#1973,.T.);
#1973 = EDGE_LOOP('',(#1974,#1975,#1976,#1982));
#1974 = ORIENTED_EDGE('',*,*,#771,.F.);
#1975 = ORIENTED_EDGE('',*,*,#931,.T.);
#1976 = ORIENTED_EDGE('',*,*,#1977,.T.);
#1977 = EDGE_CURVE('',#851,#621,#1978,.T.);
#1978 = LINE('',#1979,#1980);
#1979 = CARTESIAN_POINT('',(5.,41.,0.4));
#1980 = VECTOR('',#1981,1.);
#1981 = DIRECTION('',(-0.707106781187,1.E-17,-0.707106781187));
#1982 = ORIENTED_EDGE('',*,*,#620,.F.);
#1983 = CONICAL_SURFACE('',#1984,3.,0.785398163397);
#1984 = AXIS2_PLACEMENT_3D('',#1985,#1986,#1987);
#1985 = CARTESIAN_POINT('',(2.,41.,0.4));
#1986 = DIRECTION('',(-0.,-0.,1.));
#1987 = DIRECTION('',(7.E-17,1.,0.));
#1988 = ADVANCED_FACE('',(#1989),#2014,.T.);
#1989 = FACE_BOUND('',#1990,.T.);
#1990 = EDGE_LOOP('',(#1991,#1999,#2012,#2013));
#1991 = ORIENTED_EDGE('',*,*,#1992,.T.);
#1992 = EDGE_CURVE('',#638,#1993,#1995,.T.);
#1993 = VERTEX_POINT('',#1994);
#1994 = CARTESIAN_POINT('',(5.1,27.155796622642,0.302042916282));
#1995 = LINE('',#1996,#1997);
#1996 = CARTESIAN_POINT('',(5.1,26.824676375613,0.151021458141));
#1997 = VECTOR('',#1998,1.);
#1998 = DIRECTION('',(-0.,0.909835489291,0.414969134306));
#1999 = ORIENTED_EDGE('',*,*,#2000,.T.);
#2000 = EDGE_CURVE('',#1993,#1953,#2001,.T.);
#2001 = B_SPLINE_CURVE_WITH_KNOTS('',9,(#2002,#2003,#2004,#2005,#2006,
    #2007,#2008,#2009,#2010,#2011),.UNSPECIFIED.,.F.,.F.,(10,10),(0.1,
    3.053938766197),.PIECEWISE_BEZIER_KNOTS.);
#2002 = CARTESIAN_POINT('',(5.1,27.155796622642,0.302042916282));
#2003 = CARTESIAN_POINT('',(5.439887978763,27.155796622642,
    0.302042916282));
#2004 = CARTESIAN_POINT('',(5.787249146116,27.067003018056,
    0.309782529234));
#2005 = CARTESIAN_POINT('',(6.114423071582,26.885345745944,
    0.329923791635));
#2006 = CARTESIAN_POINT('',(6.403048059944,26.629074993474,
    0.363003168504));
#2007 = CARTESIAN_POINT('',(6.614488597258,26.292998754405,
    0.396726215562));
#2008 = CARTESIAN_POINT('',(6.754016014835,25.949871780764,0.39866173295
    ));
#2009 = CARTESIAN_POINT('',(6.850612499278,25.594116371031,
    0.400210333281));
#2010 = CARTESIAN_POINT('',(6.9,25.230372864689,0.4));
#2011 = CARTESIAN_POINT('',(6.9,24.857077968628,0.4));
#2012 = ORIENTED_EDGE('',*,*,#1952,.F.);
#2013 = ORIENTED_EDGE('',*,*,#645,.F.);
#2014 = B_SPLINE_SURFACE_WITH_KNOTS('',1,9,(
    (#2015,#2016,#2017,#2018,#2019,#2020,#2021,#2022,#2023,#2024)
    ,(#2025,#2026,#2027,#2028,#2029,#2030,#2031,#2032,#2033,#2034
  )),.UNSPECIFIED.,.F.,.F.,.F.,(2,2),(10,10),(0.,2.953938766197),(0.1,
    3.053938766197),.PIECEWISE_BEZIER_KNOTS.);
#2015 = CARTESIAN_POINT('',(5.1,26.493556128583,-9.E-17));
#2016 = CARTESIAN_POINT('',(5.301067875013,26.493556128583,-9.E-17));
#2017 = CARTESIAN_POINT('',(5.520641358763,26.446140963779,-9.E-17));
#2018 = CARTESIAN_POINT('',(5.749347809472,26.345755826868,-9.E-17));
#2019 = CARTESIAN_POINT('',(5.970613028232,26.18923388934,-9.E-17));
#2020 = CARTESIAN_POINT('',(6.167814712278,25.983057263275,-9.E-17));
#2021 = CARTESIAN_POINT('',(6.327826169034,25.735267877022,-9.E-17));
#2022 = CARTESIAN_POINT('',(6.440439367284,25.457924671393,-9.E-17));
#2023 = CARTESIAN_POINT('',(6.499423100002,25.161575181238,-9.E-17));
#2024 = CARTESIAN_POINT('',(6.500000716118,24.856321071259,-9.E-17));
#2025 = CARTESIAN_POINT('',(5.1,27.155796622642,0.302042916282));
#2026 = CARTESIAN_POINT('',(5.439887978763,27.155796622642,
    0.302042916282));
#2027 = CARTESIAN_POINT('',(5.787249146116,27.067003018056,
    0.309782529234));
#2028 = CARTESIAN_POINT('',(6.114423071582,26.885345745944,
    0.329923791635));
#2029 = CARTESIAN_POINT('',(6.403048059944,26.629074993474,
    0.363003168504));
#2030 = CARTESIAN_POINT('',(6.614488597258,26.292998754405,
    0.396726215562));
#2031 = CARTESIAN_POINT('',(6.754016014835,25.949871780764,0.39866173295
    ));
#2032 = CARTESIAN_POINT('',(6.850612499278,25.594116371031,
    0.400210333281));
#2033 = CARTESIAN_POINT('',(6.9,25.230372864689,0.4));
#2034 = CARTESIAN_POINT('',(6.9,24.857077968628,0.4));
#2035 = ADVANCED_FACE('',(#2036),#2062,.T.);
#2036 = FACE_BOUND('',#2037,.T.);
#2037 = EDGE_LOOP('',(#2038,#2046,#2047,#2048,#2056));
#2038 = ORIENTED_EDGE('',*,*,#2039,.F.);
#2039 = EDGE_CURVE('',#630,#2040,#2042,.T.);
#2040 = VERTEX_POINT('',#2041);
#2041 = CARTESIAN_POINT('',(4.902042916281,27.155796622642,
    0.302042916282));
#2042 = LINE('',#2043,#2044);
#2043 = CARTESIAN_POINT('',(7.059369035365,31.885815563448,
    2.459369035365));
#2044 = VECTOR('',#2045,1.);
#2045 = DIRECTION('',(0.383279022874,0.840353723886,0.383279022874));
#2046 = ORIENTED_EDGE('',*,*,#629,.F.);
#2047 = ORIENTED_EDGE('',*,*,#1977,.F.);
#2048 = ORIENTED_EDGE('',*,*,#2049,.T.);
#2049 = EDGE_CURVE('',#851,#2050,#2052,.T.);
#2050 = VERTEX_POINT('',#2051);
#2051 = CARTESIAN_POINT('',(5.,27.240845179143,0.4));
#2052 = LINE('',#2053,#2054);
#2053 = CARTESIAN_POINT('',(5.,41.,0.4));
#2054 = VECTOR('',#2055,1.);
#2055 = DIRECTION('',(0.,-1.,0.));
#2056 = ORIENTED_EDGE('',*,*,#2057,.F.);
#2057 = EDGE_CURVE('',#2040,#2050,#2058,.T.);
#2058 = LINE('',#2059,#2060);
#2059 = CARTESIAN_POINT('',(10.304505653713,31.84633700955,
    5.704505653713));
#2060 = VECTOR('',#2061,1.);
#2061 = DIRECTION('',(0.602605334574,0.523195586265,0.602605334574));
#2062 = PLANE('',#2063);
#2063 = AXIS2_PLACEMENT_3D('',#2064,#2065,#2066);
#2064 = CARTESIAN_POINT('',(4.8,41.,0.2));
#2065 = DIRECTION('',(0.707106781187,-0.,-0.707106781187));
#2066 = DIRECTION('',(0.,-1.,0.));
#2067 = ADVANCED_FACE('',(#2068),#2079,.T.);
#2068 = FACE_BOUND('',#2069,.F.);
#2069 = EDGE_LOOP('',(#2070,#2071,#2072,#2073));
#2070 = ORIENTED_EDGE('',*,*,#2039,.F.);
#2071 = ORIENTED_EDGE('',*,*,#637,.T.);
#2072 = ORIENTED_EDGE('',*,*,#1992,.T.);
#2073 = ORIENTED_EDGE('',*,*,#2074,.F.);
#2074 = EDGE_CURVE('',#2040,#1993,#2075,.T.);
#2075 = LINE('',#2076,#2077);
#2076 = CARTESIAN_POINT('',(5.,27.155796622642,0.302042916282));
#2077 = VECTOR('',#2078,1.);
#2078 = DIRECTION('',(1.,0.,0.));
#2079 = PLANE('',#2080);
#2080 = AXIS2_PLACEMENT_3D('',#2081,#2082,#2083);
#2081 = CARTESIAN_POINT('',(5.,26.824676375613,0.151021458141));
#2082 = DIRECTION('',(7.3E-16,0.414969134306,-0.909835489291));
#2083 = DIRECTION('',(-1.,3.020822473831E-16,-6.645654059784E-16));
#2084 = ADVANCED_FACE('',(#2085),#2104,.F.);
#2085 = FACE_BOUND('',#2086,.F.);
#2086 = EDGE_LOOP('',(#2087,#2095,#2096,#2097));
#2087 = ORIENTED_EDGE('',*,*,#2088,.F.);
#2088 = EDGE_CURVE('',#742,#2089,#2091,.T.);
#2089 = VERTEX_POINT('',#2090);
#2090 = CARTESIAN_POINT('',(2.05,3.,0.4));
#2091 = LINE('',#2092,#2093);
#2092 = CARTESIAN_POINT('',(2.05,3.,0.4));
#2093 = VECTOR('',#2094,1.);
#2094 = DIRECTION('',(-0.707106781187,-1.5E-16,0.707106781187));
#2095 = ORIENTED_EDGE('',*,*,#741,.T.);
#2096 = ORIENTED_EDGE('',*,*,#2088,.T.);
#2097 = ORIENTED_EDGE('',*,*,#2098,.F.);
#2098 = EDGE_CURVE('',#2089,#2089,#2099,.T.);
#2099 = CIRCLE('',#2100,2.05);
#2100 = AXIS2_PLACEMENT_3D('',#2101,#2102,#2103);
#2101 = CARTESIAN_POINT('',(0.,3.,0.4));
#2102 = DIRECTION('',(0.,-0.,1.));
#2103 = DIRECTION('',(1.,2.2E-16,0.));
#2104 = CONICAL_SURFACE('',#2105,2.05,0.785398163397);
#2105 = AXIS2_PLACEMENT_3D('',#2106,#2107,#2108);
#2106 = CARTESIAN_POINT('',(0.,3.,0.4));
#2107 = DIRECTION('',(-0.,-0.,-1.));
#2108 = DIRECTION('',(1.,2.2E-16,-0.));
#2109 = ADVANCED_FACE('',(#2110),#2129,.F.);
#2110 = FACE_BOUND('',#2111,.F.);
#2111 = EDGE_LOOP('',(#2112,#2120,#2121,#2122));
#2112 = ORIENTED_EDGE('',*,*,#2113,.F.);
#2113 = EDGE_CURVE('',#753,#2114,#2116,.T.);
#2114 = VERTEX_POINT('',#2115);
#2115 = CARTESIAN_POINT('',(2.05,38.,0.4));
#2116 = LINE('',#2117,#2118);
#2117 = CARTESIAN_POINT('',(2.05,38.,0.4));
#2118 = VECTOR('',#2119,1.);
#2119 = DIRECTION('',(-0.707106781187,0.,0.707106781187));
#2120 = ORIENTED_EDGE('',*,*,#752,.T.);
#2121 = ORIENTED_EDGE('',*,*,#2113,.T.);
#2122 = ORIENTED_EDGE('',*,*,#2123,.F.);
#2123 = EDGE_CURVE('',#2114,#2114,#2124,.T.);
#2124 = CIRCLE('',#2125,2.05);
#2125 = AXIS2_PLACEMENT_3D('',#2126,#2127,#2128);
#2126 = CARTESIAN_POINT('',(0.,38.,0.4));
#2127 = DIRECTION('',(0.,0.,1.));
#2128 = DIRECTION('',(1.,0.,-0.));
#2129 = CONICAL_SURFACE('',#2130,2.05,0.785398163397);
#2130 = AXIS2_PLACEMENT_3D('',#2131,#2132,#2133);
#2131 = CARTESIAN_POINT('',(0.,38.,0.4));
#2132 = DIRECTION('',(-0.,-0.,-1.));
#2133 = DIRECTION('',(1.,0.,-0.));
#2134 = ADVANCED_FACE('',(#2135,#2148),#2159,.T.);
#2135 = FACE_BOUND('',#2136,.T.);
#2136 = EDGE_LOOP('',(#2137,#2143,#2144,#2145,#2146,#2147));
#2137 = ORIENTED_EDGE('',*,*,#2138,.F.);
#2138 = EDGE_CURVE('',#1337,#1634,#2139,.T.);
#2139 = LINE('',#2140,#2141);
#2140 = CARTESIAN_POINT('',(-6.9,34.783080786777,27.695856286064));
#2141 = VECTOR('',#2142,1.);
#2142 = DIRECTION('',(-0.,-0.655601235147,-0.755107290704));
#2143 = ORIENTED_EDGE('',*,*,#1344,.F.);
#2144 = ORIENTED_EDGE('',*,*,#1271,.F.);
#2145 = ORIENTED_EDGE('',*,*,#1174,.F.);
#2146 = ORIENTED_EDGE('',*,*,#786,.T.);
#2147 = ORIENTED_EDGE('',*,*,#1735,.F.);
#2148 = FACE_BOUND('',#2149,.T.);
#2149 = EDGE_LOOP('',(#2150));
#2150 = ORIENTED_EDGE('',*,*,#2151,.F.);
#2151 = EDGE_CURVE('',#2152,#2152,#2154,.T.);
#2152 = VERTEX_POINT('',#2153);
#2153 = CARTESIAN_POINT('',(-6.9,28.740847466412,14.878092884034));
#2154 = CIRCLE('',#2155,1.8);
#2155 = AXIS2_PLACEMENT_3D('',#2156,#2157,#2158);
#2156 = CARTESIAN_POINT('',(-6.9,30.540847466412,14.878092884034));
#2157 = DIRECTION('',(-1.,0.,0.));
#2158 = DIRECTION('',(0.,-1.,0.));
#2159 = PLANE('',#2160);
#2160 = AXIS2_PLACEMENT_3D('',#2161,#2162,#2163);
#2161 = CARTESIAN_POINT('',(-6.9,27.033218842684,12.16379330926));
#2162 = DIRECTION('',(-1.,-0.,-0.));
#2163 = DIRECTION('',(0.,0.,-1.));
#2164 = ADVANCED_FACE('',(#2165),#2175,.T.);
#2165 = FACE_BOUND('',#2166,.T.);
#2166 = EDGE_LOOP('',(#2167,#2173,#2174));
#2167 = ORIENTED_EDGE('',*,*,#2168,.F.);
#2168 = EDGE_CURVE('',#2050,#853,#2169,.T.);
#2169 = LINE('',#2170,#2171);
#2170 = CARTESIAN_POINT('',(5.,35.047244806602,9.391241865982));
#2171 = VECTOR('',#2172,1.);
#2172 = DIRECTION('',(0.,0.655601235147,0.755107290704));
#2173 = ORIENTED_EDGE('',*,*,#2049,.F.);
#2174 = ORIENTED_EDGE('',*,*,#850,.T.);
#2175 = PLANE('',#2176);
#2176 = AXIS2_PLACEMENT_3D('',#2177,#2178,#2179);
#2177 = CARTESIAN_POINT('',(5.,37.852337346027,7.441732269424));
#2178 = DIRECTION('',(1.,0.,0.));
#2179 = DIRECTION('',(0.,0.,1.));
#2180 = ADVANCED_FACE('',(#2181),#2194,.T.);
#2181 = FACE_BOUND('',#2182,.T.);
#2182 = EDGE_LOOP('',(#2183,#2189,#2190,#2191,#2192,#2193));
#2183 = ORIENTED_EDGE('',*,*,#2184,.T.);
#2184 = EDGE_CURVE('',#1141,#1993,#2185,.T.);
#2185 = LINE('',#2186,#2187);
#2186 = CARTESIAN_POINT('',(5.1,43.995389733365,19.69752121727));
#2187 = VECTOR('',#2188,1.);
#2188 = DIRECTION('',(-0.,-0.655601235147,-0.755107290704));
#2189 = ORIENTED_EDGE('',*,*,#2074,.F.);
#2190 = ORIENTED_EDGE('',*,*,#2057,.T.);
#2191 = ORIENTED_EDGE('',*,*,#2168,.T.);
#2192 = ORIENTED_EDGE('',*,*,#860,.F.);
#2193 = ORIENTED_EDGE('',*,*,#1150,.F.);
#2194 = PLANE('',#2195);
#2195 = AXIS2_PLACEMENT_3D('',#2196,#2197,#2198);
#2196 = CARTESIAN_POINT('',(4.877317228379,36.048702565654,
    10.54469920354));
#2197 = DIRECTION('',(1.2E-15,0.755107290704,-0.655601235147));
#2198 = DIRECTION('',(9.860761315263E-32,0.655601235147,0.755107290704)
  );
#2199 = ADVANCED_FACE('',(#2200),#2227,.T.);
#2200 = FACE_BOUND('',#2201,.T.);
#2201 = EDGE_LOOP('',(#2202,#2210,#2218,#2224,#2225,#2226));
#2202 = ORIENTED_EDGE('',*,*,#2203,.F.);
#2203 = EDGE_CURVE('',#2204,#1079,#2206,.T.);
#2204 = VERTEX_POINT('',#2205);
#2205 = CARTESIAN_POINT('',(5.1,19.478186539305,9.915479122637));
#2206 = LINE('',#2207,#2208);
#2207 = CARTESIAN_POINT('',(5.1,34.85859151585,27.630296162547));
#2208 = VECTOR('',#2209,1.);
#2209 = DIRECTION('',(0.,0.655601235147,0.755107290704));
#2210 = ORIENTED_EDGE('',*,*,#2211,.F.);
#2211 = EDGE_CURVE('',#2212,#2204,#2214,.T.);
#2212 = VERTEX_POINT('',#2213);
#2213 = CARTESIAN_POINT('',(-5.1,19.478186539305,9.915479122637));
#2214 = LINE('',#2215,#2216);
#2215 = CARTESIAN_POINT('',(-5.1,19.478186539305,9.915479122637));
#2216 = VECTOR('',#2217,1.);
#2217 = DIRECTION('',(1.,0.,0.));
#2218 = ORIENTED_EDGE('',*,*,#2219,.T.);
#2219 = EDGE_CURVE('',#2212,#1033,#2220,.T.);
#2220 = LINE('',#2221,#2222);
#2221 = CARTESIAN_POINT('',(-5.1,34.85859151585,27.630296162547));
#2222 = VECTOR('',#2223,1.);
#2223 = DIRECTION('',(0.,0.655601235147,0.755107290704));
#2224 = ORIENTED_EDGE('',*,*,#1032,.F.);
#2225 = ORIENTED_EDGE('',*,*,#1017,.T.);
#2226 = ORIENTED_EDGE('',*,*,#1078,.T.);
#2227 = PLANE('',#2228);
#2228 = AXIS2_PLACEMENT_3D('',#2229,#2230,#2231);
#2229 = CARTESIAN_POINT('',(8.1E-16,27.579017716969,19.24584086554));
#2230 = DIRECTION('',(-1.9E-16,0.755107290704,-0.655601235147));
#2231 = DIRECTION('',(-1.232595164408E-32,0.655601235147,0.755107290704)
  );
#2232 = ADVANCED_FACE('',(#2233,#2244),#2280,.T.);
#2233 = FACE_BOUND('',#2234,.T.);
#2234 = EDGE_LOOP('',(#2235));
#2235 = ORIENTED_EDGE('',*,*,#2236,.T.);
#2236 = EDGE_CURVE('',#2237,#2237,#2239,.T.);
#2237 = VERTEX_POINT('',#2238);
#2238 = CARTESIAN_POINT('',(-5.1,28.740847466412,14.878092884034));
#2239 = CIRCLE('',#2240,1.8);
#2240 = AXIS2_PLACEMENT_3D('',#2241,#2242,#2243);
#2241 = CARTESIAN_POINT('',(-5.1,30.540847466412,14.878092884034));
#2242 = DIRECTION('',(-1.,0.,0.));
#2243 = DIRECTION('',(0.,-1.,0.));
#2244 = FACE_BOUND('',#2245,.T.);
#2245 = EDGE_LOOP('',(#2246,#2247,#2256,#2264,#2273,#2279));
#2246 = ORIENTED_EDGE('',*,*,#2219,.F.);
#2247 = ORIENTED_EDGE('',*,*,#2248,.T.);
#2248 = EDGE_CURVE('',#2212,#2249,#2251,.T.);
#2249 = VERTEX_POINT('',#2250);
#2250 = CARTESIAN_POINT('',(-5.1,19.876210761533,4.272645019234));
#2251 = CIRCLE('',#2252,4.);
#2252 = AXIS2_PLACEMENT_3D('',#2253,#2254,#2255);
#2253 = CARTESIAN_POINT('',(-5.1,22.49861570212,7.293074182049));
#2254 = DIRECTION('',(1.,0.,-0.));
#2255 = DIRECTION('',(0.,0.,1.));
#2256 = ORIENTED_EDGE('',*,*,#2257,.F.);
#2257 = EDGE_CURVE('',#2258,#2249,#2260,.T.);
#2258 = VERTEX_POINT('',#2259);
#2259 = CARTESIAN_POINT('',(-5.1,21.537446801081,2.830322301911));
#2260 = LINE('',#2261,#2262);
#2261 = CARTESIAN_POINT('',(-5.1,24.557875963896,0.207917361324));
#2262 = VECTOR('',#2263,1.);
#2263 = DIRECTION('',(0.,-0.755107290704,0.655601235147));
#2264 = ORIENTED_EDGE('',*,*,#2265,.F.);
#2265 = EDGE_CURVE('',#2266,#2258,#2268,.T.);
#2266 = VERTEX_POINT('',#2267);
#2267 = CARTESIAN_POINT('',(-5.1,27.180280904484,3.228346524139));
#2268 = CIRCLE('',#2269,4.);
#2269 = AXIS2_PLACEMENT_3D('',#2270,#2271,#2272);
#2270 = CARTESIAN_POINT('',(-5.1,24.159851741669,5.850751464726));
#2271 = DIRECTION('',(-1.,0.,0.));
#2272 = DIRECTION('',(0.,0.,-1.));
#2273 = ORIENTED_EDGE('',*,*,#2274,.T.);
#2274 = EDGE_CURVE('',#2266,#1043,#2275,.T.);
#2275 = LINE('',#2276,#2277);
#2276 = CARTESIAN_POINT('',(-5.1,42.560685881028,20.943163564049));
#2277 = VECTOR('',#2278,1.);
#2278 = DIRECTION('',(0.,0.655601235147,0.755107290704));
#2279 = ORIENTED_EDGE('',*,*,#1042,.T.);
#2280 = PLANE('',#2281);
#2281 = AXIS2_PLACEMENT_3D('',#2282,#2283,#2284);
#2282 = CARTESIAN_POINT('',(-5.1,30.707994383793,15.070609399074));
#2283 = DIRECTION('',(1.,0.,0.));
#2284 = DIRECTION('',(0.,0.,1.));
#2285 = ADVANCED_FACE('',(#2286),#2306,.T.);
#2286 = FACE_BOUND('',#2287,.T.);
#2287 = EDGE_LOOP('',(#2288,#2289,#2297,#2303,#2304,#2305));
#2288 = ORIENTED_EDGE('',*,*,#2274,.F.);
#2289 = ORIENTED_EDGE('',*,*,#2290,.F.);
#2290 = EDGE_CURVE('',#2291,#2266,#2293,.T.);
#2291 = VERTEX_POINT('',#2292);
#2292 = CARTESIAN_POINT('',(5.1,27.180280904484,3.228346524139));
#2293 = LINE('',#2294,#2295);
#2294 = CARTESIAN_POINT('',(5.1,27.180280904484,3.228346524139));
#2295 = VECTOR('',#2296,1.);
#2296 = DIRECTION('',(-1.,0.,0.));
#2297 = ORIENTED_EDGE('',*,*,#2298,.T.);
#2298 = EDGE_CURVE('',#2291,#1089,#2299,.T.);
#2299 = LINE('',#2300,#2301);
#2300 = CARTESIAN_POINT('',(5.1,35.703096961392,13.044741303288));
#2301 = VECTOR('',#2302,1.);
#2302 = DIRECTION('',(0.,0.655601235147,0.755107290704));
#2303 = ORIENTED_EDGE('',*,*,#1097,.F.);
#2304 = ORIENTED_EDGE('',*,*,#1126,.F.);
#2305 = ORIENTED_EDGE('',*,*,#1051,.T.);
#2306 = PLANE('',#2307);
#2307 = AXIS2_PLACEMENT_3D('',#2308,#2309,#2310);
#2308 = CARTESIAN_POINT('',(2.E-16,35.281112082147,12.558708267042));
#2309 = DIRECTION('',(0.,-0.755107290704,0.655601235147));
#2310 = DIRECTION('',(0.,-0.655601235147,-0.755107290704));
#2311 = ADVANCED_FACE('',(#2312,#2323),#2352,.T.);
#2312 = FACE_BOUND('',#2313,.T.);
#2313 = EDGE_LOOP('',(#2314));
#2314 = ORIENTED_EDGE('',*,*,#2315,.F.);
#2315 = EDGE_CURVE('',#2316,#2316,#2318,.T.);
#2316 = VERTEX_POINT('',#2317);
#2317 = CARTESIAN_POINT('',(5.1,28.740847466412,14.878092884034));
#2318 = CIRCLE('',#2319,1.8);
#2319 = AXIS2_PLACEMENT_3D('',#2320,#2321,#2322);
#2320 = CARTESIAN_POINT('',(5.1,30.540847466412,14.878092884034));
#2321 = DIRECTION('',(-1.,0.,0.));
#2322 = DIRECTION('',(0.,-1.,0.));
#2323 = FACE_BOUND('',#2324,.T.);
#2324 = EDGE_LOOP('',(#2325,#2326,#2335,#2343,#2350,#2351));
#2325 = ORIENTED_EDGE('',*,*,#2298,.F.);
#2326 = ORIENTED_EDGE('',*,*,#2327,.T.);
#2327 = EDGE_CURVE('',#2291,#2328,#2330,.T.);
#2328 = VERTEX_POINT('',#2329);
#2329 = CARTESIAN_POINT('',(5.1,21.537446801081,2.830322301911));
#2330 = CIRCLE('',#2331,4.);
#2331 = AXIS2_PLACEMENT_3D('',#2332,#2333,#2334);
#2332 = CARTESIAN_POINT('',(5.1,24.159851741669,5.850751464726));
#2333 = DIRECTION('',(-1.,0.,0.));
#2334 = DIRECTION('',(0.,0.,-1.));
#2335 = ORIENTED_EDGE('',*,*,#2336,.F.);
#2336 = EDGE_CURVE('',#2337,#2328,#2339,.T.);
#2337 = VERTEX_POINT('',#2338);
#2338 = CARTESIAN_POINT('',(5.1,19.876210761533,4.272645019234));
#2339 = LINE('',#2340,#2341);
#2340 = CARTESIAN_POINT('',(5.1,16.855781598718,6.895049959822));
#2341 = VECTOR('',#2342,1.);
#2342 = DIRECTION('',(0.,0.755107290704,-0.655601235147));
#2343 = ORIENTED_EDGE('',*,*,#2344,.F.);
#2344 = EDGE_CURVE('',#2204,#2337,#2345,.T.);
#2345 = CIRCLE('',#2346,4.);
#2346 = AXIS2_PLACEMENT_3D('',#2347,#2348,#2349);
#2347 = CARTESIAN_POINT('',(5.1,22.49861570212,7.293074182049));
#2348 = DIRECTION('',(1.,0.,-0.));
#2349 = DIRECTION('',(0.,0.,1.));
#2350 = ORIENTED_EDGE('',*,*,#2203,.T.);
#2351 = ORIENTED_EDGE('',*,*,#1088,.F.);
#2352 = PLANE('',#2353);
#2353 = AXIS2_PLACEMENT_3D('',#2354,#2355,#2356);
#2354 = CARTESIAN_POINT('',(5.1,30.707994383793,15.070609399074));
#2355 = DIRECTION('',(-1.,-0.,-0.));
#2356 = DIRECTION('',(0.,0.,-1.));
#2357 = ADVANCED_FACE('',(#2358),#2369,.T.);
#2358 = FACE_BOUND('',#2359,.T.);
#2359 = EDGE_LOOP('',(#2360,#2361,#2362,#2368));
#2360 = ORIENTED_EDGE('',*,*,#2184,.F.);
#2361 = ORIENTED_EDGE('',*,*,#1211,.F.);
#2362 = ORIENTED_EDGE('',*,*,#2363,.T.);
#2363 = EDGE_CURVE('',#1202,#1953,#2364,.T.);
#2364 = LINE('',#2365,#2366);
#2365 = CARTESIAN_POINT('',(6.9,42.636196610098,20.877603440535));
#2366 = VECTOR('',#2367,1.);
#2367 = DIRECTION('',(-0.,-0.655601235147,-0.755107290704));
#2368 = ORIENTED_EDGE('',*,*,#2000,.F.);
#2369 = CYLINDRICAL_SURFACE('',#2370,1.8);
#2370 = AXIS2_PLACEMENT_3D('',#2371,#2372,#2373);
#2371 = CARTESIAN_POINT('',(5.1,42.636196610098,20.877603440535));
#2372 = DIRECTION('',(-0.,-0.655601235147,-0.755107290704));
#2373 = DIRECTION('',(0.,0.755107290704,-0.655601235147));
#2374 = ADVANCED_FACE('',(#2375,#2388),#2399,.T.);
#2375 = FACE_BOUND('',#2376,.T.);
#2376 = EDGE_LOOP('',(#2377,#2378,#2379,#2380,#2381,#2387));
#2377 = ORIENTED_EDGE('',*,*,#2363,.F.);
#2378 = ORIENTED_EDGE('',*,*,#1307,.F.);
#2379 = ORIENTED_EDGE('',*,*,#1379,.F.);
#2380 = ORIENTED_EDGE('',*,*,#1467,.F.);
#2381 = ORIENTED_EDGE('',*,*,#2382,.F.);
#2382 = EDGE_CURVE('',#1882,#1458,#2383,.T.);
#2383 = LINE('',#2384,#2385);
#2384 = CARTESIAN_POINT('',(6.9,9.712337614516,-1.180082223264));
#2385 = VECTOR('',#2386,1.);
#2386 = DIRECTION('',(0.,0.655601235147,0.755107290704));
#2387 = ORIENTED_EDGE('',*,*,#1961,.F.);
#2388 = FACE_BOUND('',#2389,.T.);
#2389 = EDGE_LOOP('',(#2390));
#2390 = ORIENTED_EDGE('',*,*,#2391,.T.);
#2391 = EDGE_CURVE('',#2392,#2392,#2394,.T.);
#2392 = VERTEX_POINT('',#2393);
#2393 = CARTESIAN_POINT('',(6.9,28.740847466412,14.878092884034));
#2394 = CIRCLE('',#2395,1.8);
#2395 = AXIS2_PLACEMENT_3D('',#2396,#2397,#2398);
#2396 = CARTESIAN_POINT('',(6.9,30.540847466412,14.878092884034));
#2397 = DIRECTION('',(-1.,-2.4E-16,2.6E-16));
#2398 = DIRECTION('',(2.4E-16,-1.,2.22E-15));
#2399 = PLANE('',#2400);
#2400 = AXIS2_PLACEMENT_3D('',#2401,#2402,#2403);
#2401 = CARTESIAN_POINT('',(6.9,27.033218842683,12.163793309261));
#2402 = DIRECTION('',(1.,2.4E-16,-2.6E-16));
#2403 = DIRECTION('',(2.6E-16,0.,1.));
#2404 = ADVANCED_FACE('',(#2405),#2416,.T.);
#2405 = FACE_BOUND('',#2406,.T.);
#2406 = EDGE_LOOP('',(#2407,#2413,#2414,#2415));
#2407 = ORIENTED_EDGE('',*,*,#2408,.F.);
#2408 = EDGE_CURVE('',#1399,#1579,#2409,.T.);
#2409 = LINE('',#2410,#2411);
#2410 = CARTESIAN_POINT('',(-5.1,33.42388766351,28.875938509328));
#2411 = VECTOR('',#2412,1.);
#2412 = DIRECTION('',(-0.,-0.655601235147,-0.755107290704));
#2413 = ORIENTED_EDGE('',*,*,#1406,.F.);
#2414 = ORIENTED_EDGE('',*,*,#2138,.T.);
#2415 = ORIENTED_EDGE('',*,*,#1633,.F.);
#2416 = CYLINDRICAL_SURFACE('',#2417,1.8);
#2417 = AXIS2_PLACEMENT_3D('',#2418,#2419,#2420);
#2418 = CARTESIAN_POINT('',(-5.1,34.783080786777,27.695856286064));
#2419 = DIRECTION('',(-0.,-0.655601235147,-0.755107290704));
#2420 = DIRECTION('',(0.,-0.755107290704,0.655601235147));
#2421 = ADVANCED_FACE('',(#2422),#2458,.T.);
#2422 = FACE_BOUND('',#2423,.T.);
#2423 = EDGE_LOOP('',(#2424,#2430,#2431,#2432,#2433,#2434,#2442,#2450,
    #2456,#2457));
#2424 = ORIENTED_EDGE('',*,*,#2425,.T.);
#2425 = EDGE_CURVE('',#1859,#1497,#2426,.T.);
#2426 = LINE('',#2427,#2428);
#2427 = CARTESIAN_POINT('',(5.1,8.353144491249,-1.1346E-13));
#2428 = VECTOR('',#2429,1.);
#2429 = DIRECTION('',(0.,0.655601235147,0.755107290704));
#2430 = ORIENTED_EDGE('',*,*,#1505,.F.);
#2431 = ORIENTED_EDGE('',*,*,#2408,.T.);
#2432 = ORIENTED_EDGE('',*,*,#1586,.F.);
#2433 = ORIENTED_EDGE('',*,*,#1601,.T.);
#2434 = ORIENTED_EDGE('',*,*,#2435,.T.);
#2435 = EDGE_CURVE('',#1602,#2436,#2438,.T.);
#2436 = VERTEX_POINT('',#2437);
#2437 = CARTESIAN_POINT('',(-5.,18.384243062091,11.553601882575));
#2438 = LINE('',#2439,#2440);
#2439 = CARTESIAN_POINT('',(-5.,15.664576656465,8.421149072735));
#2440 = VECTOR('',#2441,1.);
#2441 = DIRECTION('',(0.,0.655601235147,0.755107290704));
#2442 = ORIENTED_EDGE('',*,*,#2443,.F.);
#2443 = EDGE_CURVE('',#2444,#2436,#2446,.T.);
#2444 = VERTEX_POINT('',#2445);
#2445 = CARTESIAN_POINT('',(5.,18.384243062091,11.553601882575));
#2446 = LINE('',#2447,#2448);
#2447 = CARTESIAN_POINT('',(5.,18.384243062091,11.553601882575));
#2448 = VECTOR('',#2449,1.);
#2449 = DIRECTION('',(-1.,-0.,-0.));
#2450 = ORIENTED_EDGE('',*,*,#2451,.F.);
#2451 = EDGE_CURVE('',#1837,#2444,#2452,.T.);
#2452 = LINE('',#2453,#2454);
#2453 = CARTESIAN_POINT('',(5.,13.302013461716,5.7));
#2454 = VECTOR('',#2455,1.);
#2455 = DIRECTION('',(0.,0.655601235147,0.755107290704));
#2456 = ORIENTED_EDGE('',*,*,#1844,.F.);
#2457 = ORIENTED_EDGE('',*,*,#1867,.F.);
#2458 = PLANE('',#2459);
#2459 = AXIS2_PLACEMENT_3D('',#2460,#2461,#2462);
#2460 = CARTESIAN_POINT('',(-4.23E-15,20.02927645279,13.448315681415));
#2461 = DIRECTION('',(0.,-0.755107290704,0.655601235147));
#2462 = DIRECTION('',(0.,-0.655601235147,-0.755107290704));
#2463 = ADVANCED_FACE('',(#2464),#2470,.T.);
#2464 = FACE_BOUND('',#2465,.T.);
#2465 = EDGE_LOOP('',(#2466,#2467,#2468,#2469));
#2466 = ORIENTED_EDGE('',*,*,#2425,.F.);
#2467 = ORIENTED_EDGE('',*,*,#1889,.F.);
#2468 = ORIENTED_EDGE('',*,*,#2382,.T.);
#2469 = ORIENTED_EDGE('',*,*,#1522,.F.);
#2470 = CYLINDRICAL_SURFACE('',#2471,1.8);
#2471 = AXIS2_PLACEMENT_3D('',#2472,#2473,#2474);
#2472 = CARTESIAN_POINT('',(5.1,9.712337614516,-1.180082223264));
#2473 = DIRECTION('',(0.,0.655601235147,0.755107290704));
#2474 = DIRECTION('',(0.,-0.755107290704,0.655601235147));
#2475 = ADVANCED_FACE('',(#2476),#2503,.T.);
#2476 = FACE_BOUND('',#2477,.T.);
#2477 = EDGE_LOOP('',(#2478,#2486,#2494,#2501,#2502));
#2478 = ORIENTED_EDGE('',*,*,#2479,.T.);
#2479 = EDGE_CURVE('',#1610,#2480,#2482,.T.);
#2480 = VERTEX_POINT('',#2481);
#2481 = CARTESIAN_POINT('',(-5.,0.,5.7));
#2482 = LINE('',#2483,#2484);
#2483 = CARTESIAN_POINT('',(-5.,4.7E-16,0.));
#2484 = VECTOR('',#2485,1.);
#2485 = DIRECTION('',(0.,0.,1.));
#2486 = ORIENTED_EDGE('',*,*,#2487,.T.);
#2487 = EDGE_CURVE('',#2480,#2488,#2490,.T.);
#2488 = VERTEX_POINT('',#2489);
#2489 = CARTESIAN_POINT('',(-5.,5.55,5.7));
#2490 = LINE('',#2491,#2492);
#2491 = CARTESIAN_POINT('',(-5.,4.7E-16,5.7));
#2492 = VECTOR('',#2493,1.);
#2493 = DIRECTION('',(0.,1.,0.));
#2494 = ORIENTED_EDGE('',*,*,#2495,.T.);
#2495 = EDGE_CURVE('',#2488,#2436,#2496,.T.);
#2496 = CIRCLE('',#2497,16.99658210177);
#2497 = AXIS2_PLACEMENT_3D('',#2498,#2499,#2500);
#2498 = CARTESIAN_POINT('',(-5.,5.55,22.69658210177));
#2499 = DIRECTION('',(1.,0.,0.));
#2500 = DIRECTION('',(0.,1.,0.));
#2501 = ORIENTED_EDGE('',*,*,#2435,.F.);
#2502 = ORIENTED_EDGE('',*,*,#1609,.F.);
#2503 = PLANE('',#2504);
#2504 = AXIS2_PLACEMENT_3D('',#2505,#2506,#2507);
#2505 = CARTESIAN_POINT('',(-5.,8.780799017967,5.047953202477));
#2506 = DIRECTION('',(-1.,-0.,-0.));
#2507 = DIRECTION('',(0.,0.,-1.));
#2508 = ADVANCED_FACE('',(#2509),#2528,.T.);
#2509 = FACE_BOUND('',#2510,.F.);
#2510 = EDGE_LOOP('',(#2511,#2512,#2521,#2527));
#2511 = ORIENTED_EDGE('',*,*,#2479,.T.);
#2512 = ORIENTED_EDGE('',*,*,#2513,.T.);
#2513 = EDGE_CURVE('',#2480,#2514,#2516,.T.);
#2514 = VERTEX_POINT('',#2515);
#2515 = CARTESIAN_POINT('',(-2.,-3.,5.7));
#2516 = CIRCLE('',#2517,3.);
#2517 = AXIS2_PLACEMENT_3D('',#2518,#2519,#2520);
#2518 = CARTESIAN_POINT('',(-2.,1.E-16,5.7));
#2519 = DIRECTION('',(0.,0.,1.));
#2520 = DIRECTION('',(1.,0.,0.));
#2521 = ORIENTED_EDGE('',*,*,#2522,.F.);
#2522 = EDGE_CURVE('',#1703,#2514,#2523,.T.);
#2523 = LINE('',#2524,#2525);
#2524 = CARTESIAN_POINT('',(-2.,-3.,0.));
#2525 = VECTOR('',#2526,1.);
#2526 = DIRECTION('',(0.,0.,1.));
#2527 = ORIENTED_EDGE('',*,*,#1712,.T.);
#2528 = CYLINDRICAL_SURFACE('',#2529,3.);
#2529 = AXIS2_PLACEMENT_3D('',#2530,#2531,#2532);
#2530 = CARTESIAN_POINT('',(-2.,1.E-16,0.));
#2531 = DIRECTION('',(-0.,-0.,-1.));
#2532 = DIRECTION('',(1.,0.,0.));
#2533 = ADVANCED_FACE('',(#2534),#2552,.T.);
#2534 = FACE_BOUND('',#2535,.T.);
#2535 = EDGE_LOOP('',(#2536,#2544,#2550,#2551));
#2536 = ORIENTED_EDGE('',*,*,#2537,.T.);
#2537 = EDGE_CURVE('',#1750,#2538,#2540,.T.);
#2538 = VERTEX_POINT('',#2539);
#2539 = CARTESIAN_POINT('',(2.,-3.,5.7));
#2540 = LINE('',#2541,#2542);
#2541 = CARTESIAN_POINT('',(2.,-3.,0.));
#2542 = VECTOR('',#2543,1.);
#2543 = DIRECTION('',(0.,0.,1.));
#2544 = ORIENTED_EDGE('',*,*,#2545,.T.);
#2545 = EDGE_CURVE('',#2538,#2514,#2546,.T.);
#2546 = LINE('',#2547,#2548);
#2547 = CARTESIAN_POINT('',(2.,-3.,5.7));
#2548 = VECTOR('',#2549,1.);
#2549 = DIRECTION('',(-1.,0.,0.));
#2550 = ORIENTED_EDGE('',*,*,#2522,.F.);
#2551 = ORIENTED_EDGE('',*,*,#1759,.F.);
#2552 = PLANE('',#2553);
#2553 = AXIS2_PLACEMENT_3D('',#2554,#2555,#2556);
#2554 = CARTESIAN_POINT('',(2.,-3.,0.));
#2555 = DIRECTION('',(0.,-1.,0.));
#2556 = DIRECTION('',(-1.,0.,0.));
#2557 = ADVANCED_FACE('',(#2558),#2577,.T.);
#2558 = FACE_BOUND('',#2559,.F.);
#2559 = EDGE_LOOP('',(#2560,#2561,#2570,#2576));
#2560 = ORIENTED_EDGE('',*,*,#2537,.T.);
#2561 = ORIENTED_EDGE('',*,*,#2562,.T.);
#2562 = EDGE_CURVE('',#2538,#2563,#2565,.T.);
#2563 = VERTEX_POINT('',#2564);
#2564 = CARTESIAN_POINT('',(5.,0.,5.7));
#2565 = CIRCLE('',#2566,3.);
#2566 = AXIS2_PLACEMENT_3D('',#2567,#2568,#2569);
#2567 = CARTESIAN_POINT('',(2.,-1.E-16,5.7));
#2568 = DIRECTION('',(0.,0.,1.));
#2569 = DIRECTION('',(1.,0.,0.));
#2570 = ORIENTED_EDGE('',*,*,#2571,.F.);
#2571 = EDGE_CURVE('',#1802,#2563,#2572,.T.);
#2572 = LINE('',#2573,#2574);
#2573 = CARTESIAN_POINT('',(5.,-4.2E-16,0.));
#2574 = VECTOR('',#2575,1.);
#2575 = DIRECTION('',(0.,0.,1.));
#2576 = ORIENTED_EDGE('',*,*,#1811,.T.);
#2577 = CYLINDRICAL_SURFACE('',#2578,3.);
#2578 = AXIS2_PLACEMENT_3D('',#2579,#2580,#2581);
#2579 = CARTESIAN_POINT('',(2.,-1.E-16,0.));
#2580 = DIRECTION('',(-0.,-0.,-1.));
#2581 = DIRECTION('',(1.,0.,0.));
#2582 = ADVANCED_FACE('',(#2583),#2603,.T.);
#2583 = FACE_BOUND('',#2584,.T.);
#2584 = EDGE_LOOP('',(#2585,#2586,#2595,#2601,#2602));
#2585 = ORIENTED_EDGE('',*,*,#2451,.T.);
#2586 = ORIENTED_EDGE('',*,*,#2587,.F.);
#2587 = EDGE_CURVE('',#2588,#2444,#2590,.T.);
#2588 = VERTEX_POINT('',#2589);
#2589 = CARTESIAN_POINT('',(5.,5.55,5.7));
#2590 = CIRCLE('',#2591,16.99658210177);
#2591 = AXIS2_PLACEMENT_3D('',#2592,#2593,#2594);
#2592 = CARTESIAN_POINT('',(5.,5.55,22.69658210177));
#2593 = DIRECTION('',(1.,0.,0.));
#2594 = DIRECTION('',(0.,1.,0.));
#2595 = ORIENTED_EDGE('',*,*,#2596,.T.);
#2596 = EDGE_CURVE('',#2588,#2563,#2597,.T.);
#2597 = LINE('',#2598,#2599);
#2598 = CARTESIAN_POINT('',(5.,41.,5.7));
#2599 = VECTOR('',#2600,1.);
#2600 = DIRECTION('',(0.,-1.,0.));
#2601 = ORIENTED_EDGE('',*,*,#2571,.F.);
#2602 = ORIENTED_EDGE('',*,*,#1836,.F.);
#2603 = PLANE('',#2604);
#2604 = AXIS2_PLACEMENT_3D('',#2605,#2606,#2607);
#2605 = CARTESIAN_POINT('',(5.,8.780799017967,5.047953202477));
#2606 = DIRECTION('',(1.,2.4E-16,0.));
#2607 = DIRECTION('',(-2.4E-16,1.,0.));
#2608 = ADVANCED_FACE('',(#2609),#2628,.F.);
#2609 = FACE_BOUND('',#2610,.T.);
#2610 = EDGE_LOOP('',(#2611,#2619,#2626,#2627));
#2611 = ORIENTED_EDGE('',*,*,#2612,.T.);
#2612 = EDGE_CURVE('',#2089,#2613,#2615,.T.);
#2613 = VERTEX_POINT('',#2614);
#2614 = CARTESIAN_POINT('',(2.05,3.,5.5));
#2615 = LINE('',#2616,#2617);
#2616 = CARTESIAN_POINT('',(2.05,3.,0.));
#2617 = VECTOR('',#2618,1.);
#2618 = DIRECTION('',(0.,0.,1.));
#2619 = ORIENTED_EDGE('',*,*,#2620,.T.);
#2620 = EDGE_CURVE('',#2613,#2613,#2621,.T.);
#2621 = CIRCLE('',#2622,2.05);
#2622 = AXIS2_PLACEMENT_3D('',#2623,#2624,#2625);
#2623 = CARTESIAN_POINT('',(0.,3.,5.5));
#2624 = DIRECTION('',(0.,-0.,1.));
#2625 = DIRECTION('',(1.,2.2E-16,0.));
#2626 = ORIENTED_EDGE('',*,*,#2612,.F.);
#2627 = ORIENTED_EDGE('',*,*,#2098,.F.);
#2628 = CYLINDRICAL_SURFACE('',#2629,2.05);
#2629 = AXIS2_PLACEMENT_3D('',#2630,#2631,#2632);
#2630 = CARTESIAN_POINT('',(0.,3.,0.));
#2631 = DIRECTION('',(-0.,-0.,-1.));
#2632 = DIRECTION('',(1.,0.,0.));
#2633 = ADVANCED_FACE('',(#2634),#2652,.F.);
#2634 = FACE_BOUND('',#2635,.T.);
#2635 = EDGE_LOOP('',(#2636,#2643,#2644,#2645));
#2636 = ORIENTED_EDGE('',*,*,#2637,.T.);
#2637 = EDGE_CURVE('',#2638,#2114,#2640,.T.);
#2638 = VERTEX_POINT('',#2639);
#2639 = CARTESIAN_POINT('',(2.05,38.,12.792161288745));
#2640 = B_SPLINE_CURVE_WITH_KNOTS('',1,(#2641,#2642),.UNSPECIFIED.,.F.,
  .F.,(2,2),(-12.79216128874,0.),.PIECEWISE_BEZIER_KNOTS.);
#2641 = CARTESIAN_POINT('',(2.05,38.,12.792161288745));
#2642 = CARTESIAN_POINT('',(2.05,38.,0.));
#2643 = ORIENTED_EDGE('',*,*,#2123,.F.);
#2644 = ORIENTED_EDGE('',*,*,#2637,.F.);
#2645 = ORIENTED_EDGE('',*,*,#2646,.F.);
#2646 = EDGE_CURVE('',#2638,#2638,#2647,.T.);
#2647 = ELLIPSE('',#2648,3.126900759333,2.05);
#2648 = AXIS2_PLACEMENT_3D('',#2649,#2650,#2651);
#2649 = CARTESIAN_POINT('',(0.,38.,12.792161288745));
#2650 = DIRECTION('',(0.,0.755107290704,-0.655601235147));
#2651 = DIRECTION('',(0.,-0.655601235147,-0.755107290704));
#2652 = CYLINDRICAL_SURFACE('',#2653,2.05);
#2653 = AXIS2_PLACEMENT_3D('',#2654,#2655,#2656);
#2654 = CARTESIAN_POINT('',(0.,38.,0.));
#2655 = DIRECTION('',(-0.,-0.,-1.));
#2656 = DIRECTION('',(1.,0.,0.));
#2657 = ADVANCED_FACE('',(#2658),#2677,.F.);
#2658 = FACE_BOUND('',#2659,.T.);
#2659 = EDGE_LOOP('',(#2660,#2668,#2669,#2670));
#2660 = ORIENTED_EDGE('',*,*,#2661,.F.);
#2661 = EDGE_CURVE('',#2152,#2662,#2664,.T.);
#2662 = VERTEX_POINT('',#2663);
#2663 = CARTESIAN_POINT('',(-6.7,28.940847466412,14.878092884034));
#2664 = LINE('',#2665,#2666);
#2665 = CARTESIAN_POINT('',(-6.7,28.940847466412,14.878092884034));
#2666 = VECTOR('',#2667,1.);
#2667 = DIRECTION('',(0.707106781187,0.707106781187,0.));
#2668 = ORIENTED_EDGE('',*,*,#2151,.T.);
#2669 = ORIENTED_EDGE('',*,*,#2661,.T.);
#2670 = ORIENTED_EDGE('',*,*,#2671,.F.);
#2671 = EDGE_CURVE('',#2662,#2662,#2672,.T.);
#2672 = CIRCLE('',#2673,1.6);
#2673 = AXIS2_PLACEMENT_3D('',#2674,#2675,#2676);
#2674 = CARTESIAN_POINT('',(-6.7,30.540847466412,14.878092884034));
#2675 = DIRECTION('',(-1.,0.,0.));
#2676 = DIRECTION('',(0.,-1.,0.));
#2677 = CONICAL_SURFACE('',#2678,1.6,0.785398163397);
#2678 = AXIS2_PLACEMENT_3D('',#2679,#2680,#2681);
#2679 = CARTESIAN_POINT('',(-6.7,30.540847466412,14.878092884034));
#2680 = DIRECTION('',(-1.,-0.,-0.));
#2681 = DIRECTION('',(0.,-1.,0.));
#2682 = ADVANCED_FACE('',(#2683),#2694,.F.);
#2683 = FACE_BOUND('',#2684,.F.);
#2684 = EDGE_LOOP('',(#2685,#2686,#2692,#2693));
#2685 = ORIENTED_EDGE('',*,*,#2248,.T.);
#2686 = ORIENTED_EDGE('',*,*,#2687,.T.);
#2687 = EDGE_CURVE('',#2249,#2337,#2688,.T.);
#2688 = LINE('',#2689,#2690);
#2689 = CARTESIAN_POINT('',(-5.1,19.876210761533,4.272645019234));
#2690 = VECTOR('',#2691,1.);
#2691 = DIRECTION('',(1.,0.,0.));
#2692 = ORIENTED_EDGE('',*,*,#2344,.F.);
#2693 = ORIENTED_EDGE('',*,*,#2211,.F.);
#2694 = CYLINDRICAL_SURFACE('',#2695,4.);
#2695 = AXIS2_PLACEMENT_3D('',#2696,#2697,#2698);
#2696 = CARTESIAN_POINT('',(-5.1,22.49861570212,7.293074182049));
#2697 = DIRECTION('',(1.,0.,0.));
#2698 = DIRECTION('',(0.,-0.755107290704,0.655601235147));
#2699 = ADVANCED_FACE('',(#2700),#2719,.F.);
#2700 = FACE_BOUND('',#2701,.F.);
#2701 = EDGE_LOOP('',(#2702,#2710,#2711,#2712));
#2702 = ORIENTED_EDGE('',*,*,#2703,.F.);
#2703 = EDGE_CURVE('',#2237,#2704,#2706,.T.);
#2704 = VERTEX_POINT('',#2705);
#2705 = CARTESIAN_POINT('',(-5.3,28.940847466412,14.878092884034));
#2706 = LINE('',#2707,#2708);
#2707 = CARTESIAN_POINT('',(-5.3,28.940847466412,14.878092884034));
#2708 = VECTOR('',#2709,1.);
#2709 = DIRECTION('',(-0.707106781187,0.707106781187,0.));
#2710 = ORIENTED_EDGE('',*,*,#2236,.T.);
#2711 = ORIENTED_EDGE('',*,*,#2703,.T.);
#2712 = ORIENTED_EDGE('',*,*,#2713,.F.);
#2713 = EDGE_CURVE('',#2704,#2704,#2714,.T.);
#2714 = CIRCLE('',#2715,1.6);
#2715 = AXIS2_PLACEMENT_3D('',#2716,#2717,#2718);
#2716 = CARTESIAN_POINT('',(-5.3,30.540847466412,14.878092884034));
#2717 = DIRECTION('',(-1.,0.,0.));
#2718 = DIRECTION('',(0.,-1.,0.));
#2719 = CONICAL_SURFACE('',#2720,1.6,0.785398163397);
#2720 = AXIS2_PLACEMENT_3D('',#2721,#2722,#2723);
#2721 = CARTESIAN_POINT('',(-5.3,30.540847466412,14.878092884034));
#2722 = DIRECTION('',(1.,0.,0.));
#2723 = DIRECTION('',(0.,-1.,0.));
#2724 = ADVANCED_FACE('',(#2725),#2736,.T.);
#2725 = FACE_BOUND('',#2726,.T.);
#2726 = EDGE_LOOP('',(#2727,#2728,#2734,#2735));
#2727 = ORIENTED_EDGE('',*,*,#2336,.T.);
#2728 = ORIENTED_EDGE('',*,*,#2729,.T.);
#2729 = EDGE_CURVE('',#2328,#2258,#2730,.T.);
#2730 = LINE('',#2731,#2732);
#2731 = CARTESIAN_POINT('',(5.1,21.537446801081,2.830322301911));
#2732 = VECTOR('',#2733,1.);
#2733 = DIRECTION('',(-1.,0.,0.));
#2734 = ORIENTED_EDGE('',*,*,#2257,.T.);
#2735 = ORIENTED_EDGE('',*,*,#2687,.T.);
#2736 = PLANE('',#2737);
#2737 = AXIS2_PLACEMENT_3D('',#2738,#2739,#2740);
#2738 = CARTESIAN_POINT('',(1.04E-15,20.706828781307,3.551483660573));
#2739 = DIRECTION('',(0.,0.655601235147,0.755107290704));
#2740 = DIRECTION('',(0.,0.755107290704,-0.655601235147));
#2741 = ADVANCED_FACE('',(#2742),#2748,.F.);
#2742 = FACE_BOUND('',#2743,.F.);
#2743 = EDGE_LOOP('',(#2744,#2745,#2746,#2747));
#2744 = ORIENTED_EDGE('',*,*,#2327,.T.);
#2745 = ORIENTED_EDGE('',*,*,#2729,.T.);
#2746 = ORIENTED_EDGE('',*,*,#2265,.F.);
#2747 = ORIENTED_EDGE('',*,*,#2290,.F.);
#2748 = CYLINDRICAL_SURFACE('',#2749,4.);
#2749 = AXIS2_PLACEMENT_3D('',#2750,#2751,#2752);
#2750 = CARTESIAN_POINT('',(5.1,24.159851741669,5.850751464726));
#2751 = DIRECTION('',(-1.,0.,0.));
#2752 = DIRECTION('',(0.,0.755107290704,-0.655601235147));
#2753 = ADVANCED_FACE('',(#2754),#2773,.F.);
#2754 = FACE_BOUND('',#2755,.T.);
#2755 = EDGE_LOOP('',(#2756,#2764,#2765,#2766));
#2756 = ORIENTED_EDGE('',*,*,#2757,.F.);
#2757 = EDGE_CURVE('',#2316,#2758,#2760,.T.);
#2758 = VERTEX_POINT('',#2759);
#2759 = CARTESIAN_POINT('',(5.3,28.940847466412,14.878092884034));
#2760 = LINE('',#2761,#2762);
#2761 = CARTESIAN_POINT('',(5.3,28.940847466412,14.878092884034));
#2762 = VECTOR('',#2763,1.);
#2763 = DIRECTION('',(0.707106781187,0.707106781187,0.));
#2764 = ORIENTED_EDGE('',*,*,#2315,.T.);
#2765 = ORIENTED_EDGE('',*,*,#2757,.T.);
#2766 = ORIENTED_EDGE('',*,*,#2767,.F.);
#2767 = EDGE_CURVE('',#2758,#2758,#2768,.T.);
#2768 = CIRCLE('',#2769,1.6);
#2769 = AXIS2_PLACEMENT_3D('',#2770,#2771,#2772);
#2770 = CARTESIAN_POINT('',(5.3,30.540847466412,14.878092884034));
#2771 = DIRECTION('',(-1.,0.,0.));
#2772 = DIRECTION('',(0.,-1.,0.));
#2773 = CONICAL_SURFACE('',#2774,1.6,0.785398163397);
#2774 = AXIS2_PLACEMENT_3D('',#2775,#2776,#2777);
#2775 = CARTESIAN_POINT('',(5.3,30.540847466412,14.878092884034));
#2776 = DIRECTION('',(-1.,-0.,-0.));
#2777 = DIRECTION('',(0.,-1.,0.));
#2778 = ADVANCED_FACE('',(#2779),#2798,.F.);
#2779 = FACE_BOUND('',#2780,.F.);
#2780 = EDGE_LOOP('',(#2781,#2789,#2790,#2791));
#2781 = ORIENTED_EDGE('',*,*,#2782,.F.);
#2782 = EDGE_CURVE('',#2392,#2783,#2785,.T.);
#2783 = VERTEX_POINT('',#2784);
#2784 = CARTESIAN_POINT('',(6.7,28.940847466412,14.878092884034));
#2785 = LINE('',#2786,#2787);
#2786 = CARTESIAN_POINT('',(6.7,28.940847466412,14.878092884034));
#2787 = VECTOR('',#2788,1.);
#2788 = DIRECTION('',(-0.707106781187,0.707106781187,-1.39E-15));
#2789 = ORIENTED_EDGE('',*,*,#2391,.T.);
#2790 = ORIENTED_EDGE('',*,*,#2782,.T.);
#2791 = ORIENTED_EDGE('',*,*,#2792,.F.);
#2792 = EDGE_CURVE('',#2783,#2783,#2793,.T.);
#2793 = CIRCLE('',#2794,1.6);
#2794 = AXIS2_PLACEMENT_3D('',#2795,#2796,#2797);
#2795 = CARTESIAN_POINT('',(6.7,30.540847466412,14.878092884034));
#2796 = DIRECTION('',(-1.,-2.4E-16,2.6E-16));
#2797 = DIRECTION('',(2.4E-16,-1.,2.22E-15));
#2798 = CONICAL_SURFACE('',#2799,1.6,0.785398163397);
#2799 = AXIS2_PLACEMENT_3D('',#2800,#2801,#2802);
#2800 = CARTESIAN_POINT('',(6.7,30.540847466412,14.878092884034));
#2801 = DIRECTION('',(1.,2.4E-16,-2.6E-16));
#2802 = DIRECTION('',(2.4E-16,-1.,2.22E-15));
#2803 = ADVANCED_FACE('',(#2804),#2815,.F.);
#2804 = FACE_BOUND('',#2805,.F.);
#2805 = EDGE_LOOP('',(#2806,#2807,#2813,#2814));
#2806 = ORIENTED_EDGE('',*,*,#2587,.F.);
#2807 = ORIENTED_EDGE('',*,*,#2808,.T.);
#2808 = EDGE_CURVE('',#2588,#2488,#2809,.T.);
#2809 = LINE('',#2810,#2811);
#2810 = CARTESIAN_POINT('',(5.,5.55,5.7));
#2811 = VECTOR('',#2812,1.);
#2812 = DIRECTION('',(-1.,-0.,-0.));
#2813 = ORIENTED_EDGE('',*,*,#2495,.T.);
#2814 = ORIENTED_EDGE('',*,*,#2443,.F.);
#2815 = CYLINDRICAL_SURFACE('',#2816,16.99658210177);
#2816 = AXIS2_PLACEMENT_3D('',#2817,#2818,#2819);
#2817 = CARTESIAN_POINT('',(5.,5.55,22.69658210177));
#2818 = DIRECTION('',(1.,0.,0.));
#2819 = DIRECTION('',(0.,1.,0.));
#2820 = ADVANCED_FACE('',(#2821,#2832),#2840,.T.);
#2821 = FACE_BOUND('',#2822,.T.);
#2822 = EDGE_LOOP('',(#2823));
#2823 = ORIENTED_EDGE('',*,*,#2824,.F.);
#2824 = EDGE_CURVE('',#2825,#2825,#2827,.T.);
#2825 = VERTEX_POINT('',#2826);
#2826 = CARTESIAN_POINT('',(2.25,3.,5.7));
#2827 = CIRCLE('',#2828,2.25);
#2828 = AXIS2_PLACEMENT_3D('',#2829,#2830,#2831);
#2829 = CARTESIAN_POINT('',(0.,3.,5.7));
#2830 = DIRECTION('',(0.,-0.,1.));
#2831 = DIRECTION('',(1.,2.2E-16,0.));
#2832 = FACE_BOUND('',#2833,.T.);
#2833 = EDGE_LOOP('',(#2834,#2835,#2836,#2837,#2838,#2839));
#2834 = ORIENTED_EDGE('',*,*,#2487,.F.);
#2835 = ORIENTED_EDGE('',*,*,#2513,.T.);
#2836 = ORIENTED_EDGE('',*,*,#2545,.F.);
#2837 = ORIENTED_EDGE('',*,*,#2562,.T.);
#2838 = ORIENTED_EDGE('',*,*,#2596,.F.);
#2839 = ORIENTED_EDGE('',*,*,#2808,.T.);
#2840 = PLANE('',#2841);
#2841 = AXIS2_PLACEMENT_3D('',#2842,#2843,#2844);
#2842 = CARTESIAN_POINT('',(-4.21E-15,20.5,5.7));
#2843 = DIRECTION('',(0.,0.,1.));
#2844 = DIRECTION('',(1.,0.,0.));
#2845 = ADVANCED_FACE('',(#2846),#2857,.F.);
#2846 = FACE_BOUND('',#2847,.F.);
#2847 = EDGE_LOOP('',(#2848,#2854,#2855,#2856));
#2848 = ORIENTED_EDGE('',*,*,#2849,.F.);
#2849 = EDGE_CURVE('',#2613,#2825,#2850,.T.);
#2850 = LINE('',#2851,#2852);
#2851 = CARTESIAN_POINT('',(2.05,3.,5.5));
#2852 = VECTOR('',#2853,1.);
#2853 = DIRECTION('',(0.707106781187,1.5E-16,0.707106781187));
#2854 = ORIENTED_EDGE('',*,*,#2620,.T.);
#2855 = ORIENTED_EDGE('',*,*,#2849,.T.);
#2856 = ORIENTED_EDGE('',*,*,#2824,.F.);
#2857 = CONICAL_SURFACE('',#2858,2.05,0.785398163397);
#2858 = AXIS2_PLACEMENT_3D('',#2859,#2860,#2861);
#2859 = CARTESIAN_POINT('',(0.,3.,5.5));
#2860 = DIRECTION('',(0.,0.,1.));
#2861 = DIRECTION('',(1.,2.2E-16,0.));
#2862 = ADVANCED_FACE('',(#2863),#2866,.T.);
#2863 = FACE_BOUND('',#2864,.T.);
#2864 = EDGE_LOOP('',(#2865));
#2865 = ORIENTED_EDGE('',*,*,#2646,.T.);
#2866 = PLANE('',#2867);
#2867 = AXIS2_PLACEMENT_3D('',#2868,#2869,#2870);
#2868 = CARTESIAN_POINT('',(-3.37E-15,34.99912943911,9.335823628737));
#2869 = DIRECTION('',(0.,0.755107290704,-0.655601235147));
#2870 = DIRECTION('',(0.,0.655601235147,0.755107290704));
#2871 = ADVANCED_FACE('',(#2872),#2883,.F.);
#2872 = FACE_BOUND('',#2873,.F.);
#2873 = EDGE_LOOP('',(#2874,#2880,#2881,#2882));
#2874 = ORIENTED_EDGE('',*,*,#2875,.F.);
#2875 = EDGE_CURVE('',#2662,#2704,#2876,.T.);
#2876 = LINE('',#2877,#2878);
#2877 = CARTESIAN_POINT('',(-6.9,28.940847466412,14.878092884034));
#2878 = VECTOR('',#2879,1.);
#2879 = DIRECTION('',(1.,0.,0.));
#2880 = ORIENTED_EDGE('',*,*,#2671,.F.);
#2881 = ORIENTED_EDGE('',*,*,#2875,.T.);
#2882 = ORIENTED_EDGE('',*,*,#2713,.T.);
#2883 = CYLINDRICAL_SURFACE('',#2884,1.6);
#2884 = AXIS2_PLACEMENT_3D('',#2885,#2886,#2887);
#2885 = CARTESIAN_POINT('',(-6.9,30.540847466412,14.878092884034));
#2886 = DIRECTION('',(-1.,0.,0.));
#2887 = DIRECTION('',(0.,-1.,0.));
#2888 = ADVANCED_FACE('',(#2889),#2900,.F.);
#2889 = FACE_BOUND('',#2890,.F.);
#2890 = EDGE_LOOP('',(#2891,#2897,#2898,#2899));
#2891 = ORIENTED_EDGE('',*,*,#2892,.F.);
#2892 = EDGE_CURVE('',#2758,#2783,#2893,.T.);
#2893 = LINE('',#2894,#2895);
#2894 = CARTESIAN_POINT('',(-6.9,28.940847466412,14.878092884034));
#2895 = VECTOR('',#2896,1.);
#2896 = DIRECTION('',(1.,0.,0.));
#2897 = ORIENTED_EDGE('',*,*,#2767,.F.);
#2898 = ORIENTED_EDGE('',*,*,#2892,.T.);
#2899 = ORIENTED_EDGE('',*,*,#2792,.T.);
#2900 = CYLINDRICAL_SURFACE('',#2901,1.6);
#2901 = AXIS2_PLACEMENT_3D('',#2902,#2903,#2904);
#2902 = CARTESIAN_POINT('',(-6.9,30.540847466412,14.878092884034));
#2903 = DIRECTION('',(-1.,0.,0.));
#2904 = DIRECTION('',(0.,-1.,0.));
#2905 = ( GEOMETRIC_REPRESENTATION_CONTEXT(3) 
GLOBAL_UNCERTAINTY_ASSIGNED_CONTEXT((#2909)) 
GLOBAL_UNIT_ASSIGNED_CONTEXT((#2906,#2907,#2908)) REPRESENTATION_CONTEXT
('Context #1','3D Context with UNIT and UNCERTAINTY') );
#2906 = ( LENGTH_UNIT() NAMED_UNIT(*) SI_UNIT(.MILLI.,.METRE.) );
#2907 = ( NAMED_UNIT(*) PLANE_ANGLE_UNIT() SI_UNIT($,.RADIAN.) );
#2908 = ( NAMED_UNIT(*) SI_UNIT($,.STERADIAN.) SOLID_ANGLE_UNIT() );
#2909 = UNCERTAINTY_MEASURE_WITH_UNIT(LENGTH_MEASURE(5.E-05),#2906,
  'distance_accuracy_value','confusion accuracy');
#2910 = PRODUCT_RELATED_PRODUCT_CATEGORY('part',$,(#7));
ENDSEC;
END-ISO-10303-21;
