ISO-10303-21;
HEADER;
FILE_DESCRIPTION(('FreeCAD Model'),'2;1');
FILE_NAME('Open CASCADE Shape Model','2026-04-28T11:58:34',(''),(''),
  'Open CASCADE STEP processor 7.8','FreeCAD','Unknown');
FILE_SCHEMA(('AUTOMOTIVE_DESIGN { 1 0 10303 214 1 1 1 1 }'));
ENDSEC;
DATA;
#1 = APPLICATION_PROTOCOL_DEFINITION('international standard',
  'automotive_design',2000,#2);
#2 = APPLICATION_CONTEXT(
  'core data for automotive mechanical design processes');
#3 = SHAPE_DEFINITION_REPRESENTATION(#4,#10);
#4 = PRODUCT_DEFINITION_SHAPE('','',#5);
#5 = PRODUCT_DEFINITION('design','',#6,#9);
#6 = PRODUCT_DEFINITION_FORMATION('','',#7);
#7 = PRODUCT('B_length_ruler','B_length_ruler','',(#8));
#8 = PRODUCT_CONTEXT('',#2,'mechanical');
#9 = PRODUCT_DEFINITION_CONTEXT('part definition',#2,'design');
#10 = ADVANCED_BREP_SHAPE_REPRESENTATION('',(#11,#15),#14806);
#11 = AXIS2_PLACEMENT_3D('',#12,#13,#14);
#12 = CARTESIAN_POINT('',(0.,0.,0.));
#13 = DIRECTION('',(0.,0.,1.));
#14 = DIRECTION('',(1.,0.,-0.));
#15 = MANIFOLD_SOLID_BREP('',#16);
#16 = CLOSED_SHELL('',(#17,#59,#343,#367,#3105,#3122,#3139,#3156,#3173,
    #3190,#3207,#3232,#3244,#3261,#3315,#3339,#3356,#3375,#3429,#3453,
    #3470,#3489,#3543,#3567,#3584,#3603,#3657,#3681,#3698,#3717,#3771,
    #3795,#3812,#3831,#3848,#3878,#3909,#3935,#3961,#3987,#4013,#4037,
    #4061,#4087,#4113,#4139,#4165,#4191,#4217,#4243,#4269,#4293,#4317,
    #4343,#4369,#4395,#4421,#4438,#4469,#4493,#4517,#4543,#4569,#4595,
    #4621,#4645,#4669,#4695,#4721,#4747,#4773,#4797,#4821,#4847,#4873,
    #4899,#4925,#4949,#4973,#4997,#5021,#5045,#5062,#5093,#5119,#5143,
    #5169,#5193,#5217,#5241,#5267,#5291,#5317,#5341,#5365,#5389,#5415,
    #5441,#5467,#5493,#5517,#5541,#5565,#5591,#5615,#5641,#5667,#5691,
    #5710,#5741,#5767,#5791,#5817,#5841,#5865,#5889,#5915,#5939,#5965,
    #5989,#6013,#6037,#6063,#6089,#6115,#6141,#6165,#6189,#6213,#6239,
    #6263,#6289,#6315,#6339,#6358,#6389,#6413,#6437,#6461,#6485,#6511,
    #6537,#6563,#6589,#6613,#6637,#6663,#6689,#6715,#6741,#6765,#6791,
    #6815,#6841,#6865,#6889,#6915,#6941,#6967,#6993,#7017,#7041,#7067,
    #7091,#7117,#7134,#7167,#7191,#7217,#7243,#7267,#7293,#7319,#7343,
    #7369,#7395,#7419,#7438,#7469,#7493,#7517,#7534,#7565,#7589,#7613,
    #7639,#7665,#7691,#7717,#7741,#7765,#7791,#7817,#7843,#7869,#7893,
    #7917,#7943,#7969,#7995,#8021,#8045,#8071,#8095,#8121,#8145,#8169,
    #8195,#8221,#8247,#8273,#8297,#8321,#8347,#8373,#8399,#8425,#8449,
    #8473,#8499,#8523,#8549,#8566,#8597,#8623,#8647,#8673,#8697,#8721,
    #8745,#8771,#8795,#8821,#8845,#8869,#8893,#8919,#8945,#8971,#8997,
    #9021,#9045,#9069,#9095,#9119,#9145,#9171,#9195,#9214,#9247,#9271,
    #9297,#9323,#9347,#9373,#9399,#9423,#9449,#9475,#9499,#9518,#9551,
    #9575,#9601,#9627,#9651,#9677,#9703,#9727,#9753,#9779,#9803,#9822,
    #9853,#9877,#9901,#9925,#9949,#9975,#10001,#10027,#10053,#10077,
    #10101,#10127,#10153,#10179,#10205,#10229,#10255,#10279,#10305,
    #10329,#10353,#10379,#10405,#10431,#10457,#10481,#10505,#10531,
    #10555,#10581,#10598,#10629,#10655,#10681,#10705,#10731,#10757,
    #10781,#10807,#10833,#10857,#10883,#10909,#10933,#10957,#10983,
    #11009,#11033,#11059,#11085,#11109,#11133,#11157,#11183,#11202,
    #11235,#11259,#11285,#11311,#11335,#11361,#11387,#11411,#11437,
    #11463,#11487,#11506,#11732,#11765,#11799,#11833,#11872,#11990,
    #12002,#12051,#12085,#12203,#12321,#12360,#12474,#12592,#12623,
    #12649,#12675,#12699,#12725,#12751,#12775,#12801,#12827,#12851,
    #12877,#12896,#12927,#12953,#12979,#13003,#13029,#13055,#13079,
    #13105,#13131,#13155,#13181,#13200,#13233,#13257,#13283,#13309,
    #13333,#13359,#13385,#13409,#13435,#13461,#13485,#13504,#13537,
    #13561,#13587,#13613,#13637,#13663,#13689,#13713,#13739,#13765,
    #13789,#13808,#13841,#13865,#13891,#13917,#13941,#13967,#13993,
    #14017,#14043,#14069,#14093,#14112,#14143,#14169,#14195,#14219,
    #14243,#14269,#14295,#14319,#14345,#14364,#14397,#14421,#14447,
    #14473,#14497,#14523,#14549,#14573,#14599,#14625,#14649,#14668,
    #14688,#14708,#14728,#14748,#14768,#14786));
#17 = ADVANCED_FACE('',(#18),#54,.T.);
#18 = FACE_BOUND('',#19,.T.);
#19 = EDGE_LOOP('',(#20,#31,#39,#48));
#20 = ORIENTED_EDGE('',*,*,#21,.F.);
#21 = EDGE_CURVE('',#22,#24,#26,.T.);
#22 = VERTEX_POINT('',#23);
#23 = CARTESIAN_POINT('',(43.5,7.5,0.));
#24 = VERTEX_POINT('',#25);
#25 = CARTESIAN_POINT('',(45.,6.,0.));
#26 = CIRCLE('',#27,1.5);
#27 = AXIS2_PLACEMENT_3D('',#28,#29,#30);
#28 = CARTESIAN_POINT('',(43.5,6.,0.));
#29 = DIRECTION('',(0.,0.,-1.));
#30 = DIRECTION('',(1.,0.,0.));
#31 = ORIENTED_EDGE('',*,*,#32,.T.);
#32 = EDGE_CURVE('',#22,#33,#35,.T.);
#33 = VERTEX_POINT('',#34);
#34 = CARTESIAN_POINT('',(43.5,7.5,2.));
#35 = LINE('',#36,#37);
#36 = CARTESIAN_POINT('',(43.5,7.5,0.));
#37 = VECTOR('',#38,1.);
#38 = DIRECTION('',(0.,0.,1.));
#39 = ORIENTED_EDGE('',*,*,#40,.T.);
#40 = EDGE_CURVE('',#33,#41,#43,.T.);
#41 = VERTEX_POINT('',#42);
#42 = CARTESIAN_POINT('',(45.,6.,2.));
#43 = CIRCLE('',#44,1.5);
#44 = AXIS2_PLACEMENT_3D('',#45,#46,#47);
#45 = CARTESIAN_POINT('',(43.5,6.,2.));
#46 = DIRECTION('',(0.,0.,-1.));
#47 = DIRECTION('',(1.,0.,0.));
#48 = ORIENTED_EDGE('',*,*,#49,.F.);
#49 = EDGE_CURVE('',#24,#41,#50,.T.);
#50 = LINE('',#51,#52);
#51 = CARTESIAN_POINT('',(45.,6.,0.));
#52 = VECTOR('',#53,1.);
#53 = DIRECTION('',(0.,0.,1.));
#54 = CYLINDRICAL_SURFACE('',#55,1.5);
#55 = AXIS2_PLACEMENT_3D('',#56,#57,#58);
#56 = CARTESIAN_POINT('',(43.5,6.,0.));
#57 = DIRECTION('',(0.,0.,-1.));
#58 = DIRECTION('',(1.,0.,0.));
#59 = ADVANCED_FACE('',(#60,#136,#147,#183,#219,#255,#291,#327),#338,.T.
  );
#60 = FACE_BOUND('',#61,.T.);
#61 = EDGE_LOOP('',(#62,#63,#71,#79,#87,#96,#104,#113,#121,#130));
#62 = ORIENTED_EDGE('',*,*,#21,.T.);
#63 = ORIENTED_EDGE('',*,*,#64,.T.);
#64 = EDGE_CURVE('',#24,#65,#67,.T.);
#65 = VERTEX_POINT('',#66);
#66 = CARTESIAN_POINT('',(45.,0.,0.));
#67 = LINE('',#68,#69);
#68 = CARTESIAN_POINT('',(45.,6.,0.));
#69 = VECTOR('',#70,1.);
#70 = DIRECTION('',(0.,-1.,0.));
#71 = ORIENTED_EDGE('',*,*,#72,.T.);
#72 = EDGE_CURVE('',#65,#73,#75,.T.);
#73 = VERTEX_POINT('',#74);
#74 = CARTESIAN_POINT('',(35.,0.,0.));
#75 = LINE('',#76,#77);
#76 = CARTESIAN_POINT('',(45.,0.,0.));
#77 = VECTOR('',#78,1.);
#78 = DIRECTION('',(-1.,0.,0.));
#79 = ORIENTED_EDGE('',*,*,#80,.T.);
#80 = EDGE_CURVE('',#73,#81,#83,.T.);
#81 = VERTEX_POINT('',#82);
#82 = CARTESIAN_POINT('',(35.,-6.,0.));
#83 = LINE('',#84,#85);
#84 = CARTESIAN_POINT('',(35.,0.,0.));
#85 = VECTOR('',#86,1.);
#86 = DIRECTION('',(0.,-1.,0.));
#87 = ORIENTED_EDGE('',*,*,#88,.T.);
#88 = EDGE_CURVE('',#81,#89,#91,.T.);
#89 = VERTEX_POINT('',#90);
#90 = CARTESIAN_POINT('',(33.5,-7.5,0.));
#91 = CIRCLE('',#92,1.5);
#92 = AXIS2_PLACEMENT_3D('',#93,#94,#95);
#93 = CARTESIAN_POINT('',(33.5,-6.,0.));
#94 = DIRECTION('',(0.,0.,-1.));
#95 = DIRECTION('',(1.,0.,0.));
#96 = ORIENTED_EDGE('',*,*,#97,.T.);
#97 = EDGE_CURVE('',#89,#98,#100,.T.);
#98 = VERTEX_POINT('',#99);
#99 = CARTESIAN_POINT('',(-13.5,-7.5,0.));
#100 = LINE('',#101,#102);
#101 = CARTESIAN_POINT('',(33.5,-7.5,0.));
#102 = VECTOR('',#103,1.);
#103 = DIRECTION('',(-1.,0.,0.));
#104 = ORIENTED_EDGE('',*,*,#105,.F.);
#105 = EDGE_CURVE('',#106,#98,#108,.T.);
#106 = VERTEX_POINT('',#107);
#107 = CARTESIAN_POINT('',(-15.,-6.,0.));
#108 = CIRCLE('',#109,1.5);
#109 = AXIS2_PLACEMENT_3D('',#110,#111,#112);
#110 = CARTESIAN_POINT('',(-13.5,-6.,0.));
#111 = DIRECTION('',(0.,0.,1.));
#112 = DIRECTION('',(1.,0.,0.));
#113 = ORIENTED_EDGE('',*,*,#114,.F.);
#114 = EDGE_CURVE('',#115,#106,#117,.T.);
#115 = VERTEX_POINT('',#116);
#116 = CARTESIAN_POINT('',(-15.,6.,0.));
#117 = LINE('',#118,#119);
#118 = CARTESIAN_POINT('',(-15.,6.,0.));
#119 = VECTOR('',#120,1.);
#120 = DIRECTION('',(0.,-1.,0.));
#121 = ORIENTED_EDGE('',*,*,#122,.F.);
#122 = EDGE_CURVE('',#123,#115,#125,.T.);
#123 = VERTEX_POINT('',#124);
#124 = CARTESIAN_POINT('',(-13.5,7.5,0.));
#125 = CIRCLE('',#126,1.5);
#126 = AXIS2_PLACEMENT_3D('',#127,#128,#129);
#127 = CARTESIAN_POINT('',(-13.5,6.,0.));
#128 = DIRECTION('',(0.,0.,1.));
#129 = DIRECTION('',(1.,0.,0.));
#130 = ORIENTED_EDGE('',*,*,#131,.F.);
#131 = EDGE_CURVE('',#22,#123,#132,.T.);
#132 = LINE('',#133,#134);
#133 = CARTESIAN_POINT('',(19.5,7.5,0.));
#134 = VECTOR('',#135,1.);
#135 = DIRECTION('',(-1.,0.,0.));
#136 = FACE_BOUND('',#137,.T.);
#137 = EDGE_LOOP('',(#138));
#138 = ORIENTED_EDGE('',*,*,#139,.T.);
#139 = EDGE_CURVE('',#140,#140,#142,.T.);
#140 = VERTEX_POINT('',#141);
#141 = CARTESIAN_POINT('',(1.6,-4.5,0.));
#142 = CIRCLE('',#143,1.6);
#143 = AXIS2_PLACEMENT_3D('',#144,#145,#146);
#144 = CARTESIAN_POINT('',(0.,-4.5,0.));
#145 = DIRECTION('',(0.,0.,1.));
#146 = DIRECTION('',(1.,0.,0.));
#147 = FACE_BOUND('',#148,.T.);
#148 = EDGE_LOOP('',(#149,#160,#168,#177));
#149 = ORIENTED_EDGE('',*,*,#150,.T.);
#150 = EDGE_CURVE('',#151,#153,#155,.T.);
#151 = VERTEX_POINT('',#152);
#152 = CARTESIAN_POINT('',(14.7,0.,0.));
#153 = VERTEX_POINT('',#154);
#154 = CARTESIAN_POINT('',(15.3,0.,0.));
#155 = CIRCLE('',#156,0.3);
#156 = AXIS2_PLACEMENT_3D('',#157,#158,#159);
#157 = CARTESIAN_POINT('',(15.,0.,0.));
#158 = DIRECTION('',(0.,0.,1.));
#159 = DIRECTION('',(1.,0.,0.));
#160 = ORIENTED_EDGE('',*,*,#161,.T.);
#161 = EDGE_CURVE('',#153,#162,#164,.T.);
#162 = VERTEX_POINT('',#163);
#163 = CARTESIAN_POINT('',(15.3,2.5,0.));
#164 = LINE('',#165,#166);
#165 = CARTESIAN_POINT('',(15.3,-7.E-17,0.));
#166 = VECTOR('',#167,1.);
#167 = DIRECTION('',(0.,1.,0.));
#168 = ORIENTED_EDGE('',*,*,#169,.T.);
#169 = EDGE_CURVE('',#162,#170,#172,.T.);
#170 = VERTEX_POINT('',#171);
#171 = CARTESIAN_POINT('',(14.7,2.5,0.));
#172 = CIRCLE('',#173,0.3);
#173 = AXIS2_PLACEMENT_3D('',#174,#175,#176);
#174 = CARTESIAN_POINT('',(15.,2.5,0.));
#175 = DIRECTION('',(0.,0.,1.));
#176 = DIRECTION('',(1.,0.,0.));
#177 = ORIENTED_EDGE('',*,*,#178,.F.);
#178 = EDGE_CURVE('',#151,#170,#179,.T.);
#179 = LINE('',#180,#181);
#180 = CARTESIAN_POINT('',(14.7,-1.E-16,0.));
#181 = VECTOR('',#182,1.);
#182 = DIRECTION('',(0.,1.,0.));
#183 = FACE_BOUND('',#184,.T.);
#184 = EDGE_LOOP('',(#185,#196,#204,#213));
#185 = ORIENTED_EDGE('',*,*,#186,.T.);
#186 = EDGE_CURVE('',#187,#189,#191,.T.);
#187 = VERTEX_POINT('',#188);
#188 = CARTESIAN_POINT('',(-6.7,2.E-15,0.));
#189 = VERTEX_POINT('',#190);
#190 = CARTESIAN_POINT('',(-7.3,4.17E-13,0.));
#191 = CIRCLE('',#192,0.3);
#192 = AXIS2_PLACEMENT_3D('',#193,#194,#195);
#193 = CARTESIAN_POINT('',(-7.,0.,0.));
#194 = DIRECTION('',(0.,0.,1.));
#195 = DIRECTION('',(1.,0.,0.));
#196 = ORIENTED_EDGE('',*,*,#197,.T.);
#197 = EDGE_CURVE('',#189,#198,#200,.T.);
#198 = VERTEX_POINT('',#199);
#199 = CARTESIAN_POINT('',(-7.3,-2.5,0.));
#200 = LINE('',#201,#202);
#201 = CARTESIAN_POINT('',(-7.3,4.1744E-13,0.));
#202 = VECTOR('',#203,1.);
#203 = DIRECTION('',(0.,-1.,0.));
#204 = ORIENTED_EDGE('',*,*,#205,.T.);
#205 = EDGE_CURVE('',#198,#206,#208,.T.);
#206 = VERTEX_POINT('',#207);
#207 = CARTESIAN_POINT('',(-6.7,-2.5,0.));
#208 = CIRCLE('',#209,0.3);
#209 = AXIS2_PLACEMENT_3D('',#210,#211,#212);
#210 = CARTESIAN_POINT('',(-7.,-2.5,0.));
#211 = DIRECTION('',(0.,0.,1.));
#212 = DIRECTION('',(1.,0.,0.));
#213 = ORIENTED_EDGE('',*,*,#214,.F.);
#214 = EDGE_CURVE('',#187,#206,#215,.T.);
#215 = LINE('',#216,#217);
#216 = CARTESIAN_POINT('',(-6.7,1.74E-15,0.));
#217 = VECTOR('',#218,1.);
#218 = DIRECTION('',(0.,-1.,0.));
#219 = FACE_BOUND('',#220,.T.);
#220 = EDGE_LOOP('',(#221,#232,#240,#249));
#221 = ORIENTED_EDGE('',*,*,#222,.T.);
#222 = EDGE_CURVE('',#223,#225,#227,.T.);
#223 = VERTEX_POINT('',#224);
#224 = CARTESIAN_POINT('',(10.3,0.,0.));
#225 = VERTEX_POINT('',#226);
#226 = CARTESIAN_POINT('',(9.7,0.,0.));
#227 = CIRCLE('',#228,0.3);
#228 = AXIS2_PLACEMENT_3D('',#229,#230,#231);
#229 = CARTESIAN_POINT('',(10.,0.,0.));
#230 = DIRECTION('',(0.,0.,1.));
#231 = DIRECTION('',(1.,0.,0.));
#232 = ORIENTED_EDGE('',*,*,#233,.T.);
#233 = EDGE_CURVE('',#225,#234,#236,.T.);
#234 = VERTEX_POINT('',#235);
#235 = CARTESIAN_POINT('',(9.7,-2.5,0.));
#236 = LINE('',#237,#238);
#237 = CARTESIAN_POINT('',(9.7,4.E-17,0.));
#238 = VECTOR('',#239,1.);
#239 = DIRECTION('',(0.,-1.,0.));
#240 = ORIENTED_EDGE('',*,*,#241,.T.);
#241 = EDGE_CURVE('',#234,#242,#244,.T.);
#242 = VERTEX_POINT('',#243);
#243 = CARTESIAN_POINT('',(10.3,-2.5,0.));
#244 = CIRCLE('',#245,0.3);
#245 = AXIS2_PLACEMENT_3D('',#246,#247,#248);
#246 = CARTESIAN_POINT('',(10.,-2.5,0.));
#247 = DIRECTION('',(0.,0.,1.));
#248 = DIRECTION('',(1.,0.,0.));
#249 = ORIENTED_EDGE('',*,*,#250,.F.);
#250 = EDGE_CURVE('',#223,#242,#251,.T.);
#251 = LINE('',#252,#253);
#252 = CARTESIAN_POINT('',(10.3,3.E-17,0.));
#253 = VECTOR('',#254,1.);
#254 = DIRECTION('',(0.,-1.,0.));
#255 = FACE_BOUND('',#256,.T.);
#256 = EDGE_LOOP('',(#257,#268,#276,#285));
#257 = ORIENTED_EDGE('',*,*,#258,.T.);
#258 = EDGE_CURVE('',#259,#261,#263,.T.);
#259 = VERTEX_POINT('',#260);
#260 = CARTESIAN_POINT('',(-5.3,0.,0.));
#261 = VERTEX_POINT('',#262);
#262 = CARTESIAN_POINT('',(-4.7,0.,0.));
#263 = CIRCLE('',#264,0.3);
#264 = AXIS2_PLACEMENT_3D('',#265,#266,#267);
#265 = CARTESIAN_POINT('',(-5.,0.,0.));
#266 = DIRECTION('',(0.,0.,1.));
#267 = DIRECTION('',(1.,0.,0.));
#268 = ORIENTED_EDGE('',*,*,#269,.T.);
#269 = EDGE_CURVE('',#261,#270,#272,.T.);
#270 = VERTEX_POINT('',#271);
#271 = CARTESIAN_POINT('',(-4.7,2.5,0.));
#272 = LINE('',#273,#274);
#273 = CARTESIAN_POINT('',(-4.7,-7.E-17,0.));
#274 = VECTOR('',#275,1.);
#275 = DIRECTION('',(0.,1.,0.));
#276 = ORIENTED_EDGE('',*,*,#277,.T.);
#277 = EDGE_CURVE('',#270,#278,#280,.T.);
#278 = VERTEX_POINT('',#279);
#279 = CARTESIAN_POINT('',(-5.3,2.5,0.));
#280 = CIRCLE('',#281,0.3);
#281 = AXIS2_PLACEMENT_3D('',#282,#283,#284);
#282 = CARTESIAN_POINT('',(-5.,2.5,0.));
#283 = DIRECTION('',(0.,0.,1.));
#284 = DIRECTION('',(1.,0.,0.));
#285 = ORIENTED_EDGE('',*,*,#286,.F.);
#286 = EDGE_CURVE('',#259,#278,#287,.T.);
#287 = LINE('',#288,#289);
#288 = CARTESIAN_POINT('',(-5.3,-1.E-16,0.));
#289 = VECTOR('',#290,1.);
#290 = DIRECTION('',(0.,1.,0.));
#291 = FACE_BOUND('',#292,.T.);
#292 = EDGE_LOOP('',(#293,#304,#312,#321));
#293 = ORIENTED_EDGE('',*,*,#294,.T.);
#294 = EDGE_CURVE('',#295,#297,#299,.T.);
#295 = VERTEX_POINT('',#296);
#296 = CARTESIAN_POINT('',(-10.3,0.,0.));
#297 = VERTEX_POINT('',#298);
#298 = CARTESIAN_POINT('',(-9.7,0.,0.));
#299 = CIRCLE('',#300,0.3);
#300 = AXIS2_PLACEMENT_3D('',#301,#302,#303);
#301 = CARTESIAN_POINT('',(-10.,0.,0.));
#302 = DIRECTION('',(0.,0.,1.));
#303 = DIRECTION('',(1.,0.,0.));
#304 = ORIENTED_EDGE('',*,*,#305,.T.);
#305 = EDGE_CURVE('',#297,#306,#308,.T.);
#306 = VERTEX_POINT('',#307);
#307 = CARTESIAN_POINT('',(-9.7,2.5,0.));
#308 = LINE('',#309,#310);
#309 = CARTESIAN_POINT('',(-9.7,-7.E-17,0.));
#310 = VECTOR('',#311,1.);
#311 = DIRECTION('',(0.,1.,0.));
#312 = ORIENTED_EDGE('',*,*,#313,.T.);
#313 = EDGE_CURVE('',#306,#314,#316,.T.);
#314 = VERTEX_POINT('',#315);
#315 = CARTESIAN_POINT('',(-10.3,2.5,0.));
#316 = CIRCLE('',#317,0.3);
#317 = AXIS2_PLACEMENT_3D('',#318,#319,#320);
#318 = CARTESIAN_POINT('',(-10.,2.5,0.));
#319 = DIRECTION('',(0.,0.,1.));
#320 = DIRECTION('',(1.,0.,0.));
#321 = ORIENTED_EDGE('',*,*,#322,.F.);
#322 = EDGE_CURVE('',#295,#314,#323,.T.);
#323 = LINE('',#324,#325);
#324 = CARTESIAN_POINT('',(-10.3,-1.E-16,0.));
#325 = VECTOR('',#326,1.);
#326 = DIRECTION('',(0.,1.,0.));
#327 = FACE_BOUND('',#328,.T.);
#328 = EDGE_LOOP('',(#329));
#329 = ORIENTED_EDGE('',*,*,#330,.T.);
#330 = EDGE_CURVE('',#331,#331,#333,.T.);
#331 = VERTEX_POINT('',#332);
#332 = CARTESIAN_POINT('',(-3.9,-4.5,0.));
#333 = CIRCLE('',#334,1.1);
#334 = AXIS2_PLACEMENT_3D('',#335,#336,#337);
#335 = CARTESIAN_POINT('',(-5.,-4.5,0.));
#336 = DIRECTION('',(0.,0.,1.));
#337 = DIRECTION('',(1.,0.,0.));
#338 = PLANE('',#339);
#339 = AXIS2_PLACEMENT_3D('',#340,#341,#342);
#340 = CARTESIAN_POINT('',(14.53641813957,0.509104534893,0.));
#341 = DIRECTION('',(-0.,-0.,-1.));
#342 = DIRECTION('',(-1.,0.,0.));
#343 = ADVANCED_FACE('',(#344),#362,.T.);
#344 = FACE_BOUND('',#345,.T.);
#345 = EDGE_LOOP('',(#346,#347,#348,#356));
#346 = ORIENTED_EDGE('',*,*,#64,.F.);
#347 = ORIENTED_EDGE('',*,*,#49,.T.);
#348 = ORIENTED_EDGE('',*,*,#349,.T.);
#349 = EDGE_CURVE('',#41,#350,#352,.T.);
#350 = VERTEX_POINT('',#351);
#351 = CARTESIAN_POINT('',(45.,0.,2.));
#352 = LINE('',#353,#354);
#353 = CARTESIAN_POINT('',(45.,3.031878789043,2.));
#354 = VECTOR('',#355,1.);
#355 = DIRECTION('',(0.,-1.,0.));
#356 = ORIENTED_EDGE('',*,*,#357,.F.);
#357 = EDGE_CURVE('',#65,#350,#358,.T.);
#358 = LINE('',#359,#360);
#359 = CARTESIAN_POINT('',(45.,0.,0.));
#360 = VECTOR('',#361,1.);
#361 = DIRECTION('',(0.,0.,1.));
#362 = PLANE('',#363);
#363 = AXIS2_PLACEMENT_3D('',#364,#365,#366);
#364 = CARTESIAN_POINT('',(45.,6.,0.));
#365 = DIRECTION('',(1.,0.,0.));
#366 = DIRECTION('',(0.,-1.,0.));
#367 = ADVANCED_FACE('',(#368,#618,#796,#807,#1009,#1020,#1230,#1440,
    #1690,#1788,#1822,#2152,#2362,#2460,#2558,#2808,#3002),#3100,.T.);
#368 = FACE_BOUND('',#369,.T.);
#369 = EDGE_LOOP('',(#370,#378,#387,#395,#403,#411,#420,#428,#436,#444,
    #453,#461,#469,#477,#486,#494,#502,#510,#519,#527,#535,#543,#552,
    #560,#568,#576,#585,#593,#602,#610,#616,#617));
#370 = ORIENTED_EDGE('',*,*,#371,.T.);
#371 = EDGE_CURVE('',#33,#372,#374,.T.);
#372 = VERTEX_POINT('',#373);
#373 = CARTESIAN_POINT('',(-13.5,7.5,2.));
#374 = LINE('',#375,#376);
#375 = CARTESIAN_POINT('',(19.5,7.5,2.));
#376 = VECTOR('',#377,1.);
#377 = DIRECTION('',(-1.,0.,0.));
#378 = ORIENTED_EDGE('',*,*,#379,.T.);
#379 = EDGE_CURVE('',#372,#380,#382,.T.);
#380 = VERTEX_POINT('',#381);
#381 = CARTESIAN_POINT('',(-15.,6.,2.));
#382 = CIRCLE('',#383,1.5);
#383 = AXIS2_PLACEMENT_3D('',#384,#385,#386);
#384 = CARTESIAN_POINT('',(-13.5,6.,2.));
#385 = DIRECTION('',(0.,0.,1.));
#386 = DIRECTION('',(1.,0.,0.));
#387 = ORIENTED_EDGE('',*,*,#388,.T.);
#388 = EDGE_CURVE('',#380,#389,#391,.T.);
#389 = VERTEX_POINT('',#390);
#390 = CARTESIAN_POINT('',(-15.,1.2,2.));
#391 = LINE('',#392,#393);
#392 = CARTESIAN_POINT('',(-15.,6.,2.));
#393 = VECTOR('',#394,1.);
#394 = DIRECTION('',(0.,-1.,0.));
#395 = ORIENTED_EDGE('',*,*,#396,.F.);
#396 = EDGE_CURVE('',#397,#389,#399,.T.);
#397 = VERTEX_POINT('',#398);
#398 = CARTESIAN_POINT('',(-10.3,1.2,2.));
#399 = LINE('',#400,#401);
#400 = CARTESIAN_POINT('',(-15.,1.2,2.));
#401 = VECTOR('',#402,1.);
#402 = DIRECTION('',(-1.,0.,0.));
#403 = ORIENTED_EDGE('',*,*,#404,.T.);
#404 = EDGE_CURVE('',#397,#405,#407,.T.);
#405 = VERTEX_POINT('',#406);
#406 = CARTESIAN_POINT('',(-10.3,2.5,2.));
#407 = LINE('',#408,#409);
#408 = CARTESIAN_POINT('',(-10.3,-1.E-16,2.));
#409 = VECTOR('',#410,1.);
#410 = DIRECTION('',(0.,1.,0.));
#411 = ORIENTED_EDGE('',*,*,#412,.F.);
#412 = EDGE_CURVE('',#413,#405,#415,.T.);
#413 = VERTEX_POINT('',#414);
#414 = CARTESIAN_POINT('',(-9.7,2.5,2.));
#415 = CIRCLE('',#416,0.3);
#416 = AXIS2_PLACEMENT_3D('',#417,#418,#419);
#417 = CARTESIAN_POINT('',(-10.,2.5,2.));
#418 = DIRECTION('',(0.,0.,1.));
#419 = DIRECTION('',(1.,0.,0.));
#420 = ORIENTED_EDGE('',*,*,#421,.F.);
#421 = EDGE_CURVE('',#422,#413,#424,.T.);
#422 = VERTEX_POINT('',#423);
#423 = CARTESIAN_POINT('',(-9.7,1.2,2.));
#424 = LINE('',#425,#426);
#425 = CARTESIAN_POINT('',(-9.7,-7.E-17,2.));
#426 = VECTOR('',#427,1.);
#427 = DIRECTION('',(0.,1.,0.));
#428 = ORIENTED_EDGE('',*,*,#429,.F.);
#429 = EDGE_CURVE('',#430,#422,#432,.T.);
#430 = VERTEX_POINT('',#431);
#431 = CARTESIAN_POINT('',(-5.3,1.2,2.));
#432 = LINE('',#433,#434);
#433 = CARTESIAN_POINT('',(-15.,1.2,2.));
#434 = VECTOR('',#435,1.);
#435 = DIRECTION('',(-1.,0.,0.));
#436 = ORIENTED_EDGE('',*,*,#437,.T.);
#437 = EDGE_CURVE('',#430,#438,#440,.T.);
#438 = VERTEX_POINT('',#439);
#439 = CARTESIAN_POINT('',(-5.3,2.5,2.));
#440 = LINE('',#441,#442);
#441 = CARTESIAN_POINT('',(-5.3,-1.E-16,2.));
#442 = VECTOR('',#443,1.);
#443 = DIRECTION('',(0.,1.,0.));
#444 = ORIENTED_EDGE('',*,*,#445,.F.);
#445 = EDGE_CURVE('',#446,#438,#448,.T.);
#446 = VERTEX_POINT('',#447);
#447 = CARTESIAN_POINT('',(-4.7,2.5,2.));
#448 = CIRCLE('',#449,0.3);
#449 = AXIS2_PLACEMENT_3D('',#450,#451,#452);
#450 = CARTESIAN_POINT('',(-5.,2.5,2.));
#451 = DIRECTION('',(0.,0.,1.));
#452 = DIRECTION('',(1.,0.,0.));
#453 = ORIENTED_EDGE('',*,*,#454,.F.);
#454 = EDGE_CURVE('',#455,#446,#457,.T.);
#455 = VERTEX_POINT('',#456);
#456 = CARTESIAN_POINT('',(-4.7,1.2,2.));
#457 = LINE('',#458,#459);
#458 = CARTESIAN_POINT('',(-4.7,-7.E-17,2.));
#459 = VECTOR('',#460,1.);
#460 = DIRECTION('',(0.,1.,0.));
#461 = ORIENTED_EDGE('',*,*,#462,.F.);
#462 = EDGE_CURVE('',#463,#455,#465,.T.);
#463 = VERTEX_POINT('',#464);
#464 = CARTESIAN_POINT('',(14.7,1.2,2.));
#465 = LINE('',#466,#467);
#466 = CARTESIAN_POINT('',(-15.,1.2,2.));
#467 = VECTOR('',#468,1.);
#468 = DIRECTION('',(-1.,0.,0.));
#469 = ORIENTED_EDGE('',*,*,#470,.T.);
#470 = EDGE_CURVE('',#463,#471,#473,.T.);
#471 = VERTEX_POINT('',#472);
#472 = CARTESIAN_POINT('',(14.7,2.5,2.));
#473 = LINE('',#474,#475);
#474 = CARTESIAN_POINT('',(14.7,-1.E-16,2.));
#475 = VECTOR('',#476,1.);
#476 = DIRECTION('',(0.,1.,0.));
#477 = ORIENTED_EDGE('',*,*,#478,.F.);
#478 = EDGE_CURVE('',#479,#471,#481,.T.);
#479 = VERTEX_POINT('',#480);
#480 = CARTESIAN_POINT('',(15.3,2.5,2.));
#481 = CIRCLE('',#482,0.3);
#482 = AXIS2_PLACEMENT_3D('',#483,#484,#485);
#483 = CARTESIAN_POINT('',(15.,2.5,2.));
#484 = DIRECTION('',(0.,0.,1.));
#485 = DIRECTION('',(1.,0.,0.));
#486 = ORIENTED_EDGE('',*,*,#487,.F.);
#487 = EDGE_CURVE('',#488,#479,#490,.T.);
#488 = VERTEX_POINT('',#489);
#489 = CARTESIAN_POINT('',(15.3,-1.2,2.));
#490 = LINE('',#491,#492);
#491 = CARTESIAN_POINT('',(15.3,-7.E-17,2.));
#492 = VECTOR('',#493,1.);
#493 = DIRECTION('',(0.,1.,0.));
#494 = ORIENTED_EDGE('',*,*,#495,.T.);
#495 = EDGE_CURVE('',#488,#496,#498,.T.);
#496 = VERTEX_POINT('',#497);
#497 = CARTESIAN_POINT('',(10.3,-1.2,2.));
#498 = LINE('',#499,#500);
#499 = CARTESIAN_POINT('',(-15.,-1.2,2.));
#500 = VECTOR('',#501,1.);
#501 = DIRECTION('',(-1.,0.,0.));
#502 = ORIENTED_EDGE('',*,*,#503,.T.);
#503 = EDGE_CURVE('',#496,#504,#506,.T.);
#504 = VERTEX_POINT('',#505);
#505 = CARTESIAN_POINT('',(10.3,-2.5,2.));
#506 = LINE('',#507,#508);
#507 = CARTESIAN_POINT('',(10.3,3.E-17,2.));
#508 = VECTOR('',#509,1.);
#509 = DIRECTION('',(0.,-1.,0.));
#510 = ORIENTED_EDGE('',*,*,#511,.F.);
#511 = EDGE_CURVE('',#512,#504,#514,.T.);
#512 = VERTEX_POINT('',#513);
#513 = CARTESIAN_POINT('',(9.7,-2.5,2.));
#514 = CIRCLE('',#515,0.3);
#515 = AXIS2_PLACEMENT_3D('',#516,#517,#518);
#516 = CARTESIAN_POINT('',(10.,-2.5,2.));
#517 = DIRECTION('',(0.,0.,1.));
#518 = DIRECTION('',(1.,0.,0.));
#519 = ORIENTED_EDGE('',*,*,#520,.F.);
#520 = EDGE_CURVE('',#521,#512,#523,.T.);
#521 = VERTEX_POINT('',#522);
#522 = CARTESIAN_POINT('',(9.7,-1.2,2.));
#523 = LINE('',#524,#525);
#524 = CARTESIAN_POINT('',(9.7,4.E-17,2.));
#525 = VECTOR('',#526,1.);
#526 = DIRECTION('',(0.,-1.,0.));
#527 = ORIENTED_EDGE('',*,*,#528,.T.);
#528 = EDGE_CURVE('',#521,#529,#531,.T.);
#529 = VERTEX_POINT('',#530);
#530 = CARTESIAN_POINT('',(-6.7,-1.2,2.));
#531 = LINE('',#532,#533);
#532 = CARTESIAN_POINT('',(-15.,-1.2,2.));
#533 = VECTOR('',#534,1.);
#534 = DIRECTION('',(-1.,0.,0.));
#535 = ORIENTED_EDGE('',*,*,#536,.T.);
#536 = EDGE_CURVE('',#529,#537,#539,.T.);
#537 = VERTEX_POINT('',#538);
#538 = CARTESIAN_POINT('',(-6.7,-2.5,2.));
#539 = LINE('',#540,#541);
#540 = CARTESIAN_POINT('',(-6.7,1.74E-15,2.));
#541 = VECTOR('',#542,1.);
#542 = DIRECTION('',(0.,-1.,0.));
#543 = ORIENTED_EDGE('',*,*,#544,.F.);
#544 = EDGE_CURVE('',#545,#537,#547,.T.);
#545 = VERTEX_POINT('',#546);
#546 = CARTESIAN_POINT('',(-7.3,-2.5,2.));
#547 = CIRCLE('',#548,0.3);
#548 = AXIS2_PLACEMENT_3D('',#549,#550,#551);
#549 = CARTESIAN_POINT('',(-7.,-2.5,2.));
#550 = DIRECTION('',(0.,0.,1.));
#551 = DIRECTION('',(1.,0.,0.));
#552 = ORIENTED_EDGE('',*,*,#553,.F.);
#553 = EDGE_CURVE('',#554,#545,#556,.T.);
#554 = VERTEX_POINT('',#555);
#555 = CARTESIAN_POINT('',(-7.3,-1.2,2.));
#556 = LINE('',#557,#558);
#557 = CARTESIAN_POINT('',(-7.3,4.1744E-13,2.));
#558 = VECTOR('',#559,1.);
#559 = DIRECTION('',(0.,-1.,0.));
#560 = ORIENTED_EDGE('',*,*,#561,.T.);
#561 = EDGE_CURVE('',#554,#562,#564,.T.);
#562 = VERTEX_POINT('',#563);
#563 = CARTESIAN_POINT('',(-15.,-1.2,2.));
#564 = LINE('',#565,#566);
#565 = CARTESIAN_POINT('',(-15.,-1.2,2.));
#566 = VECTOR('',#567,1.);
#567 = DIRECTION('',(-1.,0.,0.));
#568 = ORIENTED_EDGE('',*,*,#569,.T.);
#569 = EDGE_CURVE('',#562,#570,#572,.T.);
#570 = VERTEX_POINT('',#571);
#571 = CARTESIAN_POINT('',(-15.,-6.,2.));
#572 = LINE('',#573,#574);
#573 = CARTESIAN_POINT('',(-15.,6.,2.));
#574 = VECTOR('',#575,1.);
#575 = DIRECTION('',(0.,-1.,0.));
#576 = ORIENTED_EDGE('',*,*,#577,.T.);
#577 = EDGE_CURVE('',#570,#578,#580,.T.);
#578 = VERTEX_POINT('',#579);
#579 = CARTESIAN_POINT('',(-13.5,-7.5,2.));
#580 = CIRCLE('',#581,1.5);
#581 = AXIS2_PLACEMENT_3D('',#582,#583,#584);
#582 = CARTESIAN_POINT('',(-13.5,-6.,2.));
#583 = DIRECTION('',(0.,0.,1.));
#584 = DIRECTION('',(1.,0.,0.));
#585 = ORIENTED_EDGE('',*,*,#586,.F.);
#586 = EDGE_CURVE('',#587,#578,#589,.T.);
#587 = VERTEX_POINT('',#588);
#588 = CARTESIAN_POINT('',(33.5,-7.5,2.));
#589 = LINE('',#590,#591);
#590 = CARTESIAN_POINT('',(17.943963625183,-7.5,2.));
#591 = VECTOR('',#592,1.);
#592 = DIRECTION('',(-1.,0.,0.));
#593 = ORIENTED_EDGE('',*,*,#594,.F.);
#594 = EDGE_CURVE('',#595,#587,#597,.T.);
#595 = VERTEX_POINT('',#596);
#596 = CARTESIAN_POINT('',(35.,-6.,2.));
#597 = CIRCLE('',#598,1.5);
#598 = AXIS2_PLACEMENT_3D('',#599,#600,#601);
#599 = CARTESIAN_POINT('',(33.5,-6.,2.));
#600 = DIRECTION('',(0.,0.,-1.));
#601 = DIRECTION('',(1.,0.,0.));
#602 = ORIENTED_EDGE('',*,*,#603,.F.);
#603 = EDGE_CURVE('',#604,#595,#606,.T.);
#604 = VERTEX_POINT('',#605);
#605 = CARTESIAN_POINT('',(35.,0.,2.));
#606 = LINE('',#607,#608);
#607 = CARTESIAN_POINT('',(35.,3.187878904344E-02,2.));
#608 = VECTOR('',#609,1.);
#609 = DIRECTION('',(0.,-1.,0.));
#610 = ORIENTED_EDGE('',*,*,#611,.F.);
#611 = EDGE_CURVE('',#350,#604,#612,.T.);
#612 = LINE('',#613,#614);
#613 = CARTESIAN_POINT('',(23.693963625183,0.,2.));
#614 = VECTOR('',#615,1.);
#615 = DIRECTION('',(-1.,0.,0.));
#616 = ORIENTED_EDGE('',*,*,#349,.F.);
#617 = ORIENTED_EDGE('',*,*,#40,.F.);
#618 = FACE_BOUND('',#619,.T.);
#619 = EDGE_LOOP('',(#620,#630,#638,#646,#654,#662,#670,#678,#686,#694,
    #702,#710,#718,#726,#734,#742,#750,#758,#766,#774,#782,#790));
#620 = ORIENTED_EDGE('',*,*,#621,.T.);
#621 = EDGE_CURVE('',#622,#624,#626,.T.);
#622 = VERTEX_POINT('',#623);
#623 = CARTESIAN_POINT('',(-13.05,-4.978758254901,2.));
#624 = VERTEX_POINT('',#625);
#625 = CARTESIAN_POINT('',(-13.05,-4.021241745099,2.));
#626 = LINE('',#627,#628);
#627 = CARTESIAN_POINT('',(-13.05,-4.978758254901,2.));
#628 = VECTOR('',#629,1.);
#629 = DIRECTION('',(2.2E-16,1.,0.));
#630 = ORIENTED_EDGE('',*,*,#631,.T.);
#631 = EDGE_CURVE('',#624,#632,#634,.T.);
#632 = VERTEX_POINT('',#633);
#633 = CARTESIAN_POINT('',(-12.85209037491,-3.401773178722,2.));
#634 = B_SPLINE_CURVE_WITH_KNOTS('',2,(#635,#636,#637),.UNSPECIFIED.,.F.
  ,.F.,(3,3),(0.,1.),.PIECEWISE_BEZIER_KNOTS.);
#635 = CARTESIAN_POINT('',(-13.05,-4.021241745099,2.));
#636 = CARTESIAN_POINT('',(-13.05,-3.599396807238,2.));
#637 = CARTESIAN_POINT('',(-12.85209037491,-3.401773178722,2.));
#638 = ORIENTED_EDGE('',*,*,#639,.T.);
#639 = EDGE_CURVE('',#632,#640,#642,.T.);
#640 = VERTEX_POINT('',#641);
#641 = CARTESIAN_POINT('',(-12.27666528001,-3.204149550205,2.));
#642 = B_SPLINE_CURVE_WITH_KNOTS('',2,(#643,#644,#645),.UNSPECIFIED.,.F.
  ,.F.,(3,3),(0.,1.),.PIECEWISE_BEZIER_KNOTS.);
#643 = CARTESIAN_POINT('',(-12.85209037491,-3.401773178722,2.));
#644 = CARTESIAN_POINT('',(-12.65446674639,-3.204149550205,2.));
#645 = CARTESIAN_POINT('',(-12.27666528001,-3.204149550205,2.));
#646 = ORIENTED_EDGE('',*,*,#647,.T.);
#647 = EDGE_CURVE('',#640,#648,#650,.T.);
#648 = VERTEX_POINT('',#649);
#649 = CARTESIAN_POINT('',(-10.86212625448,-3.204149550205,2.));
#650 = LINE('',#651,#652);
#651 = CARTESIAN_POINT('',(-12.27666528001,-3.204149550205,2.));
#652 = VECTOR('',#653,1.);
#653 = DIRECTION('',(1.,0.,0.));
#654 = ORIENTED_EDGE('',*,*,#655,.T.);
#655 = EDGE_CURVE('',#648,#656,#658,.T.);
#656 = VERTEX_POINT('',#657);
#657 = CARTESIAN_POINT('',(-10.49748063023,-3.291950496594,2.));
#658 = B_SPLINE_CURVE_WITH_KNOTS('',2,(#659,#660,#661),.UNSPECIFIED.,.F.
  ,.F.,(3,3),(0.,1.),.PIECEWISE_BEZIER_KNOTS.);
#659 = CARTESIAN_POINT('',(-10.86212625448,-3.204149550205,2.));
#660 = CARTESIAN_POINT('',(-10.63390099318,-3.204149550205,2.));
#661 = CARTESIAN_POINT('',(-10.49748063023,-3.291950496594,2.));
#662 = ORIENTED_EDGE('',*,*,#663,.T.);
#663 = EDGE_CURVE('',#656,#664,#666,.T.);
#664 = VERTEX_POINT('',#665);
#665 = CARTESIAN_POINT('',(-10.31758878893,-3.546773438719,2.));
#666 = B_SPLINE_CURVE_WITH_KNOTS('',2,(#667,#668,#669),.UNSPECIFIED.,.F.
  ,.F.,(3,3),(0.,1.),.PIECEWISE_BEZIER_KNOTS.);
#667 = CARTESIAN_POINT('',(-10.49748063023,-3.291950496594,2.));
#668 = CARTESIAN_POINT('',(-10.36134626384,-3.379751442983,2.));
#669 = CARTESIAN_POINT('',(-10.31758878893,-3.546773438719,2.));
#670 = ORIENTED_EDGE('',*,*,#671,.T.);
#671 = EDGE_CURVE('',#664,#672,#674,.T.);
#672 = VERTEX_POINT('',#673);
#673 = CARTESIAN_POINT('',(-10.15056679319,-3.291950496594,2.));
#674 = B_SPLINE_CURVE_WITH_KNOTS('',2,(#675,#676,#677),.UNSPECIFIED.,.F.
  ,.F.,(3,3),(0.,1.),.PIECEWISE_BEZIER_KNOTS.);
#675 = CARTESIAN_POINT('',(-10.31758878893,-3.546773438719,2.));
#676 = CARTESIAN_POINT('',(-10.27354531745,-3.379751442983,2.));
#677 = CARTESIAN_POINT('',(-10.15056679319,-3.291950496594,2.));
#678 = ORIENTED_EDGE('',*,*,#679,.T.);
#679 = EDGE_CURVE('',#672,#680,#682,.T.);
#680 = VERTEX_POINT('',#681);
#681 = CARTESIAN_POINT('',(-9.799077011076,-3.204149550205,2.));
#682 = B_SPLINE_CURVE_WITH_KNOTS('',2,(#683,#684,#685),.UNSPECIFIED.,.F.
  ,.F.,(3,3),(0.,1.),.PIECEWISE_BEZIER_KNOTS.);
#683 = CARTESIAN_POINT('',(-10.15056679319,-3.291950496594,2.));
#684 = CARTESIAN_POINT('',(-10.02758826894,-3.204149550205,2.));
#685 = CARTESIAN_POINT('',(-9.799077011076,-3.204149550205,2.));
#686 = ORIENTED_EDGE('',*,*,#687,.T.);
#687 = EDGE_CURVE('',#680,#688,#690,.T.);
#688 = VERTEX_POINT('',#689);
#689 = CARTESIAN_POINT('',(-8.323048723415,-3.204149550205,2.));
#690 = LINE('',#691,#692);
#691 = CARTESIAN_POINT('',(-9.799077011076,-3.204149550205,2.));
#692 = VECTOR('',#693,1.);
#693 = DIRECTION('',(1.,0.,0.));
#694 = ORIENTED_EDGE('',*,*,#695,.T.);
#695 = EDGE_CURVE('',#688,#696,#698,.T.);
#696 = VERTEX_POINT('',#697);
#697 = CARTESIAN_POINT('',(-7.747623628516,-3.401773178722,2.));
#698 = B_SPLINE_CURVE_WITH_KNOTS('',2,(#699,#700,#701),.UNSPECIFIED.,.F.
  ,.F.,(3,3),(0.,1.),.PIECEWISE_BEZIER_KNOTS.);
#699 = CARTESIAN_POINT('',(-8.323048723415,-3.204149550205,2.));
#700 = CARTESIAN_POINT('',(-7.945247257033,-3.204149550205,2.));
#701 = CARTESIAN_POINT('',(-7.747623628516,-3.401773178722,2.));
#702 = ORIENTED_EDGE('',*,*,#703,.T.);
#703 = EDGE_CURVE('',#696,#704,#706,.T.);
#704 = VERTEX_POINT('',#705);
#705 = CARTESIAN_POINT('',(-7.55,-4.021241745099,2.));
#706 = B_SPLINE_CURVE_WITH_KNOTS('',2,(#707,#708,#709),.UNSPECIFIED.,.F.
  ,.F.,(3,3),(0.,1.),.PIECEWISE_BEZIER_KNOTS.);
#707 = CARTESIAN_POINT('',(-7.747623628516,-3.401773178722,2.));
#708 = CARTESIAN_POINT('',(-7.55,-3.599396807238,2.));
#709 = CARTESIAN_POINT('',(-7.55,-4.021241745099,2.));
#710 = ORIENTED_EDGE('',*,*,#711,.T.);
#711 = EDGE_CURVE('',#704,#712,#714,.T.);
#712 = VERTEX_POINT('',#713);
#713 = CARTESIAN_POINT('',(-7.55,-4.978758254901,2.));
#714 = LINE('',#715,#716);
#715 = CARTESIAN_POINT('',(-7.55,-4.021241745099,2.));
#716 = VECTOR('',#717,1.);
#717 = DIRECTION('',(-2.2E-16,-1.,0.));
#718 = ORIENTED_EDGE('',*,*,#719,.T.);
#719 = EDGE_CURVE('',#712,#720,#722,.T.);
#720 = VERTEX_POINT('',#721);
#721 = CARTESIAN_POINT('',(-7.747623628516,-5.598226821278,2.));
#722 = B_SPLINE_CURVE_WITH_KNOTS('',2,(#723,#724,#725),.UNSPECIFIED.,.F.
  ,.F.,(3,3),(0.,1.),.PIECEWISE_BEZIER_KNOTS.);
#723 = CARTESIAN_POINT('',(-7.55,-4.978758254901,2.));
#724 = CARTESIAN_POINT('',(-7.55,-5.400603192762,2.));
#725 = CARTESIAN_POINT('',(-7.747623628516,-5.598226821278,2.));
#726 = ORIENTED_EDGE('',*,*,#727,.T.);
#727 = EDGE_CURVE('',#720,#728,#730,.T.);
#728 = VERTEX_POINT('',#729);
#729 = CARTESIAN_POINT('',(-8.323048723415,-5.795850449795,2.));
#730 = B_SPLINE_CURVE_WITH_KNOTS('',2,(#731,#732,#733),.UNSPECIFIED.,.F.
  ,.F.,(3,3),(0.,1.),.PIECEWISE_BEZIER_KNOTS.);
#731 = CARTESIAN_POINT('',(-7.747623628516,-5.598226821278,2.));
#732 = CARTESIAN_POINT('',(-7.945247257033,-5.795850449795,2.));
#733 = CARTESIAN_POINT('',(-8.323048723415,-5.795850449795,2.));
#734 = ORIENTED_EDGE('',*,*,#735,.T.);
#735 = EDGE_CURVE('',#728,#736,#738,.T.);
#736 = VERTEX_POINT('',#737);
#737 = CARTESIAN_POINT('',(-9.799077011076,-5.795850449795,2.));
#738 = LINE('',#739,#740);
#739 = CARTESIAN_POINT('',(-8.323048723415,-5.795850449795,2.));
#740 = VECTOR('',#741,1.);
#741 = DIRECTION('',(-1.,0.,0.));
#742 = ORIENTED_EDGE('',*,*,#743,.T.);
#743 = EDGE_CURVE('',#736,#744,#746,.T.);
#744 = VERTEX_POINT('',#745);
#745 = CARTESIAN_POINT('',(-10.15056679319,-5.708049503406,2.));
#746 = B_SPLINE_CURVE_WITH_KNOTS('',2,(#747,#748,#749),.UNSPECIFIED.,.F.
  ,.F.,(3,3),(0.,1.),.PIECEWISE_BEZIER_KNOTS.);
#747 = CARTESIAN_POINT('',(-9.799077011076,-5.795850449795,2.));
#748 = CARTESIAN_POINT('',(-10.02758826894,-5.795850449795,2.));
#749 = CARTESIAN_POINT('',(-10.15056679319,-5.708049503406,2.));
#750 = ORIENTED_EDGE('',*,*,#751,.T.);
#751 = EDGE_CURVE('',#744,#752,#754,.T.);
#752 = VERTEX_POINT('',#753);
#753 = CARTESIAN_POINT('',(-10.31758878893,-5.453226561281,2.));
#754 = B_SPLINE_CURVE_WITH_KNOTS('',2,(#755,#756,#757),.UNSPECIFIED.,.F.
  ,.F.,(3,3),(0.,1.),.PIECEWISE_BEZIER_KNOTS.);
#755 = CARTESIAN_POINT('',(-10.15056679319,-5.708049503406,2.));
#756 = CARTESIAN_POINT('',(-10.27354531745,-5.620248557017,2.));
#757 = CARTESIAN_POINT('',(-10.31758878893,-5.453226561281,2.));
#758 = ORIENTED_EDGE('',*,*,#759,.T.);
#759 = EDGE_CURVE('',#752,#760,#762,.T.);
#760 = VERTEX_POINT('',#761);
#761 = CARTESIAN_POINT('',(-10.49748063023,-5.708049503406,2.));
#762 = B_SPLINE_CURVE_WITH_KNOTS('',2,(#763,#764,#765),.UNSPECIFIED.,.F.
  ,.F.,(3,3),(0.,1.),.PIECEWISE_BEZIER_KNOTS.);
#763 = CARTESIAN_POINT('',(-10.31758878893,-5.453226561281,2.));
#764 = CARTESIAN_POINT('',(-10.36134626384,-5.620248557017,2.));
#765 = CARTESIAN_POINT('',(-10.49748063023,-5.708049503406,2.));
#766 = ORIENTED_EDGE('',*,*,#767,.T.);
#767 = EDGE_CURVE('',#760,#768,#770,.T.);
#768 = VERTEX_POINT('',#769);
#769 = CARTESIAN_POINT('',(-10.86212625448,-5.795850449795,2.));
#770 = B_SPLINE_CURVE_WITH_KNOTS('',2,(#771,#772,#773),.UNSPECIFIED.,.F.
  ,.F.,(3,3),(0.,1.),.PIECEWISE_BEZIER_KNOTS.);
#771 = CARTESIAN_POINT('',(-10.49748063023,-5.708049503406,2.));
#772 = CARTESIAN_POINT('',(-10.63390099318,-5.795850449795,2.));
#773 = CARTESIAN_POINT('',(-10.86212625448,-5.795850449795,2.));
#774 = ORIENTED_EDGE('',*,*,#775,.T.);
#775 = EDGE_CURVE('',#768,#776,#778,.T.);
#776 = VERTEX_POINT('',#777);
#777 = CARTESIAN_POINT('',(-12.27666528001,-5.795850449795,2.));
#778 = LINE('',#779,#780);
#779 = CARTESIAN_POINT('',(-10.86212625448,-5.795850449795,2.));
#780 = VECTOR('',#781,1.);
#781 = DIRECTION('',(-1.,0.,0.));
#782 = ORIENTED_EDGE('',*,*,#783,.T.);
#783 = EDGE_CURVE('',#776,#784,#786,.T.);
#784 = VERTEX_POINT('',#785);
#785 = CARTESIAN_POINT('',(-12.85209037491,-5.598226821278,2.));
#786 = B_SPLINE_CURVE_WITH_KNOTS('',2,(#787,#788,#789),.UNSPECIFIED.,.F.
  ,.F.,(3,3),(0.,1.),.PIECEWISE_BEZIER_KNOTS.);
#787 = CARTESIAN_POINT('',(-12.27666528001,-5.795850449795,2.));
#788 = CARTESIAN_POINT('',(-12.65446674639,-5.795850449795,2.));
#789 = CARTESIAN_POINT('',(-12.85209037491,-5.598226821278,2.));
#790 = ORIENTED_EDGE('',*,*,#791,.T.);
#791 = EDGE_CURVE('',#784,#622,#792,.T.);
#792 = B_SPLINE_CURVE_WITH_KNOTS('',2,(#793,#794,#795),.UNSPECIFIED.,.F.
  ,.F.,(3,3),(0.,1.),.PIECEWISE_BEZIER_KNOTS.);
#793 = CARTESIAN_POINT('',(-12.85209037491,-5.598226821278,2.));
#794 = CARTESIAN_POINT('',(-13.05,-5.400603192762,2.));
#795 = CARTESIAN_POINT('',(-13.05,-4.978758254901,2.));
#796 = FACE_BOUND('',#797,.T.);
#797 = EDGE_LOOP('',(#798));
#798 = ORIENTED_EDGE('',*,*,#799,.F.);
#799 = EDGE_CURVE('',#800,#800,#802,.T.);
#800 = VERTEX_POINT('',#801);
#801 = CARTESIAN_POINT('',(-3.9,-4.5,2.));
#802 = CIRCLE('',#803,1.1);
#803 = AXIS2_PLACEMENT_3D('',#804,#805,#806);
#804 = CARTESIAN_POINT('',(-5.,-4.5,2.));
#805 = DIRECTION('',(0.,0.,1.));
#806 = DIRECTION('',(1.,0.,0.));
#807 = FACE_BOUND('',#808,.T.);
#808 = EDGE_LOOP('',(#809,#819,#827,#835,#843,#851,#859,#867,#875,#883,
    #891,#899,#907,#915,#923,#931,#939,#947,#955,#963,#971,#979,#987,
    #995,#1003));
#809 = ORIENTED_EDGE('',*,*,#810,.T.);
#810 = EDGE_CURVE('',#811,#813,#815,.T.);
#811 = VERTEX_POINT('',#812);
#812 = CARTESIAN_POINT('',(5.742340491914,-6.455215537414,2.));
#813 = VERTEX_POINT('',#814);
#814 = CARTESIAN_POINT('',(5.742340491914,-7.245996048047,2.));
#815 = LINE('',#816,#817);
#816 = CARTESIAN_POINT('',(5.742340491914,-6.455215537414,2.));
#817 = VECTOR('',#818,1.);
#818 = DIRECTION('',(0.,-1.,0.));
#819 = ORIENTED_EDGE('',*,*,#820,.T.);
#820 = EDGE_CURVE('',#813,#821,#823,.T.);
#821 = VERTEX_POINT('',#822);
#822 = CARTESIAN_POINT('',(4.723334719983,-7.245996048047,2.));
#823 = LINE('',#824,#825);
#824 = CARTESIAN_POINT('',(5.742340491914,-7.245996048047,2.));
#825 = VECTOR('',#826,1.);
#826 = DIRECTION('',(-1.,0.,0.));
#827 = ORIENTED_EDGE('',*,*,#828,.T.);
#828 = EDGE_CURVE('',#821,#829,#831,.T.);
#829 = VERTEX_POINT('',#830);
#830 = CARTESIAN_POINT('',(4.147909625084,-7.052662368052,2.));
#831 = B_SPLINE_CURVE_WITH_KNOTS('',2,(#832,#833,#834),.UNSPECIFIED.,.F.
  ,.F.,(3,3),(0.,1.),.PIECEWISE_BEZIER_KNOTS.);
#832 = CARTESIAN_POINT('',(4.723334719983,-7.245996048047,2.));
#833 = CARTESIAN_POINT('',(4.345533253601,-7.245996048047,2.));
#834 = CARTESIAN_POINT('',(4.147909625084,-7.052662368052,2.));
#835 = ORIENTED_EDGE('',*,*,#836,.T.);
#836 = EDGE_CURVE('',#829,#837,#839,.T.);
#837 = VERTEX_POINT('',#838);
#838 = CARTESIAN_POINT('',(3.95,-6.428903853154,2.));
#839 = B_SPLINE_CURVE_WITH_KNOTS('',2,(#840,#841,#842),.UNSPECIFIED.,.F.
  ,.F.,(3,3),(0.,1.),.PIECEWISE_BEZIER_KNOTS.);
#840 = CARTESIAN_POINT('',(4.147909625084,-7.052662368052,2.));
#841 = CARTESIAN_POINT('',(3.95,-6.859328688056,2.));
#842 = CARTESIAN_POINT('',(3.95,-6.428903853154,2.));
#843 = ORIENTED_EDGE('',*,*,#844,.T.);
#844 = EDGE_CURVE('',#837,#845,#847,.T.);
#845 = VERTEX_POINT('',#846);
#846 = CARTESIAN_POINT('',(3.95,-5.673300920389,2.));
#847 = LINE('',#848,#849);
#848 = CARTESIAN_POINT('',(3.95,-6.428903853154,2.));
#849 = VECTOR('',#850,1.);
#850 = DIRECTION('',(0.,1.,0.));
#851 = ORIENTED_EDGE('',*,*,#852,.T.);
#852 = EDGE_CURVE('',#845,#853,#855,.T.);
#853 = VERTEX_POINT('',#854);
#854 = CARTESIAN_POINT('',(4.147909625084,-5.045252456971,2.));
#855 = B_SPLINE_CURVE_WITH_KNOTS('',2,(#856,#857,#858),.UNSPECIFIED.,.F.
  ,.F.,(3,3),(0.,1.),.PIECEWISE_BEZIER_KNOTS.);
#856 = CARTESIAN_POINT('',(3.95,-5.673300920389,2.));
#857 = CARTESIAN_POINT('',(3.95,-5.242876085487,2.));
#858 = CARTESIAN_POINT('',(4.147909625084,-5.045252456971,2.));
#859 = ORIENTED_EDGE('',*,*,#860,.T.);
#860 = EDGE_CURVE('',#853,#861,#863,.T.);
#861 = VERTEX_POINT('',#862);
#862 = CARTESIAN_POINT('',(4.723334719983,-4.847342831886,2.));
#863 = B_SPLINE_CURVE_WITH_KNOTS('',2,(#864,#865,#866),.UNSPECIFIED.,.F.
  ,.F.,(3,3),(0.,1.),.PIECEWISE_BEZIER_KNOTS.);
#864 = CARTESIAN_POINT('',(4.147909625084,-5.045252456971,2.));
#865 = CARTESIAN_POINT('',(4.345533253601,-4.847342831886,2.));
#866 = CARTESIAN_POINT('',(4.723334719983,-4.847342831886,2.));
#867 = ORIENTED_EDGE('',*,*,#868,.T.);
#868 = EDGE_CURVE('',#861,#869,#871,.T.);
#869 = VERTEX_POINT('',#870);
#870 = CARTESIAN_POINT('',(5.276738079143,-4.847342831886,2.));
#871 = LINE('',#872,#873);
#872 = CARTESIAN_POINT('',(4.723334719983,-4.847342831886,2.));
#873 = VECTOR('',#874,1.);
#874 = DIRECTION('',(1.,0.,0.));
#875 = ORIENTED_EDGE('',*,*,#876,.T.);
#876 = EDGE_CURVE('',#869,#877,#879,.T.);
#877 = VERTEX_POINT('',#878);
#878 = CARTESIAN_POINT('',(5.89620664552,-4.917697987624,2.));
#879 = B_SPLINE_CURVE_WITH_KNOTS('',2,(#880,#881,#882),.UNSPECIFIED.,.F.
  ,.F.,(3,3),(0.,1.),.PIECEWISE_BEZIER_KNOTS.);
#880 = CARTESIAN_POINT('',(5.276738079143,-4.847342831886,2.));
#881 = CARTESIAN_POINT('',(5.628227861266,-4.847342831886,2.));
#882 = CARTESIAN_POINT('',(5.89620664552,-4.917697987624,2.));
#883 = ORIENTED_EDGE('',*,*,#884,.T.);
#884 = EDGE_CURVE('',#877,#885,#887,.T.);
#885 = VERTEX_POINT('',#886);
#886 = CARTESIAN_POINT('',(6.480497634028,-5.155075139098,2.));
#887 = B_SPLINE_CURVE_WITH_KNOTS('',2,(#888,#889,#890),.UNSPECIFIED.,.F.
  ,.F.,(3,3),(0.,1.),.PIECEWISE_BEZIER_KNOTS.);
#888 = CARTESIAN_POINT('',(5.89620664552,-4.917697987624,2.));
#889 = CARTESIAN_POINT('',(6.164185429775,-4.988053143362,2.));
#890 = CARTESIAN_POINT('',(6.480497634028,-5.155075139098,2.));
#891 = ORIENTED_EDGE('',*,*,#892,.T.);
#892 = EDGE_CURVE('',#885,#893,#895,.T.);
#893 = VERTEX_POINT('',#894);
#894 = CARTESIAN_POINT('',(8.808509697884,-6.341102906765,2.));
#895 = LINE('',#896,#897);
#896 = CARTESIAN_POINT('',(6.480497634028,-5.155075139098,2.));
#897 = VECTOR('',#898,1.);
#898 = DIRECTION('',(0.89103030771,-0.453943818928,0.));
#899 = ORIENTED_EDGE('',*,*,#900,.T.);
#900 = EDGE_CURVE('',#893,#901,#903,.T.);
#901 = VERTEX_POINT('',#902);
#902 = CARTESIAN_POINT('',(8.808509697884,-4.812451250585,2.));
#903 = LINE('',#904,#905);
#904 = CARTESIAN_POINT('',(8.808509697884,-6.341102906765,2.));
#905 = VECTOR('',#906,1.);
#906 = DIRECTION('',(0.,1.,0.));
#907 = ORIENTED_EDGE('',*,*,#908,.T.);
#908 = EDGE_CURVE('',#901,#909,#911,.T.);
#909 = VERTEX_POINT('',#910);
#910 = CARTESIAN_POINT('',(9.45,-4.812451250585,2.));
#911 = LINE('',#912,#913);
#912 = CARTESIAN_POINT('',(8.808509697884,-4.812451250585,2.));
#913 = VECTOR('',#914,1.);
#914 = DIRECTION('',(1.,0.,0.));
#915 = ORIENTED_EDGE('',*,*,#916,.T.);
#916 = EDGE_CURVE('',#909,#917,#919,.T.);
#917 = VERTEX_POINT('',#918);
#918 = CARTESIAN_POINT('',(9.45,-7.237130154438,2.));
#919 = LINE('',#920,#921);
#920 = CARTESIAN_POINT('',(9.45,-4.812451250585,2.));
#921 = VECTOR('',#922,1.);
#922 = DIRECTION('',(0.,-1.,0.));
#923 = ORIENTED_EDGE('',*,*,#924,.T.);
#924 = EDGE_CURVE('',#917,#925,#927,.T.);
#925 = VERTEX_POINT('',#926);
#926 = CARTESIAN_POINT('',(8.835107378711,-7.237130154438,2.));
#927 = LINE('',#928,#929);
#928 = CARTESIAN_POINT('',(9.45,-7.237130154438,2.));
#929 = VECTOR('',#930,1.);
#930 = DIRECTION('',(-1.,0.,0.));
#931 = ORIENTED_EDGE('',*,*,#932,.T.);
#932 = EDGE_CURVE('',#925,#933,#935,.T.);
#933 = VERTEX_POINT('',#934);
#934 = CARTESIAN_POINT('',(6.304609744683,-5.892946284645,2.));
#935 = LINE('',#936,#937);
#936 = CARTESIAN_POINT('',(8.835107378711,-7.237130154438,2.));
#937 = VECTOR('',#938,1.);
#938 = DIRECTION('',(-0.883136395567,0.469116304155,0.));
#939 = ORIENTED_EDGE('',*,*,#940,.T.);
#940 = EDGE_CURVE('',#933,#941,#943,.T.);
#941 = VERTEX_POINT('',#942);
#942 = CARTESIAN_POINT('',(5.790673911913,-5.695322656128,2.));
#943 = B_SPLINE_CURVE_WITH_KNOTS('',2,(#944,#945,#946),.UNSPECIFIED.,.F.
  ,.F.,(3,3),(0.,1.),.PIECEWISE_BEZIER_KNOTS.);
#944 = CARTESIAN_POINT('',(6.304609744683,-5.892946284645,2.));
#945 = CARTESIAN_POINT('',(6.023475118299,-5.743656076127,2.));
#946 = CARTESIAN_POINT('',(5.790673911913,-5.695322656128,2.));
#947 = ORIENTED_EDGE('',*,*,#948,.T.);
#948 = EDGE_CURVE('',#941,#949,#951,.T.);
#949 = VERTEX_POINT('',#950);
#950 = CARTESIAN_POINT('',(5.250426394883,-5.646989236129,2.));
#951 = B_SPLINE_CURVE_WITH_KNOTS('',2,(#952,#953,#954),.UNSPECIFIED.,.F.
  ,.F.,(3,3),(0.,1.),.PIECEWISE_BEZIER_KNOTS.);
#952 = CARTESIAN_POINT('',(5.790673911913,-5.695322656128,2.));
#953 = CARTESIAN_POINT('',(5.557872705528,-5.646989236129,2.));
#954 = CARTESIAN_POINT('',(5.250426394883,-5.646989236129,2.));
#955 = ORIENTED_EDGE('',*,*,#956,.T.);
#956 = EDGE_CURVE('',#949,#957,#959,.T.);
#957 = VERTEX_POINT('',#958);
#958 = CARTESIAN_POINT('',(4.846313244241,-5.646989236129,2.));
#959 = LINE('',#960,#961);
#960 = CARTESIAN_POINT('',(5.250426394883,-5.646989236129,2.));
#961 = VECTOR('',#962,1.);
#962 = DIRECTION('',(-1.,0.,0.));
#963 = ORIENTED_EDGE('',*,*,#964,.T.);
#964 = EDGE_CURVE('',#957,#965,#967,.T.);
#965 = VERTEX_POINT('',#966);
#966 = CARTESIAN_POINT('',(4.639823722115,-5.695322656128,2.));
#967 = B_SPLINE_CURVE_WITH_KNOTS('',2,(#968,#969,#970),.UNSPECIFIED.,.F.
  ,.F.,(3,3),(0.,1.),.PIECEWISE_BEZIER_KNOTS.);
#968 = CARTESIAN_POINT('',(4.846313244241,-5.646989236129,2.));
#969 = CARTESIAN_POINT('',(4.688157142114,-5.646989236129,2.));
#970 = CARTESIAN_POINT('',(4.639823722115,-5.695322656128,2.));
#971 = ORIENTED_EDGE('',*,*,#972,.T.);
#972 = EDGE_CURVE('',#965,#973,#975,.T.);
#973 = VERTEX_POINT('',#974);
#974 = CARTESIAN_POINT('',(4.591490302116,-5.910678071863,2.));
#975 = B_SPLINE_CURVE_WITH_KNOTS('',2,(#976,#977,#978),.UNSPECIFIED.,.F.
  ,.F.,(3,3),(0.,1.),.PIECEWISE_BEZIER_KNOTS.);
#976 = CARTESIAN_POINT('',(4.639823722115,-5.695322656128,2.));
#977 = CARTESIAN_POINT('',(4.591490302116,-5.743656076127,2.));
#978 = CARTESIAN_POINT('',(4.591490302116,-5.910678071863,2.));
#979 = ORIENTED_EDGE('',*,*,#980,.T.);
#980 = EDGE_CURVE('',#973,#981,#983,.T.);
#981 = VERTEX_POINT('',#982);
#982 = CARTESIAN_POINT('',(4.591490302116,-6.191812698248,2.));
#983 = LINE('',#984,#985);
#984 = CARTESIAN_POINT('',(4.591490302116,-5.910678071863,2.));
#985 = VECTOR('',#986,1.);
#986 = DIRECTION('',(0.,-1.,0.));
#987 = ORIENTED_EDGE('',*,*,#988,.T.);
#988 = EDGE_CURVE('',#981,#989,#991,.T.);
#989 = VERTEX_POINT('',#990);
#990 = CARTESIAN_POINT('',(4.639823722115,-6.402592168894,2.));
#991 = B_SPLINE_CURVE_WITH_KNOTS('',2,(#992,#993,#994),.UNSPECIFIED.,.F.
  ,.F.,(3,3),(0.,1.),.PIECEWISE_BEZIER_KNOTS.);
#992 = CARTESIAN_POINT('',(4.591490302116,-6.191812698248,2.));
#993 = CARTESIAN_POINT('',(4.591490302116,-6.349968800374,2.));
#994 = CARTESIAN_POINT('',(4.639823722115,-6.402592168894,2.));
#995 = ORIENTED_EDGE('',*,*,#996,.T.);
#996 = EDGE_CURVE('',#989,#997,#999,.T.);
#997 = VERTEX_POINT('',#998);
#998 = CARTESIAN_POINT('',(4.846313244241,-6.455215537414,2.));
#999 = B_SPLINE_CURVE_WITH_KNOTS('',2,(#1000,#1001,#1002),
  .UNSPECIFIED.,.F.,.F.,(3,3),(0.,1.),.PIECEWISE_BEZIER_KNOTS.);
#1000 = CARTESIAN_POINT('',(4.639823722115,-6.402592168894,2.));
#1001 = CARTESIAN_POINT('',(4.688157142114,-6.455215537414,2.));
#1002 = CARTESIAN_POINT('',(4.846313244241,-6.455215537414,2.));
#1003 = ORIENTED_EDGE('',*,*,#1004,.T.);
#1004 = EDGE_CURVE('',#997,#811,#1005,.T.);
#1005 = LINE('',#1006,#1007);
#1006 = CARTESIAN_POINT('',(4.846313244241,-6.455215537414,2.));
#1007 = VECTOR('',#1008,1.);
#1008 = DIRECTION('',(1.,0.,0.));
#1009 = FACE_BOUND('',#1010,.T.);
#1010 = EDGE_LOOP('',(#1011));
#1011 = ORIENTED_EDGE('',*,*,#1012,.F.);
#1012 = EDGE_CURVE('',#1013,#1013,#1015,.T.);
#1013 = VERTEX_POINT('',#1014);
#1014 = CARTESIAN_POINT('',(1.6,-4.5,2.));
#1015 = CIRCLE('',#1016,1.6);
#1016 = AXIS2_PLACEMENT_3D('',#1017,#1018,#1019);
#1017 = CARTESIAN_POINT('',(0.,-4.5,2.));
#1018 = DIRECTION('',(0.,0.,1.));
#1019 = DIRECTION('',(1.,0.,0.));
#1020 = FACE_BOUND('',#1021,.T.);
#1021 = EDGE_LOOP('',(#1022,#1032,#1040,#1048,#1056,#1064,#1072,#1080,
    #1088,#1096,#1104,#1112,#1120,#1128,#1136,#1144,#1152,#1160,#1168,
    #1176,#1184,#1192,#1200,#1208,#1216,#1224));
#1022 = ORIENTED_EDGE('',*,*,#1023,.T.);
#1023 = EDGE_CURVE('',#1024,#1026,#1028,.T.);
#1024 = VERTEX_POINT('',#1025);
#1025 = CARTESIAN_POINT('',(6.647233633196,-2.81733919193,2.));
#1026 = VERTEX_POINT('',#1027);
#1027 = CARTESIAN_POINT('',(6.647233633196,-4.223012323852,2.));
#1028 = LINE('',#1029,#1030);
#1029 = CARTESIAN_POINT('',(6.647233633196,-2.81733919193,2.));
#1030 = VECTOR('',#1031,1.);
#1031 = DIRECTION('',(-2.2E-16,-1.,0.));
#1032 = ORIENTED_EDGE('',*,*,#1033,.T.);
#1033 = EDGE_CURVE('',#1026,#1034,#1036,.T.);
#1034 = VERTEX_POINT('',#1035);
#1035 = CARTESIAN_POINT('',(3.95,-4.223012323852,2.));
#1036 = LINE('',#1037,#1038);
#1037 = CARTESIAN_POINT('',(6.647233633196,-4.223012323852,2.));
#1038 = VECTOR('',#1039,1.);
#1039 = DIRECTION('',(-1.,0.,0.));
#1040 = ORIENTED_EDGE('',*,*,#1041,.T.);
#1041 = EDGE_CURVE('',#1034,#1042,#1044,.T.);
#1042 = VERTEX_POINT('',#1043);
#1043 = CARTESIAN_POINT('',(3.95,-1.771735739171,2.));
#1044 = LINE('',#1045,#1046);
#1045 = CARTESIAN_POINT('',(3.95,-4.223012323852,2.));
#1046 = VECTOR('',#1047,1.);
#1047 = DIRECTION('',(0.,1.,0.));
#1048 = ORIENTED_EDGE('',*,*,#1049,.T.);
#1049 = EDGE_CURVE('',#1042,#1050,#1052,.T.);
#1050 = VERTEX_POINT('',#1051);
#1051 = CARTESIAN_POINT('',(4.591490302116,-1.771735739171,2.));
#1052 = LINE('',#1053,#1054);
#1053 = CARTESIAN_POINT('',(3.95,-1.771735739171,2.));
#1054 = VECTOR('',#1055,1.);
#1055 = DIRECTION('',(1.,0.,0.));
#1056 = ORIENTED_EDGE('',*,*,#1057,.T.);
#1057 = EDGE_CURVE('',#1050,#1058,#1060,.T.);
#1058 = VERTEX_POINT('',#1059);
#1059 = CARTESIAN_POINT('',(4.591490302116,-3.432231813218,2.));
#1060 = LINE('',#1061,#1062);
#1061 = CARTESIAN_POINT('',(4.591490302116,-1.771735739171,2.));
#1062 = VECTOR('',#1063,1.);
#1063 = DIRECTION('',(0.,-1.,0.));
#1064 = ORIENTED_EDGE('',*,*,#1065,.T.);
#1065 = EDGE_CURVE('',#1058,#1066,#1068,.T.);
#1066 = VERTEX_POINT('',#1067);
#1067 = CARTESIAN_POINT('',(6.014609224689,-3.432231813218,2.));
#1068 = LINE('',#1069,#1070);
#1069 = CARTESIAN_POINT('',(4.591490302116,-3.432231813218,2.));
#1070 = VECTOR('',#1071,1.);
#1071 = DIRECTION('',(1.,0.,0.));
#1072 = ORIENTED_EDGE('',*,*,#1073,.T.);
#1073 = EDGE_CURVE('',#1066,#1074,#1076,.T.);
#1074 = VERTEX_POINT('',#1075);
#1075 = CARTESIAN_POINT('',(6.014609224689,-2.579962040456,2.));
#1076 = LINE('',#1077,#1078);
#1077 = CARTESIAN_POINT('',(6.014609224689,-3.739678123863,2.));
#1078 = VECTOR('',#1079,1.);
#1079 = DIRECTION('',(0.,1.,0.));
#1080 = ORIENTED_EDGE('',*,*,#1081,.T.);
#1081 = EDGE_CURVE('',#1074,#1082,#1084,.T.);
#1082 = VERTEX_POINT('',#1083);
#1083 = CARTESIAN_POINT('',(6.212518849774,-1.951913577037,2.));
#1084 = B_SPLINE_CURVE_WITH_KNOTS('',2,(#1085,#1086,#1087),
  .UNSPECIFIED.,.F.,.F.,(3,3),(0.,1.),.PIECEWISE_BEZIER_KNOTS.);
#1085 = CARTESIAN_POINT('',(6.014609224689,-2.579962040456,2.));
#1086 = CARTESIAN_POINT('',(6.014609224689,-2.149537205554,2.));
#1087 = CARTESIAN_POINT('',(6.212518849774,-1.951913577037,2.));
#1088 = ORIENTED_EDGE('',*,*,#1089,.T.);
#1089 = EDGE_CURVE('',#1082,#1090,#1092,.T.);
#1090 = VERTEX_POINT('',#1091);
#1091 = CARTESIAN_POINT('',(6.787943944673,-1.754003951953,2.));
#1092 = B_SPLINE_CURVE_WITH_KNOTS('',2,(#1093,#1094,#1095),
  .UNSPECIFIED.,.F.,.F.,(3,3),(0.,1.),.PIECEWISE_BEZIER_KNOTS.);
#1093 = CARTESIAN_POINT('',(6.212518849774,-1.951913577037,2.));
#1094 = CARTESIAN_POINT('',(6.41014247829,-1.754003951953,2.));
#1095 = CARTESIAN_POINT('',(6.787943944673,-1.754003951953,2.));
#1096 = ORIENTED_EDGE('',*,*,#1097,.T.);
#1097 = EDGE_CURVE('',#1090,#1098,#1100,.T.);
#1098 = VERTEX_POINT('',#1099);
#1099 = CARTESIAN_POINT('',(8.676951276585,-1.754003951953,2.));
#1100 = LINE('',#1101,#1102);
#1101 = CARTESIAN_POINT('',(6.787943944673,-1.754003951953,2.));
#1102 = VECTOR('',#1103,1.);
#1103 = DIRECTION('',(1.,0.,0.));
#1104 = ORIENTED_EDGE('',*,*,#1105,.T.);
#1105 = EDGE_CURVE('',#1098,#1106,#1108,.T.);
#1106 = VERTEX_POINT('',#1107);
#1107 = CARTESIAN_POINT('',(9.252376371484,-1.951913577037,2.));
#1108 = B_SPLINE_CURVE_WITH_KNOTS('',2,(#1109,#1110,#1111),
  .UNSPECIFIED.,.F.,.F.,(3,3),(0.,1.),.PIECEWISE_BEZIER_KNOTS.);
#1109 = CARTESIAN_POINT('',(8.676951276585,-1.754003951953,2.));
#1110 = CARTESIAN_POINT('',(9.054752742967,-1.754003951953,2.));
#1111 = CARTESIAN_POINT('',(9.252376371484,-1.951913577037,2.));
#1112 = ORIENTED_EDGE('',*,*,#1113,.T.);
#1113 = EDGE_CURVE('',#1106,#1114,#1116,.T.);
#1114 = VERTEX_POINT('',#1115);
#1115 = CARTESIAN_POINT('',(9.45,-2.579962040456,2.));
#1116 = B_SPLINE_CURVE_WITH_KNOTS('',2,(#1117,#1118,#1119),
  .UNSPECIFIED.,.F.,.F.,(3,3),(0.,1.),.PIECEWISE_BEZIER_KNOTS.);
#1117 = CARTESIAN_POINT('',(9.252376371484,-1.951913577037,2.));
#1118 = CARTESIAN_POINT('',(9.45,-2.149537205554,2.));
#1119 = CARTESIAN_POINT('',(9.45,-2.579962040456,2.));
#1120 = ORIENTED_EDGE('',*,*,#1121,.T.);
#1121 = EDGE_CURVE('',#1114,#1122,#1124,.T.);
#1122 = VERTEX_POINT('',#1123);
#1123 = CARTESIAN_POINT('',(9.45,-3.423365919609,2.));
#1124 = LINE('',#1125,#1126);
#1125 = CARTESIAN_POINT('',(9.45,-2.579962040456,2.));
#1126 = VECTOR('',#1127,1.);
#1127 = DIRECTION('',(0.,-1.,0.));
#1128 = ORIENTED_EDGE('',*,*,#1129,.T.);
#1129 = EDGE_CURVE('',#1122,#1130,#1132,.T.);
#1130 = VERTEX_POINT('',#1131);
#1131 = CARTESIAN_POINT('',(9.252376371484,-4.042834485986,2.));
#1132 = B_SPLINE_CURVE_WITH_KNOTS('',2,(#1133,#1134,#1135),
  .UNSPECIFIED.,.F.,.F.,(3,3),(0.,1.),.PIECEWISE_BEZIER_KNOTS.);
#1133 = CARTESIAN_POINT('',(9.45,-3.423365919609,2.));
#1134 = CARTESIAN_POINT('',(9.45,-3.84521085747,2.));
#1135 = CARTESIAN_POINT('',(9.252376371484,-4.042834485986,2.));
#1136 = ORIENTED_EDGE('',*,*,#1137,.T.);
#1137 = EDGE_CURVE('',#1130,#1138,#1140,.T.);
#1138 = VERTEX_POINT('',#1139);
#1139 = CARTESIAN_POINT('',(8.676951276585,-4.240458114503,2.));
#1140 = B_SPLINE_CURVE_WITH_KNOTS('',2,(#1141,#1142,#1143),
  .UNSPECIFIED.,.F.,.F.,(3,3),(0.,1.),.PIECEWISE_BEZIER_KNOTS.);
#1141 = CARTESIAN_POINT('',(9.252376371484,-4.042834485986,2.));
#1142 = CARTESIAN_POINT('',(9.054752742967,-4.240458114503,2.));
#1143 = CARTESIAN_POINT('',(8.676951276585,-4.240458114503,2.));
#1144 = ORIENTED_EDGE('',*,*,#1145,.T.);
#1145 = EDGE_CURVE('',#1138,#1146,#1148,.T.);
#1146 = VERTEX_POINT('',#1147);
#1147 = CARTESIAN_POINT('',(7.701702979564,-4.240458114503,2.));
#1148 = LINE('',#1149,#1150);
#1149 = CARTESIAN_POINT('',(8.676951276585,-4.240458114503,2.));
#1150 = VECTOR('',#1151,1.);
#1151 = DIRECTION('',(-1.,0.,0.));
#1152 = ORIENTED_EDGE('',*,*,#1153,.T.);
#1153 = EDGE_CURVE('',#1146,#1154,#1156,.T.);
#1154 = VERTEX_POINT('',#1155);
#1155 = CARTESIAN_POINT('',(7.701702979564,-3.441097706828,2.));
#1156 = LINE('',#1157,#1158);
#1157 = CARTESIAN_POINT('',(7.701702979564,-4.240458114503,2.));
#1158 = VECTOR('',#1159,1.);
#1159 = DIRECTION('',(0.,1.,0.));
#1160 = ORIENTED_EDGE('',*,*,#1161,.T.);
#1161 = EDGE_CURVE('',#1154,#1162,#1164,.T.);
#1162 = VERTEX_POINT('',#1163);
#1163 = CARTESIAN_POINT('',(8.553972752327,-3.441097706828,2.));
#1164 = LINE('',#1165,#1166);
#1165 = CARTESIAN_POINT('',(7.701702979564,-3.441097706828,2.));
#1166 = VECTOR('',#1167,1.);
#1167 = DIRECTION('',(1.,0.,0.));
#1168 = ORIENTED_EDGE('',*,*,#1169,.T.);
#1169 = EDGE_CURVE('',#1162,#1170,#1172,.T.);
#1170 = VERTEX_POINT('',#1171);
#1171 = CARTESIAN_POINT('',(8.755886329364,-3.388474338308,2.));
#1172 = B_SPLINE_CURVE_WITH_KNOTS('',2,(#1173,#1174,#1175),
  .UNSPECIFIED.,.F.,.F.,(3,3),(0.,1.),.PIECEWISE_BEZIER_KNOTS.);
#1173 = CARTESIAN_POINT('',(8.553972752327,-3.441097706828,2.));
#1174 = CARTESIAN_POINT('',(8.703262960844,-3.441097706828,2.));
#1175 = CARTESIAN_POINT('',(8.755886329364,-3.388474338308,2.));
#1176 = ORIENTED_EDGE('',*,*,#1177,.T.);
#1177 = EDGE_CURVE('',#1170,#1178,#1180,.T.);
#1178 = VERTEX_POINT('',#1179);
#1179 = CARTESIAN_POINT('',(8.808509697884,-3.177408871094,2.));
#1180 = B_SPLINE_CURVE_WITH_KNOTS('',2,(#1181,#1182,#1183),
  .UNSPECIFIED.,.F.,.F.,(3,3),(0.,1.),.PIECEWISE_BEZIER_KNOTS.);
#1181 = CARTESIAN_POINT('',(8.755886329364,-3.388474338308,2.));
#1182 = CARTESIAN_POINT('',(8.808509697884,-3.33556497322,2.));
#1183 = CARTESIAN_POINT('',(8.808509697884,-3.177408871094,2.));
#1184 = ORIENTED_EDGE('',*,*,#1185,.T.);
#1185 = EDGE_CURVE('',#1178,#1186,#1188,.T.);
#1186 = VERTEX_POINT('',#1187);
#1187 = CARTESIAN_POINT('',(8.808509697884,-2.81733919193,2.));
#1188 = LINE('',#1189,#1190);
#1189 = CARTESIAN_POINT('',(8.808509697884,-3.177408871094,2.));
#1190 = VECTOR('',#1191,1.);
#1191 = DIRECTION('',(0.,1.,0.));
#1192 = ORIENTED_EDGE('',*,*,#1193,.T.);
#1193 = EDGE_CURVE('',#1186,#1194,#1196,.T.);
#1194 = VERTEX_POINT('',#1195);
#1195 = CARTESIAN_POINT('',(8.755886329364,-2.601983776195,2.));
#1196 = B_SPLINE_CURVE_WITH_KNOTS('',2,(#1197,#1198,#1199),
  .UNSPECIFIED.,.F.,.F.,(3,3),(0.,1.),.PIECEWISE_BEZIER_KNOTS.);
#1197 = CARTESIAN_POINT('',(8.808509697884,-2.81733919193,2.));
#1198 = CARTESIAN_POINT('',(8.808509697884,-2.650317196194,2.));
#1199 = CARTESIAN_POINT('',(8.755886329364,-2.601983776195,2.));
#1200 = ORIENTED_EDGE('',*,*,#1201,.T.);
#1201 = EDGE_CURVE('',#1194,#1202,#1204,.T.);
#1202 = VERTEX_POINT('',#1203);
#1203 = CARTESIAN_POINT('',(8.553972752327,-2.553650356196,2.));
#1204 = B_SPLINE_CURVE_WITH_KNOTS('',2,(#1205,#1206,#1207),
  .UNSPECIFIED.,.F.,.F.,(3,3),(0.,1.),.PIECEWISE_BEZIER_KNOTS.);
#1205 = CARTESIAN_POINT('',(8.755886329364,-2.601983776195,2.));
#1206 = CARTESIAN_POINT('',(8.703262960844,-2.553650356196,2.));
#1207 = CARTESIAN_POINT('',(8.553972752327,-2.553650356196,2.));
#1208 = ORIENTED_EDGE('',*,*,#1209,.T.);
#1209 = EDGE_CURVE('',#1202,#1210,#1212,.T.);
#1210 = VERTEX_POINT('',#1211);
#1211 = CARTESIAN_POINT('',(6.91092246893,-2.553650356196,2.));
#1212 = LINE('',#1213,#1214);
#1213 = CARTESIAN_POINT('',(8.553972752327,-2.553650356196,2.));
#1214 = VECTOR('',#1215,1.);
#1215 = DIRECTION('',(-1.,0.,0.));
#1216 = ORIENTED_EDGE('',*,*,#1217,.T.);
#1217 = EDGE_CURVE('',#1210,#1218,#1220,.T.);
#1218 = VERTEX_POINT('',#1219);
#1219 = CARTESIAN_POINT('',(6.695567053195,-2.601983776195,2.));
#1220 = B_SPLINE_CURVE_WITH_KNOTS('',2,(#1221,#1222,#1223),
  .UNSPECIFIED.,.F.,.F.,(3,3),(0.,1.),.PIECEWISE_BEZIER_KNOTS.);
#1221 = CARTESIAN_POINT('',(6.91092246893,-2.553650356196,2.));
#1222 = CARTESIAN_POINT('',(6.743900473194,-2.553650356196,2.));
#1223 = CARTESIAN_POINT('',(6.695567053195,-2.601983776195,2.));
#1224 = ORIENTED_EDGE('',*,*,#1225,.T.);
#1225 = EDGE_CURVE('',#1218,#1024,#1226,.T.);
#1226 = B_SPLINE_CURVE_WITH_KNOTS('',2,(#1227,#1228,#1229),
  .UNSPECIFIED.,.F.,.F.,(3,3),(0.,1.),.PIECEWISE_BEZIER_KNOTS.);
#1227 = CARTESIAN_POINT('',(6.695567053195,-2.601983776195,2.));
#1228 = CARTESIAN_POINT('',(6.647233633196,-2.650317196194,2.));
#1229 = CARTESIAN_POINT('',(6.647233633196,-2.81733919193,2.));
#1230 = FACE_BOUND('',#1231,.T.);
#1231 = EDGE_LOOP('',(#1232,#1242,#1250,#1258,#1266,#1274,#1282,#1290,
    #1298,#1306,#1314,#1322,#1330,#1338,#1346,#1354,#1362,#1370,#1378,
    #1386,#1394,#1402,#1410,#1418,#1426,#1434));
#1232 = ORIENTED_EDGE('',*,*,#1233,.T.);
#1233 = EDGE_CURVE('',#1234,#1236,#1238,.T.);
#1234 = VERTEX_POINT('',#1235);
#1235 = CARTESIAN_POINT('',(29.947233633196,-5.982034215589,2.));
#1236 = VERTEX_POINT('',#1237);
#1237 = CARTESIAN_POINT('',(29.947233633196,-7.387707347512,2.));
#1238 = LINE('',#1239,#1240);
#1239 = CARTESIAN_POINT('',(29.947233633196,-5.982034215589,2.));
#1240 = VECTOR('',#1241,1.);
#1241 = DIRECTION('',(-2.2E-16,-1.,0.));
#1242 = ORIENTED_EDGE('',*,*,#1243,.T.);
#1243 = EDGE_CURVE('',#1236,#1244,#1246,.T.);
#1244 = VERTEX_POINT('',#1245);
#1245 = CARTESIAN_POINT('',(27.25,-7.387707347512,2.));
#1246 = LINE('',#1247,#1248);
#1247 = CARTESIAN_POINT('',(29.947233633196,-7.387707347512,2.));
#1248 = VECTOR('',#1249,1.);
#1249 = DIRECTION('',(-1.,0.,0.));
#1250 = ORIENTED_EDGE('',*,*,#1251,.T.);
#1251 = EDGE_CURVE('',#1244,#1252,#1254,.T.);
#1252 = VERTEX_POINT('',#1253);
#1253 = CARTESIAN_POINT('',(27.25,-4.936430762831,2.));
#1254 = LINE('',#1255,#1256);
#1255 = CARTESIAN_POINT('',(27.25,-7.387707347512,2.));
#1256 = VECTOR('',#1257,1.);
#1257 = DIRECTION('',(0.,1.,0.));
#1258 = ORIENTED_EDGE('',*,*,#1259,.T.);
#1259 = EDGE_CURVE('',#1252,#1260,#1262,.T.);
#1260 = VERTEX_POINT('',#1261);
#1261 = CARTESIAN_POINT('',(27.891490302116,-4.936430762831,2.));
#1262 = LINE('',#1263,#1264);
#1263 = CARTESIAN_POINT('',(27.25,-4.936430762831,2.));
#1264 = VECTOR('',#1265,1.);
#1265 = DIRECTION('',(1.,0.,0.));
#1266 = ORIENTED_EDGE('',*,*,#1267,.T.);
#1267 = EDGE_CURVE('',#1260,#1268,#1270,.T.);
#1268 = VERTEX_POINT('',#1269);
#1269 = CARTESIAN_POINT('',(27.891490302116,-6.596926836878,2.));
#1270 = LINE('',#1271,#1272);
#1271 = CARTESIAN_POINT('',(27.891490302116,-4.936430762831,2.));
#1272 = VECTOR('',#1273,1.);
#1273 = DIRECTION('',(0.,-1.,0.));
#1274 = ORIENTED_EDGE('',*,*,#1275,.T.);
#1275 = EDGE_CURVE('',#1268,#1276,#1278,.T.);
#1276 = VERTEX_POINT('',#1277);
#1277 = CARTESIAN_POINT('',(29.314609224689,-6.596926836878,2.));
#1278 = LINE('',#1279,#1280);
#1279 = CARTESIAN_POINT('',(27.891490302116,-6.596926836878,2.));
#1280 = VECTOR('',#1281,1.);
#1281 = DIRECTION('',(1.,0.,0.));
#1282 = ORIENTED_EDGE('',*,*,#1283,.T.);
#1283 = EDGE_CURVE('',#1276,#1284,#1286,.T.);
#1284 = VERTEX_POINT('',#1285);
#1285 = CARTESIAN_POINT('',(29.314609224689,-5.744657064115,2.));
#1286 = LINE('',#1287,#1288);
#1287 = CARTESIAN_POINT('',(29.314609224689,-6.904373147522,2.));
#1288 = VECTOR('',#1289,1.);
#1289 = DIRECTION('',(0.,1.,0.));
#1290 = ORIENTED_EDGE('',*,*,#1291,.T.);
#1291 = EDGE_CURVE('',#1284,#1292,#1294,.T.);
#1292 = VERTEX_POINT('',#1293);
#1293 = CARTESIAN_POINT('',(29.512518849774,-5.116608600697,2.));
#1294 = B_SPLINE_CURVE_WITH_KNOTS('',2,(#1295,#1296,#1297),
  .UNSPECIFIED.,.F.,.F.,(3,3),(0.,1.),.PIECEWISE_BEZIER_KNOTS.);
#1295 = CARTESIAN_POINT('',(29.314609224689,-5.744657064115,2.));
#1296 = CARTESIAN_POINT('',(29.314609224689,-5.314232229213,2.));
#1297 = CARTESIAN_POINT('',(29.512518849774,-5.116608600697,2.));
#1298 = ORIENTED_EDGE('',*,*,#1299,.T.);
#1299 = EDGE_CURVE('',#1292,#1300,#1302,.T.);
#1300 = VERTEX_POINT('',#1301);
#1301 = CARTESIAN_POINT('',(30.087943944673,-4.918698975612,2.));
#1302 = B_SPLINE_CURVE_WITH_KNOTS('',2,(#1303,#1304,#1305),
  .UNSPECIFIED.,.F.,.F.,(3,3),(0.,1.),.PIECEWISE_BEZIER_KNOTS.);
#1303 = CARTESIAN_POINT('',(29.512518849774,-5.116608600697,2.));
#1304 = CARTESIAN_POINT('',(29.71014247829,-4.918698975612,2.));
#1305 = CARTESIAN_POINT('',(30.087943944673,-4.918698975612,2.));
#1306 = ORIENTED_EDGE('',*,*,#1307,.T.);
#1307 = EDGE_CURVE('',#1300,#1308,#1310,.T.);
#1308 = VERTEX_POINT('',#1309);
#1309 = CARTESIAN_POINT('',(31.976951276585,-4.918698975612,2.));
#1310 = LINE('',#1311,#1312);
#1311 = CARTESIAN_POINT('',(30.087943944673,-4.918698975612,2.));
#1312 = VECTOR('',#1313,1.);
#1313 = DIRECTION('',(1.,0.,0.));
#1314 = ORIENTED_EDGE('',*,*,#1315,.T.);
#1315 = EDGE_CURVE('',#1308,#1316,#1318,.T.);
#1316 = VERTEX_POINT('',#1317);
#1317 = CARTESIAN_POINT('',(32.552376371484,-5.116608600697,2.));
#1318 = B_SPLINE_CURVE_WITH_KNOTS('',2,(#1319,#1320,#1321),
  .UNSPECIFIED.,.F.,.F.,(3,3),(0.,1.),.PIECEWISE_BEZIER_KNOTS.);
#1319 = CARTESIAN_POINT('',(31.976951276585,-4.918698975612,2.));
#1320 = CARTESIAN_POINT('',(32.354752742967,-4.918698975612,2.));
#1321 = CARTESIAN_POINT('',(32.552376371484,-5.116608600697,2.));
#1322 = ORIENTED_EDGE('',*,*,#1323,.T.);
#1323 = EDGE_CURVE('',#1316,#1324,#1326,.T.);
#1324 = VERTEX_POINT('',#1325);
#1325 = CARTESIAN_POINT('',(32.75,-5.744657064115,2.));
#1326 = B_SPLINE_CURVE_WITH_KNOTS('',2,(#1327,#1328,#1329),
  .UNSPECIFIED.,.F.,.F.,(3,3),(0.,1.),.PIECEWISE_BEZIER_KNOTS.);
#1327 = CARTESIAN_POINT('',(32.552376371484,-5.116608600697,2.));
#1328 = CARTESIAN_POINT('',(32.75,-5.314232229213,2.));
#1329 = CARTESIAN_POINT('',(32.75,-5.744657064115,2.));
#1330 = ORIENTED_EDGE('',*,*,#1331,.T.);
#1331 = EDGE_CURVE('',#1324,#1332,#1334,.T.);
#1332 = VERTEX_POINT('',#1333);
#1333 = CARTESIAN_POINT('',(32.75,-6.588060943269,2.));
#1334 = LINE('',#1335,#1336);
#1335 = CARTESIAN_POINT('',(32.75,-5.744657064115,2.));
#1336 = VECTOR('',#1337,1.);
#1337 = DIRECTION('',(0.,-1.,0.));
#1338 = ORIENTED_EDGE('',*,*,#1339,.T.);
#1339 = EDGE_CURVE('',#1332,#1340,#1342,.T.);
#1340 = VERTEX_POINT('',#1341);
#1341 = CARTESIAN_POINT('',(32.552376371484,-7.207529509646,2.));
#1342 = B_SPLINE_CURVE_WITH_KNOTS('',2,(#1343,#1344,#1345),
  .UNSPECIFIED.,.F.,.F.,(3,3),(0.,1.),.PIECEWISE_BEZIER_KNOTS.);
#1343 = CARTESIAN_POINT('',(32.75,-6.588060943269,2.));
#1344 = CARTESIAN_POINT('',(32.75,-7.009905881129,2.));
#1345 = CARTESIAN_POINT('',(32.552376371484,-7.207529509646,2.));
#1346 = ORIENTED_EDGE('',*,*,#1347,.T.);
#1347 = EDGE_CURVE('',#1340,#1348,#1350,.T.);
#1348 = VERTEX_POINT('',#1349);
#1349 = CARTESIAN_POINT('',(31.976951276585,-7.405153138162,2.));
#1350 = B_SPLINE_CURVE_WITH_KNOTS('',2,(#1351,#1352,#1353),
  .UNSPECIFIED.,.F.,.F.,(3,3),(0.,1.),.PIECEWISE_BEZIER_KNOTS.);
#1351 = CARTESIAN_POINT('',(32.552376371484,-7.207529509646,2.));
#1352 = CARTESIAN_POINT('',(32.354752742967,-7.405153138162,2.));
#1353 = CARTESIAN_POINT('',(31.976951276585,-7.405153138162,2.));
#1354 = ORIENTED_EDGE('',*,*,#1355,.T.);
#1355 = EDGE_CURVE('',#1348,#1356,#1358,.T.);
#1356 = VERTEX_POINT('',#1357);
#1357 = CARTESIAN_POINT('',(31.001702979564,-7.405153138162,2.));
#1358 = LINE('',#1359,#1360);
#1359 = CARTESIAN_POINT('',(31.976951276585,-7.405153138162,2.));
#1360 = VECTOR('',#1361,1.);
#1361 = DIRECTION('',(-1.,0.,0.));
#1362 = ORIENTED_EDGE('',*,*,#1363,.T.);
#1363 = EDGE_CURVE('',#1356,#1364,#1366,.T.);
#1364 = VERTEX_POINT('',#1365);
#1365 = CARTESIAN_POINT('',(31.001702979564,-6.605792730487,2.));
#1366 = LINE('',#1367,#1368);
#1367 = CARTESIAN_POINT('',(31.001702979564,-7.405153138162,2.));
#1368 = VECTOR('',#1369,1.);
#1369 = DIRECTION('',(0.,1.,0.));
#1370 = ORIENTED_EDGE('',*,*,#1371,.T.);
#1371 = EDGE_CURVE('',#1364,#1372,#1374,.T.);
#1372 = VERTEX_POINT('',#1373);
#1373 = CARTESIAN_POINT('',(31.853972752327,-6.605792730487,2.));
#1374 = LINE('',#1375,#1376);
#1375 = CARTESIAN_POINT('',(31.001702979564,-6.605792730487,2.));
#1376 = VECTOR('',#1377,1.);
#1377 = DIRECTION('',(1.,0.,0.));
#1378 = ORIENTED_EDGE('',*,*,#1379,.T.);
#1379 = EDGE_CURVE('',#1372,#1380,#1382,.T.);
#1380 = VERTEX_POINT('',#1381);
#1381 = CARTESIAN_POINT('',(32.055886329364,-6.553169361968,2.));
#1382 = B_SPLINE_CURVE_WITH_KNOTS('',2,(#1383,#1384,#1385),
  .UNSPECIFIED.,.F.,.F.,(3,3),(0.,1.),.PIECEWISE_BEZIER_KNOTS.);
#1383 = CARTESIAN_POINT('',(31.853972752327,-6.605792730487,2.));
#1384 = CARTESIAN_POINT('',(32.003262960844,-6.605792730487,2.));
#1385 = CARTESIAN_POINT('',(32.055886329364,-6.553169361968,2.));
#1386 = ORIENTED_EDGE('',*,*,#1387,.T.);
#1387 = EDGE_CURVE('',#1380,#1388,#1390,.T.);
#1388 = VERTEX_POINT('',#1389);
#1389 = CARTESIAN_POINT('',(32.108509697884,-6.342103894753,2.));
#1390 = B_SPLINE_CURVE_WITH_KNOTS('',2,(#1391,#1392,#1393),
  .UNSPECIFIED.,.F.,.F.,(3,3),(0.,1.),.PIECEWISE_BEZIER_KNOTS.);
#1391 = CARTESIAN_POINT('',(32.055886329364,-6.553169361968,2.));
#1392 = CARTESIAN_POINT('',(32.108509697884,-6.50025999688,2.));
#1393 = CARTESIAN_POINT('',(32.108509697884,-6.342103894753,2.));
#1394 = ORIENTED_EDGE('',*,*,#1395,.T.);
#1395 = EDGE_CURVE('',#1388,#1396,#1398,.T.);
#1396 = VERTEX_POINT('',#1397);
#1397 = CARTESIAN_POINT('',(32.108509697884,-5.982034215589,2.));
#1398 = LINE('',#1399,#1400);
#1399 = CARTESIAN_POINT('',(32.108509697884,-6.342103894753,2.));
#1400 = VECTOR('',#1401,1.);
#1401 = DIRECTION('',(0.,1.,0.));
#1402 = ORIENTED_EDGE('',*,*,#1403,.T.);
#1403 = EDGE_CURVE('',#1396,#1404,#1406,.T.);
#1404 = VERTEX_POINT('',#1405);
#1405 = CARTESIAN_POINT('',(32.055886329364,-5.766678799854,2.));
#1406 = B_SPLINE_CURVE_WITH_KNOTS('',2,(#1407,#1408,#1409),
  .UNSPECIFIED.,.F.,.F.,(3,3),(0.,1.),.PIECEWISE_BEZIER_KNOTS.);
#1407 = CARTESIAN_POINT('',(32.108509697884,-5.982034215589,2.));
#1408 = CARTESIAN_POINT('',(32.108509697884,-5.815012219853,2.));
#1409 = CARTESIAN_POINT('',(32.055886329364,-5.766678799854,2.));
#1410 = ORIENTED_EDGE('',*,*,#1411,.T.);
#1411 = EDGE_CURVE('',#1404,#1412,#1414,.T.);
#1412 = VERTEX_POINT('',#1413);
#1413 = CARTESIAN_POINT('',(31.853972752327,-5.718345379855,2.));
#1414 = B_SPLINE_CURVE_WITH_KNOTS('',2,(#1415,#1416,#1417),
  .UNSPECIFIED.,.F.,.F.,(3,3),(0.,1.),.PIECEWISE_BEZIER_KNOTS.);
#1415 = CARTESIAN_POINT('',(32.055886329364,-5.766678799854,2.));
#1416 = CARTESIAN_POINT('',(32.003262960844,-5.718345379855,2.));
#1417 = CARTESIAN_POINT('',(31.853972752327,-5.718345379855,2.));
#1418 = ORIENTED_EDGE('',*,*,#1419,.T.);
#1419 = EDGE_CURVE('',#1412,#1420,#1422,.T.);
#1420 = VERTEX_POINT('',#1421);
#1421 = CARTESIAN_POINT('',(30.21092246893,-5.718345379855,2.));
#1422 = LINE('',#1423,#1424);
#1423 = CARTESIAN_POINT('',(31.853972752327,-5.718345379855,2.));
#1424 = VECTOR('',#1425,1.);
#1425 = DIRECTION('',(-1.,0.,0.));
#1426 = ORIENTED_EDGE('',*,*,#1427,.T.);
#1427 = EDGE_CURVE('',#1420,#1428,#1430,.T.);
#1428 = VERTEX_POINT('',#1429);
#1429 = CARTESIAN_POINT('',(29.995567053195,-5.766678799854,2.));
#1430 = B_SPLINE_CURVE_WITH_KNOTS('',2,(#1431,#1432,#1433),
  .UNSPECIFIED.,.F.,.F.,(3,3),(0.,1.),.PIECEWISE_BEZIER_KNOTS.);
#1431 = CARTESIAN_POINT('',(30.21092246893,-5.718345379855,2.));
#1432 = CARTESIAN_POINT('',(30.043900473194,-5.718345379855,2.));
#1433 = CARTESIAN_POINT('',(29.995567053195,-5.766678799854,2.));
#1434 = ORIENTED_EDGE('',*,*,#1435,.T.);
#1435 = EDGE_CURVE('',#1428,#1234,#1436,.T.);
#1436 = B_SPLINE_CURVE_WITH_KNOTS('',2,(#1437,#1438,#1439),
  .UNSPECIFIED.,.F.,.F.,(3,3),(0.,1.),.PIECEWISE_BEZIER_KNOTS.);
#1437 = CARTESIAN_POINT('',(29.995567053195,-5.766678799854,2.));
#1438 = CARTESIAN_POINT('',(29.947233633196,-5.815012219853,2.));
#1439 = CARTESIAN_POINT('',(29.947233633196,-5.982034215589,2.));
#1440 = FACE_BOUND('',#1441,.T.);
#1441 = EDGE_LOOP('',(#1442,#1452,#1460,#1468,#1476,#1484,#1492,#1500,
    #1508,#1516,#1524,#1532,#1540,#1548,#1556,#1564,#1572,#1580,#1588,
    #1596,#1604,#1612,#1620,#1628,#1636,#1644,#1652,#1660,#1668,#1676,
    #1684));
#1442 = ORIENTED_EDGE('',*,*,#1443,.T.);
#1443 = EDGE_CURVE('',#1444,#1446,#1448,.T.);
#1444 = VERTEX_POINT('',#1445);
#1445 = CARTESIAN_POINT('',(20.15,-4.463119442567,2.));
#1446 = VERTEX_POINT('',#1447);
#1447 = CARTESIAN_POINT('',(15.862625448495,-4.463119442567,2.));
#1448 = LINE('',#1449,#1450);
#1449 = CARTESIAN_POINT('',(20.15,-4.463119442567,2.));
#1450 = VECTOR('',#1451,1.);
#1451 = DIRECTION('',(-1.,0.,0.));
#1452 = ORIENTED_EDGE('',*,*,#1453,.T.);
#1453 = EDGE_CURVE('',#1446,#1454,#1456,.T.);
#1454 = VERTEX_POINT('',#1455);
#1455 = CARTESIAN_POINT('',(15.862625448495,-3.672624928501,2.));
#1456 = LINE('',#1457,#1458);
#1457 = CARTESIAN_POINT('',(15.862625448495,-4.463119442567,2.));
#1458 = VECTOR('',#1459,1.);
#1459 = DIRECTION('',(0.,1.,0.));
#1460 = ORIENTED_EDGE('',*,*,#1461,.T.);
#1461 = EDGE_CURVE('',#1454,#1462,#1464,.T.);
#1462 = VERTEX_POINT('',#1463);
#1463 = CARTESIAN_POINT('',(16.201734267559,-3.672624928501,2.));
#1464 = LINE('',#1465,#1466);
#1465 = CARTESIAN_POINT('',(15.862625448495,-3.672624928501,2.));
#1466 = VECTOR('',#1467,1.);
#1467 = DIRECTION('',(1.,0.,0.));
#1468 = ORIENTED_EDGE('',*,*,#1469,.T.);
#1469 = EDGE_CURVE('',#1462,#1470,#1472,.T.);
#1470 = VERTEX_POINT('',#1471);
#1471 = CARTESIAN_POINT('',(16.003335759971,-3.549360407675,2.));
#1472 = B_SPLINE_CURVE_WITH_KNOTS('',2,(#1473,#1474,#1475),
  .UNSPECIFIED.,.F.,.F.,(3,3),(0.,1.),.PIECEWISE_BEZIER_KNOTS.);
#1473 = CARTESIAN_POINT('',(16.460072279133,-3.707516509802,2.));
#1474 = CARTESIAN_POINT('',(16.143760074879,-3.707516509802,2.));
#1475 = CARTESIAN_POINT('',(16.003335759971,-3.549360407675,2.));
#1476 = ORIENTED_EDGE('',*,*,#1477,.T.);
#1477 = EDGE_CURVE('',#1470,#1478,#1480,.T.);
#1478 = VERTEX_POINT('',#1479);
#1479 = CARTESIAN_POINT('',(15.862625448495,-3.127801466382,2.));
#1480 = B_SPLINE_CURVE_WITH_KNOTS('',2,(#1481,#1482,#1483),
  .UNSPECIFIED.,.F.,.F.,(3,3),(0.,1.),.PIECEWISE_BEZIER_KNOTS.);
#1481 = CARTESIAN_POINT('',(16.003335759971,-3.549360407675,2.));
#1482 = CARTESIAN_POINT('',(15.862625448495,-3.391204305548,2.));
#1483 = CARTESIAN_POINT('',(15.862625448495,-3.127801466382,2.));
#1484 = ORIENTED_EDGE('',*,*,#1485,.T.);
#1485 = EDGE_CURVE('',#1478,#1486,#1488,.T.);
#1486 = VERTEX_POINT('',#1487);
#1487 = CARTESIAN_POINT('',(15.862625448495,-2.811489262129,2.));
#1488 = LINE('',#1489,#1490);
#1489 = CARTESIAN_POINT('',(15.862625448495,-3.127801466382,2.));
#1490 = VECTOR('',#1491,1.);
#1491 = DIRECTION('',(0.,1.,0.));
#1492 = ORIENTED_EDGE('',*,*,#1493,.T.);
#1493 = EDGE_CURVE('',#1486,#1494,#1496,.T.);
#1494 = VERTEX_POINT('',#1495);
#1495 = CARTESIAN_POINT('',(16.060249077011,-2.214042431491,2.));
#1496 = B_SPLINE_CURVE_WITH_KNOTS('',2,(#1497,#1498,#1499),
  .UNSPECIFIED.,.F.,.F.,(3,3),(0.,1.),.PIECEWISE_BEZIER_KNOTS.);
#1497 = CARTESIAN_POINT('',(15.862625448495,-2.811489262129,2.));
#1498 = CARTESIAN_POINT('',(15.862625448495,-2.407376111487,2.));
#1499 = CARTESIAN_POINT('',(16.060249077011,-2.214042431491,2.));
#1500 = ORIENTED_EDGE('',*,*,#1501,.T.);
#1501 = EDGE_CURVE('',#1494,#1502,#1504,.T.);
#1502 = VERTEX_POINT('',#1503);
#1503 = CARTESIAN_POINT('',(16.253711698025,-2.088160483393,2.));
#1504 = B_SPLINE_CURVE_WITH_KNOTS('',2,(#1505,#1506,#1507),
  .UNSPECIFIED.,.F.,.F.,(3,3),(0.,1.),.PIECEWISE_BEZIER_KNOTS.);
#1505 = CARTESIAN_POINT('',(16.060249077011,-2.214042431491,2.));
#1506 = CARTESIAN_POINT('',(16.257872705528,-2.020708751495,2.));
#1507 = CARTESIAN_POINT('',(16.644540065519,-2.020708751495,2.));
#1508 = ORIENTED_EDGE('',*,*,#1509,.T.);
#1509 = EDGE_CURVE('',#1502,#1510,#1512,.T.);
#1510 = VERTEX_POINT('',#1511);
#1511 = CARTESIAN_POINT('',(16.007625708491,-1.937483750195,2.));
#1512 = B_SPLINE_CURVE_WITH_KNOTS('',2,(#1513,#1514,#1515),
  .UNSPECIFIED.,.F.,.F.,(3,3),(0.,1.),.PIECEWISE_BEZIER_KNOTS.);
#1513 = CARTESIAN_POINT('',(16.468652176174,-2.108509697884,2.));
#1514 = CARTESIAN_POINT('',(16.15233997192,-2.117375591493,2.));
#1515 = CARTESIAN_POINT('',(16.007625708491,-1.937483750195,2.));
#1516 = ORIENTED_EDGE('',*,*,#1517,.T.);
#1517 = EDGE_CURVE('',#1510,#1518,#1520,.T.);
#1518 = VERTEX_POINT('',#1519);
#1519 = CARTESIAN_POINT('',(15.862625448495,-1.476171285945,2.));
#1520 = B_SPLINE_CURVE_WITH_KNOTS('',2,(#1521,#1522,#1523),
  .UNSPECIFIED.,.F.,.F.,(3,3),(0.,1.),.PIECEWISE_BEZIER_KNOTS.);
#1521 = CARTESIAN_POINT('',(16.007625708491,-1.937483750195,2.));
#1522 = CARTESIAN_POINT('',(15.862625448495,-1.757305912329,2.));
#1523 = CARTESIAN_POINT('',(15.862625448495,-1.476171285945,2.));
#1524 = ORIENTED_EDGE('',*,*,#1525,.T.);
#1525 = EDGE_CURVE('',#1518,#1526,#1528,.T.);
#1526 = VERTEX_POINT('',#1527);
#1527 = CARTESIAN_POINT('',(15.862625448495,-1.168438978732,2.));
#1528 = LINE('',#1529,#1530);
#1529 = CARTESIAN_POINT('',(15.862625448495,-1.476171285945,2.));
#1530 = VECTOR('',#1531,1.);
#1531 = DIRECTION('',(0.,1.,0.));
#1532 = ORIENTED_EDGE('',*,*,#1533,.T.);
#1533 = EDGE_CURVE('',#1526,#1534,#1536,.T.);
#1534 = VERTEX_POINT('',#1535);
#1535 = CARTESIAN_POINT('',(16.060249077011,-0.562412251053,2.));
#1536 = B_SPLINE_CURVE_WITH_KNOTS('',2,(#1537,#1538,#1539),
  .UNSPECIFIED.,.F.,.F.,(3,3),(0.,1.),.PIECEWISE_BEZIER_KNOTS.);
#1537 = CARTESIAN_POINT('',(15.862625448495,-1.168438978732,2.));
#1538 = CARTESIAN_POINT('',(15.862625448495,-0.755459934481,2.));
#1539 = CARTESIAN_POINT('',(16.060249077011,-0.562412251053,2.));
#1540 = ORIENTED_EDGE('',*,*,#1541,.T.);
#1541 = EDGE_CURVE('',#1534,#1542,#1544,.T.);
#1542 = VERTEX_POINT('',#1543);
#1543 = CARTESIAN_POINT('',(16.644540065519,-0.369078571057,2.));
#1544 = B_SPLINE_CURVE_WITH_KNOTS('',2,(#1545,#1546,#1547),
  .UNSPECIFIED.,.F.,.F.,(3,3),(0.,1.),.PIECEWISE_BEZIER_KNOTS.);
#1545 = CARTESIAN_POINT('',(16.060249077011,-0.562412251053,2.));
#1546 = CARTESIAN_POINT('',(16.257872705528,-0.369078571057,2.));
#1547 = CARTESIAN_POINT('',(16.644540065519,-0.369078571057,2.));
#1548 = ORIENTED_EDGE('',*,*,#1549,.T.);
#1549 = EDGE_CURVE('',#1542,#1550,#1552,.T.);
#1550 = VERTEX_POINT('',#1551);
#1551 = CARTESIAN_POINT('',(20.15,-0.369078571057,2.));
#1552 = LINE('',#1553,#1554);
#1553 = CARTESIAN_POINT('',(16.644540065519,-0.369078571057,2.));
#1554 = VECTOR('',#1555,1.);
#1555 = DIRECTION('',(1.,0.,0.));
#1556 = ORIENTED_EDGE('',*,*,#1557,.T.);
#1557 = EDGE_CURVE('',#1550,#1558,#1560,.T.);
#1558 = VERTEX_POINT('',#1559);
#1559 = CARTESIAN_POINT('',(20.15,-1.168438978732,2.));
#1560 = LINE('',#1561,#1562);
#1561 = CARTESIAN_POINT('',(20.15,-0.369078571057,2.));
#1562 = VECTOR('',#1563,1.);
#1563 = DIRECTION('',(0.,-1.,0.));
#1564 = ORIENTED_EDGE('',*,*,#1565,.T.);
#1565 = EDGE_CURVE('',#1558,#1566,#1568,.T.);
#1566 = VERTEX_POINT('',#1567);
#1567 = CARTESIAN_POINT('',(16.758652696168,-1.168438978732,2.));
#1568 = LINE('',#1569,#1570);
#1569 = CARTESIAN_POINT('',(20.15,-1.168438978732,2.));
#1570 = VECTOR('',#1571,1.);
#1571 = DIRECTION('',(-1.,0.,0.));
#1572 = ORIENTED_EDGE('',*,*,#1573,.T.);
#1573 = EDGE_CURVE('',#1566,#1574,#1576,.T.);
#1574 = VERTEX_POINT('',#1575);
#1575 = CARTESIAN_POINT('',(16.552163174042,-1.216772398731,2.));
#1576 = B_SPLINE_CURVE_WITH_KNOTS('',2,(#1577,#1578,#1579),
  .UNSPECIFIED.,.F.,.F.,(3,3),(0.,1.),.PIECEWISE_BEZIER_KNOTS.);
#1577 = CARTESIAN_POINT('',(16.758652696168,-1.168438978732,2.));
#1578 = CARTESIAN_POINT('',(16.600496594041,-1.168438978732,2.));
#1579 = CARTESIAN_POINT('',(16.552163174042,-1.216772398731,2.));
#1580 = ORIENTED_EDGE('',*,*,#1581,.T.);
#1581 = EDGE_CURVE('',#1574,#1582,#1584,.T.);
#1582 = VERTEX_POINT('',#1583);
#1583 = CARTESIAN_POINT('',(16.503829754043,-1.423261920857,2.));
#1584 = B_SPLINE_CURVE_WITH_KNOTS('',2,(#1585,#1586,#1587),
  .UNSPECIFIED.,.F.,.F.,(3,3),(0.,1.),.PIECEWISE_BEZIER_KNOTS.);
#1585 = CARTESIAN_POINT('',(16.552163174042,-1.216772398731,2.));
#1586 = CARTESIAN_POINT('',(16.503829754043,-1.26510581873,2.));
#1587 = CARTESIAN_POINT('',(16.503829754043,-1.423261920857,2.));
#1588 = ORIENTED_EDGE('',*,*,#1589,.T.);
#1589 = EDGE_CURVE('',#1582,#1590,#1592,.T.);
#1590 = VERTEX_POINT('',#1591);
#1591 = CARTESIAN_POINT('',(16.503829754043,-1.73957412511,2.));
#1592 = LINE('',#1593,#1594);
#1593 = CARTESIAN_POINT('',(16.503829754043,-1.423261920857,2.));
#1594 = VECTOR('',#1595,1.);
#1595 = DIRECTION('',(0.,-1.,0.));
#1596 = ORIENTED_EDGE('',*,*,#1597,.T.);
#1597 = EDGE_CURVE('',#1590,#1598,#1600,.T.);
#1598 = VERTEX_POINT('',#1599);
#1599 = CARTESIAN_POINT('',(16.574184909781,-1.950639592325,2.));
#1600 = B_SPLINE_CURVE_WITH_KNOTS('',2,(#1601,#1602,#1603),
  .UNSPECIFIED.,.F.,.F.,(3,3),(0.,1.),.PIECEWISE_BEZIER_KNOTS.);
#1601 = CARTESIAN_POINT('',(16.503829754043,-1.73957412511,2.));
#1602 = CARTESIAN_POINT('',(16.503829754043,-1.880284436587,2.));
#1603 = CARTESIAN_POINT('',(16.574184909781,-1.950639592325,2.));
#1604 = ORIENTED_EDGE('',*,*,#1605,.T.);
#1605 = EDGE_CURVE('',#1598,#1606,#1608,.T.);
#1606 = VERTEX_POINT('',#1607);
#1607 = CARTESIAN_POINT('',(16.811276064687,-2.020708751495,2.));
#1608 = B_SPLINE_CURVE_WITH_KNOTS('',2,(#1609,#1610,#1611),
  .UNSPECIFIED.,.F.,.F.,(3,3),(0.,1.),.PIECEWISE_BEZIER_KNOTS.);
#1609 = CARTESIAN_POINT('',(16.574184909781,-1.950639592325,2.));
#1610 = CARTESIAN_POINT('',(16.644540065519,-2.020708751495,2.));
#1611 = CARTESIAN_POINT('',(16.811276064687,-2.020708751495,2.));
#1612 = ORIENTED_EDGE('',*,*,#1613,.T.);
#1613 = EDGE_CURVE('',#1606,#1614,#1616,.T.);
#1614 = VERTEX_POINT('',#1615);
#1615 = CARTESIAN_POINT('',(20.15,-2.020708751495,2.));
#1616 = LINE('',#1617,#1618);
#1617 = CARTESIAN_POINT('',(16.811276064687,-2.020708751495,2.));
#1618 = VECTOR('',#1619,1.);
#1619 = DIRECTION('',(1.,-2.2E-16,0.));
#1620 = ORIENTED_EDGE('',*,*,#1621,.T.);
#1621 = EDGE_CURVE('',#1614,#1622,#1624,.T.);
#1622 = VERTEX_POINT('',#1623);
#1623 = CARTESIAN_POINT('',(20.15,-2.811489262129,2.));
#1624 = LINE('',#1625,#1626);
#1625 = CARTESIAN_POINT('',(20.15,-2.020708751495,2.));
#1626 = VECTOR('',#1627,1.);
#1627 = DIRECTION('',(0.,-1.,0.));
#1628 = ORIENTED_EDGE('',*,*,#1629,.T.);
#1629 = EDGE_CURVE('',#1622,#1630,#1632,.T.);
#1630 = VERTEX_POINT('',#1631);
#1631 = CARTESIAN_POINT('',(16.758652696168,-2.811489262129,2.));
#1632 = LINE('',#1633,#1634);
#1633 = CARTESIAN_POINT('',(20.15,-2.811489262129,2.));
#1634 = VECTOR('',#1635,1.);
#1635 = DIRECTION('',(-1.,0.,0.));
#1636 = ORIENTED_EDGE('',*,*,#1637,.T.);
#1637 = EDGE_CURVE('',#1630,#1638,#1640,.T.);
#1638 = VERTEX_POINT('',#1639);
#1639 = CARTESIAN_POINT('',(16.552163174042,-2.864398627216,2.));
#1640 = B_SPLINE_CURVE_WITH_KNOTS('',2,(#1641,#1642,#1643),
  .UNSPECIFIED.,.F.,.F.,(3,3),(0.,1.),.PIECEWISE_BEZIER_KNOTS.);
#1641 = CARTESIAN_POINT('',(16.758652696168,-2.811489262129,2.));
#1642 = CARTESIAN_POINT('',(16.600496594041,-2.811489262129,2.));
#1643 = CARTESIAN_POINT('',(16.552163174042,-2.864398627216,2.));
#1644 = ORIENTED_EDGE('',*,*,#1645,.T.);
#1645 = EDGE_CURVE('',#1638,#1646,#1648,.T.);
#1646 = VERTEX_POINT('',#1647);
#1647 = CARTESIAN_POINT('',(16.503829754043,-3.075178097863,2.));
#1648 = B_SPLINE_CURVE_WITH_KNOTS('',2,(#1649,#1650,#1651),
  .UNSPECIFIED.,.F.,.F.,(3,3),(0.,1.),.PIECEWISE_BEZIER_KNOTS.);
#1649 = CARTESIAN_POINT('',(16.552163174042,-2.864398627216,2.));
#1650 = CARTESIAN_POINT('',(16.503829754043,-2.917021995736,2.));
#1651 = CARTESIAN_POINT('',(16.503829754043,-3.075178097863,2.));
#1652 = ORIENTED_EDGE('',*,*,#1653,.T.);
#1653 = EDGE_CURVE('',#1646,#1654,#1656,.T.);
#1654 = VERTEX_POINT('',#1655);
#1655 = CARTESIAN_POINT('',(16.503829754043,-3.382624408507,2.));
#1656 = LINE('',#1657,#1658);
#1657 = CARTESIAN_POINT('',(16.503829754043,-3.075178097863,2.));
#1658 = VECTOR('',#1659,1.);
#1659 = DIRECTION('',(0.,-1.,0.));
#1660 = ORIENTED_EDGE('',*,*,#1661,.T.);
#1661 = EDGE_CURVE('',#1654,#1662,#1664,.T.);
#1662 = VERTEX_POINT('',#1663);
#1663 = CARTESIAN_POINT('',(16.574184909781,-3.602269772763,2.));
#1664 = B_SPLINE_CURVE_WITH_KNOTS('',2,(#1665,#1666,#1667),
  .UNSPECIFIED.,.F.,.F.,(3,3),(0.,1.),.PIECEWISE_BEZIER_KNOTS.);
#1665 = CARTESIAN_POINT('',(16.503829754043,-3.382624408507,2.));
#1666 = CARTESIAN_POINT('',(16.503829754043,-3.531914617025,2.));
#1667 = CARTESIAN_POINT('',(16.574184909781,-3.602269772763,2.));
#1668 = ORIENTED_EDGE('',*,*,#1669,.T.);
#1669 = EDGE_CURVE('',#1662,#1670,#1672,.T.);
#1670 = VERTEX_POINT('',#1671);
#1671 = CARTESIAN_POINT('',(16.811276064687,-3.672624928501,2.));
#1672 = B_SPLINE_CURVE_WITH_KNOTS('',2,(#1673,#1674,#1675),
  .UNSPECIFIED.,.F.,.F.,(3,3),(0.,1.),.PIECEWISE_BEZIER_KNOTS.);
#1673 = CARTESIAN_POINT('',(16.574184909781,-3.602269772763,2.));
#1674 = CARTESIAN_POINT('',(16.644540065519,-3.672624928501,2.));
#1675 = CARTESIAN_POINT('',(16.811276064687,-3.672624928501,2.));
#1676 = ORIENTED_EDGE('',*,*,#1677,.T.);
#1677 = EDGE_CURVE('',#1670,#1678,#1680,.T.);
#1678 = VERTEX_POINT('',#1679);
#1679 = CARTESIAN_POINT('',(20.15,-3.672624928501,2.));
#1680 = LINE('',#1681,#1682);
#1681 = CARTESIAN_POINT('',(16.811276064687,-3.672624928501,2.));
#1682 = VECTOR('',#1683,1.);
#1683 = DIRECTION('',(1.,-2.2E-16,0.));
#1684 = ORIENTED_EDGE('',*,*,#1685,.T.);
#1685 = EDGE_CURVE('',#1678,#1444,#1686,.T.);
#1686 = LINE('',#1687,#1688);
#1687 = CARTESIAN_POINT('',(20.15,-3.672624928501,2.));
#1688 = VECTOR('',#1689,1.);
#1689 = DIRECTION('',(0.,-1.,0.));
#1690 = FACE_BOUND('',#1691,.T.);
#1691 = EDGE_LOOP('',(#1692,#1702,#1710,#1718,#1726,#1734,#1742,#1750,
    #1758,#1766,#1774,#1782));
#1692 = ORIENTED_EDGE('',*,*,#1693,.T.);
#1693 = EDGE_CURVE('',#1694,#1696,#1698,.T.);
#1694 = VERTEX_POINT('',#1695);
#1695 = CARTESIAN_POINT('',(31.976951276585,-1.594846861838,2.));
#1696 = VERTEX_POINT('',#1697);
#1697 = CARTESIAN_POINT('',(32.552376371484,-1.792470490354,2.));
#1698 = B_SPLINE_CURVE_WITH_KNOTS('',2,(#1699,#1700,#1701),
  .UNSPECIFIED.,.F.,.F.,(3,3),(0.,1.),.PIECEWISE_BEZIER_KNOTS.);
#1699 = CARTESIAN_POINT('',(31.976951276585,-1.594846861838,2.));
#1700 = CARTESIAN_POINT('',(32.354752742967,-1.594846861838,2.));
#1701 = CARTESIAN_POINT('',(32.552376371484,-1.792470490354,2.));
#1702 = ORIENTED_EDGE('',*,*,#1703,.T.);
#1703 = EDGE_CURVE('',#1696,#1704,#1706,.T.);
#1704 = VERTEX_POINT('',#1705);
#1705 = CARTESIAN_POINT('',(32.75,-2.411939056731,2.));
#1706 = B_SPLINE_CURVE_WITH_KNOTS('',2,(#1707,#1708,#1709),
  .UNSPECIFIED.,.F.,.F.,(3,3),(0.,1.),.PIECEWISE_BEZIER_KNOTS.);
#1707 = CARTESIAN_POINT('',(32.552376371484,-1.792470490354,2.));
#1708 = CARTESIAN_POINT('',(32.75,-1.990094118871,2.));
#1709 = CARTESIAN_POINT('',(32.75,-2.411939056731,2.));
#1710 = ORIENTED_EDGE('',*,*,#1711,.T.);
#1711 = EDGE_CURVE('',#1704,#1712,#1714,.T.);
#1712 = VERTEX_POINT('',#1713);
#1713 = CARTESIAN_POINT('',(32.75,-3.369455566533,2.));
#1714 = LINE('',#1715,#1716);
#1715 = CARTESIAN_POINT('',(32.75,-2.411939056731,2.));
#1716 = VECTOR('',#1717,1.);
#1717 = DIRECTION('',(0.,-1.,0.));
#1718 = ORIENTED_EDGE('',*,*,#1719,.T.);
#1719 = EDGE_CURVE('',#1712,#1720,#1722,.T.);
#1720 = VERTEX_POINT('',#1721);
#1721 = CARTESIAN_POINT('',(32.552376371484,-3.99779002652,2.));
#1722 = B_SPLINE_CURVE_WITH_KNOTS('',2,(#1723,#1724,#1725),
  .UNSPECIFIED.,.F.,.F.,(3,3),(0.,1.),.PIECEWISE_BEZIER_KNOTS.);
#1723 = CARTESIAN_POINT('',(32.75,-3.369455566533,2.));
#1724 = CARTESIAN_POINT('',(32.75,-3.800166398003,2.));
#1725 = CARTESIAN_POINT('',(32.552376371484,-3.99779002652,2.));
#1726 = ORIENTED_EDGE('',*,*,#1727,.T.);
#1727 = EDGE_CURVE('',#1720,#1728,#1730,.T.);
#1728 = VERTEX_POINT('',#1729);
#1729 = CARTESIAN_POINT('',(31.976951276585,-4.195413655036,2.));
#1730 = B_SPLINE_CURVE_WITH_KNOTS('',2,(#1731,#1732,#1733),
  .UNSPECIFIED.,.F.,.F.,(3,3),(0.,1.),.PIECEWISE_BEZIER_KNOTS.);
#1731 = CARTESIAN_POINT('',(32.552376371484,-3.99779002652,2.));
#1732 = CARTESIAN_POINT('',(32.354752742967,-4.195413655036,2.));
#1733 = CARTESIAN_POINT('',(31.976951276585,-4.195413655036,2.));
#1734 = ORIENTED_EDGE('',*,*,#1735,.T.);
#1735 = EDGE_CURVE('',#1728,#1736,#1738,.T.);
#1736 = VERTEX_POINT('',#1737);
#1737 = CARTESIAN_POINT('',(28.023334719983,-4.195413655036,2.));
#1738 = LINE('',#1739,#1740);
#1739 = CARTESIAN_POINT('',(31.976951276585,-4.195413655036,2.));
#1740 = VECTOR('',#1741,1.);
#1741 = DIRECTION('',(-1.,0.,0.));
#1742 = ORIENTED_EDGE('',*,*,#1743,.T.);
#1743 = EDGE_CURVE('',#1736,#1744,#1746,.T.);
#1744 = VERTEX_POINT('',#1745);
#1745 = CARTESIAN_POINT('',(27.447909625084,-3.99779002652,2.));
#1746 = B_SPLINE_CURVE_WITH_KNOTS('',2,(#1747,#1748,#1749),
  .UNSPECIFIED.,.F.,.F.,(3,3),(0.,1.),.PIECEWISE_BEZIER_KNOTS.);
#1747 = CARTESIAN_POINT('',(28.023334719983,-4.195413655036,2.));
#1748 = CARTESIAN_POINT('',(27.645533253601,-4.195413655036,2.));
#1749 = CARTESIAN_POINT('',(27.447909625084,-3.99779002652,2.));
#1750 = ORIENTED_EDGE('',*,*,#1751,.T.);
#1751 = EDGE_CURVE('',#1744,#1752,#1754,.T.);
#1752 = VERTEX_POINT('',#1753);
#1753 = CARTESIAN_POINT('',(27.25,-3.369455566533,2.));
#1754 = B_SPLINE_CURVE_WITH_KNOTS('',2,(#1755,#1756,#1757),
  .UNSPECIFIED.,.F.,.F.,(3,3),(0.,1.),.PIECEWISE_BEZIER_KNOTS.);
#1755 = CARTESIAN_POINT('',(27.447909625084,-3.99779002652,2.));
#1756 = CARTESIAN_POINT('',(27.25,-3.800166398003,2.));
#1757 = CARTESIAN_POINT('',(27.25,-3.369455566533,2.));
#1758 = ORIENTED_EDGE('',*,*,#1759,.T.);
#1759 = EDGE_CURVE('',#1752,#1760,#1762,.T.);
#1760 = VERTEX_POINT('',#1761);
#1761 = CARTESIAN_POINT('',(27.25,-2.411939056731,2.));
#1762 = LINE('',#1763,#1764);
#1763 = CARTESIAN_POINT('',(27.25,-3.369455566533,2.));
#1764 = VECTOR('',#1765,1.);
#1765 = DIRECTION('',(0.,1.,0.));
#1766 = ORIENTED_EDGE('',*,*,#1767,.T.);
#1767 = EDGE_CURVE('',#1760,#1768,#1770,.T.);
#1768 = VERTEX_POINT('',#1769);
#1769 = CARTESIAN_POINT('',(27.447909625084,-1.792470490354,2.));
#1770 = B_SPLINE_CURVE_WITH_KNOTS('',2,(#1771,#1772,#1773),
  .UNSPECIFIED.,.F.,.F.,(3,3),(0.,1.),.PIECEWISE_BEZIER_KNOTS.);
#1771 = CARTESIAN_POINT('',(27.25,-2.411939056731,2.));
#1772 = CARTESIAN_POINT('',(27.25,-1.990094118871,2.));
#1773 = CARTESIAN_POINT('',(27.447909625084,-1.792470490354,2.));
#1774 = ORIENTED_EDGE('',*,*,#1775,.T.);
#1775 = EDGE_CURVE('',#1768,#1776,#1778,.T.);
#1776 = VERTEX_POINT('',#1777);
#1777 = CARTESIAN_POINT('',(28.023334719983,-1.594846861838,2.));
#1778 = B_SPLINE_CURVE_WITH_KNOTS('',2,(#1779,#1780,#1781),
  .UNSPECIFIED.,.F.,.F.,(3,3),(0.,1.),.PIECEWISE_BEZIER_KNOTS.);
#1779 = CARTESIAN_POINT('',(27.447909625084,-1.792470490354,2.));
#1780 = CARTESIAN_POINT('',(27.645533253601,-1.594846861838,2.));
#1781 = CARTESIAN_POINT('',(28.023334719983,-1.594846861838,2.));
#1782 = ORIENTED_EDGE('',*,*,#1783,.T.);
#1783 = EDGE_CURVE('',#1776,#1694,#1784,.T.);
#1784 = LINE('',#1785,#1786);
#1785 = CARTESIAN_POINT('',(28.023334719983,-1.594846861838,2.));
#1786 = VECTOR('',#1787,1.);
#1787 = DIRECTION('',(1.,0.,0.));
#1788 = FACE_BOUND('',#1789,.T.);
#1789 = EDGE_LOOP('',(#1790,#1800,#1808,#1816));
#1790 = ORIENTED_EDGE('',*,*,#1791,.T.);
#1791 = EDGE_CURVE('',#1792,#1794,#1796,.T.);
#1792 = VERTEX_POINT('',#1793);
#1793 = CARTESIAN_POINT('',(-4.45,3.12321247145,2.));
#1794 = VERTEX_POINT('',#1795);
#1795 = CARTESIAN_POINT('',(1.05,3.12321247145,2.));
#1796 = LINE('',#1797,#1798);
#1797 = CARTESIAN_POINT('',(-4.45,3.12321247145,2.));
#1798 = VECTOR('',#1799,1.);
#1799 = DIRECTION('',(1.,0.,0.));
#1800 = ORIENTED_EDGE('',*,*,#1801,.T.);
#1801 = EDGE_CURVE('',#1794,#1802,#1804,.T.);
#1802 = VERTEX_POINT('',#1803);
#1803 = CARTESIAN_POINT('',(1.05,2.332431960816,2.));
#1804 = LINE('',#1805,#1806);
#1805 = CARTESIAN_POINT('',(1.05,3.12321247145,2.));
#1806 = VECTOR('',#1807,1.);
#1807 = DIRECTION('',(0.,-1.,0.));
#1808 = ORIENTED_EDGE('',*,*,#1809,.T.);
#1809 = EDGE_CURVE('',#1802,#1810,#1812,.T.);
#1810 = VERTEX_POINT('',#1811);
#1811 = CARTESIAN_POINT('',(-4.45,2.332431960816,2.));
#1812 = LINE('',#1813,#1814);
#1813 = CARTESIAN_POINT('',(1.05,2.332431960816,2.));
#1814 = VECTOR('',#1815,1.);
#1815 = DIRECTION('',(-1.,0.,0.));
#1816 = ORIENTED_EDGE('',*,*,#1817,.T.);
#1817 = EDGE_CURVE('',#1810,#1792,#1818,.T.);
#1818 = LINE('',#1819,#1820);
#1819 = CARTESIAN_POINT('',(-4.45,2.332431960816,2.));
#1820 = VECTOR('',#1821,1.);
#1821 = DIRECTION('',(0.,1.,0.));
#1822 = FACE_BOUND('',#1823,.T.);
#1823 = EDGE_LOOP('',(#1824,#1834,#1842,#1850,#1858,#1866,#1874,#1882,
    #1890,#1898,#1906,#1914,#1922,#1930,#1938,#1946,#1954,#1962,#1970,
    #1978,#1986,#1994,#2002,#2010,#2018,#2026,#2034,#2042,#2050,#2058,
    #2066,#2074,#2082,#2090,#2098,#2106,#2114,#2122,#2130,#2138,#2146));
#1824 = ORIENTED_EDGE('',*,*,#1825,.T.);
#1825 = EDGE_CURVE('',#1826,#1828,#1830,.T.);
#1826 = VERTEX_POINT('',#1827);
#1827 = CARTESIAN_POINT('',(10.671985336176,2.355597732827,2.));
#1828 = VERTEX_POINT('',#1829);
#1829 = CARTESIAN_POINT('',(10.671985336176,1.564817222193,2.));
#1830 = LINE('',#1831,#1832);
#1831 = CARTESIAN_POINT('',(10.671985336176,2.355597732827,2.));
#1832 = VECTOR('',#1833,1.);
#1833 = DIRECTION('',(0.,-1.,0.));
#1834 = ORIENTED_EDGE('',*,*,#1835,.T.);
#1835 = EDGE_CURVE('',#1828,#1836,#1838,.T.);
#1836 = VERTEX_POINT('',#1837);
#1837 = CARTESIAN_POINT('',(9.723334719983,1.564817222193,2.));
#1838 = LINE('',#1839,#1840);
#1839 = CARTESIAN_POINT('',(10.671985336176,1.564817222193,2.));
#1840 = VECTOR('',#1841,1.);
#1841 = DIRECTION('',(-1.,0.,0.));
#1842 = ORIENTED_EDGE('',*,*,#1843,.T.);
#1843 = EDGE_CURVE('',#1836,#1844,#1846,.T.);
#1844 = VERTEX_POINT('',#1845);
#1845 = CARTESIAN_POINT('',(9.147909625084,1.76244085071,2.));
#1846 = B_SPLINE_CURVE_WITH_KNOTS('',2,(#1847,#1848,#1849),
  .UNSPECIFIED.,.F.,.F.,(3,3),(0.,1.),.PIECEWISE_BEZIER_KNOTS.);
#1847 = CARTESIAN_POINT('',(9.723334719983,1.564817222193,2.));
#1848 = CARTESIAN_POINT('',(9.345533253601,1.564817222193,2.));
#1849 = CARTESIAN_POINT('',(9.147909625084,1.76244085071,2.));
#1850 = ORIENTED_EDGE('',*,*,#1851,.T.);
#1851 = EDGE_CURVE('',#1844,#1852,#1854,.T.);
#1852 = VERTEX_POINT('',#1853);
#1853 = CARTESIAN_POINT('',(8.95,2.381909417087,2.));
#1854 = B_SPLINE_CURVE_WITH_KNOTS('',2,(#1855,#1856,#1857),
  .UNSPECIFIED.,.F.,.F.,(3,3),(0.,1.),.PIECEWISE_BEZIER_KNOTS.);
#1855 = CARTESIAN_POINT('',(9.147909625084,1.76244085071,2.));
#1856 = CARTESIAN_POINT('',(8.95,1.960064479226,2.));
#1857 = CARTESIAN_POINT('',(8.95,2.381909417087,2.));
#1858 = ORIENTED_EDGE('',*,*,#1859,.T.);
#1859 = EDGE_CURVE('',#1852,#1860,#1862,.T.);
#1860 = VERTEX_POINT('',#1861);
#1861 = CARTESIAN_POINT('',(8.95,3.190135718371,2.));
#1862 = LINE('',#1863,#1864);
#1863 = CARTESIAN_POINT('',(8.95,2.381909417087,2.));
#1864 = VECTOR('',#1865,1.);
#1865 = DIRECTION('',(0.,1.,0.));
#1866 = ORIENTED_EDGE('',*,*,#1867,.T.);
#1867 = EDGE_CURVE('',#1860,#1868,#1870,.T.);
#1868 = VERTEX_POINT('',#1869);
#1869 = CARTESIAN_POINT('',(9.147909625084,3.81818418179,2.));
#1870 = B_SPLINE_CURVE_WITH_KNOTS('',2,(#1871,#1872,#1873),
  .UNSPECIFIED.,.F.,.F.,(3,3),(0.,1.),.PIECEWISE_BEZIER_KNOTS.);
#1871 = CARTESIAN_POINT('',(8.95,3.190135718371,2.));
#1872 = CARTESIAN_POINT('',(8.95,3.620560553273,2.));
#1873 = CARTESIAN_POINT('',(9.147909625084,3.81818418179,2.));
#1874 = ORIENTED_EDGE('',*,*,#1875,.T.);
#1875 = EDGE_CURVE('',#1868,#1876,#1878,.T.);
#1876 = VERTEX_POINT('',#1877);
#1877 = CARTESIAN_POINT('',(9.723334719983,4.016093806874,2.));
#1878 = B_SPLINE_CURVE_WITH_KNOTS('',2,(#1879,#1880,#1881),
  .UNSPECIFIED.,.F.,.F.,(3,3),(0.,1.),.PIECEWISE_BEZIER_KNOTS.);
#1879 = CARTESIAN_POINT('',(9.147909625084,3.81818418179,2.));
#1880 = CARTESIAN_POINT('',(9.345533253601,4.016093806874,2.));
#1881 = CARTESIAN_POINT('',(9.723334719983,4.016093806874,2.));
#1882 = ORIENTED_EDGE('',*,*,#1883,.T.);
#1883 = EDGE_CURVE('',#1876,#1884,#1886,.T.);
#1884 = VERTEX_POINT('',#1885);
#1885 = CARTESIAN_POINT('',(11.111276064687,4.016093806874,2.));
#1886 = LINE('',#1887,#1888);
#1887 = CARTESIAN_POINT('',(9.723334719983,4.016093806874,2.));
#1888 = VECTOR('',#1889,1.);
#1889 = DIRECTION('',(1.,0.,0.));
#1890 = ORIENTED_EDGE('',*,*,#1891,.T.);
#1891 = EDGE_CURVE('',#1884,#1892,#1894,.T.);
#1892 = VERTEX_POINT('',#1893);
#1893 = CARTESIAN_POINT('',(11.47592168894,3.928006863918,2.));
#1894 = B_SPLINE_CURVE_WITH_KNOTS('',2,(#1895,#1896,#1897),
  .UNSPECIFIED.,.F.,.F.,(3,3),(0.,1.),.PIECEWISE_BEZIER_KNOTS.);
#1895 = CARTESIAN_POINT('',(11.111276064687,4.016093806874,2.));
#1896 = CARTESIAN_POINT('',(11.339787322552,4.016093806874,2.));
#1897 = CARTESIAN_POINT('',(11.47592168894,3.928006863918,2.));
#1898 = ORIENTED_EDGE('',*,*,#1899,.T.);
#1899 = EDGE_CURVE('',#1892,#1900,#1902,.T.);
#1900 = VERTEX_POINT('',#1901);
#1901 = CARTESIAN_POINT('',(11.656099526806,3.673469918361,2.));
#1902 = B_SPLINE_CURVE_WITH_KNOTS('',2,(#1903,#1904,#1905),
  .UNSPECIFIED.,.F.,.F.,(3,3),(0.,1.),.PIECEWISE_BEZIER_KNOTS.);
#1903 = CARTESIAN_POINT('',(11.47592168894,3.928006863918,2.));
#1904 = CARTESIAN_POINT('',(11.612056055327,3.840205917529,2.));
#1905 = CARTESIAN_POINT('',(11.656099526806,3.673469918361,2.));
#1906 = ORIENTED_EDGE('',*,*,#1907,.T.);
#1907 = EDGE_CURVE('',#1900,#1908,#1910,.T.);
#1908 = VERTEX_POINT('',#1909);
#1909 = CARTESIAN_POINT('',(11.823121522542,3.928006863918,2.));
#1910 = B_SPLINE_CURVE_WITH_KNOTS('',2,(#1911,#1912,#1913),
  .UNSPECIFIED.,.F.,.F.,(3,3),(0.,1.),.PIECEWISE_BEZIER_KNOTS.);
#1911 = CARTESIAN_POINT('',(11.656099526806,3.673469918361,2.));
#1912 = CARTESIAN_POINT('',(11.700142998284,3.840205917529,2.));
#1913 = CARTESIAN_POINT('',(11.823121522542,3.928006863918,2.));
#1914 = ORIENTED_EDGE('',*,*,#1915,.T.);
#1915 = EDGE_CURVE('',#1908,#1916,#1918,.T.);
#1916 = VERTEX_POINT('',#1917);
#1917 = CARTESIAN_POINT('',(12.165745411055,4.016093806874,2.));
#1918 = B_SPLINE_CURVE_WITH_KNOTS('',2,(#1919,#1920,#1921),
  .UNSPECIFIED.,.F.,.F.,(3,3),(0.,1.),.PIECEWISE_BEZIER_KNOTS.);
#1919 = CARTESIAN_POINT('',(11.823121522542,3.928006863918,2.));
#1920 = CARTESIAN_POINT('',(11.946100046799,4.016093806874,2.));
#1921 = CARTESIAN_POINT('',(12.165745411055,4.016093806874,2.));
#1922 = ORIENTED_EDGE('',*,*,#1923,.T.);
#1923 = EDGE_CURVE('',#1916,#1924,#1926,.T.);
#1924 = VERTEX_POINT('',#1925);
#1925 = CARTESIAN_POINT('',(13.676951276585,4.016093806874,2.));
#1926 = LINE('',#1927,#1928);
#1927 = CARTESIAN_POINT('',(12.165745411055,4.016093806874,2.));
#1928 = VECTOR('',#1929,1.);
#1929 = DIRECTION('',(1.,0.,0.));
#1930 = ORIENTED_EDGE('',*,*,#1931,.T.);
#1931 = EDGE_CURVE('',#1924,#1932,#1934,.T.);
#1932 = VERTEX_POINT('',#1933);
#1933 = CARTESIAN_POINT('',(14.252376371484,3.81818418179,2.));
#1934 = B_SPLINE_CURVE_WITH_KNOTS('',2,(#1935,#1936,#1937),
  .UNSPECIFIED.,.F.,.F.,(3,3),(0.,1.),.PIECEWISE_BEZIER_KNOTS.);
#1935 = CARTESIAN_POINT('',(13.676951276585,4.016093806874,2.));
#1936 = CARTESIAN_POINT('',(14.054752742967,4.016093806874,2.));
#1937 = CARTESIAN_POINT('',(14.252376371484,3.81818418179,2.));
#1938 = ORIENTED_EDGE('',*,*,#1939,.T.);
#1939 = EDGE_CURVE('',#1932,#1940,#1942,.T.);
#1940 = VERTEX_POINT('',#1941);
#1941 = CARTESIAN_POINT('',(14.45,3.190135718371,2.));
#1942 = B_SPLINE_CURVE_WITH_KNOTS('',2,(#1943,#1944,#1945),
  .UNSPECIFIED.,.F.,.F.,(3,3),(0.,1.),.PIECEWISE_BEZIER_KNOTS.);
#1943 = CARTESIAN_POINT('',(14.252376371484,3.81818418179,2.));
#1944 = CARTESIAN_POINT('',(14.45,3.620560553273,2.));
#1945 = CARTESIAN_POINT('',(14.45,3.190135718371,2.));
#1946 = ORIENTED_EDGE('',*,*,#1947,.T.);
#1947 = EDGE_CURVE('',#1940,#1948,#1950,.T.);
#1948 = VERTEX_POINT('',#1949);
#1949 = CARTESIAN_POINT('',(14.45,2.381909417087,2.));
#1950 = LINE('',#1951,#1952);
#1951 = CARTESIAN_POINT('',(14.45,3.190135718371,2.));
#1952 = VECTOR('',#1953,1.);
#1953 = DIRECTION('',(0.,-1.,0.));
#1954 = ORIENTED_EDGE('',*,*,#1955,.T.);
#1955 = EDGE_CURVE('',#1948,#1956,#1958,.T.);
#1956 = VERTEX_POINT('',#1957);
#1957 = CARTESIAN_POINT('',(14.252376371484,1.76244085071,2.));
#1958 = B_SPLINE_CURVE_WITH_KNOTS('',2,(#1959,#1960,#1961),
  .UNSPECIFIED.,.F.,.F.,(3,3),(0.,1.),.PIECEWISE_BEZIER_KNOTS.);
#1959 = CARTESIAN_POINT('',(14.45,2.381909417087,2.));
#1960 = CARTESIAN_POINT('',(14.45,1.960064479226,2.));
#1961 = CARTESIAN_POINT('',(14.252376371484,1.76244085071,2.));
#1962 = ORIENTED_EDGE('',*,*,#1963,.T.);
#1963 = EDGE_CURVE('',#1956,#1964,#1966,.T.);
#1964 = VERTEX_POINT('',#1965);
#1965 = CARTESIAN_POINT('',(13.676951276585,1.564817222193,2.));
#1966 = B_SPLINE_CURVE_WITH_KNOTS('',2,(#1967,#1968,#1969),
  .UNSPECIFIED.,.F.,.F.,(3,3),(0.,1.),.PIECEWISE_BEZIER_KNOTS.);
#1967 = CARTESIAN_POINT('',(14.252376371484,1.76244085071,2.));
#1968 = CARTESIAN_POINT('',(14.054752742967,1.564817222193,2.));
#1969 = CARTESIAN_POINT('',(13.676951276585,1.564817222193,2.));
#1970 = ORIENTED_EDGE('',*,*,#1971,.T.);
#1971 = EDGE_CURVE('',#1964,#1972,#1974,.T.);
#1972 = VERTEX_POINT('',#1973);
#1973 = CARTESIAN_POINT('',(12.736880557433,1.564817222193,2.));
#1974 = LINE('',#1975,#1976);
#1975 = CARTESIAN_POINT('',(13.676951276585,1.564817222193,2.));
#1976 = VECTOR('',#1977,1.);
#1977 = DIRECTION('',(-1.,0.,0.));
#1978 = ORIENTED_EDGE('',*,*,#1979,.T.);
#1979 = EDGE_CURVE('',#1972,#1980,#1982,.T.);
#1980 = VERTEX_POINT('',#1981);
#1981 = CARTESIAN_POINT('',(12.736880557433,2.355597732827,2.));
#1982 = LINE('',#1983,#1984);
#1983 = CARTESIAN_POINT('',(12.736880557433,1.564817222193,2.));
#1984 = VECTOR('',#1985,1.);
#1985 = DIRECTION('',(0.,1.,0.));
#1986 = ORIENTED_EDGE('',*,*,#1987,.T.);
#1987 = EDGE_CURVE('',#1980,#1988,#1990,.T.);
#1988 = VERTEX_POINT('',#1989);
#1989 = CARTESIAN_POINT('',(13.553972752327,2.355597732827,2.));
#1990 = LINE('',#1991,#1992);
#1991 = CARTESIAN_POINT('',(12.736880557433,2.355597732827,2.));
#1992 = VECTOR('',#1993,1.);
#1993 = DIRECTION('',(1.,0.,0.));
#1994 = ORIENTED_EDGE('',*,*,#1995,.T.);
#1995 = EDGE_CURVE('',#1988,#1996,#1998,.T.);
#1996 = VERTEX_POINT('',#1997);
#1997 = CARTESIAN_POINT('',(13.755886329364,2.408221101347,2.));
#1998 = B_SPLINE_CURVE_WITH_KNOTS('',2,(#1999,#2000,#2001),
  .UNSPECIFIED.,.F.,.F.,(3,3),(0.,1.),.PIECEWISE_BEZIER_KNOTS.);
#1999 = CARTESIAN_POINT('',(13.553972752327,2.355597732827,2.));
#2000 = CARTESIAN_POINT('',(13.703262960844,2.355597732827,2.));
#2001 = CARTESIAN_POINT('',(13.755886329364,2.408221101347,2.));
#2002 = ORIENTED_EDGE('',*,*,#2003,.T.);
#2003 = EDGE_CURVE('',#1996,#2004,#2006,.T.);
#2004 = VERTEX_POINT('',#2005);
#2005 = CARTESIAN_POINT('',(13.808509697884,2.619000571993,2.));
#2006 = B_SPLINE_CURVE_WITH_KNOTS('',2,(#2007,#2008,#2009),
  .UNSPECIFIED.,.F.,.F.,(3,3),(0.,1.),.PIECEWISE_BEZIER_KNOTS.);
#2007 = CARTESIAN_POINT('',(13.755886329364,2.408221101347,2.));
#2008 = CARTESIAN_POINT('',(13.808509697884,2.460844469866,2.));
#2009 = CARTESIAN_POINT('',(13.808509697884,2.619000571993,2.));
#2010 = ORIENTED_EDGE('',*,*,#2011,.T.);
#2011 = EDGE_CURVE('',#2004,#2012,#2014,.T.);
#2012 = VERTEX_POINT('',#2013);
#2013 = CARTESIAN_POINT('',(13.808509697884,2.961624460506,2.));
#2014 = LINE('',#2015,#2016);
#2015 = CARTESIAN_POINT('',(13.808509697884,2.619000571993,2.));
#2016 = VECTOR('',#2017,1.);
#2017 = DIRECTION('',(0.,1.,0.));
#2018 = ORIENTED_EDGE('',*,*,#2019,.T.);
#2019 = EDGE_CURVE('',#2012,#2020,#2022,.T.);
#2020 = VERTEX_POINT('',#2021);
#2021 = CARTESIAN_POINT('',(13.755886329364,3.176979876241,2.));
#2022 = B_SPLINE_CURVE_WITH_KNOTS('',2,(#2023,#2024,#2025),
  .UNSPECIFIED.,.F.,.F.,(3,3),(0.,1.),.PIECEWISE_BEZIER_KNOTS.);
#2023 = CARTESIAN_POINT('',(13.808509697884,2.961624460506,2.));
#2024 = CARTESIAN_POINT('',(13.808509697884,3.128646456243,2.));
#2025 = CARTESIAN_POINT('',(13.755886329364,3.176979876241,2.));
#2026 = ORIENTED_EDGE('',*,*,#2027,.T.);
#2027 = EDGE_CURVE('',#2020,#2028,#2030,.T.);
#2028 = VERTEX_POINT('',#2029);
#2029 = CARTESIAN_POINT('',(13.553972752327,3.22531329624,2.));
#2030 = B_SPLINE_CURVE_WITH_KNOTS('',2,(#2031,#2032,#2033),
  .UNSPECIFIED.,.F.,.F.,(3,3),(0.,1.),.PIECEWISE_BEZIER_KNOTS.);
#2031 = CARTESIAN_POINT('',(13.755886329364,3.176979876241,2.));
#2032 = CARTESIAN_POINT('',(13.703262960844,3.22531329624,2.));
#2033 = CARTESIAN_POINT('',(13.553972752327,3.22531329624,2.));
#2034 = ORIENTED_EDGE('',*,*,#2035,.T.);
#2035 = EDGE_CURVE('',#2028,#2036,#2038,.T.);
#2036 = VERTEX_POINT('',#2037);
#2037 = CARTESIAN_POINT('',(12.236100566793,3.22531329624,2.));
#2038 = LINE('',#2039,#2040);
#2039 = CARTESIAN_POINT('',(13.553972752327,3.22531329624,2.));
#2040 = VECTOR('',#2041,1.);
#2041 = DIRECTION('',(-1.,0.,0.));
#2042 = ORIENTED_EDGE('',*,*,#2043,.T.);
#2043 = EDGE_CURVE('',#2036,#2044,#2046,.T.);
#2044 = VERTEX_POINT('',#2045);
#2045 = CARTESIAN_POINT('',(12.029611044667,3.176979876241,2.));
#2046 = B_SPLINE_CURVE_WITH_KNOTS('',2,(#2047,#2048,#2049),
  .UNSPECIFIED.,.F.,.F.,(3,3),(0.,1.),.PIECEWISE_BEZIER_KNOTS.);
#2047 = CARTESIAN_POINT('',(12.236100566793,3.22531329624,2.));
#2048 = CARTESIAN_POINT('',(12.077944464666,3.22531329624,2.));
#2049 = CARTESIAN_POINT('',(12.029611044667,3.176979876241,2.));
#2050 = ORIENTED_EDGE('',*,*,#2051,.T.);
#2051 = EDGE_CURVE('',#2044,#2052,#2054,.T.);
#2052 = VERTEX_POINT('',#2053);
#2053 = CARTESIAN_POINT('',(11.981277624669,2.961624460506,2.));
#2054 = B_SPLINE_CURVE_WITH_KNOTS('',2,(#2055,#2056,#2057),
  .UNSPECIFIED.,.F.,.F.,(3,3),(0.,1.),.PIECEWISE_BEZIER_KNOTS.);
#2055 = CARTESIAN_POINT('',(12.029611044667,3.176979876241,2.));
#2056 = CARTESIAN_POINT('',(11.981277624669,3.128646456243,2.));
#2057 = CARTESIAN_POINT('',(11.981277624669,2.961624460506,2.));
#2058 = ORIENTED_EDGE('',*,*,#2059,.T.);
#2059 = EDGE_CURVE('',#2052,#2060,#2062,.T.);
#2060 = VERTEX_POINT('',#2061);
#2061 = CARTESIAN_POINT('',(11.981277624669,2.30268836774,2.));
#2062 = LINE('',#2063,#2064);
#2063 = CARTESIAN_POINT('',(11.981277624669,2.961624460506,2.));
#2064 = VECTOR('',#2065,1.);
#2065 = DIRECTION('',(0.,-1.,0.));
#2066 = ORIENTED_EDGE('',*,*,#2067,.T.);
#2067 = EDGE_CURVE('',#2060,#2068,#2070,.T.);
#2068 = VERTEX_POINT('',#2069);
#2069 = CARTESIAN_POINT('',(11.348653216161,2.30268836774,2.));
#2070 = LINE('',#2071,#2072);
#2071 = CARTESIAN_POINT('',(11.981277624669,2.30268836774,2.));
#2072 = VECTOR('',#2073,1.);
#2073 = DIRECTION('',(-1.,0.,0.));
#2074 = ORIENTED_EDGE('',*,*,#2075,.T.);
#2075 = EDGE_CURVE('',#2068,#2076,#2078,.T.);
#2076 = VERTEX_POINT('',#2077);
#2077 = CARTESIAN_POINT('',(11.348653216161,2.961624460506,2.));
#2078 = LINE('',#2079,#2080);
#2079 = CARTESIAN_POINT('',(11.348653216161,2.30268836774,2.));
#2080 = VECTOR('',#2081,1.);
#2081 = DIRECTION('',(0.,1.,0.));
#2082 = ORIENTED_EDGE('',*,*,#2083,.T.);
#2083 = EDGE_CURVE('',#2076,#2084,#2086,.T.);
#2084 = VERTEX_POINT('',#2085);
#2085 = CARTESIAN_POINT('',(11.296029847642,3.176979876241,2.));
#2086 = B_SPLINE_CURVE_WITH_KNOTS('',2,(#2087,#2088,#2089),
  .UNSPECIFIED.,.F.,.F.,(3,3),(0.,1.),.PIECEWISE_BEZIER_KNOTS.);
#2087 = CARTESIAN_POINT('',(11.348653216161,2.961624460506,2.));
#2088 = CARTESIAN_POINT('',(11.348653216161,3.128646456243,2.));
#2089 = CARTESIAN_POINT('',(11.296029847642,3.176979876241,2.));
#2090 = ORIENTED_EDGE('',*,*,#2091,.T.);
#2091 = EDGE_CURVE('',#2084,#2092,#2094,.T.);
#2092 = VERTEX_POINT('',#2093);
#2093 = CARTESIAN_POINT('',(11.093830274037,3.22531329624,2.));
#2094 = B_SPLINE_CURVE_WITH_KNOTS('',2,(#2095,#2096,#2097),
  .UNSPECIFIED.,.F.,.F.,(3,3),(0.,1.),.PIECEWISE_BEZIER_KNOTS.);
#2095 = CARTESIAN_POINT('',(11.296029847642,3.176979876241,2.));
#2096 = CARTESIAN_POINT('',(11.243120482554,3.22531329624,2.));
#2097 = CARTESIAN_POINT('',(11.093830274037,3.22531329624,2.));
#2098 = ORIENTED_EDGE('',*,*,#2099,.T.);
#2099 = EDGE_CURVE('',#2092,#2100,#2102,.T.);
#2100 = VERTEX_POINT('',#2101);
#2101 = CARTESIAN_POINT('',(9.846313244241,3.22531329624,2.));
#2102 = LINE('',#2103,#2104);
#2103 = CARTESIAN_POINT('',(11.093830274037,3.22531329624,2.));
#2104 = VECTOR('',#2105,1.);
#2105 = DIRECTION('',(-1.,0.,0.));
#2106 = ORIENTED_EDGE('',*,*,#2107,.T.);
#2107 = EDGE_CURVE('',#2100,#2108,#2110,.T.);
#2108 = VERTEX_POINT('',#2109);
#2109 = CARTESIAN_POINT('',(9.639823722115,3.176979876241,2.));
#2110 = B_SPLINE_CURVE_WITH_KNOTS('',2,(#2111,#2112,#2113),
  .UNSPECIFIED.,.F.,.F.,(3,3),(0.,1.),.PIECEWISE_BEZIER_KNOTS.);
#2111 = CARTESIAN_POINT('',(9.846313244241,3.22531329624,2.));
#2112 = CARTESIAN_POINT('',(9.688157142114,3.22531329624,2.));
#2113 = CARTESIAN_POINT('',(9.639823722115,3.176979876241,2.));
#2114 = ORIENTED_EDGE('',*,*,#2115,.T.);
#2115 = EDGE_CURVE('',#2108,#2116,#2118,.T.);
#2116 = VERTEX_POINT('',#2117);
#2117 = CARTESIAN_POINT('',(9.591490302116,2.961624460506,2.));
#2118 = B_SPLINE_CURVE_WITH_KNOTS('',2,(#2119,#2120,#2121),
  .UNSPECIFIED.,.F.,.F.,(3,3),(0.,1.),.PIECEWISE_BEZIER_KNOTS.);
#2119 = CARTESIAN_POINT('',(9.639823722115,3.176979876241,2.));
#2120 = CARTESIAN_POINT('',(9.591490302116,3.128646456243,2.));
#2121 = CARTESIAN_POINT('',(9.591490302116,2.961624460506,2.));
#2122 = ORIENTED_EDGE('',*,*,#2123,.T.);
#2123 = EDGE_CURVE('',#2116,#2124,#2126,.T.);
#2124 = VERTEX_POINT('',#2125);
#2125 = CARTESIAN_POINT('',(9.591490302116,2.619000571993,2.));
#2126 = LINE('',#2127,#2128);
#2127 = CARTESIAN_POINT('',(9.591490302116,2.961624460506,2.));
#2128 = VECTOR('',#2129,1.);
#2129 = DIRECTION('',(0.,-1.,0.));
#2130 = ORIENTED_EDGE('',*,*,#2131,.T.);
#2131 = EDGE_CURVE('',#2124,#2132,#2134,.T.);
#2132 = VERTEX_POINT('',#2133);
#2133 = CARTESIAN_POINT('',(9.639823722115,2.408221101347,2.));
#2134 = B_SPLINE_CURVE_WITH_KNOTS('',2,(#2135,#2136,#2137),
  .UNSPECIFIED.,.F.,.F.,(3,3),(0.,1.),.PIECEWISE_BEZIER_KNOTS.);
#2135 = CARTESIAN_POINT('',(9.591490302116,2.619000571993,2.));
#2136 = CARTESIAN_POINT('',(9.591490302116,2.460844469866,2.));
#2137 = CARTESIAN_POINT('',(9.639823722115,2.408221101347,2.));
#2138 = ORIENTED_EDGE('',*,*,#2139,.T.);
#2139 = EDGE_CURVE('',#2132,#2140,#2142,.T.);
#2140 = VERTEX_POINT('',#2141);
#2141 = CARTESIAN_POINT('',(9.846313244241,2.355597732827,2.));
#2142 = B_SPLINE_CURVE_WITH_KNOTS('',2,(#2143,#2144,#2145),
  .UNSPECIFIED.,.F.,.F.,(3,3),(0.,1.),.PIECEWISE_BEZIER_KNOTS.);
#2143 = CARTESIAN_POINT('',(9.639823722115,2.408221101347,2.));
#2144 = CARTESIAN_POINT('',(9.688157142114,2.355597732827,2.));
#2145 = CARTESIAN_POINT('',(9.846313244241,2.355597732827,2.));
#2146 = ORIENTED_EDGE('',*,*,#2147,.T.);
#2147 = EDGE_CURVE('',#2140,#1826,#2148,.T.);
#2148 = LINE('',#2149,#2150);
#2149 = CARTESIAN_POINT('',(9.846313244241,2.355597732827,2.));
#2150 = VECTOR('',#2151,1.);
#2151 = DIRECTION('',(1.,0.,0.));
#2152 = FACE_BOUND('',#2153,.T.);
#2153 = EDGE_LOOP('',(#2154,#2164,#2172,#2180,#2188,#2196,#2204,#2212,
    #2220,#2228,#2236,#2244,#2252,#2260,#2268,#2276,#2284,#2292,#2300,
    #2308,#2316,#2324,#2332,#2340,#2348,#2356));
#2154 = ORIENTED_EDGE('',*,*,#2155,.T.);
#2155 = EDGE_CURVE('',#2156,#2158,#2160,.T.);
#2156 = VERTEX_POINT('',#2157);
#2157 = CARTESIAN_POINT('',(-12.2527663668,4.679891841298,2.));
#2158 = VERTEX_POINT('',#2159);
#2159 = CARTESIAN_POINT('',(-12.2527663668,3.274218709375,2.));
#2160 = LINE('',#2161,#2162);
#2161 = CARTESIAN_POINT('',(-12.2527663668,4.679891841298,2.));
#2162 = VECTOR('',#2163,1.);
#2163 = DIRECTION('',(-2.2E-16,-1.,0.));
#2164 = ORIENTED_EDGE('',*,*,#2165,.T.);
#2165 = EDGE_CURVE('',#2158,#2166,#2168,.T.);
#2166 = VERTEX_POINT('',#2167);
#2167 = CARTESIAN_POINT('',(-14.95,3.274218709375,2.));
#2168 = LINE('',#2169,#2170);
#2169 = CARTESIAN_POINT('',(-12.2527663668,3.274218709375,2.));
#2170 = VECTOR('',#2171,1.);
#2171 = DIRECTION('',(-1.,0.,0.));
#2172 = ORIENTED_EDGE('',*,*,#2173,.T.);
#2173 = EDGE_CURVE('',#2166,#2174,#2176,.T.);
#2174 = VERTEX_POINT('',#2175);
#2175 = CARTESIAN_POINT('',(-14.95,5.725495294056,2.));
#2176 = LINE('',#2177,#2178);
#2177 = CARTESIAN_POINT('',(-14.95,3.274218709375,2.));
#2178 = VECTOR('',#2179,1.);
#2179 = DIRECTION('',(0.,1.,0.));
#2180 = ORIENTED_EDGE('',*,*,#2181,.T.);
#2181 = EDGE_CURVE('',#2174,#2182,#2184,.T.);
#2182 = VERTEX_POINT('',#2183);
#2183 = CARTESIAN_POINT('',(-14.30850969788,5.725495294056,2.));
#2184 = LINE('',#2185,#2186);
#2185 = CARTESIAN_POINT('',(-14.95,5.725495294056,2.));
#2186 = VECTOR('',#2187,1.);
#2187 = DIRECTION('',(1.,0.,0.));
#2188 = ORIENTED_EDGE('',*,*,#2189,.T.);
#2189 = EDGE_CURVE('',#2182,#2190,#2192,.T.);
#2190 = VERTEX_POINT('',#2191);
#2191 = CARTESIAN_POINT('',(-14.30850969788,4.064999220009,2.));
#2192 = LINE('',#2193,#2194);
#2193 = CARTESIAN_POINT('',(-14.30850969788,5.725495294056,2.));
#2194 = VECTOR('',#2195,1.);
#2195 = DIRECTION('',(0.,-1.,0.));
#2196 = ORIENTED_EDGE('',*,*,#2197,.T.);
#2197 = EDGE_CURVE('',#2190,#2198,#2200,.T.);
#2198 = VERTEX_POINT('',#2199);
#2199 = CARTESIAN_POINT('',(-12.88539077531,4.064999220009,2.));
#2200 = LINE('',#2201,#2202);
#2201 = CARTESIAN_POINT('',(-14.30850969788,4.064999220009,2.));
#2202 = VECTOR('',#2203,1.);
#2203 = DIRECTION('',(1.,0.,0.));
#2204 = ORIENTED_EDGE('',*,*,#2205,.T.);
#2205 = EDGE_CURVE('',#2198,#2206,#2208,.T.);
#2206 = VERTEX_POINT('',#2207);
#2207 = CARTESIAN_POINT('',(-12.88539077531,4.917268992772,2.));
#2208 = LINE('',#2209,#2210);
#2209 = CARTESIAN_POINT('',(-12.88539077531,3.757552909365,2.));
#2210 = VECTOR('',#2211,1.);
#2211 = DIRECTION('',(0.,1.,0.));
#2212 = ORIENTED_EDGE('',*,*,#2213,.T.);
#2213 = EDGE_CURVE('',#2206,#2214,#2216,.T.);
#2214 = VERTEX_POINT('',#2215);
#2215 = CARTESIAN_POINT('',(-12.68748115022,5.545317456191,2.));
#2216 = B_SPLINE_CURVE_WITH_KNOTS('',2,(#2217,#2218,#2219),
  .UNSPECIFIED.,.F.,.F.,(3,3),(0.,1.),.PIECEWISE_BEZIER_KNOTS.);
#2217 = CARTESIAN_POINT('',(-12.88539077531,4.917268992772,2.));
#2218 = CARTESIAN_POINT('',(-12.88539077531,5.347693827674,2.));
#2219 = CARTESIAN_POINT('',(-12.68748115022,5.545317456191,2.));
#2220 = ORIENTED_EDGE('',*,*,#2221,.T.);
#2221 = EDGE_CURVE('',#2214,#2222,#2224,.T.);
#2222 = VERTEX_POINT('',#2223);
#2223 = CARTESIAN_POINT('',(-12.11205605532,5.743227081275,2.));
#2224 = B_SPLINE_CURVE_WITH_KNOTS('',2,(#2225,#2226,#2227),
  .UNSPECIFIED.,.F.,.F.,(3,3),(0.,1.),.PIECEWISE_BEZIER_KNOTS.);
#2225 = CARTESIAN_POINT('',(-12.68748115022,5.545317456191,2.));
#2226 = CARTESIAN_POINT('',(-12.48985752171,5.743227081275,2.));
#2227 = CARTESIAN_POINT('',(-12.11205605532,5.743227081275,2.));
#2228 = ORIENTED_EDGE('',*,*,#2229,.T.);
#2229 = EDGE_CURVE('',#2222,#2230,#2232,.T.);
#2230 = VERTEX_POINT('',#2231);
#2231 = CARTESIAN_POINT('',(-10.22304872341,5.743227081275,2.));
#2232 = LINE('',#2233,#2234);
#2233 = CARTESIAN_POINT('',(-12.11205605532,5.743227081275,2.));
#2234 = VECTOR('',#2235,1.);
#2235 = DIRECTION('',(1.,0.,0.));
#2236 = ORIENTED_EDGE('',*,*,#2237,.T.);
#2237 = EDGE_CURVE('',#2230,#2238,#2240,.T.);
#2238 = VERTEX_POINT('',#2239);
#2239 = CARTESIAN_POINT('',(-9.647623628516,5.545317456191,2.));
#2240 = B_SPLINE_CURVE_WITH_KNOTS('',2,(#2241,#2242,#2243),
  .UNSPECIFIED.,.F.,.F.,(3,3),(0.,1.),.PIECEWISE_BEZIER_KNOTS.);
#2241 = CARTESIAN_POINT('',(-10.22304872341,5.743227081275,2.));
#2242 = CARTESIAN_POINT('',(-9.845247257033,5.743227081275,2.));
#2243 = CARTESIAN_POINT('',(-9.647623628516,5.545317456191,2.));
#2244 = ORIENTED_EDGE('',*,*,#2245,.T.);
#2245 = EDGE_CURVE('',#2238,#2246,#2248,.T.);
#2246 = VERTEX_POINT('',#2247);
#2247 = CARTESIAN_POINT('',(-9.45,4.917268992772,2.));
#2248 = B_SPLINE_CURVE_WITH_KNOTS('',2,(#2249,#2250,#2251),
  .UNSPECIFIED.,.F.,.F.,(3,3),(0.,1.),.PIECEWISE_BEZIER_KNOTS.);
#2249 = CARTESIAN_POINT('',(-9.647623628516,5.545317456191,2.));
#2250 = CARTESIAN_POINT('',(-9.45,5.347693827674,2.));
#2251 = CARTESIAN_POINT('',(-9.45,4.917268992772,2.));
#2252 = ORIENTED_EDGE('',*,*,#2253,.T.);
#2253 = EDGE_CURVE('',#2246,#2254,#2256,.T.);
#2254 = VERTEX_POINT('',#2255);
#2255 = CARTESIAN_POINT('',(-9.45,4.073865113619,2.));
#2256 = LINE('',#2257,#2258);
#2257 = CARTESIAN_POINT('',(-9.45,4.917268992772,2.));
#2258 = VECTOR('',#2259,1.);
#2259 = DIRECTION('',(0.,-1.,0.));
#2260 = ORIENTED_EDGE('',*,*,#2261,.T.);
#2261 = EDGE_CURVE('',#2254,#2262,#2264,.T.);
#2262 = VERTEX_POINT('',#2263);
#2263 = CARTESIAN_POINT('',(-9.647623628516,3.454396547241,2.));
#2264 = B_SPLINE_CURVE_WITH_KNOTS('',2,(#2265,#2266,#2267),
  .UNSPECIFIED.,.F.,.F.,(3,3),(0.,1.),.PIECEWISE_BEZIER_KNOTS.);
#2265 = CARTESIAN_POINT('',(-9.45,4.073865113619,2.));
#2266 = CARTESIAN_POINT('',(-9.45,3.652020175758,2.));
#2267 = CARTESIAN_POINT('',(-9.647623628516,3.454396547241,2.));
#2268 = ORIENTED_EDGE('',*,*,#2269,.T.);
#2269 = EDGE_CURVE('',#2262,#2270,#2272,.T.);
#2270 = VERTEX_POINT('',#2271);
#2271 = CARTESIAN_POINT('',(-10.22304872341,3.256772918725,2.));
#2272 = B_SPLINE_CURVE_WITH_KNOTS('',2,(#2273,#2274,#2275),
  .UNSPECIFIED.,.F.,.F.,(3,3),(0.,1.),.PIECEWISE_BEZIER_KNOTS.);
#2273 = CARTESIAN_POINT('',(-9.647623628516,3.454396547241,2.));
#2274 = CARTESIAN_POINT('',(-9.845247257033,3.256772918725,2.));
#2275 = CARTESIAN_POINT('',(-10.22304872341,3.256772918725,2.));
#2276 = ORIENTED_EDGE('',*,*,#2277,.T.);
#2277 = EDGE_CURVE('',#2270,#2278,#2280,.T.);
#2278 = VERTEX_POINT('',#2279);
#2279 = CARTESIAN_POINT('',(-11.19829702043,3.256772918725,2.));
#2280 = LINE('',#2281,#2282);
#2281 = CARTESIAN_POINT('',(-10.22304872341,3.256772918725,2.));
#2282 = VECTOR('',#2283,1.);
#2283 = DIRECTION('',(-1.,0.,0.));
#2284 = ORIENTED_EDGE('',*,*,#2285,.T.);
#2285 = EDGE_CURVE('',#2278,#2286,#2288,.T.);
#2286 = VERTEX_POINT('',#2287);
#2287 = CARTESIAN_POINT('',(-11.19829702043,4.0561333264,2.));
#2288 = LINE('',#2289,#2290);
#2289 = CARTESIAN_POINT('',(-11.19829702043,3.256772918725,2.));
#2290 = VECTOR('',#2291,1.);
#2291 = DIRECTION('',(0.,1.,0.));
#2292 = ORIENTED_EDGE('',*,*,#2293,.T.);
#2293 = EDGE_CURVE('',#2286,#2294,#2296,.T.);
#2294 = VERTEX_POINT('',#2295);
#2295 = CARTESIAN_POINT('',(-10.34602724767,4.0561333264,2.));
#2296 = LINE('',#2297,#2298);
#2297 = CARTESIAN_POINT('',(-11.19829702043,4.0561333264,2.));
#2298 = VECTOR('',#2299,1.);
#2299 = DIRECTION('',(1.,0.,0.));
#2300 = ORIENTED_EDGE('',*,*,#2301,.T.);
#2301 = EDGE_CURVE('',#2294,#2302,#2304,.T.);
#2302 = VERTEX_POINT('',#2303);
#2303 = CARTESIAN_POINT('',(-10.14411367063,4.10875669492,2.));
#2304 = B_SPLINE_CURVE_WITH_KNOTS('',2,(#2305,#2306,#2307),
  .UNSPECIFIED.,.F.,.F.,(3,3),(0.,1.),.PIECEWISE_BEZIER_KNOTS.);
#2305 = CARTESIAN_POINT('',(-10.34602724767,4.0561333264,2.));
#2306 = CARTESIAN_POINT('',(-10.19673703915,4.0561333264,2.));
#2307 = CARTESIAN_POINT('',(-10.14411367063,4.10875669492,2.));
#2308 = ORIENTED_EDGE('',*,*,#2309,.T.);
#2309 = EDGE_CURVE('',#2302,#2310,#2312,.T.);
#2310 = VERTEX_POINT('',#2311);
#2311 = CARTESIAN_POINT('',(-10.09149030211,4.319822162134,2.));
#2312 = B_SPLINE_CURVE_WITH_KNOTS('',2,(#2313,#2314,#2315),
  .UNSPECIFIED.,.F.,.F.,(3,3),(0.,1.),.PIECEWISE_BEZIER_KNOTS.);
#2313 = CARTESIAN_POINT('',(-10.14411367063,4.10875669492,2.));
#2314 = CARTESIAN_POINT('',(-10.09149030211,4.161666060007,2.));
#2315 = CARTESIAN_POINT('',(-10.09149030211,4.319822162134,2.));
#2316 = ORIENTED_EDGE('',*,*,#2317,.T.);
#2317 = EDGE_CURVE('',#2310,#2318,#2320,.T.);
#2318 = VERTEX_POINT('',#2319);
#2319 = CARTESIAN_POINT('',(-10.09149030211,4.679891841298,2.));
#2320 = LINE('',#2321,#2322);
#2321 = CARTESIAN_POINT('',(-10.09149030211,4.319822162134,2.));
#2322 = VECTOR('',#2323,1.);
#2323 = DIRECTION('',(0.,1.,0.));
#2324 = ORIENTED_EDGE('',*,*,#2325,.T.);
#2325 = EDGE_CURVE('',#2318,#2326,#2328,.T.);
#2326 = VERTEX_POINT('',#2327);
#2327 = CARTESIAN_POINT('',(-10.14411367063,4.895247257033,2.));
#2328 = B_SPLINE_CURVE_WITH_KNOTS('',2,(#2329,#2330,#2331),
  .UNSPECIFIED.,.F.,.F.,(3,3),(0.,1.),.PIECEWISE_BEZIER_KNOTS.);
#2329 = CARTESIAN_POINT('',(-10.09149030211,4.679891841298,2.));
#2330 = CARTESIAN_POINT('',(-10.09149030211,4.846913837034,2.));
#2331 = CARTESIAN_POINT('',(-10.14411367063,4.895247257033,2.));
#2332 = ORIENTED_EDGE('',*,*,#2333,.T.);
#2333 = EDGE_CURVE('',#2326,#2334,#2336,.T.);
#2334 = VERTEX_POINT('',#2335);
#2335 = CARTESIAN_POINT('',(-10.34602724767,4.943580677032,2.));
#2336 = B_SPLINE_CURVE_WITH_KNOTS('',2,(#2337,#2338,#2339),
  .UNSPECIFIED.,.F.,.F.,(3,3),(0.,1.),.PIECEWISE_BEZIER_KNOTS.);
#2337 = CARTESIAN_POINT('',(-10.14411367063,4.895247257033,2.));
#2338 = CARTESIAN_POINT('',(-10.19673703915,4.943580677032,2.));
#2339 = CARTESIAN_POINT('',(-10.34602724767,4.943580677032,2.));
#2340 = ORIENTED_EDGE('',*,*,#2341,.T.);
#2341 = EDGE_CURVE('',#2334,#2342,#2344,.T.);
#2342 = VERTEX_POINT('',#2343);
#2343 = CARTESIAN_POINT('',(-11.98907753107,4.943580677032,2.));
#2344 = LINE('',#2345,#2346);
#2345 = CARTESIAN_POINT('',(-10.34602724767,4.943580677032,2.));
#2346 = VECTOR('',#2347,1.);
#2347 = DIRECTION('',(-1.,0.,0.));
#2348 = ORIENTED_EDGE('',*,*,#2349,.T.);
#2349 = EDGE_CURVE('',#2342,#2350,#2352,.T.);
#2350 = VERTEX_POINT('',#2351);
#2351 = CARTESIAN_POINT('',(-12.2044329468,4.895247257033,2.));
#2352 = B_SPLINE_CURVE_WITH_KNOTS('',2,(#2353,#2354,#2355),
  .UNSPECIFIED.,.F.,.F.,(3,3),(0.,1.),.PIECEWISE_BEZIER_KNOTS.);
#2353 = CARTESIAN_POINT('',(-11.98907753107,4.943580677032,2.));
#2354 = CARTESIAN_POINT('',(-12.1560995268,4.943580677032,2.));
#2355 = CARTESIAN_POINT('',(-12.2044329468,4.895247257033,2.));
#2356 = ORIENTED_EDGE('',*,*,#2357,.T.);
#2357 = EDGE_CURVE('',#2350,#2156,#2358,.T.);
#2358 = B_SPLINE_CURVE_WITH_KNOTS('',2,(#2359,#2360,#2361),
  .UNSPECIFIED.,.F.,.F.,(3,3),(0.,1.),.PIECEWISE_BEZIER_KNOTS.);
#2359 = CARTESIAN_POINT('',(-12.2044329468,4.895247257033,2.));
#2360 = CARTESIAN_POINT('',(-12.2527663668,4.846913837034,2.));
#2361 = CARTESIAN_POINT('',(-12.2527663668,4.679891841298,2.));
#2362 = FACE_BOUND('',#2363,.T.);
#2363 = EDGE_LOOP('',(#2364,#2374,#2382,#2390,#2398,#2406,#2414,#2422,
    #2430,#2438,#2446,#2454));
#2364 = ORIENTED_EDGE('',*,*,#2365,.T.);
#2365 = EDGE_CURVE('',#2366,#2368,#2370,.T.);
#2366 = VERTEX_POINT('',#2367);
#2367 = CARTESIAN_POINT('',(0.276951276585,6.667567939184,2.));
#2368 = VERTEX_POINT('',#2369);
#2369 = CARTESIAN_POINT('',(0.852376371484,6.469944310668,2.));
#2370 = B_SPLINE_CURVE_WITH_KNOTS('',2,(#2371,#2372,#2373),
  .UNSPECIFIED.,.F.,.F.,(3,3),(0.,1.),.PIECEWISE_BEZIER_KNOTS.);
#2371 = CARTESIAN_POINT('',(0.276951276585,6.667567939184,2.));
#2372 = CARTESIAN_POINT('',(0.654752742967,6.667567939184,2.));
#2373 = CARTESIAN_POINT('',(0.852376371484,6.469944310668,2.));
#2374 = ORIENTED_EDGE('',*,*,#2375,.T.);
#2375 = EDGE_CURVE('',#2368,#2376,#2378,.T.);
#2376 = VERTEX_POINT('',#2377);
#2377 = CARTESIAN_POINT('',(1.05,5.85047574429,2.));
#2378 = B_SPLINE_CURVE_WITH_KNOTS('',2,(#2379,#2380,#2381),
  .UNSPECIFIED.,.F.,.F.,(3,3),(0.,1.),.PIECEWISE_BEZIER_KNOTS.);
#2379 = CARTESIAN_POINT('',(0.852376371484,6.469944310668,2.));
#2380 = CARTESIAN_POINT('',(1.05,6.272320682151,2.));
#2381 = CARTESIAN_POINT('',(1.05,5.85047574429,2.));
#2382 = ORIENTED_EDGE('',*,*,#2383,.T.);
#2383 = EDGE_CURVE('',#2376,#2384,#2386,.T.);
#2384 = VERTEX_POINT('',#2385);
#2385 = CARTESIAN_POINT('',(1.05,4.892959234489,2.));
#2386 = LINE('',#2387,#2388);
#2387 = CARTESIAN_POINT('',(1.05,5.85047574429,2.));
#2388 = VECTOR('',#2389,1.);
#2389 = DIRECTION('',(0.,-1.,0.));
#2390 = ORIENTED_EDGE('',*,*,#2391,.T.);
#2391 = EDGE_CURVE('',#2384,#2392,#2394,.T.);
#2392 = VERTEX_POINT('',#2393);
#2393 = CARTESIAN_POINT('',(0.852376371484,4.264624774502,2.));
#2394 = B_SPLINE_CURVE_WITH_KNOTS('',2,(#2395,#2396,#2397),
  .UNSPECIFIED.,.F.,.F.,(3,3),(0.,1.),.PIECEWISE_BEZIER_KNOTS.);
#2395 = CARTESIAN_POINT('',(1.05,4.892959234489,2.));
#2396 = CARTESIAN_POINT('',(1.05,4.462248403019,2.));
#2397 = CARTESIAN_POINT('',(0.852376371484,4.264624774502,2.));
#2398 = ORIENTED_EDGE('',*,*,#2399,.T.);
#2399 = EDGE_CURVE('',#2392,#2400,#2402,.T.);
#2400 = VERTEX_POINT('',#2401);
#2401 = CARTESIAN_POINT('',(0.276951276585,4.067001145986,2.));
#2402 = B_SPLINE_CURVE_WITH_KNOTS('',2,(#2403,#2404,#2405),
  .UNSPECIFIED.,.F.,.F.,(3,3),(0.,1.),.PIECEWISE_BEZIER_KNOTS.);
#2403 = CARTESIAN_POINT('',(0.852376371484,4.264624774502,2.));
#2404 = CARTESIAN_POINT('',(0.654752742967,4.067001145986,2.));
#2405 = CARTESIAN_POINT('',(0.276951276585,4.067001145986,2.));
#2406 = ORIENTED_EDGE('',*,*,#2407,.T.);
#2407 = EDGE_CURVE('',#2400,#2408,#2410,.T.);
#2408 = VERTEX_POINT('',#2409);
#2409 = CARTESIAN_POINT('',(-3.676665280017,4.067001145986,2.));
#2410 = LINE('',#2411,#2412);
#2411 = CARTESIAN_POINT('',(0.276951276585,4.067001145986,2.));
#2412 = VECTOR('',#2413,1.);
#2413 = DIRECTION('',(-1.,0.,0.));
#2414 = ORIENTED_EDGE('',*,*,#2415,.T.);
#2415 = EDGE_CURVE('',#2408,#2416,#2418,.T.);
#2416 = VERTEX_POINT('',#2417);
#2417 = CARTESIAN_POINT('',(-4.252090374916,4.264624774502,2.));
#2418 = B_SPLINE_CURVE_WITH_KNOTS('',2,(#2419,#2420,#2421),
  .UNSPECIFIED.,.F.,.F.,(3,3),(0.,1.),.PIECEWISE_BEZIER_KNOTS.);
#2419 = CARTESIAN_POINT('',(-3.676665280017,4.067001145986,2.));
#2420 = CARTESIAN_POINT('',(-4.054466746399,4.067001145986,2.));
#2421 = CARTESIAN_POINT('',(-4.252090374916,4.264624774502,2.));
#2422 = ORIENTED_EDGE('',*,*,#2423,.T.);
#2423 = EDGE_CURVE('',#2416,#2424,#2426,.T.);
#2424 = VERTEX_POINT('',#2425);
#2425 = CARTESIAN_POINT('',(-4.45,4.892959234489,2.));
#2426 = B_SPLINE_CURVE_WITH_KNOTS('',2,(#2427,#2428,#2429),
  .UNSPECIFIED.,.F.,.F.,(3,3),(0.,1.),.PIECEWISE_BEZIER_KNOTS.);
#2427 = CARTESIAN_POINT('',(-4.252090374916,4.264624774502,2.));
#2428 = CARTESIAN_POINT('',(-4.45,4.462248403019,2.));
#2429 = CARTESIAN_POINT('',(-4.45,4.892959234489,2.));
#2430 = ORIENTED_EDGE('',*,*,#2431,.T.);
#2431 = EDGE_CURVE('',#2424,#2432,#2434,.T.);
#2432 = VERTEX_POINT('',#2433);
#2433 = CARTESIAN_POINT('',(-4.45,5.85047574429,2.));
#2434 = LINE('',#2435,#2436);
#2435 = CARTESIAN_POINT('',(-4.45,4.892959234489,2.));
#2436 = VECTOR('',#2437,1.);
#2437 = DIRECTION('',(0.,1.,0.));
#2438 = ORIENTED_EDGE('',*,*,#2439,.T.);
#2439 = EDGE_CURVE('',#2432,#2440,#2442,.T.);
#2440 = VERTEX_POINT('',#2441);
#2441 = CARTESIAN_POINT('',(-4.252090374916,6.469944310668,2.));
#2442 = B_SPLINE_CURVE_WITH_KNOTS('',2,(#2443,#2444,#2445),
  .UNSPECIFIED.,.F.,.F.,(3,3),(0.,1.),.PIECEWISE_BEZIER_KNOTS.);
#2443 = CARTESIAN_POINT('',(-4.45,5.85047574429,2.));
#2444 = CARTESIAN_POINT('',(-4.45,6.272320682151,2.));
#2445 = CARTESIAN_POINT('',(-4.252090374916,6.469944310668,2.));
#2446 = ORIENTED_EDGE('',*,*,#2447,.T.);
#2447 = EDGE_CURVE('',#2440,#2448,#2450,.T.);
#2448 = VERTEX_POINT('',#2449);
#2449 = CARTESIAN_POINT('',(-3.676665280017,6.667567939184,2.));
#2450 = B_SPLINE_CURVE_WITH_KNOTS('',2,(#2451,#2452,#2453),
  .UNSPECIFIED.,.F.,.F.,(3,3),(0.,1.),.PIECEWISE_BEZIER_KNOTS.);
#2451 = CARTESIAN_POINT('',(-4.252090374916,6.469944310668,2.));
#2452 = CARTESIAN_POINT('',(-4.054466746399,6.667567939184,2.));
#2453 = CARTESIAN_POINT('',(-3.676665280017,6.667567939184,2.));
#2454 = ORIENTED_EDGE('',*,*,#2455,.T.);
#2455 = EDGE_CURVE('',#2448,#2366,#2456,.T.);
#2456 = LINE('',#2457,#2458);
#2457 = CARTESIAN_POINT('',(-3.676665280017,6.667567939184,2.));
#2458 = VECTOR('',#2459,1.);
#2459 = DIRECTION('',(1.,0.,0.));
#2460 = FACE_BOUND('',#2461,.T.);
#2461 = EDGE_LOOP('',(#2462,#2472,#2480,#2488,#2496,#2504,#2512,#2520,
    #2528,#2536,#2544,#2552));
#2462 = ORIENTED_EDGE('',*,*,#2463,.T.);
#2463 = EDGE_CURVE('',#2464,#2466,#2468,.T.);
#2464 = VERTEX_POINT('',#2465);
#2465 = CARTESIAN_POINT('',(13.676951276585,7.435182777807,2.));
#2466 = VERTEX_POINT('',#2467);
#2467 = CARTESIAN_POINT('',(14.252376371484,7.23755914929,2.));
#2468 = B_SPLINE_CURVE_WITH_KNOTS('',2,(#2469,#2470,#2471),
  .UNSPECIFIED.,.F.,.F.,(3,3),(0.,1.),.PIECEWISE_BEZIER_KNOTS.);
#2469 = CARTESIAN_POINT('',(13.676951276585,7.435182777807,2.));
#2470 = CARTESIAN_POINT('',(14.054752742967,7.435182777807,2.));
#2471 = CARTESIAN_POINT('',(14.252376371484,7.23755914929,2.));
#2472 = ORIENTED_EDGE('',*,*,#2473,.T.);
#2473 = EDGE_CURVE('',#2466,#2474,#2476,.T.);
#2474 = VERTEX_POINT('',#2475);
#2475 = CARTESIAN_POINT('',(14.45,6.618090582913,2.));
#2476 = B_SPLINE_CURVE_WITH_KNOTS('',2,(#2477,#2478,#2479),
  .UNSPECIFIED.,.F.,.F.,(3,3),(0.,1.),.PIECEWISE_BEZIER_KNOTS.);
#2477 = CARTESIAN_POINT('',(14.252376371484,7.23755914929,2.));
#2478 = CARTESIAN_POINT('',(14.45,7.039935520774,2.));
#2479 = CARTESIAN_POINT('',(14.45,6.618090582913,2.));
#2480 = ORIENTED_EDGE('',*,*,#2481,.T.);
#2481 = EDGE_CURVE('',#2474,#2482,#2484,.T.);
#2482 = VERTEX_POINT('',#2483);
#2483 = CARTESIAN_POINT('',(14.45,5.660574073111,2.));
#2484 = LINE('',#2485,#2486);
#2485 = CARTESIAN_POINT('',(14.45,6.618090582913,2.));
#2486 = VECTOR('',#2487,1.);
#2487 = DIRECTION('',(0.,-1.,0.));
#2488 = ORIENTED_EDGE('',*,*,#2489,.T.);
#2489 = EDGE_CURVE('',#2482,#2490,#2492,.T.);
#2490 = VERTEX_POINT('',#2491);
#2491 = CARTESIAN_POINT('',(14.252376371484,5.032239613125,2.));
#2492 = B_SPLINE_CURVE_WITH_KNOTS('',2,(#2493,#2494,#2495),
  .UNSPECIFIED.,.F.,.F.,(3,3),(0.,1.),.PIECEWISE_BEZIER_KNOTS.);
#2493 = CARTESIAN_POINT('',(14.45,5.660574073111,2.));
#2494 = CARTESIAN_POINT('',(14.45,5.229863241641,2.));
#2495 = CARTESIAN_POINT('',(14.252376371484,5.032239613125,2.));
#2496 = ORIENTED_EDGE('',*,*,#2497,.T.);
#2497 = EDGE_CURVE('',#2490,#2498,#2500,.T.);
#2498 = VERTEX_POINT('',#2499);
#2499 = CARTESIAN_POINT('',(13.676951276585,4.834615984608,2.));
#2500 = B_SPLINE_CURVE_WITH_KNOTS('',2,(#2501,#2502,#2503),
  .UNSPECIFIED.,.F.,.F.,(3,3),(0.,1.),.PIECEWISE_BEZIER_KNOTS.);
#2501 = CARTESIAN_POINT('',(14.252376371484,5.032239613125,2.));
#2502 = CARTESIAN_POINT('',(14.054752742967,4.834615984608,2.));
#2503 = CARTESIAN_POINT('',(13.676951276585,4.834615984608,2.));
#2504 = ORIENTED_EDGE('',*,*,#2505,.T.);
#2505 = EDGE_CURVE('',#2498,#2506,#2508,.T.);
#2506 = VERTEX_POINT('',#2507);
#2507 = CARTESIAN_POINT('',(9.723334719983,4.834615984608,2.));
#2508 = LINE('',#2509,#2510);
#2509 = CARTESIAN_POINT('',(13.676951276585,4.834615984608,2.));
#2510 = VECTOR('',#2511,1.);
#2511 = DIRECTION('',(-1.,0.,0.));
#2512 = ORIENTED_EDGE('',*,*,#2513,.T.);
#2513 = EDGE_CURVE('',#2506,#2514,#2516,.T.);
#2514 = VERTEX_POINT('',#2515);
#2515 = CARTESIAN_POINT('',(9.147909625084,5.032239613125,2.));
#2516 = B_SPLINE_CURVE_WITH_KNOTS('',2,(#2517,#2518,#2519),
  .UNSPECIFIED.,.F.,.F.,(3,3),(0.,1.),.PIECEWISE_BEZIER_KNOTS.);
#2517 = CARTESIAN_POINT('',(9.723334719983,4.834615984608,2.));
#2518 = CARTESIAN_POINT('',(9.345533253601,4.834615984608,2.));
#2519 = CARTESIAN_POINT('',(9.147909625084,5.032239613125,2.));
#2520 = ORIENTED_EDGE('',*,*,#2521,.T.);
#2521 = EDGE_CURVE('',#2514,#2522,#2524,.T.);
#2522 = VERTEX_POINT('',#2523);
#2523 = CARTESIAN_POINT('',(8.95,5.660574073111,2.));
#2524 = B_SPLINE_CURVE_WITH_KNOTS('',2,(#2525,#2526,#2527),
  .UNSPECIFIED.,.F.,.F.,(3,3),(0.,1.),.PIECEWISE_BEZIER_KNOTS.);
#2525 = CARTESIAN_POINT('',(9.147909625084,5.032239613125,2.));
#2526 = CARTESIAN_POINT('',(8.95,5.229863241641,2.));
#2527 = CARTESIAN_POINT('',(8.95,5.660574073111,2.));
#2528 = ORIENTED_EDGE('',*,*,#2529,.T.);
#2529 = EDGE_CURVE('',#2522,#2530,#2532,.T.);
#2530 = VERTEX_POINT('',#2531);
#2531 = CARTESIAN_POINT('',(8.95,6.618090582913,2.));
#2532 = LINE('',#2533,#2534);
#2533 = CARTESIAN_POINT('',(8.95,5.660574073111,2.));
#2534 = VECTOR('',#2535,1.);
#2535 = DIRECTION('',(0.,1.,0.));
#2536 = ORIENTED_EDGE('',*,*,#2537,.T.);
#2537 = EDGE_CURVE('',#2530,#2538,#2540,.T.);
#2538 = VERTEX_POINT('',#2539);
#2539 = CARTESIAN_POINT('',(9.147909625084,7.23755914929,2.));
#2540 = B_SPLINE_CURVE_WITH_KNOTS('',2,(#2541,#2542,#2543),
  .UNSPECIFIED.,.F.,.F.,(3,3),(0.,1.),.PIECEWISE_BEZIER_KNOTS.);
#2541 = CARTESIAN_POINT('',(8.95,6.618090582913,2.));
#2542 = CARTESIAN_POINT('',(8.95,7.039935520774,2.));
#2543 = CARTESIAN_POINT('',(9.147909625084,7.23755914929,2.));
#2544 = ORIENTED_EDGE('',*,*,#2545,.T.);
#2545 = EDGE_CURVE('',#2538,#2546,#2548,.T.);
#2546 = VERTEX_POINT('',#2547);
#2547 = CARTESIAN_POINT('',(9.723334719983,7.435182777807,2.));
#2548 = B_SPLINE_CURVE_WITH_KNOTS('',2,(#2549,#2550,#2551),
  .UNSPECIFIED.,.F.,.F.,(3,3),(0.,1.),.PIECEWISE_BEZIER_KNOTS.);
#2549 = CARTESIAN_POINT('',(9.147909625084,7.23755914929,2.));
#2550 = CARTESIAN_POINT('',(9.345533253601,7.435182777807,2.));
#2551 = CARTESIAN_POINT('',(9.723334719983,7.435182777807,2.));
#2552 = ORIENTED_EDGE('',*,*,#2553,.T.);
#2553 = EDGE_CURVE('',#2546,#2464,#2554,.T.);
#2554 = LINE('',#2555,#2556);
#2555 = CARTESIAN_POINT('',(9.723334719983,7.435182777807,2.));
#2556 = VECTOR('',#2557,1.);
#2557 = DIRECTION('',(1.,0.,0.));
#2558 = FACE_BOUND('',#2559,.T.);
#2559 = EDGE_LOOP('',(#2560,#2570,#2578,#2586,#2594,#2602,#2610,#2618,
    #2626,#2634,#2642,#2650,#2658,#2666,#2674,#2682,#2690,#2698,#2706,
    #2714,#2722,#2730,#2738,#2746,#2754,#2762,#2770,#2778,#2786,#2794,
    #2802));
#2560 = ORIENTED_EDGE('',*,*,#2561,.T.);
#2561 = EDGE_CURVE('',#2562,#2564,#2566,.T.);
#2562 = VERTEX_POINT('',#2563);
#2563 = CARTESIAN_POINT('',(20.15,0.369078571057,2.));
#2564 = VERTEX_POINT('',#2565);
#2565 = CARTESIAN_POINT('',(15.862625448495,0.369078571057,2.));
#2566 = LINE('',#2567,#2568);
#2567 = CARTESIAN_POINT('',(20.15,0.369078571057,2.));
#2568 = VECTOR('',#2569,1.);
#2569 = DIRECTION('',(-1.,0.,0.));
#2570 = ORIENTED_EDGE('',*,*,#2571,.T.);
#2571 = EDGE_CURVE('',#2564,#2572,#2574,.T.);
#2572 = VERTEX_POINT('',#2573);
#2573 = CARTESIAN_POINT('',(15.862625448495,1.159573085123,2.));
#2574 = LINE('',#2575,#2576);
#2575 = CARTESIAN_POINT('',(15.862625448495,0.369078571057,2.));
#2576 = VECTOR('',#2577,1.);
#2577 = DIRECTION('',(0.,1.,0.));
#2578 = ORIENTED_EDGE('',*,*,#2579,.T.);
#2579 = EDGE_CURVE('',#2572,#2580,#2582,.T.);
#2580 = VERTEX_POINT('',#2581);
#2581 = CARTESIAN_POINT('',(16.201734267559,1.159573085123,2.));
#2582 = LINE('',#2583,#2584);
#2583 = CARTESIAN_POINT('',(15.862625448495,1.159573085123,2.));
#2584 = VECTOR('',#2585,1.);
#2585 = DIRECTION('',(1.,0.,0.));
#2586 = ORIENTED_EDGE('',*,*,#2587,.T.);
#2587 = EDGE_CURVE('',#2580,#2588,#2590,.T.);
#2588 = VERTEX_POINT('',#2589);
#2589 = CARTESIAN_POINT('',(16.003335759971,1.282837605949,2.));
#2590 = B_SPLINE_CURVE_WITH_KNOTS('',2,(#2591,#2592,#2593),
  .UNSPECIFIED.,.F.,.F.,(3,3),(0.,1.),.PIECEWISE_BEZIER_KNOTS.);
#2591 = CARTESIAN_POINT('',(16.460072279133,1.124681503822,2.));
#2592 = CARTESIAN_POINT('',(16.143760074879,1.124681503822,2.));
#2593 = CARTESIAN_POINT('',(16.003335759971,1.282837605949,2.));
#2594 = ORIENTED_EDGE('',*,*,#2595,.T.);
#2595 = EDGE_CURVE('',#2588,#2596,#2598,.T.);
#2596 = VERTEX_POINT('',#2597);
#2597 = CARTESIAN_POINT('',(15.862625448495,1.704396547241,2.));
#2598 = B_SPLINE_CURVE_WITH_KNOTS('',2,(#2599,#2600,#2601),
  .UNSPECIFIED.,.F.,.F.,(3,3),(0.,1.),.PIECEWISE_BEZIER_KNOTS.);
#2599 = CARTESIAN_POINT('',(16.003335759971,1.282837605949,2.));
#2600 = CARTESIAN_POINT('',(15.862625448495,1.440993708076,2.));
#2601 = CARTESIAN_POINT('',(15.862625448495,1.704396547241,2.));
#2602 = ORIENTED_EDGE('',*,*,#2603,.T.);
#2603 = EDGE_CURVE('',#2596,#2604,#2606,.T.);
#2604 = VERTEX_POINT('',#2605);
#2605 = CARTESIAN_POINT('',(15.862625448495,2.020708751495,2.));
#2606 = LINE('',#2607,#2608);
#2607 = CARTESIAN_POINT('',(15.862625448495,1.704396547241,2.));
#2608 = VECTOR('',#2609,1.);
#2609 = DIRECTION('',(0.,1.,0.));
#2610 = ORIENTED_EDGE('',*,*,#2611,.T.);
#2611 = EDGE_CURVE('',#2604,#2612,#2614,.T.);
#2612 = VERTEX_POINT('',#2613);
#2613 = CARTESIAN_POINT('',(16.060249077011,2.618155582133,2.));
#2614 = B_SPLINE_CURVE_WITH_KNOTS('',2,(#2615,#2616,#2617),
  .UNSPECIFIED.,.F.,.F.,(3,3),(0.,1.),.PIECEWISE_BEZIER_KNOTS.);
#2615 = CARTESIAN_POINT('',(15.862625448495,2.020708751495,2.));
#2616 = CARTESIAN_POINT('',(15.862625448495,2.424821902137,2.));
#2617 = CARTESIAN_POINT('',(16.060249077011,2.618155582133,2.));
#2618 = ORIENTED_EDGE('',*,*,#2619,.T.);
#2619 = EDGE_CURVE('',#2612,#2620,#2622,.T.);
#2620 = VERTEX_POINT('',#2621);
#2621 = CARTESIAN_POINT('',(16.253711698025,2.74403753023,2.));
#2622 = B_SPLINE_CURVE_WITH_KNOTS('',2,(#2623,#2624,#2625),
  .UNSPECIFIED.,.F.,.F.,(3,3),(0.,1.),.PIECEWISE_BEZIER_KNOTS.);
#2623 = CARTESIAN_POINT('',(16.060249077011,2.618155582133,2.));
#2624 = CARTESIAN_POINT('',(16.257872705528,2.811489262129,2.));
#2625 = CARTESIAN_POINT('',(16.644540065519,2.811489262129,2.));
#2626 = ORIENTED_EDGE('',*,*,#2627,.T.);
#2627 = EDGE_CURVE('',#2620,#2628,#2630,.T.);
#2628 = VERTEX_POINT('',#2629);
#2629 = CARTESIAN_POINT('',(16.007625708491,2.894714263429,2.));
#2630 = B_SPLINE_CURVE_WITH_KNOTS('',2,(#2631,#2632,#2633),
  .UNSPECIFIED.,.F.,.F.,(3,3),(0.,1.),.PIECEWISE_BEZIER_KNOTS.);
#2631 = CARTESIAN_POINT('',(16.468652176174,2.72368831574,2.));
#2632 = CARTESIAN_POINT('',(16.15233997192,2.714822422131,2.));
#2633 = CARTESIAN_POINT('',(16.007625708491,2.894714263429,2.));
#2634 = ORIENTED_EDGE('',*,*,#2635,.T.);
#2635 = EDGE_CURVE('',#2628,#2636,#2638,.T.);
#2636 = VERTEX_POINT('',#2637);
#2637 = CARTESIAN_POINT('',(15.862625448495,3.356026727679,2.));
#2638 = B_SPLINE_CURVE_WITH_KNOTS('',2,(#2639,#2640,#2641),
  .UNSPECIFIED.,.F.,.F.,(3,3),(0.,1.),.PIECEWISE_BEZIER_KNOTS.);
#2639 = CARTESIAN_POINT('',(16.007625708491,2.894714263429,2.));
#2640 = CARTESIAN_POINT('',(15.862625448495,3.074892101295,2.));
#2641 = CARTESIAN_POINT('',(15.862625448495,3.356026727679,2.));
#2642 = ORIENTED_EDGE('',*,*,#2643,.T.);
#2643 = EDGE_CURVE('',#2636,#2644,#2646,.T.);
#2644 = VERTEX_POINT('',#2645);
#2645 = CARTESIAN_POINT('',(15.862625448495,3.663759034892,2.));
#2646 = LINE('',#2647,#2648);
#2647 = CARTESIAN_POINT('',(15.862625448495,3.356026727679,2.));
#2648 = VECTOR('',#2649,1.);
#2649 = DIRECTION('',(0.,1.,0.));
#2650 = ORIENTED_EDGE('',*,*,#2651,.T.);
#2651 = EDGE_CURVE('',#2644,#2652,#2654,.T.);
#2652 = VERTEX_POINT('',#2653);
#2653 = CARTESIAN_POINT('',(16.060249077011,4.269785762571,2.));
#2654 = B_SPLINE_CURVE_WITH_KNOTS('',2,(#2655,#2656,#2657),
  .UNSPECIFIED.,.F.,.F.,(3,3),(0.,1.),.PIECEWISE_BEZIER_KNOTS.);
#2655 = CARTESIAN_POINT('',(15.862625448495,3.663759034892,2.));
#2656 = CARTESIAN_POINT('',(15.862625448495,4.076738079143,2.));
#2657 = CARTESIAN_POINT('',(16.060249077011,4.269785762571,2.));
#2658 = ORIENTED_EDGE('',*,*,#2659,.T.);
#2659 = EDGE_CURVE('',#2652,#2660,#2662,.T.);
#2660 = VERTEX_POINT('',#2661);
#2661 = CARTESIAN_POINT('',(16.644540065519,4.463119442567,2.));
#2662 = B_SPLINE_CURVE_WITH_KNOTS('',2,(#2663,#2664,#2665),
  .UNSPECIFIED.,.F.,.F.,(3,3),(0.,1.),.PIECEWISE_BEZIER_KNOTS.);
#2663 = CARTESIAN_POINT('',(16.060249077011,4.269785762571,2.));
#2664 = CARTESIAN_POINT('',(16.257872705528,4.463119442567,2.));
#2665 = CARTESIAN_POINT('',(16.644540065519,4.463119442567,2.));
#2666 = ORIENTED_EDGE('',*,*,#2667,.T.);
#2667 = EDGE_CURVE('',#2660,#2668,#2670,.T.);
#2668 = VERTEX_POINT('',#2669);
#2669 = CARTESIAN_POINT('',(20.15,4.463119442567,2.));
#2670 = LINE('',#2671,#2672);
#2671 = CARTESIAN_POINT('',(16.644540065519,4.463119442567,2.));
#2672 = VECTOR('',#2673,1.);
#2673 = DIRECTION('',(1.,0.,0.));
#2674 = ORIENTED_EDGE('',*,*,#2675,.T.);
#2675 = EDGE_CURVE('',#2668,#2676,#2678,.T.);
#2676 = VERTEX_POINT('',#2677);
#2677 = CARTESIAN_POINT('',(20.15,3.663759034892,2.));
#2678 = LINE('',#2679,#2680);
#2679 = CARTESIAN_POINT('',(20.15,4.463119442567,2.));
#2680 = VECTOR('',#2681,1.);
#2681 = DIRECTION('',(0.,-1.,0.));
#2682 = ORIENTED_EDGE('',*,*,#2683,.T.);
#2683 = EDGE_CURVE('',#2676,#2684,#2686,.T.);
#2684 = VERTEX_POINT('',#2685);
#2685 = CARTESIAN_POINT('',(16.758652696168,3.663759034892,2.));
#2686 = LINE('',#2687,#2688);
#2687 = CARTESIAN_POINT('',(20.15,3.663759034892,2.));
#2688 = VECTOR('',#2689,1.);
#2689 = DIRECTION('',(-1.,0.,0.));
#2690 = ORIENTED_EDGE('',*,*,#2691,.T.);
#2691 = EDGE_CURVE('',#2684,#2692,#2694,.T.);
#2692 = VERTEX_POINT('',#2693);
#2693 = CARTESIAN_POINT('',(16.552163174042,3.615425614893,2.));
#2694 = B_SPLINE_CURVE_WITH_KNOTS('',2,(#2695,#2696,#2697),
  .UNSPECIFIED.,.F.,.F.,(3,3),(0.,1.),.PIECEWISE_BEZIER_KNOTS.);
#2695 = CARTESIAN_POINT('',(16.758652696168,3.663759034892,2.));
#2696 = CARTESIAN_POINT('',(16.600496594041,3.663759034892,2.));
#2697 = CARTESIAN_POINT('',(16.552163174042,3.615425614893,2.));
#2698 = ORIENTED_EDGE('',*,*,#2699,.T.);
#2699 = EDGE_CURVE('',#2692,#2700,#2702,.T.);
#2700 = VERTEX_POINT('',#2701);
#2701 = CARTESIAN_POINT('',(16.503829754043,3.408936092767,2.));
#2702 = B_SPLINE_CURVE_WITH_KNOTS('',2,(#2703,#2704,#2705),
  .UNSPECIFIED.,.F.,.F.,(3,3),(0.,1.),.PIECEWISE_BEZIER_KNOTS.);
#2703 = CARTESIAN_POINT('',(16.552163174042,3.615425614893,2.));
#2704 = CARTESIAN_POINT('',(16.503829754043,3.567092194894,2.));
#2705 = CARTESIAN_POINT('',(16.503829754043,3.408936092767,2.));
#2706 = ORIENTED_EDGE('',*,*,#2707,.T.);
#2707 = EDGE_CURVE('',#2700,#2708,#2710,.T.);
#2708 = VERTEX_POINT('',#2709);
#2709 = CARTESIAN_POINT('',(16.503829754043,3.092623888513,2.));
#2710 = LINE('',#2711,#2712);
#2711 = CARTESIAN_POINT('',(16.503829754043,3.408936092767,2.));
#2712 = VECTOR('',#2713,1.);
#2713 = DIRECTION('',(0.,-1.,0.));
#2714 = ORIENTED_EDGE('',*,*,#2715,.T.);
#2715 = EDGE_CURVE('',#2708,#2716,#2718,.T.);
#2716 = VERTEX_POINT('',#2717);
#2717 = CARTESIAN_POINT('',(16.574184909781,2.881558421299,2.));
#2718 = B_SPLINE_CURVE_WITH_KNOTS('',2,(#2719,#2720,#2721),
  .UNSPECIFIED.,.F.,.F.,(3,3),(0.,1.),.PIECEWISE_BEZIER_KNOTS.);
#2719 = CARTESIAN_POINT('',(16.503829754043,3.092623888513,2.));
#2720 = CARTESIAN_POINT('',(16.503829754043,2.951913577037,2.));
#2721 = CARTESIAN_POINT('',(16.574184909781,2.881558421299,2.));
#2722 = ORIENTED_EDGE('',*,*,#2723,.T.);
#2723 = EDGE_CURVE('',#2716,#2724,#2726,.T.);
#2724 = VERTEX_POINT('',#2725);
#2725 = CARTESIAN_POINT('',(16.811276064687,2.811489262129,2.));
#2726 = B_SPLINE_CURVE_WITH_KNOTS('',2,(#2727,#2728,#2729),
  .UNSPECIFIED.,.F.,.F.,(3,3),(0.,1.),.PIECEWISE_BEZIER_KNOTS.);
#2727 = CARTESIAN_POINT('',(16.574184909781,2.881558421299,2.));
#2728 = CARTESIAN_POINT('',(16.644540065519,2.811489262129,2.));
#2729 = CARTESIAN_POINT('',(16.811276064687,2.811489262129,2.));
#2730 = ORIENTED_EDGE('',*,*,#2731,.T.);
#2731 = EDGE_CURVE('',#2724,#2732,#2734,.T.);
#2732 = VERTEX_POINT('',#2733);
#2733 = CARTESIAN_POINT('',(20.15,2.811489262129,2.));
#2734 = LINE('',#2735,#2736);
#2735 = CARTESIAN_POINT('',(16.811276064687,2.811489262129,2.));
#2736 = VECTOR('',#2737,1.);
#2737 = DIRECTION('',(1.,-2.2E-16,0.));
#2738 = ORIENTED_EDGE('',*,*,#2739,.T.);
#2739 = EDGE_CURVE('',#2732,#2740,#2742,.T.);
#2740 = VERTEX_POINT('',#2741);
#2741 = CARTESIAN_POINT('',(20.15,2.020708751495,2.));
#2742 = LINE('',#2743,#2744);
#2743 = CARTESIAN_POINT('',(20.15,2.811489262129,2.));
#2744 = VECTOR('',#2745,1.);
#2745 = DIRECTION('',(0.,-1.,0.));
#2746 = ORIENTED_EDGE('',*,*,#2747,.T.);
#2747 = EDGE_CURVE('',#2740,#2748,#2750,.T.);
#2748 = VERTEX_POINT('',#2749);
#2749 = CARTESIAN_POINT('',(16.758652696168,2.020708751495,2.));
#2750 = LINE('',#2751,#2752);
#2751 = CARTESIAN_POINT('',(20.15,2.020708751495,2.));
#2752 = VECTOR('',#2753,1.);
#2753 = DIRECTION('',(-1.,0.,0.));
#2754 = ORIENTED_EDGE('',*,*,#2755,.T.);
#2755 = EDGE_CURVE('',#2748,#2756,#2758,.T.);
#2756 = VERTEX_POINT('',#2757);
#2757 = CARTESIAN_POINT('',(16.552163174042,1.967799386407,2.));
#2758 = B_SPLINE_CURVE_WITH_KNOTS('',2,(#2759,#2760,#2761),
  .UNSPECIFIED.,.F.,.F.,(3,3),(0.,1.),.PIECEWISE_BEZIER_KNOTS.);
#2759 = CARTESIAN_POINT('',(16.758652696168,2.020708751495,2.));
#2760 = CARTESIAN_POINT('',(16.600496594041,2.020708751495,2.));
#2761 = CARTESIAN_POINT('',(16.552163174042,1.967799386407,2.));
#2762 = ORIENTED_EDGE('',*,*,#2763,.T.);
#2763 = EDGE_CURVE('',#2756,#2764,#2766,.T.);
#2764 = VERTEX_POINT('',#2765);
#2765 = CARTESIAN_POINT('',(16.503829754043,1.757019915761,2.));
#2766 = B_SPLINE_CURVE_WITH_KNOTS('',2,(#2767,#2768,#2769),
  .UNSPECIFIED.,.F.,.F.,(3,3),(0.,1.),.PIECEWISE_BEZIER_KNOTS.);
#2767 = CARTESIAN_POINT('',(16.552163174042,1.967799386407,2.));
#2768 = CARTESIAN_POINT('',(16.503829754043,1.915176017888,2.));
#2769 = CARTESIAN_POINT('',(16.503829754043,1.757019915761,2.));
#2770 = ORIENTED_EDGE('',*,*,#2771,.T.);
#2771 = EDGE_CURVE('',#2764,#2772,#2774,.T.);
#2772 = VERTEX_POINT('',#2773);
#2773 = CARTESIAN_POINT('',(16.503829754043,1.449573605117,2.));
#2774 = LINE('',#2775,#2776);
#2775 = CARTESIAN_POINT('',(16.503829754043,1.757019915761,2.));
#2776 = VECTOR('',#2777,1.);
#2777 = DIRECTION('',(0.,-1.,0.));
#2778 = ORIENTED_EDGE('',*,*,#2779,.T.);
#2779 = EDGE_CURVE('',#2772,#2780,#2782,.T.);
#2780 = VERTEX_POINT('',#2781);
#2781 = CARTESIAN_POINT('',(16.574184909781,1.229928240861,2.));
#2782 = B_SPLINE_CURVE_WITH_KNOTS('',2,(#2783,#2784,#2785),
  .UNSPECIFIED.,.F.,.F.,(3,3),(0.,1.),.PIECEWISE_BEZIER_KNOTS.);
#2783 = CARTESIAN_POINT('',(16.503829754043,1.449573605117,2.));
#2784 = CARTESIAN_POINT('',(16.503829754043,1.300283396599,2.));
#2785 = CARTESIAN_POINT('',(16.574184909781,1.229928240861,2.));
#2786 = ORIENTED_EDGE('',*,*,#2787,.T.);
#2787 = EDGE_CURVE('',#2780,#2788,#2790,.T.);
#2788 = VERTEX_POINT('',#2789);
#2789 = CARTESIAN_POINT('',(16.811276064687,1.159573085123,2.));
#2790 = B_SPLINE_CURVE_WITH_KNOTS('',2,(#2791,#2792,#2793),
  .UNSPECIFIED.,.F.,.F.,(3,3),(0.,1.),.PIECEWISE_BEZIER_KNOTS.);
#2791 = CARTESIAN_POINT('',(16.574184909781,1.229928240861,2.));
#2792 = CARTESIAN_POINT('',(16.644540065519,1.159573085123,2.));
#2793 = CARTESIAN_POINT('',(16.811276064687,1.159573085123,2.));
#2794 = ORIENTED_EDGE('',*,*,#2795,.T.);
#2795 = EDGE_CURVE('',#2788,#2796,#2798,.T.);
#2796 = VERTEX_POINT('',#2797);
#2797 = CARTESIAN_POINT('',(20.15,1.159573085123,2.));
#2798 = LINE('',#2799,#2800);
#2799 = CARTESIAN_POINT('',(16.811276064687,1.159573085123,2.));
#2800 = VECTOR('',#2801,1.);
#2801 = DIRECTION('',(1.,-2.2E-16,0.));
#2802 = ORIENTED_EDGE('',*,*,#2803,.T.);
#2803 = EDGE_CURVE('',#2796,#2562,#2804,.T.);
#2804 = LINE('',#2805,#2806);
#2805 = CARTESIAN_POINT('',(20.15,1.159573085123,2.));
#2806 = VECTOR('',#2807,1.);
#2807 = DIRECTION('',(0.,-1.,0.));
#2808 = FACE_BOUND('',#2809,.T.);
#2809 = EDGE_LOOP('',(#2810,#2820,#2828,#2836,#2844,#2852,#2860,#2868,
    #2876,#2884,#2892,#2900,#2908,#2916,#2924,#2932,#2940,#2948,#2956,
    #2964,#2972,#2980,#2988,#2996));
#2810 = ORIENTED_EDGE('',*,*,#2811,.T.);
#2811 = EDGE_CURVE('',#2812,#2814,#2816,.T.);
#2812 = VERTEX_POINT('',#2813);
#2813 = CARTESIAN_POINT('',(37.25,2.350878789455,2.));
#2814 = VERTEX_POINT('',#2815);
#2815 = CARTESIAN_POINT('',(37.25,3.255771930737,2.));
#2816 = LINE('',#2817,#2818);
#2817 = CARTESIAN_POINT('',(37.25,2.350878789455,2.));
#2818 = VECTOR('',#2819,1.);
#2819 = DIRECTION('',(2.2E-16,1.,0.));
#2820 = ORIENTED_EDGE('',*,*,#2821,.T.);
#2821 = EDGE_CURVE('',#2814,#2822,#2824,.T.);
#2822 = VERTEX_POINT('',#2823);
#2823 = CARTESIAN_POINT('',(37.447909625084,3.874954500546,2.));
#2824 = B_SPLINE_CURVE_WITH_KNOTS('',2,(#2825,#2826,#2827),
  .UNSPECIFIED.,.F.,.F.,(3,3),(0.,1.),.PIECEWISE_BEZIER_KNOTS.);
#2825 = CARTESIAN_POINT('',(37.25,3.255771930737,2.));
#2826 = CARTESIAN_POINT('',(37.25,3.67733087203,2.));
#2827 = CARTESIAN_POINT('',(37.447909625084,3.874954500546,2.));
#2828 = ORIENTED_EDGE('',*,*,#2829,.T.);
#2829 = EDGE_CURVE('',#2822,#2830,#2832,.T.);
#2830 = VERTEX_POINT('',#2831);
#2831 = CARTESIAN_POINT('',(38.023334719983,4.07286412563,2.));
#2832 = B_SPLINE_CURVE_WITH_KNOTS('',2,(#2833,#2834,#2835),
  .UNSPECIFIED.,.F.,.F.,(3,3),(0.,1.),.PIECEWISE_BEZIER_KNOTS.);
#2833 = CARTESIAN_POINT('',(37.447909625084,3.874954500546,2.));
#2834 = CARTESIAN_POINT('',(37.645533253601,4.07286412563,2.));
#2835 = CARTESIAN_POINT('',(38.023334719983,4.07286412563,2.));
#2836 = ORIENTED_EDGE('',*,*,#2837,.T.);
#2837 = EDGE_CURVE('',#2830,#2838,#2840,.T.);
#2838 = VERTEX_POINT('',#2839);
#2839 = CARTESIAN_POINT('',(38.971985336176,4.07286412563,2.));
#2840 = LINE('',#2841,#2842);
#2841 = CARTESIAN_POINT('',(38.023334719983,4.07286412563,2.));
#2842 = VECTOR('',#2843,1.);
#2843 = DIRECTION('',(1.,0.,0.));
#2844 = ORIENTED_EDGE('',*,*,#2845,.T.);
#2845 = EDGE_CURVE('',#2838,#2846,#2848,.T.);
#2846 = VERTEX_POINT('',#2847);
#2847 = CARTESIAN_POINT('',(38.971985336176,3.290949508606,2.));
#2848 = LINE('',#2849,#2850);
#2849 = CARTESIAN_POINT('',(38.971985336176,4.07286412563,2.));
#2850 = VECTOR('',#2851,1.);
#2851 = DIRECTION('',(0.,-1.,0.));
#2852 = ORIENTED_EDGE('',*,*,#2853,.T.);
#2853 = EDGE_CURVE('',#2846,#2854,#2856,.T.);
#2854 = VERTEX_POINT('',#2855);
#2855 = CARTESIAN_POINT('',(38.146313244241,3.290949508606,2.));
#2856 = LINE('',#2857,#2858);
#2857 = CARTESIAN_POINT('',(38.971985336176,3.290949508606,2.));
#2858 = VECTOR('',#2859,1.);
#2859 = DIRECTION('',(-1.,0.,0.));
#2860 = ORIENTED_EDGE('',*,*,#2861,.T.);
#2861 = EDGE_CURVE('',#2854,#2862,#2864,.T.);
#2862 = VERTEX_POINT('',#2863);
#2863 = CARTESIAN_POINT('',(37.939823722115,3.238040143518,2.));
#2864 = B_SPLINE_CURVE_WITH_KNOTS('',2,(#2865,#2866,#2867),
  .UNSPECIFIED.,.F.,.F.,(3,3),(0.,1.),.PIECEWISE_BEZIER_KNOTS.);
#2865 = CARTESIAN_POINT('',(38.146313244241,3.290949508606,2.));
#2866 = CARTESIAN_POINT('',(37.988157142114,3.290949508606,2.));
#2867 = CARTESIAN_POINT('',(37.939823722115,3.238040143518,2.));
#2868 = ORIENTED_EDGE('',*,*,#2869,.T.);
#2869 = EDGE_CURVE('',#2862,#2870,#2872,.T.);
#2870 = VERTEX_POINT('',#2871);
#2871 = CARTESIAN_POINT('',(37.891490302116,3.027260672872,2.));
#2872 = B_SPLINE_CURVE_WITH_KNOTS('',2,(#2873,#2874,#2875),
  .UNSPECIFIED.,.F.,.F.,(3,3),(0.,1.),.PIECEWISE_BEZIER_KNOTS.);
#2873 = CARTESIAN_POINT('',(37.939823722115,3.238040143518,2.));
#2874 = CARTESIAN_POINT('',(37.891490302116,3.185416774999,2.));
#2875 = CARTESIAN_POINT('',(37.891490302116,3.027260672872,2.));
#2876 = ORIENTED_EDGE('',*,*,#2877,.T.);
#2877 = EDGE_CURVE('',#2870,#2878,#2880,.T.);
#2878 = VERTEX_POINT('',#2879);
#2879 = CARTESIAN_POINT('',(37.891490302116,2.579104050751,2.));
#2880 = LINE('',#2881,#2882);
#2881 = CARTESIAN_POINT('',(37.891490302116,3.027260672872,2.));
#2882 = VECTOR('',#2883,1.);
#2883 = DIRECTION('',(-2.2E-16,-1.,0.));
#2884 = ORIENTED_EDGE('',*,*,#2885,.T.);
#2885 = EDGE_CURVE('',#2878,#2886,#2888,.T.);
#2886 = VERTEX_POINT('',#2887);
#2887 = CARTESIAN_POINT('',(37.939823722115,2.376904477146,2.));
#2888 = B_SPLINE_CURVE_WITH_KNOTS('',2,(#2889,#2890,#2891),
  .UNSPECIFIED.,.F.,.F.,(3,3),(0.,1.),.PIECEWISE_BEZIER_KNOTS.);
#2889 = CARTESIAN_POINT('',(37.891490302116,2.579104050751,2.));
#2890 = CARTESIAN_POINT('',(37.891490302116,2.429813842234,2.));
#2891 = CARTESIAN_POINT('',(37.939823722115,2.376904477146,2.));
#2892 = ORIENTED_EDGE('',*,*,#2893,.T.);
#2893 = EDGE_CURVE('',#2886,#2894,#2896,.T.);
#2894 = VERTEX_POINT('',#2895);
#2895 = CARTESIAN_POINT('',(38.146313244241,2.324281108627,2.));
#2896 = B_SPLINE_CURVE_WITH_KNOTS('',2,(#2897,#2898,#2899),
  .UNSPECIFIED.,.F.,.F.,(3,3),(0.,1.),.PIECEWISE_BEZIER_KNOTS.);
#2897 = CARTESIAN_POINT('',(37.939823722115,2.376904477146,2.));
#2898 = CARTESIAN_POINT('',(37.988157142114,2.324281108627,2.));
#2899 = CARTESIAN_POINT('',(38.146313244241,2.324281108627,2.));
#2900 = ORIENTED_EDGE('',*,*,#2901,.T.);
#2901 = EDGE_CURVE('',#2894,#2902,#2904,.T.);
#2902 = VERTEX_POINT('',#2903);
#2903 = CARTESIAN_POINT('',(39.587163954033,2.324281108627,2.));
#2904 = LINE('',#2905,#2906);
#2905 = CARTESIAN_POINT('',(38.146313244241,2.324281108627,2.));
#2906 = VECTOR('',#2907,1.);
#2907 = DIRECTION('',(1.,0.,0.));
#2908 = ORIENTED_EDGE('',*,*,#2909,.T.);
#2909 = EDGE_CURVE('',#2902,#2910,#2912,.T.);
#2910 = VERTEX_POINT('',#2911);
#2911 = CARTESIAN_POINT('',(39.587163954033,3.282083614997,2.));
#2912 = LINE('',#2913,#2914);
#2913 = CARTESIAN_POINT('',(39.587163954033,2.069458166502,2.));
#2914 = VECTOR('',#2915,1.);
#2915 = DIRECTION('',(0.,1.,0.));
#2916 = ORIENTED_EDGE('',*,*,#2917,.T.);
#2917 = EDGE_CURVE('',#2910,#2918,#2920,.T.);
#2918 = VERTEX_POINT('',#2919);
#2919 = CARTESIAN_POINT('',(39.784787582549,3.901266184806,2.));
#2920 = B_SPLINE_CURVE_WITH_KNOTS('',2,(#2921,#2922,#2923),
  .UNSPECIFIED.,.F.,.F.,(3,3),(0.,1.),.PIECEWISE_BEZIER_KNOTS.);
#2921 = CARTESIAN_POINT('',(39.587163954033,3.282083614997,2.));
#2922 = CARTESIAN_POINT('',(39.587163954033,3.703642556289,2.));
#2923 = CARTESIAN_POINT('',(39.784787582549,3.901266184806,2.));
#2924 = ORIENTED_EDGE('',*,*,#2925,.T.);
#2925 = EDGE_CURVE('',#2918,#2926,#2928,.T.);
#2926 = VERTEX_POINT('',#2927);
#2927 = CARTESIAN_POINT('',(40.369078571057,4.09917580989,2.));
#2928 = B_SPLINE_CURVE_WITH_KNOTS('',2,(#2929,#2930,#2931),
  .UNSPECIFIED.,.F.,.F.,(3,3),(0.,1.),.PIECEWISE_BEZIER_KNOTS.);
#2929 = CARTESIAN_POINT('',(39.784787582549,3.901266184806,2.));
#2930 = CARTESIAN_POINT('',(39.982411211065,4.09917580989,2.));
#2931 = CARTESIAN_POINT('',(40.369078571057,4.09917580989,2.));
#2932 = ORIENTED_EDGE('',*,*,#2933,.T.);
#2933 = EDGE_CURVE('',#2926,#2934,#2936,.T.);
#2934 = VERTEX_POINT('',#2935);
#2935 = CARTESIAN_POINT('',(41.976951276585,4.09917580989,2.));
#2936 = LINE('',#2937,#2938);
#2937 = CARTESIAN_POINT('',(40.369078571057,4.09917580989,2.));
#2938 = VECTOR('',#2939,1.);
#2939 = DIRECTION('',(1.,0.,0.));
#2940 = ORIENTED_EDGE('',*,*,#2941,.T.);
#2941 = EDGE_CURVE('',#2934,#2942,#2944,.T.);
#2942 = VERTEX_POINT('',#2943);
#2943 = CARTESIAN_POINT('',(42.552376371484,3.901266184806,2.));
#2944 = B_SPLINE_CURVE_WITH_KNOTS('',2,(#2945,#2946,#2947),
  .UNSPECIFIED.,.F.,.F.,(3,3),(0.,1.),.PIECEWISE_BEZIER_KNOTS.);
#2945 = CARTESIAN_POINT('',(41.976951276585,4.09917580989,2.));
#2946 = CARTESIAN_POINT('',(42.354752742967,4.09917580989,2.));
#2947 = CARTESIAN_POINT('',(42.552376371484,3.901266184806,2.));
#2948 = ORIENTED_EDGE('',*,*,#2949,.T.);
#2949 = EDGE_CURVE('',#2942,#2950,#2952,.T.);
#2950 = VERTEX_POINT('',#2951);
#2951 = CARTESIAN_POINT('',(42.75,3.282083614997,2.));
#2952 = B_SPLINE_CURVE_WITH_KNOTS('',2,(#2953,#2954,#2955),
  .UNSPECIFIED.,.F.,.F.,(3,3),(0.,1.),.PIECEWISE_BEZIER_KNOTS.);
#2953 = CARTESIAN_POINT('',(42.552376371484,3.901266184806,2.));
#2954 = CARTESIAN_POINT('',(42.75,3.703642556289,2.));
#2955 = CARTESIAN_POINT('',(42.75,3.282083614997,2.));
#2956 = ORIENTED_EDGE('',*,*,#2957,.T.);
#2957 = EDGE_CURVE('',#2950,#2958,#2960,.T.);
#2958 = VERTEX_POINT('',#2959);
#2959 = CARTESIAN_POINT('',(42.75,2.350878789455,2.));
#2960 = LINE('',#2961,#2962);
#2961 = CARTESIAN_POINT('',(42.75,3.282083614997,2.));
#2962 = VECTOR('',#2963,1.);
#2963 = DIRECTION('',(-2.2E-16,-1.,0.));
#2964 = ORIENTED_EDGE('',*,*,#2965,.T.);
#2965 = EDGE_CURVE('',#2958,#2966,#2968,.T.);
#2966 = VERTEX_POINT('',#2967);
#2967 = CARTESIAN_POINT('',(42.552376371484,1.722544329468,2.));
#2968 = B_SPLINE_CURVE_WITH_KNOTS('',2,(#2969,#2970,#2971),
  .UNSPECIFIED.,.F.,.F.,(3,3),(0.,1.),.PIECEWISE_BEZIER_KNOTS.);
#2969 = CARTESIAN_POINT('',(42.75,2.350878789455,2.));
#2970 = CARTESIAN_POINT('',(42.75,1.920167957985,2.));
#2971 = CARTESIAN_POINT('',(42.552376371484,1.722544329468,2.));
#2972 = ORIENTED_EDGE('',*,*,#2973,.T.);
#2973 = EDGE_CURVE('',#2966,#2974,#2976,.T.);
#2974 = VERTEX_POINT('',#2975);
#2975 = CARTESIAN_POINT('',(41.976951276585,1.524920700952,2.));
#2976 = B_SPLINE_CURVE_WITH_KNOTS('',2,(#2977,#2978,#2979),
  .UNSPECIFIED.,.F.,.F.,(3,3),(0.,1.),.PIECEWISE_BEZIER_KNOTS.);
#2977 = CARTESIAN_POINT('',(42.552376371484,1.722544329468,2.));
#2978 = CARTESIAN_POINT('',(42.354752742967,1.524920700952,2.));
#2979 = CARTESIAN_POINT('',(41.976951276585,1.524920700952,2.));
#2980 = ORIENTED_EDGE('',*,*,#2981,.T.);
#2981 = EDGE_CURVE('',#2974,#2982,#2984,.T.);
#2982 = VERTEX_POINT('',#2983);
#2983 = CARTESIAN_POINT('',(38.023334719983,1.524920700952,2.));
#2984 = LINE('',#2985,#2986);
#2985 = CARTESIAN_POINT('',(41.976951276585,1.524920700952,2.));
#2986 = VECTOR('',#2987,1.);
#2987 = DIRECTION('',(-1.,0.,0.));
#2988 = ORIENTED_EDGE('',*,*,#2989,.T.);
#2989 = EDGE_CURVE('',#2982,#2990,#2992,.T.);
#2990 = VERTEX_POINT('',#2991);
#2991 = CARTESIAN_POINT('',(37.447909625084,1.722544329468,2.));
#2992 = B_SPLINE_CURVE_WITH_KNOTS('',2,(#2993,#2994,#2995),
  .UNSPECIFIED.,.F.,.F.,(3,3),(0.,1.),.PIECEWISE_BEZIER_KNOTS.);
#2993 = CARTESIAN_POINT('',(38.023334719983,1.524920700952,2.));
#2994 = CARTESIAN_POINT('',(37.645533253601,1.524920700952,2.));
#2995 = CARTESIAN_POINT('',(37.447909625084,1.722544329468,2.));
#2996 = ORIENTED_EDGE('',*,*,#2997,.T.);
#2997 = EDGE_CURVE('',#2990,#2812,#2998,.T.);
#2998 = B_SPLINE_CURVE_WITH_KNOTS('',2,(#2999,#3000,#3001),
  .UNSPECIFIED.,.F.,.F.,(3,3),(0.,1.),.PIECEWISE_BEZIER_KNOTS.);
#2999 = CARTESIAN_POINT('',(37.447909625084,1.722544329468,2.));
#3000 = CARTESIAN_POINT('',(37.25,1.920167957985,2.));
#3001 = CARTESIAN_POINT('',(37.25,2.350878789455,2.));
#3002 = FACE_BOUND('',#3003,.T.);
#3003 = EDGE_LOOP('',(#3004,#3014,#3022,#3030,#3038,#3046,#3054,#3062,
    #3070,#3078,#3086,#3094));
#3004 = ORIENTED_EDGE('',*,*,#3005,.T.);
#3005 = EDGE_CURVE('',#3006,#3008,#3010,.T.);
#3006 = VERTEX_POINT('',#3007);
#3007 = CARTESIAN_POINT('',(41.976951276585,7.475079299048,2.));
#3008 = VERTEX_POINT('',#3009);
#3009 = CARTESIAN_POINT('',(42.552376371484,7.277455670532,2.));
#3010 = B_SPLINE_CURVE_WITH_KNOTS('',2,(#3011,#3012,#3013),
  .UNSPECIFIED.,.F.,.F.,(3,3),(0.,1.),.PIECEWISE_BEZIER_KNOTS.);
#3011 = CARTESIAN_POINT('',(41.976951276585,7.475079299048,2.));
#3012 = CARTESIAN_POINT('',(42.354752742967,7.475079299048,2.));
#3013 = CARTESIAN_POINT('',(42.552376371484,7.277455670532,2.));
#3014 = ORIENTED_EDGE('',*,*,#3015,.T.);
#3015 = EDGE_CURVE('',#3008,#3016,#3018,.T.);
#3016 = VERTEX_POINT('',#3017);
#3017 = CARTESIAN_POINT('',(42.75,6.657987104155,2.));
#3018 = B_SPLINE_CURVE_WITH_KNOTS('',2,(#3019,#3020,#3021),
  .UNSPECIFIED.,.F.,.F.,(3,3),(0.,1.),.PIECEWISE_BEZIER_KNOTS.);
#3019 = CARTESIAN_POINT('',(42.552376371484,7.277455670532,2.));
#3020 = CARTESIAN_POINT('',(42.75,7.079832042015,2.));
#3021 = CARTESIAN_POINT('',(42.75,6.657987104155,2.));
#3022 = ORIENTED_EDGE('',*,*,#3023,.T.);
#3023 = EDGE_CURVE('',#3016,#3024,#3026,.T.);
#3024 = VERTEX_POINT('',#3025);
#3025 = CARTESIAN_POINT('',(42.75,5.700470594353,2.));
#3026 = LINE('',#3027,#3028);
#3027 = CARTESIAN_POINT('',(42.75,6.657987104155,2.));
#3028 = VECTOR('',#3029,1.);
#3029 = DIRECTION('',(0.,-1.,0.));
#3030 = ORIENTED_EDGE('',*,*,#3031,.T.);
#3031 = EDGE_CURVE('',#3024,#3032,#3034,.T.);
#3032 = VERTEX_POINT('',#3033);
#3033 = CARTESIAN_POINT('',(42.552376371484,5.072136134366,2.));
#3034 = B_SPLINE_CURVE_WITH_KNOTS('',2,(#3035,#3036,#3037),
  .UNSPECIFIED.,.F.,.F.,(3,3),(0.,1.),.PIECEWISE_BEZIER_KNOTS.);
#3035 = CARTESIAN_POINT('',(42.75,5.700470594353,2.));
#3036 = CARTESIAN_POINT('',(42.75,5.269759762883,2.));
#3037 = CARTESIAN_POINT('',(42.552376371484,5.072136134366,2.));
#3038 = ORIENTED_EDGE('',*,*,#3039,.T.);
#3039 = EDGE_CURVE('',#3032,#3040,#3042,.T.);
#3040 = VERTEX_POINT('',#3041);
#3041 = CARTESIAN_POINT('',(41.976951276585,4.87451250585,2.));
#3042 = B_SPLINE_CURVE_WITH_KNOTS('',2,(#3043,#3044,#3045),
  .UNSPECIFIED.,.F.,.F.,(3,3),(0.,1.),.PIECEWISE_BEZIER_KNOTS.);
#3043 = CARTESIAN_POINT('',(42.552376371484,5.072136134366,2.));
#3044 = CARTESIAN_POINT('',(42.354752742967,4.87451250585,2.));
#3045 = CARTESIAN_POINT('',(41.976951276585,4.87451250585,2.));
#3046 = ORIENTED_EDGE('',*,*,#3047,.T.);
#3047 = EDGE_CURVE('',#3040,#3048,#3050,.T.);
#3048 = VERTEX_POINT('',#3049);
#3049 = CARTESIAN_POINT('',(38.023334719983,4.87451250585,2.));
#3050 = LINE('',#3051,#3052);
#3051 = CARTESIAN_POINT('',(41.976951276585,4.87451250585,2.));
#3052 = VECTOR('',#3053,1.);
#3053 = DIRECTION('',(-1.,0.,0.));
#3054 = ORIENTED_EDGE('',*,*,#3055,.T.);
#3055 = EDGE_CURVE('',#3048,#3056,#3058,.T.);
#3056 = VERTEX_POINT('',#3057);
#3057 = CARTESIAN_POINT('',(37.447909625084,5.072136134366,2.));
#3058 = B_SPLINE_CURVE_WITH_KNOTS('',2,(#3059,#3060,#3061),
  .UNSPECIFIED.,.F.,.F.,(3,3),(0.,1.),.PIECEWISE_BEZIER_KNOTS.);
#3059 = CARTESIAN_POINT('',(38.023334719983,4.87451250585,2.));
#3060 = CARTESIAN_POINT('',(37.645533253601,4.87451250585,2.));
#3061 = CARTESIAN_POINT('',(37.447909625084,5.072136134366,2.));
#3062 = ORIENTED_EDGE('',*,*,#3063,.T.);
#3063 = EDGE_CURVE('',#3056,#3064,#3066,.T.);
#3064 = VERTEX_POINT('',#3065);
#3065 = CARTESIAN_POINT('',(37.25,5.700470594353,2.));
#3066 = B_SPLINE_CURVE_WITH_KNOTS('',2,(#3067,#3068,#3069),
  .UNSPECIFIED.,.F.,.F.,(3,3),(0.,1.),.PIECEWISE_BEZIER_KNOTS.);
#3067 = CARTESIAN_POINT('',(37.447909625084,5.072136134366,2.));
#3068 = CARTESIAN_POINT('',(37.25,5.269759762883,2.));
#3069 = CARTESIAN_POINT('',(37.25,5.700470594353,2.));
#3070 = ORIENTED_EDGE('',*,*,#3071,.T.);
#3071 = EDGE_CURVE('',#3064,#3072,#3074,.T.);
#3072 = VERTEX_POINT('',#3073);
#3073 = CARTESIAN_POINT('',(37.25,6.657987104155,2.));
#3074 = LINE('',#3075,#3076);
#3075 = CARTESIAN_POINT('',(37.25,5.700470594353,2.));
#3076 = VECTOR('',#3077,1.);
#3077 = DIRECTION('',(0.,1.,0.));
#3078 = ORIENTED_EDGE('',*,*,#3079,.T.);
#3079 = EDGE_CURVE('',#3072,#3080,#3082,.T.);
#3080 = VERTEX_POINT('',#3081);
#3081 = CARTESIAN_POINT('',(37.447909625084,7.277455670532,2.));
#3082 = B_SPLINE_CURVE_WITH_KNOTS('',2,(#3083,#3084,#3085),
  .UNSPECIFIED.,.F.,.F.,(3,3),(0.,1.),.PIECEWISE_BEZIER_KNOTS.);
#3083 = CARTESIAN_POINT('',(37.25,6.657987104155,2.));
#3084 = CARTESIAN_POINT('',(37.25,7.079832042015,2.));
#3085 = CARTESIAN_POINT('',(37.447909625084,7.277455670532,2.));
#3086 = ORIENTED_EDGE('',*,*,#3087,.T.);
#3087 = EDGE_CURVE('',#3080,#3088,#3090,.T.);
#3088 = VERTEX_POINT('',#3089);
#3089 = CARTESIAN_POINT('',(38.023334719983,7.475079299048,2.));
#3090 = B_SPLINE_CURVE_WITH_KNOTS('',2,(#3091,#3092,#3093),
  .UNSPECIFIED.,.F.,.F.,(3,3),(0.,1.),.PIECEWISE_BEZIER_KNOTS.);
#3091 = CARTESIAN_POINT('',(37.447909625084,7.277455670532,2.));
#3092 = CARTESIAN_POINT('',(37.645533253601,7.475079299048,2.));
#3093 = CARTESIAN_POINT('',(38.023334719983,7.475079299048,2.));
#3094 = ORIENTED_EDGE('',*,*,#3095,.T.);
#3095 = EDGE_CURVE('',#3088,#3006,#3096,.T.);
#3096 = LINE('',#3097,#3098);
#3097 = CARTESIAN_POINT('',(38.023334719983,7.475079299048,2.));
#3098 = VECTOR('',#3099,1.);
#3099 = DIRECTION('',(1.,0.,0.));
#3100 = PLANE('',#3101);
#3101 = AXIS2_PLACEMENT_3D('',#3102,#3103,#3104);
#3102 = CARTESIAN_POINT('',(10.035085883816,0.366409521914,2.));
#3103 = DIRECTION('',(0.,0.,1.));
#3104 = DIRECTION('',(1.,0.,0.));
#3105 = ADVANCED_FACE('',(#3106),#3117,.T.);
#3106 = FACE_BOUND('',#3107,.T.);
#3107 = EDGE_LOOP('',(#3108,#3109,#3115,#3116));
#3108 = ORIENTED_EDGE('',*,*,#131,.T.);
#3109 = ORIENTED_EDGE('',*,*,#3110,.T.);
#3110 = EDGE_CURVE('',#123,#372,#3111,.T.);
#3111 = LINE('',#3112,#3113);
#3112 = CARTESIAN_POINT('',(-13.5,7.5,0.));
#3113 = VECTOR('',#3114,1.);
#3114 = DIRECTION('',(0.,0.,1.));
#3115 = ORIENTED_EDGE('',*,*,#371,.F.);
#3116 = ORIENTED_EDGE('',*,*,#32,.F.);
#3117 = PLANE('',#3118);
#3118 = AXIS2_PLACEMENT_3D('',#3119,#3120,#3121);
#3119 = CARTESIAN_POINT('',(15.,7.5,1.));
#3120 = DIRECTION('',(0.,1.,0.));
#3121 = DIRECTION('',(0.,0.,1.));
#3122 = ADVANCED_FACE('',(#3123),#3134,.T.);
#3123 = FACE_BOUND('',#3124,.T.);
#3124 = EDGE_LOOP('',(#3125,#3126,#3127,#3128));
#3125 = ORIENTED_EDGE('',*,*,#72,.F.);
#3126 = ORIENTED_EDGE('',*,*,#357,.T.);
#3127 = ORIENTED_EDGE('',*,*,#611,.T.);
#3128 = ORIENTED_EDGE('',*,*,#3129,.F.);
#3129 = EDGE_CURVE('',#73,#604,#3130,.T.);
#3130 = LINE('',#3131,#3132);
#3131 = CARTESIAN_POINT('',(35.,0.,0.));
#3132 = VECTOR('',#3133,1.);
#3133 = DIRECTION('',(0.,0.,1.));
#3134 = PLANE('',#3135);
#3135 = AXIS2_PLACEMENT_3D('',#3136,#3137,#3138);
#3136 = CARTESIAN_POINT('',(45.,0.,0.));
#3137 = DIRECTION('',(-0.,-1.,-0.));
#3138 = DIRECTION('',(-1.,0.,0.));
#3139 = ADVANCED_FACE('',(#3140),#3151,.T.);
#3140 = FACE_BOUND('',#3141,.T.);
#3141 = EDGE_LOOP('',(#3142,#3143,#3144,#3145));
#3142 = ORIENTED_EDGE('',*,*,#80,.F.);
#3143 = ORIENTED_EDGE('',*,*,#3129,.T.);
#3144 = ORIENTED_EDGE('',*,*,#603,.T.);
#3145 = ORIENTED_EDGE('',*,*,#3146,.F.);
#3146 = EDGE_CURVE('',#81,#595,#3147,.T.);
#3147 = LINE('',#3148,#3149);
#3148 = CARTESIAN_POINT('',(35.,-6.,0.));
#3149 = VECTOR('',#3150,1.);
#3150 = DIRECTION('',(0.,0.,1.));
#3151 = PLANE('',#3152);
#3152 = AXIS2_PLACEMENT_3D('',#3153,#3154,#3155);
#3153 = CARTESIAN_POINT('',(35.,0.,0.));
#3154 = DIRECTION('',(1.,0.,0.));
#3155 = DIRECTION('',(0.,-1.,0.));
#3156 = ADVANCED_FACE('',(#3157),#3168,.T.);
#3157 = FACE_BOUND('',#3158,.T.);
#3158 = EDGE_LOOP('',(#3159,#3160,#3161,#3162));
#3159 = ORIENTED_EDGE('',*,*,#88,.F.);
#3160 = ORIENTED_EDGE('',*,*,#3146,.T.);
#3161 = ORIENTED_EDGE('',*,*,#594,.T.);
#3162 = ORIENTED_EDGE('',*,*,#3163,.F.);
#3163 = EDGE_CURVE('',#89,#587,#3164,.T.);
#3164 = LINE('',#3165,#3166);
#3165 = CARTESIAN_POINT('',(33.5,-7.5,0.));
#3166 = VECTOR('',#3167,1.);
#3167 = DIRECTION('',(0.,0.,1.));
#3168 = CYLINDRICAL_SURFACE('',#3169,1.5);
#3169 = AXIS2_PLACEMENT_3D('',#3170,#3171,#3172);
#3170 = CARTESIAN_POINT('',(33.5,-6.,0.));
#3171 = DIRECTION('',(0.,0.,-1.));
#3172 = DIRECTION('',(1.,0.,0.));
#3173 = ADVANCED_FACE('',(#3174),#3185,.T.);
#3174 = FACE_BOUND('',#3175,.T.);
#3175 = EDGE_LOOP('',(#3176,#3177,#3178,#3179));
#3176 = ORIENTED_EDGE('',*,*,#97,.F.);
#3177 = ORIENTED_EDGE('',*,*,#3163,.T.);
#3178 = ORIENTED_EDGE('',*,*,#586,.T.);
#3179 = ORIENTED_EDGE('',*,*,#3180,.F.);
#3180 = EDGE_CURVE('',#98,#578,#3181,.T.);
#3181 = LINE('',#3182,#3183);
#3182 = CARTESIAN_POINT('',(-13.5,-7.5,0.));
#3183 = VECTOR('',#3184,1.);
#3184 = DIRECTION('',(0.,0.,1.));
#3185 = PLANE('',#3186);
#3186 = AXIS2_PLACEMENT_3D('',#3187,#3188,#3189);
#3187 = CARTESIAN_POINT('',(10.,-7.5,1.));
#3188 = DIRECTION('',(-0.,-1.,-0.));
#3189 = DIRECTION('',(0.,0.,-1.));
#3190 = ADVANCED_FACE('',(#3191),#3202,.T.);
#3191 = FACE_BOUND('',#3192,.F.);
#3192 = EDGE_LOOP('',(#3193,#3199,#3200,#3201));
#3193 = ORIENTED_EDGE('',*,*,#3194,.T.);
#3194 = EDGE_CURVE('',#106,#570,#3195,.T.);
#3195 = LINE('',#3196,#3197);
#3196 = CARTESIAN_POINT('',(-15.,-6.,0.));
#3197 = VECTOR('',#3198,1.);
#3198 = DIRECTION('',(0.,0.,1.));
#3199 = ORIENTED_EDGE('',*,*,#577,.T.);
#3200 = ORIENTED_EDGE('',*,*,#3180,.F.);
#3201 = ORIENTED_EDGE('',*,*,#105,.F.);
#3202 = CYLINDRICAL_SURFACE('',#3203,1.5);
#3203 = AXIS2_PLACEMENT_3D('',#3204,#3205,#3206);
#3204 = CARTESIAN_POINT('',(-13.5,-6.,0.));
#3205 = DIRECTION('',(-0.,-0.,-1.));
#3206 = DIRECTION('',(1.,0.,0.));
#3207 = ADVANCED_FACE('',(#3208),#3227,.F.);
#3208 = FACE_BOUND('',#3209,.F.);
#3209 = EDGE_LOOP('',(#3210,#3211,#3217,#3218,#3225,#3226));
#3210 = ORIENTED_EDGE('',*,*,#114,.F.);
#3211 = ORIENTED_EDGE('',*,*,#3212,.T.);
#3212 = EDGE_CURVE('',#115,#380,#3213,.T.);
#3213 = LINE('',#3214,#3215);
#3214 = CARTESIAN_POINT('',(-15.,6.,0.));
#3215 = VECTOR('',#3216,1.);
#3216 = DIRECTION('',(0.,0.,1.));
#3217 = ORIENTED_EDGE('',*,*,#388,.T.);
#3218 = ORIENTED_EDGE('',*,*,#3219,.T.);
#3219 = EDGE_CURVE('',#389,#562,#3220,.T.);
#3220 = CIRCLE('',#3221,1.5);
#3221 = AXIS2_PLACEMENT_3D('',#3222,#3223,#3224);
#3222 = CARTESIAN_POINT('',(-15.,0.,2.9));
#3223 = DIRECTION('',(-1.,0.,0.));
#3224 = DIRECTION('',(0.,-1.,0.));
#3225 = ORIENTED_EDGE('',*,*,#569,.T.);
#3226 = ORIENTED_EDGE('',*,*,#3194,.F.);
#3227 = PLANE('',#3228);
#3228 = AXIS2_PLACEMENT_3D('',#3229,#3230,#3231);
#3229 = CARTESIAN_POINT('',(-15.,6.,0.));
#3230 = DIRECTION('',(1.,0.,0.));
#3231 = DIRECTION('',(0.,-1.,0.));
#3232 = ADVANCED_FACE('',(#3233),#3239,.T.);
#3233 = FACE_BOUND('',#3234,.F.);
#3234 = EDGE_LOOP('',(#3235,#3236,#3237,#3238));
#3235 = ORIENTED_EDGE('',*,*,#3110,.T.);
#3236 = ORIENTED_EDGE('',*,*,#379,.T.);
#3237 = ORIENTED_EDGE('',*,*,#3212,.F.);
#3238 = ORIENTED_EDGE('',*,*,#122,.F.);
#3239 = CYLINDRICAL_SURFACE('',#3240,1.5);
#3240 = AXIS2_PLACEMENT_3D('',#3241,#3242,#3243);
#3241 = CARTESIAN_POINT('',(-13.5,6.,0.));
#3242 = DIRECTION('',(-0.,-0.,-1.));
#3243 = DIRECTION('',(1.,0.,0.));
#3244 = ADVANCED_FACE('',(#3245),#3256,.F.);
#3245 = FACE_BOUND('',#3246,.F.);
#3246 = EDGE_LOOP('',(#3247,#3248,#3254,#3255));
#3247 = ORIENTED_EDGE('',*,*,#1012,.F.);
#3248 = ORIENTED_EDGE('',*,*,#3249,.T.);
#3249 = EDGE_CURVE('',#1013,#140,#3250,.T.);
#3250 = LINE('',#3251,#3252);
#3251 = CARTESIAN_POINT('',(1.6,-4.5,2.));
#3252 = VECTOR('',#3253,1.);
#3253 = DIRECTION('',(-0.,-0.,-1.));
#3254 = ORIENTED_EDGE('',*,*,#139,.T.);
#3255 = ORIENTED_EDGE('',*,*,#3249,.F.);
#3256 = CYLINDRICAL_SURFACE('',#3257,1.6);
#3257 = AXIS2_PLACEMENT_3D('',#3258,#3259,#3260);
#3258 = CARTESIAN_POINT('',(0.,-4.5,2.));
#3259 = DIRECTION('',(0.,0.,1.));
#3260 = DIRECTION('',(1.,0.,0.));
#3261 = ADVANCED_FACE('',(#3262),#3310,.F.);
#3262 = FACE_BOUND('',#3263,.T.);
#3263 = EDGE_LOOP('',(#3264,#3265,#3273,#3304));
#3264 = ORIENTED_EDGE('',*,*,#150,.F.);
#3265 = ORIENTED_EDGE('',*,*,#3266,.T.);
#3266 = EDGE_CURVE('',#151,#3267,#3269,.T.);
#3267 = VERTEX_POINT('',#3268);
#3268 = CARTESIAN_POINT('',(14.7,0.,1.4));
#3269 = LINE('',#3270,#3271);
#3270 = CARTESIAN_POINT('',(14.7,-1.E-16,0.));
#3271 = VECTOR('',#3272,1.);
#3272 = DIRECTION('',(0.,0.,1.));
#3273 = ORIENTED_EDGE('',*,*,#3274,.T.);
#3274 = EDGE_CURVE('',#3267,#3275,#3277,.T.);
#3275 = VERTEX_POINT('',#3276);
#3276 = CARTESIAN_POINT('',(15.3,3.E-15,1.4));
#3277 = B_SPLINE_CURVE_WITH_KNOTS('',7,(#3278,#3279,#3280,#3281,#3282,
    #3283,#3284,#3285,#3286,#3287,#3288,#3289,#3290,#3291,#3292,#3293,
    #3294,#3295,#3296,#3297,#3298,#3299,#3300,#3301,#3302,#3303),
  .UNSPECIFIED.,.F.,.F.,(8,6,6,6,8),(0.,0.198204052997,0.499999999999,
    0.801795947001,1.),.UNSPECIFIED.);
#3278 = CARTESIAN_POINT('',(14.7,1.7E-16,1.4));
#3279 = CARTESIAN_POINT('',(14.7,-2.70191725349E-02,1.4));
#3280 = CARTESIAN_POINT('',(14.702839053364,-5.402397747875E-02,
    1.400567801086));
#3281 = CARTESIAN_POINT('',(14.70851157468,-8.064756340527E-02,
    1.401702336947));
#3282 = CARTESIAN_POINT('',(14.716950528817,-0.106527028282,
    1.403357590994));
#3283 = CARTESIAN_POINT('',(14.728028619126,-0.13131204417,
    1.405443577991));
#3284 = CARTESIAN_POINT('',(14.74155891256,-0.154676844752,1.40783688962
    ));
#3285 = CARTESIAN_POINT('',(14.781255348857,-0.209314301978,
    1.414304755271));
#3286 = CARTESIAN_POINT('',(14.810332234252,-0.2383412077,1.418604635513
    ));
#3287 = CARTESIAN_POINT('',(14.843740237034,-0.26251885269,
    1.422831203095));
#3288 = CARTESIAN_POINT('',(14.880516916606,-0.281138327691,
    1.426456152565));
#3289 = CARTESIAN_POINT('',(14.919588779841,-0.293717952002,
    1.429023812002));
#3290 = CARTESIAN_POINT('',(14.959808116871,-0.3,1.43030615433));
#3291 = CARTESIAN_POINT('',(15.040191883129,-0.3,1.43030615433));
#3292 = CARTESIAN_POINT('',(15.080411220159,-0.293717952002,
    1.429023812002));
#3293 = CARTESIAN_POINT('',(15.119483083394,-0.281138327691,
    1.426456152565));
#3294 = CARTESIAN_POINT('',(15.156259762965,-0.26251885269,
    1.422831203095));
#3295 = CARTESIAN_POINT('',(15.189667765748,-0.2383412077,1.418604635513
    ));
#3296 = CARTESIAN_POINT('',(15.218744651143,-0.209314301978,
    1.414304755271));
#3297 = CARTESIAN_POINT('',(15.25844108744,-0.154676844752,1.40783688962
    ));
#3298 = CARTESIAN_POINT('',(15.271971380874,-0.13131204417,
    1.405443577991));
#3299 = CARTESIAN_POINT('',(15.283049471183,-0.106527028282,
    1.403357590994));
#3300 = CARTESIAN_POINT('',(15.29148842532,-8.064756340525E-02,
    1.401702336947));
#3301 = CARTESIAN_POINT('',(15.297160946636,-5.402397747883E-02,
    1.400567801086));
#3302 = CARTESIAN_POINT('',(15.3,-2.701917253487E-02,1.4));
#3303 = CARTESIAN_POINT('',(15.3,1.1E-16,1.4));
#3304 = ORIENTED_EDGE('',*,*,#3305,.F.);
#3305 = EDGE_CURVE('',#153,#3275,#3306,.T.);
#3306 = LINE('',#3307,#3308);
#3307 = CARTESIAN_POINT('',(15.3,-7.E-17,0.));
#3308 = VECTOR('',#3309,1.);
#3309 = DIRECTION('',(0.,0.,1.));
#3310 = CYLINDRICAL_SURFACE('',#3311,0.3);
#3311 = AXIS2_PLACEMENT_3D('',#3312,#3313,#3314);
#3312 = CARTESIAN_POINT('',(15.,0.,0.));
#3313 = DIRECTION('',(-0.,-0.,-1.));
#3314 = DIRECTION('',(1.,0.,0.));
#3315 = ADVANCED_FACE('',(#3316),#3334,.T.);
#3316 = FACE_BOUND('',#3317,.T.);
#3317 = EDGE_LOOP('',(#3318,#3319,#3320,#3327,#3328));
#3318 = ORIENTED_EDGE('',*,*,#161,.F.);
#3319 = ORIENTED_EDGE('',*,*,#3305,.T.);
#3320 = ORIENTED_EDGE('',*,*,#3321,.T.);
#3321 = EDGE_CURVE('',#3275,#488,#3322,.T.);
#3322 = CIRCLE('',#3323,1.5);
#3323 = AXIS2_PLACEMENT_3D('',#3324,#3325,#3326);
#3324 = CARTESIAN_POINT('',(15.3,0.,2.9));
#3325 = DIRECTION('',(-1.,0.,0.));
#3326 = DIRECTION('',(0.,-1.,0.));
#3327 = ORIENTED_EDGE('',*,*,#487,.T.);
#3328 = ORIENTED_EDGE('',*,*,#3329,.F.);
#3329 = EDGE_CURVE('',#162,#479,#3330,.T.);
#3330 = LINE('',#3331,#3332);
#3331 = CARTESIAN_POINT('',(15.3,2.5,0.));
#3332 = VECTOR('',#3333,1.);
#3333 = DIRECTION('',(0.,0.,1.));
#3334 = PLANE('',#3335);
#3335 = AXIS2_PLACEMENT_3D('',#3336,#3337,#3338);
#3336 = CARTESIAN_POINT('',(15.3,0.87759356553,1.148718804472));
#3337 = DIRECTION('',(-1.,-0.,-0.));
#3338 = DIRECTION('',(0.,0.,-1.));
#3339 = ADVANCED_FACE('',(#3340),#3351,.F.);
#3340 = FACE_BOUND('',#3341,.T.);
#3341 = EDGE_LOOP('',(#3342,#3343,#3344,#3350));
#3342 = ORIENTED_EDGE('',*,*,#3329,.T.);
#3343 = ORIENTED_EDGE('',*,*,#478,.T.);
#3344 = ORIENTED_EDGE('',*,*,#3345,.F.);
#3345 = EDGE_CURVE('',#170,#471,#3346,.T.);
#3346 = LINE('',#3347,#3348);
#3347 = CARTESIAN_POINT('',(14.7,2.5,0.));
#3348 = VECTOR('',#3349,1.);
#3349 = DIRECTION('',(0.,0.,1.));
#3350 = ORIENTED_EDGE('',*,*,#169,.F.);
#3351 = CYLINDRICAL_SURFACE('',#3352,0.3);
#3352 = AXIS2_PLACEMENT_3D('',#3353,#3354,#3355);
#3353 = CARTESIAN_POINT('',(15.,2.5,0.));
#3354 = DIRECTION('',(-0.,-0.,-1.));
#3355 = DIRECTION('',(1.,0.,0.));
#3356 = ADVANCED_FACE('',(#3357),#3370,.F.);
#3357 = FACE_BOUND('',#3358,.F.);
#3358 = EDGE_LOOP('',(#3359,#3360,#3361,#3368,#3369));
#3359 = ORIENTED_EDGE('',*,*,#178,.F.);
#3360 = ORIENTED_EDGE('',*,*,#3266,.T.);
#3361 = ORIENTED_EDGE('',*,*,#3362,.F.);
#3362 = EDGE_CURVE('',#463,#3267,#3363,.T.);
#3363 = CIRCLE('',#3364,1.5);
#3364 = AXIS2_PLACEMENT_3D('',#3365,#3366,#3367);
#3365 = CARTESIAN_POINT('',(14.7,0.,2.9));
#3366 = DIRECTION('',(-1.,0.,0.));
#3367 = DIRECTION('',(0.,-1.,0.));
#3368 = ORIENTED_EDGE('',*,*,#470,.T.);
#3369 = ORIENTED_EDGE('',*,*,#3345,.F.);
#3370 = PLANE('',#3371);
#3371 = AXIS2_PLACEMENT_3D('',#3372,#3373,#3374);
#3372 = CARTESIAN_POINT('',(14.7,-1.E-16,0.));
#3373 = DIRECTION('',(-1.,0.,0.));
#3374 = DIRECTION('',(0.,1.,0.));
#3375 = ADVANCED_FACE('',(#3376),#3424,.F.);
#3376 = FACE_BOUND('',#3377,.T.);
#3377 = EDGE_LOOP('',(#3378,#3379,#3387,#3418));
#3378 = ORIENTED_EDGE('',*,*,#186,.F.);
#3379 = ORIENTED_EDGE('',*,*,#3380,.T.);
#3380 = EDGE_CURVE('',#187,#3381,#3383,.T.);
#3381 = VERTEX_POINT('',#3382);
#3382 = CARTESIAN_POINT('',(-6.7,2.E-15,1.4));
#3383 = LINE('',#3384,#3385);
#3384 = CARTESIAN_POINT('',(-6.7,1.74E-15,0.));
#3385 = VECTOR('',#3386,1.);
#3386 = DIRECTION('',(0.,0.,1.));
#3387 = ORIENTED_EDGE('',*,*,#3388,.T.);
#3388 = EDGE_CURVE('',#3381,#3389,#3391,.T.);
#3389 = VERTEX_POINT('',#3390);
#3390 = CARTESIAN_POINT('',(-7.3,4.17E-13,1.4));
#3391 = B_SPLINE_CURVE_WITH_KNOTS('',7,(#3392,#3393,#3394,#3395,#3396,
    #3397,#3398,#3399,#3400,#3401,#3402,#3403,#3404,#3405,#3406,#3407,
    #3408,#3409,#3410,#3411,#3412,#3413,#3414,#3415,#3416,#3417),
  .UNSPECIFIED.,.F.,.F.,(8,6,6,6,8),(0.,0.198204052998,0.5,
    0.801795947002,1.),.UNSPECIFIED.);
#3392 = CARTESIAN_POINT('',(-6.7,1.E-16,1.4));
#3393 = CARTESIAN_POINT('',(-6.7,2.701917253488E-02,1.4));
#3394 = CARTESIAN_POINT('',(-6.702839053364,5.402397747873E-02,
    1.400567801086));
#3395 = CARTESIAN_POINT('',(-6.70851157468,8.064756340524E-02,
    1.401702336947));
#3396 = CARTESIAN_POINT('',(-6.716950528817,0.106527028282,
    1.403357590994));
#3397 = CARTESIAN_POINT('',(-6.728028619126,0.131312044169,
    1.405443577991));
#3398 = CARTESIAN_POINT('',(-6.74155891256,0.154676844752,1.40783688962)
  );
#3399 = CARTESIAN_POINT('',(-6.781255348857,0.209314301978,
    1.414304755271));
#3400 = CARTESIAN_POINT('',(-6.810332234252,0.2383412077,1.418604635513)
  );
#3401 = CARTESIAN_POINT('',(-6.843740237034,0.26251885269,1.422831203095
    ));
#3402 = CARTESIAN_POINT('',(-6.880516916606,0.281138327691,
    1.426456152565));
#3403 = CARTESIAN_POINT('',(-6.919588779841,0.293717952002,
    1.429023812002));
#3404 = CARTESIAN_POINT('',(-6.959808116871,0.3,1.43030615433));
#3405 = CARTESIAN_POINT('',(-7.040191883129,0.3,1.43030615433));
#3406 = CARTESIAN_POINT('',(-7.08041122016,0.293717952002,1.429023812002
    ));
#3407 = CARTESIAN_POINT('',(-7.119483083393,0.281138327691,
    1.426456152565));
#3408 = CARTESIAN_POINT('',(-7.156259762966,0.26251885269,1.422831203095
    ));
#3409 = CARTESIAN_POINT('',(-7.189667765748,0.238341207701,
    1.418604635513));
#3410 = CARTESIAN_POINT('',(-7.218744651143,0.209314301978,
    1.414304755271));
#3411 = CARTESIAN_POINT('',(-7.25844108744,0.154676844753,1.40783688962)
  );
#3412 = CARTESIAN_POINT('',(-7.271971380874,0.13131204417,1.405443577991
    ));
#3413 = CARTESIAN_POINT('',(-7.283049471183,0.106527028282,
    1.403357590994));
#3414 = CARTESIAN_POINT('',(-7.29148842532,8.064756340558E-02,
    1.401702336947));
#3415 = CARTESIAN_POINT('',(-7.297160946636,5.402397747906E-02,
    1.400567801086));
#3416 = CARTESIAN_POINT('',(-7.3,2.701917253529E-02,1.4));
#3417 = CARTESIAN_POINT('',(-7.3,4.1733E-13,1.4));
#3418 = ORIENTED_EDGE('',*,*,#3419,.F.);
#3419 = EDGE_CURVE('',#189,#3389,#3420,.T.);
#3420 = LINE('',#3421,#3422);
#3421 = CARTESIAN_POINT('',(-7.3,4.1744E-13,0.));
#3422 = VECTOR('',#3423,1.);
#3423 = DIRECTION('',(0.,0.,1.));
#3424 = CYLINDRICAL_SURFACE('',#3425,0.3);
#3425 = AXIS2_PLACEMENT_3D('',#3426,#3427,#3428);
#3426 = CARTESIAN_POINT('',(-7.,0.,0.));
#3427 = DIRECTION('',(-0.,-0.,-1.));
#3428 = DIRECTION('',(1.,0.,0.));
#3429 = ADVANCED_FACE('',(#3430),#3448,.T.);
#3430 = FACE_BOUND('',#3431,.T.);
#3431 = EDGE_LOOP('',(#3432,#3433,#3434,#3441,#3442));
#3432 = ORIENTED_EDGE('',*,*,#197,.F.);
#3433 = ORIENTED_EDGE('',*,*,#3419,.T.);
#3434 = ORIENTED_EDGE('',*,*,#3435,.T.);
#3435 = EDGE_CURVE('',#3389,#554,#3436,.T.);
#3436 = CIRCLE('',#3437,1.5);
#3437 = AXIS2_PLACEMENT_3D('',#3438,#3439,#3440);
#3438 = CARTESIAN_POINT('',(-7.3,0.,2.9));
#3439 = DIRECTION('',(-1.,0.,0.));
#3440 = DIRECTION('',(0.,-1.,0.));
#3441 = ORIENTED_EDGE('',*,*,#553,.T.);
#3442 = ORIENTED_EDGE('',*,*,#3443,.F.);
#3443 = EDGE_CURVE('',#198,#545,#3444,.T.);
#3444 = LINE('',#3445,#3446);
#3445 = CARTESIAN_POINT('',(-7.3,-2.5,0.));
#3446 = VECTOR('',#3447,1.);
#3447 = DIRECTION('',(0.,0.,1.));
#3448 = PLANE('',#3449);
#3449 = AXIS2_PLACEMENT_3D('',#3450,#3451,#3452);
#3450 = CARTESIAN_POINT('',(-7.3,4.1744E-13,0.));
#3451 = DIRECTION('',(1.,0.,0.));
#3452 = DIRECTION('',(0.,-1.,0.));
#3453 = ADVANCED_FACE('',(#3454),#3465,.F.);
#3454 = FACE_BOUND('',#3455,.T.);
#3455 = EDGE_LOOP('',(#3456,#3457,#3458,#3464));
#3456 = ORIENTED_EDGE('',*,*,#3443,.T.);
#3457 = ORIENTED_EDGE('',*,*,#544,.T.);
#3458 = ORIENTED_EDGE('',*,*,#3459,.F.);
#3459 = EDGE_CURVE('',#206,#537,#3460,.T.);
#3460 = LINE('',#3461,#3462);
#3461 = CARTESIAN_POINT('',(-6.7,-2.5,0.));
#3462 = VECTOR('',#3463,1.);
#3463 = DIRECTION('',(0.,0.,1.));
#3464 = ORIENTED_EDGE('',*,*,#205,.F.);
#3465 = CYLINDRICAL_SURFACE('',#3466,0.3);
#3466 = AXIS2_PLACEMENT_3D('',#3467,#3468,#3469);
#3467 = CARTESIAN_POINT('',(-7.,-2.5,0.));
#3468 = DIRECTION('',(-0.,-0.,-1.));
#3469 = DIRECTION('',(1.,0.,0.));
#3470 = ADVANCED_FACE('',(#3471),#3484,.F.);
#3471 = FACE_BOUND('',#3472,.F.);
#3472 = EDGE_LOOP('',(#3473,#3474,#3475,#3482,#3483));
#3473 = ORIENTED_EDGE('',*,*,#214,.F.);
#3474 = ORIENTED_EDGE('',*,*,#3380,.T.);
#3475 = ORIENTED_EDGE('',*,*,#3476,.T.);
#3476 = EDGE_CURVE('',#3381,#529,#3477,.T.);
#3477 = CIRCLE('',#3478,1.5);
#3478 = AXIS2_PLACEMENT_3D('',#3479,#3480,#3481);
#3479 = CARTESIAN_POINT('',(-6.7,0.,2.9));
#3480 = DIRECTION('',(-1.,0.,0.));
#3481 = DIRECTION('',(0.,-1.,0.));
#3482 = ORIENTED_EDGE('',*,*,#536,.T.);
#3483 = ORIENTED_EDGE('',*,*,#3459,.F.);
#3484 = PLANE('',#3485);
#3485 = AXIS2_PLACEMENT_3D('',#3486,#3487,#3488);
#3486 = CARTESIAN_POINT('',(-6.7,1.74E-15,0.));
#3487 = DIRECTION('',(1.,0.,0.));
#3488 = DIRECTION('',(0.,-1.,0.));
#3489 = ADVANCED_FACE('',(#3490),#3538,.F.);
#3490 = FACE_BOUND('',#3491,.T.);
#3491 = EDGE_LOOP('',(#3492,#3493,#3501,#3532));
#3492 = ORIENTED_EDGE('',*,*,#222,.F.);
#3493 = ORIENTED_EDGE('',*,*,#3494,.T.);
#3494 = EDGE_CURVE('',#223,#3495,#3497,.T.);
#3495 = VERTEX_POINT('',#3496);
#3496 = CARTESIAN_POINT('',(10.3,0.,1.4));
#3497 = LINE('',#3498,#3499);
#3498 = CARTESIAN_POINT('',(10.3,3.E-17,0.));
#3499 = VECTOR('',#3500,1.);
#3500 = DIRECTION('',(0.,0.,1.));
#3501 = ORIENTED_EDGE('',*,*,#3502,.T.);
#3502 = EDGE_CURVE('',#3495,#3503,#3505,.T.);
#3503 = VERTEX_POINT('',#3504);
#3504 = CARTESIAN_POINT('',(9.7,0.,1.4));
#3505 = B_SPLINE_CURVE_WITH_KNOTS('',7,(#3506,#3507,#3508,#3509,#3510,
    #3511,#3512,#3513,#3514,#3515,#3516,#3517,#3518,#3519,#3520,#3521,
    #3522,#3523,#3524,#3525,#3526,#3527,#3528,#3529,#3530,#3531),
  .UNSPECIFIED.,.F.,.F.,(8,6,6,6,8),(0.,0.198204052998,0.5,
    0.801795947002,1.),.UNSPECIFIED.);
#3506 = CARTESIAN_POINT('',(10.3,1.E-16,1.4));
#3507 = CARTESIAN_POINT('',(10.3,2.701917253491E-02,1.4));
#3508 = CARTESIAN_POINT('',(10.297160946636,5.402397747875E-02,
    1.400567801086));
#3509 = CARTESIAN_POINT('',(10.29148842532,8.064756340527E-02,
    1.401702336947));
#3510 = CARTESIAN_POINT('',(10.283049471183,0.106527028282,
    1.403357590994));
#3511 = CARTESIAN_POINT('',(10.271971380874,0.13131204417,1.405443577991
    ));
#3512 = CARTESIAN_POINT('',(10.25844108744,0.154676844752,1.40783688962)
  );
#3513 = CARTESIAN_POINT('',(10.218744651143,0.209314301978,
    1.414304755271));
#3514 = CARTESIAN_POINT('',(10.189667765748,0.2383412077,1.418604635513)
  );
#3515 = CARTESIAN_POINT('',(10.156259762965,0.26251885269,1.422831203095
    ));
#3516 = CARTESIAN_POINT('',(10.119483083394,0.281138327691,
    1.426456152565));
#3517 = CARTESIAN_POINT('',(10.080411220159,0.293717952002,
    1.429023812002));
#3518 = CARTESIAN_POINT('',(10.040191883129,0.3,1.43030615433));
#3519 = CARTESIAN_POINT('',(9.959808116871,0.3,1.43030615433));
#3520 = CARTESIAN_POINT('',(9.919588779841,0.293717952002,1.429023812002
    ));
#3521 = CARTESIAN_POINT('',(9.880516916607,0.281138327691,1.426456152565
    ));
#3522 = CARTESIAN_POINT('',(9.843740237034,0.26251885269,1.422831203095)
  );
#3523 = CARTESIAN_POINT('',(9.810332234252,0.238341207701,1.418604635513
    ));
#3524 = CARTESIAN_POINT('',(9.781255348857,0.209314301978,1.414304755271
    ));
#3525 = CARTESIAN_POINT('',(9.74155891256,0.154676844752,1.40783688962)
  );
#3526 = CARTESIAN_POINT('',(9.728028619126,0.13131204417,1.405443577991)
  );
#3527 = CARTESIAN_POINT('',(9.716950528817,0.106527028282,1.403357590994
    ));
#3528 = CARTESIAN_POINT('',(9.70851157468,8.064756340526E-02,
    1.401702336947));
#3529 = CARTESIAN_POINT('',(9.702839053364,5.402397747881E-02,
    1.400567801086));
#3530 = CARTESIAN_POINT('',(9.7,2.701917253487E-02,1.4));
#3531 = CARTESIAN_POINT('',(9.7,1.9E-16,1.4));
#3532 = ORIENTED_EDGE('',*,*,#3533,.F.);
#3533 = EDGE_CURVE('',#225,#3503,#3534,.T.);
#3534 = LINE('',#3535,#3536);
#3535 = CARTESIAN_POINT('',(9.7,4.E-17,0.));
#3536 = VECTOR('',#3537,1.);
#3537 = DIRECTION('',(0.,0.,1.));
#3538 = CYLINDRICAL_SURFACE('',#3539,0.3);
#3539 = AXIS2_PLACEMENT_3D('',#3540,#3541,#3542);
#3540 = CARTESIAN_POINT('',(10.,0.,0.));
#3541 = DIRECTION('',(-0.,-0.,-1.));
#3542 = DIRECTION('',(1.,0.,0.));
#3543 = ADVANCED_FACE('',(#3544),#3562,.T.);
#3544 = FACE_BOUND('',#3545,.T.);
#3545 = EDGE_LOOP('',(#3546,#3547,#3548,#3555,#3556));
#3546 = ORIENTED_EDGE('',*,*,#233,.F.);
#3547 = ORIENTED_EDGE('',*,*,#3533,.T.);
#3548 = ORIENTED_EDGE('',*,*,#3549,.T.);
#3549 = EDGE_CURVE('',#3503,#521,#3550,.T.);
#3550 = CIRCLE('',#3551,1.5);
#3551 = AXIS2_PLACEMENT_3D('',#3552,#3553,#3554);
#3552 = CARTESIAN_POINT('',(9.7,0.,2.9));
#3553 = DIRECTION('',(-1.,0.,0.));
#3554 = DIRECTION('',(0.,-1.,0.));
#3555 = ORIENTED_EDGE('',*,*,#520,.T.);
#3556 = ORIENTED_EDGE('',*,*,#3557,.F.);
#3557 = EDGE_CURVE('',#234,#512,#3558,.T.);
#3558 = LINE('',#3559,#3560);
#3559 = CARTESIAN_POINT('',(9.7,-2.5,0.));
#3560 = VECTOR('',#3561,1.);
#3561 = DIRECTION('',(0.,0.,1.));
#3562 = PLANE('',#3563);
#3563 = AXIS2_PLACEMENT_3D('',#3564,#3565,#3566);
#3564 = CARTESIAN_POINT('',(9.7,4.E-17,0.));
#3565 = DIRECTION('',(1.,0.,0.));
#3566 = DIRECTION('',(0.,-1.,0.));
#3567 = ADVANCED_FACE('',(#3568),#3579,.F.);
#3568 = FACE_BOUND('',#3569,.T.);
#3569 = EDGE_LOOP('',(#3570,#3571,#3572,#3578));
#3570 = ORIENTED_EDGE('',*,*,#3557,.T.);
#3571 = ORIENTED_EDGE('',*,*,#511,.T.);
#3572 = ORIENTED_EDGE('',*,*,#3573,.F.);
#3573 = EDGE_CURVE('',#242,#504,#3574,.T.);
#3574 = LINE('',#3575,#3576);
#3575 = CARTESIAN_POINT('',(10.3,-2.5,0.));
#3576 = VECTOR('',#3577,1.);
#3577 = DIRECTION('',(0.,0.,1.));
#3578 = ORIENTED_EDGE('',*,*,#241,.F.);
#3579 = CYLINDRICAL_SURFACE('',#3580,0.3);
#3580 = AXIS2_PLACEMENT_3D('',#3581,#3582,#3583);
#3581 = CARTESIAN_POINT('',(10.,-2.5,0.));
#3582 = DIRECTION('',(-0.,-0.,-1.));
#3583 = DIRECTION('',(1.,0.,0.));
#3584 = ADVANCED_FACE('',(#3585),#3598,.F.);
#3585 = FACE_BOUND('',#3586,.F.);
#3586 = EDGE_LOOP('',(#3587,#3588,#3589,#3596,#3597));
#3587 = ORIENTED_EDGE('',*,*,#250,.F.);
#3588 = ORIENTED_EDGE('',*,*,#3494,.T.);
#3589 = ORIENTED_EDGE('',*,*,#3590,.T.);
#3590 = EDGE_CURVE('',#3495,#496,#3591,.T.);
#3591 = CIRCLE('',#3592,1.5);
#3592 = AXIS2_PLACEMENT_3D('',#3593,#3594,#3595);
#3593 = CARTESIAN_POINT('',(10.3,0.,2.9));
#3594 = DIRECTION('',(-1.,0.,0.));
#3595 = DIRECTION('',(0.,-1.,0.));
#3596 = ORIENTED_EDGE('',*,*,#503,.T.);
#3597 = ORIENTED_EDGE('',*,*,#3573,.F.);
#3598 = PLANE('',#3599);
#3599 = AXIS2_PLACEMENT_3D('',#3600,#3601,#3602);
#3600 = CARTESIAN_POINT('',(10.3,3.E-17,0.));
#3601 = DIRECTION('',(1.,0.,0.));
#3602 = DIRECTION('',(0.,-1.,0.));
#3603 = ADVANCED_FACE('',(#3604),#3652,.F.);
#3604 = FACE_BOUND('',#3605,.T.);
#3605 = EDGE_LOOP('',(#3606,#3607,#3615,#3646));
#3606 = ORIENTED_EDGE('',*,*,#258,.F.);
#3607 = ORIENTED_EDGE('',*,*,#3608,.T.);
#3608 = EDGE_CURVE('',#259,#3609,#3611,.T.);
#3609 = VERTEX_POINT('',#3610);
#3610 = CARTESIAN_POINT('',(-5.3,0.,1.4));
#3611 = LINE('',#3612,#3613);
#3612 = CARTESIAN_POINT('',(-5.3,-1.E-16,0.));
#3613 = VECTOR('',#3614,1.);
#3614 = DIRECTION('',(0.,0.,1.));
#3615 = ORIENTED_EDGE('',*,*,#3616,.T.);
#3616 = EDGE_CURVE('',#3609,#3617,#3619,.T.);
#3617 = VERTEX_POINT('',#3618);
#3618 = CARTESIAN_POINT('',(-4.7,0.,1.4));
#3619 = B_SPLINE_CURVE_WITH_KNOTS('',7,(#3620,#3621,#3622,#3623,#3624,
    #3625,#3626,#3627,#3628,#3629,#3630,#3631,#3632,#3633,#3634,#3635,
    #3636,#3637,#3638,#3639,#3640,#3641,#3642,#3643,#3644,#3645),
  .UNSPECIFIED.,.F.,.F.,(8,6,6,6,8),(0.,0.198204047622,0.499999992754,
    0.801795944129,1.),.UNSPECIFIED.);
#3620 = CARTESIAN_POINT('',(-5.3,1.7E-16,1.4));
#3621 = CARTESIAN_POINT('',(-5.3,-2.70191725349E-02,1.4));
#3622 = CARTESIAN_POINT('',(-5.297160946636,-5.402397747875E-02,
    1.400567801086));
#3623 = CARTESIAN_POINT('',(-5.29148842532,-8.064756340527E-02,
    1.401702336947));
#3624 = CARTESIAN_POINT('',(-5.283049471183,-0.106527028282,
    1.403357590994));
#3625 = CARTESIAN_POINT('',(-5.271971380874,-0.13131204417,
    1.405443577991));
#3626 = CARTESIAN_POINT('',(-5.25844108744,-0.154676844752,1.40783688962
    ));
#3627 = CARTESIAN_POINT('',(-5.218744650641,-0.209314302669,
    1.414304755353));
#3628 = CARTESIAN_POINT('',(-5.189667766834,-0.238341205843,
    1.418604635285));
#3629 = CARTESIAN_POINT('',(-5.156259762788,-0.262518854772,
    1.422831203348));
#3630 = CARTESIAN_POINT('',(-5.119483081637,-0.281138326604,
    1.426456152446));
#3631 = CARTESIAN_POINT('',(-5.08041122226,-0.293717952217,
    1.429023812019));
#3632 = CARTESIAN_POINT('',(-5.040191882297,-0.3,1.43030615433));
#3633 = CARTESIAN_POINT('',(-4.959808116871,-0.3,1.43030615433));
#3634 = CARTESIAN_POINT('',(-4.919588779841,-0.293717952002,
    1.429023812002));
#3635 = CARTESIAN_POINT('',(-4.880516916606,-0.281138327691,
    1.426456152565));
#3636 = CARTESIAN_POINT('',(-4.843740237034,-0.26251885269,
    1.422831203095));
#3637 = CARTESIAN_POINT('',(-4.810332234252,-0.2383412077,1.418604635513
    ));
#3638 = CARTESIAN_POINT('',(-4.781255348857,-0.209314301978,
    1.414304755271));
#3639 = CARTESIAN_POINT('',(-4.74155891256,-0.154676844752,1.40783688962
    ));
#3640 = CARTESIAN_POINT('',(-4.728028619126,-0.13131204417,
    1.405443577991));
#3641 = CARTESIAN_POINT('',(-4.716950528817,-0.106527028282,
    1.403357590994));
#3642 = CARTESIAN_POINT('',(-4.70851157468,-8.06475634052E-02,
    1.401702336947));
#3643 = CARTESIAN_POINT('',(-4.702839053364,-5.402397747881E-02,
    1.400567801086));
#3644 = CARTESIAN_POINT('',(-4.7,-2.701917253488E-02,1.4));
#3645 = CARTESIAN_POINT('',(-4.7,1.1E-16,1.4));
#3646 = ORIENTED_EDGE('',*,*,#3647,.F.);
#3647 = EDGE_CURVE('',#261,#3617,#3648,.T.);
#3648 = LINE('',#3649,#3650);
#3649 = CARTESIAN_POINT('',(-4.7,-7.E-17,0.));
#3650 = VECTOR('',#3651,1.);
#3651 = DIRECTION('',(0.,0.,1.));
#3652 = CYLINDRICAL_SURFACE('',#3653,0.3);
#3653 = AXIS2_PLACEMENT_3D('',#3654,#3655,#3656);
#3654 = CARTESIAN_POINT('',(-5.,0.,0.));
#3655 = DIRECTION('',(-0.,-0.,-1.));
#3656 = DIRECTION('',(1.,0.,0.));
#3657 = ADVANCED_FACE('',(#3658),#3676,.T.);
#3658 = FACE_BOUND('',#3659,.T.);
#3659 = EDGE_LOOP('',(#3660,#3661,#3662,#3669,#3670));
#3660 = ORIENTED_EDGE('',*,*,#269,.F.);
#3661 = ORIENTED_EDGE('',*,*,#3647,.T.);
#3662 = ORIENTED_EDGE('',*,*,#3663,.F.);
#3663 = EDGE_CURVE('',#455,#3617,#3664,.T.);
#3664 = CIRCLE('',#3665,1.5);
#3665 = AXIS2_PLACEMENT_3D('',#3666,#3667,#3668);
#3666 = CARTESIAN_POINT('',(-4.7,0.,2.9));
#3667 = DIRECTION('',(-1.,0.,0.));
#3668 = DIRECTION('',(0.,-1.,0.));
#3669 = ORIENTED_EDGE('',*,*,#454,.T.);
#3670 = ORIENTED_EDGE('',*,*,#3671,.F.);
#3671 = EDGE_CURVE('',#270,#446,#3672,.T.);
#3672 = LINE('',#3673,#3674);
#3673 = CARTESIAN_POINT('',(-4.7,2.5,0.));
#3674 = VECTOR('',#3675,1.);
#3675 = DIRECTION('',(0.,0.,1.));
#3676 = PLANE('',#3677);
#3677 = AXIS2_PLACEMENT_3D('',#3678,#3679,#3680);
#3678 = CARTESIAN_POINT('',(-4.7,-7.E-17,0.));
#3679 = DIRECTION('',(-1.,0.,0.));
#3680 = DIRECTION('',(0.,1.,0.));
#3681 = ADVANCED_FACE('',(#3682),#3693,.F.);
#3682 = FACE_BOUND('',#3683,.T.);
#3683 = EDGE_LOOP('',(#3684,#3685,#3686,#3692));
#3684 = ORIENTED_EDGE('',*,*,#3671,.T.);
#3685 = ORIENTED_EDGE('',*,*,#445,.T.);
#3686 = ORIENTED_EDGE('',*,*,#3687,.F.);
#3687 = EDGE_CURVE('',#278,#438,#3688,.T.);
#3688 = LINE('',#3689,#3690);
#3689 = CARTESIAN_POINT('',(-5.3,2.5,0.));
#3690 = VECTOR('',#3691,1.);
#3691 = DIRECTION('',(0.,0.,1.));
#3692 = ORIENTED_EDGE('',*,*,#277,.F.);
#3693 = CYLINDRICAL_SURFACE('',#3694,0.3);
#3694 = AXIS2_PLACEMENT_3D('',#3695,#3696,#3697);
#3695 = CARTESIAN_POINT('',(-5.,2.5,0.));
#3696 = DIRECTION('',(-0.,-0.,-1.));
#3697 = DIRECTION('',(1.,0.,0.));
#3698 = ADVANCED_FACE('',(#3699),#3712,.F.);
#3699 = FACE_BOUND('',#3700,.F.);
#3700 = EDGE_LOOP('',(#3701,#3702,#3703,#3710,#3711));
#3701 = ORIENTED_EDGE('',*,*,#286,.F.);
#3702 = ORIENTED_EDGE('',*,*,#3608,.T.);
#3703 = ORIENTED_EDGE('',*,*,#3704,.F.);
#3704 = EDGE_CURVE('',#430,#3609,#3705,.T.);
#3705 = CIRCLE('',#3706,1.5);
#3706 = AXIS2_PLACEMENT_3D('',#3707,#3708,#3709);
#3707 = CARTESIAN_POINT('',(-5.3,0.,2.9));
#3708 = DIRECTION('',(-1.,0.,0.));
#3709 = DIRECTION('',(0.,-1.,0.));
#3710 = ORIENTED_EDGE('',*,*,#437,.T.);
#3711 = ORIENTED_EDGE('',*,*,#3687,.F.);
#3712 = PLANE('',#3713);
#3713 = AXIS2_PLACEMENT_3D('',#3714,#3715,#3716);
#3714 = CARTESIAN_POINT('',(-5.3,-1.E-16,0.));
#3715 = DIRECTION('',(-1.,0.,0.));
#3716 = DIRECTION('',(0.,1.,0.));
#3717 = ADVANCED_FACE('',(#3718),#3766,.F.);
#3718 = FACE_BOUND('',#3719,.T.);
#3719 = EDGE_LOOP('',(#3720,#3721,#3729,#3760));
#3720 = ORIENTED_EDGE('',*,*,#294,.F.);
#3721 = ORIENTED_EDGE('',*,*,#3722,.T.);
#3722 = EDGE_CURVE('',#295,#3723,#3725,.T.);
#3723 = VERTEX_POINT('',#3724);
#3724 = CARTESIAN_POINT('',(-10.3,0.,1.4));
#3725 = LINE('',#3726,#3727);
#3726 = CARTESIAN_POINT('',(-10.3,-1.E-16,0.));
#3727 = VECTOR('',#3728,1.);
#3728 = DIRECTION('',(0.,0.,1.));
#3729 = ORIENTED_EDGE('',*,*,#3730,.T.);
#3730 = EDGE_CURVE('',#3723,#3731,#3733,.T.);
#3731 = VERTEX_POINT('',#3732);
#3732 = CARTESIAN_POINT('',(-9.7,0.,1.4));
#3733 = B_SPLINE_CURVE_WITH_KNOTS('',7,(#3734,#3735,#3736,#3737,#3738,
    #3739,#3740,#3741,#3742,#3743,#3744,#3745,#3746,#3747,#3748,#3749,
    #3750,#3751,#3752,#3753,#3754,#3755,#3756,#3757,#3758,#3759),
  .UNSPECIFIED.,.F.,.F.,(8,6,6,6,8),(0.,0.198204052998,0.5,
    0.801795947002,1.),.UNSPECIFIED.);
#3734 = CARTESIAN_POINT('',(-10.3,1.7E-16,1.4));
#3735 = CARTESIAN_POINT('',(-10.3,-2.701917253489E-02,1.4));
#3736 = CARTESIAN_POINT('',(-10.29716094663,-5.402397747875E-02,
    1.400567801086));
#3737 = CARTESIAN_POINT('',(-10.29148842532,-8.064756340528E-02,
    1.401702336947));
#3738 = CARTESIAN_POINT('',(-10.28304947118,-0.106527028282,
    1.403357590994));
#3739 = CARTESIAN_POINT('',(-10.27197138087,-0.13131204417,
    1.405443577991));
#3740 = CARTESIAN_POINT('',(-10.25844108744,-0.154676844752,
    1.40783688962));
#3741 = CARTESIAN_POINT('',(-10.21874465114,-0.209314301978,
    1.414304755271));
#3742 = CARTESIAN_POINT('',(-10.18966776574,-0.2383412077,1.418604635513
    ));
#3743 = CARTESIAN_POINT('',(-10.15625976296,-0.26251885269,
    1.422831203095));
#3744 = CARTESIAN_POINT('',(-10.11948308339,-0.281138327691,
    1.426456152565));
#3745 = CARTESIAN_POINT('',(-10.08041122015,-0.293717952002,
    1.429023812002));
#3746 = CARTESIAN_POINT('',(-10.04019188312,-0.3,1.43030615433));
#3747 = CARTESIAN_POINT('',(-9.959808116871,-0.3,1.43030615433));
#3748 = CARTESIAN_POINT('',(-9.919588779841,-0.293717952002,
    1.429023812002));
#3749 = CARTESIAN_POINT('',(-9.880516916606,-0.281138327691,
    1.426456152565));
#3750 = CARTESIAN_POINT('',(-9.843740237034,-0.26251885269,
    1.422831203095));
#3751 = CARTESIAN_POINT('',(-9.810332234252,-0.2383412077,1.418604635513
    ));
#3752 = CARTESIAN_POINT('',(-9.781255348857,-0.209314301978,
    1.414304755271));
#3753 = CARTESIAN_POINT('',(-9.74155891256,-0.154676844752,1.40783688962
    ));
#3754 = CARTESIAN_POINT('',(-9.728028619126,-0.13131204417,
    1.405443577991));
#3755 = CARTESIAN_POINT('',(-9.716950528817,-0.106527028282,
    1.403357590994));
#3756 = CARTESIAN_POINT('',(-9.70851157468,-8.064756340522E-02,
    1.401702336947));
#3757 = CARTESIAN_POINT('',(-9.702839053364,-5.402397747881E-02,
    1.400567801086));
#3758 = CARTESIAN_POINT('',(-9.7,-2.701917253489E-02,1.4));
#3759 = CARTESIAN_POINT('',(-9.7,1.1E-16,1.4));
#3760 = ORIENTED_EDGE('',*,*,#3761,.F.);
#3761 = EDGE_CURVE('',#297,#3731,#3762,.T.);
#3762 = LINE('',#3763,#3764);
#3763 = CARTESIAN_POINT('',(-9.7,-7.E-17,0.));
#3764 = VECTOR('',#3765,1.);
#3765 = DIRECTION('',(0.,0.,1.));
#3766 = CYLINDRICAL_SURFACE('',#3767,0.3);
#3767 = AXIS2_PLACEMENT_3D('',#3768,#3769,#3770);
#3768 = CARTESIAN_POINT('',(-10.,0.,0.));
#3769 = DIRECTION('',(-0.,-0.,-1.));
#3770 = DIRECTION('',(1.,0.,0.));
#3771 = ADVANCED_FACE('',(#3772),#3790,.T.);
#3772 = FACE_BOUND('',#3773,.T.);
#3773 = EDGE_LOOP('',(#3774,#3775,#3776,#3783,#3784));
#3774 = ORIENTED_EDGE('',*,*,#305,.F.);
#3775 = ORIENTED_EDGE('',*,*,#3761,.T.);
#3776 = ORIENTED_EDGE('',*,*,#3777,.F.);
#3777 = EDGE_CURVE('',#422,#3731,#3778,.T.);
#3778 = CIRCLE('',#3779,1.5);
#3779 = AXIS2_PLACEMENT_3D('',#3780,#3781,#3782);
#3780 = CARTESIAN_POINT('',(-9.7,0.,2.9));
#3781 = DIRECTION('',(-1.,0.,0.));
#3782 = DIRECTION('',(0.,-1.,0.));
#3783 = ORIENTED_EDGE('',*,*,#421,.T.);
#3784 = ORIENTED_EDGE('',*,*,#3785,.F.);
#3785 = EDGE_CURVE('',#306,#413,#3786,.T.);
#3786 = LINE('',#3787,#3788);
#3787 = CARTESIAN_POINT('',(-9.7,2.5,0.));
#3788 = VECTOR('',#3789,1.);
#3789 = DIRECTION('',(0.,0.,1.));
#3790 = PLANE('',#3791);
#3791 = AXIS2_PLACEMENT_3D('',#3792,#3793,#3794);
#3792 = CARTESIAN_POINT('',(-9.7,-7.E-17,0.));
#3793 = DIRECTION('',(-1.,0.,0.));
#3794 = DIRECTION('',(0.,1.,0.));
#3795 = ADVANCED_FACE('',(#3796),#3807,.F.);
#3796 = FACE_BOUND('',#3797,.T.);
#3797 = EDGE_LOOP('',(#3798,#3799,#3800,#3806));
#3798 = ORIENTED_EDGE('',*,*,#3785,.T.);
#3799 = ORIENTED_EDGE('',*,*,#412,.T.);
#3800 = ORIENTED_EDGE('',*,*,#3801,.F.);
#3801 = EDGE_CURVE('',#314,#405,#3802,.T.);
#3802 = LINE('',#3803,#3804);
#3803 = CARTESIAN_POINT('',(-10.3,2.5,0.));
#3804 = VECTOR('',#3805,1.);
#3805 = DIRECTION('',(0.,0.,1.));
#3806 = ORIENTED_EDGE('',*,*,#313,.F.);
#3807 = CYLINDRICAL_SURFACE('',#3808,0.3);
#3808 = AXIS2_PLACEMENT_3D('',#3809,#3810,#3811);
#3809 = CARTESIAN_POINT('',(-10.,2.5,0.));
#3810 = DIRECTION('',(-0.,-0.,-1.));
#3811 = DIRECTION('',(1.,0.,0.));
#3812 = ADVANCED_FACE('',(#3813),#3826,.F.);
#3813 = FACE_BOUND('',#3814,.F.);
#3814 = EDGE_LOOP('',(#3815,#3816,#3817,#3824,#3825));
#3815 = ORIENTED_EDGE('',*,*,#322,.F.);
#3816 = ORIENTED_EDGE('',*,*,#3722,.T.);
#3817 = ORIENTED_EDGE('',*,*,#3818,.F.);
#3818 = EDGE_CURVE('',#397,#3723,#3819,.T.);
#3819 = CIRCLE('',#3820,1.5);
#3820 = AXIS2_PLACEMENT_3D('',#3821,#3822,#3823);
#3821 = CARTESIAN_POINT('',(-10.3,0.,2.9));
#3822 = DIRECTION('',(-1.,0.,0.));
#3823 = DIRECTION('',(0.,-1.,0.));
#3824 = ORIENTED_EDGE('',*,*,#404,.T.);
#3825 = ORIENTED_EDGE('',*,*,#3801,.F.);
#3826 = PLANE('',#3827);
#3827 = AXIS2_PLACEMENT_3D('',#3828,#3829,#3830);
#3828 = CARTESIAN_POINT('',(-10.3,-1.E-16,0.));
#3829 = DIRECTION('',(-1.,0.,0.));
#3830 = DIRECTION('',(0.,1.,0.));
#3831 = ADVANCED_FACE('',(#3832),#3843,.F.);
#3832 = FACE_BOUND('',#3833,.F.);
#3833 = EDGE_LOOP('',(#3834,#3835,#3841,#3842));
#3834 = ORIENTED_EDGE('',*,*,#799,.F.);
#3835 = ORIENTED_EDGE('',*,*,#3836,.T.);
#3836 = EDGE_CURVE('',#800,#331,#3837,.T.);
#3837 = LINE('',#3838,#3839);
#3838 = CARTESIAN_POINT('',(-3.9,-4.5,2.));
#3839 = VECTOR('',#3840,1.);
#3840 = DIRECTION('',(-0.,-0.,-1.));
#3841 = ORIENTED_EDGE('',*,*,#330,.T.);
#3842 = ORIENTED_EDGE('',*,*,#3836,.F.);
#3843 = CYLINDRICAL_SURFACE('',#3844,1.1);
#3844 = AXIS2_PLACEMENT_3D('',#3845,#3846,#3847);
#3845 = CARTESIAN_POINT('',(-5.,-4.5,2.));
#3846 = DIRECTION('',(0.,0.,1.));
#3847 = DIRECTION('',(1.,0.,0.));
#3848 = ADVANCED_FACE('',(#3849),#3873,.F.);
#3849 = FACE_BOUND('',#3850,.F.);
#3850 = EDGE_LOOP('',(#3851,#3852,#3853,#3854,#3855,#3856,#3857,#3858,
    #3859,#3860,#3861,#3862,#3863,#3864,#3865,#3866,#3867,#3868,#3869,
    #3870,#3871,#3872));
#3851 = ORIENTED_EDGE('',*,*,#3219,.F.);
#3852 = ORIENTED_EDGE('',*,*,#396,.F.);
#3853 = ORIENTED_EDGE('',*,*,#3818,.T.);
#3854 = ORIENTED_EDGE('',*,*,#3730,.T.);
#3855 = ORIENTED_EDGE('',*,*,#3777,.F.);
#3856 = ORIENTED_EDGE('',*,*,#429,.F.);
#3857 = ORIENTED_EDGE('',*,*,#3704,.T.);
#3858 = ORIENTED_EDGE('',*,*,#3616,.T.);
#3859 = ORIENTED_EDGE('',*,*,#3663,.F.);
#3860 = ORIENTED_EDGE('',*,*,#462,.F.);
#3861 = ORIENTED_EDGE('',*,*,#3362,.T.);
#3862 = ORIENTED_EDGE('',*,*,#3274,.T.);
#3863 = ORIENTED_EDGE('',*,*,#3321,.T.);
#3864 = ORIENTED_EDGE('',*,*,#495,.T.);
#3865 = ORIENTED_EDGE('',*,*,#3590,.F.);
#3866 = ORIENTED_EDGE('',*,*,#3502,.T.);
#3867 = ORIENTED_EDGE('',*,*,#3549,.T.);
#3868 = ORIENTED_EDGE('',*,*,#528,.T.);
#3869 = ORIENTED_EDGE('',*,*,#3476,.F.);
#3870 = ORIENTED_EDGE('',*,*,#3388,.T.);
#3871 = ORIENTED_EDGE('',*,*,#3435,.T.);
#3872 = ORIENTED_EDGE('',*,*,#561,.T.);
#3873 = CYLINDRICAL_SURFACE('',#3874,1.5);
#3874 = AXIS2_PLACEMENT_3D('',#3875,#3876,#3877);
#3875 = CARTESIAN_POINT('',(-15.,0.,2.9));
#3876 = DIRECTION('',(-1.,0.,0.));
#3877 = DIRECTION('',(0.,-1.,0.));
#3878 = ADVANCED_FACE('',(#3879),#3904,.T.);
#3879 = FACE_BOUND('',#3880,.T.);
#3880 = EDGE_LOOP('',(#3881,#3882,#3890,#3898));
#3881 = ORIENTED_EDGE('',*,*,#621,.F.);
#3882 = ORIENTED_EDGE('',*,*,#3883,.T.);
#3883 = EDGE_CURVE('',#622,#3884,#3886,.T.);
#3884 = VERTEX_POINT('',#3885);
#3885 = CARTESIAN_POINT('',(-13.05,-4.978758254901,2.6));
#3886 = LINE('',#3887,#3888);
#3887 = CARTESIAN_POINT('',(-13.05,-4.978758254901,2.));
#3888 = VECTOR('',#3889,1.);
#3889 = DIRECTION('',(0.,0.,1.));
#3890 = ORIENTED_EDGE('',*,*,#3891,.T.);
#3891 = EDGE_CURVE('',#3884,#3892,#3894,.T.);
#3892 = VERTEX_POINT('',#3893);
#3893 = CARTESIAN_POINT('',(-13.05,-4.021241745099,2.6));
#3894 = LINE('',#3895,#3896);
#3895 = CARTESIAN_POINT('',(-13.05,-4.522021735739,2.6));
#3896 = VECTOR('',#3897,1.);
#3897 = DIRECTION('',(2.2E-16,1.,0.));
#3898 = ORIENTED_EDGE('',*,*,#3899,.F.);
#3899 = EDGE_CURVE('',#624,#3892,#3900,.T.);
#3900 = LINE('',#3901,#3902);
#3901 = CARTESIAN_POINT('',(-13.05,-4.021241745099,2.));
#3902 = VECTOR('',#3903,1.);
#3903 = DIRECTION('',(0.,0.,1.));
#3904 = PLANE('',#3905);
#3905 = AXIS2_PLACEMENT_3D('',#3906,#3907,#3908);
#3906 = CARTESIAN_POINT('',(-13.05,-4.5,2.3));
#3907 = DIRECTION('',(-1.,-0.,-0.));
#3908 = DIRECTION('',(0.,0.,-1.));
#3909 = ADVANCED_FACE('',(#3910),#3928,.T.);
#3910 = FACE_BOUND('',#3911,.T.);
#3911 = EDGE_LOOP('',(#3912,#3920,#3926,#3927));
#3912 = ORIENTED_EDGE('',*,*,#3913,.T.);
#3913 = EDGE_CURVE('',#784,#3914,#3916,.T.);
#3914 = VERTEX_POINT('',#3915);
#3915 = CARTESIAN_POINT('',(-12.85209037491,-5.598226821278,2.6));
#3916 = LINE('',#3917,#3918);
#3917 = CARTESIAN_POINT('',(-12.85209037491,-5.598226821278,2.));
#3918 = VECTOR('',#3919,1.);
#3919 = DIRECTION('',(0.,0.,1.));
#3920 = ORIENTED_EDGE('',*,*,#3921,.T.);
#3921 = EDGE_CURVE('',#3914,#3884,#3922,.T.);
#3922 = B_SPLINE_CURVE_WITH_KNOTS('',2,(#3923,#3924,#3925),
  .UNSPECIFIED.,.F.,.F.,(3,3),(0.,1.),.PIECEWISE_BEZIER_KNOTS.);
#3923 = CARTESIAN_POINT('',(-12.85209037491,-5.598226821278,2.6));
#3924 = CARTESIAN_POINT('',(-13.05,-5.400603192762,2.6));
#3925 = CARTESIAN_POINT('',(-13.05,-4.978758254901,2.6));
#3926 = ORIENTED_EDGE('',*,*,#3883,.F.);
#3927 = ORIENTED_EDGE('',*,*,#791,.F.);
#3928 = SURFACE_OF_LINEAR_EXTRUSION('',#3929,#3933);
#3929 = B_SPLINE_CURVE_WITH_KNOTS('',2,(#3930,#3931,#3932),
  .UNSPECIFIED.,.F.,.F.,(3,3),(0.,1.),.PIECEWISE_BEZIER_KNOTS.);
#3930 = CARTESIAN_POINT('',(-12.85209037491,-5.598226821278,2.));
#3931 = CARTESIAN_POINT('',(-13.05,-5.400603192762,2.));
#3932 = CARTESIAN_POINT('',(-13.05,-4.978758254901,2.));
#3933 = VECTOR('',#3934,1.);
#3934 = DIRECTION('',(-0.,-0.,-1.));
#3935 = ADVANCED_FACE('',(#3936),#3954,.T.);
#3936 = FACE_BOUND('',#3937,.T.);
#3937 = EDGE_LOOP('',(#3938,#3939,#3947,#3953));
#3938 = ORIENTED_EDGE('',*,*,#3899,.T.);
#3939 = ORIENTED_EDGE('',*,*,#3940,.T.);
#3940 = EDGE_CURVE('',#3892,#3941,#3943,.T.);
#3941 = VERTEX_POINT('',#3942);
#3942 = CARTESIAN_POINT('',(-12.85209037491,-3.401773178722,2.6));
#3943 = B_SPLINE_CURVE_WITH_KNOTS('',2,(#3944,#3945,#3946),
  .UNSPECIFIED.,.F.,.F.,(3,3),(0.,1.),.PIECEWISE_BEZIER_KNOTS.);
#3944 = CARTESIAN_POINT('',(-13.05,-4.021241745099,2.6));
#3945 = CARTESIAN_POINT('',(-13.05,-3.599396807238,2.6));
#3946 = CARTESIAN_POINT('',(-12.85209037491,-3.401773178722,2.6));
#3947 = ORIENTED_EDGE('',*,*,#3948,.F.);
#3948 = EDGE_CURVE('',#632,#3941,#3949,.T.);
#3949 = LINE('',#3950,#3951);
#3950 = CARTESIAN_POINT('',(-12.85209037491,-3.401773178722,2.));
#3951 = VECTOR('',#3952,1.);
#3952 = DIRECTION('',(0.,0.,1.));
#3953 = ORIENTED_EDGE('',*,*,#631,.F.);
#3954 = SURFACE_OF_LINEAR_EXTRUSION('',#3955,#3959);
#3955 = B_SPLINE_CURVE_WITH_KNOTS('',2,(#3956,#3957,#3958),
  .UNSPECIFIED.,.F.,.F.,(3,3),(0.,1.),.PIECEWISE_BEZIER_KNOTS.);
#3956 = CARTESIAN_POINT('',(-13.05,-4.021241745099,2.));
#3957 = CARTESIAN_POINT('',(-13.05,-3.599396807238,2.));
#3958 = CARTESIAN_POINT('',(-12.85209037491,-3.401773178722,2.));
#3959 = VECTOR('',#3960,1.);
#3960 = DIRECTION('',(-0.,-0.,-1.));
#3961 = ADVANCED_FACE('',(#3962),#3980,.T.);
#3962 = FACE_BOUND('',#3963,.T.);
#3963 = EDGE_LOOP('',(#3964,#3972,#3978,#3979));
#3964 = ORIENTED_EDGE('',*,*,#3965,.T.);
#3965 = EDGE_CURVE('',#776,#3966,#3968,.T.);
#3966 = VERTEX_POINT('',#3967);
#3967 = CARTESIAN_POINT('',(-12.27666528001,-5.795850449795,2.6));
#3968 = LINE('',#3969,#3970);
#3969 = CARTESIAN_POINT('',(-12.27666528001,-5.795850449795,2.));
#3970 = VECTOR('',#3971,1.);
#3971 = DIRECTION('',(0.,0.,1.));
#3972 = ORIENTED_EDGE('',*,*,#3973,.T.);
#3973 = EDGE_CURVE('',#3966,#3914,#3974,.T.);
#3974 = B_SPLINE_CURVE_WITH_KNOTS('',2,(#3975,#3976,#3977),
  .UNSPECIFIED.,.F.,.F.,(3,3),(0.,1.),.PIECEWISE_BEZIER_KNOTS.);
#3975 = CARTESIAN_POINT('',(-12.27666528001,-5.795850449795,2.6));
#3976 = CARTESIAN_POINT('',(-12.65446674639,-5.795850449795,2.6));
#3977 = CARTESIAN_POINT('',(-12.85209037491,-5.598226821278,2.6));
#3978 = ORIENTED_EDGE('',*,*,#3913,.F.);
#3979 = ORIENTED_EDGE('',*,*,#783,.F.);
#3980 = SURFACE_OF_LINEAR_EXTRUSION('',#3981,#3985);
#3981 = B_SPLINE_CURVE_WITH_KNOTS('',2,(#3982,#3983,#3984),
  .UNSPECIFIED.,.F.,.F.,(3,3),(0.,1.),.PIECEWISE_BEZIER_KNOTS.);
#3982 = CARTESIAN_POINT('',(-12.27666528001,-5.795850449795,2.));
#3983 = CARTESIAN_POINT('',(-12.65446674639,-5.795850449795,2.));
#3984 = CARTESIAN_POINT('',(-12.85209037491,-5.598226821278,2.));
#3985 = VECTOR('',#3986,1.);
#3986 = DIRECTION('',(-0.,-0.,-1.));
#3987 = ADVANCED_FACE('',(#3988),#4006,.T.);
#3988 = FACE_BOUND('',#3989,.T.);
#3989 = EDGE_LOOP('',(#3990,#3991,#3999,#4005));
#3990 = ORIENTED_EDGE('',*,*,#3948,.T.);
#3991 = ORIENTED_EDGE('',*,*,#3992,.T.);
#3992 = EDGE_CURVE('',#3941,#3993,#3995,.T.);
#3993 = VERTEX_POINT('',#3994);
#3994 = CARTESIAN_POINT('',(-12.27666528001,-3.204149550205,2.6));
#3995 = B_SPLINE_CURVE_WITH_KNOTS('',2,(#3996,#3997,#3998),
  .UNSPECIFIED.,.F.,.F.,(3,3),(0.,1.),.PIECEWISE_BEZIER_KNOTS.);
#3996 = CARTESIAN_POINT('',(-12.85209037491,-3.401773178722,2.6));
#3997 = CARTESIAN_POINT('',(-12.65446674639,-3.204149550205,2.6));
#3998 = CARTESIAN_POINT('',(-12.27666528001,-3.204149550205,2.6));
#3999 = ORIENTED_EDGE('',*,*,#4000,.F.);
#4000 = EDGE_CURVE('',#640,#3993,#4001,.T.);
#4001 = LINE('',#4002,#4003);
#4002 = CARTESIAN_POINT('',(-12.27666528001,-3.204149550205,2.));
#4003 = VECTOR('',#4004,1.);
#4004 = DIRECTION('',(0.,0.,1.));
#4005 = ORIENTED_EDGE('',*,*,#639,.F.);
#4006 = SURFACE_OF_LINEAR_EXTRUSION('',#4007,#4011);
#4007 = B_SPLINE_CURVE_WITH_KNOTS('',2,(#4008,#4009,#4010),
  .UNSPECIFIED.,.F.,.F.,(3,3),(0.,1.),.PIECEWISE_BEZIER_KNOTS.);
#4008 = CARTESIAN_POINT('',(-12.85209037491,-3.401773178722,2.));
#4009 = CARTESIAN_POINT('',(-12.65446674639,-3.204149550205,2.));
#4010 = CARTESIAN_POINT('',(-12.27666528001,-3.204149550205,2.));
#4011 = VECTOR('',#4012,1.);
#4012 = DIRECTION('',(-0.,-0.,-1.));
#4013 = ADVANCED_FACE('',(#4014),#4032,.T.);
#4014 = FACE_BOUND('',#4015,.T.);
#4015 = EDGE_LOOP('',(#4016,#4024,#4030,#4031));
#4016 = ORIENTED_EDGE('',*,*,#4017,.T.);
#4017 = EDGE_CURVE('',#768,#4018,#4020,.T.);
#4018 = VERTEX_POINT('',#4019);
#4019 = CARTESIAN_POINT('',(-10.86212625448,-5.795850449795,2.6));
#4020 = LINE('',#4021,#4022);
#4021 = CARTESIAN_POINT('',(-10.86212625448,-5.795850449795,2.));
#4022 = VECTOR('',#4023,1.);
#4023 = DIRECTION('',(0.,0.,1.));
#4024 = ORIENTED_EDGE('',*,*,#4025,.T.);
#4025 = EDGE_CURVE('',#4018,#3966,#4026,.T.);
#4026 = LINE('',#4027,#4028);
#4027 = CARTESIAN_POINT('',(-10.86212625448,-5.795850449795,2.6));
#4028 = VECTOR('',#4029,1.);
#4029 = DIRECTION('',(-1.,0.,0.));
#4030 = ORIENTED_EDGE('',*,*,#3965,.F.);
#4031 = ORIENTED_EDGE('',*,*,#775,.F.);
#4032 = PLANE('',#4033);
#4033 = AXIS2_PLACEMENT_3D('',#4034,#4035,#4036);
#4034 = CARTESIAN_POINT('',(-10.86212625448,-5.795850449795,2.));
#4035 = DIRECTION('',(-2.2E-16,-1.,0.));
#4036 = DIRECTION('',(-1.,2.2E-16,0.));
#4037 = ADVANCED_FACE('',(#4038),#4056,.T.);
#4038 = FACE_BOUND('',#4039,.T.);
#4039 = EDGE_LOOP('',(#4040,#4041,#4049,#4055));
#4040 = ORIENTED_EDGE('',*,*,#4000,.T.);
#4041 = ORIENTED_EDGE('',*,*,#4042,.T.);
#4042 = EDGE_CURVE('',#3993,#4043,#4045,.T.);
#4043 = VERTEX_POINT('',#4044);
#4044 = CARTESIAN_POINT('',(-10.86212625448,-3.204149550205,2.6));
#4045 = LINE('',#4046,#4047);
#4046 = CARTESIAN_POINT('',(-12.27666528001,-3.204149550205,2.6));
#4047 = VECTOR('',#4048,1.);
#4048 = DIRECTION('',(1.,0.,0.));
#4049 = ORIENTED_EDGE('',*,*,#4050,.F.);
#4050 = EDGE_CURVE('',#648,#4043,#4051,.T.);
#4051 = LINE('',#4052,#4053);
#4052 = CARTESIAN_POINT('',(-10.86212625448,-3.204149550205,2.));
#4053 = VECTOR('',#4054,1.);
#4054 = DIRECTION('',(0.,0.,1.));
#4055 = ORIENTED_EDGE('',*,*,#647,.F.);
#4056 = PLANE('',#4057);
#4057 = AXIS2_PLACEMENT_3D('',#4058,#4059,#4060);
#4058 = CARTESIAN_POINT('',(-12.27666528001,-3.204149550205,2.));
#4059 = DIRECTION('',(2.2E-16,1.,0.));
#4060 = DIRECTION('',(1.,-2.2E-16,0.));
#4061 = ADVANCED_FACE('',(#4062),#4080,.T.);
#4062 = FACE_BOUND('',#4063,.T.);
#4063 = EDGE_LOOP('',(#4064,#4072,#4078,#4079));
#4064 = ORIENTED_EDGE('',*,*,#4065,.T.);
#4065 = EDGE_CURVE('',#760,#4066,#4068,.T.);
#4066 = VERTEX_POINT('',#4067);
#4067 = CARTESIAN_POINT('',(-10.49748063023,-5.708049503406,2.6));
#4068 = LINE('',#4069,#4070);
#4069 = CARTESIAN_POINT('',(-10.49748063023,-5.708049503406,2.));
#4070 = VECTOR('',#4071,1.);
#4071 = DIRECTION('',(0.,0.,1.));
#4072 = ORIENTED_EDGE('',*,*,#4073,.T.);
#4073 = EDGE_CURVE('',#4066,#4018,#4074,.T.);
#4074 = B_SPLINE_CURVE_WITH_KNOTS('',2,(#4075,#4076,#4077),
  .UNSPECIFIED.,.F.,.F.,(3,3),(0.,1.),.PIECEWISE_BEZIER_KNOTS.);
#4075 = CARTESIAN_POINT('',(-10.49748063023,-5.708049503406,2.6));
#4076 = CARTESIAN_POINT('',(-10.63390099318,-5.795850449795,2.6));
#4077 = CARTESIAN_POINT('',(-10.86212625448,-5.795850449795,2.6));
#4078 = ORIENTED_EDGE('',*,*,#4017,.F.);
#4079 = ORIENTED_EDGE('',*,*,#767,.F.);
#4080 = SURFACE_OF_LINEAR_EXTRUSION('',#4081,#4085);
#4081 = B_SPLINE_CURVE_WITH_KNOTS('',2,(#4082,#4083,#4084),
  .UNSPECIFIED.,.F.,.F.,(3,3),(0.,1.),.PIECEWISE_BEZIER_KNOTS.);
#4082 = CARTESIAN_POINT('',(-10.49748063023,-5.708049503406,2.));
#4083 = CARTESIAN_POINT('',(-10.63390099318,-5.795850449795,2.));
#4084 = CARTESIAN_POINT('',(-10.86212625448,-5.795850449795,2.));
#4085 = VECTOR('',#4086,1.);
#4086 = DIRECTION('',(-0.,-0.,-1.));
#4087 = ADVANCED_FACE('',(#4088),#4106,.T.);
#4088 = FACE_BOUND('',#4089,.T.);
#4089 = EDGE_LOOP('',(#4090,#4091,#4099,#4105));
#4090 = ORIENTED_EDGE('',*,*,#4050,.T.);
#4091 = ORIENTED_EDGE('',*,*,#4092,.T.);
#4092 = EDGE_CURVE('',#4043,#4093,#4095,.T.);
#4093 = VERTEX_POINT('',#4094);
#4094 = CARTESIAN_POINT('',(-10.49748063023,-3.291950496594,2.6));
#4095 = B_SPLINE_CURVE_WITH_KNOTS('',2,(#4096,#4097,#4098),
  .UNSPECIFIED.,.F.,.F.,(3,3),(0.,1.),.PIECEWISE_BEZIER_KNOTS.);
#4096 = CARTESIAN_POINT('',(-10.86212625448,-3.204149550205,2.6));
#4097 = CARTESIAN_POINT('',(-10.63390099318,-3.204149550205,2.6));
#4098 = CARTESIAN_POINT('',(-10.49748063023,-3.291950496594,2.6));
#4099 = ORIENTED_EDGE('',*,*,#4100,.F.);
#4100 = EDGE_CURVE('',#656,#4093,#4101,.T.);
#4101 = LINE('',#4102,#4103);
#4102 = CARTESIAN_POINT('',(-10.49748063023,-3.291950496594,2.));
#4103 = VECTOR('',#4104,1.);
#4104 = DIRECTION('',(0.,0.,1.));
#4105 = ORIENTED_EDGE('',*,*,#655,.F.);
#4106 = SURFACE_OF_LINEAR_EXTRUSION('',#4107,#4111);
#4107 = B_SPLINE_CURVE_WITH_KNOTS('',2,(#4108,#4109,#4110),
  .UNSPECIFIED.,.F.,.F.,(3,3),(0.,1.),.PIECEWISE_BEZIER_KNOTS.);
#4108 = CARTESIAN_POINT('',(-10.86212625448,-3.204149550205,2.));
#4109 = CARTESIAN_POINT('',(-10.63390099318,-3.204149550205,2.));
#4110 = CARTESIAN_POINT('',(-10.49748063023,-3.291950496594,2.));
#4111 = VECTOR('',#4112,1.);
#4112 = DIRECTION('',(-0.,-0.,-1.));
#4113 = ADVANCED_FACE('',(#4114),#4132,.T.);
#4114 = FACE_BOUND('',#4115,.T.);
#4115 = EDGE_LOOP('',(#4116,#4124,#4130,#4131));
#4116 = ORIENTED_EDGE('',*,*,#4117,.T.);
#4117 = EDGE_CURVE('',#752,#4118,#4120,.T.);
#4118 = VERTEX_POINT('',#4119);
#4119 = CARTESIAN_POINT('',(-10.31758878893,-5.453226561281,2.6));
#4120 = LINE('',#4121,#4122);
#4121 = CARTESIAN_POINT('',(-10.31758878893,-5.453226561281,2.));
#4122 = VECTOR('',#4123,1.);
#4123 = DIRECTION('',(0.,0.,1.));
#4124 = ORIENTED_EDGE('',*,*,#4125,.T.);
#4125 = EDGE_CURVE('',#4118,#4066,#4126,.T.);
#4126 = B_SPLINE_CURVE_WITH_KNOTS('',2,(#4127,#4128,#4129),
  .UNSPECIFIED.,.F.,.F.,(3,3),(0.,1.),.PIECEWISE_BEZIER_KNOTS.);
#4127 = CARTESIAN_POINT('',(-10.31758878893,-5.453226561281,2.6));
#4128 = CARTESIAN_POINT('',(-10.36134626384,-5.620248557017,2.6));
#4129 = CARTESIAN_POINT('',(-10.49748063023,-5.708049503406,2.6));
#4130 = ORIENTED_EDGE('',*,*,#4065,.F.);
#4131 = ORIENTED_EDGE('',*,*,#759,.F.);
#4132 = SURFACE_OF_LINEAR_EXTRUSION('',#4133,#4137);
#4133 = B_SPLINE_CURVE_WITH_KNOTS('',2,(#4134,#4135,#4136),
  .UNSPECIFIED.,.F.,.F.,(3,3),(0.,1.),.PIECEWISE_BEZIER_KNOTS.);
#4134 = CARTESIAN_POINT('',(-10.31758878893,-5.453226561281,2.));
#4135 = CARTESIAN_POINT('',(-10.36134626384,-5.620248557017,2.));
#4136 = CARTESIAN_POINT('',(-10.49748063023,-5.708049503406,2.));
#4137 = VECTOR('',#4138,1.);
#4138 = DIRECTION('',(-0.,-0.,-1.));
#4139 = ADVANCED_FACE('',(#4140),#4158,.T.);
#4140 = FACE_BOUND('',#4141,.T.);
#4141 = EDGE_LOOP('',(#4142,#4143,#4151,#4157));
#4142 = ORIENTED_EDGE('',*,*,#4100,.T.);
#4143 = ORIENTED_EDGE('',*,*,#4144,.T.);
#4144 = EDGE_CURVE('',#4093,#4145,#4147,.T.);
#4145 = VERTEX_POINT('',#4146);
#4146 = CARTESIAN_POINT('',(-10.31758878893,-3.546773438719,2.6));
#4147 = B_SPLINE_CURVE_WITH_KNOTS('',2,(#4148,#4149,#4150),
  .UNSPECIFIED.,.F.,.F.,(3,3),(0.,1.),.PIECEWISE_BEZIER_KNOTS.);
#4148 = CARTESIAN_POINT('',(-10.49748063023,-3.291950496594,2.6));
#4149 = CARTESIAN_POINT('',(-10.36134626384,-3.379751442983,2.6));
#4150 = CARTESIAN_POINT('',(-10.31758878893,-3.546773438719,2.6));
#4151 = ORIENTED_EDGE('',*,*,#4152,.F.);
#4152 = EDGE_CURVE('',#664,#4145,#4153,.T.);
#4153 = LINE('',#4154,#4155);
#4154 = CARTESIAN_POINT('',(-10.31758878893,-3.546773438719,2.));
#4155 = VECTOR('',#4156,1.);
#4156 = DIRECTION('',(0.,0.,1.));
#4157 = ORIENTED_EDGE('',*,*,#663,.F.);
#4158 = SURFACE_OF_LINEAR_EXTRUSION('',#4159,#4163);
#4159 = B_SPLINE_CURVE_WITH_KNOTS('',2,(#4160,#4161,#4162),
  .UNSPECIFIED.,.F.,.F.,(3,3),(0.,1.),.PIECEWISE_BEZIER_KNOTS.);
#4160 = CARTESIAN_POINT('',(-10.49748063023,-3.291950496594,2.));
#4161 = CARTESIAN_POINT('',(-10.36134626384,-3.379751442983,2.));
#4162 = CARTESIAN_POINT('',(-10.31758878893,-3.546773438719,2.));
#4163 = VECTOR('',#4164,1.);
#4164 = DIRECTION('',(-0.,-0.,-1.));
#4165 = ADVANCED_FACE('',(#4166),#4184,.T.);
#4166 = FACE_BOUND('',#4167,.T.);
#4167 = EDGE_LOOP('',(#4168,#4176,#4182,#4183));
#4168 = ORIENTED_EDGE('',*,*,#4169,.T.);
#4169 = EDGE_CURVE('',#744,#4170,#4172,.T.);
#4170 = VERTEX_POINT('',#4171);
#4171 = CARTESIAN_POINT('',(-10.15056679319,-5.708049503406,2.6));
#4172 = LINE('',#4173,#4174);
#4173 = CARTESIAN_POINT('',(-10.15056679319,-5.708049503406,2.));
#4174 = VECTOR('',#4175,1.);
#4175 = DIRECTION('',(0.,0.,1.));
#4176 = ORIENTED_EDGE('',*,*,#4177,.T.);
#4177 = EDGE_CURVE('',#4170,#4118,#4178,.T.);
#4178 = B_SPLINE_CURVE_WITH_KNOTS('',2,(#4179,#4180,#4181),
  .UNSPECIFIED.,.F.,.F.,(3,3),(0.,1.),.PIECEWISE_BEZIER_KNOTS.);
#4179 = CARTESIAN_POINT('',(-10.15056679319,-5.708049503406,2.6));
#4180 = CARTESIAN_POINT('',(-10.27354531745,-5.620248557017,2.6));
#4181 = CARTESIAN_POINT('',(-10.31758878893,-5.453226561281,2.6));
#4182 = ORIENTED_EDGE('',*,*,#4117,.F.);
#4183 = ORIENTED_EDGE('',*,*,#751,.F.);
#4184 = SURFACE_OF_LINEAR_EXTRUSION('',#4185,#4189);
#4185 = B_SPLINE_CURVE_WITH_KNOTS('',2,(#4186,#4187,#4188),
  .UNSPECIFIED.,.F.,.F.,(3,3),(0.,1.),.PIECEWISE_BEZIER_KNOTS.);
#4186 = CARTESIAN_POINT('',(-10.15056679319,-5.708049503406,2.));
#4187 = CARTESIAN_POINT('',(-10.27354531745,-5.620248557017,2.));
#4188 = CARTESIAN_POINT('',(-10.31758878893,-5.453226561281,2.));
#4189 = VECTOR('',#4190,1.);
#4190 = DIRECTION('',(-0.,-0.,-1.));
#4191 = ADVANCED_FACE('',(#4192),#4210,.T.);
#4192 = FACE_BOUND('',#4193,.T.);
#4193 = EDGE_LOOP('',(#4194,#4195,#4203,#4209));
#4194 = ORIENTED_EDGE('',*,*,#4152,.T.);
#4195 = ORIENTED_EDGE('',*,*,#4196,.T.);
#4196 = EDGE_CURVE('',#4145,#4197,#4199,.T.);
#4197 = VERTEX_POINT('',#4198);
#4198 = CARTESIAN_POINT('',(-10.15056679319,-3.291950496594,2.6));
#4199 = B_SPLINE_CURVE_WITH_KNOTS('',2,(#4200,#4201,#4202),
  .UNSPECIFIED.,.F.,.F.,(3,3),(0.,1.),.PIECEWISE_BEZIER_KNOTS.);
#4200 = CARTESIAN_POINT('',(-10.31758878893,-3.546773438719,2.6));
#4201 = CARTESIAN_POINT('',(-10.27354531745,-3.379751442983,2.6));
#4202 = CARTESIAN_POINT('',(-10.15056679319,-3.291950496594,2.6));
#4203 = ORIENTED_EDGE('',*,*,#4204,.F.);
#4204 = EDGE_CURVE('',#672,#4197,#4205,.T.);
#4205 = LINE('',#4206,#4207);
#4206 = CARTESIAN_POINT('',(-10.15056679319,-3.291950496594,2.));
#4207 = VECTOR('',#4208,1.);
#4208 = DIRECTION('',(0.,0.,1.));
#4209 = ORIENTED_EDGE('',*,*,#671,.F.);
#4210 = SURFACE_OF_LINEAR_EXTRUSION('',#4211,#4215);
#4211 = B_SPLINE_CURVE_WITH_KNOTS('',2,(#4212,#4213,#4214),
  .UNSPECIFIED.,.F.,.F.,(3,3),(0.,1.),.PIECEWISE_BEZIER_KNOTS.);
#4212 = CARTESIAN_POINT('',(-10.31758878893,-3.546773438719,2.));
#4213 = CARTESIAN_POINT('',(-10.27354531745,-3.379751442983,2.));
#4214 = CARTESIAN_POINT('',(-10.15056679319,-3.291950496594,2.));
#4215 = VECTOR('',#4216,1.);
#4216 = DIRECTION('',(-0.,-0.,-1.));
#4217 = ADVANCED_FACE('',(#4218),#4236,.T.);
#4218 = FACE_BOUND('',#4219,.T.);
#4219 = EDGE_LOOP('',(#4220,#4228,#4234,#4235));
#4220 = ORIENTED_EDGE('',*,*,#4221,.T.);
#4221 = EDGE_CURVE('',#736,#4222,#4224,.T.);
#4222 = VERTEX_POINT('',#4223);
#4223 = CARTESIAN_POINT('',(-9.799077011076,-5.795850449795,2.6));
#4224 = LINE('',#4225,#4226);
#4225 = CARTESIAN_POINT('',(-9.799077011076,-5.795850449795,2.));
#4226 = VECTOR('',#4227,1.);
#4227 = DIRECTION('',(0.,0.,1.));
#4228 = ORIENTED_EDGE('',*,*,#4229,.T.);
#4229 = EDGE_CURVE('',#4222,#4170,#4230,.T.);
#4230 = B_SPLINE_CURVE_WITH_KNOTS('',2,(#4231,#4232,#4233),
  .UNSPECIFIED.,.F.,.F.,(3,3),(0.,1.),.PIECEWISE_BEZIER_KNOTS.);
#4231 = CARTESIAN_POINT('',(-9.799077011076,-5.795850449795,2.6));
#4232 = CARTESIAN_POINT('',(-10.02758826894,-5.795850449795,2.6));
#4233 = CARTESIAN_POINT('',(-10.15056679319,-5.708049503406,2.6));
#4234 = ORIENTED_EDGE('',*,*,#4169,.F.);
#4235 = ORIENTED_EDGE('',*,*,#743,.F.);
#4236 = SURFACE_OF_LINEAR_EXTRUSION('',#4237,#4241);
#4237 = B_SPLINE_CURVE_WITH_KNOTS('',2,(#4238,#4239,#4240),
  .UNSPECIFIED.,.F.,.F.,(3,3),(0.,1.),.PIECEWISE_BEZIER_KNOTS.);
#4238 = CARTESIAN_POINT('',(-9.799077011076,-5.795850449795,2.));
#4239 = CARTESIAN_POINT('',(-10.02758826894,-5.795850449795,2.));
#4240 = CARTESIAN_POINT('',(-10.15056679319,-5.708049503406,2.));
#4241 = VECTOR('',#4242,1.);
#4242 = DIRECTION('',(-0.,-0.,-1.));
#4243 = ADVANCED_FACE('',(#4244),#4262,.T.);
#4244 = FACE_BOUND('',#4245,.T.);
#4245 = EDGE_LOOP('',(#4246,#4247,#4255,#4261));
#4246 = ORIENTED_EDGE('',*,*,#4204,.T.);
#4247 = ORIENTED_EDGE('',*,*,#4248,.T.);
#4248 = EDGE_CURVE('',#4197,#4249,#4251,.T.);
#4249 = VERTEX_POINT('',#4250);
#4250 = CARTESIAN_POINT('',(-9.799077011076,-3.204149550205,2.6));
#4251 = B_SPLINE_CURVE_WITH_KNOTS('',2,(#4252,#4253,#4254),
  .UNSPECIFIED.,.F.,.F.,(3,3),(0.,1.),.PIECEWISE_BEZIER_KNOTS.);
#4252 = CARTESIAN_POINT('',(-10.15056679319,-3.291950496594,2.6));
#4253 = CARTESIAN_POINT('',(-10.02758826894,-3.204149550205,2.6));
#4254 = CARTESIAN_POINT('',(-9.799077011076,-3.204149550205,2.6));
#4255 = ORIENTED_EDGE('',*,*,#4256,.F.);
#4256 = EDGE_CURVE('',#680,#4249,#4257,.T.);
#4257 = LINE('',#4258,#4259);
#4258 = CARTESIAN_POINT('',(-9.799077011076,-3.204149550205,2.));
#4259 = VECTOR('',#4260,1.);
#4260 = DIRECTION('',(0.,0.,1.));
#4261 = ORIENTED_EDGE('',*,*,#679,.F.);
#4262 = SURFACE_OF_LINEAR_EXTRUSION('',#4263,#4267);
#4263 = B_SPLINE_CURVE_WITH_KNOTS('',2,(#4264,#4265,#4266),
  .UNSPECIFIED.,.F.,.F.,(3,3),(0.,1.),.PIECEWISE_BEZIER_KNOTS.);
#4264 = CARTESIAN_POINT('',(-10.15056679319,-3.291950496594,2.));
#4265 = CARTESIAN_POINT('',(-10.02758826894,-3.204149550205,2.));
#4266 = CARTESIAN_POINT('',(-9.799077011076,-3.204149550205,2.));
#4267 = VECTOR('',#4268,1.);
#4268 = DIRECTION('',(-0.,-0.,-1.));
#4269 = ADVANCED_FACE('',(#4270),#4288,.T.);
#4270 = FACE_BOUND('',#4271,.T.);
#4271 = EDGE_LOOP('',(#4272,#4280,#4286,#4287));
#4272 = ORIENTED_EDGE('',*,*,#4273,.T.);
#4273 = EDGE_CURVE('',#728,#4274,#4276,.T.);
#4274 = VERTEX_POINT('',#4275);
#4275 = CARTESIAN_POINT('',(-8.323048723415,-5.795850449795,2.6));
#4276 = LINE('',#4277,#4278);
#4277 = CARTESIAN_POINT('',(-8.323048723415,-5.795850449795,2.));
#4278 = VECTOR('',#4279,1.);
#4279 = DIRECTION('',(0.,0.,1.));
#4280 = ORIENTED_EDGE('',*,*,#4281,.T.);
#4281 = EDGE_CURVE('',#4274,#4222,#4282,.T.);
#4282 = LINE('',#4283,#4284);
#4283 = CARTESIAN_POINT('',(-8.323048723415,-5.795850449795,2.6));
#4284 = VECTOR('',#4285,1.);
#4285 = DIRECTION('',(-1.,0.,0.));
#4286 = ORIENTED_EDGE('',*,*,#4221,.F.);
#4287 = ORIENTED_EDGE('',*,*,#735,.F.);
#4288 = PLANE('',#4289);
#4289 = AXIS2_PLACEMENT_3D('',#4290,#4291,#4292);
#4290 = CARTESIAN_POINT('',(-8.323048723415,-5.795850449795,2.));
#4291 = DIRECTION('',(-2.2E-16,-1.,0.));
#4292 = DIRECTION('',(-1.,2.2E-16,0.));
#4293 = ADVANCED_FACE('',(#4294),#4312,.T.);
#4294 = FACE_BOUND('',#4295,.T.);
#4295 = EDGE_LOOP('',(#4296,#4297,#4305,#4311));
#4296 = ORIENTED_EDGE('',*,*,#4256,.T.);
#4297 = ORIENTED_EDGE('',*,*,#4298,.T.);
#4298 = EDGE_CURVE('',#4249,#4299,#4301,.T.);
#4299 = VERTEX_POINT('',#4300);
#4300 = CARTESIAN_POINT('',(-8.323048723415,-3.204149550205,2.6));
#4301 = LINE('',#4302,#4303);
#4302 = CARTESIAN_POINT('',(-9.799077011076,-3.204149550205,2.6));
#4303 = VECTOR('',#4304,1.);
#4304 = DIRECTION('',(1.,0.,0.));
#4305 = ORIENTED_EDGE('',*,*,#4306,.F.);
#4306 = EDGE_CURVE('',#688,#4299,#4307,.T.);
#4307 = LINE('',#4308,#4309);
#4308 = CARTESIAN_POINT('',(-8.323048723415,-3.204149550205,2.));
#4309 = VECTOR('',#4310,1.);
#4310 = DIRECTION('',(0.,0.,1.));
#4311 = ORIENTED_EDGE('',*,*,#687,.F.);
#4312 = PLANE('',#4313);
#4313 = AXIS2_PLACEMENT_3D('',#4314,#4315,#4316);
#4314 = CARTESIAN_POINT('',(-9.799077011076,-3.204149550205,2.));
#4315 = DIRECTION('',(2.2E-16,1.,0.));
#4316 = DIRECTION('',(1.,-2.2E-16,0.));
#4317 = ADVANCED_FACE('',(#4318),#4336,.T.);
#4318 = FACE_BOUND('',#4319,.T.);
#4319 = EDGE_LOOP('',(#4320,#4328,#4334,#4335));
#4320 = ORIENTED_EDGE('',*,*,#4321,.T.);
#4321 = EDGE_CURVE('',#720,#4322,#4324,.T.);
#4322 = VERTEX_POINT('',#4323);
#4323 = CARTESIAN_POINT('',(-7.747623628516,-5.598226821278,2.6));
#4324 = LINE('',#4325,#4326);
#4325 = CARTESIAN_POINT('',(-7.747623628516,-5.598226821278,2.));
#4326 = VECTOR('',#4327,1.);
#4327 = DIRECTION('',(0.,0.,1.));
#4328 = ORIENTED_EDGE('',*,*,#4329,.T.);
#4329 = EDGE_CURVE('',#4322,#4274,#4330,.T.);
#4330 = B_SPLINE_CURVE_WITH_KNOTS('',2,(#4331,#4332,#4333),
  .UNSPECIFIED.,.F.,.F.,(3,3),(0.,1.),.PIECEWISE_BEZIER_KNOTS.);
#4331 = CARTESIAN_POINT('',(-7.747623628516,-5.598226821278,2.6));
#4332 = CARTESIAN_POINT('',(-7.945247257033,-5.795850449795,2.6));
#4333 = CARTESIAN_POINT('',(-8.323048723415,-5.795850449795,2.6));
#4334 = ORIENTED_EDGE('',*,*,#4273,.F.);
#4335 = ORIENTED_EDGE('',*,*,#727,.F.);
#4336 = SURFACE_OF_LINEAR_EXTRUSION('',#4337,#4341);
#4337 = B_SPLINE_CURVE_WITH_KNOTS('',2,(#4338,#4339,#4340),
  .UNSPECIFIED.,.F.,.F.,(3,3),(0.,1.),.PIECEWISE_BEZIER_KNOTS.);
#4338 = CARTESIAN_POINT('',(-7.747623628516,-5.598226821278,2.));
#4339 = CARTESIAN_POINT('',(-7.945247257033,-5.795850449795,2.));
#4340 = CARTESIAN_POINT('',(-8.323048723415,-5.795850449795,2.));
#4341 = VECTOR('',#4342,1.);
#4342 = DIRECTION('',(-0.,-0.,-1.));
#4343 = ADVANCED_FACE('',(#4344),#4362,.T.);
#4344 = FACE_BOUND('',#4345,.T.);
#4345 = EDGE_LOOP('',(#4346,#4347,#4355,#4361));
#4346 = ORIENTED_EDGE('',*,*,#4306,.T.);
#4347 = ORIENTED_EDGE('',*,*,#4348,.T.);
#4348 = EDGE_CURVE('',#4299,#4349,#4351,.T.);
#4349 = VERTEX_POINT('',#4350);
#4350 = CARTESIAN_POINT('',(-7.747623628516,-3.401773178722,2.6));
#4351 = B_SPLINE_CURVE_WITH_KNOTS('',2,(#4352,#4353,#4354),
  .UNSPECIFIED.,.F.,.F.,(3,3),(0.,1.),.PIECEWISE_BEZIER_KNOTS.);
#4352 = CARTESIAN_POINT('',(-8.323048723415,-3.204149550205,2.6));
#4353 = CARTESIAN_POINT('',(-7.945247257033,-3.204149550205,2.6));
#4354 = CARTESIAN_POINT('',(-7.747623628516,-3.401773178722,2.6));
#4355 = ORIENTED_EDGE('',*,*,#4356,.F.);
#4356 = EDGE_CURVE('',#696,#4349,#4357,.T.);
#4357 = LINE('',#4358,#4359);
#4358 = CARTESIAN_POINT('',(-7.747623628516,-3.401773178722,2.));
#4359 = VECTOR('',#4360,1.);
#4360 = DIRECTION('',(0.,0.,1.));
#4361 = ORIENTED_EDGE('',*,*,#695,.F.);
#4362 = SURFACE_OF_LINEAR_EXTRUSION('',#4363,#4367);
#4363 = B_SPLINE_CURVE_WITH_KNOTS('',2,(#4364,#4365,#4366),
  .UNSPECIFIED.,.F.,.F.,(3,3),(0.,1.),.PIECEWISE_BEZIER_KNOTS.);
#4364 = CARTESIAN_POINT('',(-8.323048723415,-3.204149550205,2.));
#4365 = CARTESIAN_POINT('',(-7.945247257033,-3.204149550205,2.));
#4366 = CARTESIAN_POINT('',(-7.747623628516,-3.401773178722,2.));
#4367 = VECTOR('',#4368,1.);
#4368 = DIRECTION('',(-0.,-0.,-1.));
#4369 = ADVANCED_FACE('',(#4370),#4388,.T.);
#4370 = FACE_BOUND('',#4371,.T.);
#4371 = EDGE_LOOP('',(#4372,#4380,#4386,#4387));
#4372 = ORIENTED_EDGE('',*,*,#4373,.T.);
#4373 = EDGE_CURVE('',#712,#4374,#4376,.T.);
#4374 = VERTEX_POINT('',#4375);
#4375 = CARTESIAN_POINT('',(-7.55,-4.978758254901,2.6));
#4376 = LINE('',#4377,#4378);
#4377 = CARTESIAN_POINT('',(-7.55,-4.978758254901,2.));
#4378 = VECTOR('',#4379,1.);
#4379 = DIRECTION('',(0.,0.,1.));
#4380 = ORIENTED_EDGE('',*,*,#4381,.T.);
#4381 = EDGE_CURVE('',#4374,#4322,#4382,.T.);
#4382 = B_SPLINE_CURVE_WITH_KNOTS('',2,(#4383,#4384,#4385),
  .UNSPECIFIED.,.F.,.F.,(3,3),(0.,1.),.PIECEWISE_BEZIER_KNOTS.);
#4383 = CARTESIAN_POINT('',(-7.55,-4.978758254901,2.6));
#4384 = CARTESIAN_POINT('',(-7.55,-5.400603192762,2.6));
#4385 = CARTESIAN_POINT('',(-7.747623628516,-5.598226821278,2.6));
#4386 = ORIENTED_EDGE('',*,*,#4321,.F.);
#4387 = ORIENTED_EDGE('',*,*,#719,.F.);
#4388 = SURFACE_OF_LINEAR_EXTRUSION('',#4389,#4393);
#4389 = B_SPLINE_CURVE_WITH_KNOTS('',2,(#4390,#4391,#4392),
  .UNSPECIFIED.,.F.,.F.,(3,3),(0.,1.),.PIECEWISE_BEZIER_KNOTS.);
#4390 = CARTESIAN_POINT('',(-7.55,-4.978758254901,2.));
#4391 = CARTESIAN_POINT('',(-7.55,-5.400603192762,2.));
#4392 = CARTESIAN_POINT('',(-7.747623628516,-5.598226821278,2.));
#4393 = VECTOR('',#4394,1.);
#4394 = DIRECTION('',(-0.,-0.,-1.));
#4395 = ADVANCED_FACE('',(#4396),#4414,.T.);
#4396 = FACE_BOUND('',#4397,.T.);
#4397 = EDGE_LOOP('',(#4398,#4399,#4407,#4413));
#4398 = ORIENTED_EDGE('',*,*,#4356,.T.);
#4399 = ORIENTED_EDGE('',*,*,#4400,.T.);
#4400 = EDGE_CURVE('',#4349,#4401,#4403,.T.);
#4401 = VERTEX_POINT('',#4402);
#4402 = CARTESIAN_POINT('',(-7.55,-4.021241745099,2.6));
#4403 = B_SPLINE_CURVE_WITH_KNOTS('',2,(#4404,#4405,#4406),
  .UNSPECIFIED.,.F.,.F.,(3,3),(0.,1.),.PIECEWISE_BEZIER_KNOTS.);
#4404 = CARTESIAN_POINT('',(-7.747623628516,-3.401773178722,2.6));
#4405 = CARTESIAN_POINT('',(-7.55,-3.599396807238,2.6));
#4406 = CARTESIAN_POINT('',(-7.55,-4.021241745099,2.6));
#4407 = ORIENTED_EDGE('',*,*,#4408,.F.);
#4408 = EDGE_CURVE('',#704,#4401,#4409,.T.);
#4409 = LINE('',#4410,#4411);
#4410 = CARTESIAN_POINT('',(-7.55,-4.021241745099,2.));
#4411 = VECTOR('',#4412,1.);
#4412 = DIRECTION('',(0.,0.,1.));
#4413 = ORIENTED_EDGE('',*,*,#703,.F.);
#4414 = SURFACE_OF_LINEAR_EXTRUSION('',#4415,#4419);
#4415 = B_SPLINE_CURVE_WITH_KNOTS('',2,(#4416,#4417,#4418),
  .UNSPECIFIED.,.F.,.F.,(3,3),(0.,1.),.PIECEWISE_BEZIER_KNOTS.);
#4416 = CARTESIAN_POINT('',(-7.747623628516,-3.401773178722,2.));
#4417 = CARTESIAN_POINT('',(-7.55,-3.599396807238,2.));
#4418 = CARTESIAN_POINT('',(-7.55,-4.021241745099,2.));
#4419 = VECTOR('',#4420,1.);
#4420 = DIRECTION('',(-0.,-0.,-1.));
#4421 = ADVANCED_FACE('',(#4422),#4433,.T.);
#4422 = FACE_BOUND('',#4423,.T.);
#4423 = EDGE_LOOP('',(#4424,#4425,#4431,#4432));
#4424 = ORIENTED_EDGE('',*,*,#4408,.T.);
#4425 = ORIENTED_EDGE('',*,*,#4426,.T.);
#4426 = EDGE_CURVE('',#4401,#4374,#4427,.T.);
#4427 = LINE('',#4428,#4429);
#4428 = CARTESIAN_POINT('',(-7.55,-4.48684415787,2.6));
#4429 = VECTOR('',#4430,1.);
#4430 = DIRECTION('',(-2.2E-16,-1.,0.));
#4431 = ORIENTED_EDGE('',*,*,#4373,.F.);
#4432 = ORIENTED_EDGE('',*,*,#711,.F.);
#4433 = PLANE('',#4434);
#4434 = AXIS2_PLACEMENT_3D('',#4435,#4436,#4437);
#4435 = CARTESIAN_POINT('',(-7.55,-4.5,2.3));
#4436 = DIRECTION('',(1.,-9.5E-16,0.));
#4437 = DIRECTION('',(9.5E-16,1.,0.));
#4438 = ADVANCED_FACE('',(#4439),#4464,.T.);
#4439 = FACE_BOUND('',#4440,.T.);
#4440 = EDGE_LOOP('',(#4441,#4449,#4457,#4463));
#4441 = ORIENTED_EDGE('',*,*,#4442,.T.);
#4442 = EDGE_CURVE('',#811,#4443,#4445,.T.);
#4443 = VERTEX_POINT('',#4444);
#4444 = CARTESIAN_POINT('',(5.742340491914,-6.455215537414,2.6));
#4445 = LINE('',#4446,#4447);
#4446 = CARTESIAN_POINT('',(5.742340491914,-6.455215537414,2.));
#4447 = VECTOR('',#4448,1.);
#4448 = DIRECTION('',(0.,0.,1.));
#4449 = ORIENTED_EDGE('',*,*,#4450,.T.);
#4450 = EDGE_CURVE('',#4443,#4451,#4453,.T.);
#4451 = VERTEX_POINT('',#4452);
#4452 = CARTESIAN_POINT('',(5.742340491914,-7.245996048047,2.6));
#4453 = LINE('',#4454,#4455);
#4454 = CARTESIAN_POINT('',(5.742340491914,-6.455215537414,2.6));
#4455 = VECTOR('',#4456,1.);
#4456 = DIRECTION('',(0.,-1.,0.));
#4457 = ORIENTED_EDGE('',*,*,#4458,.F.);
#4458 = EDGE_CURVE('',#813,#4451,#4459,.T.);
#4459 = LINE('',#4460,#4461);
#4460 = CARTESIAN_POINT('',(5.742340491914,-7.245996048047,2.));
#4461 = VECTOR('',#4462,1.);
#4462 = DIRECTION('',(0.,0.,1.));
#4463 = ORIENTED_EDGE('',*,*,#810,.F.);
#4464 = PLANE('',#4465);
#4465 = AXIS2_PLACEMENT_3D('',#4466,#4467,#4468);
#4466 = CARTESIAN_POINT('',(5.742340491914,-6.455215537414,2.));
#4467 = DIRECTION('',(1.,-2.2E-16,0.));
#4468 = DIRECTION('',(-2.2E-16,-1.,0.));
#4469 = ADVANCED_FACE('',(#4470),#4488,.T.);
#4470 = FACE_BOUND('',#4471,.T.);
#4471 = EDGE_LOOP('',(#4472,#4480,#4486,#4487));
#4472 = ORIENTED_EDGE('',*,*,#4473,.T.);
#4473 = EDGE_CURVE('',#997,#4474,#4476,.T.);
#4474 = VERTEX_POINT('',#4475);
#4475 = CARTESIAN_POINT('',(4.846313244241,-6.455215537414,2.6));
#4476 = LINE('',#4477,#4478);
#4477 = CARTESIAN_POINT('',(4.846313244241,-6.455215537414,2.));
#4478 = VECTOR('',#4479,1.);
#4479 = DIRECTION('',(0.,0.,1.));
#4480 = ORIENTED_EDGE('',*,*,#4481,.T.);
#4481 = EDGE_CURVE('',#4474,#4443,#4482,.T.);
#4482 = LINE('',#4483,#4484);
#4483 = CARTESIAN_POINT('',(4.846313244241,-6.455215537414,2.6));
#4484 = VECTOR('',#4485,1.);
#4485 = DIRECTION('',(1.,0.,0.));
#4486 = ORIENTED_EDGE('',*,*,#4442,.F.);
#4487 = ORIENTED_EDGE('',*,*,#1004,.F.);
#4488 = PLANE('',#4489);
#4489 = AXIS2_PLACEMENT_3D('',#4490,#4491,#4492);
#4490 = CARTESIAN_POINT('',(4.846313244241,-6.455215537414,2.));
#4491 = DIRECTION('',(2.2E-16,1.,0.));
#4492 = DIRECTION('',(1.,-2.2E-16,0.));
#4493 = ADVANCED_FACE('',(#4494),#4512,.T.);
#4494 = FACE_BOUND('',#4495,.T.);
#4495 = EDGE_LOOP('',(#4496,#4497,#4505,#4511));
#4496 = ORIENTED_EDGE('',*,*,#4458,.T.);
#4497 = ORIENTED_EDGE('',*,*,#4498,.T.);
#4498 = EDGE_CURVE('',#4451,#4499,#4501,.T.);
#4499 = VERTEX_POINT('',#4500);
#4500 = CARTESIAN_POINT('',(4.723334719983,-7.245996048047,2.6));
#4501 = LINE('',#4502,#4503);
#4502 = CARTESIAN_POINT('',(5.742340491914,-7.245996048047,2.6));
#4503 = VECTOR('',#4504,1.);
#4504 = DIRECTION('',(-1.,0.,0.));
#4505 = ORIENTED_EDGE('',*,*,#4506,.F.);
#4506 = EDGE_CURVE('',#821,#4499,#4507,.T.);
#4507 = LINE('',#4508,#4509);
#4508 = CARTESIAN_POINT('',(4.723334719983,-7.245996048047,2.));
#4509 = VECTOR('',#4510,1.);
#4510 = DIRECTION('',(0.,0.,1.));
#4511 = ORIENTED_EDGE('',*,*,#820,.F.);
#4512 = PLANE('',#4513);
#4513 = AXIS2_PLACEMENT_3D('',#4514,#4515,#4516);
#4514 = CARTESIAN_POINT('',(5.742340491914,-7.245996048047,2.));
#4515 = DIRECTION('',(-2.2E-16,-1.,0.));
#4516 = DIRECTION('',(-1.,2.2E-16,0.));
#4517 = ADVANCED_FACE('',(#4518),#4536,.T.);
#4518 = FACE_BOUND('',#4519,.T.);
#4519 = EDGE_LOOP('',(#4520,#4528,#4534,#4535));
#4520 = ORIENTED_EDGE('',*,*,#4521,.T.);
#4521 = EDGE_CURVE('',#989,#4522,#4524,.T.);
#4522 = VERTEX_POINT('',#4523);
#4523 = CARTESIAN_POINT('',(4.639823722115,-6.402592168894,2.6));
#4524 = LINE('',#4525,#4526);
#4525 = CARTESIAN_POINT('',(4.639823722115,-6.402592168894,2.));
#4526 = VECTOR('',#4527,1.);
#4527 = DIRECTION('',(0.,0.,1.));
#4528 = ORIENTED_EDGE('',*,*,#4529,.T.);
#4529 = EDGE_CURVE('',#4522,#4474,#4530,.T.);
#4530 = B_SPLINE_CURVE_WITH_KNOTS('',2,(#4531,#4532,#4533),
  .UNSPECIFIED.,.F.,.F.,(3,3),(0.,1.),.PIECEWISE_BEZIER_KNOTS.);
#4531 = CARTESIAN_POINT('',(4.639823722115,-6.402592168894,2.6));
#4532 = CARTESIAN_POINT('',(4.688157142114,-6.455215537414,2.6));
#4533 = CARTESIAN_POINT('',(4.846313244241,-6.455215537414,2.6));
#4534 = ORIENTED_EDGE('',*,*,#4473,.F.);
#4535 = ORIENTED_EDGE('',*,*,#996,.F.);
#4536 = SURFACE_OF_LINEAR_EXTRUSION('',#4537,#4541);
#4537 = B_SPLINE_CURVE_WITH_KNOTS('',2,(#4538,#4539,#4540),
  .UNSPECIFIED.,.F.,.F.,(3,3),(0.,1.),.PIECEWISE_BEZIER_KNOTS.);
#4538 = CARTESIAN_POINT('',(4.639823722115,-6.402592168894,2.));
#4539 = CARTESIAN_POINT('',(4.688157142114,-6.455215537414,2.));
#4540 = CARTESIAN_POINT('',(4.846313244241,-6.455215537414,2.));
#4541 = VECTOR('',#4542,1.);
#4542 = DIRECTION('',(-0.,-0.,-1.));
#4543 = ADVANCED_FACE('',(#4544),#4562,.T.);
#4544 = FACE_BOUND('',#4545,.T.);
#4545 = EDGE_LOOP('',(#4546,#4547,#4555,#4561));
#4546 = ORIENTED_EDGE('',*,*,#4506,.T.);
#4547 = ORIENTED_EDGE('',*,*,#4548,.T.);
#4548 = EDGE_CURVE('',#4499,#4549,#4551,.T.);
#4549 = VERTEX_POINT('',#4550);
#4550 = CARTESIAN_POINT('',(4.147909625084,-7.052662368052,2.6));
#4551 = B_SPLINE_CURVE_WITH_KNOTS('',2,(#4552,#4553,#4554),
  .UNSPECIFIED.,.F.,.F.,(3,3),(0.,1.),.PIECEWISE_BEZIER_KNOTS.);
#4552 = CARTESIAN_POINT('',(4.723334719983,-7.245996048047,2.6));
#4553 = CARTESIAN_POINT('',(4.345533253601,-7.245996048047,2.6));
#4554 = CARTESIAN_POINT('',(4.147909625084,-7.052662368052,2.6));
#4555 = ORIENTED_EDGE('',*,*,#4556,.F.);
#4556 = EDGE_CURVE('',#829,#4549,#4557,.T.);
#4557 = LINE('',#4558,#4559);
#4558 = CARTESIAN_POINT('',(4.147909625084,-7.052662368052,2.));
#4559 = VECTOR('',#4560,1.);
#4560 = DIRECTION('',(0.,0.,1.));
#4561 = ORIENTED_EDGE('',*,*,#828,.F.);
#4562 = SURFACE_OF_LINEAR_EXTRUSION('',#4563,#4567);
#4563 = B_SPLINE_CURVE_WITH_KNOTS('',2,(#4564,#4565,#4566),
  .UNSPECIFIED.,.F.,.F.,(3,3),(0.,1.),.PIECEWISE_BEZIER_KNOTS.);
#4564 = CARTESIAN_POINT('',(4.723334719983,-7.245996048047,2.));
#4565 = CARTESIAN_POINT('',(4.345533253601,-7.245996048047,2.));
#4566 = CARTESIAN_POINT('',(4.147909625084,-7.052662368052,2.));
#4567 = VECTOR('',#4568,1.);
#4568 = DIRECTION('',(-0.,-0.,-1.));
#4569 = ADVANCED_FACE('',(#4570),#4588,.T.);
#4570 = FACE_BOUND('',#4571,.T.);
#4571 = EDGE_LOOP('',(#4572,#4580,#4586,#4587));
#4572 = ORIENTED_EDGE('',*,*,#4573,.T.);
#4573 = EDGE_CURVE('',#981,#4574,#4576,.T.);
#4574 = VERTEX_POINT('',#4575);
#4575 = CARTESIAN_POINT('',(4.591490302116,-6.191812698248,2.6));
#4576 = LINE('',#4577,#4578);
#4577 = CARTESIAN_POINT('',(4.591490302116,-6.191812698248,2.));
#4578 = VECTOR('',#4579,1.);
#4579 = DIRECTION('',(0.,0.,1.));
#4580 = ORIENTED_EDGE('',*,*,#4581,.T.);
#4581 = EDGE_CURVE('',#4574,#4522,#4582,.T.);
#4582 = B_SPLINE_CURVE_WITH_KNOTS('',2,(#4583,#4584,#4585),
  .UNSPECIFIED.,.F.,.F.,(3,3),(0.,1.),.PIECEWISE_BEZIER_KNOTS.);
#4583 = CARTESIAN_POINT('',(4.591490302116,-6.191812698248,2.6));
#4584 = CARTESIAN_POINT('',(4.591490302116,-6.349968800374,2.6));
#4585 = CARTESIAN_POINT('',(4.639823722115,-6.402592168894,2.6));
#4586 = ORIENTED_EDGE('',*,*,#4521,.F.);
#4587 = ORIENTED_EDGE('',*,*,#988,.F.);
#4588 = SURFACE_OF_LINEAR_EXTRUSION('',#4589,#4593);
#4589 = B_SPLINE_CURVE_WITH_KNOTS('',2,(#4590,#4591,#4592),
  .UNSPECIFIED.,.F.,.F.,(3,3),(0.,1.),.PIECEWISE_BEZIER_KNOTS.);
#4590 = CARTESIAN_POINT('',(4.591490302116,-6.191812698248,2.));
#4591 = CARTESIAN_POINT('',(4.591490302116,-6.349968800374,2.));
#4592 = CARTESIAN_POINT('',(4.639823722115,-6.402592168894,2.));
#4593 = VECTOR('',#4594,1.);
#4594 = DIRECTION('',(-0.,-0.,-1.));
#4595 = ADVANCED_FACE('',(#4596),#4614,.T.);
#4596 = FACE_BOUND('',#4597,.T.);
#4597 = EDGE_LOOP('',(#4598,#4599,#4607,#4613));
#4598 = ORIENTED_EDGE('',*,*,#4556,.T.);
#4599 = ORIENTED_EDGE('',*,*,#4600,.T.);
#4600 = EDGE_CURVE('',#4549,#4601,#4603,.T.);
#4601 = VERTEX_POINT('',#4602);
#4602 = CARTESIAN_POINT('',(3.95,-6.428903853154,2.6));
#4603 = B_SPLINE_CURVE_WITH_KNOTS('',2,(#4604,#4605,#4606),
  .UNSPECIFIED.,.F.,.F.,(3,3),(0.,1.),.PIECEWISE_BEZIER_KNOTS.);
#4604 = CARTESIAN_POINT('',(4.147909625084,-7.052662368052,2.6));
#4605 = CARTESIAN_POINT('',(3.95,-6.859328688056,2.6));
#4606 = CARTESIAN_POINT('',(3.95,-6.428903853154,2.6));
#4607 = ORIENTED_EDGE('',*,*,#4608,.F.);
#4608 = EDGE_CURVE('',#837,#4601,#4609,.T.);
#4609 = LINE('',#4610,#4611);
#4610 = CARTESIAN_POINT('',(3.95,-6.428903853154,2.));
#4611 = VECTOR('',#4612,1.);
#4612 = DIRECTION('',(0.,0.,1.));
#4613 = ORIENTED_EDGE('',*,*,#836,.F.);
#4614 = SURFACE_OF_LINEAR_EXTRUSION('',#4615,#4619);
#4615 = B_SPLINE_CURVE_WITH_KNOTS('',2,(#4616,#4617,#4618),
  .UNSPECIFIED.,.F.,.F.,(3,3),(0.,1.),.PIECEWISE_BEZIER_KNOTS.);
#4616 = CARTESIAN_POINT('',(4.147909625084,-7.052662368052,2.));
#4617 = CARTESIAN_POINT('',(3.95,-6.859328688056,2.));
#4618 = CARTESIAN_POINT('',(3.95,-6.428903853154,2.));
#4619 = VECTOR('',#4620,1.);
#4620 = DIRECTION('',(-0.,-0.,-1.));
#4621 = ADVANCED_FACE('',(#4622),#4640,.T.);
#4622 = FACE_BOUND('',#4623,.T.);
#4623 = EDGE_LOOP('',(#4624,#4632,#4638,#4639));
#4624 = ORIENTED_EDGE('',*,*,#4625,.T.);
#4625 = EDGE_CURVE('',#973,#4626,#4628,.T.);
#4626 = VERTEX_POINT('',#4627);
#4627 = CARTESIAN_POINT('',(4.591490302116,-5.910678071863,2.6));
#4628 = LINE('',#4629,#4630);
#4629 = CARTESIAN_POINT('',(4.591490302116,-5.910678071863,2.));
#4630 = VECTOR('',#4631,1.);
#4631 = DIRECTION('',(0.,0.,1.));
#4632 = ORIENTED_EDGE('',*,*,#4633,.T.);
#4633 = EDGE_CURVE('',#4626,#4574,#4634,.T.);
#4634 = LINE('',#4635,#4636);
#4635 = CARTESIAN_POINT('',(4.591490302116,-5.910678071863,2.6));
#4636 = VECTOR('',#4637,1.);
#4637 = DIRECTION('',(0.,-1.,0.));
#4638 = ORIENTED_EDGE('',*,*,#4573,.F.);
#4639 = ORIENTED_EDGE('',*,*,#980,.F.);
#4640 = PLANE('',#4641);
#4641 = AXIS2_PLACEMENT_3D('',#4642,#4643,#4644);
#4642 = CARTESIAN_POINT('',(4.591490302116,-5.910678071863,2.));
#4643 = DIRECTION('',(1.,-2.2E-16,0.));
#4644 = DIRECTION('',(-2.2E-16,-1.,0.));
#4645 = ADVANCED_FACE('',(#4646),#4664,.T.);
#4646 = FACE_BOUND('',#4647,.T.);
#4647 = EDGE_LOOP('',(#4648,#4649,#4657,#4663));
#4648 = ORIENTED_EDGE('',*,*,#4608,.T.);
#4649 = ORIENTED_EDGE('',*,*,#4650,.T.);
#4650 = EDGE_CURVE('',#4601,#4651,#4653,.T.);
#4651 = VERTEX_POINT('',#4652);
#4652 = CARTESIAN_POINT('',(3.95,-5.673300920389,2.6));
#4653 = LINE('',#4654,#4655);
#4654 = CARTESIAN_POINT('',(3.95,-6.428903853154,2.6));
#4655 = VECTOR('',#4656,1.);
#4656 = DIRECTION('',(0.,1.,0.));
#4657 = ORIENTED_EDGE('',*,*,#4658,.F.);
#4658 = EDGE_CURVE('',#845,#4651,#4659,.T.);
#4659 = LINE('',#4660,#4661);
#4660 = CARTESIAN_POINT('',(3.95,-5.673300920389,2.));
#4661 = VECTOR('',#4662,1.);
#4662 = DIRECTION('',(0.,0.,1.));
#4663 = ORIENTED_EDGE('',*,*,#844,.F.);
#4664 = PLANE('',#4665);
#4665 = AXIS2_PLACEMENT_3D('',#4666,#4667,#4668);
#4666 = CARTESIAN_POINT('',(3.95,-6.428903853154,2.));
#4667 = DIRECTION('',(-1.,2.2E-16,0.));
#4668 = DIRECTION('',(2.2E-16,1.,0.));
#4669 = ADVANCED_FACE('',(#4670),#4688,.T.);
#4670 = FACE_BOUND('',#4671,.T.);
#4671 = EDGE_LOOP('',(#4672,#4680,#4686,#4687));
#4672 = ORIENTED_EDGE('',*,*,#4673,.T.);
#4673 = EDGE_CURVE('',#965,#4674,#4676,.T.);
#4674 = VERTEX_POINT('',#4675);
#4675 = CARTESIAN_POINT('',(4.639823722115,-5.695322656128,2.6));
#4676 = LINE('',#4677,#4678);
#4677 = CARTESIAN_POINT('',(4.639823722115,-5.695322656128,2.));
#4678 = VECTOR('',#4679,1.);
#4679 = DIRECTION('',(0.,0.,1.));
#4680 = ORIENTED_EDGE('',*,*,#4681,.T.);
#4681 = EDGE_CURVE('',#4674,#4626,#4682,.T.);
#4682 = B_SPLINE_CURVE_WITH_KNOTS('',2,(#4683,#4684,#4685),
  .UNSPECIFIED.,.F.,.F.,(3,3),(0.,1.),.PIECEWISE_BEZIER_KNOTS.);
#4683 = CARTESIAN_POINT('',(4.639823722115,-5.695322656128,2.6));
#4684 = CARTESIAN_POINT('',(4.591490302116,-5.743656076127,2.6));
#4685 = CARTESIAN_POINT('',(4.591490302116,-5.910678071863,2.6));
#4686 = ORIENTED_EDGE('',*,*,#4625,.F.);
#4687 = ORIENTED_EDGE('',*,*,#972,.F.);
#4688 = SURFACE_OF_LINEAR_EXTRUSION('',#4689,#4693);
#4689 = B_SPLINE_CURVE_WITH_KNOTS('',2,(#4690,#4691,#4692),
  .UNSPECIFIED.,.F.,.F.,(3,3),(0.,1.),.PIECEWISE_BEZIER_KNOTS.);
#4690 = CARTESIAN_POINT('',(4.639823722115,-5.695322656128,2.));
#4691 = CARTESIAN_POINT('',(4.591490302116,-5.743656076127,2.));
#4692 = CARTESIAN_POINT('',(4.591490302116,-5.910678071863,2.));
#4693 = VECTOR('',#4694,1.);
#4694 = DIRECTION('',(-0.,-0.,-1.));
#4695 = ADVANCED_FACE('',(#4696),#4714,.T.);
#4696 = FACE_BOUND('',#4697,.T.);
#4697 = EDGE_LOOP('',(#4698,#4699,#4707,#4713));
#4698 = ORIENTED_EDGE('',*,*,#4658,.T.);
#4699 = ORIENTED_EDGE('',*,*,#4700,.T.);
#4700 = EDGE_CURVE('',#4651,#4701,#4703,.T.);
#4701 = VERTEX_POINT('',#4702);
#4702 = CARTESIAN_POINT('',(4.147909625084,-5.045252456971,2.6));
#4703 = B_SPLINE_CURVE_WITH_KNOTS('',2,(#4704,#4705,#4706),
  .UNSPECIFIED.,.F.,.F.,(3,3),(0.,1.),.PIECEWISE_BEZIER_KNOTS.);
#4704 = CARTESIAN_POINT('',(3.95,-5.673300920389,2.6));
#4705 = CARTESIAN_POINT('',(3.95,-5.242876085487,2.6));
#4706 = CARTESIAN_POINT('',(4.147909625084,-5.045252456971,2.6));
#4707 = ORIENTED_EDGE('',*,*,#4708,.F.);
#4708 = EDGE_CURVE('',#853,#4701,#4709,.T.);
#4709 = LINE('',#4710,#4711);
#4710 = CARTESIAN_POINT('',(4.147909625084,-5.045252456971,2.));
#4711 = VECTOR('',#4712,1.);
#4712 = DIRECTION('',(0.,0.,1.));
#4713 = ORIENTED_EDGE('',*,*,#852,.F.);
#4714 = SURFACE_OF_LINEAR_EXTRUSION('',#4715,#4719);
#4715 = B_SPLINE_CURVE_WITH_KNOTS('',2,(#4716,#4717,#4718),
  .UNSPECIFIED.,.F.,.F.,(3,3),(0.,1.),.PIECEWISE_BEZIER_KNOTS.);
#4716 = CARTESIAN_POINT('',(3.95,-5.673300920389,2.));
#4717 = CARTESIAN_POINT('',(3.95,-5.242876085487,2.));
#4718 = CARTESIAN_POINT('',(4.147909625084,-5.045252456971,2.));
#4719 = VECTOR('',#4720,1.);
#4720 = DIRECTION('',(-0.,-0.,-1.));
#4721 = ADVANCED_FACE('',(#4722),#4740,.T.);
#4722 = FACE_BOUND('',#4723,.T.);
#4723 = EDGE_LOOP('',(#4724,#4732,#4738,#4739));
#4724 = ORIENTED_EDGE('',*,*,#4725,.T.);
#4725 = EDGE_CURVE('',#957,#4726,#4728,.T.);
#4726 = VERTEX_POINT('',#4727);
#4727 = CARTESIAN_POINT('',(4.846313244241,-5.646989236129,2.6));
#4728 = LINE('',#4729,#4730);
#4729 = CARTESIAN_POINT('',(4.846313244241,-5.646989236129,2.));
#4730 = VECTOR('',#4731,1.);
#4731 = DIRECTION('',(0.,0.,1.));
#4732 = ORIENTED_EDGE('',*,*,#4733,.T.);
#4733 = EDGE_CURVE('',#4726,#4674,#4734,.T.);
#4734 = B_SPLINE_CURVE_WITH_KNOTS('',2,(#4735,#4736,#4737),
  .UNSPECIFIED.,.F.,.F.,(3,3),(0.,1.),.PIECEWISE_BEZIER_KNOTS.);
#4735 = CARTESIAN_POINT('',(4.846313244241,-5.646989236129,2.6));
#4736 = CARTESIAN_POINT('',(4.688157142114,-5.646989236129,2.6));
#4737 = CARTESIAN_POINT('',(4.639823722115,-5.695322656128,2.6));
#4738 = ORIENTED_EDGE('',*,*,#4673,.F.);
#4739 = ORIENTED_EDGE('',*,*,#964,.F.);
#4740 = SURFACE_OF_LINEAR_EXTRUSION('',#4741,#4745);
#4741 = B_SPLINE_CURVE_WITH_KNOTS('',2,(#4742,#4743,#4744),
  .UNSPECIFIED.,.F.,.F.,(3,3),(0.,1.),.PIECEWISE_BEZIER_KNOTS.);
#4742 = CARTESIAN_POINT('',(4.846313244241,-5.646989236129,2.));
#4743 = CARTESIAN_POINT('',(4.688157142114,-5.646989236129,2.));
#4744 = CARTESIAN_POINT('',(4.639823722115,-5.695322656128,2.));
#4745 = VECTOR('',#4746,1.);
#4746 = DIRECTION('',(-0.,-0.,-1.));
#4747 = ADVANCED_FACE('',(#4748),#4766,.T.);
#4748 = FACE_BOUND('',#4749,.T.);
#4749 = EDGE_LOOP('',(#4750,#4751,#4759,#4765));
#4750 = ORIENTED_EDGE('',*,*,#4708,.T.);
#4751 = ORIENTED_EDGE('',*,*,#4752,.T.);
#4752 = EDGE_CURVE('',#4701,#4753,#4755,.T.);
#4753 = VERTEX_POINT('',#4754);
#4754 = CARTESIAN_POINT('',(4.723334719983,-4.847342831886,2.6));
#4755 = B_SPLINE_CURVE_WITH_KNOTS('',2,(#4756,#4757,#4758),
  .UNSPECIFIED.,.F.,.F.,(3,3),(0.,1.),.PIECEWISE_BEZIER_KNOTS.);
#4756 = CARTESIAN_POINT('',(4.147909625084,-5.045252456971,2.6));
#4757 = CARTESIAN_POINT('',(4.345533253601,-4.847342831886,2.6));
#4758 = CARTESIAN_POINT('',(4.723334719983,-4.847342831886,2.6));
#4759 = ORIENTED_EDGE('',*,*,#4760,.F.);
#4760 = EDGE_CURVE('',#861,#4753,#4761,.T.);
#4761 = LINE('',#4762,#4763);
#4762 = CARTESIAN_POINT('',(4.723334719983,-4.847342831886,2.));
#4763 = VECTOR('',#4764,1.);
#4764 = DIRECTION('',(0.,0.,1.));
#4765 = ORIENTED_EDGE('',*,*,#860,.F.);
#4766 = SURFACE_OF_LINEAR_EXTRUSION('',#4767,#4771);
#4767 = B_SPLINE_CURVE_WITH_KNOTS('',2,(#4768,#4769,#4770),
  .UNSPECIFIED.,.F.,.F.,(3,3),(0.,1.),.PIECEWISE_BEZIER_KNOTS.);
#4768 = CARTESIAN_POINT('',(4.147909625084,-5.045252456971,2.));
#4769 = CARTESIAN_POINT('',(4.345533253601,-4.847342831886,2.));
#4770 = CARTESIAN_POINT('',(4.723334719983,-4.847342831886,2.));
#4771 = VECTOR('',#4772,1.);
#4772 = DIRECTION('',(-0.,-0.,-1.));
#4773 = ADVANCED_FACE('',(#4774),#4792,.T.);
#4774 = FACE_BOUND('',#4775,.T.);
#4775 = EDGE_LOOP('',(#4776,#4784,#4790,#4791));
#4776 = ORIENTED_EDGE('',*,*,#4777,.T.);
#4777 = EDGE_CURVE('',#949,#4778,#4780,.T.);
#4778 = VERTEX_POINT('',#4779);
#4779 = CARTESIAN_POINT('',(5.250426394883,-5.646989236129,2.6));
#4780 = LINE('',#4781,#4782);
#4781 = CARTESIAN_POINT('',(5.250426394883,-5.646989236129,2.));
#4782 = VECTOR('',#4783,1.);
#4783 = DIRECTION('',(0.,0.,1.));
#4784 = ORIENTED_EDGE('',*,*,#4785,.T.);
#4785 = EDGE_CURVE('',#4778,#4726,#4786,.T.);
#4786 = LINE('',#4787,#4788);
#4787 = CARTESIAN_POINT('',(5.250426394883,-5.646989236129,2.6));
#4788 = VECTOR('',#4789,1.);
#4789 = DIRECTION('',(-1.,0.,0.));
#4790 = ORIENTED_EDGE('',*,*,#4725,.F.);
#4791 = ORIENTED_EDGE('',*,*,#956,.F.);
#4792 = PLANE('',#4793);
#4793 = AXIS2_PLACEMENT_3D('',#4794,#4795,#4796);
#4794 = CARTESIAN_POINT('',(5.250426394883,-5.646989236129,2.));
#4795 = DIRECTION('',(-2.2E-16,-1.,0.));
#4796 = DIRECTION('',(-1.,2.2E-16,0.));
#4797 = ADVANCED_FACE('',(#4798),#4816,.T.);
#4798 = FACE_BOUND('',#4799,.T.);
#4799 = EDGE_LOOP('',(#4800,#4801,#4809,#4815));
#4800 = ORIENTED_EDGE('',*,*,#4760,.T.);
#4801 = ORIENTED_EDGE('',*,*,#4802,.T.);
#4802 = EDGE_CURVE('',#4753,#4803,#4805,.T.);
#4803 = VERTEX_POINT('',#4804);
#4804 = CARTESIAN_POINT('',(5.276738079143,-4.847342831886,2.6));
#4805 = LINE('',#4806,#4807);
#4806 = CARTESIAN_POINT('',(4.723334719983,-4.847342831886,2.6));
#4807 = VECTOR('',#4808,1.);
#4808 = DIRECTION('',(1.,0.,0.));
#4809 = ORIENTED_EDGE('',*,*,#4810,.F.);
#4810 = EDGE_CURVE('',#869,#4803,#4811,.T.);
#4811 = LINE('',#4812,#4813);
#4812 = CARTESIAN_POINT('',(5.276738079143,-4.847342831886,2.));
#4813 = VECTOR('',#4814,1.);
#4814 = DIRECTION('',(0.,0.,1.));
#4815 = ORIENTED_EDGE('',*,*,#868,.F.);
#4816 = PLANE('',#4817);
#4817 = AXIS2_PLACEMENT_3D('',#4818,#4819,#4820);
#4818 = CARTESIAN_POINT('',(4.723334719983,-4.847342831886,2.));
#4819 = DIRECTION('',(2.2E-16,1.,0.));
#4820 = DIRECTION('',(1.,-2.2E-16,0.));
#4821 = ADVANCED_FACE('',(#4822),#4840,.T.);
#4822 = FACE_BOUND('',#4823,.T.);
#4823 = EDGE_LOOP('',(#4824,#4832,#4838,#4839));
#4824 = ORIENTED_EDGE('',*,*,#4825,.T.);
#4825 = EDGE_CURVE('',#941,#4826,#4828,.T.);
#4826 = VERTEX_POINT('',#4827);
#4827 = CARTESIAN_POINT('',(5.790673911913,-5.695322656128,2.6));
#4828 = LINE('',#4829,#4830);
#4829 = CARTESIAN_POINT('',(5.790673911913,-5.695322656128,2.));
#4830 = VECTOR('',#4831,1.);
#4831 = DIRECTION('',(0.,0.,1.));
#4832 = ORIENTED_EDGE('',*,*,#4833,.T.);
#4833 = EDGE_CURVE('',#4826,#4778,#4834,.T.);
#4834 = B_SPLINE_CURVE_WITH_KNOTS('',2,(#4835,#4836,#4837),
  .UNSPECIFIED.,.F.,.F.,(3,3),(0.,1.),.PIECEWISE_BEZIER_KNOTS.);
#4835 = CARTESIAN_POINT('',(5.790673911913,-5.695322656128,2.6));
#4836 = CARTESIAN_POINT('',(5.557872705528,-5.646989236129,2.6));
#4837 = CARTESIAN_POINT('',(5.250426394883,-5.646989236129,2.6));
#4838 = ORIENTED_EDGE('',*,*,#4777,.F.);
#4839 = ORIENTED_EDGE('',*,*,#948,.F.);
#4840 = SURFACE_OF_LINEAR_EXTRUSION('',#4841,#4845);
#4841 = B_SPLINE_CURVE_WITH_KNOTS('',2,(#4842,#4843,#4844),
  .UNSPECIFIED.,.F.,.F.,(3,3),(0.,1.),.PIECEWISE_BEZIER_KNOTS.);
#4842 = CARTESIAN_POINT('',(5.790673911913,-5.695322656128,2.));
#4843 = CARTESIAN_POINT('',(5.557872705528,-5.646989236129,2.));
#4844 = CARTESIAN_POINT('',(5.250426394883,-5.646989236129,2.));
#4845 = VECTOR('',#4846,1.);
#4846 = DIRECTION('',(-0.,-0.,-1.));
#4847 = ADVANCED_FACE('',(#4848),#4866,.T.);
#4848 = FACE_BOUND('',#4849,.T.);
#4849 = EDGE_LOOP('',(#4850,#4851,#4859,#4865));
#4850 = ORIENTED_EDGE('',*,*,#4810,.T.);
#4851 = ORIENTED_EDGE('',*,*,#4852,.T.);
#4852 = EDGE_CURVE('',#4803,#4853,#4855,.T.);
#4853 = VERTEX_POINT('',#4854);
#4854 = CARTESIAN_POINT('',(5.89620664552,-4.917697987624,2.6));
#4855 = B_SPLINE_CURVE_WITH_KNOTS('',2,(#4856,#4857,#4858),
  .UNSPECIFIED.,.F.,.F.,(3,3),(0.,1.),.PIECEWISE_BEZIER_KNOTS.);
#4856 = CARTESIAN_POINT('',(5.276738079143,-4.847342831886,2.6));
#4857 = CARTESIAN_POINT('',(5.628227861266,-4.847342831886,2.6));
#4858 = CARTESIAN_POINT('',(5.89620664552,-4.917697987624,2.6));
#4859 = ORIENTED_EDGE('',*,*,#4860,.F.);
#4860 = EDGE_CURVE('',#877,#4853,#4861,.T.);
#4861 = LINE('',#4862,#4863);
#4862 = CARTESIAN_POINT('',(5.89620664552,-4.917697987624,2.));
#4863 = VECTOR('',#4864,1.);
#4864 = DIRECTION('',(0.,0.,1.));
#4865 = ORIENTED_EDGE('',*,*,#876,.F.);
#4866 = SURFACE_OF_LINEAR_EXTRUSION('',#4867,#4871);
#4867 = B_SPLINE_CURVE_WITH_KNOTS('',2,(#4868,#4869,#4870),
  .UNSPECIFIED.,.F.,.F.,(3,3),(0.,1.),.PIECEWISE_BEZIER_KNOTS.);
#4868 = CARTESIAN_POINT('',(5.276738079143,-4.847342831886,2.));
#4869 = CARTESIAN_POINT('',(5.628227861266,-4.847342831886,2.));
#4870 = CARTESIAN_POINT('',(5.89620664552,-4.917697987624,2.));
#4871 = VECTOR('',#4872,1.);
#4872 = DIRECTION('',(-0.,-0.,-1.));
#4873 = ADVANCED_FACE('',(#4874),#4892,.T.);
#4874 = FACE_BOUND('',#4875,.T.);
#4875 = EDGE_LOOP('',(#4876,#4884,#4890,#4891));
#4876 = ORIENTED_EDGE('',*,*,#4877,.T.);
#4877 = EDGE_CURVE('',#933,#4878,#4880,.T.);
#4878 = VERTEX_POINT('',#4879);
#4879 = CARTESIAN_POINT('',(6.304609744683,-5.892946284645,2.6));
#4880 = LINE('',#4881,#4882);
#4881 = CARTESIAN_POINT('',(6.304609744683,-5.892946284645,2.));
#4882 = VECTOR('',#4883,1.);
#4883 = DIRECTION('',(0.,0.,1.));
#4884 = ORIENTED_EDGE('',*,*,#4885,.T.);
#4885 = EDGE_CURVE('',#4878,#4826,#4886,.T.);
#4886 = B_SPLINE_CURVE_WITH_KNOTS('',2,(#4887,#4888,#4889),
  .UNSPECIFIED.,.F.,.F.,(3,3),(0.,1.),.PIECEWISE_BEZIER_KNOTS.);
#4887 = CARTESIAN_POINT('',(6.304609744683,-5.892946284645,2.6));
#4888 = CARTESIAN_POINT('',(6.023475118299,-5.743656076127,2.6));
#4889 = CARTESIAN_POINT('',(5.790673911913,-5.695322656128,2.6));
#4890 = ORIENTED_EDGE('',*,*,#4825,.F.);
#4891 = ORIENTED_EDGE('',*,*,#940,.F.);
#4892 = SURFACE_OF_LINEAR_EXTRUSION('',#4893,#4897);
#4893 = B_SPLINE_CURVE_WITH_KNOTS('',2,(#4894,#4895,#4896),
  .UNSPECIFIED.,.F.,.F.,(3,3),(0.,1.),.PIECEWISE_BEZIER_KNOTS.);
#4894 = CARTESIAN_POINT('',(6.304609744683,-5.892946284645,2.));
#4895 = CARTESIAN_POINT('',(6.023475118299,-5.743656076127,2.));
#4896 = CARTESIAN_POINT('',(5.790673911913,-5.695322656128,2.));
#4897 = VECTOR('',#4898,1.);
#4898 = DIRECTION('',(-0.,-0.,-1.));
#4899 = ADVANCED_FACE('',(#4900),#4918,.T.);
#4900 = FACE_BOUND('',#4901,.T.);
#4901 = EDGE_LOOP('',(#4902,#4903,#4911,#4917));
#4902 = ORIENTED_EDGE('',*,*,#4860,.T.);
#4903 = ORIENTED_EDGE('',*,*,#4904,.T.);
#4904 = EDGE_CURVE('',#4853,#4905,#4907,.T.);
#4905 = VERTEX_POINT('',#4906);
#4906 = CARTESIAN_POINT('',(6.480497634028,-5.155075139098,2.6));
#4907 = B_SPLINE_CURVE_WITH_KNOTS('',2,(#4908,#4909,#4910),
  .UNSPECIFIED.,.F.,.F.,(3,3),(0.,1.),.PIECEWISE_BEZIER_KNOTS.);
#4908 = CARTESIAN_POINT('',(5.89620664552,-4.917697987624,2.6));
#4909 = CARTESIAN_POINT('',(6.164185429775,-4.988053143362,2.6));
#4910 = CARTESIAN_POINT('',(6.480497634028,-5.155075139098,2.6));
#4911 = ORIENTED_EDGE('',*,*,#4912,.F.);
#4912 = EDGE_CURVE('',#885,#4905,#4913,.T.);
#4913 = LINE('',#4914,#4915);
#4914 = CARTESIAN_POINT('',(6.480497634028,-5.155075139098,2.));
#4915 = VECTOR('',#4916,1.);
#4916 = DIRECTION('',(0.,0.,1.));
#4917 = ORIENTED_EDGE('',*,*,#884,.F.);
#4918 = SURFACE_OF_LINEAR_EXTRUSION('',#4919,#4923);
#4919 = B_SPLINE_CURVE_WITH_KNOTS('',2,(#4920,#4921,#4922),
  .UNSPECIFIED.,.F.,.F.,(3,3),(0.,1.),.PIECEWISE_BEZIER_KNOTS.);
#4920 = CARTESIAN_POINT('',(5.89620664552,-4.917697987624,2.));
#4921 = CARTESIAN_POINT('',(6.164185429775,-4.988053143362,2.));
#4922 = CARTESIAN_POINT('',(6.480497634028,-5.155075139098,2.));
#4923 = VECTOR('',#4924,1.);
#4924 = DIRECTION('',(-0.,-0.,-1.));
#4925 = ADVANCED_FACE('',(#4926),#4944,.T.);
#4926 = FACE_BOUND('',#4927,.T.);
#4927 = EDGE_LOOP('',(#4928,#4936,#4942,#4943));
#4928 = ORIENTED_EDGE('',*,*,#4929,.T.);
#4929 = EDGE_CURVE('',#925,#4930,#4932,.T.);
#4930 = VERTEX_POINT('',#4931);
#4931 = CARTESIAN_POINT('',(8.835107378711,-7.237130154438,2.6));
#4932 = LINE('',#4933,#4934);
#4933 = CARTESIAN_POINT('',(8.835107378711,-7.237130154438,2.));
#4934 = VECTOR('',#4935,1.);
#4935 = DIRECTION('',(0.,0.,1.));
#4936 = ORIENTED_EDGE('',*,*,#4937,.T.);
#4937 = EDGE_CURVE('',#4930,#4878,#4938,.T.);
#4938 = LINE('',#4939,#4940);
#4939 = CARTESIAN_POINT('',(8.835107378711,-7.237130154438,2.6));
#4940 = VECTOR('',#4941,1.);
#4941 = DIRECTION('',(-0.883136395567,0.469116304155,0.));
#4942 = ORIENTED_EDGE('',*,*,#4877,.F.);
#4943 = ORIENTED_EDGE('',*,*,#932,.F.);
#4944 = PLANE('',#4945);
#4945 = AXIS2_PLACEMENT_3D('',#4946,#4947,#4948);
#4946 = CARTESIAN_POINT('',(8.835107378711,-7.237130154438,2.));
#4947 = DIRECTION('',(-0.469116304155,-0.883136395567,0.));
#4948 = DIRECTION('',(-0.883136395567,0.469116304155,0.));
#4949 = ADVANCED_FACE('',(#4950),#4968,.T.);
#4950 = FACE_BOUND('',#4951,.T.);
#4951 = EDGE_LOOP('',(#4952,#4953,#4961,#4967));
#4952 = ORIENTED_EDGE('',*,*,#4912,.T.);
#4953 = ORIENTED_EDGE('',*,*,#4954,.T.);
#4954 = EDGE_CURVE('',#4905,#4955,#4957,.T.);
#4955 = VERTEX_POINT('',#4956);
#4956 = CARTESIAN_POINT('',(8.808509697884,-6.341102906765,2.6));
#4957 = LINE('',#4958,#4959);
#4958 = CARTESIAN_POINT('',(6.480497634028,-5.155075139098,2.6));
#4959 = VECTOR('',#4960,1.);
#4960 = DIRECTION('',(0.89103030771,-0.453943818928,0.));
#4961 = ORIENTED_EDGE('',*,*,#4962,.F.);
#4962 = EDGE_CURVE('',#893,#4955,#4963,.T.);
#4963 = LINE('',#4964,#4965);
#4964 = CARTESIAN_POINT('',(8.808509697884,-6.341102906765,2.));
#4965 = VECTOR('',#4966,1.);
#4966 = DIRECTION('',(0.,0.,1.));
#4967 = ORIENTED_EDGE('',*,*,#892,.F.);
#4968 = PLANE('',#4969);
#4969 = AXIS2_PLACEMENT_3D('',#4970,#4971,#4972);
#4970 = CARTESIAN_POINT('',(6.480497634028,-5.155075139098,2.));
#4971 = DIRECTION('',(0.453943818928,0.89103030771,0.));
#4972 = DIRECTION('',(0.89103030771,-0.453943818928,0.));
#4973 = ADVANCED_FACE('',(#4974),#4992,.T.);
#4974 = FACE_BOUND('',#4975,.T.);
#4975 = EDGE_LOOP('',(#4976,#4984,#4990,#4991));
#4976 = ORIENTED_EDGE('',*,*,#4977,.T.);
#4977 = EDGE_CURVE('',#917,#4978,#4980,.T.);
#4978 = VERTEX_POINT('',#4979);
#4979 = CARTESIAN_POINT('',(9.45,-7.237130154438,2.6));
#4980 = LINE('',#4981,#4982);
#4981 = CARTESIAN_POINT('',(9.45,-7.237130154438,2.));
#4982 = VECTOR('',#4983,1.);
#4983 = DIRECTION('',(0.,0.,1.));
#4984 = ORIENTED_EDGE('',*,*,#4985,.T.);
#4985 = EDGE_CURVE('',#4978,#4930,#4986,.T.);
#4986 = LINE('',#4987,#4988);
#4987 = CARTESIAN_POINT('',(9.45,-7.237130154438,2.6));
#4988 = VECTOR('',#4989,1.);
#4989 = DIRECTION('',(-1.,0.,0.));
#4990 = ORIENTED_EDGE('',*,*,#4929,.F.);
#4991 = ORIENTED_EDGE('',*,*,#924,.F.);
#4992 = PLANE('',#4993);
#4993 = AXIS2_PLACEMENT_3D('',#4994,#4995,#4996);
#4994 = CARTESIAN_POINT('',(9.45,-7.237130154438,2.));
#4995 = DIRECTION('',(-2.2E-16,-1.,0.));
#4996 = DIRECTION('',(-1.,2.2E-16,0.));
#4997 = ADVANCED_FACE('',(#4998),#5016,.T.);
#4998 = FACE_BOUND('',#4999,.T.);
#4999 = EDGE_LOOP('',(#5000,#5001,#5009,#5015));
#5000 = ORIENTED_EDGE('',*,*,#4962,.T.);
#5001 = ORIENTED_EDGE('',*,*,#5002,.T.);
#5002 = EDGE_CURVE('',#4955,#5003,#5005,.T.);
#5003 = VERTEX_POINT('',#5004);
#5004 = CARTESIAN_POINT('',(8.808509697884,-4.812451250585,2.6));
#5005 = LINE('',#5006,#5007);
#5006 = CARTESIAN_POINT('',(8.808509697884,-6.341102906765,2.6));
#5007 = VECTOR('',#5008,1.);
#5008 = DIRECTION('',(0.,1.,0.));
#5009 = ORIENTED_EDGE('',*,*,#5010,.F.);
#5010 = EDGE_CURVE('',#901,#5003,#5011,.T.);
#5011 = LINE('',#5012,#5013);
#5012 = CARTESIAN_POINT('',(8.808509697884,-4.812451250585,2.));
#5013 = VECTOR('',#5014,1.);
#5014 = DIRECTION('',(0.,0.,1.));
#5015 = ORIENTED_EDGE('',*,*,#900,.F.);
#5016 = PLANE('',#5017);
#5017 = AXIS2_PLACEMENT_3D('',#5018,#5019,#5020);
#5018 = CARTESIAN_POINT('',(8.808509697884,-6.341102906765,2.));
#5019 = DIRECTION('',(-1.,2.2E-16,0.));
#5020 = DIRECTION('',(2.2E-16,1.,0.));
#5021 = ADVANCED_FACE('',(#5022),#5040,.T.);
#5022 = FACE_BOUND('',#5023,.T.);
#5023 = EDGE_LOOP('',(#5024,#5032,#5038,#5039));
#5024 = ORIENTED_EDGE('',*,*,#5025,.T.);
#5025 = EDGE_CURVE('',#909,#5026,#5028,.T.);
#5026 = VERTEX_POINT('',#5027);
#5027 = CARTESIAN_POINT('',(9.45,-4.812451250585,2.6));
#5028 = LINE('',#5029,#5030);
#5029 = CARTESIAN_POINT('',(9.45,-4.812451250585,2.));
#5030 = VECTOR('',#5031,1.);
#5031 = DIRECTION('',(0.,0.,1.));
#5032 = ORIENTED_EDGE('',*,*,#5033,.T.);
#5033 = EDGE_CURVE('',#5026,#4978,#5034,.T.);
#5034 = LINE('',#5035,#5036);
#5035 = CARTESIAN_POINT('',(9.45,-4.812451250585,2.6));
#5036 = VECTOR('',#5037,1.);
#5037 = DIRECTION('',(0.,-1.,0.));
#5038 = ORIENTED_EDGE('',*,*,#4977,.F.);
#5039 = ORIENTED_EDGE('',*,*,#916,.F.);
#5040 = PLANE('',#5041);
#5041 = AXIS2_PLACEMENT_3D('',#5042,#5043,#5044);
#5042 = CARTESIAN_POINT('',(9.45,-4.812451250585,2.));
#5043 = DIRECTION('',(1.,-2.2E-16,0.));
#5044 = DIRECTION('',(-2.2E-16,-1.,0.));
#5045 = ADVANCED_FACE('',(#5046),#5057,.T.);
#5046 = FACE_BOUND('',#5047,.T.);
#5047 = EDGE_LOOP('',(#5048,#5049,#5055,#5056));
#5048 = ORIENTED_EDGE('',*,*,#5010,.T.);
#5049 = ORIENTED_EDGE('',*,*,#5050,.T.);
#5050 = EDGE_CURVE('',#5003,#5026,#5051,.T.);
#5051 = LINE('',#5052,#5053);
#5052 = CARTESIAN_POINT('',(8.808509697884,-4.812451250585,2.6));
#5053 = VECTOR('',#5054,1.);
#5054 = DIRECTION('',(1.,0.,0.));
#5055 = ORIENTED_EDGE('',*,*,#5025,.F.);
#5056 = ORIENTED_EDGE('',*,*,#908,.F.);
#5057 = PLANE('',#5058);
#5058 = AXIS2_PLACEMENT_3D('',#5059,#5060,#5061);
#5059 = CARTESIAN_POINT('',(8.808509697884,-4.812451250585,2.));
#5060 = DIRECTION('',(2.2E-16,1.,0.));
#5061 = DIRECTION('',(1.,-2.2E-16,0.));
#5062 = ADVANCED_FACE('',(#5063),#5088,.T.);
#5063 = FACE_BOUND('',#5064,.T.);
#5064 = EDGE_LOOP('',(#5065,#5073,#5081,#5087));
#5065 = ORIENTED_EDGE('',*,*,#5066,.T.);
#5066 = EDGE_CURVE('',#1024,#5067,#5069,.T.);
#5067 = VERTEX_POINT('',#5068);
#5068 = CARTESIAN_POINT('',(6.647233633196,-2.81733919193,2.6));
#5069 = LINE('',#5070,#5071);
#5070 = CARTESIAN_POINT('',(6.647233633196,-2.81733919193,2.));
#5071 = VECTOR('',#5072,1.);
#5072 = DIRECTION('',(0.,0.,1.));
#5073 = ORIENTED_EDGE('',*,*,#5074,.T.);
#5074 = EDGE_CURVE('',#5067,#5075,#5077,.T.);
#5075 = VERTEX_POINT('',#5076);
#5076 = CARTESIAN_POINT('',(6.647233633196,-4.223012323852,2.6));
#5077 = LINE('',#5078,#5079);
#5078 = CARTESIAN_POINT('',(6.647233633196,-3.432231813218,2.6));
#5079 = VECTOR('',#5080,1.);
#5080 = DIRECTION('',(-2.2E-16,-1.,0.));
#5081 = ORIENTED_EDGE('',*,*,#5082,.F.);
#5082 = EDGE_CURVE('',#1026,#5075,#5083,.T.);
#5083 = LINE('',#5084,#5085);
#5084 = CARTESIAN_POINT('',(6.647233633196,-4.223012323852,2.));
#5085 = VECTOR('',#5086,1.);
#5086 = DIRECTION('',(0.,0.,1.));
#5087 = ORIENTED_EDGE('',*,*,#1023,.F.);
#5088 = PLANE('',#5089);
#5089 = AXIS2_PLACEMENT_3D('',#5090,#5091,#5092);
#5090 = CARTESIAN_POINT('',(6.647233633196,-3.520175757891,2.3));
#5091 = DIRECTION('',(1.,0.,0.));
#5092 = DIRECTION('',(0.,0.,1.));
#5093 = ADVANCED_FACE('',(#5094),#5112,.T.);
#5094 = FACE_BOUND('',#5095,.T.);
#5095 = EDGE_LOOP('',(#5096,#5104,#5110,#5111));
#5096 = ORIENTED_EDGE('',*,*,#5097,.T.);
#5097 = EDGE_CURVE('',#1218,#5098,#5100,.T.);
#5098 = VERTEX_POINT('',#5099);
#5099 = CARTESIAN_POINT('',(6.695567053195,-2.601983776195,2.6));
#5100 = LINE('',#5101,#5102);
#5101 = CARTESIAN_POINT('',(6.695567053195,-2.601983776195,2.));
#5102 = VECTOR('',#5103,1.);
#5103 = DIRECTION('',(0.,0.,1.));
#5104 = ORIENTED_EDGE('',*,*,#5105,.T.);
#5105 = EDGE_CURVE('',#5098,#5067,#5106,.T.);
#5106 = B_SPLINE_CURVE_WITH_KNOTS('',2,(#5107,#5108,#5109),
  .UNSPECIFIED.,.F.,.F.,(3,3),(0.,1.),.PIECEWISE_BEZIER_KNOTS.);
#5107 = CARTESIAN_POINT('',(6.695567053195,-2.601983776195,2.6));
#5108 = CARTESIAN_POINT('',(6.647233633196,-2.650317196194,2.6));
#5109 = CARTESIAN_POINT('',(6.647233633196,-2.81733919193,2.6));
#5110 = ORIENTED_EDGE('',*,*,#5066,.F.);
#5111 = ORIENTED_EDGE('',*,*,#1225,.F.);
#5112 = SURFACE_OF_LINEAR_EXTRUSION('',#5113,#5117);
#5113 = B_SPLINE_CURVE_WITH_KNOTS('',2,(#5114,#5115,#5116),
  .UNSPECIFIED.,.F.,.F.,(3,3),(0.,1.),.PIECEWISE_BEZIER_KNOTS.);
#5114 = CARTESIAN_POINT('',(6.695567053195,-2.601983776195,2.));
#5115 = CARTESIAN_POINT('',(6.647233633196,-2.650317196194,2.));
#5116 = CARTESIAN_POINT('',(6.647233633196,-2.81733919193,2.));
#5117 = VECTOR('',#5118,1.);
#5118 = DIRECTION('',(-0.,-0.,-1.));
#5119 = ADVANCED_FACE('',(#5120),#5138,.T.);
#5120 = FACE_BOUND('',#5121,.T.);
#5121 = EDGE_LOOP('',(#5122,#5123,#5131,#5137));
#5122 = ORIENTED_EDGE('',*,*,#5082,.T.);
#5123 = ORIENTED_EDGE('',*,*,#5124,.T.);
#5124 = EDGE_CURVE('',#5075,#5125,#5127,.T.);
#5125 = VERTEX_POINT('',#5126);
#5126 = CARTESIAN_POINT('',(3.95,-4.223012323852,2.6));
#5127 = LINE('',#5128,#5129);
#5128 = CARTESIAN_POINT('',(6.647233633196,-4.223012323852,2.6));
#5129 = VECTOR('',#5130,1.);
#5130 = DIRECTION('',(-1.,0.,0.));
#5131 = ORIENTED_EDGE('',*,*,#5132,.F.);
#5132 = EDGE_CURVE('',#1034,#5125,#5133,.T.);
#5133 = LINE('',#5134,#5135);
#5134 = CARTESIAN_POINT('',(3.95,-4.223012323852,2.));
#5135 = VECTOR('',#5136,1.);
#5136 = DIRECTION('',(0.,0.,1.));
#5137 = ORIENTED_EDGE('',*,*,#1033,.F.);
#5138 = PLANE('',#5139);
#5139 = AXIS2_PLACEMENT_3D('',#5140,#5141,#5142);
#5140 = CARTESIAN_POINT('',(6.647233633196,-4.223012323852,2.));
#5141 = DIRECTION('',(-2.2E-16,-1.,0.));
#5142 = DIRECTION('',(-1.,2.2E-16,0.));
#5143 = ADVANCED_FACE('',(#5144),#5162,.T.);
#5144 = FACE_BOUND('',#5145,.T.);
#5145 = EDGE_LOOP('',(#5146,#5154,#5160,#5161));
#5146 = ORIENTED_EDGE('',*,*,#5147,.T.);
#5147 = EDGE_CURVE('',#1210,#5148,#5150,.T.);
#5148 = VERTEX_POINT('',#5149);
#5149 = CARTESIAN_POINT('',(6.91092246893,-2.553650356196,2.6));
#5150 = LINE('',#5151,#5152);
#5151 = CARTESIAN_POINT('',(6.91092246893,-2.553650356196,2.));
#5152 = VECTOR('',#5153,1.);
#5153 = DIRECTION('',(0.,0.,1.));
#5154 = ORIENTED_EDGE('',*,*,#5155,.T.);
#5155 = EDGE_CURVE('',#5148,#5098,#5156,.T.);
#5156 = B_SPLINE_CURVE_WITH_KNOTS('',2,(#5157,#5158,#5159),
  .UNSPECIFIED.,.F.,.F.,(3,3),(0.,1.),.PIECEWISE_BEZIER_KNOTS.);
#5157 = CARTESIAN_POINT('',(6.91092246893,-2.553650356196,2.6));
#5158 = CARTESIAN_POINT('',(6.743900473194,-2.553650356196,2.6));
#5159 = CARTESIAN_POINT('',(6.695567053195,-2.601983776195,2.6));
#5160 = ORIENTED_EDGE('',*,*,#5097,.F.);
#5161 = ORIENTED_EDGE('',*,*,#1217,.F.);
#5162 = SURFACE_OF_LINEAR_EXTRUSION('',#5163,#5167);
#5163 = B_SPLINE_CURVE_WITH_KNOTS('',2,(#5164,#5165,#5166),
  .UNSPECIFIED.,.F.,.F.,(3,3),(0.,1.),.PIECEWISE_BEZIER_KNOTS.);
#5164 = CARTESIAN_POINT('',(6.91092246893,-2.553650356196,2.));
#5165 = CARTESIAN_POINT('',(6.743900473194,-2.553650356196,2.));
#5166 = CARTESIAN_POINT('',(6.695567053195,-2.601983776195,2.));
#5167 = VECTOR('',#5168,1.);
#5168 = DIRECTION('',(-0.,-0.,-1.));
#5169 = ADVANCED_FACE('',(#5170),#5188,.T.);
#5170 = FACE_BOUND('',#5171,.T.);
#5171 = EDGE_LOOP('',(#5172,#5173,#5181,#5187));
#5172 = ORIENTED_EDGE('',*,*,#5132,.T.);
#5173 = ORIENTED_EDGE('',*,*,#5174,.T.);
#5174 = EDGE_CURVE('',#5125,#5175,#5177,.T.);
#5175 = VERTEX_POINT('',#5176);
#5176 = CARTESIAN_POINT('',(3.95,-1.771735739171,2.6));
#5177 = LINE('',#5178,#5179);
#5178 = CARTESIAN_POINT('',(3.95,-4.223012323852,2.6));
#5179 = VECTOR('',#5180,1.);
#5180 = DIRECTION('',(0.,1.,0.));
#5181 = ORIENTED_EDGE('',*,*,#5182,.F.);
#5182 = EDGE_CURVE('',#1042,#5175,#5183,.T.);
#5183 = LINE('',#5184,#5185);
#5184 = CARTESIAN_POINT('',(3.95,-1.771735739171,2.));
#5185 = VECTOR('',#5186,1.);
#5186 = DIRECTION('',(0.,0.,1.));
#5187 = ORIENTED_EDGE('',*,*,#1041,.F.);
#5188 = PLANE('',#5189);
#5189 = AXIS2_PLACEMENT_3D('',#5190,#5191,#5192);
#5190 = CARTESIAN_POINT('',(3.95,-4.223012323852,2.));
#5191 = DIRECTION('',(-1.,2.2E-16,0.));
#5192 = DIRECTION('',(2.2E-16,1.,0.));
#5193 = ADVANCED_FACE('',(#5194),#5212,.T.);
#5194 = FACE_BOUND('',#5195,.T.);
#5195 = EDGE_LOOP('',(#5196,#5204,#5210,#5211));
#5196 = ORIENTED_EDGE('',*,*,#5197,.T.);
#5197 = EDGE_CURVE('',#1202,#5198,#5200,.T.);
#5198 = VERTEX_POINT('',#5199);
#5199 = CARTESIAN_POINT('',(8.553972752327,-2.553650356196,2.6));
#5200 = LINE('',#5201,#5202);
#5201 = CARTESIAN_POINT('',(8.553972752327,-2.553650356196,2.));
#5202 = VECTOR('',#5203,1.);
#5203 = DIRECTION('',(0.,0.,1.));
#5204 = ORIENTED_EDGE('',*,*,#5205,.T.);
#5205 = EDGE_CURVE('',#5198,#5148,#5206,.T.);
#5206 = LINE('',#5207,#5208);
#5207 = CARTESIAN_POINT('',(8.553972752327,-2.553650356196,2.6));
#5208 = VECTOR('',#5209,1.);
#5209 = DIRECTION('',(-1.,0.,0.));
#5210 = ORIENTED_EDGE('',*,*,#5147,.F.);
#5211 = ORIENTED_EDGE('',*,*,#1209,.F.);
#5212 = PLANE('',#5213);
#5213 = AXIS2_PLACEMENT_3D('',#5214,#5215,#5216);
#5214 = CARTESIAN_POINT('',(8.553972752327,-2.553650356196,2.));
#5215 = DIRECTION('',(-2.2E-16,-1.,0.));
#5216 = DIRECTION('',(-1.,2.2E-16,0.));
#5217 = ADVANCED_FACE('',(#5218),#5236,.T.);
#5218 = FACE_BOUND('',#5219,.T.);
#5219 = EDGE_LOOP('',(#5220,#5221,#5229,#5235));
#5220 = ORIENTED_EDGE('',*,*,#5182,.T.);
#5221 = ORIENTED_EDGE('',*,*,#5222,.T.);
#5222 = EDGE_CURVE('',#5175,#5223,#5225,.T.);
#5223 = VERTEX_POINT('',#5224);
#5224 = CARTESIAN_POINT('',(4.591490302116,-1.771735739171,2.6));
#5225 = LINE('',#5226,#5227);
#5226 = CARTESIAN_POINT('',(3.95,-1.771735739171,2.6));
#5227 = VECTOR('',#5228,1.);
#5228 = DIRECTION('',(1.,0.,0.));
#5229 = ORIENTED_EDGE('',*,*,#5230,.F.);
#5230 = EDGE_CURVE('',#1050,#5223,#5231,.T.);
#5231 = LINE('',#5232,#5233);
#5232 = CARTESIAN_POINT('',(4.591490302116,-1.771735739171,2.));
#5233 = VECTOR('',#5234,1.);
#5234 = DIRECTION('',(0.,0.,1.));
#5235 = ORIENTED_EDGE('',*,*,#1049,.F.);
#5236 = PLANE('',#5237);
#5237 = AXIS2_PLACEMENT_3D('',#5238,#5239,#5240);
#5238 = CARTESIAN_POINT('',(3.95,-1.771735739171,2.));
#5239 = DIRECTION('',(2.2E-16,1.,0.));
#5240 = DIRECTION('',(1.,-2.2E-16,0.));
#5241 = ADVANCED_FACE('',(#5242),#5260,.T.);
#5242 = FACE_BOUND('',#5243,.T.);
#5243 = EDGE_LOOP('',(#5244,#5252,#5258,#5259));
#5244 = ORIENTED_EDGE('',*,*,#5245,.T.);
#5245 = EDGE_CURVE('',#1194,#5246,#5248,.T.);
#5246 = VERTEX_POINT('',#5247);
#5247 = CARTESIAN_POINT('',(8.755886329364,-2.601983776195,2.6));
#5248 = LINE('',#5249,#5250);
#5249 = CARTESIAN_POINT('',(8.755886329364,-2.601983776195,2.));
#5250 = VECTOR('',#5251,1.);
#5251 = DIRECTION('',(0.,0.,1.));
#5252 = ORIENTED_EDGE('',*,*,#5253,.T.);
#5253 = EDGE_CURVE('',#5246,#5198,#5254,.T.);
#5254 = B_SPLINE_CURVE_WITH_KNOTS('',2,(#5255,#5256,#5257),
  .UNSPECIFIED.,.F.,.F.,(3,3),(0.,1.),.PIECEWISE_BEZIER_KNOTS.);
#5255 = CARTESIAN_POINT('',(8.755886329364,-2.601983776195,2.6));
#5256 = CARTESIAN_POINT('',(8.703262960844,-2.553650356196,2.6));
#5257 = CARTESIAN_POINT('',(8.553972752327,-2.553650356196,2.6));
#5258 = ORIENTED_EDGE('',*,*,#5197,.F.);
#5259 = ORIENTED_EDGE('',*,*,#1201,.F.);
#5260 = SURFACE_OF_LINEAR_EXTRUSION('',#5261,#5265);
#5261 = B_SPLINE_CURVE_WITH_KNOTS('',2,(#5262,#5263,#5264),
  .UNSPECIFIED.,.F.,.F.,(3,3),(0.,1.),.PIECEWISE_BEZIER_KNOTS.);
#5262 = CARTESIAN_POINT('',(8.755886329364,-2.601983776195,2.));
#5263 = CARTESIAN_POINT('',(8.703262960844,-2.553650356196,2.));
#5264 = CARTESIAN_POINT('',(8.553972752327,-2.553650356196,2.));
#5265 = VECTOR('',#5266,1.);
#5266 = DIRECTION('',(-0.,-0.,-1.));
#5267 = ADVANCED_FACE('',(#5268),#5286,.T.);
#5268 = FACE_BOUND('',#5269,.T.);
#5269 = EDGE_LOOP('',(#5270,#5271,#5279,#5285));
#5270 = ORIENTED_EDGE('',*,*,#5230,.T.);
#5271 = ORIENTED_EDGE('',*,*,#5272,.T.);
#5272 = EDGE_CURVE('',#5223,#5273,#5275,.T.);
#5273 = VERTEX_POINT('',#5274);
#5274 = CARTESIAN_POINT('',(4.591490302116,-3.432231813218,2.6));
#5275 = LINE('',#5276,#5277);
#5276 = CARTESIAN_POINT('',(4.591490302116,-1.771735739171,2.6));
#5277 = VECTOR('',#5278,1.);
#5278 = DIRECTION('',(0.,-1.,0.));
#5279 = ORIENTED_EDGE('',*,*,#5280,.F.);
#5280 = EDGE_CURVE('',#1058,#5273,#5281,.T.);
#5281 = LINE('',#5282,#5283);
#5282 = CARTESIAN_POINT('',(4.591490302116,-3.432231813218,2.));
#5283 = VECTOR('',#5284,1.);
#5284 = DIRECTION('',(0.,0.,1.));
#5285 = ORIENTED_EDGE('',*,*,#1057,.F.);
#5286 = PLANE('',#5287);
#5287 = AXIS2_PLACEMENT_3D('',#5288,#5289,#5290);
#5288 = CARTESIAN_POINT('',(4.591490302116,-1.771735739171,2.));
#5289 = DIRECTION('',(1.,-2.2E-16,0.));
#5290 = DIRECTION('',(-2.2E-16,-1.,0.));
#5291 = ADVANCED_FACE('',(#5292),#5310,.T.);
#5292 = FACE_BOUND('',#5293,.T.);
#5293 = EDGE_LOOP('',(#5294,#5302,#5308,#5309));
#5294 = ORIENTED_EDGE('',*,*,#5295,.T.);
#5295 = EDGE_CURVE('',#1186,#5296,#5298,.T.);
#5296 = VERTEX_POINT('',#5297);
#5297 = CARTESIAN_POINT('',(8.808509697884,-2.81733919193,2.6));
#5298 = LINE('',#5299,#5300);
#5299 = CARTESIAN_POINT('',(8.808509697884,-2.81733919193,2.));
#5300 = VECTOR('',#5301,1.);
#5301 = DIRECTION('',(0.,0.,1.));
#5302 = ORIENTED_EDGE('',*,*,#5303,.T.);
#5303 = EDGE_CURVE('',#5296,#5246,#5304,.T.);
#5304 = B_SPLINE_CURVE_WITH_KNOTS('',2,(#5305,#5306,#5307),
  .UNSPECIFIED.,.F.,.F.,(3,3),(0.,1.),.PIECEWISE_BEZIER_KNOTS.);
#5305 = CARTESIAN_POINT('',(8.808509697884,-2.81733919193,2.6));
#5306 = CARTESIAN_POINT('',(8.808509697884,-2.650317196194,2.6));
#5307 = CARTESIAN_POINT('',(8.755886329364,-2.601983776195,2.6));
#5308 = ORIENTED_EDGE('',*,*,#5245,.F.);
#5309 = ORIENTED_EDGE('',*,*,#1193,.F.);
#5310 = SURFACE_OF_LINEAR_EXTRUSION('',#5311,#5315);
#5311 = B_SPLINE_CURVE_WITH_KNOTS('',2,(#5312,#5313,#5314),
  .UNSPECIFIED.,.F.,.F.,(3,3),(0.,1.),.PIECEWISE_BEZIER_KNOTS.);
#5312 = CARTESIAN_POINT('',(8.808509697884,-2.81733919193,2.));
#5313 = CARTESIAN_POINT('',(8.808509697884,-2.650317196194,2.));
#5314 = CARTESIAN_POINT('',(8.755886329364,-2.601983776195,2.));
#5315 = VECTOR('',#5316,1.);
#5316 = DIRECTION('',(-0.,-0.,-1.));
#5317 = ADVANCED_FACE('',(#5318),#5336,.T.);
#5318 = FACE_BOUND('',#5319,.T.);
#5319 = EDGE_LOOP('',(#5320,#5321,#5329,#5335));
#5320 = ORIENTED_EDGE('',*,*,#5280,.T.);
#5321 = ORIENTED_EDGE('',*,*,#5322,.T.);
#5322 = EDGE_CURVE('',#5273,#5323,#5325,.T.);
#5323 = VERTEX_POINT('',#5324);
#5324 = CARTESIAN_POINT('',(6.014609224689,-3.432231813218,2.6));
#5325 = LINE('',#5326,#5327);
#5326 = CARTESIAN_POINT('',(4.591490302116,-3.432231813218,2.6));
#5327 = VECTOR('',#5328,1.);
#5328 = DIRECTION('',(1.,0.,0.));
#5329 = ORIENTED_EDGE('',*,*,#5330,.F.);
#5330 = EDGE_CURVE('',#1066,#5323,#5331,.T.);
#5331 = LINE('',#5332,#5333);
#5332 = CARTESIAN_POINT('',(6.014609224689,-3.432231813218,2.));
#5333 = VECTOR('',#5334,1.);
#5334 = DIRECTION('',(0.,0.,1.));
#5335 = ORIENTED_EDGE('',*,*,#1065,.F.);
#5336 = PLANE('',#5337);
#5337 = AXIS2_PLACEMENT_3D('',#5338,#5339,#5340);
#5338 = CARTESIAN_POINT('',(4.591490302116,-3.432231813218,2.));
#5339 = DIRECTION('',(2.2E-16,1.,0.));
#5340 = DIRECTION('',(1.,-2.2E-16,0.));
#5341 = ADVANCED_FACE('',(#5342),#5360,.T.);
#5342 = FACE_BOUND('',#5343,.T.);
#5343 = EDGE_LOOP('',(#5344,#5352,#5358,#5359));
#5344 = ORIENTED_EDGE('',*,*,#5345,.T.);
#5345 = EDGE_CURVE('',#1178,#5346,#5348,.T.);
#5346 = VERTEX_POINT('',#5347);
#5347 = CARTESIAN_POINT('',(8.808509697884,-3.177408871094,2.6));
#5348 = LINE('',#5349,#5350);
#5349 = CARTESIAN_POINT('',(8.808509697884,-3.177408871094,2.));
#5350 = VECTOR('',#5351,1.);
#5351 = DIRECTION('',(0.,0.,1.));
#5352 = ORIENTED_EDGE('',*,*,#5353,.T.);
#5353 = EDGE_CURVE('',#5346,#5296,#5354,.T.);
#5354 = LINE('',#5355,#5356);
#5355 = CARTESIAN_POINT('',(8.808509697884,-3.177408871094,2.6));
#5356 = VECTOR('',#5357,1.);
#5357 = DIRECTION('',(0.,1.,0.));
#5358 = ORIENTED_EDGE('',*,*,#5295,.F.);
#5359 = ORIENTED_EDGE('',*,*,#1185,.F.);
#5360 = PLANE('',#5361);
#5361 = AXIS2_PLACEMENT_3D('',#5362,#5363,#5364);
#5362 = CARTESIAN_POINT('',(8.808509697884,-3.177408871094,2.));
#5363 = DIRECTION('',(-1.,2.2E-16,0.));
#5364 = DIRECTION('',(2.2E-16,1.,0.));
#5365 = ADVANCED_FACE('',(#5366),#5384,.T.);
#5366 = FACE_BOUND('',#5367,.T.);
#5367 = EDGE_LOOP('',(#5368,#5369,#5377,#5383));
#5368 = ORIENTED_EDGE('',*,*,#5330,.T.);
#5369 = ORIENTED_EDGE('',*,*,#5370,.T.);
#5370 = EDGE_CURVE('',#5323,#5371,#5373,.T.);
#5371 = VERTEX_POINT('',#5372);
#5372 = CARTESIAN_POINT('',(6.014609224689,-2.579962040456,2.6));
#5373 = LINE('',#5374,#5375);
#5374 = CARTESIAN_POINT('',(6.014609224689,-3.739678123863,2.6));
#5375 = VECTOR('',#5376,1.);
#5376 = DIRECTION('',(0.,1.,0.));
#5377 = ORIENTED_EDGE('',*,*,#5378,.F.);
#5378 = EDGE_CURVE('',#1074,#5371,#5379,.T.);
#5379 = LINE('',#5380,#5381);
#5380 = CARTESIAN_POINT('',(6.014609224689,-2.579962040456,2.));
#5381 = VECTOR('',#5382,1.);
#5382 = DIRECTION('',(0.,0.,1.));
#5383 = ORIENTED_EDGE('',*,*,#1073,.F.);
#5384 = PLANE('',#5385);
#5385 = AXIS2_PLACEMENT_3D('',#5386,#5387,#5388);
#5386 = CARTESIAN_POINT('',(6.014609224689,-3.432231813218,2.));
#5387 = DIRECTION('',(-1.,2.2E-16,0.));
#5388 = DIRECTION('',(2.2E-16,1.,0.));
#5389 = ADVANCED_FACE('',(#5390),#5408,.T.);
#5390 = FACE_BOUND('',#5391,.T.);
#5391 = EDGE_LOOP('',(#5392,#5400,#5406,#5407));
#5392 = ORIENTED_EDGE('',*,*,#5393,.T.);
#5393 = EDGE_CURVE('',#1170,#5394,#5396,.T.);
#5394 = VERTEX_POINT('',#5395);
#5395 = CARTESIAN_POINT('',(8.755886329364,-3.388474338308,2.6));
#5396 = LINE('',#5397,#5398);
#5397 = CARTESIAN_POINT('',(8.755886329364,-3.388474338308,2.));
#5398 = VECTOR('',#5399,1.);
#5399 = DIRECTION('',(0.,0.,1.));
#5400 = ORIENTED_EDGE('',*,*,#5401,.T.);
#5401 = EDGE_CURVE('',#5394,#5346,#5402,.T.);
#5402 = B_SPLINE_CURVE_WITH_KNOTS('',2,(#5403,#5404,#5405),
  .UNSPECIFIED.,.F.,.F.,(3,3),(0.,1.),.PIECEWISE_BEZIER_KNOTS.);
#5403 = CARTESIAN_POINT('',(8.755886329364,-3.388474338308,2.6));
#5404 = CARTESIAN_POINT('',(8.808509697884,-3.33556497322,2.6));
#5405 = CARTESIAN_POINT('',(8.808509697884,-3.177408871094,2.6));
#5406 = ORIENTED_EDGE('',*,*,#5345,.F.);
#5407 = ORIENTED_EDGE('',*,*,#1177,.F.);
#5408 = SURFACE_OF_LINEAR_EXTRUSION('',#5409,#5413);
#5409 = B_SPLINE_CURVE_WITH_KNOTS('',2,(#5410,#5411,#5412),
  .UNSPECIFIED.,.F.,.F.,(3,3),(0.,1.),.PIECEWISE_BEZIER_KNOTS.);
#5410 = CARTESIAN_POINT('',(8.755886329364,-3.388474338308,2.));
#5411 = CARTESIAN_POINT('',(8.808509697884,-3.33556497322,2.));
#5412 = CARTESIAN_POINT('',(8.808509697884,-3.177408871094,2.));
#5413 = VECTOR('',#5414,1.);
#5414 = DIRECTION('',(-0.,-0.,-1.));
#5415 = ADVANCED_FACE('',(#5416),#5434,.T.);
#5416 = FACE_BOUND('',#5417,.T.);
#5417 = EDGE_LOOP('',(#5418,#5419,#5427,#5433));
#5418 = ORIENTED_EDGE('',*,*,#5378,.T.);
#5419 = ORIENTED_EDGE('',*,*,#5420,.T.);
#5420 = EDGE_CURVE('',#5371,#5421,#5423,.T.);
#5421 = VERTEX_POINT('',#5422);
#5422 = CARTESIAN_POINT('',(6.212518849774,-1.951913577037,2.6));
#5423 = B_SPLINE_CURVE_WITH_KNOTS('',2,(#5424,#5425,#5426),
  .UNSPECIFIED.,.F.,.F.,(3,3),(0.,1.),.PIECEWISE_BEZIER_KNOTS.);
#5424 = CARTESIAN_POINT('',(6.014609224689,-2.579962040456,2.6));
#5425 = CARTESIAN_POINT('',(6.014609224689,-2.149537205554,2.6));
#5426 = CARTESIAN_POINT('',(6.212518849774,-1.951913577037,2.6));
#5427 = ORIENTED_EDGE('',*,*,#5428,.F.);
#5428 = EDGE_CURVE('',#1082,#5421,#5429,.T.);
#5429 = LINE('',#5430,#5431);
#5430 = CARTESIAN_POINT('',(6.212518849774,-1.951913577037,2.));
#5431 = VECTOR('',#5432,1.);
#5432 = DIRECTION('',(0.,0.,1.));
#5433 = ORIENTED_EDGE('',*,*,#1081,.F.);
#5434 = SURFACE_OF_LINEAR_EXTRUSION('',#5435,#5439);
#5435 = B_SPLINE_CURVE_WITH_KNOTS('',2,(#5436,#5437,#5438),
  .UNSPECIFIED.,.F.,.F.,(3,3),(0.,1.),.PIECEWISE_BEZIER_KNOTS.);
#5436 = CARTESIAN_POINT('',(6.014609224689,-2.579962040456,2.));
#5437 = CARTESIAN_POINT('',(6.014609224689,-2.149537205554,2.));
#5438 = CARTESIAN_POINT('',(6.212518849774,-1.951913577037,2.));
#5439 = VECTOR('',#5440,1.);
#5440 = DIRECTION('',(-0.,-0.,-1.));
#5441 = ADVANCED_FACE('',(#5442),#5460,.T.);
#5442 = FACE_BOUND('',#5443,.T.);
#5443 = EDGE_LOOP('',(#5444,#5452,#5458,#5459));
#5444 = ORIENTED_EDGE('',*,*,#5445,.T.);
#5445 = EDGE_CURVE('',#1162,#5446,#5448,.T.);
#5446 = VERTEX_POINT('',#5447);
#5447 = CARTESIAN_POINT('',(8.553972752327,-3.441097706828,2.6));
#5448 = LINE('',#5449,#5450);
#5449 = CARTESIAN_POINT('',(8.553972752327,-3.441097706828,2.));
#5450 = VECTOR('',#5451,1.);
#5451 = DIRECTION('',(0.,0.,1.));
#5452 = ORIENTED_EDGE('',*,*,#5453,.T.);
#5453 = EDGE_CURVE('',#5446,#5394,#5454,.T.);
#5454 = B_SPLINE_CURVE_WITH_KNOTS('',2,(#5455,#5456,#5457),
  .UNSPECIFIED.,.F.,.F.,(3,3),(0.,1.),.PIECEWISE_BEZIER_KNOTS.);
#5455 = CARTESIAN_POINT('',(8.553972752327,-3.441097706828,2.6));
#5456 = CARTESIAN_POINT('',(8.703262960844,-3.441097706828,2.6));
#5457 = CARTESIAN_POINT('',(8.755886329364,-3.388474338308,2.6));
#5458 = ORIENTED_EDGE('',*,*,#5393,.F.);
#5459 = ORIENTED_EDGE('',*,*,#1169,.F.);
#5460 = SURFACE_OF_LINEAR_EXTRUSION('',#5461,#5465);
#5461 = B_SPLINE_CURVE_WITH_KNOTS('',2,(#5462,#5463,#5464),
  .UNSPECIFIED.,.F.,.F.,(3,3),(0.,1.),.PIECEWISE_BEZIER_KNOTS.);
#5462 = CARTESIAN_POINT('',(8.553972752327,-3.441097706828,2.));
#5463 = CARTESIAN_POINT('',(8.703262960844,-3.441097706828,2.));
#5464 = CARTESIAN_POINT('',(8.755886329364,-3.388474338308,2.));
#5465 = VECTOR('',#5466,1.);
#5466 = DIRECTION('',(-0.,-0.,-1.));
#5467 = ADVANCED_FACE('',(#5468),#5486,.T.);
#5468 = FACE_BOUND('',#5469,.T.);
#5469 = EDGE_LOOP('',(#5470,#5471,#5479,#5485));
#5470 = ORIENTED_EDGE('',*,*,#5428,.T.);
#5471 = ORIENTED_EDGE('',*,*,#5472,.T.);
#5472 = EDGE_CURVE('',#5421,#5473,#5475,.T.);
#5473 = VERTEX_POINT('',#5474);
#5474 = CARTESIAN_POINT('',(6.787943944673,-1.754003951953,2.6));
#5475 = B_SPLINE_CURVE_WITH_KNOTS('',2,(#5476,#5477,#5478),
  .UNSPECIFIED.,.F.,.F.,(3,3),(0.,1.),.PIECEWISE_BEZIER_KNOTS.);
#5476 = CARTESIAN_POINT('',(6.212518849774,-1.951913577037,2.6));
#5477 = CARTESIAN_POINT('',(6.41014247829,-1.754003951953,2.6));
#5478 = CARTESIAN_POINT('',(6.787943944673,-1.754003951953,2.6));
#5479 = ORIENTED_EDGE('',*,*,#5480,.F.);
#5480 = EDGE_CURVE('',#1090,#5473,#5481,.T.);
#5481 = LINE('',#5482,#5483);
#5482 = CARTESIAN_POINT('',(6.787943944673,-1.754003951953,2.));
#5483 = VECTOR('',#5484,1.);
#5484 = DIRECTION('',(0.,0.,1.));
#5485 = ORIENTED_EDGE('',*,*,#1089,.F.);
#5486 = SURFACE_OF_LINEAR_EXTRUSION('',#5487,#5491);
#5487 = B_SPLINE_CURVE_WITH_KNOTS('',2,(#5488,#5489,#5490),
  .UNSPECIFIED.,.F.,.F.,(3,3),(0.,1.),.PIECEWISE_BEZIER_KNOTS.);
#5488 = CARTESIAN_POINT('',(6.212518849774,-1.951913577037,2.));
#5489 = CARTESIAN_POINT('',(6.41014247829,-1.754003951953,2.));
#5490 = CARTESIAN_POINT('',(6.787943944673,-1.754003951953,2.));
#5491 = VECTOR('',#5492,1.);
#5492 = DIRECTION('',(-0.,-0.,-1.));
#5493 = ADVANCED_FACE('',(#5494),#5512,.T.);
#5494 = FACE_BOUND('',#5495,.T.);
#5495 = EDGE_LOOP('',(#5496,#5504,#5510,#5511));
#5496 = ORIENTED_EDGE('',*,*,#5497,.T.);
#5497 = EDGE_CURVE('',#1154,#5498,#5500,.T.);
#5498 = VERTEX_POINT('',#5499);
#5499 = CARTESIAN_POINT('',(7.701702979564,-3.441097706828,2.6));
#5500 = LINE('',#5501,#5502);
#5501 = CARTESIAN_POINT('',(7.701702979564,-3.441097706828,2.));
#5502 = VECTOR('',#5503,1.);
#5503 = DIRECTION('',(0.,0.,1.));
#5504 = ORIENTED_EDGE('',*,*,#5505,.T.);
#5505 = EDGE_CURVE('',#5498,#5446,#5506,.T.);
#5506 = LINE('',#5507,#5508);
#5507 = CARTESIAN_POINT('',(7.701702979564,-3.441097706828,2.6));
#5508 = VECTOR('',#5509,1.);
#5509 = DIRECTION('',(1.,0.,0.));
#5510 = ORIENTED_EDGE('',*,*,#5445,.F.);
#5511 = ORIENTED_EDGE('',*,*,#1161,.F.);
#5512 = PLANE('',#5513);
#5513 = AXIS2_PLACEMENT_3D('',#5514,#5515,#5516);
#5514 = CARTESIAN_POINT('',(7.701702979564,-3.441097706828,2.));
#5515 = DIRECTION('',(2.2E-16,1.,0.));
#5516 = DIRECTION('',(1.,-2.2E-16,0.));
#5517 = ADVANCED_FACE('',(#5518),#5536,.T.);
#5518 = FACE_BOUND('',#5519,.T.);
#5519 = EDGE_LOOP('',(#5520,#5521,#5529,#5535));
#5520 = ORIENTED_EDGE('',*,*,#5480,.T.);
#5521 = ORIENTED_EDGE('',*,*,#5522,.T.);
#5522 = EDGE_CURVE('',#5473,#5523,#5525,.T.);
#5523 = VERTEX_POINT('',#5524);
#5524 = CARTESIAN_POINT('',(8.676951276585,-1.754003951953,2.6));
#5525 = LINE('',#5526,#5527);
#5526 = CARTESIAN_POINT('',(6.787943944673,-1.754003951953,2.6));
#5527 = VECTOR('',#5528,1.);
#5528 = DIRECTION('',(1.,0.,0.));
#5529 = ORIENTED_EDGE('',*,*,#5530,.F.);
#5530 = EDGE_CURVE('',#1098,#5523,#5531,.T.);
#5531 = LINE('',#5532,#5533);
#5532 = CARTESIAN_POINT('',(8.676951276585,-1.754003951953,2.));
#5533 = VECTOR('',#5534,1.);
#5534 = DIRECTION('',(0.,0.,1.));
#5535 = ORIENTED_EDGE('',*,*,#1097,.F.);
#5536 = PLANE('',#5537);
#5537 = AXIS2_PLACEMENT_3D('',#5538,#5539,#5540);
#5538 = CARTESIAN_POINT('',(6.787943944673,-1.754003951953,2.));
#5539 = DIRECTION('',(2.2E-16,1.,0.));
#5540 = DIRECTION('',(1.,-2.2E-16,0.));
#5541 = ADVANCED_FACE('',(#5542),#5560,.T.);
#5542 = FACE_BOUND('',#5543,.T.);
#5543 = EDGE_LOOP('',(#5544,#5552,#5558,#5559));
#5544 = ORIENTED_EDGE('',*,*,#5545,.T.);
#5545 = EDGE_CURVE('',#1146,#5546,#5548,.T.);
#5546 = VERTEX_POINT('',#5547);
#5547 = CARTESIAN_POINT('',(7.701702979564,-4.240458114503,2.6));
#5548 = LINE('',#5549,#5550);
#5549 = CARTESIAN_POINT('',(7.701702979564,-4.240458114503,2.));
#5550 = VECTOR('',#5551,1.);
#5551 = DIRECTION('',(0.,0.,1.));
#5552 = ORIENTED_EDGE('',*,*,#5553,.T.);
#5553 = EDGE_CURVE('',#5546,#5498,#5554,.T.);
#5554 = LINE('',#5555,#5556);
#5555 = CARTESIAN_POINT('',(7.701702979564,-4.240458114503,2.6));
#5556 = VECTOR('',#5557,1.);
#5557 = DIRECTION('',(0.,1.,0.));
#5558 = ORIENTED_EDGE('',*,*,#5497,.F.);
#5559 = ORIENTED_EDGE('',*,*,#1153,.F.);
#5560 = PLANE('',#5561);
#5561 = AXIS2_PLACEMENT_3D('',#5562,#5563,#5564);
#5562 = CARTESIAN_POINT('',(7.701702979564,-4.240458114503,2.));
#5563 = DIRECTION('',(-1.,2.2E-16,0.));
#5564 = DIRECTION('',(2.2E-16,1.,0.));
#5565 = ADVANCED_FACE('',(#5566),#5584,.T.);
#5566 = FACE_BOUND('',#5567,.T.);
#5567 = EDGE_LOOP('',(#5568,#5569,#5577,#5583));
#5568 = ORIENTED_EDGE('',*,*,#5530,.T.);
#5569 = ORIENTED_EDGE('',*,*,#5570,.T.);
#5570 = EDGE_CURVE('',#5523,#5571,#5573,.T.);
#5571 = VERTEX_POINT('',#5572);
#5572 = CARTESIAN_POINT('',(9.252376371484,-1.951913577037,2.6));
#5573 = B_SPLINE_CURVE_WITH_KNOTS('',2,(#5574,#5575,#5576),
  .UNSPECIFIED.,.F.,.F.,(3,3),(0.,1.),.PIECEWISE_BEZIER_KNOTS.);
#5574 = CARTESIAN_POINT('',(8.676951276585,-1.754003951953,2.6));
#5575 = CARTESIAN_POINT('',(9.054752742967,-1.754003951953,2.6));
#5576 = CARTESIAN_POINT('',(9.252376371484,-1.951913577037,2.6));
#5577 = ORIENTED_EDGE('',*,*,#5578,.F.);
#5578 = EDGE_CURVE('',#1106,#5571,#5579,.T.);
#5579 = LINE('',#5580,#5581);
#5580 = CARTESIAN_POINT('',(9.252376371484,-1.951913577037,2.));
#5581 = VECTOR('',#5582,1.);
#5582 = DIRECTION('',(0.,0.,1.));
#5583 = ORIENTED_EDGE('',*,*,#1105,.F.);
#5584 = SURFACE_OF_LINEAR_EXTRUSION('',#5585,#5589);
#5585 = B_SPLINE_CURVE_WITH_KNOTS('',2,(#5586,#5587,#5588),
  .UNSPECIFIED.,.F.,.F.,(3,3),(0.,1.),.PIECEWISE_BEZIER_KNOTS.);
#5586 = CARTESIAN_POINT('',(8.676951276585,-1.754003951953,2.));
#5587 = CARTESIAN_POINT('',(9.054752742967,-1.754003951953,2.));
#5588 = CARTESIAN_POINT('',(9.252376371484,-1.951913577037,2.));
#5589 = VECTOR('',#5590,1.);
#5590 = DIRECTION('',(-0.,-0.,-1.));
#5591 = ADVANCED_FACE('',(#5592),#5610,.T.);
#5592 = FACE_BOUND('',#5593,.T.);
#5593 = EDGE_LOOP('',(#5594,#5602,#5608,#5609));
#5594 = ORIENTED_EDGE('',*,*,#5595,.T.);
#5595 = EDGE_CURVE('',#1138,#5596,#5598,.T.);
#5596 = VERTEX_POINT('',#5597);
#5597 = CARTESIAN_POINT('',(8.676951276585,-4.240458114503,2.6));
#5598 = LINE('',#5599,#5600);
#5599 = CARTESIAN_POINT('',(8.676951276585,-4.240458114503,2.));
#5600 = VECTOR('',#5601,1.);
#5601 = DIRECTION('',(0.,0.,1.));
#5602 = ORIENTED_EDGE('',*,*,#5603,.T.);
#5603 = EDGE_CURVE('',#5596,#5546,#5604,.T.);
#5604 = LINE('',#5605,#5606);
#5605 = CARTESIAN_POINT('',(8.676951276585,-4.240458114503,2.6));
#5606 = VECTOR('',#5607,1.);
#5607 = DIRECTION('',(-1.,0.,0.));
#5608 = ORIENTED_EDGE('',*,*,#5545,.F.);
#5609 = ORIENTED_EDGE('',*,*,#1145,.F.);
#5610 = PLANE('',#5611);
#5611 = AXIS2_PLACEMENT_3D('',#5612,#5613,#5614);
#5612 = CARTESIAN_POINT('',(8.676951276585,-4.240458114503,2.));
#5613 = DIRECTION('',(-2.2E-16,-1.,0.));
#5614 = DIRECTION('',(-1.,2.2E-16,0.));
#5615 = ADVANCED_FACE('',(#5616),#5634,.T.);
#5616 = FACE_BOUND('',#5617,.T.);
#5617 = EDGE_LOOP('',(#5618,#5619,#5627,#5633));
#5618 = ORIENTED_EDGE('',*,*,#5578,.T.);
#5619 = ORIENTED_EDGE('',*,*,#5620,.T.);
#5620 = EDGE_CURVE('',#5571,#5621,#5623,.T.);
#5621 = VERTEX_POINT('',#5622);
#5622 = CARTESIAN_POINT('',(9.45,-2.579962040456,2.6));
#5623 = B_SPLINE_CURVE_WITH_KNOTS('',2,(#5624,#5625,#5626),
  .UNSPECIFIED.,.F.,.F.,(3,3),(0.,1.),.PIECEWISE_BEZIER_KNOTS.);
#5624 = CARTESIAN_POINT('',(9.252376371484,-1.951913577037,2.6));
#5625 = CARTESIAN_POINT('',(9.45,-2.149537205554,2.6));
#5626 = CARTESIAN_POINT('',(9.45,-2.579962040456,2.6));
#5627 = ORIENTED_EDGE('',*,*,#5628,.F.);
#5628 = EDGE_CURVE('',#1114,#5621,#5629,.T.);
#5629 = LINE('',#5630,#5631);
#5630 = CARTESIAN_POINT('',(9.45,-2.579962040456,2.));
#5631 = VECTOR('',#5632,1.);
#5632 = DIRECTION('',(0.,0.,1.));
#5633 = ORIENTED_EDGE('',*,*,#1113,.F.);
#5634 = SURFACE_OF_LINEAR_EXTRUSION('',#5635,#5639);
#5635 = B_SPLINE_CURVE_WITH_KNOTS('',2,(#5636,#5637,#5638),
  .UNSPECIFIED.,.F.,.F.,(3,3),(0.,1.),.PIECEWISE_BEZIER_KNOTS.);
#5636 = CARTESIAN_POINT('',(9.252376371484,-1.951913577037,2.));
#5637 = CARTESIAN_POINT('',(9.45,-2.149537205554,2.));
#5638 = CARTESIAN_POINT('',(9.45,-2.579962040456,2.));
#5639 = VECTOR('',#5640,1.);
#5640 = DIRECTION('',(-0.,-0.,-1.));
#5641 = ADVANCED_FACE('',(#5642),#5660,.T.);
#5642 = FACE_BOUND('',#5643,.T.);
#5643 = EDGE_LOOP('',(#5644,#5652,#5658,#5659));
#5644 = ORIENTED_EDGE('',*,*,#5645,.T.);
#5645 = EDGE_CURVE('',#1130,#5646,#5648,.T.);
#5646 = VERTEX_POINT('',#5647);
#5647 = CARTESIAN_POINT('',(9.252376371484,-4.042834485986,2.6));
#5648 = LINE('',#5649,#5650);
#5649 = CARTESIAN_POINT('',(9.252376371484,-4.042834485986,2.));
#5650 = VECTOR('',#5651,1.);
#5651 = DIRECTION('',(0.,0.,1.));
#5652 = ORIENTED_EDGE('',*,*,#5653,.T.);
#5653 = EDGE_CURVE('',#5646,#5596,#5654,.T.);
#5654 = B_SPLINE_CURVE_WITH_KNOTS('',2,(#5655,#5656,#5657),
  .UNSPECIFIED.,.F.,.F.,(3,3),(0.,1.),.PIECEWISE_BEZIER_KNOTS.);
#5655 = CARTESIAN_POINT('',(9.252376371484,-4.042834485986,2.6));
#5656 = CARTESIAN_POINT('',(9.054752742967,-4.240458114503,2.6));
#5657 = CARTESIAN_POINT('',(8.676951276585,-4.240458114503,2.6));
#5658 = ORIENTED_EDGE('',*,*,#5595,.F.);
#5659 = ORIENTED_EDGE('',*,*,#1137,.F.);
#5660 = SURFACE_OF_LINEAR_EXTRUSION('',#5661,#5665);
#5661 = B_SPLINE_CURVE_WITH_KNOTS('',2,(#5662,#5663,#5664),
  .UNSPECIFIED.,.F.,.F.,(3,3),(0.,1.),.PIECEWISE_BEZIER_KNOTS.);
#5662 = CARTESIAN_POINT('',(9.252376371484,-4.042834485986,2.));
#5663 = CARTESIAN_POINT('',(9.054752742967,-4.240458114503,2.));
#5664 = CARTESIAN_POINT('',(8.676951276585,-4.240458114503,2.));
#5665 = VECTOR('',#5666,1.);
#5666 = DIRECTION('',(-0.,-0.,-1.));
#5667 = ADVANCED_FACE('',(#5668),#5686,.T.);
#5668 = FACE_BOUND('',#5669,.T.);
#5669 = EDGE_LOOP('',(#5670,#5671,#5679,#5685));
#5670 = ORIENTED_EDGE('',*,*,#5628,.T.);
#5671 = ORIENTED_EDGE('',*,*,#5672,.T.);
#5672 = EDGE_CURVE('',#5621,#5673,#5675,.T.);
#5673 = VERTEX_POINT('',#5674);
#5674 = CARTESIAN_POINT('',(9.45,-3.423365919609,2.6));
#5675 = LINE('',#5676,#5677);
#5676 = CARTESIAN_POINT('',(9.45,-2.579962040456,2.6));
#5677 = VECTOR('',#5678,1.);
#5678 = DIRECTION('',(0.,-1.,0.));
#5679 = ORIENTED_EDGE('',*,*,#5680,.F.);
#5680 = EDGE_CURVE('',#1122,#5673,#5681,.T.);
#5681 = LINE('',#5682,#5683);
#5682 = CARTESIAN_POINT('',(9.45,-3.423365919609,2.));
#5683 = VECTOR('',#5684,1.);
#5684 = DIRECTION('',(0.,0.,1.));
#5685 = ORIENTED_EDGE('',*,*,#1121,.F.);
#5686 = PLANE('',#5687);
#5687 = AXIS2_PLACEMENT_3D('',#5688,#5689,#5690);
#5688 = CARTESIAN_POINT('',(9.45,-2.579962040456,2.));
#5689 = DIRECTION('',(1.,-2.2E-16,0.));
#5690 = DIRECTION('',(-2.2E-16,-1.,0.));
#5691 = ADVANCED_FACE('',(#5692),#5703,.T.);
#5692 = FACE_BOUND('',#5693,.T.);
#5693 = EDGE_LOOP('',(#5694,#5695,#5701,#5702));
#5694 = ORIENTED_EDGE('',*,*,#5680,.T.);
#5695 = ORIENTED_EDGE('',*,*,#5696,.T.);
#5696 = EDGE_CURVE('',#5673,#5646,#5697,.T.);
#5697 = B_SPLINE_CURVE_WITH_KNOTS('',2,(#5698,#5699,#5700),
  .UNSPECIFIED.,.F.,.F.,(3,3),(0.,1.),.PIECEWISE_BEZIER_KNOTS.);
#5698 = CARTESIAN_POINT('',(9.45,-3.423365919609,2.6));
#5699 = CARTESIAN_POINT('',(9.45,-3.84521085747,2.6));
#5700 = CARTESIAN_POINT('',(9.252376371484,-4.042834485986,2.6));
#5701 = ORIENTED_EDGE('',*,*,#5645,.F.);
#5702 = ORIENTED_EDGE('',*,*,#1129,.F.);
#5703 = SURFACE_OF_LINEAR_EXTRUSION('',#5704,#5708);
#5704 = B_SPLINE_CURVE_WITH_KNOTS('',2,(#5705,#5706,#5707),
  .UNSPECIFIED.,.F.,.F.,(3,3),(0.,1.),.PIECEWISE_BEZIER_KNOTS.);
#5705 = CARTESIAN_POINT('',(9.45,-3.423365919609,2.));
#5706 = CARTESIAN_POINT('',(9.45,-3.84521085747,2.));
#5707 = CARTESIAN_POINT('',(9.252376371484,-4.042834485986,2.));
#5708 = VECTOR('',#5709,1.);
#5709 = DIRECTION('',(-0.,-0.,-1.));
#5710 = ADVANCED_FACE('',(#5711),#5736,.T.);
#5711 = FACE_BOUND('',#5712,.T.);
#5712 = EDGE_LOOP('',(#5713,#5721,#5729,#5735));
#5713 = ORIENTED_EDGE('',*,*,#5714,.T.);
#5714 = EDGE_CURVE('',#1234,#5715,#5717,.T.);
#5715 = VERTEX_POINT('',#5716);
#5716 = CARTESIAN_POINT('',(29.947233633196,-5.982034215589,2.6));
#5717 = LINE('',#5718,#5719);
#5718 = CARTESIAN_POINT('',(29.947233633196,-5.982034215589,2.));
#5719 = VECTOR('',#5720,1.);
#5720 = DIRECTION('',(0.,0.,1.));
#5721 = ORIENTED_EDGE('',*,*,#5722,.T.);
#5722 = EDGE_CURVE('',#5715,#5723,#5725,.T.);
#5723 = VERTEX_POINT('',#5724);
#5724 = CARTESIAN_POINT('',(29.947233633196,-7.387707347512,2.6));
#5725 = LINE('',#5726,#5727);
#5726 = CARTESIAN_POINT('',(29.947233633196,-6.596926836878,2.6));
#5727 = VECTOR('',#5728,1.);
#5728 = DIRECTION('',(-2.2E-16,-1.,0.));
#5729 = ORIENTED_EDGE('',*,*,#5730,.F.);
#5730 = EDGE_CURVE('',#1236,#5723,#5731,.T.);
#5731 = LINE('',#5732,#5733);
#5732 = CARTESIAN_POINT('',(29.947233633196,-7.387707347512,2.));
#5733 = VECTOR('',#5734,1.);
#5734 = DIRECTION('',(0.,0.,1.));
#5735 = ORIENTED_EDGE('',*,*,#1233,.F.);
#5736 = PLANE('',#5737);
#5737 = AXIS2_PLACEMENT_3D('',#5738,#5739,#5740);
#5738 = CARTESIAN_POINT('',(29.947233633196,-6.684870781551,2.3));
#5739 = DIRECTION('',(1.,-1.27E-15,0.));
#5740 = DIRECTION('',(1.27E-15,1.,0.));
#5741 = ADVANCED_FACE('',(#5742),#5760,.T.);
#5742 = FACE_BOUND('',#5743,.T.);
#5743 = EDGE_LOOP('',(#5744,#5752,#5758,#5759));
#5744 = ORIENTED_EDGE('',*,*,#5745,.T.);
#5745 = EDGE_CURVE('',#1428,#5746,#5748,.T.);
#5746 = VERTEX_POINT('',#5747);
#5747 = CARTESIAN_POINT('',(29.995567053195,-5.766678799854,2.6));
#5748 = LINE('',#5749,#5750);
#5749 = CARTESIAN_POINT('',(29.995567053195,-5.766678799854,2.));
#5750 = VECTOR('',#5751,1.);
#5751 = DIRECTION('',(0.,0.,1.));
#5752 = ORIENTED_EDGE('',*,*,#5753,.T.);
#5753 = EDGE_CURVE('',#5746,#5715,#5754,.T.);
#5754 = B_SPLINE_CURVE_WITH_KNOTS('',2,(#5755,#5756,#5757),
  .UNSPECIFIED.,.F.,.F.,(3,3),(0.,1.),.PIECEWISE_BEZIER_KNOTS.);
#5755 = CARTESIAN_POINT('',(29.995567053195,-5.766678799854,2.6));
#5756 = CARTESIAN_POINT('',(29.947233633196,-5.815012219853,2.6));
#5757 = CARTESIAN_POINT('',(29.947233633196,-5.982034215589,2.6));
#5758 = ORIENTED_EDGE('',*,*,#5714,.F.);
#5759 = ORIENTED_EDGE('',*,*,#1435,.F.);
#5760 = SURFACE_OF_LINEAR_EXTRUSION('',#5761,#5765);
#5761 = B_SPLINE_CURVE_WITH_KNOTS('',2,(#5762,#5763,#5764),
  .UNSPECIFIED.,.F.,.F.,(3,3),(0.,1.),.PIECEWISE_BEZIER_KNOTS.);
#5762 = CARTESIAN_POINT('',(29.995567053195,-5.766678799854,2.));
#5763 = CARTESIAN_POINT('',(29.947233633196,-5.815012219853,2.));
#5764 = CARTESIAN_POINT('',(29.947233633196,-5.982034215589,2.));
#5765 = VECTOR('',#5766,1.);
#5766 = DIRECTION('',(-0.,-0.,-1.));
#5767 = ADVANCED_FACE('',(#5768),#5786,.T.);
#5768 = FACE_BOUND('',#5769,.T.);
#5769 = EDGE_LOOP('',(#5770,#5771,#5779,#5785));
#5770 = ORIENTED_EDGE('',*,*,#5730,.T.);
#5771 = ORIENTED_EDGE('',*,*,#5772,.T.);
#5772 = EDGE_CURVE('',#5723,#5773,#5775,.T.);
#5773 = VERTEX_POINT('',#5774);
#5774 = CARTESIAN_POINT('',(27.25,-7.387707347512,2.6));
#5775 = LINE('',#5776,#5777);
#5776 = CARTESIAN_POINT('',(29.947233633196,-7.387707347512,2.6));
#5777 = VECTOR('',#5778,1.);
#5778 = DIRECTION('',(-1.,0.,0.));
#5779 = ORIENTED_EDGE('',*,*,#5780,.F.);
#5780 = EDGE_CURVE('',#1244,#5773,#5781,.T.);
#5781 = LINE('',#5782,#5783);
#5782 = CARTESIAN_POINT('',(27.25,-7.387707347512,2.));
#5783 = VECTOR('',#5784,1.);
#5784 = DIRECTION('',(0.,0.,1.));
#5785 = ORIENTED_EDGE('',*,*,#1243,.F.);
#5786 = PLANE('',#5787);
#5787 = AXIS2_PLACEMENT_3D('',#5788,#5789,#5790);
#5788 = CARTESIAN_POINT('',(29.947233633196,-7.387707347512,2.));
#5789 = DIRECTION('',(-2.2E-16,-1.,0.));
#5790 = DIRECTION('',(-1.,2.2E-16,0.));
#5791 = ADVANCED_FACE('',(#5792),#5810,.T.);
#5792 = FACE_BOUND('',#5793,.T.);
#5793 = EDGE_LOOP('',(#5794,#5802,#5808,#5809));
#5794 = ORIENTED_EDGE('',*,*,#5795,.T.);
#5795 = EDGE_CURVE('',#1420,#5796,#5798,.T.);
#5796 = VERTEX_POINT('',#5797);
#5797 = CARTESIAN_POINT('',(30.21092246893,-5.718345379855,2.6));
#5798 = LINE('',#5799,#5800);
#5799 = CARTESIAN_POINT('',(30.21092246893,-5.718345379855,2.));
#5800 = VECTOR('',#5801,1.);
#5801 = DIRECTION('',(0.,0.,1.));
#5802 = ORIENTED_EDGE('',*,*,#5803,.T.);
#5803 = EDGE_CURVE('',#5796,#5746,#5804,.T.);
#5804 = B_SPLINE_CURVE_WITH_KNOTS('',2,(#5805,#5806,#5807),
  .UNSPECIFIED.,.F.,.F.,(3,3),(0.,1.),.PIECEWISE_BEZIER_KNOTS.);
#5805 = CARTESIAN_POINT('',(30.21092246893,-5.718345379855,2.6));
#5806 = CARTESIAN_POINT('',(30.043900473194,-5.718345379855,2.6));
#5807 = CARTESIAN_POINT('',(29.995567053195,-5.766678799854,2.6));
#5808 = ORIENTED_EDGE('',*,*,#5745,.F.);
#5809 = ORIENTED_EDGE('',*,*,#1427,.F.);
#5810 = SURFACE_OF_LINEAR_EXTRUSION('',#5811,#5815);
#5811 = B_SPLINE_CURVE_WITH_KNOTS('',2,(#5812,#5813,#5814),
  .UNSPECIFIED.,.F.,.F.,(3,3),(0.,1.),.PIECEWISE_BEZIER_KNOTS.);
#5812 = CARTESIAN_POINT('',(30.21092246893,-5.718345379855,2.));
#5813 = CARTESIAN_POINT('',(30.043900473194,-5.718345379855,2.));
#5814 = CARTESIAN_POINT('',(29.995567053195,-5.766678799854,2.));
#5815 = VECTOR('',#5816,1.);
#5816 = DIRECTION('',(-0.,-0.,-1.));
#5817 = ADVANCED_FACE('',(#5818),#5836,.T.);
#5818 = FACE_BOUND('',#5819,.T.);
#5819 = EDGE_LOOP('',(#5820,#5821,#5829,#5835));
#5820 = ORIENTED_EDGE('',*,*,#5780,.T.);
#5821 = ORIENTED_EDGE('',*,*,#5822,.T.);
#5822 = EDGE_CURVE('',#5773,#5823,#5825,.T.);
#5823 = VERTEX_POINT('',#5824);
#5824 = CARTESIAN_POINT('',(27.25,-4.936430762831,2.6));
#5825 = LINE('',#5826,#5827);
#5826 = CARTESIAN_POINT('',(27.25,-7.387707347512,2.6));
#5827 = VECTOR('',#5828,1.);
#5828 = DIRECTION('',(0.,1.,0.));
#5829 = ORIENTED_EDGE('',*,*,#5830,.F.);
#5830 = EDGE_CURVE('',#1252,#5823,#5831,.T.);
#5831 = LINE('',#5832,#5833);
#5832 = CARTESIAN_POINT('',(27.25,-4.936430762831,2.));
#5833 = VECTOR('',#5834,1.);
#5834 = DIRECTION('',(0.,0.,1.));
#5835 = ORIENTED_EDGE('',*,*,#1251,.F.);
#5836 = PLANE('',#5837);
#5837 = AXIS2_PLACEMENT_3D('',#5838,#5839,#5840);
#5838 = CARTESIAN_POINT('',(27.25,-7.387707347512,2.));
#5839 = DIRECTION('',(-1.,2.2E-16,0.));
#5840 = DIRECTION('',(2.2E-16,1.,0.));
#5841 = ADVANCED_FACE('',(#5842),#5860,.T.);
#5842 = FACE_BOUND('',#5843,.T.);
#5843 = EDGE_LOOP('',(#5844,#5852,#5858,#5859));
#5844 = ORIENTED_EDGE('',*,*,#5845,.T.);
#5845 = EDGE_CURVE('',#1412,#5846,#5848,.T.);
#5846 = VERTEX_POINT('',#5847);
#5847 = CARTESIAN_POINT('',(31.853972752327,-5.718345379855,2.6));
#5848 = LINE('',#5849,#5850);
#5849 = CARTESIAN_POINT('',(31.853972752327,-5.718345379855,2.));
#5850 = VECTOR('',#5851,1.);
#5851 = DIRECTION('',(0.,0.,1.));
#5852 = ORIENTED_EDGE('',*,*,#5853,.T.);
#5853 = EDGE_CURVE('',#5846,#5796,#5854,.T.);
#5854 = LINE('',#5855,#5856);
#5855 = CARTESIAN_POINT('',(31.853972752327,-5.718345379855,2.6));
#5856 = VECTOR('',#5857,1.);
#5857 = DIRECTION('',(-1.,0.,0.));
#5858 = ORIENTED_EDGE('',*,*,#5795,.F.);
#5859 = ORIENTED_EDGE('',*,*,#1419,.F.);
#5860 = PLANE('',#5861);
#5861 = AXIS2_PLACEMENT_3D('',#5862,#5863,#5864);
#5862 = CARTESIAN_POINT('',(31.853972752327,-5.718345379855,2.));
#5863 = DIRECTION('',(-2.2E-16,-1.,0.));
#5864 = DIRECTION('',(-1.,2.2E-16,0.));
#5865 = ADVANCED_FACE('',(#5866),#5884,.T.);
#5866 = FACE_BOUND('',#5867,.T.);
#5867 = EDGE_LOOP('',(#5868,#5869,#5877,#5883));
#5868 = ORIENTED_EDGE('',*,*,#5830,.T.);
#5869 = ORIENTED_EDGE('',*,*,#5870,.T.);
#5870 = EDGE_CURVE('',#5823,#5871,#5873,.T.);
#5871 = VERTEX_POINT('',#5872);
#5872 = CARTESIAN_POINT('',(27.891490302116,-4.936430762831,2.6));
#5873 = LINE('',#5874,#5875);
#5874 = CARTESIAN_POINT('',(27.25,-4.936430762831,2.6));
#5875 = VECTOR('',#5876,1.);
#5876 = DIRECTION('',(1.,0.,0.));
#5877 = ORIENTED_EDGE('',*,*,#5878,.F.);
#5878 = EDGE_CURVE('',#1260,#5871,#5879,.T.);
#5879 = LINE('',#5880,#5881);
#5880 = CARTESIAN_POINT('',(27.891490302116,-4.936430762831,2.));
#5881 = VECTOR('',#5882,1.);
#5882 = DIRECTION('',(0.,0.,1.));
#5883 = ORIENTED_EDGE('',*,*,#1259,.F.);
#5884 = PLANE('',#5885);
#5885 = AXIS2_PLACEMENT_3D('',#5886,#5887,#5888);
#5886 = CARTESIAN_POINT('',(27.25,-4.936430762831,2.));
#5887 = DIRECTION('',(2.2E-16,1.,0.));
#5888 = DIRECTION('',(1.,-2.2E-16,0.));
#5889 = ADVANCED_FACE('',(#5890),#5908,.T.);
#5890 = FACE_BOUND('',#5891,.T.);
#5891 = EDGE_LOOP('',(#5892,#5900,#5906,#5907));
#5892 = ORIENTED_EDGE('',*,*,#5893,.T.);
#5893 = EDGE_CURVE('',#1404,#5894,#5896,.T.);
#5894 = VERTEX_POINT('',#5895);
#5895 = CARTESIAN_POINT('',(32.055886329364,-5.766678799854,2.6));
#5896 = LINE('',#5897,#5898);
#5897 = CARTESIAN_POINT('',(32.055886329364,-5.766678799854,2.));
#5898 = VECTOR('',#5899,1.);
#5899 = DIRECTION('',(0.,0.,1.));
#5900 = ORIENTED_EDGE('',*,*,#5901,.T.);
#5901 = EDGE_CURVE('',#5894,#5846,#5902,.T.);
#5902 = B_SPLINE_CURVE_WITH_KNOTS('',2,(#5903,#5904,#5905),
  .UNSPECIFIED.,.F.,.F.,(3,3),(0.,1.),.PIECEWISE_BEZIER_KNOTS.);
#5903 = CARTESIAN_POINT('',(32.055886329364,-5.766678799854,2.6));
#5904 = CARTESIAN_POINT('',(32.003262960844,-5.718345379855,2.6));
#5905 = CARTESIAN_POINT('',(31.853972752327,-5.718345379855,2.6));
#5906 = ORIENTED_EDGE('',*,*,#5845,.F.);
#5907 = ORIENTED_EDGE('',*,*,#1411,.F.);
#5908 = SURFACE_OF_LINEAR_EXTRUSION('',#5909,#5913);
#5909 = B_SPLINE_CURVE_WITH_KNOTS('',2,(#5910,#5911,#5912),
  .UNSPECIFIED.,.F.,.F.,(3,3),(0.,1.),.PIECEWISE_BEZIER_KNOTS.);
#5910 = CARTESIAN_POINT('',(32.055886329364,-5.766678799854,2.));
#5911 = CARTESIAN_POINT('',(32.003262960844,-5.718345379855,2.));
#5912 = CARTESIAN_POINT('',(31.853972752327,-5.718345379855,2.));
#5913 = VECTOR('',#5914,1.);
#5914 = DIRECTION('',(-0.,-0.,-1.));
#5915 = ADVANCED_FACE('',(#5916),#5934,.T.);
#5916 = FACE_BOUND('',#5917,.T.);
#5917 = EDGE_LOOP('',(#5918,#5919,#5927,#5933));
#5918 = ORIENTED_EDGE('',*,*,#5878,.T.);
#5919 = ORIENTED_EDGE('',*,*,#5920,.T.);
#5920 = EDGE_CURVE('',#5871,#5921,#5923,.T.);
#5921 = VERTEX_POINT('',#5922);
#5922 = CARTESIAN_POINT('',(27.891490302116,-6.596926836878,2.6));
#5923 = LINE('',#5924,#5925);
#5924 = CARTESIAN_POINT('',(27.891490302116,-4.936430762831,2.6));
#5925 = VECTOR('',#5926,1.);
#5926 = DIRECTION('',(0.,-1.,0.));
#5927 = ORIENTED_EDGE('',*,*,#5928,.F.);
#5928 = EDGE_CURVE('',#1268,#5921,#5929,.T.);
#5929 = LINE('',#5930,#5931);
#5930 = CARTESIAN_POINT('',(27.891490302116,-6.596926836878,2.));
#5931 = VECTOR('',#5932,1.);
#5932 = DIRECTION('',(0.,0.,1.));
#5933 = ORIENTED_EDGE('',*,*,#1267,.F.);
#5934 = PLANE('',#5935);
#5935 = AXIS2_PLACEMENT_3D('',#5936,#5937,#5938);
#5936 = CARTESIAN_POINT('',(27.891490302116,-4.936430762831,2.));
#5937 = DIRECTION('',(1.,-2.2E-16,0.));
#5938 = DIRECTION('',(-2.2E-16,-1.,0.));
#5939 = ADVANCED_FACE('',(#5940),#5958,.T.);
#5940 = FACE_BOUND('',#5941,.T.);
#5941 = EDGE_LOOP('',(#5942,#5950,#5956,#5957));
#5942 = ORIENTED_EDGE('',*,*,#5943,.T.);
#5943 = EDGE_CURVE('',#1396,#5944,#5946,.T.);
#5944 = VERTEX_POINT('',#5945);
#5945 = CARTESIAN_POINT('',(32.108509697884,-5.982034215589,2.6));
#5946 = LINE('',#5947,#5948);
#5947 = CARTESIAN_POINT('',(32.108509697884,-5.982034215589,2.));
#5948 = VECTOR('',#5949,1.);
#5949 = DIRECTION('',(0.,0.,1.));
#5950 = ORIENTED_EDGE('',*,*,#5951,.T.);
#5951 = EDGE_CURVE('',#5944,#5894,#5952,.T.);
#5952 = B_SPLINE_CURVE_WITH_KNOTS('',2,(#5953,#5954,#5955),
  .UNSPECIFIED.,.F.,.F.,(3,3),(0.,1.),.PIECEWISE_BEZIER_KNOTS.);
#5953 = CARTESIAN_POINT('',(32.108509697884,-5.982034215589,2.6));
#5954 = CARTESIAN_POINT('',(32.108509697884,-5.815012219853,2.6));
#5955 = CARTESIAN_POINT('',(32.055886329364,-5.766678799854,2.6));
#5956 = ORIENTED_EDGE('',*,*,#5893,.F.);
#5957 = ORIENTED_EDGE('',*,*,#1403,.F.);
#5958 = SURFACE_OF_LINEAR_EXTRUSION('',#5959,#5963);
#5959 = B_SPLINE_CURVE_WITH_KNOTS('',2,(#5960,#5961,#5962),
  .UNSPECIFIED.,.F.,.F.,(3,3),(0.,1.),.PIECEWISE_BEZIER_KNOTS.);
#5960 = CARTESIAN_POINT('',(32.108509697884,-5.982034215589,2.));
#5961 = CARTESIAN_POINT('',(32.108509697884,-5.815012219853,2.));
#5962 = CARTESIAN_POINT('',(32.055886329364,-5.766678799854,2.));
#5963 = VECTOR('',#5964,1.);
#5964 = DIRECTION('',(-0.,-0.,-1.));
#5965 = ADVANCED_FACE('',(#5966),#5984,.T.);
#5966 = FACE_BOUND('',#5967,.T.);
#5967 = EDGE_LOOP('',(#5968,#5969,#5977,#5983));
#5968 = ORIENTED_EDGE('',*,*,#5928,.T.);
#5969 = ORIENTED_EDGE('',*,*,#5970,.T.);
#5970 = EDGE_CURVE('',#5921,#5971,#5973,.T.);
#5971 = VERTEX_POINT('',#5972);
#5972 = CARTESIAN_POINT('',(29.314609224689,-6.596926836878,2.6));
#5973 = LINE('',#5974,#5975);
#5974 = CARTESIAN_POINT('',(27.891490302116,-6.596926836878,2.6));
#5975 = VECTOR('',#5976,1.);
#5976 = DIRECTION('',(1.,0.,0.));
#5977 = ORIENTED_EDGE('',*,*,#5978,.F.);
#5978 = EDGE_CURVE('',#1276,#5971,#5979,.T.);
#5979 = LINE('',#5980,#5981);
#5980 = CARTESIAN_POINT('',(29.314609224689,-6.596926836878,2.));
#5981 = VECTOR('',#5982,1.);
#5982 = DIRECTION('',(0.,0.,1.));
#5983 = ORIENTED_EDGE('',*,*,#1275,.F.);
#5984 = PLANE('',#5985);
#5985 = AXIS2_PLACEMENT_3D('',#5986,#5987,#5988);
#5986 = CARTESIAN_POINT('',(27.891490302116,-6.596926836878,2.));
#5987 = DIRECTION('',(2.2E-16,1.,0.));
#5988 = DIRECTION('',(1.,-2.2E-16,0.));
#5989 = ADVANCED_FACE('',(#5990),#6008,.T.);
#5990 = FACE_BOUND('',#5991,.T.);
#5991 = EDGE_LOOP('',(#5992,#6000,#6006,#6007));
#5992 = ORIENTED_EDGE('',*,*,#5993,.T.);
#5993 = EDGE_CURVE('',#1388,#5994,#5996,.T.);
#5994 = VERTEX_POINT('',#5995);
#5995 = CARTESIAN_POINT('',(32.108509697884,-6.342103894753,2.6));
#5996 = LINE('',#5997,#5998);
#5997 = CARTESIAN_POINT('',(32.108509697884,-6.342103894753,2.));
#5998 = VECTOR('',#5999,1.);
#5999 = DIRECTION('',(0.,0.,1.));
#6000 = ORIENTED_EDGE('',*,*,#6001,.T.);
#6001 = EDGE_CURVE('',#5994,#5944,#6002,.T.);
#6002 = LINE('',#6003,#6004);
#6003 = CARTESIAN_POINT('',(32.108509697884,-6.342103894753,2.6));
#6004 = VECTOR('',#6005,1.);
#6005 = DIRECTION('',(0.,1.,0.));
#6006 = ORIENTED_EDGE('',*,*,#5943,.F.);
#6007 = ORIENTED_EDGE('',*,*,#1395,.F.);
#6008 = PLANE('',#6009);
#6009 = AXIS2_PLACEMENT_3D('',#6010,#6011,#6012);
#6010 = CARTESIAN_POINT('',(32.108509697884,-6.342103894753,2.));
#6011 = DIRECTION('',(-1.,2.2E-16,0.));
#6012 = DIRECTION('',(2.2E-16,1.,0.));
#6013 = ADVANCED_FACE('',(#6014),#6032,.T.);
#6014 = FACE_BOUND('',#6015,.T.);
#6015 = EDGE_LOOP('',(#6016,#6017,#6025,#6031));
#6016 = ORIENTED_EDGE('',*,*,#5978,.T.);
#6017 = ORIENTED_EDGE('',*,*,#6018,.T.);
#6018 = EDGE_CURVE('',#5971,#6019,#6021,.T.);
#6019 = VERTEX_POINT('',#6020);
#6020 = CARTESIAN_POINT('',(29.314609224689,-5.744657064115,2.6));
#6021 = LINE('',#6022,#6023);
#6022 = CARTESIAN_POINT('',(29.314609224689,-6.904373147522,2.6));
#6023 = VECTOR('',#6024,1.);
#6024 = DIRECTION('',(0.,1.,0.));
#6025 = ORIENTED_EDGE('',*,*,#6026,.F.);
#6026 = EDGE_CURVE('',#1284,#6019,#6027,.T.);
#6027 = LINE('',#6028,#6029);
#6028 = CARTESIAN_POINT('',(29.314609224689,-5.744657064115,2.));
#6029 = VECTOR('',#6030,1.);
#6030 = DIRECTION('',(0.,0.,1.));
#6031 = ORIENTED_EDGE('',*,*,#1283,.F.);
#6032 = PLANE('',#6033);
#6033 = AXIS2_PLACEMENT_3D('',#6034,#6035,#6036);
#6034 = CARTESIAN_POINT('',(29.314609224689,-6.596926836878,2.));
#6035 = DIRECTION('',(-1.,2.2E-16,0.));
#6036 = DIRECTION('',(2.2E-16,1.,0.));
#6037 = ADVANCED_FACE('',(#6038),#6056,.T.);
#6038 = FACE_BOUND('',#6039,.T.);
#6039 = EDGE_LOOP('',(#6040,#6048,#6054,#6055));
#6040 = ORIENTED_EDGE('',*,*,#6041,.T.);
#6041 = EDGE_CURVE('',#1380,#6042,#6044,.T.);
#6042 = VERTEX_POINT('',#6043);
#6043 = CARTESIAN_POINT('',(32.055886329364,-6.553169361968,2.6));
#6044 = LINE('',#6045,#6046);
#6045 = CARTESIAN_POINT('',(32.055886329364,-6.553169361968,2.));
#6046 = VECTOR('',#6047,1.);
#6047 = DIRECTION('',(0.,0.,1.));
#6048 = ORIENTED_EDGE('',*,*,#6049,.T.);
#6049 = EDGE_CURVE('',#6042,#5994,#6050,.T.);
#6050 = B_SPLINE_CURVE_WITH_KNOTS('',2,(#6051,#6052,#6053),
  .UNSPECIFIED.,.F.,.F.,(3,3),(0.,1.),.PIECEWISE_BEZIER_KNOTS.);
#6051 = CARTESIAN_POINT('',(32.055886329364,-6.553169361968,2.6));
#6052 = CARTESIAN_POINT('',(32.108509697884,-6.50025999688,2.6));
#6053 = CARTESIAN_POINT('',(32.108509697884,-6.342103894753,2.6));
#6054 = ORIENTED_EDGE('',*,*,#5993,.F.);
#6055 = ORIENTED_EDGE('',*,*,#1387,.F.);
#6056 = SURFACE_OF_LINEAR_EXTRUSION('',#6057,#6061);
#6057 = B_SPLINE_CURVE_WITH_KNOTS('',2,(#6058,#6059,#6060),
  .UNSPECIFIED.,.F.,.F.,(3,3),(0.,1.),.PIECEWISE_BEZIER_KNOTS.);
#6058 = CARTESIAN_POINT('',(32.055886329364,-6.553169361968,2.));
#6059 = CARTESIAN_POINT('',(32.108509697884,-6.50025999688,2.));
#6060 = CARTESIAN_POINT('',(32.108509697884,-6.342103894753,2.));
#6061 = VECTOR('',#6062,1.);
#6062 = DIRECTION('',(-0.,-0.,-1.));
#6063 = ADVANCED_FACE('',(#6064),#6082,.T.);
#6064 = FACE_BOUND('',#6065,.T.);
#6065 = EDGE_LOOP('',(#6066,#6067,#6075,#6081));
#6066 = ORIENTED_EDGE('',*,*,#6026,.T.);
#6067 = ORIENTED_EDGE('',*,*,#6068,.T.);
#6068 = EDGE_CURVE('',#6019,#6069,#6071,.T.);
#6069 = VERTEX_POINT('',#6070);
#6070 = CARTESIAN_POINT('',(29.512518849774,-5.116608600697,2.6));
#6071 = B_SPLINE_CURVE_WITH_KNOTS('',2,(#6072,#6073,#6074),
  .UNSPECIFIED.,.F.,.F.,(3,3),(0.,1.),.PIECEWISE_BEZIER_KNOTS.);
#6072 = CARTESIAN_POINT('',(29.314609224689,-5.744657064115,2.6));
#6073 = CARTESIAN_POINT('',(29.314609224689,-5.314232229213,2.6));
#6074 = CARTESIAN_POINT('',(29.512518849774,-5.116608600697,2.6));
#6075 = ORIENTED_EDGE('',*,*,#6076,.F.);
#6076 = EDGE_CURVE('',#1292,#6069,#6077,.T.);
#6077 = LINE('',#6078,#6079);
#6078 = CARTESIAN_POINT('',(29.512518849774,-5.116608600697,2.));
#6079 = VECTOR('',#6080,1.);
#6080 = DIRECTION('',(0.,0.,1.));
#6081 = ORIENTED_EDGE('',*,*,#1291,.F.);
#6082 = SURFACE_OF_LINEAR_EXTRUSION('',#6083,#6087);
#6083 = B_SPLINE_CURVE_WITH_KNOTS('',2,(#6084,#6085,#6086),
  .UNSPECIFIED.,.F.,.F.,(3,3),(0.,1.),.PIECEWISE_BEZIER_KNOTS.);
#6084 = CARTESIAN_POINT('',(29.314609224689,-5.744657064115,2.));
#6085 = CARTESIAN_POINT('',(29.314609224689,-5.314232229213,2.));
#6086 = CARTESIAN_POINT('',(29.512518849774,-5.116608600697,2.));
#6087 = VECTOR('',#6088,1.);
#6088 = DIRECTION('',(-0.,-0.,-1.));
#6089 = ADVANCED_FACE('',(#6090),#6108,.T.);
#6090 = FACE_BOUND('',#6091,.T.);
#6091 = EDGE_LOOP('',(#6092,#6100,#6106,#6107));
#6092 = ORIENTED_EDGE('',*,*,#6093,.T.);
#6093 = EDGE_CURVE('',#1372,#6094,#6096,.T.);
#6094 = VERTEX_POINT('',#6095);
#6095 = CARTESIAN_POINT('',(31.853972752327,-6.605792730487,2.6));
#6096 = LINE('',#6097,#6098);
#6097 = CARTESIAN_POINT('',(31.853972752327,-6.605792730487,2.));
#6098 = VECTOR('',#6099,1.);
#6099 = DIRECTION('',(0.,0.,1.));
#6100 = ORIENTED_EDGE('',*,*,#6101,.T.);
#6101 = EDGE_CURVE('',#6094,#6042,#6102,.T.);
#6102 = B_SPLINE_CURVE_WITH_KNOTS('',2,(#6103,#6104,#6105),
  .UNSPECIFIED.,.F.,.F.,(3,3),(0.,1.),.PIECEWISE_BEZIER_KNOTS.);
#6103 = CARTESIAN_POINT('',(31.853972752327,-6.605792730487,2.6));
#6104 = CARTESIAN_POINT('',(32.003262960844,-6.605792730487,2.6));
#6105 = CARTESIAN_POINT('',(32.055886329364,-6.553169361968,2.6));
#6106 = ORIENTED_EDGE('',*,*,#6041,.F.);
#6107 = ORIENTED_EDGE('',*,*,#1379,.F.);
#6108 = SURFACE_OF_LINEAR_EXTRUSION('',#6109,#6113);
#6109 = B_SPLINE_CURVE_WITH_KNOTS('',2,(#6110,#6111,#6112),
  .UNSPECIFIED.,.F.,.F.,(3,3),(0.,1.),.PIECEWISE_BEZIER_KNOTS.);
#6110 = CARTESIAN_POINT('',(31.853972752327,-6.605792730487,2.));
#6111 = CARTESIAN_POINT('',(32.003262960844,-6.605792730487,2.));
#6112 = CARTESIAN_POINT('',(32.055886329364,-6.553169361968,2.));
#6113 = VECTOR('',#6114,1.);
#6114 = DIRECTION('',(-0.,-0.,-1.));
#6115 = ADVANCED_FACE('',(#6116),#6134,.T.);
#6116 = FACE_BOUND('',#6117,.T.);
#6117 = EDGE_LOOP('',(#6118,#6119,#6127,#6133));
#6118 = ORIENTED_EDGE('',*,*,#6076,.T.);
#6119 = ORIENTED_EDGE('',*,*,#6120,.T.);
#6120 = EDGE_CURVE('',#6069,#6121,#6123,.T.);
#6121 = VERTEX_POINT('',#6122);
#6122 = CARTESIAN_POINT('',(30.087943944673,-4.918698975612,2.6));
#6123 = B_SPLINE_CURVE_WITH_KNOTS('',2,(#6124,#6125,#6126),
  .UNSPECIFIED.,.F.,.F.,(3,3),(0.,1.),.PIECEWISE_BEZIER_KNOTS.);
#6124 = CARTESIAN_POINT('',(29.512518849774,-5.116608600697,2.6));
#6125 = CARTESIAN_POINT('',(29.71014247829,-4.918698975612,2.6));
#6126 = CARTESIAN_POINT('',(30.087943944673,-4.918698975612,2.6));
#6127 = ORIENTED_EDGE('',*,*,#6128,.F.);
#6128 = EDGE_CURVE('',#1300,#6121,#6129,.T.);
#6129 = LINE('',#6130,#6131);
#6130 = CARTESIAN_POINT('',(30.087943944673,-4.918698975612,2.));
#6131 = VECTOR('',#6132,1.);
#6132 = DIRECTION('',(0.,0.,1.));
#6133 = ORIENTED_EDGE('',*,*,#1299,.F.);
#6134 = SURFACE_OF_LINEAR_EXTRUSION('',#6135,#6139);
#6135 = B_SPLINE_CURVE_WITH_KNOTS('',2,(#6136,#6137,#6138),
  .UNSPECIFIED.,.F.,.F.,(3,3),(0.,1.),.PIECEWISE_BEZIER_KNOTS.);
#6136 = CARTESIAN_POINT('',(29.512518849774,-5.116608600697,2.));
#6137 = CARTESIAN_POINT('',(29.71014247829,-4.918698975612,2.));
#6138 = CARTESIAN_POINT('',(30.087943944673,-4.918698975612,2.));
#6139 = VECTOR('',#6140,1.);
#6140 = DIRECTION('',(-0.,-0.,-1.));
#6141 = ADVANCED_FACE('',(#6142),#6160,.T.);
#6142 = FACE_BOUND('',#6143,.T.);
#6143 = EDGE_LOOP('',(#6144,#6152,#6158,#6159));
#6144 = ORIENTED_EDGE('',*,*,#6145,.T.);
#6145 = EDGE_CURVE('',#1364,#6146,#6148,.T.);
#6146 = VERTEX_POINT('',#6147);
#6147 = CARTESIAN_POINT('',(31.001702979564,-6.605792730487,2.6));
#6148 = LINE('',#6149,#6150);
#6149 = CARTESIAN_POINT('',(31.001702979564,-6.605792730487,2.));
#6150 = VECTOR('',#6151,1.);
#6151 = DIRECTION('',(0.,0.,1.));
#6152 = ORIENTED_EDGE('',*,*,#6153,.T.);
#6153 = EDGE_CURVE('',#6146,#6094,#6154,.T.);
#6154 = LINE('',#6155,#6156);
#6155 = CARTESIAN_POINT('',(31.001702979564,-6.605792730487,2.6));
#6156 = VECTOR('',#6157,1.);
#6157 = DIRECTION('',(1.,0.,0.));
#6158 = ORIENTED_EDGE('',*,*,#6093,.F.);
#6159 = ORIENTED_EDGE('',*,*,#1371,.F.);
#6160 = PLANE('',#6161);
#6161 = AXIS2_PLACEMENT_3D('',#6162,#6163,#6164);
#6162 = CARTESIAN_POINT('',(31.001702979564,-6.605792730487,2.));
#6163 = DIRECTION('',(2.2E-16,1.,0.));
#6164 = DIRECTION('',(1.,-2.2E-16,0.));
#6165 = ADVANCED_FACE('',(#6166),#6184,.T.);
#6166 = FACE_BOUND('',#6167,.T.);
#6167 = EDGE_LOOP('',(#6168,#6169,#6177,#6183));
#6168 = ORIENTED_EDGE('',*,*,#6128,.T.);
#6169 = ORIENTED_EDGE('',*,*,#6170,.T.);
#6170 = EDGE_CURVE('',#6121,#6171,#6173,.T.);
#6171 = VERTEX_POINT('',#6172);
#6172 = CARTESIAN_POINT('',(31.976951276585,-4.918698975612,2.6));
#6173 = LINE('',#6174,#6175);
#6174 = CARTESIAN_POINT('',(30.087943944673,-4.918698975612,2.6));
#6175 = VECTOR('',#6176,1.);
#6176 = DIRECTION('',(1.,0.,0.));
#6177 = ORIENTED_EDGE('',*,*,#6178,.F.);
#6178 = EDGE_CURVE('',#1308,#6171,#6179,.T.);
#6179 = LINE('',#6180,#6181);
#6180 = CARTESIAN_POINT('',(31.976951276585,-4.918698975612,2.));
#6181 = VECTOR('',#6182,1.);
#6182 = DIRECTION('',(0.,0.,1.));
#6183 = ORIENTED_EDGE('',*,*,#1307,.F.);
#6184 = PLANE('',#6185);
#6185 = AXIS2_PLACEMENT_3D('',#6186,#6187,#6188);
#6186 = CARTESIAN_POINT('',(30.087943944673,-4.918698975612,2.));
#6187 = DIRECTION('',(2.2E-16,1.,0.));
#6188 = DIRECTION('',(1.,-2.2E-16,0.));
#6189 = ADVANCED_FACE('',(#6190),#6208,.T.);
#6190 = FACE_BOUND('',#6191,.T.);
#6191 = EDGE_LOOP('',(#6192,#6200,#6206,#6207));
#6192 = ORIENTED_EDGE('',*,*,#6193,.T.);
#6193 = EDGE_CURVE('',#1356,#6194,#6196,.T.);
#6194 = VERTEX_POINT('',#6195);
#6195 = CARTESIAN_POINT('',(31.001702979564,-7.405153138162,2.6));
#6196 = LINE('',#6197,#6198);
#6197 = CARTESIAN_POINT('',(31.001702979564,-7.405153138162,2.));
#6198 = VECTOR('',#6199,1.);
#6199 = DIRECTION('',(0.,0.,1.));
#6200 = ORIENTED_EDGE('',*,*,#6201,.T.);
#6201 = EDGE_CURVE('',#6194,#6146,#6202,.T.);
#6202 = LINE('',#6203,#6204);
#6203 = CARTESIAN_POINT('',(31.001702979564,-7.405153138162,2.6));
#6204 = VECTOR('',#6205,1.);
#6205 = DIRECTION('',(0.,1.,0.));
#6206 = ORIENTED_EDGE('',*,*,#6145,.F.);
#6207 = ORIENTED_EDGE('',*,*,#1363,.F.);
#6208 = PLANE('',#6209);
#6209 = AXIS2_PLACEMENT_3D('',#6210,#6211,#6212);
#6210 = CARTESIAN_POINT('',(31.001702979564,-7.405153138162,2.));
#6211 = DIRECTION('',(-1.,2.2E-16,0.));
#6212 = DIRECTION('',(2.2E-16,1.,0.));
#6213 = ADVANCED_FACE('',(#6214),#6232,.T.);
#6214 = FACE_BOUND('',#6215,.T.);
#6215 = EDGE_LOOP('',(#6216,#6217,#6225,#6231));
#6216 = ORIENTED_EDGE('',*,*,#6178,.T.);
#6217 = ORIENTED_EDGE('',*,*,#6218,.T.);
#6218 = EDGE_CURVE('',#6171,#6219,#6221,.T.);
#6219 = VERTEX_POINT('',#6220);
#6220 = CARTESIAN_POINT('',(32.552376371484,-5.116608600697,2.6));
#6221 = B_SPLINE_CURVE_WITH_KNOTS('',2,(#6222,#6223,#6224),
  .UNSPECIFIED.,.F.,.F.,(3,3),(0.,1.),.PIECEWISE_BEZIER_KNOTS.);
#6222 = CARTESIAN_POINT('',(31.976951276585,-4.918698975612,2.6));
#6223 = CARTESIAN_POINT('',(32.354752742967,-4.918698975612,2.6));
#6224 = CARTESIAN_POINT('',(32.552376371484,-5.116608600697,2.6));
#6225 = ORIENTED_EDGE('',*,*,#6226,.F.);
#6226 = EDGE_CURVE('',#1316,#6219,#6227,.T.);
#6227 = LINE('',#6228,#6229);
#6228 = CARTESIAN_POINT('',(32.552376371484,-5.116608600697,2.));
#6229 = VECTOR('',#6230,1.);
#6230 = DIRECTION('',(0.,0.,1.));
#6231 = ORIENTED_EDGE('',*,*,#1315,.F.);
#6232 = SURFACE_OF_LINEAR_EXTRUSION('',#6233,#6237);
#6233 = B_SPLINE_CURVE_WITH_KNOTS('',2,(#6234,#6235,#6236),
  .UNSPECIFIED.,.F.,.F.,(3,3),(0.,1.),.PIECEWISE_BEZIER_KNOTS.);
#6234 = CARTESIAN_POINT('',(31.976951276585,-4.918698975612,2.));
#6235 = CARTESIAN_POINT('',(32.354752742967,-4.918698975612,2.));
#6236 = CARTESIAN_POINT('',(32.552376371484,-5.116608600697,2.));
#6237 = VECTOR('',#6238,1.);
#6238 = DIRECTION('',(-0.,-0.,-1.));
#6239 = ADVANCED_FACE('',(#6240),#6258,.T.);
#6240 = FACE_BOUND('',#6241,.T.);
#6241 = EDGE_LOOP('',(#6242,#6250,#6256,#6257));
#6242 = ORIENTED_EDGE('',*,*,#6243,.T.);
#6243 = EDGE_CURVE('',#1348,#6244,#6246,.T.);
#6244 = VERTEX_POINT('',#6245);
#6245 = CARTESIAN_POINT('',(31.976951276585,-7.405153138162,2.6));
#6246 = LINE('',#6247,#6248);
#6247 = CARTESIAN_POINT('',(31.976951276585,-7.405153138162,2.));
#6248 = VECTOR('',#6249,1.);
#6249 = DIRECTION('',(0.,0.,1.));
#6250 = ORIENTED_EDGE('',*,*,#6251,.T.);
#6251 = EDGE_CURVE('',#6244,#6194,#6252,.T.);
#6252 = LINE('',#6253,#6254);
#6253 = CARTESIAN_POINT('',(31.976951276585,-7.405153138162,2.6));
#6254 = VECTOR('',#6255,1.);
#6255 = DIRECTION('',(-1.,0.,0.));
#6256 = ORIENTED_EDGE('',*,*,#6193,.F.);
#6257 = ORIENTED_EDGE('',*,*,#1355,.F.);
#6258 = PLANE('',#6259);
#6259 = AXIS2_PLACEMENT_3D('',#6260,#6261,#6262);
#6260 = CARTESIAN_POINT('',(31.976951276585,-7.405153138162,2.));
#6261 = DIRECTION('',(-2.2E-16,-1.,0.));
#6262 = DIRECTION('',(-1.,2.2E-16,0.));
#6263 = ADVANCED_FACE('',(#6264),#6282,.T.);
#6264 = FACE_BOUND('',#6265,.T.);
#6265 = EDGE_LOOP('',(#6266,#6267,#6275,#6281));
#6266 = ORIENTED_EDGE('',*,*,#6226,.T.);
#6267 = ORIENTED_EDGE('',*,*,#6268,.T.);
#6268 = EDGE_CURVE('',#6219,#6269,#6271,.T.);
#6269 = VERTEX_POINT('',#6270);
#6270 = CARTESIAN_POINT('',(32.75,-5.744657064115,2.6));
#6271 = B_SPLINE_CURVE_WITH_KNOTS('',2,(#6272,#6273,#6274),
  .UNSPECIFIED.,.F.,.F.,(3,3),(0.,1.),.PIECEWISE_BEZIER_KNOTS.);
#6272 = CARTESIAN_POINT('',(32.552376371484,-5.116608600697,2.6));
#6273 = CARTESIAN_POINT('',(32.75,-5.314232229213,2.6));
#6274 = CARTESIAN_POINT('',(32.75,-5.744657064115,2.6));
#6275 = ORIENTED_EDGE('',*,*,#6276,.F.);
#6276 = EDGE_CURVE('',#1324,#6269,#6277,.T.);
#6277 = LINE('',#6278,#6279);
#6278 = CARTESIAN_POINT('',(32.75,-5.744657064115,2.));
#6279 = VECTOR('',#6280,1.);
#6280 = DIRECTION('',(0.,0.,1.));
#6281 = ORIENTED_EDGE('',*,*,#1323,.F.);
#6282 = SURFACE_OF_LINEAR_EXTRUSION('',#6283,#6287);
#6283 = B_SPLINE_CURVE_WITH_KNOTS('',2,(#6284,#6285,#6286),
  .UNSPECIFIED.,.F.,.F.,(3,3),(0.,1.),.PIECEWISE_BEZIER_KNOTS.);
#6284 = CARTESIAN_POINT('',(32.552376371484,-5.116608600697,2.));
#6285 = CARTESIAN_POINT('',(32.75,-5.314232229213,2.));
#6286 = CARTESIAN_POINT('',(32.75,-5.744657064115,2.));
#6287 = VECTOR('',#6288,1.);
#6288 = DIRECTION('',(-0.,-0.,-1.));
#6289 = ADVANCED_FACE('',(#6290),#6308,.T.);
#6290 = FACE_BOUND('',#6291,.T.);
#6291 = EDGE_LOOP('',(#6292,#6300,#6306,#6307));
#6292 = ORIENTED_EDGE('',*,*,#6293,.T.);
#6293 = EDGE_CURVE('',#1340,#6294,#6296,.T.);
#6294 = VERTEX_POINT('',#6295);
#6295 = CARTESIAN_POINT('',(32.552376371484,-7.207529509646,2.6));
#6296 = LINE('',#6297,#6298);
#6297 = CARTESIAN_POINT('',(32.552376371484,-7.207529509646,2.));
#6298 = VECTOR('',#6299,1.);
#6299 = DIRECTION('',(0.,0.,1.));
#6300 = ORIENTED_EDGE('',*,*,#6301,.T.);
#6301 = EDGE_CURVE('',#6294,#6244,#6302,.T.);
#6302 = B_SPLINE_CURVE_WITH_KNOTS('',2,(#6303,#6304,#6305),
  .UNSPECIFIED.,.F.,.F.,(3,3),(0.,1.),.PIECEWISE_BEZIER_KNOTS.);
#6303 = CARTESIAN_POINT('',(32.552376371484,-7.207529509646,2.6));
#6304 = CARTESIAN_POINT('',(32.354752742967,-7.405153138162,2.6));
#6305 = CARTESIAN_POINT('',(31.976951276585,-7.405153138162,2.6));
#6306 = ORIENTED_EDGE('',*,*,#6243,.F.);
#6307 = ORIENTED_EDGE('',*,*,#1347,.F.);
#6308 = SURFACE_OF_LINEAR_EXTRUSION('',#6309,#6313);
#6309 = B_SPLINE_CURVE_WITH_KNOTS('',2,(#6310,#6311,#6312),
  .UNSPECIFIED.,.F.,.F.,(3,3),(0.,1.),.PIECEWISE_BEZIER_KNOTS.);
#6310 = CARTESIAN_POINT('',(32.552376371484,-7.207529509646,2.));
#6311 = CARTESIAN_POINT('',(32.354752742967,-7.405153138162,2.));
#6312 = CARTESIAN_POINT('',(31.976951276585,-7.405153138162,2.));
#6313 = VECTOR('',#6314,1.);
#6314 = DIRECTION('',(-0.,-0.,-1.));
#6315 = ADVANCED_FACE('',(#6316),#6334,.T.);
#6316 = FACE_BOUND('',#6317,.T.);
#6317 = EDGE_LOOP('',(#6318,#6319,#6327,#6333));
#6318 = ORIENTED_EDGE('',*,*,#6276,.T.);
#6319 = ORIENTED_EDGE('',*,*,#6320,.T.);
#6320 = EDGE_CURVE('',#6269,#6321,#6323,.T.);
#6321 = VERTEX_POINT('',#6322);
#6322 = CARTESIAN_POINT('',(32.75,-6.588060943269,2.6));
#6323 = LINE('',#6324,#6325);
#6324 = CARTESIAN_POINT('',(32.75,-5.744657064115,2.6));
#6325 = VECTOR('',#6326,1.);
#6326 = DIRECTION('',(0.,-1.,0.));
#6327 = ORIENTED_EDGE('',*,*,#6328,.F.);
#6328 = EDGE_CURVE('',#1332,#6321,#6329,.T.);
#6329 = LINE('',#6330,#6331);
#6330 = CARTESIAN_POINT('',(32.75,-6.588060943269,2.));
#6331 = VECTOR('',#6332,1.);
#6332 = DIRECTION('',(0.,0.,1.));
#6333 = ORIENTED_EDGE('',*,*,#1331,.F.);
#6334 = PLANE('',#6335);
#6335 = AXIS2_PLACEMENT_3D('',#6336,#6337,#6338);
#6336 = CARTESIAN_POINT('',(32.75,-5.744657064115,2.));
#6337 = DIRECTION('',(1.,-2.2E-16,0.));
#6338 = DIRECTION('',(-2.2E-16,-1.,0.));
#6339 = ADVANCED_FACE('',(#6340),#6351,.T.);
#6340 = FACE_BOUND('',#6341,.T.);
#6341 = EDGE_LOOP('',(#6342,#6343,#6349,#6350));
#6342 = ORIENTED_EDGE('',*,*,#6328,.T.);
#6343 = ORIENTED_EDGE('',*,*,#6344,.T.);
#6344 = EDGE_CURVE('',#6321,#6294,#6345,.T.);
#6345 = B_SPLINE_CURVE_WITH_KNOTS('',2,(#6346,#6347,#6348),
  .UNSPECIFIED.,.F.,.F.,(3,3),(0.,1.),.PIECEWISE_BEZIER_KNOTS.);
#6346 = CARTESIAN_POINT('',(32.75,-6.588060943269,2.6));
#6347 = CARTESIAN_POINT('',(32.75,-7.009905881129,2.6));
#6348 = CARTESIAN_POINT('',(32.552376371484,-7.207529509646,2.6));
#6349 = ORIENTED_EDGE('',*,*,#6293,.F.);
#6350 = ORIENTED_EDGE('',*,*,#1339,.F.);
#6351 = SURFACE_OF_LINEAR_EXTRUSION('',#6352,#6356);
#6352 = B_SPLINE_CURVE_WITH_KNOTS('',2,(#6353,#6354,#6355),
  .UNSPECIFIED.,.F.,.F.,(3,3),(0.,1.),.PIECEWISE_BEZIER_KNOTS.);
#6353 = CARTESIAN_POINT('',(32.75,-6.588060943269,2.));
#6354 = CARTESIAN_POINT('',(32.75,-7.009905881129,2.));
#6355 = CARTESIAN_POINT('',(32.552376371484,-7.207529509646,2.));
#6356 = VECTOR('',#6357,1.);
#6357 = DIRECTION('',(-0.,-0.,-1.));
#6358 = ADVANCED_FACE('',(#6359),#6384,.T.);
#6359 = FACE_BOUND('',#6360,.T.);
#6360 = EDGE_LOOP('',(#6361,#6369,#6377,#6383));
#6361 = ORIENTED_EDGE('',*,*,#6362,.T.);
#6362 = EDGE_CURVE('',#1444,#6363,#6365,.T.);
#6363 = VERTEX_POINT('',#6364);
#6364 = CARTESIAN_POINT('',(20.15,-4.463119442567,2.6));
#6365 = LINE('',#6366,#6367);
#6366 = CARTESIAN_POINT('',(20.15,-4.463119442567,2.));
#6367 = VECTOR('',#6368,1.);
#6368 = DIRECTION('',(0.,0.,1.));
#6369 = ORIENTED_EDGE('',*,*,#6370,.T.);
#6370 = EDGE_CURVE('',#6363,#6371,#6373,.T.);
#6371 = VERTEX_POINT('',#6372);
#6372 = CARTESIAN_POINT('',(15.862625448495,-4.463119442567,2.6));
#6373 = LINE('',#6374,#6375);
#6374 = CARTESIAN_POINT('',(20.15,-4.463119442567,2.6));
#6375 = VECTOR('',#6376,1.);
#6376 = DIRECTION('',(-1.,0.,0.));
#6377 = ORIENTED_EDGE('',*,*,#6378,.F.);
#6378 = EDGE_CURVE('',#1446,#6371,#6379,.T.);
#6379 = LINE('',#6380,#6381);
#6380 = CARTESIAN_POINT('',(15.862625448495,-4.463119442567,2.));
#6381 = VECTOR('',#6382,1.);
#6382 = DIRECTION('',(0.,0.,1.));
#6383 = ORIENTED_EDGE('',*,*,#1443,.F.);
#6384 = PLANE('',#6385);
#6385 = AXIS2_PLACEMENT_3D('',#6386,#6387,#6388);
#6386 = CARTESIAN_POINT('',(20.15,-4.463119442567,2.));
#6387 = DIRECTION('',(-2.2E-16,-1.,0.));
#6388 = DIRECTION('',(-1.,2.2E-16,0.));
#6389 = ADVANCED_FACE('',(#6390),#6408,.T.);
#6390 = FACE_BOUND('',#6391,.T.);
#6391 = EDGE_LOOP('',(#6392,#6400,#6406,#6407));
#6392 = ORIENTED_EDGE('',*,*,#6393,.T.);
#6393 = EDGE_CURVE('',#1678,#6394,#6396,.T.);
#6394 = VERTEX_POINT('',#6395);
#6395 = CARTESIAN_POINT('',(20.15,-3.672624928501,2.6));
#6396 = LINE('',#6397,#6398);
#6397 = CARTESIAN_POINT('',(20.15,-3.672624928501,2.));
#6398 = VECTOR('',#6399,1.);
#6399 = DIRECTION('',(0.,0.,1.));
#6400 = ORIENTED_EDGE('',*,*,#6401,.T.);
#6401 = EDGE_CURVE('',#6394,#6363,#6402,.T.);
#6402 = LINE('',#6403,#6404);
#6403 = CARTESIAN_POINT('',(20.15,-3.672624928501,2.6));
#6404 = VECTOR('',#6405,1.);
#6405 = DIRECTION('',(0.,-1.,0.));
#6406 = ORIENTED_EDGE('',*,*,#6362,.F.);
#6407 = ORIENTED_EDGE('',*,*,#1685,.F.);
#6408 = PLANE('',#6409);
#6409 = AXIS2_PLACEMENT_3D('',#6410,#6411,#6412);
#6410 = CARTESIAN_POINT('',(20.15,-3.672624928501,2.));
#6411 = DIRECTION('',(1.,-2.2E-16,0.));
#6412 = DIRECTION('',(-2.2E-16,-1.,0.));
#6413 = ADVANCED_FACE('',(#6414),#6432,.T.);
#6414 = FACE_BOUND('',#6415,.T.);
#6415 = EDGE_LOOP('',(#6416,#6417,#6425,#6431));
#6416 = ORIENTED_EDGE('',*,*,#6378,.T.);
#6417 = ORIENTED_EDGE('',*,*,#6418,.T.);
#6418 = EDGE_CURVE('',#6371,#6419,#6421,.T.);
#6419 = VERTEX_POINT('',#6420);
#6420 = CARTESIAN_POINT('',(15.862625448495,-3.672624928501,2.6));
#6421 = LINE('',#6422,#6423);
#6422 = CARTESIAN_POINT('',(15.862625448495,-4.463119442567,2.6));
#6423 = VECTOR('',#6424,1.);
#6424 = DIRECTION('',(0.,1.,0.));
#6425 = ORIENTED_EDGE('',*,*,#6426,.F.);
#6426 = EDGE_CURVE('',#1454,#6419,#6427,.T.);
#6427 = LINE('',#6428,#6429);
#6428 = CARTESIAN_POINT('',(15.862625448495,-3.672624928501,2.));
#6429 = VECTOR('',#6430,1.);
#6430 = DIRECTION('',(0.,0.,1.));
#6431 = ORIENTED_EDGE('',*,*,#1453,.F.);
#6432 = PLANE('',#6433);
#6433 = AXIS2_PLACEMENT_3D('',#6434,#6435,#6436);
#6434 = CARTESIAN_POINT('',(15.862625448495,-4.463119442567,2.));
#6435 = DIRECTION('',(-1.,2.2E-16,0.));
#6436 = DIRECTION('',(2.2E-16,1.,0.));
#6437 = ADVANCED_FACE('',(#6438),#6456,.T.);
#6438 = FACE_BOUND('',#6439,.T.);
#6439 = EDGE_LOOP('',(#6440,#6448,#6454,#6455));
#6440 = ORIENTED_EDGE('',*,*,#6441,.T.);
#6441 = EDGE_CURVE('',#1670,#6442,#6444,.T.);
#6442 = VERTEX_POINT('',#6443);
#6443 = CARTESIAN_POINT('',(16.811276064687,-3.672624928501,2.6));
#6444 = LINE('',#6445,#6446);
#6445 = CARTESIAN_POINT('',(16.811276064687,-3.672624928501,2.));
#6446 = VECTOR('',#6447,1.);
#6447 = DIRECTION('',(0.,0.,1.));
#6448 = ORIENTED_EDGE('',*,*,#6449,.T.);
#6449 = EDGE_CURVE('',#6442,#6394,#6450,.T.);
#6450 = LINE('',#6451,#6452);
#6451 = CARTESIAN_POINT('',(16.451206385523,-3.672624928501,2.6));
#6452 = VECTOR('',#6453,1.);
#6453 = DIRECTION('',(1.,-2.2E-16,0.));
#6454 = ORIENTED_EDGE('',*,*,#6393,.F.);
#6455 = ORIENTED_EDGE('',*,*,#1677,.F.);
#6456 = PLANE('',#6457);
#6457 = AXIS2_PLACEMENT_3D('',#6458,#6459,#6460);
#6458 = CARTESIAN_POINT('',(18.480638032344,-3.672624928501,2.3));
#6459 = DIRECTION('',(0.,1.,0.));
#6460 = DIRECTION('',(0.,0.,1.));
#6461 = ADVANCED_FACE('',(#6462),#6480,.T.);
#6462 = FACE_BOUND('',#6463,.T.);
#6463 = EDGE_LOOP('',(#6464,#6465,#6473,#6479));
#6464 = ORIENTED_EDGE('',*,*,#6426,.T.);
#6465 = ORIENTED_EDGE('',*,*,#6466,.T.);
#6466 = EDGE_CURVE('',#6419,#6467,#6469,.T.);
#6467 = VERTEX_POINT('',#6468);
#6468 = CARTESIAN_POINT('',(16.201734267559,-3.672624928501,2.6));
#6469 = LINE('',#6470,#6471);
#6470 = CARTESIAN_POINT('',(15.862625448495,-3.672624928501,2.6));
#6471 = VECTOR('',#6472,1.);
#6472 = DIRECTION('',(1.,0.,0.));
#6473 = ORIENTED_EDGE('',*,*,#6474,.F.);
#6474 = EDGE_CURVE('',#1462,#6467,#6475,.T.);
#6475 = LINE('',#6476,#6477);
#6476 = CARTESIAN_POINT('',(16.201734267559,-3.672624928501,2.));
#6477 = VECTOR('',#6478,1.);
#6478 = DIRECTION('',(0.,0.,1.));
#6479 = ORIENTED_EDGE('',*,*,#1461,.F.);
#6480 = PLANE('',#6481);
#6481 = AXIS2_PLACEMENT_3D('',#6482,#6483,#6484);
#6482 = CARTESIAN_POINT('',(15.862625448495,-3.672624928501,2.));
#6483 = DIRECTION('',(2.2E-16,1.,0.));
#6484 = DIRECTION('',(1.,-2.2E-16,0.));
#6485 = ADVANCED_FACE('',(#6486),#6504,.T.);
#6486 = FACE_BOUND('',#6487,.T.);
#6487 = EDGE_LOOP('',(#6488,#6496,#6502,#6503));
#6488 = ORIENTED_EDGE('',*,*,#6489,.T.);
#6489 = EDGE_CURVE('',#1662,#6490,#6492,.T.);
#6490 = VERTEX_POINT('',#6491);
#6491 = CARTESIAN_POINT('',(16.574184909781,-3.602269772763,2.6));
#6492 = LINE('',#6493,#6494);
#6493 = CARTESIAN_POINT('',(16.574184909781,-3.602269772763,2.));
#6494 = VECTOR('',#6495,1.);
#6495 = DIRECTION('',(0.,0.,1.));
#6496 = ORIENTED_EDGE('',*,*,#6497,.T.);
#6497 = EDGE_CURVE('',#6490,#6442,#6498,.T.);
#6498 = B_SPLINE_CURVE_WITH_KNOTS('',2,(#6499,#6500,#6501),
  .UNSPECIFIED.,.F.,.F.,(3,3),(0.,1.),.PIECEWISE_BEZIER_KNOTS.);
#6499 = CARTESIAN_POINT('',(16.574184909781,-3.602269772763,2.6));
#6500 = CARTESIAN_POINT('',(16.644540065519,-3.672624928501,2.6));
#6501 = CARTESIAN_POINT('',(16.811276064687,-3.672624928501,2.6));
#6502 = ORIENTED_EDGE('',*,*,#6441,.F.);
#6503 = ORIENTED_EDGE('',*,*,#1669,.F.);
#6504 = SURFACE_OF_LINEAR_EXTRUSION('',#6505,#6509);
#6505 = B_SPLINE_CURVE_WITH_KNOTS('',2,(#6506,#6507,#6508),
  .UNSPECIFIED.,.F.,.F.,(3,3),(0.,1.),.PIECEWISE_BEZIER_KNOTS.);
#6506 = CARTESIAN_POINT('',(16.574184909781,-3.602269772763,2.));
#6507 = CARTESIAN_POINT('',(16.644540065519,-3.672624928501,2.));
#6508 = CARTESIAN_POINT('',(16.811276064687,-3.672624928501,2.));
#6509 = VECTOR('',#6510,1.);
#6510 = DIRECTION('',(-0.,-0.,-1.));
#6511 = ADVANCED_FACE('',(#6512),#6530,.T.);
#6512 = FACE_BOUND('',#6513,.T.);
#6513 = EDGE_LOOP('',(#6514,#6515,#6523,#6529));
#6514 = ORIENTED_EDGE('',*,*,#6474,.T.);
#6515 = ORIENTED_EDGE('',*,*,#6516,.T.);
#6516 = EDGE_CURVE('',#6467,#6517,#6519,.T.);
#6517 = VERTEX_POINT('',#6518);
#6518 = CARTESIAN_POINT('',(16.003335759971,-3.549360407675,2.6));
#6519 = B_SPLINE_CURVE_WITH_KNOTS('',2,(#6520,#6521,#6522),
  .UNSPECIFIED.,.F.,.F.,(3,3),(0.,1.),.PIECEWISE_BEZIER_KNOTS.);
#6520 = CARTESIAN_POINT('',(16.460072279133,-3.707516509802,2.6));
#6521 = CARTESIAN_POINT('',(16.143760074879,-3.707516509802,2.6));
#6522 = CARTESIAN_POINT('',(16.003335759971,-3.549360407675,2.6));
#6523 = ORIENTED_EDGE('',*,*,#6524,.F.);
#6524 = EDGE_CURVE('',#1470,#6517,#6525,.T.);
#6525 = LINE('',#6526,#6527);
#6526 = CARTESIAN_POINT('',(16.003335759971,-3.549360407675,2.));
#6527 = VECTOR('',#6528,1.);
#6528 = DIRECTION('',(0.,0.,1.));
#6529 = ORIENTED_EDGE('',*,*,#1469,.F.);
#6530 = SURFACE_OF_LINEAR_EXTRUSION('',#6531,#6535);
#6531 = B_SPLINE_CURVE_WITH_KNOTS('',2,(#6532,#6533,#6534),
  .UNSPECIFIED.,.F.,.F.,(3,3),(0.,1.),.PIECEWISE_BEZIER_KNOTS.);
#6532 = CARTESIAN_POINT('',(16.460072279133,-3.707516509802,2.));
#6533 = CARTESIAN_POINT('',(16.143760074879,-3.707516509802,2.));
#6534 = CARTESIAN_POINT('',(16.003335759971,-3.549360407675,2.));
#6535 = VECTOR('',#6536,1.);
#6536 = DIRECTION('',(-0.,-0.,-1.));
#6537 = ADVANCED_FACE('',(#6538),#6556,.T.);
#6538 = FACE_BOUND('',#6539,.T.);
#6539 = EDGE_LOOP('',(#6540,#6548,#6554,#6555));
#6540 = ORIENTED_EDGE('',*,*,#6541,.T.);
#6541 = EDGE_CURVE('',#1654,#6542,#6544,.T.);
#6542 = VERTEX_POINT('',#6543);
#6543 = CARTESIAN_POINT('',(16.503829754043,-3.382624408507,2.6));
#6544 = LINE('',#6545,#6546);
#6545 = CARTESIAN_POINT('',(16.503829754043,-3.382624408507,2.));
#6546 = VECTOR('',#6547,1.);
#6547 = DIRECTION('',(0.,0.,1.));
#6548 = ORIENTED_EDGE('',*,*,#6549,.T.);
#6549 = EDGE_CURVE('',#6542,#6490,#6550,.T.);
#6550 = B_SPLINE_CURVE_WITH_KNOTS('',2,(#6551,#6552,#6553),
  .UNSPECIFIED.,.F.,.F.,(3,3),(0.,1.),.PIECEWISE_BEZIER_KNOTS.);
#6551 = CARTESIAN_POINT('',(16.503829754043,-3.382624408507,2.6));
#6552 = CARTESIAN_POINT('',(16.503829754043,-3.531914617025,2.6));
#6553 = CARTESIAN_POINT('',(16.574184909781,-3.602269772763,2.6));
#6554 = ORIENTED_EDGE('',*,*,#6489,.F.);
#6555 = ORIENTED_EDGE('',*,*,#1661,.F.);
#6556 = SURFACE_OF_LINEAR_EXTRUSION('',#6557,#6561);
#6557 = B_SPLINE_CURVE_WITH_KNOTS('',2,(#6558,#6559,#6560),
  .UNSPECIFIED.,.F.,.F.,(3,3),(0.,1.),.PIECEWISE_BEZIER_KNOTS.);
#6558 = CARTESIAN_POINT('',(16.503829754043,-3.382624408507,2.));
#6559 = CARTESIAN_POINT('',(16.503829754043,-3.531914617025,2.));
#6560 = CARTESIAN_POINT('',(16.574184909781,-3.602269772763,2.));
#6561 = VECTOR('',#6562,1.);
#6562 = DIRECTION('',(-0.,-0.,-1.));
#6563 = ADVANCED_FACE('',(#6564),#6582,.T.);
#6564 = FACE_BOUND('',#6565,.T.);
#6565 = EDGE_LOOP('',(#6566,#6567,#6575,#6581));
#6566 = ORIENTED_EDGE('',*,*,#6524,.T.);
#6567 = ORIENTED_EDGE('',*,*,#6568,.T.);
#6568 = EDGE_CURVE('',#6517,#6569,#6571,.T.);
#6569 = VERTEX_POINT('',#6570);
#6570 = CARTESIAN_POINT('',(15.862625448495,-3.127801466382,2.6));
#6571 = B_SPLINE_CURVE_WITH_KNOTS('',2,(#6572,#6573,#6574),
  .UNSPECIFIED.,.F.,.F.,(3,3),(0.,1.),.PIECEWISE_BEZIER_KNOTS.);
#6572 = CARTESIAN_POINT('',(16.003335759971,-3.549360407675,2.6));
#6573 = CARTESIAN_POINT('',(15.862625448495,-3.391204305548,2.6));
#6574 = CARTESIAN_POINT('',(15.862625448495,-3.127801466382,2.6));
#6575 = ORIENTED_EDGE('',*,*,#6576,.F.);
#6576 = EDGE_CURVE('',#1478,#6569,#6577,.T.);
#6577 = LINE('',#6578,#6579);
#6578 = CARTESIAN_POINT('',(15.862625448495,-3.127801466382,2.));
#6579 = VECTOR('',#6580,1.);
#6580 = DIRECTION('',(0.,0.,1.));
#6581 = ORIENTED_EDGE('',*,*,#1477,.F.);
#6582 = SURFACE_OF_LINEAR_EXTRUSION('',#6583,#6587);
#6583 = B_SPLINE_CURVE_WITH_KNOTS('',2,(#6584,#6585,#6586),
  .UNSPECIFIED.,.F.,.F.,(3,3),(0.,1.),.PIECEWISE_BEZIER_KNOTS.);
#6584 = CARTESIAN_POINT('',(16.003335759971,-3.549360407675,2.));
#6585 = CARTESIAN_POINT('',(15.862625448495,-3.391204305548,2.));
#6586 = CARTESIAN_POINT('',(15.862625448495,-3.127801466382,2.));
#6587 = VECTOR('',#6588,1.);
#6588 = DIRECTION('',(-0.,-0.,-1.));
#6589 = ADVANCED_FACE('',(#6590),#6608,.T.);
#6590 = FACE_BOUND('',#6591,.T.);
#6591 = EDGE_LOOP('',(#6592,#6600,#6606,#6607));
#6592 = ORIENTED_EDGE('',*,*,#6593,.T.);
#6593 = EDGE_CURVE('',#1646,#6594,#6596,.T.);
#6594 = VERTEX_POINT('',#6595);
#6595 = CARTESIAN_POINT('',(16.503829754043,-3.075178097863,2.6));
#6596 = LINE('',#6597,#6598);
#6597 = CARTESIAN_POINT('',(16.503829754043,-3.075178097863,2.));
#6598 = VECTOR('',#6599,1.);
#6599 = DIRECTION('',(0.,0.,1.));
#6600 = ORIENTED_EDGE('',*,*,#6601,.T.);
#6601 = EDGE_CURVE('',#6594,#6542,#6602,.T.);
#6602 = LINE('',#6603,#6604);
#6603 = CARTESIAN_POINT('',(16.503829754043,-3.075178097863,2.6));
#6604 = VECTOR('',#6605,1.);
#6605 = DIRECTION('',(0.,-1.,0.));
#6606 = ORIENTED_EDGE('',*,*,#6541,.F.);
#6607 = ORIENTED_EDGE('',*,*,#1653,.F.);
#6608 = PLANE('',#6609);
#6609 = AXIS2_PLACEMENT_3D('',#6610,#6611,#6612);
#6610 = CARTESIAN_POINT('',(16.503829754043,-3.075178097863,2.));
#6611 = DIRECTION('',(1.,-2.2E-16,0.));
#6612 = DIRECTION('',(-2.2E-16,-1.,0.));
#6613 = ADVANCED_FACE('',(#6614),#6632,.T.);
#6614 = FACE_BOUND('',#6615,.T.);
#6615 = EDGE_LOOP('',(#6616,#6617,#6625,#6631));
#6616 = ORIENTED_EDGE('',*,*,#6576,.T.);
#6617 = ORIENTED_EDGE('',*,*,#6618,.T.);
#6618 = EDGE_CURVE('',#6569,#6619,#6621,.T.);
#6619 = VERTEX_POINT('',#6620);
#6620 = CARTESIAN_POINT('',(15.862625448495,-2.811489262129,2.6));
#6621 = LINE('',#6622,#6623);
#6622 = CARTESIAN_POINT('',(15.862625448495,-3.127801466382,2.6));
#6623 = VECTOR('',#6624,1.);
#6624 = DIRECTION('',(0.,1.,0.));
#6625 = ORIENTED_EDGE('',*,*,#6626,.F.);
#6626 = EDGE_CURVE('',#1486,#6619,#6627,.T.);
#6627 = LINE('',#6628,#6629);
#6628 = CARTESIAN_POINT('',(15.862625448495,-2.811489262129,2.));
#6629 = VECTOR('',#6630,1.);
#6630 = DIRECTION('',(0.,0.,1.));
#6631 = ORIENTED_EDGE('',*,*,#1485,.F.);
#6632 = PLANE('',#6633);
#6633 = AXIS2_PLACEMENT_3D('',#6634,#6635,#6636);
#6634 = CARTESIAN_POINT('',(15.862625448495,-3.127801466382,2.));
#6635 = DIRECTION('',(-1.,2.2E-16,0.));
#6636 = DIRECTION('',(2.2E-16,1.,0.));
#6637 = ADVANCED_FACE('',(#6638),#6656,.T.);
#6638 = FACE_BOUND('',#6639,.T.);
#6639 = EDGE_LOOP('',(#6640,#6648,#6654,#6655));
#6640 = ORIENTED_EDGE('',*,*,#6641,.T.);
#6641 = EDGE_CURVE('',#1638,#6642,#6644,.T.);
#6642 = VERTEX_POINT('',#6643);
#6643 = CARTESIAN_POINT('',(16.552163174042,-2.864398627216,2.6));
#6644 = LINE('',#6645,#6646);
#6645 = CARTESIAN_POINT('',(16.552163174042,-2.864398627216,2.));
#6646 = VECTOR('',#6647,1.);
#6647 = DIRECTION('',(0.,0.,1.));
#6648 = ORIENTED_EDGE('',*,*,#6649,.T.);
#6649 = EDGE_CURVE('',#6642,#6594,#6650,.T.);
#6650 = B_SPLINE_CURVE_WITH_KNOTS('',2,(#6651,#6652,#6653),
  .UNSPECIFIED.,.F.,.F.,(3,3),(0.,1.),.PIECEWISE_BEZIER_KNOTS.);
#6651 = CARTESIAN_POINT('',(16.552163174042,-2.864398627216,2.6));
#6652 = CARTESIAN_POINT('',(16.503829754043,-2.917021995736,2.6));
#6653 = CARTESIAN_POINT('',(16.503829754043,-3.075178097863,2.6));
#6654 = ORIENTED_EDGE('',*,*,#6593,.F.);
#6655 = ORIENTED_EDGE('',*,*,#1645,.F.);
#6656 = SURFACE_OF_LINEAR_EXTRUSION('',#6657,#6661);
#6657 = B_SPLINE_CURVE_WITH_KNOTS('',2,(#6658,#6659,#6660),
  .UNSPECIFIED.,.F.,.F.,(3,3),(0.,1.),.PIECEWISE_BEZIER_KNOTS.);
#6658 = CARTESIAN_POINT('',(16.552163174042,-2.864398627216,2.));
#6659 = CARTESIAN_POINT('',(16.503829754043,-2.917021995736,2.));
#6660 = CARTESIAN_POINT('',(16.503829754043,-3.075178097863,2.));
#6661 = VECTOR('',#6662,1.);
#6662 = DIRECTION('',(-0.,-0.,-1.));
#6663 = ADVANCED_FACE('',(#6664),#6682,.T.);
#6664 = FACE_BOUND('',#6665,.T.);
#6665 = EDGE_LOOP('',(#6666,#6667,#6675,#6681));
#6666 = ORIENTED_EDGE('',*,*,#6626,.T.);
#6667 = ORIENTED_EDGE('',*,*,#6668,.T.);
#6668 = EDGE_CURVE('',#6619,#6669,#6671,.T.);
#6669 = VERTEX_POINT('',#6670);
#6670 = CARTESIAN_POINT('',(16.060249077011,-2.214042431491,2.6));
#6671 = B_SPLINE_CURVE_WITH_KNOTS('',2,(#6672,#6673,#6674),
  .UNSPECIFIED.,.F.,.F.,(3,3),(0.,1.),.PIECEWISE_BEZIER_KNOTS.);
#6672 = CARTESIAN_POINT('',(15.862625448495,-2.811489262129,2.6));
#6673 = CARTESIAN_POINT('',(15.862625448495,-2.407376111487,2.6));
#6674 = CARTESIAN_POINT('',(16.060249077011,-2.214042431491,2.6));
#6675 = ORIENTED_EDGE('',*,*,#6676,.F.);
#6676 = EDGE_CURVE('',#1494,#6669,#6677,.T.);
#6677 = LINE('',#6678,#6679);
#6678 = CARTESIAN_POINT('',(16.060249077011,-2.214042431491,2.));
#6679 = VECTOR('',#6680,1.);
#6680 = DIRECTION('',(0.,0.,1.));
#6681 = ORIENTED_EDGE('',*,*,#1493,.F.);
#6682 = SURFACE_OF_LINEAR_EXTRUSION('',#6683,#6687);
#6683 = B_SPLINE_CURVE_WITH_KNOTS('',2,(#6684,#6685,#6686),
  .UNSPECIFIED.,.F.,.F.,(3,3),(0.,1.),.PIECEWISE_BEZIER_KNOTS.);
#6684 = CARTESIAN_POINT('',(15.862625448495,-2.811489262129,2.));
#6685 = CARTESIAN_POINT('',(15.862625448495,-2.407376111487,2.));
#6686 = CARTESIAN_POINT('',(16.060249077011,-2.214042431491,2.));
#6687 = VECTOR('',#6688,1.);
#6688 = DIRECTION('',(-0.,-0.,-1.));
#6689 = ADVANCED_FACE('',(#6690),#6708,.T.);
#6690 = FACE_BOUND('',#6691,.T.);
#6691 = EDGE_LOOP('',(#6692,#6700,#6706,#6707));
#6692 = ORIENTED_EDGE('',*,*,#6693,.T.);
#6693 = EDGE_CURVE('',#1630,#6694,#6696,.T.);
#6694 = VERTEX_POINT('',#6695);
#6695 = CARTESIAN_POINT('',(16.758652696168,-2.811489262129,2.6));
#6696 = LINE('',#6697,#6698);
#6697 = CARTESIAN_POINT('',(16.758652696168,-2.811489262129,2.));
#6698 = VECTOR('',#6699,1.);
#6699 = DIRECTION('',(0.,0.,1.));
#6700 = ORIENTED_EDGE('',*,*,#6701,.T.);
#6701 = EDGE_CURVE('',#6694,#6642,#6702,.T.);
#6702 = B_SPLINE_CURVE_WITH_KNOTS('',2,(#6703,#6704,#6705),
  .UNSPECIFIED.,.F.,.F.,(3,3),(0.,1.),.PIECEWISE_BEZIER_KNOTS.);
#6703 = CARTESIAN_POINT('',(16.758652696168,-2.811489262129,2.6));
#6704 = CARTESIAN_POINT('',(16.600496594041,-2.811489262129,2.6));
#6705 = CARTESIAN_POINT('',(16.552163174042,-2.864398627216,2.6));
#6706 = ORIENTED_EDGE('',*,*,#6641,.F.);
#6707 = ORIENTED_EDGE('',*,*,#1637,.F.);
#6708 = SURFACE_OF_LINEAR_EXTRUSION('',#6709,#6713);
#6709 = B_SPLINE_CURVE_WITH_KNOTS('',2,(#6710,#6711,#6712),
  .UNSPECIFIED.,.F.,.F.,(3,3),(0.,1.),.PIECEWISE_BEZIER_KNOTS.);
#6710 = CARTESIAN_POINT('',(16.758652696168,-2.811489262129,2.));
#6711 = CARTESIAN_POINT('',(16.600496594041,-2.811489262129,2.));
#6712 = CARTESIAN_POINT('',(16.552163174042,-2.864398627216,2.));
#6713 = VECTOR('',#6714,1.);
#6714 = DIRECTION('',(-0.,-0.,-1.));
#6715 = ADVANCED_FACE('',(#6716),#6734,.T.);
#6716 = FACE_BOUND('',#6717,.T.);
#6717 = EDGE_LOOP('',(#6718,#6719,#6727,#6733));
#6718 = ORIENTED_EDGE('',*,*,#6676,.T.);
#6719 = ORIENTED_EDGE('',*,*,#6720,.T.);
#6720 = EDGE_CURVE('',#6669,#6721,#6723,.T.);
#6721 = VERTEX_POINT('',#6722);
#6722 = CARTESIAN_POINT('',(16.253711698025,-2.088160483393,2.6));
#6723 = B_SPLINE_CURVE_WITH_KNOTS('',2,(#6724,#6725,#6726),
  .UNSPECIFIED.,.F.,.F.,(3,3),(0.,1.),.PIECEWISE_BEZIER_KNOTS.);
#6724 = CARTESIAN_POINT('',(16.060249077011,-2.214042431491,2.6));
#6725 = CARTESIAN_POINT('',(16.257872705528,-2.020708751495,2.6));
#6726 = CARTESIAN_POINT('',(16.644540065519,-2.020708751495,2.6));
#6727 = ORIENTED_EDGE('',*,*,#6728,.F.);
#6728 = EDGE_CURVE('',#1502,#6721,#6729,.T.);
#6729 = LINE('',#6730,#6731);
#6730 = CARTESIAN_POINT('',(16.253711698025,-2.088160483393,2.));
#6731 = VECTOR('',#6732,1.);
#6732 = DIRECTION('',(0.,0.,1.));
#6733 = ORIENTED_EDGE('',*,*,#1501,.F.);
#6734 = SURFACE_OF_LINEAR_EXTRUSION('',#6735,#6739);
#6735 = B_SPLINE_CURVE_WITH_KNOTS('',2,(#6736,#6737,#6738),
  .UNSPECIFIED.,.F.,.F.,(3,3),(0.,1.),.PIECEWISE_BEZIER_KNOTS.);
#6736 = CARTESIAN_POINT('',(16.060249077011,-2.214042431491,2.));
#6737 = CARTESIAN_POINT('',(16.257872705528,-2.020708751495,2.));
#6738 = CARTESIAN_POINT('',(16.644540065519,-2.020708751495,2.));
#6739 = VECTOR('',#6740,1.);
#6740 = DIRECTION('',(-0.,-0.,-1.));
#6741 = ADVANCED_FACE('',(#6742),#6760,.T.);
#6742 = FACE_BOUND('',#6743,.T.);
#6743 = EDGE_LOOP('',(#6744,#6752,#6758,#6759));
#6744 = ORIENTED_EDGE('',*,*,#6745,.T.);
#6745 = EDGE_CURVE('',#1622,#6746,#6748,.T.);
#6746 = VERTEX_POINT('',#6747);
#6747 = CARTESIAN_POINT('',(20.15,-2.811489262129,2.6));
#6748 = LINE('',#6749,#6750);
#6749 = CARTESIAN_POINT('',(20.15,-2.811489262129,2.));
#6750 = VECTOR('',#6751,1.);
#6751 = DIRECTION('',(0.,0.,1.));
#6752 = ORIENTED_EDGE('',*,*,#6753,.T.);
#6753 = EDGE_CURVE('',#6746,#6694,#6754,.T.);
#6754 = LINE('',#6755,#6756);
#6755 = CARTESIAN_POINT('',(20.15,-2.811489262129,2.6));
#6756 = VECTOR('',#6757,1.);
#6757 = DIRECTION('',(-1.,0.,0.));
#6758 = ORIENTED_EDGE('',*,*,#6693,.F.);
#6759 = ORIENTED_EDGE('',*,*,#1629,.F.);
#6760 = PLANE('',#6761);
#6761 = AXIS2_PLACEMENT_3D('',#6762,#6763,#6764);
#6762 = CARTESIAN_POINT('',(20.15,-2.811489262129,2.));
#6763 = DIRECTION('',(-2.2E-16,-1.,0.));
#6764 = DIRECTION('',(-1.,2.2E-16,0.));
#6765 = ADVANCED_FACE('',(#6766),#6784,.T.);
#6766 = FACE_BOUND('',#6767,.T.);
#6767 = EDGE_LOOP('',(#6768,#6769,#6777,#6783));
#6768 = ORIENTED_EDGE('',*,*,#6728,.T.);
#6769 = ORIENTED_EDGE('',*,*,#6770,.T.);
#6770 = EDGE_CURVE('',#6721,#6771,#6773,.T.);
#6771 = VERTEX_POINT('',#6772);
#6772 = CARTESIAN_POINT('',(16.007625708491,-1.937483750195,2.6));
#6773 = B_SPLINE_CURVE_WITH_KNOTS('',2,(#6774,#6775,#6776),
  .UNSPECIFIED.,.F.,.F.,(3,3),(0.,1.),.PIECEWISE_BEZIER_KNOTS.);
#6774 = CARTESIAN_POINT('',(16.468652176174,-2.108509697884,2.6));
#6775 = CARTESIAN_POINT('',(16.15233997192,-2.117375591493,2.6));
#6776 = CARTESIAN_POINT('',(16.007625708491,-1.937483750195,2.6));
#6777 = ORIENTED_EDGE('',*,*,#6778,.F.);
#6778 = EDGE_CURVE('',#1510,#6771,#6779,.T.);
#6779 = LINE('',#6780,#6781);
#6780 = CARTESIAN_POINT('',(16.007625708491,-1.937483750195,2.));
#6781 = VECTOR('',#6782,1.);
#6782 = DIRECTION('',(0.,0.,1.));
#6783 = ORIENTED_EDGE('',*,*,#1509,.F.);
#6784 = SURFACE_OF_LINEAR_EXTRUSION('',#6785,#6789);
#6785 = B_SPLINE_CURVE_WITH_KNOTS('',2,(#6786,#6787,#6788),
  .UNSPECIFIED.,.F.,.F.,(3,3),(0.,1.),.PIECEWISE_BEZIER_KNOTS.);
#6786 = CARTESIAN_POINT('',(16.468652176174,-2.108509697884,2.));
#6787 = CARTESIAN_POINT('',(16.15233997192,-2.117375591493,2.));
#6788 = CARTESIAN_POINT('',(16.007625708491,-1.937483750195,2.));
#6789 = VECTOR('',#6790,1.);
#6790 = DIRECTION('',(-0.,-0.,-1.));
#6791 = ADVANCED_FACE('',(#6792),#6810,.T.);
#6792 = FACE_BOUND('',#6793,.T.);
#6793 = EDGE_LOOP('',(#6794,#6802,#6808,#6809));
#6794 = ORIENTED_EDGE('',*,*,#6795,.T.);
#6795 = EDGE_CURVE('',#1614,#6796,#6798,.T.);
#6796 = VERTEX_POINT('',#6797);
#6797 = CARTESIAN_POINT('',(20.15,-2.020708751495,2.6));
#6798 = LINE('',#6799,#6800);
#6799 = CARTESIAN_POINT('',(20.15,-2.020708751495,2.));
#6800 = VECTOR('',#6801,1.);
#6801 = DIRECTION('',(0.,0.,1.));
#6802 = ORIENTED_EDGE('',*,*,#6803,.T.);
#6803 = EDGE_CURVE('',#6796,#6746,#6804,.T.);
#6804 = LINE('',#6805,#6806);
#6805 = CARTESIAN_POINT('',(20.15,-2.020708751495,2.6));
#6806 = VECTOR('',#6807,1.);
#6807 = DIRECTION('',(0.,-1.,0.));
#6808 = ORIENTED_EDGE('',*,*,#6745,.F.);
#6809 = ORIENTED_EDGE('',*,*,#1621,.F.);
#6810 = PLANE('',#6811);
#6811 = AXIS2_PLACEMENT_3D('',#6812,#6813,#6814);
#6812 = CARTESIAN_POINT('',(20.15,-2.020708751495,2.));
#6813 = DIRECTION('',(1.,-2.2E-16,0.));
#6814 = DIRECTION('',(-2.2E-16,-1.,0.));
#6815 = ADVANCED_FACE('',(#6816),#6834,.T.);
#6816 = FACE_BOUND('',#6817,.T.);
#6817 = EDGE_LOOP('',(#6818,#6819,#6827,#6833));
#6818 = ORIENTED_EDGE('',*,*,#6778,.T.);
#6819 = ORIENTED_EDGE('',*,*,#6820,.T.);
#6820 = EDGE_CURVE('',#6771,#6821,#6823,.T.);
#6821 = VERTEX_POINT('',#6822);
#6822 = CARTESIAN_POINT('',(15.862625448495,-1.476171285945,2.6));
#6823 = B_SPLINE_CURVE_WITH_KNOTS('',2,(#6824,#6825,#6826),
  .UNSPECIFIED.,.F.,.F.,(3,3),(0.,1.),.PIECEWISE_BEZIER_KNOTS.);
#6824 = CARTESIAN_POINT('',(16.007625708491,-1.937483750195,2.6));
#6825 = CARTESIAN_POINT('',(15.862625448495,-1.757305912329,2.6));
#6826 = CARTESIAN_POINT('',(15.862625448495,-1.476171285945,2.6));
#6827 = ORIENTED_EDGE('',*,*,#6828,.F.);
#6828 = EDGE_CURVE('',#1518,#6821,#6829,.T.);
#6829 = LINE('',#6830,#6831);
#6830 = CARTESIAN_POINT('',(15.862625448495,-1.476171285945,2.));
#6831 = VECTOR('',#6832,1.);
#6832 = DIRECTION('',(0.,0.,1.));
#6833 = ORIENTED_EDGE('',*,*,#1517,.F.);
#6834 = SURFACE_OF_LINEAR_EXTRUSION('',#6835,#6839);
#6835 = B_SPLINE_CURVE_WITH_KNOTS('',2,(#6836,#6837,#6838),
  .UNSPECIFIED.,.F.,.F.,(3,3),(0.,1.),.PIECEWISE_BEZIER_KNOTS.);
#6836 = CARTESIAN_POINT('',(16.007625708491,-1.937483750195,2.));
#6837 = CARTESIAN_POINT('',(15.862625448495,-1.757305912329,2.));
#6838 = CARTESIAN_POINT('',(15.862625448495,-1.476171285945,2.));
#6839 = VECTOR('',#6840,1.);
#6840 = DIRECTION('',(-0.,-0.,-1.));
#6841 = ADVANCED_FACE('',(#6842),#6860,.T.);
#6842 = FACE_BOUND('',#6843,.T.);
#6843 = EDGE_LOOP('',(#6844,#6852,#6858,#6859));
#6844 = ORIENTED_EDGE('',*,*,#6845,.T.);
#6845 = EDGE_CURVE('',#1606,#6846,#6848,.T.);
#6846 = VERTEX_POINT('',#6847);
#6847 = CARTESIAN_POINT('',(16.811276064687,-2.020708751495,2.6));
#6848 = LINE('',#6849,#6850);
#6849 = CARTESIAN_POINT('',(16.811276064687,-2.020708751495,2.));
#6850 = VECTOR('',#6851,1.);
#6851 = DIRECTION('',(0.,0.,1.));
#6852 = ORIENTED_EDGE('',*,*,#6853,.T.);
#6853 = EDGE_CURVE('',#6846,#6796,#6854,.T.);
#6854 = LINE('',#6855,#6856);
#6855 = CARTESIAN_POINT('',(16.644540065519,-2.020708751495,2.6));
#6856 = VECTOR('',#6857,1.);
#6857 = DIRECTION('',(1.,-2.2E-16,0.));
#6858 = ORIENTED_EDGE('',*,*,#6795,.F.);
#6859 = ORIENTED_EDGE('',*,*,#1613,.F.);
#6860 = PLANE('',#6861);
#6861 = AXIS2_PLACEMENT_3D('',#6862,#6863,#6864);
#6862 = CARTESIAN_POINT('',(18.480638032344,-2.020708751495,2.3));
#6863 = DIRECTION('',(2.8E-16,1.,0.));
#6864 = DIRECTION('',(1.,-2.8E-16,0.));
#6865 = ADVANCED_FACE('',(#6866),#6884,.T.);
#6866 = FACE_BOUND('',#6867,.T.);
#6867 = EDGE_LOOP('',(#6868,#6869,#6877,#6883));
#6868 = ORIENTED_EDGE('',*,*,#6828,.T.);
#6869 = ORIENTED_EDGE('',*,*,#6870,.T.);
#6870 = EDGE_CURVE('',#6821,#6871,#6873,.T.);
#6871 = VERTEX_POINT('',#6872);
#6872 = CARTESIAN_POINT('',(15.862625448495,-1.168438978732,2.6));
#6873 = LINE('',#6874,#6875);
#6874 = CARTESIAN_POINT('',(15.862625448495,-1.476171285945,2.6));
#6875 = VECTOR('',#6876,1.);
#6876 = DIRECTION('',(0.,1.,0.));
#6877 = ORIENTED_EDGE('',*,*,#6878,.F.);
#6878 = EDGE_CURVE('',#1526,#6871,#6879,.T.);
#6879 = LINE('',#6880,#6881);
#6880 = CARTESIAN_POINT('',(15.862625448495,-1.168438978732,2.));
#6881 = VECTOR('',#6882,1.);
#6882 = DIRECTION('',(0.,0.,1.));
#6883 = ORIENTED_EDGE('',*,*,#1525,.F.);
#6884 = PLANE('',#6885);
#6885 = AXIS2_PLACEMENT_3D('',#6886,#6887,#6888);
#6886 = CARTESIAN_POINT('',(15.862625448495,-1.476171285945,2.));
#6887 = DIRECTION('',(-1.,2.2E-16,0.));
#6888 = DIRECTION('',(2.2E-16,1.,0.));
#6889 = ADVANCED_FACE('',(#6890),#6908,.T.);
#6890 = FACE_BOUND('',#6891,.T.);
#6891 = EDGE_LOOP('',(#6892,#6900,#6906,#6907));
#6892 = ORIENTED_EDGE('',*,*,#6893,.T.);
#6893 = EDGE_CURVE('',#1598,#6894,#6896,.T.);
#6894 = VERTEX_POINT('',#6895);
#6895 = CARTESIAN_POINT('',(16.574184909781,-1.950639592325,2.6));
#6896 = LINE('',#6897,#6898);
#6897 = CARTESIAN_POINT('',(16.574184909781,-1.950639592325,2.));
#6898 = VECTOR('',#6899,1.);
#6899 = DIRECTION('',(0.,0.,1.));
#6900 = ORIENTED_EDGE('',*,*,#6901,.T.);
#6901 = EDGE_CURVE('',#6894,#6846,#6902,.T.);
#6902 = B_SPLINE_CURVE_WITH_KNOTS('',2,(#6903,#6904,#6905),
  .UNSPECIFIED.,.F.,.F.,(3,3),(0.,1.),.PIECEWISE_BEZIER_KNOTS.);
#6903 = CARTESIAN_POINT('',(16.574184909781,-1.950639592325,2.6));
#6904 = CARTESIAN_POINT('',(16.644540065519,-2.020708751495,2.6));
#6905 = CARTESIAN_POINT('',(16.811276064687,-2.020708751495,2.6));
#6906 = ORIENTED_EDGE('',*,*,#6845,.F.);
#6907 = ORIENTED_EDGE('',*,*,#1605,.F.);
#6908 = SURFACE_OF_LINEAR_EXTRUSION('',#6909,#6913);
#6909 = B_SPLINE_CURVE_WITH_KNOTS('',2,(#6910,#6911,#6912),
  .UNSPECIFIED.,.F.,.F.,(3,3),(0.,1.),.PIECEWISE_BEZIER_KNOTS.);
#6910 = CARTESIAN_POINT('',(16.574184909781,-1.950639592325,2.));
#6911 = CARTESIAN_POINT('',(16.644540065519,-2.020708751495,2.));
#6912 = CARTESIAN_POINT('',(16.811276064687,-2.020708751495,2.));
#6913 = VECTOR('',#6914,1.);
#6914 = DIRECTION('',(-0.,-0.,-1.));
#6915 = ADVANCED_FACE('',(#6916),#6934,.T.);
#6916 = FACE_BOUND('',#6917,.T.);
#6917 = EDGE_LOOP('',(#6918,#6919,#6927,#6933));
#6918 = ORIENTED_EDGE('',*,*,#6878,.T.);
#6919 = ORIENTED_EDGE('',*,*,#6920,.T.);
#6920 = EDGE_CURVE('',#6871,#6921,#6923,.T.);
#6921 = VERTEX_POINT('',#6922);
#6922 = CARTESIAN_POINT('',(16.060249077011,-0.562412251053,2.6));
#6923 = B_SPLINE_CURVE_WITH_KNOTS('',2,(#6924,#6925,#6926),
  .UNSPECIFIED.,.F.,.F.,(3,3),(0.,1.),.PIECEWISE_BEZIER_KNOTS.);
#6924 = CARTESIAN_POINT('',(15.862625448495,-1.168438978732,2.6));
#6925 = CARTESIAN_POINT('',(15.862625448495,-0.755459934481,2.6));
#6926 = CARTESIAN_POINT('',(16.060249077011,-0.562412251053,2.6));
#6927 = ORIENTED_EDGE('',*,*,#6928,.F.);
#6928 = EDGE_CURVE('',#1534,#6921,#6929,.T.);
#6929 = LINE('',#6930,#6931);
#6930 = CARTESIAN_POINT('',(16.060249077011,-0.562412251053,2.));
#6931 = VECTOR('',#6932,1.);
#6932 = DIRECTION('',(0.,0.,1.));
#6933 = ORIENTED_EDGE('',*,*,#1533,.F.);
#6934 = SURFACE_OF_LINEAR_EXTRUSION('',#6935,#6939);
#6935 = B_SPLINE_CURVE_WITH_KNOTS('',2,(#6936,#6937,#6938),
  .UNSPECIFIED.,.F.,.F.,(3,3),(0.,1.),.PIECEWISE_BEZIER_KNOTS.);
#6936 = CARTESIAN_POINT('',(15.862625448495,-1.168438978732,2.));
#6937 = CARTESIAN_POINT('',(15.862625448495,-0.755459934481,2.));
#6938 = CARTESIAN_POINT('',(16.060249077011,-0.562412251053,2.));
#6939 = VECTOR('',#6940,1.);
#6940 = DIRECTION('',(-0.,-0.,-1.));
#6941 = ADVANCED_FACE('',(#6942),#6960,.T.);
#6942 = FACE_BOUND('',#6943,.T.);
#6943 = EDGE_LOOP('',(#6944,#6952,#6958,#6959));
#6944 = ORIENTED_EDGE('',*,*,#6945,.T.);
#6945 = EDGE_CURVE('',#1590,#6946,#6948,.T.);
#6946 = VERTEX_POINT('',#6947);
#6947 = CARTESIAN_POINT('',(16.503829754043,-1.73957412511,2.6));
#6948 = LINE('',#6949,#6950);
#6949 = CARTESIAN_POINT('',(16.503829754043,-1.73957412511,2.));
#6950 = VECTOR('',#6951,1.);
#6951 = DIRECTION('',(0.,0.,1.));
#6952 = ORIENTED_EDGE('',*,*,#6953,.T.);
#6953 = EDGE_CURVE('',#6946,#6894,#6954,.T.);
#6954 = B_SPLINE_CURVE_WITH_KNOTS('',2,(#6955,#6956,#6957),
  .UNSPECIFIED.,.F.,.F.,(3,3),(0.,1.),.PIECEWISE_BEZIER_KNOTS.);
#6955 = CARTESIAN_POINT('',(16.503829754043,-1.73957412511,2.6));
#6956 = CARTESIAN_POINT('',(16.503829754043,-1.880284436587,2.6));
#6957 = CARTESIAN_POINT('',(16.574184909781,-1.950639592325,2.6));
#6958 = ORIENTED_EDGE('',*,*,#6893,.F.);
#6959 = ORIENTED_EDGE('',*,*,#1597,.F.);
#6960 = SURFACE_OF_LINEAR_EXTRUSION('',#6961,#6965);
#6961 = B_SPLINE_CURVE_WITH_KNOTS('',2,(#6962,#6963,#6964),
  .UNSPECIFIED.,.F.,.F.,(3,3),(0.,1.),.PIECEWISE_BEZIER_KNOTS.);
#6962 = CARTESIAN_POINT('',(16.503829754043,-1.73957412511,2.));
#6963 = CARTESIAN_POINT('',(16.503829754043,-1.880284436587,2.));
#6964 = CARTESIAN_POINT('',(16.574184909781,-1.950639592325,2.));
#6965 = VECTOR('',#6966,1.);
#6966 = DIRECTION('',(-0.,-0.,-1.));
#6967 = ADVANCED_FACE('',(#6968),#6986,.T.);
#6968 = FACE_BOUND('',#6969,.T.);
#6969 = EDGE_LOOP('',(#6970,#6971,#6979,#6985));
#6970 = ORIENTED_EDGE('',*,*,#6928,.T.);
#6971 = ORIENTED_EDGE('',*,*,#6972,.T.);
#6972 = EDGE_CURVE('',#6921,#6973,#6975,.T.);
#6973 = VERTEX_POINT('',#6974);
#6974 = CARTESIAN_POINT('',(16.644540065519,-0.369078571057,2.6));
#6975 = B_SPLINE_CURVE_WITH_KNOTS('',2,(#6976,#6977,#6978),
  .UNSPECIFIED.,.F.,.F.,(3,3),(0.,1.),.PIECEWISE_BEZIER_KNOTS.);
#6976 = CARTESIAN_POINT('',(16.060249077011,-0.562412251053,2.6));
#6977 = CARTESIAN_POINT('',(16.257872705528,-0.369078571057,2.6));
#6978 = CARTESIAN_POINT('',(16.644540065519,-0.369078571057,2.6));
#6979 = ORIENTED_EDGE('',*,*,#6980,.F.);
#6980 = EDGE_CURVE('',#1542,#6973,#6981,.T.);
#6981 = LINE('',#6982,#6983);
#6982 = CARTESIAN_POINT('',(16.644540065519,-0.369078571057,2.));
#6983 = VECTOR('',#6984,1.);
#6984 = DIRECTION('',(0.,0.,1.));
#6985 = ORIENTED_EDGE('',*,*,#1541,.F.);
#6986 = SURFACE_OF_LINEAR_EXTRUSION('',#6987,#6991);
#6987 = B_SPLINE_CURVE_WITH_KNOTS('',2,(#6988,#6989,#6990),
  .UNSPECIFIED.,.F.,.F.,(3,3),(0.,1.),.PIECEWISE_BEZIER_KNOTS.);
#6988 = CARTESIAN_POINT('',(16.060249077011,-0.562412251053,2.));
#6989 = CARTESIAN_POINT('',(16.257872705528,-0.369078571057,2.));
#6990 = CARTESIAN_POINT('',(16.644540065519,-0.369078571057,2.));
#6991 = VECTOR('',#6992,1.);
#6992 = DIRECTION('',(-0.,-0.,-1.));
#6993 = ADVANCED_FACE('',(#6994),#7012,.T.);
#6994 = FACE_BOUND('',#6995,.T.);
#6995 = EDGE_LOOP('',(#6996,#7004,#7010,#7011));
#6996 = ORIENTED_EDGE('',*,*,#6997,.T.);
#6997 = EDGE_CURVE('',#1582,#6998,#7000,.T.);
#6998 = VERTEX_POINT('',#6999);
#6999 = CARTESIAN_POINT('',(16.503829754043,-1.423261920857,2.6));
#7000 = LINE('',#7001,#7002);
#7001 = CARTESIAN_POINT('',(16.503829754043,-1.423261920857,2.));
#7002 = VECTOR('',#7003,1.);
#7003 = DIRECTION('',(0.,0.,1.));
#7004 = ORIENTED_EDGE('',*,*,#7005,.T.);
#7005 = EDGE_CURVE('',#6998,#6946,#7006,.T.);
#7006 = LINE('',#7007,#7008);
#7007 = CARTESIAN_POINT('',(16.503829754043,-1.423261920857,2.6));
#7008 = VECTOR('',#7009,1.);
#7009 = DIRECTION('',(0.,-1.,0.));
#7010 = ORIENTED_EDGE('',*,*,#6945,.F.);
#7011 = ORIENTED_EDGE('',*,*,#1589,.F.);
#7012 = PLANE('',#7013);
#7013 = AXIS2_PLACEMENT_3D('',#7014,#7015,#7016);
#7014 = CARTESIAN_POINT('',(16.503829754043,-1.423261920857,2.));
#7015 = DIRECTION('',(1.,-2.2E-16,0.));
#7016 = DIRECTION('',(-2.2E-16,-1.,0.));
#7017 = ADVANCED_FACE('',(#7018),#7036,.T.);
#7018 = FACE_BOUND('',#7019,.T.);
#7019 = EDGE_LOOP('',(#7020,#7021,#7029,#7035));
#7020 = ORIENTED_EDGE('',*,*,#6980,.T.);
#7021 = ORIENTED_EDGE('',*,*,#7022,.T.);
#7022 = EDGE_CURVE('',#6973,#7023,#7025,.T.);
#7023 = VERTEX_POINT('',#7024);
#7024 = CARTESIAN_POINT('',(20.15,-0.369078571057,2.6));
#7025 = LINE('',#7026,#7027);
#7026 = CARTESIAN_POINT('',(16.644540065519,-0.369078571057,2.6));
#7027 = VECTOR('',#7028,1.);
#7028 = DIRECTION('',(1.,0.,0.));
#7029 = ORIENTED_EDGE('',*,*,#7030,.F.);
#7030 = EDGE_CURVE('',#1550,#7023,#7031,.T.);
#7031 = LINE('',#7032,#7033);
#7032 = CARTESIAN_POINT('',(20.15,-0.369078571057,2.));
#7033 = VECTOR('',#7034,1.);
#7034 = DIRECTION('',(0.,0.,1.));
#7035 = ORIENTED_EDGE('',*,*,#1549,.F.);
#7036 = PLANE('',#7037);
#7037 = AXIS2_PLACEMENT_3D('',#7038,#7039,#7040);
#7038 = CARTESIAN_POINT('',(16.644540065519,-0.369078571057,2.));
#7039 = DIRECTION('',(2.2E-16,1.,0.));
#7040 = DIRECTION('',(1.,-2.2E-16,0.));
#7041 = ADVANCED_FACE('',(#7042),#7060,.T.);
#7042 = FACE_BOUND('',#7043,.T.);
#7043 = EDGE_LOOP('',(#7044,#7052,#7058,#7059));
#7044 = ORIENTED_EDGE('',*,*,#7045,.T.);
#7045 = EDGE_CURVE('',#1574,#7046,#7048,.T.);
#7046 = VERTEX_POINT('',#7047);
#7047 = CARTESIAN_POINT('',(16.552163174042,-1.216772398731,2.6));
#7048 = LINE('',#7049,#7050);
#7049 = CARTESIAN_POINT('',(16.552163174042,-1.216772398731,2.));
#7050 = VECTOR('',#7051,1.);
#7051 = DIRECTION('',(0.,0.,1.));
#7052 = ORIENTED_EDGE('',*,*,#7053,.T.);
#7053 = EDGE_CURVE('',#7046,#6998,#7054,.T.);
#7054 = B_SPLINE_CURVE_WITH_KNOTS('',2,(#7055,#7056,#7057),
  .UNSPECIFIED.,.F.,.F.,(3,3),(0.,1.),.PIECEWISE_BEZIER_KNOTS.);
#7055 = CARTESIAN_POINT('',(16.552163174042,-1.216772398731,2.6));
#7056 = CARTESIAN_POINT('',(16.503829754043,-1.26510581873,2.6));
#7057 = CARTESIAN_POINT('',(16.503829754043,-1.423261920857,2.6));
#7058 = ORIENTED_EDGE('',*,*,#6997,.F.);
#7059 = ORIENTED_EDGE('',*,*,#1581,.F.);
#7060 = SURFACE_OF_LINEAR_EXTRUSION('',#7061,#7065);
#7061 = B_SPLINE_CURVE_WITH_KNOTS('',2,(#7062,#7063,#7064),
  .UNSPECIFIED.,.F.,.F.,(3,3),(0.,1.),.PIECEWISE_BEZIER_KNOTS.);
#7062 = CARTESIAN_POINT('',(16.552163174042,-1.216772398731,2.));
#7063 = CARTESIAN_POINT('',(16.503829754043,-1.26510581873,2.));
#7064 = CARTESIAN_POINT('',(16.503829754043,-1.423261920857,2.));
#7065 = VECTOR('',#7066,1.);
#7066 = DIRECTION('',(-0.,-0.,-1.));
#7067 = ADVANCED_FACE('',(#7068),#7086,.T.);
#7068 = FACE_BOUND('',#7069,.T.);
#7069 = EDGE_LOOP('',(#7070,#7071,#7079,#7085));
#7070 = ORIENTED_EDGE('',*,*,#7030,.T.);
#7071 = ORIENTED_EDGE('',*,*,#7072,.T.);
#7072 = EDGE_CURVE('',#7023,#7073,#7075,.T.);
#7073 = VERTEX_POINT('',#7074);
#7074 = CARTESIAN_POINT('',(20.15,-1.168438978732,2.6));
#7075 = LINE('',#7076,#7077);
#7076 = CARTESIAN_POINT('',(20.15,-0.369078571057,2.6));
#7077 = VECTOR('',#7078,1.);
#7078 = DIRECTION('',(0.,-1.,0.));
#7079 = ORIENTED_EDGE('',*,*,#7080,.F.);
#7080 = EDGE_CURVE('',#1558,#7073,#7081,.T.);
#7081 = LINE('',#7082,#7083);
#7082 = CARTESIAN_POINT('',(20.15,-1.168438978732,2.));
#7083 = VECTOR('',#7084,1.);
#7084 = DIRECTION('',(0.,0.,1.));
#7085 = ORIENTED_EDGE('',*,*,#1557,.F.);
#7086 = PLANE('',#7087);
#7087 = AXIS2_PLACEMENT_3D('',#7088,#7089,#7090);
#7088 = CARTESIAN_POINT('',(20.15,-0.369078571057,2.));
#7089 = DIRECTION('',(1.,-2.2E-16,0.));
#7090 = DIRECTION('',(-2.2E-16,-1.,0.));
#7091 = ADVANCED_FACE('',(#7092),#7110,.T.);
#7092 = FACE_BOUND('',#7093,.T.);
#7093 = EDGE_LOOP('',(#7094,#7102,#7108,#7109));
#7094 = ORIENTED_EDGE('',*,*,#7095,.T.);
#7095 = EDGE_CURVE('',#1566,#7096,#7098,.T.);
#7096 = VERTEX_POINT('',#7097);
#7097 = CARTESIAN_POINT('',(16.758652696168,-1.168438978732,2.6));
#7098 = LINE('',#7099,#7100);
#7099 = CARTESIAN_POINT('',(16.758652696168,-1.168438978732,2.));
#7100 = VECTOR('',#7101,1.);
#7101 = DIRECTION('',(0.,0.,1.));
#7102 = ORIENTED_EDGE('',*,*,#7103,.T.);
#7103 = EDGE_CURVE('',#7096,#7046,#7104,.T.);
#7104 = B_SPLINE_CURVE_WITH_KNOTS('',2,(#7105,#7106,#7107),
  .UNSPECIFIED.,.F.,.F.,(3,3),(0.,1.),.PIECEWISE_BEZIER_KNOTS.);
#7105 = CARTESIAN_POINT('',(16.758652696168,-1.168438978732,2.6));
#7106 = CARTESIAN_POINT('',(16.600496594041,-1.168438978732,2.6));
#7107 = CARTESIAN_POINT('',(16.552163174042,-1.216772398731,2.6));
#7108 = ORIENTED_EDGE('',*,*,#7045,.F.);
#7109 = ORIENTED_EDGE('',*,*,#1573,.F.);
#7110 = SURFACE_OF_LINEAR_EXTRUSION('',#7111,#7115);
#7111 = B_SPLINE_CURVE_WITH_KNOTS('',2,(#7112,#7113,#7114),
  .UNSPECIFIED.,.F.,.F.,(3,3),(0.,1.),.PIECEWISE_BEZIER_KNOTS.);
#7112 = CARTESIAN_POINT('',(16.758652696168,-1.168438978732,2.));
#7113 = CARTESIAN_POINT('',(16.600496594041,-1.168438978732,2.));
#7114 = CARTESIAN_POINT('',(16.552163174042,-1.216772398731,2.));
#7115 = VECTOR('',#7116,1.);
#7116 = DIRECTION('',(-0.,-0.,-1.));
#7117 = ADVANCED_FACE('',(#7118),#7129,.T.);
#7118 = FACE_BOUND('',#7119,.T.);
#7119 = EDGE_LOOP('',(#7120,#7121,#7127,#7128));
#7120 = ORIENTED_EDGE('',*,*,#7080,.T.);
#7121 = ORIENTED_EDGE('',*,*,#7122,.T.);
#7122 = EDGE_CURVE('',#7073,#7096,#7123,.T.);
#7123 = LINE('',#7124,#7125);
#7124 = CARTESIAN_POINT('',(20.15,-1.168438978732,2.6));
#7125 = VECTOR('',#7126,1.);
#7126 = DIRECTION('',(-1.,0.,0.));
#7127 = ORIENTED_EDGE('',*,*,#7095,.F.);
#7128 = ORIENTED_EDGE('',*,*,#1565,.F.);
#7129 = PLANE('',#7130);
#7130 = AXIS2_PLACEMENT_3D('',#7131,#7132,#7133);
#7131 = CARTESIAN_POINT('',(20.15,-1.168438978732,2.));
#7132 = DIRECTION('',(-2.2E-16,-1.,0.));
#7133 = DIRECTION('',(-1.,2.2E-16,0.));
#7134 = ADVANCED_FACE('',(#7135),#7160,.T.);
#7135 = FACE_BOUND('',#7136,.T.);
#7136 = EDGE_LOOP('',(#7137,#7145,#7153,#7159));
#7137 = ORIENTED_EDGE('',*,*,#7138,.T.);
#7138 = EDGE_CURVE('',#1694,#7139,#7141,.T.);
#7139 = VERTEX_POINT('',#7140);
#7140 = CARTESIAN_POINT('',(31.976951276585,-1.594846861838,2.6));
#7141 = LINE('',#7142,#7143);
#7142 = CARTESIAN_POINT('',(31.976951276585,-1.594846861838,2.));
#7143 = VECTOR('',#7144,1.);
#7144 = DIRECTION('',(0.,0.,1.));
#7145 = ORIENTED_EDGE('',*,*,#7146,.T.);
#7146 = EDGE_CURVE('',#7139,#7147,#7149,.T.);
#7147 = VERTEX_POINT('',#7148);
#7148 = CARTESIAN_POINT('',(32.552376371484,-1.792470490354,2.6));
#7149 = B_SPLINE_CURVE_WITH_KNOTS('',2,(#7150,#7151,#7152),
  .UNSPECIFIED.,.F.,.F.,(3,3),(0.,1.),.PIECEWISE_BEZIER_KNOTS.);
#7150 = CARTESIAN_POINT('',(31.976951276585,-1.594846861838,2.6));
#7151 = CARTESIAN_POINT('',(32.354752742967,-1.594846861838,2.6));
#7152 = CARTESIAN_POINT('',(32.552376371484,-1.792470490354,2.6));
#7153 = ORIENTED_EDGE('',*,*,#7154,.F.);
#7154 = EDGE_CURVE('',#1696,#7147,#7155,.T.);
#7155 = LINE('',#7156,#7157);
#7156 = CARTESIAN_POINT('',(32.552376371484,-1.792470490354,2.));
#7157 = VECTOR('',#7158,1.);
#7158 = DIRECTION('',(0.,0.,1.));
#7159 = ORIENTED_EDGE('',*,*,#1693,.F.);
#7160 = SURFACE_OF_LINEAR_EXTRUSION('',#7161,#7165);
#7161 = B_SPLINE_CURVE_WITH_KNOTS('',2,(#7162,#7163,#7164),
  .UNSPECIFIED.,.F.,.F.,(3,3),(0.,1.),.PIECEWISE_BEZIER_KNOTS.);
#7162 = CARTESIAN_POINT('',(31.976951276585,-1.594846861838,2.));
#7163 = CARTESIAN_POINT('',(32.354752742967,-1.594846861838,2.));
#7164 = CARTESIAN_POINT('',(32.552376371484,-1.792470490354,2.));
#7165 = VECTOR('',#7166,1.);
#7166 = DIRECTION('',(-0.,-0.,-1.));
#7167 = ADVANCED_FACE('',(#7168),#7186,.T.);
#7168 = FACE_BOUND('',#7169,.T.);
#7169 = EDGE_LOOP('',(#7170,#7178,#7184,#7185));
#7170 = ORIENTED_EDGE('',*,*,#7171,.T.);
#7171 = EDGE_CURVE('',#1776,#7172,#7174,.T.);
#7172 = VERTEX_POINT('',#7173);
#7173 = CARTESIAN_POINT('',(28.023334719983,-1.594846861838,2.6));
#7174 = LINE('',#7175,#7176);
#7175 = CARTESIAN_POINT('',(28.023334719983,-1.594846861838,2.));
#7176 = VECTOR('',#7177,1.);
#7177 = DIRECTION('',(0.,0.,1.));
#7178 = ORIENTED_EDGE('',*,*,#7179,.T.);
#7179 = EDGE_CURVE('',#7172,#7139,#7180,.T.);
#7180 = LINE('',#7181,#7182);
#7181 = CARTESIAN_POINT('',(28.023334719983,-1.594846861838,2.6));
#7182 = VECTOR('',#7183,1.);
#7183 = DIRECTION('',(1.,0.,0.));
#7184 = ORIENTED_EDGE('',*,*,#7138,.F.);
#7185 = ORIENTED_EDGE('',*,*,#1783,.F.);
#7186 = PLANE('',#7187);
#7187 = AXIS2_PLACEMENT_3D('',#7188,#7189,#7190);
#7188 = CARTESIAN_POINT('',(28.023334719983,-1.594846861838,2.));
#7189 = DIRECTION('',(2.2E-16,1.,0.));
#7190 = DIRECTION('',(1.,-2.2E-16,0.));
#7191 = ADVANCED_FACE('',(#7192),#7210,.T.);
#7192 = FACE_BOUND('',#7193,.T.);
#7193 = EDGE_LOOP('',(#7194,#7195,#7203,#7209));
#7194 = ORIENTED_EDGE('',*,*,#7154,.T.);
#7195 = ORIENTED_EDGE('',*,*,#7196,.T.);
#7196 = EDGE_CURVE('',#7147,#7197,#7199,.T.);
#7197 = VERTEX_POINT('',#7198);
#7198 = CARTESIAN_POINT('',(32.75,-2.411939056731,2.6));
#7199 = B_SPLINE_CURVE_WITH_KNOTS('',2,(#7200,#7201,#7202),
  .UNSPECIFIED.,.F.,.F.,(3,3),(0.,1.),.PIECEWISE_BEZIER_KNOTS.);
#7200 = CARTESIAN_POINT('',(32.552376371484,-1.792470490354,2.6));
#7201 = CARTESIAN_POINT('',(32.75,-1.990094118871,2.6));
#7202 = CARTESIAN_POINT('',(32.75,-2.411939056731,2.6));
#7203 = ORIENTED_EDGE('',*,*,#7204,.F.);
#7204 = EDGE_CURVE('',#1704,#7197,#7205,.T.);
#7205 = LINE('',#7206,#7207);
#7206 = CARTESIAN_POINT('',(32.75,-2.411939056731,2.));
#7207 = VECTOR('',#7208,1.);
#7208 = DIRECTION('',(0.,0.,1.));
#7209 = ORIENTED_EDGE('',*,*,#1703,.F.);
#7210 = SURFACE_OF_LINEAR_EXTRUSION('',#7211,#7215);
#7211 = B_SPLINE_CURVE_WITH_KNOTS('',2,(#7212,#7213,#7214),
  .UNSPECIFIED.,.F.,.F.,(3,3),(0.,1.),.PIECEWISE_BEZIER_KNOTS.);
#7212 = CARTESIAN_POINT('',(32.552376371484,-1.792470490354,2.));
#7213 = CARTESIAN_POINT('',(32.75,-1.990094118871,2.));
#7214 = CARTESIAN_POINT('',(32.75,-2.411939056731,2.));
#7215 = VECTOR('',#7216,1.);
#7216 = DIRECTION('',(-0.,-0.,-1.));
#7217 = ADVANCED_FACE('',(#7218),#7236,.T.);
#7218 = FACE_BOUND('',#7219,.T.);
#7219 = EDGE_LOOP('',(#7220,#7228,#7234,#7235));
#7220 = ORIENTED_EDGE('',*,*,#7221,.T.);
#7221 = EDGE_CURVE('',#1768,#7222,#7224,.T.);
#7222 = VERTEX_POINT('',#7223);
#7223 = CARTESIAN_POINT('',(27.447909625084,-1.792470490354,2.6));
#7224 = LINE('',#7225,#7226);
#7225 = CARTESIAN_POINT('',(27.447909625084,-1.792470490354,2.));
#7226 = VECTOR('',#7227,1.);
#7227 = DIRECTION('',(0.,0.,1.));
#7228 = ORIENTED_EDGE('',*,*,#7229,.T.);
#7229 = EDGE_CURVE('',#7222,#7172,#7230,.T.);
#7230 = B_SPLINE_CURVE_WITH_KNOTS('',2,(#7231,#7232,#7233),
  .UNSPECIFIED.,.F.,.F.,(3,3),(0.,1.),.PIECEWISE_BEZIER_KNOTS.);
#7231 = CARTESIAN_POINT('',(27.447909625084,-1.792470490354,2.6));
#7232 = CARTESIAN_POINT('',(27.645533253601,-1.594846861838,2.6));
#7233 = CARTESIAN_POINT('',(28.023334719983,-1.594846861838,2.6));
#7234 = ORIENTED_EDGE('',*,*,#7171,.F.);
#7235 = ORIENTED_EDGE('',*,*,#1775,.F.);
#7236 = SURFACE_OF_LINEAR_EXTRUSION('',#7237,#7241);
#7237 = B_SPLINE_CURVE_WITH_KNOTS('',2,(#7238,#7239,#7240),
  .UNSPECIFIED.,.F.,.F.,(3,3),(0.,1.),.PIECEWISE_BEZIER_KNOTS.);
#7238 = CARTESIAN_POINT('',(27.447909625084,-1.792470490354,2.));
#7239 = CARTESIAN_POINT('',(27.645533253601,-1.594846861838,2.));
#7240 = CARTESIAN_POINT('',(28.023334719983,-1.594846861838,2.));
#7241 = VECTOR('',#7242,1.);
#7242 = DIRECTION('',(-0.,-0.,-1.));
#7243 = ADVANCED_FACE('',(#7244),#7262,.T.);
#7244 = FACE_BOUND('',#7245,.T.);
#7245 = EDGE_LOOP('',(#7246,#7247,#7255,#7261));
#7246 = ORIENTED_EDGE('',*,*,#7204,.T.);
#7247 = ORIENTED_EDGE('',*,*,#7248,.T.);
#7248 = EDGE_CURVE('',#7197,#7249,#7251,.T.);
#7249 = VERTEX_POINT('',#7250);
#7250 = CARTESIAN_POINT('',(32.75,-3.369455566533,2.6));
#7251 = LINE('',#7252,#7253);
#7252 = CARTESIAN_POINT('',(32.75,-2.411939056731,2.6));
#7253 = VECTOR('',#7254,1.);
#7254 = DIRECTION('',(0.,-1.,0.));
#7255 = ORIENTED_EDGE('',*,*,#7256,.F.);
#7256 = EDGE_CURVE('',#1712,#7249,#7257,.T.);
#7257 = LINE('',#7258,#7259);
#7258 = CARTESIAN_POINT('',(32.75,-3.369455566533,2.));
#7259 = VECTOR('',#7260,1.);
#7260 = DIRECTION('',(0.,0.,1.));
#7261 = ORIENTED_EDGE('',*,*,#1711,.F.);
#7262 = PLANE('',#7263);
#7263 = AXIS2_PLACEMENT_3D('',#7264,#7265,#7266);
#7264 = CARTESIAN_POINT('',(32.75,-2.411939056731,2.));
#7265 = DIRECTION('',(1.,-2.2E-16,0.));
#7266 = DIRECTION('',(-2.2E-16,-1.,0.));
#7267 = ADVANCED_FACE('',(#7268),#7286,.T.);
#7268 = FACE_BOUND('',#7269,.T.);
#7269 = EDGE_LOOP('',(#7270,#7278,#7284,#7285));
#7270 = ORIENTED_EDGE('',*,*,#7271,.T.);
#7271 = EDGE_CURVE('',#1760,#7272,#7274,.T.);
#7272 = VERTEX_POINT('',#7273);
#7273 = CARTESIAN_POINT('',(27.25,-2.411939056731,2.6));
#7274 = LINE('',#7275,#7276);
#7275 = CARTESIAN_POINT('',(27.25,-2.411939056731,2.));
#7276 = VECTOR('',#7277,1.);
#7277 = DIRECTION('',(0.,0.,1.));
#7278 = ORIENTED_EDGE('',*,*,#7279,.T.);
#7279 = EDGE_CURVE('',#7272,#7222,#7280,.T.);
#7280 = B_SPLINE_CURVE_WITH_KNOTS('',2,(#7281,#7282,#7283),
  .UNSPECIFIED.,.F.,.F.,(3,3),(0.,1.),.PIECEWISE_BEZIER_KNOTS.);
#7281 = CARTESIAN_POINT('',(27.25,-2.411939056731,2.6));
#7282 = CARTESIAN_POINT('',(27.25,-1.990094118871,2.6));
#7283 = CARTESIAN_POINT('',(27.447909625084,-1.792470490354,2.6));
#7284 = ORIENTED_EDGE('',*,*,#7221,.F.);
#7285 = ORIENTED_EDGE('',*,*,#1767,.F.);
#7286 = SURFACE_OF_LINEAR_EXTRUSION('',#7287,#7291);
#7287 = B_SPLINE_CURVE_WITH_KNOTS('',2,(#7288,#7289,#7290),
  .UNSPECIFIED.,.F.,.F.,(3,3),(0.,1.),.PIECEWISE_BEZIER_KNOTS.);
#7288 = CARTESIAN_POINT('',(27.25,-2.411939056731,2.));
#7289 = CARTESIAN_POINT('',(27.25,-1.990094118871,2.));
#7290 = CARTESIAN_POINT('',(27.447909625084,-1.792470490354,2.));
#7291 = VECTOR('',#7292,1.);
#7292 = DIRECTION('',(-0.,-0.,-1.));
#7293 = ADVANCED_FACE('',(#7294),#7312,.T.);
#7294 = FACE_BOUND('',#7295,.T.);
#7295 = EDGE_LOOP('',(#7296,#7297,#7305,#7311));
#7296 = ORIENTED_EDGE('',*,*,#7256,.T.);
#7297 = ORIENTED_EDGE('',*,*,#7298,.T.);
#7298 = EDGE_CURVE('',#7249,#7299,#7301,.T.);
#7299 = VERTEX_POINT('',#7300);
#7300 = CARTESIAN_POINT('',(32.552376371484,-3.99779002652,2.6));
#7301 = B_SPLINE_CURVE_WITH_KNOTS('',2,(#7302,#7303,#7304),
  .UNSPECIFIED.,.F.,.F.,(3,3),(0.,1.),.PIECEWISE_BEZIER_KNOTS.);
#7302 = CARTESIAN_POINT('',(32.75,-3.369455566533,2.6));
#7303 = CARTESIAN_POINT('',(32.75,-3.800166398003,2.6));
#7304 = CARTESIAN_POINT('',(32.552376371484,-3.99779002652,2.6));
#7305 = ORIENTED_EDGE('',*,*,#7306,.F.);
#7306 = EDGE_CURVE('',#1720,#7299,#7307,.T.);
#7307 = LINE('',#7308,#7309);
#7308 = CARTESIAN_POINT('',(32.552376371484,-3.99779002652,2.));
#7309 = VECTOR('',#7310,1.);
#7310 = DIRECTION('',(0.,0.,1.));
#7311 = ORIENTED_EDGE('',*,*,#1719,.F.);
#7312 = SURFACE_OF_LINEAR_EXTRUSION('',#7313,#7317);
#7313 = B_SPLINE_CURVE_WITH_KNOTS('',2,(#7314,#7315,#7316),
  .UNSPECIFIED.,.F.,.F.,(3,3),(0.,1.),.PIECEWISE_BEZIER_KNOTS.);
#7314 = CARTESIAN_POINT('',(32.75,-3.369455566533,2.));
#7315 = CARTESIAN_POINT('',(32.75,-3.800166398003,2.));
#7316 = CARTESIAN_POINT('',(32.552376371484,-3.99779002652,2.));
#7317 = VECTOR('',#7318,1.);
#7318 = DIRECTION('',(-0.,-0.,-1.));
#7319 = ADVANCED_FACE('',(#7320),#7338,.T.);
#7320 = FACE_BOUND('',#7321,.T.);
#7321 = EDGE_LOOP('',(#7322,#7330,#7336,#7337));
#7322 = ORIENTED_EDGE('',*,*,#7323,.T.);
#7323 = EDGE_CURVE('',#1752,#7324,#7326,.T.);
#7324 = VERTEX_POINT('',#7325);
#7325 = CARTESIAN_POINT('',(27.25,-3.369455566533,2.6));
#7326 = LINE('',#7327,#7328);
#7327 = CARTESIAN_POINT('',(27.25,-3.369455566533,2.));
#7328 = VECTOR('',#7329,1.);
#7329 = DIRECTION('',(0.,0.,1.));
#7330 = ORIENTED_EDGE('',*,*,#7331,.T.);
#7331 = EDGE_CURVE('',#7324,#7272,#7332,.T.);
#7332 = LINE('',#7333,#7334);
#7333 = CARTESIAN_POINT('',(27.25,-3.369455566533,2.6));
#7334 = VECTOR('',#7335,1.);
#7335 = DIRECTION('',(0.,1.,0.));
#7336 = ORIENTED_EDGE('',*,*,#7271,.F.);
#7337 = ORIENTED_EDGE('',*,*,#1759,.F.);
#7338 = PLANE('',#7339);
#7339 = AXIS2_PLACEMENT_3D('',#7340,#7341,#7342);
#7340 = CARTESIAN_POINT('',(27.25,-3.369455566533,2.));
#7341 = DIRECTION('',(-1.,2.2E-16,0.));
#7342 = DIRECTION('',(2.2E-16,1.,0.));
#7343 = ADVANCED_FACE('',(#7344),#7362,.T.);
#7344 = FACE_BOUND('',#7345,.T.);
#7345 = EDGE_LOOP('',(#7346,#7347,#7355,#7361));
#7346 = ORIENTED_EDGE('',*,*,#7306,.T.);
#7347 = ORIENTED_EDGE('',*,*,#7348,.T.);
#7348 = EDGE_CURVE('',#7299,#7349,#7351,.T.);
#7349 = VERTEX_POINT('',#7350);
#7350 = CARTESIAN_POINT('',(31.976951276585,-4.195413655036,2.6));
#7351 = B_SPLINE_CURVE_WITH_KNOTS('',2,(#7352,#7353,#7354),
  .UNSPECIFIED.,.F.,.F.,(3,3),(0.,1.),.PIECEWISE_BEZIER_KNOTS.);
#7352 = CARTESIAN_POINT('',(32.552376371484,-3.99779002652,2.6));
#7353 = CARTESIAN_POINT('',(32.354752742967,-4.195413655036,2.6));
#7354 = CARTESIAN_POINT('',(31.976951276585,-4.195413655036,2.6));
#7355 = ORIENTED_EDGE('',*,*,#7356,.F.);
#7356 = EDGE_CURVE('',#1728,#7349,#7357,.T.);
#7357 = LINE('',#7358,#7359);
#7358 = CARTESIAN_POINT('',(31.976951276585,-4.195413655036,2.));
#7359 = VECTOR('',#7360,1.);
#7360 = DIRECTION('',(0.,0.,1.));
#7361 = ORIENTED_EDGE('',*,*,#1727,.F.);
#7362 = SURFACE_OF_LINEAR_EXTRUSION('',#7363,#7367);
#7363 = B_SPLINE_CURVE_WITH_KNOTS('',2,(#7364,#7365,#7366),
  .UNSPECIFIED.,.F.,.F.,(3,3),(0.,1.),.PIECEWISE_BEZIER_KNOTS.);
#7364 = CARTESIAN_POINT('',(32.552376371484,-3.99779002652,2.));
#7365 = CARTESIAN_POINT('',(32.354752742967,-4.195413655036,2.));
#7366 = CARTESIAN_POINT('',(31.976951276585,-4.195413655036,2.));
#7367 = VECTOR('',#7368,1.);
#7368 = DIRECTION('',(-0.,-0.,-1.));
#7369 = ADVANCED_FACE('',(#7370),#7388,.T.);
#7370 = FACE_BOUND('',#7371,.T.);
#7371 = EDGE_LOOP('',(#7372,#7380,#7386,#7387));
#7372 = ORIENTED_EDGE('',*,*,#7373,.T.);
#7373 = EDGE_CURVE('',#1744,#7374,#7376,.T.);
#7374 = VERTEX_POINT('',#7375);
#7375 = CARTESIAN_POINT('',(27.447909625084,-3.99779002652,2.6));
#7376 = LINE('',#7377,#7378);
#7377 = CARTESIAN_POINT('',(27.447909625084,-3.99779002652,2.));
#7378 = VECTOR('',#7379,1.);
#7379 = DIRECTION('',(0.,0.,1.));
#7380 = ORIENTED_EDGE('',*,*,#7381,.T.);
#7381 = EDGE_CURVE('',#7374,#7324,#7382,.T.);
#7382 = B_SPLINE_CURVE_WITH_KNOTS('',2,(#7383,#7384,#7385),
  .UNSPECIFIED.,.F.,.F.,(3,3),(0.,1.),.PIECEWISE_BEZIER_KNOTS.);
#7383 = CARTESIAN_POINT('',(27.447909625084,-3.99779002652,2.6));
#7384 = CARTESIAN_POINT('',(27.25,-3.800166398003,2.6));
#7385 = CARTESIAN_POINT('',(27.25,-3.369455566533,2.6));
#7386 = ORIENTED_EDGE('',*,*,#7323,.F.);
#7387 = ORIENTED_EDGE('',*,*,#1751,.F.);
#7388 = SURFACE_OF_LINEAR_EXTRUSION('',#7389,#7393);
#7389 = B_SPLINE_CURVE_WITH_KNOTS('',2,(#7390,#7391,#7392),
  .UNSPECIFIED.,.F.,.F.,(3,3),(0.,1.),.PIECEWISE_BEZIER_KNOTS.);
#7390 = CARTESIAN_POINT('',(27.447909625084,-3.99779002652,2.));
#7391 = CARTESIAN_POINT('',(27.25,-3.800166398003,2.));
#7392 = CARTESIAN_POINT('',(27.25,-3.369455566533,2.));
#7393 = VECTOR('',#7394,1.);
#7394 = DIRECTION('',(-0.,-0.,-1.));
#7395 = ADVANCED_FACE('',(#7396),#7414,.T.);
#7396 = FACE_BOUND('',#7397,.T.);
#7397 = EDGE_LOOP('',(#7398,#7399,#7407,#7413));
#7398 = ORIENTED_EDGE('',*,*,#7356,.T.);
#7399 = ORIENTED_EDGE('',*,*,#7400,.T.);
#7400 = EDGE_CURVE('',#7349,#7401,#7403,.T.);
#7401 = VERTEX_POINT('',#7402);
#7402 = CARTESIAN_POINT('',(28.023334719983,-4.195413655036,2.6));
#7403 = LINE('',#7404,#7405);
#7404 = CARTESIAN_POINT('',(31.976951276585,-4.195413655036,2.6));
#7405 = VECTOR('',#7406,1.);
#7406 = DIRECTION('',(-1.,0.,0.));
#7407 = ORIENTED_EDGE('',*,*,#7408,.F.);
#7408 = EDGE_CURVE('',#1736,#7401,#7409,.T.);
#7409 = LINE('',#7410,#7411);
#7410 = CARTESIAN_POINT('',(28.023334719983,-4.195413655036,2.));
#7411 = VECTOR('',#7412,1.);
#7412 = DIRECTION('',(0.,0.,1.));
#7413 = ORIENTED_EDGE('',*,*,#1735,.F.);
#7414 = PLANE('',#7415);
#7415 = AXIS2_PLACEMENT_3D('',#7416,#7417,#7418);
#7416 = CARTESIAN_POINT('',(31.976951276585,-4.195413655036,2.));
#7417 = DIRECTION('',(-2.2E-16,-1.,0.));
#7418 = DIRECTION('',(-1.,2.2E-16,0.));
#7419 = ADVANCED_FACE('',(#7420),#7431,.T.);
#7420 = FACE_BOUND('',#7421,.T.);
#7421 = EDGE_LOOP('',(#7422,#7423,#7429,#7430));
#7422 = ORIENTED_EDGE('',*,*,#7408,.T.);
#7423 = ORIENTED_EDGE('',*,*,#7424,.T.);
#7424 = EDGE_CURVE('',#7401,#7374,#7425,.T.);
#7425 = B_SPLINE_CURVE_WITH_KNOTS('',2,(#7426,#7427,#7428),
  .UNSPECIFIED.,.F.,.F.,(3,3),(0.,1.),.PIECEWISE_BEZIER_KNOTS.);
#7426 = CARTESIAN_POINT('',(28.023334719983,-4.195413655036,2.6));
#7427 = CARTESIAN_POINT('',(27.645533253601,-4.195413655036,2.6));
#7428 = CARTESIAN_POINT('',(27.447909625084,-3.99779002652,2.6));
#7429 = ORIENTED_EDGE('',*,*,#7373,.F.);
#7430 = ORIENTED_EDGE('',*,*,#1743,.F.);
#7431 = SURFACE_OF_LINEAR_EXTRUSION('',#7432,#7436);
#7432 = B_SPLINE_CURVE_WITH_KNOTS('',2,(#7433,#7434,#7435),
  .UNSPECIFIED.,.F.,.F.,(3,3),(0.,1.),.PIECEWISE_BEZIER_KNOTS.);
#7433 = CARTESIAN_POINT('',(28.023334719983,-4.195413655036,2.));
#7434 = CARTESIAN_POINT('',(27.645533253601,-4.195413655036,2.));
#7435 = CARTESIAN_POINT('',(27.447909625084,-3.99779002652,2.));
#7436 = VECTOR('',#7437,1.);
#7437 = DIRECTION('',(-0.,-0.,-1.));
#7438 = ADVANCED_FACE('',(#7439),#7464,.T.);
#7439 = FACE_BOUND('',#7440,.T.);
#7440 = EDGE_LOOP('',(#7441,#7449,#7457,#7463));
#7441 = ORIENTED_EDGE('',*,*,#7442,.T.);
#7442 = EDGE_CURVE('',#1792,#7443,#7445,.T.);
#7443 = VERTEX_POINT('',#7444);
#7444 = CARTESIAN_POINT('',(-4.45,3.12321247145,2.6));
#7445 = LINE('',#7446,#7447);
#7446 = CARTESIAN_POINT('',(-4.45,3.12321247145,2.));
#7447 = VECTOR('',#7448,1.);
#7448 = DIRECTION('',(0.,0.,1.));
#7449 = ORIENTED_EDGE('',*,*,#7450,.T.);
#7450 = EDGE_CURVE('',#7443,#7451,#7453,.T.);
#7451 = VERTEX_POINT('',#7452);
#7452 = CARTESIAN_POINT('',(1.05,3.12321247145,2.6));
#7453 = LINE('',#7454,#7455);
#7454 = CARTESIAN_POINT('',(-4.45,3.12321247145,2.6));
#7455 = VECTOR('',#7456,1.);
#7456 = DIRECTION('',(1.,0.,0.));
#7457 = ORIENTED_EDGE('',*,*,#7458,.F.);
#7458 = EDGE_CURVE('',#1794,#7451,#7459,.T.);
#7459 = LINE('',#7460,#7461);
#7460 = CARTESIAN_POINT('',(1.05,3.12321247145,2.));
#7461 = VECTOR('',#7462,1.);
#7462 = DIRECTION('',(0.,0.,1.));
#7463 = ORIENTED_EDGE('',*,*,#1791,.F.);
#7464 = PLANE('',#7465);
#7465 = AXIS2_PLACEMENT_3D('',#7466,#7467,#7468);
#7466 = CARTESIAN_POINT('',(-4.45,3.12321247145,2.));
#7467 = DIRECTION('',(2.2E-16,1.,0.));
#7468 = DIRECTION('',(1.,-2.2E-16,0.));
#7469 = ADVANCED_FACE('',(#7470),#7488,.T.);
#7470 = FACE_BOUND('',#7471,.T.);
#7471 = EDGE_LOOP('',(#7472,#7480,#7486,#7487));
#7472 = ORIENTED_EDGE('',*,*,#7473,.T.);
#7473 = EDGE_CURVE('',#1810,#7474,#7476,.T.);
#7474 = VERTEX_POINT('',#7475);
#7475 = CARTESIAN_POINT('',(-4.45,2.332431960816,2.6));
#7476 = LINE('',#7477,#7478);
#7477 = CARTESIAN_POINT('',(-4.45,2.332431960816,2.));
#7478 = VECTOR('',#7479,1.);
#7479 = DIRECTION('',(0.,0.,1.));
#7480 = ORIENTED_EDGE('',*,*,#7481,.T.);
#7481 = EDGE_CURVE('',#7474,#7443,#7482,.T.);
#7482 = LINE('',#7483,#7484);
#7483 = CARTESIAN_POINT('',(-4.45,2.332431960816,2.6));
#7484 = VECTOR('',#7485,1.);
#7485 = DIRECTION('',(0.,1.,0.));
#7486 = ORIENTED_EDGE('',*,*,#7442,.F.);
#7487 = ORIENTED_EDGE('',*,*,#1817,.F.);
#7488 = PLANE('',#7489);
#7489 = AXIS2_PLACEMENT_3D('',#7490,#7491,#7492);
#7490 = CARTESIAN_POINT('',(-4.45,2.332431960816,2.));
#7491 = DIRECTION('',(-1.,2.2E-16,0.));
#7492 = DIRECTION('',(2.2E-16,1.,0.));
#7493 = ADVANCED_FACE('',(#7494),#7512,.T.);
#7494 = FACE_BOUND('',#7495,.T.);
#7495 = EDGE_LOOP('',(#7496,#7497,#7505,#7511));
#7496 = ORIENTED_EDGE('',*,*,#7458,.T.);
#7497 = ORIENTED_EDGE('',*,*,#7498,.T.);
#7498 = EDGE_CURVE('',#7451,#7499,#7501,.T.);
#7499 = VERTEX_POINT('',#7500);
#7500 = CARTESIAN_POINT('',(1.05,2.332431960816,2.6));
#7501 = LINE('',#7502,#7503);
#7502 = CARTESIAN_POINT('',(1.05,3.12321247145,2.6));
#7503 = VECTOR('',#7504,1.);
#7504 = DIRECTION('',(0.,-1.,0.));
#7505 = ORIENTED_EDGE('',*,*,#7506,.F.);
#7506 = EDGE_CURVE('',#1802,#7499,#7507,.T.);
#7507 = LINE('',#7508,#7509);
#7508 = CARTESIAN_POINT('',(1.05,2.332431960816,2.));
#7509 = VECTOR('',#7510,1.);
#7510 = DIRECTION('',(0.,0.,1.));
#7511 = ORIENTED_EDGE('',*,*,#1801,.F.);
#7512 = PLANE('',#7513);
#7513 = AXIS2_PLACEMENT_3D('',#7514,#7515,#7516);
#7514 = CARTESIAN_POINT('',(1.05,3.12321247145,2.));
#7515 = DIRECTION('',(1.,-2.2E-16,0.));
#7516 = DIRECTION('',(-2.2E-16,-1.,0.));
#7517 = ADVANCED_FACE('',(#7518),#7529,.T.);
#7518 = FACE_BOUND('',#7519,.T.);
#7519 = EDGE_LOOP('',(#7520,#7521,#7527,#7528));
#7520 = ORIENTED_EDGE('',*,*,#7506,.T.);
#7521 = ORIENTED_EDGE('',*,*,#7522,.T.);
#7522 = EDGE_CURVE('',#7499,#7474,#7523,.T.);
#7523 = LINE('',#7524,#7525);
#7524 = CARTESIAN_POINT('',(1.05,2.332431960816,2.6));
#7525 = VECTOR('',#7526,1.);
#7526 = DIRECTION('',(-1.,0.,0.));
#7527 = ORIENTED_EDGE('',*,*,#7473,.F.);
#7528 = ORIENTED_EDGE('',*,*,#1809,.F.);
#7529 = PLANE('',#7530);
#7530 = AXIS2_PLACEMENT_3D('',#7531,#7532,#7533);
#7531 = CARTESIAN_POINT('',(1.05,2.332431960816,2.));
#7532 = DIRECTION('',(-2.2E-16,-1.,0.));
#7533 = DIRECTION('',(-1.,2.2E-16,0.));
#7534 = ADVANCED_FACE('',(#7535),#7560,.T.);
#7535 = FACE_BOUND('',#7536,.T.);
#7536 = EDGE_LOOP('',(#7537,#7545,#7553,#7559));
#7537 = ORIENTED_EDGE('',*,*,#7538,.T.);
#7538 = EDGE_CURVE('',#1826,#7539,#7541,.T.);
#7539 = VERTEX_POINT('',#7540);
#7540 = CARTESIAN_POINT('',(10.671985336176,2.355597732827,2.6));
#7541 = LINE('',#7542,#7543);
#7542 = CARTESIAN_POINT('',(10.671985336176,2.355597732827,2.));
#7543 = VECTOR('',#7544,1.);
#7544 = DIRECTION('',(0.,0.,1.));
#7545 = ORIENTED_EDGE('',*,*,#7546,.T.);
#7546 = EDGE_CURVE('',#7539,#7547,#7549,.T.);
#7547 = VERTEX_POINT('',#7548);
#7548 = CARTESIAN_POINT('',(10.671985336176,1.564817222193,2.6));
#7549 = LINE('',#7550,#7551);
#7550 = CARTESIAN_POINT('',(10.671985336176,2.355597732827,2.6));
#7551 = VECTOR('',#7552,1.);
#7552 = DIRECTION('',(0.,-1.,0.));
#7553 = ORIENTED_EDGE('',*,*,#7554,.F.);
#7554 = EDGE_CURVE('',#1828,#7547,#7555,.T.);
#7555 = LINE('',#7556,#7557);
#7556 = CARTESIAN_POINT('',(10.671985336176,1.564817222193,2.));
#7557 = VECTOR('',#7558,1.);
#7558 = DIRECTION('',(0.,0.,1.));
#7559 = ORIENTED_EDGE('',*,*,#1825,.F.);
#7560 = PLANE('',#7561);
#7561 = AXIS2_PLACEMENT_3D('',#7562,#7563,#7564);
#7562 = CARTESIAN_POINT('',(10.671985336176,2.355597732827,2.));
#7563 = DIRECTION('',(1.,-2.2E-16,0.));
#7564 = DIRECTION('',(-2.2E-16,-1.,0.));
#7565 = ADVANCED_FACE('',(#7566),#7584,.T.);
#7566 = FACE_BOUND('',#7567,.T.);
#7567 = EDGE_LOOP('',(#7568,#7576,#7582,#7583));
#7568 = ORIENTED_EDGE('',*,*,#7569,.T.);
#7569 = EDGE_CURVE('',#2140,#7570,#7572,.T.);
#7570 = VERTEX_POINT('',#7571);
#7571 = CARTESIAN_POINT('',(9.846313244241,2.355597732827,2.6));
#7572 = LINE('',#7573,#7574);
#7573 = CARTESIAN_POINT('',(9.846313244241,2.355597732827,2.));
#7574 = VECTOR('',#7575,1.);
#7575 = DIRECTION('',(0.,0.,1.));
#7576 = ORIENTED_EDGE('',*,*,#7577,.T.);
#7577 = EDGE_CURVE('',#7570,#7539,#7578,.T.);
#7578 = LINE('',#7579,#7580);
#7579 = CARTESIAN_POINT('',(9.846313244241,2.355597732827,2.6));
#7580 = VECTOR('',#7581,1.);
#7581 = DIRECTION('',(1.,0.,0.));
#7582 = ORIENTED_EDGE('',*,*,#7538,.F.);
#7583 = ORIENTED_EDGE('',*,*,#2147,.F.);
#7584 = PLANE('',#7585);
#7585 = AXIS2_PLACEMENT_3D('',#7586,#7587,#7588);
#7586 = CARTESIAN_POINT('',(9.846313244241,2.355597732827,2.));
#7587 = DIRECTION('',(2.2E-16,1.,0.));
#7588 = DIRECTION('',(1.,-2.2E-16,0.));
#7589 = ADVANCED_FACE('',(#7590),#7608,.T.);
#7590 = FACE_BOUND('',#7591,.T.);
#7591 = EDGE_LOOP('',(#7592,#7593,#7601,#7607));
#7592 = ORIENTED_EDGE('',*,*,#7554,.T.);
#7593 = ORIENTED_EDGE('',*,*,#7594,.T.);
#7594 = EDGE_CURVE('',#7547,#7595,#7597,.T.);
#7595 = VERTEX_POINT('',#7596);
#7596 = CARTESIAN_POINT('',(9.723334719983,1.564817222193,2.6));
#7597 = LINE('',#7598,#7599);
#7598 = CARTESIAN_POINT('',(10.671985336176,1.564817222193,2.6));
#7599 = VECTOR('',#7600,1.);
#7600 = DIRECTION('',(-1.,0.,0.));
#7601 = ORIENTED_EDGE('',*,*,#7602,.F.);
#7602 = EDGE_CURVE('',#1836,#7595,#7603,.T.);
#7603 = LINE('',#7604,#7605);
#7604 = CARTESIAN_POINT('',(9.723334719983,1.564817222193,2.));
#7605 = VECTOR('',#7606,1.);
#7606 = DIRECTION('',(0.,0.,1.));
#7607 = ORIENTED_EDGE('',*,*,#1835,.F.);
#7608 = PLANE('',#7609);
#7609 = AXIS2_PLACEMENT_3D('',#7610,#7611,#7612);
#7610 = CARTESIAN_POINT('',(10.671985336176,1.564817222193,2.));
#7611 = DIRECTION('',(-2.2E-16,-1.,0.));
#7612 = DIRECTION('',(-1.,2.2E-16,0.));
#7613 = ADVANCED_FACE('',(#7614),#7632,.T.);
#7614 = FACE_BOUND('',#7615,.T.);
#7615 = EDGE_LOOP('',(#7616,#7624,#7630,#7631));
#7616 = ORIENTED_EDGE('',*,*,#7617,.T.);
#7617 = EDGE_CURVE('',#2132,#7618,#7620,.T.);
#7618 = VERTEX_POINT('',#7619);
#7619 = CARTESIAN_POINT('',(9.639823722115,2.408221101347,2.6));
#7620 = LINE('',#7621,#7622);
#7621 = CARTESIAN_POINT('',(9.639823722115,2.408221101347,2.));
#7622 = VECTOR('',#7623,1.);
#7623 = DIRECTION('',(0.,0.,1.));
#7624 = ORIENTED_EDGE('',*,*,#7625,.T.);
#7625 = EDGE_CURVE('',#7618,#7570,#7626,.T.);
#7626 = B_SPLINE_CURVE_WITH_KNOTS('',2,(#7627,#7628,#7629),
  .UNSPECIFIED.,.F.,.F.,(3,3),(0.,1.),.PIECEWISE_BEZIER_KNOTS.);
#7627 = CARTESIAN_POINT('',(9.639823722115,2.408221101347,2.6));
#7628 = CARTESIAN_POINT('',(9.688157142114,2.355597732827,2.6));
#7629 = CARTESIAN_POINT('',(9.846313244241,2.355597732827,2.6));
#7630 = ORIENTED_EDGE('',*,*,#7569,.F.);
#7631 = ORIENTED_EDGE('',*,*,#2139,.F.);
#7632 = SURFACE_OF_LINEAR_EXTRUSION('',#7633,#7637);
#7633 = B_SPLINE_CURVE_WITH_KNOTS('',2,(#7634,#7635,#7636),
  .UNSPECIFIED.,.F.,.F.,(3,3),(0.,1.),.PIECEWISE_BEZIER_KNOTS.);
#7634 = CARTESIAN_POINT('',(9.639823722115,2.408221101347,2.));
#7635 = CARTESIAN_POINT('',(9.688157142114,2.355597732827,2.));
#7636 = CARTESIAN_POINT('',(9.846313244241,2.355597732827,2.));
#7637 = VECTOR('',#7638,1.);
#7638 = DIRECTION('',(-0.,-0.,-1.));
#7639 = ADVANCED_FACE('',(#7640),#7658,.T.);
#7640 = FACE_BOUND('',#7641,.T.);
#7641 = EDGE_LOOP('',(#7642,#7643,#7651,#7657));
#7642 = ORIENTED_EDGE('',*,*,#7602,.T.);
#7643 = ORIENTED_EDGE('',*,*,#7644,.T.);
#7644 = EDGE_CURVE('',#7595,#7645,#7647,.T.);
#7645 = VERTEX_POINT('',#7646);
#7646 = CARTESIAN_POINT('',(9.147909625084,1.76244085071,2.6));
#7647 = B_SPLINE_CURVE_WITH_KNOTS('',2,(#7648,#7649,#7650),
  .UNSPECIFIED.,.F.,.F.,(3,3),(0.,1.),.PIECEWISE_BEZIER_KNOTS.);
#7648 = CARTESIAN_POINT('',(9.723334719983,1.564817222193,2.6));
#7649 = CARTESIAN_POINT('',(9.345533253601,1.564817222193,2.6));
#7650 = CARTESIAN_POINT('',(9.147909625084,1.76244085071,2.6));
#7651 = ORIENTED_EDGE('',*,*,#7652,.F.);
#7652 = EDGE_CURVE('',#1844,#7645,#7653,.T.);
#7653 = LINE('',#7654,#7655);
#7654 = CARTESIAN_POINT('',(9.147909625084,1.76244085071,2.));
#7655 = VECTOR('',#7656,1.);
#7656 = DIRECTION('',(0.,0.,1.));
#7657 = ORIENTED_EDGE('',*,*,#1843,.F.);
#7658 = SURFACE_OF_LINEAR_EXTRUSION('',#7659,#7663);
#7659 = B_SPLINE_CURVE_WITH_KNOTS('',2,(#7660,#7661,#7662),
  .UNSPECIFIED.,.F.,.F.,(3,3),(0.,1.),.PIECEWISE_BEZIER_KNOTS.);
#7660 = CARTESIAN_POINT('',(9.723334719983,1.564817222193,2.));
#7661 = CARTESIAN_POINT('',(9.345533253601,1.564817222193,2.));
#7662 = CARTESIAN_POINT('',(9.147909625084,1.76244085071,2.));
#7663 = VECTOR('',#7664,1.);
#7664 = DIRECTION('',(-0.,-0.,-1.));
#7665 = ADVANCED_FACE('',(#7666),#7684,.T.);
#7666 = FACE_BOUND('',#7667,.T.);
#7667 = EDGE_LOOP('',(#7668,#7676,#7682,#7683));
#7668 = ORIENTED_EDGE('',*,*,#7669,.T.);
#7669 = EDGE_CURVE('',#2124,#7670,#7672,.T.);
#7670 = VERTEX_POINT('',#7671);
#7671 = CARTESIAN_POINT('',(9.591490302116,2.619000571993,2.6));
#7672 = LINE('',#7673,#7674);
#7673 = CARTESIAN_POINT('',(9.591490302116,2.619000571993,2.));
#7674 = VECTOR('',#7675,1.);
#7675 = DIRECTION('',(0.,0.,1.));
#7676 = ORIENTED_EDGE('',*,*,#7677,.T.);
#7677 = EDGE_CURVE('',#7670,#7618,#7678,.T.);
#7678 = B_SPLINE_CURVE_WITH_KNOTS('',2,(#7679,#7680,#7681),
  .UNSPECIFIED.,.F.,.F.,(3,3),(0.,1.),.PIECEWISE_BEZIER_KNOTS.);
#7679 = CARTESIAN_POINT('',(9.591490302116,2.619000571993,2.6));
#7680 = CARTESIAN_POINT('',(9.591490302116,2.460844469866,2.6));
#7681 = CARTESIAN_POINT('',(9.639823722115,2.408221101347,2.6));
#7682 = ORIENTED_EDGE('',*,*,#7617,.F.);
#7683 = ORIENTED_EDGE('',*,*,#2131,.F.);
#7684 = SURFACE_OF_LINEAR_EXTRUSION('',#7685,#7689);
#7685 = B_SPLINE_CURVE_WITH_KNOTS('',2,(#7686,#7687,#7688),
  .UNSPECIFIED.,.F.,.F.,(3,3),(0.,1.),.PIECEWISE_BEZIER_KNOTS.);
#7686 = CARTESIAN_POINT('',(9.591490302116,2.619000571993,2.));
#7687 = CARTESIAN_POINT('',(9.591490302116,2.460844469866,2.));
#7688 = CARTESIAN_POINT('',(9.639823722115,2.408221101347,2.));
#7689 = VECTOR('',#7690,1.);
#7690 = DIRECTION('',(-0.,-0.,-1.));
#7691 = ADVANCED_FACE('',(#7692),#7710,.T.);
#7692 = FACE_BOUND('',#7693,.T.);
#7693 = EDGE_LOOP('',(#7694,#7695,#7703,#7709));
#7694 = ORIENTED_EDGE('',*,*,#7652,.T.);
#7695 = ORIENTED_EDGE('',*,*,#7696,.T.);
#7696 = EDGE_CURVE('',#7645,#7697,#7699,.T.);
#7697 = VERTEX_POINT('',#7698);
#7698 = CARTESIAN_POINT('',(8.95,2.381909417087,2.6));
#7699 = B_SPLINE_CURVE_WITH_KNOTS('',2,(#7700,#7701,#7702),
  .UNSPECIFIED.,.F.,.F.,(3,3),(0.,1.),.PIECEWISE_BEZIER_KNOTS.);
#7700 = CARTESIAN_POINT('',(9.147909625084,1.76244085071,2.6));
#7701 = CARTESIAN_POINT('',(8.95,1.960064479226,2.6));
#7702 = CARTESIAN_POINT('',(8.95,2.381909417087,2.6));
#7703 = ORIENTED_EDGE('',*,*,#7704,.F.);
#7704 = EDGE_CURVE('',#1852,#7697,#7705,.T.);
#7705 = LINE('',#7706,#7707);
#7706 = CARTESIAN_POINT('',(8.95,2.381909417087,2.));
#7707 = VECTOR('',#7708,1.);
#7708 = DIRECTION('',(0.,0.,1.));
#7709 = ORIENTED_EDGE('',*,*,#1851,.F.);
#7710 = SURFACE_OF_LINEAR_EXTRUSION('',#7711,#7715);
#7711 = B_SPLINE_CURVE_WITH_KNOTS('',2,(#7712,#7713,#7714),
  .UNSPECIFIED.,.F.,.F.,(3,3),(0.,1.),.PIECEWISE_BEZIER_KNOTS.);
#7712 = CARTESIAN_POINT('',(9.147909625084,1.76244085071,2.));
#7713 = CARTESIAN_POINT('',(8.95,1.960064479226,2.));
#7714 = CARTESIAN_POINT('',(8.95,2.381909417087,2.));
#7715 = VECTOR('',#7716,1.);
#7716 = DIRECTION('',(-0.,-0.,-1.));
#7717 = ADVANCED_FACE('',(#7718),#7736,.T.);
#7718 = FACE_BOUND('',#7719,.T.);
#7719 = EDGE_LOOP('',(#7720,#7728,#7734,#7735));
#7720 = ORIENTED_EDGE('',*,*,#7721,.T.);
#7721 = EDGE_CURVE('',#2116,#7722,#7724,.T.);
#7722 = VERTEX_POINT('',#7723);
#7723 = CARTESIAN_POINT('',(9.591490302116,2.961624460506,2.6));
#7724 = LINE('',#7725,#7726);
#7725 = CARTESIAN_POINT('',(9.591490302116,2.961624460506,2.));
#7726 = VECTOR('',#7727,1.);
#7727 = DIRECTION('',(0.,0.,1.));
#7728 = ORIENTED_EDGE('',*,*,#7729,.T.);
#7729 = EDGE_CURVE('',#7722,#7670,#7730,.T.);
#7730 = LINE('',#7731,#7732);
#7731 = CARTESIAN_POINT('',(9.591490302116,2.961624460506,2.6));
#7732 = VECTOR('',#7733,1.);
#7733 = DIRECTION('',(0.,-1.,0.));
#7734 = ORIENTED_EDGE('',*,*,#7669,.F.);
#7735 = ORIENTED_EDGE('',*,*,#2123,.F.);
#7736 = PLANE('',#7737);
#7737 = AXIS2_PLACEMENT_3D('',#7738,#7739,#7740);
#7738 = CARTESIAN_POINT('',(9.591490302116,2.961624460506,2.));
#7739 = DIRECTION('',(1.,-2.2E-16,0.));
#7740 = DIRECTION('',(-2.2E-16,-1.,0.));
#7741 = ADVANCED_FACE('',(#7742),#7760,.T.);
#7742 = FACE_BOUND('',#7743,.T.);
#7743 = EDGE_LOOP('',(#7744,#7745,#7753,#7759));
#7744 = ORIENTED_EDGE('',*,*,#7704,.T.);
#7745 = ORIENTED_EDGE('',*,*,#7746,.T.);
#7746 = EDGE_CURVE('',#7697,#7747,#7749,.T.);
#7747 = VERTEX_POINT('',#7748);
#7748 = CARTESIAN_POINT('',(8.95,3.190135718371,2.6));
#7749 = LINE('',#7750,#7751);
#7750 = CARTESIAN_POINT('',(8.95,2.381909417087,2.6));
#7751 = VECTOR('',#7752,1.);
#7752 = DIRECTION('',(0.,1.,0.));
#7753 = ORIENTED_EDGE('',*,*,#7754,.F.);
#7754 = EDGE_CURVE('',#1860,#7747,#7755,.T.);
#7755 = LINE('',#7756,#7757);
#7756 = CARTESIAN_POINT('',(8.95,3.190135718371,2.));
#7757 = VECTOR('',#7758,1.);
#7758 = DIRECTION('',(0.,0.,1.));
#7759 = ORIENTED_EDGE('',*,*,#1859,.F.);
#7760 = PLANE('',#7761);
#7761 = AXIS2_PLACEMENT_3D('',#7762,#7763,#7764);
#7762 = CARTESIAN_POINT('',(8.95,2.381909417087,2.));
#7763 = DIRECTION('',(-1.,2.2E-16,0.));
#7764 = DIRECTION('',(2.2E-16,1.,0.));
#7765 = ADVANCED_FACE('',(#7766),#7784,.T.);
#7766 = FACE_BOUND('',#7767,.T.);
#7767 = EDGE_LOOP('',(#7768,#7776,#7782,#7783));
#7768 = ORIENTED_EDGE('',*,*,#7769,.T.);
#7769 = EDGE_CURVE('',#2108,#7770,#7772,.T.);
#7770 = VERTEX_POINT('',#7771);
#7771 = CARTESIAN_POINT('',(9.639823722115,3.176979876241,2.6));
#7772 = LINE('',#7773,#7774);
#7773 = CARTESIAN_POINT('',(9.639823722115,3.176979876241,2.));
#7774 = VECTOR('',#7775,1.);
#7775 = DIRECTION('',(0.,0.,1.));
#7776 = ORIENTED_EDGE('',*,*,#7777,.T.);
#7777 = EDGE_CURVE('',#7770,#7722,#7778,.T.);
#7778 = B_SPLINE_CURVE_WITH_KNOTS('',2,(#7779,#7780,#7781),
  .UNSPECIFIED.,.F.,.F.,(3,3),(0.,1.),.PIECEWISE_BEZIER_KNOTS.);
#7779 = CARTESIAN_POINT('',(9.639823722115,3.176979876241,2.6));
#7780 = CARTESIAN_POINT('',(9.591490302116,3.128646456243,2.6));
#7781 = CARTESIAN_POINT('',(9.591490302116,2.961624460506,2.6));
#7782 = ORIENTED_EDGE('',*,*,#7721,.F.);
#7783 = ORIENTED_EDGE('',*,*,#2115,.F.);
#7784 = SURFACE_OF_LINEAR_EXTRUSION('',#7785,#7789);
#7785 = B_SPLINE_CURVE_WITH_KNOTS('',2,(#7786,#7787,#7788),
  .UNSPECIFIED.,.F.,.F.,(3,3),(0.,1.),.PIECEWISE_BEZIER_KNOTS.);
#7786 = CARTESIAN_POINT('',(9.639823722115,3.176979876241,2.));
#7787 = CARTESIAN_POINT('',(9.591490302116,3.128646456243,2.));
#7788 = CARTESIAN_POINT('',(9.591490302116,2.961624460506,2.));
#7789 = VECTOR('',#7790,1.);
#7790 = DIRECTION('',(-0.,-0.,-1.));
#7791 = ADVANCED_FACE('',(#7792),#7810,.T.);
#7792 = FACE_BOUND('',#7793,.T.);
#7793 = EDGE_LOOP('',(#7794,#7795,#7803,#7809));
#7794 = ORIENTED_EDGE('',*,*,#7754,.T.);
#7795 = ORIENTED_EDGE('',*,*,#7796,.T.);
#7796 = EDGE_CURVE('',#7747,#7797,#7799,.T.);
#7797 = VERTEX_POINT('',#7798);
#7798 = CARTESIAN_POINT('',(9.147909625084,3.81818418179,2.6));
#7799 = B_SPLINE_CURVE_WITH_KNOTS('',2,(#7800,#7801,#7802),
  .UNSPECIFIED.,.F.,.F.,(3,3),(0.,1.),.PIECEWISE_BEZIER_KNOTS.);
#7800 = CARTESIAN_POINT('',(8.95,3.190135718371,2.6));
#7801 = CARTESIAN_POINT('',(8.95,3.620560553273,2.6));
#7802 = CARTESIAN_POINT('',(9.147909625084,3.81818418179,2.6));
#7803 = ORIENTED_EDGE('',*,*,#7804,.F.);
#7804 = EDGE_CURVE('',#1868,#7797,#7805,.T.);
#7805 = LINE('',#7806,#7807);
#7806 = CARTESIAN_POINT('',(9.147909625084,3.81818418179,2.));
#7807 = VECTOR('',#7808,1.);
#7808 = DIRECTION('',(0.,0.,1.));
#7809 = ORIENTED_EDGE('',*,*,#1867,.F.);
#7810 = SURFACE_OF_LINEAR_EXTRUSION('',#7811,#7815);
#7811 = B_SPLINE_CURVE_WITH_KNOTS('',2,(#7812,#7813,#7814),
  .UNSPECIFIED.,.F.,.F.,(3,3),(0.,1.),.PIECEWISE_BEZIER_KNOTS.);
#7812 = CARTESIAN_POINT('',(8.95,3.190135718371,2.));
#7813 = CARTESIAN_POINT('',(8.95,3.620560553273,2.));
#7814 = CARTESIAN_POINT('',(9.147909625084,3.81818418179,2.));
#7815 = VECTOR('',#7816,1.);
#7816 = DIRECTION('',(-0.,-0.,-1.));
#7817 = ADVANCED_FACE('',(#7818),#7836,.T.);
#7818 = FACE_BOUND('',#7819,.T.);
#7819 = EDGE_LOOP('',(#7820,#7828,#7834,#7835));
#7820 = ORIENTED_EDGE('',*,*,#7821,.T.);
#7821 = EDGE_CURVE('',#2100,#7822,#7824,.T.);
#7822 = VERTEX_POINT('',#7823);
#7823 = CARTESIAN_POINT('',(9.846313244241,3.22531329624,2.6));
#7824 = LINE('',#7825,#7826);
#7825 = CARTESIAN_POINT('',(9.846313244241,3.22531329624,2.));
#7826 = VECTOR('',#7827,1.);
#7827 = DIRECTION('',(0.,0.,1.));
#7828 = ORIENTED_EDGE('',*,*,#7829,.T.);
#7829 = EDGE_CURVE('',#7822,#7770,#7830,.T.);
#7830 = B_SPLINE_CURVE_WITH_KNOTS('',2,(#7831,#7832,#7833),
  .UNSPECIFIED.,.F.,.F.,(3,3),(0.,1.),.PIECEWISE_BEZIER_KNOTS.);
#7831 = CARTESIAN_POINT('',(9.846313244241,3.22531329624,2.6));
#7832 = CARTESIAN_POINT('',(9.688157142114,3.22531329624,2.6));
#7833 = CARTESIAN_POINT('',(9.639823722115,3.176979876241,2.6));
#7834 = ORIENTED_EDGE('',*,*,#7769,.F.);
#7835 = ORIENTED_EDGE('',*,*,#2107,.F.);
#7836 = SURFACE_OF_LINEAR_EXTRUSION('',#7837,#7841);
#7837 = B_SPLINE_CURVE_WITH_KNOTS('',2,(#7838,#7839,#7840),
  .UNSPECIFIED.,.F.,.F.,(3,3),(0.,1.),.PIECEWISE_BEZIER_KNOTS.);
#7838 = CARTESIAN_POINT('',(9.846313244241,3.22531329624,2.));
#7839 = CARTESIAN_POINT('',(9.688157142114,3.22531329624,2.));
#7840 = CARTESIAN_POINT('',(9.639823722115,3.176979876241,2.));
#7841 = VECTOR('',#7842,1.);
#7842 = DIRECTION('',(-0.,-0.,-1.));
#7843 = ADVANCED_FACE('',(#7844),#7862,.T.);
#7844 = FACE_BOUND('',#7845,.T.);
#7845 = EDGE_LOOP('',(#7846,#7847,#7855,#7861));
#7846 = ORIENTED_EDGE('',*,*,#7804,.T.);
#7847 = ORIENTED_EDGE('',*,*,#7848,.T.);
#7848 = EDGE_CURVE('',#7797,#7849,#7851,.T.);
#7849 = VERTEX_POINT('',#7850);
#7850 = CARTESIAN_POINT('',(9.723334719983,4.016093806874,2.6));
#7851 = B_SPLINE_CURVE_WITH_KNOTS('',2,(#7852,#7853,#7854),
  .UNSPECIFIED.,.F.,.F.,(3,3),(0.,1.),.PIECEWISE_BEZIER_KNOTS.);
#7852 = CARTESIAN_POINT('',(9.147909625084,3.81818418179,2.6));
#7853 = CARTESIAN_POINT('',(9.345533253601,4.016093806874,2.6));
#7854 = CARTESIAN_POINT('',(9.723334719983,4.016093806874,2.6));
#7855 = ORIENTED_EDGE('',*,*,#7856,.F.);
#7856 = EDGE_CURVE('',#1876,#7849,#7857,.T.);
#7857 = LINE('',#7858,#7859);
#7858 = CARTESIAN_POINT('',(9.723334719983,4.016093806874,2.));
#7859 = VECTOR('',#7860,1.);
#7860 = DIRECTION('',(0.,0.,1.));
#7861 = ORIENTED_EDGE('',*,*,#1875,.F.);
#7862 = SURFACE_OF_LINEAR_EXTRUSION('',#7863,#7867);
#7863 = B_SPLINE_CURVE_WITH_KNOTS('',2,(#7864,#7865,#7866),
  .UNSPECIFIED.,.F.,.F.,(3,3),(0.,1.),.PIECEWISE_BEZIER_KNOTS.);
#7864 = CARTESIAN_POINT('',(9.147909625084,3.81818418179,2.));
#7865 = CARTESIAN_POINT('',(9.345533253601,4.016093806874,2.));
#7866 = CARTESIAN_POINT('',(9.723334719983,4.016093806874,2.));
#7867 = VECTOR('',#7868,1.);
#7868 = DIRECTION('',(-0.,-0.,-1.));
#7869 = ADVANCED_FACE('',(#7870),#7888,.T.);
#7870 = FACE_BOUND('',#7871,.T.);
#7871 = EDGE_LOOP('',(#7872,#7880,#7886,#7887));
#7872 = ORIENTED_EDGE('',*,*,#7873,.T.);
#7873 = EDGE_CURVE('',#2092,#7874,#7876,.T.);
#7874 = VERTEX_POINT('',#7875);
#7875 = CARTESIAN_POINT('',(11.093830274037,3.22531329624,2.6));
#7876 = LINE('',#7877,#7878);
#7877 = CARTESIAN_POINT('',(11.093830274037,3.22531329624,2.));
#7878 = VECTOR('',#7879,1.);
#7879 = DIRECTION('',(0.,0.,1.));
#7880 = ORIENTED_EDGE('',*,*,#7881,.T.);
#7881 = EDGE_CURVE('',#7874,#7822,#7882,.T.);
#7882 = LINE('',#7883,#7884);
#7883 = CARTESIAN_POINT('',(11.093830274037,3.22531329624,2.6));
#7884 = VECTOR('',#7885,1.);
#7885 = DIRECTION('',(-1.,0.,0.));
#7886 = ORIENTED_EDGE('',*,*,#7821,.F.);
#7887 = ORIENTED_EDGE('',*,*,#2099,.F.);
#7888 = PLANE('',#7889);
#7889 = AXIS2_PLACEMENT_3D('',#7890,#7891,#7892);
#7890 = CARTESIAN_POINT('',(11.093830274037,3.22531329624,2.));
#7891 = DIRECTION('',(-2.2E-16,-1.,0.));
#7892 = DIRECTION('',(-1.,2.2E-16,0.));
#7893 = ADVANCED_FACE('',(#7894),#7912,.T.);
#7894 = FACE_BOUND('',#7895,.T.);
#7895 = EDGE_LOOP('',(#7896,#7897,#7905,#7911));
#7896 = ORIENTED_EDGE('',*,*,#7856,.T.);
#7897 = ORIENTED_EDGE('',*,*,#7898,.T.);
#7898 = EDGE_CURVE('',#7849,#7899,#7901,.T.);
#7899 = VERTEX_POINT('',#7900);
#7900 = CARTESIAN_POINT('',(11.111276064687,4.016093806874,2.6));
#7901 = LINE('',#7902,#7903);
#7902 = CARTESIAN_POINT('',(9.723334719983,4.016093806874,2.6));
#7903 = VECTOR('',#7904,1.);
#7904 = DIRECTION('',(1.,0.,0.));
#7905 = ORIENTED_EDGE('',*,*,#7906,.F.);
#7906 = EDGE_CURVE('',#1884,#7899,#7907,.T.);
#7907 = LINE('',#7908,#7909);
#7908 = CARTESIAN_POINT('',(11.111276064687,4.016093806874,2.));
#7909 = VECTOR('',#7910,1.);
#7910 = DIRECTION('',(0.,0.,1.));
#7911 = ORIENTED_EDGE('',*,*,#1883,.F.);
#7912 = PLANE('',#7913);
#7913 = AXIS2_PLACEMENT_3D('',#7914,#7915,#7916);
#7914 = CARTESIAN_POINT('',(9.723334719983,4.016093806874,2.));
#7915 = DIRECTION('',(2.2E-16,1.,0.));
#7916 = DIRECTION('',(1.,-2.2E-16,0.));
#7917 = ADVANCED_FACE('',(#7918),#7936,.T.);
#7918 = FACE_BOUND('',#7919,.T.);
#7919 = EDGE_LOOP('',(#7920,#7928,#7934,#7935));
#7920 = ORIENTED_EDGE('',*,*,#7921,.T.);
#7921 = EDGE_CURVE('',#2084,#7922,#7924,.T.);
#7922 = VERTEX_POINT('',#7923);
#7923 = CARTESIAN_POINT('',(11.296029847642,3.176979876241,2.6));
#7924 = LINE('',#7925,#7926);
#7925 = CARTESIAN_POINT('',(11.296029847642,3.176979876241,2.));
#7926 = VECTOR('',#7927,1.);
#7927 = DIRECTION('',(0.,0.,1.));
#7928 = ORIENTED_EDGE('',*,*,#7929,.T.);
#7929 = EDGE_CURVE('',#7922,#7874,#7930,.T.);
#7930 = B_SPLINE_CURVE_WITH_KNOTS('',2,(#7931,#7932,#7933),
  .UNSPECIFIED.,.F.,.F.,(3,3),(0.,1.),.PIECEWISE_BEZIER_KNOTS.);
#7931 = CARTESIAN_POINT('',(11.296029847642,3.176979876241,2.6));
#7932 = CARTESIAN_POINT('',(11.243120482554,3.22531329624,2.6));
#7933 = CARTESIAN_POINT('',(11.093830274037,3.22531329624,2.6));
#7934 = ORIENTED_EDGE('',*,*,#7873,.F.);
#7935 = ORIENTED_EDGE('',*,*,#2091,.F.);
#7936 = SURFACE_OF_LINEAR_EXTRUSION('',#7937,#7941);
#7937 = B_SPLINE_CURVE_WITH_KNOTS('',2,(#7938,#7939,#7940),
  .UNSPECIFIED.,.F.,.F.,(3,3),(0.,1.),.PIECEWISE_BEZIER_KNOTS.);
#7938 = CARTESIAN_POINT('',(11.296029847642,3.176979876241,2.));
#7939 = CARTESIAN_POINT('',(11.243120482554,3.22531329624,2.));
#7940 = CARTESIAN_POINT('',(11.093830274037,3.22531329624,2.));
#7941 = VECTOR('',#7942,1.);
#7942 = DIRECTION('',(-0.,-0.,-1.));
#7943 = ADVANCED_FACE('',(#7944),#7962,.T.);
#7944 = FACE_BOUND('',#7945,.T.);
#7945 = EDGE_LOOP('',(#7946,#7947,#7955,#7961));
#7946 = ORIENTED_EDGE('',*,*,#7906,.T.);
#7947 = ORIENTED_EDGE('',*,*,#7948,.T.);
#7948 = EDGE_CURVE('',#7899,#7949,#7951,.T.);
#7949 = VERTEX_POINT('',#7950);
#7950 = CARTESIAN_POINT('',(11.47592168894,3.928006863918,2.6));
#7951 = B_SPLINE_CURVE_WITH_KNOTS('',2,(#7952,#7953,#7954),
  .UNSPECIFIED.,.F.,.F.,(3,3),(0.,1.),.PIECEWISE_BEZIER_KNOTS.);
#7952 = CARTESIAN_POINT('',(11.111276064687,4.016093806874,2.6));
#7953 = CARTESIAN_POINT('',(11.339787322552,4.016093806874,2.6));
#7954 = CARTESIAN_POINT('',(11.47592168894,3.928006863918,2.6));
#7955 = ORIENTED_EDGE('',*,*,#7956,.F.);
#7956 = EDGE_CURVE('',#1892,#7949,#7957,.T.);
#7957 = LINE('',#7958,#7959);
#7958 = CARTESIAN_POINT('',(11.47592168894,3.928006863918,2.));
#7959 = VECTOR('',#7960,1.);
#7960 = DIRECTION('',(0.,0.,1.));
#7961 = ORIENTED_EDGE('',*,*,#1891,.F.);
#7962 = SURFACE_OF_LINEAR_EXTRUSION('',#7963,#7967);
#7963 = B_SPLINE_CURVE_WITH_KNOTS('',2,(#7964,#7965,#7966),
  .UNSPECIFIED.,.F.,.F.,(3,3),(0.,1.),.PIECEWISE_BEZIER_KNOTS.);
#7964 = CARTESIAN_POINT('',(11.111276064687,4.016093806874,2.));
#7965 = CARTESIAN_POINT('',(11.339787322552,4.016093806874,2.));
#7966 = CARTESIAN_POINT('',(11.47592168894,3.928006863918,2.));
#7967 = VECTOR('',#7968,1.);
#7968 = DIRECTION('',(-0.,-0.,-1.));
#7969 = ADVANCED_FACE('',(#7970),#7988,.T.);
#7970 = FACE_BOUND('',#7971,.T.);
#7971 = EDGE_LOOP('',(#7972,#7980,#7986,#7987));
#7972 = ORIENTED_EDGE('',*,*,#7973,.T.);
#7973 = EDGE_CURVE('',#2076,#7974,#7976,.T.);
#7974 = VERTEX_POINT('',#7975);
#7975 = CARTESIAN_POINT('',(11.348653216161,2.961624460506,2.6));
#7976 = LINE('',#7977,#7978);
#7977 = CARTESIAN_POINT('',(11.348653216161,2.961624460506,2.));
#7978 = VECTOR('',#7979,1.);
#7979 = DIRECTION('',(0.,0.,1.));
#7980 = ORIENTED_EDGE('',*,*,#7981,.T.);
#7981 = EDGE_CURVE('',#7974,#7922,#7982,.T.);
#7982 = B_SPLINE_CURVE_WITH_KNOTS('',2,(#7983,#7984,#7985),
  .UNSPECIFIED.,.F.,.F.,(3,3),(0.,1.),.PIECEWISE_BEZIER_KNOTS.);
#7983 = CARTESIAN_POINT('',(11.348653216161,2.961624460506,2.6));
#7984 = CARTESIAN_POINT('',(11.348653216161,3.128646456243,2.6));
#7985 = CARTESIAN_POINT('',(11.296029847642,3.176979876241,2.6));
#7986 = ORIENTED_EDGE('',*,*,#7921,.F.);
#7987 = ORIENTED_EDGE('',*,*,#2083,.F.);
#7988 = SURFACE_OF_LINEAR_EXTRUSION('',#7989,#7993);
#7989 = B_SPLINE_CURVE_WITH_KNOTS('',2,(#7990,#7991,#7992),
  .UNSPECIFIED.,.F.,.F.,(3,3),(0.,1.),.PIECEWISE_BEZIER_KNOTS.);
#7990 = CARTESIAN_POINT('',(11.348653216161,2.961624460506,2.));
#7991 = CARTESIAN_POINT('',(11.348653216161,3.128646456243,2.));
#7992 = CARTESIAN_POINT('',(11.296029847642,3.176979876241,2.));
#7993 = VECTOR('',#7994,1.);
#7994 = DIRECTION('',(-0.,-0.,-1.));
#7995 = ADVANCED_FACE('',(#7996),#8014,.T.);
#7996 = FACE_BOUND('',#7997,.T.);
#7997 = EDGE_LOOP('',(#7998,#7999,#8007,#8013));
#7998 = ORIENTED_EDGE('',*,*,#7956,.T.);
#7999 = ORIENTED_EDGE('',*,*,#8000,.T.);
#8000 = EDGE_CURVE('',#7949,#8001,#8003,.T.);
#8001 = VERTEX_POINT('',#8002);
#8002 = CARTESIAN_POINT('',(11.656099526806,3.673469918361,2.6));
#8003 = B_SPLINE_CURVE_WITH_KNOTS('',2,(#8004,#8005,#8006),
  .UNSPECIFIED.,.F.,.F.,(3,3),(0.,1.),.PIECEWISE_BEZIER_KNOTS.);
#8004 = CARTESIAN_POINT('',(11.47592168894,3.928006863918,2.6));
#8005 = CARTESIAN_POINT('',(11.612056055327,3.840205917529,2.6));
#8006 = CARTESIAN_POINT('',(11.656099526806,3.673469918361,2.6));
#8007 = ORIENTED_EDGE('',*,*,#8008,.F.);
#8008 = EDGE_CURVE('',#1900,#8001,#8009,.T.);
#8009 = LINE('',#8010,#8011);
#8010 = CARTESIAN_POINT('',(11.656099526806,3.673469918361,2.));
#8011 = VECTOR('',#8012,1.);
#8012 = DIRECTION('',(0.,0.,1.));
#8013 = ORIENTED_EDGE('',*,*,#1899,.F.);
#8014 = SURFACE_OF_LINEAR_EXTRUSION('',#8015,#8019);
#8015 = B_SPLINE_CURVE_WITH_KNOTS('',2,(#8016,#8017,#8018),
  .UNSPECIFIED.,.F.,.F.,(3,3),(0.,1.),.PIECEWISE_BEZIER_KNOTS.);
#8016 = CARTESIAN_POINT('',(11.47592168894,3.928006863918,2.));
#8017 = CARTESIAN_POINT('',(11.612056055327,3.840205917529,2.));
#8018 = CARTESIAN_POINT('',(11.656099526806,3.673469918361,2.));
#8019 = VECTOR('',#8020,1.);
#8020 = DIRECTION('',(-0.,-0.,-1.));
#8021 = ADVANCED_FACE('',(#8022),#8040,.T.);
#8022 = FACE_BOUND('',#8023,.T.);
#8023 = EDGE_LOOP('',(#8024,#8032,#8038,#8039));
#8024 = ORIENTED_EDGE('',*,*,#8025,.T.);
#8025 = EDGE_CURVE('',#2068,#8026,#8028,.T.);
#8026 = VERTEX_POINT('',#8027);
#8027 = CARTESIAN_POINT('',(11.348653216161,2.30268836774,2.6));
#8028 = LINE('',#8029,#8030);
#8029 = CARTESIAN_POINT('',(11.348653216161,2.30268836774,2.));
#8030 = VECTOR('',#8031,1.);
#8031 = DIRECTION('',(0.,0.,1.));
#8032 = ORIENTED_EDGE('',*,*,#8033,.T.);
#8033 = EDGE_CURVE('',#8026,#7974,#8034,.T.);
#8034 = LINE('',#8035,#8036);
#8035 = CARTESIAN_POINT('',(11.348653216161,2.30268836774,2.6));
#8036 = VECTOR('',#8037,1.);
#8037 = DIRECTION('',(0.,1.,0.));
#8038 = ORIENTED_EDGE('',*,*,#7973,.F.);
#8039 = ORIENTED_EDGE('',*,*,#2075,.F.);
#8040 = PLANE('',#8041);
#8041 = AXIS2_PLACEMENT_3D('',#8042,#8043,#8044);
#8042 = CARTESIAN_POINT('',(11.348653216161,2.30268836774,2.));
#8043 = DIRECTION('',(-1.,2.2E-16,0.));
#8044 = DIRECTION('',(2.2E-16,1.,0.));
#8045 = ADVANCED_FACE('',(#8046),#8064,.T.);
#8046 = FACE_BOUND('',#8047,.T.);
#8047 = EDGE_LOOP('',(#8048,#8049,#8057,#8063));
#8048 = ORIENTED_EDGE('',*,*,#8008,.T.);
#8049 = ORIENTED_EDGE('',*,*,#8050,.T.);
#8050 = EDGE_CURVE('',#8001,#8051,#8053,.T.);
#8051 = VERTEX_POINT('',#8052);
#8052 = CARTESIAN_POINT('',(11.823121522542,3.928006863918,2.6));
#8053 = B_SPLINE_CURVE_WITH_KNOTS('',2,(#8054,#8055,#8056),
  .UNSPECIFIED.,.F.,.F.,(3,3),(0.,1.),.PIECEWISE_BEZIER_KNOTS.);
#8054 = CARTESIAN_POINT('',(11.656099526806,3.673469918361,2.6));
#8055 = CARTESIAN_POINT('',(11.700142998284,3.840205917529,2.6));
#8056 = CARTESIAN_POINT('',(11.823121522542,3.928006863918,2.6));
#8057 = ORIENTED_EDGE('',*,*,#8058,.F.);
#8058 = EDGE_CURVE('',#1908,#8051,#8059,.T.);
#8059 = LINE('',#8060,#8061);
#8060 = CARTESIAN_POINT('',(11.823121522542,3.928006863918,2.));
#8061 = VECTOR('',#8062,1.);
#8062 = DIRECTION('',(0.,0.,1.));
#8063 = ORIENTED_EDGE('',*,*,#1907,.F.);
#8064 = SURFACE_OF_LINEAR_EXTRUSION('',#8065,#8069);
#8065 = B_SPLINE_CURVE_WITH_KNOTS('',2,(#8066,#8067,#8068),
  .UNSPECIFIED.,.F.,.F.,(3,3),(0.,1.),.PIECEWISE_BEZIER_KNOTS.);
#8066 = CARTESIAN_POINT('',(11.656099526806,3.673469918361,2.));
#8067 = CARTESIAN_POINT('',(11.700142998284,3.840205917529,2.));
#8068 = CARTESIAN_POINT('',(11.823121522542,3.928006863918,2.));
#8069 = VECTOR('',#8070,1.);
#8070 = DIRECTION('',(-0.,-0.,-1.));
#8071 = ADVANCED_FACE('',(#8072),#8090,.T.);
#8072 = FACE_BOUND('',#8073,.T.);
#8073 = EDGE_LOOP('',(#8074,#8082,#8088,#8089));
#8074 = ORIENTED_EDGE('',*,*,#8075,.T.);
#8075 = EDGE_CURVE('',#2060,#8076,#8078,.T.);
#8076 = VERTEX_POINT('',#8077);
#8077 = CARTESIAN_POINT('',(11.981277624669,2.30268836774,2.6));
#8078 = LINE('',#8079,#8080);
#8079 = CARTESIAN_POINT('',(11.981277624669,2.30268836774,2.));
#8080 = VECTOR('',#8081,1.);
#8081 = DIRECTION('',(0.,0.,1.));
#8082 = ORIENTED_EDGE('',*,*,#8083,.T.);
#8083 = EDGE_CURVE('',#8076,#8026,#8084,.T.);
#8084 = LINE('',#8085,#8086);
#8085 = CARTESIAN_POINT('',(11.981277624669,2.30268836774,2.6));
#8086 = VECTOR('',#8087,1.);
#8087 = DIRECTION('',(-1.,0.,0.));
#8088 = ORIENTED_EDGE('',*,*,#8025,.F.);
#8089 = ORIENTED_EDGE('',*,*,#2067,.F.);
#8090 = PLANE('',#8091);
#8091 = AXIS2_PLACEMENT_3D('',#8092,#8093,#8094);
#8092 = CARTESIAN_POINT('',(11.981277624669,2.30268836774,2.));
#8093 = DIRECTION('',(-2.2E-16,-1.,0.));
#8094 = DIRECTION('',(-1.,2.2E-16,0.));
#8095 = ADVANCED_FACE('',(#8096),#8114,.T.);
#8096 = FACE_BOUND('',#8097,.T.);
#8097 = EDGE_LOOP('',(#8098,#8099,#8107,#8113));
#8098 = ORIENTED_EDGE('',*,*,#8058,.T.);
#8099 = ORIENTED_EDGE('',*,*,#8100,.T.);
#8100 = EDGE_CURVE('',#8051,#8101,#8103,.T.);
#8101 = VERTEX_POINT('',#8102);
#8102 = CARTESIAN_POINT('',(12.165745411055,4.016093806874,2.6));
#8103 = B_SPLINE_CURVE_WITH_KNOTS('',2,(#8104,#8105,#8106),
  .UNSPECIFIED.,.F.,.F.,(3,3),(0.,1.),.PIECEWISE_BEZIER_KNOTS.);
#8104 = CARTESIAN_POINT('',(11.823121522542,3.928006863918,2.6));
#8105 = CARTESIAN_POINT('',(11.946100046799,4.016093806874,2.6));
#8106 = CARTESIAN_POINT('',(12.165745411055,4.016093806874,2.6));
#8107 = ORIENTED_EDGE('',*,*,#8108,.F.);
#8108 = EDGE_CURVE('',#1916,#8101,#8109,.T.);
#8109 = LINE('',#8110,#8111);
#8110 = CARTESIAN_POINT('',(12.165745411055,4.016093806874,2.));
#8111 = VECTOR('',#8112,1.);
#8112 = DIRECTION('',(0.,0.,1.));
#8113 = ORIENTED_EDGE('',*,*,#1915,.F.);
#8114 = SURFACE_OF_LINEAR_EXTRUSION('',#8115,#8119);
#8115 = B_SPLINE_CURVE_WITH_KNOTS('',2,(#8116,#8117,#8118),
  .UNSPECIFIED.,.F.,.F.,(3,3),(0.,1.),.PIECEWISE_BEZIER_KNOTS.);
#8116 = CARTESIAN_POINT('',(11.823121522542,3.928006863918,2.));
#8117 = CARTESIAN_POINT('',(11.946100046799,4.016093806874,2.));
#8118 = CARTESIAN_POINT('',(12.165745411055,4.016093806874,2.));
#8119 = VECTOR('',#8120,1.);
#8120 = DIRECTION('',(-0.,-0.,-1.));
#8121 = ADVANCED_FACE('',(#8122),#8140,.T.);
#8122 = FACE_BOUND('',#8123,.T.);
#8123 = EDGE_LOOP('',(#8124,#8132,#8138,#8139));
#8124 = ORIENTED_EDGE('',*,*,#8125,.T.);
#8125 = EDGE_CURVE('',#2052,#8126,#8128,.T.);
#8126 = VERTEX_POINT('',#8127);
#8127 = CARTESIAN_POINT('',(11.981277624669,2.961624460506,2.6));
#8128 = LINE('',#8129,#8130);
#8129 = CARTESIAN_POINT('',(11.981277624669,2.961624460506,2.));
#8130 = VECTOR('',#8131,1.);
#8131 = DIRECTION('',(0.,0.,1.));
#8132 = ORIENTED_EDGE('',*,*,#8133,.T.);
#8133 = EDGE_CURVE('',#8126,#8076,#8134,.T.);
#8134 = LINE('',#8135,#8136);
#8135 = CARTESIAN_POINT('',(11.981277624669,2.961624460506,2.6));
#8136 = VECTOR('',#8137,1.);
#8137 = DIRECTION('',(0.,-1.,0.));
#8138 = ORIENTED_EDGE('',*,*,#8075,.F.);
#8139 = ORIENTED_EDGE('',*,*,#2059,.F.);
#8140 = PLANE('',#8141);
#8141 = AXIS2_PLACEMENT_3D('',#8142,#8143,#8144);
#8142 = CARTESIAN_POINT('',(11.981277624669,2.961624460506,2.));
#8143 = DIRECTION('',(1.,-2.2E-16,0.));
#8144 = DIRECTION('',(-2.2E-16,-1.,0.));
#8145 = ADVANCED_FACE('',(#8146),#8164,.T.);
#8146 = FACE_BOUND('',#8147,.T.);
#8147 = EDGE_LOOP('',(#8148,#8149,#8157,#8163));
#8148 = ORIENTED_EDGE('',*,*,#8108,.T.);
#8149 = ORIENTED_EDGE('',*,*,#8150,.T.);
#8150 = EDGE_CURVE('',#8101,#8151,#8153,.T.);
#8151 = VERTEX_POINT('',#8152);
#8152 = CARTESIAN_POINT('',(13.676951276585,4.016093806874,2.6));
#8153 = LINE('',#8154,#8155);
#8154 = CARTESIAN_POINT('',(12.165745411055,4.016093806874,2.6));
#8155 = VECTOR('',#8156,1.);
#8156 = DIRECTION('',(1.,0.,0.));
#8157 = ORIENTED_EDGE('',*,*,#8158,.F.);
#8158 = EDGE_CURVE('',#1924,#8151,#8159,.T.);
#8159 = LINE('',#8160,#8161);
#8160 = CARTESIAN_POINT('',(13.676951276585,4.016093806874,2.));
#8161 = VECTOR('',#8162,1.);
#8162 = DIRECTION('',(0.,0.,1.));
#8163 = ORIENTED_EDGE('',*,*,#1923,.F.);
#8164 = PLANE('',#8165);
#8165 = AXIS2_PLACEMENT_3D('',#8166,#8167,#8168);
#8166 = CARTESIAN_POINT('',(12.165745411055,4.016093806874,2.));
#8167 = DIRECTION('',(2.2E-16,1.,0.));
#8168 = DIRECTION('',(1.,-2.2E-16,0.));
#8169 = ADVANCED_FACE('',(#8170),#8188,.T.);
#8170 = FACE_BOUND('',#8171,.T.);
#8171 = EDGE_LOOP('',(#8172,#8180,#8186,#8187));
#8172 = ORIENTED_EDGE('',*,*,#8173,.T.);
#8173 = EDGE_CURVE('',#2044,#8174,#8176,.T.);
#8174 = VERTEX_POINT('',#8175);
#8175 = CARTESIAN_POINT('',(12.029611044667,3.176979876241,2.6));
#8176 = LINE('',#8177,#8178);
#8177 = CARTESIAN_POINT('',(12.029611044667,3.176979876241,2.));
#8178 = VECTOR('',#8179,1.);
#8179 = DIRECTION('',(0.,0.,1.));
#8180 = ORIENTED_EDGE('',*,*,#8181,.T.);
#8181 = EDGE_CURVE('',#8174,#8126,#8182,.T.);
#8182 = B_SPLINE_CURVE_WITH_KNOTS('',2,(#8183,#8184,#8185),
  .UNSPECIFIED.,.F.,.F.,(3,3),(0.,1.),.PIECEWISE_BEZIER_KNOTS.);
#8183 = CARTESIAN_POINT('',(12.029611044667,3.176979876241,2.6));
#8184 = CARTESIAN_POINT('',(11.981277624669,3.128646456243,2.6));
#8185 = CARTESIAN_POINT('',(11.981277624669,2.961624460506,2.6));
#8186 = ORIENTED_EDGE('',*,*,#8125,.F.);
#8187 = ORIENTED_EDGE('',*,*,#2051,.F.);
#8188 = SURFACE_OF_LINEAR_EXTRUSION('',#8189,#8193);
#8189 = B_SPLINE_CURVE_WITH_KNOTS('',2,(#8190,#8191,#8192),
  .UNSPECIFIED.,.F.,.F.,(3,3),(0.,1.),.PIECEWISE_BEZIER_KNOTS.);
#8190 = CARTESIAN_POINT('',(12.029611044667,3.176979876241,2.));
#8191 = CARTESIAN_POINT('',(11.981277624669,3.128646456243,2.));
#8192 = CARTESIAN_POINT('',(11.981277624669,2.961624460506,2.));
#8193 = VECTOR('',#8194,1.);
#8194 = DIRECTION('',(-0.,-0.,-1.));
#8195 = ADVANCED_FACE('',(#8196),#8214,.T.);
#8196 = FACE_BOUND('',#8197,.T.);
#8197 = EDGE_LOOP('',(#8198,#8199,#8207,#8213));
#8198 = ORIENTED_EDGE('',*,*,#8158,.T.);
#8199 = ORIENTED_EDGE('',*,*,#8200,.T.);
#8200 = EDGE_CURVE('',#8151,#8201,#8203,.T.);
#8201 = VERTEX_POINT('',#8202);
#8202 = CARTESIAN_POINT('',(14.252376371484,3.81818418179,2.6));
#8203 = B_SPLINE_CURVE_WITH_KNOTS('',2,(#8204,#8205,#8206),
  .UNSPECIFIED.,.F.,.F.,(3,3),(0.,1.),.PIECEWISE_BEZIER_KNOTS.);
#8204 = CARTESIAN_POINT('',(13.676951276585,4.016093806874,2.6));
#8205 = CARTESIAN_POINT('',(14.054752742967,4.016093806874,2.6));
#8206 = CARTESIAN_POINT('',(14.252376371484,3.81818418179,2.6));
#8207 = ORIENTED_EDGE('',*,*,#8208,.F.);
#8208 = EDGE_CURVE('',#1932,#8201,#8209,.T.);
#8209 = LINE('',#8210,#8211);
#8210 = CARTESIAN_POINT('',(14.252376371484,3.81818418179,2.));
#8211 = VECTOR('',#8212,1.);
#8212 = DIRECTION('',(0.,0.,1.));
#8213 = ORIENTED_EDGE('',*,*,#1931,.F.);
#8214 = SURFACE_OF_LINEAR_EXTRUSION('',#8215,#8219);
#8215 = B_SPLINE_CURVE_WITH_KNOTS('',2,(#8216,#8217,#8218),
  .UNSPECIFIED.,.F.,.F.,(3,3),(0.,1.),.PIECEWISE_BEZIER_KNOTS.);
#8216 = CARTESIAN_POINT('',(13.676951276585,4.016093806874,2.));
#8217 = CARTESIAN_POINT('',(14.054752742967,4.016093806874,2.));
#8218 = CARTESIAN_POINT('',(14.252376371484,3.81818418179,2.));
#8219 = VECTOR('',#8220,1.);
#8220 = DIRECTION('',(-0.,-0.,-1.));
#8221 = ADVANCED_FACE('',(#8222),#8240,.T.);
#8222 = FACE_BOUND('',#8223,.T.);
#8223 = EDGE_LOOP('',(#8224,#8232,#8238,#8239));
#8224 = ORIENTED_EDGE('',*,*,#8225,.T.);
#8225 = EDGE_CURVE('',#2036,#8226,#8228,.T.);
#8226 = VERTEX_POINT('',#8227);
#8227 = CARTESIAN_POINT('',(12.236100566793,3.22531329624,2.6));
#8228 = LINE('',#8229,#8230);
#8229 = CARTESIAN_POINT('',(12.236100566793,3.22531329624,2.));
#8230 = VECTOR('',#8231,1.);
#8231 = DIRECTION('',(0.,0.,1.));
#8232 = ORIENTED_EDGE('',*,*,#8233,.T.);
#8233 = EDGE_CURVE('',#8226,#8174,#8234,.T.);
#8234 = B_SPLINE_CURVE_WITH_KNOTS('',2,(#8235,#8236,#8237),
  .UNSPECIFIED.,.F.,.F.,(3,3),(0.,1.),.PIECEWISE_BEZIER_KNOTS.);
#8235 = CARTESIAN_POINT('',(12.236100566793,3.22531329624,2.6));
#8236 = CARTESIAN_POINT('',(12.077944464666,3.22531329624,2.6));
#8237 = CARTESIAN_POINT('',(12.029611044667,3.176979876241,2.6));
#8238 = ORIENTED_EDGE('',*,*,#8173,.F.);
#8239 = ORIENTED_EDGE('',*,*,#2043,.F.);
#8240 = SURFACE_OF_LINEAR_EXTRUSION('',#8241,#8245);
#8241 = B_SPLINE_CURVE_WITH_KNOTS('',2,(#8242,#8243,#8244),
  .UNSPECIFIED.,.F.,.F.,(3,3),(0.,1.),.PIECEWISE_BEZIER_KNOTS.);
#8242 = CARTESIAN_POINT('',(12.236100566793,3.22531329624,2.));
#8243 = CARTESIAN_POINT('',(12.077944464666,3.22531329624,2.));
#8244 = CARTESIAN_POINT('',(12.029611044667,3.176979876241,2.));
#8245 = VECTOR('',#8246,1.);
#8246 = DIRECTION('',(-0.,-0.,-1.));
#8247 = ADVANCED_FACE('',(#8248),#8266,.T.);
#8248 = FACE_BOUND('',#8249,.T.);
#8249 = EDGE_LOOP('',(#8250,#8251,#8259,#8265));
#8250 = ORIENTED_EDGE('',*,*,#8208,.T.);
#8251 = ORIENTED_EDGE('',*,*,#8252,.T.);
#8252 = EDGE_CURVE('',#8201,#8253,#8255,.T.);
#8253 = VERTEX_POINT('',#8254);
#8254 = CARTESIAN_POINT('',(14.45,3.190135718371,2.6));
#8255 = B_SPLINE_CURVE_WITH_KNOTS('',2,(#8256,#8257,#8258),
  .UNSPECIFIED.,.F.,.F.,(3,3),(0.,1.),.PIECEWISE_BEZIER_KNOTS.);
#8256 = CARTESIAN_POINT('',(14.252376371484,3.81818418179,2.6));
#8257 = CARTESIAN_POINT('',(14.45,3.620560553273,2.6));
#8258 = CARTESIAN_POINT('',(14.45,3.190135718371,2.6));
#8259 = ORIENTED_EDGE('',*,*,#8260,.F.);
#8260 = EDGE_CURVE('',#1940,#8253,#8261,.T.);
#8261 = LINE('',#8262,#8263);
#8262 = CARTESIAN_POINT('',(14.45,3.190135718371,2.));
#8263 = VECTOR('',#8264,1.);
#8264 = DIRECTION('',(0.,0.,1.));
#8265 = ORIENTED_EDGE('',*,*,#1939,.F.);
#8266 = SURFACE_OF_LINEAR_EXTRUSION('',#8267,#8271);
#8267 = B_SPLINE_CURVE_WITH_KNOTS('',2,(#8268,#8269,#8270),
  .UNSPECIFIED.,.F.,.F.,(3,3),(0.,1.),.PIECEWISE_BEZIER_KNOTS.);
#8268 = CARTESIAN_POINT('',(14.252376371484,3.81818418179,2.));
#8269 = CARTESIAN_POINT('',(14.45,3.620560553273,2.));
#8270 = CARTESIAN_POINT('',(14.45,3.190135718371,2.));
#8271 = VECTOR('',#8272,1.);
#8272 = DIRECTION('',(-0.,-0.,-1.));
#8273 = ADVANCED_FACE('',(#8274),#8292,.T.);
#8274 = FACE_BOUND('',#8275,.T.);
#8275 = EDGE_LOOP('',(#8276,#8284,#8290,#8291));
#8276 = ORIENTED_EDGE('',*,*,#8277,.T.);
#8277 = EDGE_CURVE('',#2028,#8278,#8280,.T.);
#8278 = VERTEX_POINT('',#8279);
#8279 = CARTESIAN_POINT('',(13.553972752327,3.22531329624,2.6));
#8280 = LINE('',#8281,#8282);
#8281 = CARTESIAN_POINT('',(13.553972752327,3.22531329624,2.));
#8282 = VECTOR('',#8283,1.);
#8283 = DIRECTION('',(0.,0.,1.));
#8284 = ORIENTED_EDGE('',*,*,#8285,.T.);
#8285 = EDGE_CURVE('',#8278,#8226,#8286,.T.);
#8286 = LINE('',#8287,#8288);
#8287 = CARTESIAN_POINT('',(13.553972752327,3.22531329624,2.6));
#8288 = VECTOR('',#8289,1.);
#8289 = DIRECTION('',(-1.,0.,0.));
#8290 = ORIENTED_EDGE('',*,*,#8225,.F.);
#8291 = ORIENTED_EDGE('',*,*,#2035,.F.);
#8292 = PLANE('',#8293);
#8293 = AXIS2_PLACEMENT_3D('',#8294,#8295,#8296);
#8294 = CARTESIAN_POINT('',(13.553972752327,3.22531329624,2.));
#8295 = DIRECTION('',(-2.2E-16,-1.,0.));
#8296 = DIRECTION('',(-1.,2.2E-16,0.));
#8297 = ADVANCED_FACE('',(#8298),#8316,.T.);
#8298 = FACE_BOUND('',#8299,.T.);
#8299 = EDGE_LOOP('',(#8300,#8301,#8309,#8315));
#8300 = ORIENTED_EDGE('',*,*,#8260,.T.);
#8301 = ORIENTED_EDGE('',*,*,#8302,.T.);
#8302 = EDGE_CURVE('',#8253,#8303,#8305,.T.);
#8303 = VERTEX_POINT('',#8304);
#8304 = CARTESIAN_POINT('',(14.45,2.381909417087,2.6));
#8305 = LINE('',#8306,#8307);
#8306 = CARTESIAN_POINT('',(14.45,3.190135718371,2.6));
#8307 = VECTOR('',#8308,1.);
#8308 = DIRECTION('',(0.,-1.,0.));
#8309 = ORIENTED_EDGE('',*,*,#8310,.F.);
#8310 = EDGE_CURVE('',#1948,#8303,#8311,.T.);
#8311 = LINE('',#8312,#8313);
#8312 = CARTESIAN_POINT('',(14.45,2.381909417087,2.));
#8313 = VECTOR('',#8314,1.);
#8314 = DIRECTION('',(0.,0.,1.));
#8315 = ORIENTED_EDGE('',*,*,#1947,.F.);
#8316 = PLANE('',#8317);
#8317 = AXIS2_PLACEMENT_3D('',#8318,#8319,#8320);
#8318 = CARTESIAN_POINT('',(14.45,3.190135718371,2.));
#8319 = DIRECTION('',(1.,-2.2E-16,0.));
#8320 = DIRECTION('',(-2.2E-16,-1.,0.));
#8321 = ADVANCED_FACE('',(#8322),#8340,.T.);
#8322 = FACE_BOUND('',#8323,.T.);
#8323 = EDGE_LOOP('',(#8324,#8332,#8338,#8339));
#8324 = ORIENTED_EDGE('',*,*,#8325,.T.);
#8325 = EDGE_CURVE('',#2020,#8326,#8328,.T.);
#8326 = VERTEX_POINT('',#8327);
#8327 = CARTESIAN_POINT('',(13.755886329364,3.176979876241,2.6));
#8328 = LINE('',#8329,#8330);
#8329 = CARTESIAN_POINT('',(13.755886329364,3.176979876241,2.));
#8330 = VECTOR('',#8331,1.);
#8331 = DIRECTION('',(0.,0.,1.));
#8332 = ORIENTED_EDGE('',*,*,#8333,.T.);
#8333 = EDGE_CURVE('',#8326,#8278,#8334,.T.);
#8334 = B_SPLINE_CURVE_WITH_KNOTS('',2,(#8335,#8336,#8337),
  .UNSPECIFIED.,.F.,.F.,(3,3),(0.,1.),.PIECEWISE_BEZIER_KNOTS.);
#8335 = CARTESIAN_POINT('',(13.755886329364,3.176979876241,2.6));
#8336 = CARTESIAN_POINT('',(13.703262960844,3.22531329624,2.6));
#8337 = CARTESIAN_POINT('',(13.553972752327,3.22531329624,2.6));
#8338 = ORIENTED_EDGE('',*,*,#8277,.F.);
#8339 = ORIENTED_EDGE('',*,*,#2027,.F.);
#8340 = SURFACE_OF_LINEAR_EXTRUSION('',#8341,#8345);
#8341 = B_SPLINE_CURVE_WITH_KNOTS('',2,(#8342,#8343,#8344),
  .UNSPECIFIED.,.F.,.F.,(3,3),(0.,1.),.PIECEWISE_BEZIER_KNOTS.);
#8342 = CARTESIAN_POINT('',(13.755886329364,3.176979876241,2.));
#8343 = CARTESIAN_POINT('',(13.703262960844,3.22531329624,2.));
#8344 = CARTESIAN_POINT('',(13.553972752327,3.22531329624,2.));
#8345 = VECTOR('',#8346,1.);
#8346 = DIRECTION('',(-0.,-0.,-1.));
#8347 = ADVANCED_FACE('',(#8348),#8366,.T.);
#8348 = FACE_BOUND('',#8349,.T.);
#8349 = EDGE_LOOP('',(#8350,#8351,#8359,#8365));
#8350 = ORIENTED_EDGE('',*,*,#8310,.T.);
#8351 = ORIENTED_EDGE('',*,*,#8352,.T.);
#8352 = EDGE_CURVE('',#8303,#8353,#8355,.T.);
#8353 = VERTEX_POINT('',#8354);
#8354 = CARTESIAN_POINT('',(14.252376371484,1.76244085071,2.6));
#8355 = B_SPLINE_CURVE_WITH_KNOTS('',2,(#8356,#8357,#8358),
  .UNSPECIFIED.,.F.,.F.,(3,3),(0.,1.),.PIECEWISE_BEZIER_KNOTS.);
#8356 = CARTESIAN_POINT('',(14.45,2.381909417087,2.6));
#8357 = CARTESIAN_POINT('',(14.45,1.960064479226,2.6));
#8358 = CARTESIAN_POINT('',(14.252376371484,1.76244085071,2.6));
#8359 = ORIENTED_EDGE('',*,*,#8360,.F.);
#8360 = EDGE_CURVE('',#1956,#8353,#8361,.T.);
#8361 = LINE('',#8362,#8363);
#8362 = CARTESIAN_POINT('',(14.252376371484,1.76244085071,2.));
#8363 = VECTOR('',#8364,1.);
#8364 = DIRECTION('',(0.,0.,1.));
#8365 = ORIENTED_EDGE('',*,*,#1955,.F.);
#8366 = SURFACE_OF_LINEAR_EXTRUSION('',#8367,#8371);
#8367 = B_SPLINE_CURVE_WITH_KNOTS('',2,(#8368,#8369,#8370),
  .UNSPECIFIED.,.F.,.F.,(3,3),(0.,1.),.PIECEWISE_BEZIER_KNOTS.);
#8368 = CARTESIAN_POINT('',(14.45,2.381909417087,2.));
#8369 = CARTESIAN_POINT('',(14.45,1.960064479226,2.));
#8370 = CARTESIAN_POINT('',(14.252376371484,1.76244085071,2.));
#8371 = VECTOR('',#8372,1.);
#8372 = DIRECTION('',(-0.,-0.,-1.));
#8373 = ADVANCED_FACE('',(#8374),#8392,.T.);
#8374 = FACE_BOUND('',#8375,.T.);
#8375 = EDGE_LOOP('',(#8376,#8384,#8390,#8391));
#8376 = ORIENTED_EDGE('',*,*,#8377,.T.);
#8377 = EDGE_CURVE('',#2012,#8378,#8380,.T.);
#8378 = VERTEX_POINT('',#8379);
#8379 = CARTESIAN_POINT('',(13.808509697884,2.961624460506,2.6));
#8380 = LINE('',#8381,#8382);
#8381 = CARTESIAN_POINT('',(13.808509697884,2.961624460506,2.));
#8382 = VECTOR('',#8383,1.);
#8383 = DIRECTION('',(0.,0.,1.));
#8384 = ORIENTED_EDGE('',*,*,#8385,.T.);
#8385 = EDGE_CURVE('',#8378,#8326,#8386,.T.);
#8386 = B_SPLINE_CURVE_WITH_KNOTS('',2,(#8387,#8388,#8389),
  .UNSPECIFIED.,.F.,.F.,(3,3),(0.,1.),.PIECEWISE_BEZIER_KNOTS.);
#8387 = CARTESIAN_POINT('',(13.808509697884,2.961624460506,2.6));
#8388 = CARTESIAN_POINT('',(13.808509697884,3.128646456243,2.6));
#8389 = CARTESIAN_POINT('',(13.755886329364,3.176979876241,2.6));
#8390 = ORIENTED_EDGE('',*,*,#8325,.F.);
#8391 = ORIENTED_EDGE('',*,*,#2019,.F.);
#8392 = SURFACE_OF_LINEAR_EXTRUSION('',#8393,#8397);
#8393 = B_SPLINE_CURVE_WITH_KNOTS('',2,(#8394,#8395,#8396),
  .UNSPECIFIED.,.F.,.F.,(3,3),(0.,1.),.PIECEWISE_BEZIER_KNOTS.);
#8394 = CARTESIAN_POINT('',(13.808509697884,2.961624460506,2.));
#8395 = CARTESIAN_POINT('',(13.808509697884,3.128646456243,2.));
#8396 = CARTESIAN_POINT('',(13.755886329364,3.176979876241,2.));
#8397 = VECTOR('',#8398,1.);
#8398 = DIRECTION('',(-0.,-0.,-1.));
#8399 = ADVANCED_FACE('',(#8400),#8418,.T.);
#8400 = FACE_BOUND('',#8401,.T.);
#8401 = EDGE_LOOP('',(#8402,#8403,#8411,#8417));
#8402 = ORIENTED_EDGE('',*,*,#8360,.T.);
#8403 = ORIENTED_EDGE('',*,*,#8404,.T.);
#8404 = EDGE_CURVE('',#8353,#8405,#8407,.T.);
#8405 = VERTEX_POINT('',#8406);
#8406 = CARTESIAN_POINT('',(13.676951276585,1.564817222193,2.6));
#8407 = B_SPLINE_CURVE_WITH_KNOTS('',2,(#8408,#8409,#8410),
  .UNSPECIFIED.,.F.,.F.,(3,3),(0.,1.),.PIECEWISE_BEZIER_KNOTS.);
#8408 = CARTESIAN_POINT('',(14.252376371484,1.76244085071,2.6));
#8409 = CARTESIAN_POINT('',(14.054752742967,1.564817222193,2.6));
#8410 = CARTESIAN_POINT('',(13.676951276585,1.564817222193,2.6));
#8411 = ORIENTED_EDGE('',*,*,#8412,.F.);
#8412 = EDGE_CURVE('',#1964,#8405,#8413,.T.);
#8413 = LINE('',#8414,#8415);
#8414 = CARTESIAN_POINT('',(13.676951276585,1.564817222193,2.));
#8415 = VECTOR('',#8416,1.);
#8416 = DIRECTION('',(0.,0.,1.));
#8417 = ORIENTED_EDGE('',*,*,#1963,.F.);
#8418 = SURFACE_OF_LINEAR_EXTRUSION('',#8419,#8423);
#8419 = B_SPLINE_CURVE_WITH_KNOTS('',2,(#8420,#8421,#8422),
  .UNSPECIFIED.,.F.,.F.,(3,3),(0.,1.),.PIECEWISE_BEZIER_KNOTS.);
#8420 = CARTESIAN_POINT('',(14.252376371484,1.76244085071,2.));
#8421 = CARTESIAN_POINT('',(14.054752742967,1.564817222193,2.));
#8422 = CARTESIAN_POINT('',(13.676951276585,1.564817222193,2.));
#8423 = VECTOR('',#8424,1.);
#8424 = DIRECTION('',(-0.,-0.,-1.));
#8425 = ADVANCED_FACE('',(#8426),#8444,.T.);
#8426 = FACE_BOUND('',#8427,.T.);
#8427 = EDGE_LOOP('',(#8428,#8436,#8442,#8443));
#8428 = ORIENTED_EDGE('',*,*,#8429,.T.);
#8429 = EDGE_CURVE('',#2004,#8430,#8432,.T.);
#8430 = VERTEX_POINT('',#8431);
#8431 = CARTESIAN_POINT('',(13.808509697884,2.619000571993,2.6));
#8432 = LINE('',#8433,#8434);
#8433 = CARTESIAN_POINT('',(13.808509697884,2.619000571993,2.));
#8434 = VECTOR('',#8435,1.);
#8435 = DIRECTION('',(0.,0.,1.));
#8436 = ORIENTED_EDGE('',*,*,#8437,.T.);
#8437 = EDGE_CURVE('',#8430,#8378,#8438,.T.);
#8438 = LINE('',#8439,#8440);
#8439 = CARTESIAN_POINT('',(13.808509697884,2.619000571993,2.6));
#8440 = VECTOR('',#8441,1.);
#8441 = DIRECTION('',(0.,1.,0.));
#8442 = ORIENTED_EDGE('',*,*,#8377,.F.);
#8443 = ORIENTED_EDGE('',*,*,#2011,.F.);
#8444 = PLANE('',#8445);
#8445 = AXIS2_PLACEMENT_3D('',#8446,#8447,#8448);
#8446 = CARTESIAN_POINT('',(13.808509697884,2.619000571993,2.));
#8447 = DIRECTION('',(-1.,2.2E-16,0.));
#8448 = DIRECTION('',(2.2E-16,1.,0.));
#8449 = ADVANCED_FACE('',(#8450),#8468,.T.);
#8450 = FACE_BOUND('',#8451,.T.);
#8451 = EDGE_LOOP('',(#8452,#8453,#8461,#8467));
#8452 = ORIENTED_EDGE('',*,*,#8412,.T.);
#8453 = ORIENTED_EDGE('',*,*,#8454,.T.);
#8454 = EDGE_CURVE('',#8405,#8455,#8457,.T.);
#8455 = VERTEX_POINT('',#8456);
#8456 = CARTESIAN_POINT('',(12.736880557433,1.564817222193,2.6));
#8457 = LINE('',#8458,#8459);
#8458 = CARTESIAN_POINT('',(13.676951276585,1.564817222193,2.6));
#8459 = VECTOR('',#8460,1.);
#8460 = DIRECTION('',(-1.,0.,0.));
#8461 = ORIENTED_EDGE('',*,*,#8462,.F.);
#8462 = EDGE_CURVE('',#1972,#8455,#8463,.T.);
#8463 = LINE('',#8464,#8465);
#8464 = CARTESIAN_POINT('',(12.736880557433,1.564817222193,2.));
#8465 = VECTOR('',#8466,1.);
#8466 = DIRECTION('',(0.,0.,1.));
#8467 = ORIENTED_EDGE('',*,*,#1971,.F.);
#8468 = PLANE('',#8469);
#8469 = AXIS2_PLACEMENT_3D('',#8470,#8471,#8472);
#8470 = CARTESIAN_POINT('',(13.676951276585,1.564817222193,2.));
#8471 = DIRECTION('',(-2.2E-16,-1.,0.));
#8472 = DIRECTION('',(-1.,2.2E-16,0.));
#8473 = ADVANCED_FACE('',(#8474),#8492,.T.);
#8474 = FACE_BOUND('',#8475,.T.);
#8475 = EDGE_LOOP('',(#8476,#8484,#8490,#8491));
#8476 = ORIENTED_EDGE('',*,*,#8477,.T.);
#8477 = EDGE_CURVE('',#1996,#8478,#8480,.T.);
#8478 = VERTEX_POINT('',#8479);
#8479 = CARTESIAN_POINT('',(13.755886329364,2.408221101347,2.6));
#8480 = LINE('',#8481,#8482);
#8481 = CARTESIAN_POINT('',(13.755886329364,2.408221101347,2.));
#8482 = VECTOR('',#8483,1.);
#8483 = DIRECTION('',(0.,0.,1.));
#8484 = ORIENTED_EDGE('',*,*,#8485,.T.);
#8485 = EDGE_CURVE('',#8478,#8430,#8486,.T.);
#8486 = B_SPLINE_CURVE_WITH_KNOTS('',2,(#8487,#8488,#8489),
  .UNSPECIFIED.,.F.,.F.,(3,3),(0.,1.),.PIECEWISE_BEZIER_KNOTS.);
#8487 = CARTESIAN_POINT('',(13.755886329364,2.408221101347,2.6));
#8488 = CARTESIAN_POINT('',(13.808509697884,2.460844469866,2.6));
#8489 = CARTESIAN_POINT('',(13.808509697884,2.619000571993,2.6));
#8490 = ORIENTED_EDGE('',*,*,#8429,.F.);
#8491 = ORIENTED_EDGE('',*,*,#2003,.F.);
#8492 = SURFACE_OF_LINEAR_EXTRUSION('',#8493,#8497);
#8493 = B_SPLINE_CURVE_WITH_KNOTS('',2,(#8494,#8495,#8496),
  .UNSPECIFIED.,.F.,.F.,(3,3),(0.,1.),.PIECEWISE_BEZIER_KNOTS.);
#8494 = CARTESIAN_POINT('',(13.755886329364,2.408221101347,2.));
#8495 = CARTESIAN_POINT('',(13.808509697884,2.460844469866,2.));
#8496 = CARTESIAN_POINT('',(13.808509697884,2.619000571993,2.));
#8497 = VECTOR('',#8498,1.);
#8498 = DIRECTION('',(-0.,-0.,-1.));
#8499 = ADVANCED_FACE('',(#8500),#8518,.T.);
#8500 = FACE_BOUND('',#8501,.T.);
#8501 = EDGE_LOOP('',(#8502,#8503,#8511,#8517));
#8502 = ORIENTED_EDGE('',*,*,#8462,.T.);
#8503 = ORIENTED_EDGE('',*,*,#8504,.T.);
#8504 = EDGE_CURVE('',#8455,#8505,#8507,.T.);
#8505 = VERTEX_POINT('',#8506);
#8506 = CARTESIAN_POINT('',(12.736880557433,2.355597732827,2.6));
#8507 = LINE('',#8508,#8509);
#8508 = CARTESIAN_POINT('',(12.736880557433,1.564817222193,2.6));
#8509 = VECTOR('',#8510,1.);
#8510 = DIRECTION('',(0.,1.,0.));
#8511 = ORIENTED_EDGE('',*,*,#8512,.F.);
#8512 = EDGE_CURVE('',#1980,#8505,#8513,.T.);
#8513 = LINE('',#8514,#8515);
#8514 = CARTESIAN_POINT('',(12.736880557433,2.355597732827,2.));
#8515 = VECTOR('',#8516,1.);
#8516 = DIRECTION('',(0.,0.,1.));
#8517 = ORIENTED_EDGE('',*,*,#1979,.F.);
#8518 = PLANE('',#8519);
#8519 = AXIS2_PLACEMENT_3D('',#8520,#8521,#8522);
#8520 = CARTESIAN_POINT('',(12.736880557433,1.564817222193,2.));
#8521 = DIRECTION('',(-1.,2.2E-16,0.));
#8522 = DIRECTION('',(2.2E-16,1.,0.));
#8523 = ADVANCED_FACE('',(#8524),#8542,.T.);
#8524 = FACE_BOUND('',#8525,.T.);
#8525 = EDGE_LOOP('',(#8526,#8534,#8540,#8541));
#8526 = ORIENTED_EDGE('',*,*,#8527,.T.);
#8527 = EDGE_CURVE('',#1988,#8528,#8530,.T.);
#8528 = VERTEX_POINT('',#8529);
#8529 = CARTESIAN_POINT('',(13.553972752327,2.355597732827,2.6));
#8530 = LINE('',#8531,#8532);
#8531 = CARTESIAN_POINT('',(13.553972752327,2.355597732827,2.));
#8532 = VECTOR('',#8533,1.);
#8533 = DIRECTION('',(0.,0.,1.));
#8534 = ORIENTED_EDGE('',*,*,#8535,.T.);
#8535 = EDGE_CURVE('',#8528,#8478,#8536,.T.);
#8536 = B_SPLINE_CURVE_WITH_KNOTS('',2,(#8537,#8538,#8539),
  .UNSPECIFIED.,.F.,.F.,(3,3),(0.,1.),.PIECEWISE_BEZIER_KNOTS.);
#8537 = CARTESIAN_POINT('',(13.553972752327,2.355597732827,2.6));
#8538 = CARTESIAN_POINT('',(13.703262960844,2.355597732827,2.6));
#8539 = CARTESIAN_POINT('',(13.755886329364,2.408221101347,2.6));
#8540 = ORIENTED_EDGE('',*,*,#8477,.F.);
#8541 = ORIENTED_EDGE('',*,*,#1995,.F.);
#8542 = SURFACE_OF_LINEAR_EXTRUSION('',#8543,#8547);
#8543 = B_SPLINE_CURVE_WITH_KNOTS('',2,(#8544,#8545,#8546),
  .UNSPECIFIED.,.F.,.F.,(3,3),(0.,1.),.PIECEWISE_BEZIER_KNOTS.);
#8544 = CARTESIAN_POINT('',(13.553972752327,2.355597732827,2.));
#8545 = CARTESIAN_POINT('',(13.703262960844,2.355597732827,2.));
#8546 = CARTESIAN_POINT('',(13.755886329364,2.408221101347,2.));
#8547 = VECTOR('',#8548,1.);
#8548 = DIRECTION('',(-0.,-0.,-1.));
#8549 = ADVANCED_FACE('',(#8550),#8561,.T.);
#8550 = FACE_BOUND('',#8551,.T.);
#8551 = EDGE_LOOP('',(#8552,#8553,#8559,#8560));
#8552 = ORIENTED_EDGE('',*,*,#8512,.T.);
#8553 = ORIENTED_EDGE('',*,*,#8554,.T.);
#8554 = EDGE_CURVE('',#8505,#8528,#8555,.T.);
#8555 = LINE('',#8556,#8557);
#8556 = CARTESIAN_POINT('',(12.736880557433,2.355597732827,2.6));
#8557 = VECTOR('',#8558,1.);
#8558 = DIRECTION('',(1.,0.,0.));
#8559 = ORIENTED_EDGE('',*,*,#8527,.F.);
#8560 = ORIENTED_EDGE('',*,*,#1987,.F.);
#8561 = PLANE('',#8562);
#8562 = AXIS2_PLACEMENT_3D('',#8563,#8564,#8565);
#8563 = CARTESIAN_POINT('',(12.736880557433,2.355597732827,2.));
#8564 = DIRECTION('',(2.2E-16,1.,0.));
#8565 = DIRECTION('',(1.,-2.2E-16,0.));
#8566 = ADVANCED_FACE('',(#8567),#8592,.T.);
#8567 = FACE_BOUND('',#8568,.T.);
#8568 = EDGE_LOOP('',(#8569,#8577,#8585,#8591));
#8569 = ORIENTED_EDGE('',*,*,#8570,.T.);
#8570 = EDGE_CURVE('',#2156,#8571,#8573,.T.);
#8571 = VERTEX_POINT('',#8572);
#8572 = CARTESIAN_POINT('',(-12.2527663668,4.679891841298,2.6));
#8573 = LINE('',#8574,#8575);
#8574 = CARTESIAN_POINT('',(-12.2527663668,4.679891841298,2.));
#8575 = VECTOR('',#8576,1.);
#8576 = DIRECTION('',(0.,0.,1.));
#8577 = ORIENTED_EDGE('',*,*,#8578,.T.);
#8578 = EDGE_CURVE('',#8571,#8579,#8581,.T.);
#8579 = VERTEX_POINT('',#8580);
#8580 = CARTESIAN_POINT('',(-12.2527663668,3.274218709375,2.6));
#8581 = LINE('',#8582,#8583);
#8582 = CARTESIAN_POINT('',(-12.2527663668,4.064999220009,2.6));
#8583 = VECTOR('',#8584,1.);
#8584 = DIRECTION('',(-2.2E-16,-1.,0.));
#8585 = ORIENTED_EDGE('',*,*,#8586,.F.);
#8586 = EDGE_CURVE('',#2158,#8579,#8587,.T.);
#8587 = LINE('',#8588,#8589);
#8588 = CARTESIAN_POINT('',(-12.2527663668,3.274218709375,2.));
#8589 = VECTOR('',#8590,1.);
#8590 = DIRECTION('',(0.,0.,1.));
#8591 = ORIENTED_EDGE('',*,*,#2155,.F.);
#8592 = PLANE('',#8593);
#8593 = AXIS2_PLACEMENT_3D('',#8594,#8595,#8596);
#8594 = CARTESIAN_POINT('',(-12.2527663668,3.977055275337,2.3));
#8595 = DIRECTION('',(1.,-1.41E-15,0.));
#8596 = DIRECTION('',(1.41E-15,1.,0.));
#8597 = ADVANCED_FACE('',(#8598),#8616,.T.);
#8598 = FACE_BOUND('',#8599,.T.);
#8599 = EDGE_LOOP('',(#8600,#8608,#8614,#8615));
#8600 = ORIENTED_EDGE('',*,*,#8601,.T.);
#8601 = EDGE_CURVE('',#2350,#8602,#8604,.T.);
#8602 = VERTEX_POINT('',#8603);
#8603 = CARTESIAN_POINT('',(-12.2044329468,4.895247257033,2.6));
#8604 = LINE('',#8605,#8606);
#8605 = CARTESIAN_POINT('',(-12.2044329468,4.895247257033,2.));
#8606 = VECTOR('',#8607,1.);
#8607 = DIRECTION('',(0.,0.,1.));
#8608 = ORIENTED_EDGE('',*,*,#8609,.T.);
#8609 = EDGE_CURVE('',#8602,#8571,#8610,.T.);
#8610 = B_SPLINE_CURVE_WITH_KNOTS('',2,(#8611,#8612,#8613),
  .UNSPECIFIED.,.F.,.F.,(3,3),(0.,1.),.PIECEWISE_BEZIER_KNOTS.);
#8611 = CARTESIAN_POINT('',(-12.2044329468,4.895247257033,2.6));
#8612 = CARTESIAN_POINT('',(-12.2527663668,4.846913837034,2.6));
#8613 = CARTESIAN_POINT('',(-12.2527663668,4.679891841298,2.6));
#8614 = ORIENTED_EDGE('',*,*,#8570,.F.);
#8615 = ORIENTED_EDGE('',*,*,#2357,.F.);
#8616 = SURFACE_OF_LINEAR_EXTRUSION('',#8617,#8621);
#8617 = B_SPLINE_CURVE_WITH_KNOTS('',2,(#8618,#8619,#8620),
  .UNSPECIFIED.,.F.,.F.,(3,3),(0.,1.),.PIECEWISE_BEZIER_KNOTS.);
#8618 = CARTESIAN_POINT('',(-12.2044329468,4.895247257033,2.));
#8619 = CARTESIAN_POINT('',(-12.2527663668,4.846913837034,2.));
#8620 = CARTESIAN_POINT('',(-12.2527663668,4.679891841298,2.));
#8621 = VECTOR('',#8622,1.);
#8622 = DIRECTION('',(-0.,-0.,-1.));
#8623 = ADVANCED_FACE('',(#8624),#8642,.T.);
#8624 = FACE_BOUND('',#8625,.T.);
#8625 = EDGE_LOOP('',(#8626,#8627,#8635,#8641));
#8626 = ORIENTED_EDGE('',*,*,#8586,.T.);
#8627 = ORIENTED_EDGE('',*,*,#8628,.T.);
#8628 = EDGE_CURVE('',#8579,#8629,#8631,.T.);
#8629 = VERTEX_POINT('',#8630);
#8630 = CARTESIAN_POINT('',(-14.95,3.274218709375,2.6));
#8631 = LINE('',#8632,#8633);
#8632 = CARTESIAN_POINT('',(-12.2527663668,3.274218709375,2.6));
#8633 = VECTOR('',#8634,1.);
#8634 = DIRECTION('',(-1.,0.,0.));
#8635 = ORIENTED_EDGE('',*,*,#8636,.F.);
#8636 = EDGE_CURVE('',#2166,#8629,#8637,.T.);
#8637 = LINE('',#8638,#8639);
#8638 = CARTESIAN_POINT('',(-14.95,3.274218709375,2.));
#8639 = VECTOR('',#8640,1.);
#8640 = DIRECTION('',(0.,0.,1.));
#8641 = ORIENTED_EDGE('',*,*,#2165,.F.);
#8642 = PLANE('',#8643);
#8643 = AXIS2_PLACEMENT_3D('',#8644,#8645,#8646);
#8644 = CARTESIAN_POINT('',(-12.2527663668,3.274218709375,2.));
#8645 = DIRECTION('',(-2.2E-16,-1.,0.));
#8646 = DIRECTION('',(-1.,2.2E-16,0.));
#8647 = ADVANCED_FACE('',(#8648),#8666,.T.);
#8648 = FACE_BOUND('',#8649,.T.);
#8649 = EDGE_LOOP('',(#8650,#8658,#8664,#8665));
#8650 = ORIENTED_EDGE('',*,*,#8651,.T.);
#8651 = EDGE_CURVE('',#2342,#8652,#8654,.T.);
#8652 = VERTEX_POINT('',#8653);
#8653 = CARTESIAN_POINT('',(-11.98907753107,4.943580677032,2.6));
#8654 = LINE('',#8655,#8656);
#8655 = CARTESIAN_POINT('',(-11.98907753107,4.943580677032,2.));
#8656 = VECTOR('',#8657,1.);
#8657 = DIRECTION('',(0.,0.,1.));
#8658 = ORIENTED_EDGE('',*,*,#8659,.T.);
#8659 = EDGE_CURVE('',#8652,#8602,#8660,.T.);
#8660 = B_SPLINE_CURVE_WITH_KNOTS('',2,(#8661,#8662,#8663),
  .UNSPECIFIED.,.F.,.F.,(3,3),(0.,1.),.PIECEWISE_BEZIER_KNOTS.);
#8661 = CARTESIAN_POINT('',(-11.98907753107,4.943580677032,2.6));
#8662 = CARTESIAN_POINT('',(-12.1560995268,4.943580677032,2.6));
#8663 = CARTESIAN_POINT('',(-12.2044329468,4.895247257033,2.6));
#8664 = ORIENTED_EDGE('',*,*,#8601,.F.);
#8665 = ORIENTED_EDGE('',*,*,#2349,.F.);
#8666 = SURFACE_OF_LINEAR_EXTRUSION('',#8667,#8671);
#8667 = B_SPLINE_CURVE_WITH_KNOTS('',2,(#8668,#8669,#8670),
  .UNSPECIFIED.,.F.,.F.,(3,3),(0.,1.),.PIECEWISE_BEZIER_KNOTS.);
#8668 = CARTESIAN_POINT('',(-11.98907753107,4.943580677032,2.));
#8669 = CARTESIAN_POINT('',(-12.1560995268,4.943580677032,2.));
#8670 = CARTESIAN_POINT('',(-12.2044329468,4.895247257033,2.));
#8671 = VECTOR('',#8672,1.);
#8672 = DIRECTION('',(-0.,-0.,-1.));
#8673 = ADVANCED_FACE('',(#8674),#8692,.T.);
#8674 = FACE_BOUND('',#8675,.T.);
#8675 = EDGE_LOOP('',(#8676,#8677,#8685,#8691));
#8676 = ORIENTED_EDGE('',*,*,#8636,.T.);
#8677 = ORIENTED_EDGE('',*,*,#8678,.T.);
#8678 = EDGE_CURVE('',#8629,#8679,#8681,.T.);
#8679 = VERTEX_POINT('',#8680);
#8680 = CARTESIAN_POINT('',(-14.95,5.725495294056,2.6));
#8681 = LINE('',#8682,#8683);
#8682 = CARTESIAN_POINT('',(-14.95,3.274218709375,2.6));
#8683 = VECTOR('',#8684,1.);
#8684 = DIRECTION('',(0.,1.,0.));
#8685 = ORIENTED_EDGE('',*,*,#8686,.F.);
#8686 = EDGE_CURVE('',#2174,#8679,#8687,.T.);
#8687 = LINE('',#8688,#8689);
#8688 = CARTESIAN_POINT('',(-14.95,5.725495294056,2.));
#8689 = VECTOR('',#8690,1.);
#8690 = DIRECTION('',(0.,0.,1.));
#8691 = ORIENTED_EDGE('',*,*,#2173,.F.);
#8692 = PLANE('',#8693);
#8693 = AXIS2_PLACEMENT_3D('',#8694,#8695,#8696);
#8694 = CARTESIAN_POINT('',(-14.95,3.274218709375,2.));
#8695 = DIRECTION('',(-1.,2.2E-16,0.));
#8696 = DIRECTION('',(2.2E-16,1.,0.));
#8697 = ADVANCED_FACE('',(#8698),#8716,.T.);
#8698 = FACE_BOUND('',#8699,.T.);
#8699 = EDGE_LOOP('',(#8700,#8708,#8714,#8715));
#8700 = ORIENTED_EDGE('',*,*,#8701,.T.);
#8701 = EDGE_CURVE('',#2334,#8702,#8704,.T.);
#8702 = VERTEX_POINT('',#8703);
#8703 = CARTESIAN_POINT('',(-10.34602724767,4.943580677032,2.6));
#8704 = LINE('',#8705,#8706);
#8705 = CARTESIAN_POINT('',(-10.34602724767,4.943580677032,2.));
#8706 = VECTOR('',#8707,1.);
#8707 = DIRECTION('',(0.,0.,1.));
#8708 = ORIENTED_EDGE('',*,*,#8709,.T.);
#8709 = EDGE_CURVE('',#8702,#8652,#8710,.T.);
#8710 = LINE('',#8711,#8712);
#8711 = CARTESIAN_POINT('',(-10.34602724767,4.943580677032,2.6));
#8712 = VECTOR('',#8713,1.);
#8713 = DIRECTION('',(-1.,0.,0.));
#8714 = ORIENTED_EDGE('',*,*,#8651,.F.);
#8715 = ORIENTED_EDGE('',*,*,#2341,.F.);
#8716 = PLANE('',#8717);
#8717 = AXIS2_PLACEMENT_3D('',#8718,#8719,#8720);
#8718 = CARTESIAN_POINT('',(-10.34602724767,4.943580677032,2.));
#8719 = DIRECTION('',(-2.2E-16,-1.,0.));
#8720 = DIRECTION('',(-1.,2.2E-16,0.));
#8721 = ADVANCED_FACE('',(#8722),#8740,.T.);
#8722 = FACE_BOUND('',#8723,.T.);
#8723 = EDGE_LOOP('',(#8724,#8725,#8733,#8739));
#8724 = ORIENTED_EDGE('',*,*,#8686,.T.);
#8725 = ORIENTED_EDGE('',*,*,#8726,.T.);
#8726 = EDGE_CURVE('',#8679,#8727,#8729,.T.);
#8727 = VERTEX_POINT('',#8728);
#8728 = CARTESIAN_POINT('',(-14.30850969788,5.725495294056,2.6));
#8729 = LINE('',#8730,#8731);
#8730 = CARTESIAN_POINT('',(-14.95,5.725495294056,2.6));
#8731 = VECTOR('',#8732,1.);
#8732 = DIRECTION('',(1.,0.,0.));
#8733 = ORIENTED_EDGE('',*,*,#8734,.F.);
#8734 = EDGE_CURVE('',#2182,#8727,#8735,.T.);
#8735 = LINE('',#8736,#8737);
#8736 = CARTESIAN_POINT('',(-14.30850969788,5.725495294056,2.));
#8737 = VECTOR('',#8738,1.);
#8738 = DIRECTION('',(0.,0.,1.));
#8739 = ORIENTED_EDGE('',*,*,#2181,.F.);
#8740 = PLANE('',#8741);
#8741 = AXIS2_PLACEMENT_3D('',#8742,#8743,#8744);
#8742 = CARTESIAN_POINT('',(-14.95,5.725495294056,2.));
#8743 = DIRECTION('',(2.2E-16,1.,0.));
#8744 = DIRECTION('',(1.,-2.2E-16,0.));
#8745 = ADVANCED_FACE('',(#8746),#8764,.T.);
#8746 = FACE_BOUND('',#8747,.T.);
#8747 = EDGE_LOOP('',(#8748,#8756,#8762,#8763));
#8748 = ORIENTED_EDGE('',*,*,#8749,.T.);
#8749 = EDGE_CURVE('',#2326,#8750,#8752,.T.);
#8750 = VERTEX_POINT('',#8751);
#8751 = CARTESIAN_POINT('',(-10.14411367063,4.895247257033,2.6));
#8752 = LINE('',#8753,#8754);
#8753 = CARTESIAN_POINT('',(-10.14411367063,4.895247257033,2.));
#8754 = VECTOR('',#8755,1.);
#8755 = DIRECTION('',(0.,0.,1.));
#8756 = ORIENTED_EDGE('',*,*,#8757,.T.);
#8757 = EDGE_CURVE('',#8750,#8702,#8758,.T.);
#8758 = B_SPLINE_CURVE_WITH_KNOTS('',2,(#8759,#8760,#8761),
  .UNSPECIFIED.,.F.,.F.,(3,3),(0.,1.),.PIECEWISE_BEZIER_KNOTS.);
#8759 = CARTESIAN_POINT('',(-10.14411367063,4.895247257033,2.6));
#8760 = CARTESIAN_POINT('',(-10.19673703915,4.943580677032,2.6));
#8761 = CARTESIAN_POINT('',(-10.34602724767,4.943580677032,2.6));
#8762 = ORIENTED_EDGE('',*,*,#8701,.F.);
#8763 = ORIENTED_EDGE('',*,*,#2333,.F.);
#8764 = SURFACE_OF_LINEAR_EXTRUSION('',#8765,#8769);
#8765 = B_SPLINE_CURVE_WITH_KNOTS('',2,(#8766,#8767,#8768),
  .UNSPECIFIED.,.F.,.F.,(3,3),(0.,1.),.PIECEWISE_BEZIER_KNOTS.);
#8766 = CARTESIAN_POINT('',(-10.14411367063,4.895247257033,2.));
#8767 = CARTESIAN_POINT('',(-10.19673703915,4.943580677032,2.));
#8768 = CARTESIAN_POINT('',(-10.34602724767,4.943580677032,2.));
#8769 = VECTOR('',#8770,1.);
#8770 = DIRECTION('',(-0.,-0.,-1.));
#8771 = ADVANCED_FACE('',(#8772),#8790,.T.);
#8772 = FACE_BOUND('',#8773,.T.);
#8773 = EDGE_LOOP('',(#8774,#8775,#8783,#8789));
#8774 = ORIENTED_EDGE('',*,*,#8734,.T.);
#8775 = ORIENTED_EDGE('',*,*,#8776,.T.);
#8776 = EDGE_CURVE('',#8727,#8777,#8779,.T.);
#8777 = VERTEX_POINT('',#8778);
#8778 = CARTESIAN_POINT('',(-14.30850969788,4.064999220009,2.6));
#8779 = LINE('',#8780,#8781);
#8780 = CARTESIAN_POINT('',(-14.30850969788,5.725495294056,2.6));
#8781 = VECTOR('',#8782,1.);
#8782 = DIRECTION('',(0.,-1.,0.));
#8783 = ORIENTED_EDGE('',*,*,#8784,.F.);
#8784 = EDGE_CURVE('',#2190,#8777,#8785,.T.);
#8785 = LINE('',#8786,#8787);
#8786 = CARTESIAN_POINT('',(-14.30850969788,4.064999220009,2.));
#8787 = VECTOR('',#8788,1.);
#8788 = DIRECTION('',(0.,0.,1.));
#8789 = ORIENTED_EDGE('',*,*,#2189,.F.);
#8790 = PLANE('',#8791);
#8791 = AXIS2_PLACEMENT_3D('',#8792,#8793,#8794);
#8792 = CARTESIAN_POINT('',(-14.30850969788,5.725495294056,2.));
#8793 = DIRECTION('',(1.,-2.2E-16,0.));
#8794 = DIRECTION('',(-2.2E-16,-1.,0.));
#8795 = ADVANCED_FACE('',(#8796),#8814,.T.);
#8796 = FACE_BOUND('',#8797,.T.);
#8797 = EDGE_LOOP('',(#8798,#8806,#8812,#8813));
#8798 = ORIENTED_EDGE('',*,*,#8799,.T.);
#8799 = EDGE_CURVE('',#2318,#8800,#8802,.T.);
#8800 = VERTEX_POINT('',#8801);
#8801 = CARTESIAN_POINT('',(-10.09149030211,4.679891841298,2.6));
#8802 = LINE('',#8803,#8804);
#8803 = CARTESIAN_POINT('',(-10.09149030211,4.679891841298,2.));
#8804 = VECTOR('',#8805,1.);
#8805 = DIRECTION('',(0.,0.,1.));
#8806 = ORIENTED_EDGE('',*,*,#8807,.T.);
#8807 = EDGE_CURVE('',#8800,#8750,#8808,.T.);
#8808 = B_SPLINE_CURVE_WITH_KNOTS('',2,(#8809,#8810,#8811),
  .UNSPECIFIED.,.F.,.F.,(3,3),(0.,1.),.PIECEWISE_BEZIER_KNOTS.);
#8809 = CARTESIAN_POINT('',(-10.09149030211,4.679891841298,2.6));
#8810 = CARTESIAN_POINT('',(-10.09149030211,4.846913837034,2.6));
#8811 = CARTESIAN_POINT('',(-10.14411367063,4.895247257033,2.6));
#8812 = ORIENTED_EDGE('',*,*,#8749,.F.);
#8813 = ORIENTED_EDGE('',*,*,#2325,.F.);
#8814 = SURFACE_OF_LINEAR_EXTRUSION('',#8815,#8819);
#8815 = B_SPLINE_CURVE_WITH_KNOTS('',2,(#8816,#8817,#8818),
  .UNSPECIFIED.,.F.,.F.,(3,3),(0.,1.),.PIECEWISE_BEZIER_KNOTS.);
#8816 = CARTESIAN_POINT('',(-10.09149030211,4.679891841298,2.));
#8817 = CARTESIAN_POINT('',(-10.09149030211,4.846913837034,2.));
#8818 = CARTESIAN_POINT('',(-10.14411367063,4.895247257033,2.));
#8819 = VECTOR('',#8820,1.);
#8820 = DIRECTION('',(-0.,-0.,-1.));
#8821 = ADVANCED_FACE('',(#8822),#8840,.T.);
#8822 = FACE_BOUND('',#8823,.T.);
#8823 = EDGE_LOOP('',(#8824,#8825,#8833,#8839));
#8824 = ORIENTED_EDGE('',*,*,#8784,.T.);
#8825 = ORIENTED_EDGE('',*,*,#8826,.T.);
#8826 = EDGE_CURVE('',#8777,#8827,#8829,.T.);
#8827 = VERTEX_POINT('',#8828);
#8828 = CARTESIAN_POINT('',(-12.88539077531,4.064999220009,2.6));
#8829 = LINE('',#8830,#8831);
#8830 = CARTESIAN_POINT('',(-14.30850969788,4.064999220009,2.6));
#8831 = VECTOR('',#8832,1.);
#8832 = DIRECTION('',(1.,0.,0.));
#8833 = ORIENTED_EDGE('',*,*,#8834,.F.);
#8834 = EDGE_CURVE('',#2198,#8827,#8835,.T.);
#8835 = LINE('',#8836,#8837);
#8836 = CARTESIAN_POINT('',(-12.88539077531,4.064999220009,2.));
#8837 = VECTOR('',#8838,1.);
#8838 = DIRECTION('',(0.,0.,1.));
#8839 = ORIENTED_EDGE('',*,*,#2197,.F.);
#8840 = PLANE('',#8841);
#8841 = AXIS2_PLACEMENT_3D('',#8842,#8843,#8844);
#8842 = CARTESIAN_POINT('',(-14.30850969788,4.064999220009,2.));
#8843 = DIRECTION('',(2.2E-16,1.,0.));
#8844 = DIRECTION('',(1.,-2.2E-16,0.));
#8845 = ADVANCED_FACE('',(#8846),#8864,.T.);
#8846 = FACE_BOUND('',#8847,.T.);
#8847 = EDGE_LOOP('',(#8848,#8856,#8862,#8863));
#8848 = ORIENTED_EDGE('',*,*,#8849,.T.);
#8849 = EDGE_CURVE('',#2310,#8850,#8852,.T.);
#8850 = VERTEX_POINT('',#8851);
#8851 = CARTESIAN_POINT('',(-10.09149030211,4.319822162134,2.6));
#8852 = LINE('',#8853,#8854);
#8853 = CARTESIAN_POINT('',(-10.09149030211,4.319822162134,2.));
#8854 = VECTOR('',#8855,1.);
#8855 = DIRECTION('',(0.,0.,1.));
#8856 = ORIENTED_EDGE('',*,*,#8857,.T.);
#8857 = EDGE_CURVE('',#8850,#8800,#8858,.T.);
#8858 = LINE('',#8859,#8860);
#8859 = CARTESIAN_POINT('',(-10.09149030211,4.319822162134,2.6));
#8860 = VECTOR('',#8861,1.);
#8861 = DIRECTION('',(0.,1.,0.));
#8862 = ORIENTED_EDGE('',*,*,#8799,.F.);
#8863 = ORIENTED_EDGE('',*,*,#2317,.F.);
#8864 = PLANE('',#8865);
#8865 = AXIS2_PLACEMENT_3D('',#8866,#8867,#8868);
#8866 = CARTESIAN_POINT('',(-10.09149030211,4.319822162134,2.));
#8867 = DIRECTION('',(-1.,2.2E-16,0.));
#8868 = DIRECTION('',(2.2E-16,1.,0.));
#8869 = ADVANCED_FACE('',(#8870),#8888,.T.);
#8870 = FACE_BOUND('',#8871,.T.);
#8871 = EDGE_LOOP('',(#8872,#8873,#8881,#8887));
#8872 = ORIENTED_EDGE('',*,*,#8834,.T.);
#8873 = ORIENTED_EDGE('',*,*,#8874,.T.);
#8874 = EDGE_CURVE('',#8827,#8875,#8877,.T.);
#8875 = VERTEX_POINT('',#8876);
#8876 = CARTESIAN_POINT('',(-12.88539077531,4.917268992772,2.6));
#8877 = LINE('',#8878,#8879);
#8878 = CARTESIAN_POINT('',(-12.88539077531,3.757552909365,2.6));
#8879 = VECTOR('',#8880,1.);
#8880 = DIRECTION('',(0.,1.,0.));
#8881 = ORIENTED_EDGE('',*,*,#8882,.F.);
#8882 = EDGE_CURVE('',#2206,#8875,#8883,.T.);
#8883 = LINE('',#8884,#8885);
#8884 = CARTESIAN_POINT('',(-12.88539077531,4.917268992772,2.));
#8885 = VECTOR('',#8886,1.);
#8886 = DIRECTION('',(0.,0.,1.));
#8887 = ORIENTED_EDGE('',*,*,#2205,.F.);
#8888 = PLANE('',#8889);
#8889 = AXIS2_PLACEMENT_3D('',#8890,#8891,#8892);
#8890 = CARTESIAN_POINT('',(-12.88539077531,4.064999220009,2.));
#8891 = DIRECTION('',(-1.,2.2E-16,0.));
#8892 = DIRECTION('',(2.2E-16,1.,0.));
#8893 = ADVANCED_FACE('',(#8894),#8912,.T.);
#8894 = FACE_BOUND('',#8895,.T.);
#8895 = EDGE_LOOP('',(#8896,#8904,#8910,#8911));
#8896 = ORIENTED_EDGE('',*,*,#8897,.T.);
#8897 = EDGE_CURVE('',#2302,#8898,#8900,.T.);
#8898 = VERTEX_POINT('',#8899);
#8899 = CARTESIAN_POINT('',(-10.14411367063,4.10875669492,2.6));
#8900 = LINE('',#8901,#8902);
#8901 = CARTESIAN_POINT('',(-10.14411367063,4.10875669492,2.));
#8902 = VECTOR('',#8903,1.);
#8903 = DIRECTION('',(0.,0.,1.));
#8904 = ORIENTED_EDGE('',*,*,#8905,.T.);
#8905 = EDGE_CURVE('',#8898,#8850,#8906,.T.);
#8906 = B_SPLINE_CURVE_WITH_KNOTS('',2,(#8907,#8908,#8909),
  .UNSPECIFIED.,.F.,.F.,(3,3),(0.,1.),.PIECEWISE_BEZIER_KNOTS.);
#8907 = CARTESIAN_POINT('',(-10.14411367063,4.10875669492,2.6));
#8908 = CARTESIAN_POINT('',(-10.09149030211,4.161666060007,2.6));
#8909 = CARTESIAN_POINT('',(-10.09149030211,4.319822162134,2.6));
#8910 = ORIENTED_EDGE('',*,*,#8849,.F.);
#8911 = ORIENTED_EDGE('',*,*,#2309,.F.);
#8912 = SURFACE_OF_LINEAR_EXTRUSION('',#8913,#8917);
#8913 = B_SPLINE_CURVE_WITH_KNOTS('',2,(#8914,#8915,#8916),
  .UNSPECIFIED.,.F.,.F.,(3,3),(0.,1.),.PIECEWISE_BEZIER_KNOTS.);
#8914 = CARTESIAN_POINT('',(-10.14411367063,4.10875669492,2.));
#8915 = CARTESIAN_POINT('',(-10.09149030211,4.161666060007,2.));
#8916 = CARTESIAN_POINT('',(-10.09149030211,4.319822162134,2.));
#8917 = VECTOR('',#8918,1.);
#8918 = DIRECTION('',(-0.,-0.,-1.));
#8919 = ADVANCED_FACE('',(#8920),#8938,.T.);
#8920 = FACE_BOUND('',#8921,.T.);
#8921 = EDGE_LOOP('',(#8922,#8923,#8931,#8937));
#8922 = ORIENTED_EDGE('',*,*,#8882,.T.);
#8923 = ORIENTED_EDGE('',*,*,#8924,.T.);
#8924 = EDGE_CURVE('',#8875,#8925,#8927,.T.);
#8925 = VERTEX_POINT('',#8926);
#8926 = CARTESIAN_POINT('',(-12.68748115022,5.545317456191,2.6));
#8927 = B_SPLINE_CURVE_WITH_KNOTS('',2,(#8928,#8929,#8930),
  .UNSPECIFIED.,.F.,.F.,(3,3),(0.,1.),.PIECEWISE_BEZIER_KNOTS.);
#8928 = CARTESIAN_POINT('',(-12.88539077531,4.917268992772,2.6));
#8929 = CARTESIAN_POINT('',(-12.88539077531,5.347693827674,2.6));
#8930 = CARTESIAN_POINT('',(-12.68748115022,5.545317456191,2.6));
#8931 = ORIENTED_EDGE('',*,*,#8932,.F.);
#8932 = EDGE_CURVE('',#2214,#8925,#8933,.T.);
#8933 = LINE('',#8934,#8935);
#8934 = CARTESIAN_POINT('',(-12.68748115022,5.545317456191,2.));
#8935 = VECTOR('',#8936,1.);
#8936 = DIRECTION('',(0.,0.,1.));
#8937 = ORIENTED_EDGE('',*,*,#2213,.F.);
#8938 = SURFACE_OF_LINEAR_EXTRUSION('',#8939,#8943);
#8939 = B_SPLINE_CURVE_WITH_KNOTS('',2,(#8940,#8941,#8942),
  .UNSPECIFIED.,.F.,.F.,(3,3),(0.,1.),.PIECEWISE_BEZIER_KNOTS.);
#8940 = CARTESIAN_POINT('',(-12.88539077531,4.917268992772,2.));
#8941 = CARTESIAN_POINT('',(-12.88539077531,5.347693827674,2.));
#8942 = CARTESIAN_POINT('',(-12.68748115022,5.545317456191,2.));
#8943 = VECTOR('',#8944,1.);
#8944 = DIRECTION('',(-0.,-0.,-1.));
#8945 = ADVANCED_FACE('',(#8946),#8964,.T.);
#8946 = FACE_BOUND('',#8947,.T.);
#8947 = EDGE_LOOP('',(#8948,#8956,#8962,#8963));
#8948 = ORIENTED_EDGE('',*,*,#8949,.T.);
#8949 = EDGE_CURVE('',#2294,#8950,#8952,.T.);
#8950 = VERTEX_POINT('',#8951);
#8951 = CARTESIAN_POINT('',(-10.34602724767,4.0561333264,2.6));
#8952 = LINE('',#8953,#8954);
#8953 = CARTESIAN_POINT('',(-10.34602724767,4.0561333264,2.));
#8954 = VECTOR('',#8955,1.);
#8955 = DIRECTION('',(0.,0.,1.));
#8956 = ORIENTED_EDGE('',*,*,#8957,.T.);
#8957 = EDGE_CURVE('',#8950,#8898,#8958,.T.);
#8958 = B_SPLINE_CURVE_WITH_KNOTS('',2,(#8959,#8960,#8961),
  .UNSPECIFIED.,.F.,.F.,(3,3),(0.,1.),.PIECEWISE_BEZIER_KNOTS.);
#8959 = CARTESIAN_POINT('',(-10.34602724767,4.0561333264,2.6));
#8960 = CARTESIAN_POINT('',(-10.19673703915,4.0561333264,2.6));
#8961 = CARTESIAN_POINT('',(-10.14411367063,4.10875669492,2.6));
#8962 = ORIENTED_EDGE('',*,*,#8897,.F.);
#8963 = ORIENTED_EDGE('',*,*,#2301,.F.);
#8964 = SURFACE_OF_LINEAR_EXTRUSION('',#8965,#8969);
#8965 = B_SPLINE_CURVE_WITH_KNOTS('',2,(#8966,#8967,#8968),
  .UNSPECIFIED.,.F.,.F.,(3,3),(0.,1.),.PIECEWISE_BEZIER_KNOTS.);
#8966 = CARTESIAN_POINT('',(-10.34602724767,4.0561333264,2.));
#8967 = CARTESIAN_POINT('',(-10.19673703915,4.0561333264,2.));
#8968 = CARTESIAN_POINT('',(-10.14411367063,4.10875669492,2.));
#8969 = VECTOR('',#8970,1.);
#8970 = DIRECTION('',(-0.,-0.,-1.));
#8971 = ADVANCED_FACE('',(#8972),#8990,.T.);
#8972 = FACE_BOUND('',#8973,.T.);
#8973 = EDGE_LOOP('',(#8974,#8975,#8983,#8989));
#8974 = ORIENTED_EDGE('',*,*,#8932,.T.);
#8975 = ORIENTED_EDGE('',*,*,#8976,.T.);
#8976 = EDGE_CURVE('',#8925,#8977,#8979,.T.);
#8977 = VERTEX_POINT('',#8978);
#8978 = CARTESIAN_POINT('',(-12.11205605532,5.743227081275,2.6));
#8979 = B_SPLINE_CURVE_WITH_KNOTS('',2,(#8980,#8981,#8982),
  .UNSPECIFIED.,.F.,.F.,(3,3),(0.,1.),.PIECEWISE_BEZIER_KNOTS.);
#8980 = CARTESIAN_POINT('',(-12.68748115022,5.545317456191,2.6));
#8981 = CARTESIAN_POINT('',(-12.48985752171,5.743227081275,2.6));
#8982 = CARTESIAN_POINT('',(-12.11205605532,5.743227081275,2.6));
#8983 = ORIENTED_EDGE('',*,*,#8984,.F.);
#8984 = EDGE_CURVE('',#2222,#8977,#8985,.T.);
#8985 = LINE('',#8986,#8987);
#8986 = CARTESIAN_POINT('',(-12.11205605532,5.743227081275,2.));
#8987 = VECTOR('',#8988,1.);
#8988 = DIRECTION('',(0.,0.,1.));
#8989 = ORIENTED_EDGE('',*,*,#2221,.F.);
#8990 = SURFACE_OF_LINEAR_EXTRUSION('',#8991,#8995);
#8991 = B_SPLINE_CURVE_WITH_KNOTS('',2,(#8992,#8993,#8994),
  .UNSPECIFIED.,.F.,.F.,(3,3),(0.,1.),.PIECEWISE_BEZIER_KNOTS.);
#8992 = CARTESIAN_POINT('',(-12.68748115022,5.545317456191,2.));
#8993 = CARTESIAN_POINT('',(-12.48985752171,5.743227081275,2.));
#8994 = CARTESIAN_POINT('',(-12.11205605532,5.743227081275,2.));
#8995 = VECTOR('',#8996,1.);
#8996 = DIRECTION('',(-0.,-0.,-1.));
#8997 = ADVANCED_FACE('',(#8998),#9016,.T.);
#8998 = FACE_BOUND('',#8999,.T.);
#8999 = EDGE_LOOP('',(#9000,#9008,#9014,#9015));
#9000 = ORIENTED_EDGE('',*,*,#9001,.T.);
#9001 = EDGE_CURVE('',#2286,#9002,#9004,.T.);
#9002 = VERTEX_POINT('',#9003);
#9003 = CARTESIAN_POINT('',(-11.19829702043,4.0561333264,2.6));
#9004 = LINE('',#9005,#9006);
#9005 = CARTESIAN_POINT('',(-11.19829702043,4.0561333264,2.));
#9006 = VECTOR('',#9007,1.);
#9007 = DIRECTION('',(0.,0.,1.));
#9008 = ORIENTED_EDGE('',*,*,#9009,.T.);
#9009 = EDGE_CURVE('',#9002,#8950,#9010,.T.);
#9010 = LINE('',#9011,#9012);
#9011 = CARTESIAN_POINT('',(-11.19829702043,4.0561333264,2.6));
#9012 = VECTOR('',#9013,1.);
#9013 = DIRECTION('',(1.,0.,0.));
#9014 = ORIENTED_EDGE('',*,*,#8949,.F.);
#9015 = ORIENTED_EDGE('',*,*,#2293,.F.);
#9016 = PLANE('',#9017);
#9017 = AXIS2_PLACEMENT_3D('',#9018,#9019,#9020);
#9018 = CARTESIAN_POINT('',(-11.19829702043,4.0561333264,2.));
#9019 = DIRECTION('',(2.2E-16,1.,0.));
#9020 = DIRECTION('',(1.,-2.2E-16,0.));
#9021 = ADVANCED_FACE('',(#9022),#9040,.T.);
#9022 = FACE_BOUND('',#9023,.T.);
#9023 = EDGE_LOOP('',(#9024,#9025,#9033,#9039));
#9024 = ORIENTED_EDGE('',*,*,#8984,.T.);
#9025 = ORIENTED_EDGE('',*,*,#9026,.T.);
#9026 = EDGE_CURVE('',#8977,#9027,#9029,.T.);
#9027 = VERTEX_POINT('',#9028);
#9028 = CARTESIAN_POINT('',(-10.22304872341,5.743227081275,2.6));
#9029 = LINE('',#9030,#9031);
#9030 = CARTESIAN_POINT('',(-12.11205605532,5.743227081275,2.6));
#9031 = VECTOR('',#9032,1.);
#9032 = DIRECTION('',(1.,0.,0.));
#9033 = ORIENTED_EDGE('',*,*,#9034,.F.);
#9034 = EDGE_CURVE('',#2230,#9027,#9035,.T.);
#9035 = LINE('',#9036,#9037);
#9036 = CARTESIAN_POINT('',(-10.22304872341,5.743227081275,2.));
#9037 = VECTOR('',#9038,1.);
#9038 = DIRECTION('',(0.,0.,1.));
#9039 = ORIENTED_EDGE('',*,*,#2229,.F.);
#9040 = PLANE('',#9041);
#9041 = AXIS2_PLACEMENT_3D('',#9042,#9043,#9044);
#9042 = CARTESIAN_POINT('',(-12.11205605532,5.743227081275,2.));
#9043 = DIRECTION('',(2.2E-16,1.,0.));
#9044 = DIRECTION('',(1.,-2.2E-16,0.));
#9045 = ADVANCED_FACE('',(#9046),#9064,.T.);
#9046 = FACE_BOUND('',#9047,.T.);
#9047 = EDGE_LOOP('',(#9048,#9056,#9062,#9063));
#9048 = ORIENTED_EDGE('',*,*,#9049,.T.);
#9049 = EDGE_CURVE('',#2278,#9050,#9052,.T.);
#9050 = VERTEX_POINT('',#9051);
#9051 = CARTESIAN_POINT('',(-11.19829702043,3.256772918725,2.6));
#9052 = LINE('',#9053,#9054);
#9053 = CARTESIAN_POINT('',(-11.19829702043,3.256772918725,2.));
#9054 = VECTOR('',#9055,1.);
#9055 = DIRECTION('',(0.,0.,1.));
#9056 = ORIENTED_EDGE('',*,*,#9057,.T.);
#9057 = EDGE_CURVE('',#9050,#9002,#9058,.T.);
#9058 = LINE('',#9059,#9060);
#9059 = CARTESIAN_POINT('',(-11.19829702043,3.256772918725,2.6));
#9060 = VECTOR('',#9061,1.);
#9061 = DIRECTION('',(0.,1.,0.));
#9062 = ORIENTED_EDGE('',*,*,#9001,.F.);
#9063 = ORIENTED_EDGE('',*,*,#2285,.F.);
#9064 = PLANE('',#9065);
#9065 = AXIS2_PLACEMENT_3D('',#9066,#9067,#9068);
#9066 = CARTESIAN_POINT('',(-11.19829702043,3.256772918725,2.));
#9067 = DIRECTION('',(-1.,2.2E-16,0.));
#9068 = DIRECTION('',(2.2E-16,1.,0.));
#9069 = ADVANCED_FACE('',(#9070),#9088,.T.);
#9070 = FACE_BOUND('',#9071,.T.);
#9071 = EDGE_LOOP('',(#9072,#9073,#9081,#9087));
#9072 = ORIENTED_EDGE('',*,*,#9034,.T.);
#9073 = ORIENTED_EDGE('',*,*,#9074,.T.);
#9074 = EDGE_CURVE('',#9027,#9075,#9077,.T.);
#9075 = VERTEX_POINT('',#9076);
#9076 = CARTESIAN_POINT('',(-9.647623628516,5.545317456191,2.6));
#9077 = B_SPLINE_CURVE_WITH_KNOTS('',2,(#9078,#9079,#9080),
  .UNSPECIFIED.,.F.,.F.,(3,3),(0.,1.),.PIECEWISE_BEZIER_KNOTS.);
#9078 = CARTESIAN_POINT('',(-10.22304872341,5.743227081275,2.6));
#9079 = CARTESIAN_POINT('',(-9.845247257033,5.743227081275,2.6));
#9080 = CARTESIAN_POINT('',(-9.647623628516,5.545317456191,2.6));
#9081 = ORIENTED_EDGE('',*,*,#9082,.F.);
#9082 = EDGE_CURVE('',#2238,#9075,#9083,.T.);
#9083 = LINE('',#9084,#9085);
#9084 = CARTESIAN_POINT('',(-9.647623628516,5.545317456191,2.));
#9085 = VECTOR('',#9086,1.);
#9086 = DIRECTION('',(0.,0.,1.));
#9087 = ORIENTED_EDGE('',*,*,#2237,.F.);
#9088 = SURFACE_OF_LINEAR_EXTRUSION('',#9089,#9093);
#9089 = B_SPLINE_CURVE_WITH_KNOTS('',2,(#9090,#9091,#9092),
  .UNSPECIFIED.,.F.,.F.,(3,3),(0.,1.),.PIECEWISE_BEZIER_KNOTS.);
#9090 = CARTESIAN_POINT('',(-10.22304872341,5.743227081275,2.));
#9091 = CARTESIAN_POINT('',(-9.845247257033,5.743227081275,2.));
#9092 = CARTESIAN_POINT('',(-9.647623628516,5.545317456191,2.));
#9093 = VECTOR('',#9094,1.);
#9094 = DIRECTION('',(-0.,-0.,-1.));
#9095 = ADVANCED_FACE('',(#9096),#9114,.T.);
#9096 = FACE_BOUND('',#9097,.T.);
#9097 = EDGE_LOOP('',(#9098,#9106,#9112,#9113));
#9098 = ORIENTED_EDGE('',*,*,#9099,.T.);
#9099 = EDGE_CURVE('',#2270,#9100,#9102,.T.);
#9100 = VERTEX_POINT('',#9101);
#9101 = CARTESIAN_POINT('',(-10.22304872341,3.256772918725,2.6));
#9102 = LINE('',#9103,#9104);
#9103 = CARTESIAN_POINT('',(-10.22304872341,3.256772918725,2.));
#9104 = VECTOR('',#9105,1.);
#9105 = DIRECTION('',(0.,0.,1.));
#9106 = ORIENTED_EDGE('',*,*,#9107,.T.);
#9107 = EDGE_CURVE('',#9100,#9050,#9108,.T.);
#9108 = LINE('',#9109,#9110);
#9109 = CARTESIAN_POINT('',(-10.22304872341,3.256772918725,2.6));
#9110 = VECTOR('',#9111,1.);
#9111 = DIRECTION('',(-1.,0.,0.));
#9112 = ORIENTED_EDGE('',*,*,#9049,.F.);
#9113 = ORIENTED_EDGE('',*,*,#2277,.F.);
#9114 = PLANE('',#9115);
#9115 = AXIS2_PLACEMENT_3D('',#9116,#9117,#9118);
#9116 = CARTESIAN_POINT('',(-10.22304872341,3.256772918725,2.));
#9117 = DIRECTION('',(-2.2E-16,-1.,0.));
#9118 = DIRECTION('',(-1.,2.2E-16,0.));
#9119 = ADVANCED_FACE('',(#9120),#9138,.T.);
#9120 = FACE_BOUND('',#9121,.T.);
#9121 = EDGE_LOOP('',(#9122,#9123,#9131,#9137));
#9122 = ORIENTED_EDGE('',*,*,#9082,.T.);
#9123 = ORIENTED_EDGE('',*,*,#9124,.T.);
#9124 = EDGE_CURVE('',#9075,#9125,#9127,.T.);
#9125 = VERTEX_POINT('',#9126);
#9126 = CARTESIAN_POINT('',(-9.45,4.917268992772,2.6));
#9127 = B_SPLINE_CURVE_WITH_KNOTS('',2,(#9128,#9129,#9130),
  .UNSPECIFIED.,.F.,.F.,(3,3),(0.,1.),.PIECEWISE_BEZIER_KNOTS.);
#9128 = CARTESIAN_POINT('',(-9.647623628516,5.545317456191,2.6));
#9129 = CARTESIAN_POINT('',(-9.45,5.347693827674,2.6));
#9130 = CARTESIAN_POINT('',(-9.45,4.917268992772,2.6));
#9131 = ORIENTED_EDGE('',*,*,#9132,.F.);
#9132 = EDGE_CURVE('',#2246,#9125,#9133,.T.);
#9133 = LINE('',#9134,#9135);
#9134 = CARTESIAN_POINT('',(-9.45,4.917268992772,2.));
#9135 = VECTOR('',#9136,1.);
#9136 = DIRECTION('',(0.,0.,1.));
#9137 = ORIENTED_EDGE('',*,*,#2245,.F.);
#9138 = SURFACE_OF_LINEAR_EXTRUSION('',#9139,#9143);
#9139 = B_SPLINE_CURVE_WITH_KNOTS('',2,(#9140,#9141,#9142),
  .UNSPECIFIED.,.F.,.F.,(3,3),(0.,1.),.PIECEWISE_BEZIER_KNOTS.);
#9140 = CARTESIAN_POINT('',(-9.647623628516,5.545317456191,2.));
#9141 = CARTESIAN_POINT('',(-9.45,5.347693827674,2.));
#9142 = CARTESIAN_POINT('',(-9.45,4.917268992772,2.));
#9143 = VECTOR('',#9144,1.);
#9144 = DIRECTION('',(-0.,-0.,-1.));
#9145 = ADVANCED_FACE('',(#9146),#9164,.T.);
#9146 = FACE_BOUND('',#9147,.T.);
#9147 = EDGE_LOOP('',(#9148,#9156,#9162,#9163));
#9148 = ORIENTED_EDGE('',*,*,#9149,.T.);
#9149 = EDGE_CURVE('',#2262,#9150,#9152,.T.);
#9150 = VERTEX_POINT('',#9151);
#9151 = CARTESIAN_POINT('',(-9.647623628516,3.454396547241,2.6));
#9152 = LINE('',#9153,#9154);
#9153 = CARTESIAN_POINT('',(-9.647623628516,3.454396547241,2.));
#9154 = VECTOR('',#9155,1.);
#9155 = DIRECTION('',(0.,0.,1.));
#9156 = ORIENTED_EDGE('',*,*,#9157,.T.);
#9157 = EDGE_CURVE('',#9150,#9100,#9158,.T.);
#9158 = B_SPLINE_CURVE_WITH_KNOTS('',2,(#9159,#9160,#9161),
  .UNSPECIFIED.,.F.,.F.,(3,3),(0.,1.),.PIECEWISE_BEZIER_KNOTS.);
#9159 = CARTESIAN_POINT('',(-9.647623628516,3.454396547241,2.6));
#9160 = CARTESIAN_POINT('',(-9.845247257033,3.256772918725,2.6));
#9161 = CARTESIAN_POINT('',(-10.22304872341,3.256772918725,2.6));
#9162 = ORIENTED_EDGE('',*,*,#9099,.F.);
#9163 = ORIENTED_EDGE('',*,*,#2269,.F.);
#9164 = SURFACE_OF_LINEAR_EXTRUSION('',#9165,#9169);
#9165 = B_SPLINE_CURVE_WITH_KNOTS('',2,(#9166,#9167,#9168),
  .UNSPECIFIED.,.F.,.F.,(3,3),(0.,1.),.PIECEWISE_BEZIER_KNOTS.);
#9166 = CARTESIAN_POINT('',(-9.647623628516,3.454396547241,2.));
#9167 = CARTESIAN_POINT('',(-9.845247257033,3.256772918725,2.));
#9168 = CARTESIAN_POINT('',(-10.22304872341,3.256772918725,2.));
#9169 = VECTOR('',#9170,1.);
#9170 = DIRECTION('',(-0.,-0.,-1.));
#9171 = ADVANCED_FACE('',(#9172),#9190,.T.);
#9172 = FACE_BOUND('',#9173,.T.);
#9173 = EDGE_LOOP('',(#9174,#9175,#9183,#9189));
#9174 = ORIENTED_EDGE('',*,*,#9132,.T.);
#9175 = ORIENTED_EDGE('',*,*,#9176,.T.);
#9176 = EDGE_CURVE('',#9125,#9177,#9179,.T.);
#9177 = VERTEX_POINT('',#9178);
#9178 = CARTESIAN_POINT('',(-9.45,4.073865113619,2.6));
#9179 = LINE('',#9180,#9181);
#9180 = CARTESIAN_POINT('',(-9.45,4.917268992772,2.6));
#9181 = VECTOR('',#9182,1.);
#9182 = DIRECTION('',(0.,-1.,0.));
#9183 = ORIENTED_EDGE('',*,*,#9184,.F.);
#9184 = EDGE_CURVE('',#2254,#9177,#9185,.T.);
#9185 = LINE('',#9186,#9187);
#9186 = CARTESIAN_POINT('',(-9.45,4.073865113619,2.));
#9187 = VECTOR('',#9188,1.);
#9188 = DIRECTION('',(0.,0.,1.));
#9189 = ORIENTED_EDGE('',*,*,#2253,.F.);
#9190 = PLANE('',#9191);
#9191 = AXIS2_PLACEMENT_3D('',#9192,#9193,#9194);
#9192 = CARTESIAN_POINT('',(-9.45,4.917268992772,2.));
#9193 = DIRECTION('',(1.,-2.2E-16,0.));
#9194 = DIRECTION('',(-2.2E-16,-1.,0.));
#9195 = ADVANCED_FACE('',(#9196),#9207,.T.);
#9196 = FACE_BOUND('',#9197,.T.);
#9197 = EDGE_LOOP('',(#9198,#9199,#9205,#9206));
#9198 = ORIENTED_EDGE('',*,*,#9184,.T.);
#9199 = ORIENTED_EDGE('',*,*,#9200,.T.);
#9200 = EDGE_CURVE('',#9177,#9150,#9201,.T.);
#9201 = B_SPLINE_CURVE_WITH_KNOTS('',2,(#9202,#9203,#9204),
  .UNSPECIFIED.,.F.,.F.,(3,3),(0.,1.),.PIECEWISE_BEZIER_KNOTS.);
#9202 = CARTESIAN_POINT('',(-9.45,4.073865113619,2.6));
#9203 = CARTESIAN_POINT('',(-9.45,3.652020175758,2.6));
#9204 = CARTESIAN_POINT('',(-9.647623628516,3.454396547241,2.6));
#9205 = ORIENTED_EDGE('',*,*,#9149,.F.);
#9206 = ORIENTED_EDGE('',*,*,#2261,.F.);
#9207 = SURFACE_OF_LINEAR_EXTRUSION('',#9208,#9212);
#9208 = B_SPLINE_CURVE_WITH_KNOTS('',2,(#9209,#9210,#9211),
  .UNSPECIFIED.,.F.,.F.,(3,3),(0.,1.),.PIECEWISE_BEZIER_KNOTS.);
#9209 = CARTESIAN_POINT('',(-9.45,4.073865113619,2.));
#9210 = CARTESIAN_POINT('',(-9.45,3.652020175758,2.));
#9211 = CARTESIAN_POINT('',(-9.647623628516,3.454396547241,2.));
#9212 = VECTOR('',#9213,1.);
#9213 = DIRECTION('',(-0.,-0.,-1.));
#9214 = ADVANCED_FACE('',(#9215),#9240,.T.);
#9215 = FACE_BOUND('',#9216,.T.);
#9216 = EDGE_LOOP('',(#9217,#9225,#9233,#9239));
#9217 = ORIENTED_EDGE('',*,*,#9218,.T.);
#9218 = EDGE_CURVE('',#2366,#9219,#9221,.T.);
#9219 = VERTEX_POINT('',#9220);
#9220 = CARTESIAN_POINT('',(0.276951276585,6.667567939184,2.6));
#9221 = LINE('',#9222,#9223);
#9222 = CARTESIAN_POINT('',(0.276951276585,6.667567939184,2.));
#9223 = VECTOR('',#9224,1.);
#9224 = DIRECTION('',(0.,0.,1.));
#9225 = ORIENTED_EDGE('',*,*,#9226,.T.);
#9226 = EDGE_CURVE('',#9219,#9227,#9229,.T.);
#9227 = VERTEX_POINT('',#9228);
#9228 = CARTESIAN_POINT('',(0.852376371484,6.469944310668,2.6));
#9229 = B_SPLINE_CURVE_WITH_KNOTS('',2,(#9230,#9231,#9232),
  .UNSPECIFIED.,.F.,.F.,(3,3),(0.,1.),.PIECEWISE_BEZIER_KNOTS.);
#9230 = CARTESIAN_POINT('',(0.276951276585,6.667567939184,2.6));
#9231 = CARTESIAN_POINT('',(0.654752742967,6.667567939184,2.6));
#9232 = CARTESIAN_POINT('',(0.852376371484,6.469944310668,2.6));
#9233 = ORIENTED_EDGE('',*,*,#9234,.F.);
#9234 = EDGE_CURVE('',#2368,#9227,#9235,.T.);
#9235 = LINE('',#9236,#9237);
#9236 = CARTESIAN_POINT('',(0.852376371484,6.469944310668,2.));
#9237 = VECTOR('',#9238,1.);
#9238 = DIRECTION('',(0.,0.,1.));
#9239 = ORIENTED_EDGE('',*,*,#2365,.F.);
#9240 = SURFACE_OF_LINEAR_EXTRUSION('',#9241,#9245);
#9241 = B_SPLINE_CURVE_WITH_KNOTS('',2,(#9242,#9243,#9244),
  .UNSPECIFIED.,.F.,.F.,(3,3),(0.,1.),.PIECEWISE_BEZIER_KNOTS.);
#9242 = CARTESIAN_POINT('',(0.276951276585,6.667567939184,2.));
#9243 = CARTESIAN_POINT('',(0.654752742967,6.667567939184,2.));
#9244 = CARTESIAN_POINT('',(0.852376371484,6.469944310668,2.));
#9245 = VECTOR('',#9246,1.);
#9246 = DIRECTION('',(-0.,-0.,-1.));
#9247 = ADVANCED_FACE('',(#9248),#9266,.T.);
#9248 = FACE_BOUND('',#9249,.T.);
#9249 = EDGE_LOOP('',(#9250,#9258,#9264,#9265));
#9250 = ORIENTED_EDGE('',*,*,#9251,.T.);
#9251 = EDGE_CURVE('',#2448,#9252,#9254,.T.);
#9252 = VERTEX_POINT('',#9253);
#9253 = CARTESIAN_POINT('',(-3.676665280017,6.667567939184,2.6));
#9254 = LINE('',#9255,#9256);
#9255 = CARTESIAN_POINT('',(-3.676665280017,6.667567939184,2.));
#9256 = VECTOR('',#9257,1.);
#9257 = DIRECTION('',(0.,0.,1.));
#9258 = ORIENTED_EDGE('',*,*,#9259,.T.);
#9259 = EDGE_CURVE('',#9252,#9219,#9260,.T.);
#9260 = LINE('',#9261,#9262);
#9261 = CARTESIAN_POINT('',(-3.676665280017,6.667567939184,2.6));
#9262 = VECTOR('',#9263,1.);
#9263 = DIRECTION('',(1.,0.,0.));
#9264 = ORIENTED_EDGE('',*,*,#9218,.F.);
#9265 = ORIENTED_EDGE('',*,*,#2455,.F.);
#9266 = PLANE('',#9267);
#9267 = AXIS2_PLACEMENT_3D('',#9268,#9269,#9270);
#9268 = CARTESIAN_POINT('',(-3.676665280017,6.667567939184,2.));
#9269 = DIRECTION('',(2.2E-16,1.,0.));
#9270 = DIRECTION('',(1.,-2.2E-16,0.));
#9271 = ADVANCED_FACE('',(#9272),#9290,.T.);
#9272 = FACE_BOUND('',#9273,.T.);
#9273 = EDGE_LOOP('',(#9274,#9275,#9283,#9289));
#9274 = ORIENTED_EDGE('',*,*,#9234,.T.);
#9275 = ORIENTED_EDGE('',*,*,#9276,.T.);
#9276 = EDGE_CURVE('',#9227,#9277,#9279,.T.);
#9277 = VERTEX_POINT('',#9278);
#9278 = CARTESIAN_POINT('',(1.05,5.85047574429,2.6));
#9279 = B_SPLINE_CURVE_WITH_KNOTS('',2,(#9280,#9281,#9282),
  .UNSPECIFIED.,.F.,.F.,(3,3),(0.,1.),.PIECEWISE_BEZIER_KNOTS.);
#9280 = CARTESIAN_POINT('',(0.852376371484,6.469944310668,2.6));
#9281 = CARTESIAN_POINT('',(1.05,6.272320682151,2.6));
#9282 = CARTESIAN_POINT('',(1.05,5.85047574429,2.6));
#9283 = ORIENTED_EDGE('',*,*,#9284,.F.);
#9284 = EDGE_CURVE('',#2376,#9277,#9285,.T.);
#9285 = LINE('',#9286,#9287);
#9286 = CARTESIAN_POINT('',(1.05,5.85047574429,2.));
#9287 = VECTOR('',#9288,1.);
#9288 = DIRECTION('',(0.,0.,1.));
#9289 = ORIENTED_EDGE('',*,*,#2375,.F.);
#9290 = SURFACE_OF_LINEAR_EXTRUSION('',#9291,#9295);
#9291 = B_SPLINE_CURVE_WITH_KNOTS('',2,(#9292,#9293,#9294),
  .UNSPECIFIED.,.F.,.F.,(3,3),(0.,1.),.PIECEWISE_BEZIER_KNOTS.);
#9292 = CARTESIAN_POINT('',(0.852376371484,6.469944310668,2.));
#9293 = CARTESIAN_POINT('',(1.05,6.272320682151,2.));
#9294 = CARTESIAN_POINT('',(1.05,5.85047574429,2.));
#9295 = VECTOR('',#9296,1.);
#9296 = DIRECTION('',(-0.,-0.,-1.));
#9297 = ADVANCED_FACE('',(#9298),#9316,.T.);
#9298 = FACE_BOUND('',#9299,.T.);
#9299 = EDGE_LOOP('',(#9300,#9308,#9314,#9315));
#9300 = ORIENTED_EDGE('',*,*,#9301,.T.);
#9301 = EDGE_CURVE('',#2440,#9302,#9304,.T.);
#9302 = VERTEX_POINT('',#9303);
#9303 = CARTESIAN_POINT('',(-4.252090374916,6.469944310668,2.6));
#9304 = LINE('',#9305,#9306);
#9305 = CARTESIAN_POINT('',(-4.252090374916,6.469944310668,2.));
#9306 = VECTOR('',#9307,1.);
#9307 = DIRECTION('',(0.,0.,1.));
#9308 = ORIENTED_EDGE('',*,*,#9309,.T.);
#9309 = EDGE_CURVE('',#9302,#9252,#9310,.T.);
#9310 = B_SPLINE_CURVE_WITH_KNOTS('',2,(#9311,#9312,#9313),
  .UNSPECIFIED.,.F.,.F.,(3,3),(0.,1.),.PIECEWISE_BEZIER_KNOTS.);
#9311 = CARTESIAN_POINT('',(-4.252090374916,6.469944310668,2.6));
#9312 = CARTESIAN_POINT('',(-4.054466746399,6.667567939184,2.6));
#9313 = CARTESIAN_POINT('',(-3.676665280017,6.667567939184,2.6));
#9314 = ORIENTED_EDGE('',*,*,#9251,.F.);
#9315 = ORIENTED_EDGE('',*,*,#2447,.F.);
#9316 = SURFACE_OF_LINEAR_EXTRUSION('',#9317,#9321);
#9317 = B_SPLINE_CURVE_WITH_KNOTS('',2,(#9318,#9319,#9320),
  .UNSPECIFIED.,.F.,.F.,(3,3),(0.,1.),.PIECEWISE_BEZIER_KNOTS.);
#9318 = CARTESIAN_POINT('',(-4.252090374916,6.469944310668,2.));
#9319 = CARTESIAN_POINT('',(-4.054466746399,6.667567939184,2.));
#9320 = CARTESIAN_POINT('',(-3.676665280017,6.667567939184,2.));
#9321 = VECTOR('',#9322,1.);
#9322 = DIRECTION('',(-0.,-0.,-1.));
#9323 = ADVANCED_FACE('',(#9324),#9342,.T.);
#9324 = FACE_BOUND('',#9325,.T.);
#9325 = EDGE_LOOP('',(#9326,#9327,#9335,#9341));
#9326 = ORIENTED_EDGE('',*,*,#9284,.T.);
#9327 = ORIENTED_EDGE('',*,*,#9328,.T.);
#9328 = EDGE_CURVE('',#9277,#9329,#9331,.T.);
#9329 = VERTEX_POINT('',#9330);
#9330 = CARTESIAN_POINT('',(1.05,4.892959234489,2.6));
#9331 = LINE('',#9332,#9333);
#9332 = CARTESIAN_POINT('',(1.05,5.85047574429,2.6));
#9333 = VECTOR('',#9334,1.);
#9334 = DIRECTION('',(0.,-1.,0.));
#9335 = ORIENTED_EDGE('',*,*,#9336,.F.);
#9336 = EDGE_CURVE('',#2384,#9329,#9337,.T.);
#9337 = LINE('',#9338,#9339);
#9338 = CARTESIAN_POINT('',(1.05,4.892959234489,2.));
#9339 = VECTOR('',#9340,1.);
#9340 = DIRECTION('',(0.,0.,1.));
#9341 = ORIENTED_EDGE('',*,*,#2383,.F.);
#9342 = PLANE('',#9343);
#9343 = AXIS2_PLACEMENT_3D('',#9344,#9345,#9346);
#9344 = CARTESIAN_POINT('',(1.05,5.85047574429,2.));
#9345 = DIRECTION('',(1.,-2.2E-16,0.));
#9346 = DIRECTION('',(-2.2E-16,-1.,0.));
#9347 = ADVANCED_FACE('',(#9348),#9366,.T.);
#9348 = FACE_BOUND('',#9349,.T.);
#9349 = EDGE_LOOP('',(#9350,#9358,#9364,#9365));
#9350 = ORIENTED_EDGE('',*,*,#9351,.T.);
#9351 = EDGE_CURVE('',#2432,#9352,#9354,.T.);
#9352 = VERTEX_POINT('',#9353);
#9353 = CARTESIAN_POINT('',(-4.45,5.85047574429,2.6));
#9354 = LINE('',#9355,#9356);
#9355 = CARTESIAN_POINT('',(-4.45,5.85047574429,2.));
#9356 = VECTOR('',#9357,1.);
#9357 = DIRECTION('',(0.,0.,1.));
#9358 = ORIENTED_EDGE('',*,*,#9359,.T.);
#9359 = EDGE_CURVE('',#9352,#9302,#9360,.T.);
#9360 = B_SPLINE_CURVE_WITH_KNOTS('',2,(#9361,#9362,#9363),
  .UNSPECIFIED.,.F.,.F.,(3,3),(0.,1.),.PIECEWISE_BEZIER_KNOTS.);
#9361 = CARTESIAN_POINT('',(-4.45,5.85047574429,2.6));
#9362 = CARTESIAN_POINT('',(-4.45,6.272320682151,2.6));
#9363 = CARTESIAN_POINT('',(-4.252090374916,6.469944310668,2.6));
#9364 = ORIENTED_EDGE('',*,*,#9301,.F.);
#9365 = ORIENTED_EDGE('',*,*,#2439,.F.);
#9366 = SURFACE_OF_LINEAR_EXTRUSION('',#9367,#9371);
#9367 = B_SPLINE_CURVE_WITH_KNOTS('',2,(#9368,#9369,#9370),
  .UNSPECIFIED.,.F.,.F.,(3,3),(0.,1.),.PIECEWISE_BEZIER_KNOTS.);
#9368 = CARTESIAN_POINT('',(-4.45,5.85047574429,2.));
#9369 = CARTESIAN_POINT('',(-4.45,6.272320682151,2.));
#9370 = CARTESIAN_POINT('',(-4.252090374916,6.469944310668,2.));
#9371 = VECTOR('',#9372,1.);
#9372 = DIRECTION('',(-0.,-0.,-1.));
#9373 = ADVANCED_FACE('',(#9374),#9392,.T.);
#9374 = FACE_BOUND('',#9375,.T.);
#9375 = EDGE_LOOP('',(#9376,#9377,#9385,#9391));
#9376 = ORIENTED_EDGE('',*,*,#9336,.T.);
#9377 = ORIENTED_EDGE('',*,*,#9378,.T.);
#9378 = EDGE_CURVE('',#9329,#9379,#9381,.T.);
#9379 = VERTEX_POINT('',#9380);
#9380 = CARTESIAN_POINT('',(0.852376371484,4.264624774502,2.6));
#9381 = B_SPLINE_CURVE_WITH_KNOTS('',2,(#9382,#9383,#9384),
  .UNSPECIFIED.,.F.,.F.,(3,3),(0.,1.),.PIECEWISE_BEZIER_KNOTS.);
#9382 = CARTESIAN_POINT('',(1.05,4.892959234489,2.6));
#9383 = CARTESIAN_POINT('',(1.05,4.462248403019,2.6));
#9384 = CARTESIAN_POINT('',(0.852376371484,4.264624774502,2.6));
#9385 = ORIENTED_EDGE('',*,*,#9386,.F.);
#9386 = EDGE_CURVE('',#2392,#9379,#9387,.T.);
#9387 = LINE('',#9388,#9389);
#9388 = CARTESIAN_POINT('',(0.852376371484,4.264624774502,2.));
#9389 = VECTOR('',#9390,1.);
#9390 = DIRECTION('',(0.,0.,1.));
#9391 = ORIENTED_EDGE('',*,*,#2391,.F.);
#9392 = SURFACE_OF_LINEAR_EXTRUSION('',#9393,#9397);
#9393 = B_SPLINE_CURVE_WITH_KNOTS('',2,(#9394,#9395,#9396),
  .UNSPECIFIED.,.F.,.F.,(3,3),(0.,1.),.PIECEWISE_BEZIER_KNOTS.);
#9394 = CARTESIAN_POINT('',(1.05,4.892959234489,2.));
#9395 = CARTESIAN_POINT('',(1.05,4.462248403019,2.));
#9396 = CARTESIAN_POINT('',(0.852376371484,4.264624774502,2.));
#9397 = VECTOR('',#9398,1.);
#9398 = DIRECTION('',(-0.,-0.,-1.));
#9399 = ADVANCED_FACE('',(#9400),#9418,.T.);
#9400 = FACE_BOUND('',#9401,.T.);
#9401 = EDGE_LOOP('',(#9402,#9410,#9416,#9417));
#9402 = ORIENTED_EDGE('',*,*,#9403,.T.);
#9403 = EDGE_CURVE('',#2424,#9404,#9406,.T.);
#9404 = VERTEX_POINT('',#9405);
#9405 = CARTESIAN_POINT('',(-4.45,4.892959234489,2.6));
#9406 = LINE('',#9407,#9408);
#9407 = CARTESIAN_POINT('',(-4.45,4.892959234489,2.));
#9408 = VECTOR('',#9409,1.);
#9409 = DIRECTION('',(0.,0.,1.));
#9410 = ORIENTED_EDGE('',*,*,#9411,.T.);
#9411 = EDGE_CURVE('',#9404,#9352,#9412,.T.);
#9412 = LINE('',#9413,#9414);
#9413 = CARTESIAN_POINT('',(-4.45,4.892959234489,2.6));
#9414 = VECTOR('',#9415,1.);
#9415 = DIRECTION('',(0.,1.,0.));
#9416 = ORIENTED_EDGE('',*,*,#9351,.F.);
#9417 = ORIENTED_EDGE('',*,*,#2431,.F.);
#9418 = PLANE('',#9419);
#9419 = AXIS2_PLACEMENT_3D('',#9420,#9421,#9422);
#9420 = CARTESIAN_POINT('',(-4.45,4.892959234489,2.));
#9421 = DIRECTION('',(-1.,2.2E-16,0.));
#9422 = DIRECTION('',(2.2E-16,1.,0.));
#9423 = ADVANCED_FACE('',(#9424),#9442,.T.);
#9424 = FACE_BOUND('',#9425,.T.);
#9425 = EDGE_LOOP('',(#9426,#9427,#9435,#9441));
#9426 = ORIENTED_EDGE('',*,*,#9386,.T.);
#9427 = ORIENTED_EDGE('',*,*,#9428,.T.);
#9428 = EDGE_CURVE('',#9379,#9429,#9431,.T.);
#9429 = VERTEX_POINT('',#9430);
#9430 = CARTESIAN_POINT('',(0.276951276585,4.067001145986,2.6));
#9431 = B_SPLINE_CURVE_WITH_KNOTS('',2,(#9432,#9433,#9434),
  .UNSPECIFIED.,.F.,.F.,(3,3),(0.,1.),.PIECEWISE_BEZIER_KNOTS.);
#9432 = CARTESIAN_POINT('',(0.852376371484,4.264624774502,2.6));
#9433 = CARTESIAN_POINT('',(0.654752742967,4.067001145986,2.6));
#9434 = CARTESIAN_POINT('',(0.276951276585,4.067001145986,2.6));
#9435 = ORIENTED_EDGE('',*,*,#9436,.F.);
#9436 = EDGE_CURVE('',#2400,#9429,#9437,.T.);
#9437 = LINE('',#9438,#9439);
#9438 = CARTESIAN_POINT('',(0.276951276585,4.067001145986,2.));
#9439 = VECTOR('',#9440,1.);
#9440 = DIRECTION('',(0.,0.,1.));
#9441 = ORIENTED_EDGE('',*,*,#2399,.F.);
#9442 = SURFACE_OF_LINEAR_EXTRUSION('',#9443,#9447);
#9443 = B_SPLINE_CURVE_WITH_KNOTS('',2,(#9444,#9445,#9446),
  .UNSPECIFIED.,.F.,.F.,(3,3),(0.,1.),.PIECEWISE_BEZIER_KNOTS.);
#9444 = CARTESIAN_POINT('',(0.852376371484,4.264624774502,2.));
#9445 = CARTESIAN_POINT('',(0.654752742967,4.067001145986,2.));
#9446 = CARTESIAN_POINT('',(0.276951276585,4.067001145986,2.));
#9447 = VECTOR('',#9448,1.);
#9448 = DIRECTION('',(-0.,-0.,-1.));
#9449 = ADVANCED_FACE('',(#9450),#9468,.T.);
#9450 = FACE_BOUND('',#9451,.T.);
#9451 = EDGE_LOOP('',(#9452,#9460,#9466,#9467));
#9452 = ORIENTED_EDGE('',*,*,#9453,.T.);
#9453 = EDGE_CURVE('',#2416,#9454,#9456,.T.);
#9454 = VERTEX_POINT('',#9455);
#9455 = CARTESIAN_POINT('',(-4.252090374916,4.264624774502,2.6));
#9456 = LINE('',#9457,#9458);
#9457 = CARTESIAN_POINT('',(-4.252090374916,4.264624774502,2.));
#9458 = VECTOR('',#9459,1.);
#9459 = DIRECTION('',(0.,0.,1.));
#9460 = ORIENTED_EDGE('',*,*,#9461,.T.);
#9461 = EDGE_CURVE('',#9454,#9404,#9462,.T.);
#9462 = B_SPLINE_CURVE_WITH_KNOTS('',2,(#9463,#9464,#9465),
  .UNSPECIFIED.,.F.,.F.,(3,3),(0.,1.),.PIECEWISE_BEZIER_KNOTS.);
#9463 = CARTESIAN_POINT('',(-4.252090374916,4.264624774502,2.6));
#9464 = CARTESIAN_POINT('',(-4.45,4.462248403019,2.6));
#9465 = CARTESIAN_POINT('',(-4.45,4.892959234489,2.6));
#9466 = ORIENTED_EDGE('',*,*,#9403,.F.);
#9467 = ORIENTED_EDGE('',*,*,#2423,.F.);
#9468 = SURFACE_OF_LINEAR_EXTRUSION('',#9469,#9473);
#9469 = B_SPLINE_CURVE_WITH_KNOTS('',2,(#9470,#9471,#9472),
  .UNSPECIFIED.,.F.,.F.,(3,3),(0.,1.),.PIECEWISE_BEZIER_KNOTS.);
#9470 = CARTESIAN_POINT('',(-4.252090374916,4.264624774502,2.));
#9471 = CARTESIAN_POINT('',(-4.45,4.462248403019,2.));
#9472 = CARTESIAN_POINT('',(-4.45,4.892959234489,2.));
#9473 = VECTOR('',#9474,1.);
#9474 = DIRECTION('',(-0.,-0.,-1.));
#9475 = ADVANCED_FACE('',(#9476),#9494,.T.);
#9476 = FACE_BOUND('',#9477,.T.);
#9477 = EDGE_LOOP('',(#9478,#9479,#9487,#9493));
#9478 = ORIENTED_EDGE('',*,*,#9436,.T.);
#9479 = ORIENTED_EDGE('',*,*,#9480,.T.);
#9480 = EDGE_CURVE('',#9429,#9481,#9483,.T.);
#9481 = VERTEX_POINT('',#9482);
#9482 = CARTESIAN_POINT('',(-3.676665280017,4.067001145986,2.6));
#9483 = LINE('',#9484,#9485);
#9484 = CARTESIAN_POINT('',(0.276951276585,4.067001145986,2.6));
#9485 = VECTOR('',#9486,1.);
#9486 = DIRECTION('',(-1.,0.,0.));
#9487 = ORIENTED_EDGE('',*,*,#9488,.F.);
#9488 = EDGE_CURVE('',#2408,#9481,#9489,.T.);
#9489 = LINE('',#9490,#9491);
#9490 = CARTESIAN_POINT('',(-3.676665280017,4.067001145986,2.));
#9491 = VECTOR('',#9492,1.);
#9492 = DIRECTION('',(0.,0.,1.));
#9493 = ORIENTED_EDGE('',*,*,#2407,.F.);
#9494 = PLANE('',#9495);
#9495 = AXIS2_PLACEMENT_3D('',#9496,#9497,#9498);
#9496 = CARTESIAN_POINT('',(0.276951276585,4.067001145986,2.));
#9497 = DIRECTION('',(-2.2E-16,-1.,0.));
#9498 = DIRECTION('',(-1.,2.2E-16,0.));
#9499 = ADVANCED_FACE('',(#9500),#9511,.T.);
#9500 = FACE_BOUND('',#9501,.T.);
#9501 = EDGE_LOOP('',(#9502,#9503,#9509,#9510));
#9502 = ORIENTED_EDGE('',*,*,#9488,.T.);
#9503 = ORIENTED_EDGE('',*,*,#9504,.T.);
#9504 = EDGE_CURVE('',#9481,#9454,#9505,.T.);
#9505 = B_SPLINE_CURVE_WITH_KNOTS('',2,(#9506,#9507,#9508),
  .UNSPECIFIED.,.F.,.F.,(3,3),(0.,1.),.PIECEWISE_BEZIER_KNOTS.);
#9506 = CARTESIAN_POINT('',(-3.676665280017,4.067001145986,2.6));
#9507 = CARTESIAN_POINT('',(-4.054466746399,4.067001145986,2.6));
#9508 = CARTESIAN_POINT('',(-4.252090374916,4.264624774502,2.6));
#9509 = ORIENTED_EDGE('',*,*,#9453,.F.);
#9510 = ORIENTED_EDGE('',*,*,#2415,.F.);
#9511 = SURFACE_OF_LINEAR_EXTRUSION('',#9512,#9516);
#9512 = B_SPLINE_CURVE_WITH_KNOTS('',2,(#9513,#9514,#9515),
  .UNSPECIFIED.,.F.,.F.,(3,3),(0.,1.),.PIECEWISE_BEZIER_KNOTS.);
#9513 = CARTESIAN_POINT('',(-3.676665280017,4.067001145986,2.));
#9514 = CARTESIAN_POINT('',(-4.054466746399,4.067001145986,2.));
#9515 = CARTESIAN_POINT('',(-4.252090374916,4.264624774502,2.));
#9516 = VECTOR('',#9517,1.);
#9517 = DIRECTION('',(-0.,-0.,-1.));
#9518 = ADVANCED_FACE('',(#9519),#9544,.T.);
#9519 = FACE_BOUND('',#9520,.T.);
#9520 = EDGE_LOOP('',(#9521,#9529,#9537,#9543));
#9521 = ORIENTED_EDGE('',*,*,#9522,.T.);
#9522 = EDGE_CURVE('',#2464,#9523,#9525,.T.);
#9523 = VERTEX_POINT('',#9524);
#9524 = CARTESIAN_POINT('',(13.676951276585,7.435182777807,2.6));
#9525 = LINE('',#9526,#9527);
#9526 = CARTESIAN_POINT('',(13.676951276585,7.435182777807,2.));
#9527 = VECTOR('',#9528,1.);
#9528 = DIRECTION('',(0.,0.,1.));
#9529 = ORIENTED_EDGE('',*,*,#9530,.T.);
#9530 = EDGE_CURVE('',#9523,#9531,#9533,.T.);
#9531 = VERTEX_POINT('',#9532);
#9532 = CARTESIAN_POINT('',(14.252376371484,7.23755914929,2.6));
#9533 = B_SPLINE_CURVE_WITH_KNOTS('',2,(#9534,#9535,#9536),
  .UNSPECIFIED.,.F.,.F.,(3,3),(0.,1.),.PIECEWISE_BEZIER_KNOTS.);
#9534 = CARTESIAN_POINT('',(13.676951276585,7.435182777807,2.6));
#9535 = CARTESIAN_POINT('',(14.054752742967,7.435182777807,2.6));
#9536 = CARTESIAN_POINT('',(14.252376371484,7.23755914929,2.6));
#9537 = ORIENTED_EDGE('',*,*,#9538,.F.);
#9538 = EDGE_CURVE('',#2466,#9531,#9539,.T.);
#9539 = LINE('',#9540,#9541);
#9540 = CARTESIAN_POINT('',(14.252376371484,7.23755914929,2.));
#9541 = VECTOR('',#9542,1.);
#9542 = DIRECTION('',(0.,0.,1.));
#9543 = ORIENTED_EDGE('',*,*,#2463,.F.);
#9544 = SURFACE_OF_LINEAR_EXTRUSION('',#9545,#9549);
#9545 = B_SPLINE_CURVE_WITH_KNOTS('',2,(#9546,#9547,#9548),
  .UNSPECIFIED.,.F.,.F.,(3,3),(0.,1.),.PIECEWISE_BEZIER_KNOTS.);
#9546 = CARTESIAN_POINT('',(13.676951276585,7.435182777807,2.));
#9547 = CARTESIAN_POINT('',(14.054752742967,7.435182777807,2.));
#9548 = CARTESIAN_POINT('',(14.252376371484,7.23755914929,2.));
#9549 = VECTOR('',#9550,1.);
#9550 = DIRECTION('',(-0.,-0.,-1.));
#9551 = ADVANCED_FACE('',(#9552),#9570,.T.);
#9552 = FACE_BOUND('',#9553,.T.);
#9553 = EDGE_LOOP('',(#9554,#9562,#9568,#9569));
#9554 = ORIENTED_EDGE('',*,*,#9555,.T.);
#9555 = EDGE_CURVE('',#2546,#9556,#9558,.T.);
#9556 = VERTEX_POINT('',#9557);
#9557 = CARTESIAN_POINT('',(9.723334719983,7.435182777807,2.6));
#9558 = LINE('',#9559,#9560);
#9559 = CARTESIAN_POINT('',(9.723334719983,7.435182777807,2.));
#9560 = VECTOR('',#9561,1.);
#9561 = DIRECTION('',(0.,0.,1.));
#9562 = ORIENTED_EDGE('',*,*,#9563,.T.);
#9563 = EDGE_CURVE('',#9556,#9523,#9564,.T.);
#9564 = LINE('',#9565,#9566);
#9565 = CARTESIAN_POINT('',(9.723334719983,7.435182777807,2.6));
#9566 = VECTOR('',#9567,1.);
#9567 = DIRECTION('',(1.,0.,0.));
#9568 = ORIENTED_EDGE('',*,*,#9522,.F.);
#9569 = ORIENTED_EDGE('',*,*,#2553,.F.);
#9570 = PLANE('',#9571);
#9571 = AXIS2_PLACEMENT_3D('',#9572,#9573,#9574);
#9572 = CARTESIAN_POINT('',(9.723334719983,7.435182777807,2.));
#9573 = DIRECTION('',(2.2E-16,1.,0.));
#9574 = DIRECTION('',(1.,-2.2E-16,0.));
#9575 = ADVANCED_FACE('',(#9576),#9594,.T.);
#9576 = FACE_BOUND('',#9577,.T.);
#9577 = EDGE_LOOP('',(#9578,#9579,#9587,#9593));
#9578 = ORIENTED_EDGE('',*,*,#9538,.T.);
#9579 = ORIENTED_EDGE('',*,*,#9580,.T.);
#9580 = EDGE_CURVE('',#9531,#9581,#9583,.T.);
#9581 = VERTEX_POINT('',#9582);
#9582 = CARTESIAN_POINT('',(14.45,6.618090582913,2.6));
#9583 = B_SPLINE_CURVE_WITH_KNOTS('',2,(#9584,#9585,#9586),
  .UNSPECIFIED.,.F.,.F.,(3,3),(0.,1.),.PIECEWISE_BEZIER_KNOTS.);
#9584 = CARTESIAN_POINT('',(14.252376371484,7.23755914929,2.6));
#9585 = CARTESIAN_POINT('',(14.45,7.039935520774,2.6));
#9586 = CARTESIAN_POINT('',(14.45,6.618090582913,2.6));
#9587 = ORIENTED_EDGE('',*,*,#9588,.F.);
#9588 = EDGE_CURVE('',#2474,#9581,#9589,.T.);
#9589 = LINE('',#9590,#9591);
#9590 = CARTESIAN_POINT('',(14.45,6.618090582913,2.));
#9591 = VECTOR('',#9592,1.);
#9592 = DIRECTION('',(0.,0.,1.));
#9593 = ORIENTED_EDGE('',*,*,#2473,.F.);
#9594 = SURFACE_OF_LINEAR_EXTRUSION('',#9595,#9599);
#9595 = B_SPLINE_CURVE_WITH_KNOTS('',2,(#9596,#9597,#9598),
  .UNSPECIFIED.,.F.,.F.,(3,3),(0.,1.),.PIECEWISE_BEZIER_KNOTS.);
#9596 = CARTESIAN_POINT('',(14.252376371484,7.23755914929,2.));
#9597 = CARTESIAN_POINT('',(14.45,7.039935520774,2.));
#9598 = CARTESIAN_POINT('',(14.45,6.618090582913,2.));
#9599 = VECTOR('',#9600,1.);
#9600 = DIRECTION('',(-0.,-0.,-1.));
#9601 = ADVANCED_FACE('',(#9602),#9620,.T.);
#9602 = FACE_BOUND('',#9603,.T.);
#9603 = EDGE_LOOP('',(#9604,#9612,#9618,#9619));
#9604 = ORIENTED_EDGE('',*,*,#9605,.T.);
#9605 = EDGE_CURVE('',#2538,#9606,#9608,.T.);
#9606 = VERTEX_POINT('',#9607);
#9607 = CARTESIAN_POINT('',(9.147909625084,7.23755914929,2.6));
#9608 = LINE('',#9609,#9610);
#9609 = CARTESIAN_POINT('',(9.147909625084,7.23755914929,2.));
#9610 = VECTOR('',#9611,1.);
#9611 = DIRECTION('',(0.,0.,1.));
#9612 = ORIENTED_EDGE('',*,*,#9613,.T.);
#9613 = EDGE_CURVE('',#9606,#9556,#9614,.T.);
#9614 = B_SPLINE_CURVE_WITH_KNOTS('',2,(#9615,#9616,#9617),
  .UNSPECIFIED.,.F.,.F.,(3,3),(0.,1.),.PIECEWISE_BEZIER_KNOTS.);
#9615 = CARTESIAN_POINT('',(9.147909625084,7.23755914929,2.6));
#9616 = CARTESIAN_POINT('',(9.345533253601,7.435182777807,2.6));
#9617 = CARTESIAN_POINT('',(9.723334719983,7.435182777807,2.6));
#9618 = ORIENTED_EDGE('',*,*,#9555,.F.);
#9619 = ORIENTED_EDGE('',*,*,#2545,.F.);
#9620 = SURFACE_OF_LINEAR_EXTRUSION('',#9621,#9625);
#9621 = B_SPLINE_CURVE_WITH_KNOTS('',2,(#9622,#9623,#9624),
  .UNSPECIFIED.,.F.,.F.,(3,3),(0.,1.),.PIECEWISE_BEZIER_KNOTS.);
#9622 = CARTESIAN_POINT('',(9.147909625084,7.23755914929,2.));
#9623 = CARTESIAN_POINT('',(9.345533253601,7.435182777807,2.));
#9624 = CARTESIAN_POINT('',(9.723334719983,7.435182777807,2.));
#9625 = VECTOR('',#9626,1.);
#9626 = DIRECTION('',(-0.,-0.,-1.));
#9627 = ADVANCED_FACE('',(#9628),#9646,.T.);
#9628 = FACE_BOUND('',#9629,.T.);
#9629 = EDGE_LOOP('',(#9630,#9631,#9639,#9645));
#9630 = ORIENTED_EDGE('',*,*,#9588,.T.);
#9631 = ORIENTED_EDGE('',*,*,#9632,.T.);
#9632 = EDGE_CURVE('',#9581,#9633,#9635,.T.);
#9633 = VERTEX_POINT('',#9634);
#9634 = CARTESIAN_POINT('',(14.45,5.660574073111,2.6));
#9635 = LINE('',#9636,#9637);
#9636 = CARTESIAN_POINT('',(14.45,6.618090582913,2.6));
#9637 = VECTOR('',#9638,1.);
#9638 = DIRECTION('',(0.,-1.,0.));
#9639 = ORIENTED_EDGE('',*,*,#9640,.F.);
#9640 = EDGE_CURVE('',#2482,#9633,#9641,.T.);
#9641 = LINE('',#9642,#9643);
#9642 = CARTESIAN_POINT('',(14.45,5.660574073111,2.));
#9643 = VECTOR('',#9644,1.);
#9644 = DIRECTION('',(0.,0.,1.));
#9645 = ORIENTED_EDGE('',*,*,#2481,.F.);
#9646 = PLANE('',#9647);
#9647 = AXIS2_PLACEMENT_3D('',#9648,#9649,#9650);
#9648 = CARTESIAN_POINT('',(14.45,6.618090582913,2.));
#9649 = DIRECTION('',(1.,-2.2E-16,0.));
#9650 = DIRECTION('',(-2.2E-16,-1.,0.));
#9651 = ADVANCED_FACE('',(#9652),#9670,.T.);
#9652 = FACE_BOUND('',#9653,.T.);
#9653 = EDGE_LOOP('',(#9654,#9662,#9668,#9669));
#9654 = ORIENTED_EDGE('',*,*,#9655,.T.);
#9655 = EDGE_CURVE('',#2530,#9656,#9658,.T.);
#9656 = VERTEX_POINT('',#9657);
#9657 = CARTESIAN_POINT('',(8.95,6.618090582913,2.6));
#9658 = LINE('',#9659,#9660);
#9659 = CARTESIAN_POINT('',(8.95,6.618090582913,2.));
#9660 = VECTOR('',#9661,1.);
#9661 = DIRECTION('',(0.,0.,1.));
#9662 = ORIENTED_EDGE('',*,*,#9663,.T.);
#9663 = EDGE_CURVE('',#9656,#9606,#9664,.T.);
#9664 = B_SPLINE_CURVE_WITH_KNOTS('',2,(#9665,#9666,#9667),
  .UNSPECIFIED.,.F.,.F.,(3,3),(0.,1.),.PIECEWISE_BEZIER_KNOTS.);
#9665 = CARTESIAN_POINT('',(8.95,6.618090582913,2.6));
#9666 = CARTESIAN_POINT('',(8.95,7.039935520774,2.6));
#9667 = CARTESIAN_POINT('',(9.147909625084,7.23755914929,2.6));
#9668 = ORIENTED_EDGE('',*,*,#9605,.F.);
#9669 = ORIENTED_EDGE('',*,*,#2537,.F.);
#9670 = SURFACE_OF_LINEAR_EXTRUSION('',#9671,#9675);
#9671 = B_SPLINE_CURVE_WITH_KNOTS('',2,(#9672,#9673,#9674),
  .UNSPECIFIED.,.F.,.F.,(3,3),(0.,1.),.PIECEWISE_BEZIER_KNOTS.);
#9672 = CARTESIAN_POINT('',(8.95,6.618090582913,2.));
#9673 = CARTESIAN_POINT('',(8.95,7.039935520774,2.));
#9674 = CARTESIAN_POINT('',(9.147909625084,7.23755914929,2.));
#9675 = VECTOR('',#9676,1.);
#9676 = DIRECTION('',(-0.,-0.,-1.));
#9677 = ADVANCED_FACE('',(#9678),#9696,.T.);
#9678 = FACE_BOUND('',#9679,.T.);
#9679 = EDGE_LOOP('',(#9680,#9681,#9689,#9695));
#9680 = ORIENTED_EDGE('',*,*,#9640,.T.);
#9681 = ORIENTED_EDGE('',*,*,#9682,.T.);
#9682 = EDGE_CURVE('',#9633,#9683,#9685,.T.);
#9683 = VERTEX_POINT('',#9684);
#9684 = CARTESIAN_POINT('',(14.252376371484,5.032239613125,2.6));
#9685 = B_SPLINE_CURVE_WITH_KNOTS('',2,(#9686,#9687,#9688),
  .UNSPECIFIED.,.F.,.F.,(3,3),(0.,1.),.PIECEWISE_BEZIER_KNOTS.);
#9686 = CARTESIAN_POINT('',(14.45,5.660574073111,2.6));
#9687 = CARTESIAN_POINT('',(14.45,5.229863241641,2.6));
#9688 = CARTESIAN_POINT('',(14.252376371484,5.032239613125,2.6));
#9689 = ORIENTED_EDGE('',*,*,#9690,.F.);
#9690 = EDGE_CURVE('',#2490,#9683,#9691,.T.);
#9691 = LINE('',#9692,#9693);
#9692 = CARTESIAN_POINT('',(14.252376371484,5.032239613125,2.));
#9693 = VECTOR('',#9694,1.);
#9694 = DIRECTION('',(0.,0.,1.));
#9695 = ORIENTED_EDGE('',*,*,#2489,.F.);
#9696 = SURFACE_OF_LINEAR_EXTRUSION('',#9697,#9701);
#9697 = B_SPLINE_CURVE_WITH_KNOTS('',2,(#9698,#9699,#9700),
  .UNSPECIFIED.,.F.,.F.,(3,3),(0.,1.),.PIECEWISE_BEZIER_KNOTS.);
#9698 = CARTESIAN_POINT('',(14.45,5.660574073111,2.));
#9699 = CARTESIAN_POINT('',(14.45,5.229863241641,2.));
#9700 = CARTESIAN_POINT('',(14.252376371484,5.032239613125,2.));
#9701 = VECTOR('',#9702,1.);
#9702 = DIRECTION('',(-0.,-0.,-1.));
#9703 = ADVANCED_FACE('',(#9704),#9722,.T.);
#9704 = FACE_BOUND('',#9705,.T.);
#9705 = EDGE_LOOP('',(#9706,#9714,#9720,#9721));
#9706 = ORIENTED_EDGE('',*,*,#9707,.T.);
#9707 = EDGE_CURVE('',#2522,#9708,#9710,.T.);
#9708 = VERTEX_POINT('',#9709);
#9709 = CARTESIAN_POINT('',(8.95,5.660574073111,2.6));
#9710 = LINE('',#9711,#9712);
#9711 = CARTESIAN_POINT('',(8.95,5.660574073111,2.));
#9712 = VECTOR('',#9713,1.);
#9713 = DIRECTION('',(0.,0.,1.));
#9714 = ORIENTED_EDGE('',*,*,#9715,.T.);
#9715 = EDGE_CURVE('',#9708,#9656,#9716,.T.);
#9716 = LINE('',#9717,#9718);
#9717 = CARTESIAN_POINT('',(8.95,5.660574073111,2.6));
#9718 = VECTOR('',#9719,1.);
#9719 = DIRECTION('',(0.,1.,0.));
#9720 = ORIENTED_EDGE('',*,*,#9655,.F.);
#9721 = ORIENTED_EDGE('',*,*,#2529,.F.);
#9722 = PLANE('',#9723);
#9723 = AXIS2_PLACEMENT_3D('',#9724,#9725,#9726);
#9724 = CARTESIAN_POINT('',(8.95,5.660574073111,2.));
#9725 = DIRECTION('',(-1.,2.2E-16,0.));
#9726 = DIRECTION('',(2.2E-16,1.,0.));
#9727 = ADVANCED_FACE('',(#9728),#9746,.T.);
#9728 = FACE_BOUND('',#9729,.T.);
#9729 = EDGE_LOOP('',(#9730,#9731,#9739,#9745));
#9730 = ORIENTED_EDGE('',*,*,#9690,.T.);
#9731 = ORIENTED_EDGE('',*,*,#9732,.T.);
#9732 = EDGE_CURVE('',#9683,#9733,#9735,.T.);
#9733 = VERTEX_POINT('',#9734);
#9734 = CARTESIAN_POINT('',(13.676951276585,4.834615984608,2.6));
#9735 = B_SPLINE_CURVE_WITH_KNOTS('',2,(#9736,#9737,#9738),
  .UNSPECIFIED.,.F.,.F.,(3,3),(0.,1.),.PIECEWISE_BEZIER_KNOTS.);
#9736 = CARTESIAN_POINT('',(14.252376371484,5.032239613125,2.6));
#9737 = CARTESIAN_POINT('',(14.054752742967,4.834615984608,2.6));
#9738 = CARTESIAN_POINT('',(13.676951276585,4.834615984608,2.6));
#9739 = ORIENTED_EDGE('',*,*,#9740,.F.);
#9740 = EDGE_CURVE('',#2498,#9733,#9741,.T.);
#9741 = LINE('',#9742,#9743);
#9742 = CARTESIAN_POINT('',(13.676951276585,4.834615984608,2.));
#9743 = VECTOR('',#9744,1.);
#9744 = DIRECTION('',(0.,0.,1.));
#9745 = ORIENTED_EDGE('',*,*,#2497,.F.);
#9746 = SURFACE_OF_LINEAR_EXTRUSION('',#9747,#9751);
#9747 = B_SPLINE_CURVE_WITH_KNOTS('',2,(#9748,#9749,#9750),
  .UNSPECIFIED.,.F.,.F.,(3,3),(0.,1.),.PIECEWISE_BEZIER_KNOTS.);
#9748 = CARTESIAN_POINT('',(14.252376371484,5.032239613125,2.));
#9749 = CARTESIAN_POINT('',(14.054752742967,4.834615984608,2.));
#9750 = CARTESIAN_POINT('',(13.676951276585,4.834615984608,2.));
#9751 = VECTOR('',#9752,1.);
#9752 = DIRECTION('',(-0.,-0.,-1.));
#9753 = ADVANCED_FACE('',(#9754),#9772,.T.);
#9754 = FACE_BOUND('',#9755,.T.);
#9755 = EDGE_LOOP('',(#9756,#9764,#9770,#9771));
#9756 = ORIENTED_EDGE('',*,*,#9757,.T.);
#9757 = EDGE_CURVE('',#2514,#9758,#9760,.T.);
#9758 = VERTEX_POINT('',#9759);
#9759 = CARTESIAN_POINT('',(9.147909625084,5.032239613125,2.6));
#9760 = LINE('',#9761,#9762);
#9761 = CARTESIAN_POINT('',(9.147909625084,5.032239613125,2.));
#9762 = VECTOR('',#9763,1.);
#9763 = DIRECTION('',(0.,0.,1.));
#9764 = ORIENTED_EDGE('',*,*,#9765,.T.);
#9765 = EDGE_CURVE('',#9758,#9708,#9766,.T.);
#9766 = B_SPLINE_CURVE_WITH_KNOTS('',2,(#9767,#9768,#9769),
  .UNSPECIFIED.,.F.,.F.,(3,3),(0.,1.),.PIECEWISE_BEZIER_KNOTS.);
#9767 = CARTESIAN_POINT('',(9.147909625084,5.032239613125,2.6));
#9768 = CARTESIAN_POINT('',(8.95,5.229863241641,2.6));
#9769 = CARTESIAN_POINT('',(8.95,5.660574073111,2.6));
#9770 = ORIENTED_EDGE('',*,*,#9707,.F.);
#9771 = ORIENTED_EDGE('',*,*,#2521,.F.);
#9772 = SURFACE_OF_LINEAR_EXTRUSION('',#9773,#9777);
#9773 = B_SPLINE_CURVE_WITH_KNOTS('',2,(#9774,#9775,#9776),
  .UNSPECIFIED.,.F.,.F.,(3,3),(0.,1.),.PIECEWISE_BEZIER_KNOTS.);
#9774 = CARTESIAN_POINT('',(9.147909625084,5.032239613125,2.));
#9775 = CARTESIAN_POINT('',(8.95,5.229863241641,2.));
#9776 = CARTESIAN_POINT('',(8.95,5.660574073111,2.));
#9777 = VECTOR('',#9778,1.);
#9778 = DIRECTION('',(-0.,-0.,-1.));
#9779 = ADVANCED_FACE('',(#9780),#9798,.T.);
#9780 = FACE_BOUND('',#9781,.T.);
#9781 = EDGE_LOOP('',(#9782,#9783,#9791,#9797));
#9782 = ORIENTED_EDGE('',*,*,#9740,.T.);
#9783 = ORIENTED_EDGE('',*,*,#9784,.T.);
#9784 = EDGE_CURVE('',#9733,#9785,#9787,.T.);
#9785 = VERTEX_POINT('',#9786);
#9786 = CARTESIAN_POINT('',(9.723334719983,4.834615984608,2.6));
#9787 = LINE('',#9788,#9789);
#9788 = CARTESIAN_POINT('',(13.676951276585,4.834615984608,2.6));
#9789 = VECTOR('',#9790,1.);
#9790 = DIRECTION('',(-1.,0.,0.));
#9791 = ORIENTED_EDGE('',*,*,#9792,.F.);
#9792 = EDGE_CURVE('',#2506,#9785,#9793,.T.);
#9793 = LINE('',#9794,#9795);
#9794 = CARTESIAN_POINT('',(9.723334719983,4.834615984608,2.));
#9795 = VECTOR('',#9796,1.);
#9796 = DIRECTION('',(0.,0.,1.));
#9797 = ORIENTED_EDGE('',*,*,#2505,.F.);
#9798 = PLANE('',#9799);
#9799 = AXIS2_PLACEMENT_3D('',#9800,#9801,#9802);
#9800 = CARTESIAN_POINT('',(13.676951276585,4.834615984608,2.));
#9801 = DIRECTION('',(-2.2E-16,-1.,0.));
#9802 = DIRECTION('',(-1.,2.2E-16,0.));
#9803 = ADVANCED_FACE('',(#9804),#9815,.T.);
#9804 = FACE_BOUND('',#9805,.T.);
#9805 = EDGE_LOOP('',(#9806,#9807,#9813,#9814));
#9806 = ORIENTED_EDGE('',*,*,#9792,.T.);
#9807 = ORIENTED_EDGE('',*,*,#9808,.T.);
#9808 = EDGE_CURVE('',#9785,#9758,#9809,.T.);
#9809 = B_SPLINE_CURVE_WITH_KNOTS('',2,(#9810,#9811,#9812),
  .UNSPECIFIED.,.F.,.F.,(3,3),(0.,1.),.PIECEWISE_BEZIER_KNOTS.);
#9810 = CARTESIAN_POINT('',(9.723334719983,4.834615984608,2.6));
#9811 = CARTESIAN_POINT('',(9.345533253601,4.834615984608,2.6));
#9812 = CARTESIAN_POINT('',(9.147909625084,5.032239613125,2.6));
#9813 = ORIENTED_EDGE('',*,*,#9757,.F.);
#9814 = ORIENTED_EDGE('',*,*,#2513,.F.);
#9815 = SURFACE_OF_LINEAR_EXTRUSION('',#9816,#9820);
#9816 = B_SPLINE_CURVE_WITH_KNOTS('',2,(#9817,#9818,#9819),
  .UNSPECIFIED.,.F.,.F.,(3,3),(0.,1.),.PIECEWISE_BEZIER_KNOTS.);
#9817 = CARTESIAN_POINT('',(9.723334719983,4.834615984608,2.));
#9818 = CARTESIAN_POINT('',(9.345533253601,4.834615984608,2.));
#9819 = CARTESIAN_POINT('',(9.147909625084,5.032239613125,2.));
#9820 = VECTOR('',#9821,1.);
#9821 = DIRECTION('',(-0.,-0.,-1.));
#9822 = ADVANCED_FACE('',(#9823),#9848,.T.);
#9823 = FACE_BOUND('',#9824,.T.);
#9824 = EDGE_LOOP('',(#9825,#9833,#9841,#9847));
#9825 = ORIENTED_EDGE('',*,*,#9826,.T.);
#9826 = EDGE_CURVE('',#2562,#9827,#9829,.T.);
#9827 = VERTEX_POINT('',#9828);
#9828 = CARTESIAN_POINT('',(20.15,0.369078571057,2.6));
#9829 = LINE('',#9830,#9831);
#9830 = CARTESIAN_POINT('',(20.15,0.369078571057,2.));
#9831 = VECTOR('',#9832,1.);
#9832 = DIRECTION('',(0.,0.,1.));
#9833 = ORIENTED_EDGE('',*,*,#9834,.T.);
#9834 = EDGE_CURVE('',#9827,#9835,#9837,.T.);
#9835 = VERTEX_POINT('',#9836);
#9836 = CARTESIAN_POINT('',(15.862625448495,0.369078571057,2.6));
#9837 = LINE('',#9838,#9839);
#9838 = CARTESIAN_POINT('',(20.15,0.369078571057,2.6));
#9839 = VECTOR('',#9840,1.);
#9840 = DIRECTION('',(-1.,0.,0.));
#9841 = ORIENTED_EDGE('',*,*,#9842,.F.);
#9842 = EDGE_CURVE('',#2564,#9835,#9843,.T.);
#9843 = LINE('',#9844,#9845);
#9844 = CARTESIAN_POINT('',(15.862625448495,0.369078571057,2.));
#9845 = VECTOR('',#9846,1.);
#9846 = DIRECTION('',(0.,0.,1.));
#9847 = ORIENTED_EDGE('',*,*,#2561,.F.);
#9848 = PLANE('',#9849);
#9849 = AXIS2_PLACEMENT_3D('',#9850,#9851,#9852);
#9850 = CARTESIAN_POINT('',(20.15,0.369078571057,2.));
#9851 = DIRECTION('',(-2.2E-16,-1.,0.));
#9852 = DIRECTION('',(-1.,2.2E-16,0.));
#9853 = ADVANCED_FACE('',(#9854),#9872,.T.);
#9854 = FACE_BOUND('',#9855,.T.);
#9855 = EDGE_LOOP('',(#9856,#9864,#9870,#9871));
#9856 = ORIENTED_EDGE('',*,*,#9857,.T.);
#9857 = EDGE_CURVE('',#2796,#9858,#9860,.T.);
#9858 = VERTEX_POINT('',#9859);
#9859 = CARTESIAN_POINT('',(20.15,1.159573085123,2.6));
#9860 = LINE('',#9861,#9862);
#9861 = CARTESIAN_POINT('',(20.15,1.159573085123,2.));
#9862 = VECTOR('',#9863,1.);
#9863 = DIRECTION('',(0.,0.,1.));
#9864 = ORIENTED_EDGE('',*,*,#9865,.T.);
#9865 = EDGE_CURVE('',#9858,#9827,#9866,.T.);
#9866 = LINE('',#9867,#9868);
#9867 = CARTESIAN_POINT('',(20.15,1.159573085123,2.6));
#9868 = VECTOR('',#9869,1.);
#9869 = DIRECTION('',(0.,-1.,0.));
#9870 = ORIENTED_EDGE('',*,*,#9826,.F.);
#9871 = ORIENTED_EDGE('',*,*,#2803,.F.);
#9872 = PLANE('',#9873);
#9873 = AXIS2_PLACEMENT_3D('',#9874,#9875,#9876);
#9874 = CARTESIAN_POINT('',(20.15,1.159573085123,2.));
#9875 = DIRECTION('',(1.,-2.2E-16,0.));
#9876 = DIRECTION('',(-2.2E-16,-1.,0.));
#9877 = ADVANCED_FACE('',(#9878),#9896,.T.);
#9878 = FACE_BOUND('',#9879,.T.);
#9879 = EDGE_LOOP('',(#9880,#9881,#9889,#9895));
#9880 = ORIENTED_EDGE('',*,*,#9842,.T.);
#9881 = ORIENTED_EDGE('',*,*,#9882,.T.);
#9882 = EDGE_CURVE('',#9835,#9883,#9885,.T.);
#9883 = VERTEX_POINT('',#9884);
#9884 = CARTESIAN_POINT('',(15.862625448495,1.159573085123,2.6));
#9885 = LINE('',#9886,#9887);
#9886 = CARTESIAN_POINT('',(15.862625448495,0.369078571057,2.6));
#9887 = VECTOR('',#9888,1.);
#9888 = DIRECTION('',(0.,1.,0.));
#9889 = ORIENTED_EDGE('',*,*,#9890,.F.);
#9890 = EDGE_CURVE('',#2572,#9883,#9891,.T.);
#9891 = LINE('',#9892,#9893);
#9892 = CARTESIAN_POINT('',(15.862625448495,1.159573085123,2.));
#9893 = VECTOR('',#9894,1.);
#9894 = DIRECTION('',(0.,0.,1.));
#9895 = ORIENTED_EDGE('',*,*,#2571,.F.);
#9896 = PLANE('',#9897);
#9897 = AXIS2_PLACEMENT_3D('',#9898,#9899,#9900);
#9898 = CARTESIAN_POINT('',(15.862625448495,0.369078571057,2.));
#9899 = DIRECTION('',(-1.,2.2E-16,0.));
#9900 = DIRECTION('',(2.2E-16,1.,0.));
#9901 = ADVANCED_FACE('',(#9902),#9920,.T.);
#9902 = FACE_BOUND('',#9903,.T.);
#9903 = EDGE_LOOP('',(#9904,#9912,#9918,#9919));
#9904 = ORIENTED_EDGE('',*,*,#9905,.T.);
#9905 = EDGE_CURVE('',#2788,#9906,#9908,.T.);
#9906 = VERTEX_POINT('',#9907);
#9907 = CARTESIAN_POINT('',(16.811276064687,1.159573085123,2.6));
#9908 = LINE('',#9909,#9910);
#9909 = CARTESIAN_POINT('',(16.811276064687,1.159573085123,2.));
#9910 = VECTOR('',#9911,1.);
#9911 = DIRECTION('',(0.,0.,1.));
#9912 = ORIENTED_EDGE('',*,*,#9913,.T.);
#9913 = EDGE_CURVE('',#9906,#9858,#9914,.T.);
#9914 = LINE('',#9915,#9916);
#9915 = CARTESIAN_POINT('',(16.451206385523,1.159573085123,2.6));
#9916 = VECTOR('',#9917,1.);
#9917 = DIRECTION('',(1.,-2.2E-16,0.));
#9918 = ORIENTED_EDGE('',*,*,#9857,.F.);
#9919 = ORIENTED_EDGE('',*,*,#2795,.F.);
#9920 = PLANE('',#9921);
#9921 = AXIS2_PLACEMENT_3D('',#9922,#9923,#9924);
#9922 = CARTESIAN_POINT('',(18.480638032344,1.159573085123,2.3));
#9923 = DIRECTION('',(2.8E-16,1.,0.));
#9924 = DIRECTION('',(1.,-2.8E-16,0.));
#9925 = ADVANCED_FACE('',(#9926),#9944,.T.);
#9926 = FACE_BOUND('',#9927,.T.);
#9927 = EDGE_LOOP('',(#9928,#9929,#9937,#9943));
#9928 = ORIENTED_EDGE('',*,*,#9890,.T.);
#9929 = ORIENTED_EDGE('',*,*,#9930,.T.);
#9930 = EDGE_CURVE('',#9883,#9931,#9933,.T.);
#9931 = VERTEX_POINT('',#9932);
#9932 = CARTESIAN_POINT('',(16.201734267559,1.159573085123,2.6));
#9933 = LINE('',#9934,#9935);
#9934 = CARTESIAN_POINT('',(15.862625448495,1.159573085123,2.6));
#9935 = VECTOR('',#9936,1.);
#9936 = DIRECTION('',(1.,0.,0.));
#9937 = ORIENTED_EDGE('',*,*,#9938,.F.);
#9938 = EDGE_CURVE('',#2580,#9931,#9939,.T.);
#9939 = LINE('',#9940,#9941);
#9940 = CARTESIAN_POINT('',(16.201734267559,1.159573085123,2.));
#9941 = VECTOR('',#9942,1.);
#9942 = DIRECTION('',(0.,0.,1.));
#9943 = ORIENTED_EDGE('',*,*,#2579,.F.);
#9944 = PLANE('',#9945);
#9945 = AXIS2_PLACEMENT_3D('',#9946,#9947,#9948);
#9946 = CARTESIAN_POINT('',(15.862625448495,1.159573085123,2.));
#9947 = DIRECTION('',(2.2E-16,1.,0.));
#9948 = DIRECTION('',(1.,-2.2E-16,0.));
#9949 = ADVANCED_FACE('',(#9950),#9968,.T.);
#9950 = FACE_BOUND('',#9951,.T.);
#9951 = EDGE_LOOP('',(#9952,#9960,#9966,#9967));
#9952 = ORIENTED_EDGE('',*,*,#9953,.T.);
#9953 = EDGE_CURVE('',#2780,#9954,#9956,.T.);
#9954 = VERTEX_POINT('',#9955);
#9955 = CARTESIAN_POINT('',(16.574184909781,1.229928240861,2.6));
#9956 = LINE('',#9957,#9958);
#9957 = CARTESIAN_POINT('',(16.574184909781,1.229928240861,2.));
#9958 = VECTOR('',#9959,1.);
#9959 = DIRECTION('',(0.,0.,1.));
#9960 = ORIENTED_EDGE('',*,*,#9961,.T.);
#9961 = EDGE_CURVE('',#9954,#9906,#9962,.T.);
#9962 = B_SPLINE_CURVE_WITH_KNOTS('',2,(#9963,#9964,#9965),
  .UNSPECIFIED.,.F.,.F.,(3,3),(0.,1.),.PIECEWISE_BEZIER_KNOTS.);
#9963 = CARTESIAN_POINT('',(16.574184909781,1.229928240861,2.6));
#9964 = CARTESIAN_POINT('',(16.644540065519,1.159573085123,2.6));
#9965 = CARTESIAN_POINT('',(16.811276064687,1.159573085123,2.6));
#9966 = ORIENTED_EDGE('',*,*,#9905,.F.);
#9967 = ORIENTED_EDGE('',*,*,#2787,.F.);
#9968 = SURFACE_OF_LINEAR_EXTRUSION('',#9969,#9973);
#9969 = B_SPLINE_CURVE_WITH_KNOTS('',2,(#9970,#9971,#9972),
  .UNSPECIFIED.,.F.,.F.,(3,3),(0.,1.),.PIECEWISE_BEZIER_KNOTS.);
#9970 = CARTESIAN_POINT('',(16.574184909781,1.229928240861,2.));
#9971 = CARTESIAN_POINT('',(16.644540065519,1.159573085123,2.));
#9972 = CARTESIAN_POINT('',(16.811276064687,1.159573085123,2.));
#9973 = VECTOR('',#9974,1.);
#9974 = DIRECTION('',(-0.,-0.,-1.));
#9975 = ADVANCED_FACE('',(#9976),#9994,.T.);
#9976 = FACE_BOUND('',#9977,.T.);
#9977 = EDGE_LOOP('',(#9978,#9979,#9987,#9993));
#9978 = ORIENTED_EDGE('',*,*,#9938,.T.);
#9979 = ORIENTED_EDGE('',*,*,#9980,.T.);
#9980 = EDGE_CURVE('',#9931,#9981,#9983,.T.);
#9981 = VERTEX_POINT('',#9982);
#9982 = CARTESIAN_POINT('',(16.003335759971,1.282837605949,2.6));
#9983 = B_SPLINE_CURVE_WITH_KNOTS('',2,(#9984,#9985,#9986),
  .UNSPECIFIED.,.F.,.F.,(3,3),(0.,1.),.PIECEWISE_BEZIER_KNOTS.);
#9984 = CARTESIAN_POINT('',(16.460072279133,1.124681503822,2.6));
#9985 = CARTESIAN_POINT('',(16.143760074879,1.124681503822,2.6));
#9986 = CARTESIAN_POINT('',(16.003335759971,1.282837605949,2.6));
#9987 = ORIENTED_EDGE('',*,*,#9988,.F.);
#9988 = EDGE_CURVE('',#2588,#9981,#9989,.T.);
#9989 = LINE('',#9990,#9991);
#9990 = CARTESIAN_POINT('',(16.003335759971,1.282837605949,2.));
#9991 = VECTOR('',#9992,1.);
#9992 = DIRECTION('',(0.,0.,1.));
#9993 = ORIENTED_EDGE('',*,*,#2587,.F.);
#9994 = SURFACE_OF_LINEAR_EXTRUSION('',#9995,#9999);
#9995 = B_SPLINE_CURVE_WITH_KNOTS('',2,(#9996,#9997,#9998),
  .UNSPECIFIED.,.F.,.F.,(3,3),(0.,1.),.PIECEWISE_BEZIER_KNOTS.);
#9996 = CARTESIAN_POINT('',(16.460072279133,1.124681503822,2.));
#9997 = CARTESIAN_POINT('',(16.143760074879,1.124681503822,2.));
#9998 = CARTESIAN_POINT('',(16.003335759971,1.282837605949,2.));
#9999 = VECTOR('',#10000,1.);
#10000 = DIRECTION('',(-0.,-0.,-1.));
#10001 = ADVANCED_FACE('',(#10002),#10020,.T.);
#10002 = FACE_BOUND('',#10003,.T.);
#10003 = EDGE_LOOP('',(#10004,#10012,#10018,#10019));
#10004 = ORIENTED_EDGE('',*,*,#10005,.T.);
#10005 = EDGE_CURVE('',#2772,#10006,#10008,.T.);
#10006 = VERTEX_POINT('',#10007);
#10007 = CARTESIAN_POINT('',(16.503829754043,1.449573605117,2.6));
#10008 = LINE('',#10009,#10010);
#10009 = CARTESIAN_POINT('',(16.503829754043,1.449573605117,2.));
#10010 = VECTOR('',#10011,1.);
#10011 = DIRECTION('',(0.,0.,1.));
#10012 = ORIENTED_EDGE('',*,*,#10013,.T.);
#10013 = EDGE_CURVE('',#10006,#9954,#10014,.T.);
#10014 = B_SPLINE_CURVE_WITH_KNOTS('',2,(#10015,#10016,#10017),
  .UNSPECIFIED.,.F.,.F.,(3,3),(0.,1.),.PIECEWISE_BEZIER_KNOTS.);
#10015 = CARTESIAN_POINT('',(16.503829754043,1.449573605117,2.6));
#10016 = CARTESIAN_POINT('',(16.503829754043,1.300283396599,2.6));
#10017 = CARTESIAN_POINT('',(16.574184909781,1.229928240861,2.6));
#10018 = ORIENTED_EDGE('',*,*,#9953,.F.);
#10019 = ORIENTED_EDGE('',*,*,#2779,.F.);
#10020 = SURFACE_OF_LINEAR_EXTRUSION('',#10021,#10025);
#10021 = B_SPLINE_CURVE_WITH_KNOTS('',2,(#10022,#10023,#10024),
  .UNSPECIFIED.,.F.,.F.,(3,3),(0.,1.),.PIECEWISE_BEZIER_KNOTS.);
#10022 = CARTESIAN_POINT('',(16.503829754043,1.449573605117,2.));
#10023 = CARTESIAN_POINT('',(16.503829754043,1.300283396599,2.));
#10024 = CARTESIAN_POINT('',(16.574184909781,1.229928240861,2.));
#10025 = VECTOR('',#10026,1.);
#10026 = DIRECTION('',(-0.,-0.,-1.));
#10027 = ADVANCED_FACE('',(#10028),#10046,.T.);
#10028 = FACE_BOUND('',#10029,.T.);
#10029 = EDGE_LOOP('',(#10030,#10031,#10039,#10045));
#10030 = ORIENTED_EDGE('',*,*,#9988,.T.);
#10031 = ORIENTED_EDGE('',*,*,#10032,.T.);
#10032 = EDGE_CURVE('',#9981,#10033,#10035,.T.);
#10033 = VERTEX_POINT('',#10034);
#10034 = CARTESIAN_POINT('',(15.862625448495,1.704396547241,2.6));
#10035 = B_SPLINE_CURVE_WITH_KNOTS('',2,(#10036,#10037,#10038),
  .UNSPECIFIED.,.F.,.F.,(3,3),(0.,1.),.PIECEWISE_BEZIER_KNOTS.);
#10036 = CARTESIAN_POINT('',(16.003335759971,1.282837605949,2.6));
#10037 = CARTESIAN_POINT('',(15.862625448495,1.440993708076,2.6));
#10038 = CARTESIAN_POINT('',(15.862625448495,1.704396547241,2.6));
#10039 = ORIENTED_EDGE('',*,*,#10040,.F.);
#10040 = EDGE_CURVE('',#2596,#10033,#10041,.T.);
#10041 = LINE('',#10042,#10043);
#10042 = CARTESIAN_POINT('',(15.862625448495,1.704396547241,2.));
#10043 = VECTOR('',#10044,1.);
#10044 = DIRECTION('',(0.,0.,1.));
#10045 = ORIENTED_EDGE('',*,*,#2595,.F.);
#10046 = SURFACE_OF_LINEAR_EXTRUSION('',#10047,#10051);
#10047 = B_SPLINE_CURVE_WITH_KNOTS('',2,(#10048,#10049,#10050),
  .UNSPECIFIED.,.F.,.F.,(3,3),(0.,1.),.PIECEWISE_BEZIER_KNOTS.);
#10048 = CARTESIAN_POINT('',(16.003335759971,1.282837605949,2.));
#10049 = CARTESIAN_POINT('',(15.862625448495,1.440993708076,2.));
#10050 = CARTESIAN_POINT('',(15.862625448495,1.704396547241,2.));
#10051 = VECTOR('',#10052,1.);
#10052 = DIRECTION('',(-0.,-0.,-1.));
#10053 = ADVANCED_FACE('',(#10054),#10072,.T.);
#10054 = FACE_BOUND('',#10055,.T.);
#10055 = EDGE_LOOP('',(#10056,#10064,#10070,#10071));
#10056 = ORIENTED_EDGE('',*,*,#10057,.T.);
#10057 = EDGE_CURVE('',#2764,#10058,#10060,.T.);
#10058 = VERTEX_POINT('',#10059);
#10059 = CARTESIAN_POINT('',(16.503829754043,1.757019915761,2.6));
#10060 = LINE('',#10061,#10062);
#10061 = CARTESIAN_POINT('',(16.503829754043,1.757019915761,2.));
#10062 = VECTOR('',#10063,1.);
#10063 = DIRECTION('',(0.,0.,1.));
#10064 = ORIENTED_EDGE('',*,*,#10065,.T.);
#10065 = EDGE_CURVE('',#10058,#10006,#10066,.T.);
#10066 = LINE('',#10067,#10068);
#10067 = CARTESIAN_POINT('',(16.503829754043,1.757019915761,2.6));
#10068 = VECTOR('',#10069,1.);
#10069 = DIRECTION('',(0.,-1.,0.));
#10070 = ORIENTED_EDGE('',*,*,#10005,.F.);
#10071 = ORIENTED_EDGE('',*,*,#2771,.F.);
#10072 = PLANE('',#10073);
#10073 = AXIS2_PLACEMENT_3D('',#10074,#10075,#10076);
#10074 = CARTESIAN_POINT('',(16.503829754043,1.757019915761,2.));
#10075 = DIRECTION('',(1.,-2.2E-16,0.));
#10076 = DIRECTION('',(-2.2E-16,-1.,0.));
#10077 = ADVANCED_FACE('',(#10078),#10096,.T.);
#10078 = FACE_BOUND('',#10079,.T.);
#10079 = EDGE_LOOP('',(#10080,#10081,#10089,#10095));
#10080 = ORIENTED_EDGE('',*,*,#10040,.T.);
#10081 = ORIENTED_EDGE('',*,*,#10082,.T.);
#10082 = EDGE_CURVE('',#10033,#10083,#10085,.T.);
#10083 = VERTEX_POINT('',#10084);
#10084 = CARTESIAN_POINT('',(15.862625448495,2.020708751495,2.6));
#10085 = LINE('',#10086,#10087);
#10086 = CARTESIAN_POINT('',(15.862625448495,1.704396547241,2.6));
#10087 = VECTOR('',#10088,1.);
#10088 = DIRECTION('',(0.,1.,0.));
#10089 = ORIENTED_EDGE('',*,*,#10090,.F.);
#10090 = EDGE_CURVE('',#2604,#10083,#10091,.T.);
#10091 = LINE('',#10092,#10093);
#10092 = CARTESIAN_POINT('',(15.862625448495,2.020708751495,2.));
#10093 = VECTOR('',#10094,1.);
#10094 = DIRECTION('',(0.,0.,1.));
#10095 = ORIENTED_EDGE('',*,*,#2603,.F.);
#10096 = PLANE('',#10097);
#10097 = AXIS2_PLACEMENT_3D('',#10098,#10099,#10100);
#10098 = CARTESIAN_POINT('',(15.862625448495,1.704396547241,2.));
#10099 = DIRECTION('',(-1.,2.2E-16,0.));
#10100 = DIRECTION('',(2.2E-16,1.,0.));
#10101 = ADVANCED_FACE('',(#10102),#10120,.T.);
#10102 = FACE_BOUND('',#10103,.T.);
#10103 = EDGE_LOOP('',(#10104,#10112,#10118,#10119));
#10104 = ORIENTED_EDGE('',*,*,#10105,.T.);
#10105 = EDGE_CURVE('',#2756,#10106,#10108,.T.);
#10106 = VERTEX_POINT('',#10107);
#10107 = CARTESIAN_POINT('',(16.552163174042,1.967799386407,2.6));
#10108 = LINE('',#10109,#10110);
#10109 = CARTESIAN_POINT('',(16.552163174042,1.967799386407,2.));
#10110 = VECTOR('',#10111,1.);
#10111 = DIRECTION('',(0.,0.,1.));
#10112 = ORIENTED_EDGE('',*,*,#10113,.T.);
#10113 = EDGE_CURVE('',#10106,#10058,#10114,.T.);
#10114 = B_SPLINE_CURVE_WITH_KNOTS('',2,(#10115,#10116,#10117),
  .UNSPECIFIED.,.F.,.F.,(3,3),(0.,1.),.PIECEWISE_BEZIER_KNOTS.);
#10115 = CARTESIAN_POINT('',(16.552163174042,1.967799386407,2.6));
#10116 = CARTESIAN_POINT('',(16.503829754043,1.915176017888,2.6));
#10117 = CARTESIAN_POINT('',(16.503829754043,1.757019915761,2.6));
#10118 = ORIENTED_EDGE('',*,*,#10057,.F.);
#10119 = ORIENTED_EDGE('',*,*,#2763,.F.);
#10120 = SURFACE_OF_LINEAR_EXTRUSION('',#10121,#10125);
#10121 = B_SPLINE_CURVE_WITH_KNOTS('',2,(#10122,#10123,#10124),
  .UNSPECIFIED.,.F.,.F.,(3,3),(0.,1.),.PIECEWISE_BEZIER_KNOTS.);
#10122 = CARTESIAN_POINT('',(16.552163174042,1.967799386407,2.));
#10123 = CARTESIAN_POINT('',(16.503829754043,1.915176017888,2.));
#10124 = CARTESIAN_POINT('',(16.503829754043,1.757019915761,2.));
#10125 = VECTOR('',#10126,1.);
#10126 = DIRECTION('',(-0.,-0.,-1.));
#10127 = ADVANCED_FACE('',(#10128),#10146,.T.);
#10128 = FACE_BOUND('',#10129,.T.);
#10129 = EDGE_LOOP('',(#10130,#10131,#10139,#10145));
#10130 = ORIENTED_EDGE('',*,*,#10090,.T.);
#10131 = ORIENTED_EDGE('',*,*,#10132,.T.);
#10132 = EDGE_CURVE('',#10083,#10133,#10135,.T.);
#10133 = VERTEX_POINT('',#10134);
#10134 = CARTESIAN_POINT('',(16.060249077011,2.618155582133,2.6));
#10135 = B_SPLINE_CURVE_WITH_KNOTS('',2,(#10136,#10137,#10138),
  .UNSPECIFIED.,.F.,.F.,(3,3),(0.,1.),.PIECEWISE_BEZIER_KNOTS.);
#10136 = CARTESIAN_POINT('',(15.862625448495,2.020708751495,2.6));
#10137 = CARTESIAN_POINT('',(15.862625448495,2.424821902137,2.6));
#10138 = CARTESIAN_POINT('',(16.060249077011,2.618155582133,2.6));
#10139 = ORIENTED_EDGE('',*,*,#10140,.F.);
#10140 = EDGE_CURVE('',#2612,#10133,#10141,.T.);
#10141 = LINE('',#10142,#10143);
#10142 = CARTESIAN_POINT('',(16.060249077011,2.618155582133,2.));
#10143 = VECTOR('',#10144,1.);
#10144 = DIRECTION('',(0.,0.,1.));
#10145 = ORIENTED_EDGE('',*,*,#2611,.F.);
#10146 = SURFACE_OF_LINEAR_EXTRUSION('',#10147,#10151);
#10147 = B_SPLINE_CURVE_WITH_KNOTS('',2,(#10148,#10149,#10150),
  .UNSPECIFIED.,.F.,.F.,(3,3),(0.,1.),.PIECEWISE_BEZIER_KNOTS.);
#10148 = CARTESIAN_POINT('',(15.862625448495,2.020708751495,2.));
#10149 = CARTESIAN_POINT('',(15.862625448495,2.424821902137,2.));
#10150 = CARTESIAN_POINT('',(16.060249077011,2.618155582133,2.));
#10151 = VECTOR('',#10152,1.);
#10152 = DIRECTION('',(-0.,-0.,-1.));
#10153 = ADVANCED_FACE('',(#10154),#10172,.T.);
#10154 = FACE_BOUND('',#10155,.T.);
#10155 = EDGE_LOOP('',(#10156,#10164,#10170,#10171));
#10156 = ORIENTED_EDGE('',*,*,#10157,.T.);
#10157 = EDGE_CURVE('',#2748,#10158,#10160,.T.);
#10158 = VERTEX_POINT('',#10159);
#10159 = CARTESIAN_POINT('',(16.758652696168,2.020708751495,2.6));
#10160 = LINE('',#10161,#10162);
#10161 = CARTESIAN_POINT('',(16.758652696168,2.020708751495,2.));
#10162 = VECTOR('',#10163,1.);
#10163 = DIRECTION('',(0.,0.,1.));
#10164 = ORIENTED_EDGE('',*,*,#10165,.T.);
#10165 = EDGE_CURVE('',#10158,#10106,#10166,.T.);
#10166 = B_SPLINE_CURVE_WITH_KNOTS('',2,(#10167,#10168,#10169),
  .UNSPECIFIED.,.F.,.F.,(3,3),(0.,1.),.PIECEWISE_BEZIER_KNOTS.);
#10167 = CARTESIAN_POINT('',(16.758652696168,2.020708751495,2.6));
#10168 = CARTESIAN_POINT('',(16.600496594041,2.020708751495,2.6));
#10169 = CARTESIAN_POINT('',(16.552163174042,1.967799386407,2.6));
#10170 = ORIENTED_EDGE('',*,*,#10105,.F.);
#10171 = ORIENTED_EDGE('',*,*,#2755,.F.);
#10172 = SURFACE_OF_LINEAR_EXTRUSION('',#10173,#10177);
#10173 = B_SPLINE_CURVE_WITH_KNOTS('',2,(#10174,#10175,#10176),
  .UNSPECIFIED.,.F.,.F.,(3,3),(0.,1.),.PIECEWISE_BEZIER_KNOTS.);
#10174 = CARTESIAN_POINT('',(16.758652696168,2.020708751495,2.));
#10175 = CARTESIAN_POINT('',(16.600496594041,2.020708751495,2.));
#10176 = CARTESIAN_POINT('',(16.552163174042,1.967799386407,2.));
#10177 = VECTOR('',#10178,1.);
#10178 = DIRECTION('',(-0.,-0.,-1.));
#10179 = ADVANCED_FACE('',(#10180),#10198,.T.);
#10180 = FACE_BOUND('',#10181,.T.);
#10181 = EDGE_LOOP('',(#10182,#10183,#10191,#10197));
#10182 = ORIENTED_EDGE('',*,*,#10140,.T.);
#10183 = ORIENTED_EDGE('',*,*,#10184,.T.);
#10184 = EDGE_CURVE('',#10133,#10185,#10187,.T.);
#10185 = VERTEX_POINT('',#10186);
#10186 = CARTESIAN_POINT('',(16.253711698025,2.74403753023,2.6));
#10187 = B_SPLINE_CURVE_WITH_KNOTS('',2,(#10188,#10189,#10190),
  .UNSPECIFIED.,.F.,.F.,(3,3),(0.,1.),.PIECEWISE_BEZIER_KNOTS.);
#10188 = CARTESIAN_POINT('',(16.060249077011,2.618155582133,2.6));
#10189 = CARTESIAN_POINT('',(16.257872705528,2.811489262129,2.6));
#10190 = CARTESIAN_POINT('',(16.644540065519,2.811489262129,2.6));
#10191 = ORIENTED_EDGE('',*,*,#10192,.F.);
#10192 = EDGE_CURVE('',#2620,#10185,#10193,.T.);
#10193 = LINE('',#10194,#10195);
#10194 = CARTESIAN_POINT('',(16.253711698025,2.74403753023,2.));
#10195 = VECTOR('',#10196,1.);
#10196 = DIRECTION('',(0.,0.,1.));
#10197 = ORIENTED_EDGE('',*,*,#2619,.F.);
#10198 = SURFACE_OF_LINEAR_EXTRUSION('',#10199,#10203);
#10199 = B_SPLINE_CURVE_WITH_KNOTS('',2,(#10200,#10201,#10202),
  .UNSPECIFIED.,.F.,.F.,(3,3),(0.,1.),.PIECEWISE_BEZIER_KNOTS.);
#10200 = CARTESIAN_POINT('',(16.060249077011,2.618155582133,2.));
#10201 = CARTESIAN_POINT('',(16.257872705528,2.811489262129,2.));
#10202 = CARTESIAN_POINT('',(16.644540065519,2.811489262129,2.));
#10203 = VECTOR('',#10204,1.);
#10204 = DIRECTION('',(-0.,-0.,-1.));
#10205 = ADVANCED_FACE('',(#10206),#10224,.T.);
#10206 = FACE_BOUND('',#10207,.T.);
#10207 = EDGE_LOOP('',(#10208,#10216,#10222,#10223));
#10208 = ORIENTED_EDGE('',*,*,#10209,.T.);
#10209 = EDGE_CURVE('',#2740,#10210,#10212,.T.);
#10210 = VERTEX_POINT('',#10211);
#10211 = CARTESIAN_POINT('',(20.15,2.020708751495,2.6));
#10212 = LINE('',#10213,#10214);
#10213 = CARTESIAN_POINT('',(20.15,2.020708751495,2.));
#10214 = VECTOR('',#10215,1.);
#10215 = DIRECTION('',(0.,0.,1.));
#10216 = ORIENTED_EDGE('',*,*,#10217,.T.);
#10217 = EDGE_CURVE('',#10210,#10158,#10218,.T.);
#10218 = LINE('',#10219,#10220);
#10219 = CARTESIAN_POINT('',(20.15,2.020708751495,2.6));
#10220 = VECTOR('',#10221,1.);
#10221 = DIRECTION('',(-1.,0.,0.));
#10222 = ORIENTED_EDGE('',*,*,#10157,.F.);
#10223 = ORIENTED_EDGE('',*,*,#2747,.F.);
#10224 = PLANE('',#10225);
#10225 = AXIS2_PLACEMENT_3D('',#10226,#10227,#10228);
#10226 = CARTESIAN_POINT('',(20.15,2.020708751495,2.));
#10227 = DIRECTION('',(-2.2E-16,-1.,0.));
#10228 = DIRECTION('',(-1.,2.2E-16,0.));
#10229 = ADVANCED_FACE('',(#10230),#10248,.T.);
#10230 = FACE_BOUND('',#10231,.T.);
#10231 = EDGE_LOOP('',(#10232,#10233,#10241,#10247));
#10232 = ORIENTED_EDGE('',*,*,#10192,.T.);
#10233 = ORIENTED_EDGE('',*,*,#10234,.T.);
#10234 = EDGE_CURVE('',#10185,#10235,#10237,.T.);
#10235 = VERTEX_POINT('',#10236);
#10236 = CARTESIAN_POINT('',(16.007625708491,2.894714263429,2.6));
#10237 = B_SPLINE_CURVE_WITH_KNOTS('',2,(#10238,#10239,#10240),
  .UNSPECIFIED.,.F.,.F.,(3,3),(0.,1.),.PIECEWISE_BEZIER_KNOTS.);
#10238 = CARTESIAN_POINT('',(16.468652176174,2.72368831574,2.6));
#10239 = CARTESIAN_POINT('',(16.15233997192,2.714822422131,2.6));
#10240 = CARTESIAN_POINT('',(16.007625708491,2.894714263429,2.6));
#10241 = ORIENTED_EDGE('',*,*,#10242,.F.);
#10242 = EDGE_CURVE('',#2628,#10235,#10243,.T.);
#10243 = LINE('',#10244,#10245);
#10244 = CARTESIAN_POINT('',(16.007625708491,2.894714263429,2.));
#10245 = VECTOR('',#10246,1.);
#10246 = DIRECTION('',(0.,0.,1.));
#10247 = ORIENTED_EDGE('',*,*,#2627,.F.);
#10248 = SURFACE_OF_LINEAR_EXTRUSION('',#10249,#10253);
#10249 = B_SPLINE_CURVE_WITH_KNOTS('',2,(#10250,#10251,#10252),
  .UNSPECIFIED.,.F.,.F.,(3,3),(0.,1.),.PIECEWISE_BEZIER_KNOTS.);
#10250 = CARTESIAN_POINT('',(16.468652176174,2.72368831574,2.));
#10251 = CARTESIAN_POINT('',(16.15233997192,2.714822422131,2.));
#10252 = CARTESIAN_POINT('',(16.007625708491,2.894714263429,2.));
#10253 = VECTOR('',#10254,1.);
#10254 = DIRECTION('',(-0.,-0.,-1.));
#10255 = ADVANCED_FACE('',(#10256),#10274,.T.);
#10256 = FACE_BOUND('',#10257,.T.);
#10257 = EDGE_LOOP('',(#10258,#10266,#10272,#10273));
#10258 = ORIENTED_EDGE('',*,*,#10259,.T.);
#10259 = EDGE_CURVE('',#2732,#10260,#10262,.T.);
#10260 = VERTEX_POINT('',#10261);
#10261 = CARTESIAN_POINT('',(20.15,2.811489262129,2.6));
#10262 = LINE('',#10263,#10264);
#10263 = CARTESIAN_POINT('',(20.15,2.811489262129,2.));
#10264 = VECTOR('',#10265,1.);
#10265 = DIRECTION('',(0.,0.,1.));
#10266 = ORIENTED_EDGE('',*,*,#10267,.T.);
#10267 = EDGE_CURVE('',#10260,#10210,#10268,.T.);
#10268 = LINE('',#10269,#10270);
#10269 = CARTESIAN_POINT('',(20.15,2.811489262129,2.6));
#10270 = VECTOR('',#10271,1.);
#10271 = DIRECTION('',(0.,-1.,0.));
#10272 = ORIENTED_EDGE('',*,*,#10209,.F.);
#10273 = ORIENTED_EDGE('',*,*,#2739,.F.);
#10274 = PLANE('',#10275);
#10275 = AXIS2_PLACEMENT_3D('',#10276,#10277,#10278);
#10276 = CARTESIAN_POINT('',(20.15,2.811489262129,2.));
#10277 = DIRECTION('',(1.,-2.2E-16,0.));
#10278 = DIRECTION('',(-2.2E-16,-1.,0.));
#10279 = ADVANCED_FACE('',(#10280),#10298,.T.);
#10280 = FACE_BOUND('',#10281,.T.);
#10281 = EDGE_LOOP('',(#10282,#10283,#10291,#10297));
#10282 = ORIENTED_EDGE('',*,*,#10242,.T.);
#10283 = ORIENTED_EDGE('',*,*,#10284,.T.);
#10284 = EDGE_CURVE('',#10235,#10285,#10287,.T.);
#10285 = VERTEX_POINT('',#10286);
#10286 = CARTESIAN_POINT('',(15.862625448495,3.356026727679,2.6));
#10287 = B_SPLINE_CURVE_WITH_KNOTS('',2,(#10288,#10289,#10290),
  .UNSPECIFIED.,.F.,.F.,(3,3),(0.,1.),.PIECEWISE_BEZIER_KNOTS.);
#10288 = CARTESIAN_POINT('',(16.007625708491,2.894714263429,2.6));
#10289 = CARTESIAN_POINT('',(15.862625448495,3.074892101295,2.6));
#10290 = CARTESIAN_POINT('',(15.862625448495,3.356026727679,2.6));
#10291 = ORIENTED_EDGE('',*,*,#10292,.F.);
#10292 = EDGE_CURVE('',#2636,#10285,#10293,.T.);
#10293 = LINE('',#10294,#10295);
#10294 = CARTESIAN_POINT('',(15.862625448495,3.356026727679,2.));
#10295 = VECTOR('',#10296,1.);
#10296 = DIRECTION('',(0.,0.,1.));
#10297 = ORIENTED_EDGE('',*,*,#2635,.F.);
#10298 = SURFACE_OF_LINEAR_EXTRUSION('',#10299,#10303);
#10299 = B_SPLINE_CURVE_WITH_KNOTS('',2,(#10300,#10301,#10302),
  .UNSPECIFIED.,.F.,.F.,(3,3),(0.,1.),.PIECEWISE_BEZIER_KNOTS.);
#10300 = CARTESIAN_POINT('',(16.007625708491,2.894714263429,2.));
#10301 = CARTESIAN_POINT('',(15.862625448495,3.074892101295,2.));
#10302 = CARTESIAN_POINT('',(15.862625448495,3.356026727679,2.));
#10303 = VECTOR('',#10304,1.);
#10304 = DIRECTION('',(-0.,-0.,-1.));
#10305 = ADVANCED_FACE('',(#10306),#10324,.T.);
#10306 = FACE_BOUND('',#10307,.T.);
#10307 = EDGE_LOOP('',(#10308,#10316,#10322,#10323));
#10308 = ORIENTED_EDGE('',*,*,#10309,.T.);
#10309 = EDGE_CURVE('',#2724,#10310,#10312,.T.);
#10310 = VERTEX_POINT('',#10311);
#10311 = CARTESIAN_POINT('',(16.811276064687,2.811489262129,2.6));
#10312 = LINE('',#10313,#10314);
#10313 = CARTESIAN_POINT('',(16.811276064687,2.811489262129,2.));
#10314 = VECTOR('',#10315,1.);
#10315 = DIRECTION('',(0.,0.,1.));
#10316 = ORIENTED_EDGE('',*,*,#10317,.T.);
#10317 = EDGE_CURVE('',#10310,#10260,#10318,.T.);
#10318 = LINE('',#10319,#10320);
#10319 = CARTESIAN_POINT('',(16.644540065519,2.811489262129,2.6));
#10320 = VECTOR('',#10321,1.);
#10321 = DIRECTION('',(1.,-2.2E-16,0.));
#10322 = ORIENTED_EDGE('',*,*,#10259,.F.);
#10323 = ORIENTED_EDGE('',*,*,#2731,.F.);
#10324 = PLANE('',#10325);
#10325 = AXIS2_PLACEMENT_3D('',#10326,#10327,#10328);
#10326 = CARTESIAN_POINT('',(18.480638032344,2.811489262129,2.3));
#10327 = DIRECTION('',(2.8E-16,1.,0.));
#10328 = DIRECTION('',(1.,-2.8E-16,0.));
#10329 = ADVANCED_FACE('',(#10330),#10348,.T.);
#10330 = FACE_BOUND('',#10331,.T.);
#10331 = EDGE_LOOP('',(#10332,#10333,#10341,#10347));
#10332 = ORIENTED_EDGE('',*,*,#10292,.T.);
#10333 = ORIENTED_EDGE('',*,*,#10334,.T.);
#10334 = EDGE_CURVE('',#10285,#10335,#10337,.T.);
#10335 = VERTEX_POINT('',#10336);
#10336 = CARTESIAN_POINT('',(15.862625448495,3.663759034892,2.6));
#10337 = LINE('',#10338,#10339);
#10338 = CARTESIAN_POINT('',(15.862625448495,3.356026727679,2.6));
#10339 = VECTOR('',#10340,1.);
#10340 = DIRECTION('',(0.,1.,0.));
#10341 = ORIENTED_EDGE('',*,*,#10342,.F.);
#10342 = EDGE_CURVE('',#2644,#10335,#10343,.T.);
#10343 = LINE('',#10344,#10345);
#10344 = CARTESIAN_POINT('',(15.862625448495,3.663759034892,2.));
#10345 = VECTOR('',#10346,1.);
#10346 = DIRECTION('',(0.,0.,1.));
#10347 = ORIENTED_EDGE('',*,*,#2643,.F.);
#10348 = PLANE('',#10349);
#10349 = AXIS2_PLACEMENT_3D('',#10350,#10351,#10352);
#10350 = CARTESIAN_POINT('',(15.862625448495,3.356026727679,2.));
#10351 = DIRECTION('',(-1.,2.2E-16,0.));
#10352 = DIRECTION('',(2.2E-16,1.,0.));
#10353 = ADVANCED_FACE('',(#10354),#10372,.T.);
#10354 = FACE_BOUND('',#10355,.T.);
#10355 = EDGE_LOOP('',(#10356,#10364,#10370,#10371));
#10356 = ORIENTED_EDGE('',*,*,#10357,.T.);
#10357 = EDGE_CURVE('',#2716,#10358,#10360,.T.);
#10358 = VERTEX_POINT('',#10359);
#10359 = CARTESIAN_POINT('',(16.574184909781,2.881558421299,2.6));
#10360 = LINE('',#10361,#10362);
#10361 = CARTESIAN_POINT('',(16.574184909781,2.881558421299,2.));
#10362 = VECTOR('',#10363,1.);
#10363 = DIRECTION('',(0.,0.,1.));
#10364 = ORIENTED_EDGE('',*,*,#10365,.T.);
#10365 = EDGE_CURVE('',#10358,#10310,#10366,.T.);
#10366 = B_SPLINE_CURVE_WITH_KNOTS('',2,(#10367,#10368,#10369),
  .UNSPECIFIED.,.F.,.F.,(3,3),(0.,1.),.PIECEWISE_BEZIER_KNOTS.);
#10367 = CARTESIAN_POINT('',(16.574184909781,2.881558421299,2.6));
#10368 = CARTESIAN_POINT('',(16.644540065519,2.811489262129,2.6));
#10369 = CARTESIAN_POINT('',(16.811276064687,2.811489262129,2.6));
#10370 = ORIENTED_EDGE('',*,*,#10309,.F.);
#10371 = ORIENTED_EDGE('',*,*,#2723,.F.);
#10372 = SURFACE_OF_LINEAR_EXTRUSION('',#10373,#10377);
#10373 = B_SPLINE_CURVE_WITH_KNOTS('',2,(#10374,#10375,#10376),
  .UNSPECIFIED.,.F.,.F.,(3,3),(0.,1.),.PIECEWISE_BEZIER_KNOTS.);
#10374 = CARTESIAN_POINT('',(16.574184909781,2.881558421299,2.));
#10375 = CARTESIAN_POINT('',(16.644540065519,2.811489262129,2.));
#10376 = CARTESIAN_POINT('',(16.811276064687,2.811489262129,2.));
#10377 = VECTOR('',#10378,1.);
#10378 = DIRECTION('',(-0.,-0.,-1.));
#10379 = ADVANCED_FACE('',(#10380),#10398,.T.);
#10380 = FACE_BOUND('',#10381,.T.);
#10381 = EDGE_LOOP('',(#10382,#10383,#10391,#10397));
#10382 = ORIENTED_EDGE('',*,*,#10342,.T.);
#10383 = ORIENTED_EDGE('',*,*,#10384,.T.);
#10384 = EDGE_CURVE('',#10335,#10385,#10387,.T.);
#10385 = VERTEX_POINT('',#10386);
#10386 = CARTESIAN_POINT('',(16.060249077011,4.269785762571,2.6));
#10387 = B_SPLINE_CURVE_WITH_KNOTS('',2,(#10388,#10389,#10390),
  .UNSPECIFIED.,.F.,.F.,(3,3),(0.,1.),.PIECEWISE_BEZIER_KNOTS.);
#10388 = CARTESIAN_POINT('',(15.862625448495,3.663759034892,2.6));
#10389 = CARTESIAN_POINT('',(15.862625448495,4.076738079143,2.6));
#10390 = CARTESIAN_POINT('',(16.060249077011,4.269785762571,2.6));
#10391 = ORIENTED_EDGE('',*,*,#10392,.F.);
#10392 = EDGE_CURVE('',#2652,#10385,#10393,.T.);
#10393 = LINE('',#10394,#10395);
#10394 = CARTESIAN_POINT('',(16.060249077011,4.269785762571,2.));
#10395 = VECTOR('',#10396,1.);
#10396 = DIRECTION('',(0.,0.,1.));
#10397 = ORIENTED_EDGE('',*,*,#2651,.F.);
#10398 = SURFACE_OF_LINEAR_EXTRUSION('',#10399,#10403);
#10399 = B_SPLINE_CURVE_WITH_KNOTS('',2,(#10400,#10401,#10402),
  .UNSPECIFIED.,.F.,.F.,(3,3),(0.,1.),.PIECEWISE_BEZIER_KNOTS.);
#10400 = CARTESIAN_POINT('',(15.862625448495,3.663759034892,2.));
#10401 = CARTESIAN_POINT('',(15.862625448495,4.076738079143,2.));
#10402 = CARTESIAN_POINT('',(16.060249077011,4.269785762571,2.));
#10403 = VECTOR('',#10404,1.);
#10404 = DIRECTION('',(-0.,-0.,-1.));
#10405 = ADVANCED_FACE('',(#10406),#10424,.T.);
#10406 = FACE_BOUND('',#10407,.T.);
#10407 = EDGE_LOOP('',(#10408,#10416,#10422,#10423));
#10408 = ORIENTED_EDGE('',*,*,#10409,.T.);
#10409 = EDGE_CURVE('',#2708,#10410,#10412,.T.);
#10410 = VERTEX_POINT('',#10411);
#10411 = CARTESIAN_POINT('',(16.503829754043,3.092623888513,2.6));
#10412 = LINE('',#10413,#10414);
#10413 = CARTESIAN_POINT('',(16.503829754043,3.092623888513,2.));
#10414 = VECTOR('',#10415,1.);
#10415 = DIRECTION('',(0.,0.,1.));
#10416 = ORIENTED_EDGE('',*,*,#10417,.T.);
#10417 = EDGE_CURVE('',#10410,#10358,#10418,.T.);
#10418 = B_SPLINE_CURVE_WITH_KNOTS('',2,(#10419,#10420,#10421),
  .UNSPECIFIED.,.F.,.F.,(3,3),(0.,1.),.PIECEWISE_BEZIER_KNOTS.);
#10419 = CARTESIAN_POINT('',(16.503829754043,3.092623888513,2.6));
#10420 = CARTESIAN_POINT('',(16.503829754043,2.951913577037,2.6));
#10421 = CARTESIAN_POINT('',(16.574184909781,2.881558421299,2.6));
#10422 = ORIENTED_EDGE('',*,*,#10357,.F.);
#10423 = ORIENTED_EDGE('',*,*,#2715,.F.);
#10424 = SURFACE_OF_LINEAR_EXTRUSION('',#10425,#10429);
#10425 = B_SPLINE_CURVE_WITH_KNOTS('',2,(#10426,#10427,#10428),
  .UNSPECIFIED.,.F.,.F.,(3,3),(0.,1.),.PIECEWISE_BEZIER_KNOTS.);
#10426 = CARTESIAN_POINT('',(16.503829754043,3.092623888513,2.));
#10427 = CARTESIAN_POINT('',(16.503829754043,2.951913577037,2.));
#10428 = CARTESIAN_POINT('',(16.574184909781,2.881558421299,2.));
#10429 = VECTOR('',#10430,1.);
#10430 = DIRECTION('',(-0.,-0.,-1.));
#10431 = ADVANCED_FACE('',(#10432),#10450,.T.);
#10432 = FACE_BOUND('',#10433,.T.);
#10433 = EDGE_LOOP('',(#10434,#10435,#10443,#10449));
#10434 = ORIENTED_EDGE('',*,*,#10392,.T.);
#10435 = ORIENTED_EDGE('',*,*,#10436,.T.);
#10436 = EDGE_CURVE('',#10385,#10437,#10439,.T.);
#10437 = VERTEX_POINT('',#10438);
#10438 = CARTESIAN_POINT('',(16.644540065519,4.463119442567,2.6));
#10439 = B_SPLINE_CURVE_WITH_KNOTS('',2,(#10440,#10441,#10442),
  .UNSPECIFIED.,.F.,.F.,(3,3),(0.,1.),.PIECEWISE_BEZIER_KNOTS.);
#10440 = CARTESIAN_POINT('',(16.060249077011,4.269785762571,2.6));
#10441 = CARTESIAN_POINT('',(16.257872705528,4.463119442567,2.6));
#10442 = CARTESIAN_POINT('',(16.644540065519,4.463119442567,2.6));
#10443 = ORIENTED_EDGE('',*,*,#10444,.F.);
#10444 = EDGE_CURVE('',#2660,#10437,#10445,.T.);
#10445 = LINE('',#10446,#10447);
#10446 = CARTESIAN_POINT('',(16.644540065519,4.463119442567,2.));
#10447 = VECTOR('',#10448,1.);
#10448 = DIRECTION('',(0.,0.,1.));
#10449 = ORIENTED_EDGE('',*,*,#2659,.F.);
#10450 = SURFACE_OF_LINEAR_EXTRUSION('',#10451,#10455);
#10451 = B_SPLINE_CURVE_WITH_KNOTS('',2,(#10452,#10453,#10454),
  .UNSPECIFIED.,.F.,.F.,(3,3),(0.,1.),.PIECEWISE_BEZIER_KNOTS.);
#10452 = CARTESIAN_POINT('',(16.060249077011,4.269785762571,2.));
#10453 = CARTESIAN_POINT('',(16.257872705528,4.463119442567,2.));
#10454 = CARTESIAN_POINT('',(16.644540065519,4.463119442567,2.));
#10455 = VECTOR('',#10456,1.);
#10456 = DIRECTION('',(-0.,-0.,-1.));
#10457 = ADVANCED_FACE('',(#10458),#10476,.T.);
#10458 = FACE_BOUND('',#10459,.T.);
#10459 = EDGE_LOOP('',(#10460,#10468,#10474,#10475));
#10460 = ORIENTED_EDGE('',*,*,#10461,.T.);
#10461 = EDGE_CURVE('',#2700,#10462,#10464,.T.);
#10462 = VERTEX_POINT('',#10463);
#10463 = CARTESIAN_POINT('',(16.503829754043,3.408936092767,2.6));
#10464 = LINE('',#10465,#10466);
#10465 = CARTESIAN_POINT('',(16.503829754043,3.408936092767,2.));
#10466 = VECTOR('',#10467,1.);
#10467 = DIRECTION('',(0.,0.,1.));
#10468 = ORIENTED_EDGE('',*,*,#10469,.T.);
#10469 = EDGE_CURVE('',#10462,#10410,#10470,.T.);
#10470 = LINE('',#10471,#10472);
#10471 = CARTESIAN_POINT('',(16.503829754043,3.408936092767,2.6));
#10472 = VECTOR('',#10473,1.);
#10473 = DIRECTION('',(0.,-1.,0.));
#10474 = ORIENTED_EDGE('',*,*,#10409,.F.);
#10475 = ORIENTED_EDGE('',*,*,#2707,.F.);
#10476 = PLANE('',#10477);
#10477 = AXIS2_PLACEMENT_3D('',#10478,#10479,#10480);
#10478 = CARTESIAN_POINT('',(16.503829754043,3.408936092767,2.));
#10479 = DIRECTION('',(1.,-2.2E-16,0.));
#10480 = DIRECTION('',(-2.2E-16,-1.,0.));
#10481 = ADVANCED_FACE('',(#10482),#10500,.T.);
#10482 = FACE_BOUND('',#10483,.T.);
#10483 = EDGE_LOOP('',(#10484,#10485,#10493,#10499));
#10484 = ORIENTED_EDGE('',*,*,#10444,.T.);
#10485 = ORIENTED_EDGE('',*,*,#10486,.T.);
#10486 = EDGE_CURVE('',#10437,#10487,#10489,.T.);
#10487 = VERTEX_POINT('',#10488);
#10488 = CARTESIAN_POINT('',(20.15,4.463119442567,2.6));
#10489 = LINE('',#10490,#10491);
#10490 = CARTESIAN_POINT('',(16.644540065519,4.463119442567,2.6));
#10491 = VECTOR('',#10492,1.);
#10492 = DIRECTION('',(1.,0.,0.));
#10493 = ORIENTED_EDGE('',*,*,#10494,.F.);
#10494 = EDGE_CURVE('',#2668,#10487,#10495,.T.);
#10495 = LINE('',#10496,#10497);
#10496 = CARTESIAN_POINT('',(20.15,4.463119442567,2.));
#10497 = VECTOR('',#10498,1.);
#10498 = DIRECTION('',(0.,0.,1.));
#10499 = ORIENTED_EDGE('',*,*,#2667,.F.);
#10500 = PLANE('',#10501);
#10501 = AXIS2_PLACEMENT_3D('',#10502,#10503,#10504);
#10502 = CARTESIAN_POINT('',(16.644540065519,4.463119442567,2.));
#10503 = DIRECTION('',(2.2E-16,1.,0.));
#10504 = DIRECTION('',(1.,-2.2E-16,0.));
#10505 = ADVANCED_FACE('',(#10506),#10524,.T.);
#10506 = FACE_BOUND('',#10507,.T.);
#10507 = EDGE_LOOP('',(#10508,#10516,#10522,#10523));
#10508 = ORIENTED_EDGE('',*,*,#10509,.T.);
#10509 = EDGE_CURVE('',#2692,#10510,#10512,.T.);
#10510 = VERTEX_POINT('',#10511);
#10511 = CARTESIAN_POINT('',(16.552163174042,3.615425614893,2.6));
#10512 = LINE('',#10513,#10514);
#10513 = CARTESIAN_POINT('',(16.552163174042,3.615425614893,2.));
#10514 = VECTOR('',#10515,1.);
#10515 = DIRECTION('',(0.,0.,1.));
#10516 = ORIENTED_EDGE('',*,*,#10517,.T.);
#10517 = EDGE_CURVE('',#10510,#10462,#10518,.T.);
#10518 = B_SPLINE_CURVE_WITH_KNOTS('',2,(#10519,#10520,#10521),
  .UNSPECIFIED.,.F.,.F.,(3,3),(0.,1.),.PIECEWISE_BEZIER_KNOTS.);
#10519 = CARTESIAN_POINT('',(16.552163174042,3.615425614893,2.6));
#10520 = CARTESIAN_POINT('',(16.503829754043,3.567092194894,2.6));
#10521 = CARTESIAN_POINT('',(16.503829754043,3.408936092767,2.6));
#10522 = ORIENTED_EDGE('',*,*,#10461,.F.);
#10523 = ORIENTED_EDGE('',*,*,#2699,.F.);
#10524 = SURFACE_OF_LINEAR_EXTRUSION('',#10525,#10529);
#10525 = B_SPLINE_CURVE_WITH_KNOTS('',2,(#10526,#10527,#10528),
  .UNSPECIFIED.,.F.,.F.,(3,3),(0.,1.),.PIECEWISE_BEZIER_KNOTS.);
#10526 = CARTESIAN_POINT('',(16.552163174042,3.615425614893,2.));
#10527 = CARTESIAN_POINT('',(16.503829754043,3.567092194894,2.));
#10528 = CARTESIAN_POINT('',(16.503829754043,3.408936092767,2.));
#10529 = VECTOR('',#10530,1.);
#10530 = DIRECTION('',(-0.,-0.,-1.));
#10531 = ADVANCED_FACE('',(#10532),#10550,.T.);
#10532 = FACE_BOUND('',#10533,.T.);
#10533 = EDGE_LOOP('',(#10534,#10535,#10543,#10549));
#10534 = ORIENTED_EDGE('',*,*,#10494,.T.);
#10535 = ORIENTED_EDGE('',*,*,#10536,.T.);
#10536 = EDGE_CURVE('',#10487,#10537,#10539,.T.);
#10537 = VERTEX_POINT('',#10538);
#10538 = CARTESIAN_POINT('',(20.15,3.663759034892,2.6));
#10539 = LINE('',#10540,#10541);
#10540 = CARTESIAN_POINT('',(20.15,4.463119442567,2.6));
#10541 = VECTOR('',#10542,1.);
#10542 = DIRECTION('',(0.,-1.,0.));
#10543 = ORIENTED_EDGE('',*,*,#10544,.F.);
#10544 = EDGE_CURVE('',#2676,#10537,#10545,.T.);
#10545 = LINE('',#10546,#10547);
#10546 = CARTESIAN_POINT('',(20.15,3.663759034892,2.));
#10547 = VECTOR('',#10548,1.);
#10548 = DIRECTION('',(0.,0.,1.));
#10549 = ORIENTED_EDGE('',*,*,#2675,.F.);
#10550 = PLANE('',#10551);
#10551 = AXIS2_PLACEMENT_3D('',#10552,#10553,#10554);
#10552 = CARTESIAN_POINT('',(20.15,4.463119442567,2.));
#10553 = DIRECTION('',(1.,-2.2E-16,0.));
#10554 = DIRECTION('',(-2.2E-16,-1.,0.));
#10555 = ADVANCED_FACE('',(#10556),#10574,.T.);
#10556 = FACE_BOUND('',#10557,.T.);
#10557 = EDGE_LOOP('',(#10558,#10566,#10572,#10573));
#10558 = ORIENTED_EDGE('',*,*,#10559,.T.);
#10559 = EDGE_CURVE('',#2684,#10560,#10562,.T.);
#10560 = VERTEX_POINT('',#10561);
#10561 = CARTESIAN_POINT('',(16.758652696168,3.663759034892,2.6));
#10562 = LINE('',#10563,#10564);
#10563 = CARTESIAN_POINT('',(16.758652696168,3.663759034892,2.));
#10564 = VECTOR('',#10565,1.);
#10565 = DIRECTION('',(0.,0.,1.));
#10566 = ORIENTED_EDGE('',*,*,#10567,.T.);
#10567 = EDGE_CURVE('',#10560,#10510,#10568,.T.);
#10568 = B_SPLINE_CURVE_WITH_KNOTS('',2,(#10569,#10570,#10571),
  .UNSPECIFIED.,.F.,.F.,(3,3),(0.,1.),.PIECEWISE_BEZIER_KNOTS.);
#10569 = CARTESIAN_POINT('',(16.758652696168,3.663759034892,2.6));
#10570 = CARTESIAN_POINT('',(16.600496594041,3.663759034892,2.6));
#10571 = CARTESIAN_POINT('',(16.552163174042,3.615425614893,2.6));
#10572 = ORIENTED_EDGE('',*,*,#10509,.F.);
#10573 = ORIENTED_EDGE('',*,*,#2691,.F.);
#10574 = SURFACE_OF_LINEAR_EXTRUSION('',#10575,#10579);
#10575 = B_SPLINE_CURVE_WITH_KNOTS('',2,(#10576,#10577,#10578),
  .UNSPECIFIED.,.F.,.F.,(3,3),(0.,1.),.PIECEWISE_BEZIER_KNOTS.);
#10576 = CARTESIAN_POINT('',(16.758652696168,3.663759034892,2.));
#10577 = CARTESIAN_POINT('',(16.600496594041,3.663759034892,2.));
#10578 = CARTESIAN_POINT('',(16.552163174042,3.615425614893,2.));
#10579 = VECTOR('',#10580,1.);
#10580 = DIRECTION('',(-0.,-0.,-1.));
#10581 = ADVANCED_FACE('',(#10582),#10593,.T.);
#10582 = FACE_BOUND('',#10583,.T.);
#10583 = EDGE_LOOP('',(#10584,#10585,#10591,#10592));
#10584 = ORIENTED_EDGE('',*,*,#10544,.T.);
#10585 = ORIENTED_EDGE('',*,*,#10586,.T.);
#10586 = EDGE_CURVE('',#10537,#10560,#10587,.T.);
#10587 = LINE('',#10588,#10589);
#10588 = CARTESIAN_POINT('',(20.15,3.663759034892,2.6));
#10589 = VECTOR('',#10590,1.);
#10590 = DIRECTION('',(-1.,0.,0.));
#10591 = ORIENTED_EDGE('',*,*,#10559,.F.);
#10592 = ORIENTED_EDGE('',*,*,#2683,.F.);
#10593 = PLANE('',#10594);
#10594 = AXIS2_PLACEMENT_3D('',#10595,#10596,#10597);
#10595 = CARTESIAN_POINT('',(20.15,3.663759034892,2.));
#10596 = DIRECTION('',(-2.2E-16,-1.,0.));
#10597 = DIRECTION('',(-1.,2.2E-16,0.));
#10598 = ADVANCED_FACE('',(#10599),#10624,.T.);
#10599 = FACE_BOUND('',#10600,.T.);
#10600 = EDGE_LOOP('',(#10601,#10609,#10617,#10623));
#10601 = ORIENTED_EDGE('',*,*,#10602,.T.);
#10602 = EDGE_CURVE('',#2812,#10603,#10605,.T.);
#10603 = VERTEX_POINT('',#10604);
#10604 = CARTESIAN_POINT('',(37.25,2.350878789455,2.6));
#10605 = LINE('',#10606,#10607);
#10606 = CARTESIAN_POINT('',(37.25,2.350878789455,2.));
#10607 = VECTOR('',#10608,1.);
#10608 = DIRECTION('',(0.,0.,1.));
#10609 = ORIENTED_EDGE('',*,*,#10610,.T.);
#10610 = EDGE_CURVE('',#10603,#10611,#10613,.T.);
#10611 = VERTEX_POINT('',#10612);
#10612 = CARTESIAN_POINT('',(37.25,3.255771930737,2.6));
#10613 = LINE('',#10614,#10615);
#10614 = CARTESIAN_POINT('',(37.25,2.746126046487,2.6));
#10615 = VECTOR('',#10616,1.);
#10616 = DIRECTION('',(2.2E-16,1.,0.));
#10617 = ORIENTED_EDGE('',*,*,#10618,.F.);
#10618 = EDGE_CURVE('',#2814,#10611,#10619,.T.);
#10619 = LINE('',#10620,#10621);
#10620 = CARTESIAN_POINT('',(37.25,3.255771930737,2.));
#10621 = VECTOR('',#10622,1.);
#10622 = DIRECTION('',(0.,0.,1.));
#10623 = ORIENTED_EDGE('',*,*,#2811,.F.);
#10624 = PLANE('',#10625);
#10625 = AXIS2_PLACEMENT_3D('',#10626,#10627,#10628);
#10626 = CARTESIAN_POINT('',(37.25,2.803325360096,2.3));
#10627 = DIRECTION('',(-1.,-0.,-0.));
#10628 = DIRECTION('',(0.,0.,-1.));
#10629 = ADVANCED_FACE('',(#10630),#10648,.T.);
#10630 = FACE_BOUND('',#10631,.T.);
#10631 = EDGE_LOOP('',(#10632,#10640,#10646,#10647));
#10632 = ORIENTED_EDGE('',*,*,#10633,.T.);
#10633 = EDGE_CURVE('',#2990,#10634,#10636,.T.);
#10634 = VERTEX_POINT('',#10635);
#10635 = CARTESIAN_POINT('',(37.447909625084,1.722544329468,2.6));
#10636 = LINE('',#10637,#10638);
#10637 = CARTESIAN_POINT('',(37.447909625084,1.722544329468,2.));
#10638 = VECTOR('',#10639,1.);
#10639 = DIRECTION('',(0.,0.,1.));
#10640 = ORIENTED_EDGE('',*,*,#10641,.T.);
#10641 = EDGE_CURVE('',#10634,#10603,#10642,.T.);
#10642 = B_SPLINE_CURVE_WITH_KNOTS('',2,(#10643,#10644,#10645),
  .UNSPECIFIED.,.F.,.F.,(3,3),(0.,1.),.PIECEWISE_BEZIER_KNOTS.);
#10643 = CARTESIAN_POINT('',(37.447909625084,1.722544329468,2.6));
#10644 = CARTESIAN_POINT('',(37.25,1.920167957985,2.6));
#10645 = CARTESIAN_POINT('',(37.25,2.350878789455,2.6));
#10646 = ORIENTED_EDGE('',*,*,#10602,.F.);
#10647 = ORIENTED_EDGE('',*,*,#2997,.F.);
#10648 = SURFACE_OF_LINEAR_EXTRUSION('',#10649,#10653);
#10649 = B_SPLINE_CURVE_WITH_KNOTS('',2,(#10650,#10651,#10652),
  .UNSPECIFIED.,.F.,.F.,(3,3),(0.,1.),.PIECEWISE_BEZIER_KNOTS.);
#10650 = CARTESIAN_POINT('',(37.447909625084,1.722544329468,2.));
#10651 = CARTESIAN_POINT('',(37.25,1.920167957985,2.));
#10652 = CARTESIAN_POINT('',(37.25,2.350878789455,2.));
#10653 = VECTOR('',#10654,1.);
#10654 = DIRECTION('',(-0.,-0.,-1.));
#10655 = ADVANCED_FACE('',(#10656),#10674,.T.);
#10656 = FACE_BOUND('',#10657,.T.);
#10657 = EDGE_LOOP('',(#10658,#10666,#10672,#10673));
#10658 = ORIENTED_EDGE('',*,*,#10659,.T.);
#10659 = EDGE_CURVE('',#2982,#10660,#10662,.T.);
#10660 = VERTEX_POINT('',#10661);
#10661 = CARTESIAN_POINT('',(38.023334719983,1.524920700952,2.6));
#10662 = LINE('',#10663,#10664);
#10663 = CARTESIAN_POINT('',(38.023334719983,1.524920700952,2.));
#10664 = VECTOR('',#10665,1.);
#10665 = DIRECTION('',(0.,0.,1.));
#10666 = ORIENTED_EDGE('',*,*,#10667,.T.);
#10667 = EDGE_CURVE('',#10660,#10634,#10668,.T.);
#10668 = B_SPLINE_CURVE_WITH_KNOTS('',2,(#10669,#10670,#10671),
  .UNSPECIFIED.,.F.,.F.,(3,3),(0.,1.),.PIECEWISE_BEZIER_KNOTS.);
#10669 = CARTESIAN_POINT('',(38.023334719983,1.524920700952,2.6));
#10670 = CARTESIAN_POINT('',(37.645533253601,1.524920700952,2.6));
#10671 = CARTESIAN_POINT('',(37.447909625084,1.722544329468,2.6));
#10672 = ORIENTED_EDGE('',*,*,#10633,.F.);
#10673 = ORIENTED_EDGE('',*,*,#2989,.F.);
#10674 = SURFACE_OF_LINEAR_EXTRUSION('',#10675,#10679);
#10675 = B_SPLINE_CURVE_WITH_KNOTS('',2,(#10676,#10677,#10678),
  .UNSPECIFIED.,.F.,.F.,(3,3),(0.,1.),.PIECEWISE_BEZIER_KNOTS.);
#10676 = CARTESIAN_POINT('',(38.023334719983,1.524920700952,2.));
#10677 = CARTESIAN_POINT('',(37.645533253601,1.524920700952,2.));
#10678 = CARTESIAN_POINT('',(37.447909625084,1.722544329468,2.));
#10679 = VECTOR('',#10680,1.);
#10680 = DIRECTION('',(-0.,-0.,-1.));
#10681 = ADVANCED_FACE('',(#10682),#10700,.T.);
#10682 = FACE_BOUND('',#10683,.T.);
#10683 = EDGE_LOOP('',(#10684,#10692,#10698,#10699));
#10684 = ORIENTED_EDGE('',*,*,#10685,.T.);
#10685 = EDGE_CURVE('',#2974,#10686,#10688,.T.);
#10686 = VERTEX_POINT('',#10687);
#10687 = CARTESIAN_POINT('',(41.976951276585,1.524920700952,2.6));
#10688 = LINE('',#10689,#10690);
#10689 = CARTESIAN_POINT('',(41.976951276585,1.524920700952,2.));
#10690 = VECTOR('',#10691,1.);
#10691 = DIRECTION('',(0.,0.,1.));
#10692 = ORIENTED_EDGE('',*,*,#10693,.T.);
#10693 = EDGE_CURVE('',#10686,#10660,#10694,.T.);
#10694 = LINE('',#10695,#10696);
#10695 = CARTESIAN_POINT('',(41.976951276585,1.524920700952,2.6));
#10696 = VECTOR('',#10697,1.);
#10697 = DIRECTION('',(-1.,0.,0.));
#10698 = ORIENTED_EDGE('',*,*,#10659,.F.);
#10699 = ORIENTED_EDGE('',*,*,#2981,.F.);
#10700 = PLANE('',#10701);
#10701 = AXIS2_PLACEMENT_3D('',#10702,#10703,#10704);
#10702 = CARTESIAN_POINT('',(41.976951276585,1.524920700952,2.));
#10703 = DIRECTION('',(-2.2E-16,-1.,0.));
#10704 = DIRECTION('',(-1.,2.2E-16,0.));
#10705 = ADVANCED_FACE('',(#10706),#10724,.T.);
#10706 = FACE_BOUND('',#10707,.T.);
#10707 = EDGE_LOOP('',(#10708,#10716,#10722,#10723));
#10708 = ORIENTED_EDGE('',*,*,#10709,.T.);
#10709 = EDGE_CURVE('',#2966,#10710,#10712,.T.);
#10710 = VERTEX_POINT('',#10711);
#10711 = CARTESIAN_POINT('',(42.552376371484,1.722544329468,2.6));
#10712 = LINE('',#10713,#10714);
#10713 = CARTESIAN_POINT('',(42.552376371484,1.722544329468,2.));
#10714 = VECTOR('',#10715,1.);
#10715 = DIRECTION('',(0.,0.,1.));
#10716 = ORIENTED_EDGE('',*,*,#10717,.T.);
#10717 = EDGE_CURVE('',#10710,#10686,#10718,.T.);
#10718 = B_SPLINE_CURVE_WITH_KNOTS('',2,(#10719,#10720,#10721),
  .UNSPECIFIED.,.F.,.F.,(3,3),(0.,1.),.PIECEWISE_BEZIER_KNOTS.);
#10719 = CARTESIAN_POINT('',(42.552376371484,1.722544329468,2.6));
#10720 = CARTESIAN_POINT('',(42.354752742967,1.524920700952,2.6));
#10721 = CARTESIAN_POINT('',(41.976951276585,1.524920700952,2.6));
#10722 = ORIENTED_EDGE('',*,*,#10685,.F.);
#10723 = ORIENTED_EDGE('',*,*,#2973,.F.);
#10724 = SURFACE_OF_LINEAR_EXTRUSION('',#10725,#10729);
#10725 = B_SPLINE_CURVE_WITH_KNOTS('',2,(#10726,#10727,#10728),
  .UNSPECIFIED.,.F.,.F.,(3,3),(0.,1.),.PIECEWISE_BEZIER_KNOTS.);
#10726 = CARTESIAN_POINT('',(42.552376371484,1.722544329468,2.));
#10727 = CARTESIAN_POINT('',(42.354752742967,1.524920700952,2.));
#10728 = CARTESIAN_POINT('',(41.976951276585,1.524920700952,2.));
#10729 = VECTOR('',#10730,1.);
#10730 = DIRECTION('',(-0.,-0.,-1.));
#10731 = ADVANCED_FACE('',(#10732),#10750,.T.);
#10732 = FACE_BOUND('',#10733,.T.);
#10733 = EDGE_LOOP('',(#10734,#10742,#10748,#10749));
#10734 = ORIENTED_EDGE('',*,*,#10735,.T.);
#10735 = EDGE_CURVE('',#2958,#10736,#10738,.T.);
#10736 = VERTEX_POINT('',#10737);
#10737 = CARTESIAN_POINT('',(42.75,2.350878789455,2.6));
#10738 = LINE('',#10739,#10740);
#10739 = CARTESIAN_POINT('',(42.75,2.350878789455,2.));
#10740 = VECTOR('',#10741,1.);
#10741 = DIRECTION('',(0.,0.,1.));
#10742 = ORIENTED_EDGE('',*,*,#10743,.T.);
#10743 = EDGE_CURVE('',#10736,#10710,#10744,.T.);
#10744 = B_SPLINE_CURVE_WITH_KNOTS('',2,(#10745,#10746,#10747),
  .UNSPECIFIED.,.F.,.F.,(3,3),(0.,1.),.PIECEWISE_BEZIER_KNOTS.);
#10745 = CARTESIAN_POINT('',(42.75,2.350878789455,2.6));
#10746 = CARTESIAN_POINT('',(42.75,1.920167957985,2.6));
#10747 = CARTESIAN_POINT('',(42.552376371484,1.722544329468,2.6));
#10748 = ORIENTED_EDGE('',*,*,#10709,.F.);
#10749 = ORIENTED_EDGE('',*,*,#2965,.F.);
#10750 = SURFACE_OF_LINEAR_EXTRUSION('',#10751,#10755);
#10751 = B_SPLINE_CURVE_WITH_KNOTS('',2,(#10752,#10753,#10754),
  .UNSPECIFIED.,.F.,.F.,(3,3),(0.,1.),.PIECEWISE_BEZIER_KNOTS.);
#10752 = CARTESIAN_POINT('',(42.75,2.350878789455,2.));
#10753 = CARTESIAN_POINT('',(42.75,1.920167957985,2.));
#10754 = CARTESIAN_POINT('',(42.552376371484,1.722544329468,2.));
#10755 = VECTOR('',#10756,1.);
#10756 = DIRECTION('',(-0.,-0.,-1.));
#10757 = ADVANCED_FACE('',(#10758),#10776,.T.);
#10758 = FACE_BOUND('',#10759,.T.);
#10759 = EDGE_LOOP('',(#10760,#10768,#10774,#10775));
#10760 = ORIENTED_EDGE('',*,*,#10761,.T.);
#10761 = EDGE_CURVE('',#2950,#10762,#10764,.T.);
#10762 = VERTEX_POINT('',#10763);
#10763 = CARTESIAN_POINT('',(42.75,3.282083614997,2.6));
#10764 = LINE('',#10765,#10766);
#10765 = CARTESIAN_POINT('',(42.75,3.282083614997,2.));
#10766 = VECTOR('',#10767,1.);
#10767 = DIRECTION('',(0.,0.,1.));
#10768 = ORIENTED_EDGE('',*,*,#10769,.T.);
#10769 = EDGE_CURVE('',#10762,#10736,#10770,.T.);
#10770 = LINE('',#10771,#10772);
#10771 = CARTESIAN_POINT('',(42.75,2.851658780095,2.6));
#10772 = VECTOR('',#10773,1.);
#10773 = DIRECTION('',(-2.2E-16,-1.,0.));
#10774 = ORIENTED_EDGE('',*,*,#10735,.F.);
#10775 = ORIENTED_EDGE('',*,*,#2957,.F.);
#10776 = PLANE('',#10777);
#10777 = AXIS2_PLACEMENT_3D('',#10778,#10779,#10780);
#10778 = CARTESIAN_POINT('',(42.75,2.816481202226,2.3));
#10779 = DIRECTION('',(1.,0.,0.));
#10780 = DIRECTION('',(0.,0.,1.));
#10781 = ADVANCED_FACE('',(#10782),#10800,.T.);
#10782 = FACE_BOUND('',#10783,.T.);
#10783 = EDGE_LOOP('',(#10784,#10792,#10798,#10799));
#10784 = ORIENTED_EDGE('',*,*,#10785,.T.);
#10785 = EDGE_CURVE('',#2942,#10786,#10788,.T.);
#10786 = VERTEX_POINT('',#10787);
#10787 = CARTESIAN_POINT('',(42.552376371484,3.901266184806,2.6));
#10788 = LINE('',#10789,#10790);
#10789 = CARTESIAN_POINT('',(42.552376371484,3.901266184806,2.));
#10790 = VECTOR('',#10791,1.);
#10791 = DIRECTION('',(0.,0.,1.));
#10792 = ORIENTED_EDGE('',*,*,#10793,.T.);
#10793 = EDGE_CURVE('',#10786,#10762,#10794,.T.);
#10794 = B_SPLINE_CURVE_WITH_KNOTS('',2,(#10795,#10796,#10797),
  .UNSPECIFIED.,.F.,.F.,(3,3),(0.,1.),.PIECEWISE_BEZIER_KNOTS.);
#10795 = CARTESIAN_POINT('',(42.552376371484,3.901266184806,2.6));
#10796 = CARTESIAN_POINT('',(42.75,3.703642556289,2.6));
#10797 = CARTESIAN_POINT('',(42.75,3.282083614997,2.6));
#10798 = ORIENTED_EDGE('',*,*,#10761,.F.);
#10799 = ORIENTED_EDGE('',*,*,#2949,.F.);
#10800 = SURFACE_OF_LINEAR_EXTRUSION('',#10801,#10805);
#10801 = B_SPLINE_CURVE_WITH_KNOTS('',2,(#10802,#10803,#10804),
  .UNSPECIFIED.,.F.,.F.,(3,3),(0.,1.),.PIECEWISE_BEZIER_KNOTS.);
#10802 = CARTESIAN_POINT('',(42.552376371484,3.901266184806,2.));
#10803 = CARTESIAN_POINT('',(42.75,3.703642556289,2.));
#10804 = CARTESIAN_POINT('',(42.75,3.282083614997,2.));
#10805 = VECTOR('',#10806,1.);
#10806 = DIRECTION('',(-0.,-0.,-1.));
#10807 = ADVANCED_FACE('',(#10808),#10826,.T.);
#10808 = FACE_BOUND('',#10809,.T.);
#10809 = EDGE_LOOP('',(#10810,#10818,#10824,#10825));
#10810 = ORIENTED_EDGE('',*,*,#10811,.T.);
#10811 = EDGE_CURVE('',#2934,#10812,#10814,.T.);
#10812 = VERTEX_POINT('',#10813);
#10813 = CARTESIAN_POINT('',(41.976951276585,4.09917580989,2.6));
#10814 = LINE('',#10815,#10816);
#10815 = CARTESIAN_POINT('',(41.976951276585,4.09917580989,2.));
#10816 = VECTOR('',#10817,1.);
#10817 = DIRECTION('',(0.,0.,1.));
#10818 = ORIENTED_EDGE('',*,*,#10819,.T.);
#10819 = EDGE_CURVE('',#10812,#10786,#10820,.T.);
#10820 = B_SPLINE_CURVE_WITH_KNOTS('',2,(#10821,#10822,#10823),
  .UNSPECIFIED.,.F.,.F.,(3,3),(0.,1.),.PIECEWISE_BEZIER_KNOTS.);
#10821 = CARTESIAN_POINT('',(41.976951276585,4.09917580989,2.6));
#10822 = CARTESIAN_POINT('',(42.354752742967,4.09917580989,2.6));
#10823 = CARTESIAN_POINT('',(42.552376371484,3.901266184806,2.6));
#10824 = ORIENTED_EDGE('',*,*,#10785,.F.);
#10825 = ORIENTED_EDGE('',*,*,#2941,.F.);
#10826 = SURFACE_OF_LINEAR_EXTRUSION('',#10827,#10831);
#10827 = B_SPLINE_CURVE_WITH_KNOTS('',2,(#10828,#10829,#10830),
  .UNSPECIFIED.,.F.,.F.,(3,3),(0.,1.),.PIECEWISE_BEZIER_KNOTS.);
#10828 = CARTESIAN_POINT('',(41.976951276585,4.09917580989,2.));
#10829 = CARTESIAN_POINT('',(42.354752742967,4.09917580989,2.));
#10830 = CARTESIAN_POINT('',(42.552376371484,3.901266184806,2.));
#10831 = VECTOR('',#10832,1.);
#10832 = DIRECTION('',(-0.,-0.,-1.));
#10833 = ADVANCED_FACE('',(#10834),#10852,.T.);
#10834 = FACE_BOUND('',#10835,.T.);
#10835 = EDGE_LOOP('',(#10836,#10844,#10850,#10851));
#10836 = ORIENTED_EDGE('',*,*,#10837,.T.);
#10837 = EDGE_CURVE('',#2926,#10838,#10840,.T.);
#10838 = VERTEX_POINT('',#10839);
#10839 = CARTESIAN_POINT('',(40.369078571057,4.09917580989,2.6));
#10840 = LINE('',#10841,#10842);
#10841 = CARTESIAN_POINT('',(40.369078571057,4.09917580989,2.));
#10842 = VECTOR('',#10843,1.);
#10843 = DIRECTION('',(0.,0.,1.));
#10844 = ORIENTED_EDGE('',*,*,#10845,.T.);
#10845 = EDGE_CURVE('',#10838,#10812,#10846,.T.);
#10846 = LINE('',#10847,#10848);
#10847 = CARTESIAN_POINT('',(40.369078571057,4.09917580989,2.6));
#10848 = VECTOR('',#10849,1.);
#10849 = DIRECTION('',(1.,0.,0.));
#10850 = ORIENTED_EDGE('',*,*,#10811,.F.);
#10851 = ORIENTED_EDGE('',*,*,#2933,.F.);
#10852 = PLANE('',#10853);
#10853 = AXIS2_PLACEMENT_3D('',#10854,#10855,#10856);
#10854 = CARTESIAN_POINT('',(40.369078571057,4.09917580989,2.));
#10855 = DIRECTION('',(2.2E-16,1.,0.));
#10856 = DIRECTION('',(1.,-2.2E-16,0.));
#10857 = ADVANCED_FACE('',(#10858),#10876,.T.);
#10858 = FACE_BOUND('',#10859,.T.);
#10859 = EDGE_LOOP('',(#10860,#10868,#10874,#10875));
#10860 = ORIENTED_EDGE('',*,*,#10861,.T.);
#10861 = EDGE_CURVE('',#2918,#10862,#10864,.T.);
#10862 = VERTEX_POINT('',#10863);
#10863 = CARTESIAN_POINT('',(39.784787582549,3.901266184806,2.6));
#10864 = LINE('',#10865,#10866);
#10865 = CARTESIAN_POINT('',(39.784787582549,3.901266184806,2.));
#10866 = VECTOR('',#10867,1.);
#10867 = DIRECTION('',(0.,0.,1.));
#10868 = ORIENTED_EDGE('',*,*,#10869,.T.);
#10869 = EDGE_CURVE('',#10862,#10838,#10870,.T.);
#10870 = B_SPLINE_CURVE_WITH_KNOTS('',2,(#10871,#10872,#10873),
  .UNSPECIFIED.,.F.,.F.,(3,3),(0.,1.),.PIECEWISE_BEZIER_KNOTS.);
#10871 = CARTESIAN_POINT('',(39.784787582549,3.901266184806,2.6));
#10872 = CARTESIAN_POINT('',(39.982411211065,4.09917580989,2.6));
#10873 = CARTESIAN_POINT('',(40.369078571057,4.09917580989,2.6));
#10874 = ORIENTED_EDGE('',*,*,#10837,.F.);
#10875 = ORIENTED_EDGE('',*,*,#2925,.F.);
#10876 = SURFACE_OF_LINEAR_EXTRUSION('',#10877,#10881);
#10877 = B_SPLINE_CURVE_WITH_KNOTS('',2,(#10878,#10879,#10880),
  .UNSPECIFIED.,.F.,.F.,(3,3),(0.,1.),.PIECEWISE_BEZIER_KNOTS.);
#10878 = CARTESIAN_POINT('',(39.784787582549,3.901266184806,2.));
#10879 = CARTESIAN_POINT('',(39.982411211065,4.09917580989,2.));
#10880 = CARTESIAN_POINT('',(40.369078571057,4.09917580989,2.));
#10881 = VECTOR('',#10882,1.);
#10882 = DIRECTION('',(-0.,-0.,-1.));
#10883 = ADVANCED_FACE('',(#10884),#10902,.T.);
#10884 = FACE_BOUND('',#10885,.T.);
#10885 = EDGE_LOOP('',(#10886,#10894,#10900,#10901));
#10886 = ORIENTED_EDGE('',*,*,#10887,.T.);
#10887 = EDGE_CURVE('',#2910,#10888,#10890,.T.);
#10888 = VERTEX_POINT('',#10889);
#10889 = CARTESIAN_POINT('',(39.587163954033,3.282083614997,2.6));
#10890 = LINE('',#10891,#10892);
#10891 = CARTESIAN_POINT('',(39.587163954033,3.282083614997,2.));
#10892 = VECTOR('',#10893,1.);
#10893 = DIRECTION('',(0.,0.,1.));
#10894 = ORIENTED_EDGE('',*,*,#10895,.T.);
#10895 = EDGE_CURVE('',#10888,#10862,#10896,.T.);
#10896 = B_SPLINE_CURVE_WITH_KNOTS('',2,(#10897,#10898,#10899),
  .UNSPECIFIED.,.F.,.F.,(3,3),(0.,1.),.PIECEWISE_BEZIER_KNOTS.);
#10897 = CARTESIAN_POINT('',(39.587163954033,3.282083614997,2.6));
#10898 = CARTESIAN_POINT('',(39.587163954033,3.703642556289,2.6));
#10899 = CARTESIAN_POINT('',(39.784787582549,3.901266184806,2.6));
#10900 = ORIENTED_EDGE('',*,*,#10861,.F.);
#10901 = ORIENTED_EDGE('',*,*,#2917,.F.);
#10902 = SURFACE_OF_LINEAR_EXTRUSION('',#10903,#10907);
#10903 = B_SPLINE_CURVE_WITH_KNOTS('',2,(#10904,#10905,#10906),
  .UNSPECIFIED.,.F.,.F.,(3,3),(0.,1.),.PIECEWISE_BEZIER_KNOTS.);
#10904 = CARTESIAN_POINT('',(39.587163954033,3.282083614997,2.));
#10905 = CARTESIAN_POINT('',(39.587163954033,3.703642556289,2.));
#10906 = CARTESIAN_POINT('',(39.784787582549,3.901266184806,2.));
#10907 = VECTOR('',#10908,1.);
#10908 = DIRECTION('',(-0.,-0.,-1.));
#10909 = ADVANCED_FACE('',(#10910),#10928,.T.);
#10910 = FACE_BOUND('',#10911,.T.);
#10911 = EDGE_LOOP('',(#10912,#10920,#10926,#10927));
#10912 = ORIENTED_EDGE('',*,*,#10913,.T.);
#10913 = EDGE_CURVE('',#2902,#10914,#10916,.T.);
#10914 = VERTEX_POINT('',#10915);
#10915 = CARTESIAN_POINT('',(39.587163954033,2.324281108627,2.6));
#10916 = LINE('',#10917,#10918);
#10917 = CARTESIAN_POINT('',(39.587163954033,2.324281108627,2.));
#10918 = VECTOR('',#10919,1.);
#10919 = DIRECTION('',(0.,0.,1.));
#10920 = ORIENTED_EDGE('',*,*,#10921,.T.);
#10921 = EDGE_CURVE('',#10914,#10888,#10922,.T.);
#10922 = LINE('',#10923,#10924);
#10923 = CARTESIAN_POINT('',(39.587163954033,2.069458166502,2.6));
#10924 = VECTOR('',#10925,1.);
#10925 = DIRECTION('',(0.,1.,0.));
#10926 = ORIENTED_EDGE('',*,*,#10887,.F.);
#10927 = ORIENTED_EDGE('',*,*,#2909,.F.);
#10928 = PLANE('',#10929);
#10929 = AXIS2_PLACEMENT_3D('',#10930,#10931,#10932);
#10930 = CARTESIAN_POINT('',(39.587163954033,2.324281108627,2.));
#10931 = DIRECTION('',(-1.,2.2E-16,0.));
#10932 = DIRECTION('',(2.2E-16,1.,0.));
#10933 = ADVANCED_FACE('',(#10934),#10952,.T.);
#10934 = FACE_BOUND('',#10935,.T.);
#10935 = EDGE_LOOP('',(#10936,#10944,#10950,#10951));
#10936 = ORIENTED_EDGE('',*,*,#10937,.T.);
#10937 = EDGE_CURVE('',#2894,#10938,#10940,.T.);
#10938 = VERTEX_POINT('',#10939);
#10939 = CARTESIAN_POINT('',(38.146313244241,2.324281108627,2.6));
#10940 = LINE('',#10941,#10942);
#10941 = CARTESIAN_POINT('',(38.146313244241,2.324281108627,2.));
#10942 = VECTOR('',#10943,1.);
#10943 = DIRECTION('',(0.,0.,1.));
#10944 = ORIENTED_EDGE('',*,*,#10945,.T.);
#10945 = EDGE_CURVE('',#10938,#10914,#10946,.T.);
#10946 = LINE('',#10947,#10948);
#10947 = CARTESIAN_POINT('',(38.146313244241,2.324281108627,2.6));
#10948 = VECTOR('',#10949,1.);
#10949 = DIRECTION('',(1.,0.,0.));
#10950 = ORIENTED_EDGE('',*,*,#10913,.F.);
#10951 = ORIENTED_EDGE('',*,*,#2901,.F.);
#10952 = PLANE('',#10953);
#10953 = AXIS2_PLACEMENT_3D('',#10954,#10955,#10956);
#10954 = CARTESIAN_POINT('',(38.146313244241,2.324281108627,2.));
#10955 = DIRECTION('',(2.2E-16,1.,0.));
#10956 = DIRECTION('',(1.,-2.2E-16,0.));
#10957 = ADVANCED_FACE('',(#10958),#10976,.T.);
#10958 = FACE_BOUND('',#10959,.T.);
#10959 = EDGE_LOOP('',(#10960,#10968,#10974,#10975));
#10960 = ORIENTED_EDGE('',*,*,#10961,.T.);
#10961 = EDGE_CURVE('',#2886,#10962,#10964,.T.);
#10962 = VERTEX_POINT('',#10963);
#10963 = CARTESIAN_POINT('',(37.939823722115,2.376904477146,2.6));
#10964 = LINE('',#10965,#10966);
#10965 = CARTESIAN_POINT('',(37.939823722115,2.376904477146,2.));
#10966 = VECTOR('',#10967,1.);
#10967 = DIRECTION('',(0.,0.,1.));
#10968 = ORIENTED_EDGE('',*,*,#10969,.T.);
#10969 = EDGE_CURVE('',#10962,#10938,#10970,.T.);
#10970 = B_SPLINE_CURVE_WITH_KNOTS('',2,(#10971,#10972,#10973),
  .UNSPECIFIED.,.F.,.F.,(3,3),(0.,1.),.PIECEWISE_BEZIER_KNOTS.);
#10971 = CARTESIAN_POINT('',(37.939823722115,2.376904477146,2.6));
#10972 = CARTESIAN_POINT('',(37.988157142114,2.324281108627,2.6));
#10973 = CARTESIAN_POINT('',(38.146313244241,2.324281108627,2.6));
#10974 = ORIENTED_EDGE('',*,*,#10937,.F.);
#10975 = ORIENTED_EDGE('',*,*,#2893,.F.);
#10976 = SURFACE_OF_LINEAR_EXTRUSION('',#10977,#10981);
#10977 = B_SPLINE_CURVE_WITH_KNOTS('',2,(#10978,#10979,#10980),
  .UNSPECIFIED.,.F.,.F.,(3,3),(0.,1.),.PIECEWISE_BEZIER_KNOTS.);
#10978 = CARTESIAN_POINT('',(37.939823722115,2.376904477146,2.));
#10979 = CARTESIAN_POINT('',(37.988157142114,2.324281108627,2.));
#10980 = CARTESIAN_POINT('',(38.146313244241,2.324281108627,2.));
#10981 = VECTOR('',#10982,1.);
#10982 = DIRECTION('',(-0.,-0.,-1.));
#10983 = ADVANCED_FACE('',(#10984),#11002,.T.);
#10984 = FACE_BOUND('',#10985,.T.);
#10985 = EDGE_LOOP('',(#10986,#10994,#11000,#11001));
#10986 = ORIENTED_EDGE('',*,*,#10987,.T.);
#10987 = EDGE_CURVE('',#2878,#10988,#10990,.T.);
#10988 = VERTEX_POINT('',#10989);
#10989 = CARTESIAN_POINT('',(37.891490302116,2.579104050751,2.6));
#10990 = LINE('',#10991,#10992);
#10991 = CARTESIAN_POINT('',(37.891490302116,2.579104050751,2.));
#10992 = VECTOR('',#10993,1.);
#10993 = DIRECTION('',(0.,0.,1.));
#10994 = ORIENTED_EDGE('',*,*,#10995,.T.);
#10995 = EDGE_CURVE('',#10988,#10962,#10996,.T.);
#10996 = B_SPLINE_CURVE_WITH_KNOTS('',2,(#10997,#10998,#10999),
  .UNSPECIFIED.,.F.,.F.,(3,3),(0.,1.),.PIECEWISE_BEZIER_KNOTS.);
#10997 = CARTESIAN_POINT('',(37.891490302116,2.579104050751,2.6));
#10998 = CARTESIAN_POINT('',(37.891490302116,2.429813842234,2.6));
#10999 = CARTESIAN_POINT('',(37.939823722115,2.376904477146,2.6));
#11000 = ORIENTED_EDGE('',*,*,#10961,.F.);
#11001 = ORIENTED_EDGE('',*,*,#2885,.F.);
#11002 = SURFACE_OF_LINEAR_EXTRUSION('',#11003,#11007);
#11003 = B_SPLINE_CURVE_WITH_KNOTS('',2,(#11004,#11005,#11006),
  .UNSPECIFIED.,.F.,.F.,(3,3),(0.,1.),.PIECEWISE_BEZIER_KNOTS.);
#11004 = CARTESIAN_POINT('',(37.891490302116,2.579104050751,2.));
#11005 = CARTESIAN_POINT('',(37.891490302116,2.429813842234,2.));
#11006 = CARTESIAN_POINT('',(37.939823722115,2.376904477146,2.));
#11007 = VECTOR('',#11008,1.);
#11008 = DIRECTION('',(-0.,-0.,-1.));
#11009 = ADVANCED_FACE('',(#11010),#11028,.T.);
#11010 = FACE_BOUND('',#11011,.T.);
#11011 = EDGE_LOOP('',(#11012,#11020,#11026,#11027));
#11012 = ORIENTED_EDGE('',*,*,#11013,.T.);
#11013 = EDGE_CURVE('',#2870,#11014,#11016,.T.);
#11014 = VERTEX_POINT('',#11015);
#11015 = CARTESIAN_POINT('',(37.891490302116,3.027260672872,2.6));
#11016 = LINE('',#11017,#11018);
#11017 = CARTESIAN_POINT('',(37.891490302116,3.027260672872,2.));
#11018 = VECTOR('',#11019,1.);
#11019 = DIRECTION('',(0.,0.,1.));
#11020 = ORIENTED_EDGE('',*,*,#11021,.T.);
#11021 = EDGE_CURVE('',#11014,#10988,#11022,.T.);
#11022 = LINE('',#11023,#11024);
#11023 = CARTESIAN_POINT('',(37.891490302116,2.842792886485,2.6));
#11024 = VECTOR('',#11025,1.);
#11025 = DIRECTION('',(-2.2E-16,-1.,0.));
#11026 = ORIENTED_EDGE('',*,*,#10987,.F.);
#11027 = ORIENTED_EDGE('',*,*,#2877,.F.);
#11028 = PLANE('',#11029);
#11029 = AXIS2_PLACEMENT_3D('',#11030,#11031,#11032);
#11030 = CARTESIAN_POINT('',(37.891490302116,2.803182361812,2.3));
#11031 = DIRECTION('',(1.,0.,0.));
#11032 = DIRECTION('',(0.,0.,1.));
#11033 = ADVANCED_FACE('',(#11034),#11052,.T.);
#11034 = FACE_BOUND('',#11035,.T.);
#11035 = EDGE_LOOP('',(#11036,#11044,#11050,#11051));
#11036 = ORIENTED_EDGE('',*,*,#11037,.T.);
#11037 = EDGE_CURVE('',#2862,#11038,#11040,.T.);
#11038 = VERTEX_POINT('',#11039);
#11039 = CARTESIAN_POINT('',(37.939823722115,3.238040143518,2.6));
#11040 = LINE('',#11041,#11042);
#11041 = CARTESIAN_POINT('',(37.939823722115,3.238040143518,2.));
#11042 = VECTOR('',#11043,1.);
#11043 = DIRECTION('',(0.,0.,1.));
#11044 = ORIENTED_EDGE('',*,*,#11045,.T.);
#11045 = EDGE_CURVE('',#11038,#11014,#11046,.T.);
#11046 = B_SPLINE_CURVE_WITH_KNOTS('',2,(#11047,#11048,#11049),
  .UNSPECIFIED.,.F.,.F.,(3,3),(0.,1.),.PIECEWISE_BEZIER_KNOTS.);
#11047 = CARTESIAN_POINT('',(37.939823722115,3.238040143518,2.6));
#11048 = CARTESIAN_POINT('',(37.891490302116,3.185416774999,2.6));
#11049 = CARTESIAN_POINT('',(37.891490302116,3.027260672872,2.6));
#11050 = ORIENTED_EDGE('',*,*,#11013,.F.);
#11051 = ORIENTED_EDGE('',*,*,#2869,.F.);
#11052 = SURFACE_OF_LINEAR_EXTRUSION('',#11053,#11057);
#11053 = B_SPLINE_CURVE_WITH_KNOTS('',2,(#11054,#11055,#11056),
  .UNSPECIFIED.,.F.,.F.,(3,3),(0.,1.),.PIECEWISE_BEZIER_KNOTS.);
#11054 = CARTESIAN_POINT('',(37.939823722115,3.238040143518,2.));
#11055 = CARTESIAN_POINT('',(37.891490302116,3.185416774999,2.));
#11056 = CARTESIAN_POINT('',(37.891490302116,3.027260672872,2.));
#11057 = VECTOR('',#11058,1.);
#11058 = DIRECTION('',(-0.,-0.,-1.));
#11059 = ADVANCED_FACE('',(#11060),#11078,.T.);
#11060 = FACE_BOUND('',#11061,.T.);
#11061 = EDGE_LOOP('',(#11062,#11070,#11076,#11077));
#11062 = ORIENTED_EDGE('',*,*,#11063,.T.);
#11063 = EDGE_CURVE('',#2854,#11064,#11066,.T.);
#11064 = VERTEX_POINT('',#11065);
#11065 = CARTESIAN_POINT('',(38.146313244241,3.290949508606,2.6));
#11066 = LINE('',#11067,#11068);
#11067 = CARTESIAN_POINT('',(38.146313244241,3.290949508606,2.));
#11068 = VECTOR('',#11069,1.);
#11069 = DIRECTION('',(0.,0.,1.));
#11070 = ORIENTED_EDGE('',*,*,#11071,.T.);
#11071 = EDGE_CURVE('',#11064,#11038,#11072,.T.);
#11072 = B_SPLINE_CURVE_WITH_KNOTS('',2,(#11073,#11074,#11075),
  .UNSPECIFIED.,.F.,.F.,(3,3),(0.,1.),.PIECEWISE_BEZIER_KNOTS.);
#11073 = CARTESIAN_POINT('',(38.146313244241,3.290949508606,2.6));
#11074 = CARTESIAN_POINT('',(37.988157142114,3.290949508606,2.6));
#11075 = CARTESIAN_POINT('',(37.939823722115,3.238040143518,2.6));
#11076 = ORIENTED_EDGE('',*,*,#11037,.F.);
#11077 = ORIENTED_EDGE('',*,*,#2861,.F.);
#11078 = SURFACE_OF_LINEAR_EXTRUSION('',#11079,#11083);
#11079 = B_SPLINE_CURVE_WITH_KNOTS('',2,(#11080,#11081,#11082),
  .UNSPECIFIED.,.F.,.F.,(3,3),(0.,1.),.PIECEWISE_BEZIER_KNOTS.);
#11080 = CARTESIAN_POINT('',(38.146313244241,3.290949508606,2.));
#11081 = CARTESIAN_POINT('',(37.988157142114,3.290949508606,2.));
#11082 = CARTESIAN_POINT('',(37.939823722115,3.238040143518,2.));
#11083 = VECTOR('',#11084,1.);
#11084 = DIRECTION('',(-0.,-0.,-1.));
#11085 = ADVANCED_FACE('',(#11086),#11104,.T.);
#11086 = FACE_BOUND('',#11087,.T.);
#11087 = EDGE_LOOP('',(#11088,#11096,#11102,#11103));
#11088 = ORIENTED_EDGE('',*,*,#11089,.T.);
#11089 = EDGE_CURVE('',#2846,#11090,#11092,.T.);
#11090 = VERTEX_POINT('',#11091);
#11091 = CARTESIAN_POINT('',(38.971985336176,3.290949508606,2.6));
#11092 = LINE('',#11093,#11094);
#11093 = CARTESIAN_POINT('',(38.971985336176,3.290949508606,2.));
#11094 = VECTOR('',#11095,1.);
#11095 = DIRECTION('',(0.,0.,1.));
#11096 = ORIENTED_EDGE('',*,*,#11097,.T.);
#11097 = EDGE_CURVE('',#11090,#11064,#11098,.T.);
#11098 = LINE('',#11099,#11100);
#11099 = CARTESIAN_POINT('',(38.971985336176,3.290949508606,2.6));
#11100 = VECTOR('',#11101,1.);
#11101 = DIRECTION('',(-1.,0.,0.));
#11102 = ORIENTED_EDGE('',*,*,#11063,.F.);
#11103 = ORIENTED_EDGE('',*,*,#2853,.F.);
#11104 = PLANE('',#11105);
#11105 = AXIS2_PLACEMENT_3D('',#11106,#11107,#11108);
#11106 = CARTESIAN_POINT('',(38.971985336176,3.290949508606,2.));
#11107 = DIRECTION('',(-2.2E-16,-1.,0.));
#11108 = DIRECTION('',(-1.,2.2E-16,0.));
#11109 = ADVANCED_FACE('',(#11110),#11128,.T.);
#11110 = FACE_BOUND('',#11111,.T.);
#11111 = EDGE_LOOP('',(#11112,#11120,#11126,#11127));
#11112 = ORIENTED_EDGE('',*,*,#11113,.T.);
#11113 = EDGE_CURVE('',#2838,#11114,#11116,.T.);
#11114 = VERTEX_POINT('',#11115);
#11115 = CARTESIAN_POINT('',(38.971985336176,4.07286412563,2.6));
#11116 = LINE('',#11117,#11118);
#11117 = CARTESIAN_POINT('',(38.971985336176,4.07286412563,2.));
#11118 = VECTOR('',#11119,1.);
#11119 = DIRECTION('',(0.,0.,1.));
#11120 = ORIENTED_EDGE('',*,*,#11121,.T.);
#11121 = EDGE_CURVE('',#11114,#11090,#11122,.T.);
#11122 = LINE('',#11123,#11124);
#11123 = CARTESIAN_POINT('',(38.971985336176,4.07286412563,2.6));
#11124 = VECTOR('',#11125,1.);
#11125 = DIRECTION('',(0.,-1.,0.));
#11126 = ORIENTED_EDGE('',*,*,#11089,.F.);
#11127 = ORIENTED_EDGE('',*,*,#2845,.F.);
#11128 = PLANE('',#11129);
#11129 = AXIS2_PLACEMENT_3D('',#11130,#11131,#11132);
#11130 = CARTESIAN_POINT('',(38.971985336176,4.07286412563,2.));
#11131 = DIRECTION('',(1.,-2.2E-16,0.));
#11132 = DIRECTION('',(-2.2E-16,-1.,0.));
#11133 = ADVANCED_FACE('',(#11134),#11152,.T.);
#11134 = FACE_BOUND('',#11135,.T.);
#11135 = EDGE_LOOP('',(#11136,#11144,#11150,#11151));
#11136 = ORIENTED_EDGE('',*,*,#11137,.T.);
#11137 = EDGE_CURVE('',#2830,#11138,#11140,.T.);
#11138 = VERTEX_POINT('',#11139);
#11139 = CARTESIAN_POINT('',(38.023334719983,4.07286412563,2.6));
#11140 = LINE('',#11141,#11142);
#11141 = CARTESIAN_POINT('',(38.023334719983,4.07286412563,2.));
#11142 = VECTOR('',#11143,1.);
#11143 = DIRECTION('',(0.,0.,1.));
#11144 = ORIENTED_EDGE('',*,*,#11145,.T.);
#11145 = EDGE_CURVE('',#11138,#11114,#11146,.T.);
#11146 = LINE('',#11147,#11148);
#11147 = CARTESIAN_POINT('',(38.023334719983,4.07286412563,2.6));
#11148 = VECTOR('',#11149,1.);
#11149 = DIRECTION('',(1.,0.,0.));
#11150 = ORIENTED_EDGE('',*,*,#11113,.F.);
#11151 = ORIENTED_EDGE('',*,*,#2837,.F.);
#11152 = PLANE('',#11153);
#11153 = AXIS2_PLACEMENT_3D('',#11154,#11155,#11156);
#11154 = CARTESIAN_POINT('',(38.023334719983,4.07286412563,2.));
#11155 = DIRECTION('',(2.2E-16,1.,0.));
#11156 = DIRECTION('',(1.,-2.2E-16,0.));
#11157 = ADVANCED_FACE('',(#11158),#11176,.T.);
#11158 = FACE_BOUND('',#11159,.T.);
#11159 = EDGE_LOOP('',(#11160,#11168,#11174,#11175));
#11160 = ORIENTED_EDGE('',*,*,#11161,.T.);
#11161 = EDGE_CURVE('',#2822,#11162,#11164,.T.);
#11162 = VERTEX_POINT('',#11163);
#11163 = CARTESIAN_POINT('',(37.447909625084,3.874954500546,2.6));
#11164 = LINE('',#11165,#11166);
#11165 = CARTESIAN_POINT('',(37.447909625084,3.874954500546,2.));
#11166 = VECTOR('',#11167,1.);
#11167 = DIRECTION('',(0.,0.,1.));
#11168 = ORIENTED_EDGE('',*,*,#11169,.T.);
#11169 = EDGE_CURVE('',#11162,#11138,#11170,.T.);
#11170 = B_SPLINE_CURVE_WITH_KNOTS('',2,(#11171,#11172,#11173),
  .UNSPECIFIED.,.F.,.F.,(3,3),(0.,1.),.PIECEWISE_BEZIER_KNOTS.);
#11171 = CARTESIAN_POINT('',(37.447909625084,3.874954500546,2.6));
#11172 = CARTESIAN_POINT('',(37.645533253601,4.07286412563,2.6));
#11173 = CARTESIAN_POINT('',(38.023334719983,4.07286412563,2.6));
#11174 = ORIENTED_EDGE('',*,*,#11137,.F.);
#11175 = ORIENTED_EDGE('',*,*,#2829,.F.);
#11176 = SURFACE_OF_LINEAR_EXTRUSION('',#11177,#11181);
#11177 = B_SPLINE_CURVE_WITH_KNOTS('',2,(#11178,#11179,#11180),
  .UNSPECIFIED.,.F.,.F.,(3,3),(0.,1.),.PIECEWISE_BEZIER_KNOTS.);
#11178 = CARTESIAN_POINT('',(37.447909625084,3.874954500546,2.));
#11179 = CARTESIAN_POINT('',(37.645533253601,4.07286412563,2.));
#11180 = CARTESIAN_POINT('',(38.023334719983,4.07286412563,2.));
#11181 = VECTOR('',#11182,1.);
#11182 = DIRECTION('',(-0.,-0.,-1.));
#11183 = ADVANCED_FACE('',(#11184),#11195,.T.);
#11184 = FACE_BOUND('',#11185,.T.);
#11185 = EDGE_LOOP('',(#11186,#11187,#11193,#11194));
#11186 = ORIENTED_EDGE('',*,*,#10618,.T.);
#11187 = ORIENTED_EDGE('',*,*,#11188,.T.);
#11188 = EDGE_CURVE('',#10611,#11162,#11189,.T.);
#11189 = B_SPLINE_CURVE_WITH_KNOTS('',2,(#11190,#11191,#11192),
  .UNSPECIFIED.,.F.,.F.,(3,3),(0.,1.),.PIECEWISE_BEZIER_KNOTS.);
#11190 = CARTESIAN_POINT('',(37.25,3.255771930737,2.6));
#11191 = CARTESIAN_POINT('',(37.25,3.67733087203,2.6));
#11192 = CARTESIAN_POINT('',(37.447909625084,3.874954500546,2.6));
#11193 = ORIENTED_EDGE('',*,*,#11161,.F.);
#11194 = ORIENTED_EDGE('',*,*,#2821,.F.);
#11195 = SURFACE_OF_LINEAR_EXTRUSION('',#11196,#11200);
#11196 = B_SPLINE_CURVE_WITH_KNOTS('',2,(#11197,#11198,#11199),
  .UNSPECIFIED.,.F.,.F.,(3,3),(0.,1.),.PIECEWISE_BEZIER_KNOTS.);
#11197 = CARTESIAN_POINT('',(37.25,3.255771930737,2.));
#11198 = CARTESIAN_POINT('',(37.25,3.67733087203,2.));
#11199 = CARTESIAN_POINT('',(37.447909625084,3.874954500546,2.));
#11200 = VECTOR('',#11201,1.);
#11201 = DIRECTION('',(-0.,-0.,-1.));
#11202 = ADVANCED_FACE('',(#11203),#11228,.T.);
#11203 = FACE_BOUND('',#11204,.T.);
#11204 = EDGE_LOOP('',(#11205,#11213,#11221,#11227));
#11205 = ORIENTED_EDGE('',*,*,#11206,.T.);
#11206 = EDGE_CURVE('',#3006,#11207,#11209,.T.);
#11207 = VERTEX_POINT('',#11208);
#11208 = CARTESIAN_POINT('',(41.976951276585,7.475079299048,2.6));
#11209 = LINE('',#11210,#11211);
#11210 = CARTESIAN_POINT('',(41.976951276585,7.475079299048,2.));
#11211 = VECTOR('',#11212,1.);
#11212 = DIRECTION('',(0.,0.,1.));
#11213 = ORIENTED_EDGE('',*,*,#11214,.T.);
#11214 = EDGE_CURVE('',#11207,#11215,#11217,.T.);
#11215 = VERTEX_POINT('',#11216);
#11216 = CARTESIAN_POINT('',(42.552376371484,7.277455670532,2.6));
#11217 = B_SPLINE_CURVE_WITH_KNOTS('',2,(#11218,#11219,#11220),
  .UNSPECIFIED.,.F.,.F.,(3,3),(0.,1.),.PIECEWISE_BEZIER_KNOTS.);
#11218 = CARTESIAN_POINT('',(41.976951276585,7.475079299048,2.6));
#11219 = CARTESIAN_POINT('',(42.354752742967,7.475079299048,2.6));
#11220 = CARTESIAN_POINT('',(42.552376371484,7.277455670532,2.6));
#11221 = ORIENTED_EDGE('',*,*,#11222,.F.);
#11222 = EDGE_CURVE('',#3008,#11215,#11223,.T.);
#11223 = LINE('',#11224,#11225);
#11224 = CARTESIAN_POINT('',(42.552376371484,7.277455670532,2.));
#11225 = VECTOR('',#11226,1.);
#11226 = DIRECTION('',(0.,0.,1.));
#11227 = ORIENTED_EDGE('',*,*,#3005,.F.);
#11228 = SURFACE_OF_LINEAR_EXTRUSION('',#11229,#11233);
#11229 = B_SPLINE_CURVE_WITH_KNOTS('',2,(#11230,#11231,#11232),
  .UNSPECIFIED.,.F.,.F.,(3,3),(0.,1.),.PIECEWISE_BEZIER_KNOTS.);
#11230 = CARTESIAN_POINT('',(41.976951276585,7.475079299048,2.));
#11231 = CARTESIAN_POINT('',(42.354752742967,7.475079299048,2.));
#11232 = CARTESIAN_POINT('',(42.552376371484,7.277455670532,2.));
#11233 = VECTOR('',#11234,1.);
#11234 = DIRECTION('',(-0.,-0.,-1.));
#11235 = ADVANCED_FACE('',(#11236),#11254,.T.);
#11236 = FACE_BOUND('',#11237,.T.);
#11237 = EDGE_LOOP('',(#11238,#11246,#11252,#11253));
#11238 = ORIENTED_EDGE('',*,*,#11239,.T.);
#11239 = EDGE_CURVE('',#3088,#11240,#11242,.T.);
#11240 = VERTEX_POINT('',#11241);
#11241 = CARTESIAN_POINT('',(38.023334719983,7.475079299048,2.6));
#11242 = LINE('',#11243,#11244);
#11243 = CARTESIAN_POINT('',(38.023334719983,7.475079299048,2.));
#11244 = VECTOR('',#11245,1.);
#11245 = DIRECTION('',(0.,0.,1.));
#11246 = ORIENTED_EDGE('',*,*,#11247,.T.);
#11247 = EDGE_CURVE('',#11240,#11207,#11248,.T.);
#11248 = LINE('',#11249,#11250);
#11249 = CARTESIAN_POINT('',(38.023334719983,7.475079299048,2.6));
#11250 = VECTOR('',#11251,1.);
#11251 = DIRECTION('',(1.,0.,0.));
#11252 = ORIENTED_EDGE('',*,*,#11206,.F.);
#11253 = ORIENTED_EDGE('',*,*,#3095,.F.);
#11254 = PLANE('',#11255);
#11255 = AXIS2_PLACEMENT_3D('',#11256,#11257,#11258);
#11256 = CARTESIAN_POINT('',(38.023334719983,7.475079299048,2.));
#11257 = DIRECTION('',(2.2E-16,1.,0.));
#11258 = DIRECTION('',(1.,-2.2E-16,0.));
#11259 = ADVANCED_FACE('',(#11260),#11278,.T.);
#11260 = FACE_BOUND('',#11261,.T.);
#11261 = EDGE_LOOP('',(#11262,#11270,#11276,#11277));
#11262 = ORIENTED_EDGE('',*,*,#11263,.T.);
#11263 = EDGE_CURVE('',#3080,#11264,#11266,.T.);
#11264 = VERTEX_POINT('',#11265);
#11265 = CARTESIAN_POINT('',(37.447909625084,7.277455670532,2.6));
#11266 = LINE('',#11267,#11268);
#11267 = CARTESIAN_POINT('',(37.447909625084,7.277455670532,2.));
#11268 = VECTOR('',#11269,1.);
#11269 = DIRECTION('',(0.,0.,1.));
#11270 = ORIENTED_EDGE('',*,*,#11271,.T.);
#11271 = EDGE_CURVE('',#11264,#11240,#11272,.T.);
#11272 = B_SPLINE_CURVE_WITH_KNOTS('',2,(#11273,#11274,#11275),
  .UNSPECIFIED.,.F.,.F.,(3,3),(0.,1.),.PIECEWISE_BEZIER_KNOTS.);
#11273 = CARTESIAN_POINT('',(37.447909625084,7.277455670532,2.6));
#11274 = CARTESIAN_POINT('',(37.645533253601,7.475079299048,2.6));
#11275 = CARTESIAN_POINT('',(38.023334719983,7.475079299048,2.6));
#11276 = ORIENTED_EDGE('',*,*,#11239,.F.);
#11277 = ORIENTED_EDGE('',*,*,#3087,.F.);
#11278 = SURFACE_OF_LINEAR_EXTRUSION('',#11279,#11283);
#11279 = B_SPLINE_CURVE_WITH_KNOTS('',2,(#11280,#11281,#11282),
  .UNSPECIFIED.,.F.,.F.,(3,3),(0.,1.),.PIECEWISE_BEZIER_KNOTS.);
#11280 = CARTESIAN_POINT('',(37.447909625084,7.277455670532,2.));
#11281 = CARTESIAN_POINT('',(37.645533253601,7.475079299048,2.));
#11282 = CARTESIAN_POINT('',(38.023334719983,7.475079299048,2.));
#11283 = VECTOR('',#11284,1.);
#11284 = DIRECTION('',(-0.,-0.,-1.));
#11285 = ADVANCED_FACE('',(#11286),#11304,.T.);
#11286 = FACE_BOUND('',#11287,.T.);
#11287 = EDGE_LOOP('',(#11288,#11296,#11302,#11303));
#11288 = ORIENTED_EDGE('',*,*,#11289,.T.);
#11289 = EDGE_CURVE('',#3072,#11290,#11292,.T.);
#11290 = VERTEX_POINT('',#11291);
#11291 = CARTESIAN_POINT('',(37.25,6.657987104155,2.6));
#11292 = LINE('',#11293,#11294);
#11293 = CARTESIAN_POINT('',(37.25,6.657987104155,2.));
#11294 = VECTOR('',#11295,1.);
#11295 = DIRECTION('',(0.,0.,1.));
#11296 = ORIENTED_EDGE('',*,*,#11297,.T.);
#11297 = EDGE_CURVE('',#11290,#11264,#11298,.T.);
#11298 = B_SPLINE_CURVE_WITH_KNOTS('',2,(#11299,#11300,#11301),
  .UNSPECIFIED.,.F.,.F.,(3,3),(0.,1.),.PIECEWISE_BEZIER_KNOTS.);
#11299 = CARTESIAN_POINT('',(37.25,6.657987104155,2.6));
#11300 = CARTESIAN_POINT('',(37.25,7.079832042015,2.6));
#11301 = CARTESIAN_POINT('',(37.447909625084,7.277455670532,2.6));
#11302 = ORIENTED_EDGE('',*,*,#11263,.F.);
#11303 = ORIENTED_EDGE('',*,*,#3079,.F.);
#11304 = SURFACE_OF_LINEAR_EXTRUSION('',#11305,#11309);
#11305 = B_SPLINE_CURVE_WITH_KNOTS('',2,(#11306,#11307,#11308),
  .UNSPECIFIED.,.F.,.F.,(3,3),(0.,1.),.PIECEWISE_BEZIER_KNOTS.);
#11306 = CARTESIAN_POINT('',(37.25,6.657987104155,2.));
#11307 = CARTESIAN_POINT('',(37.25,7.079832042015,2.));
#11308 = CARTESIAN_POINT('',(37.447909625084,7.277455670532,2.));
#11309 = VECTOR('',#11310,1.);
#11310 = DIRECTION('',(-0.,-0.,-1.));
#11311 = ADVANCED_FACE('',(#11312),#11330,.T.);
#11312 = FACE_BOUND('',#11313,.T.);
#11313 = EDGE_LOOP('',(#11314,#11322,#11328,#11329));
#11314 = ORIENTED_EDGE('',*,*,#11315,.T.);
#11315 = EDGE_CURVE('',#3064,#11316,#11318,.T.);
#11316 = VERTEX_POINT('',#11317);
#11317 = CARTESIAN_POINT('',(37.25,5.700470594353,2.6));
#11318 = LINE('',#11319,#11320);
#11319 = CARTESIAN_POINT('',(37.25,5.700470594353,2.));
#11320 = VECTOR('',#11321,1.);
#11321 = DIRECTION('',(0.,0.,1.));
#11322 = ORIENTED_EDGE('',*,*,#11323,.T.);
#11323 = EDGE_CURVE('',#11316,#11290,#11324,.T.);
#11324 = LINE('',#11325,#11326);
#11325 = CARTESIAN_POINT('',(37.25,5.700470594353,2.6));
#11326 = VECTOR('',#11327,1.);
#11327 = DIRECTION('',(0.,1.,0.));
#11328 = ORIENTED_EDGE('',*,*,#11289,.F.);
#11329 = ORIENTED_EDGE('',*,*,#3071,.F.);
#11330 = PLANE('',#11331);
#11331 = AXIS2_PLACEMENT_3D('',#11332,#11333,#11334);
#11332 = CARTESIAN_POINT('',(37.25,5.700470594353,2.));
#11333 = DIRECTION('',(-1.,2.2E-16,0.));
#11334 = DIRECTION('',(2.2E-16,1.,0.));
#11335 = ADVANCED_FACE('',(#11336),#11354,.T.);
#11336 = FACE_BOUND('',#11337,.T.);
#11337 = EDGE_LOOP('',(#11338,#11346,#11352,#11353));
#11338 = ORIENTED_EDGE('',*,*,#11339,.T.);
#11339 = EDGE_CURVE('',#3056,#11340,#11342,.T.);
#11340 = VERTEX_POINT('',#11341);
#11341 = CARTESIAN_POINT('',(37.447909625084,5.072136134366,2.6));
#11342 = LINE('',#11343,#11344);
#11343 = CARTESIAN_POINT('',(37.447909625084,5.072136134366,2.));
#11344 = VECTOR('',#11345,1.);
#11345 = DIRECTION('',(0.,0.,1.));
#11346 = ORIENTED_EDGE('',*,*,#11347,.T.);
#11347 = EDGE_CURVE('',#11340,#11316,#11348,.T.);
#11348 = B_SPLINE_CURVE_WITH_KNOTS('',2,(#11349,#11350,#11351),
  .UNSPECIFIED.,.F.,.F.,(3,3),(0.,1.),.PIECEWISE_BEZIER_KNOTS.);
#11349 = CARTESIAN_POINT('',(37.447909625084,5.072136134366,2.6));
#11350 = CARTESIAN_POINT('',(37.25,5.269759762883,2.6));
#11351 = CARTESIAN_POINT('',(37.25,5.700470594353,2.6));
#11352 = ORIENTED_EDGE('',*,*,#11315,.F.);
#11353 = ORIENTED_EDGE('',*,*,#3063,.F.);
#11354 = SURFACE_OF_LINEAR_EXTRUSION('',#11355,#11359);
#11355 = B_SPLINE_CURVE_WITH_KNOTS('',2,(#11356,#11357,#11358),
  .UNSPECIFIED.,.F.,.F.,(3,3),(0.,1.),.PIECEWISE_BEZIER_KNOTS.);
#11356 = CARTESIAN_POINT('',(37.447909625084,5.072136134366,2.));
#11357 = CARTESIAN_POINT('',(37.25,5.269759762883,2.));
#11358 = CARTESIAN_POINT('',(37.25,5.700470594353,2.));
#11359 = VECTOR('',#11360,1.);
#11360 = DIRECTION('',(-0.,-0.,-1.));
#11361 = ADVANCED_FACE('',(#11362),#11380,.T.);
#11362 = FACE_BOUND('',#11363,.T.);
#11363 = EDGE_LOOP('',(#11364,#11372,#11378,#11379));
#11364 = ORIENTED_EDGE('',*,*,#11365,.T.);
#11365 = EDGE_CURVE('',#3048,#11366,#11368,.T.);
#11366 = VERTEX_POINT('',#11367);
#11367 = CARTESIAN_POINT('',(38.023334719983,4.87451250585,2.6));
#11368 = LINE('',#11369,#11370);
#11369 = CARTESIAN_POINT('',(38.023334719983,4.87451250585,2.));
#11370 = VECTOR('',#11371,1.);
#11371 = DIRECTION('',(0.,0.,1.));
#11372 = ORIENTED_EDGE('',*,*,#11373,.T.);
#11373 = EDGE_CURVE('',#11366,#11340,#11374,.T.);
#11374 = B_SPLINE_CURVE_WITH_KNOTS('',2,(#11375,#11376,#11377),
  .UNSPECIFIED.,.F.,.F.,(3,3),(0.,1.),.PIECEWISE_BEZIER_KNOTS.);
#11375 = CARTESIAN_POINT('',(38.023334719983,4.87451250585,2.6));
#11376 = CARTESIAN_POINT('',(37.645533253601,4.87451250585,2.6));
#11377 = CARTESIAN_POINT('',(37.447909625084,5.072136134366,2.6));
#11378 = ORIENTED_EDGE('',*,*,#11339,.F.);
#11379 = ORIENTED_EDGE('',*,*,#3055,.F.);
#11380 = SURFACE_OF_LINEAR_EXTRUSION('',#11381,#11385);
#11381 = B_SPLINE_CURVE_WITH_KNOTS('',2,(#11382,#11383,#11384),
  .UNSPECIFIED.,.F.,.F.,(3,3),(0.,1.),.PIECEWISE_BEZIER_KNOTS.);
#11382 = CARTESIAN_POINT('',(38.023334719983,4.87451250585,2.));
#11383 = CARTESIAN_POINT('',(37.645533253601,4.87451250585,2.));
#11384 = CARTESIAN_POINT('',(37.447909625084,5.072136134366,2.));
#11385 = VECTOR('',#11386,1.);
#11386 = DIRECTION('',(-0.,-0.,-1.));
#11387 = ADVANCED_FACE('',(#11388),#11406,.T.);
#11388 = FACE_BOUND('',#11389,.T.);
#11389 = EDGE_LOOP('',(#11390,#11398,#11404,#11405));
#11390 = ORIENTED_EDGE('',*,*,#11391,.T.);
#11391 = EDGE_CURVE('',#3040,#11392,#11394,.T.);
#11392 = VERTEX_POINT('',#11393);
#11393 = CARTESIAN_POINT('',(41.976951276585,4.87451250585,2.6));
#11394 = LINE('',#11395,#11396);
#11395 = CARTESIAN_POINT('',(41.976951276585,4.87451250585,2.));
#11396 = VECTOR('',#11397,1.);
#11397 = DIRECTION('',(0.,0.,1.));
#11398 = ORIENTED_EDGE('',*,*,#11399,.T.);
#11399 = EDGE_CURVE('',#11392,#11366,#11400,.T.);
#11400 = LINE('',#11401,#11402);
#11401 = CARTESIAN_POINT('',(41.976951276585,4.87451250585,2.6));
#11402 = VECTOR('',#11403,1.);
#11403 = DIRECTION('',(-1.,0.,0.));
#11404 = ORIENTED_EDGE('',*,*,#11365,.F.);
#11405 = ORIENTED_EDGE('',*,*,#3047,.F.);
#11406 = PLANE('',#11407);
#11407 = AXIS2_PLACEMENT_3D('',#11408,#11409,#11410);
#11408 = CARTESIAN_POINT('',(41.976951276585,4.87451250585,2.));
#11409 = DIRECTION('',(-2.2E-16,-1.,0.));
#11410 = DIRECTION('',(-1.,2.2E-16,0.));
#11411 = ADVANCED_FACE('',(#11412),#11430,.T.);
#11412 = FACE_BOUND('',#11413,.T.);
#11413 = EDGE_LOOP('',(#11414,#11422,#11428,#11429));
#11414 = ORIENTED_EDGE('',*,*,#11415,.T.);
#11415 = EDGE_CURVE('',#3032,#11416,#11418,.T.);
#11416 = VERTEX_POINT('',#11417);
#11417 = CARTESIAN_POINT('',(42.552376371484,5.072136134366,2.6));
#11418 = LINE('',#11419,#11420);
#11419 = CARTESIAN_POINT('',(42.552376371484,5.072136134366,2.));
#11420 = VECTOR('',#11421,1.);
#11421 = DIRECTION('',(0.,0.,1.));
#11422 = ORIENTED_EDGE('',*,*,#11423,.T.);
#11423 = EDGE_CURVE('',#11416,#11392,#11424,.T.);
#11424 = B_SPLINE_CURVE_WITH_KNOTS('',2,(#11425,#11426,#11427),
  .UNSPECIFIED.,.F.,.F.,(3,3),(0.,1.),.PIECEWISE_BEZIER_KNOTS.);
#11425 = CARTESIAN_POINT('',(42.552376371484,5.072136134366,2.6));
#11426 = CARTESIAN_POINT('',(42.354752742967,4.87451250585,2.6));
#11427 = CARTESIAN_POINT('',(41.976951276585,4.87451250585,2.6));
#11428 = ORIENTED_EDGE('',*,*,#11391,.F.);
#11429 = ORIENTED_EDGE('',*,*,#3039,.F.);
#11430 = SURFACE_OF_LINEAR_EXTRUSION('',#11431,#11435);
#11431 = B_SPLINE_CURVE_WITH_KNOTS('',2,(#11432,#11433,#11434),
  .UNSPECIFIED.,.F.,.F.,(3,3),(0.,1.),.PIECEWISE_BEZIER_KNOTS.);
#11432 = CARTESIAN_POINT('',(42.552376371484,5.072136134366,2.));
#11433 = CARTESIAN_POINT('',(42.354752742967,4.87451250585,2.));
#11434 = CARTESIAN_POINT('',(41.976951276585,4.87451250585,2.));
#11435 = VECTOR('',#11436,1.);
#11436 = DIRECTION('',(-0.,-0.,-1.));
#11437 = ADVANCED_FACE('',(#11438),#11456,.T.);
#11438 = FACE_BOUND('',#11439,.T.);
#11439 = EDGE_LOOP('',(#11440,#11448,#11454,#11455));
#11440 = ORIENTED_EDGE('',*,*,#11441,.T.);
#11441 = EDGE_CURVE('',#3024,#11442,#11444,.T.);
#11442 = VERTEX_POINT('',#11443);
#11443 = CARTESIAN_POINT('',(42.75,5.700470594353,2.6));
#11444 = LINE('',#11445,#11446);
#11445 = CARTESIAN_POINT('',(42.75,5.700470594353,2.));
#11446 = VECTOR('',#11447,1.);
#11447 = DIRECTION('',(0.,0.,1.));
#11448 = ORIENTED_EDGE('',*,*,#11449,.T.);
#11449 = EDGE_CURVE('',#11442,#11416,#11450,.T.);
#11450 = B_SPLINE_CURVE_WITH_KNOTS('',2,(#11451,#11452,#11453),
  .UNSPECIFIED.,.F.,.F.,(3,3),(0.,1.),.PIECEWISE_BEZIER_KNOTS.);
#11451 = CARTESIAN_POINT('',(42.75,5.700470594353,2.6));
#11452 = CARTESIAN_POINT('',(42.75,5.269759762883,2.6));
#11453 = CARTESIAN_POINT('',(42.552376371484,5.072136134366,2.6));
#11454 = ORIENTED_EDGE('',*,*,#11415,.F.);
#11455 = ORIENTED_EDGE('',*,*,#3031,.F.);
#11456 = SURFACE_OF_LINEAR_EXTRUSION('',#11457,#11461);
#11457 = B_SPLINE_CURVE_WITH_KNOTS('',2,(#11458,#11459,#11460),
  .UNSPECIFIED.,.F.,.F.,(3,3),(0.,1.),.PIECEWISE_BEZIER_KNOTS.);
#11458 = CARTESIAN_POINT('',(42.75,5.700470594353,2.));
#11459 = CARTESIAN_POINT('',(42.75,5.269759762883,2.));
#11460 = CARTESIAN_POINT('',(42.552376371484,5.072136134366,2.));
#11461 = VECTOR('',#11462,1.);
#11462 = DIRECTION('',(-0.,-0.,-1.));
#11463 = ADVANCED_FACE('',(#11464),#11482,.T.);
#11464 = FACE_BOUND('',#11465,.T.);
#11465 = EDGE_LOOP('',(#11466,#11474,#11480,#11481));
#11466 = ORIENTED_EDGE('',*,*,#11467,.T.);
#11467 = EDGE_CURVE('',#3016,#11468,#11470,.T.);
#11468 = VERTEX_POINT('',#11469);
#11469 = CARTESIAN_POINT('',(42.75,6.657987104155,2.6));
#11470 = LINE('',#11471,#11472);
#11471 = CARTESIAN_POINT('',(42.75,6.657987104155,2.));
#11472 = VECTOR('',#11473,1.);
#11473 = DIRECTION('',(0.,0.,1.));
#11474 = ORIENTED_EDGE('',*,*,#11475,.T.);
#11475 = EDGE_CURVE('',#11468,#11442,#11476,.T.);
#11476 = LINE('',#11477,#11478);
#11477 = CARTESIAN_POINT('',(42.75,6.657987104155,2.6));
#11478 = VECTOR('',#11479,1.);
#11479 = DIRECTION('',(0.,-1.,0.));
#11480 = ORIENTED_EDGE('',*,*,#11441,.F.);
#11481 = ORIENTED_EDGE('',*,*,#3023,.F.);
#11482 = PLANE('',#11483);
#11483 = AXIS2_PLACEMENT_3D('',#11484,#11485,#11486);
#11484 = CARTESIAN_POINT('',(42.75,6.657987104155,2.));
#11485 = DIRECTION('',(1.,-2.2E-16,0.));
#11486 = DIRECTION('',(-2.2E-16,-1.,0.));
#11487 = ADVANCED_FACE('',(#11488),#11499,.T.);
#11488 = FACE_BOUND('',#11489,.T.);
#11489 = EDGE_LOOP('',(#11490,#11491,#11497,#11498));
#11490 = ORIENTED_EDGE('',*,*,#11222,.T.);
#11491 = ORIENTED_EDGE('',*,*,#11492,.T.);
#11492 = EDGE_CURVE('',#11215,#11468,#11493,.T.);
#11493 = B_SPLINE_CURVE_WITH_KNOTS('',2,(#11494,#11495,#11496),
  .UNSPECIFIED.,.F.,.F.,(3,3),(0.,1.),.PIECEWISE_BEZIER_KNOTS.);
#11494 = CARTESIAN_POINT('',(42.552376371484,7.277455670532,2.6));
#11495 = CARTESIAN_POINT('',(42.75,7.079832042015,2.6));
#11496 = CARTESIAN_POINT('',(42.75,6.657987104155,2.6));
#11497 = ORIENTED_EDGE('',*,*,#11467,.F.);
#11498 = ORIENTED_EDGE('',*,*,#3015,.F.);
#11499 = SURFACE_OF_LINEAR_EXTRUSION('',#11500,#11504);
#11500 = B_SPLINE_CURVE_WITH_KNOTS('',2,(#11501,#11502,#11503),
  .UNSPECIFIED.,.F.,.F.,(3,3),(0.,1.),.PIECEWISE_BEZIER_KNOTS.);
#11501 = CARTESIAN_POINT('',(42.552376371484,7.277455670532,2.));
#11502 = CARTESIAN_POINT('',(42.75,7.079832042015,2.));
#11503 = CARTESIAN_POINT('',(42.75,6.657987104155,2.));
#11504 = VECTOR('',#11505,1.);
#11505 = DIRECTION('',(-0.,-0.,-1.));
#11506 = ADVANCED_FACE('',(#11507,#11531,#11629),#11727,.T.);
#11507 = FACE_BOUND('',#11508,.T.);
#11508 = EDGE_LOOP('',(#11509,#11510,#11511,#11512,#11513,#11514,#11515,
    #11516,#11517,#11518,#11519,#11520,#11521,#11522,#11523,#11524,
    #11525,#11526,#11527,#11528,#11529,#11530));
#11509 = ORIENTED_EDGE('',*,*,#3891,.F.);
#11510 = ORIENTED_EDGE('',*,*,#3921,.F.);
#11511 = ORIENTED_EDGE('',*,*,#3973,.F.);
#11512 = ORIENTED_EDGE('',*,*,#4025,.F.);
#11513 = ORIENTED_EDGE('',*,*,#4073,.F.);
#11514 = ORIENTED_EDGE('',*,*,#4125,.F.);
#11515 = ORIENTED_EDGE('',*,*,#4177,.F.);
#11516 = ORIENTED_EDGE('',*,*,#4229,.F.);
#11517 = ORIENTED_EDGE('',*,*,#4281,.F.);
#11518 = ORIENTED_EDGE('',*,*,#4329,.F.);
#11519 = ORIENTED_EDGE('',*,*,#4381,.F.);
#11520 = ORIENTED_EDGE('',*,*,#4426,.F.);
#11521 = ORIENTED_EDGE('',*,*,#4400,.F.);
#11522 = ORIENTED_EDGE('',*,*,#4348,.F.);
#11523 = ORIENTED_EDGE('',*,*,#4298,.F.);
#11524 = ORIENTED_EDGE('',*,*,#4248,.F.);
#11525 = ORIENTED_EDGE('',*,*,#4196,.F.);
#11526 = ORIENTED_EDGE('',*,*,#4144,.F.);
#11527 = ORIENTED_EDGE('',*,*,#4092,.F.);
#11528 = ORIENTED_EDGE('',*,*,#4042,.F.);
#11529 = ORIENTED_EDGE('',*,*,#3992,.F.);
#11530 = ORIENTED_EDGE('',*,*,#3940,.F.);
#11531 = FACE_BOUND('',#11532,.T.);
#11532 = EDGE_LOOP('',(#11533,#11543,#11551,#11559,#11567,#11575,#11583,
    #11591,#11599,#11607,#11615,#11623));
#11533 = ORIENTED_EDGE('',*,*,#11534,.F.);
#11534 = EDGE_CURVE('',#11535,#11537,#11539,.T.);
#11535 = VERTEX_POINT('',#11536);
#11536 = CARTESIAN_POINT('',(-9.763899433207,-5.01393583277,2.6));
#11537 = VERTEX_POINT('',#11538);
#11538 = CARTESIAN_POINT('',(-8.446027247673,-5.01393583277,2.6));
#11539 = LINE('',#11540,#11541);
#11540 = CARTESIAN_POINT('',(-9.763899433207,-5.01393583277,2.6));
#11541 = VECTOR('',#11542,1.);
#11542 = DIRECTION('',(1.,0.,0.));
#11543 = ORIENTED_EDGE('',*,*,#11544,.F.);
#11544 = EDGE_CURVE('',#11545,#11535,#11547,.T.);
#11545 = VERTEX_POINT('',#11546);
#11546 = CARTESIAN_POINT('',(-9.970388955333,-4.96131246425,2.6));
#11547 = B_SPLINE_CURVE_WITH_KNOTS('',2,(#11548,#11549,#11550),
  .UNSPECIFIED.,.F.,.F.,(3,3),(0.,1.),.PIECEWISE_BEZIER_KNOTS.);
#11548 = CARTESIAN_POINT('',(-9.970388955333,-4.96131246425,2.6));
#11549 = CARTESIAN_POINT('',(-9.922055535334,-5.01393583277,2.6));
#11550 = CARTESIAN_POINT('',(-9.763899433207,-5.01393583277,2.6));
#11551 = ORIENTED_EDGE('',*,*,#11552,.F.);
#11552 = EDGE_CURVE('',#11553,#11545,#11555,.T.);
#11553 = VERTEX_POINT('',#11554);
#11554 = CARTESIAN_POINT('',(-10.01872237533,-4.759112890645,2.6));
#11555 = B_SPLINE_CURVE_WITH_KNOTS('',2,(#11556,#11557,#11558),
  .UNSPECIFIED.,.F.,.F.,(3,3),(0.,1.),.PIECEWISE_BEZIER_KNOTS.);
#11556 = CARTESIAN_POINT('',(-10.01872237533,-4.759112890645,2.6));
#11557 = CARTESIAN_POINT('',(-10.01872237533,-4.908403099163,2.6));
#11558 = CARTESIAN_POINT('',(-9.970388955333,-4.96131246425,2.6));
#11559 = ORIENTED_EDGE('',*,*,#11560,.F.);
#11560 = EDGE_CURVE('',#11561,#11553,#11563,.T.);
#11561 = VERTEX_POINT('',#11562);
#11562 = CARTESIAN_POINT('',(-10.01872237533,-4.240887109355,2.6));
#11563 = LINE('',#11564,#11565);
#11564 = CARTESIAN_POINT('',(-10.01872237533,-4.451666580001,2.6));
#11565 = VECTOR('',#11566,1.);
#11566 = DIRECTION('',(-2.2E-16,-1.,0.));
#11567 = ORIENTED_EDGE('',*,*,#11568,.F.);
#11568 = EDGE_CURVE('',#11569,#11561,#11571,.T.);
#11569 = VERTEX_POINT('',#11570);
#11570 = CARTESIAN_POINT('',(-9.970388955333,-4.034397587229,2.6));
#11571 = B_SPLINE_CURVE_WITH_KNOTS('',2,(#11572,#11573,#11574),
  .UNSPECIFIED.,.F.,.F.,(3,3),(0.,1.),.PIECEWISE_BEZIER_KNOTS.);
#11572 = CARTESIAN_POINT('',(-9.970388955333,-4.034397587229,2.6));
#11573 = CARTESIAN_POINT('',(-10.01872237533,-4.082731007228,2.6));
#11574 = CARTESIAN_POINT('',(-10.01872237533,-4.240887109355,2.6));
#11575 = ORIENTED_EDGE('',*,*,#11576,.F.);
#11576 = EDGE_CURVE('',#11577,#11569,#11579,.T.);
#11577 = VERTEX_POINT('',#11578);
#11578 = CARTESIAN_POINT('',(-9.763899433207,-3.98606416723,2.6));
#11579 = B_SPLINE_CURVE_WITH_KNOTS('',2,(#11580,#11581,#11582),
  .UNSPECIFIED.,.F.,.F.,(3,3),(0.,1.),.PIECEWISE_BEZIER_KNOTS.);
#11580 = CARTESIAN_POINT('',(-9.763899433207,-3.98606416723,2.6));
#11581 = CARTESIAN_POINT('',(-9.922055535334,-3.98606416723,2.6));
#11582 = CARTESIAN_POINT('',(-9.970388955333,-4.034397587229,2.6));
#11583 = ORIENTED_EDGE('',*,*,#11584,.F.);
#11584 = EDGE_CURVE('',#11585,#11577,#11587,.T.);
#11585 = VERTEX_POINT('',#11586);
#11586 = CARTESIAN_POINT('',(-8.446027247673,-3.98606416723,2.6));
#11587 = LINE('',#11588,#11589);
#11588 = CARTESIAN_POINT('',(-8.446027247673,-3.98606416723,2.6));
#11589 = VECTOR('',#11590,1.);
#11590 = DIRECTION('',(-1.,0.,0.));
#11591 = ORIENTED_EDGE('',*,*,#11592,.F.);
#11592 = EDGE_CURVE('',#11593,#11585,#11595,.T.);
#11593 = VERTEX_POINT('',#11594);
#11594 = CARTESIAN_POINT('',(-8.235247777027,-4.034397587229,2.6));
#11595 = B_SPLINE_CURVE_WITH_KNOTS('',2,(#11596,#11597,#11598),
  .UNSPECIFIED.,.F.,.F.,(3,3),(0.,1.),.PIECEWISE_BEZIER_KNOTS.);
#11596 = CARTESIAN_POINT('',(-8.235247777027,-4.034397587229,2.6));
#11597 = CARTESIAN_POINT('',(-8.287871145546,-3.98606416723,2.6));
#11598 = CARTESIAN_POINT('',(-8.446027247673,-3.98606416723,2.6));
#11599 = ORIENTED_EDGE('',*,*,#11600,.F.);
#11600 = EDGE_CURVE('',#11601,#11593,#11603,.T.);
#11601 = VERTEX_POINT('',#11602);
#11602 = CARTESIAN_POINT('',(-8.182624408507,-4.240887109355,2.6));
#11603 = B_SPLINE_CURVE_WITH_KNOTS('',2,(#11604,#11605,#11606),
  .UNSPECIFIED.,.F.,.F.,(3,3),(0.,1.),.PIECEWISE_BEZIER_KNOTS.);
#11604 = CARTESIAN_POINT('',(-8.182624408507,-4.240887109355,2.6));
#11605 = CARTESIAN_POINT('',(-8.182624408507,-4.082731007228,2.6));
#11606 = CARTESIAN_POINT('',(-8.235247777027,-4.034397587229,2.6));
#11607 = ORIENTED_EDGE('',*,*,#11608,.F.);
#11608 = EDGE_CURVE('',#11609,#11601,#11611,.T.);
#11609 = VERTEX_POINT('',#11610);
#11610 = CARTESIAN_POINT('',(-8.182624408507,-4.759112890645,2.6));
#11611 = LINE('',#11612,#11613);
#11612 = CARTESIAN_POINT('',(-8.182624408507,-4.565779210649,2.6));
#11613 = VECTOR('',#11614,1.);
#11614 = DIRECTION('',(2.2E-16,1.,0.));
#11615 = ORIENTED_EDGE('',*,*,#11616,.F.);
#11616 = EDGE_CURVE('',#11617,#11609,#11619,.T.);
#11617 = VERTEX_POINT('',#11618);
#11618 = CARTESIAN_POINT('',(-8.235247777027,-4.96131246425,2.6));
#11619 = B_SPLINE_CURVE_WITH_KNOTS('',2,(#11620,#11621,#11622),
  .UNSPECIFIED.,.F.,.F.,(3,3),(0.,1.),.PIECEWISE_BEZIER_KNOTS.);
#11620 = CARTESIAN_POINT('',(-8.235247777027,-4.96131246425,2.6));
#11621 = CARTESIAN_POINT('',(-8.182624408507,-4.908403099163,2.6));
#11622 = CARTESIAN_POINT('',(-8.182624408507,-4.759112890645,2.6));
#11623 = ORIENTED_EDGE('',*,*,#11624,.F.);
#11624 = EDGE_CURVE('',#11537,#11617,#11625,.T.);
#11625 = B_SPLINE_CURVE_WITH_KNOTS('',2,(#11626,#11627,#11628),
  .UNSPECIFIED.,.F.,.F.,(3,3),(0.,1.),.PIECEWISE_BEZIER_KNOTS.);
#11626 = CARTESIAN_POINT('',(-8.446027247673,-5.01393583277,2.6));
#11627 = CARTESIAN_POINT('',(-8.287871145546,-5.01393583277,2.6));
#11628 = CARTESIAN_POINT('',(-8.235247777027,-4.96131246425,2.6));
#11629 = FACE_BOUND('',#11630,.T.);
#11630 = EDGE_LOOP('',(#11631,#11641,#11649,#11657,#11665,#11673,#11681,
    #11689,#11697,#11705,#11713,#11721));
#11631 = ORIENTED_EDGE('',*,*,#11632,.F.);
#11632 = EDGE_CURVE('',#11633,#11635,#11637,.T.);
#11633 = VERTEX_POINT('',#11634);
#11634 = CARTESIAN_POINT('',(-10.62503509957,-4.759112890645,2.6));
#11635 = VERTEX_POINT('',#11636);
#11636 = CARTESIAN_POINT('',(-10.62503509957,-4.240887109355,2.6));
#11637 = LINE('',#11638,#11639);
#11638 = CARTESIAN_POINT('',(-10.62503509957,-4.548333419999,2.6));
#11639 = VECTOR('',#11640,1.);
#11640 = DIRECTION('',(2.2E-16,1.,0.));
#11641 = ORIENTED_EDGE('',*,*,#11642,.F.);
#11642 = EDGE_CURVE('',#11643,#11633,#11645,.T.);
#11643 = VERTEX_POINT('',#11644);
#11644 = CARTESIAN_POINT('',(-10.67765846809,-4.96131246425,2.6));
#11645 = B_SPLINE_CURVE_WITH_KNOTS('',2,(#11646,#11647,#11648),
  .UNSPECIFIED.,.F.,.F.,(3,3),(0.,1.),.PIECEWISE_BEZIER_KNOTS.);
#11646 = CARTESIAN_POINT('',(-10.67765846809,-4.96131246425,2.6));
#11647 = CARTESIAN_POINT('',(-10.62503509957,-4.908403099163,2.6));
#11648 = CARTESIAN_POINT('',(-10.62503509957,-4.759112890645,2.6));
#11649 = ORIENTED_EDGE('',*,*,#11650,.F.);
#11650 = EDGE_CURVE('',#11651,#11643,#11653,.T.);
#11651 = VERTEX_POINT('',#11652);
#11652 = CARTESIAN_POINT('',(-10.8798580417,-5.01393583277,2.6));
#11653 = B_SPLINE_CURVE_WITH_KNOTS('',2,(#11654,#11655,#11656),
  .UNSPECIFIED.,.F.,.F.,(3,3),(0.,1.),.PIECEWISE_BEZIER_KNOTS.);
#11654 = CARTESIAN_POINT('',(-10.8798580417,-5.01393583277,2.6));
#11655 = CARTESIAN_POINT('',(-10.73056783318,-5.01393583277,2.6));
#11656 = CARTESIAN_POINT('',(-10.67765846809,-4.96131246425,2.6));
#11657 = ORIENTED_EDGE('',*,*,#11658,.F.);
#11658 = EDGE_CURVE('',#11659,#11651,#11661,.T.);
#11659 = VERTEX_POINT('',#11660);
#11660 = CARTESIAN_POINT('',(-12.16255264936,-5.01393583277,2.6));
#11661 = LINE('',#11662,#11663);
#11662 = CARTESIAN_POINT('',(-12.16255264936,-5.01393583277,2.6));
#11663 = VECTOR('',#11664,1.);
#11664 = DIRECTION('',(1.,0.,0.));
#11665 = ORIENTED_EDGE('',*,*,#11666,.F.);
#11666 = EDGE_CURVE('',#11667,#11659,#11669,.T.);
#11667 = VERTEX_POINT('',#11668);
#11668 = CARTESIAN_POINT('',(-12.36904217149,-4.96131246425,2.6));
#11669 = B_SPLINE_CURVE_WITH_KNOTS('',2,(#11670,#11671,#11672),
  .UNSPECIFIED.,.F.,.F.,(3,3),(0.,1.),.PIECEWISE_BEZIER_KNOTS.);
#11670 = CARTESIAN_POINT('',(-12.36904217149,-4.96131246425,2.6));
#11671 = CARTESIAN_POINT('',(-12.32070875149,-5.01393583277,2.6));
#11672 = CARTESIAN_POINT('',(-12.16255264936,-5.01393583277,2.6));
#11673 = ORIENTED_EDGE('',*,*,#11674,.F.);
#11674 = EDGE_CURVE('',#11675,#11667,#11677,.T.);
#11675 = VERTEX_POINT('',#11676);
#11676 = CARTESIAN_POINT('',(-12.41737559149,-4.759112890645,2.6));
#11677 = B_SPLINE_CURVE_WITH_KNOTS('',2,(#11678,#11679,#11680),
  .UNSPECIFIED.,.F.,.F.,(3,3),(0.,1.),.PIECEWISE_BEZIER_KNOTS.);
#11678 = CARTESIAN_POINT('',(-12.41737559149,-4.759112890645,2.6));
#11679 = CARTESIAN_POINT('',(-12.41737559149,-4.908403099163,2.6));
#11680 = CARTESIAN_POINT('',(-12.36904217149,-4.96131246425,2.6));
#11681 = ORIENTED_EDGE('',*,*,#11682,.F.);
#11682 = EDGE_CURVE('',#11683,#11675,#11685,.T.);
#11683 = VERTEX_POINT('',#11684);
#11684 = CARTESIAN_POINT('',(-12.41737559149,-4.240887109355,2.6));
#11685 = LINE('',#11686,#11687);
#11686 = CARTESIAN_POINT('',(-12.41737559149,-4.469112370652,2.6));
#11687 = VECTOR('',#11688,1.);
#11688 = DIRECTION('',(-2.2E-16,-1.,0.));
#11689 = ORIENTED_EDGE('',*,*,#11690,.F.);
#11690 = EDGE_CURVE('',#11691,#11683,#11693,.T.);
#11691 = VERTEX_POINT('',#11692);
#11692 = CARTESIAN_POINT('',(-12.36904217149,-4.034397587229,2.6));
#11693 = B_SPLINE_CURVE_WITH_KNOTS('',2,(#11694,#11695,#11696),
  .UNSPECIFIED.,.F.,.F.,(3,3),(0.,1.),.PIECEWISE_BEZIER_KNOTS.);
#11694 = CARTESIAN_POINT('',(-12.36904217149,-4.034397587229,2.6));
#11695 = CARTESIAN_POINT('',(-12.41737559149,-4.082731007228,2.6));
#11696 = CARTESIAN_POINT('',(-12.41737559149,-4.240887109355,2.6));
#11697 = ORIENTED_EDGE('',*,*,#11698,.F.);
#11698 = EDGE_CURVE('',#11699,#11691,#11701,.T.);
#11699 = VERTEX_POINT('',#11700);
#11700 = CARTESIAN_POINT('',(-12.16255264936,-3.98606416723,2.6));
#11701 = B_SPLINE_CURVE_WITH_KNOTS('',2,(#11702,#11703,#11704),
  .UNSPECIFIED.,.F.,.F.,(3,3),(0.,1.),.PIECEWISE_BEZIER_KNOTS.);
#11702 = CARTESIAN_POINT('',(-12.16255264936,-3.98606416723,2.6));
#11703 = CARTESIAN_POINT('',(-12.32070875149,-3.98606416723,2.6));
#11704 = CARTESIAN_POINT('',(-12.36904217149,-4.034397587229,2.6));
#11705 = ORIENTED_EDGE('',*,*,#11706,.F.);
#11706 = EDGE_CURVE('',#11707,#11699,#11709,.T.);
#11707 = VERTEX_POINT('',#11708);
#11708 = CARTESIAN_POINT('',(-10.8798580417,-3.98606416723,2.6));
#11709 = LINE('',#11710,#11711);
#11710 = CARTESIAN_POINT('',(-10.8798580417,-3.98606416723,2.6));
#11711 = VECTOR('',#11712,1.);
#11712 = DIRECTION('',(-1.,0.,0.));
#11713 = ORIENTED_EDGE('',*,*,#11714,.F.);
#11714 = EDGE_CURVE('',#11715,#11707,#11717,.T.);
#11715 = VERTEX_POINT('',#11716);
#11716 = CARTESIAN_POINT('',(-10.67765846809,-4.034397587229,2.6));
#11717 = B_SPLINE_CURVE_WITH_KNOTS('',2,(#11718,#11719,#11720),
  .UNSPECIFIED.,.F.,.F.,(3,3),(0.,1.),.PIECEWISE_BEZIER_KNOTS.);
#11718 = CARTESIAN_POINT('',(-10.67765846809,-4.034397587229,2.6));
#11719 = CARTESIAN_POINT('',(-10.73056783318,-3.98606416723,2.6));
#11720 = CARTESIAN_POINT('',(-10.8798580417,-3.98606416723,2.6));
#11721 = ORIENTED_EDGE('',*,*,#11722,.F.);
#11722 = EDGE_CURVE('',#11635,#11715,#11723,.T.);
#11723 = B_SPLINE_CURVE_WITH_KNOTS('',2,(#11724,#11725,#11726),
  .UNSPECIFIED.,.F.,.F.,(3,3),(0.,1.),.PIECEWISE_BEZIER_KNOTS.);
#11724 = CARTESIAN_POINT('',(-10.62503509957,-4.240887109355,2.6));
#11725 = CARTESIAN_POINT('',(-10.62503509957,-4.082731007228,2.6));
#11726 = CARTESIAN_POINT('',(-10.67765846809,-4.034397587229,2.6));
#11727 = PLANE('',#11728);
#11728 = AXIS2_PLACEMENT_3D('',#11729,#11730,#11731);
#11729 = CARTESIAN_POINT('',(-10.30127361403,-4.499750478492,2.6));
#11730 = DIRECTION('',(0.,0.,1.));
#11731 = DIRECTION('',(0.,1.,0.));
#11732 = ADVANCED_FACE('',(#11733),#11760,.T.);
#11733 = FACE_BOUND('',#11734,.T.);
#11734 = EDGE_LOOP('',(#11735,#11736,#11737,#11738,#11739,#11740,#11741,
    #11742,#11743,#11744,#11745,#11746,#11747,#11748,#11749,#11750,
    #11751,#11752,#11753,#11754,#11755,#11756,#11757,#11758,#11759));
#11735 = ORIENTED_EDGE('',*,*,#4498,.F.);
#11736 = ORIENTED_EDGE('',*,*,#4450,.F.);
#11737 = ORIENTED_EDGE('',*,*,#4481,.F.);
#11738 = ORIENTED_EDGE('',*,*,#4529,.F.);
#11739 = ORIENTED_EDGE('',*,*,#4581,.F.);
#11740 = ORIENTED_EDGE('',*,*,#4633,.F.);
#11741 = ORIENTED_EDGE('',*,*,#4681,.F.);
#11742 = ORIENTED_EDGE('',*,*,#4733,.F.);
#11743 = ORIENTED_EDGE('',*,*,#4785,.F.);
#11744 = ORIENTED_EDGE('',*,*,#4833,.F.);
#11745 = ORIENTED_EDGE('',*,*,#4885,.F.);
#11746 = ORIENTED_EDGE('',*,*,#4937,.F.);
#11747 = ORIENTED_EDGE('',*,*,#4985,.F.);
#11748 = ORIENTED_EDGE('',*,*,#5033,.F.);
#11749 = ORIENTED_EDGE('',*,*,#5050,.F.);
#11750 = ORIENTED_EDGE('',*,*,#5002,.F.);
#11751 = ORIENTED_EDGE('',*,*,#4954,.F.);
#11752 = ORIENTED_EDGE('',*,*,#4904,.F.);
#11753 = ORIENTED_EDGE('',*,*,#4852,.F.);
#11754 = ORIENTED_EDGE('',*,*,#4802,.F.);
#11755 = ORIENTED_EDGE('',*,*,#4752,.F.);
#11756 = ORIENTED_EDGE('',*,*,#4700,.F.);
#11757 = ORIENTED_EDGE('',*,*,#4650,.F.);
#11758 = ORIENTED_EDGE('',*,*,#4600,.F.);
#11759 = ORIENTED_EDGE('',*,*,#4548,.F.);
#11760 = PLANE('',#11761);
#11761 = AXIS2_PLACEMENT_3D('',#11762,#11763,#11764);
#11762 = CARTESIAN_POINT('',(6.689382355079,-4.45036314536,2.6));
#11763 = DIRECTION('',(0.,0.,1.));
#11764 = DIRECTION('',(0.,1.,0.));
#11765 = ADVANCED_FACE('',(#11766),#11794,.T.);
#11766 = FACE_BOUND('',#11767,.T.);
#11767 = EDGE_LOOP('',(#11768,#11769,#11770,#11771,#11772,#11773,#11774,
    #11775,#11776,#11777,#11778,#11779,#11780,#11781,#11782,#11783,
    #11784,#11785,#11786,#11787,#11788,#11789,#11790,#11791,#11792,
    #11793));
#11768 = ORIENTED_EDGE('',*,*,#5370,.F.);
#11769 = ORIENTED_EDGE('',*,*,#5322,.F.);
#11770 = ORIENTED_EDGE('',*,*,#5272,.F.);
#11771 = ORIENTED_EDGE('',*,*,#5222,.F.);
#11772 = ORIENTED_EDGE('',*,*,#5174,.F.);
#11773 = ORIENTED_EDGE('',*,*,#5124,.F.);
#11774 = ORIENTED_EDGE('',*,*,#5074,.F.);
#11775 = ORIENTED_EDGE('',*,*,#5105,.F.);
#11776 = ORIENTED_EDGE('',*,*,#5155,.F.);
#11777 = ORIENTED_EDGE('',*,*,#5205,.F.);
#11778 = ORIENTED_EDGE('',*,*,#5253,.F.);
#11779 = ORIENTED_EDGE('',*,*,#5303,.F.);
#11780 = ORIENTED_EDGE('',*,*,#5353,.F.);
#11781 = ORIENTED_EDGE('',*,*,#5401,.F.);
#11782 = ORIENTED_EDGE('',*,*,#5453,.F.);
#11783 = ORIENTED_EDGE('',*,*,#5505,.F.);
#11784 = ORIENTED_EDGE('',*,*,#5553,.F.);
#11785 = ORIENTED_EDGE('',*,*,#5603,.F.);
#11786 = ORIENTED_EDGE('',*,*,#5653,.F.);
#11787 = ORIENTED_EDGE('',*,*,#5696,.F.);
#11788 = ORIENTED_EDGE('',*,*,#5672,.F.);
#11789 = ORIENTED_EDGE('',*,*,#5620,.F.);
#11790 = ORIENTED_EDGE('',*,*,#5570,.F.);
#11791 = ORIENTED_EDGE('',*,*,#5522,.F.);
#11792 = ORIENTED_EDGE('',*,*,#5472,.F.);
#11793 = ORIENTED_EDGE('',*,*,#5420,.F.);
#11794 = PLANE('',#11795);
#11795 = AXIS2_PLACEMENT_3D('',#11796,#11797,#11798);
#11796 = CARTESIAN_POINT('',(6.689382355079,-4.45036314536,2.6));
#11797 = DIRECTION('',(0.,0.,1.));
#11798 = DIRECTION('',(0.,1.,0.));
#11799 = ADVANCED_FACE('',(#11800),#11828,.T.);
#11800 = FACE_BOUND('',#11801,.T.);
#11801 = EDGE_LOOP('',(#11802,#11803,#11804,#11805,#11806,#11807,#11808,
    #11809,#11810,#11811,#11812,#11813,#11814,#11815,#11816,#11817,
    #11818,#11819,#11820,#11821,#11822,#11823,#11824,#11825,#11826,
    #11827));
#11802 = ORIENTED_EDGE('',*,*,#6018,.F.);
#11803 = ORIENTED_EDGE('',*,*,#5970,.F.);
#11804 = ORIENTED_EDGE('',*,*,#5920,.F.);
#11805 = ORIENTED_EDGE('',*,*,#5870,.F.);
#11806 = ORIENTED_EDGE('',*,*,#5822,.F.);
#11807 = ORIENTED_EDGE('',*,*,#5772,.F.);
#11808 = ORIENTED_EDGE('',*,*,#5722,.F.);
#11809 = ORIENTED_EDGE('',*,*,#5753,.F.);
#11810 = ORIENTED_EDGE('',*,*,#5803,.F.);
#11811 = ORIENTED_EDGE('',*,*,#5853,.F.);
#11812 = ORIENTED_EDGE('',*,*,#5901,.F.);
#11813 = ORIENTED_EDGE('',*,*,#5951,.F.);
#11814 = ORIENTED_EDGE('',*,*,#6001,.F.);
#11815 = ORIENTED_EDGE('',*,*,#6049,.F.);
#11816 = ORIENTED_EDGE('',*,*,#6101,.F.);
#11817 = ORIENTED_EDGE('',*,*,#6153,.F.);
#11818 = ORIENTED_EDGE('',*,*,#6201,.F.);
#11819 = ORIENTED_EDGE('',*,*,#6251,.F.);
#11820 = ORIENTED_EDGE('',*,*,#6301,.F.);
#11821 = ORIENTED_EDGE('',*,*,#6344,.F.);
#11822 = ORIENTED_EDGE('',*,*,#6320,.F.);
#11823 = ORIENTED_EDGE('',*,*,#6268,.F.);
#11824 = ORIENTED_EDGE('',*,*,#6218,.F.);
#11825 = ORIENTED_EDGE('',*,*,#6170,.F.);
#11826 = ORIENTED_EDGE('',*,*,#6120,.F.);
#11827 = ORIENTED_EDGE('',*,*,#6068,.F.);
#11828 = PLANE('',#11829);
#11829 = AXIS2_PLACEMENT_3D('',#11830,#11831,#11832);
#11830 = CARTESIAN_POINT('',(29.991594971775,-4.502143906065,2.6));
#11831 = DIRECTION('',(0.,0.,1.));
#11832 = DIRECTION('',(0.,1.,0.));
#11833 = ADVANCED_FACE('',(#11834),#11867,.T.);
#11834 = FACE_BOUND('',#11835,.T.);
#11835 = EDGE_LOOP('',(#11836,#11837,#11838,#11839,#11840,#11841,#11842,
    #11843,#11844,#11845,#11846,#11847,#11848,#11849,#11850,#11851,
    #11852,#11853,#11854,#11855,#11856,#11857,#11858,#11859,#11860,
    #11861,#11862,#11863,#11864,#11865,#11866));
#11836 = ORIENTED_EDGE('',*,*,#6401,.F.);
#11837 = ORIENTED_EDGE('',*,*,#6449,.F.);
#11838 = ORIENTED_EDGE('',*,*,#6497,.F.);
#11839 = ORIENTED_EDGE('',*,*,#6549,.F.);
#11840 = ORIENTED_EDGE('',*,*,#6601,.F.);
#11841 = ORIENTED_EDGE('',*,*,#6649,.F.);
#11842 = ORIENTED_EDGE('',*,*,#6701,.F.);
#11843 = ORIENTED_EDGE('',*,*,#6753,.F.);
#11844 = ORIENTED_EDGE('',*,*,#6803,.F.);
#11845 = ORIENTED_EDGE('',*,*,#6853,.F.);
#11846 = ORIENTED_EDGE('',*,*,#6901,.F.);
#11847 = ORIENTED_EDGE('',*,*,#6953,.F.);
#11848 = ORIENTED_EDGE('',*,*,#7005,.F.);
#11849 = ORIENTED_EDGE('',*,*,#7053,.F.);
#11850 = ORIENTED_EDGE('',*,*,#7103,.F.);
#11851 = ORIENTED_EDGE('',*,*,#7122,.F.);
#11852 = ORIENTED_EDGE('',*,*,#7072,.F.);
#11853 = ORIENTED_EDGE('',*,*,#7022,.F.);
#11854 = ORIENTED_EDGE('',*,*,#6972,.F.);
#11855 = ORIENTED_EDGE('',*,*,#6920,.F.);
#11856 = ORIENTED_EDGE('',*,*,#6870,.F.);
#11857 = ORIENTED_EDGE('',*,*,#6820,.F.);
#11858 = ORIENTED_EDGE('',*,*,#6770,.F.);
#11859 = ORIENTED_EDGE('',*,*,#6720,.F.);
#11860 = ORIENTED_EDGE('',*,*,#6668,.F.);
#11861 = ORIENTED_EDGE('',*,*,#6618,.F.);
#11862 = ORIENTED_EDGE('',*,*,#6568,.F.);
#11863 = ORIENTED_EDGE('',*,*,#6516,.F.);
#11864 = ORIENTED_EDGE('',*,*,#6466,.F.);
#11865 = ORIENTED_EDGE('',*,*,#6418,.F.);
#11866 = ORIENTED_EDGE('',*,*,#6370,.F.);
#11867 = PLANE('',#11868);
#11868 = AXIS2_PLACEMENT_3D('',#11869,#11870,#11871);
#11869 = CARTESIAN_POINT('',(17.953720729383,-3.643214317772E-02,2.6));
#11870 = DIRECTION('',(0.,0.,1.));
#11871 = DIRECTION('',(0.,1.,0.));
#11872 = ADVANCED_FACE('',(#11873,#11887),#11985,.T.);
#11873 = FACE_BOUND('',#11874,.T.);
#11874 = EDGE_LOOP('',(#11875,#11876,#11877,#11878,#11879,#11880,#11881,
    #11882,#11883,#11884,#11885,#11886));
#11875 = ORIENTED_EDGE('',*,*,#7196,.F.);
#11876 = ORIENTED_EDGE('',*,*,#7146,.F.);
#11877 = ORIENTED_EDGE('',*,*,#7179,.F.);
#11878 = ORIENTED_EDGE('',*,*,#7229,.F.);
#11879 = ORIENTED_EDGE('',*,*,#7279,.F.);
#11880 = ORIENTED_EDGE('',*,*,#7331,.F.);
#11881 = ORIENTED_EDGE('',*,*,#7381,.F.);
#11882 = ORIENTED_EDGE('',*,*,#7424,.F.);
#11883 = ORIENTED_EDGE('',*,*,#7400,.F.);
#11884 = ORIENTED_EDGE('',*,*,#7348,.F.);
#11885 = ORIENTED_EDGE('',*,*,#7298,.F.);
#11886 = ORIENTED_EDGE('',*,*,#7248,.F.);
#11887 = FACE_BOUND('',#11888,.T.);
#11888 = EDGE_LOOP('',(#11889,#11899,#11907,#11915,#11923,#11931,#11939,
    #11947,#11955,#11963,#11971,#11979));
#11889 = ORIENTED_EDGE('',*,*,#11890,.F.);
#11890 = EDGE_CURVE('',#11891,#11893,#11895,.T.);
#11891 = VERTEX_POINT('',#11892);
#11892 = CARTESIAN_POINT('',(27.939823722115,-2.44282668608,2.6));
#11893 = VERTEX_POINT('',#11894);
#11894 = CARTESIAN_POINT('',(27.891490302116,-2.657896105247,2.6));
#11895 = B_SPLINE_CURVE_WITH_KNOTS('',2,(#11896,#11897,#11898),
  .UNSPECIFIED.,.F.,.F.,(3,3),(0.,1.),.PIECEWISE_BEZIER_KNOTS.);
#11896 = CARTESIAN_POINT('',(27.939823722115,-2.44282668608,2.6));
#11897 = CARTESIAN_POINT('',(27.891490302116,-2.490874109511,2.6));
#11898 = CARTESIAN_POINT('',(27.891490302116,-2.657896105247,2.6));
#11899 = ORIENTED_EDGE('',*,*,#11900,.F.);
#11900 = EDGE_CURVE('',#11901,#11891,#11903,.T.);
#11901 = VERTEX_POINT('',#11902);
#11902 = CARTESIAN_POINT('',(28.146313244241,-2.394493266081,2.6));
#11903 = B_SPLINE_CURVE_WITH_KNOTS('',2,(#11904,#11905,#11906),
  .UNSPECIFIED.,.F.,.F.,(3,3),(0.,1.),.PIECEWISE_BEZIER_KNOTS.);
#11904 = CARTESIAN_POINT('',(28.146313244241,-2.394493266081,2.6));
#11905 = CARTESIAN_POINT('',(27.988157142114,-2.394493266081,2.6));
#11906 = CARTESIAN_POINT('',(27.939823722115,-2.44282668608,2.6));
#11907 = ORIENTED_EDGE('',*,*,#11908,.F.);
#11908 = EDGE_CURVE('',#11909,#11901,#11911,.T.);
#11909 = VERTEX_POINT('',#11910);
#11910 = CARTESIAN_POINT('',(31.853972752327,-2.394493266081,2.6));
#11911 = LINE('',#11912,#11913);
#11912 = CARTESIAN_POINT('',(31.853972752327,-2.394493266081,2.6));
#11913 = VECTOR('',#11914,1.);
#11914 = DIRECTION('',(-1.,0.,0.));
#11915 = ORIENTED_EDGE('',*,*,#11916,.F.);
#11916 = EDGE_CURVE('',#11917,#11909,#11919,.T.);
#11917 = VERTEX_POINT('',#11918);
#11918 = CARTESIAN_POINT('',(32.055886329364,-2.44282668608,2.6));
#11919 = B_SPLINE_CURVE_WITH_KNOTS('',2,(#11920,#11921,#11922),
  .UNSPECIFIED.,.F.,.F.,(3,3),(0.,1.),.PIECEWISE_BEZIER_KNOTS.);
#11920 = CARTESIAN_POINT('',(32.055886329364,-2.44282668608,2.6));
#11921 = CARTESIAN_POINT('',(32.003262960844,-2.394493266081,2.6));
#11922 = CARTESIAN_POINT('',(31.853972752327,-2.394493266081,2.6));
#11923 = ORIENTED_EDGE('',*,*,#11924,.F.);
#11924 = EDGE_CURVE('',#11925,#11917,#11927,.T.);
#11925 = VERTEX_POINT('',#11926);
#11926 = CARTESIAN_POINT('',(32.108509697884,-2.657896105247,2.6));
#11927 = B_SPLINE_CURVE_WITH_KNOTS('',2,(#11928,#11929,#11930),
  .UNSPECIFIED.,.F.,.F.,(3,3),(0.,1.),.PIECEWISE_BEZIER_KNOTS.);
#11928 = CARTESIAN_POINT('',(32.108509697884,-2.657896105247,2.6));
#11929 = CARTESIAN_POINT('',(32.108509697884,-2.490874109511,2.6));
#11930 = CARTESIAN_POINT('',(32.055886329364,-2.44282668608,2.6));
#11931 = ORIENTED_EDGE('',*,*,#11932,.F.);
#11932 = EDGE_CURVE('',#11933,#11925,#11935,.T.);
#11933 = VERTEX_POINT('',#11934);
#11934 = CARTESIAN_POINT('',(32.108509697884,-3.132364411627,2.6));
#11935 = LINE('',#11936,#11937);
#11936 = CARTESIAN_POINT('',(32.108509697884,-3.132364411627,2.6));
#11937 = VECTOR('',#11938,1.);
#11938 = DIRECTION('',(0.,1.,0.));
#11939 = ORIENTED_EDGE('',*,*,#11940,.F.);
#11940 = EDGE_CURVE('',#11941,#11933,#11943,.T.);
#11941 = VERTEX_POINT('',#11942);
#11942 = CARTESIAN_POINT('',(32.055886329364,-3.334563985232,2.6));
#11943 = B_SPLINE_CURVE_WITH_KNOTS('',2,(#11944,#11945,#11946),
  .UNSPECIFIED.,.F.,.F.,(3,3),(0.,1.),.PIECEWISE_BEZIER_KNOTS.);
#11944 = CARTESIAN_POINT('',(32.055886329364,-3.334563985232,2.6));
#11945 = CARTESIAN_POINT('',(32.108509697884,-3.281654620145,2.6));
#11946 = CARTESIAN_POINT('',(32.108509697884,-3.132364411627,2.6));
#11947 = ORIENTED_EDGE('',*,*,#11948,.F.);
#11948 = EDGE_CURVE('',#11949,#11941,#11951,.T.);
#11949 = VERTEX_POINT('',#11950);
#11950 = CARTESIAN_POINT('',(31.853972752327,-3.387187353752,2.6));
#11951 = B_SPLINE_CURVE_WITH_KNOTS('',2,(#11952,#11953,#11954),
  .UNSPECIFIED.,.F.,.F.,(3,3),(0.,1.),.PIECEWISE_BEZIER_KNOTS.);
#11952 = CARTESIAN_POINT('',(31.853972752327,-3.387187353752,2.6));
#11953 = CARTESIAN_POINT('',(32.003262960844,-3.387187353752,2.6));
#11954 = CARTESIAN_POINT('',(32.055886329364,-3.334563985232,2.6));
#11955 = ORIENTED_EDGE('',*,*,#11956,.F.);
#11956 = EDGE_CURVE('',#11957,#11949,#11959,.T.);
#11957 = VERTEX_POINT('',#11958);
#11958 = CARTESIAN_POINT('',(28.146313244241,-3.387187353752,2.6));
#11959 = LINE('',#11960,#11961);
#11960 = CARTESIAN_POINT('',(28.146313244241,-3.387187353752,2.6));
#11961 = VECTOR('',#11962,1.);
#11962 = DIRECTION('',(1.,0.,0.));
#11963 = ORIENTED_EDGE('',*,*,#11964,.F.);
#11964 = EDGE_CURVE('',#11965,#11957,#11967,.T.);
#11965 = VERTEX_POINT('',#11966);
#11966 = CARTESIAN_POINT('',(27.939823722115,-3.334563985232,2.6));
#11967 = B_SPLINE_CURVE_WITH_KNOTS('',2,(#11968,#11969,#11970),
  .UNSPECIFIED.,.F.,.F.,(3,3),(0.,1.),.PIECEWISE_BEZIER_KNOTS.);
#11968 = CARTESIAN_POINT('',(27.939823722115,-3.334563985232,2.6));
#11969 = CARTESIAN_POINT('',(27.988157142114,-3.387187353752,2.6));
#11970 = CARTESIAN_POINT('',(28.146313244241,-3.387187353752,2.6));
#11971 = ORIENTED_EDGE('',*,*,#11972,.F.);
#11972 = EDGE_CURVE('',#11973,#11965,#11975,.T.);
#11973 = VERTEX_POINT('',#11974);
#11974 = CARTESIAN_POINT('',(27.891490302116,-3.132364411627,2.6));
#11975 = B_SPLINE_CURVE_WITH_KNOTS('',2,(#11976,#11977,#11978),
  .UNSPECIFIED.,.F.,.F.,(3,3),(0.,1.),.PIECEWISE_BEZIER_KNOTS.);
#11976 = CARTESIAN_POINT('',(27.891490302116,-3.132364411627,2.6));
#11977 = CARTESIAN_POINT('',(27.891490302116,-3.281654620145,2.6));
#11978 = CARTESIAN_POINT('',(27.939823722115,-3.334563985232,2.6));
#11979 = ORIENTED_EDGE('',*,*,#11980,.F.);
#11980 = EDGE_CURVE('',#11893,#11973,#11981,.T.);
#11981 = LINE('',#11982,#11983);
#11982 = CARTESIAN_POINT('',(27.891490302116,-2.657896105247,2.6));
#11983 = VECTOR('',#11984,1.);
#11984 = DIRECTION('',(0.,-1.,0.));
#11985 = PLANE('',#11986);
#11986 = AXIS2_PLACEMENT_3D('',#11987,#11988,#11989);
#11987 = CARTESIAN_POINT('',(29.991594971775,-4.502143906065,2.6));
#11988 = DIRECTION('',(0.,0.,1.));
#11989 = DIRECTION('',(0.,1.,0.));
#11990 = ADVANCED_FACE('',(#11991),#11997,.T.);
#11991 = FACE_BOUND('',#11992,.T.);
#11992 = EDGE_LOOP('',(#11993,#11994,#11995,#11996));
#11993 = ORIENTED_EDGE('',*,*,#7498,.F.);
#11994 = ORIENTED_EDGE('',*,*,#7450,.F.);
#11995 = ORIENTED_EDGE('',*,*,#7481,.F.);
#11996 = ORIENTED_EDGE('',*,*,#7522,.F.);
#11997 = PLANE('',#11998);
#11998 = AXIS2_PLACEMENT_3D('',#11999,#12000,#12001);
#11999 = CARTESIAN_POINT('',(-1.700301860987,4.486429077934,2.6));
#12000 = DIRECTION('',(0.,0.,1.));
#12001 = DIRECTION('',(0.,1.,0.));
#12002 = ADVANCED_FACE('',(#12003),#12046,.T.);
#12003 = FACE_BOUND('',#12004,.T.);
#12004 = EDGE_LOOP('',(#12005,#12006,#12007,#12008,#12009,#12010,#12011,
    #12012,#12013,#12014,#12015,#12016,#12017,#12018,#12019,#12020,
    #12021,#12022,#12023,#12024,#12025,#12026,#12027,#12028,#12029,
    #12030,#12031,#12032,#12033,#12034,#12035,#12036,#12037,#12038,
    #12039,#12040,#12041,#12042,#12043,#12044,#12045));
#12005 = ORIENTED_EDGE('',*,*,#7594,.F.);
#12006 = ORIENTED_EDGE('',*,*,#7546,.F.);
#12007 = ORIENTED_EDGE('',*,*,#7577,.F.);
#12008 = ORIENTED_EDGE('',*,*,#7625,.F.);
#12009 = ORIENTED_EDGE('',*,*,#7677,.F.);
#12010 = ORIENTED_EDGE('',*,*,#7729,.F.);
#12011 = ORIENTED_EDGE('',*,*,#7777,.F.);
#12012 = ORIENTED_EDGE('',*,*,#7829,.F.);
#12013 = ORIENTED_EDGE('',*,*,#7881,.F.);
#12014 = ORIENTED_EDGE('',*,*,#7929,.F.);
#12015 = ORIENTED_EDGE('',*,*,#7981,.F.);
#12016 = ORIENTED_EDGE('',*,*,#8033,.F.);
#12017 = ORIENTED_EDGE('',*,*,#8083,.F.);
#12018 = ORIENTED_EDGE('',*,*,#8133,.F.);
#12019 = ORIENTED_EDGE('',*,*,#8181,.F.);
#12020 = ORIENTED_EDGE('',*,*,#8233,.F.);
#12021 = ORIENTED_EDGE('',*,*,#8285,.F.);
#12022 = ORIENTED_EDGE('',*,*,#8333,.F.);
#12023 = ORIENTED_EDGE('',*,*,#8385,.F.);
#12024 = ORIENTED_EDGE('',*,*,#8437,.F.);
#12025 = ORIENTED_EDGE('',*,*,#8485,.F.);
#12026 = ORIENTED_EDGE('',*,*,#8535,.F.);
#12027 = ORIENTED_EDGE('',*,*,#8554,.F.);
#12028 = ORIENTED_EDGE('',*,*,#8504,.F.);
#12029 = ORIENTED_EDGE('',*,*,#8454,.F.);
#12030 = ORIENTED_EDGE('',*,*,#8404,.F.);
#12031 = ORIENTED_EDGE('',*,*,#8352,.F.);
#12032 = ORIENTED_EDGE('',*,*,#8302,.F.);
#12033 = ORIENTED_EDGE('',*,*,#8252,.F.);
#12034 = ORIENTED_EDGE('',*,*,#8200,.F.);
#12035 = ORIENTED_EDGE('',*,*,#8150,.F.);
#12036 = ORIENTED_EDGE('',*,*,#8100,.F.);
#12037 = ORIENTED_EDGE('',*,*,#8050,.F.);
#12038 = ORIENTED_EDGE('',*,*,#8000,.F.);
#12039 = ORIENTED_EDGE('',*,*,#7948,.F.);
#12040 = ORIENTED_EDGE('',*,*,#7898,.F.);
#12041 = ORIENTED_EDGE('',*,*,#7848,.F.);
#12042 = ORIENTED_EDGE('',*,*,#7796,.F.);
#12043 = ORIENTED_EDGE('',*,*,#7746,.F.);
#12044 = ORIENTED_EDGE('',*,*,#7696,.F.);
#12045 = ORIENTED_EDGE('',*,*,#7644,.F.);
#12046 = PLANE('',#12047);
#12047 = AXIS2_PLACEMENT_3D('',#12048,#12049,#12050);
#12048 = CARTESIAN_POINT('',(11.697836318164,4.534515172718,2.6));
#12049 = DIRECTION('',(0.,0.,1.));
#12050 = DIRECTION('',(0.,1.,0.));
#12051 = ADVANCED_FACE('',(#12052),#12080,.T.);
#12052 = FACE_BOUND('',#12053,.T.);
#12053 = EDGE_LOOP('',(#12054,#12055,#12056,#12057,#12058,#12059,#12060,
    #12061,#12062,#12063,#12064,#12065,#12066,#12067,#12068,#12069,
    #12070,#12071,#12072,#12073,#12074,#12075,#12076,#12077,#12078,
    #12079));
#12054 = ORIENTED_EDGE('',*,*,#8874,.F.);
#12055 = ORIENTED_EDGE('',*,*,#8826,.F.);
#12056 = ORIENTED_EDGE('',*,*,#8776,.F.);
#12057 = ORIENTED_EDGE('',*,*,#8726,.F.);
#12058 = ORIENTED_EDGE('',*,*,#8678,.F.);
#12059 = ORIENTED_EDGE('',*,*,#8628,.F.);
#12060 = ORIENTED_EDGE('',*,*,#8578,.F.);
#12061 = ORIENTED_EDGE('',*,*,#8609,.F.);
#12062 = ORIENTED_EDGE('',*,*,#8659,.F.);
#12063 = ORIENTED_EDGE('',*,*,#8709,.F.);
#12064 = ORIENTED_EDGE('',*,*,#8757,.F.);
#12065 = ORIENTED_EDGE('',*,*,#8807,.F.);
#12066 = ORIENTED_EDGE('',*,*,#8857,.F.);
#12067 = ORIENTED_EDGE('',*,*,#8905,.F.);
#12068 = ORIENTED_EDGE('',*,*,#8957,.F.);
#12069 = ORIENTED_EDGE('',*,*,#9009,.F.);
#12070 = ORIENTED_EDGE('',*,*,#9057,.F.);
#12071 = ORIENTED_EDGE('',*,*,#9107,.F.);
#12072 = ORIENTED_EDGE('',*,*,#9157,.F.);
#12073 = ORIENTED_EDGE('',*,*,#9200,.F.);
#12074 = ORIENTED_EDGE('',*,*,#9176,.F.);
#12075 = ORIENTED_EDGE('',*,*,#9124,.F.);
#12076 = ORIENTED_EDGE('',*,*,#9074,.F.);
#12077 = ORIENTED_EDGE('',*,*,#9026,.F.);
#12078 = ORIENTED_EDGE('',*,*,#8976,.F.);
#12079 = ORIENTED_EDGE('',*,*,#8924,.F.);
#12080 = PLANE('',#12081);
#12081 = AXIS2_PLACEMENT_3D('',#12082,#12083,#12084);
#12082 = CARTESIAN_POINT('',(-12.21682231438,4.456677556748,2.6));
#12083 = DIRECTION('',(0.,0.,1.));
#12084 = DIRECTION('',(0.,1.,0.));
#12085 = ADVANCED_FACE('',(#12086,#12100),#12198,.T.);
#12086 = FACE_BOUND('',#12087,.T.);
#12087 = EDGE_LOOP('',(#12088,#12089,#12090,#12091,#12092,#12093,#12094,
    #12095,#12096,#12097,#12098,#12099));
#12088 = ORIENTED_EDGE('',*,*,#9276,.F.);
#12089 = ORIENTED_EDGE('',*,*,#9226,.F.);
#12090 = ORIENTED_EDGE('',*,*,#9259,.F.);
#12091 = ORIENTED_EDGE('',*,*,#9309,.F.);
#12092 = ORIENTED_EDGE('',*,*,#9359,.F.);
#12093 = ORIENTED_EDGE('',*,*,#9411,.F.);
#12094 = ORIENTED_EDGE('',*,*,#9461,.F.);
#12095 = ORIENTED_EDGE('',*,*,#9504,.F.);
#12096 = ORIENTED_EDGE('',*,*,#9480,.F.);
#12097 = ORIENTED_EDGE('',*,*,#9428,.F.);
#12098 = ORIENTED_EDGE('',*,*,#9378,.F.);
#12099 = ORIENTED_EDGE('',*,*,#9328,.F.);
#12100 = FACE_BOUND('',#12101,.T.);
#12101 = EDGE_LOOP('',(#12102,#12112,#12120,#12128,#12136,#12144,#12152,
    #12160,#12168,#12176,#12184,#12192));
#12102 = ORIENTED_EDGE('',*,*,#12103,.F.);
#12103 = EDGE_CURVE('',#12104,#12106,#12108,.T.);
#12104 = VERTEX_POINT('',#12105);
#12105 = CARTESIAN_POINT('',(-3.760176277885,5.819588114942,2.6));
#12106 = VERTEX_POINT('',#12107);
#12107 = CARTESIAN_POINT('',(-3.808509697884,5.604518695775,2.6));
#12108 = B_SPLINE_CURVE_WITH_KNOTS('',2,(#12109,#12110,#12111),
  .UNSPECIFIED.,.F.,.F.,(3,3),(0.,1.),.PIECEWISE_BEZIER_KNOTS.);
#12109 = CARTESIAN_POINT('',(-3.760176277885,5.819588114942,2.6));
#12110 = CARTESIAN_POINT('',(-3.808509697884,5.771540691511,2.6));
#12111 = CARTESIAN_POINT('',(-3.808509697884,5.604518695775,2.6));
#12112 = ORIENTED_EDGE('',*,*,#12113,.F.);
#12113 = EDGE_CURVE('',#12114,#12104,#12116,.T.);
#12114 = VERTEX_POINT('',#12115);
#12115 = CARTESIAN_POINT('',(-3.553686755759,5.867921534941,2.6));
#12116 = B_SPLINE_CURVE_WITH_KNOTS('',2,(#12117,#12118,#12119),
  .UNSPECIFIED.,.F.,.F.,(3,3),(0.,1.),.PIECEWISE_BEZIER_KNOTS.);
#12117 = CARTESIAN_POINT('',(-3.553686755759,5.867921534941,2.6));
#12118 = CARTESIAN_POINT('',(-3.711842857886,5.867921534941,2.6));
#12119 = CARTESIAN_POINT('',(-3.760176277885,5.819588114942,2.6));
#12120 = ORIENTED_EDGE('',*,*,#12121,.F.);
#12121 = EDGE_CURVE('',#12122,#12114,#12124,.T.);
#12122 = VERTEX_POINT('',#12123);
#12123 = CARTESIAN_POINT('',(0.153972752327,5.867921534941,2.6));
#12124 = LINE('',#12125,#12126);
#12125 = CARTESIAN_POINT('',(0.153972752327,5.867921534941,2.6));
#12126 = VECTOR('',#12127,1.);
#12127 = DIRECTION('',(-1.,0.,0.));
#12128 = ORIENTED_EDGE('',*,*,#12129,.F.);
#12129 = EDGE_CURVE('',#12130,#12122,#12132,.T.);
#12130 = VERTEX_POINT('',#12131);
#12131 = CARTESIAN_POINT('',(0.355886329364,5.819588114942,2.6));
#12132 = B_SPLINE_CURVE_WITH_KNOTS('',2,(#12133,#12134,#12135),
  .UNSPECIFIED.,.F.,.F.,(3,3),(0.,1.),.PIECEWISE_BEZIER_KNOTS.);
#12133 = CARTESIAN_POINT('',(0.355886329364,5.819588114942,2.6));
#12134 = CARTESIAN_POINT('',(0.303262960844,5.867921534941,2.6));
#12135 = CARTESIAN_POINT('',(0.153972752327,5.867921534941,2.6));
#12136 = ORIENTED_EDGE('',*,*,#12137,.F.);
#12137 = EDGE_CURVE('',#12138,#12130,#12140,.T.);
#12138 = VERTEX_POINT('',#12139);
#12139 = CARTESIAN_POINT('',(0.408509697884,5.604518695775,2.6));
#12140 = B_SPLINE_CURVE_WITH_KNOTS('',2,(#12141,#12142,#12143),
  .UNSPECIFIED.,.F.,.F.,(3,3),(0.,1.),.PIECEWISE_BEZIER_KNOTS.);
#12141 = CARTESIAN_POINT('',(0.408509697884,5.604518695775,2.6));
#12142 = CARTESIAN_POINT('',(0.408509697884,5.771540691511,2.6));
#12143 = CARTESIAN_POINT('',(0.355886329364,5.819588114942,2.6));
#12144 = ORIENTED_EDGE('',*,*,#12145,.F.);
#12145 = EDGE_CURVE('',#12146,#12138,#12148,.T.);
#12146 = VERTEX_POINT('',#12147);
#12147 = CARTESIAN_POINT('',(0.408509697884,5.130050389395,2.6));
#12148 = LINE('',#12149,#12150);
#12149 = CARTESIAN_POINT('',(0.408509697884,5.130050389395,2.6));
#12150 = VECTOR('',#12151,1.);
#12151 = DIRECTION('',(0.,1.,0.));
#12152 = ORIENTED_EDGE('',*,*,#12153,.F.);
#12153 = EDGE_CURVE('',#12154,#12146,#12156,.T.);
#12154 = VERTEX_POINT('',#12155);
#12155 = CARTESIAN_POINT('',(0.355886329364,4.92785081579,2.6));
#12156 = B_SPLINE_CURVE_WITH_KNOTS('',2,(#12157,#12158,#12159),
  .UNSPECIFIED.,.F.,.F.,(3,3),(0.,1.),.PIECEWISE_BEZIER_KNOTS.);
#12157 = CARTESIAN_POINT('',(0.355886329364,4.92785081579,2.6));
#12158 = CARTESIAN_POINT('',(0.408509697884,4.980760180877,2.6));
#12159 = CARTESIAN_POINT('',(0.408509697884,5.130050389395,2.6));
#12160 = ORIENTED_EDGE('',*,*,#12161,.F.);
#12161 = EDGE_CURVE('',#12162,#12154,#12164,.T.);
#12162 = VERTEX_POINT('',#12163);
#12163 = CARTESIAN_POINT('',(0.153972752327,4.87522744727,2.6));
#12164 = B_SPLINE_CURVE_WITH_KNOTS('',2,(#12165,#12166,#12167),
  .UNSPECIFIED.,.F.,.F.,(3,3),(0.,1.),.PIECEWISE_BEZIER_KNOTS.);
#12165 = CARTESIAN_POINT('',(0.153972752327,4.87522744727,2.6));
#12166 = CARTESIAN_POINT('',(0.303262960844,4.87522744727,2.6));
#12167 = CARTESIAN_POINT('',(0.355886329364,4.92785081579,2.6));
#12168 = ORIENTED_EDGE('',*,*,#12169,.F.);
#12169 = EDGE_CURVE('',#12170,#12162,#12172,.T.);
#12170 = VERTEX_POINT('',#12171);
#12171 = CARTESIAN_POINT('',(-3.553686755759,4.87522744727,2.6));
#12172 = LINE('',#12173,#12174);
#12173 = CARTESIAN_POINT('',(-3.553686755759,4.87522744727,2.6));
#12174 = VECTOR('',#12175,1.);
#12175 = DIRECTION('',(1.,0.,0.));
#12176 = ORIENTED_EDGE('',*,*,#12177,.F.);
#12177 = EDGE_CURVE('',#12178,#12170,#12180,.T.);
#12178 = VERTEX_POINT('',#12179);
#12179 = CARTESIAN_POINT('',(-3.760176277885,4.92785081579,2.6));
#12180 = B_SPLINE_CURVE_WITH_KNOTS('',2,(#12181,#12182,#12183),
  .UNSPECIFIED.,.F.,.F.,(3,3),(0.,1.),.PIECEWISE_BEZIER_KNOTS.);
#12181 = CARTESIAN_POINT('',(-3.760176277885,4.92785081579,2.6));
#12182 = CARTESIAN_POINT('',(-3.711842857886,4.87522744727,2.6));
#12183 = CARTESIAN_POINT('',(-3.553686755759,4.87522744727,2.6));
#12184 = ORIENTED_EDGE('',*,*,#12185,.F.);
#12185 = EDGE_CURVE('',#12186,#12178,#12188,.T.);
#12186 = VERTEX_POINT('',#12187);
#12187 = CARTESIAN_POINT('',(-3.808509697884,5.130050389395,2.6));
#12188 = B_SPLINE_CURVE_WITH_KNOTS('',2,(#12189,#12190,#12191),
  .UNSPECIFIED.,.F.,.F.,(3,3),(0.,1.),.PIECEWISE_BEZIER_KNOTS.);
#12189 = CARTESIAN_POINT('',(-3.808509697884,5.130050389395,2.6));
#12190 = CARTESIAN_POINT('',(-3.808509697884,4.980760180877,2.6));
#12191 = CARTESIAN_POINT('',(-3.760176277885,4.92785081579,2.6));
#12192 = ORIENTED_EDGE('',*,*,#12193,.F.);
#12193 = EDGE_CURVE('',#12106,#12186,#12194,.T.);
#12194 = LINE('',#12195,#12196);
#12195 = CARTESIAN_POINT('',(-3.808509697884,5.604518695775,2.6));
#12196 = VECTOR('',#12197,1.);
#12197 = DIRECTION('',(0.,-1.,0.));
#12198 = PLANE('',#12199);
#12199 = AXIS2_PLACEMENT_3D('',#12200,#12201,#12202);
#12200 = CARTESIAN_POINT('',(-1.700301860987,4.486429077934,2.6));
#12201 = DIRECTION('',(0.,0.,1.));
#12202 = DIRECTION('',(0.,1.,0.));
#12203 = ADVANCED_FACE('',(#12204,#12218),#12316,.T.);
#12204 = FACE_BOUND('',#12205,.T.);
#12205 = EDGE_LOOP('',(#12206,#12207,#12208,#12209,#12210,#12211,#12212,
    #12213,#12214,#12215,#12216,#12217));
#12206 = ORIENTED_EDGE('',*,*,#9580,.F.);
#12207 = ORIENTED_EDGE('',*,*,#9530,.F.);
#12208 = ORIENTED_EDGE('',*,*,#9563,.F.);
#12209 = ORIENTED_EDGE('',*,*,#9613,.F.);
#12210 = ORIENTED_EDGE('',*,*,#9663,.F.);
#12211 = ORIENTED_EDGE('',*,*,#9715,.F.);
#12212 = ORIENTED_EDGE('',*,*,#9765,.F.);
#12213 = ORIENTED_EDGE('',*,*,#9808,.F.);
#12214 = ORIENTED_EDGE('',*,*,#9784,.F.);
#12215 = ORIENTED_EDGE('',*,*,#9732,.F.);
#12216 = ORIENTED_EDGE('',*,*,#9682,.F.);
#12217 = ORIENTED_EDGE('',*,*,#9632,.F.);
#12218 = FACE_BOUND('',#12219,.T.);
#12219 = EDGE_LOOP('',(#12220,#12230,#12238,#12246,#12254,#12262,#12270,
    #12278,#12286,#12294,#12302,#12310));
#12220 = ORIENTED_EDGE('',*,*,#12221,.F.);
#12221 = EDGE_CURVE('',#12222,#12224,#12226,.T.);
#12222 = VERTEX_POINT('',#12223);
#12223 = CARTESIAN_POINT('',(9.639823722115,6.587202953565,2.6));
#12224 = VERTEX_POINT('',#12225);
#12225 = CARTESIAN_POINT('',(9.591490302116,6.372133534398,2.6));
#12226 = B_SPLINE_CURVE_WITH_KNOTS('',2,(#12227,#12228,#12229),
  .UNSPECIFIED.,.F.,.F.,(3,3),(0.,1.),.PIECEWISE_BEZIER_KNOTS.);
#12227 = CARTESIAN_POINT('',(9.639823722115,6.587202953565,2.6));
#12228 = CARTESIAN_POINT('',(9.591490302116,6.539155530134,2.6));
#12229 = CARTESIAN_POINT('',(9.591490302116,6.372133534398,2.6));
#12230 = ORIENTED_EDGE('',*,*,#12231,.F.);
#12231 = EDGE_CURVE('',#12232,#12222,#12234,.T.);
#12232 = VERTEX_POINT('',#12233);
#12233 = CARTESIAN_POINT('',(9.846313244241,6.635536373564,2.6));
#12234 = B_SPLINE_CURVE_WITH_KNOTS('',2,(#12235,#12236,#12237),
  .UNSPECIFIED.,.F.,.F.,(3,3),(0.,1.),.PIECEWISE_BEZIER_KNOTS.);
#12235 = CARTESIAN_POINT('',(9.846313244241,6.635536373564,2.6));
#12236 = CARTESIAN_POINT('',(9.688157142114,6.635536373564,2.6));
#12237 = CARTESIAN_POINT('',(9.639823722115,6.587202953565,2.6));
#12238 = ORIENTED_EDGE('',*,*,#12239,.F.);
#12239 = EDGE_CURVE('',#12240,#12232,#12242,.T.);
#12240 = VERTEX_POINT('',#12241);
#12241 = CARTESIAN_POINT('',(13.553972752327,6.635536373564,2.6));
#12242 = LINE('',#12243,#12244);
#12243 = CARTESIAN_POINT('',(13.553972752327,6.635536373564,2.6));
#12244 = VECTOR('',#12245,1.);
#12245 = DIRECTION('',(-1.,0.,0.));
#12246 = ORIENTED_EDGE('',*,*,#12247,.F.);
#12247 = EDGE_CURVE('',#12248,#12240,#12250,.T.);
#12248 = VERTEX_POINT('',#12249);
#12249 = CARTESIAN_POINT('',(13.755886329364,6.587202953565,2.6));
#12250 = B_SPLINE_CURVE_WITH_KNOTS('',2,(#12251,#12252,#12253),
  .UNSPECIFIED.,.F.,.F.,(3,3),(0.,1.),.PIECEWISE_BEZIER_KNOTS.);
#12251 = CARTESIAN_POINT('',(13.755886329364,6.587202953565,2.6));
#12252 = CARTESIAN_POINT('',(13.703262960844,6.635536373564,2.6));
#12253 = CARTESIAN_POINT('',(13.553972752327,6.635536373564,2.6));
#12254 = ORIENTED_EDGE('',*,*,#12255,.F.);
#12255 = EDGE_CURVE('',#12256,#12248,#12258,.T.);
#12256 = VERTEX_POINT('',#12257);
#12257 = CARTESIAN_POINT('',(13.808509697884,6.372133534398,2.6));
#12258 = B_SPLINE_CURVE_WITH_KNOTS('',2,(#12259,#12260,#12261),
  .UNSPECIFIED.,.F.,.F.,(3,3),(0.,1.),.PIECEWISE_BEZIER_KNOTS.);
#12259 = CARTESIAN_POINT('',(13.808509697884,6.372133534398,2.6));
#12260 = CARTESIAN_POINT('',(13.808509697884,6.539155530134,2.6));
#12261 = CARTESIAN_POINT('',(13.755886329364,6.587202953565,2.6));
#12262 = ORIENTED_EDGE('',*,*,#12263,.F.);
#12263 = EDGE_CURVE('',#12264,#12256,#12266,.T.);
#12264 = VERTEX_POINT('',#12265);
#12265 = CARTESIAN_POINT('',(13.808509697884,5.897665228017,2.6));
#12266 = LINE('',#12267,#12268);
#12267 = CARTESIAN_POINT('',(13.808509697884,5.897665228017,2.6));
#12268 = VECTOR('',#12269,1.);
#12269 = DIRECTION('',(0.,1.,0.));
#12270 = ORIENTED_EDGE('',*,*,#12271,.F.);
#12271 = EDGE_CURVE('',#12272,#12264,#12274,.T.);
#12272 = VERTEX_POINT('',#12273);
#12273 = CARTESIAN_POINT('',(13.755886329364,5.695465654412,2.6));
#12274 = B_SPLINE_CURVE_WITH_KNOTS('',2,(#12275,#12276,#12277),
  .UNSPECIFIED.,.F.,.F.,(3,3),(0.,1.),.PIECEWISE_BEZIER_KNOTS.);
#12275 = CARTESIAN_POINT('',(13.755886329364,5.695465654412,2.6));
#12276 = CARTESIAN_POINT('',(13.808509697884,5.7483750195,2.6));
#12277 = CARTESIAN_POINT('',(13.808509697884,5.897665228017,2.6));
#12278 = ORIENTED_EDGE('',*,*,#12279,.F.);
#12279 = EDGE_CURVE('',#12280,#12272,#12282,.T.);
#12280 = VERTEX_POINT('',#12281);
#12281 = CARTESIAN_POINT('',(13.553972752327,5.642842285893,2.6));
#12282 = B_SPLINE_CURVE_WITH_KNOTS('',2,(#12283,#12284,#12285),
  .UNSPECIFIED.,.F.,.F.,(3,3),(0.,1.),.PIECEWISE_BEZIER_KNOTS.);
#12283 = CARTESIAN_POINT('',(13.553972752327,5.642842285893,2.6));
#12284 = CARTESIAN_POINT('',(13.703262960844,5.642842285893,2.6));
#12285 = CARTESIAN_POINT('',(13.755886329364,5.695465654412,2.6));
#12286 = ORIENTED_EDGE('',*,*,#12287,.F.);
#12287 = EDGE_CURVE('',#12288,#12280,#12290,.T.);
#12288 = VERTEX_POINT('',#12289);
#12289 = CARTESIAN_POINT('',(9.846313244241,5.642842285893,2.6));
#12290 = LINE('',#12291,#12292);
#12291 = CARTESIAN_POINT('',(9.846313244241,5.642842285893,2.6));
#12292 = VECTOR('',#12293,1.);
#12293 = DIRECTION('',(1.,0.,0.));
#12294 = ORIENTED_EDGE('',*,*,#12295,.F.);
#12295 = EDGE_CURVE('',#12296,#12288,#12298,.T.);
#12296 = VERTEX_POINT('',#12297);
#12297 = CARTESIAN_POINT('',(9.639823722115,5.695465654412,2.6));
#12298 = B_SPLINE_CURVE_WITH_KNOTS('',2,(#12299,#12300,#12301),
  .UNSPECIFIED.,.F.,.F.,(3,3),(0.,1.),.PIECEWISE_BEZIER_KNOTS.);
#12299 = CARTESIAN_POINT('',(9.639823722115,5.695465654412,2.6));
#12300 = CARTESIAN_POINT('',(9.688157142114,5.642842285893,2.6));
#12301 = CARTESIAN_POINT('',(9.846313244241,5.642842285893,2.6));
#12302 = ORIENTED_EDGE('',*,*,#12303,.F.);
#12303 = EDGE_CURVE('',#12304,#12296,#12306,.T.);
#12304 = VERTEX_POINT('',#12305);
#12305 = CARTESIAN_POINT('',(9.591490302116,5.897665228017,2.6));
#12306 = B_SPLINE_CURVE_WITH_KNOTS('',2,(#12307,#12308,#12309),
  .UNSPECIFIED.,.F.,.F.,(3,3),(0.,1.),.PIECEWISE_BEZIER_KNOTS.);
#12307 = CARTESIAN_POINT('',(9.591490302116,5.897665228017,2.6));
#12308 = CARTESIAN_POINT('',(9.591490302116,5.7483750195,2.6));
#12309 = CARTESIAN_POINT('',(9.639823722115,5.695465654412,2.6));
#12310 = ORIENTED_EDGE('',*,*,#12311,.F.);
#12311 = EDGE_CURVE('',#12224,#12304,#12312,.T.);
#12312 = LINE('',#12313,#12314);
#12313 = CARTESIAN_POINT('',(9.591490302116,6.372133534398,2.6));
#12314 = VECTOR('',#12315,1.);
#12315 = DIRECTION('',(0.,-1.,0.));
#12316 = PLANE('',#12317);
#12317 = AXIS2_PLACEMENT_3D('',#12318,#12319,#12320);
#12318 = CARTESIAN_POINT('',(11.697836318164,4.534515172718,2.6));
#12319 = DIRECTION('',(0.,0.,1.));
#12320 = DIRECTION('',(0.,1.,0.));
#12321 = ADVANCED_FACE('',(#12322),#12355,.T.);
#12322 = FACE_BOUND('',#12323,.T.);
#12323 = EDGE_LOOP('',(#12324,#12325,#12326,#12327,#12328,#12329,#12330,
    #12331,#12332,#12333,#12334,#12335,#12336,#12337,#12338,#12339,
    #12340,#12341,#12342,#12343,#12344,#12345,#12346,#12347,#12348,
    #12349,#12350,#12351,#12352,#12353,#12354));
#12324 = ORIENTED_EDGE('',*,*,#9865,.F.);
#12325 = ORIENTED_EDGE('',*,*,#9913,.F.);
#12326 = ORIENTED_EDGE('',*,*,#9961,.F.);
#12327 = ORIENTED_EDGE('',*,*,#10013,.F.);
#12328 = ORIENTED_EDGE('',*,*,#10065,.F.);
#12329 = ORIENTED_EDGE('',*,*,#10113,.F.);
#12330 = ORIENTED_EDGE('',*,*,#10165,.F.);
#12331 = ORIENTED_EDGE('',*,*,#10217,.F.);
#12332 = ORIENTED_EDGE('',*,*,#10267,.F.);
#12333 = ORIENTED_EDGE('',*,*,#10317,.F.);
#12334 = ORIENTED_EDGE('',*,*,#10365,.F.);
#12335 = ORIENTED_EDGE('',*,*,#10417,.F.);
#12336 = ORIENTED_EDGE('',*,*,#10469,.F.);
#12337 = ORIENTED_EDGE('',*,*,#10517,.F.);
#12338 = ORIENTED_EDGE('',*,*,#10567,.F.);
#12339 = ORIENTED_EDGE('',*,*,#10586,.F.);
#12340 = ORIENTED_EDGE('',*,*,#10536,.F.);
#12341 = ORIENTED_EDGE('',*,*,#10486,.F.);
#12342 = ORIENTED_EDGE('',*,*,#10436,.F.);
#12343 = ORIENTED_EDGE('',*,*,#10384,.F.);
#12344 = ORIENTED_EDGE('',*,*,#10334,.F.);
#12345 = ORIENTED_EDGE('',*,*,#10284,.F.);
#12346 = ORIENTED_EDGE('',*,*,#10234,.F.);
#12347 = ORIENTED_EDGE('',*,*,#10184,.F.);
#12348 = ORIENTED_EDGE('',*,*,#10132,.F.);
#12349 = ORIENTED_EDGE('',*,*,#10082,.F.);
#12350 = ORIENTED_EDGE('',*,*,#10032,.F.);
#12351 = ORIENTED_EDGE('',*,*,#9980,.F.);
#12352 = ORIENTED_EDGE('',*,*,#9930,.F.);
#12353 = ORIENTED_EDGE('',*,*,#9882,.F.);
#12354 = ORIENTED_EDGE('',*,*,#9834,.F.);
#12355 = PLANE('',#12356);
#12356 = AXIS2_PLACEMENT_3D('',#12357,#12358,#12359);
#12357 = CARTESIAN_POINT('',(17.953720729383,-3.643214317772E-02,2.6));
#12358 = DIRECTION('',(0.,0.,1.));
#12359 = DIRECTION('',(0.,1.,0.));
#12360 = ADVANCED_FACE('',(#12361,#12387),#12469,.T.);
#12361 = FACE_BOUND('',#12362,.T.);
#12362 = EDGE_LOOP('',(#12363,#12364,#12365,#12366,#12367,#12368,#12369,
    #12370,#12371,#12372,#12373,#12374,#12375,#12376,#12377,#12378,
    #12379,#12380,#12381,#12382,#12383,#12384,#12385,#12386));
#12363 = ORIENTED_EDGE('',*,*,#11097,.F.);
#12364 = ORIENTED_EDGE('',*,*,#11121,.F.);
#12365 = ORIENTED_EDGE('',*,*,#11145,.F.);
#12366 = ORIENTED_EDGE('',*,*,#11169,.F.);
#12367 = ORIENTED_EDGE('',*,*,#11188,.F.);
#12368 = ORIENTED_EDGE('',*,*,#10610,.F.);
#12369 = ORIENTED_EDGE('',*,*,#10641,.F.);
#12370 = ORIENTED_EDGE('',*,*,#10667,.F.);
#12371 = ORIENTED_EDGE('',*,*,#10693,.F.);
#12372 = ORIENTED_EDGE('',*,*,#10717,.F.);
#12373 = ORIENTED_EDGE('',*,*,#10743,.F.);
#12374 = ORIENTED_EDGE('',*,*,#10769,.F.);
#12375 = ORIENTED_EDGE('',*,*,#10793,.F.);
#12376 = ORIENTED_EDGE('',*,*,#10819,.F.);
#12377 = ORIENTED_EDGE('',*,*,#10845,.F.);
#12378 = ORIENTED_EDGE('',*,*,#10869,.F.);
#12379 = ORIENTED_EDGE('',*,*,#10895,.F.);
#12380 = ORIENTED_EDGE('',*,*,#10921,.F.);
#12381 = ORIENTED_EDGE('',*,*,#10945,.F.);
#12382 = ORIENTED_EDGE('',*,*,#10969,.F.);
#12383 = ORIENTED_EDGE('',*,*,#10995,.F.);
#12384 = ORIENTED_EDGE('',*,*,#11021,.F.);
#12385 = ORIENTED_EDGE('',*,*,#11045,.F.);
#12386 = ORIENTED_EDGE('',*,*,#11071,.F.);
#12387 = FACE_BOUND('',#12388,.T.);
#12388 = EDGE_LOOP('',(#12389,#12399,#12407,#12415,#12423,#12431,#12439,
    #12447,#12455,#12463));
#12389 = ORIENTED_EDGE('',*,*,#12390,.F.);
#12390 = EDGE_CURVE('',#12391,#12393,#12395,.T.);
#12391 = VERTEX_POINT('',#12392);
#12392 = CARTESIAN_POINT('',(41.853972752327,3.308395299256,2.6));
#12393 = VERTEX_POINT('',#12394);
#12394 = CARTESIAN_POINT('',(40.474611304664,3.308395299256,2.6));
#12395 = LINE('',#12396,#12397);
#12396 = CARTESIAN_POINT('',(41.853972752327,3.308395299256,2.6));
#12397 = VECTOR('',#12398,1.);
#12398 = DIRECTION('',(-1.,0.,0.));
#12399 = ORIENTED_EDGE('',*,*,#12400,.F.);
#12400 = EDGE_CURVE('',#12401,#12391,#12403,.T.);
#12401 = VERTEX_POINT('',#12402);
#12402 = CARTESIAN_POINT('',(42.055886329364,3.260061879257,2.6));
#12403 = B_SPLINE_CURVE_WITH_KNOTS('',2,(#12404,#12405,#12406),
  .UNSPECIFIED.,.F.,.F.,(3,3),(0.,1.),.PIECEWISE_BEZIER_KNOTS.);
#12404 = CARTESIAN_POINT('',(42.055886329364,3.260061879257,2.6));
#12405 = CARTESIAN_POINT('',(42.003262960844,3.308395299256,2.6));
#12406 = CARTESIAN_POINT('',(41.853972752327,3.308395299256,2.6));
#12407 = ORIENTED_EDGE('',*,*,#12408,.F.);
#12408 = EDGE_CURVE('',#12409,#12401,#12411,.T.);
#12409 = VERTEX_POINT('',#12410);
#12410 = CARTESIAN_POINT('',(42.108509697884,3.044706463522,2.6));
#12411 = B_SPLINE_CURVE_WITH_KNOTS('',2,(#12412,#12413,#12414),
  .UNSPECIFIED.,.F.,.F.,(3,3),(0.,1.),.PIECEWISE_BEZIER_KNOTS.);
#12412 = CARTESIAN_POINT('',(42.108509697884,3.044706463522,2.6));
#12413 = CARTESIAN_POINT('',(42.108509697884,3.211728459258,2.6));
#12414 = CARTESIAN_POINT('',(42.055886329364,3.260061879257,2.6));
#12415 = ORIENTED_EDGE('',*,*,#12416,.F.);
#12416 = EDGE_CURVE('',#12417,#12409,#12419,.T.);
#12417 = VERTEX_POINT('',#12418);
#12418 = CARTESIAN_POINT('',(42.108509697884,2.579104050751,2.6));
#12419 = LINE('',#12420,#12421);
#12420 = CARTESIAN_POINT('',(42.108509697884,2.772437730747,2.6));
#12421 = VECTOR('',#12422,1.);
#12422 = DIRECTION('',(2.2E-16,1.,0.));
#12423 = ORIENTED_EDGE('',*,*,#12424,.F.);
#12424 = EDGE_CURVE('',#12425,#12417,#12427,.T.);
#12425 = VERTEX_POINT('',#12426);
#12426 = CARTESIAN_POINT('',(42.055886329364,2.376904477146,2.6));
#12427 = B_SPLINE_CURVE_WITH_KNOTS('',2,(#12428,#12429,#12430),
  .UNSPECIFIED.,.F.,.F.,(3,3),(0.,1.),.PIECEWISE_BEZIER_KNOTS.);
#12428 = CARTESIAN_POINT('',(42.055886329364,2.376904477146,2.6));
#12429 = CARTESIAN_POINT('',(42.108509697884,2.429813842234,2.6));
#12430 = CARTESIAN_POINT('',(42.108509697884,2.579104050751,2.6));
#12431 = ORIENTED_EDGE('',*,*,#12432,.F.);
#12432 = EDGE_CURVE('',#12433,#12425,#12435,.T.);
#12433 = VERTEX_POINT('',#12434);
#12434 = CARTESIAN_POINT('',(41.853972752327,2.324281108627,2.6));
#12435 = B_SPLINE_CURVE_WITH_KNOTS('',2,(#12436,#12437,#12438),
  .UNSPECIFIED.,.F.,.F.,(3,3),(0.,1.),.PIECEWISE_BEZIER_KNOTS.);
#12436 = CARTESIAN_POINT('',(41.853972752327,2.324281108627,2.6));
#12437 = CARTESIAN_POINT('',(42.003262960844,2.324281108627,2.6));
#12438 = CARTESIAN_POINT('',(42.055886329364,2.376904477146,2.6));
#12439 = ORIENTED_EDGE('',*,*,#12440,.F.);
#12440 = EDGE_CURVE('',#12441,#12433,#12443,.T.);
#12441 = VERTEX_POINT('',#12442);
#12442 = CARTESIAN_POINT('',(40.21978836254,2.324281108627,2.6));
#12443 = LINE('',#12444,#12445);
#12444 = CARTESIAN_POINT('',(38.146313244241,2.324281108627,2.6));
#12445 = VECTOR('',#12446,1.);
#12446 = DIRECTION('',(1.,0.,0.));
#12447 = ORIENTED_EDGE('',*,*,#12448,.F.);
#12448 = EDGE_CURVE('',#12449,#12441,#12451,.T.);
#12449 = VERTEX_POINT('',#12450);
#12450 = CARTESIAN_POINT('',(40.21978836254,3.044706463522,2.6));
#12451 = LINE('',#12452,#12453);
#12452 = CARTESIAN_POINT('',(40.21978836254,3.044706463522,2.6));
#12453 = VECTOR('',#12454,1.);
#12454 = DIRECTION('',(0.,-1.,0.));
#12455 = ORIENTED_EDGE('',*,*,#12456,.F.);
#12456 = EDGE_CURVE('',#12457,#12449,#12459,.T.);
#12457 = VERTEX_POINT('',#12458);
#12458 = CARTESIAN_POINT('',(40.268121782539,3.260061879257,2.6));
#12459 = B_SPLINE_CURVE_WITH_KNOTS('',2,(#12460,#12461,#12462),
  .UNSPECIFIED.,.F.,.F.,(3,3),(0.,1.),.PIECEWISE_BEZIER_KNOTS.);
#12460 = CARTESIAN_POINT('',(40.268121782539,3.260061879257,2.6));
#12461 = CARTESIAN_POINT('',(40.21978836254,3.211728459258,2.6));
#12462 = CARTESIAN_POINT('',(40.21978836254,3.044706463522,2.6));
#12463 = ORIENTED_EDGE('',*,*,#12464,.F.);
#12464 = EDGE_CURVE('',#12393,#12457,#12465,.T.);
#12465 = B_SPLINE_CURVE_WITH_KNOTS('',2,(#12466,#12467,#12468),
  .UNSPECIFIED.,.F.,.F.,(3,3),(0.,1.),.PIECEWISE_BEZIER_KNOTS.);
#12466 = CARTESIAN_POINT('',(40.474611304664,3.308395299256,2.6));
#12467 = CARTESIAN_POINT('',(40.316455202538,3.308395299256,2.6));
#12468 = CARTESIAN_POINT('',(40.268121782539,3.260061879257,2.6));
#12469 = PLANE('',#12470);
#12470 = AXIS2_PLACEMENT_3D('',#12471,#12472,#12473);
#12471 = CARTESIAN_POINT('',(39.998714158948,4.471673248668,2.6));
#12472 = DIRECTION('',(0.,0.,1.));
#12473 = DIRECTION('',(0.,1.,0.));
#12474 = ADVANCED_FACE('',(#12475,#12489),#12587,.T.);
#12475 = FACE_BOUND('',#12476,.T.);
#12476 = EDGE_LOOP('',(#12477,#12478,#12479,#12480,#12481,#12482,#12483,
    #12484,#12485,#12486,#12487,#12488));
#12477 = ORIENTED_EDGE('',*,*,#11492,.F.);
#12478 = ORIENTED_EDGE('',*,*,#11214,.F.);
#12479 = ORIENTED_EDGE('',*,*,#11247,.F.);
#12480 = ORIENTED_EDGE('',*,*,#11271,.F.);
#12481 = ORIENTED_EDGE('',*,*,#11297,.F.);
#12482 = ORIENTED_EDGE('',*,*,#11323,.F.);
#12483 = ORIENTED_EDGE('',*,*,#11347,.F.);
#12484 = ORIENTED_EDGE('',*,*,#11373,.F.);
#12485 = ORIENTED_EDGE('',*,*,#11399,.F.);
#12486 = ORIENTED_EDGE('',*,*,#11423,.F.);
#12487 = ORIENTED_EDGE('',*,*,#11449,.F.);
#12488 = ORIENTED_EDGE('',*,*,#11475,.F.);
#12489 = FACE_BOUND('',#12490,.T.);
#12490 = EDGE_LOOP('',(#12491,#12501,#12509,#12517,#12525,#12533,#12541,
    #12549,#12557,#12565,#12573,#12581));
#12491 = ORIENTED_EDGE('',*,*,#12492,.F.);
#12492 = EDGE_CURVE('',#12493,#12495,#12497,.T.);
#12493 = VERTEX_POINT('',#12494);
#12494 = CARTESIAN_POINT('',(37.939823722115,6.627099474806,2.6));
#12495 = VERTEX_POINT('',#12496);
#12496 = CARTESIAN_POINT('',(37.891490302116,6.412030055639,2.6));
#12497 = B_SPLINE_CURVE_WITH_KNOTS('',2,(#12498,#12499,#12500),
  .UNSPECIFIED.,.F.,.F.,(3,3),(0.,1.),.PIECEWISE_BEZIER_KNOTS.);
#12498 = CARTESIAN_POINT('',(37.939823722115,6.627099474806,2.6));
#12499 = CARTESIAN_POINT('',(37.891490302116,6.579052051375,2.6));
#12500 = CARTESIAN_POINT('',(37.891490302116,6.412030055639,2.6));
#12501 = ORIENTED_EDGE('',*,*,#12502,.F.);
#12502 = EDGE_CURVE('',#12503,#12493,#12505,.T.);
#12503 = VERTEX_POINT('',#12504);
#12504 = CARTESIAN_POINT('',(38.146313244241,6.675432894805,2.6));
#12505 = B_SPLINE_CURVE_WITH_KNOTS('',2,(#12506,#12507,#12508),
  .UNSPECIFIED.,.F.,.F.,(3,3),(0.,1.),.PIECEWISE_BEZIER_KNOTS.);
#12506 = CARTESIAN_POINT('',(38.146313244241,6.675432894805,2.6));
#12507 = CARTESIAN_POINT('',(37.988157142114,6.675432894805,2.6));
#12508 = CARTESIAN_POINT('',(37.939823722115,6.627099474806,2.6));
#12509 = ORIENTED_EDGE('',*,*,#12510,.F.);
#12510 = EDGE_CURVE('',#12511,#12503,#12513,.T.);
#12511 = VERTEX_POINT('',#12512);
#12512 = CARTESIAN_POINT('',(41.853972752327,6.675432894805,2.6));
#12513 = LINE('',#12514,#12515);
#12514 = CARTESIAN_POINT('',(41.853972752327,6.675432894805,2.6));
#12515 = VECTOR('',#12516,1.);
#12516 = DIRECTION('',(-1.,0.,0.));
#12517 = ORIENTED_EDGE('',*,*,#12518,.F.);
#12518 = EDGE_CURVE('',#12519,#12511,#12521,.T.);
#12519 = VERTEX_POINT('',#12520);
#12520 = CARTESIAN_POINT('',(42.055886329364,6.627099474806,2.6));
#12521 = B_SPLINE_CURVE_WITH_KNOTS('',2,(#12522,#12523,#12524),
  .UNSPECIFIED.,.F.,.F.,(3,3),(0.,1.),.PIECEWISE_BEZIER_KNOTS.);
#12522 = CARTESIAN_POINT('',(42.055886329364,6.627099474806,2.6));
#12523 = CARTESIAN_POINT('',(42.003262960844,6.675432894805,2.6));
#12524 = CARTESIAN_POINT('',(41.853972752327,6.675432894805,2.6));
#12525 = ORIENTED_EDGE('',*,*,#12526,.F.);
#12526 = EDGE_CURVE('',#12527,#12519,#12529,.T.);
#12527 = VERTEX_POINT('',#12528);
#12528 = CARTESIAN_POINT('',(42.108509697884,6.412030055639,2.6));
#12529 = B_SPLINE_CURVE_WITH_KNOTS('',2,(#12530,#12531,#12532),
  .UNSPECIFIED.,.F.,.F.,(3,3),(0.,1.),.PIECEWISE_BEZIER_KNOTS.);
#12530 = CARTESIAN_POINT('',(42.108509697884,6.412030055639,2.6));
#12531 = CARTESIAN_POINT('',(42.108509697884,6.579052051375,2.6));
#12532 = CARTESIAN_POINT('',(42.055886329364,6.627099474806,2.6));
#12533 = ORIENTED_EDGE('',*,*,#12534,.F.);
#12534 = EDGE_CURVE('',#12535,#12527,#12537,.T.);
#12535 = VERTEX_POINT('',#12536);
#12536 = CARTESIAN_POINT('',(42.108509697884,5.937561749259,2.6));
#12537 = LINE('',#12538,#12539);
#12538 = CARTESIAN_POINT('',(42.108509697884,5.937561749259,2.6));
#12539 = VECTOR('',#12540,1.);
#12540 = DIRECTION('',(0.,1.,0.));
#12541 = ORIENTED_EDGE('',*,*,#12542,.F.);
#12542 = EDGE_CURVE('',#12543,#12535,#12545,.T.);
#12543 = VERTEX_POINT('',#12544);
#12544 = CARTESIAN_POINT('',(42.055886329364,5.735362175654,2.6));
#12545 = B_SPLINE_CURVE_WITH_KNOTS('',2,(#12546,#12547,#12548),
  .UNSPECIFIED.,.F.,.F.,(3,3),(0.,1.),.PIECEWISE_BEZIER_KNOTS.);
#12546 = CARTESIAN_POINT('',(42.055886329364,5.735362175654,2.6));
#12547 = CARTESIAN_POINT('',(42.108509697884,5.788271540742,2.6));
#12548 = CARTESIAN_POINT('',(42.108509697884,5.937561749259,2.6));
#12549 = ORIENTED_EDGE('',*,*,#12550,.F.);
#12550 = EDGE_CURVE('',#12551,#12543,#12553,.T.);
#12551 = VERTEX_POINT('',#12552);
#12552 = CARTESIAN_POINT('',(41.853972752327,5.682738807134,2.6));
#12553 = B_SPLINE_CURVE_WITH_KNOTS('',2,(#12554,#12555,#12556),
  .UNSPECIFIED.,.F.,.F.,(3,3),(0.,1.),.PIECEWISE_BEZIER_KNOTS.);
#12554 = CARTESIAN_POINT('',(41.853972752327,5.682738807134,2.6));
#12555 = CARTESIAN_POINT('',(42.003262960844,5.682738807134,2.6));
#12556 = CARTESIAN_POINT('',(42.055886329364,5.735362175654,2.6));
#12557 = ORIENTED_EDGE('',*,*,#12558,.F.);
#12558 = EDGE_CURVE('',#12559,#12551,#12561,.T.);
#12559 = VERTEX_POINT('',#12560);
#12560 = CARTESIAN_POINT('',(38.146313244241,5.682738807134,2.6));
#12561 = LINE('',#12562,#12563);
#12562 = CARTESIAN_POINT('',(38.146313244241,5.682738807134,2.6));
#12563 = VECTOR('',#12564,1.);
#12564 = DIRECTION('',(1.,0.,0.));
#12565 = ORIENTED_EDGE('',*,*,#12566,.F.);
#12566 = EDGE_CURVE('',#12567,#12559,#12569,.T.);
#12567 = VERTEX_POINT('',#12568);
#12568 = CARTESIAN_POINT('',(37.939823722115,5.735362175654,2.6));
#12569 = B_SPLINE_CURVE_WITH_KNOTS('',2,(#12570,#12571,#12572),
  .UNSPECIFIED.,.F.,.F.,(3,3),(0.,1.),.PIECEWISE_BEZIER_KNOTS.);
#12570 = CARTESIAN_POINT('',(37.939823722115,5.735362175654,2.6));
#12571 = CARTESIAN_POINT('',(37.988157142114,5.682738807134,2.6));
#12572 = CARTESIAN_POINT('',(38.146313244241,5.682738807134,2.6));
#12573 = ORIENTED_EDGE('',*,*,#12574,.F.);
#12574 = EDGE_CURVE('',#12575,#12567,#12577,.T.);
#12575 = VERTEX_POINT('',#12576);
#12576 = CARTESIAN_POINT('',(37.891490302116,5.937561749259,2.6));
#12577 = B_SPLINE_CURVE_WITH_KNOTS('',2,(#12578,#12579,#12580),
  .UNSPECIFIED.,.F.,.F.,(3,3),(0.,1.),.PIECEWISE_BEZIER_KNOTS.);
#12578 = CARTESIAN_POINT('',(37.891490302116,5.937561749259,2.6));
#12579 = CARTESIAN_POINT('',(37.891490302116,5.788271540742,2.6));
#12580 = CARTESIAN_POINT('',(37.939823722115,5.735362175654,2.6));
#12581 = ORIENTED_EDGE('',*,*,#12582,.F.);
#12582 = EDGE_CURVE('',#12495,#12575,#12583,.T.);
#12583 = LINE('',#12584,#12585);
#12584 = CARTESIAN_POINT('',(37.891490302116,6.412030055639,2.6));
#12585 = VECTOR('',#12586,1.);
#12586 = DIRECTION('',(0.,-1.,0.));
#12587 = PLANE('',#12588);
#12588 = AXIS2_PLACEMENT_3D('',#12589,#12590,#12591);
#12589 = CARTESIAN_POINT('',(39.998714158948,4.471673248668,2.6));
#12590 = DIRECTION('',(0.,0.,1.));
#12591 = DIRECTION('',(0.,1.,0.));
#12592 = ADVANCED_FACE('',(#12593),#12618,.T.);
#12593 = FACE_BOUND('',#12594,.T.);
#12594 = EDGE_LOOP('',(#12595,#12603,#12604,#12612));
#12595 = ORIENTED_EDGE('',*,*,#12596,.T.);
#12596 = EDGE_CURVE('',#12597,#11535,#12599,.T.);
#12597 = VERTEX_POINT('',#12598);
#12598 = CARTESIAN_POINT('',(-9.763899433207,-5.01393583277,2.));
#12599 = LINE('',#12600,#12601);
#12600 = CARTESIAN_POINT('',(-9.763899433207,-5.01393583277,2.));
#12601 = VECTOR('',#12602,1.);
#12602 = DIRECTION('',(0.,0.,1.));
#12603 = ORIENTED_EDGE('',*,*,#11534,.T.);
#12604 = ORIENTED_EDGE('',*,*,#12605,.F.);
#12605 = EDGE_CURVE('',#12606,#11537,#12608,.T.);
#12606 = VERTEX_POINT('',#12607);
#12607 = CARTESIAN_POINT('',(-8.446027247673,-5.01393583277,2.));
#12608 = LINE('',#12609,#12610);
#12609 = CARTESIAN_POINT('',(-8.446027247673,-5.01393583277,2.));
#12610 = VECTOR('',#12611,1.);
#12611 = DIRECTION('',(0.,0.,1.));
#12612 = ORIENTED_EDGE('',*,*,#12613,.F.);
#12613 = EDGE_CURVE('',#12597,#12606,#12614,.T.);
#12614 = LINE('',#12615,#12616);
#12615 = CARTESIAN_POINT('',(-9.763899433207,-5.01393583277,2.));
#12616 = VECTOR('',#12617,1.);
#12617 = DIRECTION('',(1.,0.,0.));
#12618 = PLANE('',#12619);
#12619 = AXIS2_PLACEMENT_3D('',#12620,#12621,#12622);
#12620 = CARTESIAN_POINT('',(-9.763899433207,-5.01393583277,2.));
#12621 = DIRECTION('',(2.2E-16,1.,0.));
#12622 = DIRECTION('',(1.,-2.2E-16,0.));
#12623 = ADVANCED_FACE('',(#12624),#12642,.T.);
#12624 = FACE_BOUND('',#12625,.T.);
#12625 = EDGE_LOOP('',(#12626,#12627,#12628,#12636));
#12626 = ORIENTED_EDGE('',*,*,#12605,.T.);
#12627 = ORIENTED_EDGE('',*,*,#11624,.T.);
#12628 = ORIENTED_EDGE('',*,*,#12629,.F.);
#12629 = EDGE_CURVE('',#12630,#11617,#12632,.T.);
#12630 = VERTEX_POINT('',#12631);
#12631 = CARTESIAN_POINT('',(-8.235247777027,-4.96131246425,2.));
#12632 = LINE('',#12633,#12634);
#12633 = CARTESIAN_POINT('',(-8.235247777027,-4.96131246425,2.));
#12634 = VECTOR('',#12635,1.);
#12635 = DIRECTION('',(0.,0.,1.));
#12636 = ORIENTED_EDGE('',*,*,#12637,.F.);
#12637 = EDGE_CURVE('',#12606,#12630,#12638,.T.);
#12638 = B_SPLINE_CURVE_WITH_KNOTS('',2,(#12639,#12640,#12641),
  .UNSPECIFIED.,.F.,.F.,(3,3),(0.,1.),.PIECEWISE_BEZIER_KNOTS.);
#12639 = CARTESIAN_POINT('',(-8.446027247673,-5.01393583277,2.));
#12640 = CARTESIAN_POINT('',(-8.287871145546,-5.01393583277,2.));
#12641 = CARTESIAN_POINT('',(-8.235247777027,-4.96131246425,2.));
#12642 = SURFACE_OF_LINEAR_EXTRUSION('',#12643,#12647);
#12643 = B_SPLINE_CURVE_WITH_KNOTS('',2,(#12644,#12645,#12646),
  .UNSPECIFIED.,.F.,.F.,(3,3),(0.,1.),.PIECEWISE_BEZIER_KNOTS.);
#12644 = CARTESIAN_POINT('',(-8.446027247673,-5.01393583277,2.));
#12645 = CARTESIAN_POINT('',(-8.287871145546,-5.01393583277,2.));
#12646 = CARTESIAN_POINT('',(-8.235247777027,-4.96131246425,2.));
#12647 = VECTOR('',#12648,1.);
#12648 = DIRECTION('',(-0.,-0.,-1.));
#12649 = ADVANCED_FACE('',(#12650),#12668,.T.);
#12650 = FACE_BOUND('',#12651,.T.);
#12651 = EDGE_LOOP('',(#12652,#12653,#12654,#12662));
#12652 = ORIENTED_EDGE('',*,*,#12629,.T.);
#12653 = ORIENTED_EDGE('',*,*,#11616,.T.);
#12654 = ORIENTED_EDGE('',*,*,#12655,.F.);
#12655 = EDGE_CURVE('',#12656,#11609,#12658,.T.);
#12656 = VERTEX_POINT('',#12657);
#12657 = CARTESIAN_POINT('',(-8.182624408507,-4.759112890645,2.));
#12658 = LINE('',#12659,#12660);
#12659 = CARTESIAN_POINT('',(-8.182624408507,-4.759112890645,2.));
#12660 = VECTOR('',#12661,1.);
#12661 = DIRECTION('',(0.,0.,1.));
#12662 = ORIENTED_EDGE('',*,*,#12663,.F.);
#12663 = EDGE_CURVE('',#12630,#12656,#12664,.T.);
#12664 = B_SPLINE_CURVE_WITH_KNOTS('',2,(#12665,#12666,#12667),
  .UNSPECIFIED.,.F.,.F.,(3,3),(0.,1.),.PIECEWISE_BEZIER_KNOTS.);
#12665 = CARTESIAN_POINT('',(-8.235247777027,-4.96131246425,2.));
#12666 = CARTESIAN_POINT('',(-8.182624408507,-4.908403099163,2.));
#12667 = CARTESIAN_POINT('',(-8.182624408507,-4.759112890645,2.));
#12668 = SURFACE_OF_LINEAR_EXTRUSION('',#12669,#12673);
#12669 = B_SPLINE_CURVE_WITH_KNOTS('',2,(#12670,#12671,#12672),
  .UNSPECIFIED.,.F.,.F.,(3,3),(0.,1.),.PIECEWISE_BEZIER_KNOTS.);
#12670 = CARTESIAN_POINT('',(-8.235247777027,-4.96131246425,2.));
#12671 = CARTESIAN_POINT('',(-8.182624408507,-4.908403099163,2.));
#12672 = CARTESIAN_POINT('',(-8.182624408507,-4.759112890645,2.));
#12673 = VECTOR('',#12674,1.);
#12674 = DIRECTION('',(-0.,-0.,-1.));
#12675 = ADVANCED_FACE('',(#12676),#12694,.T.);
#12676 = FACE_BOUND('',#12677,.T.);
#12677 = EDGE_LOOP('',(#12678,#12679,#12680,#12688));
#12678 = ORIENTED_EDGE('',*,*,#12655,.T.);
#12679 = ORIENTED_EDGE('',*,*,#11608,.T.);
#12680 = ORIENTED_EDGE('',*,*,#12681,.F.);
#12681 = EDGE_CURVE('',#12682,#11601,#12684,.T.);
#12682 = VERTEX_POINT('',#12683);
#12683 = CARTESIAN_POINT('',(-8.182624408507,-4.240887109355,2.));
#12684 = LINE('',#12685,#12686);
#12685 = CARTESIAN_POINT('',(-8.182624408507,-4.240887109355,2.));
#12686 = VECTOR('',#12687,1.);
#12687 = DIRECTION('',(0.,0.,1.));
#12688 = ORIENTED_EDGE('',*,*,#12689,.F.);
#12689 = EDGE_CURVE('',#12656,#12682,#12690,.T.);
#12690 = LINE('',#12691,#12692);
#12691 = CARTESIAN_POINT('',(-8.182624408507,-4.759112890645,2.));
#12692 = VECTOR('',#12693,1.);
#12693 = DIRECTION('',(2.2E-16,1.,0.));
#12694 = PLANE('',#12695);
#12695 = AXIS2_PLACEMENT_3D('',#12696,#12697,#12698);
#12696 = CARTESIAN_POINT('',(-8.182624408507,-4.5,2.3));
#12697 = DIRECTION('',(-1.,-0.,-0.));
#12698 = DIRECTION('',(0.,0.,-1.));
#12699 = ADVANCED_FACE('',(#12700),#12718,.T.);
#12700 = FACE_BOUND('',#12701,.T.);
#12701 = EDGE_LOOP('',(#12702,#12703,#12704,#12712));
#12702 = ORIENTED_EDGE('',*,*,#12681,.T.);
#12703 = ORIENTED_EDGE('',*,*,#11600,.T.);
#12704 = ORIENTED_EDGE('',*,*,#12705,.F.);
#12705 = EDGE_CURVE('',#12706,#11593,#12708,.T.);
#12706 = VERTEX_POINT('',#12707);
#12707 = CARTESIAN_POINT('',(-8.235247777027,-4.034397587229,2.));
#12708 = LINE('',#12709,#12710);
#12709 = CARTESIAN_POINT('',(-8.235247777027,-4.034397587229,2.));
#12710 = VECTOR('',#12711,1.);
#12711 = DIRECTION('',(0.,0.,1.));
#12712 = ORIENTED_EDGE('',*,*,#12713,.F.);
#12713 = EDGE_CURVE('',#12682,#12706,#12714,.T.);
#12714 = B_SPLINE_CURVE_WITH_KNOTS('',2,(#12715,#12716,#12717),
  .UNSPECIFIED.,.F.,.F.,(3,3),(0.,1.),.PIECEWISE_BEZIER_KNOTS.);
#12715 = CARTESIAN_POINT('',(-8.182624408507,-4.240887109355,2.));
#12716 = CARTESIAN_POINT('',(-8.182624408507,-4.082731007228,2.));
#12717 = CARTESIAN_POINT('',(-8.235247777027,-4.034397587229,2.));
#12718 = SURFACE_OF_LINEAR_EXTRUSION('',#12719,#12723);
#12719 = B_SPLINE_CURVE_WITH_KNOTS('',2,(#12720,#12721,#12722),
  .UNSPECIFIED.,.F.,.F.,(3,3),(0.,1.),.PIECEWISE_BEZIER_KNOTS.);
#12720 = CARTESIAN_POINT('',(-8.182624408507,-4.240887109355,2.));
#12721 = CARTESIAN_POINT('',(-8.182624408507,-4.082731007228,2.));
#12722 = CARTESIAN_POINT('',(-8.235247777027,-4.034397587229,2.));
#12723 = VECTOR('',#12724,1.);
#12724 = DIRECTION('',(-0.,-0.,-1.));
#12725 = ADVANCED_FACE('',(#12726),#12744,.T.);
#12726 = FACE_BOUND('',#12727,.T.);
#12727 = EDGE_LOOP('',(#12728,#12729,#12730,#12738));
#12728 = ORIENTED_EDGE('',*,*,#12705,.T.);
#12729 = ORIENTED_EDGE('',*,*,#11592,.T.);
#12730 = ORIENTED_EDGE('',*,*,#12731,.F.);
#12731 = EDGE_CURVE('',#12732,#11585,#12734,.T.);
#12732 = VERTEX_POINT('',#12733);
#12733 = CARTESIAN_POINT('',(-8.446027247673,-3.98606416723,2.));
#12734 = LINE('',#12735,#12736);
#12735 = CARTESIAN_POINT('',(-8.446027247673,-3.98606416723,2.));
#12736 = VECTOR('',#12737,1.);
#12737 = DIRECTION('',(0.,0.,1.));
#12738 = ORIENTED_EDGE('',*,*,#12739,.F.);
#12739 = EDGE_CURVE('',#12706,#12732,#12740,.T.);
#12740 = B_SPLINE_CURVE_WITH_KNOTS('',2,(#12741,#12742,#12743),
  .UNSPECIFIED.,.F.,.F.,(3,3),(0.,1.),.PIECEWISE_BEZIER_KNOTS.);
#12741 = CARTESIAN_POINT('',(-8.235247777027,-4.034397587229,2.));
#12742 = CARTESIAN_POINT('',(-8.287871145546,-3.98606416723,2.));
#12743 = CARTESIAN_POINT('',(-8.446027247673,-3.98606416723,2.));
#12744 = SURFACE_OF_LINEAR_EXTRUSION('',#12745,#12749);
#12745 = B_SPLINE_CURVE_WITH_KNOTS('',2,(#12746,#12747,#12748),
  .UNSPECIFIED.,.F.,.F.,(3,3),(0.,1.),.PIECEWISE_BEZIER_KNOTS.);
#12746 = CARTESIAN_POINT('',(-8.235247777027,-4.034397587229,2.));
#12747 = CARTESIAN_POINT('',(-8.287871145546,-3.98606416723,2.));
#12748 = CARTESIAN_POINT('',(-8.446027247673,-3.98606416723,2.));
#12749 = VECTOR('',#12750,1.);
#12750 = DIRECTION('',(-0.,-0.,-1.));
#12751 = ADVANCED_FACE('',(#12752),#12770,.T.);
#12752 = FACE_BOUND('',#12753,.T.);
#12753 = EDGE_LOOP('',(#12754,#12755,#12756,#12764));
#12754 = ORIENTED_EDGE('',*,*,#12731,.T.);
#12755 = ORIENTED_EDGE('',*,*,#11584,.T.);
#12756 = ORIENTED_EDGE('',*,*,#12757,.F.);
#12757 = EDGE_CURVE('',#12758,#11577,#12760,.T.);
#12758 = VERTEX_POINT('',#12759);
#12759 = CARTESIAN_POINT('',(-9.763899433207,-3.98606416723,2.));
#12760 = LINE('',#12761,#12762);
#12761 = CARTESIAN_POINT('',(-9.763899433207,-3.98606416723,2.));
#12762 = VECTOR('',#12763,1.);
#12763 = DIRECTION('',(0.,0.,1.));
#12764 = ORIENTED_EDGE('',*,*,#12765,.F.);
#12765 = EDGE_CURVE('',#12732,#12758,#12766,.T.);
#12766 = LINE('',#12767,#12768);
#12767 = CARTESIAN_POINT('',(-8.446027247673,-3.98606416723,2.));
#12768 = VECTOR('',#12769,1.);
#12769 = DIRECTION('',(-1.,0.,0.));
#12770 = PLANE('',#12771);
#12771 = AXIS2_PLACEMENT_3D('',#12772,#12773,#12774);
#12772 = CARTESIAN_POINT('',(-8.446027247673,-3.98606416723,2.));
#12773 = DIRECTION('',(-2.2E-16,-1.,0.));
#12774 = DIRECTION('',(-1.,2.2E-16,0.));
#12775 = ADVANCED_FACE('',(#12776),#12794,.T.);
#12776 = FACE_BOUND('',#12777,.T.);
#12777 = EDGE_LOOP('',(#12778,#12779,#12780,#12788));
#12778 = ORIENTED_EDGE('',*,*,#12757,.T.);
#12779 = ORIENTED_EDGE('',*,*,#11576,.T.);
#12780 = ORIENTED_EDGE('',*,*,#12781,.F.);
#12781 = EDGE_CURVE('',#12782,#11569,#12784,.T.);
#12782 = VERTEX_POINT('',#12783);
#12783 = CARTESIAN_POINT('',(-9.970388955333,-4.034397587229,2.));
#12784 = LINE('',#12785,#12786);
#12785 = CARTESIAN_POINT('',(-9.970388955333,-4.034397587229,2.));
#12786 = VECTOR('',#12787,1.);
#12787 = DIRECTION('',(0.,0.,1.));
#12788 = ORIENTED_EDGE('',*,*,#12789,.F.);
#12789 = EDGE_CURVE('',#12758,#12782,#12790,.T.);
#12790 = B_SPLINE_CURVE_WITH_KNOTS('',2,(#12791,#12792,#12793),
  .UNSPECIFIED.,.F.,.F.,(3,3),(0.,1.),.PIECEWISE_BEZIER_KNOTS.);
#12791 = CARTESIAN_POINT('',(-9.763899433207,-3.98606416723,2.));
#12792 = CARTESIAN_POINT('',(-9.922055535334,-3.98606416723,2.));
#12793 = CARTESIAN_POINT('',(-9.970388955333,-4.034397587229,2.));
#12794 = SURFACE_OF_LINEAR_EXTRUSION('',#12795,#12799);
#12795 = B_SPLINE_CURVE_WITH_KNOTS('',2,(#12796,#12797,#12798),
  .UNSPECIFIED.,.F.,.F.,(3,3),(0.,1.),.PIECEWISE_BEZIER_KNOTS.);
#12796 = CARTESIAN_POINT('',(-9.763899433207,-3.98606416723,2.));
#12797 = CARTESIAN_POINT('',(-9.922055535334,-3.98606416723,2.));
#12798 = CARTESIAN_POINT('',(-9.970388955333,-4.034397587229,2.));
#12799 = VECTOR('',#12800,1.);
#12800 = DIRECTION('',(-0.,-0.,-1.));
#12801 = ADVANCED_FACE('',(#12802),#12820,.T.);
#12802 = FACE_BOUND('',#12803,.T.);
#12803 = EDGE_LOOP('',(#12804,#12805,#12806,#12814));
#12804 = ORIENTED_EDGE('',*,*,#12781,.T.);
#12805 = ORIENTED_EDGE('',*,*,#11568,.T.);
#12806 = ORIENTED_EDGE('',*,*,#12807,.F.);
#12807 = EDGE_CURVE('',#12808,#11561,#12810,.T.);
#12808 = VERTEX_POINT('',#12809);
#12809 = CARTESIAN_POINT('',(-10.01872237533,-4.240887109355,2.));
#12810 = LINE('',#12811,#12812);
#12811 = CARTESIAN_POINT('',(-10.01872237533,-4.240887109355,2.));
#12812 = VECTOR('',#12813,1.);
#12813 = DIRECTION('',(0.,0.,1.));
#12814 = ORIENTED_EDGE('',*,*,#12815,.F.);
#12815 = EDGE_CURVE('',#12782,#12808,#12816,.T.);
#12816 = B_SPLINE_CURVE_WITH_KNOTS('',2,(#12817,#12818,#12819),
  .UNSPECIFIED.,.F.,.F.,(3,3),(0.,1.),.PIECEWISE_BEZIER_KNOTS.);
#12817 = CARTESIAN_POINT('',(-9.970388955333,-4.034397587229,2.));
#12818 = CARTESIAN_POINT('',(-10.01872237533,-4.082731007228,2.));
#12819 = CARTESIAN_POINT('',(-10.01872237533,-4.240887109355,2.));
#12820 = SURFACE_OF_LINEAR_EXTRUSION('',#12821,#12825);
#12821 = B_SPLINE_CURVE_WITH_KNOTS('',2,(#12822,#12823,#12824),
  .UNSPECIFIED.,.F.,.F.,(3,3),(0.,1.),.PIECEWISE_BEZIER_KNOTS.);
#12822 = CARTESIAN_POINT('',(-9.970388955333,-4.034397587229,2.));
#12823 = CARTESIAN_POINT('',(-10.01872237533,-4.082731007228,2.));
#12824 = CARTESIAN_POINT('',(-10.01872237533,-4.240887109355,2.));
#12825 = VECTOR('',#12826,1.);
#12826 = DIRECTION('',(-0.,-0.,-1.));
#12827 = ADVANCED_FACE('',(#12828),#12846,.T.);
#12828 = FACE_BOUND('',#12829,.T.);
#12829 = EDGE_LOOP('',(#12830,#12831,#12832,#12840));
#12830 = ORIENTED_EDGE('',*,*,#12807,.T.);
#12831 = ORIENTED_EDGE('',*,*,#11560,.T.);
#12832 = ORIENTED_EDGE('',*,*,#12833,.F.);
#12833 = EDGE_CURVE('',#12834,#11553,#12836,.T.);
#12834 = VERTEX_POINT('',#12835);
#12835 = CARTESIAN_POINT('',(-10.01872237533,-4.759112890645,2.));
#12836 = LINE('',#12837,#12838);
#12837 = CARTESIAN_POINT('',(-10.01872237533,-4.759112890645,2.));
#12838 = VECTOR('',#12839,1.);
#12839 = DIRECTION('',(0.,0.,1.));
#12840 = ORIENTED_EDGE('',*,*,#12841,.F.);
#12841 = EDGE_CURVE('',#12808,#12834,#12842,.T.);
#12842 = LINE('',#12843,#12844);
#12843 = CARTESIAN_POINT('',(-10.01872237533,-4.240887109355,2.));
#12844 = VECTOR('',#12845,1.);
#12845 = DIRECTION('',(-2.2E-16,-1.,0.));
#12846 = PLANE('',#12847);
#12847 = AXIS2_PLACEMENT_3D('',#12848,#12849,#12850);
#12848 = CARTESIAN_POINT('',(-10.01872237533,-4.5,2.3));
#12849 = DIRECTION('',(1.,0.,0.));
#12850 = DIRECTION('',(0.,0.,1.));
#12851 = ADVANCED_FACE('',(#12852),#12870,.T.);
#12852 = FACE_BOUND('',#12853,.T.);
#12853 = EDGE_LOOP('',(#12854,#12855,#12856,#12864));
#12854 = ORIENTED_EDGE('',*,*,#12833,.T.);
#12855 = ORIENTED_EDGE('',*,*,#11552,.T.);
#12856 = ORIENTED_EDGE('',*,*,#12857,.F.);
#12857 = EDGE_CURVE('',#12858,#11545,#12860,.T.);
#12858 = VERTEX_POINT('',#12859);
#12859 = CARTESIAN_POINT('',(-9.970388955333,-4.96131246425,2.));
#12860 = LINE('',#12861,#12862);
#12861 = CARTESIAN_POINT('',(-9.970388955333,-4.96131246425,2.));
#12862 = VECTOR('',#12863,1.);
#12863 = DIRECTION('',(0.,0.,1.));
#12864 = ORIENTED_EDGE('',*,*,#12865,.F.);
#12865 = EDGE_CURVE('',#12834,#12858,#12866,.T.);
#12866 = B_SPLINE_CURVE_WITH_KNOTS('',2,(#12867,#12868,#12869),
  .UNSPECIFIED.,.F.,.F.,(3,3),(0.,1.),.PIECEWISE_BEZIER_KNOTS.);
#12867 = CARTESIAN_POINT('',(-10.01872237533,-4.759112890645,2.));
#12868 = CARTESIAN_POINT('',(-10.01872237533,-4.908403099163,2.));
#12869 = CARTESIAN_POINT('',(-9.970388955333,-4.96131246425,2.));
#12870 = SURFACE_OF_LINEAR_EXTRUSION('',#12871,#12875);
#12871 = B_SPLINE_CURVE_WITH_KNOTS('',2,(#12872,#12873,#12874),
  .UNSPECIFIED.,.F.,.F.,(3,3),(0.,1.),.PIECEWISE_BEZIER_KNOTS.);
#12872 = CARTESIAN_POINT('',(-10.01872237533,-4.759112890645,2.));
#12873 = CARTESIAN_POINT('',(-10.01872237533,-4.908403099163,2.));
#12874 = CARTESIAN_POINT('',(-9.970388955333,-4.96131246425,2.));
#12875 = VECTOR('',#12876,1.);
#12876 = DIRECTION('',(-0.,-0.,-1.));
#12877 = ADVANCED_FACE('',(#12878),#12889,.T.);
#12878 = FACE_BOUND('',#12879,.T.);
#12879 = EDGE_LOOP('',(#12880,#12881,#12882,#12883));
#12880 = ORIENTED_EDGE('',*,*,#12857,.T.);
#12881 = ORIENTED_EDGE('',*,*,#11544,.T.);
#12882 = ORIENTED_EDGE('',*,*,#12596,.F.);
#12883 = ORIENTED_EDGE('',*,*,#12884,.F.);
#12884 = EDGE_CURVE('',#12858,#12597,#12885,.T.);
#12885 = B_SPLINE_CURVE_WITH_KNOTS('',2,(#12886,#12887,#12888),
  .UNSPECIFIED.,.F.,.F.,(3,3),(0.,1.),.PIECEWISE_BEZIER_KNOTS.);
#12886 = CARTESIAN_POINT('',(-9.970388955333,-4.96131246425,2.));
#12887 = CARTESIAN_POINT('',(-9.922055535334,-5.01393583277,2.));
#12888 = CARTESIAN_POINT('',(-9.763899433207,-5.01393583277,2.));
#12889 = SURFACE_OF_LINEAR_EXTRUSION('',#12890,#12894);
#12890 = B_SPLINE_CURVE_WITH_KNOTS('',2,(#12891,#12892,#12893),
  .UNSPECIFIED.,.F.,.F.,(3,3),(0.,1.),.PIECEWISE_BEZIER_KNOTS.);
#12891 = CARTESIAN_POINT('',(-9.970388955333,-4.96131246425,2.));
#12892 = CARTESIAN_POINT('',(-9.922055535334,-5.01393583277,2.));
#12893 = CARTESIAN_POINT('',(-9.763899433207,-5.01393583277,2.));
#12894 = VECTOR('',#12895,1.);
#12895 = DIRECTION('',(-0.,-0.,-1.));
#12896 = ADVANCED_FACE('',(#12897),#12922,.T.);
#12897 = FACE_BOUND('',#12898,.T.);
#12898 = EDGE_LOOP('',(#12899,#12909,#12915,#12916));
#12899 = ORIENTED_EDGE('',*,*,#12900,.F.);
#12900 = EDGE_CURVE('',#12901,#12903,#12905,.T.);
#12901 = VERTEX_POINT('',#12902);
#12902 = CARTESIAN_POINT('',(-10.62503509957,-4.759112890645,2.));
#12903 = VERTEX_POINT('',#12904);
#12904 = CARTESIAN_POINT('',(-10.62503509957,-4.240887109355,2.));
#12905 = LINE('',#12906,#12907);
#12906 = CARTESIAN_POINT('',(-10.62503509957,-4.759112890645,2.));
#12907 = VECTOR('',#12908,1.);
#12908 = DIRECTION('',(2.2E-16,1.,0.));
#12909 = ORIENTED_EDGE('',*,*,#12910,.T.);
#12910 = EDGE_CURVE('',#12901,#11633,#12911,.T.);
#12911 = LINE('',#12912,#12913);
#12912 = CARTESIAN_POINT('',(-10.62503509957,-4.759112890645,2.));
#12913 = VECTOR('',#12914,1.);
#12914 = DIRECTION('',(0.,0.,1.));
#12915 = ORIENTED_EDGE('',*,*,#11632,.T.);
#12916 = ORIENTED_EDGE('',*,*,#12917,.F.);
#12917 = EDGE_CURVE('',#12903,#11635,#12918,.T.);
#12918 = LINE('',#12919,#12920);
#12919 = CARTESIAN_POINT('',(-10.62503509957,-4.240887109355,2.));
#12920 = VECTOR('',#12921,1.);
#12921 = DIRECTION('',(0.,0.,1.));
#12922 = PLANE('',#12923);
#12923 = AXIS2_PLACEMENT_3D('',#12924,#12925,#12926);
#12924 = CARTESIAN_POINT('',(-10.62503509957,-4.5,2.3));
#12925 = DIRECTION('',(-1.,-0.,-0.));
#12926 = DIRECTION('',(0.,0.,-1.));
#12927 = ADVANCED_FACE('',(#12928),#12946,.T.);
#12928 = FACE_BOUND('',#12929,.T.);
#12929 = EDGE_LOOP('',(#12930,#12931,#12932,#12940));
#12930 = ORIENTED_EDGE('',*,*,#12917,.T.);
#12931 = ORIENTED_EDGE('',*,*,#11722,.T.);
#12932 = ORIENTED_EDGE('',*,*,#12933,.F.);
#12933 = EDGE_CURVE('',#12934,#11715,#12936,.T.);
#12934 = VERTEX_POINT('',#12935);
#12935 = CARTESIAN_POINT('',(-10.67765846809,-4.034397587229,2.));
#12936 = LINE('',#12937,#12938);
#12937 = CARTESIAN_POINT('',(-10.67765846809,-4.034397587229,2.));
#12938 = VECTOR('',#12939,1.);
#12939 = DIRECTION('',(0.,0.,1.));
#12940 = ORIENTED_EDGE('',*,*,#12941,.F.);
#12941 = EDGE_CURVE('',#12903,#12934,#12942,.T.);
#12942 = B_SPLINE_CURVE_WITH_KNOTS('',2,(#12943,#12944,#12945),
  .UNSPECIFIED.,.F.,.F.,(3,3),(0.,1.),.PIECEWISE_BEZIER_KNOTS.);
#12943 = CARTESIAN_POINT('',(-10.62503509957,-4.240887109355,2.));
#12944 = CARTESIAN_POINT('',(-10.62503509957,-4.082731007228,2.));
#12945 = CARTESIAN_POINT('',(-10.67765846809,-4.034397587229,2.));
#12946 = SURFACE_OF_LINEAR_EXTRUSION('',#12947,#12951);
#12947 = B_SPLINE_CURVE_WITH_KNOTS('',2,(#12948,#12949,#12950),
  .UNSPECIFIED.,.F.,.F.,(3,3),(0.,1.),.PIECEWISE_BEZIER_KNOTS.);
#12948 = CARTESIAN_POINT('',(-10.62503509957,-4.240887109355,2.));
#12949 = CARTESIAN_POINT('',(-10.62503509957,-4.082731007228,2.));
#12950 = CARTESIAN_POINT('',(-10.67765846809,-4.034397587229,2.));
#12951 = VECTOR('',#12952,1.);
#12952 = DIRECTION('',(-0.,-0.,-1.));
#12953 = ADVANCED_FACE('',(#12954),#12972,.T.);
#12954 = FACE_BOUND('',#12955,.T.);
#12955 = EDGE_LOOP('',(#12956,#12957,#12958,#12966));
#12956 = ORIENTED_EDGE('',*,*,#12933,.T.);
#12957 = ORIENTED_EDGE('',*,*,#11714,.T.);
#12958 = ORIENTED_EDGE('',*,*,#12959,.F.);
#12959 = EDGE_CURVE('',#12960,#11707,#12962,.T.);
#12960 = VERTEX_POINT('',#12961);
#12961 = CARTESIAN_POINT('',(-10.8798580417,-3.98606416723,2.));
#12962 = LINE('',#12963,#12964);
#12963 = CARTESIAN_POINT('',(-10.8798580417,-3.98606416723,2.));
#12964 = VECTOR('',#12965,1.);
#12965 = DIRECTION('',(0.,0.,1.));
#12966 = ORIENTED_EDGE('',*,*,#12967,.F.);
#12967 = EDGE_CURVE('',#12934,#12960,#12968,.T.);
#12968 = B_SPLINE_CURVE_WITH_KNOTS('',2,(#12969,#12970,#12971),
  .UNSPECIFIED.,.F.,.F.,(3,3),(0.,1.),.PIECEWISE_BEZIER_KNOTS.);
#12969 = CARTESIAN_POINT('',(-10.67765846809,-4.034397587229,2.));
#12970 = CARTESIAN_POINT('',(-10.73056783318,-3.98606416723,2.));
#12971 = CARTESIAN_POINT('',(-10.8798580417,-3.98606416723,2.));
#12972 = SURFACE_OF_LINEAR_EXTRUSION('',#12973,#12977);
#12973 = B_SPLINE_CURVE_WITH_KNOTS('',2,(#12974,#12975,#12976),
  .UNSPECIFIED.,.F.,.F.,(3,3),(0.,1.),.PIECEWISE_BEZIER_KNOTS.);
#12974 = CARTESIAN_POINT('',(-10.67765846809,-4.034397587229,2.));
#12975 = CARTESIAN_POINT('',(-10.73056783318,-3.98606416723,2.));
#12976 = CARTESIAN_POINT('',(-10.8798580417,-3.98606416723,2.));
#12977 = VECTOR('',#12978,1.);
#12978 = DIRECTION('',(-0.,-0.,-1.));
#12979 = ADVANCED_FACE('',(#12980),#12998,.T.);
#12980 = FACE_BOUND('',#12981,.T.);
#12981 = EDGE_LOOP('',(#12982,#12983,#12984,#12992));
#12982 = ORIENTED_EDGE('',*,*,#12959,.T.);
#12983 = ORIENTED_EDGE('',*,*,#11706,.T.);
#12984 = ORIENTED_EDGE('',*,*,#12985,.F.);
#12985 = EDGE_CURVE('',#12986,#11699,#12988,.T.);
#12986 = VERTEX_POINT('',#12987);
#12987 = CARTESIAN_POINT('',(-12.16255264936,-3.98606416723,2.));
#12988 = LINE('',#12989,#12990);
#12989 = CARTESIAN_POINT('',(-12.16255264936,-3.98606416723,2.));
#12990 = VECTOR('',#12991,1.);
#12991 = DIRECTION('',(0.,0.,1.));
#12992 = ORIENTED_EDGE('',*,*,#12993,.F.);
#12993 = EDGE_CURVE('',#12960,#12986,#12994,.T.);
#12994 = LINE('',#12995,#12996);
#12995 = CARTESIAN_POINT('',(-10.8798580417,-3.98606416723,2.));
#12996 = VECTOR('',#12997,1.);
#12997 = DIRECTION('',(-1.,0.,0.));
#12998 = PLANE('',#12999);
#12999 = AXIS2_PLACEMENT_3D('',#13000,#13001,#13002);
#13000 = CARTESIAN_POINT('',(-10.8798580417,-3.98606416723,2.));
#13001 = DIRECTION('',(-2.2E-16,-1.,0.));
#13002 = DIRECTION('',(-1.,2.2E-16,0.));
#13003 = ADVANCED_FACE('',(#13004),#13022,.T.);
#13004 = FACE_BOUND('',#13005,.T.);
#13005 = EDGE_LOOP('',(#13006,#13007,#13008,#13016));
#13006 = ORIENTED_EDGE('',*,*,#12985,.T.);
#13007 = ORIENTED_EDGE('',*,*,#11698,.T.);
#13008 = ORIENTED_EDGE('',*,*,#13009,.F.);
#13009 = EDGE_CURVE('',#13010,#11691,#13012,.T.);
#13010 = VERTEX_POINT('',#13011);
#13011 = CARTESIAN_POINT('',(-12.36904217149,-4.034397587229,2.));
#13012 = LINE('',#13013,#13014);
#13013 = CARTESIAN_POINT('',(-12.36904217149,-4.034397587229,2.));
#13014 = VECTOR('',#13015,1.);
#13015 = DIRECTION('',(0.,0.,1.));
#13016 = ORIENTED_EDGE('',*,*,#13017,.F.);
#13017 = EDGE_CURVE('',#12986,#13010,#13018,.T.);
#13018 = B_SPLINE_CURVE_WITH_KNOTS('',2,(#13019,#13020,#13021),
  .UNSPECIFIED.,.F.,.F.,(3,3),(0.,1.),.PIECEWISE_BEZIER_KNOTS.);
#13019 = CARTESIAN_POINT('',(-12.16255264936,-3.98606416723,2.));
#13020 = CARTESIAN_POINT('',(-12.32070875149,-3.98606416723,2.));
#13021 = CARTESIAN_POINT('',(-12.36904217149,-4.034397587229,2.));
#13022 = SURFACE_OF_LINEAR_EXTRUSION('',#13023,#13027);
#13023 = B_SPLINE_CURVE_WITH_KNOTS('',2,(#13024,#13025,#13026),
  .UNSPECIFIED.,.F.,.F.,(3,3),(0.,1.),.PIECEWISE_BEZIER_KNOTS.);
#13024 = CARTESIAN_POINT('',(-12.16255264936,-3.98606416723,2.));
#13025 = CARTESIAN_POINT('',(-12.32070875149,-3.98606416723,2.));
#13026 = CARTESIAN_POINT('',(-12.36904217149,-4.034397587229,2.));
#13027 = VECTOR('',#13028,1.);
#13028 = DIRECTION('',(-0.,-0.,-1.));
#13029 = ADVANCED_FACE('',(#13030),#13048,.T.);
#13030 = FACE_BOUND('',#13031,.T.);
#13031 = EDGE_LOOP('',(#13032,#13033,#13034,#13042));
#13032 = ORIENTED_EDGE('',*,*,#13009,.T.);
#13033 = ORIENTED_EDGE('',*,*,#11690,.T.);
#13034 = ORIENTED_EDGE('',*,*,#13035,.F.);
#13035 = EDGE_CURVE('',#13036,#11683,#13038,.T.);
#13036 = VERTEX_POINT('',#13037);
#13037 = CARTESIAN_POINT('',(-12.41737559149,-4.240887109355,2.));
#13038 = LINE('',#13039,#13040);
#13039 = CARTESIAN_POINT('',(-12.41737559149,-4.240887109355,2.));
#13040 = VECTOR('',#13041,1.);
#13041 = DIRECTION('',(0.,0.,1.));
#13042 = ORIENTED_EDGE('',*,*,#13043,.F.);
#13043 = EDGE_CURVE('',#13010,#13036,#13044,.T.);
#13044 = B_SPLINE_CURVE_WITH_KNOTS('',2,(#13045,#13046,#13047),
  .UNSPECIFIED.,.F.,.F.,(3,3),(0.,1.),.PIECEWISE_BEZIER_KNOTS.);
#13045 = CARTESIAN_POINT('',(-12.36904217149,-4.034397587229,2.));
#13046 = CARTESIAN_POINT('',(-12.41737559149,-4.082731007228,2.));
#13047 = CARTESIAN_POINT('',(-12.41737559149,-4.240887109355,2.));
#13048 = SURFACE_OF_LINEAR_EXTRUSION('',#13049,#13053);
#13049 = B_SPLINE_CURVE_WITH_KNOTS('',2,(#13050,#13051,#13052),
  .UNSPECIFIED.,.F.,.F.,(3,3),(0.,1.),.PIECEWISE_BEZIER_KNOTS.);
#13050 = CARTESIAN_POINT('',(-12.36904217149,-4.034397587229,2.));
#13051 = CARTESIAN_POINT('',(-12.41737559149,-4.082731007228,2.));
#13052 = CARTESIAN_POINT('',(-12.41737559149,-4.240887109355,2.));
#13053 = VECTOR('',#13054,1.);
#13054 = DIRECTION('',(-0.,-0.,-1.));
#13055 = ADVANCED_FACE('',(#13056),#13074,.T.);
#13056 = FACE_BOUND('',#13057,.T.);
#13057 = EDGE_LOOP('',(#13058,#13059,#13060,#13068));
#13058 = ORIENTED_EDGE('',*,*,#13035,.T.);
#13059 = ORIENTED_EDGE('',*,*,#11682,.T.);
#13060 = ORIENTED_EDGE('',*,*,#13061,.F.);
#13061 = EDGE_CURVE('',#13062,#11675,#13064,.T.);
#13062 = VERTEX_POINT('',#13063);
#13063 = CARTESIAN_POINT('',(-12.41737559149,-4.759112890645,2.));
#13064 = LINE('',#13065,#13066);
#13065 = CARTESIAN_POINT('',(-12.41737559149,-4.759112890645,2.));
#13066 = VECTOR('',#13067,1.);
#13067 = DIRECTION('',(0.,0.,1.));
#13068 = ORIENTED_EDGE('',*,*,#13069,.F.);
#13069 = EDGE_CURVE('',#13036,#13062,#13070,.T.);
#13070 = LINE('',#13071,#13072);
#13071 = CARTESIAN_POINT('',(-12.41737559149,-4.240887109355,2.));
#13072 = VECTOR('',#13073,1.);
#13073 = DIRECTION('',(-2.2E-16,-1.,0.));
#13074 = PLANE('',#13075);
#13075 = AXIS2_PLACEMENT_3D('',#13076,#13077,#13078);
#13076 = CARTESIAN_POINT('',(-12.41737559149,-4.5,2.3));
#13077 = DIRECTION('',(1.,0.,0.));
#13078 = DIRECTION('',(0.,0.,1.));
#13079 = ADVANCED_FACE('',(#13080),#13098,.T.);
#13080 = FACE_BOUND('',#13081,.T.);
#13081 = EDGE_LOOP('',(#13082,#13083,#13084,#13092));
#13082 = ORIENTED_EDGE('',*,*,#13061,.T.);
#13083 = ORIENTED_EDGE('',*,*,#11674,.T.);
#13084 = ORIENTED_EDGE('',*,*,#13085,.F.);
#13085 = EDGE_CURVE('',#13086,#11667,#13088,.T.);
#13086 = VERTEX_POINT('',#13087);
#13087 = CARTESIAN_POINT('',(-12.36904217149,-4.96131246425,2.));
#13088 = LINE('',#13089,#13090);
#13089 = CARTESIAN_POINT('',(-12.36904217149,-4.96131246425,2.));
#13090 = VECTOR('',#13091,1.);
#13091 = DIRECTION('',(0.,0.,1.));
#13092 = ORIENTED_EDGE('',*,*,#13093,.F.);
#13093 = EDGE_CURVE('',#13062,#13086,#13094,.T.);
#13094 = B_SPLINE_CURVE_WITH_KNOTS('',2,(#13095,#13096,#13097),
  .UNSPECIFIED.,.F.,.F.,(3,3),(0.,1.),.PIECEWISE_BEZIER_KNOTS.);
#13095 = CARTESIAN_POINT('',(-12.41737559149,-4.759112890645,2.));
#13096 = CARTESIAN_POINT('',(-12.41737559149,-4.908403099163,2.));
#13097 = CARTESIAN_POINT('',(-12.36904217149,-4.96131246425,2.));
#13098 = SURFACE_OF_LINEAR_EXTRUSION('',#13099,#13103);
#13099 = B_SPLINE_CURVE_WITH_KNOTS('',2,(#13100,#13101,#13102),
  .UNSPECIFIED.,.F.,.F.,(3,3),(0.,1.),.PIECEWISE_BEZIER_KNOTS.);
#13100 = CARTESIAN_POINT('',(-12.41737559149,-4.759112890645,2.));
#13101 = CARTESIAN_POINT('',(-12.41737559149,-4.908403099163,2.));
#13102 = CARTESIAN_POINT('',(-12.36904217149,-4.96131246425,2.));
#13103 = VECTOR('',#13104,1.);
#13104 = DIRECTION('',(-0.,-0.,-1.));
#13105 = ADVANCED_FACE('',(#13106),#13124,.T.);
#13106 = FACE_BOUND('',#13107,.T.);
#13107 = EDGE_LOOP('',(#13108,#13109,#13110,#13118));
#13108 = ORIENTED_EDGE('',*,*,#13085,.T.);
#13109 = ORIENTED_EDGE('',*,*,#11666,.T.);
#13110 = ORIENTED_EDGE('',*,*,#13111,.F.);
#13111 = EDGE_CURVE('',#13112,#11659,#13114,.T.);
#13112 = VERTEX_POINT('',#13113);
#13113 = CARTESIAN_POINT('',(-12.16255264936,-5.01393583277,2.));
#13114 = LINE('',#13115,#13116);
#13115 = CARTESIAN_POINT('',(-12.16255264936,-5.01393583277,2.));
#13116 = VECTOR('',#13117,1.);
#13117 = DIRECTION('',(0.,0.,1.));
#13118 = ORIENTED_EDGE('',*,*,#13119,.F.);
#13119 = EDGE_CURVE('',#13086,#13112,#13120,.T.);
#13120 = B_SPLINE_CURVE_WITH_KNOTS('',2,(#13121,#13122,#13123),
  .UNSPECIFIED.,.F.,.F.,(3,3),(0.,1.),.PIECEWISE_BEZIER_KNOTS.);
#13121 = CARTESIAN_POINT('',(-12.36904217149,-4.96131246425,2.));
#13122 = CARTESIAN_POINT('',(-12.32070875149,-5.01393583277,2.));
#13123 = CARTESIAN_POINT('',(-12.16255264936,-5.01393583277,2.));
#13124 = SURFACE_OF_LINEAR_EXTRUSION('',#13125,#13129);
#13125 = B_SPLINE_CURVE_WITH_KNOTS('',2,(#13126,#13127,#13128),
  .UNSPECIFIED.,.F.,.F.,(3,3),(0.,1.),.PIECEWISE_BEZIER_KNOTS.);
#13126 = CARTESIAN_POINT('',(-12.36904217149,-4.96131246425,2.));
#13127 = CARTESIAN_POINT('',(-12.32070875149,-5.01393583277,2.));
#13128 = CARTESIAN_POINT('',(-12.16255264936,-5.01393583277,2.));
#13129 = VECTOR('',#13130,1.);
#13130 = DIRECTION('',(-0.,-0.,-1.));
#13131 = ADVANCED_FACE('',(#13132),#13150,.T.);
#13132 = FACE_BOUND('',#13133,.T.);
#13133 = EDGE_LOOP('',(#13134,#13135,#13136,#13144));
#13134 = ORIENTED_EDGE('',*,*,#13111,.T.);
#13135 = ORIENTED_EDGE('',*,*,#11658,.T.);
#13136 = ORIENTED_EDGE('',*,*,#13137,.F.);
#13137 = EDGE_CURVE('',#13138,#11651,#13140,.T.);
#13138 = VERTEX_POINT('',#13139);
#13139 = CARTESIAN_POINT('',(-10.8798580417,-5.01393583277,2.));
#13140 = LINE('',#13141,#13142);
#13141 = CARTESIAN_POINT('',(-10.8798580417,-5.01393583277,2.));
#13142 = VECTOR('',#13143,1.);
#13143 = DIRECTION('',(0.,0.,1.));
#13144 = ORIENTED_EDGE('',*,*,#13145,.F.);
#13145 = EDGE_CURVE('',#13112,#13138,#13146,.T.);
#13146 = LINE('',#13147,#13148);
#13147 = CARTESIAN_POINT('',(-12.16255264936,-5.01393583277,2.));
#13148 = VECTOR('',#13149,1.);
#13149 = DIRECTION('',(1.,0.,0.));
#13150 = PLANE('',#13151);
#13151 = AXIS2_PLACEMENT_3D('',#13152,#13153,#13154);
#13152 = CARTESIAN_POINT('',(-12.16255264936,-5.01393583277,2.));
#13153 = DIRECTION('',(2.2E-16,1.,0.));
#13154 = DIRECTION('',(1.,-2.2E-16,0.));
#13155 = ADVANCED_FACE('',(#13156),#13174,.T.);
#13156 = FACE_BOUND('',#13157,.T.);
#13157 = EDGE_LOOP('',(#13158,#13159,#13160,#13168));
#13158 = ORIENTED_EDGE('',*,*,#13137,.T.);
#13159 = ORIENTED_EDGE('',*,*,#11650,.T.);
#13160 = ORIENTED_EDGE('',*,*,#13161,.F.);
#13161 = EDGE_CURVE('',#13162,#11643,#13164,.T.);
#13162 = VERTEX_POINT('',#13163);
#13163 = CARTESIAN_POINT('',(-10.67765846809,-4.96131246425,2.));
#13164 = LINE('',#13165,#13166);
#13165 = CARTESIAN_POINT('',(-10.67765846809,-4.96131246425,2.));
#13166 = VECTOR('',#13167,1.);
#13167 = DIRECTION('',(0.,0.,1.));
#13168 = ORIENTED_EDGE('',*,*,#13169,.F.);
#13169 = EDGE_CURVE('',#13138,#13162,#13170,.T.);
#13170 = B_SPLINE_CURVE_WITH_KNOTS('',2,(#13171,#13172,#13173),
  .UNSPECIFIED.,.F.,.F.,(3,3),(0.,1.),.PIECEWISE_BEZIER_KNOTS.);
#13171 = CARTESIAN_POINT('',(-10.8798580417,-5.01393583277,2.));
#13172 = CARTESIAN_POINT('',(-10.73056783318,-5.01393583277,2.));
#13173 = CARTESIAN_POINT('',(-10.67765846809,-4.96131246425,2.));
#13174 = SURFACE_OF_LINEAR_EXTRUSION('',#13175,#13179);
#13175 = B_SPLINE_CURVE_WITH_KNOTS('',2,(#13176,#13177,#13178),
  .UNSPECIFIED.,.F.,.F.,(3,3),(0.,1.),.PIECEWISE_BEZIER_KNOTS.);
#13176 = CARTESIAN_POINT('',(-10.8798580417,-5.01393583277,2.));
#13177 = CARTESIAN_POINT('',(-10.73056783318,-5.01393583277,2.));
#13178 = CARTESIAN_POINT('',(-10.67765846809,-4.96131246425,2.));
#13179 = VECTOR('',#13180,1.);
#13180 = DIRECTION('',(-0.,-0.,-1.));
#13181 = ADVANCED_FACE('',(#13182),#13193,.T.);
#13182 = FACE_BOUND('',#13183,.T.);
#13183 = EDGE_LOOP('',(#13184,#13185,#13186,#13187));
#13184 = ORIENTED_EDGE('',*,*,#13161,.T.);
#13185 = ORIENTED_EDGE('',*,*,#11642,.T.);
#13186 = ORIENTED_EDGE('',*,*,#12910,.F.);
#13187 = ORIENTED_EDGE('',*,*,#13188,.F.);
#13188 = EDGE_CURVE('',#13162,#12901,#13189,.T.);
#13189 = B_SPLINE_CURVE_WITH_KNOTS('',2,(#13190,#13191,#13192),
  .UNSPECIFIED.,.F.,.F.,(3,3),(0.,1.),.PIECEWISE_BEZIER_KNOTS.);
#13190 = CARTESIAN_POINT('',(-10.67765846809,-4.96131246425,2.));
#13191 = CARTESIAN_POINT('',(-10.62503509957,-4.908403099163,2.));
#13192 = CARTESIAN_POINT('',(-10.62503509957,-4.759112890645,2.));
#13193 = SURFACE_OF_LINEAR_EXTRUSION('',#13194,#13198);
#13194 = B_SPLINE_CURVE_WITH_KNOTS('',2,(#13195,#13196,#13197),
  .UNSPECIFIED.,.F.,.F.,(3,3),(0.,1.),.PIECEWISE_BEZIER_KNOTS.);
#13195 = CARTESIAN_POINT('',(-10.67765846809,-4.96131246425,2.));
#13196 = CARTESIAN_POINT('',(-10.62503509957,-4.908403099163,2.));
#13197 = CARTESIAN_POINT('',(-10.62503509957,-4.759112890645,2.));
#13198 = VECTOR('',#13199,1.);
#13199 = DIRECTION('',(-0.,-0.,-1.));
#13200 = ADVANCED_FACE('',(#13201),#13226,.T.);
#13201 = FACE_BOUND('',#13202,.T.);
#13202 = EDGE_LOOP('',(#13203,#13211,#13212,#13220));
#13203 = ORIENTED_EDGE('',*,*,#13204,.T.);
#13204 = EDGE_CURVE('',#13205,#11891,#13207,.T.);
#13205 = VERTEX_POINT('',#13206);
#13206 = CARTESIAN_POINT('',(27.939823722115,-2.44282668608,2.));
#13207 = LINE('',#13208,#13209);
#13208 = CARTESIAN_POINT('',(27.939823722115,-2.44282668608,2.));
#13209 = VECTOR('',#13210,1.);
#13210 = DIRECTION('',(0.,0.,1.));
#13211 = ORIENTED_EDGE('',*,*,#11890,.T.);
#13212 = ORIENTED_EDGE('',*,*,#13213,.F.);
#13213 = EDGE_CURVE('',#13214,#11893,#13216,.T.);
#13214 = VERTEX_POINT('',#13215);
#13215 = CARTESIAN_POINT('',(27.891490302116,-2.657896105247,2.));
#13216 = LINE('',#13217,#13218);
#13217 = CARTESIAN_POINT('',(27.891490302116,-2.657896105247,2.));
#13218 = VECTOR('',#13219,1.);
#13219 = DIRECTION('',(0.,0.,1.));
#13220 = ORIENTED_EDGE('',*,*,#13221,.F.);
#13221 = EDGE_CURVE('',#13205,#13214,#13222,.T.);
#13222 = B_SPLINE_CURVE_WITH_KNOTS('',2,(#13223,#13224,#13225),
  .UNSPECIFIED.,.F.,.F.,(3,3),(0.,1.),.PIECEWISE_BEZIER_KNOTS.);
#13223 = CARTESIAN_POINT('',(27.939823722115,-2.44282668608,2.));
#13224 = CARTESIAN_POINT('',(27.891490302116,-2.490874109511,2.));
#13225 = CARTESIAN_POINT('',(27.891490302116,-2.657896105247,2.));
#13226 = SURFACE_OF_LINEAR_EXTRUSION('',#13227,#13231);
#13227 = B_SPLINE_CURVE_WITH_KNOTS('',2,(#13228,#13229,#13230),
  .UNSPECIFIED.,.F.,.F.,(3,3),(0.,1.),.PIECEWISE_BEZIER_KNOTS.);
#13228 = CARTESIAN_POINT('',(27.939823722115,-2.44282668608,2.));
#13229 = CARTESIAN_POINT('',(27.891490302116,-2.490874109511,2.));
#13230 = CARTESIAN_POINT('',(27.891490302116,-2.657896105247,2.));
#13231 = VECTOR('',#13232,1.);
#13232 = DIRECTION('',(-0.,-0.,-1.));
#13233 = ADVANCED_FACE('',(#13234),#13252,.T.);
#13234 = FACE_BOUND('',#13235,.T.);
#13235 = EDGE_LOOP('',(#13236,#13237,#13238,#13246));
#13236 = ORIENTED_EDGE('',*,*,#13213,.T.);
#13237 = ORIENTED_EDGE('',*,*,#11980,.T.);
#13238 = ORIENTED_EDGE('',*,*,#13239,.F.);
#13239 = EDGE_CURVE('',#13240,#11973,#13242,.T.);
#13240 = VERTEX_POINT('',#13241);
#13241 = CARTESIAN_POINT('',(27.891490302116,-3.132364411627,2.));
#13242 = LINE('',#13243,#13244);
#13243 = CARTESIAN_POINT('',(27.891490302116,-3.132364411627,2.));
#13244 = VECTOR('',#13245,1.);
#13245 = DIRECTION('',(0.,0.,1.));
#13246 = ORIENTED_EDGE('',*,*,#13247,.F.);
#13247 = EDGE_CURVE('',#13214,#13240,#13248,.T.);
#13248 = LINE('',#13249,#13250);
#13249 = CARTESIAN_POINT('',(27.891490302116,-2.657896105247,2.));
#13250 = VECTOR('',#13251,1.);
#13251 = DIRECTION('',(0.,-1.,0.));
#13252 = PLANE('',#13253);
#13253 = AXIS2_PLACEMENT_3D('',#13254,#13255,#13256);
#13254 = CARTESIAN_POINT('',(27.891490302116,-2.657896105247,2.));
#13255 = DIRECTION('',(1.,-2.2E-16,0.));
#13256 = DIRECTION('',(-2.2E-16,-1.,0.));
#13257 = ADVANCED_FACE('',(#13258),#13276,.T.);
#13258 = FACE_BOUND('',#13259,.T.);
#13259 = EDGE_LOOP('',(#13260,#13261,#13262,#13270));
#13260 = ORIENTED_EDGE('',*,*,#13239,.T.);
#13261 = ORIENTED_EDGE('',*,*,#11972,.T.);
#13262 = ORIENTED_EDGE('',*,*,#13263,.F.);
#13263 = EDGE_CURVE('',#13264,#11965,#13266,.T.);
#13264 = VERTEX_POINT('',#13265);
#13265 = CARTESIAN_POINT('',(27.939823722115,-3.334563985232,2.));
#13266 = LINE('',#13267,#13268);
#13267 = CARTESIAN_POINT('',(27.939823722115,-3.334563985232,2.));
#13268 = VECTOR('',#13269,1.);
#13269 = DIRECTION('',(0.,0.,1.));
#13270 = ORIENTED_EDGE('',*,*,#13271,.F.);
#13271 = EDGE_CURVE('',#13240,#13264,#13272,.T.);
#13272 = B_SPLINE_CURVE_WITH_KNOTS('',2,(#13273,#13274,#13275),
  .UNSPECIFIED.,.F.,.F.,(3,3),(0.,1.),.PIECEWISE_BEZIER_KNOTS.);
#13273 = CARTESIAN_POINT('',(27.891490302116,-3.132364411627,2.));
#13274 = CARTESIAN_POINT('',(27.891490302116,-3.281654620145,2.));
#13275 = CARTESIAN_POINT('',(27.939823722115,-3.334563985232,2.));
#13276 = SURFACE_OF_LINEAR_EXTRUSION('',#13277,#13281);
#13277 = B_SPLINE_CURVE_WITH_KNOTS('',2,(#13278,#13279,#13280),
  .UNSPECIFIED.,.F.,.F.,(3,3),(0.,1.),.PIECEWISE_BEZIER_KNOTS.);
#13278 = CARTESIAN_POINT('',(27.891490302116,-3.132364411627,2.));
#13279 = CARTESIAN_POINT('',(27.891490302116,-3.281654620145,2.));
#13280 = CARTESIAN_POINT('',(27.939823722115,-3.334563985232,2.));
#13281 = VECTOR('',#13282,1.);
#13282 = DIRECTION('',(-0.,-0.,-1.));
#13283 = ADVANCED_FACE('',(#13284),#13302,.T.);
#13284 = FACE_BOUND('',#13285,.T.);
#13285 = EDGE_LOOP('',(#13286,#13287,#13288,#13296));
#13286 = ORIENTED_EDGE('',*,*,#13263,.T.);
#13287 = ORIENTED_EDGE('',*,*,#11964,.T.);
#13288 = ORIENTED_EDGE('',*,*,#13289,.F.);
#13289 = EDGE_CURVE('',#13290,#11957,#13292,.T.);
#13290 = VERTEX_POINT('',#13291);
#13291 = CARTESIAN_POINT('',(28.146313244241,-3.387187353752,2.));
#13292 = LINE('',#13293,#13294);
#13293 = CARTESIAN_POINT('',(28.146313244241,-3.387187353752,2.));
#13294 = VECTOR('',#13295,1.);
#13295 = DIRECTION('',(0.,0.,1.));
#13296 = ORIENTED_EDGE('',*,*,#13297,.F.);
#13297 = EDGE_CURVE('',#13264,#13290,#13298,.T.);
#13298 = B_SPLINE_CURVE_WITH_KNOTS('',2,(#13299,#13300,#13301),
  .UNSPECIFIED.,.F.,.F.,(3,3),(0.,1.),.PIECEWISE_BEZIER_KNOTS.);
#13299 = CARTESIAN_POINT('',(27.939823722115,-3.334563985232,2.));
#13300 = CARTESIAN_POINT('',(27.988157142114,-3.387187353752,2.));
#13301 = CARTESIAN_POINT('',(28.146313244241,-3.387187353752,2.));
#13302 = SURFACE_OF_LINEAR_EXTRUSION('',#13303,#13307);
#13303 = B_SPLINE_CURVE_WITH_KNOTS('',2,(#13304,#13305,#13306),
  .UNSPECIFIED.,.F.,.F.,(3,3),(0.,1.),.PIECEWISE_BEZIER_KNOTS.);
#13304 = CARTESIAN_POINT('',(27.939823722115,-3.334563985232,2.));
#13305 = CARTESIAN_POINT('',(27.988157142114,-3.387187353752,2.));
#13306 = CARTESIAN_POINT('',(28.146313244241,-3.387187353752,2.));
#13307 = VECTOR('',#13308,1.);
#13308 = DIRECTION('',(-0.,-0.,-1.));
#13309 = ADVANCED_FACE('',(#13310),#13328,.T.);
#13310 = FACE_BOUND('',#13311,.T.);
#13311 = EDGE_LOOP('',(#13312,#13313,#13314,#13322));
#13312 = ORIENTED_EDGE('',*,*,#13289,.T.);
#13313 = ORIENTED_EDGE('',*,*,#11956,.T.);
#13314 = ORIENTED_EDGE('',*,*,#13315,.F.);
#13315 = EDGE_CURVE('',#13316,#11949,#13318,.T.);
#13316 = VERTEX_POINT('',#13317);
#13317 = CARTESIAN_POINT('',(31.853972752327,-3.387187353752,2.));
#13318 = LINE('',#13319,#13320);
#13319 = CARTESIAN_POINT('',(31.853972752327,-3.387187353752,2.));
#13320 = VECTOR('',#13321,1.);
#13321 = DIRECTION('',(0.,0.,1.));
#13322 = ORIENTED_EDGE('',*,*,#13323,.F.);
#13323 = EDGE_CURVE('',#13290,#13316,#13324,.T.);
#13324 = LINE('',#13325,#13326);
#13325 = CARTESIAN_POINT('',(28.146313244241,-3.387187353752,2.));
#13326 = VECTOR('',#13327,1.);
#13327 = DIRECTION('',(1.,0.,0.));
#13328 = PLANE('',#13329);
#13329 = AXIS2_PLACEMENT_3D('',#13330,#13331,#13332);
#13330 = CARTESIAN_POINT('',(28.146313244241,-3.387187353752,2.));
#13331 = DIRECTION('',(2.2E-16,1.,0.));
#13332 = DIRECTION('',(1.,-2.2E-16,0.));
#13333 = ADVANCED_FACE('',(#13334),#13352,.T.);
#13334 = FACE_BOUND('',#13335,.T.);
#13335 = EDGE_LOOP('',(#13336,#13337,#13338,#13346));
#13336 = ORIENTED_EDGE('',*,*,#13315,.T.);
#13337 = ORIENTED_EDGE('',*,*,#11948,.T.);
#13338 = ORIENTED_EDGE('',*,*,#13339,.F.);
#13339 = EDGE_CURVE('',#13340,#11941,#13342,.T.);
#13340 = VERTEX_POINT('',#13341);
#13341 = CARTESIAN_POINT('',(32.055886329364,-3.334563985232,2.));
#13342 = LINE('',#13343,#13344);
#13343 = CARTESIAN_POINT('',(32.055886329364,-3.334563985232,2.));
#13344 = VECTOR('',#13345,1.);
#13345 = DIRECTION('',(0.,0.,1.));
#13346 = ORIENTED_EDGE('',*,*,#13347,.F.);
#13347 = EDGE_CURVE('',#13316,#13340,#13348,.T.);
#13348 = B_SPLINE_CURVE_WITH_KNOTS('',2,(#13349,#13350,#13351),
  .UNSPECIFIED.,.F.,.F.,(3,3),(0.,1.),.PIECEWISE_BEZIER_KNOTS.);
#13349 = CARTESIAN_POINT('',(31.853972752327,-3.387187353752,2.));
#13350 = CARTESIAN_POINT('',(32.003262960844,-3.387187353752,2.));
#13351 = CARTESIAN_POINT('',(32.055886329364,-3.334563985232,2.));
#13352 = SURFACE_OF_LINEAR_EXTRUSION('',#13353,#13357);
#13353 = B_SPLINE_CURVE_WITH_KNOTS('',2,(#13354,#13355,#13356),
  .UNSPECIFIED.,.F.,.F.,(3,3),(0.,1.),.PIECEWISE_BEZIER_KNOTS.);
#13354 = CARTESIAN_POINT('',(31.853972752327,-3.387187353752,2.));
#13355 = CARTESIAN_POINT('',(32.003262960844,-3.387187353752,2.));
#13356 = CARTESIAN_POINT('',(32.055886329364,-3.334563985232,2.));
#13357 = VECTOR('',#13358,1.);
#13358 = DIRECTION('',(-0.,-0.,-1.));
#13359 = ADVANCED_FACE('',(#13360),#13378,.T.);
#13360 = FACE_BOUND('',#13361,.T.);
#13361 = EDGE_LOOP('',(#13362,#13363,#13364,#13372));
#13362 = ORIENTED_EDGE('',*,*,#13339,.T.);
#13363 = ORIENTED_EDGE('',*,*,#11940,.T.);
#13364 = ORIENTED_EDGE('',*,*,#13365,.F.);
#13365 = EDGE_CURVE('',#13366,#11933,#13368,.T.);
#13366 = VERTEX_POINT('',#13367);
#13367 = CARTESIAN_POINT('',(32.108509697884,-3.132364411627,2.));
#13368 = LINE('',#13369,#13370);
#13369 = CARTESIAN_POINT('',(32.108509697884,-3.132364411627,2.));
#13370 = VECTOR('',#13371,1.);
#13371 = DIRECTION('',(0.,0.,1.));
#13372 = ORIENTED_EDGE('',*,*,#13373,.F.);
#13373 = EDGE_CURVE('',#13340,#13366,#13374,.T.);
#13374 = B_SPLINE_CURVE_WITH_KNOTS('',2,(#13375,#13376,#13377),
  .UNSPECIFIED.,.F.,.F.,(3,3),(0.,1.),.PIECEWISE_BEZIER_KNOTS.);
#13375 = CARTESIAN_POINT('',(32.055886329364,-3.334563985232,2.));
#13376 = CARTESIAN_POINT('',(32.108509697884,-3.281654620145,2.));
#13377 = CARTESIAN_POINT('',(32.108509697884,-3.132364411627,2.));
#13378 = SURFACE_OF_LINEAR_EXTRUSION('',#13379,#13383);
#13379 = B_SPLINE_CURVE_WITH_KNOTS('',2,(#13380,#13381,#13382),
  .UNSPECIFIED.,.F.,.F.,(3,3),(0.,1.),.PIECEWISE_BEZIER_KNOTS.);
#13380 = CARTESIAN_POINT('',(32.055886329364,-3.334563985232,2.));
#13381 = CARTESIAN_POINT('',(32.108509697884,-3.281654620145,2.));
#13382 = CARTESIAN_POINT('',(32.108509697884,-3.132364411627,2.));
#13383 = VECTOR('',#13384,1.);
#13384 = DIRECTION('',(-0.,-0.,-1.));
#13385 = ADVANCED_FACE('',(#13386),#13404,.T.);
#13386 = FACE_BOUND('',#13387,.T.);
#13387 = EDGE_LOOP('',(#13388,#13389,#13390,#13398));
#13388 = ORIENTED_EDGE('',*,*,#13365,.T.);
#13389 = ORIENTED_EDGE('',*,*,#11932,.T.);
#13390 = ORIENTED_EDGE('',*,*,#13391,.F.);
#13391 = EDGE_CURVE('',#13392,#11925,#13394,.T.);
#13392 = VERTEX_POINT('',#13393);
#13393 = CARTESIAN_POINT('',(32.108509697884,-2.657896105247,2.));
#13394 = LINE('',#13395,#13396);
#13395 = CARTESIAN_POINT('',(32.108509697884,-2.657896105247,2.));
#13396 = VECTOR('',#13397,1.);
#13397 = DIRECTION('',(0.,0.,1.));
#13398 = ORIENTED_EDGE('',*,*,#13399,.F.);
#13399 = EDGE_CURVE('',#13366,#13392,#13400,.T.);
#13400 = LINE('',#13401,#13402);
#13401 = CARTESIAN_POINT('',(32.108509697884,-3.132364411627,2.));
#13402 = VECTOR('',#13403,1.);
#13403 = DIRECTION('',(0.,1.,0.));
#13404 = PLANE('',#13405);
#13405 = AXIS2_PLACEMENT_3D('',#13406,#13407,#13408);
#13406 = CARTESIAN_POINT('',(32.108509697884,-3.132364411627,2.));
#13407 = DIRECTION('',(-1.,2.2E-16,0.));
#13408 = DIRECTION('',(2.2E-16,1.,0.));
#13409 = ADVANCED_FACE('',(#13410),#13428,.T.);
#13410 = FACE_BOUND('',#13411,.T.);
#13411 = EDGE_LOOP('',(#13412,#13413,#13414,#13422));
#13412 = ORIENTED_EDGE('',*,*,#13391,.T.);
#13413 = ORIENTED_EDGE('',*,*,#11924,.T.);
#13414 = ORIENTED_EDGE('',*,*,#13415,.F.);
#13415 = EDGE_CURVE('',#13416,#11917,#13418,.T.);
#13416 = VERTEX_POINT('',#13417);
#13417 = CARTESIAN_POINT('',(32.055886329364,-2.44282668608,2.));
#13418 = LINE('',#13419,#13420);
#13419 = CARTESIAN_POINT('',(32.055886329364,-2.44282668608,2.));
#13420 = VECTOR('',#13421,1.);
#13421 = DIRECTION('',(0.,0.,1.));
#13422 = ORIENTED_EDGE('',*,*,#13423,.F.);
#13423 = EDGE_CURVE('',#13392,#13416,#13424,.T.);
#13424 = B_SPLINE_CURVE_WITH_KNOTS('',2,(#13425,#13426,#13427),
  .UNSPECIFIED.,.F.,.F.,(3,3),(0.,1.),.PIECEWISE_BEZIER_KNOTS.);
#13425 = CARTESIAN_POINT('',(32.108509697884,-2.657896105247,2.));
#13426 = CARTESIAN_POINT('',(32.108509697884,-2.490874109511,2.));
#13427 = CARTESIAN_POINT('',(32.055886329364,-2.44282668608,2.));
#13428 = SURFACE_OF_LINEAR_EXTRUSION('',#13429,#13433);
#13429 = B_SPLINE_CURVE_WITH_KNOTS('',2,(#13430,#13431,#13432),
  .UNSPECIFIED.,.F.,.F.,(3,3),(0.,1.),.PIECEWISE_BEZIER_KNOTS.);
#13430 = CARTESIAN_POINT('',(32.108509697884,-2.657896105247,2.));
#13431 = CARTESIAN_POINT('',(32.108509697884,-2.490874109511,2.));
#13432 = CARTESIAN_POINT('',(32.055886329364,-2.44282668608,2.));
#13433 = VECTOR('',#13434,1.);
#13434 = DIRECTION('',(-0.,-0.,-1.));
#13435 = ADVANCED_FACE('',(#13436),#13454,.T.);
#13436 = FACE_BOUND('',#13437,.T.);
#13437 = EDGE_LOOP('',(#13438,#13439,#13440,#13448));
#13438 = ORIENTED_EDGE('',*,*,#13415,.T.);
#13439 = ORIENTED_EDGE('',*,*,#11916,.T.);
#13440 = ORIENTED_EDGE('',*,*,#13441,.F.);
#13441 = EDGE_CURVE('',#13442,#11909,#13444,.T.);
#13442 = VERTEX_POINT('',#13443);
#13443 = CARTESIAN_POINT('',(31.853972752327,-2.394493266081,2.));
#13444 = LINE('',#13445,#13446);
#13445 = CARTESIAN_POINT('',(31.853972752327,-2.394493266081,2.));
#13446 = VECTOR('',#13447,1.);
#13447 = DIRECTION('',(0.,0.,1.));
#13448 = ORIENTED_EDGE('',*,*,#13449,.F.);
#13449 = EDGE_CURVE('',#13416,#13442,#13450,.T.);
#13450 = B_SPLINE_CURVE_WITH_KNOTS('',2,(#13451,#13452,#13453),
  .UNSPECIFIED.,.F.,.F.,(3,3),(0.,1.),.PIECEWISE_BEZIER_KNOTS.);
#13451 = CARTESIAN_POINT('',(32.055886329364,-2.44282668608,2.));
#13452 = CARTESIAN_POINT('',(32.003262960844,-2.394493266081,2.));
#13453 = CARTESIAN_POINT('',(31.853972752327,-2.394493266081,2.));
#13454 = SURFACE_OF_LINEAR_EXTRUSION('',#13455,#13459);
#13455 = B_SPLINE_CURVE_WITH_KNOTS('',2,(#13456,#13457,#13458),
  .UNSPECIFIED.,.F.,.F.,(3,3),(0.,1.),.PIECEWISE_BEZIER_KNOTS.);
#13456 = CARTESIAN_POINT('',(32.055886329364,-2.44282668608,2.));
#13457 = CARTESIAN_POINT('',(32.003262960844,-2.394493266081,2.));
#13458 = CARTESIAN_POINT('',(31.853972752327,-2.394493266081,2.));
#13459 = VECTOR('',#13460,1.);
#13460 = DIRECTION('',(-0.,-0.,-1.));
#13461 = ADVANCED_FACE('',(#13462),#13480,.T.);
#13462 = FACE_BOUND('',#13463,.T.);
#13463 = EDGE_LOOP('',(#13464,#13465,#13466,#13474));
#13464 = ORIENTED_EDGE('',*,*,#13441,.T.);
#13465 = ORIENTED_EDGE('',*,*,#11908,.T.);
#13466 = ORIENTED_EDGE('',*,*,#13467,.F.);
#13467 = EDGE_CURVE('',#13468,#11901,#13470,.T.);
#13468 = VERTEX_POINT('',#13469);
#13469 = CARTESIAN_POINT('',(28.146313244241,-2.394493266081,2.));
#13470 = LINE('',#13471,#13472);
#13471 = CARTESIAN_POINT('',(28.146313244241,-2.394493266081,2.));
#13472 = VECTOR('',#13473,1.);
#13473 = DIRECTION('',(0.,0.,1.));
#13474 = ORIENTED_EDGE('',*,*,#13475,.F.);
#13475 = EDGE_CURVE('',#13442,#13468,#13476,.T.);
#13476 = LINE('',#13477,#13478);
#13477 = CARTESIAN_POINT('',(31.853972752327,-2.394493266081,2.));
#13478 = VECTOR('',#13479,1.);
#13479 = DIRECTION('',(-1.,0.,0.));
#13480 = PLANE('',#13481);
#13481 = AXIS2_PLACEMENT_3D('',#13482,#13483,#13484);
#13482 = CARTESIAN_POINT('',(31.853972752327,-2.394493266081,2.));
#13483 = DIRECTION('',(-2.2E-16,-1.,0.));
#13484 = DIRECTION('',(-1.,2.2E-16,0.));
#13485 = ADVANCED_FACE('',(#13486),#13497,.T.);
#13486 = FACE_BOUND('',#13487,.T.);
#13487 = EDGE_LOOP('',(#13488,#13489,#13490,#13491));
#13488 = ORIENTED_EDGE('',*,*,#13467,.T.);
#13489 = ORIENTED_EDGE('',*,*,#11900,.T.);
#13490 = ORIENTED_EDGE('',*,*,#13204,.F.);
#13491 = ORIENTED_EDGE('',*,*,#13492,.F.);
#13492 = EDGE_CURVE('',#13468,#13205,#13493,.T.);
#13493 = B_SPLINE_CURVE_WITH_KNOTS('',2,(#13494,#13495,#13496),
  .UNSPECIFIED.,.F.,.F.,(3,3),(0.,1.),.PIECEWISE_BEZIER_KNOTS.);
#13494 = CARTESIAN_POINT('',(28.146313244241,-2.394493266081,2.));
#13495 = CARTESIAN_POINT('',(27.988157142114,-2.394493266081,2.));
#13496 = CARTESIAN_POINT('',(27.939823722115,-2.44282668608,2.));
#13497 = SURFACE_OF_LINEAR_EXTRUSION('',#13498,#13502);
#13498 = B_SPLINE_CURVE_WITH_KNOTS('',2,(#13499,#13500,#13501),
  .UNSPECIFIED.,.F.,.F.,(3,3),(0.,1.),.PIECEWISE_BEZIER_KNOTS.);
#13499 = CARTESIAN_POINT('',(28.146313244241,-2.394493266081,2.));
#13500 = CARTESIAN_POINT('',(27.988157142114,-2.394493266081,2.));
#13501 = CARTESIAN_POINT('',(27.939823722115,-2.44282668608,2.));
#13502 = VECTOR('',#13503,1.);
#13503 = DIRECTION('',(-0.,-0.,-1.));
#13504 = ADVANCED_FACE('',(#13505),#13530,.T.);
#13505 = FACE_BOUND('',#13506,.T.);
#13506 = EDGE_LOOP('',(#13507,#13515,#13516,#13524));
#13507 = ORIENTED_EDGE('',*,*,#13508,.T.);
#13508 = EDGE_CURVE('',#13509,#12104,#13511,.T.);
#13509 = VERTEX_POINT('',#13510);
#13510 = CARTESIAN_POINT('',(-3.760176277885,5.819588114942,2.));
#13511 = LINE('',#13512,#13513);
#13512 = CARTESIAN_POINT('',(-3.760176277885,5.819588114942,2.));
#13513 = VECTOR('',#13514,1.);
#13514 = DIRECTION('',(0.,0.,1.));
#13515 = ORIENTED_EDGE('',*,*,#12103,.T.);
#13516 = ORIENTED_EDGE('',*,*,#13517,.F.);
#13517 = EDGE_CURVE('',#13518,#12106,#13520,.T.);
#13518 = VERTEX_POINT('',#13519);
#13519 = CARTESIAN_POINT('',(-3.808509697884,5.604518695775,2.));
#13520 = LINE('',#13521,#13522);
#13521 = CARTESIAN_POINT('',(-3.808509697884,5.604518695775,2.));
#13522 = VECTOR('',#13523,1.);
#13523 = DIRECTION('',(0.,0.,1.));
#13524 = ORIENTED_EDGE('',*,*,#13525,.F.);
#13525 = EDGE_CURVE('',#13509,#13518,#13526,.T.);
#13526 = B_SPLINE_CURVE_WITH_KNOTS('',2,(#13527,#13528,#13529),
  .UNSPECIFIED.,.F.,.F.,(3,3),(0.,1.),.PIECEWISE_BEZIER_KNOTS.);
#13527 = CARTESIAN_POINT('',(-3.760176277885,5.819588114942,2.));
#13528 = CARTESIAN_POINT('',(-3.808509697884,5.771540691511,2.));
#13529 = CARTESIAN_POINT('',(-3.808509697884,5.604518695775,2.));
#13530 = SURFACE_OF_LINEAR_EXTRUSION('',#13531,#13535);
#13531 = B_SPLINE_CURVE_WITH_KNOTS('',2,(#13532,#13533,#13534),
  .UNSPECIFIED.,.F.,.F.,(3,3),(0.,1.),.PIECEWISE_BEZIER_KNOTS.);
#13532 = CARTESIAN_POINT('',(-3.760176277885,5.819588114942,2.));
#13533 = CARTESIAN_POINT('',(-3.808509697884,5.771540691511,2.));
#13534 = CARTESIAN_POINT('',(-3.808509697884,5.604518695775,2.));
#13535 = VECTOR('',#13536,1.);
#13536 = DIRECTION('',(-0.,-0.,-1.));
#13537 = ADVANCED_FACE('',(#13538),#13556,.T.);
#13538 = FACE_BOUND('',#13539,.T.);
#13539 = EDGE_LOOP('',(#13540,#13541,#13542,#13550));
#13540 = ORIENTED_EDGE('',*,*,#13517,.T.);
#13541 = ORIENTED_EDGE('',*,*,#12193,.T.);
#13542 = ORIENTED_EDGE('',*,*,#13543,.F.);
#13543 = EDGE_CURVE('',#13544,#12186,#13546,.T.);
#13544 = VERTEX_POINT('',#13545);
#13545 = CARTESIAN_POINT('',(-3.808509697884,5.130050389395,2.));
#13546 = LINE('',#13547,#13548);
#13547 = CARTESIAN_POINT('',(-3.808509697884,5.130050389395,2.));
#13548 = VECTOR('',#13549,1.);
#13549 = DIRECTION('',(0.,0.,1.));
#13550 = ORIENTED_EDGE('',*,*,#13551,.F.);
#13551 = EDGE_CURVE('',#13518,#13544,#13552,.T.);
#13552 = LINE('',#13553,#13554);
#13553 = CARTESIAN_POINT('',(-3.808509697884,5.604518695775,2.));
#13554 = VECTOR('',#13555,1.);
#13555 = DIRECTION('',(0.,-1.,0.));
#13556 = PLANE('',#13557);
#13557 = AXIS2_PLACEMENT_3D('',#13558,#13559,#13560);
#13558 = CARTESIAN_POINT('',(-3.808509697884,5.604518695775,2.));
#13559 = DIRECTION('',(1.,-2.2E-16,0.));
#13560 = DIRECTION('',(-2.2E-16,-1.,0.));
#13561 = ADVANCED_FACE('',(#13562),#13580,.T.);
#13562 = FACE_BOUND('',#13563,.T.);
#13563 = EDGE_LOOP('',(#13564,#13565,#13566,#13574));
#13564 = ORIENTED_EDGE('',*,*,#13543,.T.);
#13565 = ORIENTED_EDGE('',*,*,#12185,.T.);
#13566 = ORIENTED_EDGE('',*,*,#13567,.F.);
#13567 = EDGE_CURVE('',#13568,#12178,#13570,.T.);
#13568 = VERTEX_POINT('',#13569);
#13569 = CARTESIAN_POINT('',(-3.760176277885,4.92785081579,2.));
#13570 = LINE('',#13571,#13572);
#13571 = CARTESIAN_POINT('',(-3.760176277885,4.92785081579,2.));
#13572 = VECTOR('',#13573,1.);
#13573 = DIRECTION('',(0.,0.,1.));
#13574 = ORIENTED_EDGE('',*,*,#13575,.F.);
#13575 = EDGE_CURVE('',#13544,#13568,#13576,.T.);
#13576 = B_SPLINE_CURVE_WITH_KNOTS('',2,(#13577,#13578,#13579),
  .UNSPECIFIED.,.F.,.F.,(3,3),(0.,1.),.PIECEWISE_BEZIER_KNOTS.);
#13577 = CARTESIAN_POINT('',(-3.808509697884,5.130050389395,2.));
#13578 = CARTESIAN_POINT('',(-3.808509697884,4.980760180877,2.));
#13579 = CARTESIAN_POINT('',(-3.760176277885,4.92785081579,2.));
#13580 = SURFACE_OF_LINEAR_EXTRUSION('',#13581,#13585);
#13581 = B_SPLINE_CURVE_WITH_KNOTS('',2,(#13582,#13583,#13584),
  .UNSPECIFIED.,.F.,.F.,(3,3),(0.,1.),.PIECEWISE_BEZIER_KNOTS.);
#13582 = CARTESIAN_POINT('',(-3.808509697884,5.130050389395,2.));
#13583 = CARTESIAN_POINT('',(-3.808509697884,4.980760180877,2.));
#13584 = CARTESIAN_POINT('',(-3.760176277885,4.92785081579,2.));
#13585 = VECTOR('',#13586,1.);
#13586 = DIRECTION('',(-0.,-0.,-1.));
#13587 = ADVANCED_FACE('',(#13588),#13606,.T.);
#13588 = FACE_BOUND('',#13589,.T.);
#13589 = EDGE_LOOP('',(#13590,#13591,#13592,#13600));
#13590 = ORIENTED_EDGE('',*,*,#13567,.T.);
#13591 = ORIENTED_EDGE('',*,*,#12177,.T.);
#13592 = ORIENTED_EDGE('',*,*,#13593,.F.);
#13593 = EDGE_CURVE('',#13594,#12170,#13596,.T.);
#13594 = VERTEX_POINT('',#13595);
#13595 = CARTESIAN_POINT('',(-3.553686755759,4.87522744727,2.));
#13596 = LINE('',#13597,#13598);
#13597 = CARTESIAN_POINT('',(-3.553686755759,4.87522744727,2.));
#13598 = VECTOR('',#13599,1.);
#13599 = DIRECTION('',(0.,0.,1.));
#13600 = ORIENTED_EDGE('',*,*,#13601,.F.);
#13601 = EDGE_CURVE('',#13568,#13594,#13602,.T.);
#13602 = B_SPLINE_CURVE_WITH_KNOTS('',2,(#13603,#13604,#13605),
  .UNSPECIFIED.,.F.,.F.,(3,3),(0.,1.),.PIECEWISE_BEZIER_KNOTS.);
#13603 = CARTESIAN_POINT('',(-3.760176277885,4.92785081579,2.));
#13604 = CARTESIAN_POINT('',(-3.711842857886,4.87522744727,2.));
#13605 = CARTESIAN_POINT('',(-3.553686755759,4.87522744727,2.));
#13606 = SURFACE_OF_LINEAR_EXTRUSION('',#13607,#13611);
#13607 = B_SPLINE_CURVE_WITH_KNOTS('',2,(#13608,#13609,#13610),
  .UNSPECIFIED.,.F.,.F.,(3,3),(0.,1.),.PIECEWISE_BEZIER_KNOTS.);
#13608 = CARTESIAN_POINT('',(-3.760176277885,4.92785081579,2.));
#13609 = CARTESIAN_POINT('',(-3.711842857886,4.87522744727,2.));
#13610 = CARTESIAN_POINT('',(-3.553686755759,4.87522744727,2.));
#13611 = VECTOR('',#13612,1.);
#13612 = DIRECTION('',(-0.,-0.,-1.));
#13613 = ADVANCED_FACE('',(#13614),#13632,.T.);
#13614 = FACE_BOUND('',#13615,.T.);
#13615 = EDGE_LOOP('',(#13616,#13617,#13618,#13626));
#13616 = ORIENTED_EDGE('',*,*,#13593,.T.);
#13617 = ORIENTED_EDGE('',*,*,#12169,.T.);
#13618 = ORIENTED_EDGE('',*,*,#13619,.F.);
#13619 = EDGE_CURVE('',#13620,#12162,#13622,.T.);
#13620 = VERTEX_POINT('',#13621);
#13621 = CARTESIAN_POINT('',(0.153972752327,4.87522744727,2.));
#13622 = LINE('',#13623,#13624);
#13623 = CARTESIAN_POINT('',(0.153972752327,4.87522744727,2.));
#13624 = VECTOR('',#13625,1.);
#13625 = DIRECTION('',(0.,0.,1.));
#13626 = ORIENTED_EDGE('',*,*,#13627,.F.);
#13627 = EDGE_CURVE('',#13594,#13620,#13628,.T.);
#13628 = LINE('',#13629,#13630);
#13629 = CARTESIAN_POINT('',(-3.553686755759,4.87522744727,2.));
#13630 = VECTOR('',#13631,1.);
#13631 = DIRECTION('',(1.,0.,0.));
#13632 = PLANE('',#13633);
#13633 = AXIS2_PLACEMENT_3D('',#13634,#13635,#13636);
#13634 = CARTESIAN_POINT('',(-3.553686755759,4.87522744727,2.));
#13635 = DIRECTION('',(2.2E-16,1.,0.));
#13636 = DIRECTION('',(1.,-2.2E-16,0.));
#13637 = ADVANCED_FACE('',(#13638),#13656,.T.);
#13638 = FACE_BOUND('',#13639,.T.);
#13639 = EDGE_LOOP('',(#13640,#13641,#13642,#13650));
#13640 = ORIENTED_EDGE('',*,*,#13619,.T.);
#13641 = ORIENTED_EDGE('',*,*,#12161,.T.);
#13642 = ORIENTED_EDGE('',*,*,#13643,.F.);
#13643 = EDGE_CURVE('',#13644,#12154,#13646,.T.);
#13644 = VERTEX_POINT('',#13645);
#13645 = CARTESIAN_POINT('',(0.355886329364,4.92785081579,2.));
#13646 = LINE('',#13647,#13648);
#13647 = CARTESIAN_POINT('',(0.355886329364,4.92785081579,2.));
#13648 = VECTOR('',#13649,1.);
#13649 = DIRECTION('',(0.,0.,1.));
#13650 = ORIENTED_EDGE('',*,*,#13651,.F.);
#13651 = EDGE_CURVE('',#13620,#13644,#13652,.T.);
#13652 = B_SPLINE_CURVE_WITH_KNOTS('',2,(#13653,#13654,#13655),
  .UNSPECIFIED.,.F.,.F.,(3,3),(0.,1.),.PIECEWISE_BEZIER_KNOTS.);
#13653 = CARTESIAN_POINT('',(0.153972752327,4.87522744727,2.));
#13654 = CARTESIAN_POINT('',(0.303262960844,4.87522744727,2.));
#13655 = CARTESIAN_POINT('',(0.355886329364,4.92785081579,2.));
#13656 = SURFACE_OF_LINEAR_EXTRUSION('',#13657,#13661);
#13657 = B_SPLINE_CURVE_WITH_KNOTS('',2,(#13658,#13659,#13660),
  .UNSPECIFIED.,.F.,.F.,(3,3),(0.,1.),.PIECEWISE_BEZIER_KNOTS.);
#13658 = CARTESIAN_POINT('',(0.153972752327,4.87522744727,2.));
#13659 = CARTESIAN_POINT('',(0.303262960844,4.87522744727,2.));
#13660 = CARTESIAN_POINT('',(0.355886329364,4.92785081579,2.));
#13661 = VECTOR('',#13662,1.);
#13662 = DIRECTION('',(-0.,-0.,-1.));
#13663 = ADVANCED_FACE('',(#13664),#13682,.T.);
#13664 = FACE_BOUND('',#13665,.T.);
#13665 = EDGE_LOOP('',(#13666,#13667,#13668,#13676));
#13666 = ORIENTED_EDGE('',*,*,#13643,.T.);
#13667 = ORIENTED_EDGE('',*,*,#12153,.T.);
#13668 = ORIENTED_EDGE('',*,*,#13669,.F.);
#13669 = EDGE_CURVE('',#13670,#12146,#13672,.T.);
#13670 = VERTEX_POINT('',#13671);
#13671 = CARTESIAN_POINT('',(0.408509697884,5.130050389395,2.));
#13672 = LINE('',#13673,#13674);
#13673 = CARTESIAN_POINT('',(0.408509697884,5.130050389395,2.));
#13674 = VECTOR('',#13675,1.);
#13675 = DIRECTION('',(0.,0.,1.));
#13676 = ORIENTED_EDGE('',*,*,#13677,.F.);
#13677 = EDGE_CURVE('',#13644,#13670,#13678,.T.);
#13678 = B_SPLINE_CURVE_WITH_KNOTS('',2,(#13679,#13680,#13681),
  .UNSPECIFIED.,.F.,.F.,(3,3),(0.,1.),.PIECEWISE_BEZIER_KNOTS.);
#13679 = CARTESIAN_POINT('',(0.355886329364,4.92785081579,2.));
#13680 = CARTESIAN_POINT('',(0.408509697884,4.980760180877,2.));
#13681 = CARTESIAN_POINT('',(0.408509697884,5.130050389395,2.));
#13682 = SURFACE_OF_LINEAR_EXTRUSION('',#13683,#13687);
#13683 = B_SPLINE_CURVE_WITH_KNOTS('',2,(#13684,#13685,#13686),
  .UNSPECIFIED.,.F.,.F.,(3,3),(0.,1.),.PIECEWISE_BEZIER_KNOTS.);
#13684 = CARTESIAN_POINT('',(0.355886329364,4.92785081579,2.));
#13685 = CARTESIAN_POINT('',(0.408509697884,4.980760180877,2.));
#13686 = CARTESIAN_POINT('',(0.408509697884,5.130050389395,2.));
#13687 = VECTOR('',#13688,1.);
#13688 = DIRECTION('',(-0.,-0.,-1.));
#13689 = ADVANCED_FACE('',(#13690),#13708,.T.);
#13690 = FACE_BOUND('',#13691,.T.);
#13691 = EDGE_LOOP('',(#13692,#13693,#13694,#13702));
#13692 = ORIENTED_EDGE('',*,*,#13669,.T.);
#13693 = ORIENTED_EDGE('',*,*,#12145,.T.);
#13694 = ORIENTED_EDGE('',*,*,#13695,.F.);
#13695 = EDGE_CURVE('',#13696,#12138,#13698,.T.);
#13696 = VERTEX_POINT('',#13697);
#13697 = CARTESIAN_POINT('',(0.408509697884,5.604518695775,2.));
#13698 = LINE('',#13699,#13700);
#13699 = CARTESIAN_POINT('',(0.408509697884,5.604518695775,2.));
#13700 = VECTOR('',#13701,1.);
#13701 = DIRECTION('',(0.,0.,1.));
#13702 = ORIENTED_EDGE('',*,*,#13703,.F.);
#13703 = EDGE_CURVE('',#13670,#13696,#13704,.T.);
#13704 = LINE('',#13705,#13706);
#13705 = CARTESIAN_POINT('',(0.408509697884,5.130050389395,2.));
#13706 = VECTOR('',#13707,1.);
#13707 = DIRECTION('',(0.,1.,0.));
#13708 = PLANE('',#13709);
#13709 = AXIS2_PLACEMENT_3D('',#13710,#13711,#13712);
#13710 = CARTESIAN_POINT('',(0.408509697884,5.130050389395,2.));
#13711 = DIRECTION('',(-1.,2.2E-16,0.));
#13712 = DIRECTION('',(2.2E-16,1.,0.));
#13713 = ADVANCED_FACE('',(#13714),#13732,.T.);
#13714 = FACE_BOUND('',#13715,.T.);
#13715 = EDGE_LOOP('',(#13716,#13717,#13718,#13726));
#13716 = ORIENTED_EDGE('',*,*,#13695,.T.);
#13717 = ORIENTED_EDGE('',*,*,#12137,.T.);
#13718 = ORIENTED_EDGE('',*,*,#13719,.F.);
#13719 = EDGE_CURVE('',#13720,#12130,#13722,.T.);
#13720 = VERTEX_POINT('',#13721);
#13721 = CARTESIAN_POINT('',(0.355886329364,5.819588114942,2.));
#13722 = LINE('',#13723,#13724);
#13723 = CARTESIAN_POINT('',(0.355886329364,5.819588114942,2.));
#13724 = VECTOR('',#13725,1.);
#13725 = DIRECTION('',(0.,0.,1.));
#13726 = ORIENTED_EDGE('',*,*,#13727,.F.);
#13727 = EDGE_CURVE('',#13696,#13720,#13728,.T.);
#13728 = B_SPLINE_CURVE_WITH_KNOTS('',2,(#13729,#13730,#13731),
  .UNSPECIFIED.,.F.,.F.,(3,3),(0.,1.),.PIECEWISE_BEZIER_KNOTS.);
#13729 = CARTESIAN_POINT('',(0.408509697884,5.604518695775,2.));
#13730 = CARTESIAN_POINT('',(0.408509697884,5.771540691511,2.));
#13731 = CARTESIAN_POINT('',(0.355886329364,5.819588114942,2.));
#13732 = SURFACE_OF_LINEAR_EXTRUSION('',#13733,#13737);
#13733 = B_SPLINE_CURVE_WITH_KNOTS('',2,(#13734,#13735,#13736),
  .UNSPECIFIED.,.F.,.F.,(3,3),(0.,1.),.PIECEWISE_BEZIER_KNOTS.);
#13734 = CARTESIAN_POINT('',(0.408509697884,5.604518695775,2.));
#13735 = CARTESIAN_POINT('',(0.408509697884,5.771540691511,2.));
#13736 = CARTESIAN_POINT('',(0.355886329364,5.819588114942,2.));
#13737 = VECTOR('',#13738,1.);
#13738 = DIRECTION('',(-0.,-0.,-1.));
#13739 = ADVANCED_FACE('',(#13740),#13758,.T.);
#13740 = FACE_BOUND('',#13741,.T.);
#13741 = EDGE_LOOP('',(#13742,#13743,#13744,#13752));
#13742 = ORIENTED_EDGE('',*,*,#13719,.T.);
#13743 = ORIENTED_EDGE('',*,*,#12129,.T.);
#13744 = ORIENTED_EDGE('',*,*,#13745,.F.);
#13745 = EDGE_CURVE('',#13746,#12122,#13748,.T.);
#13746 = VERTEX_POINT('',#13747);
#13747 = CARTESIAN_POINT('',(0.153972752327,5.867921534941,2.));
#13748 = LINE('',#13749,#13750);
#13749 = CARTESIAN_POINT('',(0.153972752327,5.867921534941,2.));
#13750 = VECTOR('',#13751,1.);
#13751 = DIRECTION('',(0.,0.,1.));
#13752 = ORIENTED_EDGE('',*,*,#13753,.F.);
#13753 = EDGE_CURVE('',#13720,#13746,#13754,.T.);
#13754 = B_SPLINE_CURVE_WITH_KNOTS('',2,(#13755,#13756,#13757),
  .UNSPECIFIED.,.F.,.F.,(3,3),(0.,1.),.PIECEWISE_BEZIER_KNOTS.);
#13755 = CARTESIAN_POINT('',(0.355886329364,5.819588114942,2.));
#13756 = CARTESIAN_POINT('',(0.303262960844,5.867921534941,2.));
#13757 = CARTESIAN_POINT('',(0.153972752327,5.867921534941,2.));
#13758 = SURFACE_OF_LINEAR_EXTRUSION('',#13759,#13763);
#13759 = B_SPLINE_CURVE_WITH_KNOTS('',2,(#13760,#13761,#13762),
  .UNSPECIFIED.,.F.,.F.,(3,3),(0.,1.),.PIECEWISE_BEZIER_KNOTS.);
#13760 = CARTESIAN_POINT('',(0.355886329364,5.819588114942,2.));
#13761 = CARTESIAN_POINT('',(0.303262960844,5.867921534941,2.));
#13762 = CARTESIAN_POINT('',(0.153972752327,5.867921534941,2.));
#13763 = VECTOR('',#13764,1.);
#13764 = DIRECTION('',(-0.,-0.,-1.));
#13765 = ADVANCED_FACE('',(#13766),#13784,.T.);
#13766 = FACE_BOUND('',#13767,.T.);
#13767 = EDGE_LOOP('',(#13768,#13769,#13770,#13778));
#13768 = ORIENTED_EDGE('',*,*,#13745,.T.);
#13769 = ORIENTED_EDGE('',*,*,#12121,.T.);
#13770 = ORIENTED_EDGE('',*,*,#13771,.F.);
#13771 = EDGE_CURVE('',#13772,#12114,#13774,.T.);
#13772 = VERTEX_POINT('',#13773);
#13773 = CARTESIAN_POINT('',(-3.553686755759,5.867921534941,2.));
#13774 = LINE('',#13775,#13776);
#13775 = CARTESIAN_POINT('',(-3.553686755759,5.867921534941,2.));
#13776 = VECTOR('',#13777,1.);
#13777 = DIRECTION('',(0.,0.,1.));
#13778 = ORIENTED_EDGE('',*,*,#13779,.F.);
#13779 = EDGE_CURVE('',#13746,#13772,#13780,.T.);
#13780 = LINE('',#13781,#13782);
#13781 = CARTESIAN_POINT('',(0.153972752327,5.867921534941,2.));
#13782 = VECTOR('',#13783,1.);
#13783 = DIRECTION('',(-1.,0.,0.));
#13784 = PLANE('',#13785);
#13785 = AXIS2_PLACEMENT_3D('',#13786,#13787,#13788);
#13786 = CARTESIAN_POINT('',(0.153972752327,5.867921534941,2.));
#13787 = DIRECTION('',(-2.2E-16,-1.,0.));
#13788 = DIRECTION('',(-1.,2.2E-16,0.));
#13789 = ADVANCED_FACE('',(#13790),#13801,.T.);
#13790 = FACE_BOUND('',#13791,.T.);
#13791 = EDGE_LOOP('',(#13792,#13793,#13794,#13795));
#13792 = ORIENTED_EDGE('',*,*,#13771,.T.);
#13793 = ORIENTED_EDGE('',*,*,#12113,.T.);
#13794 = ORIENTED_EDGE('',*,*,#13508,.F.);
#13795 = ORIENTED_EDGE('',*,*,#13796,.F.);
#13796 = EDGE_CURVE('',#13772,#13509,#13797,.T.);
#13797 = B_SPLINE_CURVE_WITH_KNOTS('',2,(#13798,#13799,#13800),
  .UNSPECIFIED.,.F.,.F.,(3,3),(0.,1.),.PIECEWISE_BEZIER_KNOTS.);
#13798 = CARTESIAN_POINT('',(-3.553686755759,5.867921534941,2.));
#13799 = CARTESIAN_POINT('',(-3.711842857886,5.867921534941,2.));
#13800 = CARTESIAN_POINT('',(-3.760176277885,5.819588114942,2.));
#13801 = SURFACE_OF_LINEAR_EXTRUSION('',#13802,#13806);
#13802 = B_SPLINE_CURVE_WITH_KNOTS('',2,(#13803,#13804,#13805),
  .UNSPECIFIED.,.F.,.F.,(3,3),(0.,1.),.PIECEWISE_BEZIER_KNOTS.);
#13803 = CARTESIAN_POINT('',(-3.553686755759,5.867921534941,2.));
#13804 = CARTESIAN_POINT('',(-3.711842857886,5.867921534941,2.));
#13805 = CARTESIAN_POINT('',(-3.760176277885,5.819588114942,2.));
#13806 = VECTOR('',#13807,1.);
#13807 = DIRECTION('',(-0.,-0.,-1.));
#13808 = ADVANCED_FACE('',(#13809),#13834,.T.);
#13809 = FACE_BOUND('',#13810,.T.);
#13810 = EDGE_LOOP('',(#13811,#13819,#13820,#13828));
#13811 = ORIENTED_EDGE('',*,*,#13812,.T.);
#13812 = EDGE_CURVE('',#13813,#12222,#13815,.T.);
#13813 = VERTEX_POINT('',#13814);
#13814 = CARTESIAN_POINT('',(9.639823722115,6.587202953565,2.));
#13815 = LINE('',#13816,#13817);
#13816 = CARTESIAN_POINT('',(9.639823722115,6.587202953565,2.));
#13817 = VECTOR('',#13818,1.);
#13818 = DIRECTION('',(0.,0.,1.));
#13819 = ORIENTED_EDGE('',*,*,#12221,.T.);
#13820 = ORIENTED_EDGE('',*,*,#13821,.F.);
#13821 = EDGE_CURVE('',#13822,#12224,#13824,.T.);
#13822 = VERTEX_POINT('',#13823);
#13823 = CARTESIAN_POINT('',(9.591490302116,6.372133534398,2.));
#13824 = LINE('',#13825,#13826);
#13825 = CARTESIAN_POINT('',(9.591490302116,6.372133534398,2.));
#13826 = VECTOR('',#13827,1.);
#13827 = DIRECTION('',(0.,0.,1.));
#13828 = ORIENTED_EDGE('',*,*,#13829,.F.);
#13829 = EDGE_CURVE('',#13813,#13822,#13830,.T.);
#13830 = B_SPLINE_CURVE_WITH_KNOTS('',2,(#13831,#13832,#13833),
  .UNSPECIFIED.,.F.,.F.,(3,3),(0.,1.),.PIECEWISE_BEZIER_KNOTS.);
#13831 = CARTESIAN_POINT('',(9.639823722115,6.587202953565,2.));
#13832 = CARTESIAN_POINT('',(9.591490302116,6.539155530134,2.));
#13833 = CARTESIAN_POINT('',(9.591490302116,6.372133534398,2.));
#13834 = SURFACE_OF_LINEAR_EXTRUSION('',#13835,#13839);
#13835 = B_SPLINE_CURVE_WITH_KNOTS('',2,(#13836,#13837,#13838),
  .UNSPECIFIED.,.F.,.F.,(3,3),(0.,1.),.PIECEWISE_BEZIER_KNOTS.);
#13836 = CARTESIAN_POINT('',(9.639823722115,6.587202953565,2.));
#13837 = CARTESIAN_POINT('',(9.591490302116,6.539155530134,2.));
#13838 = CARTESIAN_POINT('',(9.591490302116,6.372133534398,2.));
#13839 = VECTOR('',#13840,1.);
#13840 = DIRECTION('',(-0.,-0.,-1.));
#13841 = ADVANCED_FACE('',(#13842),#13860,.T.);
#13842 = FACE_BOUND('',#13843,.T.);
#13843 = EDGE_LOOP('',(#13844,#13845,#13846,#13854));
#13844 = ORIENTED_EDGE('',*,*,#13821,.T.);
#13845 = ORIENTED_EDGE('',*,*,#12311,.T.);
#13846 = ORIENTED_EDGE('',*,*,#13847,.F.);
#13847 = EDGE_CURVE('',#13848,#12304,#13850,.T.);
#13848 = VERTEX_POINT('',#13849);
#13849 = CARTESIAN_POINT('',(9.591490302116,5.897665228017,2.));
#13850 = LINE('',#13851,#13852);
#13851 = CARTESIAN_POINT('',(9.591490302116,5.897665228017,2.));
#13852 = VECTOR('',#13853,1.);
#13853 = DIRECTION('',(0.,0.,1.));
#13854 = ORIENTED_EDGE('',*,*,#13855,.F.);
#13855 = EDGE_CURVE('',#13822,#13848,#13856,.T.);
#13856 = LINE('',#13857,#13858);
#13857 = CARTESIAN_POINT('',(9.591490302116,6.372133534398,2.));
#13858 = VECTOR('',#13859,1.);
#13859 = DIRECTION('',(0.,-1.,0.));
#13860 = PLANE('',#13861);
#13861 = AXIS2_PLACEMENT_3D('',#13862,#13863,#13864);
#13862 = CARTESIAN_POINT('',(9.591490302116,6.372133534398,2.));
#13863 = DIRECTION('',(1.,-2.2E-16,0.));
#13864 = DIRECTION('',(-2.2E-16,-1.,0.));
#13865 = ADVANCED_FACE('',(#13866),#13884,.T.);
#13866 = FACE_BOUND('',#13867,.T.);
#13867 = EDGE_LOOP('',(#13868,#13869,#13870,#13878));
#13868 = ORIENTED_EDGE('',*,*,#13847,.T.);
#13869 = ORIENTED_EDGE('',*,*,#12303,.T.);
#13870 = ORIENTED_EDGE('',*,*,#13871,.F.);
#13871 = EDGE_CURVE('',#13872,#12296,#13874,.T.);
#13872 = VERTEX_POINT('',#13873);
#13873 = CARTESIAN_POINT('',(9.639823722115,5.695465654412,2.));
#13874 = LINE('',#13875,#13876);
#13875 = CARTESIAN_POINT('',(9.639823722115,5.695465654412,2.));
#13876 = VECTOR('',#13877,1.);
#13877 = DIRECTION('',(0.,0.,1.));
#13878 = ORIENTED_EDGE('',*,*,#13879,.F.);
#13879 = EDGE_CURVE('',#13848,#13872,#13880,.T.);
#13880 = B_SPLINE_CURVE_WITH_KNOTS('',2,(#13881,#13882,#13883),
  .UNSPECIFIED.,.F.,.F.,(3,3),(0.,1.),.PIECEWISE_BEZIER_KNOTS.);
#13881 = CARTESIAN_POINT('',(9.591490302116,5.897665228017,2.));
#13882 = CARTESIAN_POINT('',(9.591490302116,5.7483750195,2.));
#13883 = CARTESIAN_POINT('',(9.639823722115,5.695465654412,2.));
#13884 = SURFACE_OF_LINEAR_EXTRUSION('',#13885,#13889);
#13885 = B_SPLINE_CURVE_WITH_KNOTS('',2,(#13886,#13887,#13888),
  .UNSPECIFIED.,.F.,.F.,(3,3),(0.,1.),.PIECEWISE_BEZIER_KNOTS.);
#13886 = CARTESIAN_POINT('',(9.591490302116,5.897665228017,2.));
#13887 = CARTESIAN_POINT('',(9.591490302116,5.7483750195,2.));
#13888 = CARTESIAN_POINT('',(9.639823722115,5.695465654412,2.));
#13889 = VECTOR('',#13890,1.);
#13890 = DIRECTION('',(-0.,-0.,-1.));
#13891 = ADVANCED_FACE('',(#13892),#13910,.T.);
#13892 = FACE_BOUND('',#13893,.T.);
#13893 = EDGE_LOOP('',(#13894,#13895,#13896,#13904));
#13894 = ORIENTED_EDGE('',*,*,#13871,.T.);
#13895 = ORIENTED_EDGE('',*,*,#12295,.T.);
#13896 = ORIENTED_EDGE('',*,*,#13897,.F.);
#13897 = EDGE_CURVE('',#13898,#12288,#13900,.T.);
#13898 = VERTEX_POINT('',#13899);
#13899 = CARTESIAN_POINT('',(9.846313244241,5.642842285893,2.));
#13900 = LINE('',#13901,#13902);
#13901 = CARTESIAN_POINT('',(9.846313244241,5.642842285893,2.));
#13902 = VECTOR('',#13903,1.);
#13903 = DIRECTION('',(0.,0.,1.));
#13904 = ORIENTED_EDGE('',*,*,#13905,.F.);
#13905 = EDGE_CURVE('',#13872,#13898,#13906,.T.);
#13906 = B_SPLINE_CURVE_WITH_KNOTS('',2,(#13907,#13908,#13909),
  .UNSPECIFIED.,.F.,.F.,(3,3),(0.,1.),.PIECEWISE_BEZIER_KNOTS.);
#13907 = CARTESIAN_POINT('',(9.639823722115,5.695465654412,2.));
#13908 = CARTESIAN_POINT('',(9.688157142114,5.642842285893,2.));
#13909 = CARTESIAN_POINT('',(9.846313244241,5.642842285893,2.));
#13910 = SURFACE_OF_LINEAR_EXTRUSION('',#13911,#13915);
#13911 = B_SPLINE_CURVE_WITH_KNOTS('',2,(#13912,#13913,#13914),
  .UNSPECIFIED.,.F.,.F.,(3,3),(0.,1.),.PIECEWISE_BEZIER_KNOTS.);
#13912 = CARTESIAN_POINT('',(9.639823722115,5.695465654412,2.));
#13913 = CARTESIAN_POINT('',(9.688157142114,5.642842285893,2.));
#13914 = CARTESIAN_POINT('',(9.846313244241,5.642842285893,2.));
#13915 = VECTOR('',#13916,1.);
#13916 = DIRECTION('',(-0.,-0.,-1.));
#13917 = ADVANCED_FACE('',(#13918),#13936,.T.);
#13918 = FACE_BOUND('',#13919,.T.);
#13919 = EDGE_LOOP('',(#13920,#13921,#13922,#13930));
#13920 = ORIENTED_EDGE('',*,*,#13897,.T.);
#13921 = ORIENTED_EDGE('',*,*,#12287,.T.);
#13922 = ORIENTED_EDGE('',*,*,#13923,.F.);
#13923 = EDGE_CURVE('',#13924,#12280,#13926,.T.);
#13924 = VERTEX_POINT('',#13925);
#13925 = CARTESIAN_POINT('',(13.553972752327,5.642842285893,2.));
#13926 = LINE('',#13927,#13928);
#13927 = CARTESIAN_POINT('',(13.553972752327,5.642842285893,2.));
#13928 = VECTOR('',#13929,1.);
#13929 = DIRECTION('',(0.,0.,1.));
#13930 = ORIENTED_EDGE('',*,*,#13931,.F.);
#13931 = EDGE_CURVE('',#13898,#13924,#13932,.T.);
#13932 = LINE('',#13933,#13934);
#13933 = CARTESIAN_POINT('',(9.846313244241,5.642842285893,2.));
#13934 = VECTOR('',#13935,1.);
#13935 = DIRECTION('',(1.,0.,0.));
#13936 = PLANE('',#13937);
#13937 = AXIS2_PLACEMENT_3D('',#13938,#13939,#13940);
#13938 = CARTESIAN_POINT('',(9.846313244241,5.642842285893,2.));
#13939 = DIRECTION('',(2.2E-16,1.,0.));
#13940 = DIRECTION('',(1.,-2.2E-16,0.));
#13941 = ADVANCED_FACE('',(#13942),#13960,.T.);
#13942 = FACE_BOUND('',#13943,.T.);
#13943 = EDGE_LOOP('',(#13944,#13945,#13946,#13954));
#13944 = ORIENTED_EDGE('',*,*,#13923,.T.);
#13945 = ORIENTED_EDGE('',*,*,#12279,.T.);
#13946 = ORIENTED_EDGE('',*,*,#13947,.F.);
#13947 = EDGE_CURVE('',#13948,#12272,#13950,.T.);
#13948 = VERTEX_POINT('',#13949);
#13949 = CARTESIAN_POINT('',(13.755886329364,5.695465654412,2.));
#13950 = LINE('',#13951,#13952);
#13951 = CARTESIAN_POINT('',(13.755886329364,5.695465654412,2.));
#13952 = VECTOR('',#13953,1.);
#13953 = DIRECTION('',(0.,0.,1.));
#13954 = ORIENTED_EDGE('',*,*,#13955,.F.);
#13955 = EDGE_CURVE('',#13924,#13948,#13956,.T.);
#13956 = B_SPLINE_CURVE_WITH_KNOTS('',2,(#13957,#13958,#13959),
  .UNSPECIFIED.,.F.,.F.,(3,3),(0.,1.),.PIECEWISE_BEZIER_KNOTS.);
#13957 = CARTESIAN_POINT('',(13.553972752327,5.642842285893,2.));
#13958 = CARTESIAN_POINT('',(13.703262960844,5.642842285893,2.));
#13959 = CARTESIAN_POINT('',(13.755886329364,5.695465654412,2.));
#13960 = SURFACE_OF_LINEAR_EXTRUSION('',#13961,#13965);
#13961 = B_SPLINE_CURVE_WITH_KNOTS('',2,(#13962,#13963,#13964),
  .UNSPECIFIED.,.F.,.F.,(3,3),(0.,1.),.PIECEWISE_BEZIER_KNOTS.);
#13962 = CARTESIAN_POINT('',(13.553972752327,5.642842285893,2.));
#13963 = CARTESIAN_POINT('',(13.703262960844,5.642842285893,2.));
#13964 = CARTESIAN_POINT('',(13.755886329364,5.695465654412,2.));
#13965 = VECTOR('',#13966,1.);
#13966 = DIRECTION('',(-0.,-0.,-1.));
#13967 = ADVANCED_FACE('',(#13968),#13986,.T.);
#13968 = FACE_BOUND('',#13969,.T.);
#13969 = EDGE_LOOP('',(#13970,#13971,#13972,#13980));
#13970 = ORIENTED_EDGE('',*,*,#13947,.T.);
#13971 = ORIENTED_EDGE('',*,*,#12271,.T.);
#13972 = ORIENTED_EDGE('',*,*,#13973,.F.);
#13973 = EDGE_CURVE('',#13974,#12264,#13976,.T.);
#13974 = VERTEX_POINT('',#13975);
#13975 = CARTESIAN_POINT('',(13.808509697884,5.897665228017,2.));
#13976 = LINE('',#13977,#13978);
#13977 = CARTESIAN_POINT('',(13.808509697884,5.897665228017,2.));
#13978 = VECTOR('',#13979,1.);
#13979 = DIRECTION('',(0.,0.,1.));
#13980 = ORIENTED_EDGE('',*,*,#13981,.F.);
#13981 = EDGE_CURVE('',#13948,#13974,#13982,.T.);
#13982 = B_SPLINE_CURVE_WITH_KNOTS('',2,(#13983,#13984,#13985),
  .UNSPECIFIED.,.F.,.F.,(3,3),(0.,1.),.PIECEWISE_BEZIER_KNOTS.);
#13983 = CARTESIAN_POINT('',(13.755886329364,5.695465654412,2.));
#13984 = CARTESIAN_POINT('',(13.808509697884,5.7483750195,2.));
#13985 = CARTESIAN_POINT('',(13.808509697884,5.897665228017,2.));
#13986 = SURFACE_OF_LINEAR_EXTRUSION('',#13987,#13991);
#13987 = B_SPLINE_CURVE_WITH_KNOTS('',2,(#13988,#13989,#13990),
  .UNSPECIFIED.,.F.,.F.,(3,3),(0.,1.),.PIECEWISE_BEZIER_KNOTS.);
#13988 = CARTESIAN_POINT('',(13.755886329364,5.695465654412,2.));
#13989 = CARTESIAN_POINT('',(13.808509697884,5.7483750195,2.));
#13990 = CARTESIAN_POINT('',(13.808509697884,5.897665228017,2.));
#13991 = VECTOR('',#13992,1.);
#13992 = DIRECTION('',(-0.,-0.,-1.));
#13993 = ADVANCED_FACE('',(#13994),#14012,.T.);
#13994 = FACE_BOUND('',#13995,.T.);
#13995 = EDGE_LOOP('',(#13996,#13997,#13998,#14006));
#13996 = ORIENTED_EDGE('',*,*,#13973,.T.);
#13997 = ORIENTED_EDGE('',*,*,#12263,.T.);
#13998 = ORIENTED_EDGE('',*,*,#13999,.F.);
#13999 = EDGE_CURVE('',#14000,#12256,#14002,.T.);
#14000 = VERTEX_POINT('',#14001);
#14001 = CARTESIAN_POINT('',(13.808509697884,6.372133534398,2.));
#14002 = LINE('',#14003,#14004);
#14003 = CARTESIAN_POINT('',(13.808509697884,6.372133534398,2.));
#14004 = VECTOR('',#14005,1.);
#14005 = DIRECTION('',(0.,0.,1.));
#14006 = ORIENTED_EDGE('',*,*,#14007,.F.);
#14007 = EDGE_CURVE('',#13974,#14000,#14008,.T.);
#14008 = LINE('',#14009,#14010);
#14009 = CARTESIAN_POINT('',(13.808509697884,5.897665228017,2.));
#14010 = VECTOR('',#14011,1.);
#14011 = DIRECTION('',(0.,1.,0.));
#14012 = PLANE('',#14013);
#14013 = AXIS2_PLACEMENT_3D('',#14014,#14015,#14016);
#14014 = CARTESIAN_POINT('',(13.808509697884,5.897665228017,2.));
#14015 = DIRECTION('',(-1.,2.2E-16,0.));
#14016 = DIRECTION('',(2.2E-16,1.,0.));
#14017 = ADVANCED_FACE('',(#14018),#14036,.T.);
#14018 = FACE_BOUND('',#14019,.T.);
#14019 = EDGE_LOOP('',(#14020,#14021,#14022,#14030));
#14020 = ORIENTED_EDGE('',*,*,#13999,.T.);
#14021 = ORIENTED_EDGE('',*,*,#12255,.T.);
#14022 = ORIENTED_EDGE('',*,*,#14023,.F.);
#14023 = EDGE_CURVE('',#14024,#12248,#14026,.T.);
#14024 = VERTEX_POINT('',#14025);
#14025 = CARTESIAN_POINT('',(13.755886329364,6.587202953565,2.));
#14026 = LINE('',#14027,#14028);
#14027 = CARTESIAN_POINT('',(13.755886329364,6.587202953565,2.));
#14028 = VECTOR('',#14029,1.);
#14029 = DIRECTION('',(0.,0.,1.));
#14030 = ORIENTED_EDGE('',*,*,#14031,.F.);
#14031 = EDGE_CURVE('',#14000,#14024,#14032,.T.);
#14032 = B_SPLINE_CURVE_WITH_KNOTS('',2,(#14033,#14034,#14035),
  .UNSPECIFIED.,.F.,.F.,(3,3),(0.,1.),.PIECEWISE_BEZIER_KNOTS.);
#14033 = CARTESIAN_POINT('',(13.808509697884,6.372133534398,2.));
#14034 = CARTESIAN_POINT('',(13.808509697884,6.539155530134,2.));
#14035 = CARTESIAN_POINT('',(13.755886329364,6.587202953565,2.));
#14036 = SURFACE_OF_LINEAR_EXTRUSION('',#14037,#14041);
#14037 = B_SPLINE_CURVE_WITH_KNOTS('',2,(#14038,#14039,#14040),
  .UNSPECIFIED.,.F.,.F.,(3,3),(0.,1.),.PIECEWISE_BEZIER_KNOTS.);
#14038 = CARTESIAN_POINT('',(13.808509697884,6.372133534398,2.));
#14039 = CARTESIAN_POINT('',(13.808509697884,6.539155530134,2.));
#14040 = CARTESIAN_POINT('',(13.755886329364,6.587202953565,2.));
#14041 = VECTOR('',#14042,1.);
#14042 = DIRECTION('',(-0.,-0.,-1.));
#14043 = ADVANCED_FACE('',(#14044),#14062,.T.);
#14044 = FACE_BOUND('',#14045,.T.);
#14045 = EDGE_LOOP('',(#14046,#14047,#14048,#14056));
#14046 = ORIENTED_EDGE('',*,*,#14023,.T.);
#14047 = ORIENTED_EDGE('',*,*,#12247,.T.);
#14048 = ORIENTED_EDGE('',*,*,#14049,.F.);
#14049 = EDGE_CURVE('',#14050,#12240,#14052,.T.);
#14050 = VERTEX_POINT('',#14051);
#14051 = CARTESIAN_POINT('',(13.553972752327,6.635536373564,2.));
#14052 = LINE('',#14053,#14054);
#14053 = CARTESIAN_POINT('',(13.553972752327,6.635536373564,2.));
#14054 = VECTOR('',#14055,1.);
#14055 = DIRECTION('',(0.,0.,1.));
#14056 = ORIENTED_EDGE('',*,*,#14057,.F.);
#14057 = EDGE_CURVE('',#14024,#14050,#14058,.T.);
#14058 = B_SPLINE_CURVE_WITH_KNOTS('',2,(#14059,#14060,#14061),
  .UNSPECIFIED.,.F.,.F.,(3,3),(0.,1.),.PIECEWISE_BEZIER_KNOTS.);
#14059 = CARTESIAN_POINT('',(13.755886329364,6.587202953565,2.));
#14060 = CARTESIAN_POINT('',(13.703262960844,6.635536373564,2.));
#14061 = CARTESIAN_POINT('',(13.553972752327,6.635536373564,2.));
#14062 = SURFACE_OF_LINEAR_EXTRUSION('',#14063,#14067);
#14063 = B_SPLINE_CURVE_WITH_KNOTS('',2,(#14064,#14065,#14066),
  .UNSPECIFIED.,.F.,.F.,(3,3),(0.,1.),.PIECEWISE_BEZIER_KNOTS.);
#14064 = CARTESIAN_POINT('',(13.755886329364,6.587202953565,2.));
#14065 = CARTESIAN_POINT('',(13.703262960844,6.635536373564,2.));
#14066 = CARTESIAN_POINT('',(13.553972752327,6.635536373564,2.));
#14067 = VECTOR('',#14068,1.);
#14068 = DIRECTION('',(-0.,-0.,-1.));
#14069 = ADVANCED_FACE('',(#14070),#14088,.T.);
#14070 = FACE_BOUND('',#14071,.T.);
#14071 = EDGE_LOOP('',(#14072,#14073,#14074,#14082));
#14072 = ORIENTED_EDGE('',*,*,#14049,.T.);
#14073 = ORIENTED_EDGE('',*,*,#12239,.T.);
#14074 = ORIENTED_EDGE('',*,*,#14075,.F.);
#14075 = EDGE_CURVE('',#14076,#12232,#14078,.T.);
#14076 = VERTEX_POINT('',#14077);
#14077 = CARTESIAN_POINT('',(9.846313244241,6.635536373564,2.));
#14078 = LINE('',#14079,#14080);
#14079 = CARTESIAN_POINT('',(9.846313244241,6.635536373564,2.));
#14080 = VECTOR('',#14081,1.);
#14081 = DIRECTION('',(0.,0.,1.));
#14082 = ORIENTED_EDGE('',*,*,#14083,.F.);
#14083 = EDGE_CURVE('',#14050,#14076,#14084,.T.);
#14084 = LINE('',#14085,#14086);
#14085 = CARTESIAN_POINT('',(13.553972752327,6.635536373564,2.));
#14086 = VECTOR('',#14087,1.);
#14087 = DIRECTION('',(-1.,0.,0.));
#14088 = PLANE('',#14089);
#14089 = AXIS2_PLACEMENT_3D('',#14090,#14091,#14092);
#14090 = CARTESIAN_POINT('',(13.553972752327,6.635536373564,2.));
#14091 = DIRECTION('',(-2.2E-16,-1.,0.));
#14092 = DIRECTION('',(-1.,2.2E-16,0.));
#14093 = ADVANCED_FACE('',(#14094),#14105,.T.);
#14094 = FACE_BOUND('',#14095,.T.);
#14095 = EDGE_LOOP('',(#14096,#14097,#14098,#14099));
#14096 = ORIENTED_EDGE('',*,*,#14075,.T.);
#14097 = ORIENTED_EDGE('',*,*,#12231,.T.);
#14098 = ORIENTED_EDGE('',*,*,#13812,.F.);
#14099 = ORIENTED_EDGE('',*,*,#14100,.F.);
#14100 = EDGE_CURVE('',#14076,#13813,#14101,.T.);
#14101 = B_SPLINE_CURVE_WITH_KNOTS('',2,(#14102,#14103,#14104),
  .UNSPECIFIED.,.F.,.F.,(3,3),(0.,1.),.PIECEWISE_BEZIER_KNOTS.);
#14102 = CARTESIAN_POINT('',(9.846313244241,6.635536373564,2.));
#14103 = CARTESIAN_POINT('',(9.688157142114,6.635536373564,2.));
#14104 = CARTESIAN_POINT('',(9.639823722115,6.587202953565,2.));
#14105 = SURFACE_OF_LINEAR_EXTRUSION('',#14106,#14110);
#14106 = B_SPLINE_CURVE_WITH_KNOTS('',2,(#14107,#14108,#14109),
  .UNSPECIFIED.,.F.,.F.,(3,3),(0.,1.),.PIECEWISE_BEZIER_KNOTS.);
#14107 = CARTESIAN_POINT('',(9.846313244241,6.635536373564,2.));
#14108 = CARTESIAN_POINT('',(9.688157142114,6.635536373564,2.));
#14109 = CARTESIAN_POINT('',(9.639823722115,6.587202953565,2.));
#14110 = VECTOR('',#14111,1.);
#14111 = DIRECTION('',(-0.,-0.,-1.));
#14112 = ADVANCED_FACE('',(#14113),#14138,.T.);
#14113 = FACE_BOUND('',#14114,.T.);
#14114 = EDGE_LOOP('',(#14115,#14123,#14124,#14132));
#14115 = ORIENTED_EDGE('',*,*,#14116,.T.);
#14116 = EDGE_CURVE('',#14117,#12391,#14119,.T.);
#14117 = VERTEX_POINT('',#14118);
#14118 = CARTESIAN_POINT('',(41.853972752327,3.308395299256,2.));
#14119 = LINE('',#14120,#14121);
#14120 = CARTESIAN_POINT('',(41.853972752327,3.308395299256,2.));
#14121 = VECTOR('',#14122,1.);
#14122 = DIRECTION('',(0.,0.,1.));
#14123 = ORIENTED_EDGE('',*,*,#12390,.T.);
#14124 = ORIENTED_EDGE('',*,*,#14125,.F.);
#14125 = EDGE_CURVE('',#14126,#12393,#14128,.T.);
#14126 = VERTEX_POINT('',#14127);
#14127 = CARTESIAN_POINT('',(40.474611304664,3.308395299256,2.));
#14128 = LINE('',#14129,#14130);
#14129 = CARTESIAN_POINT('',(40.474611304664,3.308395299256,2.));
#14130 = VECTOR('',#14131,1.);
#14131 = DIRECTION('',(0.,0.,1.));
#14132 = ORIENTED_EDGE('',*,*,#14133,.F.);
#14133 = EDGE_CURVE('',#14117,#14126,#14134,.T.);
#14134 = LINE('',#14135,#14136);
#14135 = CARTESIAN_POINT('',(41.853972752327,3.308395299256,2.));
#14136 = VECTOR('',#14137,1.);
#14137 = DIRECTION('',(-1.,0.,0.));
#14138 = PLANE('',#14139);
#14139 = AXIS2_PLACEMENT_3D('',#14140,#14141,#14142);
#14140 = CARTESIAN_POINT('',(41.853972752327,3.308395299256,2.));
#14141 = DIRECTION('',(-2.2E-16,-1.,0.));
#14142 = DIRECTION('',(-1.,2.2E-16,0.));
#14143 = ADVANCED_FACE('',(#14144),#14162,.T.);
#14144 = FACE_BOUND('',#14145,.T.);
#14145 = EDGE_LOOP('',(#14146,#14147,#14148,#14156));
#14146 = ORIENTED_EDGE('',*,*,#14125,.T.);
#14147 = ORIENTED_EDGE('',*,*,#12464,.T.);
#14148 = ORIENTED_EDGE('',*,*,#14149,.F.);
#14149 = EDGE_CURVE('',#14150,#12457,#14152,.T.);
#14150 = VERTEX_POINT('',#14151);
#14151 = CARTESIAN_POINT('',(40.268121782539,3.260061879257,2.));
#14152 = LINE('',#14153,#14154);
#14153 = CARTESIAN_POINT('',(40.268121782539,3.260061879257,2.));
#14154 = VECTOR('',#14155,1.);
#14155 = DIRECTION('',(0.,0.,1.));
#14156 = ORIENTED_EDGE('',*,*,#14157,.F.);
#14157 = EDGE_CURVE('',#14126,#14150,#14158,.T.);
#14158 = B_SPLINE_CURVE_WITH_KNOTS('',2,(#14159,#14160,#14161),
  .UNSPECIFIED.,.F.,.F.,(3,3),(0.,1.),.PIECEWISE_BEZIER_KNOTS.);
#14159 = CARTESIAN_POINT('',(40.474611304664,3.308395299256,2.));
#14160 = CARTESIAN_POINT('',(40.316455202538,3.308395299256,2.));
#14161 = CARTESIAN_POINT('',(40.268121782539,3.260061879257,2.));
#14162 = SURFACE_OF_LINEAR_EXTRUSION('',#14163,#14167);
#14163 = B_SPLINE_CURVE_WITH_KNOTS('',2,(#14164,#14165,#14166),
  .UNSPECIFIED.,.F.,.F.,(3,3),(0.,1.),.PIECEWISE_BEZIER_KNOTS.);
#14164 = CARTESIAN_POINT('',(40.474611304664,3.308395299256,2.));
#14165 = CARTESIAN_POINT('',(40.316455202538,3.308395299256,2.));
#14166 = CARTESIAN_POINT('',(40.268121782539,3.260061879257,2.));
#14167 = VECTOR('',#14168,1.);
#14168 = DIRECTION('',(-0.,-0.,-1.));
#14169 = ADVANCED_FACE('',(#14170),#14188,.T.);
#14170 = FACE_BOUND('',#14171,.T.);
#14171 = EDGE_LOOP('',(#14172,#14173,#14174,#14182));
#14172 = ORIENTED_EDGE('',*,*,#14149,.T.);
#14173 = ORIENTED_EDGE('',*,*,#12456,.T.);
#14174 = ORIENTED_EDGE('',*,*,#14175,.F.);
#14175 = EDGE_CURVE('',#14176,#12449,#14178,.T.);
#14176 = VERTEX_POINT('',#14177);
#14177 = CARTESIAN_POINT('',(40.21978836254,3.044706463522,2.));
#14178 = LINE('',#14179,#14180);
#14179 = CARTESIAN_POINT('',(40.21978836254,3.044706463522,2.));
#14180 = VECTOR('',#14181,1.);
#14181 = DIRECTION('',(0.,0.,1.));
#14182 = ORIENTED_EDGE('',*,*,#14183,.F.);
#14183 = EDGE_CURVE('',#14150,#14176,#14184,.T.);
#14184 = B_SPLINE_CURVE_WITH_KNOTS('',2,(#14185,#14186,#14187),
  .UNSPECIFIED.,.F.,.F.,(3,3),(0.,1.),.PIECEWISE_BEZIER_KNOTS.);
#14185 = CARTESIAN_POINT('',(40.268121782539,3.260061879257,2.));
#14186 = CARTESIAN_POINT('',(40.21978836254,3.211728459258,2.));
#14187 = CARTESIAN_POINT('',(40.21978836254,3.044706463522,2.));
#14188 = SURFACE_OF_LINEAR_EXTRUSION('',#14189,#14193);
#14189 = B_SPLINE_CURVE_WITH_KNOTS('',2,(#14190,#14191,#14192),
  .UNSPECIFIED.,.F.,.F.,(3,3),(0.,1.),.PIECEWISE_BEZIER_KNOTS.);
#14190 = CARTESIAN_POINT('',(40.268121782539,3.260061879257,2.));
#14191 = CARTESIAN_POINT('',(40.21978836254,3.211728459258,2.));
#14192 = CARTESIAN_POINT('',(40.21978836254,3.044706463522,2.));
#14193 = VECTOR('',#14194,1.);
#14194 = DIRECTION('',(-0.,-0.,-1.));
#14195 = ADVANCED_FACE('',(#14196),#14214,.T.);
#14196 = FACE_BOUND('',#14197,.T.);
#14197 = EDGE_LOOP('',(#14198,#14199,#14200,#14208));
#14198 = ORIENTED_EDGE('',*,*,#14175,.T.);
#14199 = ORIENTED_EDGE('',*,*,#12448,.T.);
#14200 = ORIENTED_EDGE('',*,*,#14201,.F.);
#14201 = EDGE_CURVE('',#14202,#12441,#14204,.T.);
#14202 = VERTEX_POINT('',#14203);
#14203 = CARTESIAN_POINT('',(40.21978836254,2.324281108627,2.));
#14204 = LINE('',#14205,#14206);
#14205 = CARTESIAN_POINT('',(40.21978836254,2.324281108627,2.));
#14206 = VECTOR('',#14207,1.);
#14207 = DIRECTION('',(0.,0.,1.));
#14208 = ORIENTED_EDGE('',*,*,#14209,.F.);
#14209 = EDGE_CURVE('',#14176,#14202,#14210,.T.);
#14210 = LINE('',#14211,#14212);
#14211 = CARTESIAN_POINT('',(40.21978836254,3.044706463522,2.));
#14212 = VECTOR('',#14213,1.);
#14213 = DIRECTION('',(0.,-1.,0.));
#14214 = PLANE('',#14215);
#14215 = AXIS2_PLACEMENT_3D('',#14216,#14217,#14218);
#14216 = CARTESIAN_POINT('',(40.21978836254,3.044706463522,2.));
#14217 = DIRECTION('',(1.,-2.2E-16,0.));
#14218 = DIRECTION('',(-2.2E-16,-1.,0.));
#14219 = ADVANCED_FACE('',(#14220),#14238,.T.);
#14220 = FACE_BOUND('',#14221,.T.);
#14221 = EDGE_LOOP('',(#14222,#14223,#14224,#14232));
#14222 = ORIENTED_EDGE('',*,*,#14201,.T.);
#14223 = ORIENTED_EDGE('',*,*,#12440,.T.);
#14224 = ORIENTED_EDGE('',*,*,#14225,.F.);
#14225 = EDGE_CURVE('',#14226,#12433,#14228,.T.);
#14226 = VERTEX_POINT('',#14227);
#14227 = CARTESIAN_POINT('',(41.853972752327,2.324281108627,2.));
#14228 = LINE('',#14229,#14230);
#14229 = CARTESIAN_POINT('',(41.853972752327,2.324281108627,2.));
#14230 = VECTOR('',#14231,1.);
#14231 = DIRECTION('',(0.,0.,1.));
#14232 = ORIENTED_EDGE('',*,*,#14233,.F.);
#14233 = EDGE_CURVE('',#14202,#14226,#14234,.T.);
#14234 = LINE('',#14235,#14236);
#14235 = CARTESIAN_POINT('',(38.146313244241,2.324281108627,2.));
#14236 = VECTOR('',#14237,1.);
#14237 = DIRECTION('',(1.,0.,0.));
#14238 = PLANE('',#14239);
#14239 = AXIS2_PLACEMENT_3D('',#14240,#14241,#14242);
#14240 = CARTESIAN_POINT('',(40.21978836254,2.324281108627,2.));
#14241 = DIRECTION('',(2.2E-16,1.,0.));
#14242 = DIRECTION('',(1.,-2.2E-16,0.));
#14243 = ADVANCED_FACE('',(#14244),#14262,.T.);
#14244 = FACE_BOUND('',#14245,.T.);
#14245 = EDGE_LOOP('',(#14246,#14247,#14248,#14256));
#14246 = ORIENTED_EDGE('',*,*,#14225,.T.);
#14247 = ORIENTED_EDGE('',*,*,#12432,.T.);
#14248 = ORIENTED_EDGE('',*,*,#14249,.F.);
#14249 = EDGE_CURVE('',#14250,#12425,#14252,.T.);
#14250 = VERTEX_POINT('',#14251);
#14251 = CARTESIAN_POINT('',(42.055886329364,2.376904477146,2.));
#14252 = LINE('',#14253,#14254);
#14253 = CARTESIAN_POINT('',(42.055886329364,2.376904477146,2.));
#14254 = VECTOR('',#14255,1.);
#14255 = DIRECTION('',(0.,0.,1.));
#14256 = ORIENTED_EDGE('',*,*,#14257,.F.);
#14257 = EDGE_CURVE('',#14226,#14250,#14258,.T.);
#14258 = B_SPLINE_CURVE_WITH_KNOTS('',2,(#14259,#14260,#14261),
  .UNSPECIFIED.,.F.,.F.,(3,3),(0.,1.),.PIECEWISE_BEZIER_KNOTS.);
#14259 = CARTESIAN_POINT('',(41.853972752327,2.324281108627,2.));
#14260 = CARTESIAN_POINT('',(42.003262960844,2.324281108627,2.));
#14261 = CARTESIAN_POINT('',(42.055886329364,2.376904477146,2.));
#14262 = SURFACE_OF_LINEAR_EXTRUSION('',#14263,#14267);
#14263 = B_SPLINE_CURVE_WITH_KNOTS('',2,(#14264,#14265,#14266),
  .UNSPECIFIED.,.F.,.F.,(3,3),(0.,1.),.PIECEWISE_BEZIER_KNOTS.);
#14264 = CARTESIAN_POINT('',(41.853972752327,2.324281108627,2.));
#14265 = CARTESIAN_POINT('',(42.003262960844,2.324281108627,2.));
#14266 = CARTESIAN_POINT('',(42.055886329364,2.376904477146,2.));
#14267 = VECTOR('',#14268,1.);
#14268 = DIRECTION('',(-0.,-0.,-1.));
#14269 = ADVANCED_FACE('',(#14270),#14288,.T.);
#14270 = FACE_BOUND('',#14271,.T.);
#14271 = EDGE_LOOP('',(#14272,#14273,#14274,#14282));
#14272 = ORIENTED_EDGE('',*,*,#14249,.T.);
#14273 = ORIENTED_EDGE('',*,*,#12424,.T.);
#14274 = ORIENTED_EDGE('',*,*,#14275,.F.);
#14275 = EDGE_CURVE('',#14276,#12417,#14278,.T.);
#14276 = VERTEX_POINT('',#14277);
#14277 = CARTESIAN_POINT('',(42.108509697884,2.579104050751,2.));
#14278 = LINE('',#14279,#14280);
#14279 = CARTESIAN_POINT('',(42.108509697884,2.579104050751,2.));
#14280 = VECTOR('',#14281,1.);
#14281 = DIRECTION('',(0.,0.,1.));
#14282 = ORIENTED_EDGE('',*,*,#14283,.F.);
#14283 = EDGE_CURVE('',#14250,#14276,#14284,.T.);
#14284 = B_SPLINE_CURVE_WITH_KNOTS('',2,(#14285,#14286,#14287),
  .UNSPECIFIED.,.F.,.F.,(3,3),(0.,1.),.PIECEWISE_BEZIER_KNOTS.);
#14285 = CARTESIAN_POINT('',(42.055886329364,2.376904477146,2.));
#14286 = CARTESIAN_POINT('',(42.108509697884,2.429813842234,2.));
#14287 = CARTESIAN_POINT('',(42.108509697884,2.579104050751,2.));
#14288 = SURFACE_OF_LINEAR_EXTRUSION('',#14289,#14293);
#14289 = B_SPLINE_CURVE_WITH_KNOTS('',2,(#14290,#14291,#14292),
  .UNSPECIFIED.,.F.,.F.,(3,3),(0.,1.),.PIECEWISE_BEZIER_KNOTS.);
#14290 = CARTESIAN_POINT('',(42.055886329364,2.376904477146,2.));
#14291 = CARTESIAN_POINT('',(42.108509697884,2.429813842234,2.));
#14292 = CARTESIAN_POINT('',(42.108509697884,2.579104050751,2.));
#14293 = VECTOR('',#14294,1.);
#14294 = DIRECTION('',(-0.,-0.,-1.));
#14295 = ADVANCED_FACE('',(#14296),#14314,.T.);
#14296 = FACE_BOUND('',#14297,.T.);
#14297 = EDGE_LOOP('',(#14298,#14299,#14300,#14308));
#14298 = ORIENTED_EDGE('',*,*,#14275,.T.);
#14299 = ORIENTED_EDGE('',*,*,#12416,.T.);
#14300 = ORIENTED_EDGE('',*,*,#14301,.F.);
#14301 = EDGE_CURVE('',#14302,#12409,#14304,.T.);
#14302 = VERTEX_POINT('',#14303);
#14303 = CARTESIAN_POINT('',(42.108509697884,3.044706463522,2.));
#14304 = LINE('',#14305,#14306);
#14305 = CARTESIAN_POINT('',(42.108509697884,3.044706463522,2.));
#14306 = VECTOR('',#14307,1.);
#14307 = DIRECTION('',(0.,0.,1.));
#14308 = ORIENTED_EDGE('',*,*,#14309,.F.);
#14309 = EDGE_CURVE('',#14276,#14302,#14310,.T.);
#14310 = LINE('',#14311,#14312);
#14311 = CARTESIAN_POINT('',(42.108509697884,2.579104050751,2.));
#14312 = VECTOR('',#14313,1.);
#14313 = DIRECTION('',(2.2E-16,1.,0.));
#14314 = PLANE('',#14315);
#14315 = AXIS2_PLACEMENT_3D('',#14316,#14317,#14318);
#14316 = CARTESIAN_POINT('',(42.108509697884,2.811905257137,2.3));
#14317 = DIRECTION('',(-1.,-0.,-0.));
#14318 = DIRECTION('',(0.,0.,-1.));
#14319 = ADVANCED_FACE('',(#14320),#14338,.T.);
#14320 = FACE_BOUND('',#14321,.T.);
#14321 = EDGE_LOOP('',(#14322,#14323,#14324,#14332));
#14322 = ORIENTED_EDGE('',*,*,#14301,.T.);
#14323 = ORIENTED_EDGE('',*,*,#12408,.T.);
#14324 = ORIENTED_EDGE('',*,*,#14325,.F.);
#14325 = EDGE_CURVE('',#14326,#12401,#14328,.T.);
#14326 = VERTEX_POINT('',#14327);
#14327 = CARTESIAN_POINT('',(42.055886329364,3.260061879257,2.));
#14328 = LINE('',#14329,#14330);
#14329 = CARTESIAN_POINT('',(42.055886329364,3.260061879257,2.));
#14330 = VECTOR('',#14331,1.);
#14331 = DIRECTION('',(0.,0.,1.));
#14332 = ORIENTED_EDGE('',*,*,#14333,.F.);
#14333 = EDGE_CURVE('',#14302,#14326,#14334,.T.);
#14334 = B_SPLINE_CURVE_WITH_KNOTS('',2,(#14335,#14336,#14337),
  .UNSPECIFIED.,.F.,.F.,(3,3),(0.,1.),.PIECEWISE_BEZIER_KNOTS.);
#14335 = CARTESIAN_POINT('',(42.108509697884,3.044706463522,2.));
#14336 = CARTESIAN_POINT('',(42.108509697884,3.211728459258,2.));
#14337 = CARTESIAN_POINT('',(42.055886329364,3.260061879257,2.));
#14338 = SURFACE_OF_LINEAR_EXTRUSION('',#14339,#14343);
#14339 = B_SPLINE_CURVE_WITH_KNOTS('',2,(#14340,#14341,#14342),
  .UNSPECIFIED.,.F.,.F.,(3,3),(0.,1.),.PIECEWISE_BEZIER_KNOTS.);
#14340 = CARTESIAN_POINT('',(42.108509697884,3.044706463522,2.));
#14341 = CARTESIAN_POINT('',(42.108509697884,3.211728459258,2.));
#14342 = CARTESIAN_POINT('',(42.055886329364,3.260061879257,2.));
#14343 = VECTOR('',#14344,1.);
#14344 = DIRECTION('',(-0.,-0.,-1.));
#14345 = ADVANCED_FACE('',(#14346),#14357,.T.);
#14346 = FACE_BOUND('',#14347,.T.);
#14347 = EDGE_LOOP('',(#14348,#14349,#14350,#14351));
#14348 = ORIENTED_EDGE('',*,*,#14325,.T.);
#14349 = ORIENTED_EDGE('',*,*,#12400,.T.);
#14350 = ORIENTED_EDGE('',*,*,#14116,.F.);
#14351 = ORIENTED_EDGE('',*,*,#14352,.F.);
#14352 = EDGE_CURVE('',#14326,#14117,#14353,.T.);
#14353 = B_SPLINE_CURVE_WITH_KNOTS('',2,(#14354,#14355,#14356),
  .UNSPECIFIED.,.F.,.F.,(3,3),(0.,1.),.PIECEWISE_BEZIER_KNOTS.);
#14354 = CARTESIAN_POINT('',(42.055886329364,3.260061879257,2.));
#14355 = CARTESIAN_POINT('',(42.003262960844,3.308395299256,2.));
#14356 = CARTESIAN_POINT('',(41.853972752327,3.308395299256,2.));
#14357 = SURFACE_OF_LINEAR_EXTRUSION('',#14358,#14362);
#14358 = B_SPLINE_CURVE_WITH_KNOTS('',2,(#14359,#14360,#14361),
  .UNSPECIFIED.,.F.,.F.,(3,3),(0.,1.),.PIECEWISE_BEZIER_KNOTS.);
#14359 = CARTESIAN_POINT('',(42.055886329364,3.260061879257,2.));
#14360 = CARTESIAN_POINT('',(42.003262960844,3.308395299256,2.));
#14361 = CARTESIAN_POINT('',(41.853972752327,3.308395299256,2.));
#14362 = VECTOR('',#14363,1.);
#14363 = DIRECTION('',(-0.,-0.,-1.));
#14364 = ADVANCED_FACE('',(#14365),#14390,.T.);
#14365 = FACE_BOUND('',#14366,.T.);
#14366 = EDGE_LOOP('',(#14367,#14375,#14376,#14384));
#14367 = ORIENTED_EDGE('',*,*,#14368,.T.);
#14368 = EDGE_CURVE('',#14369,#12493,#14371,.T.);
#14369 = VERTEX_POINT('',#14370);
#14370 = CARTESIAN_POINT('',(37.939823722115,6.627099474806,2.));
#14371 = LINE('',#14372,#14373);
#14372 = CARTESIAN_POINT('',(37.939823722115,6.627099474806,2.));
#14373 = VECTOR('',#14374,1.);
#14374 = DIRECTION('',(0.,0.,1.));
#14375 = ORIENTED_EDGE('',*,*,#12492,.T.);
#14376 = ORIENTED_EDGE('',*,*,#14377,.F.);
#14377 = EDGE_CURVE('',#14378,#12495,#14380,.T.);
#14378 = VERTEX_POINT('',#14379);
#14379 = CARTESIAN_POINT('',(37.891490302116,6.412030055639,2.));
#14380 = LINE('',#14381,#14382);
#14381 = CARTESIAN_POINT('',(37.891490302116,6.412030055639,2.));
#14382 = VECTOR('',#14383,1.);
#14383 = DIRECTION('',(0.,0.,1.));
#14384 = ORIENTED_EDGE('',*,*,#14385,.F.);
#14385 = EDGE_CURVE('',#14369,#14378,#14386,.T.);
#14386 = B_SPLINE_CURVE_WITH_KNOTS('',2,(#14387,#14388,#14389),
  .UNSPECIFIED.,.F.,.F.,(3,3),(0.,1.),.PIECEWISE_BEZIER_KNOTS.);
#14387 = CARTESIAN_POINT('',(37.939823722115,6.627099474806,2.));
#14388 = CARTESIAN_POINT('',(37.891490302116,6.579052051375,2.));
#14389 = CARTESIAN_POINT('',(37.891490302116,6.412030055639,2.));
#14390 = SURFACE_OF_LINEAR_EXTRUSION('',#14391,#14395);
#14391 = B_SPLINE_CURVE_WITH_KNOTS('',2,(#14392,#14393,#14394),
  .UNSPECIFIED.,.F.,.F.,(3,3),(0.,1.),.PIECEWISE_BEZIER_KNOTS.);
#14392 = CARTESIAN_POINT('',(37.939823722115,6.627099474806,2.));
#14393 = CARTESIAN_POINT('',(37.891490302116,6.579052051375,2.));
#14394 = CARTESIAN_POINT('',(37.891490302116,6.412030055639,2.));
#14395 = VECTOR('',#14396,1.);
#14396 = DIRECTION('',(-0.,-0.,-1.));
#14397 = ADVANCED_FACE('',(#14398),#14416,.T.);
#14398 = FACE_BOUND('',#14399,.T.);
#14399 = EDGE_LOOP('',(#14400,#14401,#14402,#14410));
#14400 = ORIENTED_EDGE('',*,*,#14377,.T.);
#14401 = ORIENTED_EDGE('',*,*,#12582,.T.);
#14402 = ORIENTED_EDGE('',*,*,#14403,.F.);
#14403 = EDGE_CURVE('',#14404,#12575,#14406,.T.);
#14404 = VERTEX_POINT('',#14405);
#14405 = CARTESIAN_POINT('',(37.891490302116,5.937561749259,2.));
#14406 = LINE('',#14407,#14408);
#14407 = CARTESIAN_POINT('',(37.891490302116,5.937561749259,2.));
#14408 = VECTOR('',#14409,1.);
#14409 = DIRECTION('',(0.,0.,1.));
#14410 = ORIENTED_EDGE('',*,*,#14411,.F.);
#14411 = EDGE_CURVE('',#14378,#14404,#14412,.T.);
#14412 = LINE('',#14413,#14414);
#14413 = CARTESIAN_POINT('',(37.891490302116,6.412030055639,2.));
#14414 = VECTOR('',#14415,1.);
#14415 = DIRECTION('',(0.,-1.,0.));
#14416 = PLANE('',#14417);
#14417 = AXIS2_PLACEMENT_3D('',#14418,#14419,#14420);
#14418 = CARTESIAN_POINT('',(37.891490302116,6.412030055639,2.));
#14419 = DIRECTION('',(1.,-2.2E-16,0.));
#14420 = DIRECTION('',(-2.2E-16,-1.,0.));
#14421 = ADVANCED_FACE('',(#14422),#14440,.T.);
#14422 = FACE_BOUND('',#14423,.T.);
#14423 = EDGE_LOOP('',(#14424,#14425,#14426,#14434));
#14424 = ORIENTED_EDGE('',*,*,#14403,.T.);
#14425 = ORIENTED_EDGE('',*,*,#12574,.T.);
#14426 = ORIENTED_EDGE('',*,*,#14427,.F.);
#14427 = EDGE_CURVE('',#14428,#12567,#14430,.T.);
#14428 = VERTEX_POINT('',#14429);
#14429 = CARTESIAN_POINT('',(37.939823722115,5.735362175654,2.));
#14430 = LINE('',#14431,#14432);
#14431 = CARTESIAN_POINT('',(37.939823722115,5.735362175654,2.));
#14432 = VECTOR('',#14433,1.);
#14433 = DIRECTION('',(0.,0.,1.));
#14434 = ORIENTED_EDGE('',*,*,#14435,.F.);
#14435 = EDGE_CURVE('',#14404,#14428,#14436,.T.);
#14436 = B_SPLINE_CURVE_WITH_KNOTS('',2,(#14437,#14438,#14439),
  .UNSPECIFIED.,.F.,.F.,(3,3),(0.,1.),.PIECEWISE_BEZIER_KNOTS.);
#14437 = CARTESIAN_POINT('',(37.891490302116,5.937561749259,2.));
#14438 = CARTESIAN_POINT('',(37.891490302116,5.788271540742,2.));
#14439 = CARTESIAN_POINT('',(37.939823722115,5.735362175654,2.));
#14440 = SURFACE_OF_LINEAR_EXTRUSION('',#14441,#14445);
#14441 = B_SPLINE_CURVE_WITH_KNOTS('',2,(#14442,#14443,#14444),
  .UNSPECIFIED.,.F.,.F.,(3,3),(0.,1.),.PIECEWISE_BEZIER_KNOTS.);
#14442 = CARTESIAN_POINT('',(37.891490302116,5.937561749259,2.));
#14443 = CARTESIAN_POINT('',(37.891490302116,5.788271540742,2.));
#14444 = CARTESIAN_POINT('',(37.939823722115,5.735362175654,2.));
#14445 = VECTOR('',#14446,1.);
#14446 = DIRECTION('',(-0.,-0.,-1.));
#14447 = ADVANCED_FACE('',(#14448),#14466,.T.);
#14448 = FACE_BOUND('',#14449,.T.);
#14449 = EDGE_LOOP('',(#14450,#14451,#14452,#14460));
#14450 = ORIENTED_EDGE('',*,*,#14427,.T.);
#14451 = ORIENTED_EDGE('',*,*,#12566,.T.);
#14452 = ORIENTED_EDGE('',*,*,#14453,.F.);
#14453 = EDGE_CURVE('',#14454,#12559,#14456,.T.);
#14454 = VERTEX_POINT('',#14455);
#14455 = CARTESIAN_POINT('',(38.146313244241,5.682738807134,2.));
#14456 = LINE('',#14457,#14458);
#14457 = CARTESIAN_POINT('',(38.146313244241,5.682738807134,2.));
#14458 = VECTOR('',#14459,1.);
#14459 = DIRECTION('',(0.,0.,1.));
#14460 = ORIENTED_EDGE('',*,*,#14461,.F.);
#14461 = EDGE_CURVE('',#14428,#14454,#14462,.T.);
#14462 = B_SPLINE_CURVE_WITH_KNOTS('',2,(#14463,#14464,#14465),
  .UNSPECIFIED.,.F.,.F.,(3,3),(0.,1.),.PIECEWISE_BEZIER_KNOTS.);
#14463 = CARTESIAN_POINT('',(37.939823722115,5.735362175654,2.));
#14464 = CARTESIAN_POINT('',(37.988157142114,5.682738807134,2.));
#14465 = CARTESIAN_POINT('',(38.146313244241,5.682738807134,2.));
#14466 = SURFACE_OF_LINEAR_EXTRUSION('',#14467,#14471);
#14467 = B_SPLINE_CURVE_WITH_KNOTS('',2,(#14468,#14469,#14470),
  .UNSPECIFIED.,.F.,.F.,(3,3),(0.,1.),.PIECEWISE_BEZIER_KNOTS.);
#14468 = CARTESIAN_POINT('',(37.939823722115,5.735362175654,2.));
#14469 = CARTESIAN_POINT('',(37.988157142114,5.682738807134,2.));
#14470 = CARTESIAN_POINT('',(38.146313244241,5.682738807134,2.));
#14471 = VECTOR('',#14472,1.);
#14472 = DIRECTION('',(-0.,-0.,-1.));
#14473 = ADVANCED_FACE('',(#14474),#14492,.T.);
#14474 = FACE_BOUND('',#14475,.T.);
#14475 = EDGE_LOOP('',(#14476,#14477,#14478,#14486));
#14476 = ORIENTED_EDGE('',*,*,#14453,.T.);
#14477 = ORIENTED_EDGE('',*,*,#12558,.T.);
#14478 = ORIENTED_EDGE('',*,*,#14479,.F.);
#14479 = EDGE_CURVE('',#14480,#12551,#14482,.T.);
#14480 = VERTEX_POINT('',#14481);
#14481 = CARTESIAN_POINT('',(41.853972752327,5.682738807134,2.));
#14482 = LINE('',#14483,#14484);
#14483 = CARTESIAN_POINT('',(41.853972752327,5.682738807134,2.));
#14484 = VECTOR('',#14485,1.);
#14485 = DIRECTION('',(0.,0.,1.));
#14486 = ORIENTED_EDGE('',*,*,#14487,.F.);
#14487 = EDGE_CURVE('',#14454,#14480,#14488,.T.);
#14488 = LINE('',#14489,#14490);
#14489 = CARTESIAN_POINT('',(38.146313244241,5.682738807134,2.));
#14490 = VECTOR('',#14491,1.);
#14491 = DIRECTION('',(1.,0.,0.));
#14492 = PLANE('',#14493);
#14493 = AXIS2_PLACEMENT_3D('',#14494,#14495,#14496);
#14494 = CARTESIAN_POINT('',(38.146313244241,5.682738807134,2.));
#14495 = DIRECTION('',(2.2E-16,1.,0.));
#14496 = DIRECTION('',(1.,-2.2E-16,0.));
#14497 = ADVANCED_FACE('',(#14498),#14516,.T.);
#14498 = FACE_BOUND('',#14499,.T.);
#14499 = EDGE_LOOP('',(#14500,#14501,#14502,#14510));
#14500 = ORIENTED_EDGE('',*,*,#14479,.T.);
#14501 = ORIENTED_EDGE('',*,*,#12550,.T.);
#14502 = ORIENTED_EDGE('',*,*,#14503,.F.);
#14503 = EDGE_CURVE('',#14504,#12543,#14506,.T.);
#14504 = VERTEX_POINT('',#14505);
#14505 = CARTESIAN_POINT('',(42.055886329364,5.735362175654,2.));
#14506 = LINE('',#14507,#14508);
#14507 = CARTESIAN_POINT('',(42.055886329364,5.735362175654,2.));
#14508 = VECTOR('',#14509,1.);
#14509 = DIRECTION('',(0.,0.,1.));
#14510 = ORIENTED_EDGE('',*,*,#14511,.F.);
#14511 = EDGE_CURVE('',#14480,#14504,#14512,.T.);
#14512 = B_SPLINE_CURVE_WITH_KNOTS('',2,(#14513,#14514,#14515),
  .UNSPECIFIED.,.F.,.F.,(3,3),(0.,1.),.PIECEWISE_BEZIER_KNOTS.);
#14513 = CARTESIAN_POINT('',(41.853972752327,5.682738807134,2.));
#14514 = CARTESIAN_POINT('',(42.003262960844,5.682738807134,2.));
#14515 = CARTESIAN_POINT('',(42.055886329364,5.735362175654,2.));
#14516 = SURFACE_OF_LINEAR_EXTRUSION('',#14517,#14521);
#14517 = B_SPLINE_CURVE_WITH_KNOTS('',2,(#14518,#14519,#14520),
  .UNSPECIFIED.,.F.,.F.,(3,3),(0.,1.),.PIECEWISE_BEZIER_KNOTS.);
#14518 = CARTESIAN_POINT('',(41.853972752327,5.682738807134,2.));
#14519 = CARTESIAN_POINT('',(42.003262960844,5.682738807134,2.));
#14520 = CARTESIAN_POINT('',(42.055886329364,5.735362175654,2.));
#14521 = VECTOR('',#14522,1.);
#14522 = DIRECTION('',(-0.,-0.,-1.));
#14523 = ADVANCED_FACE('',(#14524),#14542,.T.);
#14524 = FACE_BOUND('',#14525,.T.);
#14525 = EDGE_LOOP('',(#14526,#14527,#14528,#14536));
#14526 = ORIENTED_EDGE('',*,*,#14503,.T.);
#14527 = ORIENTED_EDGE('',*,*,#12542,.T.);
#14528 = ORIENTED_EDGE('',*,*,#14529,.F.);
#14529 = EDGE_CURVE('',#14530,#12535,#14532,.T.);
#14530 = VERTEX_POINT('',#14531);
#14531 = CARTESIAN_POINT('',(42.108509697884,5.937561749259,2.));
#14532 = LINE('',#14533,#14534);
#14533 = CARTESIAN_POINT('',(42.108509697884,5.937561749259,2.));
#14534 = VECTOR('',#14535,1.);
#14535 = DIRECTION('',(0.,0.,1.));
#14536 = ORIENTED_EDGE('',*,*,#14537,.F.);
#14537 = EDGE_CURVE('',#14504,#14530,#14538,.T.);
#14538 = B_SPLINE_CURVE_WITH_KNOTS('',2,(#14539,#14540,#14541),
  .UNSPECIFIED.,.F.,.F.,(3,3),(0.,1.),.PIECEWISE_BEZIER_KNOTS.);
#14539 = CARTESIAN_POINT('',(42.055886329364,5.735362175654,2.));
#14540 = CARTESIAN_POINT('',(42.108509697884,5.788271540742,2.));
#14541 = CARTESIAN_POINT('',(42.108509697884,5.937561749259,2.));
#14542 = SURFACE_OF_LINEAR_EXTRUSION('',#14543,#14547);
#14543 = B_SPLINE_CURVE_WITH_KNOTS('',2,(#14544,#14545,#14546),
  .UNSPECIFIED.,.F.,.F.,(3,3),(0.,1.),.PIECEWISE_BEZIER_KNOTS.);
#14544 = CARTESIAN_POINT('',(42.055886329364,5.735362175654,2.));
#14545 = CARTESIAN_POINT('',(42.108509697884,5.788271540742,2.));
#14546 = CARTESIAN_POINT('',(42.108509697884,5.937561749259,2.));
#14547 = VECTOR('',#14548,1.);
#14548 = DIRECTION('',(-0.,-0.,-1.));
#14549 = ADVANCED_FACE('',(#14550),#14568,.T.);
#14550 = FACE_BOUND('',#14551,.T.);
#14551 = EDGE_LOOP('',(#14552,#14553,#14554,#14562));
#14552 = ORIENTED_EDGE('',*,*,#14529,.T.);
#14553 = ORIENTED_EDGE('',*,*,#12534,.T.);
#14554 = ORIENTED_EDGE('',*,*,#14555,.F.);
#14555 = EDGE_CURVE('',#14556,#12527,#14558,.T.);
#14556 = VERTEX_POINT('',#14557);
#14557 = CARTESIAN_POINT('',(42.108509697884,6.412030055639,2.));
#14558 = LINE('',#14559,#14560);
#14559 = CARTESIAN_POINT('',(42.108509697884,6.412030055639,2.));
#14560 = VECTOR('',#14561,1.);
#14561 = DIRECTION('',(0.,0.,1.));
#14562 = ORIENTED_EDGE('',*,*,#14563,.F.);
#14563 = EDGE_CURVE('',#14530,#14556,#14564,.T.);
#14564 = LINE('',#14565,#14566);
#14565 = CARTESIAN_POINT('',(42.108509697884,5.937561749259,2.));
#14566 = VECTOR('',#14567,1.);
#14567 = DIRECTION('',(0.,1.,0.));
#14568 = PLANE('',#14569);
#14569 = AXIS2_PLACEMENT_3D('',#14570,#14571,#14572);
#14570 = CARTESIAN_POINT('',(42.108509697884,5.937561749259,2.));
#14571 = DIRECTION('',(-1.,2.2E-16,0.));
#14572 = DIRECTION('',(2.2E-16,1.,0.));
#14573 = ADVANCED_FACE('',(#14574),#14592,.T.);
#14574 = FACE_BOUND('',#14575,.T.);
#14575 = EDGE_LOOP('',(#14576,#14577,#14578,#14586));
#14576 = ORIENTED_EDGE('',*,*,#14555,.T.);
#14577 = ORIENTED_EDGE('',*,*,#12526,.T.);
#14578 = ORIENTED_EDGE('',*,*,#14579,.F.);
#14579 = EDGE_CURVE('',#14580,#12519,#14582,.T.);
#14580 = VERTEX_POINT('',#14581);
#14581 = CARTESIAN_POINT('',(42.055886329364,6.627099474806,2.));
#14582 = LINE('',#14583,#14584);
#14583 = CARTESIAN_POINT('',(42.055886329364,6.627099474806,2.));
#14584 = VECTOR('',#14585,1.);
#14585 = DIRECTION('',(0.,0.,1.));
#14586 = ORIENTED_EDGE('',*,*,#14587,.F.);
#14587 = EDGE_CURVE('',#14556,#14580,#14588,.T.);
#14588 = B_SPLINE_CURVE_WITH_KNOTS('',2,(#14589,#14590,#14591),
  .UNSPECIFIED.,.F.,.F.,(3,3),(0.,1.),.PIECEWISE_BEZIER_KNOTS.);
#14589 = CARTESIAN_POINT('',(42.108509697884,6.412030055639,2.));
#14590 = CARTESIAN_POINT('',(42.108509697884,6.579052051375,2.));
#14591 = CARTESIAN_POINT('',(42.055886329364,6.627099474806,2.));
#14592 = SURFACE_OF_LINEAR_EXTRUSION('',#14593,#14597);
#14593 = B_SPLINE_CURVE_WITH_KNOTS('',2,(#14594,#14595,#14596),
  .UNSPECIFIED.,.F.,.F.,(3,3),(0.,1.),.PIECEWISE_BEZIER_KNOTS.);
#14594 = CARTESIAN_POINT('',(42.108509697884,6.412030055639,2.));
#14595 = CARTESIAN_POINT('',(42.108509697884,6.579052051375,2.));
#14596 = CARTESIAN_POINT('',(42.055886329364,6.627099474806,2.));
#14597 = VECTOR('',#14598,1.);
#14598 = DIRECTION('',(-0.,-0.,-1.));
#14599 = ADVANCED_FACE('',(#14600),#14618,.T.);
#14600 = FACE_BOUND('',#14601,.T.);
#14601 = EDGE_LOOP('',(#14602,#14603,#14604,#14612));
#14602 = ORIENTED_EDGE('',*,*,#14579,.T.);
#14603 = ORIENTED_EDGE('',*,*,#12518,.T.);
#14604 = ORIENTED_EDGE('',*,*,#14605,.F.);
#14605 = EDGE_CURVE('',#14606,#12511,#14608,.T.);
#14606 = VERTEX_POINT('',#14607);
#14607 = CARTESIAN_POINT('',(41.853972752327,6.675432894805,2.));
#14608 = LINE('',#14609,#14610);
#14609 = CARTESIAN_POINT('',(41.853972752327,6.675432894805,2.));
#14610 = VECTOR('',#14611,1.);
#14611 = DIRECTION('',(0.,0.,1.));
#14612 = ORIENTED_EDGE('',*,*,#14613,.F.);
#14613 = EDGE_CURVE('',#14580,#14606,#14614,.T.);
#14614 = B_SPLINE_CURVE_WITH_KNOTS('',2,(#14615,#14616,#14617),
  .UNSPECIFIED.,.F.,.F.,(3,3),(0.,1.),.PIECEWISE_BEZIER_KNOTS.);
#14615 = CARTESIAN_POINT('',(42.055886329364,6.627099474806,2.));
#14616 = CARTESIAN_POINT('',(42.003262960844,6.675432894805,2.));
#14617 = CARTESIAN_POINT('',(41.853972752327,6.675432894805,2.));
#14618 = SURFACE_OF_LINEAR_EXTRUSION('',#14619,#14623);
#14619 = B_SPLINE_CURVE_WITH_KNOTS('',2,(#14620,#14621,#14622),
  .UNSPECIFIED.,.F.,.F.,(3,3),(0.,1.),.PIECEWISE_BEZIER_KNOTS.);
#14620 = CARTESIAN_POINT('',(42.055886329364,6.627099474806,2.));
#14621 = CARTESIAN_POINT('',(42.003262960844,6.675432894805,2.));
#14622 = CARTESIAN_POINT('',(41.853972752327,6.675432894805,2.));
#14623 = VECTOR('',#14624,1.);
#14624 = DIRECTION('',(-0.,-0.,-1.));
#14625 = ADVANCED_FACE('',(#14626),#14644,.T.);
#14626 = FACE_BOUND('',#14627,.T.);
#14627 = EDGE_LOOP('',(#14628,#14629,#14630,#14638));
#14628 = ORIENTED_EDGE('',*,*,#14605,.T.);
#14629 = ORIENTED_EDGE('',*,*,#12510,.T.);
#14630 = ORIENTED_EDGE('',*,*,#14631,.F.);
#14631 = EDGE_CURVE('',#14632,#12503,#14634,.T.);
#14632 = VERTEX_POINT('',#14633);
#14633 = CARTESIAN_POINT('',(38.146313244241,6.675432894805,2.));
#14634 = LINE('',#14635,#14636);
#14635 = CARTESIAN_POINT('',(38.146313244241,6.675432894805,2.));
#14636 = VECTOR('',#14637,1.);
#14637 = DIRECTION('',(0.,0.,1.));
#14638 = ORIENTED_EDGE('',*,*,#14639,.F.);
#14639 = EDGE_CURVE('',#14606,#14632,#14640,.T.);
#14640 = LINE('',#14641,#14642);
#14641 = CARTESIAN_POINT('',(41.853972752327,6.675432894805,2.));
#14642 = VECTOR('',#14643,1.);
#14643 = DIRECTION('',(-1.,0.,0.));
#14644 = PLANE('',#14645);
#14645 = AXIS2_PLACEMENT_3D('',#14646,#14647,#14648);
#14646 = CARTESIAN_POINT('',(41.853972752327,6.675432894805,2.));
#14647 = DIRECTION('',(-2.2E-16,-1.,0.));
#14648 = DIRECTION('',(-1.,2.2E-16,0.));
#14649 = ADVANCED_FACE('',(#14650),#14661,.T.);
#14650 = FACE_BOUND('',#14651,.T.);
#14651 = EDGE_LOOP('',(#14652,#14653,#14654,#14655));
#14652 = ORIENTED_EDGE('',*,*,#14631,.T.);
#14653 = ORIENTED_EDGE('',*,*,#12502,.T.);
#14654 = ORIENTED_EDGE('',*,*,#14368,.F.);
#14655 = ORIENTED_EDGE('',*,*,#14656,.F.);
#14656 = EDGE_CURVE('',#14632,#14369,#14657,.T.);
#14657 = B_SPLINE_CURVE_WITH_KNOTS('',2,(#14658,#14659,#14660),
  .UNSPECIFIED.,.F.,.F.,(3,3),(0.,1.),.PIECEWISE_BEZIER_KNOTS.);
#14658 = CARTESIAN_POINT('',(38.146313244241,6.675432894805,2.));
#14659 = CARTESIAN_POINT('',(37.988157142114,6.675432894805,2.));
#14660 = CARTESIAN_POINT('',(37.939823722115,6.627099474806,2.));
#14661 = SURFACE_OF_LINEAR_EXTRUSION('',#14662,#14666);
#14662 = B_SPLINE_CURVE_WITH_KNOTS('',2,(#14663,#14664,#14665),
  .UNSPECIFIED.,.F.,.F.,(3,3),(0.,1.),.PIECEWISE_BEZIER_KNOTS.);
#14663 = CARTESIAN_POINT('',(38.146313244241,6.675432894805,2.));
#14664 = CARTESIAN_POINT('',(37.988157142114,6.675432894805,2.));
#14665 = CARTESIAN_POINT('',(37.939823722115,6.627099474806,2.));
#14666 = VECTOR('',#14667,1.);
#14667 = DIRECTION('',(-0.,-0.,-1.));
#14668 = ADVANCED_FACE('',(#14669),#14683,.T.);
#14669 = FACE_BOUND('',#14670,.T.);
#14670 = EDGE_LOOP('',(#14671,#14672,#14673,#14674,#14675,#14676,#14677,
    #14678,#14679,#14680,#14681,#14682));
#14671 = ORIENTED_EDGE('',*,*,#12884,.T.);
#14672 = ORIENTED_EDGE('',*,*,#12613,.T.);
#14673 = ORIENTED_EDGE('',*,*,#12637,.T.);
#14674 = ORIENTED_EDGE('',*,*,#12663,.T.);
#14675 = ORIENTED_EDGE('',*,*,#12689,.T.);
#14676 = ORIENTED_EDGE('',*,*,#12713,.T.);
#14677 = ORIENTED_EDGE('',*,*,#12739,.T.);
#14678 = ORIENTED_EDGE('',*,*,#12765,.T.);
#14679 = ORIENTED_EDGE('',*,*,#12789,.T.);
#14680 = ORIENTED_EDGE('',*,*,#12815,.T.);
#14681 = ORIENTED_EDGE('',*,*,#12841,.T.);
#14682 = ORIENTED_EDGE('',*,*,#12865,.T.);
#14683 = PLANE('',#14684);
#14684 = AXIS2_PLACEMENT_3D('',#14685,#14686,#14687);
#14685 = CARTESIAN_POINT('',(2.387927250366,6.375757808689E-02,2.));
#14686 = DIRECTION('',(0.,0.,1.));
#14687 = DIRECTION('',(1.,0.,0.));
#14688 = ADVANCED_FACE('',(#14689),#14703,.T.);
#14689 = FACE_BOUND('',#14690,.T.);
#14690 = EDGE_LOOP('',(#14691,#14692,#14693,#14694,#14695,#14696,#14697,
    #14698,#14699,#14700,#14701,#14702));
#14691 = ORIENTED_EDGE('',*,*,#12900,.T.);
#14692 = ORIENTED_EDGE('',*,*,#12941,.T.);
#14693 = ORIENTED_EDGE('',*,*,#12967,.T.);
#14694 = ORIENTED_EDGE('',*,*,#12993,.T.);
#14695 = ORIENTED_EDGE('',*,*,#13017,.T.);
#14696 = ORIENTED_EDGE('',*,*,#13043,.T.);
#14697 = ORIENTED_EDGE('',*,*,#13069,.T.);
#14698 = ORIENTED_EDGE('',*,*,#13093,.T.);
#14699 = ORIENTED_EDGE('',*,*,#13119,.T.);
#14700 = ORIENTED_EDGE('',*,*,#13145,.T.);
#14701 = ORIENTED_EDGE('',*,*,#13169,.T.);
#14702 = ORIENTED_EDGE('',*,*,#13188,.T.);
#14703 = PLANE('',#14704);
#14704 = AXIS2_PLACEMENT_3D('',#14705,#14706,#14707);
#14705 = CARTESIAN_POINT('',(2.387927250366,6.375757808689E-02,2.));
#14706 = DIRECTION('',(0.,0.,1.));
#14707 = DIRECTION('',(1.,0.,0.));
#14708 = ADVANCED_FACE('',(#14709),#14723,.T.);
#14709 = FACE_BOUND('',#14710,.T.);
#14710 = EDGE_LOOP('',(#14711,#14712,#14713,#14714,#14715,#14716,#14717,
    #14718,#14719,#14720,#14721,#14722));
#14711 = ORIENTED_EDGE('',*,*,#13492,.T.);
#14712 = ORIENTED_EDGE('',*,*,#13221,.T.);
#14713 = ORIENTED_EDGE('',*,*,#13247,.T.);
#14714 = ORIENTED_EDGE('',*,*,#13271,.T.);
#14715 = ORIENTED_EDGE('',*,*,#13297,.T.);
#14716 = ORIENTED_EDGE('',*,*,#13323,.T.);
#14717 = ORIENTED_EDGE('',*,*,#13347,.T.);
#14718 = ORIENTED_EDGE('',*,*,#13373,.T.);
#14719 = ORIENTED_EDGE('',*,*,#13399,.T.);
#14720 = ORIENTED_EDGE('',*,*,#13423,.T.);
#14721 = ORIENTED_EDGE('',*,*,#13449,.T.);
#14722 = ORIENTED_EDGE('',*,*,#13475,.T.);
#14723 = PLANE('',#14724);
#14724 = AXIS2_PLACEMENT_3D('',#14725,#14726,#14727);
#14725 = CARTESIAN_POINT('',(10.035085883816,0.366409521914,2.));
#14726 = DIRECTION('',(0.,0.,1.));
#14727 = DIRECTION('',(1.,0.,0.));
#14728 = ADVANCED_FACE('',(#14729),#14743,.T.);
#14729 = FACE_BOUND('',#14730,.T.);
#14730 = EDGE_LOOP('',(#14731,#14732,#14733,#14734,#14735,#14736,#14737,
    #14738,#14739,#14740,#14741,#14742));
#14731 = ORIENTED_EDGE('',*,*,#13796,.T.);
#14732 = ORIENTED_EDGE('',*,*,#13525,.T.);
#14733 = ORIENTED_EDGE('',*,*,#13551,.T.);
#14734 = ORIENTED_EDGE('',*,*,#13575,.T.);
#14735 = ORIENTED_EDGE('',*,*,#13601,.T.);
#14736 = ORIENTED_EDGE('',*,*,#13627,.T.);
#14737 = ORIENTED_EDGE('',*,*,#13651,.T.);
#14738 = ORIENTED_EDGE('',*,*,#13677,.T.);
#14739 = ORIENTED_EDGE('',*,*,#13703,.T.);
#14740 = ORIENTED_EDGE('',*,*,#13727,.T.);
#14741 = ORIENTED_EDGE('',*,*,#13753,.T.);
#14742 = ORIENTED_EDGE('',*,*,#13779,.T.);
#14743 = PLANE('',#14744);
#14744 = AXIS2_PLACEMENT_3D('',#14745,#14746,#14747);
#14745 = CARTESIAN_POINT('',(2.387927250366,6.375757808689E-02,2.));
#14746 = DIRECTION('',(0.,0.,1.));
#14747 = DIRECTION('',(1.,0.,0.));
#14748 = ADVANCED_FACE('',(#14749),#14763,.T.);
#14749 = FACE_BOUND('',#14750,.T.);
#14750 = EDGE_LOOP('',(#14751,#14752,#14753,#14754,#14755,#14756,#14757,
    #14758,#14759,#14760,#14761,#14762));
#14751 = ORIENTED_EDGE('',*,*,#14100,.T.);
#14752 = ORIENTED_EDGE('',*,*,#13829,.T.);
#14753 = ORIENTED_EDGE('',*,*,#13855,.T.);
#14754 = ORIENTED_EDGE('',*,*,#13879,.T.);
#14755 = ORIENTED_EDGE('',*,*,#13905,.T.);
#14756 = ORIENTED_EDGE('',*,*,#13931,.T.);
#14757 = ORIENTED_EDGE('',*,*,#13955,.T.);
#14758 = ORIENTED_EDGE('',*,*,#13981,.T.);
#14759 = ORIENTED_EDGE('',*,*,#14007,.T.);
#14760 = ORIENTED_EDGE('',*,*,#14031,.T.);
#14761 = ORIENTED_EDGE('',*,*,#14057,.T.);
#14762 = ORIENTED_EDGE('',*,*,#14083,.T.);
#14763 = PLANE('',#14764);
#14764 = AXIS2_PLACEMENT_3D('',#14765,#14766,#14767);
#14765 = CARTESIAN_POINT('',(2.387927250366,6.375757808689E-02,2.));
#14766 = DIRECTION('',(0.,0.,1.));
#14767 = DIRECTION('',(1.,0.,0.));
#14768 = ADVANCED_FACE('',(#14769),#14781,.T.);
#14769 = FACE_BOUND('',#14770,.T.);
#14770 = EDGE_LOOP('',(#14771,#14772,#14773,#14774,#14775,#14776,#14777,
    #14778,#14779,#14780));
#14771 = ORIENTED_EDGE('',*,*,#14352,.T.);
#14772 = ORIENTED_EDGE('',*,*,#14133,.T.);
#14773 = ORIENTED_EDGE('',*,*,#14157,.T.);
#14774 = ORIENTED_EDGE('',*,*,#14183,.T.);
#14775 = ORIENTED_EDGE('',*,*,#14209,.T.);
#14776 = ORIENTED_EDGE('',*,*,#14233,.T.);
#14777 = ORIENTED_EDGE('',*,*,#14257,.T.);
#14778 = ORIENTED_EDGE('',*,*,#14283,.T.);
#14779 = ORIENTED_EDGE('',*,*,#14309,.T.);
#14780 = ORIENTED_EDGE('',*,*,#14333,.T.);
#14781 = PLANE('',#14782);
#14782 = AXIS2_PLACEMENT_3D('',#14783,#14784,#14785);
#14783 = CARTESIAN_POINT('',(10.035085883816,0.366409521914,2.));
#14784 = DIRECTION('',(0.,0.,1.));
#14785 = DIRECTION('',(1.,0.,0.));
#14786 = ADVANCED_FACE('',(#14787),#14801,.T.);
#14787 = FACE_BOUND('',#14788,.T.);
#14788 = EDGE_LOOP('',(#14789,#14790,#14791,#14792,#14793,#14794,#14795,
    #14796,#14797,#14798,#14799,#14800));
#14789 = ORIENTED_EDGE('',*,*,#14656,.T.);
#14790 = ORIENTED_EDGE('',*,*,#14385,.T.);
#14791 = ORIENTED_EDGE('',*,*,#14411,.T.);
#14792 = ORIENTED_EDGE('',*,*,#14435,.T.);
#14793 = ORIENTED_EDGE('',*,*,#14461,.T.);
#14794 = ORIENTED_EDGE('',*,*,#14487,.T.);
#14795 = ORIENTED_EDGE('',*,*,#14511,.T.);
#14796 = ORIENTED_EDGE('',*,*,#14537,.T.);
#14797 = ORIENTED_EDGE('',*,*,#14563,.T.);
#14798 = ORIENTED_EDGE('',*,*,#14587,.T.);
#14799 = ORIENTED_EDGE('',*,*,#14613,.T.);
#14800 = ORIENTED_EDGE('',*,*,#14639,.T.);
#14801 = PLANE('',#14802);
#14802 = AXIS2_PLACEMENT_3D('',#14803,#14804,#14805);
#14803 = CARTESIAN_POINT('',(10.035085883816,0.366409521914,2.));
#14804 = DIRECTION('',(0.,0.,1.));
#14805 = DIRECTION('',(1.,0.,0.));
#14806 = ( GEOMETRIC_REPRESENTATION_CONTEXT(3) 
GLOBAL_UNCERTAINTY_ASSIGNED_CONTEXT((#14810)) 
GLOBAL_UNIT_ASSIGNED_CONTEXT((#14807,#14808,#14809)) 
REPRESENTATION_CONTEXT('Context #1',
  '3D Context with UNIT and UNCERTAINTY') );
#14807 = ( LENGTH_UNIT() NAMED_UNIT(*) SI_UNIT(.MILLI.,.METRE.) );
#14808 = ( NAMED_UNIT(*) PLANE_ANGLE_UNIT() SI_UNIT($,.RADIAN.) );
#14809 = ( NAMED_UNIT(*) SI_UNIT($,.STERADIAN.) SOLID_ANGLE_UNIT() );
#14810 = UNCERTAINTY_MEASURE_WITH_UNIT(LENGTH_MEASURE(2.E-07),#14807,
  'distance_accuracy_value','confusion accuracy');
#14811 = PRODUCT_RELATED_PRODUCT_CATEGORY('part',$,(#7));
ENDSEC;
END-ISO-10303-21;
