ISO-10303-21;
HEADER;
FILE_DESCRIPTION(('FreeCAD Model'),'2;1');
FILE_NAME('Open CASCADE Shape Model','2026-09-19T00:42:57',('Author'),(
    ''),'Open CASCADE STEP processor 7.6','FreeCAD','Unknown');
FILE_SCHEMA(('AUTOMOTIVE_DESIGN { 1 0 10303 214 1 1 1 1 }'));
ENDSEC;
DATA;
#1 = APPLICATION_PROTOCOL_DEFINITION('international standard',
  'automotive_design',2000,#2);
#2 = APPLICATION_CONTEXT(
  'core data for automotive mechanical design processes');
#3 = SHAPE_DEFINITION_REPRESENTATION(#4,#10);
#4 = PRODUCT_DEFINITION_SHAPE('','',#5);
#5 = PRODUCT_DEFINITION('design','',#6,#9);
#6 = PRODUCT_DEFINITION_FORMATION('','',#7);
#7 = PRODUCT('B_motor_mount','B_motor_mount','',(#8));
#8 = PRODUCT_CONTEXT('',#2,'mechanical');
#9 = PRODUCT_DEFINITION_CONTEXT('part definition',#2,'design');
#10 = ADVANCED_BREP_SHAPE_REPRESENTATION('',(#11,#15),#3507);
#11 = AXIS2_PLACEMENT_3D('',#12,#13,#14);
#12 = CARTESIAN_POINT('',(0.,0.,0.));
#13 = DIRECTION('',(0.,0.,1.));
#14 = DIRECTION('',(1.,0.,-0.));
#15 = MANIFOLD_SOLID_BREP('',#16);
#16 = CLOSED_SHELL('',(#17,#262,#287,#381,#406,#430,#455,#480,#504,#528,
    #571,#596,#637,#662,#686,#711,#736,#760,#784,#809,#834,#923,#947,
    #981,#1006,#1056,#1073,#1098,#1262,#1287,#1485,#1510,#1695,#1719,
    #1737,#1764,#1796,#1820,#1845,#1869,#1894,#1924,#1941,#1965,#1990,
    #2030,#2047,#2059,#2084,#2101,#2120,#2137,#2167,#2184,#2205,#2217,
    #2247,#2259,#2284,#2309,#2334,#2366,#2391,#2409,#2434,#2459,#2483,
    #2508,#2533,#2558,#2583,#2608,#2633,#2658,#2675,#2700,#2725,#2907,
    #2924,#2949,#2974,#2999,#3026,#3051,#3076,#3093,#3110,#3127,#3144,
    #3161,#3178,#3195,#3212,#3224,#3249,#3266,#3291,#3316,#3333,#3350,
    #3367,#3384,#3404,#3424,#3448,#3473,#3490));
#17 = ADVANCED_FACE('',(#18,#29),#257,.T.);
#18 = FACE_BOUND('',#19,.T.);
#19 = EDGE_LOOP('',(#20));
#20 = ORIENTED_EDGE('',*,*,#21,.T.);
#21 = EDGE_CURVE('',#22,#22,#24,.T.);
#22 = VERTEX_POINT('',#23);
#23 = CARTESIAN_POINT('',(-15.2,0.,4.4));
#24 = CIRCLE('',#25,1.8);
#25 = AXIS2_PLACEMENT_3D('',#26,#27,#28);
#26 = CARTESIAN_POINT('',(-17.,-0.,4.4));
#27 = DIRECTION('',(-0.,0.,-1.));
#28 = DIRECTION('',(1.,0.,-0.));
#29 = FACE_BOUND('',#30,.T.);
#30 = EDGE_LOOP('',(#31,#42,#51,#60,#68,#77,#86,#94,#103,#111,#120,#128,
    #137,#146,#154,#163,#172,#181,#190,#198,#207,#216,#225,#233,#242,
    #250));
#31 = ORIENTED_EDGE('',*,*,#32,.F.);
#32 = EDGE_CURVE('',#33,#35,#37,.T.);
#33 = VERTEX_POINT('',#34);
#34 = CARTESIAN_POINT('',(-4.213497533881,5.1,4.4));
#35 = VERTEX_POINT('',#36);
#36 = CARTESIAN_POINT('',(-4.195024372764,5.032826822603,4.4));
#37 = CIRCLE('',#38,2.75);
#38 = AXIS2_PLACEMENT_3D('',#39,#40,#41);
#39 = CARTESIAN_POINT('',(-1.552914270615,5.795554957734,4.4));
#40 = DIRECTION('',(0.,0.,1.));
#41 = DIRECTION('',(1.,0.,0.));
#42 = ORIENTED_EDGE('',*,*,#43,.T.);
#43 = EDGE_CURVE('',#33,#44,#46,.T.);
#44 = VERTEX_POINT('',#45);
#45 = CARTESIAN_POINT('',(-4.297931541639,5.630085378113,4.4));
#46 = CIRCLE('',#47,2.75);
#47 = AXIS2_PLACEMENT_3D('',#48,#49,#50);
#48 = CARTESIAN_POINT('',(-1.552914270615,5.795554957734,4.4));
#49 = DIRECTION('',(-0.,-0.,-1.));
#50 = DIRECTION('',(0.,-1.,0.));
#51 = ORIENTED_EDGE('',*,*,#52,.T.);
#52 = EDGE_CURVE('',#44,#53,#55,.T.);
#53 = VERTEX_POINT('',#54);
#54 = CARTESIAN_POINT('',(-4.797025590916,5.1,4.4));
#55 = CIRCLE('',#56,0.5);
#56 = AXIS2_PLACEMENT_3D('',#57,#58,#59);
#57 = CARTESIAN_POINT('',(-4.797025590916,5.6,4.4));
#58 = DIRECTION('',(-0.,-0.,-1.));
#59 = DIRECTION('',(0.,-1.,0.));
#60 = ORIENTED_EDGE('',*,*,#61,.T.);
#61 = EDGE_CURVE('',#53,#62,#64,.T.);
#62 = VERTEX_POINT('',#63);
#63 = CARTESIAN_POINT('',(-9.30393334941,5.1,4.4));
#64 = LINE('',#65,#66);
#65 = CARTESIAN_POINT('',(10.,5.1,4.4));
#66 = VECTOR('',#67,1.);
#67 = DIRECTION('',(-1.,0.,0.));
#68 = ORIENTED_EDGE('',*,*,#69,.F.);
#69 = EDGE_CURVE('',#70,#62,#72,.T.);
#70 = VERTEX_POINT('',#71);
#71 = CARTESIAN_POINT('',(-9.811849179159,6.961406704113,4.4));
#72 = CIRCLE('',#73,1.);
#73 = AXIS2_PLACEMENT_3D('',#74,#75,#76);
#74 = CARTESIAN_POINT('',(-9.30393334941,6.1,4.4));
#75 = DIRECTION('',(0.,0.,1.));
#76 = DIRECTION('',(1.,0.,0.));
#77 = ORIENTED_EDGE('',*,*,#78,.T.);
#78 = EDGE_CURVE('',#70,#79,#81,.T.);
#79 = VERTEX_POINT('',#80);
#80 = CARTESIAN_POINT('',(-17.,5.,4.4));
#81 = CIRCLE('',#82,14.152248069124);
#82 = AXIS2_PLACEMENT_3D('',#83,#84,#85);
#83 = CARTESIAN_POINT('',(-17.,19.152248069124,4.4));
#84 = DIRECTION('',(0.,0.,-1.));
#85 = DIRECTION('',(1.,0.,0.));
#86 = ORIENTED_EDGE('',*,*,#87,.T.);
#87 = EDGE_CURVE('',#79,#88,#90,.T.);
#88 = VERTEX_POINT('',#89);
#89 = CARTESIAN_POINT('',(-18.6,5.,4.4));
#90 = LINE('',#91,#92);
#91 = CARTESIAN_POINT('',(-17.,5.,4.4));
#92 = VECTOR('',#93,1.);
#93 = DIRECTION('',(-1.,0.,0.));
#94 = ORIENTED_EDGE('',*,*,#95,.F.);
#95 = EDGE_CURVE('',#96,#88,#98,.T.);
#96 = VERTEX_POINT('',#97);
#97 = CARTESIAN_POINT('',(-21.6,2.,4.4));
#98 = CIRCLE('',#99,3.);
#99 = AXIS2_PLACEMENT_3D('',#100,#101,#102);
#100 = CARTESIAN_POINT('',(-18.6,2.,4.4));
#101 = DIRECTION('',(0.,0.,-1.));
#102 = DIRECTION('',(1.,0.,0.));
#103 = ORIENTED_EDGE('',*,*,#104,.T.);
#104 = EDGE_CURVE('',#96,#105,#107,.T.);
#105 = VERTEX_POINT('',#106);
#106 = CARTESIAN_POINT('',(-21.6,-2.,4.4));
#107 = LINE('',#108,#109);
#108 = CARTESIAN_POINT('',(-21.6,5.,4.4));
#109 = VECTOR('',#110,1.);
#110 = DIRECTION('',(0.,-1.,0.));
#111 = ORIENTED_EDGE('',*,*,#112,.F.);
#112 = EDGE_CURVE('',#113,#105,#115,.T.);
#113 = VERTEX_POINT('',#114);
#114 = CARTESIAN_POINT('',(-18.6,-5.,4.4));
#115 = CIRCLE('',#116,3.);
#116 = AXIS2_PLACEMENT_3D('',#117,#118,#119);
#117 = CARTESIAN_POINT('',(-18.6,-2.,4.4));
#118 = DIRECTION('',(0.,0.,-1.));
#119 = DIRECTION('',(1.,0.,0.));
#120 = ORIENTED_EDGE('',*,*,#121,.T.);
#121 = EDGE_CURVE('',#113,#122,#124,.T.);
#122 = VERTEX_POINT('',#123);
#123 = CARTESIAN_POINT('',(-17.,-5.,4.4));
#124 = LINE('',#125,#126);
#125 = CARTESIAN_POINT('',(-21.6,-5.,4.4));
#126 = VECTOR('',#127,1.);
#127 = DIRECTION('',(1.,0.,0.));
#128 = ORIENTED_EDGE('',*,*,#129,.T.);
#129 = EDGE_CURVE('',#122,#130,#132,.T.);
#130 = VERTEX_POINT('',#131);
#131 = CARTESIAN_POINT('',(-9.811849179159,-6.961406704113,4.4));
#132 = CIRCLE('',#133,14.152248069124);
#133 = AXIS2_PLACEMENT_3D('',#134,#135,#136);
#134 = CARTESIAN_POINT('',(-17.,-19.15224806912,4.4));
#135 = DIRECTION('',(0.,0.,-1.));
#136 = DIRECTION('',(1.,0.,0.));
#137 = ORIENTED_EDGE('',*,*,#138,.F.);
#138 = EDGE_CURVE('',#139,#130,#141,.T.);
#139 = VERTEX_POINT('',#140);
#140 = CARTESIAN_POINT('',(-9.30393334941,-5.1,4.4));
#141 = CIRCLE('',#142,1.);
#142 = AXIS2_PLACEMENT_3D('',#143,#144,#145);
#143 = CARTESIAN_POINT('',(-9.30393334941,-6.1,4.4));
#144 = DIRECTION('',(0.,0.,1.));
#145 = DIRECTION('',(1.,0.,0.));
#146 = ORIENTED_EDGE('',*,*,#147,.T.);
#147 = EDGE_CURVE('',#139,#148,#150,.T.);
#148 = VERTEX_POINT('',#149);
#149 = CARTESIAN_POINT('',(-1.691197049686,-5.1,4.4));
#150 = LINE('',#151,#152);
#151 = CARTESIAN_POINT('',(-9.30393334941,-5.1,4.4));
#152 = VECTOR('',#153,1.);
#153 = DIRECTION('',(1.,0.,0.));
#154 = ORIENTED_EDGE('',*,*,#155,.T.);
#155 = EDGE_CURVE('',#148,#156,#158,.T.);
#156 = VERTEX_POINT('',#157);
#157 = CARTESIAN_POINT('',(-1.192103000409,-5.630085378113,4.4));
#158 = CIRCLE('',#159,0.5);
#159 = AXIS2_PLACEMENT_3D('',#160,#161,#162);
#160 = CARTESIAN_POINT('',(-1.691197049686,-5.6,4.4));
#161 = DIRECTION('',(-0.,-0.,-1.));
#162 = DIRECTION('',(0.,-1.,0.));
#163 = ORIENTED_EDGE('',*,*,#164,.F.);
#164 = EDGE_CURVE('',#165,#156,#167,.T.);
#165 = VERTEX_POINT('',#166);
#166 = CARTESIAN_POINT('',(-1.107668992651,-5.1,4.4));
#167 = CIRCLE('',#168,2.75);
#168 = AXIS2_PLACEMENT_3D('',#169,#170,#171);
#169 = CARTESIAN_POINT('',(1.552914270615,-5.795554957734,4.4));
#170 = DIRECTION('',(-0.,0.,1.));
#171 = DIRECTION('',(0.,-1.,0.));
#172 = ORIENTED_EDGE('',*,*,#173,.F.);
#173 = EDGE_CURVE('',#174,#165,#176,.T.);
#174 = VERTEX_POINT('',#175);
#175 = CARTESIAN_POINT('',(-1.089195831534,-5.032826822603,4.4));
#176 = CIRCLE('',#177,2.75);
#177 = AXIS2_PLACEMENT_3D('',#178,#179,#180);
#178 = CARTESIAN_POINT('',(1.552914270615,-5.795554957734,4.4));
#179 = DIRECTION('',(0.,0.,1.));
#180 = DIRECTION('',(1.,0.,0.));
#181 = ORIENTED_EDGE('',*,*,#182,.F.);
#182 = EDGE_CURVE('',#183,#174,#185,.T.);
#183 = VERTEX_POINT('',#184);
#184 = CARTESIAN_POINT('',(-2.242116603381,-3.5,4.4));
#185 = CIRCLE('',#186,1.2);
#186 = AXIS2_PLACEMENT_3D('',#187,#188,#189);
#187 = CARTESIAN_POINT('',(-2.242116603381,-4.7,4.4));
#188 = DIRECTION('',(-0.,-0.,-1.));
#189 = DIRECTION('',(0.,-1.,0.));
#190 = ORIENTED_EDGE('',*,*,#191,.T.);
#191 = EDGE_CURVE('',#183,#192,#194,.T.);
#192 = VERTEX_POINT('',#193);
#193 = CARTESIAN_POINT('',(-3.408432964224,-3.5,4.4));
#194 = LINE('',#195,#196);
#195 = CARTESIAN_POINT('',(2.3,-3.5,4.4));
#196 = VECTOR('',#197,1.);
#197 = DIRECTION('',(-1.,0.,0.));
#198 = ORIENTED_EDGE('',*,*,#199,.T.);
#199 = EDGE_CURVE('',#192,#200,#202,.T.);
#200 = VERTEX_POINT('',#201);
#201 = CARTESIAN_POINT('',(-4.133634582506,-3.743923322719,4.4));
#202 = CIRCLE('',#203,1.2);
#203 = AXIS2_PLACEMENT_3D('',#204,#205,#206);
#204 = CARTESIAN_POINT('',(-3.408432964224,-4.7,4.4));
#205 = DIRECTION('',(-0.,0.,1.));
#206 = DIRECTION('',(0.,-1.,0.));
#207 = ORIENTED_EDGE('',*,*,#208,.F.);
#208 = EDGE_CURVE('',#209,#200,#211,.T.);
#209 = VERTEX_POINT('',#210);
#210 = CARTESIAN_POINT('',(-7.457475332963,-3.743923322719,4.4));
#211 = CIRCLE('',#212,2.75);
#212 = AXIS2_PLACEMENT_3D('',#213,#214,#215);
#213 = CARTESIAN_POINT('',(-5.795554957734,-1.552914270615,4.4));
#214 = DIRECTION('',(0.,0.,1.));
#215 = DIRECTION('',(1.,0.,0.));
#216 = ORIENTED_EDGE('',*,*,#217,.F.);
#217 = EDGE_CURVE('',#218,#209,#220,.T.);
#218 = VERTEX_POINT('',#219);
#219 = CARTESIAN_POINT('',(-8.182676951245,-3.5,4.4));
#220 = CIRCLE('',#221,1.2);
#221 = AXIS2_PLACEMENT_3D('',#222,#223,#224);
#222 = CARTESIAN_POINT('',(-8.182676951245,-4.7,4.4));
#223 = DIRECTION('',(-0.,-0.,-1.));
#224 = DIRECTION('',(0.,-1.,0.));
#225 = ORIENTED_EDGE('',*,*,#226,.T.);
#226 = EDGE_CURVE('',#218,#227,#229,.T.);
#227 = VERTEX_POINT('',#228);
#228 = CARTESIAN_POINT('',(-10.2,-3.5,4.4));
#229 = LINE('',#230,#231);
#230 = CARTESIAN_POINT('',(2.3,-3.5,4.4));
#231 = VECTOR('',#232,1.);
#232 = DIRECTION('',(-1.,0.,0.));
#233 = ORIENTED_EDGE('',*,*,#234,.F.);
#234 = EDGE_CURVE('',#235,#227,#237,.T.);
#235 = VERTEX_POINT('',#236);
#236 = CARTESIAN_POINT('',(-10.2,3.5,4.4));
#237 = CIRCLE('',#238,3.5);
#238 = AXIS2_PLACEMENT_3D('',#239,#240,#241);
#239 = CARTESIAN_POINT('',(-10.2,1.E-16,4.4));
#240 = DIRECTION('',(0.,0.,1.));
#241 = DIRECTION('',(1.,0.,0.));
#242 = ORIENTED_EDGE('',*,*,#243,.F.);
#243 = EDGE_CURVE('',#244,#235,#246,.T.);
#244 = VERTEX_POINT('',#245);
#245 = CARTESIAN_POINT('',(-5.347945144611,3.5,4.4));
#246 = LINE('',#247,#248);
#247 = CARTESIAN_POINT('',(2.3,3.5,4.4));
#248 = VECTOR('',#249,1.);
#249 = DIRECTION('',(-1.,0.,0.));
#250 = ORIENTED_EDGE('',*,*,#251,.T.);
#251 = EDGE_CURVE('',#244,#35,#252,.T.);
#252 = CIRCLE('',#253,1.2);
#253 = AXIS2_PLACEMENT_3D('',#254,#255,#256);
#254 = CARTESIAN_POINT('',(-5.347945144611,4.7,4.4));
#255 = DIRECTION('',(-0.,0.,1.));
#256 = DIRECTION('',(0.,-1.,0.));
#257 = PLANE('',#258);
#258 = AXIS2_PLACEMENT_3D('',#259,#260,#261);
#259 = CARTESIAN_POINT('',(-6.046743552376,5.2E-16,4.4));
#260 = DIRECTION('',(0.,0.,1.));
#261 = DIRECTION('',(0.,1.,0.));
#262 = ADVANCED_FACE('',(#263),#282,.F.);
#263 = FACE_BOUND('',#264,.F.);
#264 = EDGE_LOOP('',(#265,#273,#274,#275));
#265 = ORIENTED_EDGE('',*,*,#266,.F.);
#266 = EDGE_CURVE('',#22,#267,#269,.T.);
#267 = VERTEX_POINT('',#268);
#268 = CARTESIAN_POINT('',(-15.4,0.,4.2));
#269 = LINE('',#270,#271);
#270 = CARTESIAN_POINT('',(-15.4,0.,4.2));
#271 = VECTOR('',#272,1.);
#272 = DIRECTION('',(-0.707106781187,-0.,-0.707106781187));
#273 = ORIENTED_EDGE('',*,*,#21,.T.);
#274 = ORIENTED_EDGE('',*,*,#266,.T.);
#275 = ORIENTED_EDGE('',*,*,#276,.F.);
#276 = EDGE_CURVE('',#267,#267,#277,.T.);
#277 = CIRCLE('',#278,1.6);
#278 = AXIS2_PLACEMENT_3D('',#279,#280,#281);
#279 = CARTESIAN_POINT('',(-17.,-0.,4.2));
#280 = DIRECTION('',(-0.,0.,-1.));
#281 = DIRECTION('',(1.,0.,-0.));
#282 = CONICAL_SURFACE('',#283,1.6,0.785398163397);
#283 = AXIS2_PLACEMENT_3D('',#284,#285,#286);
#284 = CARTESIAN_POINT('',(-17.,-0.,4.2));
#285 = DIRECTION('',(0.,-0.,1.));
#286 = DIRECTION('',(1.,0.,-0.));
#287 = ADVANCED_FACE('',(#288),#376,.F.);
#288 = FACE_BOUND('',#289,.F.);
#289 = EDGE_LOOP('',(#290,#301,#309,#318,#327,#333,#334,#335,#343,#352,
    #361,#369));
#290 = ORIENTED_EDGE('',*,*,#291,.F.);
#291 = EDGE_CURVE('',#292,#294,#296,.T.);
#292 = VERTEX_POINT('',#293);
#293 = CARTESIAN_POINT('',(1.089195831534,5.032826822603,4.4));
#294 = VERTEX_POINT('',#295);
#295 = CARTESIAN_POINT('',(1.107668992651,5.1,4.4));
#296 = CIRCLE('',#297,2.75);
#297 = AXIS2_PLACEMENT_3D('',#298,#299,#300);
#298 = CARTESIAN_POINT('',(-1.552914270615,5.795554957734,4.4));
#299 = DIRECTION('',(0.,0.,1.));
#300 = DIRECTION('',(1.,0.,0.));
#301 = ORIENTED_EDGE('',*,*,#302,.F.);
#302 = EDGE_CURVE('',#303,#292,#305,.T.);
#303 = VERTEX_POINT('',#304);
#304 = CARTESIAN_POINT('',(1.089195831534,5.032826822603,2.));
#305 = LINE('',#306,#307);
#306 = CARTESIAN_POINT('',(1.089195831534,5.032826822603,2.));
#307 = VECTOR('',#308,1.);
#308 = DIRECTION('',(0.,0.,1.));
#309 = ORIENTED_EDGE('',*,*,#310,.T.);
#310 = EDGE_CURVE('',#303,#311,#313,.T.);
#311 = VERTEX_POINT('',#312);
#312 = CARTESIAN_POINT('',(1.197085729385,5.795554957734,2.));
#313 = CIRCLE('',#314,2.75);
#314 = AXIS2_PLACEMENT_3D('',#315,#316,#317);
#315 = CARTESIAN_POINT('',(-1.552914270615,5.795554957734,2.));
#316 = DIRECTION('',(0.,0.,1.));
#317 = DIRECTION('',(1.,0.,0.));
#318 = ORIENTED_EDGE('',*,*,#319,.T.);
#319 = EDGE_CURVE('',#311,#320,#322,.T.);
#320 = VERTEX_POINT('',#321);
#321 = CARTESIAN_POINT('',(-4.195024372764,5.032826822603,2.));
#322 = CIRCLE('',#323,2.75);
#323 = AXIS2_PLACEMENT_3D('',#324,#325,#326);
#324 = CARTESIAN_POINT('',(-1.552914270615,5.795554957734,2.));
#325 = DIRECTION('',(0.,0.,1.));
#326 = DIRECTION('',(1.,0.,0.));
#327 = ORIENTED_EDGE('',*,*,#328,.T.);
#328 = EDGE_CURVE('',#320,#35,#329,.T.);
#329 = LINE('',#330,#331);
#330 = CARTESIAN_POINT('',(-4.195024372764,5.032826822603,2.));
#331 = VECTOR('',#332,1.);
#332 = DIRECTION('',(0.,0.,1.));
#333 = ORIENTED_EDGE('',*,*,#32,.F.);
#334 = ORIENTED_EDGE('',*,*,#43,.T.);
#335 = ORIENTED_EDGE('',*,*,#336,.T.);
#336 = EDGE_CURVE('',#44,#337,#339,.T.);
#337 = VERTEX_POINT('',#338);
#338 = CARTESIAN_POINT('',(-4.297931541639,5.630085378113,9.4));
#339 = LINE('',#340,#341);
#340 = CARTESIAN_POINT('',(-4.297931541639,5.630085378113,4.4));
#341 = VECTOR('',#342,1.);
#342 = DIRECTION('',(0.,0.,1.));
#343 = ORIENTED_EDGE('',*,*,#344,.F.);
#344 = EDGE_CURVE('',#345,#337,#347,.T.);
#345 = VERTEX_POINT('',#346);
#346 = CARTESIAN_POINT('',(1.197085729385,5.795554957734,9.4));
#347 = CIRCLE('',#348,2.75);
#348 = AXIS2_PLACEMENT_3D('',#349,#350,#351);
#349 = CARTESIAN_POINT('',(-1.552914270615,5.795554957734,9.4));
#350 = DIRECTION('',(0.,0.,1.));
#351 = DIRECTION('',(1.,0.,0.));
#352 = ORIENTED_EDGE('',*,*,#353,.F.);
#353 = EDGE_CURVE('',#354,#345,#356,.T.);
#354 = VERTEX_POINT('',#355);
#355 = CARTESIAN_POINT('',(1.192103000409,5.630085378113,9.4));
#356 = CIRCLE('',#357,2.75);
#357 = AXIS2_PLACEMENT_3D('',#358,#359,#360);
#358 = CARTESIAN_POINT('',(-1.552914270615,5.795554957734,9.4));
#359 = DIRECTION('',(0.,0.,1.));
#360 = DIRECTION('',(1.,0.,0.));
#361 = ORIENTED_EDGE('',*,*,#362,.F.);
#362 = EDGE_CURVE('',#363,#354,#365,.T.);
#363 = VERTEX_POINT('',#364);
#364 = CARTESIAN_POINT('',(1.192103000409,5.630085378113,4.4));
#365 = LINE('',#366,#367);
#366 = CARTESIAN_POINT('',(1.192103000409,5.630085378113,4.4));
#367 = VECTOR('',#368,1.);
#368 = DIRECTION('',(0.,0.,1.));
#369 = ORIENTED_EDGE('',*,*,#370,.F.);
#370 = EDGE_CURVE('',#294,#363,#371,.T.);
#371 = CIRCLE('',#372,2.75);
#372 = AXIS2_PLACEMENT_3D('',#373,#374,#375);
#373 = CARTESIAN_POINT('',(-1.552914270615,5.795554957734,4.4));
#374 = DIRECTION('',(-0.,0.,1.));
#375 = DIRECTION('',(0.,-1.,0.));
#376 = CYLINDRICAL_SURFACE('',#377,2.75);
#377 = AXIS2_PLACEMENT_3D('',#378,#379,#380);
#378 = CARTESIAN_POINT('',(-1.552914270615,5.795554957734,9.4));
#379 = DIRECTION('',(0.,0.,1.));
#380 = DIRECTION('',(1.,0.,0.));
#381 = ADVANCED_FACE('',(#382),#401,.T.);
#382 = FACE_BOUND('',#383,.T.);
#383 = EDGE_LOOP('',(#384,#393,#394,#395));
#384 = ORIENTED_EDGE('',*,*,#385,.T.);
#385 = EDGE_CURVE('',#386,#320,#388,.T.);
#386 = VERTEX_POINT('',#387);
#387 = CARTESIAN_POINT('',(-5.347945144611,3.5,2.));
#388 = CIRCLE('',#389,1.2);
#389 = AXIS2_PLACEMENT_3D('',#390,#391,#392);
#390 = CARTESIAN_POINT('',(-5.347945144611,4.7,2.));
#391 = DIRECTION('',(-0.,0.,1.));
#392 = DIRECTION('',(0.,-1.,0.));
#393 = ORIENTED_EDGE('',*,*,#328,.T.);
#394 = ORIENTED_EDGE('',*,*,#251,.F.);
#395 = ORIENTED_EDGE('',*,*,#396,.F.);
#396 = EDGE_CURVE('',#386,#244,#397,.T.);
#397 = LINE('',#398,#399);
#398 = CARTESIAN_POINT('',(-5.347945144611,3.5,2.));
#399 = VECTOR('',#400,1.);
#400 = DIRECTION('',(0.,0.,1.));
#401 = CYLINDRICAL_SURFACE('',#402,1.2);
#402 = AXIS2_PLACEMENT_3D('',#403,#404,#405);
#403 = CARTESIAN_POINT('',(-5.347945144611,4.7,2.));
#404 = DIRECTION('',(0.,0.,1.));
#405 = DIRECTION('',(0.,-1.,0.));
#406 = ADVANCED_FACE('',(#407),#425,.F.);
#407 = FACE_BOUND('',#408,.F.);
#408 = EDGE_LOOP('',(#409,#410,#411,#419));
#409 = ORIENTED_EDGE('',*,*,#243,.F.);
#410 = ORIENTED_EDGE('',*,*,#396,.F.);
#411 = ORIENTED_EDGE('',*,*,#412,.F.);
#412 = EDGE_CURVE('',#413,#386,#415,.T.);
#413 = VERTEX_POINT('',#414);
#414 = CARTESIAN_POINT('',(-10.2,3.5,2.));
#415 = LINE('',#416,#417);
#416 = CARTESIAN_POINT('',(1.15,3.5,2.));
#417 = VECTOR('',#418,1.);
#418 = DIRECTION('',(1.,0.,0.));
#419 = ORIENTED_EDGE('',*,*,#420,.F.);
#420 = EDGE_CURVE('',#235,#413,#421,.T.);
#421 = LINE('',#422,#423);
#422 = CARTESIAN_POINT('',(-10.2,3.5,4.4));
#423 = VECTOR('',#424,1.);
#424 = DIRECTION('',(-0.,-0.,-1.));
#425 = PLANE('',#426);
#426 = AXIS2_PLACEMENT_3D('',#427,#428,#429);
#427 = CARTESIAN_POINT('',(2.3,3.5,4.4));
#428 = DIRECTION('',(0.,1.,0.));
#429 = DIRECTION('',(-1.,0.,0.));
#430 = ADVANCED_FACE('',(#431),#450,.T.);
#431 = FACE_BOUND('',#432,.F.);
#432 = EDGE_LOOP('',(#433,#434,#442,#449));
#433 = ORIENTED_EDGE('',*,*,#52,.T.);
#434 = ORIENTED_EDGE('',*,*,#435,.T.);
#435 = EDGE_CURVE('',#53,#436,#438,.T.);
#436 = VERTEX_POINT('',#437);
#437 = CARTESIAN_POINT('',(-4.797025590916,5.1,9.4));
#438 = LINE('',#439,#440);
#439 = CARTESIAN_POINT('',(-4.797025590916,5.1,4.4));
#440 = VECTOR('',#441,1.);
#441 = DIRECTION('',(0.,0.,1.));
#442 = ORIENTED_EDGE('',*,*,#443,.F.);
#443 = EDGE_CURVE('',#337,#436,#444,.T.);
#444 = CIRCLE('',#445,0.5);
#445 = AXIS2_PLACEMENT_3D('',#446,#447,#448);
#446 = CARTESIAN_POINT('',(-4.797025590916,5.6,9.4));
#447 = DIRECTION('',(-0.,-0.,-1.));
#448 = DIRECTION('',(0.,-1.,0.));
#449 = ORIENTED_EDGE('',*,*,#336,.F.);
#450 = CYLINDRICAL_SURFACE('',#451,0.5);
#451 = AXIS2_PLACEMENT_3D('',#452,#453,#454);
#452 = CARTESIAN_POINT('',(-4.797025590916,5.6,4.4));
#453 = DIRECTION('',(0.,0.,1.));
#454 = DIRECTION('',(0.998188098554,6.017075622597E-02,0.));
#455 = ADVANCED_FACE('',(#456),#475,.F.);
#456 = FACE_BOUND('',#457,.F.);
#457 = EDGE_LOOP('',(#458,#459,#460,#469));
#458 = ORIENTED_EDGE('',*,*,#234,.F.);
#459 = ORIENTED_EDGE('',*,*,#420,.T.);
#460 = ORIENTED_EDGE('',*,*,#461,.T.);
#461 = EDGE_CURVE('',#413,#462,#464,.T.);
#462 = VERTEX_POINT('',#463);
#463 = CARTESIAN_POINT('',(-10.2,-3.5,2.));
#464 = CIRCLE('',#465,3.5);
#465 = AXIS2_PLACEMENT_3D('',#466,#467,#468);
#466 = CARTESIAN_POINT('',(-10.2,1.E-16,2.));
#467 = DIRECTION('',(0.,0.,1.));
#468 = DIRECTION('',(1.,0.,0.));
#469 = ORIENTED_EDGE('',*,*,#470,.F.);
#470 = EDGE_CURVE('',#227,#462,#471,.T.);
#471 = LINE('',#472,#473);
#472 = CARTESIAN_POINT('',(-10.2,-3.5,4.4));
#473 = VECTOR('',#474,1.);
#474 = DIRECTION('',(-0.,-0.,-1.));
#475 = CYLINDRICAL_SURFACE('',#476,3.5);
#476 = AXIS2_PLACEMENT_3D('',#477,#478,#479);
#477 = CARTESIAN_POINT('',(-10.2,1.E-16,4.4));
#478 = DIRECTION('',(0.,0.,1.));
#479 = DIRECTION('',(1.,0.,0.));
#480 = ADVANCED_FACE('',(#481),#499,.F.);
#481 = FACE_BOUND('',#482,.F.);
#482 = EDGE_LOOP('',(#483,#491,#492,#493));
#483 = ORIENTED_EDGE('',*,*,#484,.F.);
#484 = EDGE_CURVE('',#436,#485,#487,.T.);
#485 = VERTEX_POINT('',#486);
#486 = CARTESIAN_POINT('',(-9.30393334941,5.1,9.4));
#487 = LINE('',#488,#489);
#488 = CARTESIAN_POINT('',(10.,5.1,9.4));
#489 = VECTOR('',#490,1.);
#490 = DIRECTION('',(-1.,0.,0.));
#491 = ORIENTED_EDGE('',*,*,#435,.F.);
#492 = ORIENTED_EDGE('',*,*,#61,.T.);
#493 = ORIENTED_EDGE('',*,*,#494,.F.);
#494 = EDGE_CURVE('',#485,#62,#495,.T.);
#495 = LINE('',#496,#497);
#496 = CARTESIAN_POINT('',(-9.30393334941,5.1,9.4));
#497 = VECTOR('',#498,1.);
#498 = DIRECTION('',(-0.,-0.,-1.));
#499 = PLANE('',#500);
#500 = AXIS2_PLACEMENT_3D('',#501,#502,#503);
#501 = CARTESIAN_POINT('',(10.,5.1,9.4));
#502 = DIRECTION('',(0.,1.,0.));
#503 = DIRECTION('',(-1.,0.,0.));
#504 = ADVANCED_FACE('',(#505),#523,.T.);
#505 = FACE_BOUND('',#506,.T.);
#506 = EDGE_LOOP('',(#507,#508,#516,#522));
#507 = ORIENTED_EDGE('',*,*,#226,.F.);
#508 = ORIENTED_EDGE('',*,*,#509,.F.);
#509 = EDGE_CURVE('',#510,#218,#512,.T.);
#510 = VERTEX_POINT('',#511);
#511 = CARTESIAN_POINT('',(-8.182676951245,-3.5,2.));
#512 = LINE('',#513,#514);
#513 = CARTESIAN_POINT('',(-8.182676951245,-3.5,2.));
#514 = VECTOR('',#515,1.);
#515 = DIRECTION('',(0.,0.,1.));
#516 = ORIENTED_EDGE('',*,*,#517,.F.);
#517 = EDGE_CURVE('',#462,#510,#518,.T.);
#518 = LINE('',#519,#520);
#519 = CARTESIAN_POINT('',(1.15,-3.5,2.));
#520 = VECTOR('',#521,1.);
#521 = DIRECTION('',(1.,0.,0.));
#522 = ORIENTED_EDGE('',*,*,#470,.F.);
#523 = PLANE('',#524);
#524 = AXIS2_PLACEMENT_3D('',#525,#526,#527);
#525 = CARTESIAN_POINT('',(2.3,-3.5,4.4));
#526 = DIRECTION('',(0.,1.,0.));
#527 = DIRECTION('',(-1.,0.,0.));
#528 = ADVANCED_FACE('',(#529),#566,.T.);
#529 = FACE_BOUND('',#530,.T.);
#530 = EDGE_LOOP('',(#531,#541,#548,#549,#550,#559));
#531 = ORIENTED_EDGE('',*,*,#532,.T.);
#532 = EDGE_CURVE('',#533,#535,#537,.T.);
#533 = VERTEX_POINT('',#534);
#534 = CARTESIAN_POINT('',(-9.571585297336,7.063515663999,9.4));
#535 = VERTEX_POINT('',#536);
#536 = CARTESIAN_POINT('',(-9.571585297336,7.063515663999,4.4));
#537 = LINE('',#538,#539);
#538 = CARTESIAN_POINT('',(-9.571585297336,7.063515663999,9.4));
#539 = VECTOR('',#540,1.);
#540 = DIRECTION('',(-0.,-0.,-1.));
#541 = ORIENTED_EDGE('',*,*,#542,.T.);
#542 = EDGE_CURVE('',#535,#70,#543,.T.);
#543 = CIRCLE('',#544,1.);
#544 = AXIS2_PLACEMENT_3D('',#545,#546,#547);
#545 = CARTESIAN_POINT('',(-9.30393334941,6.1,4.4));
#546 = DIRECTION('',(0.,0.,1.));
#547 = DIRECTION('',(1.,0.,0.));
#548 = ORIENTED_EDGE('',*,*,#69,.T.);
#549 = ORIENTED_EDGE('',*,*,#494,.F.);
#550 = ORIENTED_EDGE('',*,*,#551,.F.);
#551 = EDGE_CURVE('',#552,#485,#554,.T.);
#552 = VERTEX_POINT('',#553);
#553 = CARTESIAN_POINT('',(-9.811849195746,6.961406694333,9.4));
#554 = CIRCLE('',#555,1.);
#555 = AXIS2_PLACEMENT_3D('',#556,#557,#558);
#556 = CARTESIAN_POINT('',(-9.30393334941,6.1,9.4));
#557 = DIRECTION('',(0.,0.,1.));
#558 = DIRECTION('',(1.,0.,0.));
#559 = ORIENTED_EDGE('',*,*,#560,.F.);
#560 = EDGE_CURVE('',#533,#552,#561,.T.);
#561 = CIRCLE('',#562,1.);
#562 = AXIS2_PLACEMENT_3D('',#563,#564,#565);
#563 = CARTESIAN_POINT('',(-9.30393334941,6.1,9.4));
#564 = DIRECTION('',(0.,0.,1.));
#565 = DIRECTION('',(1.,0.,0.));
#566 = CYLINDRICAL_SURFACE('',#567,1.);
#567 = AXIS2_PLACEMENT_3D('',#568,#569,#570);
#568 = CARTESIAN_POINT('',(-9.30393334941,6.1,9.4));
#569 = DIRECTION('',(0.,0.,1.));
#570 = DIRECTION('',(1.,0.,0.));
#571 = ADVANCED_FACE('',(#572),#591,.T.);
#572 = FACE_BOUND('',#573,.F.);
#573 = EDGE_LOOP('',(#574,#583,#589,#590));
#574 = ORIENTED_EDGE('',*,*,#575,.T.);
#575 = EDGE_CURVE('',#510,#576,#578,.T.);
#576 = VERTEX_POINT('',#577);
#577 = CARTESIAN_POINT('',(-7.457475332963,-3.743923322719,2.));
#578 = CIRCLE('',#579,1.2);
#579 = AXIS2_PLACEMENT_3D('',#580,#581,#582);
#580 = CARTESIAN_POINT('',(-8.182676951245,-4.7,2.));
#581 = DIRECTION('',(-0.,-0.,-1.));
#582 = DIRECTION('',(0.,-1.,0.));
#583 = ORIENTED_EDGE('',*,*,#584,.T.);
#584 = EDGE_CURVE('',#576,#209,#585,.T.);
#585 = LINE('',#586,#587);
#586 = CARTESIAN_POINT('',(-7.457475332963,-3.743923322719,2.));
#587 = VECTOR('',#588,1.);
#588 = DIRECTION('',(0.,0.,1.));
#589 = ORIENTED_EDGE('',*,*,#217,.F.);
#590 = ORIENTED_EDGE('',*,*,#509,.F.);
#591 = CYLINDRICAL_SURFACE('',#592,1.2);
#592 = AXIS2_PLACEMENT_3D('',#593,#594,#595);
#593 = CARTESIAN_POINT('',(-8.182676951245,-4.7,2.));
#594 = DIRECTION('',(0.,0.,1.));
#595 = DIRECTION('',(0.,1.,0.));
#596 = ADVANCED_FACE('',(#597),#632,.F.);
#597 = FACE_BOUND('',#598,.T.);
#598 = EDGE_LOOP('',(#599,#609,#618,#624,#625));
#599 = ORIENTED_EDGE('',*,*,#600,.F.);
#600 = EDGE_CURVE('',#601,#603,#605,.T.);
#601 = VERTEX_POINT('',#602);
#602 = CARTESIAN_POINT('',(-9.746794344809,7.,0.4));
#603 = VERTEX_POINT('',#604);
#604 = CARTESIAN_POINT('',(-9.746794344809,7.,4.4));
#605 = LINE('',#606,#607);
#606 = CARTESIAN_POINT('',(-9.746794344809,7.,0.));
#607 = VECTOR('',#608,1.);
#608 = DIRECTION('',(0.,0.,1.));
#609 = ORIENTED_EDGE('',*,*,#610,.T.);
#610 = EDGE_CURVE('',#601,#611,#613,.T.);
#611 = VERTEX_POINT('',#612);
#612 = CARTESIAN_POINT('',(-17.,5.,0.4));
#613 = CIRCLE('',#614,14.152248069124);
#614 = AXIS2_PLACEMENT_3D('',#615,#616,#617);
#615 = CARTESIAN_POINT('',(-17.,19.152248069124,0.4));
#616 = DIRECTION('',(0.,-0.,-1.));
#617 = DIRECTION('',(0.512512614234,-0.858679695958,0.));
#618 = ORIENTED_EDGE('',*,*,#619,.T.);
#619 = EDGE_CURVE('',#611,#79,#620,.T.);
#620 = LINE('',#621,#622);
#621 = CARTESIAN_POINT('',(-17.,5.,0.));
#622 = VECTOR('',#623,1.);
#623 = DIRECTION('',(0.,0.,1.));
#624 = ORIENTED_EDGE('',*,*,#78,.F.);
#625 = ORIENTED_EDGE('',*,*,#626,.F.);
#626 = EDGE_CURVE('',#603,#70,#627,.T.);
#627 = CIRCLE('',#628,14.152248069124);
#628 = AXIS2_PLACEMENT_3D('',#629,#630,#631);
#629 = CARTESIAN_POINT('',(-17.,19.152248069124,4.4));
#630 = DIRECTION('',(0.,0.,-1.));
#631 = DIRECTION('',(1.,0.,0.));
#632 = CYLINDRICAL_SURFACE('',#633,14.152248069124);
#633 = AXIS2_PLACEMENT_3D('',#634,#635,#636);
#634 = CARTESIAN_POINT('',(-17.,19.152248069124,0.));
#635 = DIRECTION('',(-0.,-0.,-1.));
#636 = DIRECTION('',(1.,0.,0.));
#637 = ADVANCED_FACE('',(#638),#657,.F.);
#638 = FACE_BOUND('',#639,.F.);
#639 = EDGE_LOOP('',(#640,#641,#642,#651));
#640 = ORIENTED_EDGE('',*,*,#208,.F.);
#641 = ORIENTED_EDGE('',*,*,#584,.F.);
#642 = ORIENTED_EDGE('',*,*,#643,.T.);
#643 = EDGE_CURVE('',#576,#644,#646,.T.);
#644 = VERTEX_POINT('',#645);
#645 = CARTESIAN_POINT('',(-4.133634582506,-3.743923322719,2.));
#646 = CIRCLE('',#647,2.75);
#647 = AXIS2_PLACEMENT_3D('',#648,#649,#650);
#648 = CARTESIAN_POINT('',(-5.795554957734,-1.552914270615,2.));
#649 = DIRECTION('',(0.,0.,1.));
#650 = DIRECTION('',(1.,0.,0.));
#651 = ORIENTED_EDGE('',*,*,#652,.T.);
#652 = EDGE_CURVE('',#644,#200,#653,.T.);
#653 = LINE('',#654,#655);
#654 = CARTESIAN_POINT('',(-4.133634582506,-3.743923322719,2.));
#655 = VECTOR('',#656,1.);
#656 = DIRECTION('',(0.,0.,1.));
#657 = CYLINDRICAL_SURFACE('',#658,2.75);
#658 = AXIS2_PLACEMENT_3D('',#659,#660,#661);
#659 = CARTESIAN_POINT('',(-5.795554957734,-1.552914270615,9.4));
#660 = DIRECTION('',(0.,0.,1.));
#661 = DIRECTION('',(1.,0.,0.));
#662 = ADVANCED_FACE('',(#663),#681,.F.);
#663 = FACE_BOUND('',#664,.F.);
#664 = EDGE_LOOP('',(#665,#673,#679,#680));
#665 = ORIENTED_EDGE('',*,*,#666,.F.);
#666 = EDGE_CURVE('',#667,#88,#669,.T.);
#667 = VERTEX_POINT('',#668);
#668 = CARTESIAN_POINT('',(-18.6,5.,0.4));
#669 = LINE('',#670,#671);
#670 = CARTESIAN_POINT('',(-18.6,5.,0.));
#671 = VECTOR('',#672,1.);
#672 = DIRECTION('',(0.,0.,1.));
#673 = ORIENTED_EDGE('',*,*,#674,.F.);
#674 = EDGE_CURVE('',#611,#667,#675,.T.);
#675 = LINE('',#676,#677);
#676 = CARTESIAN_POINT('',(-17.,5.,0.4));
#677 = VECTOR('',#678,1.);
#678 = DIRECTION('',(-1.,0.,0.));
#679 = ORIENTED_EDGE('',*,*,#619,.T.);
#680 = ORIENTED_EDGE('',*,*,#87,.T.);
#681 = PLANE('',#682);
#682 = AXIS2_PLACEMENT_3D('',#683,#684,#685);
#683 = CARTESIAN_POINT('',(-17.,5.,0.));
#684 = DIRECTION('',(0.,-1.,0.));
#685 = DIRECTION('',(-1.,0.,0.));
#686 = ADVANCED_FACE('',(#687),#706,.T.);
#687 = FACE_BOUND('',#688,.T.);
#688 = EDGE_LOOP('',(#689,#698,#699,#700));
#689 = ORIENTED_EDGE('',*,*,#690,.T.);
#690 = EDGE_CURVE('',#691,#644,#693,.T.);
#691 = VERTEX_POINT('',#692);
#692 = CARTESIAN_POINT('',(-3.408432964224,-3.5,2.));
#693 = CIRCLE('',#694,1.2);
#694 = AXIS2_PLACEMENT_3D('',#695,#696,#697);
#695 = CARTESIAN_POINT('',(-3.408432964224,-4.7,2.));
#696 = DIRECTION('',(-0.,0.,1.));
#697 = DIRECTION('',(0.,-1.,0.));
#698 = ORIENTED_EDGE('',*,*,#652,.T.);
#699 = ORIENTED_EDGE('',*,*,#199,.F.);
#700 = ORIENTED_EDGE('',*,*,#701,.F.);
#701 = EDGE_CURVE('',#691,#192,#702,.T.);
#702 = LINE('',#703,#704);
#703 = CARTESIAN_POINT('',(-3.408432964224,-3.5,2.));
#704 = VECTOR('',#705,1.);
#705 = DIRECTION('',(0.,0.,1.));
#706 = CYLINDRICAL_SURFACE('',#707,1.2);
#707 = AXIS2_PLACEMENT_3D('',#708,#709,#710);
#708 = CARTESIAN_POINT('',(-3.408432964224,-4.7,2.));
#709 = DIRECTION('',(0.,0.,1.));
#710 = DIRECTION('',(0.,1.,0.));
#711 = ADVANCED_FACE('',(#712),#731,.T.);
#712 = FACE_BOUND('',#713,.F.);
#713 = EDGE_LOOP('',(#714,#722,#729,#730));
#714 = ORIENTED_EDGE('',*,*,#715,.F.);
#715 = EDGE_CURVE('',#716,#96,#718,.T.);
#716 = VERTEX_POINT('',#717);
#717 = CARTESIAN_POINT('',(-21.6,2.,0.4));
#718 = LINE('',#719,#720);
#719 = CARTESIAN_POINT('',(-21.6,2.,0.));
#720 = VECTOR('',#721,1.);
#721 = DIRECTION('',(0.,0.,1.));
#722 = ORIENTED_EDGE('',*,*,#723,.F.);
#723 = EDGE_CURVE('',#667,#716,#724,.T.);
#724 = CIRCLE('',#725,3.);
#725 = AXIS2_PLACEMENT_3D('',#726,#727,#728);
#726 = CARTESIAN_POINT('',(-18.6,2.,0.4));
#727 = DIRECTION('',(0.,-0.,1.));
#728 = DIRECTION('',(0.,1.,0.));
#729 = ORIENTED_EDGE('',*,*,#666,.T.);
#730 = ORIENTED_EDGE('',*,*,#95,.F.);
#731 = CYLINDRICAL_SURFACE('',#732,3.);
#732 = AXIS2_PLACEMENT_3D('',#733,#734,#735);
#733 = CARTESIAN_POINT('',(-18.6,2.,0.));
#734 = DIRECTION('',(-0.,-0.,-1.));
#735 = DIRECTION('',(1.,0.,0.));
#736 = ADVANCED_FACE('',(#737),#755,.T.);
#737 = FACE_BOUND('',#738,.T.);
#738 = EDGE_LOOP('',(#739,#740,#748,#754));
#739 = ORIENTED_EDGE('',*,*,#191,.F.);
#740 = ORIENTED_EDGE('',*,*,#741,.F.);
#741 = EDGE_CURVE('',#742,#183,#744,.T.);
#742 = VERTEX_POINT('',#743);
#743 = CARTESIAN_POINT('',(-2.242116603381,-3.5,2.));
#744 = LINE('',#745,#746);
#745 = CARTESIAN_POINT('',(-2.242116603381,-3.5,2.));
#746 = VECTOR('',#747,1.);
#747 = DIRECTION('',(0.,0.,1.));
#748 = ORIENTED_EDGE('',*,*,#749,.F.);
#749 = EDGE_CURVE('',#691,#742,#750,.T.);
#750 = LINE('',#751,#752);
#751 = CARTESIAN_POINT('',(1.15,-3.5,2.));
#752 = VECTOR('',#753,1.);
#753 = DIRECTION('',(1.,0.,0.));
#754 = ORIENTED_EDGE('',*,*,#701,.T.);
#755 = PLANE('',#756);
#756 = AXIS2_PLACEMENT_3D('',#757,#758,#759);
#757 = CARTESIAN_POINT('',(2.3,-3.5,4.4));
#758 = DIRECTION('',(0.,1.,0.));
#759 = DIRECTION('',(-1.,0.,0.));
#760 = ADVANCED_FACE('',(#761),#779,.F.);
#761 = FACE_BOUND('',#762,.F.);
#762 = EDGE_LOOP('',(#763,#771,#777,#778));
#763 = ORIENTED_EDGE('',*,*,#764,.F.);
#764 = EDGE_CURVE('',#765,#105,#767,.T.);
#765 = VERTEX_POINT('',#766);
#766 = CARTESIAN_POINT('',(-21.6,-2.,0.4));
#767 = LINE('',#768,#769);
#768 = CARTESIAN_POINT('',(-21.6,-2.,0.));
#769 = VECTOR('',#770,1.);
#770 = DIRECTION('',(0.,0.,1.));
#771 = ORIENTED_EDGE('',*,*,#772,.F.);
#772 = EDGE_CURVE('',#716,#765,#773,.T.);
#773 = LINE('',#774,#775);
#774 = CARTESIAN_POINT('',(-21.6,2.,0.4));
#775 = VECTOR('',#776,1.);
#776 = DIRECTION('',(0.,-1.,0.));
#777 = ORIENTED_EDGE('',*,*,#715,.T.);
#778 = ORIENTED_EDGE('',*,*,#104,.T.);
#779 = PLANE('',#780);
#780 = AXIS2_PLACEMENT_3D('',#781,#782,#783);
#781 = CARTESIAN_POINT('',(-21.6,2.,0.));
#782 = DIRECTION('',(1.,0.,0.));
#783 = DIRECTION('',(0.,-1.,0.));
#784 = ADVANCED_FACE('',(#785),#804,.T.);
#785 = FACE_BOUND('',#786,.F.);
#786 = EDGE_LOOP('',(#787,#796,#802,#803));
#787 = ORIENTED_EDGE('',*,*,#788,.T.);
#788 = EDGE_CURVE('',#742,#789,#791,.T.);
#789 = VERTEX_POINT('',#790);
#790 = CARTESIAN_POINT('',(-1.089195831534,-5.032826822603,2.));
#791 = CIRCLE('',#792,1.2);
#792 = AXIS2_PLACEMENT_3D('',#793,#794,#795);
#793 = CARTESIAN_POINT('',(-2.242116603381,-4.7,2.));
#794 = DIRECTION('',(-0.,-0.,-1.));
#795 = DIRECTION('',(0.,-1.,0.));
#796 = ORIENTED_EDGE('',*,*,#797,.T.);
#797 = EDGE_CURVE('',#789,#174,#798,.T.);
#798 = LINE('',#799,#800);
#799 = CARTESIAN_POINT('',(-1.089195831534,-5.032826822603,2.));
#800 = VECTOR('',#801,1.);
#801 = DIRECTION('',(0.,0.,1.));
#802 = ORIENTED_EDGE('',*,*,#182,.F.);
#803 = ORIENTED_EDGE('',*,*,#741,.F.);
#804 = CYLINDRICAL_SURFACE('',#805,1.2);
#805 = AXIS2_PLACEMENT_3D('',#806,#807,#808);
#806 = CARTESIAN_POINT('',(-2.242116603381,-4.7,2.));
#807 = DIRECTION('',(0.,0.,1.));
#808 = DIRECTION('',(0.,1.,0.));
#809 = ADVANCED_FACE('',(#810),#829,.T.);
#810 = FACE_BOUND('',#811,.F.);
#811 = EDGE_LOOP('',(#812,#820,#827,#828));
#812 = ORIENTED_EDGE('',*,*,#813,.F.);
#813 = EDGE_CURVE('',#814,#113,#816,.T.);
#814 = VERTEX_POINT('',#815);
#815 = CARTESIAN_POINT('',(-18.6,-5.,0.4));
#816 = LINE('',#817,#818);
#817 = CARTESIAN_POINT('',(-18.6,-5.,0.));
#818 = VECTOR('',#819,1.);
#819 = DIRECTION('',(0.,0.,1.));
#820 = ORIENTED_EDGE('',*,*,#821,.F.);
#821 = EDGE_CURVE('',#765,#814,#822,.T.);
#822 = CIRCLE('',#823,3.);
#823 = AXIS2_PLACEMENT_3D('',#824,#825,#826);
#824 = CARTESIAN_POINT('',(-18.6,-2.,0.4));
#825 = DIRECTION('',(0.,0.,1.));
#826 = DIRECTION('',(-1.,1.5E-16,0.));
#827 = ORIENTED_EDGE('',*,*,#764,.T.);
#828 = ORIENTED_EDGE('',*,*,#112,.F.);
#829 = CYLINDRICAL_SURFACE('',#830,3.);
#830 = AXIS2_PLACEMENT_3D('',#831,#832,#833);
#831 = CARTESIAN_POINT('',(-18.6,-2.,0.));
#832 = DIRECTION('',(-0.,-0.,-1.));
#833 = DIRECTION('',(1.,0.,0.));
#834 = ADVANCED_FACE('',(#835),#918,.F.);
#835 = FACE_BOUND('',#836,.F.);
#836 = EDGE_LOOP('',(#837,#838,#839,#848,#857,#867,#876,#885,#893,#902,
    #911,#917));
#837 = ORIENTED_EDGE('',*,*,#173,.F.);
#838 = ORIENTED_EDGE('',*,*,#797,.F.);
#839 = ORIENTED_EDGE('',*,*,#840,.T.);
#840 = EDGE_CURVE('',#789,#841,#843,.T.);
#841 = VERTEX_POINT('',#842);
#842 = CARTESIAN_POINT('',(4.302914270615,-5.795554957734,2.));
#843 = CIRCLE('',#844,2.75);
#844 = AXIS2_PLACEMENT_3D('',#845,#846,#847);
#845 = CARTESIAN_POINT('',(1.552914270615,-5.795554957734,2.));
#846 = DIRECTION('',(0.,0.,1.));
#847 = DIRECTION('',(1.,0.,0.));
#848 = ORIENTED_EDGE('',*,*,#849,.T.);
#849 = EDGE_CURVE('',#841,#850,#852,.T.);
#850 = VERTEX_POINT('',#851);
#851 = CARTESIAN_POINT('',(3.94724513216,-4.442898413947,2.));
#852 = CIRCLE('',#853,2.75);
#853 = AXIS2_PLACEMENT_3D('',#854,#855,#856);
#854 = CARTESIAN_POINT('',(1.552914270615,-5.795554957734,2.));
#855 = DIRECTION('',(0.,0.,1.));
#856 = DIRECTION('',(1.,0.,0.));
#857 = ORIENTED_EDGE('',*,*,#858,.T.);
#858 = EDGE_CURVE('',#850,#859,#861,.T.);
#859 = VERTEX_POINT('',#860);
#860 = CARTESIAN_POINT('',(3.94724513216,-4.442898413947,4.4));
#861 = B_SPLINE_CURVE_WITH_KNOTS('',2,(#862,#863,#864,#865,#866),
  .UNSPECIFIED.,.F.,.F.,(3,1,1,3),(-0.14688,1.2E-15,2.4,2.54688),
  .UNSPECIFIED.);
#862 = CARTESIAN_POINT('',(3.94724513216,-4.442898413947,1.85312));
#863 = CARTESIAN_POINT('',(3.94724513216,-4.442898413947,1.92656));
#864 = CARTESIAN_POINT('',(3.94724513216,-4.442898413947,3.2));
#865 = CARTESIAN_POINT('',(3.94724513216,-4.442898413947,4.47344));
#866 = CARTESIAN_POINT('',(3.94724513216,-4.442898413947,4.54688));
#867 = ORIENTED_EDGE('',*,*,#868,.F.);
#868 = EDGE_CURVE('',#869,#859,#871,.T.);
#869 = VERTEX_POINT('',#870);
#870 = CARTESIAN_POINT('',(4.213497533881,-5.1,4.4));
#871 = CIRCLE('',#872,2.75);
#872 = AXIS2_PLACEMENT_3D('',#873,#874,#875);
#873 = CARTESIAN_POINT('',(1.552914270615,-5.795554957734,4.4));
#874 = DIRECTION('',(0.,0.,1.));
#875 = DIRECTION('',(1.,0.,0.));
#876 = ORIENTED_EDGE('',*,*,#877,.T.);
#877 = EDGE_CURVE('',#869,#878,#880,.T.);
#878 = VERTEX_POINT('',#879);
#879 = CARTESIAN_POINT('',(4.297931541639,-5.630085378113,4.4));
#880 = CIRCLE('',#881,2.75);
#881 = AXIS2_PLACEMENT_3D('',#882,#883,#884);
#882 = CARTESIAN_POINT('',(1.552914270615,-5.795554957734,4.4));
#883 = DIRECTION('',(-0.,-0.,-1.));
#884 = DIRECTION('',(0.,-1.,0.));
#885 = ORIENTED_EDGE('',*,*,#886,.T.);
#886 = EDGE_CURVE('',#878,#887,#889,.T.);
#887 = VERTEX_POINT('',#888);
#888 = CARTESIAN_POINT('',(4.297931541639,-5.630085378113,9.4));
#889 = LINE('',#890,#891);
#890 = CARTESIAN_POINT('',(4.297931541639,-5.630085378113,4.4));
#891 = VECTOR('',#892,1.);
#892 = DIRECTION('',(0.,0.,1.));
#893 = ORIENTED_EDGE('',*,*,#894,.F.);
#894 = EDGE_CURVE('',#895,#887,#897,.T.);
#895 = VERTEX_POINT('',#896);
#896 = CARTESIAN_POINT('',(4.302914270615,-5.795554957734,9.4));
#897 = CIRCLE('',#898,2.75);
#898 = AXIS2_PLACEMENT_3D('',#899,#900,#901);
#899 = CARTESIAN_POINT('',(1.552914270615,-5.795554957734,9.4));
#900 = DIRECTION('',(0.,0.,1.));
#901 = DIRECTION('',(1.,0.,0.));
#902 = ORIENTED_EDGE('',*,*,#903,.F.);
#903 = EDGE_CURVE('',#904,#895,#906,.T.);
#904 = VERTEX_POINT('',#905);
#905 = CARTESIAN_POINT('',(-1.192103000409,-5.630085378113,9.4));
#906 = CIRCLE('',#907,2.75);
#907 = AXIS2_PLACEMENT_3D('',#908,#909,#910);
#908 = CARTESIAN_POINT('',(1.552914270615,-5.795554957734,9.4));
#909 = DIRECTION('',(0.,0.,1.));
#910 = DIRECTION('',(1.,0.,0.));
#911 = ORIENTED_EDGE('',*,*,#912,.F.);
#912 = EDGE_CURVE('',#156,#904,#913,.T.);
#913 = LINE('',#914,#915);
#914 = CARTESIAN_POINT('',(-1.192103000409,-5.630085378113,4.4));
#915 = VECTOR('',#916,1.);
#916 = DIRECTION('',(0.,0.,1.));
#917 = ORIENTED_EDGE('',*,*,#164,.F.);
#918 = CYLINDRICAL_SURFACE('',#919,2.75);
#919 = AXIS2_PLACEMENT_3D('',#920,#921,#922);
#920 = CARTESIAN_POINT('',(1.552914270615,-5.795554957734,9.4));
#921 = DIRECTION('',(0.,0.,1.));
#922 = DIRECTION('',(1.,0.,0.));
#923 = ADVANCED_FACE('',(#924),#942,.T.);
#924 = FACE_BOUND('',#925,.T.);
#925 = EDGE_LOOP('',(#926,#927,#935,#941));
#926 = ORIENTED_EDGE('',*,*,#813,.F.);
#927 = ORIENTED_EDGE('',*,*,#928,.T.);
#928 = EDGE_CURVE('',#814,#929,#931,.T.);
#929 = VERTEX_POINT('',#930);
#930 = CARTESIAN_POINT('',(-17.,-5.,0.4));
#931 = LINE('',#932,#933);
#932 = CARTESIAN_POINT('',(-18.6,-5.,0.4));
#933 = VECTOR('',#934,1.);
#934 = DIRECTION('',(1.,0.,0.));
#935 = ORIENTED_EDGE('',*,*,#936,.T.);
#936 = EDGE_CURVE('',#929,#122,#937,.T.);
#937 = LINE('',#938,#939);
#938 = CARTESIAN_POINT('',(-17.,-5.,0.));
#939 = VECTOR('',#940,1.);
#940 = DIRECTION('',(0.,0.,1.));
#941 = ORIENTED_EDGE('',*,*,#121,.F.);
#942 = PLANE('',#943);
#943 = AXIS2_PLACEMENT_3D('',#944,#945,#946);
#944 = CARTESIAN_POINT('',(-17.,-5.,0.));
#945 = DIRECTION('',(0.,-1.,0.));
#946 = DIRECTION('',(-1.,0.,0.));
#947 = ADVANCED_FACE('',(#948),#976,.F.);
#948 = FACE_BOUND('',#949,.T.);
#949 = EDGE_LOOP('',(#950,#951,#960,#968,#975));
#950 = ORIENTED_EDGE('',*,*,#936,.F.);
#951 = ORIENTED_EDGE('',*,*,#952,.T.);
#952 = EDGE_CURVE('',#929,#953,#955,.T.);
#953 = VERTEX_POINT('',#954);
#954 = CARTESIAN_POINT('',(-9.746794344809,-7.,0.4));
#955 = CIRCLE('',#956,14.152248069124);
#956 = AXIS2_PLACEMENT_3D('',#957,#958,#959);
#957 = CARTESIAN_POINT('',(-17.,-19.15224806912,0.4));
#958 = DIRECTION('',(0.,0.,-1.));
#959 = DIRECTION('',(0.,1.,0.));
#960 = ORIENTED_EDGE('',*,*,#961,.T.);
#961 = EDGE_CURVE('',#953,#962,#964,.T.);
#962 = VERTEX_POINT('',#963);
#963 = CARTESIAN_POINT('',(-9.746794344809,-7.,4.4));
#964 = LINE('',#965,#966);
#965 = CARTESIAN_POINT('',(-9.746794344809,-7.,0.));
#966 = VECTOR('',#967,1.);
#967 = DIRECTION('',(0.,0.,1.));
#968 = ORIENTED_EDGE('',*,*,#969,.F.);
#969 = EDGE_CURVE('',#130,#962,#970,.T.);
#970 = CIRCLE('',#971,14.152248069124);
#971 = AXIS2_PLACEMENT_3D('',#972,#973,#974);
#972 = CARTESIAN_POINT('',(-17.,-19.15224806912,4.4));
#973 = DIRECTION('',(0.,0.,-1.));
#974 = DIRECTION('',(1.,0.,0.));
#975 = ORIENTED_EDGE('',*,*,#129,.F.);
#976 = CYLINDRICAL_SURFACE('',#977,14.152248069124);
#977 = AXIS2_PLACEMENT_3D('',#978,#979,#980);
#978 = CARTESIAN_POINT('',(-17.,-19.15224806912,0.));
#979 = DIRECTION('',(-0.,-0.,-1.));
#980 = DIRECTION('',(1.,0.,0.));
#981 = ADVANCED_FACE('',(#982),#1001,.T.);
#982 = FACE_BOUND('',#983,.F.);
#983 = EDGE_LOOP('',(#984,#985,#986,#995));
#984 = ORIENTED_EDGE('',*,*,#155,.T.);
#985 = ORIENTED_EDGE('',*,*,#912,.T.);
#986 = ORIENTED_EDGE('',*,*,#987,.F.);
#987 = EDGE_CURVE('',#988,#904,#990,.T.);
#988 = VERTEX_POINT('',#989);
#989 = CARTESIAN_POINT('',(-1.691197049686,-5.1,9.4));
#990 = CIRCLE('',#991,0.5);
#991 = AXIS2_PLACEMENT_3D('',#992,#993,#994);
#992 = CARTESIAN_POINT('',(-1.691197049686,-5.6,9.4));
#993 = DIRECTION('',(-0.,-0.,-1.));
#994 = DIRECTION('',(0.,-1.,0.));
#995 = ORIENTED_EDGE('',*,*,#996,.F.);
#996 = EDGE_CURVE('',#148,#988,#997,.T.);
#997 = LINE('',#998,#999);
#998 = CARTESIAN_POINT('',(-1.691197049686,-5.1,4.4));
#999 = VECTOR('',#1000,1.);
#1000 = DIRECTION('',(0.,0.,1.));
#1001 = CYLINDRICAL_SURFACE('',#1002,0.5);
#1002 = AXIS2_PLACEMENT_3D('',#1003,#1004,#1005);
#1003 = CARTESIAN_POINT('',(-1.691197049686,-5.6,4.4));
#1004 = DIRECTION('',(0.,0.,1.));
#1005 = DIRECTION('',(0.,1.,0.));
#1006 = ADVANCED_FACE('',(#1007),#1051,.T.);
#1007 = FACE_BOUND('',#1008,.T.);
#1008 = EDGE_LOOP('',(#1009,#1018,#1026,#1035,#1044,#1050));
#1009 = ORIENTED_EDGE('',*,*,#1010,.T.);
#1010 = EDGE_CURVE('',#130,#1011,#1013,.T.);
#1011 = VERTEX_POINT('',#1012);
#1012 = CARTESIAN_POINT('',(-9.571585297336,-7.063515663999,4.4));
#1013 = CIRCLE('',#1014,1.);
#1014 = AXIS2_PLACEMENT_3D('',#1015,#1016,#1017);
#1015 = CARTESIAN_POINT('',(-9.30393334941,-6.1,4.4));
#1016 = DIRECTION('',(0.,0.,1.));
#1017 = DIRECTION('',(1.,0.,0.));
#1018 = ORIENTED_EDGE('',*,*,#1019,.F.);
#1019 = EDGE_CURVE('',#1020,#1011,#1022,.T.);
#1020 = VERTEX_POINT('',#1021);
#1021 = CARTESIAN_POINT('',(-9.571585297336,-7.063515663999,9.4));
#1022 = LINE('',#1023,#1024);
#1023 = CARTESIAN_POINT('',(-9.571585297336,-7.063515663999,9.4));
#1024 = VECTOR('',#1025,1.);
#1025 = DIRECTION('',(-0.,-0.,-1.));
#1026 = ORIENTED_EDGE('',*,*,#1027,.F.);
#1027 = EDGE_CURVE('',#1028,#1020,#1030,.T.);
#1028 = VERTEX_POINT('',#1029);
#1029 = CARTESIAN_POINT('',(-9.811849181421,-6.961406702779,9.4));
#1030 = CIRCLE('',#1031,1.);
#1031 = AXIS2_PLACEMENT_3D('',#1032,#1033,#1034);
#1032 = CARTESIAN_POINT('',(-9.30393334941,-6.1,9.4));
#1033 = DIRECTION('',(0.,0.,1.));
#1034 = DIRECTION('',(1.,0.,0.));
#1035 = ORIENTED_EDGE('',*,*,#1036,.F.);
#1036 = EDGE_CURVE('',#1037,#1028,#1039,.T.);
#1037 = VERTEX_POINT('',#1038);
#1038 = CARTESIAN_POINT('',(-9.30393334941,-5.1,9.4));
#1039 = CIRCLE('',#1040,1.);
#1040 = AXIS2_PLACEMENT_3D('',#1041,#1042,#1043);
#1041 = CARTESIAN_POINT('',(-9.30393334941,-6.1,9.4));
#1042 = DIRECTION('',(0.,0.,1.));
#1043 = DIRECTION('',(1.,0.,0.));
#1044 = ORIENTED_EDGE('',*,*,#1045,.T.);
#1045 = EDGE_CURVE('',#1037,#139,#1046,.T.);
#1046 = LINE('',#1047,#1048);
#1047 = CARTESIAN_POINT('',(-9.30393334941,-5.1,9.4));
#1048 = VECTOR('',#1049,1.);
#1049 = DIRECTION('',(-0.,-0.,-1.));
#1050 = ORIENTED_EDGE('',*,*,#138,.T.);
#1051 = CYLINDRICAL_SURFACE('',#1052,1.);
#1052 = AXIS2_PLACEMENT_3D('',#1053,#1054,#1055);
#1053 = CARTESIAN_POINT('',(-9.30393334941,-6.1,9.4));
#1054 = DIRECTION('',(0.,0.,1.));
#1055 = DIRECTION('',(1.,0.,0.));
#1056 = ADVANCED_FACE('',(#1057),#1068,.F.);
#1057 = FACE_BOUND('',#1058,.F.);
#1058 = EDGE_LOOP('',(#1059,#1065,#1066,#1067));
#1059 = ORIENTED_EDGE('',*,*,#1060,.F.);
#1060 = EDGE_CURVE('',#1037,#988,#1061,.T.);
#1061 = LINE('',#1062,#1063);
#1062 = CARTESIAN_POINT('',(-9.30393334941,-5.1,9.4));
#1063 = VECTOR('',#1064,1.);
#1064 = DIRECTION('',(1.,0.,0.));
#1065 = ORIENTED_EDGE('',*,*,#1045,.T.);
#1066 = ORIENTED_EDGE('',*,*,#147,.T.);
#1067 = ORIENTED_EDGE('',*,*,#996,.T.);
#1068 = PLANE('',#1069);
#1069 = AXIS2_PLACEMENT_3D('',#1070,#1071,#1072);
#1070 = CARTESIAN_POINT('',(-9.30393334941,-5.1,9.4));
#1071 = DIRECTION('',(0.,-1.,0.));
#1072 = DIRECTION('',(1.,0.,0.));
#1073 = ADVANCED_FACE('',(#1074),#1093,.F.);
#1074 = FACE_BOUND('',#1075,.T.);
#1075 = EDGE_LOOP('',(#1076,#1084,#1091,#1092));
#1076 = ORIENTED_EDGE('',*,*,#1077,.F.);
#1077 = EDGE_CURVE('',#1078,#267,#1080,.T.);
#1078 = VERTEX_POINT('',#1079);
#1079 = CARTESIAN_POINT('',(-15.4,0.,0.4));
#1080 = LINE('',#1081,#1082);
#1081 = CARTESIAN_POINT('',(-15.4,0.,0.));
#1082 = VECTOR('',#1083,1.);
#1083 = DIRECTION('',(0.,0.,1.));
#1084 = ORIENTED_EDGE('',*,*,#1085,.F.);
#1085 = EDGE_CURVE('',#1078,#1078,#1086,.T.);
#1086 = CIRCLE('',#1087,1.6);
#1087 = AXIS2_PLACEMENT_3D('',#1088,#1089,#1090);
#1088 = CARTESIAN_POINT('',(-17.,0.,0.4));
#1089 = DIRECTION('',(0.,0.,1.));
#1090 = DIRECTION('',(1.,0.,0.));
#1091 = ORIENTED_EDGE('',*,*,#1077,.T.);
#1092 = ORIENTED_EDGE('',*,*,#276,.F.);
#1093 = CYLINDRICAL_SURFACE('',#1094,1.6);
#1094 = AXIS2_PLACEMENT_3D('',#1095,#1096,#1097);
#1095 = CARTESIAN_POINT('',(-17.,0.,0.));
#1096 = DIRECTION('',(-0.,-0.,-1.));
#1097 = DIRECTION('',(1.,0.,0.));
#1098 = ADVANCED_FACE('',(#1099),#1257,.T.);
#1099 = FACE_BOUND('',#1100,.T.);
#1100 = EDGE_LOOP('',(#1101,#1102,#1111,#1119,#1128,#1145,#1154,#1163,
    #1180,#1189,#1214,#1215,#1216,#1225,#1233,#1241,#1249,#1256));
#1101 = ORIENTED_EDGE('',*,*,#291,.F.);
#1102 = ORIENTED_EDGE('',*,*,#1103,.F.);
#1103 = EDGE_CURVE('',#1104,#292,#1106,.T.);
#1104 = VERTEX_POINT('',#1105);
#1105 = CARTESIAN_POINT('',(2.242116603381,3.5,4.4));
#1106 = CIRCLE('',#1107,1.2);
#1107 = AXIS2_PLACEMENT_3D('',#1108,#1109,#1110);
#1108 = CARTESIAN_POINT('',(2.242116603381,4.7,4.4));
#1109 = DIRECTION('',(-0.,-0.,-1.));
#1110 = DIRECTION('',(0.,-1.,0.));
#1111 = ORIENTED_EDGE('',*,*,#1112,.F.);
#1112 = EDGE_CURVE('',#1113,#1104,#1115,.T.);
#1113 = VERTEX_POINT('',#1114);
#1114 = CARTESIAN_POINT('',(2.3,3.5,4.4));
#1115 = LINE('',#1116,#1117);
#1116 = CARTESIAN_POINT('',(2.3,3.5,4.4));
#1117 = VECTOR('',#1118,1.);
#1118 = DIRECTION('',(-1.,0.,0.));
#1119 = ORIENTED_EDGE('',*,*,#1120,.F.);
#1120 = EDGE_CURVE('',#1121,#1113,#1123,.T.);
#1121 = VERTEX_POINT('',#1122);
#1122 = CARTESIAN_POINT('',(3.028624196369,3.423318095133,4.4));
#1123 = CIRCLE('',#1124,3.5);
#1124 = AXIS2_PLACEMENT_3D('',#1125,#1126,#1127);
#1125 = CARTESIAN_POINT('',(2.3,0.,4.4));
#1126 = DIRECTION('',(0.,0.,1.));
#1127 = DIRECTION('',(1.,0.,0.));
#1128 = ORIENTED_EDGE('',*,*,#1129,.T.);
#1129 = EDGE_CURVE('',#1121,#1130,#1132,.T.);
#1130 = VERTEX_POINT('',#1131);
#1131 = CARTESIAN_POINT('',(4.043131903115,3.672233368259,4.4));
#1132 = B_SPLINE_CURVE_WITH_KNOTS('',6,(#1133,#1134,#1135,#1136,#1137,
    #1138,#1139,#1140,#1141,#1142,#1143,#1144),.UNSPECIFIED.,.F.,.F.,(7,
    5,7),(0.,0.500000001256,1.),.UNSPECIFIED.);
#1133 = CARTESIAN_POINT('',(3.028624196369,3.423318095133,4.4));
#1134 = CARTESIAN_POINT('',(3.114242002152,3.405095071973,4.4));
#1135 = CARTESIAN_POINT('',(3.202905917466,3.394057892333,4.4));
#1136 = CARTESIAN_POINT('',(3.293569542851,3.390926785646,4.4));
#1137 = CARTESIAN_POINT('',(3.384954476238,3.396161761918,4.4));
#1138 = CARTESIAN_POINT('',(3.475666275957,3.409826357729,4.4));
#1139 = CARTESIAN_POINT('',(3.653101651451,3.453361142788,4.4));
#1140 = CARTESIAN_POINT('',(3.739836625705,3.483234128523,4.4));
#1141 = CARTESIAN_POINT('',(3.823266660944,3.520891004286,4.4));
#1142 = CARTESIAN_POINT('',(3.902185078097,3.565630036507,4.4));
#1143 = CARTESIAN_POINT('',(3.975671563956,3.616451747763,4.4));
#1144 = CARTESIAN_POINT('',(4.043131903115,3.672233368259,4.4));
#1145 = ORIENTED_EDGE('',*,*,#1146,.F.);
#1146 = EDGE_CURVE('',#1147,#1130,#1149,.T.);
#1147 = VERTEX_POINT('',#1148);
#1148 = CARTESIAN_POINT('',(8.545554957734,1.552914270615,4.4));
#1149 = CIRCLE('',#1150,2.75);
#1150 = AXIS2_PLACEMENT_3D('',#1151,#1152,#1153);
#1151 = CARTESIAN_POINT('',(5.795554957734,1.552914270615,4.4));
#1152 = DIRECTION('',(0.,0.,1.));
#1153 = DIRECTION('',(1.,0.,0.));
#1154 = ORIENTED_EDGE('',*,*,#1155,.F.);
#1155 = EDGE_CURVE('',#1156,#1147,#1158,.T.);
#1156 = VERTEX_POINT('',#1157);
#1157 = CARTESIAN_POINT('',(6.193488176939,-1.16814235376,4.4));
#1158 = CIRCLE('',#1159,2.75);
#1159 = AXIS2_PLACEMENT_3D('',#1160,#1161,#1162);
#1160 = CARTESIAN_POINT('',(5.795554957734,1.552914270615,4.4));
#1161 = DIRECTION('',(0.,0.,1.));
#1162 = DIRECTION('',(1.,0.,0.));
#1163 = ORIENTED_EDGE('',*,*,#1164,.F.);
#1164 = EDGE_CURVE('',#1165,#1156,#1167,.T.);
#1165 = VERTEX_POINT('',#1166);
#1166 = CARTESIAN_POINT('',(5.328715143032,-1.754105065943,4.4));
#1167 = B_SPLINE_CURVE_WITH_KNOTS('',6,(#1168,#1169,#1170,#1171,#1172,
    #1173,#1174,#1175,#1176,#1177,#1178,#1179),.UNSPECIFIED.,.F.,.F.,(7,
    5,7),(0.,0.500000001256,1.),.UNSPECIFIED.);
#1168 = CARTESIAN_POINT('',(5.328715143032,-1.754105065943,4.4));
#1169 = CARTESIAN_POINT('',(5.372585628533,-1.678356351485,4.4));
#1170 = CARTESIAN_POINT('',(5.423830330613,-1.605164208997,4.4));
#1171 = CARTESIAN_POINT('',(5.482282256478,-1.535787922272,4.4));
#1172 = CARTESIAN_POINT('',(5.547425795813,-1.471484498494,4.4));
#1173 = CARTESIAN_POINT('',(5.618373347384,-1.41333128093,4.4));
#1174 = CARTESIAN_POINT('',(5.769620427094,-1.310847570683,4.4));
#1175 = CARTESIAN_POINT('',(5.849929671227,-1.266510494298,4.4));
#1176 = CARTESIAN_POINT('',(5.933799558684,-1.22984371028,4.4));
#1177 = CARTESIAN_POINT('',(6.019900480423,-1.201272241195,4.4));
#1178 = CARTESIAN_POINT('',(6.106873847387,-1.180809021068,4.4));
#1179 = CARTESIAN_POINT('',(6.193488176939,-1.16814235376,4.4));
#1180 = ORIENTED_EDGE('',*,*,#1181,.F.);
#1181 = EDGE_CURVE('',#1182,#1165,#1184,.T.);
#1182 = VERTEX_POINT('',#1183);
#1183 = CARTESIAN_POINT('',(4.304713656908,-2.868993404281,4.4));
#1184 = CIRCLE('',#1185,3.5);
#1185 = AXIS2_PLACEMENT_3D('',#1186,#1187,#1188);
#1186 = CARTESIAN_POINT('',(2.3,0.,4.4));
#1187 = DIRECTION('',(0.,0.,1.));
#1188 = DIRECTION('',(1.,0.,0.));
#1189 = ORIENTED_EDGE('',*,*,#1190,.T.);
#1190 = EDGE_CURVE('',#1182,#859,#1191,.T.);
#1191 = B_SPLINE_CURVE_WITH_KNOTS('',6,(#1192,#1193,#1194,#1195,#1196,
    #1197,#1198,#1199,#1200,#1201,#1202,#1203,#1204,#1205,#1206,#1207,
    #1208,#1209,#1210,#1211,#1212,#1213),.UNSPECIFIED.,.F.,.F.,(7,5,5,5,
    7),(0.,0.154090672825,0.5,0.845909327175,1.),.UNSPECIFIED.);
#1192 = CARTESIAN_POINT('',(4.304713656908,-2.868993404281,4.4));
#1193 = CARTESIAN_POINT('',(4.269674480456,-2.893477083977,4.4));
#1194 = CARTESIAN_POINT('',(4.235283030142,-2.919737222472,4.4));
#1195 = CARTESIAN_POINT('',(4.201689949907,-2.947763753624,4.4));
#1196 = CARTESIAN_POINT('',(4.169047956897,-2.97752732661,4.4));
#1197 = CARTESIAN_POINT('',(4.13750776435,-3.00897837296,4.4));
#1198 = CARTESIAN_POINT('',(4.039209277782,-3.116278185518,4.4));
#1199 = CARTESIAN_POINT('',(3.977466401917,-3.198678505557,4.4));
#1200 = CARTESIAN_POINT('',(3.923661421794,-3.288420763277,4.4));
#1201 = CARTESIAN_POINT('',(3.879218352418,-3.384198833997,4.4));
#1202 = CARTESIAN_POINT('',(3.845137713837,-3.484321443009,4.4));
#1203 = CARTESIAN_POINT('',(3.798555351009,-3.689419819908,4.4));
#1204 = CARTESIAN_POINT('',(3.786043283811,-3.794441126964,4.4));
#1205 = CARTESIAN_POINT('',(3.784753683741,-3.90002030189,4.4));
#1206 = CARTESIAN_POINT('',(3.794514755499,-4.00419981132,4.4));
#1207 = CARTESIAN_POINT('',(3.814606387058,-4.105186552052,4.4));
#1208 = CARTESIAN_POINT('',(3.856911606753,-4.24442056594,4.4));
#1209 = CARTESIAN_POINT('',(3.87177180971,-4.286410165014,4.4));
#1210 = CARTESIAN_POINT('',(3.888354641383,-4.327353780857,4.4));
#1211 = CARTESIAN_POINT('',(3.906545586384,-4.367141605729,4.4));
#1212 = CARTESIAN_POINT('',(3.926219588769,-4.405681200417,4.4));
#1213 = CARTESIAN_POINT('',(3.94724513216,-4.442898413947,4.4));
#1214 = ORIENTED_EDGE('',*,*,#868,.F.);
#1215 = ORIENTED_EDGE('',*,*,#877,.T.);
#1216 = ORIENTED_EDGE('',*,*,#1217,.T.);
#1217 = EDGE_CURVE('',#878,#1218,#1220,.T.);
#1218 = VERTEX_POINT('',#1219);
#1219 = CARTESIAN_POINT('',(4.797025590916,-5.1,4.4));
#1220 = CIRCLE('',#1221,0.5);
#1221 = AXIS2_PLACEMENT_3D('',#1222,#1223,#1224);
#1222 = CARTESIAN_POINT('',(4.797025590916,-5.6,4.4));
#1223 = DIRECTION('',(-0.,-0.,-1.));
#1224 = DIRECTION('',(0.,-1.,0.));
#1225 = ORIENTED_EDGE('',*,*,#1226,.T.);
#1226 = EDGE_CURVE('',#1218,#1227,#1229,.T.);
#1227 = VERTEX_POINT('',#1228);
#1228 = CARTESIAN_POINT('',(10.,-5.1,4.4));
#1229 = LINE('',#1230,#1231);
#1230 = CARTESIAN_POINT('',(-9.30393334941,-5.1,4.4));
#1231 = VECTOR('',#1232,1.);
#1232 = DIRECTION('',(1.,0.,0.));
#1233 = ORIENTED_EDGE('',*,*,#1234,.T.);
#1234 = EDGE_CURVE('',#1227,#1235,#1237,.T.);
#1235 = VERTEX_POINT('',#1236);
#1236 = CARTESIAN_POINT('',(10.,5.1,4.4));
#1237 = LINE('',#1238,#1239);
#1238 = CARTESIAN_POINT('',(10.,-5.1,4.4));
#1239 = VECTOR('',#1240,1.);
#1240 = DIRECTION('',(1.7E-16,1.,0.));
#1241 = ORIENTED_EDGE('',*,*,#1242,.T.);
#1242 = EDGE_CURVE('',#1235,#1243,#1245,.T.);
#1243 = VERTEX_POINT('',#1244);
#1244 = CARTESIAN_POINT('',(1.691197049686,5.1,4.4));
#1245 = LINE('',#1246,#1247);
#1246 = CARTESIAN_POINT('',(10.,5.1,4.4));
#1247 = VECTOR('',#1248,1.);
#1248 = DIRECTION('',(-1.,0.,0.));
#1249 = ORIENTED_EDGE('',*,*,#1250,.T.);
#1250 = EDGE_CURVE('',#1243,#363,#1251,.T.);
#1251 = CIRCLE('',#1252,0.5);
#1252 = AXIS2_PLACEMENT_3D('',#1253,#1254,#1255);
#1253 = CARTESIAN_POINT('',(1.691197049686,5.6,4.4));
#1254 = DIRECTION('',(-0.,-0.,-1.));
#1255 = DIRECTION('',(0.,-1.,0.));
#1256 = ORIENTED_EDGE('',*,*,#370,.F.);
#1257 = PLANE('',#1258);
#1258 = AXIS2_PLACEMENT_3D('',#1259,#1260,#1261);
#1259 = CARTESIAN_POINT('',(-6.046743552376,5.2E-16,4.4));
#1260 = DIRECTION('',(0.,0.,1.));
#1261 = DIRECTION('',(0.,1.,0.));
#1262 = ADVANCED_FACE('',(#1263),#1282,.T.);
#1263 = FACE_BOUND('',#1264,.F.);
#1264 = EDGE_LOOP('',(#1265,#1274,#1275,#1276));
#1265 = ORIENTED_EDGE('',*,*,#1266,.T.);
#1266 = EDGE_CURVE('',#1267,#303,#1269,.T.);
#1267 = VERTEX_POINT('',#1268);
#1268 = CARTESIAN_POINT('',(2.242116603381,3.5,2.));
#1269 = CIRCLE('',#1270,1.2);
#1270 = AXIS2_PLACEMENT_3D('',#1271,#1272,#1273);
#1271 = CARTESIAN_POINT('',(2.242116603381,4.7,2.));
#1272 = DIRECTION('',(-0.,-0.,-1.));
#1273 = DIRECTION('',(0.,-1.,0.));
#1274 = ORIENTED_EDGE('',*,*,#302,.T.);
#1275 = ORIENTED_EDGE('',*,*,#1103,.F.);
#1276 = ORIENTED_EDGE('',*,*,#1277,.F.);
#1277 = EDGE_CURVE('',#1267,#1104,#1278,.T.);
#1278 = LINE('',#1279,#1280);
#1279 = CARTESIAN_POINT('',(2.242116603381,3.5,2.));
#1280 = VECTOR('',#1281,1.);
#1281 = DIRECTION('',(0.,0.,1.));
#1282 = CYLINDRICAL_SURFACE('',#1283,1.2);
#1283 = AXIS2_PLACEMENT_3D('',#1284,#1285,#1286);
#1284 = CARTESIAN_POINT('',(2.242116603381,4.7,2.));
#1285 = DIRECTION('',(0.,0.,1.));
#1286 = DIRECTION('',(0.,-1.,0.));
#1287 = ADVANCED_FACE('',(#1288,#1299,#1418,#1429,#1440,#1469),#1480,.T.
  );
#1288 = FACE_BOUND('',#1289,.T.);
#1289 = EDGE_LOOP('',(#1290));
#1290 = ORIENTED_EDGE('',*,*,#1291,.T.);
#1291 = EDGE_CURVE('',#1292,#1292,#1294,.T.);
#1292 = VERTEX_POINT('',#1293);
#1293 = CARTESIAN_POINT('',(-0.252914270615,5.795554957734,2.));
#1294 = CIRCLE('',#1295,1.3);
#1295 = AXIS2_PLACEMENT_3D('',#1296,#1297,#1298);
#1296 = CARTESIAN_POINT('',(-1.552914270615,5.795554957734,2.));
#1297 = DIRECTION('',(4.E-17,0.,-1.));
#1298 = DIRECTION('',(1.,-0.,4.E-17));
#1299 = FACE_BOUND('',#1300,.T.);
#1300 = EDGE_LOOP('',(#1301,#1302,#1303,#1330,#1339,#1356,#1365,#1374,
    #1391,#1400,#1406,#1407,#1408,#1409,#1410,#1411,#1412,#1413,#1414,
    #1415,#1416,#1417));
#1301 = ORIENTED_EDGE('',*,*,#840,.T.);
#1302 = ORIENTED_EDGE('',*,*,#849,.T.);
#1303 = ORIENTED_EDGE('',*,*,#1304,.F.);
#1304 = EDGE_CURVE('',#1305,#850,#1307,.T.);
#1305 = VERTEX_POINT('',#1306);
#1306 = CARTESIAN_POINT('',(4.304713656908,-2.868993404281,2.));
#1307 = B_SPLINE_CURVE_WITH_KNOTS('',6,(#1308,#1309,#1310,#1311,#1312,
    #1313,#1314,#1315,#1316,#1317,#1318,#1319,#1320,#1321,#1322,#1323,
    #1324,#1325,#1326,#1327,#1328,#1329),.UNSPECIFIED.,.F.,.F.,(7,5,5,5,
    7),(0.,0.154090672825,0.5,0.845909327175,1.),.UNSPECIFIED.);
#1308 = CARTESIAN_POINT('',(4.304713656908,-2.868993404281,2.));
#1309 = CARTESIAN_POINT('',(4.269674480456,-2.893477083977,2.));
#1310 = CARTESIAN_POINT('',(4.235283030142,-2.919737222472,2.));
#1311 = CARTESIAN_POINT('',(4.201689949907,-2.947763753624,2.));
#1312 = CARTESIAN_POINT('',(4.169047956897,-2.97752732661,2.));
#1313 = CARTESIAN_POINT('',(4.13750776435,-3.00897837296,2.));
#1314 = CARTESIAN_POINT('',(4.039209277782,-3.116278185518,2.));
#1315 = CARTESIAN_POINT('',(3.977466401917,-3.198678505556,2.));
#1316 = CARTESIAN_POINT('',(3.923661421794,-3.288420763277,2.));
#1317 = CARTESIAN_POINT('',(3.879218352418,-3.384198833997,2.));
#1318 = CARTESIAN_POINT('',(3.845137713837,-3.484321443009,2.));
#1319 = CARTESIAN_POINT('',(3.798555351009,-3.689419819908,2.));
#1320 = CARTESIAN_POINT('',(3.786043283812,-3.794441126964,2.));
#1321 = CARTESIAN_POINT('',(3.78475368374,-3.90002030189,2.));
#1322 = CARTESIAN_POINT('',(3.794514755499,-4.004199811319,2.));
#1323 = CARTESIAN_POINT('',(3.814606387058,-4.105186552053,2.));
#1324 = CARTESIAN_POINT('',(3.856911606753,-4.24442056594,2.));
#1325 = CARTESIAN_POINT('',(3.87177180971,-4.286410165014,2.));
#1326 = CARTESIAN_POINT('',(3.888354641383,-4.327353780857,2.));
#1327 = CARTESIAN_POINT('',(3.906545586384,-4.367141605729,2.));
#1328 = CARTESIAN_POINT('',(3.926219588769,-4.405681200417,2.));
#1329 = CARTESIAN_POINT('',(3.94724513216,-4.442898413947,2.));
#1330 = ORIENTED_EDGE('',*,*,#1331,.T.);
#1331 = EDGE_CURVE('',#1305,#1332,#1334,.T.);
#1332 = VERTEX_POINT('',#1333);
#1333 = CARTESIAN_POINT('',(5.328715143032,-1.754105065943,2.));
#1334 = CIRCLE('',#1335,3.5);
#1335 = AXIS2_PLACEMENT_3D('',#1336,#1337,#1338);
#1336 = CARTESIAN_POINT('',(2.3,0.,2.));
#1337 = DIRECTION('',(0.,0.,1.));
#1338 = DIRECTION('',(1.,0.,0.));
#1339 = ORIENTED_EDGE('',*,*,#1340,.T.);
#1340 = EDGE_CURVE('',#1332,#1341,#1343,.T.);
#1341 = VERTEX_POINT('',#1342);
#1342 = CARTESIAN_POINT('',(6.193488176939,-1.16814235376,2.));
#1343 = B_SPLINE_CURVE_WITH_KNOTS('',6,(#1344,#1345,#1346,#1347,#1348,
    #1349,#1350,#1351,#1352,#1353,#1354,#1355),.UNSPECIFIED.,.F.,.F.,(7,
    5,7),(0.,0.500000001256,1.),.UNSPECIFIED.);
#1344 = CARTESIAN_POINT('',(5.328715143032,-1.754105065943,2.));
#1345 = CARTESIAN_POINT('',(5.372585628533,-1.678356351485,2.));
#1346 = CARTESIAN_POINT('',(5.423830330613,-1.605164208997,2.));
#1347 = CARTESIAN_POINT('',(5.482282256478,-1.535787922272,2.));
#1348 = CARTESIAN_POINT('',(5.547425795813,-1.471484498494,2.));
#1349 = CARTESIAN_POINT('',(5.618373347384,-1.41333128093,2.));
#1350 = CARTESIAN_POINT('',(5.769620427094,-1.310847570683,2.));
#1351 = CARTESIAN_POINT('',(5.849929671227,-1.266510494298,2.));
#1352 = CARTESIAN_POINT('',(5.933799558684,-1.22984371028,2.));
#1353 = CARTESIAN_POINT('',(6.019900480422,-1.201272241195,2.));
#1354 = CARTESIAN_POINT('',(6.106873847387,-1.180809021068,2.));
#1355 = CARTESIAN_POINT('',(6.193488176939,-1.16814235376,2.));
#1356 = ORIENTED_EDGE('',*,*,#1357,.T.);
#1357 = EDGE_CURVE('',#1341,#1358,#1360,.T.);
#1358 = VERTEX_POINT('',#1359);
#1359 = CARTESIAN_POINT('',(8.545554957734,1.552914270615,2.));
#1360 = CIRCLE('',#1361,2.75);
#1361 = AXIS2_PLACEMENT_3D('',#1362,#1363,#1364);
#1362 = CARTESIAN_POINT('',(5.795554957734,1.552914270615,2.));
#1363 = DIRECTION('',(0.,0.,1.));
#1364 = DIRECTION('',(1.,0.,0.));
#1365 = ORIENTED_EDGE('',*,*,#1366,.T.);
#1366 = EDGE_CURVE('',#1358,#1367,#1369,.T.);
#1367 = VERTEX_POINT('',#1368);
#1368 = CARTESIAN_POINT('',(4.043131903115,3.672233368259,2.));
#1369 = CIRCLE('',#1370,2.75);
#1370 = AXIS2_PLACEMENT_3D('',#1371,#1372,#1373);
#1371 = CARTESIAN_POINT('',(5.795554957734,1.552914270615,2.));
#1372 = DIRECTION('',(0.,0.,1.));
#1373 = DIRECTION('',(1.,0.,0.));
#1374 = ORIENTED_EDGE('',*,*,#1375,.F.);
#1375 = EDGE_CURVE('',#1376,#1367,#1378,.T.);
#1376 = VERTEX_POINT('',#1377);
#1377 = CARTESIAN_POINT('',(3.028624196369,3.423318095133,2.));
#1378 = B_SPLINE_CURVE_WITH_KNOTS('',6,(#1379,#1380,#1381,#1382,#1383,
    #1384,#1385,#1386,#1387,#1388,#1389,#1390),.UNSPECIFIED.,.F.,.F.,(7,
    5,7),(0.,0.500000001256,1.),.UNSPECIFIED.);
#1379 = CARTESIAN_POINT('',(3.028624196369,3.423318095133,2.));
#1380 = CARTESIAN_POINT('',(3.114242002152,3.405095071973,2.));
#1381 = CARTESIAN_POINT('',(3.202905917466,3.394057892333,2.));
#1382 = CARTESIAN_POINT('',(3.293569542851,3.390926785646,2.));
#1383 = CARTESIAN_POINT('',(3.384954476238,3.396161761918,2.));
#1384 = CARTESIAN_POINT('',(3.475666275957,3.409826357729,2.));
#1385 = CARTESIAN_POINT('',(3.653101651451,3.453361142788,2.));
#1386 = CARTESIAN_POINT('',(3.739836625705,3.483234128523,2.));
#1387 = CARTESIAN_POINT('',(3.823266660944,3.520891004286,2.));
#1388 = CARTESIAN_POINT('',(3.902185078097,3.565630036507,2.));
#1389 = CARTESIAN_POINT('',(3.975671563956,3.616451747763,2.));
#1390 = CARTESIAN_POINT('',(4.043131903115,3.672233368259,2.));
#1391 = ORIENTED_EDGE('',*,*,#1392,.T.);
#1392 = EDGE_CURVE('',#1376,#1393,#1395,.T.);
#1393 = VERTEX_POINT('',#1394);
#1394 = CARTESIAN_POINT('',(2.3,3.5,2.));
#1395 = CIRCLE('',#1396,3.5);
#1396 = AXIS2_PLACEMENT_3D('',#1397,#1398,#1399);
#1397 = CARTESIAN_POINT('',(2.3,0.,2.));
#1398 = DIRECTION('',(0.,0.,1.));
#1399 = DIRECTION('',(1.,0.,0.));
#1400 = ORIENTED_EDGE('',*,*,#1401,.F.);
#1401 = EDGE_CURVE('',#1267,#1393,#1402,.T.);
#1402 = LINE('',#1403,#1404);
#1403 = CARTESIAN_POINT('',(1.15,3.5,2.));
#1404 = VECTOR('',#1405,1.);
#1405 = DIRECTION('',(1.,0.,0.));
#1406 = ORIENTED_EDGE('',*,*,#1266,.T.);
#1407 = ORIENTED_EDGE('',*,*,#310,.T.);
#1408 = ORIENTED_EDGE('',*,*,#319,.T.);
#1409 = ORIENTED_EDGE('',*,*,#385,.F.);
#1410 = ORIENTED_EDGE('',*,*,#412,.F.);
#1411 = ORIENTED_EDGE('',*,*,#461,.T.);
#1412 = ORIENTED_EDGE('',*,*,#517,.T.);
#1413 = ORIENTED_EDGE('',*,*,#575,.T.);
#1414 = ORIENTED_EDGE('',*,*,#643,.T.);
#1415 = ORIENTED_EDGE('',*,*,#690,.F.);
#1416 = ORIENTED_EDGE('',*,*,#749,.T.);
#1417 = ORIENTED_EDGE('',*,*,#788,.T.);
#1418 = FACE_BOUND('',#1419,.T.);
#1419 = EDGE_LOOP('',(#1420));
#1420 = ORIENTED_EDGE('',*,*,#1421,.T.);
#1421 = EDGE_CURVE('',#1422,#1422,#1424,.T.);
#1422 = VERTEX_POINT('',#1423);
#1423 = CARTESIAN_POINT('',(-4.495554957734,-1.552914270615,2.));
#1424 = CIRCLE('',#1425,1.3);
#1425 = AXIS2_PLACEMENT_3D('',#1426,#1427,#1428);
#1426 = CARTESIAN_POINT('',(-5.795554957734,-1.552914270615,2.));
#1427 = DIRECTION('',(4.E-17,0.,-1.));
#1428 = DIRECTION('',(1.,-0.,4.E-17));
#1429 = FACE_BOUND('',#1430,.T.);
#1430 = EDGE_LOOP('',(#1431));
#1431 = ORIENTED_EDGE('',*,*,#1432,.T.);
#1432 = EDGE_CURVE('',#1433,#1433,#1435,.T.);
#1433 = VERTEX_POINT('',#1434);
#1434 = CARTESIAN_POINT('',(3.2,0.,2.));
#1435 = CIRCLE('',#1436,3.2);
#1436 = AXIS2_PLACEMENT_3D('',#1437,#1438,#1439);
#1437 = CARTESIAN_POINT('',(0.,0.,2.));
#1438 = DIRECTION('',(4.E-17,0.,-1.));
#1439 = DIRECTION('',(1.,-0.,4.E-17));
#1440 = FACE_BOUND('',#1441,.T.);
#1441 = EDGE_LOOP('',(#1442,#1453,#1462));
#1442 = ORIENTED_EDGE('',*,*,#1443,.T.);
#1443 = EDGE_CURVE('',#1444,#1446,#1448,.T.);
#1444 = VERTEX_POINT('',#1445);
#1445 = CARTESIAN_POINT('',(4.811311665814,2.402187573097,2.));
#1446 = VERTEX_POINT('',#1447);
#1447 = CARTESIAN_POINT('',(7.095554957734,1.552914270615,2.));
#1448 = CIRCLE('',#1449,1.3);
#1449 = AXIS2_PLACEMENT_3D('',#1450,#1451,#1452);
#1450 = CARTESIAN_POINT('',(5.795554957734,1.552914270615,2.));
#1451 = DIRECTION('',(4.E-17,-3.08148791102E-33,-1.));
#1452 = DIRECTION('',(-0.757110224554,0.653287155756,-3.028440898217E-17
    ));
#1453 = ORIENTED_EDGE('',*,*,#1454,.T.);
#1454 = EDGE_CURVE('',#1446,#1455,#1457,.T.);
#1455 = VERTEX_POINT('',#1456);
#1456 = CARTESIAN_POINT('',(5.765985509353,0.25325060346,2.));
#1457 = CIRCLE('',#1458,1.3);
#1458 = AXIS2_PLACEMENT_3D('',#1459,#1460,#1461);
#1459 = CARTESIAN_POINT('',(5.795554957734,1.552914270615,2.));
#1460 = DIRECTION('',(4.E-17,0.,-1.));
#1461 = DIRECTION('',(1.,-0.,4.E-17));
#1462 = ORIENTED_EDGE('',*,*,#1463,.T.);
#1463 = EDGE_CURVE('',#1455,#1444,#1464,.T.);
#1464 = CIRCLE('',#1465,1.3);
#1465 = AXIS2_PLACEMENT_3D('',#1466,#1467,#1468);
#1466 = CARTESIAN_POINT('',(5.795554957734,1.552914270615,2.));
#1467 = DIRECTION('',(4.E-17,0.,-1.));
#1468 = DIRECTION('',(-2.274572952441E-02,-0.999741282427,
    -9.098291809765E-19));
#1469 = FACE_BOUND('',#1470,.T.);
#1470 = EDGE_LOOP('',(#1471));
#1471 = ORIENTED_EDGE('',*,*,#1472,.T.);
#1472 = EDGE_CURVE('',#1473,#1473,#1475,.T.);
#1473 = VERTEX_POINT('',#1474);
#1474 = CARTESIAN_POINT('',(2.852914270615,-5.795554957734,2.));
#1475 = CIRCLE('',#1476,1.3);
#1476 = AXIS2_PLACEMENT_3D('',#1477,#1478,#1479);
#1477 = CARTESIAN_POINT('',(1.552914270615,-5.795554957734,2.));
#1478 = DIRECTION('',(4.E-17,0.,-1.));
#1479 = DIRECTION('',(1.,-0.,4.E-17));
#1480 = PLANE('',#1481);
#1481 = AXIS2_PLACEMENT_3D('',#1482,#1483,#1484);
#1482 = CARTESIAN_POINT('',(-1.754259128378,0.149483032661,2.));
#1483 = DIRECTION('',(-4.E-17,0.,1.));
#1484 = DIRECTION('',(1.,0.,4.E-17));
#1485 = ADVANCED_FACE('',(#1486),#1505,.T.);
#1486 = FACE_BOUND('',#1487,.F.);
#1487 = EDGE_LOOP('',(#1488,#1489,#1490,#1499));
#1488 = ORIENTED_EDGE('',*,*,#1250,.T.);
#1489 = ORIENTED_EDGE('',*,*,#362,.T.);
#1490 = ORIENTED_EDGE('',*,*,#1491,.F.);
#1491 = EDGE_CURVE('',#1492,#354,#1494,.T.);
#1492 = VERTEX_POINT('',#1493);
#1493 = CARTESIAN_POINT('',(1.691197049686,5.1,9.4));
#1494 = CIRCLE('',#1495,0.5);
#1495 = AXIS2_PLACEMENT_3D('',#1496,#1497,#1498);
#1496 = CARTESIAN_POINT('',(1.691197049686,5.6,9.4));
#1497 = DIRECTION('',(-0.,-0.,-1.));
#1498 = DIRECTION('',(0.,-1.,0.));
#1499 = ORIENTED_EDGE('',*,*,#1500,.F.);
#1500 = EDGE_CURVE('',#1243,#1492,#1501,.T.);
#1501 = LINE('',#1502,#1503);
#1502 = CARTESIAN_POINT('',(1.691197049686,5.1,4.4));
#1503 = VECTOR('',#1504,1.);
#1504 = DIRECTION('',(0.,0.,1.));
#1505 = CYLINDRICAL_SURFACE('',#1506,0.5);
#1506 = AXIS2_PLACEMENT_3D('',#1507,#1508,#1509);
#1507 = CARTESIAN_POINT('',(1.691197049686,5.6,4.4));
#1508 = DIRECTION('',(0.,0.,1.));
#1509 = DIRECTION('',(0.,-1.,0.));
#1510 = ADVANCED_FACE('',(#1511,#1522,#1679),#1690,.T.);
#1511 = FACE_BOUND('',#1512,.T.);
#1512 = EDGE_LOOP('',(#1513));
#1513 = ORIENTED_EDGE('',*,*,#1514,.F.);
#1514 = EDGE_CURVE('',#1515,#1515,#1517,.T.);
#1515 = VERTEX_POINT('',#1516);
#1516 = CARTESIAN_POINT('',(17.579715829474,-8.4,9.4));
#1517 = CIRCLE('',#1518,2.8);
#1518 = AXIS2_PLACEMENT_3D('',#1519,#1520,#1521);
#1519 = CARTESIAN_POINT('',(14.779715829474,-8.4,9.4));
#1520 = DIRECTION('',(0.,0.,1.));
#1521 = DIRECTION('',(1.,0.,-0.));
#1522 = FACE_BOUND('',#1523,.T.);
#1523 = EDGE_LOOP('',(#1524,#1525,#1526,#1527,#1535,#1544,#1552,#1561,
    #1570,#1579,#1588,#1597,#1606,#1615,#1623,#1632,#1638,#1639,#1640,
    #1641,#1642,#1643,#1644,#1645,#1653,#1661,#1669,#1676,#1677,#1678));
#1524 = ORIENTED_EDGE('',*,*,#1060,.F.);
#1525 = ORIENTED_EDGE('',*,*,#1036,.T.);
#1526 = ORIENTED_EDGE('',*,*,#1027,.T.);
#1527 = ORIENTED_EDGE('',*,*,#1528,.F.);
#1528 = EDGE_CURVE('',#1529,#1020,#1531,.T.);
#1529 = VERTEX_POINT('',#1530);
#1530 = CARTESIAN_POINT('',(-9.700014706138,-7.027839667519,9.4));
#1531 = LINE('',#1532,#1533);
#1532 = CARTESIAN_POINT('',(-17.,-5.,9.4));
#1533 = VECTOR('',#1534,1.);
#1534 = DIRECTION('',(0.963515663999,-0.267651947926,0.));
#1535 = ORIENTED_EDGE('',*,*,#1536,.T.);
#1536 = EDGE_CURVE('',#1529,#1537,#1539,.T.);
#1537 = VERTEX_POINT('',#1538);
#1538 = CARTESIAN_POINT('',(1.133014137978,-10.,9.4));
#1539 = CIRCLE('',#1540,21.228372103686);
#1540 = AXIS2_PLACEMENT_3D('',#1541,#1542,#1543);
#1541 = CARTESIAN_POINT('',(1.133014137978,11.228372103686,9.4));
#1542 = DIRECTION('',(0.,0.,1.));
#1543 = DIRECTION('',(1.,0.,0.));
#1544 = ORIENTED_EDGE('',*,*,#1545,.T.);
#1545 = EDGE_CURVE('',#1537,#1546,#1548,.T.);
#1546 = VERTEX_POINT('',#1547);
#1547 = CARTESIAN_POINT('',(6.633249580711,-10.,9.4));
#1548 = LINE('',#1549,#1550);
#1549 = CARTESIAN_POINT('',(1.133014137978,-10.,9.4));
#1550 = VECTOR('',#1551,1.);
#1551 = DIRECTION('',(1.,0.,0.));
#1552 = ORIENTED_EDGE('',*,*,#1553,.F.);
#1553 = EDGE_CURVE('',#1554,#1546,#1556,.T.);
#1554 = VERTEX_POINT('',#1555);
#1555 = CARTESIAN_POINT('',(13.112562271297,-11.59070509659,9.4));
#1556 = CIRCLE('',#1557,13.991228085559);
#1557 = AXIS2_PLACEMENT_3D('',#1558,#1559,#1560);
#1558 = CARTESIAN_POINT('',(6.633249580711,-23.99122808555,9.4));
#1559 = DIRECTION('',(0.,0.,1.));
#1560 = DIRECTION('',(1.,0.,0.));
#1561 = ORIENTED_EDGE('',*,*,#1562,.T.);
#1562 = EDGE_CURVE('',#1554,#1563,#1565,.T.);
#1563 = VERTEX_POINT('',#1564);
#1564 = CARTESIAN_POINT('',(14.779715829474,-4.8,9.4));
#1565 = CIRCLE('',#1566,3.6);
#1566 = AXIS2_PLACEMENT_3D('',#1567,#1568,#1569);
#1567 = CARTESIAN_POINT('',(14.779715829474,-8.4,9.4));
#1568 = DIRECTION('',(0.,0.,1.));
#1569 = DIRECTION('',(1.,0.,0.));
#1570 = ORIENTED_EDGE('',*,*,#1571,.F.);
#1571 = EDGE_CURVE('',#1572,#1563,#1574,.T.);
#1572 = VERTEX_POINT('',#1573);
#1573 = CARTESIAN_POINT('',(11.902175885683,-1.529120396261,9.4));
#1574 = CIRCLE('',#1575,2.90119047619);
#1575 = AXIS2_PLACEMENT_3D('',#1576,#1577,#1578);
#1576 = CARTESIAN_POINT('',(14.779715829474,-1.89880952381,9.4));
#1577 = DIRECTION('',(0.,0.,1.));
#1578 = DIRECTION('',(1.,0.,0.));
#1579 = ORIENTED_EDGE('',*,*,#1580,.T.);
#1580 = EDGE_CURVE('',#1572,#1581,#1583,.T.);
#1581 = VERTEX_POINT('',#1582);
#1582 = CARTESIAN_POINT('',(11.902175885683,1.529120396261,9.4));
#1583 = CIRCLE('',#1584,12.);
#1584 = AXIS2_PLACEMENT_3D('',#1585,#1586,#1587);
#1585 = CARTESIAN_POINT('',(9.1E-15,1.1E-15,9.4));
#1586 = DIRECTION('',(0.,0.,1.));
#1587 = DIRECTION('',(1.,0.,0.));
#1588 = ORIENTED_EDGE('',*,*,#1589,.F.);
#1589 = EDGE_CURVE('',#1590,#1581,#1592,.T.);
#1590 = VERTEX_POINT('',#1591);
#1591 = CARTESIAN_POINT('',(14.779715829474,4.8,9.4));
#1592 = CIRCLE('',#1593,2.90119047619);
#1593 = AXIS2_PLACEMENT_3D('',#1594,#1595,#1596);
#1594 = CARTESIAN_POINT('',(14.779715829474,1.89880952381,9.4));
#1595 = DIRECTION('',(0.,0.,1.));
#1596 = DIRECTION('',(1.,0.,0.));
#1597 = ORIENTED_EDGE('',*,*,#1598,.T.);
#1598 = EDGE_CURVE('',#1590,#1599,#1601,.T.);
#1599 = VERTEX_POINT('',#1600);
#1600 = CARTESIAN_POINT('',(13.112562271297,11.590705096598,9.4));
#1601 = CIRCLE('',#1602,3.6);
#1602 = AXIS2_PLACEMENT_3D('',#1603,#1604,#1605);
#1603 = CARTESIAN_POINT('',(14.779715829474,8.4,9.4));
#1604 = DIRECTION('',(0.,0.,1.));
#1605 = DIRECTION('',(1.,0.,0.));
#1606 = ORIENTED_EDGE('',*,*,#1607,.F.);
#1607 = EDGE_CURVE('',#1608,#1599,#1610,.T.);
#1608 = VERTEX_POINT('',#1609);
#1609 = CARTESIAN_POINT('',(6.633249580711,10.,9.4));
#1610 = CIRCLE('',#1611,13.991228085559);
#1611 = AXIS2_PLACEMENT_3D('',#1612,#1613,#1614);
#1612 = CARTESIAN_POINT('',(6.633249580711,23.991228085559,9.4));
#1613 = DIRECTION('',(0.,0.,1.));
#1614 = DIRECTION('',(1.,0.,0.));
#1615 = ORIENTED_EDGE('',*,*,#1616,.F.);
#1616 = EDGE_CURVE('',#1617,#1608,#1619,.T.);
#1617 = VERTEX_POINT('',#1618);
#1618 = CARTESIAN_POINT('',(1.133014137978,10.,9.4));
#1619 = LINE('',#1620,#1621);
#1620 = CARTESIAN_POINT('',(1.133014137978,10.,9.4));
#1621 = VECTOR('',#1622,1.);
#1622 = DIRECTION('',(1.,0.,0.));
#1623 = ORIENTED_EDGE('',*,*,#1624,.T.);
#1624 = EDGE_CURVE('',#1617,#1625,#1627,.T.);
#1625 = VERTEX_POINT('',#1626);
#1626 = CARTESIAN_POINT('',(-9.700014706138,7.027839667519,9.4));
#1627 = CIRCLE('',#1628,21.228372103686);
#1628 = AXIS2_PLACEMENT_3D('',#1629,#1630,#1631);
#1629 = CARTESIAN_POINT('',(1.133014137978,-11.22837210368,9.4));
#1630 = DIRECTION('',(0.,0.,1.));
#1631 = DIRECTION('',(1.,0.,0.));
#1632 = ORIENTED_EDGE('',*,*,#1633,.T.);
#1633 = EDGE_CURVE('',#1625,#533,#1634,.T.);
#1634 = LINE('',#1635,#1636);
#1635 = CARTESIAN_POINT('',(-17.,5.,9.4));
#1636 = VECTOR('',#1637,1.);
#1637 = DIRECTION('',(0.963515663999,0.267651947926,0.));
#1638 = ORIENTED_EDGE('',*,*,#560,.T.);
#1639 = ORIENTED_EDGE('',*,*,#551,.T.);
#1640 = ORIENTED_EDGE('',*,*,#484,.F.);
#1641 = ORIENTED_EDGE('',*,*,#443,.F.);
#1642 = ORIENTED_EDGE('',*,*,#344,.F.);
#1643 = ORIENTED_EDGE('',*,*,#353,.F.);
#1644 = ORIENTED_EDGE('',*,*,#1491,.F.);
#1645 = ORIENTED_EDGE('',*,*,#1646,.F.);
#1646 = EDGE_CURVE('',#1647,#1492,#1649,.T.);
#1647 = VERTEX_POINT('',#1648);
#1648 = CARTESIAN_POINT('',(10.,5.1,9.4));
#1649 = LINE('',#1650,#1651);
#1650 = CARTESIAN_POINT('',(10.,5.1,9.4));
#1651 = VECTOR('',#1652,1.);
#1652 = DIRECTION('',(-1.,0.,0.));
#1653 = ORIENTED_EDGE('',*,*,#1654,.F.);
#1654 = EDGE_CURVE('',#1655,#1647,#1657,.T.);
#1655 = VERTEX_POINT('',#1656);
#1656 = CARTESIAN_POINT('',(10.,-5.1,9.4));
#1657 = LINE('',#1658,#1659);
#1658 = CARTESIAN_POINT('',(10.,-5.1,9.4));
#1659 = VECTOR('',#1660,1.);
#1660 = DIRECTION('',(1.7E-16,1.,0.));
#1661 = ORIENTED_EDGE('',*,*,#1662,.F.);
#1662 = EDGE_CURVE('',#1663,#1655,#1665,.T.);
#1663 = VERTEX_POINT('',#1664);
#1664 = CARTESIAN_POINT('',(4.797025590916,-5.1,9.4));
#1665 = LINE('',#1666,#1667);
#1666 = CARTESIAN_POINT('',(-9.30393334941,-5.1,9.4));
#1667 = VECTOR('',#1668,1.);
#1668 = DIRECTION('',(1.,0.,0.));
#1669 = ORIENTED_EDGE('',*,*,#1670,.F.);
#1670 = EDGE_CURVE('',#887,#1663,#1671,.T.);
#1671 = CIRCLE('',#1672,0.5);
#1672 = AXIS2_PLACEMENT_3D('',#1673,#1674,#1675);
#1673 = CARTESIAN_POINT('',(4.797025590916,-5.6,9.4));
#1674 = DIRECTION('',(-0.,-0.,-1.));
#1675 = DIRECTION('',(0.,-1.,0.));
#1676 = ORIENTED_EDGE('',*,*,#894,.F.);
#1677 = ORIENTED_EDGE('',*,*,#903,.F.);
#1678 = ORIENTED_EDGE('',*,*,#987,.F.);
#1679 = FACE_BOUND('',#1680,.T.);
#1680 = EDGE_LOOP('',(#1681));
#1681 = ORIENTED_EDGE('',*,*,#1682,.F.);
#1682 = EDGE_CURVE('',#1683,#1683,#1685,.T.);
#1683 = VERTEX_POINT('',#1684);
#1684 = CARTESIAN_POINT('',(17.279715829474,8.4,9.4));
#1685 = CIRCLE('',#1686,2.5);
#1686 = AXIS2_PLACEMENT_3D('',#1687,#1688,#1689);
#1687 = CARTESIAN_POINT('',(14.779715829474,8.4,9.4));
#1688 = DIRECTION('',(0.,0.,1.));
#1689 = DIRECTION('',(1.,0.,0.));
#1690 = PLANE('',#1691);
#1691 = AXIS2_PLACEMENT_3D('',#1692,#1693,#1694);
#1692 = CARTESIAN_POINT('',(1.160035018586,1.1E-16,9.4));
#1693 = DIRECTION('',(0.,0.,1.));
#1694 = DIRECTION('',(1.,0.,0.));
#1695 = ADVANCED_FACE('',(#1696),#1714,.T.);
#1696 = FACE_BOUND('',#1697,.T.);
#1697 = EDGE_LOOP('',(#1698,#1706,#1712,#1713));
#1698 = ORIENTED_EDGE('',*,*,#1699,.T.);
#1699 = EDGE_CURVE('',#1625,#1700,#1702,.T.);
#1700 = VERTEX_POINT('',#1701);
#1701 = CARTESIAN_POINT('',(-9.700014706139,7.027839667519,4.4));
#1702 = LINE('',#1703,#1704);
#1703 = CARTESIAN_POINT('',(-9.700014706139,7.027839667519,0.));
#1704 = VECTOR('',#1705,1.);
#1705 = DIRECTION('',(-0.,-0.,-1.));
#1706 = ORIENTED_EDGE('',*,*,#1707,.T.);
#1707 = EDGE_CURVE('',#1700,#535,#1708,.T.);
#1708 = LINE('',#1709,#1710);
#1709 = CARTESIAN_POINT('',(-17.,5.,4.4));
#1710 = VECTOR('',#1711,1.);
#1711 = DIRECTION('',(0.963515663999,0.267651947926,0.));
#1712 = ORIENTED_EDGE('',*,*,#532,.F.);
#1713 = ORIENTED_EDGE('',*,*,#1633,.F.);
#1714 = PLANE('',#1715);
#1715 = AXIS2_PLACEMENT_3D('',#1716,#1717,#1718);
#1716 = CARTESIAN_POINT('',(-17.,5.,9.4));
#1717 = DIRECTION('',(0.267651947926,-0.963515663999,0.));
#1718 = DIRECTION('',(0.963515663999,0.267651947926,0.));
#1719 = ADVANCED_FACE('',(#1720),#1732,.T.);
#1720 = FACE_BOUND('',#1721,.T.);
#1721 = EDGE_LOOP('',(#1722,#1723,#1730,#1731));
#1722 = ORIENTED_EDGE('',*,*,#1707,.F.);
#1723 = ORIENTED_EDGE('',*,*,#1724,.F.);
#1724 = EDGE_CURVE('',#603,#1700,#1725,.T.);
#1725 = CIRCLE('',#1726,21.228372103686);
#1726 = AXIS2_PLACEMENT_3D('',#1727,#1728,#1729);
#1727 = CARTESIAN_POINT('',(1.133014137978,-11.22837210368,4.4));
#1728 = DIRECTION('',(0.,0.,-1.));
#1729 = DIRECTION('',(1.,0.,0.));
#1730 = ORIENTED_EDGE('',*,*,#626,.T.);
#1731 = ORIENTED_EDGE('',*,*,#542,.F.);
#1732 = PLANE('',#1733);
#1733 = AXIS2_PLACEMENT_3D('',#1734,#1735,#1736);
#1734 = CARTESIAN_POINT('',(-6.046743552376,5.2E-16,4.4));
#1735 = DIRECTION('',(0.,0.,1.));
#1736 = DIRECTION('',(0.,1.,0.));
#1737 = ADVANCED_FACE('',(#1738),#1759,.T.);
#1738 = FACE_BOUND('',#1739,.F.);
#1739 = EDGE_LOOP('',(#1740,#1741,#1750,#1756,#1757,#1758));
#1740 = ORIENTED_EDGE('',*,*,#600,.F.);
#1741 = ORIENTED_EDGE('',*,*,#1742,.F.);
#1742 = EDGE_CURVE('',#1743,#601,#1745,.T.);
#1743 = VERTEX_POINT('',#1744);
#1744 = CARTESIAN_POINT('',(1.133014137978,10.,0.4));
#1745 = CIRCLE('',#1746,21.228372103686);
#1746 = AXIS2_PLACEMENT_3D('',#1747,#1748,#1749);
#1747 = CARTESIAN_POINT('',(1.133014137978,-11.22837210368,0.4));
#1748 = DIRECTION('',(0.,-0.,1.));
#1749 = DIRECTION('',(6.E-17,1.,0.));
#1750 = ORIENTED_EDGE('',*,*,#1751,.T.);
#1751 = EDGE_CURVE('',#1743,#1617,#1752,.T.);
#1752 = LINE('',#1753,#1754);
#1753 = CARTESIAN_POINT('',(1.133014137978,10.,0.));
#1754 = VECTOR('',#1755,1.);
#1755 = DIRECTION('',(0.,0.,1.));
#1756 = ORIENTED_EDGE('',*,*,#1624,.T.);
#1757 = ORIENTED_EDGE('',*,*,#1699,.T.);
#1758 = ORIENTED_EDGE('',*,*,#1724,.F.);
#1759 = CYLINDRICAL_SURFACE('',#1760,21.228372103686);
#1760 = AXIS2_PLACEMENT_3D('',#1761,#1762,#1763);
#1761 = CARTESIAN_POINT('',(1.133014137978,-11.22837210368,0.));
#1762 = DIRECTION('',(-0.,-0.,-1.));
#1763 = DIRECTION('',(1.,0.,0.));
#1764 = ADVANCED_FACE('',(#1765),#1791,.F.);
#1765 = FACE_BOUND('',#1766,.T.);
#1766 = EDGE_LOOP('',(#1767,#1775,#1784,#1790));
#1767 = ORIENTED_EDGE('',*,*,#1768,.F.);
#1768 = EDGE_CURVE('',#1769,#601,#1771,.T.);
#1769 = VERTEX_POINT('',#1770);
#1770 = CARTESIAN_POINT('',(-9.541789299115,6.656528121617,0.));
#1771 = LINE('',#1772,#1773);
#1772 = CARTESIAN_POINT('',(-9.746794344809,7.,0.4));
#1773 = VECTOR('',#1774,1.);
#1774 = DIRECTION('',(-0.362401144968,0.607178235879,0.707106781187));
#1775 = ORIENTED_EDGE('',*,*,#1776,.T.);
#1776 = EDGE_CURVE('',#1769,#1777,#1779,.T.);
#1777 = VERTEX_POINT('',#1778);
#1778 = CARTESIAN_POINT('',(-17.,4.6,-1.E-15));
#1779 = CIRCLE('',#1780,14.552248069124);
#1780 = AXIS2_PLACEMENT_3D('',#1781,#1782,#1783);
#1781 = CARTESIAN_POINT('',(-17.,19.152248069124,0.));
#1782 = DIRECTION('',(0.,-0.,-1.));
#1783 = DIRECTION('',(0.512512614234,-0.858679695958,0.));
#1784 = ORIENTED_EDGE('',*,*,#1785,.T.);
#1785 = EDGE_CURVE('',#1777,#611,#1786,.T.);
#1786 = LINE('',#1787,#1788);
#1787 = CARTESIAN_POINT('',(-17.,5.,0.4));
#1788 = VECTOR('',#1789,1.);
#1789 = DIRECTION('',(1.7E-16,0.707106781187,0.707106781187));
#1790 = ORIENTED_EDGE('',*,*,#610,.F.);
#1791 = CONICAL_SURFACE('',#1792,14.152248069124,0.785398163397);
#1792 = AXIS2_PLACEMENT_3D('',#1793,#1794,#1795);
#1793 = CARTESIAN_POINT('',(-17.,19.152248069124,0.4));
#1794 = DIRECTION('',(-0.,-0.,-1.));
#1795 = DIRECTION('',(0.512512614234,-0.858679695958,0.));
#1796 = ADVANCED_FACE('',(#1797),#1815,.T.);
#1797 = FACE_BOUND('',#1798,.T.);
#1798 = EDGE_LOOP('',(#1799,#1800,#1808,#1814));
#1799 = ORIENTED_EDGE('',*,*,#1785,.F.);
#1800 = ORIENTED_EDGE('',*,*,#1801,.T.);
#1801 = EDGE_CURVE('',#1777,#1802,#1804,.T.);
#1802 = VERTEX_POINT('',#1803);
#1803 = CARTESIAN_POINT('',(-18.6,4.6,0.));
#1804 = LINE('',#1805,#1806);
#1805 = CARTESIAN_POINT('',(-17.,4.6,0.));
#1806 = VECTOR('',#1807,1.);
#1807 = DIRECTION('',(-1.,0.,0.));
#1808 = ORIENTED_EDGE('',*,*,#1809,.T.);
#1809 = EDGE_CURVE('',#1802,#667,#1810,.T.);
#1810 = LINE('',#1811,#1812);
#1811 = CARTESIAN_POINT('',(-18.6,4.8,0.2));
#1812 = VECTOR('',#1813,1.);
#1813 = DIRECTION('',(0.,0.707106781187,0.707106781187));
#1814 = ORIENTED_EDGE('',*,*,#674,.F.);
#1815 = PLANE('',#1816);
#1816 = AXIS2_PLACEMENT_3D('',#1817,#1818,#1819);
#1817 = CARTESIAN_POINT('',(-17.,4.8,0.2));
#1818 = DIRECTION('',(0.,0.707106781187,-0.707106781187));
#1819 = DIRECTION('',(-1.,0.,0.));
#1820 = ADVANCED_FACE('',(#1821),#1840,.T.);
#1821 = FACE_BOUND('',#1822,.T.);
#1822 = EDGE_LOOP('',(#1823,#1824,#1833,#1839));
#1823 = ORIENTED_EDGE('',*,*,#1809,.F.);
#1824 = ORIENTED_EDGE('',*,*,#1825,.T.);
#1825 = EDGE_CURVE('',#1802,#1826,#1828,.T.);
#1826 = VERTEX_POINT('',#1827);
#1827 = CARTESIAN_POINT('',(-21.2,2.,-1.E-15));
#1828 = CIRCLE('',#1829,2.6);
#1829 = AXIS2_PLACEMENT_3D('',#1830,#1831,#1832);
#1830 = CARTESIAN_POINT('',(-18.6,2.,0.));
#1831 = DIRECTION('',(0.,-0.,1.));
#1832 = DIRECTION('',(0.,1.,0.));
#1833 = ORIENTED_EDGE('',*,*,#1834,.T.);
#1834 = EDGE_CURVE('',#1826,#716,#1835,.T.);
#1835 = LINE('',#1836,#1837);
#1836 = CARTESIAN_POINT('',(-21.6,2.,0.4));
#1837 = VECTOR('',#1838,1.);
#1838 = DIRECTION('',(-0.707106781187,4.E-17,0.707106781187));
#1839 = ORIENTED_EDGE('',*,*,#723,.F.);
#1840 = CONICAL_SURFACE('',#1841,3.,0.785398163397);
#1841 = AXIS2_PLACEMENT_3D('',#1842,#1843,#1844);
#1842 = CARTESIAN_POINT('',(-18.6,2.,0.4));
#1843 = DIRECTION('',(0.,0.,1.));
#1844 = DIRECTION('',(0.,1.,0.));
#1845 = ADVANCED_FACE('',(#1846),#1864,.T.);
#1846 = FACE_BOUND('',#1847,.T.);
#1847 = EDGE_LOOP('',(#1848,#1849,#1857,#1863));
#1848 = ORIENTED_EDGE('',*,*,#1834,.F.);
#1849 = ORIENTED_EDGE('',*,*,#1850,.T.);
#1850 = EDGE_CURVE('',#1826,#1851,#1853,.T.);
#1851 = VERTEX_POINT('',#1852);
#1852 = CARTESIAN_POINT('',(-21.2,-2.,0.));
#1853 = LINE('',#1854,#1855);
#1854 = CARTESIAN_POINT('',(-21.2,2.,0.));
#1855 = VECTOR('',#1856,1.);
#1856 = DIRECTION('',(0.,-1.,0.));
#1857 = ORIENTED_EDGE('',*,*,#1858,.T.);
#1858 = EDGE_CURVE('',#1851,#765,#1859,.T.);
#1859 = LINE('',#1860,#1861);
#1860 = CARTESIAN_POINT('',(-21.4,-2.,0.2));
#1861 = VECTOR('',#1862,1.);
#1862 = DIRECTION('',(-0.707106781187,0.,0.707106781187));
#1863 = ORIENTED_EDGE('',*,*,#772,.F.);
#1864 = PLANE('',#1865);
#1865 = AXIS2_PLACEMENT_3D('',#1866,#1867,#1868);
#1866 = CARTESIAN_POINT('',(-21.4,2.,0.2));
#1867 = DIRECTION('',(-0.707106781187,-1.E-17,-0.707106781187));
#1868 = DIRECTION('',(7.071067811865E-18,-1.,7.071067811865E-18));
#1869 = ADVANCED_FACE('',(#1870),#1889,.T.);
#1870 = FACE_BOUND('',#1871,.T.);
#1871 = EDGE_LOOP('',(#1872,#1873,#1882,#1888));
#1872 = ORIENTED_EDGE('',*,*,#1858,.F.);
#1873 = ORIENTED_EDGE('',*,*,#1874,.T.);
#1874 = EDGE_CURVE('',#1851,#1875,#1877,.T.);
#1875 = VERTEX_POINT('',#1876);
#1876 = CARTESIAN_POINT('',(-18.6,-4.6,-1.E-15));
#1877 = CIRCLE('',#1878,2.6);
#1878 = AXIS2_PLACEMENT_3D('',#1879,#1880,#1881);
#1879 = CARTESIAN_POINT('',(-18.6,-2.,0.));
#1880 = DIRECTION('',(0.,0.,1.));
#1881 = DIRECTION('',(-1.,1.5E-16,0.));
#1882 = ORIENTED_EDGE('',*,*,#1883,.T.);
#1883 = EDGE_CURVE('',#1875,#814,#1884,.T.);
#1884 = LINE('',#1885,#1886);
#1885 = CARTESIAN_POINT('',(-18.6,-5.,0.4));
#1886 = VECTOR('',#1887,1.);
#1887 = DIRECTION('',(-1.5E-16,-0.707106781187,0.707106781187));
#1888 = ORIENTED_EDGE('',*,*,#821,.F.);
#1889 = CONICAL_SURFACE('',#1890,3.,0.785398163397);
#1890 = AXIS2_PLACEMENT_3D('',#1891,#1892,#1893);
#1891 = CARTESIAN_POINT('',(-18.6,-2.,0.4));
#1892 = DIRECTION('',(0.,0.,1.));
#1893 = DIRECTION('',(-1.,1.5E-16,0.));
#1894 = ADVANCED_FACE('',(#1895),#1908,.T.);
#1895 = FACE_BOUND('',#1896,.T.);
#1896 = EDGE_LOOP('',(#1897,#1898,#1899,#1900));
#1897 = ORIENTED_EDGE('',*,*,#1304,.T.);
#1898 = ORIENTED_EDGE('',*,*,#858,.T.);
#1899 = ORIENTED_EDGE('',*,*,#1190,.F.);
#1900 = ORIENTED_EDGE('',*,*,#1901,.F.);
#1901 = EDGE_CURVE('',#1305,#1182,#1902,.T.);
#1902 = B_SPLINE_CURVE_WITH_KNOTS('',2,(#1903,#1904,#1905,#1906,#1907),
  .UNSPECIFIED.,.F.,.F.,(3,1,1,3),(-0.14688,1.2E-15,2.4,2.54688),
  .UNSPECIFIED.);
#1903 = CARTESIAN_POINT('',(4.304713656908,-2.868993404281,1.85312));
#1904 = CARTESIAN_POINT('',(4.304713656908,-2.868993404281,1.92656));
#1905 = CARTESIAN_POINT('',(4.304713656908,-2.868993404281,3.2));
#1906 = CARTESIAN_POINT('',(4.304713656908,-2.868993404281,4.47344));
#1907 = CARTESIAN_POINT('',(4.304713656908,-2.868993404281,4.54688));
#1908 = ( BOUNDED_SURFACE() B_SPLINE_SURFACE(2,2,(
    (#1909,#1910,#1911,#1912,#1913)
    ,(#1914,#1915,#1916,#1917,#1918)
    ,(#1919,#1920,#1921,#1922,#1923
)),.UNSPECIFIED.,.F.,.F.,.F.) B_SPLINE_SURFACE_WITH_KNOTS((3,3),(3,1,1,3
    ),(0.,2.4),(-0.14688,1.2E-15,2.4,2.54688),.UNSPECIFIED.) 
GEOMETRIC_REPRESENTATION_ITEM() RATIONAL_B_SPLINE_SURFACE((
    (1.,1.,1.,1.,1.)
    ,(0.740101259303,0.740101259303,0.740101259303,0.740101259303
      ,0.740101259303)
,(1.,1.,1.,1.,1.))) REPRESENTATION_ITEM('') SURFACE() );
#1909 = CARTESIAN_POINT('',(4.304713656908,-2.868993404281,1.85312));
#1910 = CARTESIAN_POINT('',(4.304713656908,-2.868993404281,1.92656));
#1911 = CARTESIAN_POINT('',(4.304713656908,-2.868993404281,3.2));
#1912 = CARTESIAN_POINT('',(4.304713656908,-2.868993404281,4.47344));
#1913 = CARTESIAN_POINT('',(4.304713656908,-2.868993404281,4.54688));
#1914 = CARTESIAN_POINT('',(3.410912409168,-3.493538432942,1.85312));
#1915 = CARTESIAN_POINT('',(3.410912409168,-3.493538432942,1.92656));
#1916 = CARTESIAN_POINT('',(3.410912409168,-3.493538432942,3.2));
#1917 = CARTESIAN_POINT('',(3.410912409168,-3.493538432942,4.47344));
#1918 = CARTESIAN_POINT('',(3.410912409168,-3.493538432942,4.54688));
#1919 = CARTESIAN_POINT('',(3.94724513216,-4.442898413947,1.85312));
#1920 = CARTESIAN_POINT('',(3.94724513216,-4.442898413947,1.92656));
#1921 = CARTESIAN_POINT('',(3.94724513216,-4.442898413947,3.2));
#1922 = CARTESIAN_POINT('',(3.94724513216,-4.442898413947,4.47344));
#1923 = CARTESIAN_POINT('',(3.94724513216,-4.442898413947,4.54688));
#1924 = ADVANCED_FACE('',(#1925),#1936,.T.);
#1925 = FACE_BOUND('',#1926,.F.);
#1926 = EDGE_LOOP('',(#1927,#1928,#1934,#1935));
#1927 = ORIENTED_EDGE('',*,*,#1217,.T.);
#1928 = ORIENTED_EDGE('',*,*,#1929,.T.);
#1929 = EDGE_CURVE('',#1218,#1663,#1930,.T.);
#1930 = LINE('',#1931,#1932);
#1931 = CARTESIAN_POINT('',(4.797025590916,-5.1,4.4));
#1932 = VECTOR('',#1933,1.);
#1933 = DIRECTION('',(0.,0.,1.));
#1934 = ORIENTED_EDGE('',*,*,#1670,.F.);
#1935 = ORIENTED_EDGE('',*,*,#886,.F.);
#1936 = CYLINDRICAL_SURFACE('',#1937,0.5);
#1937 = AXIS2_PLACEMENT_3D('',#1938,#1939,#1940);
#1938 = CARTESIAN_POINT('',(4.797025590916,-5.6,4.4));
#1939 = DIRECTION('',(0.,0.,1.));
#1940 = DIRECTION('',(-0.998188098554,-6.017075622597E-02,0.));
#1941 = ADVANCED_FACE('',(#1942),#1960,.F.);
#1942 = FACE_BOUND('',#1943,.T.);
#1943 = EDGE_LOOP('',(#1944,#1945,#1953,#1959));
#1944 = ORIENTED_EDGE('',*,*,#1883,.F.);
#1945 = ORIENTED_EDGE('',*,*,#1946,.T.);
#1946 = EDGE_CURVE('',#1875,#1947,#1949,.T.);
#1947 = VERTEX_POINT('',#1948);
#1948 = CARTESIAN_POINT('',(-17.,-4.6,-0.));
#1949 = LINE('',#1950,#1951);
#1950 = CARTESIAN_POINT('',(-18.6,-4.6,0.));
#1951 = VECTOR('',#1952,1.);
#1952 = DIRECTION('',(1.,0.,0.));
#1953 = ORIENTED_EDGE('',*,*,#1954,.T.);
#1954 = EDGE_CURVE('',#1947,#929,#1955,.T.);
#1955 = LINE('',#1956,#1957);
#1956 = CARTESIAN_POINT('',(-17.,-4.8,0.2));
#1957 = VECTOR('',#1958,1.);
#1958 = DIRECTION('',(0.,-0.707106781187,0.707106781187));
#1959 = ORIENTED_EDGE('',*,*,#928,.F.);
#1960 = PLANE('',#1961);
#1961 = AXIS2_PLACEMENT_3D('',#1962,#1963,#1964);
#1962 = CARTESIAN_POINT('',(-18.6,-4.8,0.2));
#1963 = DIRECTION('',(0.,0.707106781187,0.707106781187));
#1964 = DIRECTION('',(-1.,-0.,-0.));
#1965 = ADVANCED_FACE('',(#1966),#1985,.F.);
#1966 = FACE_BOUND('',#1967,.T.);
#1967 = EDGE_LOOP('',(#1968,#1969,#1978,#1984));
#1968 = ORIENTED_EDGE('',*,*,#1954,.F.);
#1969 = ORIENTED_EDGE('',*,*,#1970,.T.);
#1970 = EDGE_CURVE('',#1947,#1971,#1973,.T.);
#1971 = VERTEX_POINT('',#1972);
#1972 = CARTESIAN_POINT('',(-9.541789299115,-6.656528121617,-1.E-15));
#1973 = CIRCLE('',#1974,14.552248069124);
#1974 = AXIS2_PLACEMENT_3D('',#1975,#1976,#1977);
#1975 = CARTESIAN_POINT('',(-17.,-19.15224806912,0.));
#1976 = DIRECTION('',(0.,0.,-1.));
#1977 = DIRECTION('',(0.,1.,0.));
#1978 = ORIENTED_EDGE('',*,*,#1979,.T.);
#1979 = EDGE_CURVE('',#1971,#953,#1980,.T.);
#1980 = LINE('',#1981,#1982);
#1981 = CARTESIAN_POINT('',(-9.746794344809,-7.,0.4));
#1982 = VECTOR('',#1983,1.);
#1983 = DIRECTION('',(-0.362401144968,-0.607178235879,0.707106781187));
#1984 = ORIENTED_EDGE('',*,*,#952,.F.);
#1985 = CONICAL_SURFACE('',#1986,14.152248069124,0.785398163397);
#1986 = AXIS2_PLACEMENT_3D('',#1987,#1988,#1989);
#1987 = CARTESIAN_POINT('',(-17.,-19.15224806912,0.4));
#1988 = DIRECTION('',(-0.,-0.,-1.));
#1989 = DIRECTION('',(0.,1.,0.));
#1990 = ADVANCED_FACE('',(#1991),#2025,.T.);
#1991 = FACE_BOUND('',#1992,.F.);
#1992 = EDGE_LOOP('',(#1993,#2001,#2008,#2009,#2018,#2024));
#1993 = ORIENTED_EDGE('',*,*,#1994,.F.);
#1994 = EDGE_CURVE('',#1995,#1537,#1997,.T.);
#1995 = VERTEX_POINT('',#1996);
#1996 = CARTESIAN_POINT('',(1.133014137978,-10.,0.4));
#1997 = LINE('',#1998,#1999);
#1998 = CARTESIAN_POINT('',(1.133014137978,-10.,0.));
#1999 = VECTOR('',#2000,1.);
#2000 = DIRECTION('',(0.,0.,1.));
#2001 = ORIENTED_EDGE('',*,*,#2002,.F.);
#2002 = EDGE_CURVE('',#953,#1995,#2003,.T.);
#2003 = CIRCLE('',#2004,21.228372103686);
#2004 = AXIS2_PLACEMENT_3D('',#2005,#2006,#2007);
#2005 = CARTESIAN_POINT('',(1.133014137978,11.228372103686,0.4));
#2006 = DIRECTION('',(0.,0.,1.));
#2007 = DIRECTION('',(-0.512512614234,-0.858679695958,0.));
#2008 = ORIENTED_EDGE('',*,*,#961,.T.);
#2009 = ORIENTED_EDGE('',*,*,#2010,.F.);
#2010 = EDGE_CURVE('',#2011,#962,#2013,.T.);
#2011 = VERTEX_POINT('',#2012);
#2012 = CARTESIAN_POINT('',(-9.700014706139,-7.027839667519,4.4));
#2013 = CIRCLE('',#2014,21.228372103686);
#2014 = AXIS2_PLACEMENT_3D('',#2015,#2016,#2017);
#2015 = CARTESIAN_POINT('',(1.133014137978,11.228372103686,4.4));
#2016 = DIRECTION('',(0.,0.,-1.));
#2017 = DIRECTION('',(1.,0.,0.));
#2018 = ORIENTED_EDGE('',*,*,#2019,.F.);
#2019 = EDGE_CURVE('',#1529,#2011,#2020,.T.);
#2020 = LINE('',#2021,#2022);
#2021 = CARTESIAN_POINT('',(-9.700014706139,-7.027839667519,0.));
#2022 = VECTOR('',#2023,1.);
#2023 = DIRECTION('',(-0.,-0.,-1.));
#2024 = ORIENTED_EDGE('',*,*,#1536,.T.);
#2025 = CYLINDRICAL_SURFACE('',#2026,21.228372103686);
#2026 = AXIS2_PLACEMENT_3D('',#2027,#2028,#2029);
#2027 = CARTESIAN_POINT('',(1.133014137978,11.228372103686,0.));
#2028 = DIRECTION('',(-0.,-0.,-1.));
#2029 = DIRECTION('',(1.,0.,0.));
#2030 = ADVANCED_FACE('',(#2031),#2042,.T.);
#2031 = FACE_BOUND('',#2032,.T.);
#2032 = EDGE_LOOP('',(#2033,#2034,#2040,#2041));
#2033 = ORIENTED_EDGE('',*,*,#2010,.F.);
#2034 = ORIENTED_EDGE('',*,*,#2035,.T.);
#2035 = EDGE_CURVE('',#2011,#1011,#2036,.T.);
#2036 = LINE('',#2037,#2038);
#2037 = CARTESIAN_POINT('',(-17.,-5.,4.4));
#2038 = VECTOR('',#2039,1.);
#2039 = DIRECTION('',(0.963515663999,-0.267651947926,0.));
#2040 = ORIENTED_EDGE('',*,*,#1010,.F.);
#2041 = ORIENTED_EDGE('',*,*,#969,.T.);
#2042 = PLANE('',#2043);
#2043 = AXIS2_PLACEMENT_3D('',#2044,#2045,#2046);
#2044 = CARTESIAN_POINT('',(-6.046743552376,5.2E-16,4.4));
#2045 = DIRECTION('',(0.,0.,1.));
#2046 = DIRECTION('',(0.,1.,0.));
#2047 = ADVANCED_FACE('',(#2048),#2054,.F.);
#2048 = FACE_BOUND('',#2049,.F.);
#2049 = EDGE_LOOP('',(#2050,#2051,#2052,#2053));
#2050 = ORIENTED_EDGE('',*,*,#2019,.T.);
#2051 = ORIENTED_EDGE('',*,*,#2035,.T.);
#2052 = ORIENTED_EDGE('',*,*,#1019,.F.);
#2053 = ORIENTED_EDGE('',*,*,#1528,.F.);
#2054 = PLANE('',#2055);
#2055 = AXIS2_PLACEMENT_3D('',#2056,#2057,#2058);
#2056 = CARTESIAN_POINT('',(-17.,-5.,9.4));
#2057 = DIRECTION('',(-0.267651947926,-0.963515663999,0.));
#2058 = DIRECTION('',(0.963515663999,-0.267651947926,0.));
#2059 = ADVANCED_FACE('',(#2060),#2079,.F.);
#2060 = FACE_BOUND('',#2061,.T.);
#2061 = EDGE_LOOP('',(#2062,#2070,#2071,#2072));
#2062 = ORIENTED_EDGE('',*,*,#2063,.F.);
#2063 = EDGE_CURVE('',#1078,#2064,#2066,.T.);
#2064 = VERTEX_POINT('',#2065);
#2065 = CARTESIAN_POINT('',(-15.,0.,-1.E-15));
#2066 = LINE('',#2067,#2068);
#2067 = CARTESIAN_POINT('',(-15.4,0.,0.4));
#2068 = VECTOR('',#2069,1.);
#2069 = DIRECTION('',(0.707106781187,0.,-0.707106781187));
#2070 = ORIENTED_EDGE('',*,*,#1085,.T.);
#2071 = ORIENTED_EDGE('',*,*,#2063,.T.);
#2072 = ORIENTED_EDGE('',*,*,#2073,.F.);
#2073 = EDGE_CURVE('',#2064,#2064,#2074,.T.);
#2074 = CIRCLE('',#2075,2.);
#2075 = AXIS2_PLACEMENT_3D('',#2076,#2077,#2078);
#2076 = CARTESIAN_POINT('',(-17.,0.,0.));
#2077 = DIRECTION('',(0.,0.,1.));
#2078 = DIRECTION('',(1.,0.,0.));
#2079 = CONICAL_SURFACE('',#2080,1.6,0.785398163397);
#2080 = AXIS2_PLACEMENT_3D('',#2081,#2082,#2083);
#2081 = CARTESIAN_POINT('',(-17.,0.,0.4));
#2082 = DIRECTION('',(-0.,-0.,-1.));
#2083 = DIRECTION('',(1.,0.,0.));
#2084 = ADVANCED_FACE('',(#2085),#2096,.F.);
#2085 = FACE_BOUND('',#2086,.F.);
#2086 = EDGE_LOOP('',(#2087,#2088,#2094,#2095));
#2087 = ORIENTED_EDGE('',*,*,#1112,.F.);
#2088 = ORIENTED_EDGE('',*,*,#2089,.T.);
#2089 = EDGE_CURVE('',#1113,#1393,#2090,.T.);
#2090 = LINE('',#2091,#2092);
#2091 = CARTESIAN_POINT('',(2.3,3.5,4.4));
#2092 = VECTOR('',#2093,1.);
#2093 = DIRECTION('',(-0.,-0.,-1.));
#2094 = ORIENTED_EDGE('',*,*,#1401,.F.);
#2095 = ORIENTED_EDGE('',*,*,#1277,.T.);
#2096 = PLANE('',#2097);
#2097 = AXIS2_PLACEMENT_3D('',#2098,#2099,#2100);
#2098 = CARTESIAN_POINT('',(2.3,3.5,4.4));
#2099 = DIRECTION('',(0.,1.,0.));
#2100 = DIRECTION('',(-1.,0.,0.));
#2101 = ADVANCED_FACE('',(#2102),#2115,.F.);
#2102 = FACE_BOUND('',#2103,.F.);
#2103 = EDGE_LOOP('',(#2104,#2105,#2113,#2114));
#2104 = ORIENTED_EDGE('',*,*,#1120,.F.);
#2105 = ORIENTED_EDGE('',*,*,#2106,.F.);
#2106 = EDGE_CURVE('',#1376,#1121,#2107,.T.);
#2107 = B_SPLINE_CURVE_WITH_KNOTS('',2,(#2108,#2109,#2110,#2111,#2112),
  .UNSPECIFIED.,.F.,.F.,(3,1,1,3),(-0.14688,1.83E-15,2.4,2.54688),
  .UNSPECIFIED.);
#2108 = CARTESIAN_POINT('',(3.028624196369,3.423318095133,1.85312));
#2109 = CARTESIAN_POINT('',(3.028624196369,3.423318095133,1.92656));
#2110 = CARTESIAN_POINT('',(3.028624196369,3.423318095133,3.2));
#2111 = CARTESIAN_POINT('',(3.028624196369,3.423318095133,4.47344));
#2112 = CARTESIAN_POINT('',(3.028624196369,3.423318095133,4.54688));
#2113 = ORIENTED_EDGE('',*,*,#1392,.T.);
#2114 = ORIENTED_EDGE('',*,*,#2089,.F.);
#2115 = CYLINDRICAL_SURFACE('',#2116,3.5);
#2116 = AXIS2_PLACEMENT_3D('',#2117,#2118,#2119);
#2117 = CARTESIAN_POINT('',(2.3,0.,4.4));
#2118 = DIRECTION('',(0.,0.,1.));
#2119 = DIRECTION('',(1.,0.,0.));
#2120 = ADVANCED_FACE('',(#2121),#2132,.F.);
#2121 = FACE_BOUND('',#2122,.F.);
#2122 = EDGE_LOOP('',(#2123,#2124,#2130,#2131));
#2123 = ORIENTED_EDGE('',*,*,#1646,.F.);
#2124 = ORIENTED_EDGE('',*,*,#2125,.T.);
#2125 = EDGE_CURVE('',#1647,#1235,#2126,.T.);
#2126 = LINE('',#2127,#2128);
#2127 = CARTESIAN_POINT('',(10.,5.1,9.4));
#2128 = VECTOR('',#2129,1.);
#2129 = DIRECTION('',(-0.,-0.,-1.));
#2130 = ORIENTED_EDGE('',*,*,#1242,.T.);
#2131 = ORIENTED_EDGE('',*,*,#1500,.T.);
#2132 = PLANE('',#2133);
#2133 = AXIS2_PLACEMENT_3D('',#2134,#2135,#2136);
#2134 = CARTESIAN_POINT('',(10.,5.1,9.4));
#2135 = DIRECTION('',(0.,1.,0.));
#2136 = DIRECTION('',(-1.,0.,0.));
#2137 = ADVANCED_FACE('',(#2138),#2151,.T.);
#2138 = FACE_BOUND('',#2139,.T.);
#2139 = EDGE_LOOP('',(#2140,#2141,#2149,#2150));
#2140 = ORIENTED_EDGE('',*,*,#1375,.T.);
#2141 = ORIENTED_EDGE('',*,*,#2142,.T.);
#2142 = EDGE_CURVE('',#1367,#1130,#2143,.T.);
#2143 = B_SPLINE_CURVE_WITH_KNOTS('',2,(#2144,#2145,#2146,#2147,#2148),
  .UNSPECIFIED.,.F.,.F.,(3,1,1,3),(-0.14688,1.83E-15,2.4,2.54688),
  .UNSPECIFIED.);
#2144 = CARTESIAN_POINT('',(4.043131903115,3.672233368259,1.85312));
#2145 = CARTESIAN_POINT('',(4.043131903115,3.672233368259,1.92656));
#2146 = CARTESIAN_POINT('',(4.043131903115,3.672233368259,3.2));
#2147 = CARTESIAN_POINT('',(4.043131903115,3.672233368259,4.47344));
#2148 = CARTESIAN_POINT('',(4.043131903115,3.672233368259,4.54688));
#2149 = ORIENTED_EDGE('',*,*,#1129,.F.);
#2150 = ORIENTED_EDGE('',*,*,#2106,.F.);
#2151 = ( BOUNDED_SURFACE() B_SPLINE_SURFACE(2,2,(
    (#2152,#2153,#2154,#2155,#2156)
    ,(#2157,#2158,#2159,#2160,#2161)
    ,(#2162,#2163,#2164,#2165,#2166
)),.UNSPECIFIED.,.F.,.F.,.F.) B_SPLINE_SURFACE_WITH_KNOTS((3,3),(3,1,1,3
    ),(0.,2.4),(-0.14688,1.83E-15,2.4,2.54688),.UNSPECIFIED.) 
GEOMETRIC_REPRESENTATION_ITEM() RATIONAL_B_SPLINE_SURFACE((
    (1.,1.,1.,1.,1.)
    ,(0.900310064236,0.900310064236,0.900310064236,0.900310064236
      ,0.900310064236)
,(1.,1.,1.,1.,1.))) REPRESENTATION_ITEM('') SURFACE() );
#2152 = CARTESIAN_POINT('',(3.028624196369,3.423318095133,1.85312));
#2153 = CARTESIAN_POINT('',(3.028624196369,3.423318095133,1.92656));
#2154 = CARTESIAN_POINT('',(3.028624196369,3.423318095133,3.2));
#2155 = CARTESIAN_POINT('',(3.028624196369,3.423318095133,4.47344));
#2156 = CARTESIAN_POINT('',(3.028624196369,3.423318095133,4.54688));
#2157 = CARTESIAN_POINT('',(3.596046293736,3.302547118494,1.85312));
#2158 = CARTESIAN_POINT('',(3.596046293736,3.302547118494,1.92656));
#2159 = CARTESIAN_POINT('',(3.596046293736,3.302547118494,3.2));
#2160 = CARTESIAN_POINT('',(3.596046293736,3.302547118494,4.47344));
#2161 = CARTESIAN_POINT('',(3.596046293736,3.302547118494,4.54688));
#2162 = CARTESIAN_POINT('',(4.043131903115,3.672233368259,1.85312));
#2163 = CARTESIAN_POINT('',(4.043131903115,3.672233368259,1.92656));
#2164 = CARTESIAN_POINT('',(4.043131903115,3.672233368259,3.2));
#2165 = CARTESIAN_POINT('',(4.043131903115,3.672233368259,4.47344));
#2166 = CARTESIAN_POINT('',(4.043131903115,3.672233368259,4.54688));
#2167 = ADVANCED_FACE('',(#2168),#2179,.F.);
#2168 = FACE_BOUND('',#2169,.F.);
#2169 = EDGE_LOOP('',(#2170,#2176,#2177,#2178));
#2170 = ORIENTED_EDGE('',*,*,#2171,.T.);
#2171 = EDGE_CURVE('',#1655,#1227,#2172,.T.);
#2172 = LINE('',#2173,#2174);
#2173 = CARTESIAN_POINT('',(10.,-5.1,9.4));
#2174 = VECTOR('',#2175,1.);
#2175 = DIRECTION('',(-0.,-0.,-1.));
#2176 = ORIENTED_EDGE('',*,*,#1234,.T.);
#2177 = ORIENTED_EDGE('',*,*,#2125,.F.);
#2178 = ORIENTED_EDGE('',*,*,#1654,.F.);
#2179 = PLANE('',#2180);
#2180 = AXIS2_PLACEMENT_3D('',#2181,#2182,#2183);
#2181 = CARTESIAN_POINT('',(10.,-5.1,9.4));
#2182 = DIRECTION('',(1.,-1.7E-16,0.));
#2183 = DIRECTION('',(1.7E-16,1.,0.));
#2184 = ADVANCED_FACE('',(#2185),#2200,.F.);
#2185 = FACE_BOUND('',#2186,.F.);
#2186 = EDGE_LOOP('',(#2187,#2188,#2189,#2197,#2198,#2199));
#2187 = ORIENTED_EDGE('',*,*,#1146,.F.);
#2188 = ORIENTED_EDGE('',*,*,#1155,.F.);
#2189 = ORIENTED_EDGE('',*,*,#2190,.F.);
#2190 = EDGE_CURVE('',#1341,#1156,#2191,.T.);
#2191 = B_SPLINE_CURVE_WITH_KNOTS('',2,(#2192,#2193,#2194,#2195,#2196),
  .UNSPECIFIED.,.F.,.F.,(3,1,1,3),(-0.14688,2.05E-15,2.4,2.54688),
  .UNSPECIFIED.);
#2192 = CARTESIAN_POINT('',(6.193488176939,-1.16814235376,1.85312));
#2193 = CARTESIAN_POINT('',(6.193488176939,-1.16814235376,1.92656));
#2194 = CARTESIAN_POINT('',(6.193488176939,-1.16814235376,3.2));
#2195 = CARTESIAN_POINT('',(6.193488176939,-1.16814235376,4.47344));
#2196 = CARTESIAN_POINT('',(6.193488176939,-1.16814235376,4.54688));
#2197 = ORIENTED_EDGE('',*,*,#1357,.T.);
#2198 = ORIENTED_EDGE('',*,*,#1366,.T.);
#2199 = ORIENTED_EDGE('',*,*,#2142,.T.);
#2200 = CYLINDRICAL_SURFACE('',#2201,2.75);
#2201 = AXIS2_PLACEMENT_3D('',#2202,#2203,#2204);
#2202 = CARTESIAN_POINT('',(5.795554957734,1.552914270615,9.4));
#2203 = DIRECTION('',(0.,0.,1.));
#2204 = DIRECTION('',(1.,0.,0.));
#2205 = ADVANCED_FACE('',(#2206),#2212,.F.);
#2206 = FACE_BOUND('',#2207,.F.);
#2207 = EDGE_LOOP('',(#2208,#2209,#2210,#2211));
#2208 = ORIENTED_EDGE('',*,*,#1662,.F.);
#2209 = ORIENTED_EDGE('',*,*,#1929,.F.);
#2210 = ORIENTED_EDGE('',*,*,#1226,.T.);
#2211 = ORIENTED_EDGE('',*,*,#2171,.F.);
#2212 = PLANE('',#2213);
#2213 = AXIS2_PLACEMENT_3D('',#2214,#2215,#2216);
#2214 = CARTESIAN_POINT('',(-9.30393334941,-5.1,9.4));
#2215 = DIRECTION('',(0.,-1.,0.));
#2216 = DIRECTION('',(1.,0.,0.));
#2217 = ADVANCED_FACE('',(#2218),#2231,.F.);
#2218 = FACE_BOUND('',#2219,.F.);
#2219 = EDGE_LOOP('',(#2220,#2221,#2222,#2223));
#2220 = ORIENTED_EDGE('',*,*,#1340,.T.);
#2221 = ORIENTED_EDGE('',*,*,#2190,.T.);
#2222 = ORIENTED_EDGE('',*,*,#1164,.F.);
#2223 = ORIENTED_EDGE('',*,*,#2224,.F.);
#2224 = EDGE_CURVE('',#1332,#1165,#2225,.T.);
#2225 = B_SPLINE_CURVE_WITH_KNOTS('',2,(#2226,#2227,#2228,#2229,#2230),
  .UNSPECIFIED.,.F.,.F.,(3,1,1,3),(-0.14688,2.05E-15,2.4,2.54688),
  .UNSPECIFIED.);
#2226 = CARTESIAN_POINT('',(5.328715143032,-1.754105065943,1.85312));
#2227 = CARTESIAN_POINT('',(5.328715143032,-1.754105065943,1.92656));
#2228 = CARTESIAN_POINT('',(5.328715143032,-1.754105065943,3.2));
#2229 = CARTESIAN_POINT('',(5.328715143032,-1.754105065943,4.47344));
#2230 = CARTESIAN_POINT('',(5.328715143032,-1.754105065943,4.54688));
#2231 = ( BOUNDED_SURFACE() B_SPLINE_SURFACE(2,2,(
    (#2232,#2233,#2234,#2235,#2236)
    ,(#2237,#2238,#2239,#2240,#2241)
    ,(#2242,#2243,#2244,#2245,#2246
)),.UNSPECIFIED.,.F.,.F.,.F.) B_SPLINE_SURFACE_WITH_KNOTS((3,3),(3,1,1,3
    ),(0.,2.4),(-0.14688,2.05E-15,2.4,2.54688),.UNSPECIFIED.) 
GEOMETRIC_REPRESENTATION_ITEM() RATIONAL_B_SPLINE_SURFACE((
    (1.,1.,1.,1.,1.)
    ,(0.900310064236,0.900310064236,0.900310064236,0.900310064236
      ,0.900310064236)
,(1.,1.,1.,1.,1.))) REPRESENTATION_ITEM('') SURFACE() );
#2232 = CARTESIAN_POINT('',(5.328715143032,-1.754105065943,1.85312));
#2233 = CARTESIAN_POINT('',(5.328715143032,-1.754105065943,1.92656));
#2234 = CARTESIAN_POINT('',(5.328715143032,-1.754105065943,3.2));
#2235 = CARTESIAN_POINT('',(5.328715143032,-1.754105065943,4.47344));
#2236 = CARTESIAN_POINT('',(5.328715143032,-1.754105065943,4.54688));
#2237 = CARTESIAN_POINT('',(5.619461707582,-1.25208922896,1.85312));
#2238 = CARTESIAN_POINT('',(5.619461707582,-1.25208922896,1.92656));
#2239 = CARTESIAN_POINT('',(5.619461707582,-1.25208922896,3.2));
#2240 = CARTESIAN_POINT('',(5.619461707582,-1.25208922896,4.47344));
#2241 = CARTESIAN_POINT('',(5.619461707582,-1.25208922896,4.54688));
#2242 = CARTESIAN_POINT('',(6.193488176939,-1.16814235376,1.85312));
#2243 = CARTESIAN_POINT('',(6.193488176939,-1.16814235376,1.92656));
#2244 = CARTESIAN_POINT('',(6.193488176939,-1.16814235376,3.2));
#2245 = CARTESIAN_POINT('',(6.193488176939,-1.16814235376,4.47344));
#2246 = CARTESIAN_POINT('',(6.193488176939,-1.16814235376,4.54688));
#2247 = ADVANCED_FACE('',(#2248),#2254,.F.);
#2248 = FACE_BOUND('',#2249,.F.);
#2249 = EDGE_LOOP('',(#2250,#2251,#2252,#2253));
#2250 = ORIENTED_EDGE('',*,*,#1181,.F.);
#2251 = ORIENTED_EDGE('',*,*,#1901,.F.);
#2252 = ORIENTED_EDGE('',*,*,#1331,.T.);
#2253 = ORIENTED_EDGE('',*,*,#2224,.T.);
#2254 = CYLINDRICAL_SURFACE('',#2255,3.5);
#2255 = AXIS2_PLACEMENT_3D('',#2256,#2257,#2258);
#2256 = CARTESIAN_POINT('',(2.3,0.,4.4));
#2257 = DIRECTION('',(0.,0.,1.));
#2258 = DIRECTION('',(1.,0.,0.));
#2259 = ADVANCED_FACE('',(#2260),#2279,.F.);
#2260 = FACE_BOUND('',#2261,.F.);
#2261 = EDGE_LOOP('',(#2262,#2270,#2271,#2272));
#2262 = ORIENTED_EDGE('',*,*,#2263,.F.);
#2263 = EDGE_CURVE('',#1292,#2264,#2266,.T.);
#2264 = VERTEX_POINT('',#2265);
#2265 = CARTESIAN_POINT('',(-0.452914270615,5.795554957734,1.8));
#2266 = LINE('',#2267,#2268);
#2267 = CARTESIAN_POINT('',(-0.452914270615,5.795554957734,1.8));
#2268 = VECTOR('',#2269,1.);
#2269 = DIRECTION('',(-0.707106781187,0.,-0.707106781187));
#2270 = ORIENTED_EDGE('',*,*,#1291,.T.);
#2271 = ORIENTED_EDGE('',*,*,#2263,.T.);
#2272 = ORIENTED_EDGE('',*,*,#2273,.F.);
#2273 = EDGE_CURVE('',#2264,#2264,#2274,.T.);
#2274 = CIRCLE('',#2275,1.1);
#2275 = AXIS2_PLACEMENT_3D('',#2276,#2277,#2278);
#2276 = CARTESIAN_POINT('',(-1.552914270615,5.795554957734,1.8));
#2277 = DIRECTION('',(4.E-17,0.,-1.));
#2278 = DIRECTION('',(1.,-0.,4.E-17));
#2279 = CONICAL_SURFACE('',#2280,1.1,0.785398163397);
#2280 = AXIS2_PLACEMENT_3D('',#2281,#2282,#2283);
#2281 = CARTESIAN_POINT('',(-1.552914270615,5.795554957734,1.8));
#2282 = DIRECTION('',(-4.E-17,-0.,1.));
#2283 = DIRECTION('',(1.,-0.,4.E-17));
#2284 = ADVANCED_FACE('',(#2285),#2304,.F.);
#2285 = FACE_BOUND('',#2286,.F.);
#2286 = EDGE_LOOP('',(#2287,#2295,#2296,#2297));
#2287 = ORIENTED_EDGE('',*,*,#2288,.F.);
#2288 = EDGE_CURVE('',#1422,#2289,#2291,.T.);
#2289 = VERTEX_POINT('',#2290);
#2290 = CARTESIAN_POINT('',(-4.695554957734,-1.552914270615,1.8));
#2291 = LINE('',#2292,#2293);
#2292 = CARTESIAN_POINT('',(-4.695554957734,-1.552914270615,1.8));
#2293 = VECTOR('',#2294,1.);
#2294 = DIRECTION('',(-0.707106781187,0.,-0.707106781187));
#2295 = ORIENTED_EDGE('',*,*,#1421,.T.);
#2296 = ORIENTED_EDGE('',*,*,#2288,.T.);
#2297 = ORIENTED_EDGE('',*,*,#2298,.F.);
#2298 = EDGE_CURVE('',#2289,#2289,#2299,.T.);
#2299 = CIRCLE('',#2300,1.1);
#2300 = AXIS2_PLACEMENT_3D('',#2301,#2302,#2303);
#2301 = CARTESIAN_POINT('',(-5.795554957734,-1.552914270615,1.8));
#2302 = DIRECTION('',(4.E-17,0.,-1.));
#2303 = DIRECTION('',(1.,-0.,4.E-17));
#2304 = CONICAL_SURFACE('',#2305,1.1,0.785398163397);
#2305 = AXIS2_PLACEMENT_3D('',#2306,#2307,#2308);
#2306 = CARTESIAN_POINT('',(-5.795554957734,-1.552914270615,1.8));
#2307 = DIRECTION('',(-4.E-17,-0.,1.));
#2308 = DIRECTION('',(1.,-0.,4.E-17));
#2309 = ADVANCED_FACE('',(#2310),#2329,.F.);
#2310 = FACE_BOUND('',#2311,.F.);
#2311 = EDGE_LOOP('',(#2312,#2320,#2321,#2322));
#2312 = ORIENTED_EDGE('',*,*,#2313,.F.);
#2313 = EDGE_CURVE('',#1433,#2314,#2316,.T.);
#2314 = VERTEX_POINT('',#2315);
#2315 = CARTESIAN_POINT('',(3.,0.,1.8));
#2316 = LINE('',#2317,#2318);
#2317 = CARTESIAN_POINT('',(3.,0.,1.8));
#2318 = VECTOR('',#2319,1.);
#2319 = DIRECTION('',(-0.707106781187,0.,-0.707106781187));
#2320 = ORIENTED_EDGE('',*,*,#1432,.T.);
#2321 = ORIENTED_EDGE('',*,*,#2313,.T.);
#2322 = ORIENTED_EDGE('',*,*,#2323,.F.);
#2323 = EDGE_CURVE('',#2314,#2314,#2324,.T.);
#2324 = CIRCLE('',#2325,3.);
#2325 = AXIS2_PLACEMENT_3D('',#2326,#2327,#2328);
#2326 = CARTESIAN_POINT('',(1.E-17,0.,1.8));
#2327 = DIRECTION('',(4.E-17,0.,-1.));
#2328 = DIRECTION('',(1.,-0.,4.E-17));
#2329 = CONICAL_SURFACE('',#2330,3.,0.785398163397);
#2330 = AXIS2_PLACEMENT_3D('',#2331,#2332,#2333);
#2331 = CARTESIAN_POINT('',(1.E-17,0.,1.8));
#2332 = DIRECTION('',(-4.E-17,-0.,1.));
#2333 = DIRECTION('',(1.,-0.,4.E-17));
#2334 = ADVANCED_FACE('',(#2335),#2361,.F.);
#2335 = FACE_BOUND('',#2336,.F.);
#2336 = EDGE_LOOP('',(#2337,#2345,#2346,#2354));
#2337 = ORIENTED_EDGE('',*,*,#2338,.F.);
#2338 = EDGE_CURVE('',#1444,#2339,#2341,.T.);
#2339 = VERTEX_POINT('',#2340);
#2340 = CARTESIAN_POINT('',(4.962733710725,2.271530141946,1.8));
#2341 = LINE('',#2342,#2343);
#2342 = CARTESIAN_POINT('',(4.962733710725,2.271530141946,1.8));
#2343 = VECTOR('',#2344,1.);
#2344 = DIRECTION('',(0.535357773888,-0.461943777897,-0.707106781187));
#2345 = ORIENTED_EDGE('',*,*,#1443,.T.);
#2346 = ORIENTED_EDGE('',*,*,#2347,.T.);
#2347 = EDGE_CURVE('',#1446,#2348,#2350,.T.);
#2348 = VERTEX_POINT('',#2349);
#2349 = CARTESIAN_POINT('',(6.895554957734,1.552914270615,1.8));
#2350 = LINE('',#2351,#2352);
#2351 = CARTESIAN_POINT('',(6.895554957734,1.552914270615,1.8));
#2352 = VECTOR('',#2353,1.);
#2353 = DIRECTION('',(-0.707106781187,0.,-0.707106781187));
#2354 = ORIENTED_EDGE('',*,*,#2355,.F.);
#2355 = EDGE_CURVE('',#2339,#2348,#2356,.T.);
#2356 = CIRCLE('',#2357,1.1);
#2357 = AXIS2_PLACEMENT_3D('',#2358,#2359,#2360);
#2358 = CARTESIAN_POINT('',(5.795554957734,1.552914270615,1.8));
#2359 = DIRECTION('',(4.E-17,-3.08148791102E-33,-1.));
#2360 = DIRECTION('',(-0.757110224554,0.653287155756,-3.028440898217E-17
    ));
#2361 = CONICAL_SURFACE('',#2362,1.1,0.785398163397);
#2362 = AXIS2_PLACEMENT_3D('',#2363,#2364,#2365);
#2363 = CARTESIAN_POINT('',(5.795554957734,1.552914270615,1.8));
#2364 = DIRECTION('',(-4.E-17,-0.,1.));
#2365 = DIRECTION('',(-0.757110224554,0.653287155756,-3.028440898217E-17
    ));
#2366 = ADVANCED_FACE('',(#2367),#2386,.F.);
#2367 = FACE_BOUND('',#2368,.F.);
#2368 = EDGE_LOOP('',(#2369,#2377,#2378,#2379));
#2369 = ORIENTED_EDGE('',*,*,#2370,.F.);
#2370 = EDGE_CURVE('',#1455,#2371,#2373,.T.);
#2371 = VERTEX_POINT('',#2372);
#2372 = CARTESIAN_POINT('',(5.770534655258,0.453198859946,1.8));
#2373 = LINE('',#2374,#2375);
#2374 = CARTESIAN_POINT('',(5.770534655258,0.453198859946,1.8));
#2375 = VECTOR('',#2376,1.);
#2376 = DIRECTION('',(1.608365958975E-02,0.706923840236,-0.707106781187)
  );
#2377 = ORIENTED_EDGE('',*,*,#1463,.T.);
#2378 = ORIENTED_EDGE('',*,*,#2338,.T.);
#2379 = ORIENTED_EDGE('',*,*,#2380,.F.);
#2380 = EDGE_CURVE('',#2371,#2339,#2381,.T.);
#2381 = CIRCLE('',#2382,1.1);
#2382 = AXIS2_PLACEMENT_3D('',#2383,#2384,#2385);
#2383 = CARTESIAN_POINT('',(5.795554957734,1.552914270615,1.8));
#2384 = DIRECTION('',(4.E-17,0.,-1.));
#2385 = DIRECTION('',(-2.274572952441E-02,-0.999741282427,
    -9.098291809765E-19));
#2386 = CONICAL_SURFACE('',#2387,1.1,0.785398163397);
#2387 = AXIS2_PLACEMENT_3D('',#2388,#2389,#2390);
#2388 = CARTESIAN_POINT('',(5.795554957734,1.552914270615,1.8));
#2389 = DIRECTION('',(-4.E-17,-0.,1.));
#2390 = DIRECTION('',(-2.274572952441E-02,-0.999741282427,
    -9.098291809765E-19));
#2391 = ADVANCED_FACE('',(#2392),#2404,.F.);
#2392 = FACE_BOUND('',#2393,.F.);
#2393 = EDGE_LOOP('',(#2394,#2395,#2396,#2397));
#2394 = ORIENTED_EDGE('',*,*,#2347,.F.);
#2395 = ORIENTED_EDGE('',*,*,#1454,.T.);
#2396 = ORIENTED_EDGE('',*,*,#2370,.T.);
#2397 = ORIENTED_EDGE('',*,*,#2398,.F.);
#2398 = EDGE_CURVE('',#2348,#2371,#2399,.T.);
#2399 = CIRCLE('',#2400,1.1);
#2400 = AXIS2_PLACEMENT_3D('',#2401,#2402,#2403);
#2401 = CARTESIAN_POINT('',(5.795554957734,1.552914270615,1.8));
#2402 = DIRECTION('',(4.E-17,0.,-1.));
#2403 = DIRECTION('',(1.,-0.,4.E-17));
#2404 = CONICAL_SURFACE('',#2405,1.1,0.785398163397);
#2405 = AXIS2_PLACEMENT_3D('',#2406,#2407,#2408);
#2406 = CARTESIAN_POINT('',(5.795554957734,1.552914270615,1.8));
#2407 = DIRECTION('',(-4.E-17,-0.,1.));
#2408 = DIRECTION('',(1.,-0.,4.E-17));
#2409 = ADVANCED_FACE('',(#2410),#2429,.F.);
#2410 = FACE_BOUND('',#2411,.F.);
#2411 = EDGE_LOOP('',(#2412,#2420,#2421,#2422));
#2412 = ORIENTED_EDGE('',*,*,#2413,.F.);
#2413 = EDGE_CURVE('',#1473,#2414,#2416,.T.);
#2414 = VERTEX_POINT('',#2415);
#2415 = CARTESIAN_POINT('',(2.652914270615,-5.795554957734,1.8));
#2416 = LINE('',#2417,#2418);
#2417 = CARTESIAN_POINT('',(2.652914270615,-5.795554957734,1.8));
#2418 = VECTOR('',#2419,1.);
#2419 = DIRECTION('',(-0.707106781187,0.,-0.707106781187));
#2420 = ORIENTED_EDGE('',*,*,#1472,.T.);
#2421 = ORIENTED_EDGE('',*,*,#2413,.T.);
#2422 = ORIENTED_EDGE('',*,*,#2423,.F.);
#2423 = EDGE_CURVE('',#2414,#2414,#2424,.T.);
#2424 = CIRCLE('',#2425,1.1);
#2425 = AXIS2_PLACEMENT_3D('',#2426,#2427,#2428);
#2426 = CARTESIAN_POINT('',(1.552914270615,-5.795554957734,1.8));
#2427 = DIRECTION('',(4.E-17,0.,-1.));
#2428 = DIRECTION('',(1.,-0.,4.E-17));
#2429 = CONICAL_SURFACE('',#2430,1.1,0.785398163397);
#2430 = AXIS2_PLACEMENT_3D('',#2431,#2432,#2433);
#2431 = CARTESIAN_POINT('',(1.552914270615,-5.795554957734,1.8));
#2432 = DIRECTION('',(-4.E-17,-0.,1.));
#2433 = DIRECTION('',(1.,-0.,4.E-17));
#2434 = ADVANCED_FACE('',(#2435),#2454,.F.);
#2435 = FACE_BOUND('',#2436,.T.);
#2436 = EDGE_LOOP('',(#2437,#2445,#2446,#2447));
#2437 = ORIENTED_EDGE('',*,*,#2438,.F.);
#2438 = EDGE_CURVE('',#1515,#2439,#2441,.T.);
#2439 = VERTEX_POINT('',#2440);
#2440 = CARTESIAN_POINT('',(17.379715829474,-8.4,9.2));
#2441 = LINE('',#2442,#2443);
#2442 = CARTESIAN_POINT('',(17.379715829474,-8.4,9.2));
#2443 = VECTOR('',#2444,1.);
#2444 = DIRECTION('',(-0.707106781187,-0.,-0.707106781187));
#2445 = ORIENTED_EDGE('',*,*,#1514,.T.);
#2446 = ORIENTED_EDGE('',*,*,#2438,.T.);
#2447 = ORIENTED_EDGE('',*,*,#2448,.F.);
#2448 = EDGE_CURVE('',#2439,#2439,#2449,.T.);
#2449 = CIRCLE('',#2450,2.6);
#2450 = AXIS2_PLACEMENT_3D('',#2451,#2452,#2453);
#2451 = CARTESIAN_POINT('',(14.779715829474,-8.4,9.2));
#2452 = DIRECTION('',(0.,0.,1.));
#2453 = DIRECTION('',(1.,0.,-0.));
#2454 = CONICAL_SURFACE('',#2455,2.6,0.785398163397);
#2455 = AXIS2_PLACEMENT_3D('',#2456,#2457,#2458);
#2456 = CARTESIAN_POINT('',(14.779715829474,-8.4,9.2));
#2457 = DIRECTION('',(0.,0.,1.));
#2458 = DIRECTION('',(1.,0.,0.));
#2459 = ADVANCED_FACE('',(#2460),#2478,.F.);
#2460 = FACE_BOUND('',#2461,.F.);
#2461 = EDGE_LOOP('',(#2462,#2463,#2464,#2472));
#2462 = ORIENTED_EDGE('',*,*,#1994,.T.);
#2463 = ORIENTED_EDGE('',*,*,#1545,.T.);
#2464 = ORIENTED_EDGE('',*,*,#2465,.F.);
#2465 = EDGE_CURVE('',#2466,#1546,#2468,.T.);
#2466 = VERTEX_POINT('',#2467);
#2467 = CARTESIAN_POINT('',(6.633249580711,-10.,0.4));
#2468 = LINE('',#2469,#2470);
#2469 = CARTESIAN_POINT('',(6.633249580711,-10.,0.));
#2470 = VECTOR('',#2471,1.);
#2471 = DIRECTION('',(0.,0.,1.));
#2472 = ORIENTED_EDGE('',*,*,#2473,.F.);
#2473 = EDGE_CURVE('',#1995,#2466,#2474,.T.);
#2474 = LINE('',#2475,#2476);
#2475 = CARTESIAN_POINT('',(1.133014137978,-10.,0.4));
#2476 = VECTOR('',#2477,1.);
#2477 = DIRECTION('',(1.,0.,0.));
#2478 = PLANE('',#2479);
#2479 = AXIS2_PLACEMENT_3D('',#2480,#2481,#2482);
#2480 = CARTESIAN_POINT('',(1.133014137978,-10.,0.));
#2481 = DIRECTION('',(0.,1.,0.));
#2482 = DIRECTION('',(1.,0.,0.));
#2483 = ADVANCED_FACE('',(#2484),#2503,.F.);
#2484 = FACE_BOUND('',#2485,.T.);
#2485 = EDGE_LOOP('',(#2486,#2494,#2495,#2496));
#2486 = ORIENTED_EDGE('',*,*,#2487,.T.);
#2487 = EDGE_CURVE('',#2488,#1554,#2490,.T.);
#2488 = VERTEX_POINT('',#2489);
#2489 = CARTESIAN_POINT('',(13.112562271297,-11.59070509659,0.4));
#2490 = LINE('',#2491,#2492);
#2491 = CARTESIAN_POINT('',(13.112562271297,-11.59070509659,0.));
#2492 = VECTOR('',#2493,1.);
#2493 = DIRECTION('',(0.,0.,1.));
#2494 = ORIENTED_EDGE('',*,*,#1553,.T.);
#2495 = ORIENTED_EDGE('',*,*,#2465,.F.);
#2496 = ORIENTED_EDGE('',*,*,#2497,.T.);
#2497 = EDGE_CURVE('',#2466,#2488,#2498,.T.);
#2498 = CIRCLE('',#2499,13.991228085559);
#2499 = AXIS2_PLACEMENT_3D('',#2500,#2501,#2502);
#2500 = CARTESIAN_POINT('',(6.633249580711,-23.99122808555,0.4));
#2501 = DIRECTION('',(0.,0.,-1.));
#2502 = DIRECTION('',(-1.9E-16,1.,0.));
#2503 = CYLINDRICAL_SURFACE('',#2504,13.991228085559);
#2504 = AXIS2_PLACEMENT_3D('',#2505,#2506,#2507);
#2505 = CARTESIAN_POINT('',(6.633249580711,-23.99122808555,0.));
#2506 = DIRECTION('',(-0.,-0.,-1.));
#2507 = DIRECTION('',(1.,0.,0.));
#2508 = ADVANCED_FACE('',(#2509),#2528,.T.);
#2509 = FACE_BOUND('',#2510,.F.);
#2510 = EDGE_LOOP('',(#2511,#2512,#2513,#2521));
#2511 = ORIENTED_EDGE('',*,*,#2487,.T.);
#2512 = ORIENTED_EDGE('',*,*,#1562,.T.);
#2513 = ORIENTED_EDGE('',*,*,#2514,.F.);
#2514 = EDGE_CURVE('',#2515,#1563,#2517,.T.);
#2515 = VERTEX_POINT('',#2516);
#2516 = CARTESIAN_POINT('',(14.779715829474,-4.8,0.4));
#2517 = LINE('',#2518,#2519);
#2518 = CARTESIAN_POINT('',(14.779715829474,-4.8,0.));
#2519 = VECTOR('',#2520,1.);
#2520 = DIRECTION('',(0.,0.,1.));
#2521 = ORIENTED_EDGE('',*,*,#2522,.F.);
#2522 = EDGE_CURVE('',#2488,#2515,#2523,.T.);
#2523 = CIRCLE('',#2524,3.6);
#2524 = AXIS2_PLACEMENT_3D('',#2525,#2526,#2527);
#2525 = CARTESIAN_POINT('',(14.779715829474,-8.4,0.4));
#2526 = DIRECTION('',(0.,0.,1.));
#2527 = DIRECTION('',(-0.463098210605,-0.886306971277,0.));
#2528 = CYLINDRICAL_SURFACE('',#2529,3.6);
#2529 = AXIS2_PLACEMENT_3D('',#2530,#2531,#2532);
#2530 = CARTESIAN_POINT('',(14.779715829474,-8.4,0.));
#2531 = DIRECTION('',(-0.,-0.,-1.));
#2532 = DIRECTION('',(1.,0.,0.));
#2533 = ADVANCED_FACE('',(#2534),#2553,.F.);
#2534 = FACE_BOUND('',#2535,.T.);
#2535 = EDGE_LOOP('',(#2536,#2544,#2545,#2546));
#2536 = ORIENTED_EDGE('',*,*,#2537,.T.);
#2537 = EDGE_CURVE('',#2538,#1572,#2540,.T.);
#2538 = VERTEX_POINT('',#2539);
#2539 = CARTESIAN_POINT('',(11.902175885683,-1.529120396261,0.4));
#2540 = LINE('',#2541,#2542);
#2541 = CARTESIAN_POINT('',(11.902175885683,-1.529120396261,0.));
#2542 = VECTOR('',#2543,1.);
#2543 = DIRECTION('',(0.,0.,1.));
#2544 = ORIENTED_EDGE('',*,*,#1571,.T.);
#2545 = ORIENTED_EDGE('',*,*,#2514,.F.);
#2546 = ORIENTED_EDGE('',*,*,#2547,.T.);
#2547 = EDGE_CURVE('',#2515,#2538,#2548,.T.);
#2548 = CIRCLE('',#2549,2.90119047619);
#2549 = AXIS2_PLACEMENT_3D('',#2550,#2551,#2552);
#2550 = CARTESIAN_POINT('',(14.779715829474,-1.89880952381,0.4));
#2551 = DIRECTION('',(0.,-0.,-1.));
#2552 = DIRECTION('',(6.1E-16,-1.,0.));
#2553 = CYLINDRICAL_SURFACE('',#2554,2.90119047619);
#2554 = AXIS2_PLACEMENT_3D('',#2555,#2556,#2557);
#2555 = CARTESIAN_POINT('',(14.779715829474,-1.89880952381,0.));
#2556 = DIRECTION('',(-0.,-0.,-1.));
#2557 = DIRECTION('',(1.,0.,0.));
#2558 = ADVANCED_FACE('',(#2559),#2578,.T.);
#2559 = FACE_BOUND('',#2560,.F.);
#2560 = EDGE_LOOP('',(#2561,#2562,#2563,#2571));
#2561 = ORIENTED_EDGE('',*,*,#2537,.T.);
#2562 = ORIENTED_EDGE('',*,*,#1580,.T.);
#2563 = ORIENTED_EDGE('',*,*,#2564,.F.);
#2564 = EDGE_CURVE('',#2565,#1581,#2567,.T.);
#2565 = VERTEX_POINT('',#2566);
#2566 = CARTESIAN_POINT('',(11.902175885683,1.529120396261,0.4));
#2567 = LINE('',#2568,#2569);
#2568 = CARTESIAN_POINT('',(11.902175885683,1.529120396261,0.));
#2569 = VECTOR('',#2570,1.);
#2570 = DIRECTION('',(0.,0.,1.));
#2571 = ORIENTED_EDGE('',*,*,#2572,.F.);
#2572 = EDGE_CURVE('',#2538,#2565,#2573,.T.);
#2573 = CIRCLE('',#2574,12.);
#2574 = AXIS2_PLACEMENT_3D('',#2575,#2576,#2577);
#2575 = CARTESIAN_POINT('',(9.1E-15,1.1E-15,0.4));
#2576 = DIRECTION('',(-0.,0.,1.));
#2577 = DIRECTION('',(0.991847990474,-0.127426699688,0.));
#2578 = CYLINDRICAL_SURFACE('',#2579,12.);
#2579 = AXIS2_PLACEMENT_3D('',#2580,#2581,#2582);
#2580 = CARTESIAN_POINT('',(9.1E-15,1.1E-15,0.));
#2581 = DIRECTION('',(-0.,-0.,-1.));
#2582 = DIRECTION('',(1.,0.,0.));
#2583 = ADVANCED_FACE('',(#2584),#2603,.F.);
#2584 = FACE_BOUND('',#2585,.T.);
#2585 = EDGE_LOOP('',(#2586,#2594,#2595,#2596));
#2586 = ORIENTED_EDGE('',*,*,#2587,.T.);
#2587 = EDGE_CURVE('',#2588,#1590,#2590,.T.);
#2588 = VERTEX_POINT('',#2589);
#2589 = CARTESIAN_POINT('',(14.779715829474,4.8,0.4));
#2590 = LINE('',#2591,#2592);
#2591 = CARTESIAN_POINT('',(14.779715829474,4.8,0.));
#2592 = VECTOR('',#2593,1.);
#2593 = DIRECTION('',(0.,0.,1.));
#2594 = ORIENTED_EDGE('',*,*,#1589,.T.);
#2595 = ORIENTED_EDGE('',*,*,#2564,.F.);
#2596 = ORIENTED_EDGE('',*,*,#2597,.T.);
#2597 = EDGE_CURVE('',#2565,#2588,#2598,.T.);
#2598 = CIRCLE('',#2599,2.90119047619);
#2599 = AXIS2_PLACEMENT_3D('',#2600,#2601,#2602);
#2600 = CARTESIAN_POINT('',(14.779715829474,1.89880952381,0.4));
#2601 = DIRECTION('',(-0.,0.,-1.));
#2602 = DIRECTION('',(-0.991847990474,-0.127426699688,0.));
#2603 = CYLINDRICAL_SURFACE('',#2604,2.90119047619);
#2604 = AXIS2_PLACEMENT_3D('',#2605,#2606,#2607);
#2605 = CARTESIAN_POINT('',(14.779715829474,1.89880952381,0.));
#2606 = DIRECTION('',(-0.,-0.,-1.));
#2607 = DIRECTION('',(1.,0.,0.));
#2608 = ADVANCED_FACE('',(#2609),#2628,.T.);
#2609 = FACE_BOUND('',#2610,.F.);
#2610 = EDGE_LOOP('',(#2611,#2612,#2613,#2621));
#2611 = ORIENTED_EDGE('',*,*,#2587,.T.);
#2612 = ORIENTED_EDGE('',*,*,#1598,.T.);
#2613 = ORIENTED_EDGE('',*,*,#2614,.F.);
#2614 = EDGE_CURVE('',#2615,#1599,#2617,.T.);
#2615 = VERTEX_POINT('',#2616);
#2616 = CARTESIAN_POINT('',(13.112562271297,11.590705096598,0.4));
#2617 = LINE('',#2618,#2619);
#2618 = CARTESIAN_POINT('',(13.112562271297,11.590705096598,0.));
#2619 = VECTOR('',#2620,1.);
#2620 = DIRECTION('',(0.,0.,1.));
#2621 = ORIENTED_EDGE('',*,*,#2622,.F.);
#2622 = EDGE_CURVE('',#2588,#2615,#2623,.T.);
#2623 = CIRCLE('',#2624,3.6);
#2624 = AXIS2_PLACEMENT_3D('',#2625,#2626,#2627);
#2625 = CARTESIAN_POINT('',(14.779715829474,8.4,0.4));
#2626 = DIRECTION('',(0.,0.,1.));
#2627 = DIRECTION('',(-9.9E-16,-1.,0.));
#2628 = CYLINDRICAL_SURFACE('',#2629,3.6);
#2629 = AXIS2_PLACEMENT_3D('',#2630,#2631,#2632);
#2630 = CARTESIAN_POINT('',(14.779715829474,8.4,0.));
#2631 = DIRECTION('',(-0.,-0.,-1.));
#2632 = DIRECTION('',(1.,0.,0.));
#2633 = ADVANCED_FACE('',(#2634),#2653,.F.);
#2634 = FACE_BOUND('',#2635,.T.);
#2635 = EDGE_LOOP('',(#2636,#2644,#2645,#2646));
#2636 = ORIENTED_EDGE('',*,*,#2637,.T.);
#2637 = EDGE_CURVE('',#2638,#1608,#2640,.T.);
#2638 = VERTEX_POINT('',#2639);
#2639 = CARTESIAN_POINT('',(6.633249580711,10.,0.4));
#2640 = LINE('',#2641,#2642);
#2641 = CARTESIAN_POINT('',(6.633249580711,10.,0.));
#2642 = VECTOR('',#2643,1.);
#2643 = DIRECTION('',(0.,0.,1.));
#2644 = ORIENTED_EDGE('',*,*,#1607,.T.);
#2645 = ORIENTED_EDGE('',*,*,#2614,.F.);
#2646 = ORIENTED_EDGE('',*,*,#2647,.T.);
#2647 = EDGE_CURVE('',#2615,#2638,#2648,.T.);
#2648 = CIRCLE('',#2649,13.991228085559);
#2649 = AXIS2_PLACEMENT_3D('',#2650,#2651,#2652);
#2650 = CARTESIAN_POINT('',(6.633249580711,23.991228085559,0.4));
#2651 = DIRECTION('',(0.,-0.,-1.));
#2652 = DIRECTION('',(0.463098210605,-0.886306971277,0.));
#2653 = CYLINDRICAL_SURFACE('',#2654,13.991228085559);
#2654 = AXIS2_PLACEMENT_3D('',#2655,#2656,#2657);
#2655 = CARTESIAN_POINT('',(6.633249580711,23.991228085559,0.));
#2656 = DIRECTION('',(-0.,-0.,-1.));
#2657 = DIRECTION('',(1.,0.,0.));
#2658 = ADVANCED_FACE('',(#2659),#2670,.T.);
#2659 = FACE_BOUND('',#2660,.T.);
#2660 = EDGE_LOOP('',(#2661,#2662,#2663,#2664));
#2661 = ORIENTED_EDGE('',*,*,#1751,.T.);
#2662 = ORIENTED_EDGE('',*,*,#1616,.T.);
#2663 = ORIENTED_EDGE('',*,*,#2637,.F.);
#2664 = ORIENTED_EDGE('',*,*,#2665,.T.);
#2665 = EDGE_CURVE('',#2638,#1743,#2666,.T.);
#2666 = LINE('',#2667,#2668);
#2667 = CARTESIAN_POINT('',(6.633249580711,10.,0.4));
#2668 = VECTOR('',#2669,1.);
#2669 = DIRECTION('',(-1.,-0.,-0.));
#2670 = PLANE('',#2671);
#2671 = AXIS2_PLACEMENT_3D('',#2672,#2673,#2674);
#2672 = CARTESIAN_POINT('',(1.133014137978,10.,0.));
#2673 = DIRECTION('',(0.,1.,0.));
#2674 = DIRECTION('',(1.,0.,0.));
#2675 = ADVANCED_FACE('',(#2676),#2695,.T.);
#2676 = FACE_BOUND('',#2677,.F.);
#2677 = EDGE_LOOP('',(#2678,#2686,#2693,#2694));
#2678 = ORIENTED_EDGE('',*,*,#2679,.T.);
#2679 = EDGE_CURVE('',#1683,#2680,#2682,.T.);
#2680 = VERTEX_POINT('',#2681);
#2681 = CARTESIAN_POINT('',(17.279715829474,8.4,10.2));
#2682 = LINE('',#2683,#2684);
#2683 = CARTESIAN_POINT('',(17.279715829474,8.4,9.4));
#2684 = VECTOR('',#2685,1.);
#2685 = DIRECTION('',(0.,0.,1.));
#2686 = ORIENTED_EDGE('',*,*,#2687,.T.);
#2687 = EDGE_CURVE('',#2680,#2680,#2688,.T.);
#2688 = CIRCLE('',#2689,2.5);
#2689 = AXIS2_PLACEMENT_3D('',#2690,#2691,#2692);
#2690 = CARTESIAN_POINT('',(14.779715829474,8.4,10.2));
#2691 = DIRECTION('',(-0.,0.,1.));
#2692 = DIRECTION('',(1.,0.,0.));
#2693 = ORIENTED_EDGE('',*,*,#2679,.F.);
#2694 = ORIENTED_EDGE('',*,*,#1682,.F.);
#2695 = CYLINDRICAL_SURFACE('',#2696,2.5);
#2696 = AXIS2_PLACEMENT_3D('',#2697,#2698,#2699);
#2697 = CARTESIAN_POINT('',(14.779715829474,8.4,9.4));
#2698 = DIRECTION('',(-0.,-0.,-1.));
#2699 = DIRECTION('',(1.,0.,0.));
#2700 = ADVANCED_FACE('',(#2701),#2720,.T.);
#2701 = FACE_BOUND('',#2702,.T.);
#2702 = EDGE_LOOP('',(#2703,#2711,#2718,#2719));
#2703 = ORIENTED_EDGE('',*,*,#2704,.F.);
#2704 = EDGE_CURVE('',#2705,#1743,#2707,.T.);
#2705 = VERTEX_POINT('',#2706);
#2706 = CARTESIAN_POINT('',(1.133014137978,9.6,0.));
#2707 = LINE('',#2708,#2709);
#2708 = CARTESIAN_POINT('',(1.133014137978,9.8,0.2));
#2709 = VECTOR('',#2710,1.);
#2710 = DIRECTION('',(0.,0.707106781187,0.707106781187));
#2711 = ORIENTED_EDGE('',*,*,#2712,.T.);
#2712 = EDGE_CURVE('',#2705,#1769,#2713,.T.);
#2713 = CIRCLE('',#2714,20.828372103686);
#2714 = AXIS2_PLACEMENT_3D('',#2715,#2716,#2717);
#2715 = CARTESIAN_POINT('',(1.133014137978,-11.22837210368,0.));
#2716 = DIRECTION('',(0.,-0.,1.));
#2717 = DIRECTION('',(6.E-17,1.,0.));
#2718 = ORIENTED_EDGE('',*,*,#1768,.T.);
#2719 = ORIENTED_EDGE('',*,*,#1742,.F.);
#2720 = CONICAL_SURFACE('',#2721,21.228372103686,0.785398163397);
#2721 = AXIS2_PLACEMENT_3D('',#2722,#2723,#2724);
#2722 = CARTESIAN_POINT('',(1.133014137978,-11.22837210368,0.4));
#2723 = DIRECTION('',(0.,0.,1.));
#2724 = DIRECTION('',(6.E-17,1.,0.));
#2725 = ADVANCED_FACE('',(#2726,#2822,#2833,#2844,#2855,#2858,#2869,
    #2880,#2891),#2902,.F.);
#2726 = FACE_BOUND('',#2727,.F.);
#2727 = EDGE_LOOP('',(#2728,#2739,#2748,#2757,#2766,#2775,#2784,#2790,
    #2791,#2792,#2793,#2794,#2795,#2796,#2797,#2798,#2807,#2815));
#2728 = ORIENTED_EDGE('',*,*,#2729,.T.);
#2729 = EDGE_CURVE('',#2730,#2732,#2734,.T.);
#2730 = VERTEX_POINT('',#2731);
#2731 = CARTESIAN_POINT('',(13.297801555539,-11.23618230808,0.));
#2732 = VERTEX_POINT('',#2733);
#2733 = CARTESIAN_POINT('',(14.779715829474,-5.2,0.));
#2734 = CIRCLE('',#2735,3.2);
#2735 = AXIS2_PLACEMENT_3D('',#2736,#2737,#2738);
#2736 = CARTESIAN_POINT('',(14.779715829474,-8.4,0.));
#2737 = DIRECTION('',(0.,0.,1.));
#2738 = DIRECTION('',(-0.463098210605,-0.886306971277,0.));
#2739 = ORIENTED_EDGE('',*,*,#2740,.T.);
#2740 = EDGE_CURVE('',#2732,#2741,#2743,.T.);
#2741 = VERTEX_POINT('',#2742);
#2742 = CARTESIAN_POINT('',(11.505436689494,-1.478149716386,0.));
#2743 = CIRCLE('',#2744,3.30119047619);
#2744 = AXIS2_PLACEMENT_3D('',#2745,#2746,#2747);
#2745 = CARTESIAN_POINT('',(14.779715829474,-1.89880952381,0.));
#2746 = DIRECTION('',(0.,-0.,-1.));
#2747 = DIRECTION('',(6.1E-16,-1.,0.));
#2748 = ORIENTED_EDGE('',*,*,#2749,.T.);
#2749 = EDGE_CURVE('',#2741,#2750,#2752,.T.);
#2750 = VERTEX_POINT('',#2751);
#2751 = CARTESIAN_POINT('',(11.505436689494,1.478149716386,0.));
#2752 = CIRCLE('',#2753,11.6);
#2753 = AXIS2_PLACEMENT_3D('',#2754,#2755,#2756);
#2754 = CARTESIAN_POINT('',(9.1E-15,1.1E-15,0.));
#2755 = DIRECTION('',(-0.,0.,1.));
#2756 = DIRECTION('',(0.991847990474,-0.127426699688,0.));
#2757 = ORIENTED_EDGE('',*,*,#2758,.T.);
#2758 = EDGE_CURVE('',#2750,#2759,#2761,.T.);
#2759 = VERTEX_POINT('',#2760);
#2760 = CARTESIAN_POINT('',(14.779715829474,5.2,0.));
#2761 = CIRCLE('',#2762,3.30119047619);
#2762 = AXIS2_PLACEMENT_3D('',#2763,#2764,#2765);
#2763 = CARTESIAN_POINT('',(14.779715829474,1.89880952381,0.));
#2764 = DIRECTION('',(-0.,0.,-1.));
#2765 = DIRECTION('',(-0.991847990474,-0.127426699688,0.));
#2766 = ORIENTED_EDGE('',*,*,#2767,.T.);
#2767 = EDGE_CURVE('',#2759,#2768,#2770,.T.);
#2768 = VERTEX_POINT('',#2769);
#2769 = CARTESIAN_POINT('',(13.297801555539,11.236182308087,0.));
#2770 = CIRCLE('',#2771,3.2);
#2771 = AXIS2_PLACEMENT_3D('',#2772,#2773,#2774);
#2772 = CARTESIAN_POINT('',(14.779715829474,8.4,0.));
#2773 = DIRECTION('',(0.,0.,1.));
#2774 = DIRECTION('',(-9.9E-16,-1.,0.));
#2775 = ORIENTED_EDGE('',*,*,#2776,.T.);
#2776 = EDGE_CURVE('',#2768,#2777,#2779,.T.);
#2777 = VERTEX_POINT('',#2778);
#2778 = CARTESIAN_POINT('',(6.633249580711,9.6,0.));
#2779 = CIRCLE('',#2780,14.391228085559);
#2780 = AXIS2_PLACEMENT_3D('',#2781,#2782,#2783);
#2781 = CARTESIAN_POINT('',(6.633249580711,23.991228085559,0.));
#2782 = DIRECTION('',(0.,-0.,-1.));
#2783 = DIRECTION('',(0.463098210605,-0.886306971277,0.));
#2784 = ORIENTED_EDGE('',*,*,#2785,.T.);
#2785 = EDGE_CURVE('',#2777,#2705,#2786,.T.);
#2786 = LINE('',#2787,#2788);
#2787 = CARTESIAN_POINT('',(6.633249580711,9.6,0.));
#2788 = VECTOR('',#2789,1.);
#2789 = DIRECTION('',(-1.,-0.,-0.));
#2790 = ORIENTED_EDGE('',*,*,#2712,.T.);
#2791 = ORIENTED_EDGE('',*,*,#1776,.T.);
#2792 = ORIENTED_EDGE('',*,*,#1801,.T.);
#2793 = ORIENTED_EDGE('',*,*,#1825,.T.);
#2794 = ORIENTED_EDGE('',*,*,#1850,.T.);
#2795 = ORIENTED_EDGE('',*,*,#1874,.T.);
#2796 = ORIENTED_EDGE('',*,*,#1946,.T.);
#2797 = ORIENTED_EDGE('',*,*,#1970,.T.);
#2798 = ORIENTED_EDGE('',*,*,#2799,.T.);
#2799 = EDGE_CURVE('',#1971,#2800,#2802,.T.);
#2800 = VERTEX_POINT('',#2801);
#2801 = CARTESIAN_POINT('',(1.133014137978,-9.6,0.));
#2802 = CIRCLE('',#2803,20.828372103686);
#2803 = AXIS2_PLACEMENT_3D('',#2804,#2805,#2806);
#2804 = CARTESIAN_POINT('',(1.133014137978,11.228372103686,0.));
#2805 = DIRECTION('',(0.,0.,1.));
#2806 = DIRECTION('',(-0.512512614234,-0.858679695958,0.));
#2807 = ORIENTED_EDGE('',*,*,#2808,.T.);
#2808 = EDGE_CURVE('',#2800,#2809,#2811,.T.);
#2809 = VERTEX_POINT('',#2810);
#2810 = CARTESIAN_POINT('',(6.633249580711,-9.6,0.));
#2811 = LINE('',#2812,#2813);
#2812 = CARTESIAN_POINT('',(1.133014137978,-9.6,0.));
#2813 = VECTOR('',#2814,1.);
#2814 = DIRECTION('',(1.,0.,0.));
#2815 = ORIENTED_EDGE('',*,*,#2816,.T.);
#2816 = EDGE_CURVE('',#2809,#2730,#2817,.T.);
#2817 = CIRCLE('',#2818,14.391228085559);
#2818 = AXIS2_PLACEMENT_3D('',#2819,#2820,#2821);
#2819 = CARTESIAN_POINT('',(6.633249580711,-23.99122808555,0.));
#2820 = DIRECTION('',(0.,0.,-1.));
#2821 = DIRECTION('',(-1.9E-16,1.,0.));
#2822 = FACE_BOUND('',#2823,.F.);
#2823 = EDGE_LOOP('',(#2824));
#2824 = ORIENTED_EDGE('',*,*,#2825,.F.);
#2825 = EDGE_CURVE('',#2826,#2826,#2828,.T.);
#2826 = VERTEX_POINT('',#2827);
#2827 = CARTESIAN_POINT('',(3.4,0.,0.));
#2828 = CIRCLE('',#2829,3.4);
#2829 = AXIS2_PLACEMENT_3D('',#2830,#2831,#2832);
#2830 = CARTESIAN_POINT('',(0.,0.,0.));
#2831 = DIRECTION('',(0.,0.,1.));
#2832 = DIRECTION('',(1.,0.,0.));
#2833 = FACE_BOUND('',#2834,.F.);
#2834 = EDGE_LOOP('',(#2835));
#2835 = ORIENTED_EDGE('',*,*,#2836,.F.);
#2836 = EDGE_CURVE('',#2837,#2837,#2839,.T.);
#2837 = VERTEX_POINT('',#2838);
#2838 = CARTESIAN_POINT('',(16.779715829474,8.4,0.));
#2839 = CIRCLE('',#2840,2.);
#2840 = AXIS2_PLACEMENT_3D('',#2841,#2842,#2843);
#2841 = CARTESIAN_POINT('',(14.779715829474,8.4,0.));
#2842 = DIRECTION('',(0.,0.,1.));
#2843 = DIRECTION('',(1.,0.,0.));
#2844 = FACE_BOUND('',#2845,.F.);
#2845 = EDGE_LOOP('',(#2846));
#2846 = ORIENTED_EDGE('',*,*,#2847,.F.);
#2847 = EDGE_CURVE('',#2848,#2848,#2850,.T.);
#2848 = VERTEX_POINT('',#2849);
#2849 = CARTESIAN_POINT('',(16.779715829474,-8.4,0.));
#2850 = CIRCLE('',#2851,2.);
#2851 = AXIS2_PLACEMENT_3D('',#2852,#2853,#2854);
#2852 = CARTESIAN_POINT('',(14.779715829474,-8.4,0.));
#2853 = DIRECTION('',(0.,0.,1.));
#2854 = DIRECTION('',(1.,0.,0.));
#2855 = FACE_BOUND('',#2856,.F.);
#2856 = EDGE_LOOP('',(#2857));
#2857 = ORIENTED_EDGE('',*,*,#2073,.F.);
#2858 = FACE_BOUND('',#2859,.F.);
#2859 = EDGE_LOOP('',(#2860));
#2860 = ORIENTED_EDGE('',*,*,#2861,.F.);
#2861 = EDGE_CURVE('',#2862,#2862,#2864,.T.);
#2862 = VERTEX_POINT('',#2863);
#2863 = CARTESIAN_POINT('',(-5.291427061512E-02,5.795554957734,0.));
#2864 = CIRCLE('',#2865,1.5);
#2865 = AXIS2_PLACEMENT_3D('',#2866,#2867,#2868);
#2866 = CARTESIAN_POINT('',(-1.552914270615,5.795554957734,0.));
#2867 = DIRECTION('',(0.,0.,1.));
#2868 = DIRECTION('',(1.,0.,0.));
#2869 = FACE_BOUND('',#2870,.F.);
#2870 = EDGE_LOOP('',(#2871));
#2871 = ORIENTED_EDGE('',*,*,#2872,.F.);
#2872 = EDGE_CURVE('',#2873,#2873,#2875,.T.);
#2873 = VERTEX_POINT('',#2874);
#2874 = CARTESIAN_POINT('',(7.295554957734,1.552914270615,0.));
#2875 = CIRCLE('',#2876,1.5);
#2876 = AXIS2_PLACEMENT_3D('',#2877,#2878,#2879);
#2877 = CARTESIAN_POINT('',(5.795554957734,1.552914270615,0.));
#2878 = DIRECTION('',(0.,0.,1.));
#2879 = DIRECTION('',(1.,0.,0.));
#2880 = FACE_BOUND('',#2881,.F.);
#2881 = EDGE_LOOP('',(#2882));
#2882 = ORIENTED_EDGE('',*,*,#2883,.F.);
#2883 = EDGE_CURVE('',#2884,#2884,#2886,.T.);
#2884 = VERTEX_POINT('',#2885);
#2885 = CARTESIAN_POINT('',(3.052914270615,-5.795554957734,0.));
#2886 = CIRCLE('',#2887,1.5);
#2887 = AXIS2_PLACEMENT_3D('',#2888,#2889,#2890);
#2888 = CARTESIAN_POINT('',(1.552914270615,-5.795554957734,0.));
#2889 = DIRECTION('',(0.,0.,1.));
#2890 = DIRECTION('',(1.,0.,0.));
#2891 = FACE_BOUND('',#2892,.F.);
#2892 = EDGE_LOOP('',(#2893));
#2893 = ORIENTED_EDGE('',*,*,#2894,.F.);
#2894 = EDGE_CURVE('',#2895,#2895,#2897,.T.);
#2895 = VERTEX_POINT('',#2896);
#2896 = CARTESIAN_POINT('',(-4.295554957734,-1.552914270615,0.));
#2897 = CIRCLE('',#2898,1.5);
#2898 = AXIS2_PLACEMENT_3D('',#2899,#2900,#2901);
#2899 = CARTESIAN_POINT('',(-5.795554957734,-1.552914270615,0.));
#2900 = DIRECTION('',(0.,0.,1.));
#2901 = DIRECTION('',(1.,0.,0.));
#2902 = PLANE('',#2903);
#2903 = AXIS2_PLACEMENT_3D('',#2904,#2905,#2906);
#2904 = CARTESIAN_POINT('',(1.160035018586,1.1E-16,0.));
#2905 = DIRECTION('',(0.,0.,1.));
#2906 = DIRECTION('',(1.,0.,0.));
#2907 = ADVANCED_FACE('',(#2908),#2919,.T.);
#2908 = FACE_BOUND('',#2909,.T.);
#2909 = EDGE_LOOP('',(#2910,#2911,#2912,#2918));
#2910 = ORIENTED_EDGE('',*,*,#1979,.F.);
#2911 = ORIENTED_EDGE('',*,*,#2799,.T.);
#2912 = ORIENTED_EDGE('',*,*,#2913,.T.);
#2913 = EDGE_CURVE('',#2800,#1995,#2914,.T.);
#2914 = LINE('',#2915,#2916);
#2915 = CARTESIAN_POINT('',(1.133014137978,-10.,0.4));
#2916 = VECTOR('',#2917,1.);
#2917 = DIRECTION('',(-1.1E-16,-0.707106781187,0.707106781187));
#2918 = ORIENTED_EDGE('',*,*,#2002,.F.);
#2919 = CONICAL_SURFACE('',#2920,21.228372103686,0.785398163397);
#2920 = AXIS2_PLACEMENT_3D('',#2921,#2922,#2923);
#2921 = CARTESIAN_POINT('',(1.133014137978,11.228372103686,0.4));
#2922 = DIRECTION('',(0.,0.,1.));
#2923 = DIRECTION('',(-0.512512614234,-0.858679695958,0.));
#2924 = ADVANCED_FACE('',(#2925),#2944,.F.);
#2925 = FACE_BOUND('',#2926,.T.);
#2926 = EDGE_LOOP('',(#2927,#2935,#2942,#2943));
#2927 = ORIENTED_EDGE('',*,*,#2928,.F.);
#2928 = EDGE_CURVE('',#2929,#2264,#2931,.T.);
#2929 = VERTEX_POINT('',#2930);
#2930 = CARTESIAN_POINT('',(-0.452914270615,5.795554957734,0.4));
#2931 = LINE('',#2932,#2933);
#2932 = CARTESIAN_POINT('',(-0.452914270615,5.795554957734,0.));
#2933 = VECTOR('',#2934,1.);
#2934 = DIRECTION('',(0.,0.,1.));
#2935 = ORIENTED_EDGE('',*,*,#2936,.F.);
#2936 = EDGE_CURVE('',#2929,#2929,#2937,.T.);
#2937 = CIRCLE('',#2938,1.1);
#2938 = AXIS2_PLACEMENT_3D('',#2939,#2940,#2941);
#2939 = CARTESIAN_POINT('',(-1.552914270615,5.795554957734,0.4));
#2940 = DIRECTION('',(0.,0.,1.));
#2941 = DIRECTION('',(1.,0.,0.));
#2942 = ORIENTED_EDGE('',*,*,#2928,.T.);
#2943 = ORIENTED_EDGE('',*,*,#2273,.F.);
#2944 = CYLINDRICAL_SURFACE('',#2945,1.1);
#2945 = AXIS2_PLACEMENT_3D('',#2946,#2947,#2948);
#2946 = CARTESIAN_POINT('',(-1.552914270615,5.795554957734,0.));
#2947 = DIRECTION('',(-0.,-0.,-1.));
#2948 = DIRECTION('',(1.,0.,0.));
#2949 = ADVANCED_FACE('',(#2950),#2969,.F.);
#2950 = FACE_BOUND('',#2951,.T.);
#2951 = EDGE_LOOP('',(#2952,#2960,#2967,#2968));
#2952 = ORIENTED_EDGE('',*,*,#2953,.F.);
#2953 = EDGE_CURVE('',#2954,#2289,#2956,.T.);
#2954 = VERTEX_POINT('',#2955);
#2955 = CARTESIAN_POINT('',(-4.695554957734,-1.552914270615,0.4));
#2956 = LINE('',#2957,#2958);
#2957 = CARTESIAN_POINT('',(-4.695554957734,-1.552914270615,0.));
#2958 = VECTOR('',#2959,1.);
#2959 = DIRECTION('',(0.,0.,1.));
#2960 = ORIENTED_EDGE('',*,*,#2961,.F.);
#2961 = EDGE_CURVE('',#2954,#2954,#2962,.T.);
#2962 = CIRCLE('',#2963,1.1);
#2963 = AXIS2_PLACEMENT_3D('',#2964,#2965,#2966);
#2964 = CARTESIAN_POINT('',(-5.795554957734,-1.552914270615,0.4));
#2965 = DIRECTION('',(0.,0.,1.));
#2966 = DIRECTION('',(1.,0.,0.));
#2967 = ORIENTED_EDGE('',*,*,#2953,.T.);
#2968 = ORIENTED_EDGE('',*,*,#2298,.F.);
#2969 = CYLINDRICAL_SURFACE('',#2970,1.1);
#2970 = AXIS2_PLACEMENT_3D('',#2971,#2972,#2973);
#2971 = CARTESIAN_POINT('',(-5.795554957734,-1.552914270615,0.));
#2972 = DIRECTION('',(-0.,-0.,-1.));
#2973 = DIRECTION('',(1.,0.,0.));
#2974 = ADVANCED_FACE('',(#2975),#2994,.F.);
#2975 = FACE_BOUND('',#2976,.T.);
#2976 = EDGE_LOOP('',(#2977,#2985,#2992,#2993));
#2977 = ORIENTED_EDGE('',*,*,#2978,.F.);
#2978 = EDGE_CURVE('',#2979,#2314,#2981,.T.);
#2979 = VERTEX_POINT('',#2980);
#2980 = CARTESIAN_POINT('',(3.,0.,0.4));
#2981 = LINE('',#2982,#2983);
#2982 = CARTESIAN_POINT('',(3.,0.,0.));
#2983 = VECTOR('',#2984,1.);
#2984 = DIRECTION('',(0.,0.,1.));
#2985 = ORIENTED_EDGE('',*,*,#2986,.F.);
#2986 = EDGE_CURVE('',#2979,#2979,#2987,.T.);
#2987 = CIRCLE('',#2988,3.);
#2988 = AXIS2_PLACEMENT_3D('',#2989,#2990,#2991);
#2989 = CARTESIAN_POINT('',(0.,0.,0.4));
#2990 = DIRECTION('',(0.,0.,1.));
#2991 = DIRECTION('',(1.,0.,0.));
#2992 = ORIENTED_EDGE('',*,*,#2978,.T.);
#2993 = ORIENTED_EDGE('',*,*,#2323,.F.);
#2994 = CYLINDRICAL_SURFACE('',#2995,3.);
#2995 = AXIS2_PLACEMENT_3D('',#2996,#2997,#2998);
#2996 = CARTESIAN_POINT('',(0.,0.,0.));
#2997 = DIRECTION('',(-0.,-0.,-1.));
#2998 = DIRECTION('',(1.,0.,0.));
#2999 = ADVANCED_FACE('',(#3000),#3021,.F.);
#3000 = FACE_BOUND('',#3001,.T.);
#3001 = EDGE_LOOP('',(#3002,#3010,#3017,#3018,#3019,#3020));
#3002 = ORIENTED_EDGE('',*,*,#3003,.F.);
#3003 = EDGE_CURVE('',#3004,#2348,#3006,.T.);
#3004 = VERTEX_POINT('',#3005);
#3005 = CARTESIAN_POINT('',(6.895554957734,1.552914270615,0.4));
#3006 = LINE('',#3007,#3008);
#3007 = CARTESIAN_POINT('',(6.895554957734,1.552914270615,0.));
#3008 = VECTOR('',#3009,1.);
#3009 = DIRECTION('',(0.,0.,1.));
#3010 = ORIENTED_EDGE('',*,*,#3011,.F.);
#3011 = EDGE_CURVE('',#3004,#3004,#3012,.T.);
#3012 = CIRCLE('',#3013,1.1);
#3013 = AXIS2_PLACEMENT_3D('',#3014,#3015,#3016);
#3014 = CARTESIAN_POINT('',(5.795554957734,1.552914270615,0.4));
#3015 = DIRECTION('',(0.,0.,1.));
#3016 = DIRECTION('',(1.,0.,0.));
#3017 = ORIENTED_EDGE('',*,*,#3003,.T.);
#3018 = ORIENTED_EDGE('',*,*,#2355,.F.);
#3019 = ORIENTED_EDGE('',*,*,#2380,.F.);
#3020 = ORIENTED_EDGE('',*,*,#2398,.F.);
#3021 = CYLINDRICAL_SURFACE('',#3022,1.1);
#3022 = AXIS2_PLACEMENT_3D('',#3023,#3024,#3025);
#3023 = CARTESIAN_POINT('',(5.795554957734,1.552914270615,0.));
#3024 = DIRECTION('',(-0.,-0.,-1.));
#3025 = DIRECTION('',(1.,0.,0.));
#3026 = ADVANCED_FACE('',(#3027),#3046,.F.);
#3027 = FACE_BOUND('',#3028,.T.);
#3028 = EDGE_LOOP('',(#3029,#3037,#3044,#3045));
#3029 = ORIENTED_EDGE('',*,*,#3030,.F.);
#3030 = EDGE_CURVE('',#3031,#2414,#3033,.T.);
#3031 = VERTEX_POINT('',#3032);
#3032 = CARTESIAN_POINT('',(2.652914270615,-5.795554957734,0.4));
#3033 = LINE('',#3034,#3035);
#3034 = CARTESIAN_POINT('',(2.652914270615,-5.795554957734,0.));
#3035 = VECTOR('',#3036,1.);
#3036 = DIRECTION('',(0.,0.,1.));
#3037 = ORIENTED_EDGE('',*,*,#3038,.F.);
#3038 = EDGE_CURVE('',#3031,#3031,#3039,.T.);
#3039 = CIRCLE('',#3040,1.1);
#3040 = AXIS2_PLACEMENT_3D('',#3041,#3042,#3043);
#3041 = CARTESIAN_POINT('',(1.552914270615,-5.795554957734,0.4));
#3042 = DIRECTION('',(0.,0.,1.));
#3043 = DIRECTION('',(1.,0.,0.));
#3044 = ORIENTED_EDGE('',*,*,#3030,.T.);
#3045 = ORIENTED_EDGE('',*,*,#2423,.F.);
#3046 = CYLINDRICAL_SURFACE('',#3047,1.1);
#3047 = AXIS2_PLACEMENT_3D('',#3048,#3049,#3050);
#3048 = CARTESIAN_POINT('',(1.552914270615,-5.795554957734,0.));
#3049 = DIRECTION('',(-0.,-0.,-1.));
#3050 = DIRECTION('',(1.,0.,0.));
#3051 = ADVANCED_FACE('',(#3052),#3071,.F.);
#3052 = FACE_BOUND('',#3053,.F.);
#3053 = EDGE_LOOP('',(#3054,#3062,#3069,#3070));
#3054 = ORIENTED_EDGE('',*,*,#3055,.T.);
#3055 = EDGE_CURVE('',#2439,#3056,#3058,.T.);
#3056 = VERTEX_POINT('',#3057);
#3057 = CARTESIAN_POINT('',(17.379715829474,-8.4,8.2));
#3058 = LINE('',#3059,#3060);
#3059 = CARTESIAN_POINT('',(17.379715829474,-8.4,9.4));
#3060 = VECTOR('',#3061,1.);
#3061 = DIRECTION('',(-0.,-0.,-1.));
#3062 = ORIENTED_EDGE('',*,*,#3063,.T.);
#3063 = EDGE_CURVE('',#3056,#3056,#3064,.T.);
#3064 = CIRCLE('',#3065,2.6);
#3065 = AXIS2_PLACEMENT_3D('',#3066,#3067,#3068);
#3066 = CARTESIAN_POINT('',(14.779715829474,-8.4,8.2));
#3067 = DIRECTION('',(0.,0.,1.));
#3068 = DIRECTION('',(1.,0.,0.));
#3069 = ORIENTED_EDGE('',*,*,#3055,.F.);
#3070 = ORIENTED_EDGE('',*,*,#2448,.F.);
#3071 = CYLINDRICAL_SURFACE('',#3072,2.6);
#3072 = AXIS2_PLACEMENT_3D('',#3073,#3074,#3075);
#3073 = CARTESIAN_POINT('',(14.779715829474,-8.4,9.4));
#3074 = DIRECTION('',(0.,0.,1.));
#3075 = DIRECTION('',(1.,0.,0.));
#3076 = ADVANCED_FACE('',(#3077),#3088,.T.);
#3077 = FACE_BOUND('',#3078,.T.);
#3078 = EDGE_LOOP('',(#3079,#3080,#3081,#3087));
#3079 = ORIENTED_EDGE('',*,*,#2913,.F.);
#3080 = ORIENTED_EDGE('',*,*,#2808,.T.);
#3081 = ORIENTED_EDGE('',*,*,#3082,.T.);
#3082 = EDGE_CURVE('',#2809,#2466,#3083,.T.);
#3083 = LINE('',#3084,#3085);
#3084 = CARTESIAN_POINT('',(6.633249580711,-9.8,0.2));
#3085 = VECTOR('',#3086,1.);
#3086 = DIRECTION('',(0.,-0.707106781187,0.707106781187));
#3087 = ORIENTED_EDGE('',*,*,#2473,.F.);
#3088 = PLANE('',#3089);
#3089 = AXIS2_PLACEMENT_3D('',#3090,#3091,#3092);
#3090 = CARTESIAN_POINT('',(1.133014137978,-9.8,0.2));
#3091 = DIRECTION('',(-0.,-0.707106781187,-0.707106781187));
#3092 = DIRECTION('',(1.,0.,0.));
#3093 = ADVANCED_FACE('',(#3094),#3105,.F.);
#3094 = FACE_BOUND('',#3095,.T.);
#3095 = EDGE_LOOP('',(#3096,#3097,#3098,#3104));
#3096 = ORIENTED_EDGE('',*,*,#3082,.F.);
#3097 = ORIENTED_EDGE('',*,*,#2816,.T.);
#3098 = ORIENTED_EDGE('',*,*,#3099,.T.);
#3099 = EDGE_CURVE('',#2730,#2488,#3100,.T.);
#3100 = LINE('',#3101,#3102);
#3101 = CARTESIAN_POINT('',(13.112562271297,-11.59070509659,0.4));
#3102 = VECTOR('',#3103,1.);
#3103 = DIRECTION('',(-0.327459885074,-0.626713669603,0.707106781187));
#3104 = ORIENTED_EDGE('',*,*,#2497,.F.);
#3105 = CONICAL_SURFACE('',#3106,13.991228085559,0.785398163397);
#3106 = AXIS2_PLACEMENT_3D('',#3107,#3108,#3109);
#3107 = CARTESIAN_POINT('',(6.633249580711,-23.99122808555,0.4));
#3108 = DIRECTION('',(-0.,-0.,-1.));
#3109 = DIRECTION('',(-1.9E-16,1.,0.));
#3110 = ADVANCED_FACE('',(#3111),#3122,.T.);
#3111 = FACE_BOUND('',#3112,.T.);
#3112 = EDGE_LOOP('',(#3113,#3114,#3115,#3121));
#3113 = ORIENTED_EDGE('',*,*,#3099,.F.);
#3114 = ORIENTED_EDGE('',*,*,#2729,.T.);
#3115 = ORIENTED_EDGE('',*,*,#3116,.T.);
#3116 = EDGE_CURVE('',#2732,#2515,#3117,.T.);
#3117 = LINE('',#3118,#3119);
#3118 = CARTESIAN_POINT('',(14.779715829474,-4.8,0.4));
#3119 = VECTOR('',#3120,1.);
#3120 = DIRECTION('',(-4.4E-16,0.707106781187,0.707106781187));
#3121 = ORIENTED_EDGE('',*,*,#2522,.F.);
#3122 = CONICAL_SURFACE('',#3123,3.6,0.785398163397);
#3123 = AXIS2_PLACEMENT_3D('',#3124,#3125,#3126);
#3124 = CARTESIAN_POINT('',(14.779715829474,-8.4,0.4));
#3125 = DIRECTION('',(0.,0.,1.));
#3126 = DIRECTION('',(-0.463098210605,-0.886306971277,0.));
#3127 = ADVANCED_FACE('',(#3128),#3139,.F.);
#3128 = FACE_BOUND('',#3129,.T.);
#3129 = EDGE_LOOP('',(#3130,#3131,#3132,#3138));
#3130 = ORIENTED_EDGE('',*,*,#3116,.F.);
#3131 = ORIENTED_EDGE('',*,*,#2740,.T.);
#3132 = ORIENTED_EDGE('',*,*,#3133,.T.);
#3133 = EDGE_CURVE('',#2741,#2538,#3134,.T.);
#3134 = LINE('',#3135,#3136);
#3135 = CARTESIAN_POINT('',(11.902175885683,-1.529120396261,0.4));
#3136 = VECTOR('',#3137,1.);
#3137 = DIRECTION('',(0.70134243997,-9.010428345391E-02,0.707106781187)
  );
#3138 = ORIENTED_EDGE('',*,*,#2547,.F.);
#3139 = CONICAL_SURFACE('',#3140,2.90119047619,0.785398163397);
#3140 = AXIS2_PLACEMENT_3D('',#3141,#3142,#3143);
#3141 = CARTESIAN_POINT('',(14.779715829474,-1.89880952381,0.4));
#3142 = DIRECTION('',(-0.,-0.,-1.));
#3143 = DIRECTION('',(6.1E-16,-1.,0.));
#3144 = ADVANCED_FACE('',(#3145),#3156,.T.);
#3145 = FACE_BOUND('',#3146,.T.);
#3146 = EDGE_LOOP('',(#3147,#3148,#3149,#3155));
#3147 = ORIENTED_EDGE('',*,*,#3133,.F.);
#3148 = ORIENTED_EDGE('',*,*,#2749,.T.);
#3149 = ORIENTED_EDGE('',*,*,#3150,.T.);
#3150 = EDGE_CURVE('',#2750,#2565,#3151,.T.);
#3151 = LINE('',#3152,#3153);
#3152 = CARTESIAN_POINT('',(11.902175885683,1.529120396261,0.4));
#3153 = VECTOR('',#3154,1.);
#3154 = DIRECTION('',(0.70134243997,9.010428345391E-02,0.707106781187));
#3155 = ORIENTED_EDGE('',*,*,#2572,.F.);
#3156 = CONICAL_SURFACE('',#3157,12.,0.785398163397);
#3157 = AXIS2_PLACEMENT_3D('',#3158,#3159,#3160);
#3158 = CARTESIAN_POINT('',(9.1E-15,1.1E-15,0.4));
#3159 = DIRECTION('',(0.,0.,1.));
#3160 = DIRECTION('',(0.991847990474,-0.127426699688,0.));
#3161 = ADVANCED_FACE('',(#3162),#3173,.F.);
#3162 = FACE_BOUND('',#3163,.T.);
#3163 = EDGE_LOOP('',(#3164,#3165,#3166,#3172));
#3164 = ORIENTED_EDGE('',*,*,#3150,.F.);
#3165 = ORIENTED_EDGE('',*,*,#2758,.T.);
#3166 = ORIENTED_EDGE('',*,*,#3167,.T.);
#3167 = EDGE_CURVE('',#2759,#2588,#3168,.T.);
#3168 = LINE('',#3169,#3170);
#3169 = CARTESIAN_POINT('',(14.779715829474,4.8,0.4));
#3170 = VECTOR('',#3171,1.);
#3171 = DIRECTION('',(-1.8E-16,-0.707106781187,0.707106781187));
#3172 = ORIENTED_EDGE('',*,*,#2597,.F.);
#3173 = CONICAL_SURFACE('',#3174,2.90119047619,0.785398163397);
#3174 = AXIS2_PLACEMENT_3D('',#3175,#3176,#3177);
#3175 = CARTESIAN_POINT('',(14.779715829474,1.89880952381,0.4));
#3176 = DIRECTION('',(-0.,-0.,-1.));
#3177 = DIRECTION('',(-0.991847990474,-0.127426699688,0.));
#3178 = ADVANCED_FACE('',(#3179),#3190,.T.);
#3179 = FACE_BOUND('',#3180,.T.);
#3180 = EDGE_LOOP('',(#3181,#3182,#3183,#3189));
#3181 = ORIENTED_EDGE('',*,*,#3167,.F.);
#3182 = ORIENTED_EDGE('',*,*,#2767,.T.);
#3183 = ORIENTED_EDGE('',*,*,#3184,.T.);
#3184 = EDGE_CURVE('',#2768,#2615,#3185,.T.);
#3185 = LINE('',#3186,#3187);
#3186 = CARTESIAN_POINT('',(13.112562271297,11.590705096598,0.4));
#3187 = VECTOR('',#3188,1.);
#3188 = DIRECTION('',(-0.327459885074,0.626713669603,0.707106781187));
#3189 = ORIENTED_EDGE('',*,*,#2622,.F.);
#3190 = CONICAL_SURFACE('',#3191,3.6,0.785398163397);
#3191 = AXIS2_PLACEMENT_3D('',#3192,#3193,#3194);
#3192 = CARTESIAN_POINT('',(14.779715829474,8.4,0.4));
#3193 = DIRECTION('',(0.,0.,1.));
#3194 = DIRECTION('',(-9.9E-16,-1.,0.));
#3195 = ADVANCED_FACE('',(#3196),#3207,.F.);
#3196 = FACE_BOUND('',#3197,.T.);
#3197 = EDGE_LOOP('',(#3198,#3199,#3200,#3206));
#3198 = ORIENTED_EDGE('',*,*,#3184,.F.);
#3199 = ORIENTED_EDGE('',*,*,#2776,.T.);
#3200 = ORIENTED_EDGE('',*,*,#3201,.T.);
#3201 = EDGE_CURVE('',#2777,#2638,#3202,.T.);
#3202 = LINE('',#3203,#3204);
#3203 = CARTESIAN_POINT('',(6.633249580711,10.,0.4));
#3204 = VECTOR('',#3205,1.);
#3205 = DIRECTION('',(1.7E-16,0.707106781187,0.707106781187));
#3206 = ORIENTED_EDGE('',*,*,#2647,.F.);
#3207 = CONICAL_SURFACE('',#3208,13.991228085559,0.785398163397);
#3208 = AXIS2_PLACEMENT_3D('',#3209,#3210,#3211);
#3209 = CARTESIAN_POINT('',(6.633249580711,23.991228085559,0.4));
#3210 = DIRECTION('',(-0.,-0.,-1.));
#3211 = DIRECTION('',(0.463098210605,-0.886306971277,0.));
#3212 = ADVANCED_FACE('',(#3213),#3219,.F.);
#3213 = FACE_BOUND('',#3214,.T.);
#3214 = EDGE_LOOP('',(#3215,#3216,#3217,#3218));
#3215 = ORIENTED_EDGE('',*,*,#3201,.F.);
#3216 = ORIENTED_EDGE('',*,*,#2785,.T.);
#3217 = ORIENTED_EDGE('',*,*,#2704,.T.);
#3218 = ORIENTED_EDGE('',*,*,#2665,.F.);
#3219 = PLANE('',#3220);
#3220 = AXIS2_PLACEMENT_3D('',#3221,#3222,#3223);
#3221 = CARTESIAN_POINT('',(6.633249580711,9.8,0.2));
#3222 = DIRECTION('',(0.,-0.707106781187,0.707106781187));
#3223 = DIRECTION('',(1.,0.,0.));
#3224 = ADVANCED_FACE('',(#3225),#3244,.T.);
#3225 = FACE_BOUND('',#3226,.T.);
#3226 = EDGE_LOOP('',(#3227,#3235,#3236,#3237));
#3227 = ORIENTED_EDGE('',*,*,#3228,.F.);
#3228 = EDGE_CURVE('',#2680,#3229,#3231,.T.);
#3229 = VERTEX_POINT('',#3230);
#3230 = CARTESIAN_POINT('',(17.079715829474,8.4,10.4));
#3231 = LINE('',#3232,#3233);
#3232 = CARTESIAN_POINT('',(17.279715829474,8.4,10.2));
#3233 = VECTOR('',#3234,1.);
#3234 = DIRECTION('',(-0.707106781187,0.,0.707106781187));
#3235 = ORIENTED_EDGE('',*,*,#2687,.T.);
#3236 = ORIENTED_EDGE('',*,*,#3228,.T.);
#3237 = ORIENTED_EDGE('',*,*,#3238,.F.);
#3238 = EDGE_CURVE('',#3229,#3229,#3239,.T.);
#3239 = CIRCLE('',#3240,2.3);
#3240 = AXIS2_PLACEMENT_3D('',#3241,#3242,#3243);
#3241 = CARTESIAN_POINT('',(14.779715829474,8.4,10.4));
#3242 = DIRECTION('',(-0.,0.,1.));
#3243 = DIRECTION('',(1.,0.,0.));
#3244 = CONICAL_SURFACE('',#3245,2.5,0.785398163397);
#3245 = AXIS2_PLACEMENT_3D('',#3246,#3247,#3248);
#3246 = CARTESIAN_POINT('',(14.779715829474,8.4,10.2));
#3247 = DIRECTION('',(0.,-0.,-1.));
#3248 = DIRECTION('',(1.,0.,0.));
#3249 = ADVANCED_FACE('',(#3250),#3261,.F.);
#3250 = FACE_BOUND('',#3251,.F.);
#3251 = EDGE_LOOP('',(#3252,#3258,#3259,#3260));
#3252 = ORIENTED_EDGE('',*,*,#3253,.F.);
#3253 = EDGE_CURVE('',#2826,#2979,#3254,.T.);
#3254 = LINE('',#3255,#3256);
#3255 = CARTESIAN_POINT('',(3.,0.,0.4));
#3256 = VECTOR('',#3257,1.);
#3257 = DIRECTION('',(-0.707106781187,0.,0.707106781187));
#3258 = ORIENTED_EDGE('',*,*,#2825,.T.);
#3259 = ORIENTED_EDGE('',*,*,#3253,.T.);
#3260 = ORIENTED_EDGE('',*,*,#2986,.F.);
#3261 = CONICAL_SURFACE('',#3262,3.,0.785398163397);
#3262 = AXIS2_PLACEMENT_3D('',#3263,#3264,#3265);
#3263 = CARTESIAN_POINT('',(0.,0.,0.4));
#3264 = DIRECTION('',(-0.,-0.,-1.));
#3265 = DIRECTION('',(1.,0.,0.));
#3266 = ADVANCED_FACE('',(#3267),#3286,.F.);
#3267 = FACE_BOUND('',#3268,.F.);
#3268 = EDGE_LOOP('',(#3269,#3277,#3278,#3279));
#3269 = ORIENTED_EDGE('',*,*,#3270,.F.);
#3270 = EDGE_CURVE('',#2837,#3271,#3273,.T.);
#3271 = VERTEX_POINT('',#3272);
#3272 = CARTESIAN_POINT('',(16.379715829474,8.4,0.4));
#3273 = LINE('',#3274,#3275);
#3274 = CARTESIAN_POINT('',(16.379715829474,8.4,0.4));
#3275 = VECTOR('',#3276,1.);
#3276 = DIRECTION('',(-0.707106781187,0.,0.707106781187));
#3277 = ORIENTED_EDGE('',*,*,#2836,.T.);
#3278 = ORIENTED_EDGE('',*,*,#3270,.T.);
#3279 = ORIENTED_EDGE('',*,*,#3280,.F.);
#3280 = EDGE_CURVE('',#3271,#3271,#3281,.T.);
#3281 = CIRCLE('',#3282,1.6);
#3282 = AXIS2_PLACEMENT_3D('',#3283,#3284,#3285);
#3283 = CARTESIAN_POINT('',(14.779715829474,8.4,0.4));
#3284 = DIRECTION('',(0.,0.,1.));
#3285 = DIRECTION('',(1.,0.,0.));
#3286 = CONICAL_SURFACE('',#3287,1.6,0.785398163397);
#3287 = AXIS2_PLACEMENT_3D('',#3288,#3289,#3290);
#3288 = CARTESIAN_POINT('',(14.779715829474,8.4,0.4));
#3289 = DIRECTION('',(-0.,-0.,-1.));
#3290 = DIRECTION('',(1.,0.,0.));
#3291 = ADVANCED_FACE('',(#3292),#3311,.F.);
#3292 = FACE_BOUND('',#3293,.F.);
#3293 = EDGE_LOOP('',(#3294,#3302,#3303,#3304));
#3294 = ORIENTED_EDGE('',*,*,#3295,.F.);
#3295 = EDGE_CURVE('',#2848,#3296,#3298,.T.);
#3296 = VERTEX_POINT('',#3297);
#3297 = CARTESIAN_POINT('',(16.379715829474,-8.4,0.4));
#3298 = LINE('',#3299,#3300);
#3299 = CARTESIAN_POINT('',(16.379715829474,-8.4,0.4));
#3300 = VECTOR('',#3301,1.);
#3301 = DIRECTION('',(-0.707106781187,0.,0.707106781187));
#3302 = ORIENTED_EDGE('',*,*,#2847,.T.);
#3303 = ORIENTED_EDGE('',*,*,#3295,.T.);
#3304 = ORIENTED_EDGE('',*,*,#3305,.F.);
#3305 = EDGE_CURVE('',#3296,#3296,#3306,.T.);
#3306 = CIRCLE('',#3307,1.6);
#3307 = AXIS2_PLACEMENT_3D('',#3308,#3309,#3310);
#3308 = CARTESIAN_POINT('',(14.779715829474,-8.4,0.4));
#3309 = DIRECTION('',(0.,0.,1.));
#3310 = DIRECTION('',(1.,0.,0.));
#3311 = CONICAL_SURFACE('',#3312,1.6,0.785398163397);
#3312 = AXIS2_PLACEMENT_3D('',#3313,#3314,#3315);
#3313 = CARTESIAN_POINT('',(14.779715829474,-8.4,0.4));
#3314 = DIRECTION('',(-0.,-0.,-1.));
#3315 = DIRECTION('',(1.,0.,0.));
#3316 = ADVANCED_FACE('',(#3317),#3328,.F.);
#3317 = FACE_BOUND('',#3318,.F.);
#3318 = EDGE_LOOP('',(#3319,#3325,#3326,#3327));
#3319 = ORIENTED_EDGE('',*,*,#3320,.F.);
#3320 = EDGE_CURVE('',#2862,#2929,#3321,.T.);
#3321 = LINE('',#3322,#3323);
#3322 = CARTESIAN_POINT('',(-0.452914270615,5.795554957734,0.4));
#3323 = VECTOR('',#3324,1.);
#3324 = DIRECTION('',(-0.707106781187,0.,0.707106781187));
#3325 = ORIENTED_EDGE('',*,*,#2861,.T.);
#3326 = ORIENTED_EDGE('',*,*,#3320,.T.);
#3327 = ORIENTED_EDGE('',*,*,#2936,.F.);
#3328 = CONICAL_SURFACE('',#3329,1.1,0.785398163397);
#3329 = AXIS2_PLACEMENT_3D('',#3330,#3331,#3332);
#3330 = CARTESIAN_POINT('',(-1.552914270615,5.795554957734,0.4));
#3331 = DIRECTION('',(-0.,-0.,-1.));
#3332 = DIRECTION('',(1.,0.,0.));
#3333 = ADVANCED_FACE('',(#3334),#3345,.F.);
#3334 = FACE_BOUND('',#3335,.F.);
#3335 = EDGE_LOOP('',(#3336,#3342,#3343,#3344));
#3336 = ORIENTED_EDGE('',*,*,#3337,.F.);
#3337 = EDGE_CURVE('',#2873,#3004,#3338,.T.);
#3338 = LINE('',#3339,#3340);
#3339 = CARTESIAN_POINT('',(6.895554957734,1.552914270615,0.4));
#3340 = VECTOR('',#3341,1.);
#3341 = DIRECTION('',(-0.707106781187,0.,0.707106781187));
#3342 = ORIENTED_EDGE('',*,*,#2872,.T.);
#3343 = ORIENTED_EDGE('',*,*,#3337,.T.);
#3344 = ORIENTED_EDGE('',*,*,#3011,.F.);
#3345 = CONICAL_SURFACE('',#3346,1.1,0.785398163397);
#3346 = AXIS2_PLACEMENT_3D('',#3347,#3348,#3349);
#3347 = CARTESIAN_POINT('',(5.795554957734,1.552914270615,0.4));
#3348 = DIRECTION('',(-0.,-0.,-1.));
#3349 = DIRECTION('',(1.,0.,0.));
#3350 = ADVANCED_FACE('',(#3351),#3362,.F.);
#3351 = FACE_BOUND('',#3352,.F.);
#3352 = EDGE_LOOP('',(#3353,#3359,#3360,#3361));
#3353 = ORIENTED_EDGE('',*,*,#3354,.F.);
#3354 = EDGE_CURVE('',#2884,#3031,#3355,.T.);
#3355 = LINE('',#3356,#3357);
#3356 = CARTESIAN_POINT('',(2.652914270615,-5.795554957734,0.4));
#3357 = VECTOR('',#3358,1.);
#3358 = DIRECTION('',(-0.707106781187,0.,0.707106781187));
#3359 = ORIENTED_EDGE('',*,*,#2883,.T.);
#3360 = ORIENTED_EDGE('',*,*,#3354,.T.);
#3361 = ORIENTED_EDGE('',*,*,#3038,.F.);
#3362 = CONICAL_SURFACE('',#3363,1.1,0.785398163397);
#3363 = AXIS2_PLACEMENT_3D('',#3364,#3365,#3366);
#3364 = CARTESIAN_POINT('',(1.552914270615,-5.795554957734,0.4));
#3365 = DIRECTION('',(-0.,-0.,-1.));
#3366 = DIRECTION('',(1.,0.,0.));
#3367 = ADVANCED_FACE('',(#3368),#3379,.F.);
#3368 = FACE_BOUND('',#3369,.F.);
#3369 = EDGE_LOOP('',(#3370,#3376,#3377,#3378));
#3370 = ORIENTED_EDGE('',*,*,#3371,.F.);
#3371 = EDGE_CURVE('',#2895,#2954,#3372,.T.);
#3372 = LINE('',#3373,#3374);
#3373 = CARTESIAN_POINT('',(-4.695554957734,-1.552914270615,0.4));
#3374 = VECTOR('',#3375,1.);
#3375 = DIRECTION('',(-0.707106781187,0.,0.707106781187));
#3376 = ORIENTED_EDGE('',*,*,#2894,.T.);
#3377 = ORIENTED_EDGE('',*,*,#3371,.T.);
#3378 = ORIENTED_EDGE('',*,*,#2961,.F.);
#3379 = CONICAL_SURFACE('',#3380,1.1,0.785398163397);
#3380 = AXIS2_PLACEMENT_3D('',#3381,#3382,#3383);
#3381 = CARTESIAN_POINT('',(-5.795554957734,-1.552914270615,0.4));
#3382 = DIRECTION('',(-0.,-0.,-1.));
#3383 = DIRECTION('',(1.,0.,0.));
#3384 = ADVANCED_FACE('',(#3385,#3396),#3399,.T.);
#3385 = FACE_BOUND('',#3386,.T.);
#3386 = EDGE_LOOP('',(#3387));
#3387 = ORIENTED_EDGE('',*,*,#3388,.T.);
#3388 = EDGE_CURVE('',#3389,#3389,#3391,.T.);
#3389 = VERTEX_POINT('',#3390);
#3390 = CARTESIAN_POINT('',(16.579715829474,-8.4,8.2));
#3391 = CIRCLE('',#3392,1.8);
#3392 = AXIS2_PLACEMENT_3D('',#3393,#3394,#3395);
#3393 = CARTESIAN_POINT('',(14.779715829474,-8.4,8.2));
#3394 = DIRECTION('',(0.,0.,-1.));
#3395 = DIRECTION('',(1.,0.,0.));
#3396 = FACE_BOUND('',#3397,.T.);
#3397 = EDGE_LOOP('',(#3398));
#3398 = ORIENTED_EDGE('',*,*,#3063,.T.);
#3399 = PLANE('',#3400);
#3400 = AXIS2_PLACEMENT_3D('',#3401,#3402,#3403);
#3401 = CARTESIAN_POINT('',(14.779715829474,-8.4,8.2));
#3402 = DIRECTION('',(0.,0.,1.));
#3403 = DIRECTION('',(1.,0.,0.));
#3404 = ADVANCED_FACE('',(#3405,#3416),#3419,.T.);
#3405 = FACE_BOUND('',#3406,.T.);
#3406 = EDGE_LOOP('',(#3407));
#3407 = ORIENTED_EDGE('',*,*,#3408,.F.);
#3408 = EDGE_CURVE('',#3409,#3409,#3411,.T.);
#3409 = VERTEX_POINT('',#3410);
#3410 = CARTESIAN_POINT('',(16.579715829474,8.4,10.4));
#3411 = CIRCLE('',#3412,1.8);
#3412 = AXIS2_PLACEMENT_3D('',#3413,#3414,#3415);
#3413 = CARTESIAN_POINT('',(14.779715829474,8.4,10.4));
#3414 = DIRECTION('',(-0.,0.,1.));
#3415 = DIRECTION('',(1.,0.,0.));
#3416 = FACE_BOUND('',#3417,.T.);
#3417 = EDGE_LOOP('',(#3418));
#3418 = ORIENTED_EDGE('',*,*,#3238,.T.);
#3419 = PLANE('',#3420);
#3420 = AXIS2_PLACEMENT_3D('',#3421,#3422,#3423);
#3421 = CARTESIAN_POINT('',(14.779715829474,8.4,10.4));
#3422 = DIRECTION('',(0.,0.,1.));
#3423 = DIRECTION('',(1.,0.,0.));
#3424 = ADVANCED_FACE('',(#3425),#3443,.F.);
#3425 = FACE_BOUND('',#3426,.T.);
#3426 = EDGE_LOOP('',(#3427,#3434,#3441,#3442));
#3427 = ORIENTED_EDGE('',*,*,#3428,.F.);
#3428 = EDGE_CURVE('',#3429,#3271,#3431,.T.);
#3429 = VERTEX_POINT('',#3430);
#3430 = CARTESIAN_POINT('',(16.379715829474,8.4,10.2));
#3431 = B_SPLINE_CURVE_WITH_KNOTS('',1,(#3432,#3433),.UNSPECIFIED.,.F.,
  .F.,(2,2),(-10.4,0.),.PIECEWISE_BEZIER_KNOTS.);
#3432 = CARTESIAN_POINT('',(16.379715829474,8.4,10.4));
#3433 = CARTESIAN_POINT('',(16.379715829474,8.4,0.));
#3434 = ORIENTED_EDGE('',*,*,#3435,.T.);
#3435 = EDGE_CURVE('',#3429,#3429,#3436,.T.);
#3436 = CIRCLE('',#3437,1.6);
#3437 = AXIS2_PLACEMENT_3D('',#3438,#3439,#3440);
#3438 = CARTESIAN_POINT('',(14.779715829474,8.4,10.2));
#3439 = DIRECTION('',(-0.,0.,1.));
#3440 = DIRECTION('',(1.,0.,0.));
#3441 = ORIENTED_EDGE('',*,*,#3428,.T.);
#3442 = ORIENTED_EDGE('',*,*,#3280,.F.);
#3443 = CYLINDRICAL_SURFACE('',#3444,1.6);
#3444 = AXIS2_PLACEMENT_3D('',#3445,#3446,#3447);
#3445 = CARTESIAN_POINT('',(14.779715829474,8.4,0.));
#3446 = DIRECTION('',(-0.,-0.,-1.));
#3447 = DIRECTION('',(1.,0.,0.));
#3448 = ADVANCED_FACE('',(#3449),#3468,.F.);
#3449 = FACE_BOUND('',#3450,.T.);
#3450 = EDGE_LOOP('',(#3451,#3459,#3460,#3461));
#3451 = ORIENTED_EDGE('',*,*,#3452,.F.);
#3452 = EDGE_CURVE('',#3296,#3453,#3455,.T.);
#3453 = VERTEX_POINT('',#3454);
#3454 = CARTESIAN_POINT('',(16.379715829474,-8.4,8.));
#3455 = LINE('',#3456,#3457);
#3456 = CARTESIAN_POINT('',(16.379715829474,-8.4,0.));
#3457 = VECTOR('',#3458,1.);
#3458 = DIRECTION('',(0.,0.,1.));
#3459 = ORIENTED_EDGE('',*,*,#3305,.F.);
#3460 = ORIENTED_EDGE('',*,*,#3452,.T.);
#3461 = ORIENTED_EDGE('',*,*,#3462,.F.);
#3462 = EDGE_CURVE('',#3453,#3453,#3463,.T.);
#3463 = CIRCLE('',#3464,1.6);
#3464 = AXIS2_PLACEMENT_3D('',#3465,#3466,#3467);
#3465 = CARTESIAN_POINT('',(14.779715829474,-8.4,8.));
#3466 = DIRECTION('',(0.,0.,-1.));
#3467 = DIRECTION('',(1.,0.,0.));
#3468 = CYLINDRICAL_SURFACE('',#3469,1.6);
#3469 = AXIS2_PLACEMENT_3D('',#3470,#3471,#3472);
#3470 = CARTESIAN_POINT('',(14.779715829474,-8.4,0.));
#3471 = DIRECTION('',(-0.,-0.,-1.));
#3472 = DIRECTION('',(1.,0.,0.));
#3473 = ADVANCED_FACE('',(#3474),#3485,.F.);
#3474 = FACE_BOUND('',#3475,.F.);
#3475 = EDGE_LOOP('',(#3476,#3482,#3483,#3484));
#3476 = ORIENTED_EDGE('',*,*,#3477,.F.);
#3477 = EDGE_CURVE('',#3389,#3453,#3478,.T.);
#3478 = LINE('',#3479,#3480);
#3479 = CARTESIAN_POINT('',(16.379715829474,-8.4,8.));
#3480 = VECTOR('',#3481,1.);
#3481 = DIRECTION('',(-0.707106781187,0.,-0.707106781187));
#3482 = ORIENTED_EDGE('',*,*,#3388,.T.);
#3483 = ORIENTED_EDGE('',*,*,#3477,.T.);
#3484 = ORIENTED_EDGE('',*,*,#3462,.F.);
#3485 = CONICAL_SURFACE('',#3486,1.6,0.785398163397);
#3486 = AXIS2_PLACEMENT_3D('',#3487,#3488,#3489);
#3487 = CARTESIAN_POINT('',(14.779715829474,-8.4,8.));
#3488 = DIRECTION('',(0.,0.,1.));
#3489 = DIRECTION('',(1.,0.,0.));
#3490 = ADVANCED_FACE('',(#3491),#3502,.F.);
#3491 = FACE_BOUND('',#3492,.T.);
#3492 = EDGE_LOOP('',(#3493,#3499,#3500,#3501));
#3493 = ORIENTED_EDGE('',*,*,#3494,.F.);
#3494 = EDGE_CURVE('',#3409,#3429,#3495,.T.);
#3495 = LINE('',#3496,#3497);
#3496 = CARTESIAN_POINT('',(16.379715829474,8.4,10.2));
#3497 = VECTOR('',#3498,1.);
#3498 = DIRECTION('',(-0.707106781187,-0.,-0.707106781187));
#3499 = ORIENTED_EDGE('',*,*,#3408,.T.);
#3500 = ORIENTED_EDGE('',*,*,#3494,.T.);
#3501 = ORIENTED_EDGE('',*,*,#3435,.F.);
#3502 = CONICAL_SURFACE('',#3503,1.6,0.785398163397);
#3503 = AXIS2_PLACEMENT_3D('',#3504,#3505,#3506);
#3504 = CARTESIAN_POINT('',(14.779715829474,8.4,10.2));
#3505 = DIRECTION('',(-0.,0.,1.));
#3506 = DIRECTION('',(1.,0.,0.));
#3507 = ( GEOMETRIC_REPRESENTATION_CONTEXT(3) 
GLOBAL_UNCERTAINTY_ASSIGNED_CONTEXT((#3511)) 
GLOBAL_UNIT_ASSIGNED_CONTEXT((#3508,#3509,#3510)) REPRESENTATION_CONTEXT
('Context #1','3D Context with UNIT and UNCERTAINTY') );
#3508 = ( LENGTH_UNIT() NAMED_UNIT(*) SI_UNIT(.MILLI.,.METRE.) );
#3509 = ( NAMED_UNIT(*) PLANE_ANGLE_UNIT() SI_UNIT($,.RADIAN.) );
#3510 = ( NAMED_UNIT(*) SI_UNIT($,.STERADIAN.) SOLID_ANGLE_UNIT() );
#3511 = UNCERTAINTY_MEASURE_WITH_UNIT(LENGTH_MEASURE(5.E-07),#3508,
  'distance_accuracy_value','confusion accuracy');
#3512 = PRODUCT_RELATED_PRODUCT_CATEGORY('part',$,(#7));
ENDSEC;
END-ISO-10303-21;
