ISO-10303-21;
HEADER;
FILE_DESCRIPTION(('FreeCAD Model'),'2;1');
FILE_NAME('Open CASCADE Shape Model','2026-04-28T11:58:38',(''),(''),
  'Open CASCADE STEP processor 7.8','FreeCAD','Unknown');
FILE_SCHEMA(('AUTOMOTIVE_DESIGN { 1 0 10303 214 1 1 1 1 }'));
ENDSEC;
DATA;
#1 = APPLICATION_PROTOCOL_DEFINITION('international standard',
  'automotive_design',2000,#2);
#2 = APPLICATION_CONTEXT(
  'core data for automotive mechanical design processes');
#3 = SHAPE_DEFINITION_REPRESENTATION(#4,#10);
#4 = PRODUCT_DEFINITION_SHAPE('','',#5);
#5 = PRODUCT_DEFINITION('design','',#6,#9);
#6 = PRODUCT_DEFINITION_FORMATION('','',#7);
#7 = PRODUCT('B_mounting_plate','B_mounting_plate','',(#8));
#8 = PRODUCT_CONTEXT('',#2,'mechanical');
#9 = PRODUCT_DEFINITION_CONTEXT('part definition',#2,'design');
#10 = ADVANCED_BREP_SHAPE_REPRESENTATION('',(#11,#15),#5234);
#11 = AXIS2_PLACEMENT_3D('',#12,#13,#14);
#12 = CARTESIAN_POINT('',(0.,0.,0.));
#13 = DIRECTION('',(0.,0.,1.));
#14 = DIRECTION('',(1.,0.,-0.));
#15 = MANIFOLD_SOLID_BREP('',#16);
#16 = CLOSED_SHELL('',(#17,#59,#90,#122,#154,#187,#211,#235,#268,#832,
    #849,#1413,#1430,#1463,#1480,#1497,#1530,#1547,#1564,#1589,#1614,
    #1639,#1664,#1688,#1713,#1738,#1762,#1787,#1812,#1836,#1854,#1885,
    #1910,#1935,#1959,#1983,#2008,#2033,#2057,#2081,#2106,#2131,#2155,
    #2179,#2204,#2229,#2253,#2277,#2302,#2327,#2351,#2375,#2400,#2425,
    #2442,#2467,#2492,#2517,#2542,#2567,#2592,#2617,#2642,#2667,#2692,
    #2717,#2742,#2767,#2792,#2817,#2842,#2867,#2892,#2917,#2934,#2951,
    #2976,#3001,#3026,#3051,#3075,#3100,#3125,#3149,#3174,#3199,#3223,
    #3241,#3272,#3297,#3322,#3346,#3370,#3395,#3420,#3444,#3468,#3493,
    #3518,#3542,#3566,#3591,#3616,#3640,#3664,#3689,#3714,#3738,#3762,
    #3787,#3812,#3829,#3854,#3879,#3904,#3929,#3954,#3979,#4004,#4029,
    #4054,#4079,#4104,#4129,#4154,#4179,#4204,#4229,#4254,#4279,#4304,
    #4321,#4338,#4355,#4372,#4389,#4406,#4423,#4440,#4457,#4474,#4491,
    #4503,#4525,#4542,#4559,#4576,#4593,#4610,#4627,#4644,#4661,#4678,
    #4695,#4712,#4729,#4746,#4763,#4780,#4797,#4814,#4831,#4848,#4865,
    #4882,#4899,#4911,#4928,#4945,#4962,#4979,#4996,#5013,#5030,#5047,
    #5064,#5081,#5098,#5115,#5132,#5149,#5166,#5183,#5200,#5217));
#17 = ADVANCED_FACE('',(#18),#54,.T.);
#18 = FACE_BOUND('',#19,.F.);
#19 = EDGE_LOOP('',(#20,#30,#39,#47));
#20 = ORIENTED_EDGE('',*,*,#21,.T.);
#21 = EDGE_CURVE('',#22,#24,#26,.T.);
#22 = VERTEX_POINT('',#23);
#23 = CARTESIAN_POINT('',(-71.446,-2.,0.4));
#24 = VERTEX_POINT('',#25);
#25 = CARTESIAN_POINT('',(-71.446,-2.,3.8));
#26 = LINE('',#27,#28);
#27 = CARTESIAN_POINT('',(-71.446,-2.,0.));
#28 = VECTOR('',#29,1.);
#29 = DIRECTION('',(0.,0.,1.));
#30 = ORIENTED_EDGE('',*,*,#31,.T.);
#31 = EDGE_CURVE('',#24,#32,#34,.T.);
#32 = VERTEX_POINT('',#33);
#33 = CARTESIAN_POINT('',(-68.446,-5.,3.8));
#34 = CIRCLE('',#35,3.);
#35 = AXIS2_PLACEMENT_3D('',#36,#37,#38);
#36 = CARTESIAN_POINT('',(-68.446,-2.,3.8));
#37 = DIRECTION('',(0.,0.,1.));
#38 = DIRECTION('',(-1.,3.E-16,0.));
#39 = ORIENTED_EDGE('',*,*,#40,.F.);
#40 = EDGE_CURVE('',#41,#32,#43,.T.);
#41 = VERTEX_POINT('',#42);
#42 = CARTESIAN_POINT('',(-68.446,-5.,0.4));
#43 = LINE('',#44,#45);
#44 = CARTESIAN_POINT('',(-68.446,-5.,0.));
#45 = VECTOR('',#46,1.);
#46 = DIRECTION('',(0.,0.,1.));
#47 = ORIENTED_EDGE('',*,*,#48,.F.);
#48 = EDGE_CURVE('',#22,#41,#49,.T.);
#49 = CIRCLE('',#50,3.);
#50 = AXIS2_PLACEMENT_3D('',#51,#52,#53);
#51 = CARTESIAN_POINT('',(-68.446,-2.,0.4));
#52 = DIRECTION('',(0.,0.,1.));
#53 = DIRECTION('',(-1.,3.E-16,0.));
#54 = CYLINDRICAL_SURFACE('',#55,3.);
#55 = AXIS2_PLACEMENT_3D('',#56,#57,#58);
#56 = CARTESIAN_POINT('',(-68.446,-2.,0.));
#57 = DIRECTION('',(0.,0.,-1.));
#58 = DIRECTION('',(2.2E-16,1.,0.));
#59 = ADVANCED_FACE('',(#60),#85,.T.);
#60 = FACE_BOUND('',#61,.T.);
#61 = EDGE_LOOP('',(#62,#63,#71,#79));
#62 = ORIENTED_EDGE('',*,*,#21,.T.);
#63 = ORIENTED_EDGE('',*,*,#64,.F.);
#64 = EDGE_CURVE('',#65,#24,#67,.T.);
#65 = VERTEX_POINT('',#66);
#66 = CARTESIAN_POINT('',(-71.446,2.,3.8));
#67 = LINE('',#68,#69);
#68 = CARTESIAN_POINT('',(-71.446,2.,3.8));
#69 = VECTOR('',#70,1.);
#70 = DIRECTION('',(-2.2E-16,-1.,-0.));
#71 = ORIENTED_EDGE('',*,*,#72,.F.);
#72 = EDGE_CURVE('',#73,#65,#75,.T.);
#73 = VERTEX_POINT('',#74);
#74 = CARTESIAN_POINT('',(-71.446,2.,0.4));
#75 = LINE('',#76,#77);
#76 = CARTESIAN_POINT('',(-71.446,2.,0.));
#77 = VECTOR('',#78,1.);
#78 = DIRECTION('',(0.,0.,1.));
#79 = ORIENTED_EDGE('',*,*,#80,.T.);
#80 = EDGE_CURVE('',#73,#22,#81,.T.);
#81 = LINE('',#82,#83);
#82 = CARTESIAN_POINT('',(-71.446,2.,0.4));
#83 = VECTOR('',#84,1.);
#84 = DIRECTION('',(-2.2E-16,-1.,-0.));
#85 = PLANE('',#86);
#86 = AXIS2_PLACEMENT_3D('',#87,#88,#89);
#87 = CARTESIAN_POINT('',(-71.446,-2.,0.));
#88 = DIRECTION('',(-1.,2.2E-16,0.));
#89 = DIRECTION('',(2.2E-16,1.,0.));
#90 = ADVANCED_FACE('',(#91),#117,.T.);
#91 = FACE_BOUND('',#92,.F.);
#92 = EDGE_LOOP('',(#93,#101,#102,#110));
#93 = ORIENTED_EDGE('',*,*,#94,.F.);
#94 = EDGE_CURVE('',#22,#95,#97,.T.);
#95 = VERTEX_POINT('',#96);
#96 = CARTESIAN_POINT('',(-71.046,-2.,3.E-15));
#97 = LINE('',#98,#99);
#98 = CARTESIAN_POINT('',(-71.446,-2.,0.4));
#99 = VECTOR('',#100,1.);
#100 = DIRECTION('',(0.707106781187,-2.1E-16,-0.707106781187));
#101 = ORIENTED_EDGE('',*,*,#48,.T.);
#102 = ORIENTED_EDGE('',*,*,#103,.T.);
#103 = EDGE_CURVE('',#41,#104,#106,.T.);
#104 = VERTEX_POINT('',#105);
#105 = CARTESIAN_POINT('',(-68.446,-4.6,3.E-15));
#106 = LINE('',#107,#108);
#107 = CARTESIAN_POINT('',(-68.446,-5.,0.4));
#108 = VECTOR('',#109,1.);
#109 = DIRECTION('',(-6.E-17,0.707106781187,-0.707106781187));
#110 = ORIENTED_EDGE('',*,*,#111,.F.);
#111 = EDGE_CURVE('',#95,#104,#112,.T.);
#112 = CIRCLE('',#113,2.6);
#113 = AXIS2_PLACEMENT_3D('',#114,#115,#116);
#114 = CARTESIAN_POINT('',(-68.446,-2.,0.));
#115 = DIRECTION('',(0.,0.,1.));
#116 = DIRECTION('',(-1.,3.E-16,0.));
#117 = CONICAL_SURFACE('',#118,3.,0.785398163397);
#118 = AXIS2_PLACEMENT_3D('',#119,#120,#121);
#119 = CARTESIAN_POINT('',(-68.446,-2.,0.4));
#120 = DIRECTION('',(0.,0.,1.));
#121 = DIRECTION('',(-1.,3.E-16,0.));
#122 = ADVANCED_FACE('',(#123),#149,.T.);
#123 = FACE_BOUND('',#124,.T.);
#124 = EDGE_LOOP('',(#125,#133,#134,#142));
#125 = ORIENTED_EDGE('',*,*,#126,.F.);
#126 = EDGE_CURVE('',#24,#127,#129,.T.);
#127 = VERTEX_POINT('',#128);
#128 = CARTESIAN_POINT('',(-71.246,-2.,4.));
#129 = LINE('',#130,#131);
#130 = CARTESIAN_POINT('',(-71.446,-2.,3.8));
#131 = VECTOR('',#132,1.);
#132 = DIRECTION('',(0.707106781187,-2.1E-16,0.707106781187));
#133 = ORIENTED_EDGE('',*,*,#31,.T.);
#134 = ORIENTED_EDGE('',*,*,#135,.T.);
#135 = EDGE_CURVE('',#32,#136,#138,.T.);
#136 = VERTEX_POINT('',#137);
#137 = CARTESIAN_POINT('',(-68.446,-4.8,4.));
#138 = LINE('',#139,#140);
#139 = CARTESIAN_POINT('',(-68.446,-5.,3.8));
#140 = VECTOR('',#141,1.);
#141 = DIRECTION('',(-6.E-17,0.707106781187,0.707106781187));
#142 = ORIENTED_EDGE('',*,*,#143,.F.);
#143 = EDGE_CURVE('',#127,#136,#144,.T.);
#144 = CIRCLE('',#145,2.8);
#145 = AXIS2_PLACEMENT_3D('',#146,#147,#148);
#146 = CARTESIAN_POINT('',(-68.446,-2.,4.));
#147 = DIRECTION('',(0.,0.,1.));
#148 = DIRECTION('',(-1.,3.E-16,0.));
#149 = CONICAL_SURFACE('',#150,3.,0.785398163397);
#150 = AXIS2_PLACEMENT_3D('',#151,#152,#153);
#151 = CARTESIAN_POINT('',(-68.446,-2.,3.8));
#152 = DIRECTION('',(-0.,-0.,-1.));
#153 = DIRECTION('',(-1.,3.E-16,0.));
#154 = ADVANCED_FACE('',(#155),#182,.F.);
#155 = FACE_BOUND('',#156,.T.);
#156 = EDGE_LOOP('',(#157,#167,#174,#175));
#157 = ORIENTED_EDGE('',*,*,#158,.T.);
#158 = EDGE_CURVE('',#159,#161,#163,.T.);
#159 = VERTEX_POINT('',#160);
#160 = CARTESIAN_POINT('',(-29.06010732098,-23.70148017514,0.4));
#161 = VERTEX_POINT('',#162);
#162 = CARTESIAN_POINT('',(-29.06010732098,-23.70148017514,3.8));
#163 = LINE('',#164,#165);
#164 = CARTESIAN_POINT('',(-29.06010732098,-23.70148017514,0.));
#165 = VECTOR('',#166,1.);
#166 = DIRECTION('',(0.,0.,1.));
#167 = ORIENTED_EDGE('',*,*,#168,.F.);
#168 = EDGE_CURVE('',#32,#161,#169,.T.);
#169 = CIRCLE('',#170,50.824691015385);
#170 = AXIS2_PLACEMENT_3D('',#171,#172,#173);
#171 = CARTESIAN_POINT('',(-68.446,-55.82469101538,3.8));
#172 = DIRECTION('',(0.,0.,-1.));
#173 = DIRECTION('',(5.6E-16,1.,0.));
#174 = ORIENTED_EDGE('',*,*,#40,.F.);
#175 = ORIENTED_EDGE('',*,*,#176,.T.);
#176 = EDGE_CURVE('',#41,#159,#177,.T.);
#177 = CIRCLE('',#178,50.824691015385);
#178 = AXIS2_PLACEMENT_3D('',#179,#180,#181);
#179 = CARTESIAN_POINT('',(-68.446,-55.82469101538,0.4));
#180 = DIRECTION('',(0.,0.,-1.));
#181 = DIRECTION('',(5.6E-16,1.,0.));
#182 = CYLINDRICAL_SURFACE('',#183,50.824691015385);
#183 = AXIS2_PLACEMENT_3D('',#184,#185,#186);
#184 = CARTESIAN_POINT('',(-68.446,-55.82469101538,0.));
#185 = DIRECTION('',(0.,0.,-1.));
#186 = DIRECTION('',(2.2E-16,1.,0.));
#187 = ADVANCED_FACE('',(#188),#206,.F.);
#188 = FACE_BOUND('',#189,.F.);
#189 = EDGE_LOOP('',(#190,#198,#199,#200));
#190 = ORIENTED_EDGE('',*,*,#191,.F.);
#191 = EDGE_CURVE('',#73,#192,#194,.T.);
#192 = VERTEX_POINT('',#193);
#193 = CARTESIAN_POINT('',(-71.046,2.,3.E-15));
#194 = LINE('',#195,#196);
#195 = CARTESIAN_POINT('',(-71.446,2.,0.4));
#196 = VECTOR('',#197,1.);
#197 = DIRECTION('',(0.707106781187,1.E-17,-0.707106781187));
#198 = ORIENTED_EDGE('',*,*,#80,.T.);
#199 = ORIENTED_EDGE('',*,*,#94,.T.);
#200 = ORIENTED_EDGE('',*,*,#201,.F.);
#201 = EDGE_CURVE('',#192,#95,#202,.T.);
#202 = LINE('',#203,#204);
#203 = CARTESIAN_POINT('',(-71.046,2.,0.));
#204 = VECTOR('',#205,1.);
#205 = DIRECTION('',(-2.2E-16,-1.,-0.));
#206 = PLANE('',#207);
#207 = AXIS2_PLACEMENT_3D('',#208,#209,#210);
#208 = CARTESIAN_POINT('',(-71.246,2.,0.2));
#209 = DIRECTION('',(0.707106781187,-0.,0.707106781187));
#210 = DIRECTION('',(-1.1E-16,-1.,1.1E-16));
#211 = ADVANCED_FACE('',(#212),#230,.T.);
#212 = FACE_BOUND('',#213,.T.);
#213 = EDGE_LOOP('',(#214,#222,#223,#224));
#214 = ORIENTED_EDGE('',*,*,#215,.F.);
#215 = EDGE_CURVE('',#65,#216,#218,.T.);
#216 = VERTEX_POINT('',#217);
#217 = CARTESIAN_POINT('',(-71.246,2.,4.));
#218 = LINE('',#219,#220);
#219 = CARTESIAN_POINT('',(-71.446,2.,3.8));
#220 = VECTOR('',#221,1.);
#221 = DIRECTION('',(0.707106781187,1.E-17,0.707106781187));
#222 = ORIENTED_EDGE('',*,*,#64,.T.);
#223 = ORIENTED_EDGE('',*,*,#126,.T.);
#224 = ORIENTED_EDGE('',*,*,#225,.F.);
#225 = EDGE_CURVE('',#216,#127,#226,.T.);
#226 = LINE('',#227,#228);
#227 = CARTESIAN_POINT('',(-71.246,2.,4.));
#228 = VECTOR('',#229,1.);
#229 = DIRECTION('',(-2.2E-16,-1.,-0.));
#230 = PLANE('',#231);
#231 = AXIS2_PLACEMENT_3D('',#232,#233,#234);
#232 = CARTESIAN_POINT('',(-71.346,2.,3.9));
#233 = DIRECTION('',(-0.707106781187,0.,0.707106781187));
#234 = DIRECTION('',(-1.1E-16,-1.,-1.1E-16));
#235 = ADVANCED_FACE('',(#236),#263,.T.);
#236 = FACE_BOUND('',#237,.F.);
#237 = EDGE_LOOP('',(#238,#248,#255,#256));
#238 = ORIENTED_EDGE('',*,*,#239,.T.);
#239 = EDGE_CURVE('',#240,#242,#244,.T.);
#240 = VERTEX_POINT('',#241);
#241 = CARTESIAN_POINT('',(-68.446,5.,0.4));
#242 = VERTEX_POINT('',#243);
#243 = CARTESIAN_POINT('',(-68.446,5.,3.8));
#244 = LINE('',#245,#246);
#245 = CARTESIAN_POINT('',(-68.446,5.,0.));
#246 = VECTOR('',#247,1.);
#247 = DIRECTION('',(0.,0.,1.));
#248 = ORIENTED_EDGE('',*,*,#249,.T.);
#249 = EDGE_CURVE('',#242,#65,#250,.T.);
#250 = CIRCLE('',#251,3.);
#251 = AXIS2_PLACEMENT_3D('',#252,#253,#254);
#252 = CARTESIAN_POINT('',(-68.446,2.,3.8));
#253 = DIRECTION('',(0.,0.,1.));
#254 = DIRECTION('',(-4.74E-15,1.,0.));
#255 = ORIENTED_EDGE('',*,*,#72,.F.);
#256 = ORIENTED_EDGE('',*,*,#257,.F.);
#257 = EDGE_CURVE('',#240,#73,#258,.T.);
#258 = CIRCLE('',#259,3.);
#259 = AXIS2_PLACEMENT_3D('',#260,#261,#262);
#260 = CARTESIAN_POINT('',(-68.446,2.,0.4));
#261 = DIRECTION('',(0.,0.,1.));
#262 = DIRECTION('',(-4.74E-15,1.,0.));
#263 = CYLINDRICAL_SURFACE('',#264,3.);
#264 = AXIS2_PLACEMENT_3D('',#265,#266,#267);
#265 = CARTESIAN_POINT('',(-68.446,2.,0.));
#266 = DIRECTION('',(0.,0.,-1.));
#267 = DIRECTION('',(2.2E-16,1.,0.));
#268 = ADVANCED_FACE('',(#269,#412,#618,#629,#640,#651,#662,#673,#684,
    #695,#706,#717,#728,#739,#750,#761,#772,#783,#794,#805,#816),#827,
  .F.);
#269 = FACE_BOUND('',#270,.F.);
#270 = EDGE_LOOP('',(#271,#272,#281,#290,#299,#308,#316,#325,#334,#342,
    #351,#360,#368,#377,#386,#395,#404,#411));
#271 = ORIENTED_EDGE('',*,*,#111,.T.);
#272 = ORIENTED_EDGE('',*,*,#273,.T.);
#273 = EDGE_CURVE('',#104,#274,#276,.T.);
#274 = VERTEX_POINT('',#275);
#275 = CARTESIAN_POINT('',(-28.75013284289,-23.44866438661,3.E-15));
#276 = CIRCLE('',#277,51.224691015385);
#277 = AXIS2_PLACEMENT_3D('',#278,#279,#280);
#278 = CARTESIAN_POINT('',(-68.446,-55.82469101538,0.));
#279 = DIRECTION('',(0.,0.,-1.));
#280 = DIRECTION('',(5.6E-16,1.,0.));
#281 = ORIENTED_EDGE('',*,*,#282,.T.);
#282 = EDGE_CURVE('',#274,#283,#285,.T.);
#283 = VERTEX_POINT('',#284);
#284 = CARTESIAN_POINT('',(-1.18880603366E-02,-37.09999809533,0.));
#285 = CIRCLE('',#286,37.1);
#286 = AXIS2_PLACEMENT_3D('',#287,#288,#289);
#287 = CARTESIAN_POINT('',(0.,0.,0.));
#288 = DIRECTION('',(0.,0.,1.));
#289 = DIRECTION('',(-0.774936195226,-0.632039471337,0.));
#290 = ORIENTED_EDGE('',*,*,#291,.T.);
#291 = EDGE_CURVE('',#283,#292,#294,.T.);
#292 = VERTEX_POINT('',#293);
#293 = CARTESIAN_POINT('',(34.199938372875,-59.11353420749,0.));
#294 = CIRCLE('',#295,37.610257812366);
#295 = AXIS2_PLACEMENT_3D('',#296,#297,#298);
#296 = CARTESIAN_POINT('',(-2.39396240603E-02,-74.71025397684,0.));
#297 = DIRECTION('',(0.,0.,-1.));
#298 = DIRECTION('',(3.204328931702E-04,0.999999948661,0.));
#299 = ORIENTED_EDGE('',*,*,#300,.T.);
#300 = EDGE_CURVE('',#292,#301,#303,.T.);
#301 = VERTEX_POINT('',#302);
#302 = CARTESIAN_POINT('',(37.64404010806,-60.40123108087,-1.E-15));
#303 = CIRCLE('',#304,2.6);
#304 = AXIS2_PLACEMENT_3D('',#305,#306,#307);
#305 = CARTESIAN_POINT('',(36.565837677154,-58.03533177659,0.));
#306 = DIRECTION('',(0.,0.,1.));
#307 = DIRECTION('',(-0.909961270877,-0.414693242656,0.));
#308 = ORIENTED_EDGE('',*,*,#309,.T.);
#309 = EDGE_CURVE('',#301,#310,#312,.T.);
#310 = VERTEX_POINT('',#311);
#311 = CARTESIAN_POINT('',(41.283885191566,-58.74245811024,1.E-15));
#312 = LINE('',#313,#314);
#313 = CARTESIAN_POINT('',(37.64404010806,-60.40123108087,0.));
#314 = VECTOR('',#315,1.);
#315 = DIRECTION('',(0.909961270877,0.414693242656,0.));
#316 = ORIENTED_EDGE('',*,*,#317,.T.);
#317 = EDGE_CURVE('',#310,#318,#320,.T.);
#318 = VERTEX_POINT('',#319);
#319 = CARTESIAN_POINT('',(42.571582064939,-55.29835637506,-1.E-15));
#320 = CIRCLE('',#321,2.6);
#321 = AXIS2_PLACEMENT_3D('',#322,#323,#324);
#322 = CARTESIAN_POINT('',(40.20568276066,-56.37655880596,0.));
#323 = DIRECTION('',(-0.,0.,1.));
#324 = DIRECTION('',(0.414693242656,-0.909961270877,0.));
#325 = ORIENTED_EDGE('',*,*,#326,.T.);
#326 = EDGE_CURVE('',#318,#327,#329,.T.);
#327 = VERTEX_POINT('',#328);
#328 = CARTESIAN_POINT('',(37.1,-30.0977773458,3.E-15));
#329 = CIRCLE('',#330,60.769205854034);
#330 = AXIS2_PLACEMENT_3D('',#331,#332,#333);
#331 = CARTESIAN_POINT('',(97.869205854034,-30.0977773458,0.));
#332 = DIRECTION('',(-0.,0.,-1.));
#333 = DIRECTION('',(-0.909961270877,-0.414693242656,0.));
#334 = ORIENTED_EDGE('',*,*,#335,.T.);
#335 = EDGE_CURVE('',#327,#336,#338,.T.);
#336 = VERTEX_POINT('',#337);
#337 = CARTESIAN_POINT('',(37.1,30.097777345807,7.E-15));
#338 = LINE('',#339,#340);
#339 = CARTESIAN_POINT('',(37.1,-30.0977773458,0.));
#340 = VECTOR('',#341,1.);
#341 = DIRECTION('',(2.2E-16,1.,0.));
#342 = ORIENTED_EDGE('',*,*,#343,.T.);
#343 = EDGE_CURVE('',#336,#344,#346,.T.);
#344 = VERTEX_POINT('',#345);
#345 = CARTESIAN_POINT('',(42.571582064939,55.298356375059,3.E-15));
#346 = CIRCLE('',#347,60.769205854032);
#347 = AXIS2_PLACEMENT_3D('',#348,#349,#350);
#348 = CARTESIAN_POINT('',(97.869205854032,30.097777345807,0.));
#349 = DIRECTION('',(0.,0.,-1.));
#350 = DIRECTION('',(-1.,6.E-17,0.));
#351 = ORIENTED_EDGE('',*,*,#352,.T.);
#352 = EDGE_CURVE('',#344,#353,#355,.T.);
#353 = VERTEX_POINT('',#354);
#354 = CARTESIAN_POINT('',(41.283885191566,58.742458110245,-1.E-15));
#355 = CIRCLE('',#356,2.6);
#356 = AXIS2_PLACEMENT_3D('',#357,#358,#359);
#357 = CARTESIAN_POINT('',(40.20568276066,56.376558805966,0.));
#358 = DIRECTION('',(-0.,0.,1.));
#359 = DIRECTION('',(0.909961270877,-0.414693242656,0.));
#360 = ORIENTED_EDGE('',*,*,#361,.T.);
#361 = EDGE_CURVE('',#353,#362,#364,.T.);
#362 = VERTEX_POINT('',#363);
#363 = CARTESIAN_POINT('',(37.64404010806,60.40123108087,2.E-15));
#364 = LINE('',#365,#366);
#365 = CARTESIAN_POINT('',(41.283885191566,58.742458110245,0.));
#366 = VECTOR('',#367,1.);
#367 = DIRECTION('',(-0.909961270877,0.414693242656,0.));
#368 = ORIENTED_EDGE('',*,*,#369,.T.);
#369 = EDGE_CURVE('',#362,#370,#372,.T.);
#370 = VERTEX_POINT('',#371);
#371 = CARTESIAN_POINT('',(34.199938372875,59.113534207497,-1.E-15));
#372 = CIRCLE('',#373,2.6);
#373 = AXIS2_PLACEMENT_3D('',#374,#375,#376);
#374 = CARTESIAN_POINT('',(36.565837677154,58.035331776591,0.));
#375 = DIRECTION('',(0.,-0.,1.));
#376 = DIRECTION('',(0.414693242656,0.909961270877,0.));
#377 = ORIENTED_EDGE('',*,*,#378,.T.);
#378 = EDGE_CURVE('',#370,#379,#381,.T.);
#379 = VERTEX_POINT('',#380);
#380 = CARTESIAN_POINT('',(-1.188806033631E-02,37.099998095337,0.));
#381 = CIRCLE('',#382,37.610257812365);
#382 = AXIS2_PLACEMENT_3D('',#383,#384,#385);
#383 = CARTESIAN_POINT('',(-2.393962405969E-02,74.710253976843,0.));
#384 = DIRECTION('',(0.,-0.,-1.));
#385 = DIRECTION('',(0.909961270877,-0.414693242656,0.));
#386 = ORIENTED_EDGE('',*,*,#387,.T.);
#387 = EDGE_CURVE('',#379,#388,#390,.T.);
#388 = VERTEX_POINT('',#389);
#389 = CARTESIAN_POINT('',(-28.75013284289,23.44866438661,0.));
#390 = CIRCLE('',#391,37.1);
#391 = AXIS2_PLACEMENT_3D('',#392,#393,#394);
#392 = CARTESIAN_POINT('',(0.,0.,0.));
#393 = DIRECTION('',(0.,0.,1.));
#394 = DIRECTION('',(-3.204328931618E-04,0.999999948661,0.));
#395 = ORIENTED_EDGE('',*,*,#396,.T.);
#396 = EDGE_CURVE('',#388,#397,#399,.T.);
#397 = VERTEX_POINT('',#398);
#398 = CARTESIAN_POINT('',(-68.446,4.6,3.E-15));
#399 = CIRCLE('',#400,51.224691015385);
#400 = AXIS2_PLACEMENT_3D('',#401,#402,#403);
#401 = CARTESIAN_POINT('',(-68.446,55.824691015385,0.));
#402 = DIRECTION('',(0.,-0.,-1.));
#403 = DIRECTION('',(0.774936195226,-0.632039471337,0.));
#404 = ORIENTED_EDGE('',*,*,#405,.T.);
#405 = EDGE_CURVE('',#397,#192,#406,.T.);
#406 = CIRCLE('',#407,2.6);
#407 = AXIS2_PLACEMENT_3D('',#408,#409,#410);
#408 = CARTESIAN_POINT('',(-68.446,2.,0.));
#409 = DIRECTION('',(0.,0.,1.));
#410 = DIRECTION('',(-4.74E-15,1.,0.));
#411 = ORIENTED_EDGE('',*,*,#201,.T.);
#412 = FACE_BOUND('',#413,.F.);
#413 = EDGE_LOOP('',(#414,#424,#433,#441,#450,#458,#467,#475,#484,#492,
    #501,#509,#518,#526,#535,#543,#552,#560,#569,#577,#586,#594,#603,
    #611));
#414 = ORIENTED_EDGE('',*,*,#415,.F.);
#415 = EDGE_CURVE('',#416,#418,#420,.T.);
#416 = VERTEX_POINT('',#417);
#417 = CARTESIAN_POINT('',(-7.55,-17.,-0.));
#418 = VERTEX_POINT('',#419);
#419 = CARTESIAN_POINT('',(-7.55,-18.,-0.));
#420 = LINE('',#421,#422);
#421 = CARTESIAN_POINT('',(-7.55,-17.,0.));
#422 = VECTOR('',#423,1.);
#423 = DIRECTION('',(-2.2E-16,-1.,0.));
#424 = ORIENTED_EDGE('',*,*,#425,.F.);
#425 = EDGE_CURVE('',#426,#416,#428,.T.);
#426 = VERTEX_POINT('',#427);
#427 = CARTESIAN_POINT('',(-13.9,-10.65,0.));
#428 = CIRCLE('',#429,6.35);
#429 = AXIS2_PLACEMENT_3D('',#430,#431,#432);
#430 = CARTESIAN_POINT('',(-13.9,-17.,0.));
#431 = DIRECTION('',(0.,0.,-1.));
#432 = DIRECTION('',(5.3E-16,1.,0.));
#433 = ORIENTED_EDGE('',*,*,#434,.F.);
#434 = EDGE_CURVE('',#435,#426,#437,.T.);
#435 = VERTEX_POINT('',#436);
#436 = CARTESIAN_POINT('',(-18.,-10.65,-1.E-15));
#437 = LINE('',#438,#439);
#438 = CARTESIAN_POINT('',(-18.,-10.65,0.));
#439 = VECTOR('',#440,1.);
#440 = DIRECTION('',(1.,-2.2E-16,0.));
#441 = ORIENTED_EDGE('',*,*,#442,.F.);
#442 = EDGE_CURVE('',#443,#435,#445,.T.);
#443 = VERTEX_POINT('',#444);
#444 = CARTESIAN_POINT('',(-20.4,-8.25,1.E-15));
#445 = CIRCLE('',#446,2.4);
#446 = AXIS2_PLACEMENT_3D('',#447,#448,#449);
#447 = CARTESIAN_POINT('',(-18.,-8.25,0.));
#448 = DIRECTION('',(0.,0.,1.));
#449 = DIRECTION('',(-1.,8.9E-16,0.));
#450 = ORIENTED_EDGE('',*,*,#451,.F.);
#451 = EDGE_CURVE('',#452,#443,#454,.T.);
#452 = VERTEX_POINT('',#453);
#453 = CARTESIAN_POINT('',(-20.4,8.25,-1.E-15));
#454 = LINE('',#455,#456);
#455 = CARTESIAN_POINT('',(-20.4,8.25,0.));
#456 = VECTOR('',#457,1.);
#457 = DIRECTION('',(-2.2E-16,-1.,0.));
#458 = ORIENTED_EDGE('',*,*,#459,.F.);
#459 = EDGE_CURVE('',#460,#452,#462,.T.);
#460 = VERTEX_POINT('',#461);
#461 = CARTESIAN_POINT('',(-18.,10.65,0.));
#462 = CIRCLE('',#463,2.4);
#463 = AXIS2_PLACEMENT_3D('',#464,#465,#466);
#464 = CARTESIAN_POINT('',(-18.,8.25,0.));
#465 = DIRECTION('',(0.,-0.,1.));
#466 = DIRECTION('',(0.,1.,0.));
#467 = ORIENTED_EDGE('',*,*,#468,.F.);
#468 = EDGE_CURVE('',#469,#460,#471,.T.);
#469 = VERTEX_POINT('',#470);
#470 = CARTESIAN_POINT('',(-13.9,10.65,0.));
#471 = LINE('',#472,#473);
#472 = CARTESIAN_POINT('',(-13.9,10.65,0.));
#473 = VECTOR('',#474,1.);
#474 = DIRECTION('',(-1.,2.2E-16,0.));
#475 = ORIENTED_EDGE('',*,*,#476,.F.);
#476 = EDGE_CURVE('',#477,#469,#479,.T.);
#477 = VERTEX_POINT('',#478);
#478 = CARTESIAN_POINT('',(-7.55,17.,0.));
#479 = CIRCLE('',#480,6.35);
#480 = AXIS2_PLACEMENT_3D('',#481,#482,#483);
#481 = CARTESIAN_POINT('',(-13.9,17.,0.));
#482 = DIRECTION('',(0.,-0.,-1.));
#483 = DIRECTION('',(1.,-5.3E-16,0.));
#484 = ORIENTED_EDGE('',*,*,#485,.F.);
#485 = EDGE_CURVE('',#486,#477,#488,.T.);
#486 = VERTEX_POINT('',#487);
#487 = CARTESIAN_POINT('',(-7.55,18.,0.));
#488 = LINE('',#489,#490);
#489 = CARTESIAN_POINT('',(-7.55,18.,0.));
#490 = VECTOR('',#491,1.);
#491 = DIRECTION('',(-2.2E-16,-1.,-0.));
#492 = ORIENTED_EDGE('',*,*,#493,.F.);
#493 = EDGE_CURVE('',#494,#486,#496,.T.);
#494 = VERTEX_POINT('',#495);
#495 = CARTESIAN_POINT('',(-5.15,20.4,-1.E-15));
#496 = CIRCLE('',#497,2.4);
#497 = AXIS2_PLACEMENT_3D('',#498,#499,#500);
#498 = CARTESIAN_POINT('',(-5.15,18.,0.));
#499 = DIRECTION('',(0.,-0.,1.));
#500 = DIRECTION('',(0.,1.,0.));
#501 = ORIENTED_EDGE('',*,*,#502,.F.);
#502 = EDGE_CURVE('',#503,#494,#505,.T.);
#503 = VERTEX_POINT('',#504);
#504 = CARTESIAN_POINT('',(5.15,20.4,0.));
#505 = LINE('',#506,#507);
#506 = CARTESIAN_POINT('',(5.15,20.4,0.));
#507 = VECTOR('',#508,1.);
#508 = DIRECTION('',(-1.,2.2E-16,0.));
#509 = ORIENTED_EDGE('',*,*,#510,.F.);
#510 = EDGE_CURVE('',#511,#503,#513,.T.);
#511 = VERTEX_POINT('',#512);
#512 = CARTESIAN_POINT('',(7.55,18.,0.));
#513 = CIRCLE('',#514,2.4);
#514 = AXIS2_PLACEMENT_3D('',#515,#516,#517);
#515 = CARTESIAN_POINT('',(5.15,18.,0.));
#516 = DIRECTION('',(0.,0.,1.));
#517 = DIRECTION('',(1.,0.,-0.));
#518 = ORIENTED_EDGE('',*,*,#519,.F.);
#519 = EDGE_CURVE('',#520,#511,#522,.T.);
#520 = VERTEX_POINT('',#521);
#521 = CARTESIAN_POINT('',(7.55,17.,0.));
#522 = LINE('',#523,#524);
#523 = CARTESIAN_POINT('',(7.55,17.,0.));
#524 = VECTOR('',#525,1.);
#525 = DIRECTION('',(2.2E-16,1.,0.));
#526 = ORIENTED_EDGE('',*,*,#527,.F.);
#527 = EDGE_CURVE('',#528,#520,#530,.T.);
#528 = VERTEX_POINT('',#529);
#529 = CARTESIAN_POINT('',(13.9,10.65,1.E-15));
#530 = CIRCLE('',#531,6.35);
#531 = AXIS2_PLACEMENT_3D('',#532,#533,#534);
#532 = CARTESIAN_POINT('',(13.9,17.,0.));
#533 = DIRECTION('',(-0.,0.,-1.));
#534 = DIRECTION('',(-2.6E-16,-1.,0.));
#535 = ORIENTED_EDGE('',*,*,#536,.F.);
#536 = EDGE_CURVE('',#537,#528,#539,.T.);
#537 = VERTEX_POINT('',#538);
#538 = CARTESIAN_POINT('',(18.,10.65,-1.E-15));
#539 = LINE('',#540,#541);
#540 = CARTESIAN_POINT('',(18.,10.65,0.));
#541 = VECTOR('',#542,1.);
#542 = DIRECTION('',(-1.,2.2E-16,0.));
#543 = ORIENTED_EDGE('',*,*,#544,.F.);
#544 = EDGE_CURVE('',#545,#537,#547,.T.);
#545 = VERTEX_POINT('',#546);
#546 = CARTESIAN_POINT('',(20.4,8.25,1.E-15));
#547 = CIRCLE('',#548,2.4);
#548 = AXIS2_PLACEMENT_3D('',#549,#550,#551);
#549 = CARTESIAN_POINT('',(18.,8.25,0.));
#550 = DIRECTION('',(0.,0.,1.));
#551 = DIRECTION('',(1.,0.,-0.));
#552 = ORIENTED_EDGE('',*,*,#553,.F.);
#553 = EDGE_CURVE('',#554,#545,#556,.T.);
#554 = VERTEX_POINT('',#555);
#555 = CARTESIAN_POINT('',(20.4,-8.25,-1.E-15));
#556 = LINE('',#557,#558);
#557 = CARTESIAN_POINT('',(20.4,-8.25,0.));
#558 = VECTOR('',#559,1.);
#559 = DIRECTION('',(2.2E-16,1.,0.));
#560 = ORIENTED_EDGE('',*,*,#561,.F.);
#561 = EDGE_CURVE('',#562,#554,#564,.T.);
#562 = VERTEX_POINT('',#563);
#563 = CARTESIAN_POINT('',(18.,-10.65,-1.E-15));
#564 = CIRCLE('',#565,2.4);
#565 = AXIS2_PLACEMENT_3D('',#566,#567,#568);
#566 = CARTESIAN_POINT('',(18.,-8.25,0.));
#567 = DIRECTION('',(-0.,0.,1.));
#568 = DIRECTION('',(0.,-1.,0.));
#569 = ORIENTED_EDGE('',*,*,#570,.F.);
#570 = EDGE_CURVE('',#571,#562,#573,.T.);
#571 = VERTEX_POINT('',#572);
#572 = CARTESIAN_POINT('',(13.9,-10.65,0.));
#573 = LINE('',#574,#575);
#574 = CARTESIAN_POINT('',(13.9,-10.65,0.));
#575 = VECTOR('',#576,1.);
#576 = DIRECTION('',(1.,2.1E-16,0.));
#577 = ORIENTED_EDGE('',*,*,#578,.F.);
#578 = EDGE_CURVE('',#579,#571,#581,.T.);
#579 = VERTEX_POINT('',#580);
#580 = CARTESIAN_POINT('',(7.55,-17.,0.));
#581 = CIRCLE('',#582,6.35);
#582 = AXIS2_PLACEMENT_3D('',#583,#584,#585);
#583 = CARTESIAN_POINT('',(13.9,-17.,0.));
#584 = DIRECTION('',(0.,0.,-1.));
#585 = DIRECTION('',(-1.,5.3E-16,0.));
#586 = ORIENTED_EDGE('',*,*,#587,.F.);
#587 = EDGE_CURVE('',#588,#579,#590,.T.);
#588 = VERTEX_POINT('',#589);
#589 = CARTESIAN_POINT('',(7.55,-18.,0.));
#590 = LINE('',#591,#592);
#591 = CARTESIAN_POINT('',(7.55,-18.,0.));
#592 = VECTOR('',#593,1.);
#593 = DIRECTION('',(2.2E-16,1.,0.));
#594 = ORIENTED_EDGE('',*,*,#595,.F.);
#595 = EDGE_CURVE('',#596,#588,#598,.T.);
#596 = VERTEX_POINT('',#597);
#597 = CARTESIAN_POINT('',(5.15,-20.4,1.E-15));
#598 = CIRCLE('',#599,2.4);
#599 = AXIS2_PLACEMENT_3D('',#600,#601,#602);
#600 = CARTESIAN_POINT('',(5.15,-18.,0.));
#601 = DIRECTION('',(0.,0.,1.));
#602 = DIRECTION('',(-8.9E-16,-1.,0.));
#603 = ORIENTED_EDGE('',*,*,#604,.F.);
#604 = EDGE_CURVE('',#605,#596,#607,.T.);
#605 = VERTEX_POINT('',#606);
#606 = CARTESIAN_POINT('',(-5.15,-20.4,0.));
#607 = LINE('',#608,#609);
#608 = CARTESIAN_POINT('',(-5.15,-20.4,0.));
#609 = VECTOR('',#610,1.);
#610 = DIRECTION('',(1.,-2.2E-16,0.));
#611 = ORIENTED_EDGE('',*,*,#612,.F.);
#612 = EDGE_CURVE('',#418,#605,#613,.T.);
#613 = CIRCLE('',#614,2.4);
#614 = AXIS2_PLACEMENT_3D('',#615,#616,#617);
#615 = CARTESIAN_POINT('',(-5.15,-18.,0.));
#616 = DIRECTION('',(0.,0.,1.));
#617 = DIRECTION('',(-1.,0.,0.));
#618 = FACE_BOUND('',#619,.F.);
#619 = EDGE_LOOP('',(#620));
#620 = ORIENTED_EDGE('',*,*,#621,.F.);
#621 = EDGE_CURVE('',#622,#622,#624,.T.);
#622 = VERTEX_POINT('',#623);
#623 = CARTESIAN_POINT('',(-15.25,-12.8,0.));
#624 = CIRCLE('',#625,2.45);
#625 = AXIS2_PLACEMENT_3D('',#626,#627,#628);
#626 = CARTESIAN_POINT('',(-15.25,-15.25,0.));
#627 = DIRECTION('',(0.,0.,1.));
#628 = DIRECTION('',(-8.7E-16,1.,0.));
#629 = FACE_BOUND('',#630,.F.);
#630 = EDGE_LOOP('',(#631));
#631 = ORIENTED_EDGE('',*,*,#632,.F.);
#632 = EDGE_CURVE('',#633,#633,#635,.T.);
#633 = VERTEX_POINT('',#634);
#634 = CARTESIAN_POINT('',(-15.25,17.7,0.));
#635 = CIRCLE('',#636,2.45);
#636 = AXIS2_PLACEMENT_3D('',#637,#638,#639);
#637 = CARTESIAN_POINT('',(-15.25,15.25,0.));
#638 = DIRECTION('',(0.,0.,1.));
#639 = DIRECTION('',(-8.7E-16,1.,0.));
#640 = FACE_BOUND('',#641,.F.);
#641 = EDGE_LOOP('',(#642));
#642 = ORIENTED_EDGE('',*,*,#643,.F.);
#643 = EDGE_CURVE('',#644,#644,#646,.T.);
#644 = VERTEX_POINT('',#645);
#645 = CARTESIAN_POINT('',(15.25,17.7,0.));
#646 = CIRCLE('',#647,2.45);
#647 = AXIS2_PLACEMENT_3D('',#648,#649,#650);
#648 = CARTESIAN_POINT('',(15.25,15.25,0.));
#649 = DIRECTION('',(0.,-0.,1.));
#650 = DIRECTION('',(0.,1.,0.));
#651 = FACE_BOUND('',#652,.F.);
#652 = EDGE_LOOP('',(#653));
#653 = ORIENTED_EDGE('',*,*,#654,.F.);
#654 = EDGE_CURVE('',#655,#655,#657,.T.);
#655 = VERTEX_POINT('',#656);
#656 = CARTESIAN_POINT('',(15.25,-12.8,0.));
#657 = CIRCLE('',#658,2.45);
#658 = AXIS2_PLACEMENT_3D('',#659,#660,#661);
#659 = CARTESIAN_POINT('',(15.25,-15.25,0.));
#660 = DIRECTION('',(0.,-0.,1.));
#661 = DIRECTION('',(0.,1.,0.));
#662 = FACE_BOUND('',#663,.F.);
#663 = EDGE_LOOP('',(#664));
#664 = ORIENTED_EDGE('',*,*,#665,.F.);
#665 = EDGE_CURVE('',#666,#666,#668,.T.);
#666 = VERTEX_POINT('',#667);
#667 = CARTESIAN_POINT('',(31.42,-12.55,-1.E-15));
#668 = CIRCLE('',#669,2.45);
#669 = AXIS2_PLACEMENT_3D('',#670,#671,#672);
#670 = CARTESIAN_POINT('',(31.42,-15.,0.));
#671 = DIRECTION('',(0.,-0.,1.));
#672 = DIRECTION('',(0.,1.,0.));
#673 = FACE_BOUND('',#674,.F.);
#674 = EDGE_LOOP('',(#675));
#675 = ORIENTED_EDGE('',*,*,#676,.F.);
#676 = EDGE_CURVE('',#677,#677,#679,.T.);
#677 = VERTEX_POINT('',#678);
#678 = CARTESIAN_POINT('',(31.42,17.45,-1.E-15));
#679 = CIRCLE('',#680,2.45);
#680 = AXIS2_PLACEMENT_3D('',#681,#682,#683);
#681 = CARTESIAN_POINT('',(31.42,15.,0.));
#682 = DIRECTION('',(0.,-0.,1.));
#683 = DIRECTION('',(0.,1.,0.));
#684 = FACE_BOUND('',#685,.F.);
#685 = EDGE_LOOP('',(#686));
#686 = ORIENTED_EDGE('',*,*,#687,.F.);
#687 = EDGE_CURVE('',#688,#688,#690,.T.);
#688 = VERTEX_POINT('',#689);
#689 = CARTESIAN_POINT('',(-30.446,-12.55,-1.E-15));
#690 = CIRCLE('',#691,2.45);
#691 = AXIS2_PLACEMENT_3D('',#692,#693,#694);
#692 = CARTESIAN_POINT('',(-30.446,-15.,0.));
#693 = DIRECTION('',(0.,-0.,1.));
#694 = DIRECTION('',(0.,1.,0.));
#695 = FACE_BOUND('',#696,.F.);
#696 = EDGE_LOOP('',(#697));
#697 = ORIENTED_EDGE('',*,*,#698,.F.);
#698 = EDGE_CURVE('',#699,#699,#701,.T.);
#699 = VERTEX_POINT('',#700);
#700 = CARTESIAN_POINT('',(-30.446,17.45,-1.E-15));
#701 = CIRCLE('',#702,2.45);
#702 = AXIS2_PLACEMENT_3D('',#703,#704,#705);
#703 = CARTESIAN_POINT('',(-30.446,15.,0.));
#704 = DIRECTION('',(0.,-0.,1.));
#705 = DIRECTION('',(0.,1.,0.));
#706 = FACE_BOUND('',#707,.F.);
#707 = EDGE_LOOP('',(#708));
#708 = ORIENTED_EDGE('',*,*,#709,.F.);
#709 = EDGE_CURVE('',#710,#710,#712,.T.);
#710 = VERTEX_POINT('',#711);
#711 = CARTESIAN_POINT('',(-22.62741699797,-20.62741699797,-1.E-15));
#712 = CIRCLE('',#713,2.);
#713 = AXIS2_PLACEMENT_3D('',#714,#715,#716);
#714 = CARTESIAN_POINT('',(-22.62741699797,-22.62741699797,0.));
#715 = DIRECTION('',(0.,-0.,1.));
#716 = DIRECTION('',(0.,1.,0.));
#717 = FACE_BOUND('',#718,.F.);
#718 = EDGE_LOOP('',(#719));
#719 = ORIENTED_EDGE('',*,*,#720,.F.);
#720 = EDGE_CURVE('',#721,#721,#723,.T.);
#721 = VERTEX_POINT('',#722);
#722 = CARTESIAN_POINT('',(-30.446,2.,-1.E-15));
#723 = CIRCLE('',#724,2.);
#724 = AXIS2_PLACEMENT_3D('',#725,#726,#727);
#725 = CARTESIAN_POINT('',(-30.446,6.76E-15,0.));
#726 = DIRECTION('',(0.,-0.,1.));
#727 = DIRECTION('',(0.,1.,0.));
#728 = FACE_BOUND('',#729,.F.);
#729 = EDGE_LOOP('',(#730));
#730 = ORIENTED_EDGE('',*,*,#731,.F.);
#731 = EDGE_CURVE('',#732,#732,#734,.T.);
#732 = VERTEX_POINT('',#733);
#733 = CARTESIAN_POINT('',(-22.62741699797,24.62741699797,-1.E-15));
#734 = CIRCLE('',#735,2.);
#735 = AXIS2_PLACEMENT_3D('',#736,#737,#738);
#736 = CARTESIAN_POINT('',(-22.62741699797,22.62741699797,0.));
#737 = DIRECTION('',(0.,-0.,1.));
#738 = DIRECTION('',(2.22E-15,1.,0.));
#739 = FACE_BOUND('',#740,.F.);
#740 = EDGE_LOOP('',(#741));
#741 = ORIENTED_EDGE('',*,*,#742,.F.);
#742 = EDGE_CURVE('',#743,#743,#745,.T.);
#743 = VERTEX_POINT('',#744);
#744 = CARTESIAN_POINT('',(8.E-15,34.,0.));
#745 = CIRCLE('',#746,2.);
#746 = AXIS2_PLACEMENT_3D('',#747,#748,#749);
#747 = CARTESIAN_POINT('',(7.11E-15,32.,0.));
#748 = DIRECTION('',(0.,-0.,1.));
#749 = DIRECTION('',(2.2E-16,1.,0.));
#750 = FACE_BOUND('',#751,.F.);
#751 = EDGE_LOOP('',(#752));
#752 = ORIENTED_EDGE('',*,*,#753,.F.);
#753 = EDGE_CURVE('',#754,#754,#756,.T.);
#754 = VERTEX_POINT('',#755);
#755 = CARTESIAN_POINT('',(22.62741699797,24.62741699797,-1.E-15));
#756 = CIRCLE('',#757,2.);
#757 = AXIS2_PLACEMENT_3D('',#758,#759,#760);
#758 = CARTESIAN_POINT('',(22.62741699797,22.62741699797,0.));
#759 = DIRECTION('',(0.,-0.,1.));
#760 = DIRECTION('',(2.22E-15,1.,0.));
#761 = FACE_BOUND('',#762,.F.);
#762 = EDGE_LOOP('',(#763));
#763 = ORIENTED_EDGE('',*,*,#764,.F.);
#764 = EDGE_CURVE('',#765,#765,#767,.T.);
#765 = VERTEX_POINT('',#766);
#766 = CARTESIAN_POINT('',(32.,2.,-1.E-15));
#767 = CIRCLE('',#768,2.);
#768 = AXIS2_PLACEMENT_3D('',#769,#770,#771);
#769 = CARTESIAN_POINT('',(32.,-7.11E-15,0.));
#770 = DIRECTION('',(0.,-0.,1.));
#771 = DIRECTION('',(0.,1.,0.));
#772 = FACE_BOUND('',#773,.F.);
#773 = EDGE_LOOP('',(#774));
#774 = ORIENTED_EDGE('',*,*,#775,.F.);
#775 = EDGE_CURVE('',#776,#776,#778,.T.);
#776 = VERTEX_POINT('',#777);
#777 = CARTESIAN_POINT('',(22.62741699797,-20.62741699797,-1.E-15));
#778 = CIRCLE('',#779,2.);
#779 = AXIS2_PLACEMENT_3D('',#780,#781,#782);
#780 = CARTESIAN_POINT('',(22.62741699797,-22.62741699797,0.));
#781 = DIRECTION('',(0.,-0.,1.));
#782 = DIRECTION('',(0.,1.,0.));
#783 = FACE_BOUND('',#784,.F.);
#784 = EDGE_LOOP('',(#785));
#785 = ORIENTED_EDGE('',*,*,#786,.F.);
#786 = EDGE_CURVE('',#787,#787,#789,.T.);
#787 = VERTEX_POINT('',#788);
#788 = CARTESIAN_POINT('',(-7.E-15,-30.,0.));
#789 = CIRCLE('',#790,2.);
#790 = AXIS2_PLACEMENT_3D('',#791,#792,#793);
#791 = CARTESIAN_POINT('',(-7.11E-15,-32.,0.));
#792 = DIRECTION('',(0.,-0.,1.));
#793 = DIRECTION('',(2.2E-16,1.,0.));
#794 = FACE_BOUND('',#795,.F.);
#795 = EDGE_LOOP('',(#796));
#796 = ORIENTED_EDGE('',*,*,#797,.F.);
#797 = EDGE_CURVE('',#798,#798,#800,.T.);
#798 = VERTEX_POINT('',#799);
#799 = CARTESIAN_POINT('',(37.141680490938,-52.47606147864,-1.E-15));
#800 = CIRCLE('',#801,2.);
#801 = AXIS2_PLACEMENT_3D('',#802,#803,#804);
#802 = CARTESIAN_POINT('',(37.141680490938,-54.47606147864,0.));
#803 = DIRECTION('',(0.,-0.,1.));
#804 = DIRECTION('',(0.,1.,0.));
#805 = FACE_BOUND('',#806,.F.);
#806 = EDGE_LOOP('',(#807));
#807 = ORIENTED_EDGE('',*,*,#808,.F.);
#808 = EDGE_CURVE('',#809,#809,#811,.T.);
#809 = VERTEX_POINT('',#810);
#810 = CARTESIAN_POINT('',(37.141680490938,56.476061478649,-1.E-15));
#811 = CIRCLE('',#812,2.);
#812 = AXIS2_PLACEMENT_3D('',#813,#814,#815);
#813 = CARTESIAN_POINT('',(37.141680490938,54.476061478649,0.));
#814 = DIRECTION('',(0.,-0.,1.));
#815 = DIRECTION('',(0.,1.,0.));
#816 = FACE_BOUND('',#817,.F.);
#817 = EDGE_LOOP('',(#818));
#818 = ORIENTED_EDGE('',*,*,#819,.F.);
#819 = EDGE_CURVE('',#820,#820,#822,.T.);
#820 = VERTEX_POINT('',#821);
#821 = CARTESIAN_POINT('',(-65.446,2.,3.E-15));
#822 = CIRCLE('',#823,2.);
#823 = AXIS2_PLACEMENT_3D('',#824,#825,#826);
#824 = CARTESIAN_POINT('',(-65.446,1.453E-14,0.));
#825 = DIRECTION('',(0.,-0.,1.));
#826 = DIRECTION('',(0.,1.,0.));
#827 = PLANE('',#828);
#828 = AXIS2_PLACEMENT_3D('',#829,#830,#831);
#829 = CARTESIAN_POINT('',(1.132640359173,5.19E-15,0.));
#830 = DIRECTION('',(0.,0.,1.));
#831 = DIRECTION('',(1.,0.,0.));
#832 = ADVANCED_FACE('',(#833),#844,.F.);
#833 = FACE_BOUND('',#834,.F.);
#834 = EDGE_LOOP('',(#835,#836,#837,#843));
#835 = ORIENTED_EDGE('',*,*,#103,.F.);
#836 = ORIENTED_EDGE('',*,*,#176,.T.);
#837 = ORIENTED_EDGE('',*,*,#838,.T.);
#838 = EDGE_CURVE('',#159,#274,#839,.T.);
#839 = LINE('',#840,#841);
#840 = CARTESIAN_POINT('',(-29.06010732098,-23.70148017514,0.4));
#841 = VECTOR('',#842,1.);
#842 = DIRECTION('',(0.547962638631,0.44691939616,-0.707106781187));
#843 = ORIENTED_EDGE('',*,*,#273,.F.);
#844 = CONICAL_SURFACE('',#845,50.824691015385,0.785398163397);
#845 = AXIS2_PLACEMENT_3D('',#846,#847,#848);
#846 = CARTESIAN_POINT('',(-68.446,-55.82469101538,0.4));
#847 = DIRECTION('',(-0.,-0.,-1.));
#848 = DIRECTION('',(5.6E-16,1.,-0.));
#849 = ADVANCED_FACE('',(#850,#993,#1199,#1210,#1221,#1232,#1243,#1254,
    #1265,#1276,#1287,#1298,#1309,#1320,#1331,#1342,#1353,#1364,#1375,
    #1386,#1397),#1408,.T.);
#850 = FACE_BOUND('',#851,.T.);
#851 = EDGE_LOOP('',(#852,#853,#862,#871,#880,#889,#897,#906,#915,#923,
    #932,#941,#949,#958,#967,#976,#985,#992));
#852 = ORIENTED_EDGE('',*,*,#143,.T.);
#853 = ORIENTED_EDGE('',*,*,#854,.T.);
#854 = EDGE_CURVE('',#136,#855,#857,.T.);
#855 = VERTEX_POINT('',#856);
#856 = CARTESIAN_POINT('',(-28.90512008194,-23.57507228087,4.));
#857 = CIRCLE('',#858,51.024691015385);
#858 = AXIS2_PLACEMENT_3D('',#859,#860,#861);
#859 = CARTESIAN_POINT('',(-68.446,-55.82469101538,4.));
#860 = DIRECTION('',(0.,0.,-1.));
#861 = DIRECTION('',(5.6E-16,1.,0.));
#862 = ORIENTED_EDGE('',*,*,#863,.T.);
#863 = EDGE_CURVE('',#855,#864,#866,.T.);
#864 = VERTEX_POINT('',#865);
#865 = CARTESIAN_POINT('',(-1.195214691524E-02,-37.29999808506,4.));
#866 = CIRCLE('',#867,37.3);
#867 = AXIS2_PLACEMENT_3D('',#868,#869,#870);
#868 = CARTESIAN_POINT('',(0.,0.,4.));
#869 = DIRECTION('',(0.,0.,1.));
#870 = DIRECTION('',(-0.774936195226,-0.632039471337,0.));
#871 = ORIENTED_EDGE('',*,*,#872,.T.);
#872 = EDGE_CURVE('',#864,#873,#875,.T.);
#873 = VERTEX_POINT('',#874);
#874 = CARTESIAN_POINT('',(34.017946118699,-59.19647285602,4.));
#875 = CIRCLE('',#876,37.410257812366);
#876 = AXIS2_PLACEMENT_3D('',#877,#878,#879);
#877 = CARTESIAN_POINT('',(-2.39396240603E-02,-74.71025397684,4.));
#878 = DIRECTION('',(0.,0.,-1.));
#879 = DIRECTION('',(3.204328931702E-04,0.999999948661,0.));
#880 = ORIENTED_EDGE('',*,*,#881,.T.);
#881 = EDGE_CURVE('',#873,#882,#884,.T.);
#882 = VERTEX_POINT('',#883);
#883 = CARTESIAN_POINT('',(37.726978756591,-60.58322333504,4.));
#884 = CIRCLE('',#885,2.8);
#885 = AXIS2_PLACEMENT_3D('',#886,#887,#888);
#886 = CARTESIAN_POINT('',(36.565837677154,-58.03533177659,4.));
#887 = DIRECTION('',(0.,0.,1.));
#888 = DIRECTION('',(-0.909961270877,-0.414693242656,0.));
#889 = ORIENTED_EDGE('',*,*,#890,.T.);
#890 = EDGE_CURVE('',#882,#891,#893,.T.);
#891 = VERTEX_POINT('',#892);
#892 = CARTESIAN_POINT('',(41.366823840097,-58.92445036442,4.));
#893 = LINE('',#894,#895);
#894 = CARTESIAN_POINT('',(37.726978756591,-60.58322333504,4.));
#895 = VECTOR('',#896,1.);
#896 = DIRECTION('',(0.909961270877,0.414693242656,0.));
#897 = ORIENTED_EDGE('',*,*,#898,.T.);
#898 = EDGE_CURVE('',#891,#899,#901,.T.);
#899 = VERTEX_POINT('',#900);
#900 = CARTESIAN_POINT('',(42.753574319114,-55.21541772652,4.));
#901 = CIRCLE('',#902,2.8);
#902 = AXIS2_PLACEMENT_3D('',#903,#904,#905);
#903 = CARTESIAN_POINT('',(40.20568276066,-56.37655880596,4.));
#904 = DIRECTION('',(-0.,0.,1.));
#905 = DIRECTION('',(0.414693242656,-0.909961270877,0.));
#906 = ORIENTED_EDGE('',*,*,#907,.T.);
#907 = EDGE_CURVE('',#899,#908,#910,.T.);
#908 = VERTEX_POINT('',#909);
#909 = CARTESIAN_POINT('',(37.3,-30.0977773458,4.));
#910 = CIRCLE('',#911,60.569205854034);
#911 = AXIS2_PLACEMENT_3D('',#912,#913,#914);
#912 = CARTESIAN_POINT('',(97.869205854034,-30.0977773458,4.));
#913 = DIRECTION('',(-0.,0.,-1.));
#914 = DIRECTION('',(-0.909961270877,-0.414693242656,0.));
#915 = ORIENTED_EDGE('',*,*,#916,.T.);
#916 = EDGE_CURVE('',#908,#917,#919,.T.);
#917 = VERTEX_POINT('',#918);
#918 = CARTESIAN_POINT('',(37.3,30.097777345807,4.));
#919 = LINE('',#920,#921);
#920 = CARTESIAN_POINT('',(37.3,-30.0977773458,4.));
#921 = VECTOR('',#922,1.);
#922 = DIRECTION('',(2.2E-16,1.,0.));
#923 = ORIENTED_EDGE('',*,*,#924,.T.);
#924 = EDGE_CURVE('',#917,#925,#927,.T.);
#925 = VERTEX_POINT('',#926);
#926 = CARTESIAN_POINT('',(42.753574319114,55.215417726528,4.));
#927 = CIRCLE('',#928,60.569205854032);
#928 = AXIS2_PLACEMENT_3D('',#929,#930,#931);
#929 = CARTESIAN_POINT('',(97.869205854032,30.097777345807,4.));
#930 = DIRECTION('',(0.,0.,-1.));
#931 = DIRECTION('',(-1.,6.E-17,0.));
#932 = ORIENTED_EDGE('',*,*,#933,.T.);
#933 = EDGE_CURVE('',#925,#934,#936,.T.);
#934 = VERTEX_POINT('',#935);
#935 = CARTESIAN_POINT('',(41.366823840097,58.92445036442,4.));
#936 = CIRCLE('',#937,2.8);
#937 = AXIS2_PLACEMENT_3D('',#938,#939,#940);
#938 = CARTESIAN_POINT('',(40.20568276066,56.376558805966,4.));
#939 = DIRECTION('',(-0.,0.,1.));
#940 = DIRECTION('',(0.909961270877,-0.414693242656,0.));
#941 = ORIENTED_EDGE('',*,*,#942,.T.);
#942 = EDGE_CURVE('',#934,#943,#945,.T.);
#943 = VERTEX_POINT('',#944);
#944 = CARTESIAN_POINT('',(37.726978756591,60.583223335045,4.));
#945 = LINE('',#946,#947);
#946 = CARTESIAN_POINT('',(41.366823840097,58.92445036442,4.));
#947 = VECTOR('',#948,1.);
#948 = DIRECTION('',(-0.909961270877,0.414693242656,0.));
#949 = ORIENTED_EDGE('',*,*,#950,.T.);
#950 = EDGE_CURVE('',#943,#951,#953,.T.);
#951 = VERTEX_POINT('',#952);
#952 = CARTESIAN_POINT('',(34.017946118699,59.196472856028,4.));
#953 = CIRCLE('',#954,2.8);
#954 = AXIS2_PLACEMENT_3D('',#955,#956,#957);
#955 = CARTESIAN_POINT('',(36.565837677154,58.035331776591,4.));
#956 = DIRECTION('',(0.,-0.,1.));
#957 = DIRECTION('',(0.414693242656,0.909961270877,0.));
#958 = ORIENTED_EDGE('',*,*,#959,.T.);
#959 = EDGE_CURVE('',#951,#960,#962,.T.);
#960 = VERTEX_POINT('',#961);
#961 = CARTESIAN_POINT('',(-1.195214691494E-02,37.299998085069,4.));
#962 = CIRCLE('',#963,37.410257812365);
#963 = AXIS2_PLACEMENT_3D('',#964,#965,#966);
#964 = CARTESIAN_POINT('',(-2.393962405969E-02,74.710253976843,4.));
#965 = DIRECTION('',(0.,-0.,-1.));
#966 = DIRECTION('',(0.909961270877,-0.414693242656,0.));
#967 = ORIENTED_EDGE('',*,*,#968,.T.);
#968 = EDGE_CURVE('',#960,#969,#971,.T.);
#969 = VERTEX_POINT('',#970);
#970 = CARTESIAN_POINT('',(-28.90512008194,23.575072280877,4.));
#971 = CIRCLE('',#972,37.3);
#972 = AXIS2_PLACEMENT_3D('',#973,#974,#975);
#973 = CARTESIAN_POINT('',(0.,0.,4.));
#974 = DIRECTION('',(0.,0.,1.));
#975 = DIRECTION('',(-3.204328931618E-04,0.999999948661,0.));
#976 = ORIENTED_EDGE('',*,*,#977,.T.);
#977 = EDGE_CURVE('',#969,#978,#980,.T.);
#978 = VERTEX_POINT('',#979);
#979 = CARTESIAN_POINT('',(-68.446,4.8,4.));
#980 = CIRCLE('',#981,51.024691015385);
#981 = AXIS2_PLACEMENT_3D('',#982,#983,#984);
#982 = CARTESIAN_POINT('',(-68.446,55.824691015385,4.));
#983 = DIRECTION('',(0.,-0.,-1.));
#984 = DIRECTION('',(0.774936195226,-0.632039471337,0.));
#985 = ORIENTED_EDGE('',*,*,#986,.T.);
#986 = EDGE_CURVE('',#978,#216,#987,.T.);
#987 = CIRCLE('',#988,2.8);
#988 = AXIS2_PLACEMENT_3D('',#989,#990,#991);
#989 = CARTESIAN_POINT('',(-68.446,2.,4.));
#990 = DIRECTION('',(0.,0.,1.));
#991 = DIRECTION('',(-4.74E-15,1.,0.));
#992 = ORIENTED_EDGE('',*,*,#225,.T.);
#993 = FACE_BOUND('',#994,.T.);
#994 = EDGE_LOOP('',(#995,#1005,#1014,#1022,#1031,#1039,#1048,#1056,
    #1065,#1073,#1082,#1090,#1099,#1107,#1116,#1124,#1133,#1141,#1150,
    #1158,#1167,#1175,#1184,#1192));
#995 = ORIENTED_EDGE('',*,*,#996,.F.);
#996 = EDGE_CURVE('',#997,#999,#1001,.T.);
#997 = VERTEX_POINT('',#998);
#998 = CARTESIAN_POINT('',(-7.35,-17.,4.));
#999 = VERTEX_POINT('',#1000);
#1000 = CARTESIAN_POINT('',(-7.35,-18.,4.));
#1001 = LINE('',#1002,#1003);
#1002 = CARTESIAN_POINT('',(-7.35,-17.,4.));
#1003 = VECTOR('',#1004,1.);
#1004 = DIRECTION('',(-2.2E-16,-1.,0.));
#1005 = ORIENTED_EDGE('',*,*,#1006,.F.);
#1006 = EDGE_CURVE('',#1007,#997,#1009,.T.);
#1007 = VERTEX_POINT('',#1008);
#1008 = CARTESIAN_POINT('',(-13.9,-10.45,4.));
#1009 = CIRCLE('',#1010,6.55);
#1010 = AXIS2_PLACEMENT_3D('',#1011,#1012,#1013);
#1011 = CARTESIAN_POINT('',(-13.9,-17.,4.));
#1012 = DIRECTION('',(0.,0.,-1.));
#1013 = DIRECTION('',(5.3E-16,1.,0.));
#1014 = ORIENTED_EDGE('',*,*,#1015,.F.);
#1015 = EDGE_CURVE('',#1016,#1007,#1018,.T.);
#1016 = VERTEX_POINT('',#1017);
#1017 = CARTESIAN_POINT('',(-18.,-10.45,4.));
#1018 = LINE('',#1019,#1020);
#1019 = CARTESIAN_POINT('',(-18.,-10.45,4.));
#1020 = VECTOR('',#1021,1.);
#1021 = DIRECTION('',(1.,-2.2E-16,0.));
#1022 = ORIENTED_EDGE('',*,*,#1023,.F.);
#1023 = EDGE_CURVE('',#1024,#1016,#1026,.T.);
#1024 = VERTEX_POINT('',#1025);
#1025 = CARTESIAN_POINT('',(-20.2,-8.25,4.));
#1026 = CIRCLE('',#1027,2.2);
#1027 = AXIS2_PLACEMENT_3D('',#1028,#1029,#1030);
#1028 = CARTESIAN_POINT('',(-18.,-8.25,4.));
#1029 = DIRECTION('',(0.,0.,1.));
#1030 = DIRECTION('',(-1.,8.9E-16,0.));
#1031 = ORIENTED_EDGE('',*,*,#1032,.F.);
#1032 = EDGE_CURVE('',#1033,#1024,#1035,.T.);
#1033 = VERTEX_POINT('',#1034);
#1034 = CARTESIAN_POINT('',(-20.2,8.25,4.));
#1035 = LINE('',#1036,#1037);
#1036 = CARTESIAN_POINT('',(-20.2,4.49E-15,4.));
#1037 = VECTOR('',#1038,1.);
#1038 = DIRECTION('',(-2.2E-16,-1.,-0.));
#1039 = ORIENTED_EDGE('',*,*,#1040,.F.);
#1040 = EDGE_CURVE('',#1041,#1033,#1043,.T.);
#1041 = VERTEX_POINT('',#1042);
#1042 = CARTESIAN_POINT('',(-18.,10.45,4.));
#1043 = CIRCLE('',#1044,2.2);
#1044 = AXIS2_PLACEMENT_3D('',#1045,#1046,#1047);
#1045 = CARTESIAN_POINT('',(-18.,8.25,4.));
#1046 = DIRECTION('',(0.,-0.,1.));
#1047 = DIRECTION('',(0.,1.,0.));
#1048 = ORIENTED_EDGE('',*,*,#1049,.F.);
#1049 = EDGE_CURVE('',#1050,#1041,#1052,.T.);
#1050 = VERTEX_POINT('',#1051);
#1051 = CARTESIAN_POINT('',(-13.9,10.45,4.));
#1052 = LINE('',#1053,#1054);
#1053 = CARTESIAN_POINT('',(-13.9,10.45,4.));
#1054 = VECTOR('',#1055,1.);
#1055 = DIRECTION('',(-1.,2.2E-16,0.));
#1056 = ORIENTED_EDGE('',*,*,#1057,.F.);
#1057 = EDGE_CURVE('',#1058,#1050,#1060,.T.);
#1058 = VERTEX_POINT('',#1059);
#1059 = CARTESIAN_POINT('',(-7.35,17.,4.));
#1060 = CIRCLE('',#1061,6.55);
#1061 = AXIS2_PLACEMENT_3D('',#1062,#1063,#1064);
#1062 = CARTESIAN_POINT('',(-13.9,17.,4.));
#1063 = DIRECTION('',(0.,-0.,-1.));
#1064 = DIRECTION('',(1.,-5.3E-16,0.));
#1065 = ORIENTED_EDGE('',*,*,#1066,.F.);
#1066 = EDGE_CURVE('',#1067,#1058,#1069,.T.);
#1067 = VERTEX_POINT('',#1068);
#1068 = CARTESIAN_POINT('',(-7.35,18.,4.));
#1069 = LINE('',#1070,#1071);
#1070 = CARTESIAN_POINT('',(-7.35,18.,4.));
#1071 = VECTOR('',#1072,1.);
#1072 = DIRECTION('',(-2.2E-16,-1.,-0.));
#1073 = ORIENTED_EDGE('',*,*,#1074,.F.);
#1074 = EDGE_CURVE('',#1075,#1067,#1077,.T.);
#1075 = VERTEX_POINT('',#1076);
#1076 = CARTESIAN_POINT('',(-5.15,20.2,4.));
#1077 = CIRCLE('',#1078,2.2);
#1078 = AXIS2_PLACEMENT_3D('',#1079,#1080,#1081);
#1079 = CARTESIAN_POINT('',(-5.15,18.,4.));
#1080 = DIRECTION('',(0.,-0.,1.));
#1081 = DIRECTION('',(0.,1.,0.));
#1082 = ORIENTED_EDGE('',*,*,#1083,.F.);
#1083 = EDGE_CURVE('',#1084,#1075,#1086,.T.);
#1084 = VERTEX_POINT('',#1085);
#1085 = CARTESIAN_POINT('',(5.15,20.2,4.));
#1086 = LINE('',#1087,#1088);
#1087 = CARTESIAN_POINT('',(5.15,20.2,4.));
#1088 = VECTOR('',#1089,1.);
#1089 = DIRECTION('',(-1.,2.2E-16,0.));
#1090 = ORIENTED_EDGE('',*,*,#1091,.F.);
#1091 = EDGE_CURVE('',#1092,#1084,#1094,.T.);
#1092 = VERTEX_POINT('',#1093);
#1093 = CARTESIAN_POINT('',(7.35,18.,4.));
#1094 = CIRCLE('',#1095,2.2);
#1095 = AXIS2_PLACEMENT_3D('',#1096,#1097,#1098);
#1096 = CARTESIAN_POINT('',(5.15,18.,4.));
#1097 = DIRECTION('',(0.,0.,1.));
#1098 = DIRECTION('',(1.,0.,0.));
#1099 = ORIENTED_EDGE('',*,*,#1100,.F.);
#1100 = EDGE_CURVE('',#1101,#1092,#1103,.T.);
#1101 = VERTEX_POINT('',#1102);
#1102 = CARTESIAN_POINT('',(7.35,17.,4.));
#1103 = LINE('',#1104,#1105);
#1104 = CARTESIAN_POINT('',(7.35,17.,4.));
#1105 = VECTOR('',#1106,1.);
#1106 = DIRECTION('',(2.2E-16,1.,0.));
#1107 = ORIENTED_EDGE('',*,*,#1108,.F.);
#1108 = EDGE_CURVE('',#1109,#1101,#1111,.T.);
#1109 = VERTEX_POINT('',#1110);
#1110 = CARTESIAN_POINT('',(13.9,10.45,4.));
#1111 = CIRCLE('',#1112,6.55);
#1112 = AXIS2_PLACEMENT_3D('',#1113,#1114,#1115);
#1113 = CARTESIAN_POINT('',(13.9,17.,4.));
#1114 = DIRECTION('',(-0.,0.,-1.));
#1115 = DIRECTION('',(-2.6E-16,-1.,0.));
#1116 = ORIENTED_EDGE('',*,*,#1117,.F.);
#1117 = EDGE_CURVE('',#1118,#1109,#1120,.T.);
#1118 = VERTEX_POINT('',#1119);
#1119 = CARTESIAN_POINT('',(18.,10.45,4.));
#1120 = LINE('',#1121,#1122);
#1121 = CARTESIAN_POINT('',(18.,10.45,4.));
#1122 = VECTOR('',#1123,1.);
#1123 = DIRECTION('',(-1.,2.2E-16,0.));
#1124 = ORIENTED_EDGE('',*,*,#1125,.F.);
#1125 = EDGE_CURVE('',#1126,#1118,#1128,.T.);
#1126 = VERTEX_POINT('',#1127);
#1127 = CARTESIAN_POINT('',(20.2,8.25,4.));
#1128 = CIRCLE('',#1129,2.2);
#1129 = AXIS2_PLACEMENT_3D('',#1130,#1131,#1132);
#1130 = CARTESIAN_POINT('',(18.,8.25,4.));
#1131 = DIRECTION('',(0.,0.,1.));
#1132 = DIRECTION('',(1.,0.,0.));
#1133 = ORIENTED_EDGE('',*,*,#1134,.F.);
#1134 = EDGE_CURVE('',#1135,#1126,#1137,.T.);
#1135 = VERTEX_POINT('',#1136);
#1136 = CARTESIAN_POINT('',(20.2,-8.25,4.));
#1137 = LINE('',#1138,#1139);
#1138 = CARTESIAN_POINT('',(20.2,-4.49E-15,4.));
#1139 = VECTOR('',#1140,1.);
#1140 = DIRECTION('',(2.2E-16,1.,0.));
#1141 = ORIENTED_EDGE('',*,*,#1142,.F.);
#1142 = EDGE_CURVE('',#1143,#1135,#1145,.T.);
#1143 = VERTEX_POINT('',#1144);
#1144 = CARTESIAN_POINT('',(18.,-10.45,4.));
#1145 = CIRCLE('',#1146,2.2);
#1146 = AXIS2_PLACEMENT_3D('',#1147,#1148,#1149);
#1147 = CARTESIAN_POINT('',(18.,-8.25,4.));
#1148 = DIRECTION('',(-0.,0.,1.));
#1149 = DIRECTION('',(0.,-1.,0.));
#1150 = ORIENTED_EDGE('',*,*,#1151,.F.);
#1151 = EDGE_CURVE('',#1152,#1143,#1154,.T.);
#1152 = VERTEX_POINT('',#1153);
#1153 = CARTESIAN_POINT('',(13.9,-10.45,4.));
#1154 = LINE('',#1155,#1156);
#1155 = CARTESIAN_POINT('',(13.9,-10.45,4.));
#1156 = VECTOR('',#1157,1.);
#1157 = DIRECTION('',(1.,2.1E-16,0.));
#1158 = ORIENTED_EDGE('',*,*,#1159,.F.);
#1159 = EDGE_CURVE('',#1160,#1152,#1162,.T.);
#1160 = VERTEX_POINT('',#1161);
#1161 = CARTESIAN_POINT('',(7.35,-17.,4.));
#1162 = CIRCLE('',#1163,6.55);
#1163 = AXIS2_PLACEMENT_3D('',#1164,#1165,#1166);
#1164 = CARTESIAN_POINT('',(13.9,-17.,4.));
#1165 = DIRECTION('',(0.,0.,-1.));
#1166 = DIRECTION('',(-1.,5.3E-16,0.));
#1167 = ORIENTED_EDGE('',*,*,#1168,.F.);
#1168 = EDGE_CURVE('',#1169,#1160,#1171,.T.);
#1169 = VERTEX_POINT('',#1170);
#1170 = CARTESIAN_POINT('',(7.35,-18.,4.));
#1171 = LINE('',#1172,#1173);
#1172 = CARTESIAN_POINT('',(7.35,-18.,4.));
#1173 = VECTOR('',#1174,1.);
#1174 = DIRECTION('',(2.2E-16,1.,0.));
#1175 = ORIENTED_EDGE('',*,*,#1176,.F.);
#1176 = EDGE_CURVE('',#1177,#1169,#1179,.T.);
#1177 = VERTEX_POINT('',#1178);
#1178 = CARTESIAN_POINT('',(5.15,-20.2,4.));
#1179 = CIRCLE('',#1180,2.2);
#1180 = AXIS2_PLACEMENT_3D('',#1181,#1182,#1183);
#1181 = CARTESIAN_POINT('',(5.15,-18.,4.));
#1182 = DIRECTION('',(0.,0.,1.));
#1183 = DIRECTION('',(-8.9E-16,-1.,0.));
#1184 = ORIENTED_EDGE('',*,*,#1185,.F.);
#1185 = EDGE_CURVE('',#1186,#1177,#1188,.T.);
#1186 = VERTEX_POINT('',#1187);
#1187 = CARTESIAN_POINT('',(-5.15,-20.2,4.));
#1188 = LINE('',#1189,#1190);
#1189 = CARTESIAN_POINT('',(-5.15,-20.2,4.));
#1190 = VECTOR('',#1191,1.);
#1191 = DIRECTION('',(1.,-2.2E-16,0.));
#1192 = ORIENTED_EDGE('',*,*,#1193,.F.);
#1193 = EDGE_CURVE('',#999,#1186,#1194,.T.);
#1194 = CIRCLE('',#1195,2.2);
#1195 = AXIS2_PLACEMENT_3D('',#1196,#1197,#1198);
#1196 = CARTESIAN_POINT('',(-5.15,-18.,4.));
#1197 = DIRECTION('',(0.,0.,1.));
#1198 = DIRECTION('',(-1.,0.,0.));
#1199 = FACE_BOUND('',#1200,.T.);
#1200 = EDGE_LOOP('',(#1201));
#1201 = ORIENTED_EDGE('',*,*,#1202,.F.);
#1202 = EDGE_CURVE('',#1203,#1203,#1205,.T.);
#1203 = VERTEX_POINT('',#1204);
#1204 = CARTESIAN_POINT('',(-15.25,-13.,4.));
#1205 = CIRCLE('',#1206,2.25);
#1206 = AXIS2_PLACEMENT_3D('',#1207,#1208,#1209);
#1207 = CARTESIAN_POINT('',(-15.25,-15.25,4.));
#1208 = DIRECTION('',(0.,0.,1.));
#1209 = DIRECTION('',(-8.7E-16,1.,0.));
#1210 = FACE_BOUND('',#1211,.T.);
#1211 = EDGE_LOOP('',(#1212));
#1212 = ORIENTED_EDGE('',*,*,#1213,.F.);
#1213 = EDGE_CURVE('',#1214,#1214,#1216,.T.);
#1214 = VERTEX_POINT('',#1215);
#1215 = CARTESIAN_POINT('',(-15.25,17.5,4.));
#1216 = CIRCLE('',#1217,2.25);
#1217 = AXIS2_PLACEMENT_3D('',#1218,#1219,#1220);
#1218 = CARTESIAN_POINT('',(-15.25,15.25,4.));
#1219 = DIRECTION('',(0.,0.,1.));
#1220 = DIRECTION('',(-8.7E-16,1.,0.));
#1221 = FACE_BOUND('',#1222,.T.);
#1222 = EDGE_LOOP('',(#1223));
#1223 = ORIENTED_EDGE('',*,*,#1224,.F.);
#1224 = EDGE_CURVE('',#1225,#1225,#1227,.T.);
#1225 = VERTEX_POINT('',#1226);
#1226 = CARTESIAN_POINT('',(15.25,17.5,4.));
#1227 = CIRCLE('',#1228,2.25);
#1228 = AXIS2_PLACEMENT_3D('',#1229,#1230,#1231);
#1229 = CARTESIAN_POINT('',(15.25,15.25,4.));
#1230 = DIRECTION('',(0.,-0.,1.));
#1231 = DIRECTION('',(0.,1.,0.));
#1232 = FACE_BOUND('',#1233,.T.);
#1233 = EDGE_LOOP('',(#1234));
#1234 = ORIENTED_EDGE('',*,*,#1235,.F.);
#1235 = EDGE_CURVE('',#1236,#1236,#1238,.T.);
#1236 = VERTEX_POINT('',#1237);
#1237 = CARTESIAN_POINT('',(15.25,-13.,4.));
#1238 = CIRCLE('',#1239,2.25);
#1239 = AXIS2_PLACEMENT_3D('',#1240,#1241,#1242);
#1240 = CARTESIAN_POINT('',(15.25,-15.25,4.));
#1241 = DIRECTION('',(0.,-0.,1.));
#1242 = DIRECTION('',(0.,1.,0.));
#1243 = FACE_BOUND('',#1244,.T.);
#1244 = EDGE_LOOP('',(#1245));
#1245 = ORIENTED_EDGE('',*,*,#1246,.F.);
#1246 = EDGE_CURVE('',#1247,#1247,#1249,.T.);
#1247 = VERTEX_POINT('',#1248);
#1248 = CARTESIAN_POINT('',(31.42,-12.75,4.));
#1249 = CIRCLE('',#1250,2.25);
#1250 = AXIS2_PLACEMENT_3D('',#1251,#1252,#1253);
#1251 = CARTESIAN_POINT('',(31.42,-15.,4.));
#1252 = DIRECTION('',(0.,-0.,1.));
#1253 = DIRECTION('',(0.,1.,0.));
#1254 = FACE_BOUND('',#1255,.T.);
#1255 = EDGE_LOOP('',(#1256));
#1256 = ORIENTED_EDGE('',*,*,#1257,.F.);
#1257 = EDGE_CURVE('',#1258,#1258,#1260,.T.);
#1258 = VERTEX_POINT('',#1259);
#1259 = CARTESIAN_POINT('',(31.42,17.25,4.));
#1260 = CIRCLE('',#1261,2.25);
#1261 = AXIS2_PLACEMENT_3D('',#1262,#1263,#1264);
#1262 = CARTESIAN_POINT('',(31.42,15.,4.));
#1263 = DIRECTION('',(0.,-0.,1.));
#1264 = DIRECTION('',(0.,1.,0.));
#1265 = FACE_BOUND('',#1266,.T.);
#1266 = EDGE_LOOP('',(#1267));
#1267 = ORIENTED_EDGE('',*,*,#1268,.F.);
#1268 = EDGE_CURVE('',#1269,#1269,#1271,.T.);
#1269 = VERTEX_POINT('',#1270);
#1270 = CARTESIAN_POINT('',(-30.446,-12.75,4.));
#1271 = CIRCLE('',#1272,2.25);
#1272 = AXIS2_PLACEMENT_3D('',#1273,#1274,#1275);
#1273 = CARTESIAN_POINT('',(-30.446,-15.,4.));
#1274 = DIRECTION('',(0.,-0.,1.));
#1275 = DIRECTION('',(0.,1.,0.));
#1276 = FACE_BOUND('',#1277,.T.);
#1277 = EDGE_LOOP('',(#1278));
#1278 = ORIENTED_EDGE('',*,*,#1279,.F.);
#1279 = EDGE_CURVE('',#1280,#1280,#1282,.T.);
#1280 = VERTEX_POINT('',#1281);
#1281 = CARTESIAN_POINT('',(-30.446,17.25,4.));
#1282 = CIRCLE('',#1283,2.25);
#1283 = AXIS2_PLACEMENT_3D('',#1284,#1285,#1286);
#1284 = CARTESIAN_POINT('',(-30.446,15.,4.));
#1285 = DIRECTION('',(0.,-0.,1.));
#1286 = DIRECTION('',(0.,1.,0.));
#1287 = FACE_BOUND('',#1288,.T.);
#1288 = EDGE_LOOP('',(#1289));
#1289 = ORIENTED_EDGE('',*,*,#1290,.F.);
#1290 = EDGE_CURVE('',#1291,#1291,#1293,.T.);
#1291 = VERTEX_POINT('',#1292);
#1292 = CARTESIAN_POINT('',(-22.62741699797,-20.82741699797,4.));
#1293 = CIRCLE('',#1294,1.8);
#1294 = AXIS2_PLACEMENT_3D('',#1295,#1296,#1297);
#1295 = CARTESIAN_POINT('',(-22.62741699797,-22.62741699797,4.));
#1296 = DIRECTION('',(0.,-0.,1.));
#1297 = DIRECTION('',(0.,1.,0.));
#1298 = FACE_BOUND('',#1299,.T.);
#1299 = EDGE_LOOP('',(#1300));
#1300 = ORIENTED_EDGE('',*,*,#1301,.F.);
#1301 = EDGE_CURVE('',#1302,#1302,#1304,.T.);
#1302 = VERTEX_POINT('',#1303);
#1303 = CARTESIAN_POINT('',(-30.446,1.8,4.));
#1304 = CIRCLE('',#1305,1.8);
#1305 = AXIS2_PLACEMENT_3D('',#1306,#1307,#1308);
#1306 = CARTESIAN_POINT('',(-30.446,6.76E-15,4.));
#1307 = DIRECTION('',(0.,-0.,1.));
#1308 = DIRECTION('',(0.,1.,0.));
#1309 = FACE_BOUND('',#1310,.T.);
#1310 = EDGE_LOOP('',(#1311));
#1311 = ORIENTED_EDGE('',*,*,#1312,.F.);
#1312 = EDGE_CURVE('',#1313,#1313,#1315,.T.);
#1313 = VERTEX_POINT('',#1314);
#1314 = CARTESIAN_POINT('',(-22.62741699797,24.42741699797,4.));
#1315 = CIRCLE('',#1316,1.8);
#1316 = AXIS2_PLACEMENT_3D('',#1317,#1318,#1319);
#1317 = CARTESIAN_POINT('',(-22.62741699797,22.62741699797,4.));
#1318 = DIRECTION('',(0.,-0.,1.));
#1319 = DIRECTION('',(2.22E-15,1.,0.));
#1320 = FACE_BOUND('',#1321,.T.);
#1321 = EDGE_LOOP('',(#1322));
#1322 = ORIENTED_EDGE('',*,*,#1323,.F.);
#1323 = EDGE_CURVE('',#1324,#1324,#1326,.T.);
#1324 = VERTEX_POINT('',#1325);
#1325 = CARTESIAN_POINT('',(8.E-15,33.8,4.));
#1326 = CIRCLE('',#1327,1.8);
#1327 = AXIS2_PLACEMENT_3D('',#1328,#1329,#1330);
#1328 = CARTESIAN_POINT('',(7.11E-15,32.,4.));
#1329 = DIRECTION('',(0.,-0.,1.));
#1330 = DIRECTION('',(2.2E-16,1.,0.));
#1331 = FACE_BOUND('',#1332,.T.);
#1332 = EDGE_LOOP('',(#1333));
#1333 = ORIENTED_EDGE('',*,*,#1334,.F.);
#1334 = EDGE_CURVE('',#1335,#1335,#1337,.T.);
#1335 = VERTEX_POINT('',#1336);
#1336 = CARTESIAN_POINT('',(22.62741699797,24.42741699797,4.));
#1337 = CIRCLE('',#1338,1.8);
#1338 = AXIS2_PLACEMENT_3D('',#1339,#1340,#1341);
#1339 = CARTESIAN_POINT('',(22.62741699797,22.62741699797,4.));
#1340 = DIRECTION('',(0.,-0.,1.));
#1341 = DIRECTION('',(2.22E-15,1.,0.));
#1342 = FACE_BOUND('',#1343,.T.);
#1343 = EDGE_LOOP('',(#1344));
#1344 = ORIENTED_EDGE('',*,*,#1345,.F.);
#1345 = EDGE_CURVE('',#1346,#1346,#1348,.T.);
#1346 = VERTEX_POINT('',#1347);
#1347 = CARTESIAN_POINT('',(32.,1.8,4.));
#1348 = CIRCLE('',#1349,1.8);
#1349 = AXIS2_PLACEMENT_3D('',#1350,#1351,#1352);
#1350 = CARTESIAN_POINT('',(32.,-7.11E-15,4.));
#1351 = DIRECTION('',(0.,-0.,1.));
#1352 = DIRECTION('',(0.,1.,0.));
#1353 = FACE_BOUND('',#1354,.T.);
#1354 = EDGE_LOOP('',(#1355));
#1355 = ORIENTED_EDGE('',*,*,#1356,.F.);
#1356 = EDGE_CURVE('',#1357,#1357,#1359,.T.);
#1357 = VERTEX_POINT('',#1358);
#1358 = CARTESIAN_POINT('',(22.62741699797,-20.82741699797,4.));
#1359 = CIRCLE('',#1360,1.8);
#1360 = AXIS2_PLACEMENT_3D('',#1361,#1362,#1363);
#1361 = CARTESIAN_POINT('',(22.62741699797,-22.62741699797,4.));
#1362 = DIRECTION('',(0.,-0.,1.));
#1363 = DIRECTION('',(0.,1.,0.));
#1364 = FACE_BOUND('',#1365,.T.);
#1365 = EDGE_LOOP('',(#1366));
#1366 = ORIENTED_EDGE('',*,*,#1367,.F.);
#1367 = EDGE_CURVE('',#1368,#1368,#1370,.T.);
#1368 = VERTEX_POINT('',#1369);
#1369 = CARTESIAN_POINT('',(-7.E-15,-30.2,4.));
#1370 = CIRCLE('',#1371,1.8);
#1371 = AXIS2_PLACEMENT_3D('',#1372,#1373,#1374);
#1372 = CARTESIAN_POINT('',(-7.11E-15,-32.,4.));
#1373 = DIRECTION('',(0.,-0.,1.));
#1374 = DIRECTION('',(2.2E-16,1.,0.));
#1375 = FACE_BOUND('',#1376,.T.);
#1376 = EDGE_LOOP('',(#1377));
#1377 = ORIENTED_EDGE('',*,*,#1378,.F.);
#1378 = EDGE_CURVE('',#1379,#1379,#1381,.T.);
#1379 = VERTEX_POINT('',#1380);
#1380 = CARTESIAN_POINT('',(37.141680490938,-52.67606147864,4.));
#1381 = CIRCLE('',#1382,1.8);
#1382 = AXIS2_PLACEMENT_3D('',#1383,#1384,#1385);
#1383 = CARTESIAN_POINT('',(37.141680490938,-54.47606147864,4.));
#1384 = DIRECTION('',(0.,-0.,1.));
#1385 = DIRECTION('',(0.,1.,0.));
#1386 = FACE_BOUND('',#1387,.T.);
#1387 = EDGE_LOOP('',(#1388));
#1388 = ORIENTED_EDGE('',*,*,#1389,.F.);
#1389 = EDGE_CURVE('',#1390,#1390,#1392,.T.);
#1390 = VERTEX_POINT('',#1391);
#1391 = CARTESIAN_POINT('',(37.141680490938,56.276061478649,4.));
#1392 = CIRCLE('',#1393,1.8);
#1393 = AXIS2_PLACEMENT_3D('',#1394,#1395,#1396);
#1394 = CARTESIAN_POINT('',(37.141680490938,54.476061478649,4.));
#1395 = DIRECTION('',(0.,-0.,1.));
#1396 = DIRECTION('',(0.,1.,0.));
#1397 = FACE_BOUND('',#1398,.T.);
#1398 = EDGE_LOOP('',(#1399));
#1399 = ORIENTED_EDGE('',*,*,#1400,.F.);
#1400 = EDGE_CURVE('',#1401,#1401,#1403,.T.);
#1401 = VERTEX_POINT('',#1402);
#1402 = CARTESIAN_POINT('',(-65.446,1.8,4.));
#1403 = CIRCLE('',#1404,1.8);
#1404 = AXIS2_PLACEMENT_3D('',#1405,#1406,#1407);
#1405 = CARTESIAN_POINT('',(-65.446,1.453E-14,4.));
#1406 = DIRECTION('',(0.,-0.,1.));
#1407 = DIRECTION('',(0.,1.,0.));
#1408 = PLANE('',#1409);
#1409 = AXIS2_PLACEMENT_3D('',#1410,#1411,#1412);
#1410 = CARTESIAN_POINT('',(1.132640359173,5.19E-15,4.));
#1411 = DIRECTION('',(0.,0.,1.));
#1412 = DIRECTION('',(1.,0.,0.));
#1413 = ADVANCED_FACE('',(#1414),#1425,.F.);
#1414 = FACE_BOUND('',#1415,.T.);
#1415 = EDGE_LOOP('',(#1416,#1417,#1418,#1424));
#1416 = ORIENTED_EDGE('',*,*,#135,.F.);
#1417 = ORIENTED_EDGE('',*,*,#168,.T.);
#1418 = ORIENTED_EDGE('',*,*,#1419,.T.);
#1419 = EDGE_CURVE('',#161,#855,#1420,.T.);
#1420 = LINE('',#1421,#1422);
#1421 = CARTESIAN_POINT('',(-29.06010732098,-23.70148017514,3.8));
#1422 = VECTOR('',#1423,1.);
#1423 = DIRECTION('',(0.547962638631,0.44691939616,0.707106781187));
#1424 = ORIENTED_EDGE('',*,*,#854,.F.);
#1425 = CONICAL_SURFACE('',#1426,50.824691015385,0.785398163397);
#1426 = AXIS2_PLACEMENT_3D('',#1427,#1428,#1429);
#1427 = CARTESIAN_POINT('',(-68.446,-55.82469101538,3.8));
#1428 = DIRECTION('',(0.,0.,1.));
#1429 = DIRECTION('',(5.6E-16,1.,0.));
#1430 = ADVANCED_FACE('',(#1431),#1458,.T.);
#1431 = FACE_BOUND('',#1432,.F.);
#1432 = EDGE_LOOP('',(#1433,#1434,#1443,#1451));
#1433 = ORIENTED_EDGE('',*,*,#158,.T.);
#1434 = ORIENTED_EDGE('',*,*,#1435,.T.);
#1435 = EDGE_CURVE('',#161,#1436,#1438,.T.);
#1436 = VERTEX_POINT('',#1437);
#1437 = CARTESIAN_POINT('',(-1.201623349388E-02,-37.4999980748,3.8));
#1438 = CIRCLE('',#1439,37.5);
#1439 = AXIS2_PLACEMENT_3D('',#1440,#1441,#1442);
#1440 = CARTESIAN_POINT('',(0.,0.,3.8));
#1441 = DIRECTION('',(0.,0.,1.));
#1442 = DIRECTION('',(-0.774936195226,-0.632039471337,0.));
#1443 = ORIENTED_EDGE('',*,*,#1444,.F.);
#1444 = EDGE_CURVE('',#1445,#1436,#1447,.T.);
#1445 = VERTEX_POINT('',#1446);
#1446 = CARTESIAN_POINT('',(-1.201623349388E-02,-37.4999980748,0.4));
#1447 = LINE('',#1448,#1449);
#1448 = CARTESIAN_POINT('',(-1.201623349387E-02,-37.4999980748,0.));
#1449 = VECTOR('',#1450,1.);
#1450 = DIRECTION('',(0.,0.,1.));
#1451 = ORIENTED_EDGE('',*,*,#1452,.F.);
#1452 = EDGE_CURVE('',#159,#1445,#1453,.T.);
#1453 = CIRCLE('',#1454,37.5);
#1454 = AXIS2_PLACEMENT_3D('',#1455,#1456,#1457);
#1455 = CARTESIAN_POINT('',(0.,0.,0.4));
#1456 = DIRECTION('',(0.,0.,1.));
#1457 = DIRECTION('',(-0.774936195226,-0.632039471337,0.));
#1458 = CYLINDRICAL_SURFACE('',#1459,37.5);
#1459 = AXIS2_PLACEMENT_3D('',#1460,#1461,#1462);
#1460 = CARTESIAN_POINT('',(0.,0.,0.));
#1461 = DIRECTION('',(0.,0.,-1.));
#1462 = DIRECTION('',(2.2E-16,1.,0.));
#1463 = ADVANCED_FACE('',(#1464),#1475,.T.);
#1464 = FACE_BOUND('',#1465,.F.);
#1465 = EDGE_LOOP('',(#1466,#1472,#1473,#1474));
#1466 = ORIENTED_EDGE('',*,*,#1467,.F.);
#1467 = EDGE_CURVE('',#240,#397,#1468,.T.);
#1468 = LINE('',#1469,#1470);
#1469 = CARTESIAN_POINT('',(-68.446,5.,0.4));
#1470 = VECTOR('',#1471,1.);
#1471 = DIRECTION('',(3.11E-15,-0.707106781187,-0.707106781187));
#1472 = ORIENTED_EDGE('',*,*,#257,.T.);
#1473 = ORIENTED_EDGE('',*,*,#191,.T.);
#1474 = ORIENTED_EDGE('',*,*,#405,.F.);
#1475 = CONICAL_SURFACE('',#1476,3.,0.785398163397);
#1476 = AXIS2_PLACEMENT_3D('',#1477,#1478,#1479);
#1477 = CARTESIAN_POINT('',(-68.446,2.,0.4));
#1478 = DIRECTION('',(0.,0.,1.));
#1479 = DIRECTION('',(-4.74E-15,1.,0.));
#1480 = ADVANCED_FACE('',(#1481),#1492,.T.);
#1481 = FACE_BOUND('',#1482,.T.);
#1482 = EDGE_LOOP('',(#1483,#1489,#1490,#1491));
#1483 = ORIENTED_EDGE('',*,*,#1484,.F.);
#1484 = EDGE_CURVE('',#242,#978,#1485,.T.);
#1485 = LINE('',#1486,#1487);
#1486 = CARTESIAN_POINT('',(-68.446,5.,3.8));
#1487 = VECTOR('',#1488,1.);
#1488 = DIRECTION('',(3.11E-15,-0.707106781187,0.707106781187));
#1489 = ORIENTED_EDGE('',*,*,#249,.T.);
#1490 = ORIENTED_EDGE('',*,*,#215,.T.);
#1491 = ORIENTED_EDGE('',*,*,#986,.F.);
#1492 = CONICAL_SURFACE('',#1493,3.,0.785398163397);
#1493 = AXIS2_PLACEMENT_3D('',#1494,#1495,#1496);
#1494 = CARTESIAN_POINT('',(-68.446,2.,3.8));
#1495 = DIRECTION('',(-0.,-0.,-1.));
#1496 = DIRECTION('',(-4.74E-15,1.,0.));
#1497 = ADVANCED_FACE('',(#1498),#1525,.F.);
#1498 = FACE_BOUND('',#1499,.T.);
#1499 = EDGE_LOOP('',(#1500,#1501,#1510,#1518));
#1500 = ORIENTED_EDGE('',*,*,#239,.T.);
#1501 = ORIENTED_EDGE('',*,*,#1502,.F.);
#1502 = EDGE_CURVE('',#1503,#242,#1505,.T.);
#1503 = VERTEX_POINT('',#1504);
#1504 = CARTESIAN_POINT('',(-29.06010732098,23.701480175145,3.8));
#1505 = CIRCLE('',#1506,50.824691015385);
#1506 = AXIS2_PLACEMENT_3D('',#1507,#1508,#1509);
#1507 = CARTESIAN_POINT('',(-68.446,55.824691015385,3.8));
#1508 = DIRECTION('',(0.,-0.,-1.));
#1509 = DIRECTION('',(0.774936195226,-0.632039471337,0.));
#1510 = ORIENTED_EDGE('',*,*,#1511,.F.);
#1511 = EDGE_CURVE('',#1512,#1503,#1514,.T.);
#1512 = VERTEX_POINT('',#1513);
#1513 = CARTESIAN_POINT('',(-29.06010732098,23.701480175145,0.4));
#1514 = LINE('',#1515,#1516);
#1515 = CARTESIAN_POINT('',(-29.06010732098,23.701480175145,0.));
#1516 = VECTOR('',#1517,1.);
#1517 = DIRECTION('',(0.,0.,1.));
#1518 = ORIENTED_EDGE('',*,*,#1519,.T.);
#1519 = EDGE_CURVE('',#1512,#240,#1520,.T.);
#1520 = CIRCLE('',#1521,50.824691015385);
#1521 = AXIS2_PLACEMENT_3D('',#1522,#1523,#1524);
#1522 = CARTESIAN_POINT('',(-68.446,55.824691015385,0.4));
#1523 = DIRECTION('',(0.,-0.,-1.));
#1524 = DIRECTION('',(0.774936195226,-0.632039471337,0.));
#1525 = CYLINDRICAL_SURFACE('',#1526,50.824691015385);
#1526 = AXIS2_PLACEMENT_3D('',#1527,#1528,#1529);
#1527 = CARTESIAN_POINT('',(-68.446,55.824691015385,0.));
#1528 = DIRECTION('',(0.,0.,-1.));
#1529 = DIRECTION('',(2.2E-16,1.,0.));
#1530 = ADVANCED_FACE('',(#1531),#1542,.T.);
#1531 = FACE_BOUND('',#1532,.F.);
#1532 = EDGE_LOOP('',(#1533,#1534,#1535,#1541));
#1533 = ORIENTED_EDGE('',*,*,#838,.F.);
#1534 = ORIENTED_EDGE('',*,*,#1452,.T.);
#1535 = ORIENTED_EDGE('',*,*,#1536,.T.);
#1536 = EDGE_CURVE('',#1445,#283,#1537,.T.);
#1537 = LINE('',#1538,#1539);
#1538 = CARTESIAN_POINT('',(-1.201623349388E-02,-37.4999980748,0.4));
#1539 = VECTOR('',#1540,1.);
#1540 = DIRECTION('',(2.265802716757E-04,0.707106744885,-0.707106781187)
  );
#1541 = ORIENTED_EDGE('',*,*,#282,.F.);
#1542 = CONICAL_SURFACE('',#1543,37.5,0.785398163397);
#1543 = AXIS2_PLACEMENT_3D('',#1544,#1545,#1546);
#1544 = CARTESIAN_POINT('',(0.,0.,0.4));
#1545 = DIRECTION('',(0.,0.,1.));
#1546 = DIRECTION('',(-0.774936195226,-0.632039471337,0.));
#1547 = ADVANCED_FACE('',(#1548),#1559,.F.);
#1548 = FACE_BOUND('',#1549,.F.);
#1549 = EDGE_LOOP('',(#1550,#1556,#1557,#1558));
#1550 = ORIENTED_EDGE('',*,*,#1551,.F.);
#1551 = EDGE_CURVE('',#1512,#388,#1552,.T.);
#1552 = LINE('',#1553,#1554);
#1553 = CARTESIAN_POINT('',(-29.06010732098,23.701480175145,0.4));
#1554 = VECTOR('',#1555,1.);
#1555 = DIRECTION('',(0.547962638631,-0.44691939616,-0.707106781187));
#1556 = ORIENTED_EDGE('',*,*,#1519,.T.);
#1557 = ORIENTED_EDGE('',*,*,#1467,.T.);
#1558 = ORIENTED_EDGE('',*,*,#396,.F.);
#1559 = CONICAL_SURFACE('',#1560,50.824691015385,0.785398163397);
#1560 = AXIS2_PLACEMENT_3D('',#1561,#1562,#1563);
#1561 = CARTESIAN_POINT('',(-68.446,55.824691015385,0.4));
#1562 = DIRECTION('',(-0.,-0.,-1.));
#1563 = DIRECTION('',(0.774936195226,-0.632039471337,0.));
#1564 = ADVANCED_FACE('',(#1565),#1584,.F.);
#1565 = FACE_BOUND('',#1566,.F.);
#1566 = EDGE_LOOP('',(#1567,#1568,#1577,#1583));
#1567 = ORIENTED_EDGE('',*,*,#1536,.F.);
#1568 = ORIENTED_EDGE('',*,*,#1569,.T.);
#1569 = EDGE_CURVE('',#1445,#1570,#1572,.T.);
#1570 = VERTEX_POINT('',#1571);
#1571 = CARTESIAN_POINT('',(33.835953864524,-59.27941150455,0.4));
#1572 = CIRCLE('',#1573,37.210257812366);
#1573 = AXIS2_PLACEMENT_3D('',#1574,#1575,#1576);
#1574 = CARTESIAN_POINT('',(-2.39396240603E-02,-74.71025397684,0.4));
#1575 = DIRECTION('',(0.,0.,-1.));
#1576 = DIRECTION('',(3.204328931702E-04,0.999999948661,0.));
#1577 = ORIENTED_EDGE('',*,*,#1578,.T.);
#1578 = EDGE_CURVE('',#1570,#292,#1579,.T.);
#1579 = LINE('',#1580,#1581);
#1580 = CARTESIAN_POINT('',(33.835953864524,-59.27941150455,0.4));
#1581 = VECTOR('',#1582,1.);
#1582 = DIRECTION('',(0.643439785254,0.293232403994,-0.707106781187));
#1583 = ORIENTED_EDGE('',*,*,#291,.F.);
#1584 = CONICAL_SURFACE('',#1585,37.210257812366,0.785398163397);
#1585 = AXIS2_PLACEMENT_3D('',#1586,#1587,#1588);
#1586 = CARTESIAN_POINT('',(-2.39396240603E-02,-74.71025397684,0.4));
#1587 = DIRECTION('',(-0.,-0.,-1.));
#1588 = DIRECTION('',(3.204328931702E-04,0.999999948661,-0.));
#1589 = ADVANCED_FACE('',(#1590),#1609,.T.);
#1590 = FACE_BOUND('',#1591,.F.);
#1591 = EDGE_LOOP('',(#1592,#1600,#1607,#1608));
#1592 = ORIENTED_EDGE('',*,*,#1593,.F.);
#1593 = EDGE_CURVE('',#1594,#379,#1596,.T.);
#1594 = VERTEX_POINT('',#1595);
#1595 = CARTESIAN_POINT('',(-1.201623349358E-02,37.499998074802,0.4));
#1596 = LINE('',#1597,#1598);
#1597 = CARTESIAN_POINT('',(-1.201623349358E-02,37.499998074802,0.4));
#1598 = VECTOR('',#1599,1.);
#1599 = DIRECTION('',(2.265802716698E-04,-0.707106744885,-0.707106781187
    ));
#1600 = ORIENTED_EDGE('',*,*,#1601,.T.);
#1601 = EDGE_CURVE('',#1594,#1512,#1602,.T.);
#1602 = CIRCLE('',#1603,37.5);
#1603 = AXIS2_PLACEMENT_3D('',#1604,#1605,#1606);
#1604 = CARTESIAN_POINT('',(0.,0.,0.4));
#1605 = DIRECTION('',(0.,0.,1.));
#1606 = DIRECTION('',(-3.204328931618E-04,0.999999948661,0.));
#1607 = ORIENTED_EDGE('',*,*,#1551,.T.);
#1608 = ORIENTED_EDGE('',*,*,#387,.F.);
#1609 = CONICAL_SURFACE('',#1610,37.5,0.785398163397);
#1610 = AXIS2_PLACEMENT_3D('',#1611,#1612,#1613);
#1611 = CARTESIAN_POINT('',(0.,0.,0.4));
#1612 = DIRECTION('',(0.,0.,1.));
#1613 = DIRECTION('',(-3.204328931618E-04,0.999999948661,0.));
#1614 = ADVANCED_FACE('',(#1615),#1634,.T.);
#1615 = FACE_BOUND('',#1616,.F.);
#1616 = EDGE_LOOP('',(#1617,#1618,#1627,#1633));
#1617 = ORIENTED_EDGE('',*,*,#1578,.F.);
#1618 = ORIENTED_EDGE('',*,*,#1619,.T.);
#1619 = EDGE_CURVE('',#1570,#1620,#1622,.T.);
#1620 = VERTEX_POINT('',#1621);
#1621 = CARTESIAN_POINT('',(37.809917405122,-60.76521558922,0.4));
#1622 = CIRCLE('',#1623,3.);
#1623 = AXIS2_PLACEMENT_3D('',#1624,#1625,#1626);
#1624 = CARTESIAN_POINT('',(36.565837677154,-58.03533177659,0.4));
#1625 = DIRECTION('',(0.,0.,1.));
#1626 = DIRECTION('',(-0.909961270877,-0.414693242656,0.));
#1627 = ORIENTED_EDGE('',*,*,#1628,.T.);
#1628 = EDGE_CURVE('',#1620,#301,#1629,.T.);
#1629 = LINE('',#1630,#1631);
#1630 = CARTESIAN_POINT('',(37.809917405122,-60.76521558922,0.4));
#1631 = VECTOR('',#1632,1.);
#1632 = DIRECTION('',(-0.293232403994,0.643439785254,-0.707106781187));
#1633 = ORIENTED_EDGE('',*,*,#300,.F.);
#1634 = CONICAL_SURFACE('',#1635,3.,0.785398163397);
#1635 = AXIS2_PLACEMENT_3D('',#1636,#1637,#1638);
#1636 = CARTESIAN_POINT('',(36.565837677154,-58.03533177659,0.4));
#1637 = DIRECTION('',(0.,0.,1.));
#1638 = DIRECTION('',(-0.909961270877,-0.414693242656,0.));
#1639 = ADVANCED_FACE('',(#1640),#1659,.F.);
#1640 = FACE_BOUND('',#1641,.F.);
#1641 = EDGE_LOOP('',(#1642,#1650,#1657,#1658));
#1642 = ORIENTED_EDGE('',*,*,#1643,.F.);
#1643 = EDGE_CURVE('',#1644,#370,#1646,.T.);
#1644 = VERTEX_POINT('',#1645);
#1645 = CARTESIAN_POINT('',(33.835953864524,59.279411504559,0.4));
#1646 = LINE('',#1647,#1648);
#1647 = CARTESIAN_POINT('',(33.835953864524,59.279411504559,0.4));
#1648 = VECTOR('',#1649,1.);
#1649 = DIRECTION('',(0.643439785254,-0.293232403994,-0.707106781187));
#1650 = ORIENTED_EDGE('',*,*,#1651,.T.);
#1651 = EDGE_CURVE('',#1644,#1594,#1652,.T.);
#1652 = CIRCLE('',#1653,37.210257812365);
#1653 = AXIS2_PLACEMENT_3D('',#1654,#1655,#1656);
#1654 = CARTESIAN_POINT('',(-2.393962405969E-02,74.710253976843,0.4));
#1655 = DIRECTION('',(0.,-0.,-1.));
#1656 = DIRECTION('',(0.909961270877,-0.414693242656,0.));
#1657 = ORIENTED_EDGE('',*,*,#1593,.T.);
#1658 = ORIENTED_EDGE('',*,*,#378,.F.);
#1659 = CONICAL_SURFACE('',#1660,37.210257812365,0.785398163397);
#1660 = AXIS2_PLACEMENT_3D('',#1661,#1662,#1663);
#1661 = CARTESIAN_POINT('',(-2.393962405969E-02,74.710253976843,0.4));
#1662 = DIRECTION('',(-0.,-0.,-1.));
#1663 = DIRECTION('',(0.909961270877,-0.414693242656,0.));
#1664 = ADVANCED_FACE('',(#1665),#1683,.T.);
#1665 = FACE_BOUND('',#1666,.F.);
#1666 = EDGE_LOOP('',(#1667,#1668,#1676,#1682));
#1667 = ORIENTED_EDGE('',*,*,#1628,.F.);
#1668 = ORIENTED_EDGE('',*,*,#1669,.T.);
#1669 = EDGE_CURVE('',#1620,#1670,#1672,.T.);
#1670 = VERTEX_POINT('',#1671);
#1671 = CARTESIAN_POINT('',(41.449762488628,-59.10644261859,0.4));
#1672 = LINE('',#1673,#1674);
#1673 = CARTESIAN_POINT('',(37.809917405122,-60.76521558922,0.4));
#1674 = VECTOR('',#1675,1.);
#1675 = DIRECTION('',(0.909961270877,0.414693242656,0.));
#1676 = ORIENTED_EDGE('',*,*,#1677,.T.);
#1677 = EDGE_CURVE('',#1670,#310,#1678,.T.);
#1678 = LINE('',#1679,#1680);
#1679 = CARTESIAN_POINT('',(41.366823840097,-58.92445036442,0.2));
#1680 = VECTOR('',#1681,1.);
#1681 = DIRECTION('',(-0.293232403994,0.643439785254,-0.707106781187));
#1682 = ORIENTED_EDGE('',*,*,#309,.F.);
#1683 = PLANE('',#1684);
#1684 = AXIS2_PLACEMENT_3D('',#1685,#1686,#1687);
#1685 = CARTESIAN_POINT('',(37.726978756591,-60.58322333504,0.2));
#1686 = DIRECTION('',(0.293232403994,-0.643439785254,-0.707106781187));
#1687 = DIRECTION('',(-0.909961270877,-0.414693242656,
    -8.326672684689E-17));
#1688 = ADVANCED_FACE('',(#1689),#1708,.T.);
#1689 = FACE_BOUND('',#1690,.F.);
#1690 = EDGE_LOOP('',(#1691,#1699,#1706,#1707));
#1691 = ORIENTED_EDGE('',*,*,#1692,.F.);
#1692 = EDGE_CURVE('',#1693,#362,#1695,.T.);
#1693 = VERTEX_POINT('',#1694);
#1694 = CARTESIAN_POINT('',(37.809917405122,60.76521558922,0.4));
#1695 = LINE('',#1696,#1697);
#1696 = CARTESIAN_POINT('',(37.726978756591,60.583223335045,0.2));
#1697 = VECTOR('',#1698,1.);
#1698 = DIRECTION('',(-0.293232403994,-0.643439785254,-0.707106781187));
#1699 = ORIENTED_EDGE('',*,*,#1700,.T.);
#1700 = EDGE_CURVE('',#1693,#1644,#1701,.T.);
#1701 = CIRCLE('',#1702,3.);
#1702 = AXIS2_PLACEMENT_3D('',#1703,#1704,#1705);
#1703 = CARTESIAN_POINT('',(36.565837677154,58.035331776591,0.4));
#1704 = DIRECTION('',(0.,-0.,1.));
#1705 = DIRECTION('',(0.414693242656,0.909961270877,0.));
#1706 = ORIENTED_EDGE('',*,*,#1643,.T.);
#1707 = ORIENTED_EDGE('',*,*,#369,.F.);
#1708 = CONICAL_SURFACE('',#1709,3.,0.785398163397);
#1709 = AXIS2_PLACEMENT_3D('',#1710,#1711,#1712);
#1710 = CARTESIAN_POINT('',(36.565837677154,58.035331776591,0.4));
#1711 = DIRECTION('',(0.,0.,1.));
#1712 = DIRECTION('',(0.414693242656,0.909961270877,-0.));
#1713 = ADVANCED_FACE('',(#1714),#1733,.T.);
#1714 = FACE_BOUND('',#1715,.F.);
#1715 = EDGE_LOOP('',(#1716,#1717,#1726,#1732));
#1716 = ORIENTED_EDGE('',*,*,#1677,.F.);
#1717 = ORIENTED_EDGE('',*,*,#1718,.T.);
#1718 = EDGE_CURVE('',#1670,#1719,#1721,.T.);
#1719 = VERTEX_POINT('',#1720);
#1720 = CARTESIAN_POINT('',(42.935566573289,-55.13247907799,0.4));
#1721 = CIRCLE('',#1722,3.);
#1722 = AXIS2_PLACEMENT_3D('',#1723,#1724,#1725);
#1723 = CARTESIAN_POINT('',(40.20568276066,-56.37655880596,0.4));
#1724 = DIRECTION('',(-0.,0.,1.));
#1725 = DIRECTION('',(0.414693242656,-0.909961270877,0.));
#1726 = ORIENTED_EDGE('',*,*,#1727,.T.);
#1727 = EDGE_CURVE('',#1719,#318,#1728,.T.);
#1728 = LINE('',#1729,#1730);
#1729 = CARTESIAN_POINT('',(42.935566573289,-55.13247907799,0.4));
#1730 = VECTOR('',#1731,1.);
#1731 = DIRECTION('',(-0.643439785254,-0.293232403994,-0.707106781187));
#1732 = ORIENTED_EDGE('',*,*,#317,.F.);
#1733 = CONICAL_SURFACE('',#1734,3.,0.785398163397);
#1734 = AXIS2_PLACEMENT_3D('',#1735,#1736,#1737);
#1735 = CARTESIAN_POINT('',(40.20568276066,-56.37655880596,0.4));
#1736 = DIRECTION('',(0.,0.,1.));
#1737 = DIRECTION('',(0.414693242656,-0.909961270877,0.));
#1738 = ADVANCED_FACE('',(#1739),#1757,.F.);
#1739 = FACE_BOUND('',#1740,.F.);
#1740 = EDGE_LOOP('',(#1741,#1749,#1755,#1756));
#1741 = ORIENTED_EDGE('',*,*,#1742,.F.);
#1742 = EDGE_CURVE('',#1743,#353,#1745,.T.);
#1743 = VERTEX_POINT('',#1744);
#1744 = CARTESIAN_POINT('',(41.449762488628,59.106442618595,0.4));
#1745 = LINE('',#1746,#1747);
#1746 = CARTESIAN_POINT('',(41.449762488628,59.106442618595,0.4));
#1747 = VECTOR('',#1748,1.);
#1748 = DIRECTION('',(-0.293232403994,-0.643439785254,-0.707106781187));
#1749 = ORIENTED_EDGE('',*,*,#1750,.T.);
#1750 = EDGE_CURVE('',#1743,#1693,#1751,.T.);
#1751 = LINE('',#1752,#1753);
#1752 = CARTESIAN_POINT('',(41.449762488628,59.106442618595,0.4));
#1753 = VECTOR('',#1754,1.);
#1754 = DIRECTION('',(-0.909961270877,0.414693242656,0.));
#1755 = ORIENTED_EDGE('',*,*,#1692,.T.);
#1756 = ORIENTED_EDGE('',*,*,#361,.F.);
#1757 = PLANE('',#1758);
#1758 = AXIS2_PLACEMENT_3D('',#1759,#1760,#1761);
#1759 = CARTESIAN_POINT('',(41.366823840097,58.92445036442,0.2));
#1760 = DIRECTION('',(-0.293232403994,-0.643439785254,0.707106781187));
#1761 = DIRECTION('',(-0.909961270877,0.414693242656,2.498001805407E-16)
  );
#1762 = ADVANCED_FACE('',(#1763),#1782,.F.);
#1763 = FACE_BOUND('',#1764,.F.);
#1764 = EDGE_LOOP('',(#1765,#1766,#1775,#1781));
#1765 = ORIENTED_EDGE('',*,*,#1727,.F.);
#1766 = ORIENTED_EDGE('',*,*,#1767,.T.);
#1767 = EDGE_CURVE('',#1719,#1768,#1770,.T.);
#1768 = VERTEX_POINT('',#1769);
#1769 = CARTESIAN_POINT('',(37.5,-30.0977773458,0.4));
#1770 = CIRCLE('',#1771,60.369205854034);
#1771 = AXIS2_PLACEMENT_3D('',#1772,#1773,#1774);
#1772 = CARTESIAN_POINT('',(97.869205854034,-30.0977773458,0.4));
#1773 = DIRECTION('',(-0.,0.,-1.));
#1774 = DIRECTION('',(-0.909961270877,-0.414693242656,0.));
#1775 = ORIENTED_EDGE('',*,*,#1776,.T.);
#1776 = EDGE_CURVE('',#1768,#327,#1777,.T.);
#1777 = LINE('',#1778,#1779);
#1778 = CARTESIAN_POINT('',(37.5,-30.0977773458,0.4));
#1779 = VECTOR('',#1780,1.);
#1780 = DIRECTION('',(-0.707106781187,6.E-17,-0.707106781187));
#1781 = ORIENTED_EDGE('',*,*,#326,.F.);
#1782 = CONICAL_SURFACE('',#1783,60.369205854034,0.785398163397);
#1783 = AXIS2_PLACEMENT_3D('',#1784,#1785,#1786);
#1784 = CARTESIAN_POINT('',(97.869205854034,-30.0977773458,0.4));
#1785 = DIRECTION('',(-0.,-0.,-1.));
#1786 = DIRECTION('',(-0.909961270877,-0.414693242656,0.));
#1787 = ADVANCED_FACE('',(#1788),#1807,.T.);
#1788 = FACE_BOUND('',#1789,.F.);
#1789 = EDGE_LOOP('',(#1790,#1798,#1805,#1806));
#1790 = ORIENTED_EDGE('',*,*,#1791,.F.);
#1791 = EDGE_CURVE('',#1792,#344,#1794,.T.);
#1792 = VERTEX_POINT('',#1793);
#1793 = CARTESIAN_POINT('',(42.935566573289,55.132479077997,0.4));
#1794 = LINE('',#1795,#1796);
#1795 = CARTESIAN_POINT('',(42.935566573289,55.132479077997,0.4));
#1796 = VECTOR('',#1797,1.);
#1797 = DIRECTION('',(-0.643439785254,0.293232403994,-0.707106781187));
#1798 = ORIENTED_EDGE('',*,*,#1799,.T.);
#1799 = EDGE_CURVE('',#1792,#1743,#1800,.T.);
#1800 = CIRCLE('',#1801,3.);
#1801 = AXIS2_PLACEMENT_3D('',#1802,#1803,#1804);
#1802 = CARTESIAN_POINT('',(40.20568276066,56.376558805966,0.4));
#1803 = DIRECTION('',(-0.,0.,1.));
#1804 = DIRECTION('',(0.909961270877,-0.414693242656,0.));
#1805 = ORIENTED_EDGE('',*,*,#1742,.T.);
#1806 = ORIENTED_EDGE('',*,*,#352,.F.);
#1807 = CONICAL_SURFACE('',#1808,3.,0.785398163397);
#1808 = AXIS2_PLACEMENT_3D('',#1809,#1810,#1811);
#1809 = CARTESIAN_POINT('',(40.20568276066,56.376558805966,0.4));
#1810 = DIRECTION('',(0.,0.,1.));
#1811 = DIRECTION('',(0.909961270877,-0.414693242656,0.));
#1812 = ADVANCED_FACE('',(#1813),#1831,.T.);
#1813 = FACE_BOUND('',#1814,.F.);
#1814 = EDGE_LOOP('',(#1815,#1816,#1824,#1830));
#1815 = ORIENTED_EDGE('',*,*,#1776,.F.);
#1816 = ORIENTED_EDGE('',*,*,#1817,.T.);
#1817 = EDGE_CURVE('',#1768,#1818,#1820,.T.);
#1818 = VERTEX_POINT('',#1819);
#1819 = CARTESIAN_POINT('',(37.5,30.097777345807,0.4));
#1820 = LINE('',#1821,#1822);
#1821 = CARTESIAN_POINT('',(37.5,-30.0977773458,0.4));
#1822 = VECTOR('',#1823,1.);
#1823 = DIRECTION('',(2.2E-16,1.,0.));
#1824 = ORIENTED_EDGE('',*,*,#1825,.T.);
#1825 = EDGE_CURVE('',#1818,#336,#1826,.T.);
#1826 = LINE('',#1827,#1828);
#1827 = CARTESIAN_POINT('',(37.3,30.097777345807,0.2));
#1828 = VECTOR('',#1829,1.);
#1829 = DIRECTION('',(-0.707106781187,1.6E-16,-0.707106781187));
#1830 = ORIENTED_EDGE('',*,*,#335,.F.);
#1831 = PLANE('',#1832);
#1832 = AXIS2_PLACEMENT_3D('',#1833,#1834,#1835);
#1833 = CARTESIAN_POINT('',(37.3,-30.0977773458,0.2));
#1834 = DIRECTION('',(0.707106781187,1.E-17,-0.707106781187));
#1835 = DIRECTION('',(-1.079289321881E-16,-1.,-1.220710678119E-16));
#1836 = ADVANCED_FACE('',(#1837),#1849,.F.);
#1837 = FACE_BOUND('',#1838,.F.);
#1838 = EDGE_LOOP('',(#1839,#1840,#1847,#1848));
#1839 = ORIENTED_EDGE('',*,*,#1825,.F.);
#1840 = ORIENTED_EDGE('',*,*,#1841,.T.);
#1841 = EDGE_CURVE('',#1818,#1792,#1842,.T.);
#1842 = CIRCLE('',#1843,60.369205854032);
#1843 = AXIS2_PLACEMENT_3D('',#1844,#1845,#1846);
#1844 = CARTESIAN_POINT('',(97.869205854032,30.097777345807,0.4));
#1845 = DIRECTION('',(0.,0.,-1.));
#1846 = DIRECTION('',(-1.,6.E-17,0.));
#1847 = ORIENTED_EDGE('',*,*,#1791,.T.);
#1848 = ORIENTED_EDGE('',*,*,#343,.F.);
#1849 = CONICAL_SURFACE('',#1850,60.369205854032,0.785398163397);
#1850 = AXIS2_PLACEMENT_3D('',#1851,#1852,#1853);
#1851 = CARTESIAN_POINT('',(97.869205854032,30.097777345807,0.4));
#1852 = DIRECTION('',(-0.,-0.,-1.));
#1853 = DIRECTION('',(-1.,6.E-17,0.));
#1854 = ADVANCED_FACE('',(#1855),#1880,.F.);
#1855 = FACE_BOUND('',#1856,.F.);
#1856 = EDGE_LOOP('',(#1857,#1865,#1866,#1874));
#1857 = ORIENTED_EDGE('',*,*,#1858,.F.);
#1858 = EDGE_CURVE('',#416,#1859,#1861,.T.);
#1859 = VERTEX_POINT('',#1860);
#1860 = CARTESIAN_POINT('',(-7.15,-17.,0.4));
#1861 = LINE('',#1862,#1863);
#1862 = CARTESIAN_POINT('',(-7.35,-17.,0.2));
#1863 = VECTOR('',#1864,1.);
#1864 = DIRECTION('',(0.707106781187,-1.6E-16,0.707106781187));
#1865 = ORIENTED_EDGE('',*,*,#415,.T.);
#1866 = ORIENTED_EDGE('',*,*,#1867,.T.);
#1867 = EDGE_CURVE('',#418,#1868,#1870,.T.);
#1868 = VERTEX_POINT('',#1869);
#1869 = CARTESIAN_POINT('',(-7.15,-18.,0.4));
#1870 = LINE('',#1871,#1872);
#1871 = CARTESIAN_POINT('',(-7.35,-18.,0.2));
#1872 = VECTOR('',#1873,1.);
#1873 = DIRECTION('',(0.707106781187,-1.6E-16,0.707106781187));
#1874 = ORIENTED_EDGE('',*,*,#1875,.F.);
#1875 = EDGE_CURVE('',#1859,#1868,#1876,.T.);
#1876 = LINE('',#1877,#1878);
#1877 = CARTESIAN_POINT('',(-7.15,-17.,0.4));
#1878 = VECTOR('',#1879,1.);
#1879 = DIRECTION('',(-2.2E-16,-1.,0.));
#1880 = PLANE('',#1881);
#1881 = AXIS2_PLACEMENT_3D('',#1882,#1883,#1884);
#1882 = CARTESIAN_POINT('',(-7.35,-17.,0.2));
#1883 = DIRECTION('',(-0.707106781187,1.3E-16,0.707106781187));
#1884 = DIRECTION('',(-2.019238815543E-16,-1.,-1.807611844575E-17));
#1885 = ADVANCED_FACE('',(#1886),#1905,.T.);
#1886 = FACE_BOUND('',#1887,.F.);
#1887 = EDGE_LOOP('',(#1888,#1896,#1897,#1898));
#1888 = ORIENTED_EDGE('',*,*,#1889,.F.);
#1889 = EDGE_CURVE('',#426,#1890,#1892,.T.);
#1890 = VERTEX_POINT('',#1891);
#1891 = CARTESIAN_POINT('',(-13.9,-10.25,0.4));
#1892 = LINE('',#1893,#1894);
#1893 = CARTESIAN_POINT('',(-13.9,-10.45,0.2));
#1894 = VECTOR('',#1895,1.);
#1895 = DIRECTION('',(1.6E-16,0.707106781187,0.707106781187));
#1896 = ORIENTED_EDGE('',*,*,#425,.T.);
#1897 = ORIENTED_EDGE('',*,*,#1858,.T.);
#1898 = ORIENTED_EDGE('',*,*,#1899,.F.);
#1899 = EDGE_CURVE('',#1890,#1859,#1900,.T.);
#1900 = CIRCLE('',#1901,6.75);
#1901 = AXIS2_PLACEMENT_3D('',#1902,#1903,#1904);
#1902 = CARTESIAN_POINT('',(-13.9,-17.,0.4));
#1903 = DIRECTION('',(0.,0.,-1.));
#1904 = DIRECTION('',(5.3E-16,1.,0.));
#1905 = CONICAL_SURFACE('',#1906,6.75,0.785398163397);
#1906 = AXIS2_PLACEMENT_3D('',#1907,#1908,#1909);
#1907 = CARTESIAN_POINT('',(-13.9,-17.,0.4));
#1908 = DIRECTION('',(0.,0.,1.));
#1909 = DIRECTION('',(5.3E-16,1.,-0.));
#1910 = ADVANCED_FACE('',(#1911),#1930,.F.);
#1911 = FACE_BOUND('',#1912,.F.);
#1912 = EDGE_LOOP('',(#1913,#1914,#1915,#1923));
#1913 = ORIENTED_EDGE('',*,*,#1867,.F.);
#1914 = ORIENTED_EDGE('',*,*,#612,.T.);
#1915 = ORIENTED_EDGE('',*,*,#1916,.T.);
#1916 = EDGE_CURVE('',#605,#1917,#1919,.T.);
#1917 = VERTEX_POINT('',#1918);
#1918 = CARTESIAN_POINT('',(-5.15,-20.,0.4));
#1919 = LINE('',#1920,#1921);
#1920 = CARTESIAN_POINT('',(-5.15,-20.,0.4));
#1921 = VECTOR('',#1922,1.);
#1922 = DIRECTION('',(4.E-17,0.707106781187,0.707106781187));
#1923 = ORIENTED_EDGE('',*,*,#1924,.F.);
#1924 = EDGE_CURVE('',#1868,#1917,#1925,.T.);
#1925 = CIRCLE('',#1926,2.);
#1926 = AXIS2_PLACEMENT_3D('',#1927,#1928,#1929);
#1927 = CARTESIAN_POINT('',(-5.15,-18.,0.4));
#1928 = DIRECTION('',(0.,0.,1.));
#1929 = DIRECTION('',(-1.,0.,0.));
#1930 = CONICAL_SURFACE('',#1931,2.,0.785398163397);
#1931 = AXIS2_PLACEMENT_3D('',#1932,#1933,#1934);
#1932 = CARTESIAN_POINT('',(-5.15,-18.,0.4));
#1933 = DIRECTION('',(-0.,-0.,-1.));
#1934 = DIRECTION('',(-1.,0.,0.));
#1935 = ADVANCED_FACE('',(#1936),#1954,.T.);
#1936 = FACE_BOUND('',#1937,.F.);
#1937 = EDGE_LOOP('',(#1938,#1946,#1947,#1948));
#1938 = ORIENTED_EDGE('',*,*,#1939,.F.);
#1939 = EDGE_CURVE('',#435,#1940,#1942,.T.);
#1940 = VERTEX_POINT('',#1941);
#1941 = CARTESIAN_POINT('',(-18.,-10.25,0.4));
#1942 = LINE('',#1943,#1944);
#1943 = CARTESIAN_POINT('',(-18.,-10.25,0.4));
#1944 = VECTOR('',#1945,1.);
#1945 = DIRECTION('',(6.7E-16,0.707106781187,0.707106781187));
#1946 = ORIENTED_EDGE('',*,*,#434,.T.);
#1947 = ORIENTED_EDGE('',*,*,#1889,.T.);
#1948 = ORIENTED_EDGE('',*,*,#1949,.F.);
#1949 = EDGE_CURVE('',#1940,#1890,#1950,.T.);
#1950 = LINE('',#1951,#1952);
#1951 = CARTESIAN_POINT('',(-18.,-10.25,0.4));
#1952 = VECTOR('',#1953,1.);
#1953 = DIRECTION('',(1.,-2.2E-16,0.));
#1954 = PLANE('',#1955);
#1955 = AXIS2_PLACEMENT_3D('',#1956,#1957,#1958);
#1956 = CARTESIAN_POINT('',(-18.,-10.45,0.2));
#1957 = DIRECTION('',(1.3E-16,0.707106781187,-0.707106781187));
#1958 = DIRECTION('',(-1.,2.019238815543E-16,1.807611844575E-17));
#1959 = ADVANCED_FACE('',(#1960),#1978,.F.);
#1960 = FACE_BOUND('',#1961,.F.);
#1961 = EDGE_LOOP('',(#1962,#1963,#1964,#1972));
#1962 = ORIENTED_EDGE('',*,*,#1916,.F.);
#1963 = ORIENTED_EDGE('',*,*,#604,.T.);
#1964 = ORIENTED_EDGE('',*,*,#1965,.T.);
#1965 = EDGE_CURVE('',#596,#1966,#1968,.T.);
#1966 = VERTEX_POINT('',#1967);
#1967 = CARTESIAN_POINT('',(5.15,-20.,0.4));
#1968 = LINE('',#1969,#1970);
#1969 = CARTESIAN_POINT('',(5.15,-20.2,0.2));
#1970 = VECTOR('',#1971,1.);
#1971 = DIRECTION('',(1.6E-16,0.707106781187,0.707106781187));
#1972 = ORIENTED_EDGE('',*,*,#1973,.F.);
#1973 = EDGE_CURVE('',#1917,#1966,#1974,.T.);
#1974 = LINE('',#1975,#1976);
#1975 = CARTESIAN_POINT('',(-5.15,-20.,0.4));
#1976 = VECTOR('',#1977,1.);
#1977 = DIRECTION('',(1.,-2.2E-16,0.));
#1978 = PLANE('',#1979);
#1979 = AXIS2_PLACEMENT_3D('',#1980,#1981,#1982);
#1980 = CARTESIAN_POINT('',(-5.15,-20.2,0.2));
#1981 = DIRECTION('',(-2.5E-16,-0.707106781187,0.707106781187));
#1982 = DIRECTION('',(1.,-2.867766952966E-16,6.677669529664E-17));
#1983 = ADVANCED_FACE('',(#1984),#2003,.F.);
#1984 = FACE_BOUND('',#1985,.F.);
#1985 = EDGE_LOOP('',(#1986,#1994,#1995,#1996));
#1986 = ORIENTED_EDGE('',*,*,#1987,.F.);
#1987 = EDGE_CURVE('',#443,#1988,#1990,.T.);
#1988 = VERTEX_POINT('',#1989);
#1989 = CARTESIAN_POINT('',(-20.,-8.25,0.4));
#1990 = LINE('',#1991,#1992);
#1991 = CARTESIAN_POINT('',(-20.2,-8.25,0.2));
#1992 = VECTOR('',#1993,1.);
#1993 = DIRECTION('',(0.707106781187,-1.6E-16,0.707106781187));
#1994 = ORIENTED_EDGE('',*,*,#442,.T.);
#1995 = ORIENTED_EDGE('',*,*,#1939,.T.);
#1996 = ORIENTED_EDGE('',*,*,#1997,.F.);
#1997 = EDGE_CURVE('',#1988,#1940,#1998,.T.);
#1998 = CIRCLE('',#1999,2.);
#1999 = AXIS2_PLACEMENT_3D('',#2000,#2001,#2002);
#2000 = CARTESIAN_POINT('',(-18.,-8.25,0.4));
#2001 = DIRECTION('',(0.,0.,1.));
#2002 = DIRECTION('',(-1.,8.9E-16,0.));
#2003 = CONICAL_SURFACE('',#2004,2.,0.785398163397);
#2004 = AXIS2_PLACEMENT_3D('',#2005,#2006,#2007);
#2005 = CARTESIAN_POINT('',(-18.,-8.25,0.4));
#2006 = DIRECTION('',(-0.,-0.,-1.));
#2007 = DIRECTION('',(-1.,8.9E-16,0.));
#2008 = ADVANCED_FACE('',(#2009),#2028,.F.);
#2009 = FACE_BOUND('',#2010,.F.);
#2010 = EDGE_LOOP('',(#2011,#2012,#2013,#2021));
#2011 = ORIENTED_EDGE('',*,*,#1965,.F.);
#2012 = ORIENTED_EDGE('',*,*,#595,.T.);
#2013 = ORIENTED_EDGE('',*,*,#2014,.T.);
#2014 = EDGE_CURVE('',#588,#2015,#2017,.T.);
#2015 = VERTEX_POINT('',#2016);
#2016 = CARTESIAN_POINT('',(7.15,-18.,0.4));
#2017 = LINE('',#2018,#2019);
#2018 = CARTESIAN_POINT('',(7.15,-18.,0.4));
#2019 = VECTOR('',#2020,1.);
#2020 = DIRECTION('',(-0.707106781187,6.7E-16,0.707106781187));
#2021 = ORIENTED_EDGE('',*,*,#2022,.F.);
#2022 = EDGE_CURVE('',#1966,#2015,#2023,.T.);
#2023 = CIRCLE('',#2024,2.);
#2024 = AXIS2_PLACEMENT_3D('',#2025,#2026,#2027);
#2025 = CARTESIAN_POINT('',(5.15,-18.,0.4));
#2026 = DIRECTION('',(0.,0.,1.));
#2027 = DIRECTION('',(-8.9E-16,-1.,0.));
#2028 = CONICAL_SURFACE('',#2029,2.,0.785398163397);
#2029 = AXIS2_PLACEMENT_3D('',#2030,#2031,#2032);
#2030 = CARTESIAN_POINT('',(5.15,-18.,0.4));
#2031 = DIRECTION('',(-0.,-0.,-1.));
#2032 = DIRECTION('',(-8.9E-16,-1.,0.));
#2033 = ADVANCED_FACE('',(#2034),#2052,.F.);
#2034 = FACE_BOUND('',#2035,.F.);
#2035 = EDGE_LOOP('',(#2036,#2044,#2045,#2046));
#2036 = ORIENTED_EDGE('',*,*,#2037,.F.);
#2037 = EDGE_CURVE('',#452,#2038,#2040,.T.);
#2038 = VERTEX_POINT('',#2039);
#2039 = CARTESIAN_POINT('',(-20.,8.25,0.4));
#2040 = LINE('',#2041,#2042);
#2041 = CARTESIAN_POINT('',(-20.,8.25,0.4));
#2042 = VECTOR('',#2043,1.);
#2043 = DIRECTION('',(0.707106781187,2.7E-16,0.707106781187));
#2044 = ORIENTED_EDGE('',*,*,#451,.T.);
#2045 = ORIENTED_EDGE('',*,*,#1987,.T.);
#2046 = ORIENTED_EDGE('',*,*,#2047,.F.);
#2047 = EDGE_CURVE('',#2038,#1988,#2048,.T.);
#2048 = LINE('',#2049,#2050);
#2049 = CARTESIAN_POINT('',(-20.,8.25,0.4));
#2050 = VECTOR('',#2051,1.);
#2051 = DIRECTION('',(-2.2E-16,-1.,0.));
#2052 = PLANE('',#2053);
#2053 = AXIS2_PLACEMENT_3D('',#2054,#2055,#2056);
#2054 = CARTESIAN_POINT('',(-20.2,8.25,0.2));
#2055 = DIRECTION('',(-0.707106781187,2.5E-16,0.707106781187));
#2056 = DIRECTION('',(-2.867766952966E-16,-1.,6.677669529664E-17));
#2057 = ADVANCED_FACE('',(#2058),#2076,.F.);
#2058 = FACE_BOUND('',#2059,.F.);
#2059 = EDGE_LOOP('',(#2060,#2061,#2062,#2070));
#2060 = ORIENTED_EDGE('',*,*,#2014,.F.);
#2061 = ORIENTED_EDGE('',*,*,#587,.T.);
#2062 = ORIENTED_EDGE('',*,*,#2063,.T.);
#2063 = EDGE_CURVE('',#579,#2064,#2066,.T.);
#2064 = VERTEX_POINT('',#2065);
#2065 = CARTESIAN_POINT('',(7.15,-17.,0.4));
#2066 = LINE('',#2067,#2068);
#2067 = CARTESIAN_POINT('',(7.35,-17.,0.2));
#2068 = VECTOR('',#2069,1.);
#2069 = DIRECTION('',(-0.707106781187,1.6E-16,0.707106781187));
#2070 = ORIENTED_EDGE('',*,*,#2071,.F.);
#2071 = EDGE_CURVE('',#2015,#2064,#2072,.T.);
#2072 = LINE('',#2073,#2074);
#2073 = CARTESIAN_POINT('',(7.15,-18.,0.4));
#2074 = VECTOR('',#2075,1.);
#2075 = DIRECTION('',(2.2E-16,1.,0.));
#2076 = PLANE('',#2077);
#2077 = AXIS2_PLACEMENT_3D('',#2078,#2079,#2080);
#2078 = CARTESIAN_POINT('',(7.35,-18.,0.2));
#2079 = DIRECTION('',(0.707106781187,-1.9E-16,0.707106781187));
#2080 = DIRECTION('',(2.443502884254E-16,1.,2.435028842544E-17));
#2081 = ADVANCED_FACE('',(#2082),#2101,.F.);
#2082 = FACE_BOUND('',#2083,.F.);
#2083 = EDGE_LOOP('',(#2084,#2092,#2093,#2094));
#2084 = ORIENTED_EDGE('',*,*,#2085,.F.);
#2085 = EDGE_CURVE('',#460,#2086,#2088,.T.);
#2086 = VERTEX_POINT('',#2087);
#2087 = CARTESIAN_POINT('',(-18.,10.25,0.4));
#2088 = LINE('',#2089,#2090);
#2089 = CARTESIAN_POINT('',(-18.,10.45,0.2));
#2090 = VECTOR('',#2091,1.);
#2091 = DIRECTION('',(-1.6E-16,-0.707106781187,0.707106781187));
#2092 = ORIENTED_EDGE('',*,*,#459,.T.);
#2093 = ORIENTED_EDGE('',*,*,#2037,.T.);
#2094 = ORIENTED_EDGE('',*,*,#2095,.F.);
#2095 = EDGE_CURVE('',#2086,#2038,#2096,.T.);
#2096 = CIRCLE('',#2097,2.);
#2097 = AXIS2_PLACEMENT_3D('',#2098,#2099,#2100);
#2098 = CARTESIAN_POINT('',(-18.,8.25,0.4));
#2099 = DIRECTION('',(0.,-0.,1.));
#2100 = DIRECTION('',(0.,1.,0.));
#2101 = CONICAL_SURFACE('',#2102,2.,0.785398163397);
#2102 = AXIS2_PLACEMENT_3D('',#2103,#2104,#2105);
#2103 = CARTESIAN_POINT('',(-18.,8.25,0.4));
#2104 = DIRECTION('',(-0.,-0.,-1.));
#2105 = DIRECTION('',(0.,1.,0.));
#2106 = ADVANCED_FACE('',(#2107),#2126,.T.);
#2107 = FACE_BOUND('',#2108,.F.);
#2108 = EDGE_LOOP('',(#2109,#2110,#2111,#2119));
#2109 = ORIENTED_EDGE('',*,*,#2063,.F.);
#2110 = ORIENTED_EDGE('',*,*,#578,.T.);
#2111 = ORIENTED_EDGE('',*,*,#2112,.T.);
#2112 = EDGE_CURVE('',#571,#2113,#2115,.T.);
#2113 = VERTEX_POINT('',#2114);
#2114 = CARTESIAN_POINT('',(13.9,-10.25,0.4));
#2115 = LINE('',#2116,#2117);
#2116 = CARTESIAN_POINT('',(13.9,-10.25,0.4));
#2117 = VECTOR('',#2118,1.);
#2118 = DIRECTION('',(3.3E-16,0.707106781187,0.707106781187));
#2119 = ORIENTED_EDGE('',*,*,#2120,.F.);
#2120 = EDGE_CURVE('',#2064,#2113,#2121,.T.);
#2121 = CIRCLE('',#2122,6.75);
#2122 = AXIS2_PLACEMENT_3D('',#2123,#2124,#2125);
#2123 = CARTESIAN_POINT('',(13.9,-17.,0.4));
#2124 = DIRECTION('',(0.,0.,-1.));
#2125 = DIRECTION('',(-1.,5.3E-16,0.));
#2126 = CONICAL_SURFACE('',#2127,6.75,0.785398163397);
#2127 = AXIS2_PLACEMENT_3D('',#2128,#2129,#2130);
#2128 = CARTESIAN_POINT('',(13.9,-17.,0.4));
#2129 = DIRECTION('',(0.,0.,1.));
#2130 = DIRECTION('',(-1.,5.3E-16,0.));
#2131 = ADVANCED_FACE('',(#2132),#2150,.F.);
#2132 = FACE_BOUND('',#2133,.F.);
#2133 = EDGE_LOOP('',(#2134,#2142,#2143,#2144));
#2134 = ORIENTED_EDGE('',*,*,#2135,.F.);
#2135 = EDGE_CURVE('',#469,#2136,#2138,.T.);
#2136 = VERTEX_POINT('',#2137);
#2137 = CARTESIAN_POINT('',(-13.9,10.25,0.4));
#2138 = LINE('',#2139,#2140);
#2139 = CARTESIAN_POINT('',(-13.9,10.25,0.4));
#2140 = VECTOR('',#2141,1.);
#2141 = DIRECTION('',(-3.3E-16,-0.707106781187,0.707106781187));
#2142 = ORIENTED_EDGE('',*,*,#468,.T.);
#2143 = ORIENTED_EDGE('',*,*,#2085,.T.);
#2144 = ORIENTED_EDGE('',*,*,#2145,.F.);
#2145 = EDGE_CURVE('',#2136,#2086,#2146,.T.);
#2146 = LINE('',#2147,#2148);
#2147 = CARTESIAN_POINT('',(-13.9,10.25,0.4));
#2148 = VECTOR('',#2149,1.);
#2149 = DIRECTION('',(-1.,2.2E-16,0.));
#2150 = PLANE('',#2151);
#2151 = AXIS2_PLACEMENT_3D('',#2152,#2153,#2154);
#2152 = CARTESIAN_POINT('',(-13.9,10.45,0.2));
#2153 = DIRECTION('',(1.3E-16,0.707106781187,0.707106781187));
#2154 = DIRECTION('',(-1.,2.019238815543E-16,-1.807611844575E-17));
#2155 = ADVANCED_FACE('',(#2156),#2174,.T.);
#2156 = FACE_BOUND('',#2157,.F.);
#2157 = EDGE_LOOP('',(#2158,#2159,#2160,#2168));
#2158 = ORIENTED_EDGE('',*,*,#2112,.F.);
#2159 = ORIENTED_EDGE('',*,*,#570,.T.);
#2160 = ORIENTED_EDGE('',*,*,#2161,.T.);
#2161 = EDGE_CURVE('',#562,#2162,#2164,.T.);
#2162 = VERTEX_POINT('',#2163);
#2163 = CARTESIAN_POINT('',(18.,-10.25,0.4));
#2164 = LINE('',#2165,#2166);
#2165 = CARTESIAN_POINT('',(18.,-10.45,0.2));
#2166 = VECTOR('',#2167,1.);
#2167 = DIRECTION('',(-1.5E-16,0.707106781187,0.707106781187));
#2168 = ORIENTED_EDGE('',*,*,#2169,.F.);
#2169 = EDGE_CURVE('',#2113,#2162,#2170,.T.);
#2170 = LINE('',#2171,#2172);
#2171 = CARTESIAN_POINT('',(13.9,-10.25,0.4));
#2172 = VECTOR('',#2173,1.);
#2173 = DIRECTION('',(1.,2.1E-16,0.));
#2174 = PLANE('',#2175);
#2175 = AXIS2_PLACEMENT_3D('',#2176,#2177,#2178);
#2176 = CARTESIAN_POINT('',(13.9,-10.45,0.2));
#2177 = DIRECTION('',(-1.3E-16,0.707106781187,-0.707106781187));
#2178 = DIRECTION('',(-1.,-1.969238815543E-16,-1.307611844575E-17));
#2179 = ADVANCED_FACE('',(#2180),#2199,.T.);
#2180 = FACE_BOUND('',#2181,.F.);
#2181 = EDGE_LOOP('',(#2182,#2190,#2191,#2192));
#2182 = ORIENTED_EDGE('',*,*,#2183,.F.);
#2183 = EDGE_CURVE('',#477,#2184,#2186,.T.);
#2184 = VERTEX_POINT('',#2185);
#2185 = CARTESIAN_POINT('',(-7.15,17.,0.4));
#2186 = LINE('',#2187,#2188);
#2187 = CARTESIAN_POINT('',(-7.35,17.,0.2));
#2188 = VECTOR('',#2189,1.);
#2189 = DIRECTION('',(0.707106781187,-1.6E-16,0.707106781187));
#2190 = ORIENTED_EDGE('',*,*,#476,.T.);
#2191 = ORIENTED_EDGE('',*,*,#2135,.T.);
#2192 = ORIENTED_EDGE('',*,*,#2193,.F.);
#2193 = EDGE_CURVE('',#2184,#2136,#2194,.T.);
#2194 = CIRCLE('',#2195,6.75);
#2195 = AXIS2_PLACEMENT_3D('',#2196,#2197,#2198);
#2196 = CARTESIAN_POINT('',(-13.9,17.,0.4));
#2197 = DIRECTION('',(0.,-0.,-1.));
#2198 = DIRECTION('',(1.,-5.3E-16,0.));
#2199 = CONICAL_SURFACE('',#2200,6.75,0.785398163397);
#2200 = AXIS2_PLACEMENT_3D('',#2201,#2202,#2203);
#2201 = CARTESIAN_POINT('',(-13.9,17.,0.4));
#2202 = DIRECTION('',(0.,0.,1.));
#2203 = DIRECTION('',(1.,-5.3E-16,0.));
#2204 = ADVANCED_FACE('',(#2205),#2224,.F.);
#2205 = FACE_BOUND('',#2206,.F.);
#2206 = EDGE_LOOP('',(#2207,#2208,#2209,#2217));
#2207 = ORIENTED_EDGE('',*,*,#2161,.F.);
#2208 = ORIENTED_EDGE('',*,*,#561,.T.);
#2209 = ORIENTED_EDGE('',*,*,#2210,.T.);
#2210 = EDGE_CURVE('',#554,#2211,#2213,.T.);
#2211 = VERTEX_POINT('',#2212);
#2212 = CARTESIAN_POINT('',(20.,-8.25,0.4));
#2213 = LINE('',#2214,#2215);
#2214 = CARTESIAN_POINT('',(20.,-8.25,0.4));
#2215 = VECTOR('',#2216,1.);
#2216 = DIRECTION('',(-0.707106781187,6.7E-16,0.707106781187));
#2217 = ORIENTED_EDGE('',*,*,#2218,.F.);
#2218 = EDGE_CURVE('',#2162,#2211,#2219,.T.);
#2219 = CIRCLE('',#2220,2.);
#2220 = AXIS2_PLACEMENT_3D('',#2221,#2222,#2223);
#2221 = CARTESIAN_POINT('',(18.,-8.25,0.4));
#2222 = DIRECTION('',(-0.,0.,1.));
#2223 = DIRECTION('',(0.,-1.,0.));
#2224 = CONICAL_SURFACE('',#2225,2.,0.785398163397);
#2225 = AXIS2_PLACEMENT_3D('',#2226,#2227,#2228);
#2226 = CARTESIAN_POINT('',(18.,-8.25,0.4));
#2227 = DIRECTION('',(-0.,-0.,-1.));
#2228 = DIRECTION('',(0.,-1.,0.));
#2229 = ADVANCED_FACE('',(#2230),#2248,.T.);
#2230 = FACE_BOUND('',#2231,.F.);
#2231 = EDGE_LOOP('',(#2232,#2240,#2241,#2242));
#2232 = ORIENTED_EDGE('',*,*,#2233,.F.);
#2233 = EDGE_CURVE('',#486,#2234,#2236,.T.);
#2234 = VERTEX_POINT('',#2235);
#2235 = CARTESIAN_POINT('',(-7.15,18.,0.4));
#2236 = LINE('',#2237,#2238);
#2237 = CARTESIAN_POINT('',(-7.15,18.,0.4));
#2238 = VECTOR('',#2239,1.);
#2239 = DIRECTION('',(0.707106781187,-3.6E-16,0.707106781187));
#2240 = ORIENTED_EDGE('',*,*,#485,.T.);
#2241 = ORIENTED_EDGE('',*,*,#2183,.T.);
#2242 = ORIENTED_EDGE('',*,*,#2243,.F.);
#2243 = EDGE_CURVE('',#2234,#2184,#2244,.T.);
#2244 = LINE('',#2245,#2246);
#2245 = CARTESIAN_POINT('',(-7.15,18.,0.4));
#2246 = VECTOR('',#2247,1.);
#2247 = DIRECTION('',(-2.2E-16,-1.,-0.));
#2248 = PLANE('',#2249);
#2249 = AXIS2_PLACEMENT_3D('',#2250,#2251,#2252);
#2250 = CARTESIAN_POINT('',(-7.35,18.,0.2));
#2251 = DIRECTION('',(0.707106781187,-1.3E-16,-0.707106781187));
#2252 = DIRECTION('',(2.019238815543E-16,1.,1.807611844575E-17));
#2253 = ADVANCED_FACE('',(#2254),#2272,.F.);
#2254 = FACE_BOUND('',#2255,.F.);
#2255 = EDGE_LOOP('',(#2256,#2257,#2258,#2266));
#2256 = ORIENTED_EDGE('',*,*,#2210,.F.);
#2257 = ORIENTED_EDGE('',*,*,#553,.T.);
#2258 = ORIENTED_EDGE('',*,*,#2259,.T.);
#2259 = EDGE_CURVE('',#545,#2260,#2262,.T.);
#2260 = VERTEX_POINT('',#2261);
#2261 = CARTESIAN_POINT('',(20.,8.25,0.4));
#2262 = LINE('',#2263,#2264);
#2263 = CARTESIAN_POINT('',(20.2,8.25,0.2));
#2264 = VECTOR('',#2265,1.);
#2265 = DIRECTION('',(-0.707106781187,1.6E-16,0.707106781187));
#2266 = ORIENTED_EDGE('',*,*,#2267,.F.);
#2267 = EDGE_CURVE('',#2211,#2260,#2268,.T.);
#2268 = LINE('',#2269,#2270);
#2269 = CARTESIAN_POINT('',(20.,-8.25,0.4));
#2270 = VECTOR('',#2271,1.);
#2271 = DIRECTION('',(2.2E-16,1.,0.));
#2272 = PLANE('',#2273);
#2273 = AXIS2_PLACEMENT_3D('',#2274,#2275,#2276);
#2274 = CARTESIAN_POINT('',(20.2,-8.25,0.2));
#2275 = DIRECTION('',(0.707106781187,-2.6E-16,0.707106781187));
#2276 = DIRECTION('',(2.938477631085E-16,1.,7.38477631085E-17));
#2277 = ADVANCED_FACE('',(#2278),#2297,.F.);
#2278 = FACE_BOUND('',#2279,.F.);
#2279 = EDGE_LOOP('',(#2280,#2288,#2289,#2290));
#2280 = ORIENTED_EDGE('',*,*,#2281,.F.);
#2281 = EDGE_CURVE('',#494,#2282,#2284,.T.);
#2282 = VERTEX_POINT('',#2283);
#2283 = CARTESIAN_POINT('',(-5.15,20.,0.4));
#2284 = LINE('',#2285,#2286);
#2285 = CARTESIAN_POINT('',(-5.15,20.2,0.2));
#2286 = VECTOR('',#2287,1.);
#2287 = DIRECTION('',(-1.6E-16,-0.707106781187,0.707106781187));
#2288 = ORIENTED_EDGE('',*,*,#493,.T.);
#2289 = ORIENTED_EDGE('',*,*,#2233,.T.);
#2290 = ORIENTED_EDGE('',*,*,#2291,.F.);
#2291 = EDGE_CURVE('',#2282,#2234,#2292,.T.);
#2292 = CIRCLE('',#2293,2.);
#2293 = AXIS2_PLACEMENT_3D('',#2294,#2295,#2296);
#2294 = CARTESIAN_POINT('',(-5.15,18.,0.4));
#2295 = DIRECTION('',(0.,-0.,1.));
#2296 = DIRECTION('',(0.,1.,0.));
#2297 = CONICAL_SURFACE('',#2298,2.,0.785398163397);
#2298 = AXIS2_PLACEMENT_3D('',#2299,#2300,#2301);
#2299 = CARTESIAN_POINT('',(-5.15,18.,0.4));
#2300 = DIRECTION('',(-0.,-0.,-1.));
#2301 = DIRECTION('',(0.,1.,0.));
#2302 = ADVANCED_FACE('',(#2303),#2322,.F.);
#2303 = FACE_BOUND('',#2304,.F.);
#2304 = EDGE_LOOP('',(#2305,#2306,#2307,#2315));
#2305 = ORIENTED_EDGE('',*,*,#2259,.F.);
#2306 = ORIENTED_EDGE('',*,*,#544,.T.);
#2307 = ORIENTED_EDGE('',*,*,#2308,.T.);
#2308 = EDGE_CURVE('',#537,#2309,#2311,.T.);
#2309 = VERTEX_POINT('',#2310);
#2310 = CARTESIAN_POINT('',(18.,10.25,0.4));
#2311 = LINE('',#2312,#2313);
#2312 = CARTESIAN_POINT('',(18.,10.25,0.4));
#2313 = VECTOR('',#2314,1.);
#2314 = DIRECTION('',(-6.7E-16,-0.707106781187,0.707106781187));
#2315 = ORIENTED_EDGE('',*,*,#2316,.F.);
#2316 = EDGE_CURVE('',#2260,#2309,#2317,.T.);
#2317 = CIRCLE('',#2318,2.);
#2318 = AXIS2_PLACEMENT_3D('',#2319,#2320,#2321);
#2319 = CARTESIAN_POINT('',(18.,8.25,0.4));
#2320 = DIRECTION('',(0.,0.,1.));
#2321 = DIRECTION('',(1.,0.,-0.));
#2322 = CONICAL_SURFACE('',#2323,2.,0.785398163397);
#2323 = AXIS2_PLACEMENT_3D('',#2324,#2325,#2326);
#2324 = CARTESIAN_POINT('',(18.,8.25,0.4));
#2325 = DIRECTION('',(-0.,-0.,-1.));
#2326 = DIRECTION('',(1.,0.,-0.));
#2327 = ADVANCED_FACE('',(#2328),#2346,.T.);
#2328 = FACE_BOUND('',#2329,.F.);
#2329 = EDGE_LOOP('',(#2330,#2338,#2339,#2340));
#2330 = ORIENTED_EDGE('',*,*,#2331,.F.);
#2331 = EDGE_CURVE('',#503,#2332,#2334,.T.);
#2332 = VERTEX_POINT('',#2333);
#2333 = CARTESIAN_POINT('',(5.15,20.,0.4));
#2334 = LINE('',#2335,#2336);
#2335 = CARTESIAN_POINT('',(5.15,20.,0.4));
#2336 = VECTOR('',#2337,1.);
#2337 = DIRECTION('',(-6.7E-16,-0.707106781187,0.707106781187));
#2338 = ORIENTED_EDGE('',*,*,#502,.T.);
#2339 = ORIENTED_EDGE('',*,*,#2281,.T.);
#2340 = ORIENTED_EDGE('',*,*,#2341,.F.);
#2341 = EDGE_CURVE('',#2332,#2282,#2342,.T.);
#2342 = LINE('',#2343,#2344);
#2343 = CARTESIAN_POINT('',(5.15,20.,0.4));
#2344 = VECTOR('',#2345,1.);
#2345 = DIRECTION('',(-1.,2.2E-16,0.));
#2346 = PLANE('',#2347);
#2347 = AXIS2_PLACEMENT_3D('',#2348,#2349,#2350);
#2348 = CARTESIAN_POINT('',(5.15,20.2,0.2));
#2349 = DIRECTION('',(1.E-17,-0.707106781187,-0.707106781187));
#2350 = DIRECTION('',(1.,-1.079289321881E-16,1.220710678119E-16));
#2351 = ADVANCED_FACE('',(#2352),#2370,.F.);
#2352 = FACE_BOUND('',#2353,.F.);
#2353 = EDGE_LOOP('',(#2354,#2355,#2356,#2364));
#2354 = ORIENTED_EDGE('',*,*,#2308,.F.);
#2355 = ORIENTED_EDGE('',*,*,#536,.T.);
#2356 = ORIENTED_EDGE('',*,*,#2357,.T.);
#2357 = EDGE_CURVE('',#528,#2358,#2360,.T.);
#2358 = VERTEX_POINT('',#2359);
#2359 = CARTESIAN_POINT('',(13.9,10.25,0.4));
#2360 = LINE('',#2361,#2362);
#2361 = CARTESIAN_POINT('',(13.9,10.45,0.2));
#2362 = VECTOR('',#2363,1.);
#2363 = DIRECTION('',(-1.6E-16,-0.707106781187,0.707106781187));
#2364 = ORIENTED_EDGE('',*,*,#2365,.F.);
#2365 = EDGE_CURVE('',#2309,#2358,#2366,.T.);
#2366 = LINE('',#2367,#2368);
#2367 = CARTESIAN_POINT('',(18.,10.25,0.4));
#2368 = VECTOR('',#2369,1.);
#2369 = DIRECTION('',(-1.,2.2E-16,0.));
#2370 = PLANE('',#2371);
#2371 = AXIS2_PLACEMENT_3D('',#2372,#2373,#2374);
#2372 = CARTESIAN_POINT('',(18.,10.45,0.2));
#2373 = DIRECTION('',(1.3E-16,0.707106781187,0.707106781187));
#2374 = DIRECTION('',(-1.,2.019238815543E-16,-1.807611844575E-17));
#2375 = ADVANCED_FACE('',(#2376),#2395,.F.);
#2376 = FACE_BOUND('',#2377,.F.);
#2377 = EDGE_LOOP('',(#2378,#2386,#2387,#2388));
#2378 = ORIENTED_EDGE('',*,*,#2379,.F.);
#2379 = EDGE_CURVE('',#511,#2380,#2382,.T.);
#2380 = VERTEX_POINT('',#2381);
#2381 = CARTESIAN_POINT('',(7.15,18.,0.4));
#2382 = LINE('',#2383,#2384);
#2383 = CARTESIAN_POINT('',(7.35,18.,0.2));
#2384 = VECTOR('',#2385,1.);
#2385 = DIRECTION('',(-0.707106781187,1.6E-16,0.707106781187));
#2386 = ORIENTED_EDGE('',*,*,#510,.T.);
#2387 = ORIENTED_EDGE('',*,*,#2331,.T.);
#2388 = ORIENTED_EDGE('',*,*,#2389,.F.);
#2389 = EDGE_CURVE('',#2380,#2332,#2390,.T.);
#2390 = CIRCLE('',#2391,2.);
#2391 = AXIS2_PLACEMENT_3D('',#2392,#2393,#2394);
#2392 = CARTESIAN_POINT('',(5.15,18.,0.4));
#2393 = DIRECTION('',(0.,0.,1.));
#2394 = DIRECTION('',(1.,0.,-0.));
#2395 = CONICAL_SURFACE('',#2396,2.,0.785398163397);
#2396 = AXIS2_PLACEMENT_3D('',#2397,#2398,#2399);
#2397 = CARTESIAN_POINT('',(5.15,18.,0.4));
#2398 = DIRECTION('',(-0.,-0.,-1.));
#2399 = DIRECTION('',(1.,0.,-0.));
#2400 = ADVANCED_FACE('',(#2401),#2420,.T.);
#2401 = FACE_BOUND('',#2402,.F.);
#2402 = EDGE_LOOP('',(#2403,#2404,#2405,#2413));
#2403 = ORIENTED_EDGE('',*,*,#2357,.F.);
#2404 = ORIENTED_EDGE('',*,*,#527,.T.);
#2405 = ORIENTED_EDGE('',*,*,#2406,.T.);
#2406 = EDGE_CURVE('',#520,#2407,#2409,.T.);
#2407 = VERTEX_POINT('',#2408);
#2408 = CARTESIAN_POINT('',(7.15,17.,0.4));
#2409 = LINE('',#2410,#2411);
#2410 = CARTESIAN_POINT('',(7.15,17.,0.4));
#2411 = VECTOR('',#2412,1.);
#2412 = DIRECTION('',(-0.707106781187,-1.E-17,0.707106781187));
#2413 = ORIENTED_EDGE('',*,*,#2414,.F.);
#2414 = EDGE_CURVE('',#2358,#2407,#2415,.T.);
#2415 = CIRCLE('',#2416,6.75);
#2416 = AXIS2_PLACEMENT_3D('',#2417,#2418,#2419);
#2417 = CARTESIAN_POINT('',(13.9,17.,0.4));
#2418 = DIRECTION('',(-0.,0.,-1.));
#2419 = DIRECTION('',(-2.6E-16,-1.,0.));
#2420 = CONICAL_SURFACE('',#2421,6.75,0.785398163397);
#2421 = AXIS2_PLACEMENT_3D('',#2422,#2423,#2424);
#2422 = CARTESIAN_POINT('',(13.9,17.,0.4));
#2423 = DIRECTION('',(0.,0.,1.));
#2424 = DIRECTION('',(-2.6E-16,-1.,0.));
#2425 = ADVANCED_FACE('',(#2426),#2437,.T.);
#2426 = FACE_BOUND('',#2427,.F.);
#2427 = EDGE_LOOP('',(#2428,#2429,#2430,#2431));
#2428 = ORIENTED_EDGE('',*,*,#2406,.F.);
#2429 = ORIENTED_EDGE('',*,*,#519,.T.);
#2430 = ORIENTED_EDGE('',*,*,#2379,.T.);
#2431 = ORIENTED_EDGE('',*,*,#2432,.F.);
#2432 = EDGE_CURVE('',#2407,#2380,#2433,.T.);
#2433 = LINE('',#2434,#2435);
#2434 = CARTESIAN_POINT('',(7.15,17.,0.4));
#2435 = VECTOR('',#2436,1.);
#2436 = DIRECTION('',(2.2E-16,1.,0.));
#2437 = PLANE('',#2438);
#2438 = AXIS2_PLACEMENT_3D('',#2439,#2440,#2441);
#2439 = CARTESIAN_POINT('',(7.35,17.,0.2));
#2440 = DIRECTION('',(-0.707106781187,1.3E-16,-0.707106781187));
#2441 = DIRECTION('',(-2.019238815543E-16,-1.,1.807611844575E-17));
#2442 = ADVANCED_FACE('',(#2443),#2462,.F.);
#2443 = FACE_BOUND('',#2444,.F.);
#2444 = EDGE_LOOP('',(#2445,#2453,#2454,#2455));
#2445 = ORIENTED_EDGE('',*,*,#2446,.F.);
#2446 = EDGE_CURVE('',#622,#2447,#2449,.T.);
#2447 = VERTEX_POINT('',#2448);
#2448 = CARTESIAN_POINT('',(-15.25,-13.2,0.4));
#2449 = LINE('',#2450,#2451);
#2450 = CARTESIAN_POINT('',(-15.25,-13.2,0.4));
#2451 = VECTOR('',#2452,1.);
#2452 = DIRECTION('',(6.1E-16,-0.707106781187,0.707106781187));
#2453 = ORIENTED_EDGE('',*,*,#621,.T.);
#2454 = ORIENTED_EDGE('',*,*,#2446,.T.);
#2455 = ORIENTED_EDGE('',*,*,#2456,.F.);
#2456 = EDGE_CURVE('',#2447,#2447,#2457,.T.);
#2457 = CIRCLE('',#2458,2.05);
#2458 = AXIS2_PLACEMENT_3D('',#2459,#2460,#2461);
#2459 = CARTESIAN_POINT('',(-15.25,-15.25,0.4));
#2460 = DIRECTION('',(0.,0.,1.));
#2461 = DIRECTION('',(-8.7E-16,1.,0.));
#2462 = CONICAL_SURFACE('',#2463,2.05,0.785398163397);
#2463 = AXIS2_PLACEMENT_3D('',#2464,#2465,#2466);
#2464 = CARTESIAN_POINT('',(-15.25,-15.25,0.4));
#2465 = DIRECTION('',(-0.,-0.,-1.));
#2466 = DIRECTION('',(-8.7E-16,1.,0.));
#2467 = ADVANCED_FACE('',(#2468),#2487,.F.);
#2468 = FACE_BOUND('',#2469,.F.);
#2469 = EDGE_LOOP('',(#2470,#2478,#2479,#2480));
#2470 = ORIENTED_EDGE('',*,*,#2471,.F.);
#2471 = EDGE_CURVE('',#633,#2472,#2474,.T.);
#2472 = VERTEX_POINT('',#2473);
#2473 = CARTESIAN_POINT('',(-15.25,17.3,0.4));
#2474 = LINE('',#2475,#2476);
#2475 = CARTESIAN_POINT('',(-15.25,17.3,0.4));
#2476 = VECTOR('',#2477,1.);
#2477 = DIRECTION('',(6.1E-16,-0.707106781187,0.707106781187));
#2478 = ORIENTED_EDGE('',*,*,#632,.T.);
#2479 = ORIENTED_EDGE('',*,*,#2471,.T.);
#2480 = ORIENTED_EDGE('',*,*,#2481,.F.);
#2481 = EDGE_CURVE('',#2472,#2472,#2482,.T.);
#2482 = CIRCLE('',#2483,2.05);
#2483 = AXIS2_PLACEMENT_3D('',#2484,#2485,#2486);
#2484 = CARTESIAN_POINT('',(-15.25,15.25,0.4));
#2485 = DIRECTION('',(0.,0.,1.));
#2486 = DIRECTION('',(-8.7E-16,1.,0.));
#2487 = CONICAL_SURFACE('',#2488,2.05,0.785398163397);
#2488 = AXIS2_PLACEMENT_3D('',#2489,#2490,#2491);
#2489 = CARTESIAN_POINT('',(-15.25,15.25,0.4));
#2490 = DIRECTION('',(-0.,-0.,-1.));
#2491 = DIRECTION('',(-8.7E-16,1.,0.));
#2492 = ADVANCED_FACE('',(#2493),#2512,.F.);
#2493 = FACE_BOUND('',#2494,.F.);
#2494 = EDGE_LOOP('',(#2495,#2503,#2504,#2505));
#2495 = ORIENTED_EDGE('',*,*,#2496,.F.);
#2496 = EDGE_CURVE('',#644,#2497,#2499,.T.);
#2497 = VERTEX_POINT('',#2498);
#2498 = CARTESIAN_POINT('',(15.25,17.3,0.4));
#2499 = LINE('',#2500,#2501);
#2500 = CARTESIAN_POINT('',(15.25,17.3,0.4));
#2501 = VECTOR('',#2502,1.);
#2502 = DIRECTION('',(0.,-0.707106781187,0.707106781187));
#2503 = ORIENTED_EDGE('',*,*,#643,.T.);
#2504 = ORIENTED_EDGE('',*,*,#2496,.T.);
#2505 = ORIENTED_EDGE('',*,*,#2506,.F.);
#2506 = EDGE_CURVE('',#2497,#2497,#2507,.T.);
#2507 = CIRCLE('',#2508,2.05);
#2508 = AXIS2_PLACEMENT_3D('',#2509,#2510,#2511);
#2509 = CARTESIAN_POINT('',(15.25,15.25,0.4));
#2510 = DIRECTION('',(0.,-0.,1.));
#2511 = DIRECTION('',(0.,1.,0.));
#2512 = CONICAL_SURFACE('',#2513,2.05,0.785398163397);
#2513 = AXIS2_PLACEMENT_3D('',#2514,#2515,#2516);
#2514 = CARTESIAN_POINT('',(15.25,15.25,0.4));
#2515 = DIRECTION('',(-0.,-0.,-1.));
#2516 = DIRECTION('',(0.,1.,0.));
#2517 = ADVANCED_FACE('',(#2518),#2537,.F.);
#2518 = FACE_BOUND('',#2519,.F.);
#2519 = EDGE_LOOP('',(#2520,#2528,#2529,#2530));
#2520 = ORIENTED_EDGE('',*,*,#2521,.F.);
#2521 = EDGE_CURVE('',#655,#2522,#2524,.T.);
#2522 = VERTEX_POINT('',#2523);
#2523 = CARTESIAN_POINT('',(15.25,-13.2,0.4));
#2524 = LINE('',#2525,#2526);
#2525 = CARTESIAN_POINT('',(15.25,-13.2,0.4));
#2526 = VECTOR('',#2527,1.);
#2527 = DIRECTION('',(0.,-0.707106781187,0.707106781187));
#2528 = ORIENTED_EDGE('',*,*,#654,.T.);
#2529 = ORIENTED_EDGE('',*,*,#2521,.T.);
#2530 = ORIENTED_EDGE('',*,*,#2531,.F.);
#2531 = EDGE_CURVE('',#2522,#2522,#2532,.T.);
#2532 = CIRCLE('',#2533,2.05);
#2533 = AXIS2_PLACEMENT_3D('',#2534,#2535,#2536);
#2534 = CARTESIAN_POINT('',(15.25,-15.25,0.4));
#2535 = DIRECTION('',(0.,-0.,1.));
#2536 = DIRECTION('',(0.,1.,0.));
#2537 = CONICAL_SURFACE('',#2538,2.05,0.785398163397);
#2538 = AXIS2_PLACEMENT_3D('',#2539,#2540,#2541);
#2539 = CARTESIAN_POINT('',(15.25,-15.25,0.4));
#2540 = DIRECTION('',(-0.,-0.,-1.));
#2541 = DIRECTION('',(0.,1.,0.));
#2542 = ADVANCED_FACE('',(#2543),#2562,.F.);
#2543 = FACE_BOUND('',#2544,.F.);
#2544 = EDGE_LOOP('',(#2545,#2553,#2554,#2555));
#2545 = ORIENTED_EDGE('',*,*,#2546,.F.);
#2546 = EDGE_CURVE('',#666,#2547,#2549,.T.);
#2547 = VERTEX_POINT('',#2548);
#2548 = CARTESIAN_POINT('',(31.42,-12.95,0.4));
#2549 = LINE('',#2550,#2551);
#2550 = CARTESIAN_POINT('',(31.42,-12.95,0.4));
#2551 = VECTOR('',#2552,1.);
#2552 = DIRECTION('',(0.,-0.707106781187,0.707106781187));
#2553 = ORIENTED_EDGE('',*,*,#665,.T.);
#2554 = ORIENTED_EDGE('',*,*,#2546,.T.);
#2555 = ORIENTED_EDGE('',*,*,#2556,.F.);
#2556 = EDGE_CURVE('',#2547,#2547,#2557,.T.);
#2557 = CIRCLE('',#2558,2.05);
#2558 = AXIS2_PLACEMENT_3D('',#2559,#2560,#2561);
#2559 = CARTESIAN_POINT('',(31.42,-15.,0.4));
#2560 = DIRECTION('',(0.,-0.,1.));
#2561 = DIRECTION('',(0.,1.,0.));
#2562 = CONICAL_SURFACE('',#2563,2.05,0.785398163397);
#2563 = AXIS2_PLACEMENT_3D('',#2564,#2565,#2566);
#2564 = CARTESIAN_POINT('',(31.42,-15.,0.4));
#2565 = DIRECTION('',(-0.,-0.,-1.));
#2566 = DIRECTION('',(0.,1.,0.));
#2567 = ADVANCED_FACE('',(#2568),#2587,.F.);
#2568 = FACE_BOUND('',#2569,.F.);
#2569 = EDGE_LOOP('',(#2570,#2578,#2579,#2580));
#2570 = ORIENTED_EDGE('',*,*,#2571,.F.);
#2571 = EDGE_CURVE('',#677,#2572,#2574,.T.);
#2572 = VERTEX_POINT('',#2573);
#2573 = CARTESIAN_POINT('',(31.42,17.05,0.4));
#2574 = LINE('',#2575,#2576);
#2575 = CARTESIAN_POINT('',(31.42,17.05,0.4));
#2576 = VECTOR('',#2577,1.);
#2577 = DIRECTION('',(0.,-0.707106781187,0.707106781187));
#2578 = ORIENTED_EDGE('',*,*,#676,.T.);
#2579 = ORIENTED_EDGE('',*,*,#2571,.T.);
#2580 = ORIENTED_EDGE('',*,*,#2581,.F.);
#2581 = EDGE_CURVE('',#2572,#2572,#2582,.T.);
#2582 = CIRCLE('',#2583,2.05);
#2583 = AXIS2_PLACEMENT_3D('',#2584,#2585,#2586);
#2584 = CARTESIAN_POINT('',(31.42,15.,0.4));
#2585 = DIRECTION('',(0.,-0.,1.));
#2586 = DIRECTION('',(0.,1.,0.));
#2587 = CONICAL_SURFACE('',#2588,2.05,0.785398163397);
#2588 = AXIS2_PLACEMENT_3D('',#2589,#2590,#2591);
#2589 = CARTESIAN_POINT('',(31.42,15.,0.4));
#2590 = DIRECTION('',(-0.,-0.,-1.));
#2591 = DIRECTION('',(0.,1.,0.));
#2592 = ADVANCED_FACE('',(#2593),#2612,.F.);
#2593 = FACE_BOUND('',#2594,.F.);
#2594 = EDGE_LOOP('',(#2595,#2603,#2604,#2605));
#2595 = ORIENTED_EDGE('',*,*,#2596,.F.);
#2596 = EDGE_CURVE('',#688,#2597,#2599,.T.);
#2597 = VERTEX_POINT('',#2598);
#2598 = CARTESIAN_POINT('',(-30.446,-12.95,0.4));
#2599 = LINE('',#2600,#2601);
#2600 = CARTESIAN_POINT('',(-30.446,-12.95,0.4));
#2601 = VECTOR('',#2602,1.);
#2602 = DIRECTION('',(0.,-0.707106781187,0.707106781187));
#2603 = ORIENTED_EDGE('',*,*,#687,.T.);
#2604 = ORIENTED_EDGE('',*,*,#2596,.T.);
#2605 = ORIENTED_EDGE('',*,*,#2606,.F.);
#2606 = EDGE_CURVE('',#2597,#2597,#2607,.T.);
#2607 = CIRCLE('',#2608,2.05);
#2608 = AXIS2_PLACEMENT_3D('',#2609,#2610,#2611);
#2609 = CARTESIAN_POINT('',(-30.446,-15.,0.4));
#2610 = DIRECTION('',(0.,-0.,1.));
#2611 = DIRECTION('',(0.,1.,0.));
#2612 = CONICAL_SURFACE('',#2613,2.05,0.785398163397);
#2613 = AXIS2_PLACEMENT_3D('',#2614,#2615,#2616);
#2614 = CARTESIAN_POINT('',(-30.446,-15.,0.4));
#2615 = DIRECTION('',(-0.,-0.,-1.));
#2616 = DIRECTION('',(0.,1.,0.));
#2617 = ADVANCED_FACE('',(#2618),#2637,.F.);
#2618 = FACE_BOUND('',#2619,.F.);
#2619 = EDGE_LOOP('',(#2620,#2628,#2629,#2630));
#2620 = ORIENTED_EDGE('',*,*,#2621,.F.);
#2621 = EDGE_CURVE('',#699,#2622,#2624,.T.);
#2622 = VERTEX_POINT('',#2623);
#2623 = CARTESIAN_POINT('',(-30.446,17.05,0.4));
#2624 = LINE('',#2625,#2626);
#2625 = CARTESIAN_POINT('',(-30.446,17.05,0.4));
#2626 = VECTOR('',#2627,1.);
#2627 = DIRECTION('',(0.,-0.707106781187,0.707106781187));
#2628 = ORIENTED_EDGE('',*,*,#698,.T.);
#2629 = ORIENTED_EDGE('',*,*,#2621,.T.);
#2630 = ORIENTED_EDGE('',*,*,#2631,.F.);
#2631 = EDGE_CURVE('',#2622,#2622,#2632,.T.);
#2632 = CIRCLE('',#2633,2.05);
#2633 = AXIS2_PLACEMENT_3D('',#2634,#2635,#2636);
#2634 = CARTESIAN_POINT('',(-30.446,15.,0.4));
#2635 = DIRECTION('',(0.,-0.,1.));
#2636 = DIRECTION('',(0.,1.,0.));
#2637 = CONICAL_SURFACE('',#2638,2.05,0.785398163397);
#2638 = AXIS2_PLACEMENT_3D('',#2639,#2640,#2641);
#2639 = CARTESIAN_POINT('',(-30.446,15.,0.4));
#2640 = DIRECTION('',(-0.,-0.,-1.));
#2641 = DIRECTION('',(0.,1.,0.));
#2642 = ADVANCED_FACE('',(#2643),#2662,.F.);
#2643 = FACE_BOUND('',#2644,.F.);
#2644 = EDGE_LOOP('',(#2645,#2653,#2654,#2655));
#2645 = ORIENTED_EDGE('',*,*,#2646,.F.);
#2646 = EDGE_CURVE('',#710,#2647,#2649,.T.);
#2647 = VERTEX_POINT('',#2648);
#2648 = CARTESIAN_POINT('',(-22.62741699797,-21.02741699797,0.4));
#2649 = LINE('',#2650,#2651);
#2650 = CARTESIAN_POINT('',(-22.62741699797,-21.02741699797,0.4));
#2651 = VECTOR('',#2652,1.);
#2652 = DIRECTION('',(0.,-0.707106781187,0.707106781187));
#2653 = ORIENTED_EDGE('',*,*,#709,.T.);
#2654 = ORIENTED_EDGE('',*,*,#2646,.T.);
#2655 = ORIENTED_EDGE('',*,*,#2656,.F.);
#2656 = EDGE_CURVE('',#2647,#2647,#2657,.T.);
#2657 = CIRCLE('',#2658,1.6);
#2658 = AXIS2_PLACEMENT_3D('',#2659,#2660,#2661);
#2659 = CARTESIAN_POINT('',(-22.62741699797,-22.62741699797,0.4));
#2660 = DIRECTION('',(0.,-0.,1.));
#2661 = DIRECTION('',(0.,1.,0.));
#2662 = CONICAL_SURFACE('',#2663,1.6,0.785398163397);
#2663 = AXIS2_PLACEMENT_3D('',#2664,#2665,#2666);
#2664 = CARTESIAN_POINT('',(-22.62741699797,-22.62741699797,0.4));
#2665 = DIRECTION('',(-0.,-0.,-1.));
#2666 = DIRECTION('',(0.,1.,0.));
#2667 = ADVANCED_FACE('',(#2668),#2687,.F.);
#2668 = FACE_BOUND('',#2669,.F.);
#2669 = EDGE_LOOP('',(#2670,#2678,#2679,#2680));
#2670 = ORIENTED_EDGE('',*,*,#2671,.F.);
#2671 = EDGE_CURVE('',#721,#2672,#2674,.T.);
#2672 = VERTEX_POINT('',#2673);
#2673 = CARTESIAN_POINT('',(-30.446,1.6,0.4));
#2674 = LINE('',#2675,#2676);
#2675 = CARTESIAN_POINT('',(-30.446,1.6,0.4));
#2676 = VECTOR('',#2677,1.);
#2677 = DIRECTION('',(0.,-0.707106781187,0.707106781187));
#2678 = ORIENTED_EDGE('',*,*,#720,.T.);
#2679 = ORIENTED_EDGE('',*,*,#2671,.T.);
#2680 = ORIENTED_EDGE('',*,*,#2681,.F.);
#2681 = EDGE_CURVE('',#2672,#2672,#2682,.T.);
#2682 = CIRCLE('',#2683,1.6);
#2683 = AXIS2_PLACEMENT_3D('',#2684,#2685,#2686);
#2684 = CARTESIAN_POINT('',(-30.446,6.76E-15,0.4));
#2685 = DIRECTION('',(0.,-0.,1.));
#2686 = DIRECTION('',(0.,1.,0.));
#2687 = CONICAL_SURFACE('',#2688,1.6,0.785398163397);
#2688 = AXIS2_PLACEMENT_3D('',#2689,#2690,#2691);
#2689 = CARTESIAN_POINT('',(-30.446,6.76E-15,0.4));
#2690 = DIRECTION('',(-0.,-0.,-1.));
#2691 = DIRECTION('',(0.,1.,0.));
#2692 = ADVANCED_FACE('',(#2693),#2712,.F.);
#2693 = FACE_BOUND('',#2694,.F.);
#2694 = EDGE_LOOP('',(#2695,#2703,#2704,#2705));
#2695 = ORIENTED_EDGE('',*,*,#2696,.F.);
#2696 = EDGE_CURVE('',#732,#2697,#2699,.T.);
#2697 = VERTEX_POINT('',#2698);
#2698 = CARTESIAN_POINT('',(-22.62741699797,24.22741699797,0.4));
#2699 = LINE('',#2700,#2701);
#2700 = CARTESIAN_POINT('',(-22.62741699797,24.22741699797,0.4));
#2701 = VECTOR('',#2702,1.);
#2702 = DIRECTION('',(-1.57E-15,-0.707106781187,0.707106781187));
#2703 = ORIENTED_EDGE('',*,*,#731,.T.);
#2704 = ORIENTED_EDGE('',*,*,#2696,.T.);
#2705 = ORIENTED_EDGE('',*,*,#2706,.F.);
#2706 = EDGE_CURVE('',#2697,#2697,#2707,.T.);
#2707 = CIRCLE('',#2708,1.6);
#2708 = AXIS2_PLACEMENT_3D('',#2709,#2710,#2711);
#2709 = CARTESIAN_POINT('',(-22.62741699797,22.62741699797,0.4));
#2710 = DIRECTION('',(0.,-0.,1.));
#2711 = DIRECTION('',(2.22E-15,1.,0.));
#2712 = CONICAL_SURFACE('',#2713,1.6,0.785398163397);
#2713 = AXIS2_PLACEMENT_3D('',#2714,#2715,#2716);
#2714 = CARTESIAN_POINT('',(-22.62741699797,22.62741699797,0.4));
#2715 = DIRECTION('',(-0.,-0.,-1.));
#2716 = DIRECTION('',(2.22E-15,1.,-0.));
#2717 = ADVANCED_FACE('',(#2718),#2737,.F.);
#2718 = FACE_BOUND('',#2719,.F.);
#2719 = EDGE_LOOP('',(#2720,#2728,#2729,#2730));
#2720 = ORIENTED_EDGE('',*,*,#2721,.F.);
#2721 = EDGE_CURVE('',#743,#2722,#2724,.T.);
#2722 = VERTEX_POINT('',#2723);
#2723 = CARTESIAN_POINT('',(7.E-15,33.6,0.4));
#2724 = LINE('',#2725,#2726);
#2725 = CARTESIAN_POINT('',(7.46E-15,33.6,0.4));
#2726 = VECTOR('',#2727,1.);
#2727 = DIRECTION('',(-1.6E-16,-0.707106781187,0.707106781187));
#2728 = ORIENTED_EDGE('',*,*,#742,.T.);
#2729 = ORIENTED_EDGE('',*,*,#2721,.T.);
#2730 = ORIENTED_EDGE('',*,*,#2731,.F.);
#2731 = EDGE_CURVE('',#2722,#2722,#2732,.T.);
#2732 = CIRCLE('',#2733,1.6);
#2733 = AXIS2_PLACEMENT_3D('',#2734,#2735,#2736);
#2734 = CARTESIAN_POINT('',(7.11E-15,32.,0.4));
#2735 = DIRECTION('',(0.,-0.,1.));
#2736 = DIRECTION('',(2.2E-16,1.,0.));
#2737 = CONICAL_SURFACE('',#2738,1.6,0.785398163397);
#2738 = AXIS2_PLACEMENT_3D('',#2739,#2740,#2741);
#2739 = CARTESIAN_POINT('',(7.11E-15,32.,0.4));
#2740 = DIRECTION('',(-0.,-0.,-1.));
#2741 = DIRECTION('',(2.2E-16,1.,-0.));
#2742 = ADVANCED_FACE('',(#2743),#2762,.F.);
#2743 = FACE_BOUND('',#2744,.F.);
#2744 = EDGE_LOOP('',(#2745,#2753,#2754,#2755));
#2745 = ORIENTED_EDGE('',*,*,#2746,.F.);
#2746 = EDGE_CURVE('',#754,#2747,#2749,.T.);
#2747 = VERTEX_POINT('',#2748);
#2748 = CARTESIAN_POINT('',(22.62741699797,24.22741699797,0.4));
#2749 = LINE('',#2750,#2751);
#2750 = CARTESIAN_POINT('',(22.62741699797,24.22741699797,0.4));
#2751 = VECTOR('',#2752,1.);
#2752 = DIRECTION('',(-1.57E-15,-0.707106781187,0.707106781187));
#2753 = ORIENTED_EDGE('',*,*,#753,.T.);
#2754 = ORIENTED_EDGE('',*,*,#2746,.T.);
#2755 = ORIENTED_EDGE('',*,*,#2756,.F.);
#2756 = EDGE_CURVE('',#2747,#2747,#2757,.T.);
#2757 = CIRCLE('',#2758,1.6);
#2758 = AXIS2_PLACEMENT_3D('',#2759,#2760,#2761);
#2759 = CARTESIAN_POINT('',(22.62741699797,22.62741699797,0.4));
#2760 = DIRECTION('',(0.,-0.,1.));
#2761 = DIRECTION('',(2.22E-15,1.,0.));
#2762 = CONICAL_SURFACE('',#2763,1.6,0.785398163397);
#2763 = AXIS2_PLACEMENT_3D('',#2764,#2765,#2766);
#2764 = CARTESIAN_POINT('',(22.62741699797,22.62741699797,0.4));
#2765 = DIRECTION('',(-0.,-0.,-1.));
#2766 = DIRECTION('',(2.22E-15,1.,-0.));
#2767 = ADVANCED_FACE('',(#2768),#2787,.F.);
#2768 = FACE_BOUND('',#2769,.F.);
#2769 = EDGE_LOOP('',(#2770,#2778,#2779,#2780));
#2770 = ORIENTED_EDGE('',*,*,#2771,.F.);
#2771 = EDGE_CURVE('',#765,#2772,#2774,.T.);
#2772 = VERTEX_POINT('',#2773);
#2773 = CARTESIAN_POINT('',(32.,1.6,0.4));
#2774 = LINE('',#2775,#2776);
#2775 = CARTESIAN_POINT('',(32.,1.6,0.4));
#2776 = VECTOR('',#2777,1.);
#2777 = DIRECTION('',(0.,-0.707106781187,0.707106781187));
#2778 = ORIENTED_EDGE('',*,*,#764,.T.);
#2779 = ORIENTED_EDGE('',*,*,#2771,.T.);
#2780 = ORIENTED_EDGE('',*,*,#2781,.F.);
#2781 = EDGE_CURVE('',#2772,#2772,#2782,.T.);
#2782 = CIRCLE('',#2783,1.6);
#2783 = AXIS2_PLACEMENT_3D('',#2784,#2785,#2786);
#2784 = CARTESIAN_POINT('',(32.,-7.11E-15,0.4));
#2785 = DIRECTION('',(0.,-0.,1.));
#2786 = DIRECTION('',(0.,1.,0.));
#2787 = CONICAL_SURFACE('',#2788,1.6,0.785398163397);
#2788 = AXIS2_PLACEMENT_3D('',#2789,#2790,#2791);
#2789 = CARTESIAN_POINT('',(32.,-7.11E-15,0.4));
#2790 = DIRECTION('',(-0.,-0.,-1.));
#2791 = DIRECTION('',(0.,1.,0.));
#2792 = ADVANCED_FACE('',(#2793),#2812,.F.);
#2793 = FACE_BOUND('',#2794,.F.);
#2794 = EDGE_LOOP('',(#2795,#2803,#2804,#2805));
#2795 = ORIENTED_EDGE('',*,*,#2796,.F.);
#2796 = EDGE_CURVE('',#776,#2797,#2799,.T.);
#2797 = VERTEX_POINT('',#2798);
#2798 = CARTESIAN_POINT('',(22.62741699797,-21.02741699797,0.4));
#2799 = LINE('',#2800,#2801);
#2800 = CARTESIAN_POINT('',(22.62741699797,-21.02741699797,0.4));
#2801 = VECTOR('',#2802,1.);
#2802 = DIRECTION('',(0.,-0.707106781187,0.707106781187));
#2803 = ORIENTED_EDGE('',*,*,#775,.T.);
#2804 = ORIENTED_EDGE('',*,*,#2796,.T.);
#2805 = ORIENTED_EDGE('',*,*,#2806,.F.);
#2806 = EDGE_CURVE('',#2797,#2797,#2807,.T.);
#2807 = CIRCLE('',#2808,1.6);
#2808 = AXIS2_PLACEMENT_3D('',#2809,#2810,#2811);
#2809 = CARTESIAN_POINT('',(22.62741699797,-22.62741699797,0.4));
#2810 = DIRECTION('',(0.,-0.,1.));
#2811 = DIRECTION('',(0.,1.,0.));
#2812 = CONICAL_SURFACE('',#2813,1.6,0.785398163397);
#2813 = AXIS2_PLACEMENT_3D('',#2814,#2815,#2816);
#2814 = CARTESIAN_POINT('',(22.62741699797,-22.62741699797,0.4));
#2815 = DIRECTION('',(-0.,-0.,-1.));
#2816 = DIRECTION('',(0.,1.,0.));
#2817 = ADVANCED_FACE('',(#2818),#2837,.F.);
#2818 = FACE_BOUND('',#2819,.F.);
#2819 = EDGE_LOOP('',(#2820,#2828,#2829,#2830));
#2820 = ORIENTED_EDGE('',*,*,#2821,.F.);
#2821 = EDGE_CURVE('',#787,#2822,#2824,.T.);
#2822 = VERTEX_POINT('',#2823);
#2823 = CARTESIAN_POINT('',(-7.E-15,-30.4,0.4));
#2824 = LINE('',#2825,#2826);
#2825 = CARTESIAN_POINT('',(-6.75E-15,-30.4,0.4));
#2826 = VECTOR('',#2827,1.);
#2827 = DIRECTION('',(-1.6E-16,-0.707106781187,0.707106781187));
#2828 = ORIENTED_EDGE('',*,*,#786,.T.);
#2829 = ORIENTED_EDGE('',*,*,#2821,.T.);
#2830 = ORIENTED_EDGE('',*,*,#2831,.F.);
#2831 = EDGE_CURVE('',#2822,#2822,#2832,.T.);
#2832 = CIRCLE('',#2833,1.6);
#2833 = AXIS2_PLACEMENT_3D('',#2834,#2835,#2836);
#2834 = CARTESIAN_POINT('',(-7.11E-15,-32.,0.4));
#2835 = DIRECTION('',(0.,-0.,1.));
#2836 = DIRECTION('',(2.2E-16,1.,0.));
#2837 = CONICAL_SURFACE('',#2838,1.6,0.785398163397);
#2838 = AXIS2_PLACEMENT_3D('',#2839,#2840,#2841);
#2839 = CARTESIAN_POINT('',(-7.11E-15,-32.,0.4));
#2840 = DIRECTION('',(-0.,-0.,-1.));
#2841 = DIRECTION('',(2.2E-16,1.,-0.));
#2842 = ADVANCED_FACE('',(#2843),#2862,.F.);
#2843 = FACE_BOUND('',#2844,.F.);
#2844 = EDGE_LOOP('',(#2845,#2853,#2854,#2855));
#2845 = ORIENTED_EDGE('',*,*,#2846,.F.);
#2846 = EDGE_CURVE('',#798,#2847,#2849,.T.);
#2847 = VERTEX_POINT('',#2848);
#2848 = CARTESIAN_POINT('',(37.141680490938,-52.87606147864,0.4));
#2849 = LINE('',#2850,#2851);
#2850 = CARTESIAN_POINT('',(37.141680490938,-52.87606147864,0.4));
#2851 = VECTOR('',#2852,1.);
#2852 = DIRECTION('',(0.,-0.707106781187,0.707106781187));
#2853 = ORIENTED_EDGE('',*,*,#797,.T.);
#2854 = ORIENTED_EDGE('',*,*,#2846,.T.);
#2855 = ORIENTED_EDGE('',*,*,#2856,.F.);
#2856 = EDGE_CURVE('',#2847,#2847,#2857,.T.);
#2857 = CIRCLE('',#2858,1.6);
#2858 = AXIS2_PLACEMENT_3D('',#2859,#2860,#2861);
#2859 = CARTESIAN_POINT('',(37.141680490938,-54.47606147864,0.4));
#2860 = DIRECTION('',(0.,-0.,1.));
#2861 = DIRECTION('',(0.,1.,0.));
#2862 = CONICAL_SURFACE('',#2863,1.6,0.785398163397);
#2863 = AXIS2_PLACEMENT_3D('',#2864,#2865,#2866);
#2864 = CARTESIAN_POINT('',(37.141680490938,-54.47606147864,0.4));
#2865 = DIRECTION('',(-0.,-0.,-1.));
#2866 = DIRECTION('',(0.,1.,0.));
#2867 = ADVANCED_FACE('',(#2868),#2887,.F.);
#2868 = FACE_BOUND('',#2869,.F.);
#2869 = EDGE_LOOP('',(#2870,#2878,#2879,#2880));
#2870 = ORIENTED_EDGE('',*,*,#2871,.F.);
#2871 = EDGE_CURVE('',#809,#2872,#2874,.T.);
#2872 = VERTEX_POINT('',#2873);
#2873 = CARTESIAN_POINT('',(37.141680490938,56.076061478649,0.4));
#2874 = LINE('',#2875,#2876);
#2875 = CARTESIAN_POINT('',(37.141680490938,56.076061478649,0.4));
#2876 = VECTOR('',#2877,1.);
#2877 = DIRECTION('',(0.,-0.707106781187,0.707106781187));
#2878 = ORIENTED_EDGE('',*,*,#808,.T.);
#2879 = ORIENTED_EDGE('',*,*,#2871,.T.);
#2880 = ORIENTED_EDGE('',*,*,#2881,.F.);
#2881 = EDGE_CURVE('',#2872,#2872,#2882,.T.);
#2882 = CIRCLE('',#2883,1.6);
#2883 = AXIS2_PLACEMENT_3D('',#2884,#2885,#2886);
#2884 = CARTESIAN_POINT('',(37.141680490938,54.476061478649,0.4));
#2885 = DIRECTION('',(0.,-0.,1.));
#2886 = DIRECTION('',(0.,1.,0.));
#2887 = CONICAL_SURFACE('',#2888,1.6,0.785398163397);
#2888 = AXIS2_PLACEMENT_3D('',#2889,#2890,#2891);
#2889 = CARTESIAN_POINT('',(37.141680490938,54.476061478649,0.4));
#2890 = DIRECTION('',(-0.,-0.,-1.));
#2891 = DIRECTION('',(0.,1.,0.));
#2892 = ADVANCED_FACE('',(#2893),#2912,.F.);
#2893 = FACE_BOUND('',#2894,.F.);
#2894 = EDGE_LOOP('',(#2895,#2903,#2904,#2905));
#2895 = ORIENTED_EDGE('',*,*,#2896,.F.);
#2896 = EDGE_CURVE('',#820,#2897,#2899,.T.);
#2897 = VERTEX_POINT('',#2898);
#2898 = CARTESIAN_POINT('',(-65.446,1.6,0.4));
#2899 = LINE('',#2900,#2901);
#2900 = CARTESIAN_POINT('',(-65.446,1.6,0.4));
#2901 = VECTOR('',#2902,1.);
#2902 = DIRECTION('',(0.,-0.707106781187,0.707106781187));
#2903 = ORIENTED_EDGE('',*,*,#819,.T.);
#2904 = ORIENTED_EDGE('',*,*,#2896,.T.);
#2905 = ORIENTED_EDGE('',*,*,#2906,.F.);
#2906 = EDGE_CURVE('',#2897,#2897,#2907,.T.);
#2907 = CIRCLE('',#2908,1.6);
#2908 = AXIS2_PLACEMENT_3D('',#2909,#2910,#2911);
#2909 = CARTESIAN_POINT('',(-65.446,1.453E-14,0.4));
#2910 = DIRECTION('',(0.,-0.,1.));
#2911 = DIRECTION('',(0.,1.,0.));
#2912 = CONICAL_SURFACE('',#2913,1.6,0.785398163397);
#2913 = AXIS2_PLACEMENT_3D('',#2914,#2915,#2916);
#2914 = CARTESIAN_POINT('',(-65.446,1.453E-14,0.4));
#2915 = DIRECTION('',(-0.,-0.,-1.));
#2916 = DIRECTION('',(0.,1.,0.));
#2917 = ADVANCED_FACE('',(#2918),#2929,.T.);
#2918 = FACE_BOUND('',#2919,.T.);
#2919 = EDGE_LOOP('',(#2920,#2921,#2922,#2928));
#2920 = ORIENTED_EDGE('',*,*,#1419,.F.);
#2921 = ORIENTED_EDGE('',*,*,#1435,.T.);
#2922 = ORIENTED_EDGE('',*,*,#2923,.T.);
#2923 = EDGE_CURVE('',#1436,#864,#2924,.T.);
#2924 = LINE('',#2925,#2926);
#2925 = CARTESIAN_POINT('',(-1.201623349388E-02,-37.4999980748,3.8));
#2926 = VECTOR('',#2927,1.);
#2927 = DIRECTION('',(2.265802716757E-04,0.707106744885,0.707106781187)
  );
#2928 = ORIENTED_EDGE('',*,*,#863,.F.);
#2929 = CONICAL_SURFACE('',#2930,37.5,0.785398163397);
#2930 = AXIS2_PLACEMENT_3D('',#2931,#2932,#2933);
#2931 = CARTESIAN_POINT('',(0.,0.,3.8));
#2932 = DIRECTION('',(-0.,-0.,-1.));
#2933 = DIRECTION('',(-0.774936195226,-0.632039471337,0.));
#2934 = ADVANCED_FACE('',(#2935),#2946,.F.);
#2935 = FACE_BOUND('',#2936,.T.);
#2936 = EDGE_LOOP('',(#2937,#2943,#2944,#2945));
#2937 = ORIENTED_EDGE('',*,*,#2938,.F.);
#2938 = EDGE_CURVE('',#1503,#969,#2939,.T.);
#2939 = LINE('',#2940,#2941);
#2940 = CARTESIAN_POINT('',(-29.06010732098,23.701480175145,3.8));
#2941 = VECTOR('',#2942,1.);
#2942 = DIRECTION('',(0.547962638631,-0.44691939616,0.707106781187));
#2943 = ORIENTED_EDGE('',*,*,#1502,.T.);
#2944 = ORIENTED_EDGE('',*,*,#1484,.T.);
#2945 = ORIENTED_EDGE('',*,*,#977,.F.);
#2946 = CONICAL_SURFACE('',#2947,50.824691015385,0.785398163397);
#2947 = AXIS2_PLACEMENT_3D('',#2948,#2949,#2950);
#2948 = CARTESIAN_POINT('',(-68.446,55.824691015385,3.8));
#2949 = DIRECTION('',(0.,0.,1.));
#2950 = DIRECTION('',(0.774936195226,-0.632039471337,0.));
#2951 = ADVANCED_FACE('',(#2952),#2971,.F.);
#2952 = FACE_BOUND('',#2953,.T.);
#2953 = EDGE_LOOP('',(#2954,#2955,#2964,#2970));
#2954 = ORIENTED_EDGE('',*,*,#2923,.F.);
#2955 = ORIENTED_EDGE('',*,*,#2956,.T.);
#2956 = EDGE_CURVE('',#1436,#2957,#2959,.T.);
#2957 = VERTEX_POINT('',#2958);
#2958 = CARTESIAN_POINT('',(33.835953864524,-59.27941150455,3.8));
#2959 = CIRCLE('',#2960,37.210257812366);
#2960 = AXIS2_PLACEMENT_3D('',#2961,#2962,#2963);
#2961 = CARTESIAN_POINT('',(-2.39396240603E-02,-74.71025397684,3.8));
#2962 = DIRECTION('',(0.,0.,-1.));
#2963 = DIRECTION('',(3.204328931702E-04,0.999999948661,0.));
#2964 = ORIENTED_EDGE('',*,*,#2965,.T.);
#2965 = EDGE_CURVE('',#2957,#873,#2966,.T.);
#2966 = LINE('',#2967,#2968);
#2967 = CARTESIAN_POINT('',(33.835953864524,-59.27941150455,3.8));
#2968 = VECTOR('',#2969,1.);
#2969 = DIRECTION('',(0.643439785254,0.293232403994,0.707106781187));
#2970 = ORIENTED_EDGE('',*,*,#872,.F.);
#2971 = CONICAL_SURFACE('',#2972,37.210257812366,0.785398163397);
#2972 = AXIS2_PLACEMENT_3D('',#2973,#2974,#2975);
#2973 = CARTESIAN_POINT('',(-2.39396240603E-02,-74.71025397684,3.8));
#2974 = DIRECTION('',(0.,0.,1.));
#2975 = DIRECTION('',(3.204328931702E-04,0.999999948661,0.));
#2976 = ADVANCED_FACE('',(#2977),#2996,.T.);
#2977 = FACE_BOUND('',#2978,.T.);
#2978 = EDGE_LOOP('',(#2979,#2987,#2994,#2995));
#2979 = ORIENTED_EDGE('',*,*,#2980,.F.);
#2980 = EDGE_CURVE('',#2981,#960,#2983,.T.);
#2981 = VERTEX_POINT('',#2982);
#2982 = CARTESIAN_POINT('',(-1.201623349358E-02,37.499998074802,3.8));
#2983 = LINE('',#2984,#2985);
#2984 = CARTESIAN_POINT('',(-1.201623349358E-02,37.499998074802,3.8));
#2985 = VECTOR('',#2986,1.);
#2986 = DIRECTION('',(2.265802716699E-04,-0.707106744885,0.707106781187)
  );
#2987 = ORIENTED_EDGE('',*,*,#2988,.T.);
#2988 = EDGE_CURVE('',#2981,#1503,#2989,.T.);
#2989 = CIRCLE('',#2990,37.5);
#2990 = AXIS2_PLACEMENT_3D('',#2991,#2992,#2993);
#2991 = CARTESIAN_POINT('',(0.,0.,3.8));
#2992 = DIRECTION('',(0.,0.,1.));
#2993 = DIRECTION('',(-3.204328931618E-04,0.999999948661,0.));
#2994 = ORIENTED_EDGE('',*,*,#2938,.T.);
#2995 = ORIENTED_EDGE('',*,*,#968,.F.);
#2996 = CONICAL_SURFACE('',#2997,37.5,0.785398163397);
#2997 = AXIS2_PLACEMENT_3D('',#2998,#2999,#3000);
#2998 = CARTESIAN_POINT('',(0.,0.,3.8));
#2999 = DIRECTION('',(-0.,-0.,-1.));
#3000 = DIRECTION('',(-3.204328931618E-04,0.999999948661,0.));
#3001 = ADVANCED_FACE('',(#3002),#3021,.T.);
#3002 = FACE_BOUND('',#3003,.T.);
#3003 = EDGE_LOOP('',(#3004,#3005,#3014,#3020));
#3004 = ORIENTED_EDGE('',*,*,#2965,.F.);
#3005 = ORIENTED_EDGE('',*,*,#3006,.T.);
#3006 = EDGE_CURVE('',#2957,#3007,#3009,.T.);
#3007 = VERTEX_POINT('',#3008);
#3008 = CARTESIAN_POINT('',(37.809917405122,-60.76521558922,3.8));
#3009 = CIRCLE('',#3010,3.);
#3010 = AXIS2_PLACEMENT_3D('',#3011,#3012,#3013);
#3011 = CARTESIAN_POINT('',(36.565837677154,-58.03533177659,3.8));
#3012 = DIRECTION('',(0.,0.,1.));
#3013 = DIRECTION('',(-0.909961270877,-0.414693242656,0.));
#3014 = ORIENTED_EDGE('',*,*,#3015,.T.);
#3015 = EDGE_CURVE('',#3007,#882,#3016,.T.);
#3016 = LINE('',#3017,#3018);
#3017 = CARTESIAN_POINT('',(37.809917405122,-60.76521558922,3.8));
#3018 = VECTOR('',#3019,1.);
#3019 = DIRECTION('',(-0.293232403994,0.643439785254,0.707106781187));
#3020 = ORIENTED_EDGE('',*,*,#881,.F.);
#3021 = CONICAL_SURFACE('',#3022,3.,0.785398163397);
#3022 = AXIS2_PLACEMENT_3D('',#3023,#3024,#3025);
#3023 = CARTESIAN_POINT('',(36.565837677154,-58.03533177659,3.8));
#3024 = DIRECTION('',(-0.,-0.,-1.));
#3025 = DIRECTION('',(-0.909961270877,-0.414693242656,0.));
#3026 = ADVANCED_FACE('',(#3027),#3046,.F.);
#3027 = FACE_BOUND('',#3028,.T.);
#3028 = EDGE_LOOP('',(#3029,#3037,#3044,#3045));
#3029 = ORIENTED_EDGE('',*,*,#3030,.F.);
#3030 = EDGE_CURVE('',#3031,#951,#3033,.T.);
#3031 = VERTEX_POINT('',#3032);
#3032 = CARTESIAN_POINT('',(33.835953864524,59.279411504559,3.8));
#3033 = LINE('',#3034,#3035);
#3034 = CARTESIAN_POINT('',(33.835953864524,59.279411504559,3.8));
#3035 = VECTOR('',#3036,1.);
#3036 = DIRECTION('',(0.643439785254,-0.293232403994,0.707106781187));
#3037 = ORIENTED_EDGE('',*,*,#3038,.T.);
#3038 = EDGE_CURVE('',#3031,#2981,#3039,.T.);
#3039 = CIRCLE('',#3040,37.210257812365);
#3040 = AXIS2_PLACEMENT_3D('',#3041,#3042,#3043);
#3041 = CARTESIAN_POINT('',(-2.393962405969E-02,74.710253976843,3.8));
#3042 = DIRECTION('',(0.,-0.,-1.));
#3043 = DIRECTION('',(0.909961270877,-0.414693242656,0.));
#3044 = ORIENTED_EDGE('',*,*,#2980,.T.);
#3045 = ORIENTED_EDGE('',*,*,#959,.F.);
#3046 = CONICAL_SURFACE('',#3047,37.210257812365,0.785398163397);
#3047 = AXIS2_PLACEMENT_3D('',#3048,#3049,#3050);
#3048 = CARTESIAN_POINT('',(-2.393962405969E-02,74.710253976843,3.8));
#3049 = DIRECTION('',(0.,0.,1.));
#3050 = DIRECTION('',(0.909961270877,-0.414693242656,0.));
#3051 = ADVANCED_FACE('',(#3052),#3070,.F.);
#3052 = FACE_BOUND('',#3053,.T.);
#3053 = EDGE_LOOP('',(#3054,#3055,#3063,#3069));
#3054 = ORIENTED_EDGE('',*,*,#3015,.F.);
#3055 = ORIENTED_EDGE('',*,*,#3056,.T.);
#3056 = EDGE_CURVE('',#3007,#3057,#3059,.T.);
#3057 = VERTEX_POINT('',#3058);
#3058 = CARTESIAN_POINT('',(41.449762488628,-59.10644261859,3.8));
#3059 = LINE('',#3060,#3061);
#3060 = CARTESIAN_POINT('',(37.809917405122,-60.76521558922,3.8));
#3061 = VECTOR('',#3062,1.);
#3062 = DIRECTION('',(0.909961270877,0.414693242656,0.));
#3063 = ORIENTED_EDGE('',*,*,#3064,.T.);
#3064 = EDGE_CURVE('',#3057,#891,#3065,.T.);
#3065 = LINE('',#3066,#3067);
#3066 = CARTESIAN_POINT('',(41.408293164363,-59.0154464915,3.9));
#3067 = VECTOR('',#3068,1.);
#3068 = DIRECTION('',(-0.293232403994,0.643439785254,0.707106781187));
#3069 = ORIENTED_EDGE('',*,*,#890,.F.);
#3070 = PLANE('',#3071);
#3071 = AXIS2_PLACEMENT_3D('',#3072,#3073,#3074);
#3072 = CARTESIAN_POINT('',(37.768448080857,-60.67421946213,3.9));
#3073 = DIRECTION('',(-0.293232403994,0.643439785254,-0.707106781187));
#3074 = DIRECTION('',(-0.909961270877,-0.414693242656,5.551115123126E-17
    ));
#3075 = ADVANCED_FACE('',(#3076),#3095,.T.);
#3076 = FACE_BOUND('',#3077,.T.);
#3077 = EDGE_LOOP('',(#3078,#3086,#3093,#3094));
#3078 = ORIENTED_EDGE('',*,*,#3079,.F.);
#3079 = EDGE_CURVE('',#3080,#943,#3082,.T.);
#3080 = VERTEX_POINT('',#3081);
#3081 = CARTESIAN_POINT('',(37.809917405122,60.76521558922,3.8));
#3082 = LINE('',#3083,#3084);
#3083 = CARTESIAN_POINT('',(37.768448080857,60.674219462133,3.9));
#3084 = VECTOR('',#3085,1.);
#3085 = DIRECTION('',(-0.293232403994,-0.643439785254,0.707106781187));
#3086 = ORIENTED_EDGE('',*,*,#3087,.T.);
#3087 = EDGE_CURVE('',#3080,#3031,#3088,.T.);
#3088 = CIRCLE('',#3089,3.);
#3089 = AXIS2_PLACEMENT_3D('',#3090,#3091,#3092);
#3090 = CARTESIAN_POINT('',(36.565837677154,58.035331776591,3.8));
#3091 = DIRECTION('',(0.,-0.,1.));
#3092 = DIRECTION('',(0.414693242656,0.909961270877,0.));
#3093 = ORIENTED_EDGE('',*,*,#3030,.T.);
#3094 = ORIENTED_EDGE('',*,*,#950,.F.);
#3095 = CONICAL_SURFACE('',#3096,3.,0.785398163397);
#3096 = AXIS2_PLACEMENT_3D('',#3097,#3098,#3099);
#3097 = CARTESIAN_POINT('',(36.565837677154,58.035331776591,3.8));
#3098 = DIRECTION('',(-0.,-0.,-1.));
#3099 = DIRECTION('',(0.414693242656,0.909961270877,0.));
#3100 = ADVANCED_FACE('',(#3101),#3120,.T.);
#3101 = FACE_BOUND('',#3102,.T.);
#3102 = EDGE_LOOP('',(#3103,#3104,#3113,#3119));
#3103 = ORIENTED_EDGE('',*,*,#3064,.F.);
#3104 = ORIENTED_EDGE('',*,*,#3105,.T.);
#3105 = EDGE_CURVE('',#3057,#3106,#3108,.T.);
#3106 = VERTEX_POINT('',#3107);
#3107 = CARTESIAN_POINT('',(42.935566573289,-55.13247907799,3.8));
#3108 = CIRCLE('',#3109,3.);
#3109 = AXIS2_PLACEMENT_3D('',#3110,#3111,#3112);
#3110 = CARTESIAN_POINT('',(40.20568276066,-56.37655880596,3.8));
#3111 = DIRECTION('',(-0.,0.,1.));
#3112 = DIRECTION('',(0.414693242656,-0.909961270877,0.));
#3113 = ORIENTED_EDGE('',*,*,#3114,.T.);
#3114 = EDGE_CURVE('',#3106,#899,#3115,.T.);
#3115 = LINE('',#3116,#3117);
#3116 = CARTESIAN_POINT('',(42.935566573289,-55.13247907799,3.8));
#3117 = VECTOR('',#3118,1.);
#3118 = DIRECTION('',(-0.643439785254,-0.293232403994,0.707106781187));
#3119 = ORIENTED_EDGE('',*,*,#898,.F.);
#3120 = CONICAL_SURFACE('',#3121,3.,0.785398163397);
#3121 = AXIS2_PLACEMENT_3D('',#3122,#3123,#3124);
#3122 = CARTESIAN_POINT('',(40.20568276066,-56.37655880596,3.8));
#3123 = DIRECTION('',(-0.,-0.,-1.));
#3124 = DIRECTION('',(0.414693242656,-0.909961270877,0.));
#3125 = ADVANCED_FACE('',(#3126),#3144,.T.);
#3126 = FACE_BOUND('',#3127,.T.);
#3127 = EDGE_LOOP('',(#3128,#3136,#3142,#3143));
#3128 = ORIENTED_EDGE('',*,*,#3129,.F.);
#3129 = EDGE_CURVE('',#3130,#934,#3132,.T.);
#3130 = VERTEX_POINT('',#3131);
#3131 = CARTESIAN_POINT('',(41.449762488628,59.106442618595,3.8));
#3132 = LINE('',#3133,#3134);
#3133 = CARTESIAN_POINT('',(41.449762488628,59.106442618595,3.8));
#3134 = VECTOR('',#3135,1.);
#3135 = DIRECTION('',(-0.293232403994,-0.643439785254,0.707106781187));
#3136 = ORIENTED_EDGE('',*,*,#3137,.T.);
#3137 = EDGE_CURVE('',#3130,#3080,#3138,.T.);
#3138 = LINE('',#3139,#3140);
#3139 = CARTESIAN_POINT('',(41.449762488628,59.106442618595,3.8));
#3140 = VECTOR('',#3141,1.);
#3141 = DIRECTION('',(-0.909961270877,0.414693242656,0.));
#3142 = ORIENTED_EDGE('',*,*,#3079,.T.);
#3143 = ORIENTED_EDGE('',*,*,#942,.F.);
#3144 = PLANE('',#3145);
#3145 = AXIS2_PLACEMENT_3D('',#3146,#3147,#3148);
#3146 = CARTESIAN_POINT('',(41.408293164363,59.015446491508,3.9));
#3147 = DIRECTION('',(0.293232403994,0.643439785254,0.707106781187));
#3148 = DIRECTION('',(-0.909961270877,0.414693242656,-2.498001805407E-16
    ));
#3149 = ADVANCED_FACE('',(#3150),#3169,.F.);
#3150 = FACE_BOUND('',#3151,.T.);
#3151 = EDGE_LOOP('',(#3152,#3153,#3162,#3168));
#3152 = ORIENTED_EDGE('',*,*,#3114,.F.);
#3153 = ORIENTED_EDGE('',*,*,#3154,.T.);
#3154 = EDGE_CURVE('',#3106,#3155,#3157,.T.);
#3155 = VERTEX_POINT('',#3156);
#3156 = CARTESIAN_POINT('',(37.5,-30.0977773458,3.8));
#3157 = CIRCLE('',#3158,60.369205854034);
#3158 = AXIS2_PLACEMENT_3D('',#3159,#3160,#3161);
#3159 = CARTESIAN_POINT('',(97.869205854034,-30.0977773458,3.8));
#3160 = DIRECTION('',(-0.,0.,-1.));
#3161 = DIRECTION('',(-0.909961270877,-0.414693242656,0.));
#3162 = ORIENTED_EDGE('',*,*,#3163,.T.);
#3163 = EDGE_CURVE('',#3155,#908,#3164,.T.);
#3164 = LINE('',#3165,#3166);
#3165 = CARTESIAN_POINT('',(37.5,-30.0977773458,3.8));
#3166 = VECTOR('',#3167,1.);
#3167 = DIRECTION('',(-0.707106781187,1.1E-16,0.707106781187));
#3168 = ORIENTED_EDGE('',*,*,#907,.F.);
#3169 = CONICAL_SURFACE('',#3170,60.369205854034,0.785398163397);
#3170 = AXIS2_PLACEMENT_3D('',#3171,#3172,#3173);
#3171 = CARTESIAN_POINT('',(97.869205854034,-30.0977773458,3.8));
#3172 = DIRECTION('',(0.,0.,1.));
#3173 = DIRECTION('',(-0.909961270877,-0.414693242656,0.));
#3174 = ADVANCED_FACE('',(#3175),#3194,.T.);
#3175 = FACE_BOUND('',#3176,.T.);
#3176 = EDGE_LOOP('',(#3177,#3185,#3192,#3193));
#3177 = ORIENTED_EDGE('',*,*,#3178,.F.);
#3178 = EDGE_CURVE('',#3179,#925,#3181,.T.);
#3179 = VERTEX_POINT('',#3180);
#3180 = CARTESIAN_POINT('',(42.935566573289,55.132479077997,3.8));
#3181 = LINE('',#3182,#3183);
#3182 = CARTESIAN_POINT('',(42.935566573289,55.132479077997,3.8));
#3183 = VECTOR('',#3184,1.);
#3184 = DIRECTION('',(-0.643439785254,0.293232403994,0.707106781187));
#3185 = ORIENTED_EDGE('',*,*,#3186,.T.);
#3186 = EDGE_CURVE('',#3179,#3130,#3187,.T.);
#3187 = CIRCLE('',#3188,3.);
#3188 = AXIS2_PLACEMENT_3D('',#3189,#3190,#3191);
#3189 = CARTESIAN_POINT('',(40.20568276066,56.376558805966,3.8));
#3190 = DIRECTION('',(-0.,0.,1.));
#3191 = DIRECTION('',(0.909961270877,-0.414693242656,0.));
#3192 = ORIENTED_EDGE('',*,*,#3129,.T.);
#3193 = ORIENTED_EDGE('',*,*,#933,.F.);
#3194 = CONICAL_SURFACE('',#3195,3.,0.785398163397);
#3195 = AXIS2_PLACEMENT_3D('',#3196,#3197,#3198);
#3196 = CARTESIAN_POINT('',(40.20568276066,56.376558805966,3.8));
#3197 = DIRECTION('',(-0.,-0.,-1.));
#3198 = DIRECTION('',(0.909961270877,-0.414693242656,0.));
#3199 = ADVANCED_FACE('',(#3200),#3218,.F.);
#3200 = FACE_BOUND('',#3201,.T.);
#3201 = EDGE_LOOP('',(#3202,#3203,#3211,#3217));
#3202 = ORIENTED_EDGE('',*,*,#3163,.F.);
#3203 = ORIENTED_EDGE('',*,*,#3204,.T.);
#3204 = EDGE_CURVE('',#3155,#3205,#3207,.T.);
#3205 = VERTEX_POINT('',#3206);
#3206 = CARTESIAN_POINT('',(37.5,30.097777345807,3.8));
#3207 = LINE('',#3208,#3209);
#3208 = CARTESIAN_POINT('',(37.5,-30.0977773458,3.8));
#3209 = VECTOR('',#3210,1.);
#3210 = DIRECTION('',(2.2E-16,1.,0.));
#3211 = ORIENTED_EDGE('',*,*,#3212,.T.);
#3212 = EDGE_CURVE('',#3205,#917,#3213,.T.);
#3213 = LINE('',#3214,#3215);
#3214 = CARTESIAN_POINT('',(37.4,30.097777345807,3.9));
#3215 = VECTOR('',#3216,1.);
#3216 = DIRECTION('',(-0.707106781187,1.6E-16,0.707106781187));
#3217 = ORIENTED_EDGE('',*,*,#916,.F.);
#3218 = PLANE('',#3219);
#3219 = AXIS2_PLACEMENT_3D('',#3220,#3221,#3222);
#3220 = CARTESIAN_POINT('',(37.4,-30.0977773458,3.9));
#3221 = DIRECTION('',(-0.707106781187,-0.,-0.707106781187));
#3222 = DIRECTION('',(-1.1E-16,-1.,1.1E-16));
#3223 = ADVANCED_FACE('',(#3224),#3236,.F.);
#3224 = FACE_BOUND('',#3225,.T.);
#3225 = EDGE_LOOP('',(#3226,#3227,#3234,#3235));
#3226 = ORIENTED_EDGE('',*,*,#3212,.F.);
#3227 = ORIENTED_EDGE('',*,*,#3228,.T.);
#3228 = EDGE_CURVE('',#3205,#3179,#3229,.T.);
#3229 = CIRCLE('',#3230,60.369205854032);
#3230 = AXIS2_PLACEMENT_3D('',#3231,#3232,#3233);
#3231 = CARTESIAN_POINT('',(97.869205854032,30.097777345807,3.8));
#3232 = DIRECTION('',(0.,0.,-1.));
#3233 = DIRECTION('',(-1.,6.E-17,0.));
#3234 = ORIENTED_EDGE('',*,*,#3178,.T.);
#3235 = ORIENTED_EDGE('',*,*,#924,.F.);
#3236 = CONICAL_SURFACE('',#3237,60.369205854032,0.785398163397);
#3237 = AXIS2_PLACEMENT_3D('',#3238,#3239,#3240);
#3238 = CARTESIAN_POINT('',(97.869205854032,30.097777345807,3.8));
#3239 = DIRECTION('',(0.,0.,1.));
#3240 = DIRECTION('',(-1.,6.E-17,0.));
#3241 = ADVANCED_FACE('',(#3242),#3267,.T.);
#3242 = FACE_BOUND('',#3243,.F.);
#3243 = EDGE_LOOP('',(#3244,#3252,#3260,#3266));
#3244 = ORIENTED_EDGE('',*,*,#3245,.F.);
#3245 = EDGE_CURVE('',#3246,#997,#3248,.T.);
#3246 = VERTEX_POINT('',#3247);
#3247 = CARTESIAN_POINT('',(-7.15,-17.,3.8));
#3248 = LINE('',#3249,#3250);
#3249 = CARTESIAN_POINT('',(-7.25,-17.,3.9));
#3250 = VECTOR('',#3251,1.);
#3251 = DIRECTION('',(-0.707106781187,1.6E-16,0.707106781187));
#3252 = ORIENTED_EDGE('',*,*,#3253,.T.);
#3253 = EDGE_CURVE('',#3246,#3254,#3256,.T.);
#3254 = VERTEX_POINT('',#3255);
#3255 = CARTESIAN_POINT('',(-7.15,-18.,3.8));
#3256 = LINE('',#3257,#3258);
#3257 = CARTESIAN_POINT('',(-7.15,-17.,3.8));
#3258 = VECTOR('',#3259,1.);
#3259 = DIRECTION('',(-2.2E-16,-1.,0.));
#3260 = ORIENTED_EDGE('',*,*,#3261,.T.);
#3261 = EDGE_CURVE('',#3254,#999,#3262,.T.);
#3262 = LINE('',#3263,#3264);
#3263 = CARTESIAN_POINT('',(-7.25,-18.,3.9));
#3264 = VECTOR('',#3265,1.);
#3265 = DIRECTION('',(-0.707106781187,1.6E-16,0.707106781187));
#3266 = ORIENTED_EDGE('',*,*,#996,.F.);
#3267 = PLANE('',#3268);
#3268 = AXIS2_PLACEMENT_3D('',#3269,#3270,#3271);
#3269 = CARTESIAN_POINT('',(-7.25,-17.,3.9));
#3270 = DIRECTION('',(0.707106781187,-1.9E-16,0.707106781187));
#3271 = DIRECTION('',(2.443502884254E-16,1.,2.435028842544E-17));
#3272 = ADVANCED_FACE('',(#3273),#3292,.T.);
#3273 = FACE_BOUND('',#3274,.F.);
#3274 = EDGE_LOOP('',(#3275,#3283,#3290,#3291));
#3275 = ORIENTED_EDGE('',*,*,#3276,.F.);
#3276 = EDGE_CURVE('',#3277,#1007,#3279,.T.);
#3277 = VERTEX_POINT('',#3278);
#3278 = CARTESIAN_POINT('',(-13.9,-10.25,3.8));
#3279 = LINE('',#3280,#3281);
#3280 = CARTESIAN_POINT('',(-13.9,-10.35,3.9));
#3281 = VECTOR('',#3282,1.);
#3282 = DIRECTION('',(-1.6E-16,-0.707106781187,0.707106781187));
#3283 = ORIENTED_EDGE('',*,*,#3284,.T.);
#3284 = EDGE_CURVE('',#3277,#3246,#3285,.T.);
#3285 = CIRCLE('',#3286,6.75);
#3286 = AXIS2_PLACEMENT_3D('',#3287,#3288,#3289);
#3287 = CARTESIAN_POINT('',(-13.9,-17.,3.8));
#3288 = DIRECTION('',(0.,0.,-1.));
#3289 = DIRECTION('',(5.3E-16,1.,0.));
#3290 = ORIENTED_EDGE('',*,*,#3245,.T.);
#3291 = ORIENTED_EDGE('',*,*,#1006,.F.);
#3292 = CONICAL_SURFACE('',#3293,6.75,0.785398163397);
#3293 = AXIS2_PLACEMENT_3D('',#3294,#3295,#3296);
#3294 = CARTESIAN_POINT('',(-13.9,-17.,3.8));
#3295 = DIRECTION('',(-0.,-0.,-1.));
#3296 = DIRECTION('',(5.3E-16,1.,0.));
#3297 = ADVANCED_FACE('',(#3298),#3317,.F.);
#3298 = FACE_BOUND('',#3299,.F.);
#3299 = EDGE_LOOP('',(#3300,#3301,#3310,#3316));
#3300 = ORIENTED_EDGE('',*,*,#3261,.F.);
#3301 = ORIENTED_EDGE('',*,*,#3302,.T.);
#3302 = EDGE_CURVE('',#3254,#3303,#3305,.T.);
#3303 = VERTEX_POINT('',#3304);
#3304 = CARTESIAN_POINT('',(-5.15,-20.,3.8));
#3305 = CIRCLE('',#3306,2.);
#3306 = AXIS2_PLACEMENT_3D('',#3307,#3308,#3309);
#3307 = CARTESIAN_POINT('',(-5.15,-18.,3.8));
#3308 = DIRECTION('',(0.,0.,1.));
#3309 = DIRECTION('',(-1.,0.,0.));
#3310 = ORIENTED_EDGE('',*,*,#3311,.T.);
#3311 = EDGE_CURVE('',#3303,#1186,#3312,.T.);
#3312 = LINE('',#3313,#3314);
#3313 = CARTESIAN_POINT('',(-5.15,-20.,3.8));
#3314 = VECTOR('',#3315,1.);
#3315 = DIRECTION('',(-4.E-17,-0.707106781187,0.707106781187));
#3316 = ORIENTED_EDGE('',*,*,#1193,.F.);
#3317 = CONICAL_SURFACE('',#3318,2.,0.785398163397);
#3318 = AXIS2_PLACEMENT_3D('',#3319,#3320,#3321);
#3319 = CARTESIAN_POINT('',(-5.15,-18.,3.8));
#3320 = DIRECTION('',(0.,0.,1.));
#3321 = DIRECTION('',(-1.,0.,0.));
#3322 = ADVANCED_FACE('',(#3323),#3341,.F.);
#3323 = FACE_BOUND('',#3324,.F.);
#3324 = EDGE_LOOP('',(#3325,#3333,#3339,#3340));
#3325 = ORIENTED_EDGE('',*,*,#3326,.F.);
#3326 = EDGE_CURVE('',#3327,#1016,#3329,.T.);
#3327 = VERTEX_POINT('',#3328);
#3328 = CARTESIAN_POINT('',(-18.,-10.25,3.8));
#3329 = LINE('',#3330,#3331);
#3330 = CARTESIAN_POINT('',(-18.,-10.25,3.8));
#3331 = VECTOR('',#3332,1.);
#3332 = DIRECTION('',(-6.7E-16,-0.707106781187,0.707106781187));
#3333 = ORIENTED_EDGE('',*,*,#3334,.T.);
#3334 = EDGE_CURVE('',#3327,#3277,#3335,.T.);
#3335 = LINE('',#3336,#3337);
#3336 = CARTESIAN_POINT('',(-18.,-10.25,3.8));
#3337 = VECTOR('',#3338,1.);
#3338 = DIRECTION('',(1.,-2.2E-16,0.));
#3339 = ORIENTED_EDGE('',*,*,#3276,.T.);
#3340 = ORIENTED_EDGE('',*,*,#1015,.F.);
#3341 = PLANE('',#3342);
#3342 = AXIS2_PLACEMENT_3D('',#3343,#3344,#3345);
#3343 = CARTESIAN_POINT('',(-18.,-10.35,3.9));
#3344 = DIRECTION('',(-2.5E-16,-0.707106781187,-0.707106781187));
#3345 = DIRECTION('',(1.,-2.867766952966E-16,-6.677669529664E-17));
#3346 = ADVANCED_FACE('',(#3347),#3365,.T.);
#3347 = FACE_BOUND('',#3348,.F.);
#3348 = EDGE_LOOP('',(#3349,#3350,#3358,#3364));
#3349 = ORIENTED_EDGE('',*,*,#3311,.F.);
#3350 = ORIENTED_EDGE('',*,*,#3351,.T.);
#3351 = EDGE_CURVE('',#3303,#3352,#3354,.T.);
#3352 = VERTEX_POINT('',#3353);
#3353 = CARTESIAN_POINT('',(5.15,-20.,3.8));
#3354 = LINE('',#3355,#3356);
#3355 = CARTESIAN_POINT('',(-5.15,-20.,3.8));
#3356 = VECTOR('',#3357,1.);
#3357 = DIRECTION('',(1.,-2.2E-16,0.));
#3358 = ORIENTED_EDGE('',*,*,#3359,.T.);
#3359 = EDGE_CURVE('',#3352,#1177,#3360,.T.);
#3360 = LINE('',#3361,#3362);
#3361 = CARTESIAN_POINT('',(5.15,-20.1,3.9));
#3362 = VECTOR('',#3363,1.);
#3363 = DIRECTION('',(-1.6E-16,-0.707106781187,0.707106781187));
#3364 = ORIENTED_EDGE('',*,*,#1185,.F.);
#3365 = PLANE('',#3366);
#3366 = AXIS2_PLACEMENT_3D('',#3367,#3368,#3369);
#3367 = CARTESIAN_POINT('',(-5.15,-20.1,3.9));
#3368 = DIRECTION('',(0.,0.707106781187,0.707106781187));
#3369 = DIRECTION('',(-1.,1.1E-16,-1.1E-16));
#3370 = ADVANCED_FACE('',(#3371),#3390,.F.);
#3371 = FACE_BOUND('',#3372,.F.);
#3372 = EDGE_LOOP('',(#3373,#3381,#3388,#3389));
#3373 = ORIENTED_EDGE('',*,*,#3374,.F.);
#3374 = EDGE_CURVE('',#3375,#1024,#3377,.T.);
#3375 = VERTEX_POINT('',#3376);
#3376 = CARTESIAN_POINT('',(-20.,-8.25,3.8));
#3377 = LINE('',#3378,#3379);
#3378 = CARTESIAN_POINT('',(-20.1,-8.25,3.9));
#3379 = VECTOR('',#3380,1.);
#3380 = DIRECTION('',(-0.707106781187,1.6E-16,0.707106781187));
#3381 = ORIENTED_EDGE('',*,*,#3382,.T.);
#3382 = EDGE_CURVE('',#3375,#3327,#3383,.T.);
#3383 = CIRCLE('',#3384,2.);
#3384 = AXIS2_PLACEMENT_3D('',#3385,#3386,#3387);
#3385 = CARTESIAN_POINT('',(-18.,-8.25,3.8));
#3386 = DIRECTION('',(0.,0.,1.));
#3387 = DIRECTION('',(-1.,8.9E-16,0.));
#3388 = ORIENTED_EDGE('',*,*,#3326,.T.);
#3389 = ORIENTED_EDGE('',*,*,#1023,.F.);
#3390 = CONICAL_SURFACE('',#3391,2.,0.785398163397);
#3391 = AXIS2_PLACEMENT_3D('',#3392,#3393,#3394);
#3392 = CARTESIAN_POINT('',(-18.,-8.25,3.8));
#3393 = DIRECTION('',(0.,0.,1.));
#3394 = DIRECTION('',(-1.,8.9E-16,0.));
#3395 = ADVANCED_FACE('',(#3396),#3415,.F.);
#3396 = FACE_BOUND('',#3397,.F.);
#3397 = EDGE_LOOP('',(#3398,#3399,#3408,#3414));
#3398 = ORIENTED_EDGE('',*,*,#3359,.F.);
#3399 = ORIENTED_EDGE('',*,*,#3400,.T.);
#3400 = EDGE_CURVE('',#3352,#3401,#3403,.T.);
#3401 = VERTEX_POINT('',#3402);
#3402 = CARTESIAN_POINT('',(7.15,-18.,3.8));
#3403 = CIRCLE('',#3404,2.);
#3404 = AXIS2_PLACEMENT_3D('',#3405,#3406,#3407);
#3405 = CARTESIAN_POINT('',(5.15,-18.,3.8));
#3406 = DIRECTION('',(0.,0.,1.));
#3407 = DIRECTION('',(-8.9E-16,-1.,0.));
#3408 = ORIENTED_EDGE('',*,*,#3409,.T.);
#3409 = EDGE_CURVE('',#3401,#1169,#3410,.T.);
#3410 = LINE('',#3411,#3412);
#3411 = CARTESIAN_POINT('',(7.15,-18.,3.8));
#3412 = VECTOR('',#3413,1.);
#3413 = DIRECTION('',(0.707106781187,-6.7E-16,0.707106781187));
#3414 = ORIENTED_EDGE('',*,*,#1176,.F.);
#3415 = CONICAL_SURFACE('',#3416,2.,0.785398163397);
#3416 = AXIS2_PLACEMENT_3D('',#3417,#3418,#3419);
#3417 = CARTESIAN_POINT('',(5.15,-18.,3.8));
#3418 = DIRECTION('',(0.,0.,1.));
#3419 = DIRECTION('',(-8.9E-16,-1.,0.));
#3420 = ADVANCED_FACE('',(#3421),#3439,.T.);
#3421 = FACE_BOUND('',#3422,.T.);
#3422 = EDGE_LOOP('',(#3423,#3431,#3437,#3438));
#3423 = ORIENTED_EDGE('',*,*,#3424,.F.);
#3424 = EDGE_CURVE('',#3425,#3375,#3427,.T.);
#3425 = VERTEX_POINT('',#3426);
#3426 = CARTESIAN_POINT('',(-20.,8.25,3.8));
#3427 = LINE('',#3428,#3429);
#3428 = CARTESIAN_POINT('',(-20.,8.25,3.8));
#3429 = VECTOR('',#3430,1.);
#3430 = DIRECTION('',(-2.2E-16,-1.,0.));
#3431 = ORIENTED_EDGE('',*,*,#3432,.T.);
#3432 = EDGE_CURVE('',#3425,#1033,#3433,.T.);
#3433 = LINE('',#3434,#3435);
#3434 = CARTESIAN_POINT('',(-20.,8.25,3.8));
#3435 = VECTOR('',#3436,1.);
#3436 = DIRECTION('',(-0.707106781187,-2.7E-16,0.707106781187));
#3437 = ORIENTED_EDGE('',*,*,#1032,.T.);
#3438 = ORIENTED_EDGE('',*,*,#3374,.F.);
#3439 = PLANE('',#3440);
#3440 = AXIS2_PLACEMENT_3D('',#3441,#3442,#3443);
#3441 = CARTESIAN_POINT('',(-20.1,1.142E-14,3.9));
#3442 = DIRECTION('',(0.707106781187,-1.6E-16,0.707106781187));
#3443 = DIRECTION('',(-0.707106781187,0.,0.707106781187));
#3444 = ADVANCED_FACE('',(#3445),#3463,.T.);
#3445 = FACE_BOUND('',#3446,.F.);
#3446 = EDGE_LOOP('',(#3447,#3448,#3456,#3462));
#3447 = ORIENTED_EDGE('',*,*,#3409,.F.);
#3448 = ORIENTED_EDGE('',*,*,#3449,.T.);
#3449 = EDGE_CURVE('',#3401,#3450,#3452,.T.);
#3450 = VERTEX_POINT('',#3451);
#3451 = CARTESIAN_POINT('',(7.15,-17.,3.8));
#3452 = LINE('',#3453,#3454);
#3453 = CARTESIAN_POINT('',(7.15,-18.,3.8));
#3454 = VECTOR('',#3455,1.);
#3455 = DIRECTION('',(2.2E-16,1.,0.));
#3456 = ORIENTED_EDGE('',*,*,#3457,.T.);
#3457 = EDGE_CURVE('',#3450,#1160,#3458,.T.);
#3458 = LINE('',#3459,#3460);
#3459 = CARTESIAN_POINT('',(7.25,-17.,3.9));
#3460 = VECTOR('',#3461,1.);
#3461 = DIRECTION('',(0.707106781187,-1.6E-16,0.707106781187));
#3462 = ORIENTED_EDGE('',*,*,#1168,.F.);
#3463 = PLANE('',#3464);
#3464 = AXIS2_PLACEMENT_3D('',#3465,#3466,#3467);
#3465 = CARTESIAN_POINT('',(7.25,-18.,3.9));
#3466 = DIRECTION('',(-0.707106781187,1.3E-16,0.707106781187));
#3467 = DIRECTION('',(-2.019238815543E-16,-1.,-1.807611844575E-17));
#3468 = ADVANCED_FACE('',(#3469),#3488,.T.);
#3469 = FACE_BOUND('',#3470,.F.);
#3470 = EDGE_LOOP('',(#3471,#3472,#3481,#3487));
#3471 = ORIENTED_EDGE('',*,*,#3457,.F.);
#3472 = ORIENTED_EDGE('',*,*,#3473,.T.);
#3473 = EDGE_CURVE('',#3450,#3474,#3476,.T.);
#3474 = VERTEX_POINT('',#3475);
#3475 = CARTESIAN_POINT('',(13.9,-10.25,3.8));
#3476 = CIRCLE('',#3477,6.75);
#3477 = AXIS2_PLACEMENT_3D('',#3478,#3479,#3480);
#3478 = CARTESIAN_POINT('',(13.9,-17.,3.8));
#3479 = DIRECTION('',(0.,0.,-1.));
#3480 = DIRECTION('',(-1.,5.3E-16,0.));
#3481 = ORIENTED_EDGE('',*,*,#3482,.T.);
#3482 = EDGE_CURVE('',#3474,#1152,#3483,.T.);
#3483 = LINE('',#3484,#3485);
#3484 = CARTESIAN_POINT('',(13.9,-10.25,3.8));
#3485 = VECTOR('',#3486,1.);
#3486 = DIRECTION('',(-3.3E-16,-0.707106781187,0.707106781187));
#3487 = ORIENTED_EDGE('',*,*,#1159,.F.);
#3488 = CONICAL_SURFACE('',#3489,6.75,0.785398163397);
#3489 = AXIS2_PLACEMENT_3D('',#3490,#3491,#3492);
#3490 = CARTESIAN_POINT('',(13.9,-17.,3.8));
#3491 = DIRECTION('',(-0.,-0.,-1.));
#3492 = DIRECTION('',(-1.,5.3E-16,0.));
#3493 = ADVANCED_FACE('',(#3494),#3513,.F.);
#3494 = FACE_BOUND('',#3495,.F.);
#3495 = EDGE_LOOP('',(#3496,#3504,#3511,#3512));
#3496 = ORIENTED_EDGE('',*,*,#3497,.F.);
#3497 = EDGE_CURVE('',#3498,#1041,#3500,.T.);
#3498 = VERTEX_POINT('',#3499);
#3499 = CARTESIAN_POINT('',(-18.,10.25,3.8));
#3500 = LINE('',#3501,#3502);
#3501 = CARTESIAN_POINT('',(-18.,10.35,3.9));
#3502 = VECTOR('',#3503,1.);
#3503 = DIRECTION('',(1.6E-16,0.707106781187,0.707106781187));
#3504 = ORIENTED_EDGE('',*,*,#3505,.T.);
#3505 = EDGE_CURVE('',#3498,#3425,#3506,.T.);
#3506 = CIRCLE('',#3507,2.);
#3507 = AXIS2_PLACEMENT_3D('',#3508,#3509,#3510);
#3508 = CARTESIAN_POINT('',(-18.,8.25,3.8));
#3509 = DIRECTION('',(0.,-0.,1.));
#3510 = DIRECTION('',(0.,1.,0.));
#3511 = ORIENTED_EDGE('',*,*,#3432,.T.);
#3512 = ORIENTED_EDGE('',*,*,#1040,.F.);
#3513 = CONICAL_SURFACE('',#3514,2.,0.785398163397);
#3514 = AXIS2_PLACEMENT_3D('',#3515,#3516,#3517);
#3515 = CARTESIAN_POINT('',(-18.,8.25,3.8));
#3516 = DIRECTION('',(0.,0.,1.));
#3517 = DIRECTION('',(0.,1.,0.));
#3518 = ADVANCED_FACE('',(#3519),#3537,.F.);
#3519 = FACE_BOUND('',#3520,.F.);
#3520 = EDGE_LOOP('',(#3521,#3522,#3530,#3536));
#3521 = ORIENTED_EDGE('',*,*,#3482,.F.);
#3522 = ORIENTED_EDGE('',*,*,#3523,.T.);
#3523 = EDGE_CURVE('',#3474,#3524,#3526,.T.);
#3524 = VERTEX_POINT('',#3525);
#3525 = CARTESIAN_POINT('',(18.,-10.25,3.8));
#3526 = LINE('',#3527,#3528);
#3527 = CARTESIAN_POINT('',(13.9,-10.25,3.8));
#3528 = VECTOR('',#3529,1.);
#3529 = DIRECTION('',(1.,2.1E-16,0.));
#3530 = ORIENTED_EDGE('',*,*,#3531,.T.);
#3531 = EDGE_CURVE('',#3524,#1143,#3532,.T.);
#3532 = LINE('',#3533,#3534);
#3533 = CARTESIAN_POINT('',(18.,-10.35,3.9));
#3534 = VECTOR('',#3535,1.);
#3535 = DIRECTION('',(1.5E-16,-0.707106781187,0.707106781187));
#3536 = ORIENTED_EDGE('',*,*,#1151,.F.);
#3537 = PLANE('',#3538);
#3538 = AXIS2_PLACEMENT_3D('',#3539,#3540,#3541);
#3539 = CARTESIAN_POINT('',(13.9,-10.35,3.9));
#3540 = DIRECTION('',(2.5E-16,-0.707106781187,-0.707106781187));
#3541 = DIRECTION('',(1.,2.817766952966E-16,7.177669529664E-17));
#3542 = ADVANCED_FACE('',(#3543),#3561,.T.);
#3543 = FACE_BOUND('',#3544,.F.);
#3544 = EDGE_LOOP('',(#3545,#3553,#3559,#3560));
#3545 = ORIENTED_EDGE('',*,*,#3546,.F.);
#3546 = EDGE_CURVE('',#3547,#1050,#3549,.T.);
#3547 = VERTEX_POINT('',#3548);
#3548 = CARTESIAN_POINT('',(-13.9,10.25,3.8));
#3549 = LINE('',#3550,#3551);
#3550 = CARTESIAN_POINT('',(-13.9,10.25,3.8));
#3551 = VECTOR('',#3552,1.);
#3552 = DIRECTION('',(3.3E-16,0.707106781187,0.707106781187));
#3553 = ORIENTED_EDGE('',*,*,#3554,.T.);
#3554 = EDGE_CURVE('',#3547,#3498,#3555,.T.);
#3555 = LINE('',#3556,#3557);
#3556 = CARTESIAN_POINT('',(-13.9,10.25,3.8));
#3557 = VECTOR('',#3558,1.);
#3558 = DIRECTION('',(-1.,2.2E-16,0.));
#3559 = ORIENTED_EDGE('',*,*,#3497,.T.);
#3560 = ORIENTED_EDGE('',*,*,#1049,.F.);
#3561 = PLANE('',#3562);
#3562 = AXIS2_PLACEMENT_3D('',#3563,#3564,#3565);
#3563 = CARTESIAN_POINT('',(-13.9,10.35,3.9));
#3564 = DIRECTION('',(-1.3E-16,-0.707106781187,0.707106781187));
#3565 = DIRECTION('',(1.,-2.019238815543E-16,-1.807611844575E-17));
#3566 = ADVANCED_FACE('',(#3567),#3586,.F.);
#3567 = FACE_BOUND('',#3568,.F.);
#3568 = EDGE_LOOP('',(#3569,#3570,#3579,#3585));
#3569 = ORIENTED_EDGE('',*,*,#3531,.F.);
#3570 = ORIENTED_EDGE('',*,*,#3571,.T.);
#3571 = EDGE_CURVE('',#3524,#3572,#3574,.T.);
#3572 = VERTEX_POINT('',#3573);
#3573 = CARTESIAN_POINT('',(20.,-8.25,3.8));
#3574 = CIRCLE('',#3575,2.);
#3575 = AXIS2_PLACEMENT_3D('',#3576,#3577,#3578);
#3576 = CARTESIAN_POINT('',(18.,-8.25,3.8));
#3577 = DIRECTION('',(-0.,0.,1.));
#3578 = DIRECTION('',(0.,-1.,0.));
#3579 = ORIENTED_EDGE('',*,*,#3580,.T.);
#3580 = EDGE_CURVE('',#3572,#1135,#3581,.T.);
#3581 = LINE('',#3582,#3583);
#3582 = CARTESIAN_POINT('',(20.,-8.25,3.8));
#3583 = VECTOR('',#3584,1.);
#3584 = DIRECTION('',(0.707106781187,-6.7E-16,0.707106781187));
#3585 = ORIENTED_EDGE('',*,*,#1142,.F.);
#3586 = CONICAL_SURFACE('',#3587,2.,0.785398163397);
#3587 = AXIS2_PLACEMENT_3D('',#3588,#3589,#3590);
#3588 = CARTESIAN_POINT('',(18.,-8.25,3.8));
#3589 = DIRECTION('',(0.,0.,1.));
#3590 = DIRECTION('',(0.,-1.,0.));
#3591 = ADVANCED_FACE('',(#3592),#3611,.T.);
#3592 = FACE_BOUND('',#3593,.F.);
#3593 = EDGE_LOOP('',(#3594,#3602,#3609,#3610));
#3594 = ORIENTED_EDGE('',*,*,#3595,.F.);
#3595 = EDGE_CURVE('',#3596,#1058,#3598,.T.);
#3596 = VERTEX_POINT('',#3597);
#3597 = CARTESIAN_POINT('',(-7.15,17.,3.8));
#3598 = LINE('',#3599,#3600);
#3599 = CARTESIAN_POINT('',(-7.25,17.,3.9));
#3600 = VECTOR('',#3601,1.);
#3601 = DIRECTION('',(-0.707106781187,1.6E-16,0.707106781187));
#3602 = ORIENTED_EDGE('',*,*,#3603,.T.);
#3603 = EDGE_CURVE('',#3596,#3547,#3604,.T.);
#3604 = CIRCLE('',#3605,6.75);
#3605 = AXIS2_PLACEMENT_3D('',#3606,#3607,#3608);
#3606 = CARTESIAN_POINT('',(-13.9,17.,3.8));
#3607 = DIRECTION('',(0.,-0.,-1.));
#3608 = DIRECTION('',(1.,-5.3E-16,0.));
#3609 = ORIENTED_EDGE('',*,*,#3546,.T.);
#3610 = ORIENTED_EDGE('',*,*,#1057,.F.);
#3611 = CONICAL_SURFACE('',#3612,6.75,0.785398163397);
#3612 = AXIS2_PLACEMENT_3D('',#3613,#3614,#3615);
#3613 = CARTESIAN_POINT('',(-13.9,17.,3.8));
#3614 = DIRECTION('',(-0.,-0.,-1.));
#3615 = DIRECTION('',(1.,-5.3E-16,0.));
#3616 = ADVANCED_FACE('',(#3617),#3635,.F.);
#3617 = FACE_BOUND('',#3618,.F.);
#3618 = EDGE_LOOP('',(#3619,#3627,#3633,#3634));
#3619 = ORIENTED_EDGE('',*,*,#3620,.F.);
#3620 = EDGE_CURVE('',#3621,#1067,#3623,.T.);
#3621 = VERTEX_POINT('',#3622);
#3622 = CARTESIAN_POINT('',(-7.15,18.,3.8));
#3623 = LINE('',#3624,#3625);
#3624 = CARTESIAN_POINT('',(-7.15,18.,3.8));
#3625 = VECTOR('',#3626,1.);
#3626 = DIRECTION('',(-0.707106781187,3.6E-16,0.707106781187));
#3627 = ORIENTED_EDGE('',*,*,#3628,.T.);
#3628 = EDGE_CURVE('',#3621,#3596,#3629,.T.);
#3629 = LINE('',#3630,#3631);
#3630 = CARTESIAN_POINT('',(-7.15,18.,3.8));
#3631 = VECTOR('',#3632,1.);
#3632 = DIRECTION('',(-2.2E-16,-1.,-0.));
#3633 = ORIENTED_EDGE('',*,*,#3595,.T.);
#3634 = ORIENTED_EDGE('',*,*,#1066,.F.);
#3635 = PLANE('',#3636);
#3636 = AXIS2_PLACEMENT_3D('',#3637,#3638,#3639);
#3637 = CARTESIAN_POINT('',(-7.25,18.,3.9));
#3638 = DIRECTION('',(-0.707106781187,1.9E-16,-0.707106781187));
#3639 = DIRECTION('',(-2.443502884254E-16,-1.,-2.435028842544E-17));
#3640 = ADVANCED_FACE('',(#3641),#3659,.T.);
#3641 = FACE_BOUND('',#3642,.T.);
#3642 = EDGE_LOOP('',(#3643,#3644,#3645,#3653));
#3643 = ORIENTED_EDGE('',*,*,#3580,.T.);
#3644 = ORIENTED_EDGE('',*,*,#1134,.T.);
#3645 = ORIENTED_EDGE('',*,*,#3646,.F.);
#3646 = EDGE_CURVE('',#3647,#1126,#3649,.T.);
#3647 = VERTEX_POINT('',#3648);
#3648 = CARTESIAN_POINT('',(20.,8.25,3.8));
#3649 = LINE('',#3650,#3651);
#3650 = CARTESIAN_POINT('',(20.1,8.25,3.9));
#3651 = VECTOR('',#3652,1.);
#3652 = DIRECTION('',(0.707106781187,-1.6E-16,0.707106781187));
#3653 = ORIENTED_EDGE('',*,*,#3654,.F.);
#3654 = EDGE_CURVE('',#3572,#3647,#3655,.T.);
#3655 = LINE('',#3656,#3657);
#3656 = CARTESIAN_POINT('',(20.,-8.25,3.8));
#3657 = VECTOR('',#3658,1.);
#3658 = DIRECTION('',(2.2E-16,1.,0.));
#3659 = PLANE('',#3660);
#3660 = AXIS2_PLACEMENT_3D('',#3661,#3662,#3663);
#3661 = CARTESIAN_POINT('',(20.1,-3.4E-15,3.9));
#3662 = DIRECTION('',(-0.707106781187,3.E-16,0.707106781187));
#3663 = DIRECTION('',(-0.707106781187,0.,-0.707106781187));
#3664 = ADVANCED_FACE('',(#3665),#3684,.F.);
#3665 = FACE_BOUND('',#3666,.F.);
#3666 = EDGE_LOOP('',(#3667,#3675,#3682,#3683));
#3667 = ORIENTED_EDGE('',*,*,#3668,.F.);
#3668 = EDGE_CURVE('',#3669,#1075,#3671,.T.);
#3669 = VERTEX_POINT('',#3670);
#3670 = CARTESIAN_POINT('',(-5.15,20.,3.8));
#3671 = LINE('',#3672,#3673);
#3672 = CARTESIAN_POINT('',(-5.15,20.1,3.9));
#3673 = VECTOR('',#3674,1.);
#3674 = DIRECTION('',(1.6E-16,0.707106781187,0.707106781187));
#3675 = ORIENTED_EDGE('',*,*,#3676,.T.);
#3676 = EDGE_CURVE('',#3669,#3621,#3677,.T.);
#3677 = CIRCLE('',#3678,2.);
#3678 = AXIS2_PLACEMENT_3D('',#3679,#3680,#3681);
#3679 = CARTESIAN_POINT('',(-5.15,18.,3.8));
#3680 = DIRECTION('',(0.,-0.,1.));
#3681 = DIRECTION('',(0.,1.,0.));
#3682 = ORIENTED_EDGE('',*,*,#3620,.T.);
#3683 = ORIENTED_EDGE('',*,*,#1074,.F.);
#3684 = CONICAL_SURFACE('',#3685,2.,0.785398163397);
#3685 = AXIS2_PLACEMENT_3D('',#3686,#3687,#3688);
#3686 = CARTESIAN_POINT('',(-5.15,18.,3.8));
#3687 = DIRECTION('',(0.,0.,1.));
#3688 = DIRECTION('',(0.,1.,0.));
#3689 = ADVANCED_FACE('',(#3690),#3709,.F.);
#3690 = FACE_BOUND('',#3691,.F.);
#3691 = EDGE_LOOP('',(#3692,#3693,#3702,#3708));
#3692 = ORIENTED_EDGE('',*,*,#3646,.F.);
#3693 = ORIENTED_EDGE('',*,*,#3694,.T.);
#3694 = EDGE_CURVE('',#3647,#3695,#3697,.T.);
#3695 = VERTEX_POINT('',#3696);
#3696 = CARTESIAN_POINT('',(18.,10.25,3.8));
#3697 = CIRCLE('',#3698,2.);
#3698 = AXIS2_PLACEMENT_3D('',#3699,#3700,#3701);
#3699 = CARTESIAN_POINT('',(18.,8.25,3.8));
#3700 = DIRECTION('',(0.,0.,1.));
#3701 = DIRECTION('',(1.,0.,0.));
#3702 = ORIENTED_EDGE('',*,*,#3703,.T.);
#3703 = EDGE_CURVE('',#3695,#1118,#3704,.T.);
#3704 = LINE('',#3705,#3706);
#3705 = CARTESIAN_POINT('',(18.,10.25,3.8));
#3706 = VECTOR('',#3707,1.);
#3707 = DIRECTION('',(6.7E-16,0.707106781187,0.707106781187));
#3708 = ORIENTED_EDGE('',*,*,#1125,.F.);
#3709 = CONICAL_SURFACE('',#3710,2.,0.785398163397);
#3710 = AXIS2_PLACEMENT_3D('',#3711,#3712,#3713);
#3711 = CARTESIAN_POINT('',(18.,8.25,3.8));
#3712 = DIRECTION('',(0.,0.,1.));
#3713 = DIRECTION('',(1.,0.,0.));
#3714 = ADVANCED_FACE('',(#3715),#3733,.F.);
#3715 = FACE_BOUND('',#3716,.F.);
#3716 = EDGE_LOOP('',(#3717,#3725,#3731,#3732));
#3717 = ORIENTED_EDGE('',*,*,#3718,.F.);
#3718 = EDGE_CURVE('',#3719,#1084,#3721,.T.);
#3719 = VERTEX_POINT('',#3720);
#3720 = CARTESIAN_POINT('',(5.15,20.,3.8));
#3721 = LINE('',#3722,#3723);
#3722 = CARTESIAN_POINT('',(5.15,20.,3.8));
#3723 = VECTOR('',#3724,1.);
#3724 = DIRECTION('',(6.7E-16,0.707106781187,0.707106781187));
#3725 = ORIENTED_EDGE('',*,*,#3726,.T.);
#3726 = EDGE_CURVE('',#3719,#3669,#3727,.T.);
#3727 = LINE('',#3728,#3729);
#3728 = CARTESIAN_POINT('',(5.15,20.,3.8));
#3729 = VECTOR('',#3730,1.);
#3730 = DIRECTION('',(-1.,2.2E-16,0.));
#3731 = ORIENTED_EDGE('',*,*,#3668,.T.);
#3732 = ORIENTED_EDGE('',*,*,#1083,.F.);
#3733 = PLANE('',#3734);
#3734 = AXIS2_PLACEMENT_3D('',#3735,#3736,#3737);
#3735 = CARTESIAN_POINT('',(5.15,20.1,3.9));
#3736 = DIRECTION('',(2.5E-16,0.707106781187,-0.707106781187));
#3737 = DIRECTION('',(-1.,2.867766952966E-16,-6.677669529664E-17));
#3738 = ADVANCED_FACE('',(#3739),#3757,.T.);
#3739 = FACE_BOUND('',#3740,.F.);
#3740 = EDGE_LOOP('',(#3741,#3742,#3750,#3756));
#3741 = ORIENTED_EDGE('',*,*,#3703,.F.);
#3742 = ORIENTED_EDGE('',*,*,#3743,.T.);
#3743 = EDGE_CURVE('',#3695,#3744,#3746,.T.);
#3744 = VERTEX_POINT('',#3745);
#3745 = CARTESIAN_POINT('',(13.9,10.25,3.8));
#3746 = LINE('',#3747,#3748);
#3747 = CARTESIAN_POINT('',(18.,10.25,3.8));
#3748 = VECTOR('',#3749,1.);
#3749 = DIRECTION('',(-1.,2.2E-16,0.));
#3750 = ORIENTED_EDGE('',*,*,#3751,.T.);
#3751 = EDGE_CURVE('',#3744,#1109,#3752,.T.);
#3752 = LINE('',#3753,#3754);
#3753 = CARTESIAN_POINT('',(13.9,10.35,3.9));
#3754 = VECTOR('',#3755,1.);
#3755 = DIRECTION('',(1.6E-16,0.707106781187,0.707106781187));
#3756 = ORIENTED_EDGE('',*,*,#1117,.F.);
#3757 = PLANE('',#3758);
#3758 = AXIS2_PLACEMENT_3D('',#3759,#3760,#3761);
#3759 = CARTESIAN_POINT('',(18.,10.35,3.9));
#3760 = DIRECTION('',(-1.2E-16,-0.707106781187,0.707106781187));
#3761 = DIRECTION('',(1.,-1.948528137424E-16,-2.514718625761E-17));
#3762 = ADVANCED_FACE('',(#3763),#3782,.F.);
#3763 = FACE_BOUND('',#3764,.F.);
#3764 = EDGE_LOOP('',(#3765,#3773,#3780,#3781));
#3765 = ORIENTED_EDGE('',*,*,#3766,.F.);
#3766 = EDGE_CURVE('',#3767,#1092,#3769,.T.);
#3767 = VERTEX_POINT('',#3768);
#3768 = CARTESIAN_POINT('',(7.15,18.,3.8));
#3769 = LINE('',#3770,#3771);
#3770 = CARTESIAN_POINT('',(7.25,18.,3.9));
#3771 = VECTOR('',#3772,1.);
#3772 = DIRECTION('',(0.707106781187,-1.6E-16,0.707106781187));
#3773 = ORIENTED_EDGE('',*,*,#3774,.T.);
#3774 = EDGE_CURVE('',#3767,#3719,#3775,.T.);
#3775 = CIRCLE('',#3776,2.);
#3776 = AXIS2_PLACEMENT_3D('',#3777,#3778,#3779);
#3777 = CARTESIAN_POINT('',(5.15,18.,3.8));
#3778 = DIRECTION('',(0.,0.,1.));
#3779 = DIRECTION('',(1.,0.,0.));
#3780 = ORIENTED_EDGE('',*,*,#3718,.T.);
#3781 = ORIENTED_EDGE('',*,*,#1091,.F.);
#3782 = CONICAL_SURFACE('',#3783,2.,0.785398163397);
#3783 = AXIS2_PLACEMENT_3D('',#3784,#3785,#3786);
#3784 = CARTESIAN_POINT('',(5.15,18.,3.8));
#3785 = DIRECTION('',(0.,0.,1.));
#3786 = DIRECTION('',(1.,0.,0.));
#3787 = ADVANCED_FACE('',(#3788),#3807,.T.);
#3788 = FACE_BOUND('',#3789,.F.);
#3789 = EDGE_LOOP('',(#3790,#3791,#3800,#3806));
#3790 = ORIENTED_EDGE('',*,*,#3751,.F.);
#3791 = ORIENTED_EDGE('',*,*,#3792,.T.);
#3792 = EDGE_CURVE('',#3744,#3793,#3795,.T.);
#3793 = VERTEX_POINT('',#3794);
#3794 = CARTESIAN_POINT('',(7.15,17.,3.8));
#3795 = CIRCLE('',#3796,6.75);
#3796 = AXIS2_PLACEMENT_3D('',#3797,#3798,#3799);
#3797 = CARTESIAN_POINT('',(13.9,17.,3.8));
#3798 = DIRECTION('',(-0.,0.,-1.));
#3799 = DIRECTION('',(-2.6E-16,-1.,0.));
#3800 = ORIENTED_EDGE('',*,*,#3801,.T.);
#3801 = EDGE_CURVE('',#3793,#1101,#3802,.T.);
#3802 = LINE('',#3803,#3804);
#3803 = CARTESIAN_POINT('',(7.15,17.,3.8));
#3804 = VECTOR('',#3805,1.);
#3805 = DIRECTION('',(0.707106781187,1.E-17,0.707106781187));
#3806 = ORIENTED_EDGE('',*,*,#1108,.F.);
#3807 = CONICAL_SURFACE('',#3808,6.75,0.785398163397);
#3808 = AXIS2_PLACEMENT_3D('',#3809,#3810,#3811);
#3809 = CARTESIAN_POINT('',(13.9,17.,3.8));
#3810 = DIRECTION('',(-0.,-0.,-1.));
#3811 = DIRECTION('',(-2.6E-16,-1.,0.));
#3812 = ADVANCED_FACE('',(#3813),#3824,.F.);
#3813 = FACE_BOUND('',#3814,.F.);
#3814 = EDGE_LOOP('',(#3815,#3816,#3822,#3823));
#3815 = ORIENTED_EDGE('',*,*,#3801,.F.);
#3816 = ORIENTED_EDGE('',*,*,#3817,.T.);
#3817 = EDGE_CURVE('',#3793,#3767,#3818,.T.);
#3818 = LINE('',#3819,#3820);
#3819 = CARTESIAN_POINT('',(7.15,17.,3.8));
#3820 = VECTOR('',#3821,1.);
#3821 = DIRECTION('',(2.2E-16,1.,0.));
#3822 = ORIENTED_EDGE('',*,*,#3766,.T.);
#3823 = ORIENTED_EDGE('',*,*,#1100,.F.);
#3824 = PLANE('',#3825);
#3825 = AXIS2_PLACEMENT_3D('',#3826,#3827,#3828);
#3826 = CARTESIAN_POINT('',(7.25,17.,3.9));
#3827 = DIRECTION('',(0.707106781187,-1.9E-16,-0.707106781187));
#3828 = DIRECTION('',(2.443502884254E-16,1.,-2.435028842544E-17));
#3829 = ADVANCED_FACE('',(#3830),#3849,.F.);
#3830 = FACE_BOUND('',#3831,.F.);
#3831 = EDGE_LOOP('',(#3832,#3840,#3847,#3848));
#3832 = ORIENTED_EDGE('',*,*,#3833,.F.);
#3833 = EDGE_CURVE('',#3834,#1203,#3836,.T.);
#3834 = VERTEX_POINT('',#3835);
#3835 = CARTESIAN_POINT('',(-15.25,-13.2,3.8));
#3836 = LINE('',#3837,#3838);
#3837 = CARTESIAN_POINT('',(-15.25,-13.2,3.8));
#3838 = VECTOR('',#3839,1.);
#3839 = DIRECTION('',(-6.1E-16,0.707106781187,0.707106781187));
#3840 = ORIENTED_EDGE('',*,*,#3841,.T.);
#3841 = EDGE_CURVE('',#3834,#3834,#3842,.T.);
#3842 = CIRCLE('',#3843,2.05);
#3843 = AXIS2_PLACEMENT_3D('',#3844,#3845,#3846);
#3844 = CARTESIAN_POINT('',(-15.25,-15.25,3.8));
#3845 = DIRECTION('',(0.,0.,1.));
#3846 = DIRECTION('',(-8.7E-16,1.,0.));
#3847 = ORIENTED_EDGE('',*,*,#3833,.T.);
#3848 = ORIENTED_EDGE('',*,*,#1202,.F.);
#3849 = CONICAL_SURFACE('',#3850,2.05,0.785398163397);
#3850 = AXIS2_PLACEMENT_3D('',#3851,#3852,#3853);
#3851 = CARTESIAN_POINT('',(-15.25,-15.25,3.8));
#3852 = DIRECTION('',(0.,0.,1.));
#3853 = DIRECTION('',(-8.7E-16,1.,0.));
#3854 = ADVANCED_FACE('',(#3855),#3874,.F.);
#3855 = FACE_BOUND('',#3856,.F.);
#3856 = EDGE_LOOP('',(#3857,#3865,#3872,#3873));
#3857 = ORIENTED_EDGE('',*,*,#3858,.F.);
#3858 = EDGE_CURVE('',#3859,#1214,#3861,.T.);
#3859 = VERTEX_POINT('',#3860);
#3860 = CARTESIAN_POINT('',(-15.25,17.3,3.8));
#3861 = LINE('',#3862,#3863);
#3862 = CARTESIAN_POINT('',(-15.25,17.3,3.8));
#3863 = VECTOR('',#3864,1.);
#3864 = DIRECTION('',(-6.1E-16,0.707106781187,0.707106781187));
#3865 = ORIENTED_EDGE('',*,*,#3866,.T.);
#3866 = EDGE_CURVE('',#3859,#3859,#3867,.T.);
#3867 = CIRCLE('',#3868,2.05);
#3868 = AXIS2_PLACEMENT_3D('',#3869,#3870,#3871);
#3869 = CARTESIAN_POINT('',(-15.25,15.25,3.8));
#3870 = DIRECTION('',(0.,0.,1.));
#3871 = DIRECTION('',(-8.7E-16,1.,0.));
#3872 = ORIENTED_EDGE('',*,*,#3858,.T.);
#3873 = ORIENTED_EDGE('',*,*,#1213,.F.);
#3874 = CONICAL_SURFACE('',#3875,2.05,0.785398163397);
#3875 = AXIS2_PLACEMENT_3D('',#3876,#3877,#3878);
#3876 = CARTESIAN_POINT('',(-15.25,15.25,3.8));
#3877 = DIRECTION('',(0.,0.,1.));
#3878 = DIRECTION('',(-8.7E-16,1.,0.));
#3879 = ADVANCED_FACE('',(#3880),#3899,.F.);
#3880 = FACE_BOUND('',#3881,.F.);
#3881 = EDGE_LOOP('',(#3882,#3890,#3897,#3898));
#3882 = ORIENTED_EDGE('',*,*,#3883,.F.);
#3883 = EDGE_CURVE('',#3884,#1225,#3886,.T.);
#3884 = VERTEX_POINT('',#3885);
#3885 = CARTESIAN_POINT('',(15.25,17.3,3.8));
#3886 = LINE('',#3887,#3888);
#3887 = CARTESIAN_POINT('',(15.25,17.3,3.8));
#3888 = VECTOR('',#3889,1.);
#3889 = DIRECTION('',(0.,0.707106781187,0.707106781187));
#3890 = ORIENTED_EDGE('',*,*,#3891,.T.);
#3891 = EDGE_CURVE('',#3884,#3884,#3892,.T.);
#3892 = CIRCLE('',#3893,2.05);
#3893 = AXIS2_PLACEMENT_3D('',#3894,#3895,#3896);
#3894 = CARTESIAN_POINT('',(15.25,15.25,3.8));
#3895 = DIRECTION('',(0.,-0.,1.));
#3896 = DIRECTION('',(0.,1.,0.));
#3897 = ORIENTED_EDGE('',*,*,#3883,.T.);
#3898 = ORIENTED_EDGE('',*,*,#1224,.F.);
#3899 = CONICAL_SURFACE('',#3900,2.05,0.785398163397);
#3900 = AXIS2_PLACEMENT_3D('',#3901,#3902,#3903);
#3901 = CARTESIAN_POINT('',(15.25,15.25,3.8));
#3902 = DIRECTION('',(0.,0.,1.));
#3903 = DIRECTION('',(0.,1.,0.));
#3904 = ADVANCED_FACE('',(#3905),#3924,.F.);
#3905 = FACE_BOUND('',#3906,.F.);
#3906 = EDGE_LOOP('',(#3907,#3915,#3922,#3923));
#3907 = ORIENTED_EDGE('',*,*,#3908,.F.);
#3908 = EDGE_CURVE('',#3909,#1236,#3911,.T.);
#3909 = VERTEX_POINT('',#3910);
#3910 = CARTESIAN_POINT('',(15.25,-13.2,3.8));
#3911 = LINE('',#3912,#3913);
#3912 = CARTESIAN_POINT('',(15.25,-13.2,3.8));
#3913 = VECTOR('',#3914,1.);
#3914 = DIRECTION('',(0.,0.707106781187,0.707106781187));
#3915 = ORIENTED_EDGE('',*,*,#3916,.T.);
#3916 = EDGE_CURVE('',#3909,#3909,#3917,.T.);
#3917 = CIRCLE('',#3918,2.05);
#3918 = AXIS2_PLACEMENT_3D('',#3919,#3920,#3921);
#3919 = CARTESIAN_POINT('',(15.25,-15.25,3.8));
#3920 = DIRECTION('',(0.,-0.,1.));
#3921 = DIRECTION('',(0.,1.,0.));
#3922 = ORIENTED_EDGE('',*,*,#3908,.T.);
#3923 = ORIENTED_EDGE('',*,*,#1235,.F.);
#3924 = CONICAL_SURFACE('',#3925,2.05,0.785398163397);
#3925 = AXIS2_PLACEMENT_3D('',#3926,#3927,#3928);
#3926 = CARTESIAN_POINT('',(15.25,-15.25,3.8));
#3927 = DIRECTION('',(0.,0.,1.));
#3928 = DIRECTION('',(0.,1.,0.));
#3929 = ADVANCED_FACE('',(#3930),#3949,.F.);
#3930 = FACE_BOUND('',#3931,.F.);
#3931 = EDGE_LOOP('',(#3932,#3940,#3947,#3948));
#3932 = ORIENTED_EDGE('',*,*,#3933,.F.);
#3933 = EDGE_CURVE('',#3934,#1247,#3936,.T.);
#3934 = VERTEX_POINT('',#3935);
#3935 = CARTESIAN_POINT('',(31.42,-12.95,3.8));
#3936 = LINE('',#3937,#3938);
#3937 = CARTESIAN_POINT('',(31.42,-12.95,3.8));
#3938 = VECTOR('',#3939,1.);
#3939 = DIRECTION('',(0.,0.707106781187,0.707106781187));
#3940 = ORIENTED_EDGE('',*,*,#3941,.T.);
#3941 = EDGE_CURVE('',#3934,#3934,#3942,.T.);
#3942 = CIRCLE('',#3943,2.05);
#3943 = AXIS2_PLACEMENT_3D('',#3944,#3945,#3946);
#3944 = CARTESIAN_POINT('',(31.42,-15.,3.8));
#3945 = DIRECTION('',(0.,-0.,1.));
#3946 = DIRECTION('',(0.,1.,0.));
#3947 = ORIENTED_EDGE('',*,*,#3933,.T.);
#3948 = ORIENTED_EDGE('',*,*,#1246,.F.);
#3949 = CONICAL_SURFACE('',#3950,2.05,0.785398163397);
#3950 = AXIS2_PLACEMENT_3D('',#3951,#3952,#3953);
#3951 = CARTESIAN_POINT('',(31.42,-15.,3.8));
#3952 = DIRECTION('',(0.,0.,1.));
#3953 = DIRECTION('',(0.,1.,0.));
#3954 = ADVANCED_FACE('',(#3955),#3974,.F.);
#3955 = FACE_BOUND('',#3956,.F.);
#3956 = EDGE_LOOP('',(#3957,#3965,#3972,#3973));
#3957 = ORIENTED_EDGE('',*,*,#3958,.F.);
#3958 = EDGE_CURVE('',#3959,#1258,#3961,.T.);
#3959 = VERTEX_POINT('',#3960);
#3960 = CARTESIAN_POINT('',(31.42,17.05,3.8));
#3961 = LINE('',#3962,#3963);
#3962 = CARTESIAN_POINT('',(31.42,17.05,3.8));
#3963 = VECTOR('',#3964,1.);
#3964 = DIRECTION('',(0.,0.707106781187,0.707106781187));
#3965 = ORIENTED_EDGE('',*,*,#3966,.T.);
#3966 = EDGE_CURVE('',#3959,#3959,#3967,.T.);
#3967 = CIRCLE('',#3968,2.05);
#3968 = AXIS2_PLACEMENT_3D('',#3969,#3970,#3971);
#3969 = CARTESIAN_POINT('',(31.42,15.,3.8));
#3970 = DIRECTION('',(0.,-0.,1.));
#3971 = DIRECTION('',(0.,1.,0.));
#3972 = ORIENTED_EDGE('',*,*,#3958,.T.);
#3973 = ORIENTED_EDGE('',*,*,#1257,.F.);
#3974 = CONICAL_SURFACE('',#3975,2.05,0.785398163397);
#3975 = AXIS2_PLACEMENT_3D('',#3976,#3977,#3978);
#3976 = CARTESIAN_POINT('',(31.42,15.,3.8));
#3977 = DIRECTION('',(0.,0.,1.));
#3978 = DIRECTION('',(0.,1.,0.));
#3979 = ADVANCED_FACE('',(#3980),#3999,.F.);
#3980 = FACE_BOUND('',#3981,.F.);
#3981 = EDGE_LOOP('',(#3982,#3990,#3997,#3998));
#3982 = ORIENTED_EDGE('',*,*,#3983,.F.);
#3983 = EDGE_CURVE('',#3984,#1269,#3986,.T.);
#3984 = VERTEX_POINT('',#3985);
#3985 = CARTESIAN_POINT('',(-30.446,-12.95,3.8));
#3986 = LINE('',#3987,#3988);
#3987 = CARTESIAN_POINT('',(-30.446,-12.95,3.8));
#3988 = VECTOR('',#3989,1.);
#3989 = DIRECTION('',(0.,0.707106781187,0.707106781187));
#3990 = ORIENTED_EDGE('',*,*,#3991,.T.);
#3991 = EDGE_CURVE('',#3984,#3984,#3992,.T.);
#3992 = CIRCLE('',#3993,2.05);
#3993 = AXIS2_PLACEMENT_3D('',#3994,#3995,#3996);
#3994 = CARTESIAN_POINT('',(-30.446,-15.,3.8));
#3995 = DIRECTION('',(0.,-0.,1.));
#3996 = DIRECTION('',(0.,1.,0.));
#3997 = ORIENTED_EDGE('',*,*,#3983,.T.);
#3998 = ORIENTED_EDGE('',*,*,#1268,.F.);
#3999 = CONICAL_SURFACE('',#4000,2.05,0.785398163397);
#4000 = AXIS2_PLACEMENT_3D('',#4001,#4002,#4003);
#4001 = CARTESIAN_POINT('',(-30.446,-15.,3.8));
#4002 = DIRECTION('',(0.,0.,1.));
#4003 = DIRECTION('',(0.,1.,0.));
#4004 = ADVANCED_FACE('',(#4005),#4024,.F.);
#4005 = FACE_BOUND('',#4006,.F.);
#4006 = EDGE_LOOP('',(#4007,#4015,#4022,#4023));
#4007 = ORIENTED_EDGE('',*,*,#4008,.F.);
#4008 = EDGE_CURVE('',#4009,#1280,#4011,.T.);
#4009 = VERTEX_POINT('',#4010);
#4010 = CARTESIAN_POINT('',(-30.446,17.05,3.8));
#4011 = LINE('',#4012,#4013);
#4012 = CARTESIAN_POINT('',(-30.446,17.05,3.8));
#4013 = VECTOR('',#4014,1.);
#4014 = DIRECTION('',(0.,0.707106781187,0.707106781187));
#4015 = ORIENTED_EDGE('',*,*,#4016,.T.);
#4016 = EDGE_CURVE('',#4009,#4009,#4017,.T.);
#4017 = CIRCLE('',#4018,2.05);
#4018 = AXIS2_PLACEMENT_3D('',#4019,#4020,#4021);
#4019 = CARTESIAN_POINT('',(-30.446,15.,3.8));
#4020 = DIRECTION('',(0.,-0.,1.));
#4021 = DIRECTION('',(0.,1.,0.));
#4022 = ORIENTED_EDGE('',*,*,#4008,.T.);
#4023 = ORIENTED_EDGE('',*,*,#1279,.F.);
#4024 = CONICAL_SURFACE('',#4025,2.05,0.785398163397);
#4025 = AXIS2_PLACEMENT_3D('',#4026,#4027,#4028);
#4026 = CARTESIAN_POINT('',(-30.446,15.,3.8));
#4027 = DIRECTION('',(0.,0.,1.));
#4028 = DIRECTION('',(0.,1.,0.));
#4029 = ADVANCED_FACE('',(#4030),#4049,.F.);
#4030 = FACE_BOUND('',#4031,.F.);
#4031 = EDGE_LOOP('',(#4032,#4040,#4047,#4048));
#4032 = ORIENTED_EDGE('',*,*,#4033,.F.);
#4033 = EDGE_CURVE('',#4034,#1291,#4036,.T.);
#4034 = VERTEX_POINT('',#4035);
#4035 = CARTESIAN_POINT('',(-22.62741699797,-21.02741699797,3.8));
#4036 = LINE('',#4037,#4038);
#4037 = CARTESIAN_POINT('',(-22.62741699797,-21.02741699797,3.8));
#4038 = VECTOR('',#4039,1.);
#4039 = DIRECTION('',(0.,0.707106781187,0.707106781187));
#4040 = ORIENTED_EDGE('',*,*,#4041,.T.);
#4041 = EDGE_CURVE('',#4034,#4034,#4042,.T.);
#4042 = CIRCLE('',#4043,1.6);
#4043 = AXIS2_PLACEMENT_3D('',#4044,#4045,#4046);
#4044 = CARTESIAN_POINT('',(-22.62741699797,-22.62741699797,3.8));
#4045 = DIRECTION('',(0.,-0.,1.));
#4046 = DIRECTION('',(0.,1.,0.));
#4047 = ORIENTED_EDGE('',*,*,#4033,.T.);
#4048 = ORIENTED_EDGE('',*,*,#1290,.F.);
#4049 = CONICAL_SURFACE('',#4050,1.6,0.785398163397);
#4050 = AXIS2_PLACEMENT_3D('',#4051,#4052,#4053);
#4051 = CARTESIAN_POINT('',(-22.62741699797,-22.62741699797,3.8));
#4052 = DIRECTION('',(0.,0.,1.));
#4053 = DIRECTION('',(0.,1.,0.));
#4054 = ADVANCED_FACE('',(#4055),#4074,.F.);
#4055 = FACE_BOUND('',#4056,.F.);
#4056 = EDGE_LOOP('',(#4057,#4065,#4072,#4073));
#4057 = ORIENTED_EDGE('',*,*,#4058,.F.);
#4058 = EDGE_CURVE('',#4059,#1302,#4061,.T.);
#4059 = VERTEX_POINT('',#4060);
#4060 = CARTESIAN_POINT('',(-30.446,1.6,3.8));
#4061 = LINE('',#4062,#4063);
#4062 = CARTESIAN_POINT('',(-30.446,1.6,3.8));
#4063 = VECTOR('',#4064,1.);
#4064 = DIRECTION('',(0.,0.707106781187,0.707106781187));
#4065 = ORIENTED_EDGE('',*,*,#4066,.T.);
#4066 = EDGE_CURVE('',#4059,#4059,#4067,.T.);
#4067 = CIRCLE('',#4068,1.6);
#4068 = AXIS2_PLACEMENT_3D('',#4069,#4070,#4071);
#4069 = CARTESIAN_POINT('',(-30.446,6.76E-15,3.8));
#4070 = DIRECTION('',(0.,-0.,1.));
#4071 = DIRECTION('',(0.,1.,0.));
#4072 = ORIENTED_EDGE('',*,*,#4058,.T.);
#4073 = ORIENTED_EDGE('',*,*,#1301,.F.);
#4074 = CONICAL_SURFACE('',#4075,1.6,0.785398163397);
#4075 = AXIS2_PLACEMENT_3D('',#4076,#4077,#4078);
#4076 = CARTESIAN_POINT('',(-30.446,6.76E-15,3.8));
#4077 = DIRECTION('',(0.,0.,1.));
#4078 = DIRECTION('',(0.,1.,0.));
#4079 = ADVANCED_FACE('',(#4080),#4099,.F.);
#4080 = FACE_BOUND('',#4081,.F.);
#4081 = EDGE_LOOP('',(#4082,#4090,#4097,#4098));
#4082 = ORIENTED_EDGE('',*,*,#4083,.F.);
#4083 = EDGE_CURVE('',#4084,#1313,#4086,.T.);
#4084 = VERTEX_POINT('',#4085);
#4085 = CARTESIAN_POINT('',(-22.62741699797,24.22741699797,3.8));
#4086 = LINE('',#4087,#4088);
#4087 = CARTESIAN_POINT('',(-22.62741699797,24.22741699797,3.8));
#4088 = VECTOR('',#4089,1.);
#4089 = DIRECTION('',(1.57E-15,0.707106781187,0.707106781187));
#4090 = ORIENTED_EDGE('',*,*,#4091,.T.);
#4091 = EDGE_CURVE('',#4084,#4084,#4092,.T.);
#4092 = CIRCLE('',#4093,1.6);
#4093 = AXIS2_PLACEMENT_3D('',#4094,#4095,#4096);
#4094 = CARTESIAN_POINT('',(-22.62741699797,22.62741699797,3.8));
#4095 = DIRECTION('',(0.,-0.,1.));
#4096 = DIRECTION('',(2.22E-15,1.,0.));
#4097 = ORIENTED_EDGE('',*,*,#4083,.T.);
#4098 = ORIENTED_EDGE('',*,*,#1312,.F.);
#4099 = CONICAL_SURFACE('',#4100,1.6,0.785398163397);
#4100 = AXIS2_PLACEMENT_3D('',#4101,#4102,#4103);
#4101 = CARTESIAN_POINT('',(-22.62741699797,22.62741699797,3.8));
#4102 = DIRECTION('',(0.,0.,1.));
#4103 = DIRECTION('',(2.22E-15,1.,0.));
#4104 = ADVANCED_FACE('',(#4105),#4124,.F.);
#4105 = FACE_BOUND('',#4106,.F.);
#4106 = EDGE_LOOP('',(#4107,#4115,#4122,#4123));
#4107 = ORIENTED_EDGE('',*,*,#4108,.F.);
#4108 = EDGE_CURVE('',#4109,#1324,#4111,.T.);
#4109 = VERTEX_POINT('',#4110);
#4110 = CARTESIAN_POINT('',(7.E-15,33.6,3.8));
#4111 = LINE('',#4112,#4113);
#4112 = CARTESIAN_POINT('',(7.46E-15,33.6,3.8));
#4113 = VECTOR('',#4114,1.);
#4114 = DIRECTION('',(1.6E-16,0.707106781187,0.707106781187));
#4115 = ORIENTED_EDGE('',*,*,#4116,.T.);
#4116 = EDGE_CURVE('',#4109,#4109,#4117,.T.);
#4117 = CIRCLE('',#4118,1.6);
#4118 = AXIS2_PLACEMENT_3D('',#4119,#4120,#4121);
#4119 = CARTESIAN_POINT('',(7.11E-15,32.,3.8));
#4120 = DIRECTION('',(0.,-0.,1.));
#4121 = DIRECTION('',(2.2E-16,1.,0.));
#4122 = ORIENTED_EDGE('',*,*,#4108,.T.);
#4123 = ORIENTED_EDGE('',*,*,#1323,.F.);
#4124 = CONICAL_SURFACE('',#4125,1.6,0.785398163397);
#4125 = AXIS2_PLACEMENT_3D('',#4126,#4127,#4128);
#4126 = CARTESIAN_POINT('',(7.11E-15,32.,3.8));
#4127 = DIRECTION('',(0.,0.,1.));
#4128 = DIRECTION('',(2.2E-16,1.,0.));
#4129 = ADVANCED_FACE('',(#4130),#4149,.F.);
#4130 = FACE_BOUND('',#4131,.F.);
#4131 = EDGE_LOOP('',(#4132,#4140,#4147,#4148));
#4132 = ORIENTED_EDGE('',*,*,#4133,.F.);
#4133 = EDGE_CURVE('',#4134,#1335,#4136,.T.);
#4134 = VERTEX_POINT('',#4135);
#4135 = CARTESIAN_POINT('',(22.62741699797,24.22741699797,3.8));
#4136 = LINE('',#4137,#4138);
#4137 = CARTESIAN_POINT('',(22.62741699797,24.22741699797,3.8));
#4138 = VECTOR('',#4139,1.);
#4139 = DIRECTION('',(1.57E-15,0.707106781187,0.707106781187));
#4140 = ORIENTED_EDGE('',*,*,#4141,.T.);
#4141 = EDGE_CURVE('',#4134,#4134,#4142,.T.);
#4142 = CIRCLE('',#4143,1.6);
#4143 = AXIS2_PLACEMENT_3D('',#4144,#4145,#4146);
#4144 = CARTESIAN_POINT('',(22.62741699797,22.62741699797,3.8));
#4145 = DIRECTION('',(0.,-0.,1.));
#4146 = DIRECTION('',(2.22E-15,1.,0.));
#4147 = ORIENTED_EDGE('',*,*,#4133,.T.);
#4148 = ORIENTED_EDGE('',*,*,#1334,.F.);
#4149 = CONICAL_SURFACE('',#4150,1.6,0.785398163397);
#4150 = AXIS2_PLACEMENT_3D('',#4151,#4152,#4153);
#4151 = CARTESIAN_POINT('',(22.62741699797,22.62741699797,3.8));
#4152 = DIRECTION('',(0.,0.,1.));
#4153 = DIRECTION('',(2.22E-15,1.,0.));
#4154 = ADVANCED_FACE('',(#4155),#4174,.F.);
#4155 = FACE_BOUND('',#4156,.F.);
#4156 = EDGE_LOOP('',(#4157,#4165,#4172,#4173));
#4157 = ORIENTED_EDGE('',*,*,#4158,.F.);
#4158 = EDGE_CURVE('',#4159,#1346,#4161,.T.);
#4159 = VERTEX_POINT('',#4160);
#4160 = CARTESIAN_POINT('',(32.,1.6,3.8));
#4161 = LINE('',#4162,#4163);
#4162 = CARTESIAN_POINT('',(32.,1.6,3.8));
#4163 = VECTOR('',#4164,1.);
#4164 = DIRECTION('',(0.,0.707106781187,0.707106781187));
#4165 = ORIENTED_EDGE('',*,*,#4166,.T.);
#4166 = EDGE_CURVE('',#4159,#4159,#4167,.T.);
#4167 = CIRCLE('',#4168,1.6);
#4168 = AXIS2_PLACEMENT_3D('',#4169,#4170,#4171);
#4169 = CARTESIAN_POINT('',(32.,-7.11E-15,3.8));
#4170 = DIRECTION('',(0.,-0.,1.));
#4171 = DIRECTION('',(0.,1.,0.));
#4172 = ORIENTED_EDGE('',*,*,#4158,.T.);
#4173 = ORIENTED_EDGE('',*,*,#1345,.F.);
#4174 = CONICAL_SURFACE('',#4175,1.6,0.785398163397);
#4175 = AXIS2_PLACEMENT_3D('',#4176,#4177,#4178);
#4176 = CARTESIAN_POINT('',(32.,-7.11E-15,3.8));
#4177 = DIRECTION('',(0.,0.,1.));
#4178 = DIRECTION('',(0.,1.,0.));
#4179 = ADVANCED_FACE('',(#4180),#4199,.F.);
#4180 = FACE_BOUND('',#4181,.F.);
#4181 = EDGE_LOOP('',(#4182,#4190,#4197,#4198));
#4182 = ORIENTED_EDGE('',*,*,#4183,.F.);
#4183 = EDGE_CURVE('',#4184,#1357,#4186,.T.);
#4184 = VERTEX_POINT('',#4185);
#4185 = CARTESIAN_POINT('',(22.62741699797,-21.02741699797,3.8));
#4186 = LINE('',#4187,#4188);
#4187 = CARTESIAN_POINT('',(22.62741699797,-21.02741699797,3.8));
#4188 = VECTOR('',#4189,1.);
#4189 = DIRECTION('',(0.,0.707106781187,0.707106781187));
#4190 = ORIENTED_EDGE('',*,*,#4191,.T.);
#4191 = EDGE_CURVE('',#4184,#4184,#4192,.T.);
#4192 = CIRCLE('',#4193,1.6);
#4193 = AXIS2_PLACEMENT_3D('',#4194,#4195,#4196);
#4194 = CARTESIAN_POINT('',(22.62741699797,-22.62741699797,3.8));
#4195 = DIRECTION('',(0.,-0.,1.));
#4196 = DIRECTION('',(0.,1.,0.));
#4197 = ORIENTED_EDGE('',*,*,#4183,.T.);
#4198 = ORIENTED_EDGE('',*,*,#1356,.F.);
#4199 = CONICAL_SURFACE('',#4200,1.6,0.785398163397);
#4200 = AXIS2_PLACEMENT_3D('',#4201,#4202,#4203);
#4201 = CARTESIAN_POINT('',(22.62741699797,-22.62741699797,3.8));
#4202 = DIRECTION('',(0.,0.,1.));
#4203 = DIRECTION('',(0.,1.,0.));
#4204 = ADVANCED_FACE('',(#4205),#4224,.F.);
#4205 = FACE_BOUND('',#4206,.F.);
#4206 = EDGE_LOOP('',(#4207,#4215,#4222,#4223));
#4207 = ORIENTED_EDGE('',*,*,#4208,.F.);
#4208 = EDGE_CURVE('',#4209,#1368,#4211,.T.);
#4209 = VERTEX_POINT('',#4210);
#4210 = CARTESIAN_POINT('',(-7.E-15,-30.4,3.8));
#4211 = LINE('',#4212,#4213);
#4212 = CARTESIAN_POINT('',(-6.75E-15,-30.4,3.8));
#4213 = VECTOR('',#4214,1.);
#4214 = DIRECTION('',(1.6E-16,0.707106781187,0.707106781187));
#4215 = ORIENTED_EDGE('',*,*,#4216,.T.);
#4216 = EDGE_CURVE('',#4209,#4209,#4217,.T.);
#4217 = CIRCLE('',#4218,1.6);
#4218 = AXIS2_PLACEMENT_3D('',#4219,#4220,#4221);
#4219 = CARTESIAN_POINT('',(-7.11E-15,-32.,3.8));
#4220 = DIRECTION('',(0.,-0.,1.));
#4221 = DIRECTION('',(2.2E-16,1.,0.));
#4222 = ORIENTED_EDGE('',*,*,#4208,.T.);
#4223 = ORIENTED_EDGE('',*,*,#1367,.F.);
#4224 = CONICAL_SURFACE('',#4225,1.6,0.785398163397);
#4225 = AXIS2_PLACEMENT_3D('',#4226,#4227,#4228);
#4226 = CARTESIAN_POINT('',(-7.11E-15,-32.,3.8));
#4227 = DIRECTION('',(0.,0.,1.));
#4228 = DIRECTION('',(2.2E-16,1.,0.));
#4229 = ADVANCED_FACE('',(#4230),#4249,.F.);
#4230 = FACE_BOUND('',#4231,.F.);
#4231 = EDGE_LOOP('',(#4232,#4240,#4247,#4248));
#4232 = ORIENTED_EDGE('',*,*,#4233,.F.);
#4233 = EDGE_CURVE('',#4234,#1379,#4236,.T.);
#4234 = VERTEX_POINT('',#4235);
#4235 = CARTESIAN_POINT('',(37.141680490938,-52.87606147864,3.8));
#4236 = LINE('',#4237,#4238);
#4237 = CARTESIAN_POINT('',(37.141680490938,-52.87606147864,3.8));
#4238 = VECTOR('',#4239,1.);
#4239 = DIRECTION('',(0.,0.707106781187,0.707106781187));
#4240 = ORIENTED_EDGE('',*,*,#4241,.T.);
#4241 = EDGE_CURVE('',#4234,#4234,#4242,.T.);
#4242 = CIRCLE('',#4243,1.6);
#4243 = AXIS2_PLACEMENT_3D('',#4244,#4245,#4246);
#4244 = CARTESIAN_POINT('',(37.141680490938,-54.47606147864,3.8));
#4245 = DIRECTION('',(0.,-0.,1.));
#4246 = DIRECTION('',(0.,1.,0.));
#4247 = ORIENTED_EDGE('',*,*,#4233,.T.);
#4248 = ORIENTED_EDGE('',*,*,#1378,.F.);
#4249 = CONICAL_SURFACE('',#4250,1.6,0.785398163397);
#4250 = AXIS2_PLACEMENT_3D('',#4251,#4252,#4253);
#4251 = CARTESIAN_POINT('',(37.141680490938,-54.47606147864,3.8));
#4252 = DIRECTION('',(0.,0.,1.));
#4253 = DIRECTION('',(0.,1.,0.));
#4254 = ADVANCED_FACE('',(#4255),#4274,.F.);
#4255 = FACE_BOUND('',#4256,.F.);
#4256 = EDGE_LOOP('',(#4257,#4265,#4272,#4273));
#4257 = ORIENTED_EDGE('',*,*,#4258,.F.);
#4258 = EDGE_CURVE('',#4259,#1390,#4261,.T.);
#4259 = VERTEX_POINT('',#4260);
#4260 = CARTESIAN_POINT('',(37.141680490938,56.076061478649,3.8));
#4261 = LINE('',#4262,#4263);
#4262 = CARTESIAN_POINT('',(37.141680490938,56.076061478649,3.8));
#4263 = VECTOR('',#4264,1.);
#4264 = DIRECTION('',(0.,0.707106781187,0.707106781187));
#4265 = ORIENTED_EDGE('',*,*,#4266,.T.);
#4266 = EDGE_CURVE('',#4259,#4259,#4267,.T.);
#4267 = CIRCLE('',#4268,1.6);
#4268 = AXIS2_PLACEMENT_3D('',#4269,#4270,#4271);
#4269 = CARTESIAN_POINT('',(37.141680490938,54.476061478649,3.8));
#4270 = DIRECTION('',(0.,-0.,1.));
#4271 = DIRECTION('',(0.,1.,0.));
#4272 = ORIENTED_EDGE('',*,*,#4258,.T.);
#4273 = ORIENTED_EDGE('',*,*,#1389,.F.);
#4274 = CONICAL_SURFACE('',#4275,1.6,0.785398163397);
#4275 = AXIS2_PLACEMENT_3D('',#4276,#4277,#4278);
#4276 = CARTESIAN_POINT('',(37.141680490938,54.476061478649,3.8));
#4277 = DIRECTION('',(0.,0.,1.));
#4278 = DIRECTION('',(0.,1.,0.));
#4279 = ADVANCED_FACE('',(#4280),#4299,.F.);
#4280 = FACE_BOUND('',#4281,.F.);
#4281 = EDGE_LOOP('',(#4282,#4290,#4297,#4298));
#4282 = ORIENTED_EDGE('',*,*,#4283,.F.);
#4283 = EDGE_CURVE('',#4284,#1401,#4286,.T.);
#4284 = VERTEX_POINT('',#4285);
#4285 = CARTESIAN_POINT('',(-65.446,1.6,3.8));
#4286 = LINE('',#4287,#4288);
#4287 = CARTESIAN_POINT('',(-65.446,1.6,3.8));
#4288 = VECTOR('',#4289,1.);
#4289 = DIRECTION('',(0.,0.707106781187,0.707106781187));
#4290 = ORIENTED_EDGE('',*,*,#4291,.T.);
#4291 = EDGE_CURVE('',#4284,#4284,#4292,.T.);
#4292 = CIRCLE('',#4293,1.6);
#4293 = AXIS2_PLACEMENT_3D('',#4294,#4295,#4296);
#4294 = CARTESIAN_POINT('',(-65.446,1.453E-14,3.8));
#4295 = DIRECTION('',(0.,-0.,1.));
#4296 = DIRECTION('',(0.,1.,0.));
#4297 = ORIENTED_EDGE('',*,*,#4283,.T.);
#4298 = ORIENTED_EDGE('',*,*,#1400,.F.);
#4299 = CONICAL_SURFACE('',#4300,1.6,0.785398163397);
#4300 = AXIS2_PLACEMENT_3D('',#4301,#4302,#4303);
#4301 = CARTESIAN_POINT('',(-65.446,1.453E-14,3.8));
#4302 = DIRECTION('',(0.,0.,1.));
#4303 = DIRECTION('',(0.,1.,0.));
#4304 = ADVANCED_FACE('',(#4305),#4316,.F.);
#4305 = FACE_BOUND('',#4306,.T.);
#4306 = EDGE_LOOP('',(#4307,#4313,#4314,#4315));
#4307 = ORIENTED_EDGE('',*,*,#4308,.T.);
#4308 = EDGE_CURVE('',#1570,#2957,#4309,.T.);
#4309 = LINE('',#4310,#4311);
#4310 = CARTESIAN_POINT('',(33.835953864524,-59.27941150455,0.));
#4311 = VECTOR('',#4312,1.);
#4312 = DIRECTION('',(0.,0.,1.));
#4313 = ORIENTED_EDGE('',*,*,#2956,.F.);
#4314 = ORIENTED_EDGE('',*,*,#1444,.F.);
#4315 = ORIENTED_EDGE('',*,*,#1569,.T.);
#4316 = CYLINDRICAL_SURFACE('',#4317,37.210257812366);
#4317 = AXIS2_PLACEMENT_3D('',#4318,#4319,#4320);
#4318 = CARTESIAN_POINT('',(-2.39396240603E-02,-74.71025397684,0.));
#4319 = DIRECTION('',(0.,0.,-1.));
#4320 = DIRECTION('',(2.2E-16,1.,0.));
#4321 = ADVANCED_FACE('',(#4322),#4333,.T.);
#4322 = FACE_BOUND('',#4323,.F.);
#4323 = EDGE_LOOP('',(#4324,#4330,#4331,#4332));
#4324 = ORIENTED_EDGE('',*,*,#4325,.T.);
#4325 = EDGE_CURVE('',#1594,#2981,#4326,.T.);
#4326 = LINE('',#4327,#4328);
#4327 = CARTESIAN_POINT('',(-1.201623349357E-02,37.499998074802,0.));
#4328 = VECTOR('',#4329,1.);
#4329 = DIRECTION('',(0.,0.,1.));
#4330 = ORIENTED_EDGE('',*,*,#2988,.T.);
#4331 = ORIENTED_EDGE('',*,*,#1511,.F.);
#4332 = ORIENTED_EDGE('',*,*,#1601,.F.);
#4333 = CYLINDRICAL_SURFACE('',#4334,37.5);
#4334 = AXIS2_PLACEMENT_3D('',#4335,#4336,#4337);
#4335 = CARTESIAN_POINT('',(0.,0.,0.));
#4336 = DIRECTION('',(0.,0.,-1.));
#4337 = DIRECTION('',(2.2E-16,1.,0.));
#4338 = ADVANCED_FACE('',(#4339),#4350,.T.);
#4339 = FACE_BOUND('',#4340,.F.);
#4340 = EDGE_LOOP('',(#4341,#4342,#4343,#4349));
#4341 = ORIENTED_EDGE('',*,*,#4308,.T.);
#4342 = ORIENTED_EDGE('',*,*,#3006,.T.);
#4343 = ORIENTED_EDGE('',*,*,#4344,.F.);
#4344 = EDGE_CURVE('',#1620,#3007,#4345,.T.);
#4345 = LINE('',#4346,#4347);
#4346 = CARTESIAN_POINT('',(37.809917405122,-60.76521558922,0.));
#4347 = VECTOR('',#4348,1.);
#4348 = DIRECTION('',(0.,0.,1.));
#4349 = ORIENTED_EDGE('',*,*,#1619,.F.);
#4350 = CYLINDRICAL_SURFACE('',#4351,3.);
#4351 = AXIS2_PLACEMENT_3D('',#4352,#4353,#4354);
#4352 = CARTESIAN_POINT('',(36.565837677154,-58.03533177659,0.));
#4353 = DIRECTION('',(0.,0.,-1.));
#4354 = DIRECTION('',(2.2E-16,1.,0.));
#4355 = ADVANCED_FACE('',(#4356),#4367,.F.);
#4356 = FACE_BOUND('',#4357,.T.);
#4357 = EDGE_LOOP('',(#4358,#4359,#4360,#4366));
#4358 = ORIENTED_EDGE('',*,*,#4325,.T.);
#4359 = ORIENTED_EDGE('',*,*,#3038,.F.);
#4360 = ORIENTED_EDGE('',*,*,#4361,.F.);
#4361 = EDGE_CURVE('',#1644,#3031,#4362,.T.);
#4362 = LINE('',#4363,#4364);
#4363 = CARTESIAN_POINT('',(33.835953864524,59.279411504559,0.));
#4364 = VECTOR('',#4365,1.);
#4365 = DIRECTION('',(0.,0.,1.));
#4366 = ORIENTED_EDGE('',*,*,#1651,.T.);
#4367 = CYLINDRICAL_SURFACE('',#4368,37.210257812365);
#4368 = AXIS2_PLACEMENT_3D('',#4369,#4370,#4371);
#4369 = CARTESIAN_POINT('',(-2.393962405969E-02,74.710253976843,0.));
#4370 = DIRECTION('',(0.,0.,-1.));
#4371 = DIRECTION('',(2.2E-16,1.,0.));
#4372 = ADVANCED_FACE('',(#4373),#4384,.F.);
#4373 = FACE_BOUND('',#4374,.F.);
#4374 = EDGE_LOOP('',(#4375,#4376,#4377,#4383));
#4375 = ORIENTED_EDGE('',*,*,#4344,.T.);
#4376 = ORIENTED_EDGE('',*,*,#3056,.T.);
#4377 = ORIENTED_EDGE('',*,*,#4378,.F.);
#4378 = EDGE_CURVE('',#1670,#3057,#4379,.T.);
#4379 = LINE('',#4380,#4381);
#4380 = CARTESIAN_POINT('',(41.449762488628,-59.10644261859,0.));
#4381 = VECTOR('',#4382,1.);
#4382 = DIRECTION('',(0.,0.,1.));
#4383 = ORIENTED_EDGE('',*,*,#1669,.F.);
#4384 = PLANE('',#4385);
#4385 = AXIS2_PLACEMENT_3D('',#4386,#4387,#4388);
#4386 = CARTESIAN_POINT('',(37.809917405122,-60.76521558922,0.));
#4387 = DIRECTION('',(-0.414693242656,0.909961270877,0.));
#4388 = DIRECTION('',(0.909961270877,0.414693242656,0.));
#4389 = ADVANCED_FACE('',(#4390),#4401,.T.);
#4390 = FACE_BOUND('',#4391,.F.);
#4391 = EDGE_LOOP('',(#4392,#4398,#4399,#4400));
#4392 = ORIENTED_EDGE('',*,*,#4393,.T.);
#4393 = EDGE_CURVE('',#1693,#3080,#4394,.T.);
#4394 = LINE('',#4395,#4396);
#4395 = CARTESIAN_POINT('',(37.809917405122,60.76521558922,0.));
#4396 = VECTOR('',#4397,1.);
#4397 = DIRECTION('',(0.,0.,1.));
#4398 = ORIENTED_EDGE('',*,*,#3087,.T.);
#4399 = ORIENTED_EDGE('',*,*,#4361,.F.);
#4400 = ORIENTED_EDGE('',*,*,#1700,.F.);
#4401 = CYLINDRICAL_SURFACE('',#4402,3.);
#4402 = AXIS2_PLACEMENT_3D('',#4403,#4404,#4405);
#4403 = CARTESIAN_POINT('',(36.565837677154,58.035331776591,0.));
#4404 = DIRECTION('',(0.,0.,-1.));
#4405 = DIRECTION('',(2.2E-16,1.,0.));
#4406 = ADVANCED_FACE('',(#4407),#4418,.T.);
#4407 = FACE_BOUND('',#4408,.F.);
#4408 = EDGE_LOOP('',(#4409,#4410,#4411,#4417));
#4409 = ORIENTED_EDGE('',*,*,#4378,.T.);
#4410 = ORIENTED_EDGE('',*,*,#3105,.T.);
#4411 = ORIENTED_EDGE('',*,*,#4412,.F.);
#4412 = EDGE_CURVE('',#1719,#3106,#4413,.T.);
#4413 = LINE('',#4414,#4415);
#4414 = CARTESIAN_POINT('',(42.935566573289,-55.13247907799,0.));
#4415 = VECTOR('',#4416,1.);
#4416 = DIRECTION('',(0.,0.,1.));
#4417 = ORIENTED_EDGE('',*,*,#1718,.F.);
#4418 = CYLINDRICAL_SURFACE('',#4419,3.);
#4419 = AXIS2_PLACEMENT_3D('',#4420,#4421,#4422);
#4420 = CARTESIAN_POINT('',(40.20568276066,-56.37655880596,0.));
#4421 = DIRECTION('',(0.,0.,-1.));
#4422 = DIRECTION('',(2.2E-16,1.,0.));
#4423 = ADVANCED_FACE('',(#4424),#4435,.T.);
#4424 = FACE_BOUND('',#4425,.T.);
#4425 = EDGE_LOOP('',(#4426,#4427,#4428,#4434));
#4426 = ORIENTED_EDGE('',*,*,#4393,.T.);
#4427 = ORIENTED_EDGE('',*,*,#3137,.F.);
#4428 = ORIENTED_EDGE('',*,*,#4429,.F.);
#4429 = EDGE_CURVE('',#1743,#3130,#4430,.T.);
#4430 = LINE('',#4431,#4432);
#4431 = CARTESIAN_POINT('',(41.449762488628,59.106442618595,0.));
#4432 = VECTOR('',#4433,1.);
#4433 = DIRECTION('',(0.,0.,1.));
#4434 = ORIENTED_EDGE('',*,*,#1750,.T.);
#4435 = PLANE('',#4436);
#4436 = AXIS2_PLACEMENT_3D('',#4437,#4438,#4439);
#4437 = CARTESIAN_POINT('',(37.809917405122,60.76521558922,0.));
#4438 = DIRECTION('',(0.414693242656,0.909961270877,0.));
#4439 = DIRECTION('',(0.909961270877,-0.414693242656,0.));
#4440 = ADVANCED_FACE('',(#4441),#4452,.F.);
#4441 = FACE_BOUND('',#4442,.T.);
#4442 = EDGE_LOOP('',(#4443,#4449,#4450,#4451));
#4443 = ORIENTED_EDGE('',*,*,#4444,.T.);
#4444 = EDGE_CURVE('',#1768,#3155,#4445,.T.);
#4445 = LINE('',#4446,#4447);
#4446 = CARTESIAN_POINT('',(37.5,-30.0977773458,0.));
#4447 = VECTOR('',#4448,1.);
#4448 = DIRECTION('',(0.,0.,1.));
#4449 = ORIENTED_EDGE('',*,*,#3154,.F.);
#4450 = ORIENTED_EDGE('',*,*,#4412,.F.);
#4451 = ORIENTED_EDGE('',*,*,#1767,.T.);
#4452 = CYLINDRICAL_SURFACE('',#4453,60.369205854034);
#4453 = AXIS2_PLACEMENT_3D('',#4454,#4455,#4456);
#4454 = CARTESIAN_POINT('',(97.869205854034,-30.0977773458,0.));
#4455 = DIRECTION('',(0.,0.,-1.));
#4456 = DIRECTION('',(2.2E-16,1.,0.));
#4457 = ADVANCED_FACE('',(#4458),#4469,.T.);
#4458 = FACE_BOUND('',#4459,.F.);
#4459 = EDGE_LOOP('',(#4460,#4466,#4467,#4468));
#4460 = ORIENTED_EDGE('',*,*,#4461,.T.);
#4461 = EDGE_CURVE('',#1792,#3179,#4462,.T.);
#4462 = LINE('',#4463,#4464);
#4463 = CARTESIAN_POINT('',(42.935566573289,55.132479077997,0.));
#4464 = VECTOR('',#4465,1.);
#4465 = DIRECTION('',(0.,0.,1.));
#4466 = ORIENTED_EDGE('',*,*,#3186,.T.);
#4467 = ORIENTED_EDGE('',*,*,#4429,.F.);
#4468 = ORIENTED_EDGE('',*,*,#1799,.F.);
#4469 = CYLINDRICAL_SURFACE('',#4470,3.);
#4470 = AXIS2_PLACEMENT_3D('',#4471,#4472,#4473);
#4471 = CARTESIAN_POINT('',(40.20568276066,56.376558805966,0.));
#4472 = DIRECTION('',(0.,0.,-1.));
#4473 = DIRECTION('',(2.2E-16,1.,0.));
#4474 = ADVANCED_FACE('',(#4475),#4486,.F.);
#4475 = FACE_BOUND('',#4476,.F.);
#4476 = EDGE_LOOP('',(#4477,#4478,#4479,#4485));
#4477 = ORIENTED_EDGE('',*,*,#4444,.T.);
#4478 = ORIENTED_EDGE('',*,*,#3204,.T.);
#4479 = ORIENTED_EDGE('',*,*,#4480,.F.);
#4480 = EDGE_CURVE('',#1818,#3205,#4481,.T.);
#4481 = LINE('',#4482,#4483);
#4482 = CARTESIAN_POINT('',(37.5,30.097777345807,0.));
#4483 = VECTOR('',#4484,1.);
#4484 = DIRECTION('',(0.,0.,1.));
#4485 = ORIENTED_EDGE('',*,*,#1817,.F.);
#4486 = PLANE('',#4487);
#4487 = AXIS2_PLACEMENT_3D('',#4488,#4489,#4490);
#4488 = CARTESIAN_POINT('',(37.5,-30.0977773458,0.));
#4489 = DIRECTION('',(-1.,2.2E-16,0.));
#4490 = DIRECTION('',(2.2E-16,1.,0.));
#4491 = ADVANCED_FACE('',(#4492),#4498,.F.);
#4492 = FACE_BOUND('',#4493,.T.);
#4493 = EDGE_LOOP('',(#4494,#4495,#4496,#4497));
#4494 = ORIENTED_EDGE('',*,*,#4461,.T.);
#4495 = ORIENTED_EDGE('',*,*,#3228,.F.);
#4496 = ORIENTED_EDGE('',*,*,#4480,.F.);
#4497 = ORIENTED_EDGE('',*,*,#1841,.T.);
#4498 = CYLINDRICAL_SURFACE('',#4499,60.369205854032);
#4499 = AXIS2_PLACEMENT_3D('',#4500,#4501,#4502);
#4500 = CARTESIAN_POINT('',(97.869205854032,30.097777345807,0.));
#4501 = DIRECTION('',(0.,0.,-1.));
#4502 = DIRECTION('',(2.2E-16,1.,0.));
#4503 = ADVANCED_FACE('',(#4504),#4520,.T.);
#4504 = FACE_BOUND('',#4505,.T.);
#4505 = EDGE_LOOP('',(#4506,#4512,#4513,#4519));
#4506 = ORIENTED_EDGE('',*,*,#4507,.T.);
#4507 = EDGE_CURVE('',#1859,#3246,#4508,.T.);
#4508 = LINE('',#4509,#4510);
#4509 = CARTESIAN_POINT('',(-7.15,-17.,0.));
#4510 = VECTOR('',#4511,1.);
#4511 = DIRECTION('',(0.,0.,1.));
#4512 = ORIENTED_EDGE('',*,*,#3253,.T.);
#4513 = ORIENTED_EDGE('',*,*,#4514,.F.);
#4514 = EDGE_CURVE('',#1868,#3254,#4515,.T.);
#4515 = LINE('',#4516,#4517);
#4516 = CARTESIAN_POINT('',(-7.15,-18.,0.));
#4517 = VECTOR('',#4518,1.);
#4518 = DIRECTION('',(0.,0.,1.));
#4519 = ORIENTED_EDGE('',*,*,#1875,.F.);
#4520 = PLANE('',#4521);
#4521 = AXIS2_PLACEMENT_3D('',#4522,#4523,#4524);
#4522 = CARTESIAN_POINT('',(-7.15,-17.,0.));
#4523 = DIRECTION('',(1.,-2.2E-16,0.));
#4524 = DIRECTION('',(-2.2E-16,-1.,0.));
#4525 = ADVANCED_FACE('',(#4526),#4537,.T.);
#4526 = FACE_BOUND('',#4527,.F.);
#4527 = EDGE_LOOP('',(#4528,#4529,#4530,#4536));
#4528 = ORIENTED_EDGE('',*,*,#4507,.T.);
#4529 = ORIENTED_EDGE('',*,*,#3284,.F.);
#4530 = ORIENTED_EDGE('',*,*,#4531,.F.);
#4531 = EDGE_CURVE('',#1890,#3277,#4532,.T.);
#4532 = LINE('',#4533,#4534);
#4533 = CARTESIAN_POINT('',(-13.9,-10.25,0.));
#4534 = VECTOR('',#4535,1.);
#4535 = DIRECTION('',(0.,0.,1.));
#4536 = ORIENTED_EDGE('',*,*,#1899,.T.);
#4537 = CYLINDRICAL_SURFACE('',#4538,6.75);
#4538 = AXIS2_PLACEMENT_3D('',#4539,#4540,#4541);
#4539 = CARTESIAN_POINT('',(-13.9,-17.,0.));
#4540 = DIRECTION('',(0.,0.,-1.));
#4541 = DIRECTION('',(2.2E-16,1.,0.));
#4542 = ADVANCED_FACE('',(#4543),#4554,.F.);
#4543 = FACE_BOUND('',#4544,.T.);
#4544 = EDGE_LOOP('',(#4545,#4546,#4547,#4553));
#4545 = ORIENTED_EDGE('',*,*,#4514,.T.);
#4546 = ORIENTED_EDGE('',*,*,#3302,.T.);
#4547 = ORIENTED_EDGE('',*,*,#4548,.F.);
#4548 = EDGE_CURVE('',#1917,#3303,#4549,.T.);
#4549 = LINE('',#4550,#4551);
#4550 = CARTESIAN_POINT('',(-5.15,-20.,0.));
#4551 = VECTOR('',#4552,1.);
#4552 = DIRECTION('',(0.,0.,1.));
#4553 = ORIENTED_EDGE('',*,*,#1924,.F.);
#4554 = CYLINDRICAL_SURFACE('',#4555,2.);
#4555 = AXIS2_PLACEMENT_3D('',#4556,#4557,#4558);
#4556 = CARTESIAN_POINT('',(-5.15,-18.,0.));
#4557 = DIRECTION('',(0.,0.,-1.));
#4558 = DIRECTION('',(2.2E-16,1.,0.));
#4559 = ADVANCED_FACE('',(#4560),#4571,.F.);
#4560 = FACE_BOUND('',#4561,.F.);
#4561 = EDGE_LOOP('',(#4562,#4563,#4564,#4570));
#4562 = ORIENTED_EDGE('',*,*,#4531,.T.);
#4563 = ORIENTED_EDGE('',*,*,#3334,.F.);
#4564 = ORIENTED_EDGE('',*,*,#4565,.F.);
#4565 = EDGE_CURVE('',#1940,#3327,#4566,.T.);
#4566 = LINE('',#4567,#4568);
#4567 = CARTESIAN_POINT('',(-18.,-10.25,0.));
#4568 = VECTOR('',#4569,1.);
#4569 = DIRECTION('',(0.,0.,1.));
#4570 = ORIENTED_EDGE('',*,*,#1949,.T.);
#4571 = PLANE('',#4572);
#4572 = AXIS2_PLACEMENT_3D('',#4573,#4574,#4575);
#4573 = CARTESIAN_POINT('',(-13.9,-10.25,0.));
#4574 = DIRECTION('',(-2.2E-16,-1.,0.));
#4575 = DIRECTION('',(-1.,2.2E-16,0.));
#4576 = ADVANCED_FACE('',(#4577),#4588,.T.);
#4577 = FACE_BOUND('',#4578,.T.);
#4578 = EDGE_LOOP('',(#4579,#4580,#4581,#4587));
#4579 = ORIENTED_EDGE('',*,*,#4548,.T.);
#4580 = ORIENTED_EDGE('',*,*,#3351,.T.);
#4581 = ORIENTED_EDGE('',*,*,#4582,.F.);
#4582 = EDGE_CURVE('',#1966,#3352,#4583,.T.);
#4583 = LINE('',#4584,#4585);
#4584 = CARTESIAN_POINT('',(5.15,-20.,0.));
#4585 = VECTOR('',#4586,1.);
#4586 = DIRECTION('',(0.,0.,1.));
#4587 = ORIENTED_EDGE('',*,*,#1973,.F.);
#4588 = PLANE('',#4589);
#4589 = AXIS2_PLACEMENT_3D('',#4590,#4591,#4592);
#4590 = CARTESIAN_POINT('',(-5.15,-20.,0.));
#4591 = DIRECTION('',(2.2E-16,1.,0.));
#4592 = DIRECTION('',(1.,-2.2E-16,0.));
#4593 = ADVANCED_FACE('',(#4594),#4605,.F.);
#4594 = FACE_BOUND('',#4595,.T.);
#4595 = EDGE_LOOP('',(#4596,#4602,#4603,#4604));
#4596 = ORIENTED_EDGE('',*,*,#4597,.T.);
#4597 = EDGE_CURVE('',#1988,#3375,#4598,.T.);
#4598 = LINE('',#4599,#4600);
#4599 = CARTESIAN_POINT('',(-20.,-8.25,0.));
#4600 = VECTOR('',#4601,1.);
#4601 = DIRECTION('',(0.,0.,1.));
#4602 = ORIENTED_EDGE('',*,*,#3382,.T.);
#4603 = ORIENTED_EDGE('',*,*,#4565,.F.);
#4604 = ORIENTED_EDGE('',*,*,#1997,.F.);
#4605 = CYLINDRICAL_SURFACE('',#4606,2.);
#4606 = AXIS2_PLACEMENT_3D('',#4607,#4608,#4609);
#4607 = CARTESIAN_POINT('',(-18.,-8.25,0.));
#4608 = DIRECTION('',(0.,0.,-1.));
#4609 = DIRECTION('',(2.2E-16,1.,0.));
#4610 = ADVANCED_FACE('',(#4611),#4622,.F.);
#4611 = FACE_BOUND('',#4612,.T.);
#4612 = EDGE_LOOP('',(#4613,#4614,#4615,#4621));
#4613 = ORIENTED_EDGE('',*,*,#4582,.T.);
#4614 = ORIENTED_EDGE('',*,*,#3400,.T.);
#4615 = ORIENTED_EDGE('',*,*,#4616,.F.);
#4616 = EDGE_CURVE('',#2015,#3401,#4617,.T.);
#4617 = LINE('',#4618,#4619);
#4618 = CARTESIAN_POINT('',(7.15,-18.,0.));
#4619 = VECTOR('',#4620,1.);
#4620 = DIRECTION('',(0.,0.,1.));
#4621 = ORIENTED_EDGE('',*,*,#2022,.F.);
#4622 = CYLINDRICAL_SURFACE('',#4623,2.);
#4623 = AXIS2_PLACEMENT_3D('',#4624,#4625,#4626);
#4624 = CARTESIAN_POINT('',(5.15,-18.,0.));
#4625 = DIRECTION('',(0.,0.,-1.));
#4626 = DIRECTION('',(2.2E-16,1.,0.));
#4627 = ADVANCED_FACE('',(#4628),#4639,.T.);
#4628 = FACE_BOUND('',#4629,.T.);
#4629 = EDGE_LOOP('',(#4630,#4636,#4637,#4638));
#4630 = ORIENTED_EDGE('',*,*,#4631,.T.);
#4631 = EDGE_CURVE('',#2038,#3425,#4632,.T.);
#4632 = LINE('',#4633,#4634);
#4633 = CARTESIAN_POINT('',(-20.,8.25,0.));
#4634 = VECTOR('',#4635,1.);
#4635 = DIRECTION('',(0.,0.,1.));
#4636 = ORIENTED_EDGE('',*,*,#3424,.T.);
#4637 = ORIENTED_EDGE('',*,*,#4597,.F.);
#4638 = ORIENTED_EDGE('',*,*,#2047,.F.);
#4639 = PLANE('',#4640);
#4640 = AXIS2_PLACEMENT_3D('',#4641,#4642,#4643);
#4641 = CARTESIAN_POINT('',(-20.,1.06E-14,1.9));
#4642 = DIRECTION('',(1.,-3.6E-16,3.8E-16));
#4643 = DIRECTION('',(-3.8E-16,0.,1.));
#4644 = ADVANCED_FACE('',(#4645),#4656,.T.);
#4645 = FACE_BOUND('',#4646,.T.);
#4646 = EDGE_LOOP('',(#4647,#4648,#4649,#4655));
#4647 = ORIENTED_EDGE('',*,*,#4616,.T.);
#4648 = ORIENTED_EDGE('',*,*,#3449,.T.);
#4649 = ORIENTED_EDGE('',*,*,#4650,.F.);
#4650 = EDGE_CURVE('',#2064,#3450,#4651,.T.);
#4651 = LINE('',#4652,#4653);
#4652 = CARTESIAN_POINT('',(7.15,-17.,0.));
#4653 = VECTOR('',#4654,1.);
#4654 = DIRECTION('',(0.,0.,1.));
#4655 = ORIENTED_EDGE('',*,*,#2071,.F.);
#4656 = PLANE('',#4657);
#4657 = AXIS2_PLACEMENT_3D('',#4658,#4659,#4660);
#4658 = CARTESIAN_POINT('',(7.15,-18.,0.));
#4659 = DIRECTION('',(-1.,2.2E-16,0.));
#4660 = DIRECTION('',(2.2E-16,1.,0.));
#4661 = ADVANCED_FACE('',(#4662),#4673,.F.);
#4662 = FACE_BOUND('',#4663,.T.);
#4663 = EDGE_LOOP('',(#4664,#4670,#4671,#4672));
#4664 = ORIENTED_EDGE('',*,*,#4665,.T.);
#4665 = EDGE_CURVE('',#2086,#3498,#4666,.T.);
#4666 = LINE('',#4667,#4668);
#4667 = CARTESIAN_POINT('',(-18.,10.25,0.));
#4668 = VECTOR('',#4669,1.);
#4669 = DIRECTION('',(0.,0.,1.));
#4670 = ORIENTED_EDGE('',*,*,#3505,.T.);
#4671 = ORIENTED_EDGE('',*,*,#4631,.F.);
#4672 = ORIENTED_EDGE('',*,*,#2095,.F.);
#4673 = CYLINDRICAL_SURFACE('',#4674,2.);
#4674 = AXIS2_PLACEMENT_3D('',#4675,#4676,#4677);
#4675 = CARTESIAN_POINT('',(-18.,8.25,0.));
#4676 = DIRECTION('',(0.,0.,-1.));
#4677 = DIRECTION('',(2.2E-16,1.,0.));
#4678 = ADVANCED_FACE('',(#4679),#4690,.T.);
#4679 = FACE_BOUND('',#4680,.F.);
#4680 = EDGE_LOOP('',(#4681,#4687,#4688,#4689));
#4681 = ORIENTED_EDGE('',*,*,#4682,.T.);
#4682 = EDGE_CURVE('',#2113,#3474,#4683,.T.);
#4683 = LINE('',#4684,#4685);
#4684 = CARTESIAN_POINT('',(13.9,-10.25,0.));
#4685 = VECTOR('',#4686,1.);
#4686 = DIRECTION('',(0.,0.,1.));
#4687 = ORIENTED_EDGE('',*,*,#3473,.F.);
#4688 = ORIENTED_EDGE('',*,*,#4650,.F.);
#4689 = ORIENTED_EDGE('',*,*,#2120,.T.);
#4690 = CYLINDRICAL_SURFACE('',#4691,6.75);
#4691 = AXIS2_PLACEMENT_3D('',#4692,#4693,#4694);
#4692 = CARTESIAN_POINT('',(13.9,-17.,0.));
#4693 = DIRECTION('',(0.,0.,-1.));
#4694 = DIRECTION('',(2.2E-16,1.,0.));
#4695 = ADVANCED_FACE('',(#4696),#4707,.T.);
#4696 = FACE_BOUND('',#4697,.T.);
#4697 = EDGE_LOOP('',(#4698,#4704,#4705,#4706));
#4698 = ORIENTED_EDGE('',*,*,#4699,.T.);
#4699 = EDGE_CURVE('',#2136,#3547,#4700,.T.);
#4700 = LINE('',#4701,#4702);
#4701 = CARTESIAN_POINT('',(-13.9,10.25,0.));
#4702 = VECTOR('',#4703,1.);
#4703 = DIRECTION('',(0.,0.,1.));
#4704 = ORIENTED_EDGE('',*,*,#3554,.T.);
#4705 = ORIENTED_EDGE('',*,*,#4665,.F.);
#4706 = ORIENTED_EDGE('',*,*,#2145,.F.);
#4707 = PLANE('',#4708);
#4708 = AXIS2_PLACEMENT_3D('',#4709,#4710,#4711);
#4709 = CARTESIAN_POINT('',(-13.9,10.25,0.));
#4710 = DIRECTION('',(-2.2E-16,-1.,0.));
#4711 = DIRECTION('',(-1.,2.2E-16,0.));
#4712 = ADVANCED_FACE('',(#4713),#4724,.F.);
#4713 = FACE_BOUND('',#4714,.F.);
#4714 = EDGE_LOOP('',(#4715,#4721,#4722,#4723));
#4715 = ORIENTED_EDGE('',*,*,#4716,.T.);
#4716 = EDGE_CURVE('',#2162,#3524,#4717,.T.);
#4717 = LINE('',#4718,#4719);
#4718 = CARTESIAN_POINT('',(18.,-10.25,0.));
#4719 = VECTOR('',#4720,1.);
#4720 = DIRECTION('',(0.,0.,1.));
#4721 = ORIENTED_EDGE('',*,*,#3523,.F.);
#4722 = ORIENTED_EDGE('',*,*,#4682,.F.);
#4723 = ORIENTED_EDGE('',*,*,#2169,.T.);
#4724 = PLANE('',#4725);
#4725 = AXIS2_PLACEMENT_3D('',#4726,#4727,#4728);
#4726 = CARTESIAN_POINT('',(18.,-10.25,0.));
#4727 = DIRECTION('',(2.1E-16,-1.,0.));
#4728 = DIRECTION('',(-1.,-2.1E-16,0.));
#4729 = ADVANCED_FACE('',(#4730),#4741,.T.);
#4730 = FACE_BOUND('',#4731,.F.);
#4731 = EDGE_LOOP('',(#4732,#4733,#4734,#4740));
#4732 = ORIENTED_EDGE('',*,*,#4699,.T.);
#4733 = ORIENTED_EDGE('',*,*,#3603,.F.);
#4734 = ORIENTED_EDGE('',*,*,#4735,.F.);
#4735 = EDGE_CURVE('',#2184,#3596,#4736,.T.);
#4736 = LINE('',#4737,#4738);
#4737 = CARTESIAN_POINT('',(-7.15,17.,0.));
#4738 = VECTOR('',#4739,1.);
#4739 = DIRECTION('',(0.,0.,1.));
#4740 = ORIENTED_EDGE('',*,*,#2193,.T.);
#4741 = CYLINDRICAL_SURFACE('',#4742,6.75);
#4742 = AXIS2_PLACEMENT_3D('',#4743,#4744,#4745);
#4743 = CARTESIAN_POINT('',(-13.9,17.,0.));
#4744 = DIRECTION('',(0.,0.,-1.));
#4745 = DIRECTION('',(2.2E-16,1.,0.));
#4746 = ADVANCED_FACE('',(#4747),#4758,.F.);
#4747 = FACE_BOUND('',#4748,.T.);
#4748 = EDGE_LOOP('',(#4749,#4750,#4751,#4757));
#4749 = ORIENTED_EDGE('',*,*,#4716,.T.);
#4750 = ORIENTED_EDGE('',*,*,#3571,.T.);
#4751 = ORIENTED_EDGE('',*,*,#4752,.F.);
#4752 = EDGE_CURVE('',#2211,#3572,#4753,.T.);
#4753 = LINE('',#4754,#4755);
#4754 = CARTESIAN_POINT('',(20.,-8.25,0.));
#4755 = VECTOR('',#4756,1.);
#4756 = DIRECTION('',(0.,0.,1.));
#4757 = ORIENTED_EDGE('',*,*,#2218,.F.);
#4758 = CYLINDRICAL_SURFACE('',#4759,2.);
#4759 = AXIS2_PLACEMENT_3D('',#4760,#4761,#4762);
#4760 = CARTESIAN_POINT('',(18.,-8.25,0.));
#4761 = DIRECTION('',(0.,0.,-1.));
#4762 = DIRECTION('',(2.2E-16,1.,0.));
#4763 = ADVANCED_FACE('',(#4764),#4775,.F.);
#4764 = FACE_BOUND('',#4765,.F.);
#4765 = EDGE_LOOP('',(#4766,#4767,#4768,#4774));
#4766 = ORIENTED_EDGE('',*,*,#4735,.T.);
#4767 = ORIENTED_EDGE('',*,*,#3628,.F.);
#4768 = ORIENTED_EDGE('',*,*,#4769,.F.);
#4769 = EDGE_CURVE('',#2234,#3621,#4770,.T.);
#4770 = LINE('',#4771,#4772);
#4771 = CARTESIAN_POINT('',(-7.15,18.,0.));
#4772 = VECTOR('',#4773,1.);
#4773 = DIRECTION('',(0.,0.,1.));
#4774 = ORIENTED_EDGE('',*,*,#2243,.T.);
#4775 = PLANE('',#4776);
#4776 = AXIS2_PLACEMENT_3D('',#4777,#4778,#4779);
#4777 = CARTESIAN_POINT('',(-7.15,17.,0.));
#4778 = DIRECTION('',(-1.,2.2E-16,0.));
#4779 = DIRECTION('',(2.2E-16,1.,0.));
#4780 = ADVANCED_FACE('',(#4781),#4792,.T.);
#4781 = FACE_BOUND('',#4782,.T.);
#4782 = EDGE_LOOP('',(#4783,#4789,#4790,#4791));
#4783 = ORIENTED_EDGE('',*,*,#4784,.F.);
#4784 = EDGE_CURVE('',#2260,#3647,#4785,.T.);
#4785 = LINE('',#4786,#4787);
#4786 = CARTESIAN_POINT('',(20.,8.25,0.));
#4787 = VECTOR('',#4788,1.);
#4788 = DIRECTION('',(0.,0.,1.));
#4789 = ORIENTED_EDGE('',*,*,#2267,.F.);
#4790 = ORIENTED_EDGE('',*,*,#4752,.T.);
#4791 = ORIENTED_EDGE('',*,*,#3654,.T.);
#4792 = PLANE('',#4793);
#4793 = AXIS2_PLACEMENT_3D('',#4794,#4795,#4796);
#4794 = CARTESIAN_POINT('',(20.,-2.89E-15,1.9));
#4795 = DIRECTION('',(-1.,4.3E-16,0.));
#4796 = DIRECTION('',(-4.3E-16,-1.,0.));
#4797 = ADVANCED_FACE('',(#4798),#4809,.F.);
#4798 = FACE_BOUND('',#4799,.T.);
#4799 = EDGE_LOOP('',(#4800,#4806,#4807,#4808));
#4800 = ORIENTED_EDGE('',*,*,#4801,.T.);
#4801 = EDGE_CURVE('',#2282,#3669,#4802,.T.);
#4802 = LINE('',#4803,#4804);
#4803 = CARTESIAN_POINT('',(-5.15,20.,0.));
#4804 = VECTOR('',#4805,1.);
#4805 = DIRECTION('',(0.,0.,1.));
#4806 = ORIENTED_EDGE('',*,*,#3676,.T.);
#4807 = ORIENTED_EDGE('',*,*,#4769,.F.);
#4808 = ORIENTED_EDGE('',*,*,#2291,.F.);
#4809 = CYLINDRICAL_SURFACE('',#4810,2.);
#4810 = AXIS2_PLACEMENT_3D('',#4811,#4812,#4813);
#4811 = CARTESIAN_POINT('',(-5.15,18.,0.));
#4812 = DIRECTION('',(0.,0.,-1.));
#4813 = DIRECTION('',(2.2E-16,1.,0.));
#4814 = ADVANCED_FACE('',(#4815),#4826,.F.);
#4815 = FACE_BOUND('',#4816,.T.);
#4816 = EDGE_LOOP('',(#4817,#4818,#4819,#4825));
#4817 = ORIENTED_EDGE('',*,*,#4784,.T.);
#4818 = ORIENTED_EDGE('',*,*,#3694,.T.);
#4819 = ORIENTED_EDGE('',*,*,#4820,.F.);
#4820 = EDGE_CURVE('',#2309,#3695,#4821,.T.);
#4821 = LINE('',#4822,#4823);
#4822 = CARTESIAN_POINT('',(18.,10.25,0.));
#4823 = VECTOR('',#4824,1.);
#4824 = DIRECTION('',(0.,0.,1.));
#4825 = ORIENTED_EDGE('',*,*,#2316,.F.);
#4826 = CYLINDRICAL_SURFACE('',#4827,2.);
#4827 = AXIS2_PLACEMENT_3D('',#4828,#4829,#4830);
#4828 = CARTESIAN_POINT('',(18.,8.25,0.));
#4829 = DIRECTION('',(0.,0.,-1.));
#4830 = DIRECTION('',(2.2E-16,1.,0.));
#4831 = ADVANCED_FACE('',(#4832),#4843,.F.);
#4832 = FACE_BOUND('',#4833,.F.);
#4833 = EDGE_LOOP('',(#4834,#4835,#4836,#4842));
#4834 = ORIENTED_EDGE('',*,*,#4801,.T.);
#4835 = ORIENTED_EDGE('',*,*,#3726,.F.);
#4836 = ORIENTED_EDGE('',*,*,#4837,.F.);
#4837 = EDGE_CURVE('',#2332,#3719,#4838,.T.);
#4838 = LINE('',#4839,#4840);
#4839 = CARTESIAN_POINT('',(5.15,20.,0.));
#4840 = VECTOR('',#4841,1.);
#4841 = DIRECTION('',(0.,0.,1.));
#4842 = ORIENTED_EDGE('',*,*,#2341,.T.);
#4843 = PLANE('',#4844);
#4844 = AXIS2_PLACEMENT_3D('',#4845,#4846,#4847);
#4845 = CARTESIAN_POINT('',(-5.15,20.,0.));
#4846 = DIRECTION('',(2.2E-16,1.,0.));
#4847 = DIRECTION('',(1.,-2.2E-16,0.));
#4848 = ADVANCED_FACE('',(#4849),#4860,.T.);
#4849 = FACE_BOUND('',#4850,.T.);
#4850 = EDGE_LOOP('',(#4851,#4852,#4853,#4859));
#4851 = ORIENTED_EDGE('',*,*,#4820,.T.);
#4852 = ORIENTED_EDGE('',*,*,#3743,.T.);
#4853 = ORIENTED_EDGE('',*,*,#4854,.F.);
#4854 = EDGE_CURVE('',#2358,#3744,#4855,.T.);
#4855 = LINE('',#4856,#4857);
#4856 = CARTESIAN_POINT('',(13.9,10.25,0.));
#4857 = VECTOR('',#4858,1.);
#4858 = DIRECTION('',(0.,0.,1.));
#4859 = ORIENTED_EDGE('',*,*,#2365,.F.);
#4860 = PLANE('',#4861);
#4861 = AXIS2_PLACEMENT_3D('',#4862,#4863,#4864);
#4862 = CARTESIAN_POINT('',(18.,10.25,0.));
#4863 = DIRECTION('',(-2.2E-16,-1.,0.));
#4864 = DIRECTION('',(-1.,2.2E-16,0.));
#4865 = ADVANCED_FACE('',(#4866),#4877,.F.);
#4866 = FACE_BOUND('',#4867,.T.);
#4867 = EDGE_LOOP('',(#4868,#4874,#4875,#4876));
#4868 = ORIENTED_EDGE('',*,*,#4869,.T.);
#4869 = EDGE_CURVE('',#2380,#3767,#4870,.T.);
#4870 = LINE('',#4871,#4872);
#4871 = CARTESIAN_POINT('',(7.15,18.,0.));
#4872 = VECTOR('',#4873,1.);
#4873 = DIRECTION('',(0.,0.,1.));
#4874 = ORIENTED_EDGE('',*,*,#3774,.T.);
#4875 = ORIENTED_EDGE('',*,*,#4837,.F.);
#4876 = ORIENTED_EDGE('',*,*,#2389,.F.);
#4877 = CYLINDRICAL_SURFACE('',#4878,2.);
#4878 = AXIS2_PLACEMENT_3D('',#4879,#4880,#4881);
#4879 = CARTESIAN_POINT('',(5.15,18.,0.));
#4880 = DIRECTION('',(0.,0.,-1.));
#4881 = DIRECTION('',(2.2E-16,1.,0.));
#4882 = ADVANCED_FACE('',(#4883),#4894,.T.);
#4883 = FACE_BOUND('',#4884,.F.);
#4884 = EDGE_LOOP('',(#4885,#4891,#4892,#4893));
#4885 = ORIENTED_EDGE('',*,*,#4886,.T.);
#4886 = EDGE_CURVE('',#2407,#3793,#4887,.T.);
#4887 = LINE('',#4888,#4889);
#4888 = CARTESIAN_POINT('',(7.15,17.,0.));
#4889 = VECTOR('',#4890,1.);
#4890 = DIRECTION('',(0.,0.,1.));
#4891 = ORIENTED_EDGE('',*,*,#3792,.F.);
#4892 = ORIENTED_EDGE('',*,*,#4854,.F.);
#4893 = ORIENTED_EDGE('',*,*,#2414,.T.);
#4894 = CYLINDRICAL_SURFACE('',#4895,6.75);
#4895 = AXIS2_PLACEMENT_3D('',#4896,#4897,#4898);
#4896 = CARTESIAN_POINT('',(13.9,17.,0.));
#4897 = DIRECTION('',(0.,0.,-1.));
#4898 = DIRECTION('',(2.2E-16,1.,0.));
#4899 = ADVANCED_FACE('',(#4900),#4906,.F.);
#4900 = FACE_BOUND('',#4901,.F.);
#4901 = EDGE_LOOP('',(#4902,#4903,#4904,#4905));
#4902 = ORIENTED_EDGE('',*,*,#4869,.T.);
#4903 = ORIENTED_EDGE('',*,*,#3817,.F.);
#4904 = ORIENTED_EDGE('',*,*,#4886,.F.);
#4905 = ORIENTED_EDGE('',*,*,#2432,.T.);
#4906 = PLANE('',#4907);
#4907 = AXIS2_PLACEMENT_3D('',#4908,#4909,#4910);
#4908 = CARTESIAN_POINT('',(7.15,18.,0.));
#4909 = DIRECTION('',(1.,-2.2E-16,0.));
#4910 = DIRECTION('',(-2.2E-16,-1.,0.));
#4911 = ADVANCED_FACE('',(#4912),#4923,.F.);
#4912 = FACE_BOUND('',#4913,.T.);
#4913 = EDGE_LOOP('',(#4914,#4920,#4921,#4922));
#4914 = ORIENTED_EDGE('',*,*,#4915,.T.);
#4915 = EDGE_CURVE('',#2447,#3834,#4916,.T.);
#4916 = LINE('',#4917,#4918);
#4917 = CARTESIAN_POINT('',(-15.25,-13.2,0.));
#4918 = VECTOR('',#4919,1.);
#4919 = DIRECTION('',(0.,0.,1.));
#4920 = ORIENTED_EDGE('',*,*,#3841,.T.);
#4921 = ORIENTED_EDGE('',*,*,#4915,.F.);
#4922 = ORIENTED_EDGE('',*,*,#2456,.F.);
#4923 = CYLINDRICAL_SURFACE('',#4924,2.05);
#4924 = AXIS2_PLACEMENT_3D('',#4925,#4926,#4927);
#4925 = CARTESIAN_POINT('',(-15.25,-15.25,0.));
#4926 = DIRECTION('',(0.,0.,-1.));
#4927 = DIRECTION('',(2.2E-16,1.,0.));
#4928 = ADVANCED_FACE('',(#4929),#4940,.F.);
#4929 = FACE_BOUND('',#4930,.T.);
#4930 = EDGE_LOOP('',(#4931,#4937,#4938,#4939));
#4931 = ORIENTED_EDGE('',*,*,#4932,.T.);
#4932 = EDGE_CURVE('',#2472,#3859,#4933,.T.);
#4933 = LINE('',#4934,#4935);
#4934 = CARTESIAN_POINT('',(-15.25,17.3,0.));
#4935 = VECTOR('',#4936,1.);
#4936 = DIRECTION('',(0.,0.,1.));
#4937 = ORIENTED_EDGE('',*,*,#3866,.T.);
#4938 = ORIENTED_EDGE('',*,*,#4932,.F.);
#4939 = ORIENTED_EDGE('',*,*,#2481,.F.);
#4940 = CYLINDRICAL_SURFACE('',#4941,2.05);
#4941 = AXIS2_PLACEMENT_3D('',#4942,#4943,#4944);
#4942 = CARTESIAN_POINT('',(-15.25,15.25,0.));
#4943 = DIRECTION('',(0.,0.,-1.));
#4944 = DIRECTION('',(2.2E-16,1.,0.));
#4945 = ADVANCED_FACE('',(#4946),#4957,.F.);
#4946 = FACE_BOUND('',#4947,.T.);
#4947 = EDGE_LOOP('',(#4948,#4954,#4955,#4956));
#4948 = ORIENTED_EDGE('',*,*,#4949,.T.);
#4949 = EDGE_CURVE('',#2497,#3884,#4950,.T.);
#4950 = LINE('',#4951,#4952);
#4951 = CARTESIAN_POINT('',(15.25,17.3,0.));
#4952 = VECTOR('',#4953,1.);
#4953 = DIRECTION('',(0.,0.,1.));
#4954 = ORIENTED_EDGE('',*,*,#3891,.T.);
#4955 = ORIENTED_EDGE('',*,*,#4949,.F.);
#4956 = ORIENTED_EDGE('',*,*,#2506,.F.);
#4957 = CYLINDRICAL_SURFACE('',#4958,2.05);
#4958 = AXIS2_PLACEMENT_3D('',#4959,#4960,#4961);
#4959 = CARTESIAN_POINT('',(15.25,15.25,0.));
#4960 = DIRECTION('',(0.,0.,-1.));
#4961 = DIRECTION('',(2.2E-16,1.,0.));
#4962 = ADVANCED_FACE('',(#4963),#4974,.F.);
#4963 = FACE_BOUND('',#4964,.T.);
#4964 = EDGE_LOOP('',(#4965,#4971,#4972,#4973));
#4965 = ORIENTED_EDGE('',*,*,#4966,.T.);
#4966 = EDGE_CURVE('',#2522,#3909,#4967,.T.);
#4967 = LINE('',#4968,#4969);
#4968 = CARTESIAN_POINT('',(15.25,-13.2,0.));
#4969 = VECTOR('',#4970,1.);
#4970 = DIRECTION('',(0.,0.,1.));
#4971 = ORIENTED_EDGE('',*,*,#3916,.T.);
#4972 = ORIENTED_EDGE('',*,*,#4966,.F.);
#4973 = ORIENTED_EDGE('',*,*,#2531,.F.);
#4974 = CYLINDRICAL_SURFACE('',#4975,2.05);
#4975 = AXIS2_PLACEMENT_3D('',#4976,#4977,#4978);
#4976 = CARTESIAN_POINT('',(15.25,-15.25,0.));
#4977 = DIRECTION('',(0.,0.,-1.));
#4978 = DIRECTION('',(2.2E-16,1.,0.));
#4979 = ADVANCED_FACE('',(#4980),#4991,.F.);
#4980 = FACE_BOUND('',#4981,.T.);
#4981 = EDGE_LOOP('',(#4982,#4988,#4989,#4990));
#4982 = ORIENTED_EDGE('',*,*,#4983,.T.);
#4983 = EDGE_CURVE('',#2547,#3934,#4984,.T.);
#4984 = LINE('',#4985,#4986);
#4985 = CARTESIAN_POINT('',(31.42,-12.95,0.));
#4986 = VECTOR('',#4987,1.);
#4987 = DIRECTION('',(0.,0.,1.));
#4988 = ORIENTED_EDGE('',*,*,#3941,.T.);
#4989 = ORIENTED_EDGE('',*,*,#4983,.F.);
#4990 = ORIENTED_EDGE('',*,*,#2556,.F.);
#4991 = CYLINDRICAL_SURFACE('',#4992,2.05);
#4992 = AXIS2_PLACEMENT_3D('',#4993,#4994,#4995);
#4993 = CARTESIAN_POINT('',(31.42,-15.,0.));
#4994 = DIRECTION('',(0.,0.,-1.));
#4995 = DIRECTION('',(2.2E-16,1.,0.));
#4996 = ADVANCED_FACE('',(#4997),#5008,.F.);
#4997 = FACE_BOUND('',#4998,.T.);
#4998 = EDGE_LOOP('',(#4999,#5005,#5006,#5007));
#4999 = ORIENTED_EDGE('',*,*,#5000,.T.);
#5000 = EDGE_CURVE('',#2572,#3959,#5001,.T.);
#5001 = LINE('',#5002,#5003);
#5002 = CARTESIAN_POINT('',(31.42,17.05,0.));
#5003 = VECTOR('',#5004,1.);
#5004 = DIRECTION('',(0.,0.,1.));
#5005 = ORIENTED_EDGE('',*,*,#3966,.T.);
#5006 = ORIENTED_EDGE('',*,*,#5000,.F.);
#5007 = ORIENTED_EDGE('',*,*,#2581,.F.);
#5008 = CYLINDRICAL_SURFACE('',#5009,2.05);
#5009 = AXIS2_PLACEMENT_3D('',#5010,#5011,#5012);
#5010 = CARTESIAN_POINT('',(31.42,15.,0.));
#5011 = DIRECTION('',(0.,0.,-1.));
#5012 = DIRECTION('',(2.2E-16,1.,0.));
#5013 = ADVANCED_FACE('',(#5014),#5025,.F.);
#5014 = FACE_BOUND('',#5015,.T.);
#5015 = EDGE_LOOP('',(#5016,#5022,#5023,#5024));
#5016 = ORIENTED_EDGE('',*,*,#5017,.T.);
#5017 = EDGE_CURVE('',#2597,#3984,#5018,.T.);
#5018 = LINE('',#5019,#5020);
#5019 = CARTESIAN_POINT('',(-30.446,-12.95,0.));
#5020 = VECTOR('',#5021,1.);
#5021 = DIRECTION('',(0.,0.,1.));
#5022 = ORIENTED_EDGE('',*,*,#3991,.T.);
#5023 = ORIENTED_EDGE('',*,*,#5017,.F.);
#5024 = ORIENTED_EDGE('',*,*,#2606,.F.);
#5025 = CYLINDRICAL_SURFACE('',#5026,2.05);
#5026 = AXIS2_PLACEMENT_3D('',#5027,#5028,#5029);
#5027 = CARTESIAN_POINT('',(-30.446,-15.,0.));
#5028 = DIRECTION('',(0.,0.,-1.));
#5029 = DIRECTION('',(2.2E-16,1.,0.));
#5030 = ADVANCED_FACE('',(#5031),#5042,.F.);
#5031 = FACE_BOUND('',#5032,.T.);
#5032 = EDGE_LOOP('',(#5033,#5039,#5040,#5041));
#5033 = ORIENTED_EDGE('',*,*,#5034,.T.);
#5034 = EDGE_CURVE('',#2622,#4009,#5035,.T.);
#5035 = LINE('',#5036,#5037);
#5036 = CARTESIAN_POINT('',(-30.446,17.05,0.));
#5037 = VECTOR('',#5038,1.);
#5038 = DIRECTION('',(0.,0.,1.));
#5039 = ORIENTED_EDGE('',*,*,#4016,.T.);
#5040 = ORIENTED_EDGE('',*,*,#5034,.F.);
#5041 = ORIENTED_EDGE('',*,*,#2631,.F.);
#5042 = CYLINDRICAL_SURFACE('',#5043,2.05);
#5043 = AXIS2_PLACEMENT_3D('',#5044,#5045,#5046);
#5044 = CARTESIAN_POINT('',(-30.446,15.,0.));
#5045 = DIRECTION('',(0.,0.,-1.));
#5046 = DIRECTION('',(2.2E-16,1.,0.));
#5047 = ADVANCED_FACE('',(#5048),#5059,.F.);
#5048 = FACE_BOUND('',#5049,.T.);
#5049 = EDGE_LOOP('',(#5050,#5056,#5057,#5058));
#5050 = ORIENTED_EDGE('',*,*,#5051,.T.);
#5051 = EDGE_CURVE('',#2647,#4034,#5052,.T.);
#5052 = LINE('',#5053,#5054);
#5053 = CARTESIAN_POINT('',(-22.62741699797,-21.02741699797,0.));
#5054 = VECTOR('',#5055,1.);
#5055 = DIRECTION('',(0.,0.,1.));
#5056 = ORIENTED_EDGE('',*,*,#4041,.T.);
#5057 = ORIENTED_EDGE('',*,*,#5051,.F.);
#5058 = ORIENTED_EDGE('',*,*,#2656,.F.);
#5059 = CYLINDRICAL_SURFACE('',#5060,1.6);
#5060 = AXIS2_PLACEMENT_3D('',#5061,#5062,#5063);
#5061 = CARTESIAN_POINT('',(-22.62741699797,-22.62741699797,0.));
#5062 = DIRECTION('',(0.,0.,-1.));
#5063 = DIRECTION('',(2.2E-16,1.,0.));
#5064 = ADVANCED_FACE('',(#5065),#5076,.F.);
#5065 = FACE_BOUND('',#5066,.T.);
#5066 = EDGE_LOOP('',(#5067,#5073,#5074,#5075));
#5067 = ORIENTED_EDGE('',*,*,#5068,.T.);
#5068 = EDGE_CURVE('',#2672,#4059,#5069,.T.);
#5069 = LINE('',#5070,#5071);
#5070 = CARTESIAN_POINT('',(-30.446,1.6,0.));
#5071 = VECTOR('',#5072,1.);
#5072 = DIRECTION('',(0.,0.,1.));
#5073 = ORIENTED_EDGE('',*,*,#4066,.T.);
#5074 = ORIENTED_EDGE('',*,*,#5068,.F.);
#5075 = ORIENTED_EDGE('',*,*,#2681,.F.);
#5076 = CYLINDRICAL_SURFACE('',#5077,1.6);
#5077 = AXIS2_PLACEMENT_3D('',#5078,#5079,#5080);
#5078 = CARTESIAN_POINT('',(-30.446,6.76E-15,0.));
#5079 = DIRECTION('',(0.,0.,-1.));
#5080 = DIRECTION('',(2.2E-16,1.,0.));
#5081 = ADVANCED_FACE('',(#5082),#5093,.F.);
#5082 = FACE_BOUND('',#5083,.T.);
#5083 = EDGE_LOOP('',(#5084,#5090,#5091,#5092));
#5084 = ORIENTED_EDGE('',*,*,#5085,.T.);
#5085 = EDGE_CURVE('',#2697,#4084,#5086,.T.);
#5086 = LINE('',#5087,#5088);
#5087 = CARTESIAN_POINT('',(-22.62741699797,24.22741699797,0.));
#5088 = VECTOR('',#5089,1.);
#5089 = DIRECTION('',(0.,0.,1.));
#5090 = ORIENTED_EDGE('',*,*,#4091,.T.);
#5091 = ORIENTED_EDGE('',*,*,#5085,.F.);
#5092 = ORIENTED_EDGE('',*,*,#2706,.F.);
#5093 = CYLINDRICAL_SURFACE('',#5094,1.6);
#5094 = AXIS2_PLACEMENT_3D('',#5095,#5096,#5097);
#5095 = CARTESIAN_POINT('',(-22.62741699797,22.62741699797,0.));
#5096 = DIRECTION('',(0.,0.,-1.));
#5097 = DIRECTION('',(2.2E-16,1.,0.));
#5098 = ADVANCED_FACE('',(#5099),#5110,.F.);
#5099 = FACE_BOUND('',#5100,.T.);
#5100 = EDGE_LOOP('',(#5101,#5107,#5108,#5109));
#5101 = ORIENTED_EDGE('',*,*,#5102,.T.);
#5102 = EDGE_CURVE('',#2722,#4109,#5103,.T.);
#5103 = LINE('',#5104,#5105);
#5104 = CARTESIAN_POINT('',(7.46E-15,33.6,0.));
#5105 = VECTOR('',#5106,1.);
#5106 = DIRECTION('',(0.,0.,1.));
#5107 = ORIENTED_EDGE('',*,*,#4116,.T.);
#5108 = ORIENTED_EDGE('',*,*,#5102,.F.);
#5109 = ORIENTED_EDGE('',*,*,#2731,.F.);
#5110 = CYLINDRICAL_SURFACE('',#5111,1.6);
#5111 = AXIS2_PLACEMENT_3D('',#5112,#5113,#5114);
#5112 = CARTESIAN_POINT('',(7.11E-15,32.,0.));
#5113 = DIRECTION('',(0.,0.,-1.));
#5114 = DIRECTION('',(2.2E-16,1.,0.));
#5115 = ADVANCED_FACE('',(#5116),#5127,.F.);
#5116 = FACE_BOUND('',#5117,.T.);
#5117 = EDGE_LOOP('',(#5118,#5124,#5125,#5126));
#5118 = ORIENTED_EDGE('',*,*,#5119,.T.);
#5119 = EDGE_CURVE('',#2747,#4134,#5120,.T.);
#5120 = LINE('',#5121,#5122);
#5121 = CARTESIAN_POINT('',(22.62741699797,24.22741699797,0.));
#5122 = VECTOR('',#5123,1.);
#5123 = DIRECTION('',(0.,0.,1.));
#5124 = ORIENTED_EDGE('',*,*,#4141,.T.);
#5125 = ORIENTED_EDGE('',*,*,#5119,.F.);
#5126 = ORIENTED_EDGE('',*,*,#2756,.F.);
#5127 = CYLINDRICAL_SURFACE('',#5128,1.6);
#5128 = AXIS2_PLACEMENT_3D('',#5129,#5130,#5131);
#5129 = CARTESIAN_POINT('',(22.62741699797,22.62741699797,0.));
#5130 = DIRECTION('',(0.,0.,-1.));
#5131 = DIRECTION('',(2.2E-16,1.,0.));
#5132 = ADVANCED_FACE('',(#5133),#5144,.F.);
#5133 = FACE_BOUND('',#5134,.T.);
#5134 = EDGE_LOOP('',(#5135,#5141,#5142,#5143));
#5135 = ORIENTED_EDGE('',*,*,#5136,.T.);
#5136 = EDGE_CURVE('',#2772,#4159,#5137,.T.);
#5137 = LINE('',#5138,#5139);
#5138 = CARTESIAN_POINT('',(32.,1.6,0.));
#5139 = VECTOR('',#5140,1.);
#5140 = DIRECTION('',(0.,0.,1.));
#5141 = ORIENTED_EDGE('',*,*,#4166,.T.);
#5142 = ORIENTED_EDGE('',*,*,#5136,.F.);
#5143 = ORIENTED_EDGE('',*,*,#2781,.F.);
#5144 = CYLINDRICAL_SURFACE('',#5145,1.6);
#5145 = AXIS2_PLACEMENT_3D('',#5146,#5147,#5148);
#5146 = CARTESIAN_POINT('',(32.,-7.11E-15,0.));
#5147 = DIRECTION('',(0.,0.,-1.));
#5148 = DIRECTION('',(2.2E-16,1.,0.));
#5149 = ADVANCED_FACE('',(#5150),#5161,.F.);
#5150 = FACE_BOUND('',#5151,.T.);
#5151 = EDGE_LOOP('',(#5152,#5158,#5159,#5160));
#5152 = ORIENTED_EDGE('',*,*,#5153,.T.);
#5153 = EDGE_CURVE('',#2797,#4184,#5154,.T.);
#5154 = LINE('',#5155,#5156);
#5155 = CARTESIAN_POINT('',(22.62741699797,-21.02741699797,0.));
#5156 = VECTOR('',#5157,1.);
#5157 = DIRECTION('',(0.,0.,1.));
#5158 = ORIENTED_EDGE('',*,*,#4191,.T.);
#5159 = ORIENTED_EDGE('',*,*,#5153,.F.);
#5160 = ORIENTED_EDGE('',*,*,#2806,.F.);
#5161 = CYLINDRICAL_SURFACE('',#5162,1.6);
#5162 = AXIS2_PLACEMENT_3D('',#5163,#5164,#5165);
#5163 = CARTESIAN_POINT('',(22.62741699797,-22.62741699797,0.));
#5164 = DIRECTION('',(0.,0.,-1.));
#5165 = DIRECTION('',(2.2E-16,1.,0.));
#5166 = ADVANCED_FACE('',(#5167),#5178,.F.);
#5167 = FACE_BOUND('',#5168,.T.);
#5168 = EDGE_LOOP('',(#5169,#5175,#5176,#5177));
#5169 = ORIENTED_EDGE('',*,*,#5170,.T.);
#5170 = EDGE_CURVE('',#2822,#4209,#5171,.T.);
#5171 = LINE('',#5172,#5173);
#5172 = CARTESIAN_POINT('',(-6.75E-15,-30.4,0.));
#5173 = VECTOR('',#5174,1.);
#5174 = DIRECTION('',(0.,0.,1.));
#5175 = ORIENTED_EDGE('',*,*,#4216,.T.);
#5176 = ORIENTED_EDGE('',*,*,#5170,.F.);
#5177 = ORIENTED_EDGE('',*,*,#2831,.F.);
#5178 = CYLINDRICAL_SURFACE('',#5179,1.6);
#5179 = AXIS2_PLACEMENT_3D('',#5180,#5181,#5182);
#5180 = CARTESIAN_POINT('',(-7.11E-15,-32.,0.));
#5181 = DIRECTION('',(0.,0.,-1.));
#5182 = DIRECTION('',(2.2E-16,1.,0.));
#5183 = ADVANCED_FACE('',(#5184),#5195,.F.);
#5184 = FACE_BOUND('',#5185,.T.);
#5185 = EDGE_LOOP('',(#5186,#5192,#5193,#5194));
#5186 = ORIENTED_EDGE('',*,*,#5187,.T.);
#5187 = EDGE_CURVE('',#2847,#4234,#5188,.T.);
#5188 = LINE('',#5189,#5190);
#5189 = CARTESIAN_POINT('',(37.141680490938,-52.87606147864,0.));
#5190 = VECTOR('',#5191,1.);
#5191 = DIRECTION('',(0.,0.,1.));
#5192 = ORIENTED_EDGE('',*,*,#4241,.T.);
#5193 = ORIENTED_EDGE('',*,*,#5187,.F.);
#5194 = ORIENTED_EDGE('',*,*,#2856,.F.);
#5195 = CYLINDRICAL_SURFACE('',#5196,1.6);
#5196 = AXIS2_PLACEMENT_3D('',#5197,#5198,#5199);
#5197 = CARTESIAN_POINT('',(37.141680490938,-54.47606147864,0.));
#5198 = DIRECTION('',(0.,0.,-1.));
#5199 = DIRECTION('',(2.2E-16,1.,0.));
#5200 = ADVANCED_FACE('',(#5201),#5212,.F.);
#5201 = FACE_BOUND('',#5202,.T.);
#5202 = EDGE_LOOP('',(#5203,#5209,#5210,#5211));
#5203 = ORIENTED_EDGE('',*,*,#5204,.T.);
#5204 = EDGE_CURVE('',#2872,#4259,#5205,.T.);
#5205 = LINE('',#5206,#5207);
#5206 = CARTESIAN_POINT('',(37.141680490938,56.076061478649,0.));
#5207 = VECTOR('',#5208,1.);
#5208 = DIRECTION('',(0.,0.,1.));
#5209 = ORIENTED_EDGE('',*,*,#4266,.T.);
#5210 = ORIENTED_EDGE('',*,*,#5204,.F.);
#5211 = ORIENTED_EDGE('',*,*,#2881,.F.);
#5212 = CYLINDRICAL_SURFACE('',#5213,1.6);
#5213 = AXIS2_PLACEMENT_3D('',#5214,#5215,#5216);
#5214 = CARTESIAN_POINT('',(37.141680490938,54.476061478649,0.));
#5215 = DIRECTION('',(0.,0.,-1.));
#5216 = DIRECTION('',(2.2E-16,1.,0.));
#5217 = ADVANCED_FACE('',(#5218),#5229,.F.);
#5218 = FACE_BOUND('',#5219,.T.);
#5219 = EDGE_LOOP('',(#5220,#5226,#5227,#5228));
#5220 = ORIENTED_EDGE('',*,*,#5221,.T.);
#5221 = EDGE_CURVE('',#2897,#4284,#5222,.T.);
#5222 = LINE('',#5223,#5224);
#5223 = CARTESIAN_POINT('',(-65.446,1.6,0.));
#5224 = VECTOR('',#5225,1.);
#5225 = DIRECTION('',(0.,0.,1.));
#5226 = ORIENTED_EDGE('',*,*,#4291,.T.);
#5227 = ORIENTED_EDGE('',*,*,#5221,.F.);
#5228 = ORIENTED_EDGE('',*,*,#2906,.F.);
#5229 = CYLINDRICAL_SURFACE('',#5230,1.6);
#5230 = AXIS2_PLACEMENT_3D('',#5231,#5232,#5233);
#5231 = CARTESIAN_POINT('',(-65.446,1.453E-14,0.));
#5232 = DIRECTION('',(0.,0.,-1.));
#5233 = DIRECTION('',(2.2E-16,1.,0.));
#5234 = ( GEOMETRIC_REPRESENTATION_CONTEXT(3) 
GLOBAL_UNCERTAINTY_ASSIGNED_CONTEXT((#5238)) 
GLOBAL_UNIT_ASSIGNED_CONTEXT((#5235,#5236,#5237)) REPRESENTATION_CONTEXT
('Context #1','3D Context with UNIT and UNCERTAINTY') );
#5235 = ( LENGTH_UNIT() NAMED_UNIT(*) SI_UNIT(.MILLI.,.METRE.) );
#5236 = ( NAMED_UNIT(*) PLANE_ANGLE_UNIT() SI_UNIT($,.RADIAN.) );
#5237 = ( NAMED_UNIT(*) SI_UNIT($,.STERADIAN.) SOLID_ANGLE_UNIT() );
#5238 = UNCERTAINTY_MEASURE_WITH_UNIT(LENGTH_MEASURE(1.E-07),#5235,
  'distance_accuracy_value','confusion accuracy');
#5239 = PRODUCT_RELATED_PRODUCT_CATEGORY('part',$,(#7));
ENDSEC;
END-ISO-10303-21;
