ISO-10303-21;
HEADER;
FILE_DESCRIPTION(('FreeCAD Model'),'2;1');
FILE_NAME('Open CASCADE Shape Model','2026-04-28T11:58:36',(''),(''),
  'Open CASCADE STEP processor 7.8','FreeCAD','Unknown');
FILE_SCHEMA(('AUTOMOTIVE_DESIGN { 1 0 10303 214 1 1 1 1 }'));
ENDSEC;
DATA;
#1 = APPLICATION_PROTOCOL_DEFINITION('international standard',
  'automotive_design',2000,#2);
#2 = APPLICATION_CONTEXT(
  'core data for automotive mechanical design processes');
#3 = SHAPE_DEFINITION_REPRESENTATION(#4,#10);
#4 = PRODUCT_DEFINITION_SHAPE('','',#5);
#5 = PRODUCT_DEFINITION('design','',#6,#9);
#6 = PRODUCT_DEFINITION_FORMATION('','',#7);
#7 = PRODUCT('B_rotor_arm','B_rotor_arm','',(#8));
#8 = PRODUCT_CONTEXT('',#2,'mechanical');
#9 = PRODUCT_DEFINITION_CONTEXT('part definition',#2,'design');
#10 = ADVANCED_BREP_SHAPE_REPRESENTATION('',(#11,#15),#8589);
#11 = AXIS2_PLACEMENT_3D('',#12,#13,#14);
#12 = CARTESIAN_POINT('',(0.,0.,0.));
#13 = DIRECTION('',(0.,0.,1.));
#14 = DIRECTION('',(1.,0.,-0.));
#15 = MANIFOLD_SOLID_BREP('',#16);
#16 = CLOSED_SHELL('',(#17,#59,#90,#122,#154,#185,#209,#233,#257,#1138,
    #1155,#2036,#2053,#2065,#2077,#2109,#2133,#2157,#2175,#2206,#2230,
    #2254,#2278,#2302,#2319,#2350,#2374,#2398,#2422,#2446,#2463,#2494,
    #2518,#2542,#2566,#2590,#2607,#2638,#2662,#2686,#2710,#2734,#2751,
    #2782,#2806,#2830,#2854,#2878,#2895,#2926,#2950,#2974,#2998,#3022,
    #3039,#3070,#3094,#3118,#3135,#3166,#3190,#3214,#3231,#3262,#3286,
    #3310,#3327,#3358,#3382,#3406,#3423,#3454,#3478,#3502,#3519,#3550,
    #3574,#3598,#3615,#3646,#3670,#3694,#3711,#3742,#3766,#3790,#3807,
    #3838,#3862,#3886,#3903,#3934,#3958,#3982,#3999,#4030,#4054,#4078,
    #4095,#4126,#4150,#4174,#4191,#4222,#4246,#4270,#4287,#4318,#4342,
    #4366,#4383,#4408,#4433,#4458,#4483,#4515,#4539,#4563,#4581,#4612,
    #4636,#4660,#4684,#4708,#4725,#4756,#4780,#4804,#4828,#4852,#4869,
    #4900,#4924,#4948,#4972,#4996,#5013,#5044,#5068,#5092,#5116,#5140,
    #5157,#5188,#5212,#5236,#5260,#5284,#5301,#5332,#5356,#5380,#5404,
    #5428,#5445,#5476,#5500,#5524,#5541,#5572,#5596,#5620,#5637,#5668,
    #5692,#5716,#5733,#5764,#5788,#5812,#5829,#5860,#5884,#5908,#5925,
    #5956,#5980,#6004,#6021,#6052,#6076,#6100,#6117,#6148,#6172,#6196,
    #6213,#6244,#6268,#6292,#6309,#6340,#6364,#6388,#6405,#6436,#6460,
    #6484,#6501,#6532,#6556,#6580,#6597,#6628,#6652,#6676,#6693,#6724,
    #6748,#6772,#6789,#6814,#6839,#6864,#6889,#6911,#6928,#6945,#6957,
    #6979,#6996,#7013,#7030,#7047,#7059,#7081,#7098,#7115,#7132,#7149,
    #7161,#7183,#7200,#7217,#7234,#7251,#7263,#7285,#7302,#7319,#7336,
    #7353,#7365,#7387,#7404,#7421,#7438,#7455,#7467,#7489,#7506,#7523,
    #7540,#7557,#7569,#7591,#7608,#7625,#7637,#7659,#7676,#7693,#7705,
    #7727,#7744,#7761,#7773,#7795,#7812,#7829,#7841,#7863,#7880,#7897,
    #7909,#7931,#7948,#7965,#7977,#7999,#8016,#8033,#8045,#8067,#8084,
    #8101,#8113,#8135,#8152,#8169,#8181,#8203,#8220,#8237,#8249,#8271,
    #8288,#8305,#8317,#8339,#8356,#8373,#8385,#8407,#8424,#8441,#8453,
    #8475,#8492,#8509,#8521,#8538,#8555,#8572));
#17 = ADVANCED_FACE('',(#18),#54,.T.);
#18 = FACE_BOUND('',#19,.F.);
#19 = EDGE_LOOP('',(#20,#30,#39,#47));
#20 = ORIENTED_EDGE('',*,*,#21,.T.);
#21 = EDGE_CURVE('',#22,#24,#26,.T.);
#22 = VERTEX_POINT('',#23);
#23 = CARTESIAN_POINT('',(-5.,-2.E-15,0.4));
#24 = VERTEX_POINT('',#25);
#25 = CARTESIAN_POINT('',(-5.,-2.E-15,9.8));
#26 = LINE('',#27,#28);
#27 = CARTESIAN_POINT('',(-5.,-1.6E-15,0.));
#28 = VECTOR('',#29,1.);
#29 = DIRECTION('',(0.,0.,1.));
#30 = ORIENTED_EDGE('',*,*,#31,.T.);
#31 = EDGE_CURVE('',#24,#32,#34,.T.);
#32 = VERTEX_POINT('',#33);
#33 = CARTESIAN_POINT('',(5.,-1.E-15,9.8));
#34 = CIRCLE('',#35,5.);
#35 = AXIS2_PLACEMENT_3D('',#36,#37,#38);
#36 = CARTESIAN_POINT('',(0.,0.,9.8));
#37 = DIRECTION('',(0.,0.,1.));
#38 = DIRECTION('',(-1.,-3.2E-16,0.));
#39 = ORIENTED_EDGE('',*,*,#40,.F.);
#40 = EDGE_CURVE('',#41,#32,#43,.T.);
#41 = VERTEX_POINT('',#42);
#42 = CARTESIAN_POINT('',(5.,-1.E-15,0.4));
#43 = LINE('',#44,#45);
#44 = CARTESIAN_POINT('',(5.,-1.21E-15,0.));
#45 = VECTOR('',#46,1.);
#46 = DIRECTION('',(0.,0.,1.));
#47 = ORIENTED_EDGE('',*,*,#48,.F.);
#48 = EDGE_CURVE('',#22,#41,#49,.T.);
#49 = CIRCLE('',#50,5.);
#50 = AXIS2_PLACEMENT_3D('',#51,#52,#53);
#51 = CARTESIAN_POINT('',(0.,0.,0.4));
#52 = DIRECTION('',(0.,0.,1.));
#53 = DIRECTION('',(-1.,-3.2E-16,0.));
#54 = CYLINDRICAL_SURFACE('',#55,5.);
#55 = AXIS2_PLACEMENT_3D('',#56,#57,#58);
#56 = CARTESIAN_POINT('',(0.,0.,0.));
#57 = DIRECTION('',(-0.,-0.,-1.));
#58 = DIRECTION('',(1.,0.,0.));
#59 = ADVANCED_FACE('',(#60),#85,.T.);
#60 = FACE_BOUND('',#61,.T.);
#61 = EDGE_LOOP('',(#62,#63,#71,#79));
#62 = ORIENTED_EDGE('',*,*,#21,.T.);
#63 = ORIENTED_EDGE('',*,*,#64,.F.);
#64 = EDGE_CURVE('',#65,#24,#67,.T.);
#65 = VERTEX_POINT('',#66);
#66 = CARTESIAN_POINT('',(-5.,122.6,9.8));
#67 = LINE('',#68,#69);
#68 = CARTESIAN_POINT('',(-5.,122.6,9.8));
#69 = VECTOR('',#70,1.);
#70 = DIRECTION('',(-0.,-1.,-0.));
#71 = ORIENTED_EDGE('',*,*,#72,.F.);
#72 = EDGE_CURVE('',#73,#65,#75,.T.);
#73 = VERTEX_POINT('',#74);
#74 = CARTESIAN_POINT('',(-5.,122.6,0.4));
#75 = LINE('',#76,#77);
#76 = CARTESIAN_POINT('',(-5.,122.6,0.));
#77 = VECTOR('',#78,1.);
#78 = DIRECTION('',(0.,0.,1.));
#79 = ORIENTED_EDGE('',*,*,#80,.T.);
#80 = EDGE_CURVE('',#73,#22,#81,.T.);
#81 = LINE('',#82,#83);
#82 = CARTESIAN_POINT('',(-5.,122.6,0.4));
#83 = VECTOR('',#84,1.);
#84 = DIRECTION('',(-0.,-1.,-0.));
#85 = PLANE('',#86);
#86 = AXIS2_PLACEMENT_3D('',#87,#88,#89);
#87 = CARTESIAN_POINT('',(-5.,-1.6E-15,0.));
#88 = DIRECTION('',(-1.,0.,0.));
#89 = DIRECTION('',(0.,1.,0.));
#90 = ADVANCED_FACE('',(#91),#117,.T.);
#91 = FACE_BOUND('',#92,.F.);
#92 = EDGE_LOOP('',(#93,#101,#102,#110));
#93 = ORIENTED_EDGE('',*,*,#94,.F.);
#94 = EDGE_CURVE('',#22,#95,#97,.T.);
#95 = VERTEX_POINT('',#96);
#96 = CARTESIAN_POINT('',(-4.6,-1.E-15,0.));
#97 = LINE('',#98,#99);
#98 = CARTESIAN_POINT('',(-5.,-1.61E-15,0.4));
#99 = VECTOR('',#100,1.);
#100 = DIRECTION('',(0.707106781187,2.3E-16,-0.707106781187));
#101 = ORIENTED_EDGE('',*,*,#48,.T.);
#102 = ORIENTED_EDGE('',*,*,#103,.T.);
#103 = EDGE_CURVE('',#41,#104,#106,.T.);
#104 = VERTEX_POINT('',#105);
#105 = CARTESIAN_POINT('',(4.6,-1.E-15,0.));
#106 = LINE('',#107,#108);
#107 = CARTESIAN_POINT('',(5.,-1.22E-15,0.4));
#108 = VECTOR('',#109,1.);
#109 = DIRECTION('',(-0.707106781187,1.7E-16,-0.707106781187));
#110 = ORIENTED_EDGE('',*,*,#111,.F.);
#111 = EDGE_CURVE('',#95,#104,#112,.T.);
#112 = CIRCLE('',#113,4.6);
#113 = AXIS2_PLACEMENT_3D('',#114,#115,#116);
#114 = CARTESIAN_POINT('',(0.,0.,0.));
#115 = DIRECTION('',(0.,0.,1.));
#116 = DIRECTION('',(-1.,-3.2E-16,0.));
#117 = CONICAL_SURFACE('',#118,5.,0.785398163397);
#118 = AXIS2_PLACEMENT_3D('',#119,#120,#121);
#119 = CARTESIAN_POINT('',(0.,0.,0.4));
#120 = DIRECTION('',(0.,0.,1.));
#121 = DIRECTION('',(-1.,-3.2E-16,0.));
#122 = ADVANCED_FACE('',(#123),#149,.T.);
#123 = FACE_BOUND('',#124,.T.);
#124 = EDGE_LOOP('',(#125,#133,#134,#142));
#125 = ORIENTED_EDGE('',*,*,#126,.F.);
#126 = EDGE_CURVE('',#24,#127,#129,.T.);
#127 = VERTEX_POINT('',#128);
#128 = CARTESIAN_POINT('',(-4.8,-2.E-15,10.));
#129 = LINE('',#130,#131);
#130 = CARTESIAN_POINT('',(-5.,-1.61E-15,9.8));
#131 = VECTOR('',#132,1.);
#132 = DIRECTION('',(0.707106781187,2.3E-16,0.707106781187));
#133 = ORIENTED_EDGE('',*,*,#31,.T.);
#134 = ORIENTED_EDGE('',*,*,#135,.T.);
#135 = EDGE_CURVE('',#32,#136,#138,.T.);
#136 = VERTEX_POINT('',#137);
#137 = CARTESIAN_POINT('',(4.8,-1.E-15,10.));
#138 = LINE('',#139,#140);
#139 = CARTESIAN_POINT('',(5.,-1.22E-15,9.8));
#140 = VECTOR('',#141,1.);
#141 = DIRECTION('',(-0.707106781187,1.7E-16,0.707106781187));
#142 = ORIENTED_EDGE('',*,*,#143,.F.);
#143 = EDGE_CURVE('',#127,#136,#144,.T.);
#144 = CIRCLE('',#145,4.8);
#145 = AXIS2_PLACEMENT_3D('',#146,#147,#148);
#146 = CARTESIAN_POINT('',(0.,0.,10.));
#147 = DIRECTION('',(0.,0.,1.));
#148 = DIRECTION('',(-1.,-3.2E-16,0.));
#149 = CONICAL_SURFACE('',#150,5.,0.785398163397);
#150 = AXIS2_PLACEMENT_3D('',#151,#152,#153);
#151 = CARTESIAN_POINT('',(0.,0.,9.8));
#152 = DIRECTION('',(-0.,-0.,-1.));
#153 = DIRECTION('',(-1.,-3.2E-16,0.));
#154 = ADVANCED_FACE('',(#155),#180,.F.);
#155 = FACE_BOUND('',#156,.F.);
#156 = EDGE_LOOP('',(#157,#158,#166,#174));
#157 = ORIENTED_EDGE('',*,*,#40,.T.);
#158 = ORIENTED_EDGE('',*,*,#159,.T.);
#159 = EDGE_CURVE('',#32,#160,#162,.T.);
#160 = VERTEX_POINT('',#161);
#161 = CARTESIAN_POINT('',(5.,122.6,9.8));
#162 = LINE('',#163,#164);
#163 = CARTESIAN_POINT('',(5.,0.,9.8));
#164 = VECTOR('',#165,1.);
#165 = DIRECTION('',(0.,1.,0.));
#166 = ORIENTED_EDGE('',*,*,#167,.F.);
#167 = EDGE_CURVE('',#168,#160,#170,.T.);
#168 = VERTEX_POINT('',#169);
#169 = CARTESIAN_POINT('',(5.,122.6,0.4));
#170 = LINE('',#171,#172);
#171 = CARTESIAN_POINT('',(5.,122.6,0.));
#172 = VECTOR('',#173,1.);
#173 = DIRECTION('',(0.,0.,1.));
#174 = ORIENTED_EDGE('',*,*,#175,.F.);
#175 = EDGE_CURVE('',#41,#168,#176,.T.);
#176 = LINE('',#177,#178);
#177 = CARTESIAN_POINT('',(5.,0.,0.4));
#178 = VECTOR('',#179,1.);
#179 = DIRECTION('',(0.,1.,0.));
#180 = PLANE('',#181);
#181 = AXIS2_PLACEMENT_3D('',#182,#183,#184);
#182 = CARTESIAN_POINT('',(5.,-1.2E-15,0.));
#183 = DIRECTION('',(-1.,0.,0.));
#184 = DIRECTION('',(0.,1.,0.));
#185 = ADVANCED_FACE('',(#186),#204,.F.);
#186 = FACE_BOUND('',#187,.F.);
#187 = EDGE_LOOP('',(#188,#196,#197,#198));
#188 = ORIENTED_EDGE('',*,*,#189,.F.);
#189 = EDGE_CURVE('',#73,#190,#192,.T.);
#190 = VERTEX_POINT('',#191);
#191 = CARTESIAN_POINT('',(-4.6,122.6,0.));
#192 = LINE('',#193,#194);
#193 = CARTESIAN_POINT('',(-5.,122.6,0.4));
#194 = VECTOR('',#195,1.);
#195 = DIRECTION('',(0.707106781187,-9.E-17,-0.707106781187));
#196 = ORIENTED_EDGE('',*,*,#80,.T.);
#197 = ORIENTED_EDGE('',*,*,#94,.T.);
#198 = ORIENTED_EDGE('',*,*,#199,.F.);
#199 = EDGE_CURVE('',#190,#95,#200,.T.);
#200 = LINE('',#201,#202);
#201 = CARTESIAN_POINT('',(-4.6,122.6,0.));
#202 = VECTOR('',#203,1.);
#203 = DIRECTION('',(-0.,-1.,-0.));
#204 = PLANE('',#205);
#205 = AXIS2_PLACEMENT_3D('',#206,#207,#208);
#206 = CARTESIAN_POINT('',(-4.8,122.6,0.2));
#207 = DIRECTION('',(0.707106781187,0.,0.707106781187));
#208 = DIRECTION('',(0.,-1.,0.));
#209 = ADVANCED_FACE('',(#210),#228,.T.);
#210 = FACE_BOUND('',#211,.T.);
#211 = EDGE_LOOP('',(#212,#220,#221,#222));
#212 = ORIENTED_EDGE('',*,*,#213,.F.);
#213 = EDGE_CURVE('',#65,#214,#216,.T.);
#214 = VERTEX_POINT('',#215);
#215 = CARTESIAN_POINT('',(-4.8,122.6,10.));
#216 = LINE('',#217,#218);
#217 = CARTESIAN_POINT('',(-5.,122.6,9.8));
#218 = VECTOR('',#219,1.);
#219 = DIRECTION('',(0.707106781187,-9.E-17,0.707106781187));
#220 = ORIENTED_EDGE('',*,*,#64,.T.);
#221 = ORIENTED_EDGE('',*,*,#126,.T.);
#222 = ORIENTED_EDGE('',*,*,#223,.F.);
#223 = EDGE_CURVE('',#214,#127,#224,.T.);
#224 = LINE('',#225,#226);
#225 = CARTESIAN_POINT('',(-4.8,122.6,10.));
#226 = VECTOR('',#227,1.);
#227 = DIRECTION('',(-0.,-1.,-0.));
#228 = PLANE('',#229);
#229 = AXIS2_PLACEMENT_3D('',#230,#231,#232);
#230 = CARTESIAN_POINT('',(-4.9,122.6,9.9));
#231 = DIRECTION('',(-0.707106781187,0.,0.707106781187));
#232 = DIRECTION('',(0.,-1.,0.));
#233 = ADVANCED_FACE('',(#234),#252,.T.);
#234 = FACE_BOUND('',#235,.F.);
#235 = EDGE_LOOP('',(#236,#237,#244,#245));
#236 = ORIENTED_EDGE('',*,*,#167,.T.);
#237 = ORIENTED_EDGE('',*,*,#238,.T.);
#238 = EDGE_CURVE('',#160,#65,#239,.T.);
#239 = CIRCLE('',#240,5.);
#240 = AXIS2_PLACEMENT_3D('',#241,#242,#243);
#241 = CARTESIAN_POINT('',(-1.E-16,122.6,9.8));
#242 = DIRECTION('',(0.,0.,1.));
#243 = DIRECTION('',(1.,0.,0.));
#244 = ORIENTED_EDGE('',*,*,#72,.F.);
#245 = ORIENTED_EDGE('',*,*,#246,.F.);
#246 = EDGE_CURVE('',#168,#73,#247,.T.);
#247 = CIRCLE('',#248,5.);
#248 = AXIS2_PLACEMENT_3D('',#249,#250,#251);
#249 = CARTESIAN_POINT('',(-1.E-16,122.6,0.4));
#250 = DIRECTION('',(0.,0.,1.));
#251 = DIRECTION('',(1.,0.,-0.));
#252 = CYLINDRICAL_SURFACE('',#253,5.);
#253 = AXIS2_PLACEMENT_3D('',#254,#255,#256);
#254 = CARTESIAN_POINT('',(-1.E-16,122.6,0.));
#255 = DIRECTION('',(-0.,-0.,-1.));
#256 = DIRECTION('',(1.,0.,0.));
#257 = ADVANCED_FACE('',(#258,#277,#313,#363,#413,#463,#513,#563,#613,
    #647,#681,#715,#749,#783,#817,#851,#885,#919,#953,#987,#1021,#1055,
    #1089,#1100,#1111,#1122),#1133,.F.);
#258 = FACE_BOUND('',#259,.F.);
#259 = EDGE_LOOP('',(#260,#261,#269,#276));
#260 = ORIENTED_EDGE('',*,*,#111,.T.);
#261 = ORIENTED_EDGE('',*,*,#262,.T.);
#262 = EDGE_CURVE('',#104,#263,#265,.T.);
#263 = VERTEX_POINT('',#264);
#264 = CARTESIAN_POINT('',(4.6,122.6,0.));
#265 = LINE('',#266,#267);
#266 = CARTESIAN_POINT('',(4.6,0.,0.));
#267 = VECTOR('',#268,1.);
#268 = DIRECTION('',(0.,1.,0.));
#269 = ORIENTED_EDGE('',*,*,#270,.T.);
#270 = EDGE_CURVE('',#263,#190,#271,.T.);
#271 = CIRCLE('',#272,4.6);
#272 = AXIS2_PLACEMENT_3D('',#273,#274,#275);
#273 = CARTESIAN_POINT('',(-1.E-16,122.6,0.));
#274 = DIRECTION('',(0.,0.,1.));
#275 = DIRECTION('',(1.,0.,-0.));
#276 = ORIENTED_EDGE('',*,*,#199,.T.);
#277 = FACE_BOUND('',#278,.F.);
#278 = EDGE_LOOP('',(#279,#290,#298,#307));
#279 = ORIENTED_EDGE('',*,*,#280,.F.);
#280 = EDGE_CURVE('',#281,#283,#285,.T.);
#281 = VERTEX_POINT('',#282);
#282 = CARTESIAN_POINT('',(3.72,3.03,0.));
#283 = VERTEX_POINT('',#284);
#284 = CARTESIAN_POINT('',(-3.72,3.03,0.));
#285 = CIRCLE('',#286,3.72);
#286 = AXIS2_PLACEMENT_3D('',#287,#288,#289);
#287 = CARTESIAN_POINT('',(0.,3.03,0.));
#288 = DIRECTION('',(-0.,0.,1.));
#289 = DIRECTION('',(1.,-2.7E-16,0.));
#290 = ORIENTED_EDGE('',*,*,#291,.F.);
#291 = EDGE_CURVE('',#292,#281,#294,.T.);
#292 = VERTEX_POINT('',#293);
#293 = CARTESIAN_POINT('',(3.72,1.5,0.));
#294 = LINE('',#295,#296);
#295 = CARTESIAN_POINT('',(3.72,1.5,0.));
#296 = VECTOR('',#297,1.);
#297 = DIRECTION('',(0.,1.,0.));
#298 = ORIENTED_EDGE('',*,*,#299,.F.);
#299 = EDGE_CURVE('',#300,#292,#302,.T.);
#300 = VERTEX_POINT('',#301);
#301 = CARTESIAN_POINT('',(-3.72,1.5,0.));
#302 = CIRCLE('',#303,3.72);
#303 = AXIS2_PLACEMENT_3D('',#304,#305,#306);
#304 = CARTESIAN_POINT('',(0.,1.5,0.));
#305 = DIRECTION('',(0.,0.,1.));
#306 = DIRECTION('',(-1.,1.3E-16,0.));
#307 = ORIENTED_EDGE('',*,*,#308,.F.);
#308 = EDGE_CURVE('',#283,#300,#309,.T.);
#309 = LINE('',#310,#311);
#310 = CARTESIAN_POINT('',(-3.72,3.03,0.));
#311 = VECTOR('',#312,1.);
#312 = DIRECTION('',(0.,-1.,0.));
#313 = FACE_BOUND('',#314,.F.);
#314 = EDGE_LOOP('',(#315,#325,#333,#341,#349,#357));
#315 = ORIENTED_EDGE('',*,*,#316,.F.);
#316 = EDGE_CURVE('',#317,#319,#321,.T.);
#317 = VERTEX_POINT('',#318);
#318 = CARTESIAN_POINT('',(-2.E-15,78.256557402873,0.));
#319 = VERTEX_POINT('',#320);
#320 = CARTESIAN_POINT('',(-3.72,76.108814401487,0.));
#321 = LINE('',#322,#323);
#322 = CARTESIAN_POINT('',(-0.2,78.141087349035,0.));
#323 = VECTOR('',#324,1.);
#324 = DIRECTION('',(-0.866025403784,-0.5,0.));
#325 = ORIENTED_EDGE('',*,*,#326,.F.);
#326 = EDGE_CURVE('',#327,#317,#329,.T.);
#327 = VERTEX_POINT('',#328);
#328 = CARTESIAN_POINT('',(3.72,76.108814401487,0.));
#329 = LINE('',#330,#331);
#330 = CARTESIAN_POINT('',(3.52,76.224284455325,0.));
#331 = VECTOR('',#332,1.);
#332 = DIRECTION('',(-0.866025403784,0.5,0.));
#333 = ORIENTED_EDGE('',*,*,#334,.F.);
#334 = EDGE_CURVE('',#335,#327,#337,.T.);
#335 = VERTEX_POINT('',#336);
#336 = CARTESIAN_POINT('',(3.72,71.813328398716,0.));
#337 = LINE('',#338,#339);
#338 = CARTESIAN_POINT('',(3.72,72.044268506392,0.));
#339 = VECTOR('',#340,1.);
#340 = DIRECTION('',(1.2E-16,1.,0.));
#341 = ORIENTED_EDGE('',*,*,#342,.F.);
#342 = EDGE_CURVE('',#343,#335,#345,.T.);
#343 = VERTEX_POINT('',#344);
#344 = CARTESIAN_POINT('',(2.E-15,69.665585397331,5.E-15));
#345 = LINE('',#346,#347);
#346 = CARTESIAN_POINT('',(0.2,69.781055451169,0.));
#347 = VECTOR('',#348,1.);
#348 = DIRECTION('',(0.866025403784,0.5,0.));
#349 = ORIENTED_EDGE('',*,*,#350,.F.);
#350 = EDGE_CURVE('',#351,#343,#353,.T.);
#351 = VERTEX_POINT('',#352);
#352 = CARTESIAN_POINT('',(-3.72,71.813328398716,0.));
#353 = LINE('',#354,#355);
#354 = CARTESIAN_POINT('',(-3.52,71.697858344878,0.));
#355 = VECTOR('',#356,1.);
#356 = DIRECTION('',(0.866025403784,-0.5,0.));
#357 = ORIENTED_EDGE('',*,*,#358,.F.);
#358 = EDGE_CURVE('',#319,#351,#359,.T.);
#359 = LINE('',#360,#361);
#360 = CARTESIAN_POINT('',(-3.72,75.877874293811,0.));
#361 = VECTOR('',#362,1.);
#362 = DIRECTION('',(-1.2E-16,-1.,0.));
#363 = FACE_BOUND('',#364,.F.);
#364 = EDGE_LOOP('',(#365,#375,#383,#391,#399,#407));
#365 = ORIENTED_EDGE('',*,*,#366,.F.);
#366 = EDGE_CURVE('',#367,#369,#371,.T.);
#367 = VERTEX_POINT('',#368);
#368 = CARTESIAN_POINT('',(2.5E-14,64.815843136138,5.E-15));
#369 = VERTEX_POINT('',#370);
#370 = CARTESIAN_POINT('',(-3.72,62.668100134753,3.E-15));
#371 = LINE('',#372,#373);
#372 = CARTESIAN_POINT('',(-0.2,64.7003730823,0.));
#373 = VECTOR('',#374,1.);
#374 = DIRECTION('',(-0.866025403784,-0.5,0.));
#375 = ORIENTED_EDGE('',*,*,#376,.F.);
#376 = EDGE_CURVE('',#377,#367,#379,.T.);
#377 = VERTEX_POINT('',#378);
#378 = CARTESIAN_POINT('',(3.72,62.668100134753,0.));
#379 = LINE('',#380,#381);
#380 = CARTESIAN_POINT('',(3.52,62.783570188591,0.));
#381 = VECTOR('',#382,1.);
#382 = DIRECTION('',(-0.866025403784,0.5,0.));
#383 = ORIENTED_EDGE('',*,*,#384,.F.);
#384 = EDGE_CURVE('',#385,#377,#387,.T.);
#385 = VERTEX_POINT('',#386);
#386 = CARTESIAN_POINT('',(3.72,58.372614131982,5.E-15));
#387 = LINE('',#388,#389);
#388 = CARTESIAN_POINT('',(3.72,58.603554239658,0.));
#389 = VECTOR('',#390,1.);
#390 = DIRECTION('',(1.2E-16,1.,0.));
#391 = ORIENTED_EDGE('',*,*,#392,.F.);
#392 = EDGE_CURVE('',#393,#385,#395,.T.);
#393 = VERTEX_POINT('',#394);
#394 = CARTESIAN_POINT('',(0.,56.224871130596,5.E-15));
#395 = LINE('',#396,#397);
#396 = CARTESIAN_POINT('',(0.2,56.340341184434,0.));
#397 = VECTOR('',#398,1.);
#398 = DIRECTION('',(0.866025403784,0.5,0.));
#399 = ORIENTED_EDGE('',*,*,#400,.F.);
#400 = EDGE_CURVE('',#401,#393,#403,.T.);
#401 = VERTEX_POINT('',#402);
#402 = CARTESIAN_POINT('',(-3.72,58.372614131982,0.));
#403 = LINE('',#404,#405);
#404 = CARTESIAN_POINT('',(-3.52,58.257144078144,0.));
#405 = VECTOR('',#406,1.);
#406 = DIRECTION('',(0.866025403784,-0.5,0.));
#407 = ORIENTED_EDGE('',*,*,#408,.F.);
#408 = EDGE_CURVE('',#369,#401,#409,.T.);
#409 = LINE('',#410,#411);
#410 = CARTESIAN_POINT('',(-3.72,62.437160027077,0.));
#411 = VECTOR('',#412,1.);
#412 = DIRECTION('',(-1.2E-16,-1.,0.));
#413 = FACE_BOUND('',#414,.F.);
#414 = EDGE_LOOP('',(#415,#425,#433,#441,#449,#457));
#415 = ORIENTED_EDGE('',*,*,#416,.F.);
#416 = EDGE_CURVE('',#417,#419,#421,.T.);
#417 = VERTEX_POINT('',#418);
#418 = CARTESIAN_POINT('',(7.E-15,51.375128869404,0.));
#419 = VERTEX_POINT('',#420);
#420 = CARTESIAN_POINT('',(-3.72,49.227385868018,-1.E-15));
#421 = LINE('',#422,#423);
#422 = CARTESIAN_POINT('',(-0.2,51.259658815566,0.));
#423 = VECTOR('',#424,1.);
#424 = DIRECTION('',(-0.866025403784,-0.5,0.));
#425 = ORIENTED_EDGE('',*,*,#426,.F.);
#426 = EDGE_CURVE('',#427,#417,#429,.T.);
#427 = VERTEX_POINT('',#428);
#428 = CARTESIAN_POINT('',(3.72,49.227385868018,0.));
#429 = LINE('',#430,#431);
#430 = CARTESIAN_POINT('',(3.52,49.342855921856,0.));
#431 = VECTOR('',#432,1.);
#432 = DIRECTION('',(-0.866025403784,0.5,0.));
#433 = ORIENTED_EDGE('',*,*,#434,.F.);
#434 = EDGE_CURVE('',#435,#427,#437,.T.);
#435 = VERTEX_POINT('',#436);
#436 = CARTESIAN_POINT('',(3.72,44.931899865247,0.));
#437 = LINE('',#438,#439);
#438 = CARTESIAN_POINT('',(3.72,45.162839972923,0.));
#439 = VECTOR('',#440,1.);
#440 = DIRECTION('',(0.,1.,0.));
#441 = ORIENTED_EDGE('',*,*,#442,.F.);
#442 = EDGE_CURVE('',#443,#435,#445,.T.);
#443 = VERTEX_POINT('',#444);
#444 = CARTESIAN_POINT('',(-1.E-15,42.784156863862,-3.E-15));
#445 = LINE('',#446,#447);
#446 = CARTESIAN_POINT('',(0.2,42.8996269177,0.));
#447 = VECTOR('',#448,1.);
#448 = DIRECTION('',(0.866025403784,0.5,0.));
#449 = ORIENTED_EDGE('',*,*,#450,.F.);
#450 = EDGE_CURVE('',#451,#443,#453,.T.);
#451 = VERTEX_POINT('',#452);
#452 = CARTESIAN_POINT('',(-3.72,44.931899865247,0.));
#453 = LINE('',#454,#455);
#454 = CARTESIAN_POINT('',(-3.52,44.816429811409,0.));
#455 = VECTOR('',#456,1.);
#456 = DIRECTION('',(0.866025403784,-0.5,0.));
#457 = ORIENTED_EDGE('',*,*,#458,.F.);
#458 = EDGE_CURVE('',#419,#451,#459,.T.);
#459 = LINE('',#460,#461);
#460 = CARTESIAN_POINT('',(-3.72,48.996445760342,0.));
#461 = VECTOR('',#462,1.);
#462 = DIRECTION('',(0.,-1.,0.));
#463 = FACE_BOUND('',#464,.F.);
#464 = EDGE_LOOP('',(#465,#475,#483,#491,#499,#507));
#465 = ORIENTED_EDGE('',*,*,#466,.F.);
#466 = EDGE_CURVE('',#467,#469,#471,.T.);
#467 = VERTEX_POINT('',#468);
#468 = CARTESIAN_POINT('',(0.,37.934414602669,0.));
#469 = VERTEX_POINT('',#470);
#470 = CARTESIAN_POINT('',(-3.72,35.786671601284,0.));
#471 = LINE('',#472,#473);
#472 = CARTESIAN_POINT('',(-0.2,37.818944548831,0.));
#473 = VECTOR('',#474,1.);
#474 = DIRECTION('',(-0.866025403784,-0.5,0.));
#475 = ORIENTED_EDGE('',*,*,#476,.F.);
#476 = EDGE_CURVE('',#477,#467,#479,.T.);
#477 = VERTEX_POINT('',#478);
#478 = CARTESIAN_POINT('',(3.72,35.786671601284,0.));
#479 = LINE('',#480,#481);
#480 = CARTESIAN_POINT('',(3.52,35.902141655122,0.));
#481 = VECTOR('',#482,1.);
#482 = DIRECTION('',(-0.866025403784,0.5,0.));
#483 = ORIENTED_EDGE('',*,*,#484,.F.);
#484 = EDGE_CURVE('',#485,#477,#487,.T.);
#485 = VERTEX_POINT('',#486);
#486 = CARTESIAN_POINT('',(3.72,31.491185598513,1.E-15));
#487 = LINE('',#488,#489);
#488 = CARTESIAN_POINT('',(3.72,31.722125706189,0.));
#489 = VECTOR('',#490,1.);
#490 = DIRECTION('',(-1.2E-16,1.,0.));
#491 = ORIENTED_EDGE('',*,*,#492,.F.);
#492 = EDGE_CURVE('',#493,#485,#495,.T.);
#493 = VERTEX_POINT('',#494);
#494 = CARTESIAN_POINT('',(-4.E-15,29.343442597127,3.E-15));
#495 = LINE('',#496,#497);
#496 = CARTESIAN_POINT('',(0.2,29.458912650965,0.));
#497 = VECTOR('',#498,1.);
#498 = DIRECTION('',(0.866025403784,0.5,0.));
#499 = ORIENTED_EDGE('',*,*,#500,.F.);
#500 = EDGE_CURVE('',#501,#493,#503,.T.);
#501 = VERTEX_POINT('',#502);
#502 = CARTESIAN_POINT('',(-3.72,31.491185598513,0.));
#503 = LINE('',#504,#505);
#504 = CARTESIAN_POINT('',(-3.52,31.375715544675,0.));
#505 = VECTOR('',#506,1.);
#506 = DIRECTION('',(0.866025403784,-0.5,0.));
#507 = ORIENTED_EDGE('',*,*,#508,.F.);
#508 = EDGE_CURVE('',#469,#501,#509,.T.);
#509 = LINE('',#510,#511);
#510 = CARTESIAN_POINT('',(-3.72,35.555731493608,0.));
#511 = VECTOR('',#512,1.);
#512 = DIRECTION('',(1.2E-16,-1.,0.));
#513 = FACE_BOUND('',#514,.F.);
#514 = EDGE_LOOP('',(#515,#525,#533,#541,#549,#557));
#515 = ORIENTED_EDGE('',*,*,#516,.F.);
#516 = EDGE_CURVE('',#517,#519,#521,.T.);
#517 = VERTEX_POINT('',#518);
#518 = CARTESIAN_POINT('',(-1.4E-14,96.863799730495,0.));
#519 = VERTEX_POINT('',#520);
#520 = CARTESIAN_POINT('',(3.72,99.01154273188,0.));
#521 = LINE('',#522,#523);
#522 = CARTESIAN_POINT('',(0.2,96.979269784333,0.));
#523 = VECTOR('',#524,1.);
#524 = DIRECTION('',(0.866025403784,0.5,0.));
#525 = ORIENTED_EDGE('',*,*,#526,.F.);
#526 = EDGE_CURVE('',#527,#517,#529,.T.);
#527 = VERTEX_POINT('',#528);
#528 = CARTESIAN_POINT('',(-3.72,99.01154273188,0.));
#529 = LINE('',#530,#531);
#530 = CARTESIAN_POINT('',(-3.52,98.896072678042,0.));
#531 = VECTOR('',#532,1.);
#532 = DIRECTION('',(0.866025403784,-0.5,0.));
#533 = ORIENTED_EDGE('',*,*,#534,.F.);
#534 = EDGE_CURVE('',#535,#527,#537,.T.);
#535 = VERTEX_POINT('',#536);
#536 = CARTESIAN_POINT('',(-3.72,103.30702873465,-2.E-14));
#537 = LINE('',#538,#539);
#538 = CARTESIAN_POINT('',(-3.72,103.07608862697,0.));
#539 = VECTOR('',#540,1.);
#540 = DIRECTION('',(1.2E-16,-1.,0.));
#541 = ORIENTED_EDGE('',*,*,#542,.F.);
#542 = EDGE_CURVE('',#543,#535,#545,.T.);
#543 = VERTEX_POINT('',#544);
#544 = CARTESIAN_POINT('',(-1.9E-14,105.45477173603,-1.E-14));
#545 = LINE('',#546,#547);
#546 = CARTESIAN_POINT('',(-0.2,105.33930168219,0.));
#547 = VECTOR('',#548,1.);
#548 = DIRECTION('',(-0.866025403784,-0.5,0.));
#549 = ORIENTED_EDGE('',*,*,#550,.F.);
#550 = EDGE_CURVE('',#551,#543,#553,.T.);
#551 = VERTEX_POINT('',#552);
#552 = CARTESIAN_POINT('',(3.72,103.30702873465,0.));
#553 = LINE('',#554,#555);
#554 = CARTESIAN_POINT('',(3.52,103.42249878848,0.));
#555 = VECTOR('',#556,1.);
#556 = DIRECTION('',(-0.866025403784,0.5,0.));
#557 = ORIENTED_EDGE('',*,*,#558,.F.);
#558 = EDGE_CURVE('',#519,#551,#559,.T.);
#559 = LINE('',#560,#561);
#560 = CARTESIAN_POINT('',(3.72,99.242482839556,0.));
#561 = VECTOR('',#562,1.);
#562 = DIRECTION('',(0.,1.,0.));
#563 = FACE_BOUND('',#564,.F.);
#564 = EDGE_LOOP('',(#565,#575,#583,#591,#599,#607));
#565 = ORIENTED_EDGE('',*,*,#566,.F.);
#566 = EDGE_CURVE('',#567,#569,#571,.T.);
#567 = VERTEX_POINT('',#568);
#568 = CARTESIAN_POINT('',(1.1E-14,110.30451399722,-1.E-14));
#569 = VERTEX_POINT('',#570);
#570 = CARTESIAN_POINT('',(3.72,112.45225699861,-1.E-14));
#571 = LINE('',#572,#573);
#572 = CARTESIAN_POINT('',(0.2,110.41998405106,0.));
#573 = VECTOR('',#574,1.);
#574 = DIRECTION('',(0.866025403784,0.5,0.));
#575 = ORIENTED_EDGE('',*,*,#576,.F.);
#576 = EDGE_CURVE('',#577,#567,#579,.T.);
#577 = VERTEX_POINT('',#578);
#578 = CARTESIAN_POINT('',(-3.72,112.45225699861,0.));
#579 = LINE('',#580,#581);
#580 = CARTESIAN_POINT('',(-3.52,112.33678694477,0.));
#581 = VECTOR('',#582,1.);
#582 = DIRECTION('',(0.866025403784,-0.5,0.));
#583 = ORIENTED_EDGE('',*,*,#584,.F.);
#584 = EDGE_CURVE('',#585,#577,#587,.T.);
#585 = VERTEX_POINT('',#586);
#586 = CARTESIAN_POINT('',(-3.72,116.74774300138,-1.E-14));
#587 = LINE('',#588,#589);
#588 = CARTESIAN_POINT('',(-3.72,116.51680289371,0.));
#589 = VECTOR('',#590,1.);
#590 = DIRECTION('',(-1.2E-16,-1.,0.));
#591 = ORIENTED_EDGE('',*,*,#592,.F.);
#592 = EDGE_CURVE('',#593,#585,#595,.T.);
#593 = VERTEX_POINT('',#594);
#594 = CARTESIAN_POINT('',(0.,118.89548600277,0.));
#595 = LINE('',#596,#597);
#596 = CARTESIAN_POINT('',(-0.2,118.78001594893,0.));
#597 = VECTOR('',#598,1.);
#598 = DIRECTION('',(-0.866025403784,-0.5,0.));
#599 = ORIENTED_EDGE('',*,*,#600,.F.);
#600 = EDGE_CURVE('',#601,#593,#603,.T.);
#601 = VERTEX_POINT('',#602);
#602 = CARTESIAN_POINT('',(3.72,116.74774300138,0.));
#603 = LINE('',#604,#605);
#604 = CARTESIAN_POINT('',(3.52,116.86321305522,0.));
#605 = VECTOR('',#606,1.);
#606 = DIRECTION('',(-0.866025403784,0.5,0.));
#607 = ORIENTED_EDGE('',*,*,#608,.F.);
#608 = EDGE_CURVE('',#569,#601,#609,.T.);
#609 = LINE('',#610,#611);
#610 = CARTESIAN_POINT('',(3.72,112.68319710629,0.));
#611 = VECTOR('',#612,1.);
#612 = DIRECTION('',(-1.2E-16,1.,0.));
#613 = FACE_BOUND('',#614,.F.);
#614 = EDGE_LOOP('',(#615,#625,#633,#641));
#615 = ORIENTED_EDGE('',*,*,#616,.F.);
#616 = EDGE_CURVE('',#617,#619,#621,.T.);
#617 = VERTEX_POINT('',#618);
#618 = CARTESIAN_POINT('',(-3.72,63.684236608526,0.));
#619 = VERTEX_POINT('',#620);
#620 = CARTESIAN_POINT('',(-0.44,65.577945491468,0.));
#621 = LINE('',#622,#623);
#622 = CARTESIAN_POINT('',(-3.12,64.03064677004,0.));
#623 = VECTOR('',#624,1.);
#624 = DIRECTION('',(0.866025403784,0.5,0.));
#625 = ORIENTED_EDGE('',*,*,#626,.F.);
#626 = EDGE_CURVE('',#627,#617,#629,.T.);
#627 = VERTEX_POINT('',#628);
#628 = CARTESIAN_POINT('',(-3.72,70.797191924943,0.));
#629 = LINE('',#630,#631);
#630 = CARTESIAN_POINT('',(-3.72,70.104371601915,0.));
#631 = VECTOR('',#632,1.);
#632 = DIRECTION('',(0.,-1.,0.));
#633 = ORIENTED_EDGE('',*,*,#634,.F.);
#634 = EDGE_CURVE('',#635,#627,#637,.T.);
#635 = VERTEX_POINT('',#636);
#636 = CARTESIAN_POINT('',(-0.44,68.903483042001,0.));
#637 = LINE('',#638,#639);
#638 = CARTESIAN_POINT('',(-0.64,69.018953095839,0.));
#639 = VECTOR('',#640,1.);
#640 = DIRECTION('',(-0.866025403784,0.5,0.));
#641 = ORIENTED_EDGE('',*,*,#642,.F.);
#642 = EDGE_CURVE('',#619,#635,#643,.T.);
#643 = LINE('',#644,#645);
#644 = CARTESIAN_POINT('',(-0.44,65.808885599144,0.));
#645 = VECTOR('',#646,1.);
#646 = DIRECTION('',(4.E-17,1.,0.));
#647 = FACE_BOUND('',#648,.F.);
#648 = EDGE_LOOP('',(#649,#659,#667,#675));
#649 = ORIENTED_EDGE('',*,*,#650,.F.);
#650 = EDGE_CURVE('',#651,#653,#655,.T.);
#651 = VERTEX_POINT('',#652);
#652 = CARTESIAN_POINT('',(3.72,70.797191924943,0.));
#653 = VERTEX_POINT('',#654);
#654 = CARTESIAN_POINT('',(0.44,68.903483042001,0.));
#655 = LINE('',#656,#657);
#656 = CARTESIAN_POINT('',(3.12,70.450781763429,0.));
#657 = VECTOR('',#658,1.);
#658 = DIRECTION('',(-0.866025403784,-0.5,0.));
#659 = ORIENTED_EDGE('',*,*,#660,.T.);
#660 = EDGE_CURVE('',#651,#661,#663,.T.);
#661 = VERTEX_POINT('',#662);
#662 = CARTESIAN_POINT('',(3.72,63.684236608526,1.E-15));
#663 = LINE('',#664,#665);
#664 = CARTESIAN_POINT('',(3.72,70.104371601915,0.));
#665 = VECTOR('',#666,1.);
#666 = DIRECTION('',(8.E-17,-1.,0.));
#667 = ORIENTED_EDGE('',*,*,#668,.F.);
#668 = EDGE_CURVE('',#669,#661,#671,.T.);
#669 = VERTEX_POINT('',#670);
#670 = CARTESIAN_POINT('',(0.44,65.577945491468,0.));
#671 = LINE('',#672,#673);
#672 = CARTESIAN_POINT('',(0.64,65.46247543763,0.));
#673 = VECTOR('',#674,1.);
#674 = DIRECTION('',(0.866025403784,-0.5,0.));
#675 = ORIENTED_EDGE('',*,*,#676,.F.);
#676 = EDGE_CURVE('',#653,#669,#677,.T.);
#677 = LINE('',#678,#679);
#678 = CARTESIAN_POINT('',(0.44,68.672542934325,0.));
#679 = VECTOR('',#680,1.);
#680 = DIRECTION('',(4.E-17,-1.,0.));
#681 = FACE_BOUND('',#682,.F.);
#682 = EDGE_LOOP('',(#683,#693,#701,#709));
#683 = ORIENTED_EDGE('',*,*,#684,.F.);
#684 = EDGE_CURVE('',#685,#687,#689,.T.);
#685 = VERTEX_POINT('',#686);
#686 = CARTESIAN_POINT('',(-3.72,50.243522341792,0.));
#687 = VERTEX_POINT('',#688);
#688 = CARTESIAN_POINT('',(-0.44,52.137231224734,0.));
#689 = LINE('',#690,#691);
#690 = CARTESIAN_POINT('',(-3.12,50.589932503306,0.));
#691 = VECTOR('',#692,1.);
#692 = DIRECTION('',(0.866025403784,0.5,0.));
#693 = ORIENTED_EDGE('',*,*,#694,.F.);
#694 = EDGE_CURVE('',#695,#685,#697,.T.);
#695 = VERTEX_POINT('',#696);
#696 = CARTESIAN_POINT('',(-3.72,57.356477658208,0.));
#697 = LINE('',#698,#699);
#698 = CARTESIAN_POINT('',(-3.72,56.663657335181,0.));
#699 = VECTOR('',#700,1.);
#700 = DIRECTION('',(8.E-17,-1.,0.));
#701 = ORIENTED_EDGE('',*,*,#702,.F.);
#702 = EDGE_CURVE('',#703,#695,#705,.T.);
#703 = VERTEX_POINT('',#704);
#704 = CARTESIAN_POINT('',(-0.44,55.462768775266,0.));
#705 = LINE('',#706,#707);
#706 = CARTESIAN_POINT('',(-0.64,55.578238829104,0.));
#707 = VECTOR('',#708,1.);
#708 = DIRECTION('',(-0.866025403784,0.5,0.));
#709 = ORIENTED_EDGE('',*,*,#710,.F.);
#710 = EDGE_CURVE('',#687,#703,#711,.T.);
#711 = LINE('',#712,#713);
#712 = CARTESIAN_POINT('',(-0.44,52.36817133241,0.));
#713 = VECTOR('',#714,1.);
#714 = DIRECTION('',(-1.2E-16,1.,0.));
#715 = FACE_BOUND('',#716,.F.);
#716 = EDGE_LOOP('',(#717,#727,#735,#743));
#717 = ORIENTED_EDGE('',*,*,#718,.F.);
#718 = EDGE_CURVE('',#719,#721,#723,.T.);
#719 = VERTEX_POINT('',#720);
#720 = CARTESIAN_POINT('',(3.72,57.356477658208,0.));
#721 = VERTEX_POINT('',#722);
#722 = CARTESIAN_POINT('',(0.44,55.462768775266,0.));
#723 = LINE('',#724,#725);
#724 = CARTESIAN_POINT('',(3.12,57.010067496694,0.));
#725 = VECTOR('',#726,1.);
#726 = DIRECTION('',(-0.866025403784,-0.5,0.));
#727 = ORIENTED_EDGE('',*,*,#728,.T.);
#728 = EDGE_CURVE('',#719,#729,#731,.T.);
#729 = VERTEX_POINT('',#730);
#730 = CARTESIAN_POINT('',(3.72,50.243522341792,0.));
#731 = LINE('',#732,#733);
#732 = CARTESIAN_POINT('',(3.72,56.663657335181,0.));
#733 = VECTOR('',#734,1.);
#734 = DIRECTION('',(-8.E-17,-1.,0.));
#735 = ORIENTED_EDGE('',*,*,#736,.F.);
#736 = EDGE_CURVE('',#737,#729,#739,.T.);
#737 = VERTEX_POINT('',#738);
#738 = CARTESIAN_POINT('',(0.44,52.137231224734,0.));
#739 = LINE('',#740,#741);
#740 = CARTESIAN_POINT('',(0.64,52.021761170896,0.));
#741 = VECTOR('',#742,1.);
#742 = DIRECTION('',(0.866025403784,-0.5,0.));
#743 = ORIENTED_EDGE('',*,*,#744,.F.);
#744 = EDGE_CURVE('',#721,#737,#745,.T.);
#745 = LINE('',#746,#747);
#746 = CARTESIAN_POINT('',(0.44,55.23182866759,0.));
#747 = VECTOR('',#748,1.);
#748 = DIRECTION('',(-1.6E-16,-1.,0.));
#749 = FACE_BOUND('',#750,.F.);
#750 = EDGE_LOOP('',(#751,#761,#769,#777));
#751 = ORIENTED_EDGE('',*,*,#752,.F.);
#752 = EDGE_CURVE('',#753,#755,#757,.T.);
#753 = VERTEX_POINT('',#754);
#754 = CARTESIAN_POINT('',(3.72,43.915763391474,2.E-15));
#755 = VERTEX_POINT('',#756);
#756 = CARTESIAN_POINT('',(0.44,42.022054508532,3.E-15));
#757 = LINE('',#758,#759);
#758 = CARTESIAN_POINT('',(3.12,43.56935322996,0.));
#759 = VECTOR('',#760,1.);
#760 = DIRECTION('',(-0.866025403784,-0.5,0.));
#761 = ORIENTED_EDGE('',*,*,#762,.T.);
#762 = EDGE_CURVE('',#753,#763,#765,.T.);
#763 = VERTEX_POINT('',#764);
#764 = CARTESIAN_POINT('',(3.72,36.802808075057,0.));
#765 = LINE('',#766,#767);
#766 = CARTESIAN_POINT('',(3.72,43.222943068446,0.));
#767 = VECTOR('',#768,1.);
#768 = DIRECTION('',(0.,-1.,0.));
#769 = ORIENTED_EDGE('',*,*,#770,.F.);
#770 = EDGE_CURVE('',#771,#763,#773,.T.);
#771 = VERTEX_POINT('',#772);
#772 = CARTESIAN_POINT('',(0.44,38.696516957999,0.));
#773 = LINE('',#774,#775);
#774 = CARTESIAN_POINT('',(0.64,38.581046904161,0.));
#775 = VECTOR('',#776,1.);
#776 = DIRECTION('',(0.866025403784,-0.5,0.));
#777 = ORIENTED_EDGE('',*,*,#778,.F.);
#778 = EDGE_CURVE('',#755,#771,#779,.T.);
#779 = LINE('',#780,#781);
#780 = CARTESIAN_POINT('',(0.44,41.791114400856,0.));
#781 = VECTOR('',#782,1.);
#782 = DIRECTION('',(1.6E-16,-1.,0.));
#783 = FACE_BOUND('',#784,.F.);
#784 = EDGE_LOOP('',(#785,#795,#803,#811));
#785 = ORIENTED_EDGE('',*,*,#786,.F.);
#786 = EDGE_CURVE('',#787,#789,#791,.T.);
#787 = VERTEX_POINT('',#788);
#788 = CARTESIAN_POINT('',(-3.72,36.802808075057,3.E-15));
#789 = VERTEX_POINT('',#790);
#790 = CARTESIAN_POINT('',(-0.44,38.696516957999,2.E-15));
#791 = LINE('',#792,#793);
#792 = CARTESIAN_POINT('',(-3.12,37.149218236571,0.));
#793 = VECTOR('',#794,1.);
#794 = DIRECTION('',(0.866025403784,0.5,0.));
#795 = ORIENTED_EDGE('',*,*,#796,.F.);
#796 = EDGE_CURVE('',#797,#787,#799,.T.);
#797 = VERTEX_POINT('',#798);
#798 = CARTESIAN_POINT('',(-3.72,43.915763391474,2.E-15));
#799 = LINE('',#800,#801);
#800 = CARTESIAN_POINT('',(-3.72,43.222943068446,0.));
#801 = VECTOR('',#802,1.);
#802 = DIRECTION('',(-8.E-17,-1.,0.));
#803 = ORIENTED_EDGE('',*,*,#804,.F.);
#804 = EDGE_CURVE('',#805,#797,#807,.T.);
#805 = VERTEX_POINT('',#806);
#806 = CARTESIAN_POINT('',(-0.44,42.022054508532,0.));
#807 = LINE('',#808,#809);
#808 = CARTESIAN_POINT('',(-0.64,42.13752456237,0.));
#809 = VECTOR('',#810,1.);
#810 = DIRECTION('',(-0.866025403784,0.5,0.));
#811 = ORIENTED_EDGE('',*,*,#812,.F.);
#812 = EDGE_CURVE('',#789,#805,#813,.T.);
#813 = LINE('',#814,#815);
#814 = CARTESIAN_POINT('',(-0.44,38.927457065675,0.));
#815 = VECTOR('',#816,1.);
#816 = DIRECTION('',(8.E-17,1.,0.));
#817 = FACE_BOUND('',#818,.F.);
#818 = EDGE_LOOP('',(#819,#829,#837,#845));
#819 = ORIENTED_EDGE('',*,*,#820,.F.);
#820 = EDGE_CURVE('',#821,#823,#825,.T.);
#821 = VERTEX_POINT('',#822);
#822 = CARTESIAN_POINT('',(3.72,30.475049124739,-2.E-15));
#823 = VERTEX_POINT('',#824);
#824 = CARTESIAN_POINT('',(0.44,28.581340241797,-2.E-15));
#825 = LINE('',#826,#827);
#826 = CARTESIAN_POINT('',(3.12,30.128638963225,0.));
#827 = VECTOR('',#828,1.);
#828 = DIRECTION('',(-0.866025403784,-0.5,0.));
#829 = ORIENTED_EDGE('',*,*,#830,.T.);
#830 = EDGE_CURVE('',#821,#831,#833,.T.);
#831 = VERTEX_POINT('',#832);
#832 = CARTESIAN_POINT('',(3.72,23.362093808323,-1.E-15));
#833 = LINE('',#834,#835);
#834 = CARTESIAN_POINT('',(3.72,29.782228801712,0.));
#835 = VECTOR('',#836,1.);
#836 = DIRECTION('',(0.,-1.,0.));
#837 = ORIENTED_EDGE('',*,*,#838,.F.);
#838 = EDGE_CURVE('',#839,#831,#841,.T.);
#839 = VERTEX_POINT('',#840);
#840 = CARTESIAN_POINT('',(0.44,25.255802691265,0.));
#841 = LINE('',#842,#843);
#842 = CARTESIAN_POINT('',(0.64,25.140332637427,0.));
#843 = VECTOR('',#844,1.);
#844 = DIRECTION('',(0.866025403784,-0.5,0.));
#845 = ORIENTED_EDGE('',*,*,#846,.F.);
#846 = EDGE_CURVE('',#823,#839,#847,.T.);
#847 = LINE('',#848,#849);
#848 = CARTESIAN_POINT('',(0.44,28.350400134121,0.));
#849 = VECTOR('',#850,1.);
#850 = DIRECTION('',(4.E-17,-1.,0.));
#851 = FACE_BOUND('',#852,.F.);
#852 = EDGE_LOOP('',(#853,#863,#871,#879));
#853 = ORIENTED_EDGE('',*,*,#854,.F.);
#854 = EDGE_CURVE('',#855,#857,#859,.T.);
#855 = VERTEX_POINT('',#856);
#856 = CARTESIAN_POINT('',(-3.72,23.362093808323,-1.E-15));
#857 = VERTEX_POINT('',#858);
#858 = CARTESIAN_POINT('',(-0.44,25.255802691265,0.));
#859 = LINE('',#860,#861);
#860 = CARTESIAN_POINT('',(-3.12,23.708503969837,0.));
#861 = VECTOR('',#862,1.);
#862 = DIRECTION('',(0.866025403784,0.5,0.));
#863 = ORIENTED_EDGE('',*,*,#864,.F.);
#864 = EDGE_CURVE('',#865,#855,#867,.T.);
#865 = VERTEX_POINT('',#866);
#866 = CARTESIAN_POINT('',(-3.72,30.475049124739,-2.E-15));
#867 = LINE('',#868,#869);
#868 = CARTESIAN_POINT('',(-3.72,29.782228801712,0.));
#869 = VECTOR('',#870,1.);
#870 = DIRECTION('',(1.6E-16,-1.,0.));
#871 = ORIENTED_EDGE('',*,*,#872,.F.);
#872 = EDGE_CURVE('',#873,#865,#875,.T.);
#873 = VERTEX_POINT('',#874);
#874 = CARTESIAN_POINT('',(-0.44,28.581340241797,0.));
#875 = LINE('',#876,#877);
#876 = CARTESIAN_POINT('',(-0.64,28.696810295635,0.));
#877 = VECTOR('',#878,1.);
#878 = DIRECTION('',(-0.866025403784,0.5,0.));
#879 = ORIENTED_EDGE('',*,*,#880,.F.);
#880 = EDGE_CURVE('',#857,#873,#881,.T.);
#881 = LINE('',#882,#883);
#882 = CARTESIAN_POINT('',(-0.44,25.486742798941,0.));
#883 = VECTOR('',#884,1.);
#884 = DIRECTION('',(-3.1E-16,1.,0.));
#885 = FACE_BOUND('',#886,.F.);
#886 = EDGE_LOOP('',(#887,#897,#905,#913));
#887 = ORIENTED_EDGE('',*,*,#888,.F.);
#888 = EDGE_CURVE('',#889,#891,#893,.T.);
#889 = VERTEX_POINT('',#890);
#890 = CARTESIAN_POINT('',(-3.72,77.124950875261,0.));
#891 = VERTEX_POINT('',#892);
#892 = CARTESIAN_POINT('',(-0.44,79.018659758203,0.));
#893 = LINE('',#894,#895);
#894 = CARTESIAN_POINT('',(-3.12,77.471361036775,0.));
#895 = VECTOR('',#896,1.);
#896 = DIRECTION('',(0.866025403784,0.5,0.));
#897 = ORIENTED_EDGE('',*,*,#898,.F.);
#898 = EDGE_CURVE('',#899,#889,#901,.T.);
#899 = VERTEX_POINT('',#900);
#900 = CARTESIAN_POINT('',(-3.72,84.237906191677,5.E-15));
#901 = LINE('',#902,#903);
#902 = CARTESIAN_POINT('',(-3.72,83.545085868649,0.));
#903 = VECTOR('',#904,1.);
#904 = DIRECTION('',(0.,-1.,0.));
#905 = ORIENTED_EDGE('',*,*,#906,.F.);
#906 = EDGE_CURVE('',#907,#899,#909,.T.);
#907 = VERTEX_POINT('',#908);
#908 = CARTESIAN_POINT('',(-0.44,82.344197308735,0.));
#909 = LINE('',#910,#911);
#910 = CARTESIAN_POINT('',(-0.64,82.459667362573,0.));
#911 = VECTOR('',#912,1.);
#912 = DIRECTION('',(-0.866025403784,0.5,0.));
#913 = ORIENTED_EDGE('',*,*,#914,.F.);
#914 = EDGE_CURVE('',#891,#907,#915,.T.);
#915 = LINE('',#916,#917);
#916 = CARTESIAN_POINT('',(-0.44,79.249599865879,0.));
#917 = VECTOR('',#918,1.);
#918 = DIRECTION('',(0.,1.,0.));
#919 = FACE_BOUND('',#920,.F.);
#920 = EDGE_LOOP('',(#921,#931,#939,#947));
#921 = ORIENTED_EDGE('',*,*,#922,.F.);
#922 = EDGE_CURVE('',#923,#925,#927,.T.);
#923 = VERTEX_POINT('',#924);
#924 = CARTESIAN_POINT('',(3.72,84.237906191677,0.));
#925 = VERTEX_POINT('',#926);
#926 = CARTESIAN_POINT('',(0.44,82.344197308735,0.));
#927 = LINE('',#928,#929);
#928 = CARTESIAN_POINT('',(3.12,83.891496030163,0.));
#929 = VECTOR('',#930,1.);
#930 = DIRECTION('',(-0.866025403784,-0.5,0.));
#931 = ORIENTED_EDGE('',*,*,#932,.T.);
#932 = EDGE_CURVE('',#923,#933,#935,.T.);
#933 = VERTEX_POINT('',#934);
#934 = CARTESIAN_POINT('',(3.72,77.124950875261,0.));
#935 = LINE('',#936,#937);
#936 = CARTESIAN_POINT('',(3.72,83.545085868649,0.));
#937 = VECTOR('',#938,1.);
#938 = DIRECTION('',(-8.E-17,-1.,0.));
#939 = ORIENTED_EDGE('',*,*,#940,.F.);
#940 = EDGE_CURVE('',#941,#933,#943,.T.);
#941 = VERTEX_POINT('',#942);
#942 = CARTESIAN_POINT('',(0.44,79.018659758203,0.));
#943 = LINE('',#944,#945);
#944 = CARTESIAN_POINT('',(0.64,78.903189704365,0.));
#945 = VECTOR('',#946,1.);
#946 = DIRECTION('',(0.866025403784,-0.5,0.));
#947 = ORIENTED_EDGE('',*,*,#948,.F.);
#948 = EDGE_CURVE('',#925,#941,#949,.T.);
#949 = LINE('',#950,#951);
#950 = CARTESIAN_POINT('',(0.44,82.113257201059,0.));
#951 = VECTOR('',#952,1.);
#952 = DIRECTION('',(-1.6E-16,-1.,0.));
#953 = FACE_BOUND('',#954,.F.);
#954 = EDGE_LOOP('',(#955,#965,#973,#981));
#955 = ORIENTED_EDGE('',*,*,#956,.F.);
#956 = EDGE_CURVE('',#957,#959,#961,.T.);
#957 = VERTEX_POINT('',#958);
#958 = CARTESIAN_POINT('',(-3.72,104.32316520842,0.));
#959 = VERTEX_POINT('',#960);
#960 = CARTESIAN_POINT('',(-0.44,106.21687409136,0.));
#961 = LINE('',#962,#963);
#962 = CARTESIAN_POINT('',(-3.12,104.66957536993,0.));
#963 = VECTOR('',#964,1.);
#964 = DIRECTION('',(0.866025403784,0.5,0.));
#965 = ORIENTED_EDGE('',*,*,#966,.T.);
#966 = EDGE_CURVE('',#957,#967,#969,.T.);
#967 = VERTEX_POINT('',#968);
#968 = CARTESIAN_POINT('',(-3.72,111.43612052484,0.));
#969 = LINE('',#970,#971);
#970 = CARTESIAN_POINT('',(-3.72,105.01598553145,0.));
#971 = VECTOR('',#972,1.);
#972 = DIRECTION('',(8.E-17,1.,0.));
#973 = ORIENTED_EDGE('',*,*,#974,.F.);
#974 = EDGE_CURVE('',#975,#967,#977,.T.);
#975 = VERTEX_POINT('',#976);
#976 = CARTESIAN_POINT('',(-0.44,109.54241164189,0.));
#977 = LINE('',#978,#979);
#978 = CARTESIAN_POINT('',(-0.64,109.65788169573,0.));
#979 = VECTOR('',#980,1.);
#980 = DIRECTION('',(-0.866025403784,0.5,0.));
#981 = ORIENTED_EDGE('',*,*,#982,.F.);
#982 = EDGE_CURVE('',#959,#975,#983,.T.);
#983 = LINE('',#984,#985);
#984 = CARTESIAN_POINT('',(-0.44,106.44781419904,0.));
#985 = VECTOR('',#986,1.);
#986 = DIRECTION('',(4.E-17,1.,0.));
#987 = FACE_BOUND('',#988,.F.);
#988 = EDGE_LOOP('',(#989,#999,#1007,#1015));
#989 = ORIENTED_EDGE('',*,*,#990,.F.);
#990 = EDGE_CURVE('',#991,#993,#995,.T.);
#991 = VERTEX_POINT('',#992);
#992 = CARTESIAN_POINT('',(3.72,111.43612052484,0.));
#993 = VERTEX_POINT('',#994);
#994 = CARTESIAN_POINT('',(0.44,109.54241164189,0.));
#995 = LINE('',#996,#997);
#996 = CARTESIAN_POINT('',(3.12,111.08971036332,0.));
#997 = VECTOR('',#998,1.);
#998 = DIRECTION('',(-0.866025403784,-0.5,0.));
#999 = ORIENTED_EDGE('',*,*,#1000,.F.);
#1000 = EDGE_CURVE('',#1001,#991,#1003,.T.);
#1001 = VERTEX_POINT('',#1002);
#1002 = CARTESIAN_POINT('',(3.72,104.32316520842,-1.E-14));
#1003 = LINE('',#1004,#1005);
#1004 = CARTESIAN_POINT('',(3.72,105.01598553145,0.));
#1005 = VECTOR('',#1006,1.);
#1006 = DIRECTION('',(-1.6E-16,1.,0.));
#1007 = ORIENTED_EDGE('',*,*,#1008,.F.);
#1008 = EDGE_CURVE('',#1009,#1001,#1011,.T.);
#1009 = VERTEX_POINT('',#1010);
#1010 = CARTESIAN_POINT('',(0.44,106.21687409136,0.));
#1011 = LINE('',#1012,#1013);
#1012 = CARTESIAN_POINT('',(0.64,106.10140403752,0.));
#1013 = VECTOR('',#1014,1.);
#1014 = DIRECTION('',(0.866025403784,-0.5,0.));
#1015 = ORIENTED_EDGE('',*,*,#1016,.F.);
#1016 = EDGE_CURVE('',#993,#1009,#1017,.T.);
#1017 = LINE('',#1018,#1019);
#1018 = CARTESIAN_POINT('',(0.44,109.31147153422,0.));
#1019 = VECTOR('',#1020,1.);
#1020 = DIRECTION('',(8.E-17,-1.,0.));
#1021 = FACE_BOUND('',#1022,.F.);
#1022 = EDGE_LOOP('',(#1023,#1033,#1041,#1049));
#1023 = ORIENTED_EDGE('',*,*,#1024,.F.);
#1024 = EDGE_CURVE('',#1025,#1027,#1029,.T.);
#1025 = VERTEX_POINT('',#1026);
#1026 = CARTESIAN_POINT('',(-3.72,90.88245094169,0.));
#1027 = VERTEX_POINT('',#1028);
#1028 = CARTESIAN_POINT('',(-0.44,92.776159824632,2.E-15));
#1029 = LINE('',#1030,#1031);
#1030 = CARTESIAN_POINT('',(-3.12,91.228861103204,0.));
#1031 = VECTOR('',#1032,1.);
#1032 = DIRECTION('',(0.866025403784,0.5,0.));
#1033 = ORIENTED_EDGE('',*,*,#1034,.T.);
#1034 = EDGE_CURVE('',#1025,#1035,#1037,.T.);
#1035 = VERTEX_POINT('',#1036);
#1036 = CARTESIAN_POINT('',(-3.72,97.995406258106,0.));
#1037 = LINE('',#1038,#1039);
#1038 = CARTESIAN_POINT('',(-3.72,91.575271264718,0.));
#1039 = VECTOR('',#1040,1.);
#1040 = DIRECTION('',(-4.7E-16,1.,0.));
#1041 = ORIENTED_EDGE('',*,*,#1042,.F.);
#1042 = EDGE_CURVE('',#1043,#1035,#1045,.T.);
#1043 = VERTEX_POINT('',#1044);
#1044 = CARTESIAN_POINT('',(-0.44,96.101697375164,0.));
#1045 = LINE('',#1046,#1047);
#1046 = CARTESIAN_POINT('',(-0.64,96.217167429002,0.));
#1047 = VECTOR('',#1048,1.);
#1048 = DIRECTION('',(-0.866025403784,0.5,0.));
#1049 = ORIENTED_EDGE('',*,*,#1050,.F.);
#1050 = EDGE_CURVE('',#1027,#1043,#1051,.T.);
#1051 = LINE('',#1052,#1053);
#1052 = CARTESIAN_POINT('',(-0.44,93.007099932308,0.));
#1053 = VECTOR('',#1054,1.);
#1054 = DIRECTION('',(-4.7E-16,1.,0.));
#1055 = FACE_BOUND('',#1056,.F.);
#1056 = EDGE_LOOP('',(#1057,#1067,#1075,#1083));
#1057 = ORIENTED_EDGE('',*,*,#1058,.F.);
#1058 = EDGE_CURVE('',#1059,#1061,#1063,.T.);
#1059 = VERTEX_POINT('',#1060);
#1060 = CARTESIAN_POINT('',(3.72,97.995406258106,5.E-15));
#1061 = VERTEX_POINT('',#1062);
#1062 = CARTESIAN_POINT('',(0.44,96.101697375164,5.E-15));
#1063 = LINE('',#1064,#1065);
#1064 = CARTESIAN_POINT('',(3.12,97.648996096593,0.));
#1065 = VECTOR('',#1066,1.);
#1066 = DIRECTION('',(-0.866025403784,-0.5,0.));
#1067 = ORIENTED_EDGE('',*,*,#1068,.F.);
#1068 = EDGE_CURVE('',#1069,#1059,#1071,.T.);
#1069 = VERTEX_POINT('',#1070);
#1070 = CARTESIAN_POINT('',(3.72,90.88245094169,1.E-15));
#1071 = LINE('',#1072,#1073);
#1072 = CARTESIAN_POINT('',(3.72,91.575271264718,0.));
#1073 = VECTOR('',#1074,1.);
#1074 = DIRECTION('',(-2.3E-16,1.,0.));
#1075 = ORIENTED_EDGE('',*,*,#1076,.F.);
#1076 = EDGE_CURVE('',#1077,#1069,#1079,.T.);
#1077 = VERTEX_POINT('',#1078);
#1078 = CARTESIAN_POINT('',(0.44,92.776159824632,0.));
#1079 = LINE('',#1080,#1081);
#1080 = CARTESIAN_POINT('',(0.64,92.660689770794,0.));
#1081 = VECTOR('',#1082,1.);
#1082 = DIRECTION('',(0.866025403784,-0.5,0.));
#1083 = ORIENTED_EDGE('',*,*,#1084,.F.);
#1084 = EDGE_CURVE('',#1061,#1077,#1085,.T.);
#1085 = LINE('',#1086,#1087);
#1086 = CARTESIAN_POINT('',(0.44,95.870757267489,0.));
#1087 = VECTOR('',#1088,1.);
#1088 = DIRECTION('',(3.1E-16,-1.,0.));
#1089 = FACE_BOUND('',#1090,.F.);
#1090 = EDGE_LOOP('',(#1091));
#1091 = ORIENTED_EDGE('',*,*,#1092,.F.);
#1092 = EDGE_CURVE('',#1093,#1093,#1095,.T.);
#1093 = VERTEX_POINT('',#1094);
#1094 = CARTESIAN_POINT('',(2.45,10.,0.));
#1095 = CIRCLE('',#1096,2.45);
#1096 = AXIS2_PLACEMENT_3D('',#1097,#1098,#1099);
#1097 = CARTESIAN_POINT('',(0.,10.,0.));
#1098 = DIRECTION('',(0.,0.,1.));
#1099 = DIRECTION('',(1.,0.,-0.));
#1100 = FACE_BOUND('',#1101,.F.);
#1101 = EDGE_LOOP('',(#1102));
#1102 = ORIENTED_EDGE('',*,*,#1103,.F.);
#1103 = EDGE_CURVE('',#1104,#1104,#1106,.T.);
#1104 = VERTEX_POINT('',#1105);
#1105 = CARTESIAN_POINT('',(2.,122.6,0.));
#1106 = CIRCLE('',#1107,2.);
#1107 = AXIS2_PLACEMENT_3D('',#1108,#1109,#1110);
#1108 = CARTESIAN_POINT('',(-1.E-16,122.6,0.));
#1109 = DIRECTION('',(0.,0.,1.));
#1110 = DIRECTION('',(1.,0.,-0.));
#1111 = FACE_BOUND('',#1112,.F.);
#1112 = EDGE_LOOP('',(#1113));
#1113 = ORIENTED_EDGE('',*,*,#1114,.F.);
#1114 = EDGE_CURVE('',#1115,#1115,#1117,.T.);
#1115 = VERTEX_POINT('',#1116);
#1116 = CARTESIAN_POINT('',(2.,20.,0.));
#1117 = CIRCLE('',#1118,2.);
#1118 = AXIS2_PLACEMENT_3D('',#1119,#1120,#1121);
#1119 = CARTESIAN_POINT('',(0.,20.,0.));
#1120 = DIRECTION('',(0.,0.,1.));
#1121 = DIRECTION('',(1.,0.,-0.));
#1122 = FACE_BOUND('',#1123,.F.);
#1123 = EDGE_LOOP('',(#1124));
#1124 = ORIENTED_EDGE('',*,*,#1125,.F.);
#1125 = EDGE_CURVE('',#1126,#1126,#1128,.T.);
#1126 = VERTEX_POINT('',#1127);
#1127 = CARTESIAN_POINT('',(2.,87.6,0.));
#1128 = CIRCLE('',#1129,2.);
#1129 = AXIS2_PLACEMENT_3D('',#1130,#1131,#1132);
#1130 = CARTESIAN_POINT('',(0.,87.6,0.));
#1131 = DIRECTION('',(0.,0.,1.));
#1132 = DIRECTION('',(1.,0.,-0.));
#1133 = PLANE('',#1134);
#1134 = AXIS2_PLACEMENT_3D('',#1135,#1136,#1137);
#1135 = CARTESIAN_POINT('',(8.3E-16,63.001202322163,0.));
#1136 = DIRECTION('',(0.,0.,1.));
#1137 = DIRECTION('',(1.,0.,0.));
#1138 = ADVANCED_FACE('',(#1139),#1150,.T.);
#1139 = FACE_BOUND('',#1140,.F.);
#1140 = EDGE_LOOP('',(#1141,#1142,#1143,#1149));
#1141 = ORIENTED_EDGE('',*,*,#103,.F.);
#1142 = ORIENTED_EDGE('',*,*,#175,.T.);
#1143 = ORIENTED_EDGE('',*,*,#1144,.T.);
#1144 = EDGE_CURVE('',#168,#263,#1145,.T.);
#1145 = LINE('',#1146,#1147);
#1146 = CARTESIAN_POINT('',(4.8,122.6,0.2));
#1147 = VECTOR('',#1148,1.);
#1148 = DIRECTION('',(-0.707106781187,-0.,-0.707106781187));
#1149 = ORIENTED_EDGE('',*,*,#262,.F.);
#1150 = PLANE('',#1151);
#1151 = AXIS2_PLACEMENT_3D('',#1152,#1153,#1154);
#1152 = CARTESIAN_POINT('',(4.8,0.,0.2));
#1153 = DIRECTION('',(0.707106781187,-0.,-0.707106781187));
#1154 = DIRECTION('',(-0.,-1.,-0.));
#1155 = ADVANCED_FACE('',(#1156,#1175,#1211,#1261,#1311,#1361,#1411,
    #1461,#1511,#1545,#1579,#1613,#1647,#1681,#1715,#1749,#1783,#1817,
    #1851,#1885,#1919,#1953,#1987,#1998,#2009,#2020),#2031,.T.);
#1156 = FACE_BOUND('',#1157,.T.);
#1157 = EDGE_LOOP('',(#1158,#1159,#1167,#1174));
#1158 = ORIENTED_EDGE('',*,*,#143,.T.);
#1159 = ORIENTED_EDGE('',*,*,#1160,.T.);
#1160 = EDGE_CURVE('',#136,#1161,#1163,.T.);
#1161 = VERTEX_POINT('',#1162);
#1162 = CARTESIAN_POINT('',(4.8,122.6,10.));
#1163 = LINE('',#1164,#1165);
#1164 = CARTESIAN_POINT('',(4.8,0.,10.));
#1165 = VECTOR('',#1166,1.);
#1166 = DIRECTION('',(0.,1.,0.));
#1167 = ORIENTED_EDGE('',*,*,#1168,.T.);
#1168 = EDGE_CURVE('',#1161,#214,#1169,.T.);
#1169 = CIRCLE('',#1170,4.8);
#1170 = AXIS2_PLACEMENT_3D('',#1171,#1172,#1173);
#1171 = CARTESIAN_POINT('',(-1.E-16,122.6,10.));
#1172 = DIRECTION('',(0.,0.,1.));
#1173 = DIRECTION('',(1.,0.,0.));
#1174 = ORIENTED_EDGE('',*,*,#223,.T.);
#1175 = FACE_BOUND('',#1176,.T.);
#1176 = EDGE_LOOP('',(#1177,#1188,#1196,#1205));
#1177 = ORIENTED_EDGE('',*,*,#1178,.F.);
#1178 = EDGE_CURVE('',#1179,#1181,#1183,.T.);
#1179 = VERTEX_POINT('',#1180);
#1180 = CARTESIAN_POINT('',(3.52,3.03,10.));
#1181 = VERTEX_POINT('',#1182);
#1182 = CARTESIAN_POINT('',(-3.52,3.03,10.));
#1183 = CIRCLE('',#1184,3.52);
#1184 = AXIS2_PLACEMENT_3D('',#1185,#1186,#1187);
#1185 = CARTESIAN_POINT('',(0.,3.03,10.));
#1186 = DIRECTION('',(-0.,0.,1.));
#1187 = DIRECTION('',(1.,-2.7E-16,0.));
#1188 = ORIENTED_EDGE('',*,*,#1189,.F.);
#1189 = EDGE_CURVE('',#1190,#1179,#1192,.T.);
#1190 = VERTEX_POINT('',#1191);
#1191 = CARTESIAN_POINT('',(3.52,1.5,10.));
#1192 = LINE('',#1193,#1194);
#1193 = CARTESIAN_POINT('',(3.52,1.5,10.));
#1194 = VECTOR('',#1195,1.);
#1195 = DIRECTION('',(0.,1.,0.));
#1196 = ORIENTED_EDGE('',*,*,#1197,.F.);
#1197 = EDGE_CURVE('',#1198,#1190,#1200,.T.);
#1198 = VERTEX_POINT('',#1199);
#1199 = CARTESIAN_POINT('',(-3.52,1.5,10.));
#1200 = CIRCLE('',#1201,3.52);
#1201 = AXIS2_PLACEMENT_3D('',#1202,#1203,#1204);
#1202 = CARTESIAN_POINT('',(0.,1.5,10.));
#1203 = DIRECTION('',(0.,0.,1.));
#1204 = DIRECTION('',(-1.,1.3E-16,0.));
#1205 = ORIENTED_EDGE('',*,*,#1206,.F.);
#1206 = EDGE_CURVE('',#1181,#1198,#1207,.T.);
#1207 = LINE('',#1208,#1209);
#1208 = CARTESIAN_POINT('',(-3.52,3.03,10.));
#1209 = VECTOR('',#1210,1.);
#1210 = DIRECTION('',(0.,-1.,0.));
#1211 = FACE_BOUND('',#1212,.T.);
#1212 = EDGE_LOOP('',(#1213,#1223,#1231,#1239,#1247,#1255));
#1213 = ORIENTED_EDGE('',*,*,#1214,.F.);
#1214 = EDGE_CURVE('',#1215,#1217,#1219,.T.);
#1215 = VERTEX_POINT('',#1216);
#1216 = CARTESIAN_POINT('',(1.E-15,78.025617295197,10.));
#1217 = VERTEX_POINT('',#1218);
#1218 = CARTESIAN_POINT('',(-3.52,75.993344347649,10.));
#1219 = LINE('',#1220,#1221);
#1220 = CARTESIAN_POINT('',(-0.1,77.967882268278,10.));
#1221 = VECTOR('',#1222,1.);
#1222 = DIRECTION('',(-0.866025403784,-0.5,0.));
#1223 = ORIENTED_EDGE('',*,*,#1224,.F.);
#1224 = EDGE_CURVE('',#1225,#1215,#1227,.T.);
#1225 = VERTEX_POINT('',#1226);
#1226 = CARTESIAN_POINT('',(3.52,75.993344347649,10.));
#1227 = LINE('',#1228,#1229);
#1228 = CARTESIAN_POINT('',(3.42,76.051079374568,10.));
#1229 = VECTOR('',#1230,1.);
#1230 = DIRECTION('',(-0.866025403784,0.5,0.));
#1231 = ORIENTED_EDGE('',*,*,#1232,.F.);
#1232 = EDGE_CURVE('',#1233,#1225,#1235,.T.);
#1233 = VERTEX_POINT('',#1234);
#1234 = CARTESIAN_POINT('',(3.52,71.928798452554,10.));
#1235 = LINE('',#1236,#1237);
#1236 = CARTESIAN_POINT('',(3.52,72.044268506392,10.));
#1237 = VECTOR('',#1238,1.);
#1238 = DIRECTION('',(1.2E-16,1.,0.));
#1239 = ORIENTED_EDGE('',*,*,#1240,.F.);
#1240 = EDGE_CURVE('',#1241,#1233,#1243,.T.);
#1241 = VERTEX_POINT('',#1242);
#1242 = CARTESIAN_POINT('',(1.2E-14,69.896525505007,10.));
#1243 = LINE('',#1244,#1245);
#1244 = CARTESIAN_POINT('',(0.1,69.954260531926,10.));
#1245 = VECTOR('',#1246,1.);
#1246 = DIRECTION('',(0.866025403784,0.5,0.));
#1247 = ORIENTED_EDGE('',*,*,#1248,.F.);
#1248 = EDGE_CURVE('',#1249,#1241,#1251,.T.);
#1249 = VERTEX_POINT('',#1250);
#1250 = CARTESIAN_POINT('',(-3.52,71.928798452554,10.));
#1251 = LINE('',#1252,#1253);
#1252 = CARTESIAN_POINT('',(-3.42,71.871063425635,10.));
#1253 = VECTOR('',#1254,1.);
#1254 = DIRECTION('',(0.866025403784,-0.5,0.));
#1255 = ORIENTED_EDGE('',*,*,#1256,.F.);
#1256 = EDGE_CURVE('',#1217,#1249,#1257,.T.);
#1257 = LINE('',#1258,#1259);
#1258 = CARTESIAN_POINT('',(-3.52,75.877874293811,10.));
#1259 = VECTOR('',#1260,1.);
#1260 = DIRECTION('',(-1.2E-16,-1.,0.));
#1261 = FACE_BOUND('',#1262,.T.);
#1262 = EDGE_LOOP('',(#1263,#1273,#1281,#1289,#1297,#1305));
#1263 = ORIENTED_EDGE('',*,*,#1264,.F.);
#1264 = EDGE_CURVE('',#1265,#1267,#1269,.T.);
#1265 = VERTEX_POINT('',#1266);
#1266 = CARTESIAN_POINT('',(8.E-15,64.584903028462,10.));
#1267 = VERTEX_POINT('',#1268);
#1268 = CARTESIAN_POINT('',(-3.52,62.552630080915,10.));
#1269 = LINE('',#1270,#1271);
#1270 = CARTESIAN_POINT('',(-1.E-01,64.527168001543,10.));
#1271 = VECTOR('',#1272,1.);
#1272 = DIRECTION('',(-0.866025403784,-0.5,0.));
#1273 = ORIENTED_EDGE('',*,*,#1274,.F.);
#1274 = EDGE_CURVE('',#1275,#1265,#1277,.T.);
#1275 = VERTEX_POINT('',#1276);
#1276 = CARTESIAN_POINT('',(3.52,62.552630080915,10.));
#1277 = LINE('',#1278,#1279);
#1278 = CARTESIAN_POINT('',(3.42,62.610365107834,10.));
#1279 = VECTOR('',#1280,1.);
#1280 = DIRECTION('',(-0.866025403784,0.5,0.));
#1281 = ORIENTED_EDGE('',*,*,#1282,.F.);
#1282 = EDGE_CURVE('',#1283,#1275,#1285,.T.);
#1283 = VERTEX_POINT('',#1284);
#1284 = CARTESIAN_POINT('',(3.52,58.48808418582,10.));
#1285 = LINE('',#1286,#1287);
#1286 = CARTESIAN_POINT('',(3.52,58.603554239658,10.));
#1287 = VECTOR('',#1288,1.);
#1288 = DIRECTION('',(1.2E-16,1.,0.));
#1289 = ORIENTED_EDGE('',*,*,#1290,.F.);
#1290 = EDGE_CURVE('',#1291,#1283,#1293,.T.);
#1291 = VERTEX_POINT('',#1292);
#1292 = CARTESIAN_POINT('',(8.E-15,56.455811238272,10.));
#1293 = LINE('',#1294,#1295);
#1294 = CARTESIAN_POINT('',(1.E-01,56.513546265191,10.));
#1295 = VECTOR('',#1296,1.);
#1296 = DIRECTION('',(0.866025403784,0.5,0.));
#1297 = ORIENTED_EDGE('',*,*,#1298,.F.);
#1298 = EDGE_CURVE('',#1299,#1291,#1301,.T.);
#1299 = VERTEX_POINT('',#1300);
#1300 = CARTESIAN_POINT('',(-3.52,58.48808418582,10.));
#1301 = LINE('',#1302,#1303);
#1302 = CARTESIAN_POINT('',(-3.42,58.430349158901,10.));
#1303 = VECTOR('',#1304,1.);
#1304 = DIRECTION('',(0.866025403784,-0.5,0.));
#1305 = ORIENTED_EDGE('',*,*,#1306,.F.);
#1306 = EDGE_CURVE('',#1267,#1299,#1307,.T.);
#1307 = LINE('',#1308,#1309);
#1308 = CARTESIAN_POINT('',(-3.52,62.437160027077,10.));
#1309 = VECTOR('',#1310,1.);
#1310 = DIRECTION('',(-1.2E-16,-1.,0.));
#1311 = FACE_BOUND('',#1312,.T.);
#1312 = EDGE_LOOP('',(#1313,#1323,#1331,#1339,#1347,#1355));
#1313 = ORIENTED_EDGE('',*,*,#1314,.F.);
#1314 = EDGE_CURVE('',#1315,#1317,#1319,.T.);
#1315 = VERTEX_POINT('',#1316);
#1316 = CARTESIAN_POINT('',(1.E-15,51.144188761728,10.));
#1317 = VERTEX_POINT('',#1318);
#1318 = CARTESIAN_POINT('',(-3.52,49.11191581418,10.));
#1319 = LINE('',#1320,#1321);
#1320 = CARTESIAN_POINT('',(-1.E-01,51.086453734809,10.));
#1321 = VECTOR('',#1322,1.);
#1322 = DIRECTION('',(-0.866025403784,-0.5,0.));
#1323 = ORIENTED_EDGE('',*,*,#1324,.F.);
#1324 = EDGE_CURVE('',#1325,#1315,#1327,.T.);
#1325 = VERTEX_POINT('',#1326);
#1326 = CARTESIAN_POINT('',(3.52,49.11191581418,10.));
#1327 = LINE('',#1328,#1329);
#1328 = CARTESIAN_POINT('',(3.42,49.169650841099,10.));
#1329 = VECTOR('',#1330,1.);
#1330 = DIRECTION('',(-0.866025403784,0.5,0.));
#1331 = ORIENTED_EDGE('',*,*,#1332,.F.);
#1332 = EDGE_CURVE('',#1333,#1325,#1335,.T.);
#1333 = VERTEX_POINT('',#1334);
#1334 = CARTESIAN_POINT('',(3.52,45.047369919085,10.));
#1335 = LINE('',#1336,#1337);
#1336 = CARTESIAN_POINT('',(3.52,45.162839972923,10.));
#1337 = VECTOR('',#1338,1.);
#1338 = DIRECTION('',(0.,1.,0.));
#1339 = ORIENTED_EDGE('',*,*,#1340,.F.);
#1340 = EDGE_CURVE('',#1341,#1333,#1343,.T.);
#1341 = VERTEX_POINT('',#1342);
#1342 = CARTESIAN_POINT('',(-1.E-15,43.015096971538,10.));
#1343 = LINE('',#1344,#1345);
#1344 = CARTESIAN_POINT('',(1.E-01,43.072831998457,10.));
#1345 = VECTOR('',#1346,1.);
#1346 = DIRECTION('',(0.866025403784,0.5,0.));
#1347 = ORIENTED_EDGE('',*,*,#1348,.F.);
#1348 = EDGE_CURVE('',#1349,#1341,#1351,.T.);
#1349 = VERTEX_POINT('',#1350);
#1350 = CARTESIAN_POINT('',(-3.52,45.047369919085,10.));
#1351 = LINE('',#1352,#1353);
#1352 = CARTESIAN_POINT('',(-3.42,44.989634892166,10.));
#1353 = VECTOR('',#1354,1.);
#1354 = DIRECTION('',(0.866025403784,-0.5,0.));
#1355 = ORIENTED_EDGE('',*,*,#1356,.F.);
#1356 = EDGE_CURVE('',#1317,#1349,#1357,.T.);
#1357 = LINE('',#1358,#1359);
#1358 = CARTESIAN_POINT('',(-3.52,48.996445760342,10.));
#1359 = VECTOR('',#1360,1.);
#1360 = DIRECTION('',(0.,-1.,0.));
#1361 = FACE_BOUND('',#1362,.T.);
#1362 = EDGE_LOOP('',(#1363,#1373,#1381,#1389,#1397,#1405));
#1363 = ORIENTED_EDGE('',*,*,#1364,.F.);
#1364 = EDGE_CURVE('',#1365,#1367,#1369,.T.);
#1365 = VERTEX_POINT('',#1366);
#1366 = CARTESIAN_POINT('',(0.,37.703474494993,10.));
#1367 = VERTEX_POINT('',#1368);
#1368 = CARTESIAN_POINT('',(-3.52,35.671201547446,10.));
#1369 = LINE('',#1370,#1371);
#1370 = CARTESIAN_POINT('',(-0.1,37.645739468074,10.));
#1371 = VECTOR('',#1372,1.);
#1372 = DIRECTION('',(-0.866025403784,-0.5,0.));
#1373 = ORIENTED_EDGE('',*,*,#1374,.F.);
#1374 = EDGE_CURVE('',#1375,#1365,#1377,.T.);
#1375 = VERTEX_POINT('',#1376);
#1376 = CARTESIAN_POINT('',(3.52,35.671201547446,10.));
#1377 = LINE('',#1378,#1379);
#1378 = CARTESIAN_POINT('',(3.42,35.728936574365,10.));
#1379 = VECTOR('',#1380,1.);
#1380 = DIRECTION('',(-0.866025403784,0.5,0.));
#1381 = ORIENTED_EDGE('',*,*,#1382,.F.);
#1382 = EDGE_CURVE('',#1383,#1375,#1385,.T.);
#1383 = VERTEX_POINT('',#1384);
#1384 = CARTESIAN_POINT('',(3.52,31.606655652351,10.));
#1385 = LINE('',#1386,#1387);
#1386 = CARTESIAN_POINT('',(3.52,31.722125706189,10.));
#1387 = VECTOR('',#1388,1.);
#1388 = DIRECTION('',(-1.2E-16,1.,0.));
#1389 = ORIENTED_EDGE('',*,*,#1390,.F.);
#1390 = EDGE_CURVE('',#1391,#1383,#1393,.T.);
#1391 = VERTEX_POINT('',#1392);
#1392 = CARTESIAN_POINT('',(-4.E-15,29.574382704803,10.));
#1393 = LINE('',#1394,#1395);
#1394 = CARTESIAN_POINT('',(0.1,29.632117731722,10.));
#1395 = VECTOR('',#1396,1.);
#1396 = DIRECTION('',(0.866025403784,0.5,0.));
#1397 = ORIENTED_EDGE('',*,*,#1398,.F.);
#1398 = EDGE_CURVE('',#1399,#1391,#1401,.T.);
#1399 = VERTEX_POINT('',#1400);
#1400 = CARTESIAN_POINT('',(-3.52,31.606655652351,10.));
#1401 = LINE('',#1402,#1403);
#1402 = CARTESIAN_POINT('',(-3.42,31.548920625432,10.));
#1403 = VECTOR('',#1404,1.);
#1404 = DIRECTION('',(0.866025403784,-0.5,0.));
#1405 = ORIENTED_EDGE('',*,*,#1406,.F.);
#1406 = EDGE_CURVE('',#1367,#1399,#1407,.T.);
#1407 = LINE('',#1408,#1409);
#1408 = CARTESIAN_POINT('',(-3.52,35.555731493608,10.));
#1409 = VECTOR('',#1410,1.);
#1410 = DIRECTION('',(1.2E-16,-1.,0.));
#1411 = FACE_BOUND('',#1412,.T.);
#1412 = EDGE_LOOP('',(#1413,#1423,#1431,#1439,#1447,#1455));
#1413 = ORIENTED_EDGE('',*,*,#1414,.F.);
#1414 = EDGE_CURVE('',#1415,#1417,#1419,.T.);
#1415 = VERTEX_POINT('',#1416);
#1416 = CARTESIAN_POINT('',(-2.E-14,97.094739838171,10.));
#1417 = VERTEX_POINT('',#1418);
#1418 = CARTESIAN_POINT('',(3.52,99.127012785718,10.));
#1419 = LINE('',#1420,#1421);
#1420 = CARTESIAN_POINT('',(9.999999999999E-02,97.15247486509,10.));
#1421 = VECTOR('',#1422,1.);
#1422 = DIRECTION('',(0.866025403784,0.5,0.));
#1423 = ORIENTED_EDGE('',*,*,#1424,.F.);
#1424 = EDGE_CURVE('',#1425,#1415,#1427,.T.);
#1425 = VERTEX_POINT('',#1426);
#1426 = CARTESIAN_POINT('',(-3.52,99.127012785718,10.));
#1427 = LINE('',#1428,#1429);
#1428 = CARTESIAN_POINT('',(-3.42,99.069277758799,10.));
#1429 = VECTOR('',#1430,1.);
#1430 = DIRECTION('',(0.866025403784,-0.5,0.));
#1431 = ORIENTED_EDGE('',*,*,#1432,.F.);
#1432 = EDGE_CURVE('',#1433,#1425,#1435,.T.);
#1433 = VERTEX_POINT('',#1434);
#1434 = CARTESIAN_POINT('',(-3.52,103.19155868081,10.));
#1435 = LINE('',#1436,#1437);
#1436 = CARTESIAN_POINT('',(-3.52,103.07608862697,10.));
#1437 = VECTOR('',#1438,1.);
#1438 = DIRECTION('',(1.2E-16,-1.,0.));
#1439 = ORIENTED_EDGE('',*,*,#1440,.F.);
#1440 = EDGE_CURVE('',#1441,#1433,#1443,.T.);
#1441 = VERTEX_POINT('',#1442);
#1442 = CARTESIAN_POINT('',(-2.8E-14,105.22383162836,10.));
#1443 = LINE('',#1444,#1445);
#1444 = CARTESIAN_POINT('',(-0.1,105.16609660144,10.));
#1445 = VECTOR('',#1446,1.);
#1446 = DIRECTION('',(-0.866025403784,-0.5,0.));
#1447 = ORIENTED_EDGE('',*,*,#1448,.F.);
#1448 = EDGE_CURVE('',#1449,#1441,#1451,.T.);
#1449 = VERTEX_POINT('',#1450);
#1450 = CARTESIAN_POINT('',(3.52,103.19155868081,10.));
#1451 = LINE('',#1452,#1453);
#1452 = CARTESIAN_POINT('',(3.42,103.24929370773,10.));
#1453 = VECTOR('',#1454,1.);
#1454 = DIRECTION('',(-0.866025403784,0.5,0.));
#1455 = ORIENTED_EDGE('',*,*,#1456,.F.);
#1456 = EDGE_CURVE('',#1417,#1449,#1457,.T.);
#1457 = LINE('',#1458,#1459);
#1458 = CARTESIAN_POINT('',(3.52,99.242482839556,10.));
#1459 = VECTOR('',#1460,1.);
#1460 = DIRECTION('',(0.,1.,0.));
#1461 = FACE_BOUND('',#1462,.T.);
#1462 = EDGE_LOOP('',(#1463,#1473,#1481,#1489,#1497,#1505));
#1463 = ORIENTED_EDGE('',*,*,#1464,.F.);
#1464 = EDGE_CURVE('',#1465,#1467,#1469,.T.);
#1465 = VERTEX_POINT('',#1466);
#1466 = CARTESIAN_POINT('',(0.,110.5354541049,10.));
#1467 = VERTEX_POINT('',#1468);
#1468 = CARTESIAN_POINT('',(3.52,112.56772705245,10.));
#1469 = LINE('',#1470,#1471);
#1470 = CARTESIAN_POINT('',(1.E-01,110.59318913182,10.));
#1471 = VECTOR('',#1472,1.);
#1472 = DIRECTION('',(0.866025403784,0.5,0.));
#1473 = ORIENTED_EDGE('',*,*,#1474,.F.);
#1474 = EDGE_CURVE('',#1475,#1465,#1477,.T.);
#1475 = VERTEX_POINT('',#1476);
#1476 = CARTESIAN_POINT('',(-3.52,112.56772705245,10.));
#1477 = LINE('',#1478,#1479);
#1478 = CARTESIAN_POINT('',(-3.42,112.50999202553,10.));
#1479 = VECTOR('',#1480,1.);
#1480 = DIRECTION('',(0.866025403784,-0.5,0.));
#1481 = ORIENTED_EDGE('',*,*,#1482,.F.);
#1482 = EDGE_CURVE('',#1483,#1475,#1485,.T.);
#1483 = VERTEX_POINT('',#1484);
#1484 = CARTESIAN_POINT('',(-3.52,116.63227294754,10.));
#1485 = LINE('',#1486,#1487);
#1486 = CARTESIAN_POINT('',(-3.52,116.51680289371,10.));
#1487 = VECTOR('',#1488,1.);
#1488 = DIRECTION('',(-1.2E-16,-1.,0.));
#1489 = ORIENTED_EDGE('',*,*,#1490,.F.);
#1490 = EDGE_CURVE('',#1491,#1483,#1493,.T.);
#1491 = VERTEX_POINT('',#1492);
#1492 = CARTESIAN_POINT('',(2.7E-14,118.66454589509,10.));
#1493 = LINE('',#1494,#1495);
#1494 = CARTESIAN_POINT('',(-1.E-01,118.60681086817,10.));
#1495 = VECTOR('',#1496,1.);
#1496 = DIRECTION('',(-0.866025403784,-0.5,0.));
#1497 = ORIENTED_EDGE('',*,*,#1498,.F.);
#1498 = EDGE_CURVE('',#1499,#1491,#1501,.T.);
#1499 = VERTEX_POINT('',#1500);
#1500 = CARTESIAN_POINT('',(3.52,116.63227294754,10.));
#1501 = LINE('',#1502,#1503);
#1502 = CARTESIAN_POINT('',(3.42,116.69000797446,10.));
#1503 = VECTOR('',#1504,1.);
#1504 = DIRECTION('',(-0.866025403784,0.5,0.));
#1505 = ORIENTED_EDGE('',*,*,#1506,.F.);
#1506 = EDGE_CURVE('',#1467,#1499,#1507,.T.);
#1507 = LINE('',#1508,#1509);
#1508 = CARTESIAN_POINT('',(3.52,112.68319710629,10.));
#1509 = VECTOR('',#1510,1.);
#1510 = DIRECTION('',(-1.2E-16,1.,0.));
#1511 = FACE_BOUND('',#1512,.T.);
#1512 = EDGE_LOOP('',(#1513,#1523,#1531,#1539));
#1513 = ORIENTED_EDGE('',*,*,#1514,.F.);
#1514 = EDGE_CURVE('',#1515,#1517,#1519,.T.);
#1515 = VERTEX_POINT('',#1516);
#1516 = CARTESIAN_POINT('',(-3.52,64.03064677004,10.));
#1517 = VERTEX_POINT('',#1518);
#1518 = CARTESIAN_POINT('',(-0.64,65.693415545306,10.));
#1519 = LINE('',#1520,#1521);
#1520 = CARTESIAN_POINT('',(-3.22,64.203851850797,10.));
#1521 = VECTOR('',#1522,1.);
#1522 = DIRECTION('',(0.866025403784,0.5,0.));
#1523 = ORIENTED_EDGE('',*,*,#1524,.F.);
#1524 = EDGE_CURVE('',#1525,#1515,#1527,.T.);
#1525 = VERTEX_POINT('',#1526);
#1526 = CARTESIAN_POINT('',(-3.52,70.450781763429,10.));
#1527 = LINE('',#1528,#1529);
#1528 = CARTESIAN_POINT('',(-3.52,70.104371601915,10.));
#1529 = VECTOR('',#1530,1.);
#1530 = DIRECTION('',(0.,-1.,0.));
#1531 = ORIENTED_EDGE('',*,*,#1532,.F.);
#1532 = EDGE_CURVE('',#1533,#1525,#1535,.T.);
#1533 = VERTEX_POINT('',#1534);
#1534 = CARTESIAN_POINT('',(-0.64,68.788012988163,10.));
#1535 = LINE('',#1536,#1537);
#1536 = CARTESIAN_POINT('',(-0.74,68.845748015082,10.));
#1537 = VECTOR('',#1538,1.);
#1538 = DIRECTION('',(-0.866025403784,0.5,0.));
#1539 = ORIENTED_EDGE('',*,*,#1540,.F.);
#1540 = EDGE_CURVE('',#1517,#1533,#1541,.T.);
#1541 = LINE('',#1542,#1543);
#1542 = CARTESIAN_POINT('',(-0.64,65.808885599144,10.));
#1543 = VECTOR('',#1544,1.);
#1544 = DIRECTION('',(4.E-17,1.,0.));
#1545 = FACE_BOUND('',#1546,.T.);
#1546 = EDGE_LOOP('',(#1547,#1557,#1565,#1573));
#1547 = ORIENTED_EDGE('',*,*,#1548,.F.);
#1548 = EDGE_CURVE('',#1549,#1551,#1553,.T.);
#1549 = VERTEX_POINT('',#1550);
#1550 = CARTESIAN_POINT('',(3.52,70.450781763429,10.));
#1551 = VERTEX_POINT('',#1552);
#1552 = CARTESIAN_POINT('',(0.64,68.788012988163,10.));
#1553 = LINE('',#1554,#1555);
#1554 = CARTESIAN_POINT('',(3.22,70.277576682672,10.));
#1555 = VECTOR('',#1556,1.);
#1556 = DIRECTION('',(-0.866025403784,-0.5,0.));
#1557 = ORIENTED_EDGE('',*,*,#1558,.T.);
#1558 = EDGE_CURVE('',#1549,#1559,#1561,.T.);
#1559 = VERTEX_POINT('',#1560);
#1560 = CARTESIAN_POINT('',(3.52,64.03064677004,10.));
#1561 = LINE('',#1562,#1563);
#1562 = CARTESIAN_POINT('',(3.52,70.104371601915,10.));
#1563 = VECTOR('',#1564,1.);
#1564 = DIRECTION('',(8.E-17,-1.,0.));
#1565 = ORIENTED_EDGE('',*,*,#1566,.F.);
#1566 = EDGE_CURVE('',#1567,#1559,#1569,.T.);
#1567 = VERTEX_POINT('',#1568);
#1568 = CARTESIAN_POINT('',(0.64,65.693415545306,10.));
#1569 = LINE('',#1570,#1571);
#1570 = CARTESIAN_POINT('',(0.74,65.635680518387,10.));
#1571 = VECTOR('',#1572,1.);
#1572 = DIRECTION('',(0.866025403784,-0.5,0.));
#1573 = ORIENTED_EDGE('',*,*,#1574,.F.);
#1574 = EDGE_CURVE('',#1551,#1567,#1575,.T.);
#1575 = LINE('',#1576,#1577);
#1576 = CARTESIAN_POINT('',(0.64,68.672542934325,10.));
#1577 = VECTOR('',#1578,1.);
#1578 = DIRECTION('',(4.E-17,-1.,0.));
#1579 = FACE_BOUND('',#1580,.T.);
#1580 = EDGE_LOOP('',(#1581,#1591,#1599,#1607));
#1581 = ORIENTED_EDGE('',*,*,#1582,.F.);
#1582 = EDGE_CURVE('',#1583,#1585,#1587,.T.);
#1583 = VERTEX_POINT('',#1584);
#1584 = CARTESIAN_POINT('',(-3.52,50.589932503306,10.));
#1585 = VERTEX_POINT('',#1586);
#1586 = CARTESIAN_POINT('',(-0.64,52.252701278572,10.));
#1587 = LINE('',#1588,#1589);
#1588 = CARTESIAN_POINT('',(-3.22,50.763137584063,10.));
#1589 = VECTOR('',#1590,1.);
#1590 = DIRECTION('',(0.866025403784,0.5,0.));
#1591 = ORIENTED_EDGE('',*,*,#1592,.F.);
#1592 = EDGE_CURVE('',#1593,#1583,#1595,.T.);
#1593 = VERTEX_POINT('',#1594);
#1594 = CARTESIAN_POINT('',(-3.52,57.010067496694,10.));
#1595 = LINE('',#1596,#1597);
#1596 = CARTESIAN_POINT('',(-3.52,56.663657335181,10.));
#1597 = VECTOR('',#1598,1.);
#1598 = DIRECTION('',(8.E-17,-1.,0.));
#1599 = ORIENTED_EDGE('',*,*,#1600,.F.);
#1600 = EDGE_CURVE('',#1601,#1593,#1603,.T.);
#1601 = VERTEX_POINT('',#1602);
#1602 = CARTESIAN_POINT('',(-0.64,55.347298721428,10.));
#1603 = LINE('',#1604,#1605);
#1604 = CARTESIAN_POINT('',(-0.74,55.405033748347,10.));
#1605 = VECTOR('',#1606,1.);
#1606 = DIRECTION('',(-0.866025403784,0.5,0.));
#1607 = ORIENTED_EDGE('',*,*,#1608,.F.);
#1608 = EDGE_CURVE('',#1585,#1601,#1609,.T.);
#1609 = LINE('',#1610,#1611);
#1610 = CARTESIAN_POINT('',(-0.64,52.36817133241,10.));
#1611 = VECTOR('',#1612,1.);
#1612 = DIRECTION('',(-1.2E-16,1.,0.));
#1613 = FACE_BOUND('',#1614,.T.);
#1614 = EDGE_LOOP('',(#1615,#1625,#1633,#1641));
#1615 = ORIENTED_EDGE('',*,*,#1616,.F.);
#1616 = EDGE_CURVE('',#1617,#1619,#1621,.T.);
#1617 = VERTEX_POINT('',#1618);
#1618 = CARTESIAN_POINT('',(3.52,57.010067496694,10.));
#1619 = VERTEX_POINT('',#1620);
#1620 = CARTESIAN_POINT('',(0.64,55.347298721428,10.));
#1621 = LINE('',#1622,#1623);
#1622 = CARTESIAN_POINT('',(3.22,56.836862415937,10.));
#1623 = VECTOR('',#1624,1.);
#1624 = DIRECTION('',(-0.866025403784,-0.5,0.));
#1625 = ORIENTED_EDGE('',*,*,#1626,.T.);
#1626 = EDGE_CURVE('',#1617,#1627,#1629,.T.);
#1627 = VERTEX_POINT('',#1628);
#1628 = CARTESIAN_POINT('',(3.52,50.589932503306,10.));
#1629 = LINE('',#1630,#1631);
#1630 = CARTESIAN_POINT('',(3.52,56.663657335181,10.));
#1631 = VECTOR('',#1632,1.);
#1632 = DIRECTION('',(-8.E-17,-1.,0.));
#1633 = ORIENTED_EDGE('',*,*,#1634,.F.);
#1634 = EDGE_CURVE('',#1635,#1627,#1637,.T.);
#1635 = VERTEX_POINT('',#1636);
#1636 = CARTESIAN_POINT('',(0.64,52.252701278572,10.));
#1637 = LINE('',#1638,#1639);
#1638 = CARTESIAN_POINT('',(0.74,52.194966251653,10.));
#1639 = VECTOR('',#1640,1.);
#1640 = DIRECTION('',(0.866025403784,-0.5,0.));
#1641 = ORIENTED_EDGE('',*,*,#1642,.F.);
#1642 = EDGE_CURVE('',#1619,#1635,#1643,.T.);
#1643 = LINE('',#1644,#1645);
#1644 = CARTESIAN_POINT('',(0.64,55.23182866759,10.));
#1645 = VECTOR('',#1646,1.);
#1646 = DIRECTION('',(-1.6E-16,-1.,0.));
#1647 = FACE_BOUND('',#1648,.T.);
#1648 = EDGE_LOOP('',(#1649,#1659,#1667,#1675));
#1649 = ORIENTED_EDGE('',*,*,#1650,.F.);
#1650 = EDGE_CURVE('',#1651,#1653,#1655,.T.);
#1651 = VERTEX_POINT('',#1652);
#1652 = CARTESIAN_POINT('',(3.52,43.56935322996,10.));
#1653 = VERTEX_POINT('',#1654);
#1654 = CARTESIAN_POINT('',(0.64,41.906584454694,10.));
#1655 = LINE('',#1656,#1657);
#1656 = CARTESIAN_POINT('',(3.22,43.396148149203,10.));
#1657 = VECTOR('',#1658,1.);
#1658 = DIRECTION('',(-0.866025403784,-0.5,0.));
#1659 = ORIENTED_EDGE('',*,*,#1660,.T.);
#1660 = EDGE_CURVE('',#1651,#1661,#1663,.T.);
#1661 = VERTEX_POINT('',#1662);
#1662 = CARTESIAN_POINT('',(3.52,37.149218236571,10.));
#1663 = LINE('',#1664,#1665);
#1664 = CARTESIAN_POINT('',(3.52,43.222943068446,10.));
#1665 = VECTOR('',#1666,1.);
#1666 = DIRECTION('',(0.,-1.,0.));
#1667 = ORIENTED_EDGE('',*,*,#1668,.F.);
#1668 = EDGE_CURVE('',#1669,#1661,#1671,.T.);
#1669 = VERTEX_POINT('',#1670);
#1670 = CARTESIAN_POINT('',(0.64,38.811987011837,10.));
#1671 = LINE('',#1672,#1673);
#1672 = CARTESIAN_POINT('',(0.74,38.754251984918,10.));
#1673 = VECTOR('',#1674,1.);
#1674 = DIRECTION('',(0.866025403784,-0.5,0.));
#1675 = ORIENTED_EDGE('',*,*,#1676,.F.);
#1676 = EDGE_CURVE('',#1653,#1669,#1677,.T.);
#1677 = LINE('',#1678,#1679);
#1678 = CARTESIAN_POINT('',(0.64,41.791114400856,10.));
#1679 = VECTOR('',#1680,1.);
#1680 = DIRECTION('',(1.6E-16,-1.,0.));
#1681 = FACE_BOUND('',#1682,.T.);
#1682 = EDGE_LOOP('',(#1683,#1693,#1701,#1709));
#1683 = ORIENTED_EDGE('',*,*,#1684,.F.);
#1684 = EDGE_CURVE('',#1685,#1687,#1689,.T.);
#1685 = VERTEX_POINT('',#1686);
#1686 = CARTESIAN_POINT('',(-3.52,37.149218236571,10.));
#1687 = VERTEX_POINT('',#1688);
#1688 = CARTESIAN_POINT('',(-0.64,38.811987011837,10.));
#1689 = LINE('',#1690,#1691);
#1690 = CARTESIAN_POINT('',(-3.22,37.322423317328,10.));
#1691 = VECTOR('',#1692,1.);
#1692 = DIRECTION('',(0.866025403784,0.5,0.));
#1693 = ORIENTED_EDGE('',*,*,#1694,.F.);
#1694 = EDGE_CURVE('',#1695,#1685,#1697,.T.);
#1695 = VERTEX_POINT('',#1696);
#1696 = CARTESIAN_POINT('',(-3.52,43.56935322996,10.));
#1697 = LINE('',#1698,#1699);
#1698 = CARTESIAN_POINT('',(-3.52,43.222943068446,10.));
#1699 = VECTOR('',#1700,1.);
#1700 = DIRECTION('',(-8.E-17,-1.,0.));
#1701 = ORIENTED_EDGE('',*,*,#1702,.F.);
#1702 = EDGE_CURVE('',#1703,#1695,#1705,.T.);
#1703 = VERTEX_POINT('',#1704);
#1704 = CARTESIAN_POINT('',(-0.64,41.906584454694,10.));
#1705 = LINE('',#1706,#1707);
#1706 = CARTESIAN_POINT('',(-0.74,41.964319481613,10.));
#1707 = VECTOR('',#1708,1.);
#1708 = DIRECTION('',(-0.866025403784,0.5,0.));
#1709 = ORIENTED_EDGE('',*,*,#1710,.F.);
#1710 = EDGE_CURVE('',#1687,#1703,#1711,.T.);
#1711 = LINE('',#1712,#1713);
#1712 = CARTESIAN_POINT('',(-0.64,38.927457065675,10.));
#1713 = VECTOR('',#1714,1.);
#1714 = DIRECTION('',(8.E-17,1.,0.));
#1715 = FACE_BOUND('',#1716,.T.);
#1716 = EDGE_LOOP('',(#1717,#1727,#1735,#1743));
#1717 = ORIENTED_EDGE('',*,*,#1718,.F.);
#1718 = EDGE_CURVE('',#1719,#1721,#1723,.T.);
#1719 = VERTEX_POINT('',#1720);
#1720 = CARTESIAN_POINT('',(3.52,30.128638963225,10.));
#1721 = VERTEX_POINT('',#1722);
#1722 = CARTESIAN_POINT('',(0.64,28.465870187959,10.));
#1723 = LINE('',#1724,#1725);
#1724 = CARTESIAN_POINT('',(3.22,29.955433882468,10.));
#1725 = VECTOR('',#1726,1.);
#1726 = DIRECTION('',(-0.866025403784,-0.5,0.));
#1727 = ORIENTED_EDGE('',*,*,#1728,.T.);
#1728 = EDGE_CURVE('',#1719,#1729,#1731,.T.);
#1729 = VERTEX_POINT('',#1730);
#1730 = CARTESIAN_POINT('',(3.52,23.708503969837,10.));
#1731 = LINE('',#1732,#1733);
#1732 = CARTESIAN_POINT('',(3.52,29.782228801712,10.));
#1733 = VECTOR('',#1734,1.);
#1734 = DIRECTION('',(0.,-1.,0.));
#1735 = ORIENTED_EDGE('',*,*,#1736,.F.);
#1736 = EDGE_CURVE('',#1737,#1729,#1739,.T.);
#1737 = VERTEX_POINT('',#1738);
#1738 = CARTESIAN_POINT('',(0.64,25.371272745103,10.));
#1739 = LINE('',#1740,#1741);
#1740 = CARTESIAN_POINT('',(0.74,25.313537718184,10.));
#1741 = VECTOR('',#1742,1.);
#1742 = DIRECTION('',(0.866025403784,-0.5,0.));
#1743 = ORIENTED_EDGE('',*,*,#1744,.F.);
#1744 = EDGE_CURVE('',#1721,#1737,#1745,.T.);
#1745 = LINE('',#1746,#1747);
#1746 = CARTESIAN_POINT('',(0.64,28.350400134121,10.));
#1747 = VECTOR('',#1748,1.);
#1748 = DIRECTION('',(4.E-17,-1.,0.));
#1749 = FACE_BOUND('',#1750,.T.);
#1750 = EDGE_LOOP('',(#1751,#1761,#1769,#1777));
#1751 = ORIENTED_EDGE('',*,*,#1752,.F.);
#1752 = EDGE_CURVE('',#1753,#1755,#1757,.T.);
#1753 = VERTEX_POINT('',#1754);
#1754 = CARTESIAN_POINT('',(-3.52,23.708503969837,10.));
#1755 = VERTEX_POINT('',#1756);
#1756 = CARTESIAN_POINT('',(-0.64,25.371272745103,10.));
#1757 = LINE('',#1758,#1759);
#1758 = CARTESIAN_POINT('',(-3.22,23.881709050594,10.));
#1759 = VECTOR('',#1760,1.);
#1760 = DIRECTION('',(0.866025403784,0.5,0.));
#1761 = ORIENTED_EDGE('',*,*,#1762,.F.);
#1762 = EDGE_CURVE('',#1763,#1753,#1765,.T.);
#1763 = VERTEX_POINT('',#1764);
#1764 = CARTESIAN_POINT('',(-3.52,30.128638963225,10.));
#1765 = LINE('',#1766,#1767);
#1766 = CARTESIAN_POINT('',(-3.52,29.782228801712,10.));
#1767 = VECTOR('',#1768,1.);
#1768 = DIRECTION('',(1.6E-16,-1.,0.));
#1769 = ORIENTED_EDGE('',*,*,#1770,.F.);
#1770 = EDGE_CURVE('',#1771,#1763,#1773,.T.);
#1771 = VERTEX_POINT('',#1772);
#1772 = CARTESIAN_POINT('',(-0.64,28.465870187959,10.));
#1773 = LINE('',#1774,#1775);
#1774 = CARTESIAN_POINT('',(-0.74,28.523605214878,10.));
#1775 = VECTOR('',#1776,1.);
#1776 = DIRECTION('',(-0.866025403784,0.5,0.));
#1777 = ORIENTED_EDGE('',*,*,#1778,.F.);
#1778 = EDGE_CURVE('',#1755,#1771,#1779,.T.);
#1779 = LINE('',#1780,#1781);
#1780 = CARTESIAN_POINT('',(-0.64,25.486742798941,10.));
#1781 = VECTOR('',#1782,1.);
#1782 = DIRECTION('',(-3.1E-16,1.,0.));
#1783 = FACE_BOUND('',#1784,.T.);
#1784 = EDGE_LOOP('',(#1785,#1795,#1803,#1811));
#1785 = ORIENTED_EDGE('',*,*,#1786,.F.);
#1786 = EDGE_CURVE('',#1787,#1789,#1791,.T.);
#1787 = VERTEX_POINT('',#1788);
#1788 = CARTESIAN_POINT('',(-3.52,77.471361036775,10.));
#1789 = VERTEX_POINT('',#1790);
#1790 = CARTESIAN_POINT('',(-0.64,79.134129812041,10.));
#1791 = LINE('',#1792,#1793);
#1792 = CARTESIAN_POINT('',(-3.22,77.644566117532,10.));
#1793 = VECTOR('',#1794,1.);
#1794 = DIRECTION('',(0.866025403784,0.5,0.));
#1795 = ORIENTED_EDGE('',*,*,#1796,.F.);
#1796 = EDGE_CURVE('',#1797,#1787,#1799,.T.);
#1797 = VERTEX_POINT('',#1798);
#1798 = CARTESIAN_POINT('',(-3.52,83.891496030163,10.));
#1799 = LINE('',#1800,#1801);
#1800 = CARTESIAN_POINT('',(-3.52,83.545085868649,10.));
#1801 = VECTOR('',#1802,1.);
#1802 = DIRECTION('',(0.,-1.,0.));
#1803 = ORIENTED_EDGE('',*,*,#1804,.F.);
#1804 = EDGE_CURVE('',#1805,#1797,#1807,.T.);
#1805 = VERTEX_POINT('',#1806);
#1806 = CARTESIAN_POINT('',(-0.64,82.228727254897,10.));
#1807 = LINE('',#1808,#1809);
#1808 = CARTESIAN_POINT('',(-0.74,82.286462281816,10.));
#1809 = VECTOR('',#1810,1.);
#1810 = DIRECTION('',(-0.866025403784,0.5,0.));
#1811 = ORIENTED_EDGE('',*,*,#1812,.F.);
#1812 = EDGE_CURVE('',#1789,#1805,#1813,.T.);
#1813 = LINE('',#1814,#1815);
#1814 = CARTESIAN_POINT('',(-0.64,79.249599865879,10.));
#1815 = VECTOR('',#1816,1.);
#1816 = DIRECTION('',(0.,1.,0.));
#1817 = FACE_BOUND('',#1818,.T.);
#1818 = EDGE_LOOP('',(#1819,#1829,#1837,#1845));
#1819 = ORIENTED_EDGE('',*,*,#1820,.F.);
#1820 = EDGE_CURVE('',#1821,#1823,#1825,.T.);
#1821 = VERTEX_POINT('',#1822);
#1822 = CARTESIAN_POINT('',(3.52,83.891496030163,10.));
#1823 = VERTEX_POINT('',#1824);
#1824 = CARTESIAN_POINT('',(0.64,82.228727254897,10.));
#1825 = LINE('',#1826,#1827);
#1826 = CARTESIAN_POINT('',(3.22,83.718290949406,10.));
#1827 = VECTOR('',#1828,1.);
#1828 = DIRECTION('',(-0.866025403784,-0.5,0.));
#1829 = ORIENTED_EDGE('',*,*,#1830,.T.);
#1830 = EDGE_CURVE('',#1821,#1831,#1833,.T.);
#1831 = VERTEX_POINT('',#1832);
#1832 = CARTESIAN_POINT('',(3.52,77.471361036775,10.));
#1833 = LINE('',#1834,#1835);
#1834 = CARTESIAN_POINT('',(3.52,83.545085868649,10.));
#1835 = VECTOR('',#1836,1.);
#1836 = DIRECTION('',(-8.E-17,-1.,0.));
#1837 = ORIENTED_EDGE('',*,*,#1838,.F.);
#1838 = EDGE_CURVE('',#1839,#1831,#1841,.T.);
#1839 = VERTEX_POINT('',#1840);
#1840 = CARTESIAN_POINT('',(0.64,79.134129812041,10.));
#1841 = LINE('',#1842,#1843);
#1842 = CARTESIAN_POINT('',(0.74,79.076394785122,10.));
#1843 = VECTOR('',#1844,1.);
#1844 = DIRECTION('',(0.866025403784,-0.5,0.));
#1845 = ORIENTED_EDGE('',*,*,#1846,.F.);
#1846 = EDGE_CURVE('',#1823,#1839,#1847,.T.);
#1847 = LINE('',#1848,#1849);
#1848 = CARTESIAN_POINT('',(0.64,82.113257201059,10.));
#1849 = VECTOR('',#1850,1.);
#1850 = DIRECTION('',(-1.6E-16,-1.,0.));
#1851 = FACE_BOUND('',#1852,.T.);
#1852 = EDGE_LOOP('',(#1853,#1863,#1871,#1879));
#1853 = ORIENTED_EDGE('',*,*,#1854,.F.);
#1854 = EDGE_CURVE('',#1855,#1857,#1859,.T.);
#1855 = VERTEX_POINT('',#1856);
#1856 = CARTESIAN_POINT('',(-3.52,104.66957536993,10.));
#1857 = VERTEX_POINT('',#1858);
#1858 = CARTESIAN_POINT('',(-0.64,106.3323441452,10.));
#1859 = LINE('',#1860,#1861);
#1860 = CARTESIAN_POINT('',(-3.22,104.84278045069,10.));
#1861 = VECTOR('',#1862,1.);
#1862 = DIRECTION('',(0.866025403784,0.5,0.));
#1863 = ORIENTED_EDGE('',*,*,#1864,.T.);
#1864 = EDGE_CURVE('',#1855,#1865,#1867,.T.);
#1865 = VERTEX_POINT('',#1866);
#1866 = CARTESIAN_POINT('',(-3.52,111.08971036332,10.));
#1867 = LINE('',#1868,#1869);
#1868 = CARTESIAN_POINT('',(-3.52,105.01598553145,10.));
#1869 = VECTOR('',#1870,1.);
#1870 = DIRECTION('',(8.E-17,1.,0.));
#1871 = ORIENTED_EDGE('',*,*,#1872,.F.);
#1872 = EDGE_CURVE('',#1873,#1865,#1875,.T.);
#1873 = VERTEX_POINT('',#1874);
#1874 = CARTESIAN_POINT('',(-0.64,109.42694158806,10.));
#1875 = LINE('',#1876,#1877);
#1876 = CARTESIAN_POINT('',(-0.74,109.48467661498,10.));
#1877 = VECTOR('',#1878,1.);
#1878 = DIRECTION('',(-0.866025403784,0.5,0.));
#1879 = ORIENTED_EDGE('',*,*,#1880,.F.);
#1880 = EDGE_CURVE('',#1857,#1873,#1881,.T.);
#1881 = LINE('',#1882,#1883);
#1882 = CARTESIAN_POINT('',(-0.64,106.44781419904,10.));
#1883 = VECTOR('',#1884,1.);
#1884 = DIRECTION('',(4.E-17,1.,0.));
#1885 = FACE_BOUND('',#1886,.T.);
#1886 = EDGE_LOOP('',(#1887,#1897,#1905,#1913));
#1887 = ORIENTED_EDGE('',*,*,#1888,.F.);
#1888 = EDGE_CURVE('',#1889,#1891,#1893,.T.);
#1889 = VERTEX_POINT('',#1890);
#1890 = CARTESIAN_POINT('',(3.52,111.08971036332,10.));
#1891 = VERTEX_POINT('',#1892);
#1892 = CARTESIAN_POINT('',(0.64,109.42694158806,10.));
#1893 = LINE('',#1894,#1895);
#1894 = CARTESIAN_POINT('',(3.22,110.91650528257,10.));
#1895 = VECTOR('',#1896,1.);
#1896 = DIRECTION('',(-0.866025403784,-0.5,0.));
#1897 = ORIENTED_EDGE('',*,*,#1898,.F.);
#1898 = EDGE_CURVE('',#1899,#1889,#1901,.T.);
#1899 = VERTEX_POINT('',#1900);
#1900 = CARTESIAN_POINT('',(3.52,104.66957536993,10.));
#1901 = LINE('',#1902,#1903);
#1902 = CARTESIAN_POINT('',(3.52,105.01598553145,10.));
#1903 = VECTOR('',#1904,1.);
#1904 = DIRECTION('',(-1.6E-16,1.,0.));
#1905 = ORIENTED_EDGE('',*,*,#1906,.F.);
#1906 = EDGE_CURVE('',#1907,#1899,#1909,.T.);
#1907 = VERTEX_POINT('',#1908);
#1908 = CARTESIAN_POINT('',(0.64,106.3323441452,10.));
#1909 = LINE('',#1910,#1911);
#1910 = CARTESIAN_POINT('',(0.74,106.27460911828,10.));
#1911 = VECTOR('',#1912,1.);
#1912 = DIRECTION('',(0.866025403784,-0.5,0.));
#1913 = ORIENTED_EDGE('',*,*,#1914,.F.);
#1914 = EDGE_CURVE('',#1891,#1907,#1915,.T.);
#1915 = LINE('',#1916,#1917);
#1916 = CARTESIAN_POINT('',(0.64,109.31147153422,10.));
#1917 = VECTOR('',#1918,1.);
#1918 = DIRECTION('',(8.E-17,-1.,0.));
#1919 = FACE_BOUND('',#1920,.T.);
#1920 = EDGE_LOOP('',(#1921,#1931,#1939,#1947));
#1921 = ORIENTED_EDGE('',*,*,#1922,.F.);
#1922 = EDGE_CURVE('',#1923,#1925,#1927,.T.);
#1923 = VERTEX_POINT('',#1924);
#1924 = CARTESIAN_POINT('',(-3.52,91.228861103204,10.));
#1925 = VERTEX_POINT('',#1926);
#1926 = CARTESIAN_POINT('',(-0.64,92.89162987847,10.));
#1927 = LINE('',#1928,#1929);
#1928 = CARTESIAN_POINT('',(-3.22,91.402066183961,10.));
#1929 = VECTOR('',#1930,1.);
#1930 = DIRECTION('',(0.866025403784,0.5,0.));
#1931 = ORIENTED_EDGE('',*,*,#1932,.T.);
#1932 = EDGE_CURVE('',#1923,#1933,#1935,.T.);
#1933 = VERTEX_POINT('',#1934);
#1934 = CARTESIAN_POINT('',(-3.52,97.648996096593,10.));
#1935 = LINE('',#1936,#1937);
#1936 = CARTESIAN_POINT('',(-3.52,91.575271264718,10.));
#1937 = VECTOR('',#1938,1.);
#1938 = DIRECTION('',(-4.7E-16,1.,0.));
#1939 = ORIENTED_EDGE('',*,*,#1940,.F.);
#1940 = EDGE_CURVE('',#1941,#1933,#1943,.T.);
#1941 = VERTEX_POINT('',#1942);
#1942 = CARTESIAN_POINT('',(-0.64,95.986227321326,10.));
#1943 = LINE('',#1944,#1945);
#1944 = CARTESIAN_POINT('',(-0.74,96.043962348245,10.));
#1945 = VECTOR('',#1946,1.);
#1946 = DIRECTION('',(-0.866025403784,0.5,0.));
#1947 = ORIENTED_EDGE('',*,*,#1948,.F.);
#1948 = EDGE_CURVE('',#1925,#1941,#1949,.T.);
#1949 = LINE('',#1950,#1951);
#1950 = CARTESIAN_POINT('',(-0.64,93.007099932308,10.));
#1951 = VECTOR('',#1952,1.);
#1952 = DIRECTION('',(-4.7E-16,1.,0.));
#1953 = FACE_BOUND('',#1954,.T.);
#1954 = EDGE_LOOP('',(#1955,#1965,#1973,#1981));
#1955 = ORIENTED_EDGE('',*,*,#1956,.F.);
#1956 = EDGE_CURVE('',#1957,#1959,#1961,.T.);
#1957 = VERTEX_POINT('',#1958);
#1958 = CARTESIAN_POINT('',(3.52,97.648996096593,10.));
#1959 = VERTEX_POINT('',#1960);
#1960 = CARTESIAN_POINT('',(0.64,95.986227321326,10.));
#1961 = LINE('',#1962,#1963);
#1962 = CARTESIAN_POINT('',(3.22,97.475791015836,10.));
#1963 = VECTOR('',#1964,1.);
#1964 = DIRECTION('',(-0.866025403784,-0.5,0.));
#1965 = ORIENTED_EDGE('',*,*,#1966,.F.);
#1966 = EDGE_CURVE('',#1967,#1957,#1969,.T.);
#1967 = VERTEX_POINT('',#1968);
#1968 = CARTESIAN_POINT('',(3.52,91.228861103204,10.));
#1969 = LINE('',#1970,#1971);
#1970 = CARTESIAN_POINT('',(3.52,91.575271264718,10.));
#1971 = VECTOR('',#1972,1.);
#1972 = DIRECTION('',(-2.3E-16,1.,0.));
#1973 = ORIENTED_EDGE('',*,*,#1974,.F.);
#1974 = EDGE_CURVE('',#1975,#1967,#1977,.T.);
#1975 = VERTEX_POINT('',#1976);
#1976 = CARTESIAN_POINT('',(0.64,92.89162987847,10.));
#1977 = LINE('',#1978,#1979);
#1978 = CARTESIAN_POINT('',(0.74,92.833894851551,10.));
#1979 = VECTOR('',#1980,1.);
#1980 = DIRECTION('',(0.866025403784,-0.5,0.));
#1981 = ORIENTED_EDGE('',*,*,#1982,.F.);
#1982 = EDGE_CURVE('',#1959,#1975,#1983,.T.);
#1983 = LINE('',#1984,#1985);
#1984 = CARTESIAN_POINT('',(0.64,95.870757267489,10.));
#1985 = VECTOR('',#1986,1.);
#1986 = DIRECTION('',(3.1E-16,-1.,0.));
#1987 = FACE_BOUND('',#1988,.T.);
#1988 = EDGE_LOOP('',(#1989));
#1989 = ORIENTED_EDGE('',*,*,#1990,.F.);
#1990 = EDGE_CURVE('',#1991,#1991,#1993,.T.);
#1991 = VERTEX_POINT('',#1992);
#1992 = CARTESIAN_POINT('',(2.25,10.,10.));
#1993 = CIRCLE('',#1994,2.25);
#1994 = AXIS2_PLACEMENT_3D('',#1995,#1996,#1997);
#1995 = CARTESIAN_POINT('',(0.,10.,10.));
#1996 = DIRECTION('',(0.,0.,1.));
#1997 = DIRECTION('',(1.,0.,0.));
#1998 = FACE_BOUND('',#1999,.T.);
#1999 = EDGE_LOOP('',(#2000));
#2000 = ORIENTED_EDGE('',*,*,#2001,.F.);
#2001 = EDGE_CURVE('',#2002,#2002,#2004,.T.);
#2002 = VERTEX_POINT('',#2003);
#2003 = CARTESIAN_POINT('',(1.8,122.6,10.));
#2004 = CIRCLE('',#2005,1.8);
#2005 = AXIS2_PLACEMENT_3D('',#2006,#2007,#2008);
#2006 = CARTESIAN_POINT('',(-1.E-16,122.6,10.));
#2007 = DIRECTION('',(0.,0.,1.));
#2008 = DIRECTION('',(1.,0.,0.));
#2009 = FACE_BOUND('',#2010,.T.);
#2010 = EDGE_LOOP('',(#2011));
#2011 = ORIENTED_EDGE('',*,*,#2012,.F.);
#2012 = EDGE_CURVE('',#2013,#2013,#2015,.T.);
#2013 = VERTEX_POINT('',#2014);
#2014 = CARTESIAN_POINT('',(1.8,20.,10.));
#2015 = CIRCLE('',#2016,1.8);
#2016 = AXIS2_PLACEMENT_3D('',#2017,#2018,#2019);
#2017 = CARTESIAN_POINT('',(0.,20.,10.));
#2018 = DIRECTION('',(0.,0.,1.));
#2019 = DIRECTION('',(1.,0.,0.));
#2020 = FACE_BOUND('',#2021,.T.);
#2021 = EDGE_LOOP('',(#2022));
#2022 = ORIENTED_EDGE('',*,*,#2023,.F.);
#2023 = EDGE_CURVE('',#2024,#2024,#2026,.T.);
#2024 = VERTEX_POINT('',#2025);
#2025 = CARTESIAN_POINT('',(1.8,87.6,10.));
#2026 = CIRCLE('',#2027,1.8);
#2027 = AXIS2_PLACEMENT_3D('',#2028,#2029,#2030);
#2028 = CARTESIAN_POINT('',(0.,87.6,10.));
#2029 = DIRECTION('',(0.,0.,1.));
#2030 = DIRECTION('',(1.,0.,0.));
#2031 = PLANE('',#2032);
#2032 = AXIS2_PLACEMENT_3D('',#2033,#2034,#2035);
#2033 = CARTESIAN_POINT('',(8.3E-16,63.001202322163,10.));
#2034 = DIRECTION('',(0.,0.,1.));
#2035 = DIRECTION('',(1.,0.,0.));
#2036 = ADVANCED_FACE('',(#2037),#2048,.F.);
#2037 = FACE_BOUND('',#2038,.T.);
#2038 = EDGE_LOOP('',(#2039,#2040,#2041,#2047));
#2039 = ORIENTED_EDGE('',*,*,#135,.F.);
#2040 = ORIENTED_EDGE('',*,*,#159,.T.);
#2041 = ORIENTED_EDGE('',*,*,#2042,.T.);
#2042 = EDGE_CURVE('',#160,#1161,#2043,.T.);
#2043 = LINE('',#2044,#2045);
#2044 = CARTESIAN_POINT('',(4.9,122.6,9.9));
#2045 = VECTOR('',#2046,1.);
#2046 = DIRECTION('',(-0.707106781187,0.,0.707106781187));
#2047 = ORIENTED_EDGE('',*,*,#1160,.F.);
#2048 = PLANE('',#2049);
#2049 = AXIS2_PLACEMENT_3D('',#2050,#2051,#2052);
#2050 = CARTESIAN_POINT('',(4.9,0.,9.9));
#2051 = DIRECTION('',(-0.707106781187,0.,-0.707106781187));
#2052 = DIRECTION('',(-0.,-1.,-0.));
#2053 = ADVANCED_FACE('',(#2054),#2060,.T.);
#2054 = FACE_BOUND('',#2055,.F.);
#2055 = EDGE_LOOP('',(#2056,#2057,#2058,#2059));
#2056 = ORIENTED_EDGE('',*,*,#1144,.F.);
#2057 = ORIENTED_EDGE('',*,*,#246,.T.);
#2058 = ORIENTED_EDGE('',*,*,#189,.T.);
#2059 = ORIENTED_EDGE('',*,*,#270,.F.);
#2060 = CONICAL_SURFACE('',#2061,5.,0.785398163397);
#2061 = AXIS2_PLACEMENT_3D('',#2062,#2063,#2064);
#2062 = CARTESIAN_POINT('',(-1.E-16,122.6,0.4));
#2063 = DIRECTION('',(0.,0.,1.));
#2064 = DIRECTION('',(1.,0.,0.));
#2065 = ADVANCED_FACE('',(#2066),#2072,.T.);
#2066 = FACE_BOUND('',#2067,.T.);
#2067 = EDGE_LOOP('',(#2068,#2069,#2070,#2071));
#2068 = ORIENTED_EDGE('',*,*,#2042,.F.);
#2069 = ORIENTED_EDGE('',*,*,#238,.T.);
#2070 = ORIENTED_EDGE('',*,*,#213,.T.);
#2071 = ORIENTED_EDGE('',*,*,#1168,.F.);
#2072 = CONICAL_SURFACE('',#2073,5.,0.785398163397);
#2073 = AXIS2_PLACEMENT_3D('',#2074,#2075,#2076);
#2074 = CARTESIAN_POINT('',(-1.E-16,122.6,9.8));
#2075 = DIRECTION('',(-0.,-0.,-1.));
#2076 = DIRECTION('',(1.,0.,0.));
#2077 = ADVANCED_FACE('',(#2078),#2104,.F.);
#2078 = FACE_BOUND('',#2079,.F.);
#2079 = EDGE_LOOP('',(#2080,#2088,#2089,#2097));
#2080 = ORIENTED_EDGE('',*,*,#2081,.F.);
#2081 = EDGE_CURVE('',#281,#2082,#2084,.T.);
#2082 = VERTEX_POINT('',#2083);
#2083 = CARTESIAN_POINT('',(3.32,3.03,0.4));
#2084 = LINE('',#2085,#2086);
#2085 = CARTESIAN_POINT('',(3.32,3.03,0.4));
#2086 = VECTOR('',#2087,1.);
#2087 = DIRECTION('',(-0.707106781187,2.1E-16,0.707106781187));
#2088 = ORIENTED_EDGE('',*,*,#280,.T.);
#2089 = ORIENTED_EDGE('',*,*,#2090,.T.);
#2090 = EDGE_CURVE('',#283,#2091,#2093,.T.);
#2091 = VERTEX_POINT('',#2092);
#2092 = CARTESIAN_POINT('',(-3.32,3.03,0.4));
#2093 = LINE('',#2094,#2095);
#2094 = CARTESIAN_POINT('',(-3.32,3.03,0.4));
#2095 = VECTOR('',#2096,1.);
#2096 = DIRECTION('',(0.707106781187,-2.8E-16,0.707106781187));
#2097 = ORIENTED_EDGE('',*,*,#2098,.F.);
#2098 = EDGE_CURVE('',#2082,#2091,#2099,.T.);
#2099 = CIRCLE('',#2100,3.32);
#2100 = AXIS2_PLACEMENT_3D('',#2101,#2102,#2103);
#2101 = CARTESIAN_POINT('',(0.,3.03,0.4));
#2102 = DIRECTION('',(-0.,0.,1.));
#2103 = DIRECTION('',(1.,-2.7E-16,0.));
#2104 = CONICAL_SURFACE('',#2105,3.32,0.785398163397);
#2105 = AXIS2_PLACEMENT_3D('',#2106,#2107,#2108);
#2106 = CARTESIAN_POINT('',(0.,3.03,0.4));
#2107 = DIRECTION('',(-0.,-0.,-1.));
#2108 = DIRECTION('',(1.,-2.7E-16,0.));
#2109 = ADVANCED_FACE('',(#2110),#2128,.T.);
#2110 = FACE_BOUND('',#2111,.F.);
#2111 = EDGE_LOOP('',(#2112,#2120,#2121,#2122));
#2112 = ORIENTED_EDGE('',*,*,#2113,.F.);
#2113 = EDGE_CURVE('',#292,#2114,#2116,.T.);
#2114 = VERTEX_POINT('',#2115);
#2115 = CARTESIAN_POINT('',(3.32,1.5,0.4));
#2116 = LINE('',#2117,#2118);
#2117 = CARTESIAN_POINT('',(3.32,1.5,0.4));
#2118 = VECTOR('',#2119,1.);
#2119 = DIRECTION('',(-0.707106781187,1.8E-16,0.707106781187));
#2120 = ORIENTED_EDGE('',*,*,#291,.T.);
#2121 = ORIENTED_EDGE('',*,*,#2081,.T.);
#2122 = ORIENTED_EDGE('',*,*,#2123,.F.);
#2123 = EDGE_CURVE('',#2114,#2082,#2124,.T.);
#2124 = LINE('',#2125,#2126);
#2125 = CARTESIAN_POINT('',(3.32,1.5,0.4));
#2126 = VECTOR('',#2127,1.);
#2127 = DIRECTION('',(0.,1.,0.));
#2128 = PLANE('',#2129);
#2129 = AXIS2_PLACEMENT_3D('',#2130,#2131,#2132);
#2130 = CARTESIAN_POINT('',(3.52,1.5,0.2));
#2131 = DIRECTION('',(-0.707106781187,-0.,-0.707106781187));
#2132 = DIRECTION('',(-0.,-1.,0.));
#2133 = ADVANCED_FACE('',(#2134),#2152,.F.);
#2134 = FACE_BOUND('',#2135,.F.);
#2135 = EDGE_LOOP('',(#2136,#2137,#2138,#2146));
#2136 = ORIENTED_EDGE('',*,*,#2090,.F.);
#2137 = ORIENTED_EDGE('',*,*,#308,.T.);
#2138 = ORIENTED_EDGE('',*,*,#2139,.T.);
#2139 = EDGE_CURVE('',#300,#2140,#2142,.T.);
#2140 = VERTEX_POINT('',#2141);
#2141 = CARTESIAN_POINT('',(-3.32,1.5,0.4));
#2142 = LINE('',#2143,#2144);
#2143 = CARTESIAN_POINT('',(-3.52,1.5,0.2));
#2144 = VECTOR('',#2145,1.);
#2145 = DIRECTION('',(0.707106781187,0.,0.707106781187));
#2146 = ORIENTED_EDGE('',*,*,#2147,.F.);
#2147 = EDGE_CURVE('',#2091,#2140,#2148,.T.);
#2148 = LINE('',#2149,#2150);
#2149 = CARTESIAN_POINT('',(-3.32,3.03,0.4));
#2150 = VECTOR('',#2151,1.);
#2151 = DIRECTION('',(0.,-1.,0.));
#2152 = PLANE('',#2153);
#2153 = AXIS2_PLACEMENT_3D('',#2154,#2155,#2156);
#2154 = CARTESIAN_POINT('',(-3.52,3.03,0.2));
#2155 = DIRECTION('',(-0.707106781187,0.,0.707106781187));
#2156 = DIRECTION('',(-0.,-1.,0.));
#2157 = ADVANCED_FACE('',(#2158),#2170,.F.);
#2158 = FACE_BOUND('',#2159,.F.);
#2159 = EDGE_LOOP('',(#2160,#2161,#2162,#2163));
#2160 = ORIENTED_EDGE('',*,*,#2139,.F.);
#2161 = ORIENTED_EDGE('',*,*,#299,.T.);
#2162 = ORIENTED_EDGE('',*,*,#2113,.T.);
#2163 = ORIENTED_EDGE('',*,*,#2164,.F.);
#2164 = EDGE_CURVE('',#2140,#2114,#2165,.T.);
#2165 = CIRCLE('',#2166,3.32);
#2166 = AXIS2_PLACEMENT_3D('',#2167,#2168,#2169);
#2167 = CARTESIAN_POINT('',(0.,1.5,0.4));
#2168 = DIRECTION('',(0.,0.,1.));
#2169 = DIRECTION('',(-1.,1.3E-16,0.));
#2170 = CONICAL_SURFACE('',#2171,3.32,0.785398163397);
#2171 = AXIS2_PLACEMENT_3D('',#2172,#2173,#2174);
#2172 = CARTESIAN_POINT('',(0.,1.5,0.4));
#2173 = DIRECTION('',(-0.,-0.,-1.));
#2174 = DIRECTION('',(-1.,1.3E-16,0.));
#2175 = ADVANCED_FACE('',(#2176),#2201,.F.);
#2176 = FACE_BOUND('',#2177,.F.);
#2177 = EDGE_LOOP('',(#2178,#2186,#2187,#2195));
#2178 = ORIENTED_EDGE('',*,*,#2179,.F.);
#2179 = EDGE_CURVE('',#317,#2180,#2182,.T.);
#2180 = VERTEX_POINT('',#2181);
#2181 = CARTESIAN_POINT('',(2.E-15,77.794677187521,0.4));
#2182 = LINE('',#2183,#2184);
#2183 = CARTESIAN_POINT('',(6.47E-15,77.444967881612,0.702857142857));
#2184 = VECTOR('',#2185,1.);
#2185 = DIRECTION('',(8.E-17,-0.755928946018,0.654653670708));
#2186 = ORIENTED_EDGE('',*,*,#316,.T.);
#2187 = ORIENTED_EDGE('',*,*,#2188,.T.);
#2188 = EDGE_CURVE('',#319,#2189,#2191,.T.);
#2189 = VERTEX_POINT('',#2190);
#2190 = CARTESIAN_POINT('',(-3.32,75.877874293811,0.4));
#2191 = LINE('',#2192,#2193);
#2192 = CARTESIAN_POINT('',(-3.017142857143,75.703019640857,
    0.702857142857));
#2193 = VECTOR('',#2194,1.);
#2194 = DIRECTION('',(0.654653670708,-0.377964473009,0.654653670708));
#2195 = ORIENTED_EDGE('',*,*,#2196,.F.);
#2196 = EDGE_CURVE('',#2180,#2189,#2197,.T.);
#2197 = LINE('',#2198,#2199);
#2198 = CARTESIAN_POINT('',(0.,77.794677187521,0.4));
#2199 = VECTOR('',#2200,1.);
#2200 = DIRECTION('',(-0.866025403784,-0.5,0.));
#2201 = PLANE('',#2202);
#2202 = AXIS2_PLACEMENT_3D('',#2203,#2204,#2205);
#2203 = CARTESIAN_POINT('',(-0.1,77.967882268278,0.2));
#2204 = DIRECTION('',(-0.353553390593,0.612372435696,0.707106781187));
#2205 = DIRECTION('',(-0.866025403784,-0.5,1.110223024625E-16));
#2206 = ADVANCED_FACE('',(#2207),#2225,.F.);
#2207 = FACE_BOUND('',#2208,.F.);
#2208 = EDGE_LOOP('',(#2209,#2217,#2218,#2219));
#2209 = ORIENTED_EDGE('',*,*,#2210,.F.);
#2210 = EDGE_CURVE('',#327,#2211,#2213,.T.);
#2211 = VERTEX_POINT('',#2212);
#2212 = CARTESIAN_POINT('',(3.32,75.877874293811,0.4));
#2213 = LINE('',#2214,#2215);
#2214 = CARTESIAN_POINT('',(3.017142857143,75.703019640857,
    0.702857142857));
#2215 = VECTOR('',#2216,1.);
#2216 = DIRECTION('',(-0.654653670708,-0.377964473009,0.654653670708));
#2217 = ORIENTED_EDGE('',*,*,#326,.T.);
#2218 = ORIENTED_EDGE('',*,*,#2179,.T.);
#2219 = ORIENTED_EDGE('',*,*,#2220,.F.);
#2220 = EDGE_CURVE('',#2211,#2180,#2221,.T.);
#2221 = LINE('',#2222,#2223);
#2222 = CARTESIAN_POINT('',(3.32,75.877874293811,0.4));
#2223 = VECTOR('',#2224,1.);
#2224 = DIRECTION('',(-0.866025403784,0.5,0.));
#2225 = PLANE('',#2226);
#2226 = AXIS2_PLACEMENT_3D('',#2227,#2228,#2229);
#2227 = CARTESIAN_POINT('',(3.42,76.051079374568,0.2));
#2228 = DIRECTION('',(0.353553390593,0.612372435696,0.707106781187));
#2229 = DIRECTION('',(-0.866025403784,0.5,-5.551115123126E-17));
#2230 = ADVANCED_FACE('',(#2231),#2249,.F.);
#2231 = FACE_BOUND('',#2232,.F.);
#2232 = EDGE_LOOP('',(#2233,#2234,#2235,#2243));
#2233 = ORIENTED_EDGE('',*,*,#2188,.F.);
#2234 = ORIENTED_EDGE('',*,*,#358,.T.);
#2235 = ORIENTED_EDGE('',*,*,#2236,.T.);
#2236 = EDGE_CURVE('',#351,#2237,#2239,.T.);
#2237 = VERTEX_POINT('',#2238);
#2238 = CARTESIAN_POINT('',(-3.32,72.044268506392,0.4));
#2239 = LINE('',#2240,#2241);
#2240 = CARTESIAN_POINT('',(-3.017142857143,72.219123159347,
    0.702857142857));
#2241 = VECTOR('',#2242,1.);
#2242 = DIRECTION('',(0.654653670708,0.377964473009,0.654653670708));
#2243 = ORIENTED_EDGE('',*,*,#2244,.F.);
#2244 = EDGE_CURVE('',#2189,#2237,#2245,.T.);
#2245 = LINE('',#2246,#2247);
#2246 = CARTESIAN_POINT('',(-3.32,75.877874293811,0.4));
#2247 = VECTOR('',#2248,1.);
#2248 = DIRECTION('',(-1.2E-16,-1.,0.));
#2249 = PLANE('',#2250);
#2250 = AXIS2_PLACEMENT_3D('',#2251,#2252,#2253);
#2251 = CARTESIAN_POINT('',(-3.52,75.877874293811,0.2));
#2252 = DIRECTION('',(-0.707106781187,7.E-17,0.707106781187));
#2253 = DIRECTION('',(-1.094974746831E-16,-1.,-1.050252531694E-17));
#2254 = ADVANCED_FACE('',(#2255),#2273,.F.);
#2255 = FACE_BOUND('',#2256,.F.);
#2256 = EDGE_LOOP('',(#2257,#2265,#2266,#2267));
#2257 = ORIENTED_EDGE('',*,*,#2258,.F.);
#2258 = EDGE_CURVE('',#335,#2259,#2261,.T.);
#2259 = VERTEX_POINT('',#2260);
#2260 = CARTESIAN_POINT('',(3.32,72.044268506392,0.4));
#2261 = LINE('',#2262,#2263);
#2262 = CARTESIAN_POINT('',(3.017142857143,72.219123159347,
    0.702857142857));
#2263 = VECTOR('',#2264,1.);
#2264 = DIRECTION('',(-0.654653670708,0.377964473009,0.654653670708));
#2265 = ORIENTED_EDGE('',*,*,#334,.T.);
#2266 = ORIENTED_EDGE('',*,*,#2210,.T.);
#2267 = ORIENTED_EDGE('',*,*,#2268,.F.);
#2268 = EDGE_CURVE('',#2259,#2211,#2269,.T.);
#2269 = LINE('',#2270,#2271);
#2270 = CARTESIAN_POINT('',(3.32,72.044268506392,0.4));
#2271 = VECTOR('',#2272,1.);
#2272 = DIRECTION('',(1.2E-16,1.,0.));
#2273 = PLANE('',#2274);
#2274 = AXIS2_PLACEMENT_3D('',#2275,#2276,#2277);
#2275 = CARTESIAN_POINT('',(3.52,72.044268506392,0.2));
#2276 = DIRECTION('',(0.707106781187,-7.E-17,0.707106781187));
#2277 = DIRECTION('',(1.094974746831E-16,1.,-1.050252531694E-17));
#2278 = ADVANCED_FACE('',(#2279),#2297,.F.);
#2279 = FACE_BOUND('',#2280,.F.);
#2280 = EDGE_LOOP('',(#2281,#2282,#2283,#2291));
#2281 = ORIENTED_EDGE('',*,*,#2236,.F.);
#2282 = ORIENTED_EDGE('',*,*,#350,.T.);
#2283 = ORIENTED_EDGE('',*,*,#2284,.T.);
#2284 = EDGE_CURVE('',#343,#2285,#2287,.T.);
#2285 = VERTEX_POINT('',#2286);
#2286 = CARTESIAN_POINT('',(3.E-15,70.127465612683,0.4));
#2287 = LINE('',#2288,#2289);
#2288 = CARTESIAN_POINT('',(-1.37E-15,70.477174918592,0.702857142857));
#2289 = VECTOR('',#2290,1.);
#2290 = DIRECTION('',(0.,0.755928946018,0.654653670708));
#2291 = ORIENTED_EDGE('',*,*,#2292,.F.);
#2292 = EDGE_CURVE('',#2237,#2285,#2293,.T.);
#2293 = LINE('',#2294,#2295);
#2294 = CARTESIAN_POINT('',(-3.32,72.044268506392,0.4));
#2295 = VECTOR('',#2296,1.);
#2296 = DIRECTION('',(0.866025403784,-0.5,0.));
#2297 = PLANE('',#2298);
#2298 = AXIS2_PLACEMENT_3D('',#2299,#2300,#2301);
#2299 = CARTESIAN_POINT('',(-3.42,71.871063425635,0.2));
#2300 = DIRECTION('',(-0.353553390593,-0.612372435696,0.707106781187));
#2301 = DIRECTION('',(0.866025403784,-0.5,-8.326672684689E-17));
#2302 = ADVANCED_FACE('',(#2303),#2314,.F.);
#2303 = FACE_BOUND('',#2304,.F.);
#2304 = EDGE_LOOP('',(#2305,#2306,#2307,#2308));
#2305 = ORIENTED_EDGE('',*,*,#2284,.F.);
#2306 = ORIENTED_EDGE('',*,*,#342,.T.);
#2307 = ORIENTED_EDGE('',*,*,#2258,.T.);
#2308 = ORIENTED_EDGE('',*,*,#2309,.F.);
#2309 = EDGE_CURVE('',#2285,#2259,#2310,.T.);
#2310 = LINE('',#2311,#2312);
#2311 = CARTESIAN_POINT('',(6.7E-16,70.127465612683,0.4));
#2312 = VECTOR('',#2313,1.);
#2313 = DIRECTION('',(0.866025403784,0.5,0.));
#2314 = PLANE('',#2315);
#2315 = AXIS2_PLACEMENT_3D('',#2316,#2317,#2318);
#2316 = CARTESIAN_POINT('',(0.1,69.954260531926,0.2));
#2317 = DIRECTION('',(0.353553390593,-0.612372435696,0.707106781187));
#2318 = DIRECTION('',(0.866025403784,0.5,1.387778780781E-16));
#2319 = ADVANCED_FACE('',(#2320),#2345,.F.);
#2320 = FACE_BOUND('',#2321,.F.);
#2321 = EDGE_LOOP('',(#2322,#2330,#2331,#2339));
#2322 = ORIENTED_EDGE('',*,*,#2323,.F.);
#2323 = EDGE_CURVE('',#367,#2324,#2326,.T.);
#2324 = VERTEX_POINT('',#2325);
#2325 = CARTESIAN_POINT('',(1.E-14,64.353962920786,0.4));
#2326 = LINE('',#2327,#2328);
#2327 = CARTESIAN_POINT('',(3.286E-14,64.004253614877,0.702857142857));
#2328 = VECTOR('',#2329,1.);
#2329 = DIRECTION('',(0.,-0.755928946018,0.654653670708));
#2330 = ORIENTED_EDGE('',*,*,#366,.T.);
#2331 = ORIENTED_EDGE('',*,*,#2332,.T.);
#2332 = EDGE_CURVE('',#369,#2333,#2335,.T.);
#2333 = VERTEX_POINT('',#2334);
#2334 = CARTESIAN_POINT('',(-3.32,62.437160027077,0.4));
#2335 = LINE('',#2336,#2337);
#2336 = CARTESIAN_POINT('',(-3.017142857143,62.262305374122,
    0.702857142857));
#2337 = VECTOR('',#2338,1.);
#2338 = DIRECTION('',(0.654653670708,-0.377964473009,0.654653670708));
#2339 = ORIENTED_EDGE('',*,*,#2340,.F.);
#2340 = EDGE_CURVE('',#2324,#2333,#2341,.T.);
#2341 = LINE('',#2342,#2343);
#2342 = CARTESIAN_POINT('',(4.55E-15,64.353962920786,0.4));
#2343 = VECTOR('',#2344,1.);
#2344 = DIRECTION('',(-0.866025403784,-0.5,0.));
#2345 = PLANE('',#2346);
#2346 = AXIS2_PLACEMENT_3D('',#2347,#2348,#2349);
#2347 = CARTESIAN_POINT('',(-1.E-01,64.527168001543,0.2));
#2348 = DIRECTION('',(-0.353553390593,0.612372435696,0.707106781187));
#2349 = DIRECTION('',(-0.866025403784,-0.5,-5.551115123126E-16));
#2350 = ADVANCED_FACE('',(#2351),#2369,.F.);
#2351 = FACE_BOUND('',#2352,.F.);
#2352 = EDGE_LOOP('',(#2353,#2361,#2362,#2363));
#2353 = ORIENTED_EDGE('',*,*,#2354,.F.);
#2354 = EDGE_CURVE('',#377,#2355,#2357,.T.);
#2355 = VERTEX_POINT('',#2356);
#2356 = CARTESIAN_POINT('',(3.32,62.437160027077,0.4));
#2357 = LINE('',#2358,#2359);
#2358 = CARTESIAN_POINT('',(3.017142857143,62.262305374122,
    0.702857142857));
#2359 = VECTOR('',#2360,1.);
#2360 = DIRECTION('',(-0.654653670708,-0.377964473009,0.654653670708));
#2361 = ORIENTED_EDGE('',*,*,#376,.T.);
#2362 = ORIENTED_EDGE('',*,*,#2323,.T.);
#2363 = ORIENTED_EDGE('',*,*,#2364,.F.);
#2364 = EDGE_CURVE('',#2355,#2324,#2365,.T.);
#2365 = LINE('',#2366,#2367);
#2366 = CARTESIAN_POINT('',(3.32,62.437160027077,0.4));
#2367 = VECTOR('',#2368,1.);
#2368 = DIRECTION('',(-0.866025403784,0.5,0.));
#2369 = PLANE('',#2370);
#2370 = AXIS2_PLACEMENT_3D('',#2371,#2372,#2373);
#2371 = CARTESIAN_POINT('',(3.42,62.610365107834,0.2));
#2372 = DIRECTION('',(0.353553390593,0.612372435696,0.707106781187));
#2373 = DIRECTION('',(-0.866025403784,0.5,2.498001805407E-16));
#2374 = ADVANCED_FACE('',(#2375),#2393,.F.);
#2375 = FACE_BOUND('',#2376,.F.);
#2376 = EDGE_LOOP('',(#2377,#2378,#2379,#2387));
#2377 = ORIENTED_EDGE('',*,*,#2332,.F.);
#2378 = ORIENTED_EDGE('',*,*,#408,.T.);
#2379 = ORIENTED_EDGE('',*,*,#2380,.T.);
#2380 = EDGE_CURVE('',#401,#2381,#2383,.T.);
#2381 = VERTEX_POINT('',#2382);
#2382 = CARTESIAN_POINT('',(-3.32,58.603554239658,0.4));
#2383 = LINE('',#2384,#2385);
#2384 = CARTESIAN_POINT('',(-3.017142857143,58.778408892612,
    0.702857142857));
#2385 = VECTOR('',#2386,1.);
#2386 = DIRECTION('',(0.654653670708,0.377964473009,0.654653670708));
#2387 = ORIENTED_EDGE('',*,*,#2388,.F.);
#2388 = EDGE_CURVE('',#2333,#2381,#2389,.T.);
#2389 = LINE('',#2390,#2391);
#2390 = CARTESIAN_POINT('',(-3.32,62.437160027077,0.4));
#2391 = VECTOR('',#2392,1.);
#2392 = DIRECTION('',(-1.2E-16,-1.,0.));
#2393 = PLANE('',#2394);
#2394 = AXIS2_PLACEMENT_3D('',#2395,#2396,#2397);
#2395 = CARTESIAN_POINT('',(-3.52,62.437160027077,0.2));
#2396 = DIRECTION('',(-0.707106781187,1.E-16,0.707106781187));
#2397 = DIRECTION('',(-1.307106781187E-16,-1.,1.071067811865E-17));
#2398 = ADVANCED_FACE('',(#2399),#2417,.F.);
#2399 = FACE_BOUND('',#2400,.F.);
#2400 = EDGE_LOOP('',(#2401,#2409,#2410,#2411));
#2401 = ORIENTED_EDGE('',*,*,#2402,.F.);
#2402 = EDGE_CURVE('',#385,#2403,#2405,.T.);
#2403 = VERTEX_POINT('',#2404);
#2404 = CARTESIAN_POINT('',(3.32,58.603554239658,0.4));
#2405 = LINE('',#2406,#2407);
#2406 = CARTESIAN_POINT('',(3.017142857143,58.778408892612,
    0.702857142857));
#2407 = VECTOR('',#2408,1.);
#2408 = DIRECTION('',(-0.654653670708,0.377964473009,0.654653670708));
#2409 = ORIENTED_EDGE('',*,*,#384,.T.);
#2410 = ORIENTED_EDGE('',*,*,#2354,.T.);
#2411 = ORIENTED_EDGE('',*,*,#2412,.F.);
#2412 = EDGE_CURVE('',#2403,#2355,#2413,.T.);
#2413 = LINE('',#2414,#2415);
#2414 = CARTESIAN_POINT('',(3.32,58.603554239658,0.4));
#2415 = VECTOR('',#2416,1.);
#2416 = DIRECTION('',(1.2E-16,1.,0.));
#2417 = PLANE('',#2418);
#2418 = AXIS2_PLACEMENT_3D('',#2419,#2420,#2421);
#2419 = CARTESIAN_POINT('',(3.52,58.603554239658,0.2));
#2420 = DIRECTION('',(0.707106781187,-7.E-17,0.707106781187));
#2421 = DIRECTION('',(1.094974746831E-16,1.,-1.050252531694E-17));
#2422 = ADVANCED_FACE('',(#2423),#2441,.F.);
#2423 = FACE_BOUND('',#2424,.F.);
#2424 = EDGE_LOOP('',(#2425,#2426,#2427,#2435));
#2425 = ORIENTED_EDGE('',*,*,#2380,.F.);
#2426 = ORIENTED_EDGE('',*,*,#400,.T.);
#2427 = ORIENTED_EDGE('',*,*,#2428,.T.);
#2428 = EDGE_CURVE('',#393,#2429,#2431,.T.);
#2429 = VERTEX_POINT('',#2430);
#2430 = CARTESIAN_POINT('',(1.E-15,56.686751345948,0.4));
#2431 = LINE('',#2432,#2433);
#2432 = CARTESIAN_POINT('',(-1.5E-15,57.036460651857,0.702857142857));
#2433 = VECTOR('',#2434,1.);
#2434 = DIRECTION('',(1.7E-16,0.755928946018,0.654653670708));
#2435 = ORIENTED_EDGE('',*,*,#2436,.F.);
#2436 = EDGE_CURVE('',#2381,#2429,#2437,.T.);
#2437 = LINE('',#2438,#2439);
#2438 = CARTESIAN_POINT('',(-3.32,58.603554239658,0.4));
#2439 = VECTOR('',#2440,1.);
#2440 = DIRECTION('',(0.866025403784,-0.5,0.));
#2441 = PLANE('',#2442);
#2442 = AXIS2_PLACEMENT_3D('',#2443,#2444,#2445);
#2443 = CARTESIAN_POINT('',(-3.42,58.430349158901,0.2));
#2444 = DIRECTION('',(-0.353553390593,-0.612372435696,0.707106781187));
#2445 = DIRECTION('',(0.866025403784,-0.5,2.775557561563E-17));
#2446 = ADVANCED_FACE('',(#2447),#2458,.F.);
#2447 = FACE_BOUND('',#2448,.F.);
#2448 = EDGE_LOOP('',(#2449,#2450,#2451,#2452));
#2449 = ORIENTED_EDGE('',*,*,#2428,.F.);
#2450 = ORIENTED_EDGE('',*,*,#392,.T.);
#2451 = ORIENTED_EDGE('',*,*,#2402,.T.);
#2452 = ORIENTED_EDGE('',*,*,#2453,.F.);
#2453 = EDGE_CURVE('',#2429,#2403,#2454,.T.);
#2454 = LINE('',#2455,#2456);
#2455 = CARTESIAN_POINT('',(-1.55E-15,56.686751345948,0.4));
#2456 = VECTOR('',#2457,1.);
#2457 = DIRECTION('',(0.866025403784,0.5,0.));
#2458 = PLANE('',#2459);
#2459 = AXIS2_PLACEMENT_3D('',#2460,#2461,#2462);
#2460 = CARTESIAN_POINT('',(1.E-01,56.513546265191,0.2));
#2461 = DIRECTION('',(0.353553390593,-0.612372435696,0.707106781187));
#2462 = DIRECTION('',(0.866025403784,0.5,1.387778780781E-16));
#2463 = ADVANCED_FACE('',(#2464),#2489,.F.);
#2464 = FACE_BOUND('',#2465,.F.);
#2465 = EDGE_LOOP('',(#2466,#2474,#2475,#2483));
#2466 = ORIENTED_EDGE('',*,*,#2467,.F.);
#2467 = EDGE_CURVE('',#417,#2468,#2470,.T.);
#2468 = VERTEX_POINT('',#2469);
#2469 = CARTESIAN_POINT('',(2.E-15,50.913248654052,0.4));
#2470 = LINE('',#2471,#2472);
#2471 = CARTESIAN_POINT('',(9.58E-15,50.563539348143,0.702857142857));
#2472 = VECTOR('',#2473,1.);
#2473 = DIRECTION('',(2.5E-16,-0.755928946018,0.654653670708));
#2474 = ORIENTED_EDGE('',*,*,#416,.T.);
#2475 = ORIENTED_EDGE('',*,*,#2476,.T.);
#2476 = EDGE_CURVE('',#419,#2477,#2479,.T.);
#2477 = VERTEX_POINT('',#2478);
#2478 = CARTESIAN_POINT('',(-3.32,48.996445760342,0.4));
#2479 = LINE('',#2480,#2481);
#2480 = CARTESIAN_POINT('',(-3.017142857143,48.821591107388,
    0.702857142857));
#2481 = VECTOR('',#2482,1.);
#2482 = DIRECTION('',(0.654653670708,-0.377964473009,0.654653670708));
#2483 = ORIENTED_EDGE('',*,*,#2484,.F.);
#2484 = EDGE_CURVE('',#2468,#2477,#2485,.T.);
#2485 = LINE('',#2486,#2487);
#2486 = CARTESIAN_POINT('',(2.66E-15,50.913248654052,0.4));
#2487 = VECTOR('',#2488,1.);
#2488 = DIRECTION('',(-0.866025403784,-0.5,0.));
#2489 = PLANE('',#2490);
#2490 = AXIS2_PLACEMENT_3D('',#2491,#2492,#2493);
#2491 = CARTESIAN_POINT('',(-1.E-01,51.086453734809,0.2));
#2492 = DIRECTION('',(-0.353553390593,0.612372435696,0.707106781187));
#2493 = DIRECTION('',(-0.866025403784,-0.5,-1.665334536938E-16));
#2494 = ADVANCED_FACE('',(#2495),#2513,.F.);
#2495 = FACE_BOUND('',#2496,.F.);
#2496 = EDGE_LOOP('',(#2497,#2505,#2506,#2507));
#2497 = ORIENTED_EDGE('',*,*,#2498,.F.);
#2498 = EDGE_CURVE('',#427,#2499,#2501,.T.);
#2499 = VERTEX_POINT('',#2500);
#2500 = CARTESIAN_POINT('',(3.32,48.996445760342,0.4));
#2501 = LINE('',#2502,#2503);
#2502 = CARTESIAN_POINT('',(3.017142857143,48.821591107388,
    0.702857142857));
#2503 = VECTOR('',#2504,1.);
#2504 = DIRECTION('',(-0.654653670708,-0.377964473009,0.654653670708));
#2505 = ORIENTED_EDGE('',*,*,#426,.T.);
#2506 = ORIENTED_EDGE('',*,*,#2467,.T.);
#2507 = ORIENTED_EDGE('',*,*,#2508,.F.);
#2508 = EDGE_CURVE('',#2499,#2468,#2509,.T.);
#2509 = LINE('',#2510,#2511);
#2510 = CARTESIAN_POINT('',(3.32,48.996445760342,0.4));
#2511 = VECTOR('',#2512,1.);
#2512 = DIRECTION('',(-0.866025403784,0.5,0.));
#2513 = PLANE('',#2514);
#2514 = AXIS2_PLACEMENT_3D('',#2515,#2516,#2517);
#2515 = CARTESIAN_POINT('',(3.42,49.169650841099,0.2));
#2516 = DIRECTION('',(0.353553390593,0.612372435696,0.707106781187));
#2517 = DIRECTION('',(-0.866025403784,0.5,-8.326672684689E-17));
#2518 = ADVANCED_FACE('',(#2519),#2537,.F.);
#2519 = FACE_BOUND('',#2520,.F.);
#2520 = EDGE_LOOP('',(#2521,#2522,#2523,#2531));
#2521 = ORIENTED_EDGE('',*,*,#2476,.F.);
#2522 = ORIENTED_EDGE('',*,*,#458,.T.);
#2523 = ORIENTED_EDGE('',*,*,#2524,.T.);
#2524 = EDGE_CURVE('',#451,#2525,#2527,.T.);
#2525 = VERTEX_POINT('',#2526);
#2526 = CARTESIAN_POINT('',(-3.32,45.162839972923,0.4));
#2527 = LINE('',#2528,#2529);
#2528 = CARTESIAN_POINT('',(-3.017142857143,45.337694625878,
    0.702857142857));
#2529 = VECTOR('',#2530,1.);
#2530 = DIRECTION('',(0.654653670708,0.377964473009,0.654653670708));
#2531 = ORIENTED_EDGE('',*,*,#2532,.F.);
#2532 = EDGE_CURVE('',#2477,#2525,#2533,.T.);
#2533 = LINE('',#2534,#2535);
#2534 = CARTESIAN_POINT('',(-3.32,48.996445760342,0.4));
#2535 = VECTOR('',#2536,1.);
#2536 = DIRECTION('',(0.,-1.,0.));
#2537 = PLANE('',#2538);
#2538 = AXIS2_PLACEMENT_3D('',#2539,#2540,#2541);
#2539 = CARTESIAN_POINT('',(-3.52,48.996445760342,0.2));
#2540 = DIRECTION('',(-0.707106781187,0.,0.707106781187));
#2541 = DIRECTION('',(-0.,-1.,0.));
#2542 = ADVANCED_FACE('',(#2543),#2561,.F.);
#2543 = FACE_BOUND('',#2544,.F.);
#2544 = EDGE_LOOP('',(#2545,#2553,#2554,#2555));
#2545 = ORIENTED_EDGE('',*,*,#2546,.F.);
#2546 = EDGE_CURVE('',#435,#2547,#2549,.T.);
#2547 = VERTEX_POINT('',#2548);
#2548 = CARTESIAN_POINT('',(3.32,45.162839972923,0.4));
#2549 = LINE('',#2550,#2551);
#2550 = CARTESIAN_POINT('',(3.017142857143,45.337694625878,
    0.702857142857));
#2551 = VECTOR('',#2552,1.);
#2552 = DIRECTION('',(-0.654653670708,0.377964473009,0.654653670708));
#2553 = ORIENTED_EDGE('',*,*,#434,.T.);
#2554 = ORIENTED_EDGE('',*,*,#2498,.T.);
#2555 = ORIENTED_EDGE('',*,*,#2556,.F.);
#2556 = EDGE_CURVE('',#2547,#2499,#2557,.T.);
#2557 = LINE('',#2558,#2559);
#2558 = CARTESIAN_POINT('',(3.32,45.162839972923,0.4));
#2559 = VECTOR('',#2560,1.);
#2560 = DIRECTION('',(0.,1.,0.));
#2561 = PLANE('',#2562);
#2562 = AXIS2_PLACEMENT_3D('',#2563,#2564,#2565);
#2563 = CARTESIAN_POINT('',(3.52,45.162839972923,0.2));
#2564 = DIRECTION('',(0.707106781187,-0.,0.707106781187));
#2565 = DIRECTION('',(0.,1.,0.));
#2566 = ADVANCED_FACE('',(#2567),#2585,.F.);
#2567 = FACE_BOUND('',#2568,.F.);
#2568 = EDGE_LOOP('',(#2569,#2570,#2571,#2579));
#2569 = ORIENTED_EDGE('',*,*,#2524,.F.);
#2570 = ORIENTED_EDGE('',*,*,#450,.T.);
#2571 = ORIENTED_EDGE('',*,*,#2572,.T.);
#2572 = EDGE_CURVE('',#443,#2573,#2575,.T.);
#2573 = VERTEX_POINT('',#2574);
#2574 = CARTESIAN_POINT('',(-1.E-15,43.246037079214,0.4));
#2575 = LINE('',#2576,#2577);
#2576 = CARTESIAN_POINT('',(8.E-17,43.595746385123,0.702857142857));
#2577 = VECTOR('',#2578,1.);
#2578 = DIRECTION('',(0.,0.755928946018,0.654653670708));
#2579 = ORIENTED_EDGE('',*,*,#2580,.F.);
#2580 = EDGE_CURVE('',#2525,#2573,#2581,.T.);
#2581 = LINE('',#2582,#2583);
#2582 = CARTESIAN_POINT('',(-3.32,45.162839972923,0.4));
#2583 = VECTOR('',#2584,1.);
#2584 = DIRECTION('',(0.866025403784,-0.5,0.));
#2585 = PLANE('',#2586);
#2586 = AXIS2_PLACEMENT_3D('',#2587,#2588,#2589);
#2587 = CARTESIAN_POINT('',(-3.42,44.989634892166,0.2));
#2588 = DIRECTION('',(-0.353553390593,-0.612372435696,0.707106781187));
#2589 = DIRECTION('',(0.866025403784,-0.5,-8.326672684689E-17));
#2590 = ADVANCED_FACE('',(#2591),#2602,.F.);
#2591 = FACE_BOUND('',#2592,.F.);
#2592 = EDGE_LOOP('',(#2593,#2594,#2595,#2596));
#2593 = ORIENTED_EDGE('',*,*,#2572,.F.);
#2594 = ORIENTED_EDGE('',*,*,#442,.T.);
#2595 = ORIENTED_EDGE('',*,*,#2546,.T.);
#2596 = ORIENTED_EDGE('',*,*,#2597,.F.);
#2597 = EDGE_CURVE('',#2573,#2547,#2598,.T.);
#2598 = LINE('',#2599,#2600);
#2599 = CARTESIAN_POINT('',(-1.78E-15,43.246037079214,0.4));
#2600 = VECTOR('',#2601,1.);
#2601 = DIRECTION('',(0.866025403784,0.5,0.));
#2602 = PLANE('',#2603);
#2603 = AXIS2_PLACEMENT_3D('',#2604,#2605,#2606);
#2604 = CARTESIAN_POINT('',(1.E-01,43.072831998457,0.2));
#2605 = DIRECTION('',(0.353553390593,-0.612372435696,0.707106781187));
#2606 = DIRECTION('',(0.866025403784,0.5,1.110223024625E-16));
#2607 = ADVANCED_FACE('',(#2608),#2633,.F.);
#2608 = FACE_BOUND('',#2609,.F.);
#2609 = EDGE_LOOP('',(#2610,#2618,#2619,#2627));
#2610 = ORIENTED_EDGE('',*,*,#2611,.F.);
#2611 = EDGE_CURVE('',#467,#2612,#2614,.T.);
#2612 = VERTEX_POINT('',#2613);
#2613 = CARTESIAN_POINT('',(0.,37.472534387317,0.4));
#2614 = LINE('',#2615,#2616);
#2615 = CARTESIAN_POINT('',(9.5E-16,37.122825081408,0.702857142857));
#2616 = VECTOR('',#2617,1.);
#2617 = DIRECTION('',(-3.4E-16,-0.755928946018,0.654653670708));
#2618 = ORIENTED_EDGE('',*,*,#466,.T.);
#2619 = ORIENTED_EDGE('',*,*,#2620,.T.);
#2620 = EDGE_CURVE('',#469,#2621,#2623,.T.);
#2621 = VERTEX_POINT('',#2622);
#2622 = CARTESIAN_POINT('',(-3.32,35.555731493608,0.4));
#2623 = LINE('',#2624,#2625);
#2624 = CARTESIAN_POINT('',(-3.017142857143,35.380876840653,
    0.702857142857));
#2625 = VECTOR('',#2626,1.);
#2626 = DIRECTION('',(0.654653670708,-0.377964473009,0.654653670708));
#2627 = ORIENTED_EDGE('',*,*,#2628,.F.);
#2628 = EDGE_CURVE('',#2612,#2621,#2629,.T.);
#2629 = LINE('',#2630,#2631);
#2630 = CARTESIAN_POINT('',(0.,37.472534387317,0.4));
#2631 = VECTOR('',#2632,1.);
#2632 = DIRECTION('',(-0.866025403784,-0.5,0.));
#2633 = PLANE('',#2634);
#2634 = AXIS2_PLACEMENT_3D('',#2635,#2636,#2637);
#2635 = CARTESIAN_POINT('',(-0.1,37.645739468074,0.2));
#2636 = DIRECTION('',(-0.353553390593,0.612372435696,0.707106781187));
#2637 = DIRECTION('',(-0.866025403784,-0.5,1.110223024625E-16));
#2638 = ADVANCED_FACE('',(#2639),#2657,.F.);
#2639 = FACE_BOUND('',#2640,.F.);
#2640 = EDGE_LOOP('',(#2641,#2649,#2650,#2651));
#2641 = ORIENTED_EDGE('',*,*,#2642,.F.);
#2642 = EDGE_CURVE('',#477,#2643,#2645,.T.);
#2643 = VERTEX_POINT('',#2644);
#2644 = CARTESIAN_POINT('',(3.32,35.555731493608,0.4));
#2645 = LINE('',#2646,#2647);
#2646 = CARTESIAN_POINT('',(3.017142857143,35.380876840653,
    0.702857142857));
#2647 = VECTOR('',#2648,1.);
#2648 = DIRECTION('',(-0.654653670708,-0.377964473009,0.654653670708));
#2649 = ORIENTED_EDGE('',*,*,#476,.T.);
#2650 = ORIENTED_EDGE('',*,*,#2611,.T.);
#2651 = ORIENTED_EDGE('',*,*,#2652,.F.);
#2652 = EDGE_CURVE('',#2643,#2612,#2653,.T.);
#2653 = LINE('',#2654,#2655);
#2654 = CARTESIAN_POINT('',(3.32,35.555731493608,0.4));
#2655 = VECTOR('',#2656,1.);
#2656 = DIRECTION('',(-0.866025403784,0.5,0.));
#2657 = PLANE('',#2658);
#2658 = AXIS2_PLACEMENT_3D('',#2659,#2660,#2661);
#2659 = CARTESIAN_POINT('',(3.42,35.728936574365,0.2));
#2660 = DIRECTION('',(0.353553390593,0.612372435696,0.707106781187));
#2661 = DIRECTION('',(-0.866025403784,0.5,2.775557561563E-17));
#2662 = ADVANCED_FACE('',(#2663),#2681,.F.);
#2663 = FACE_BOUND('',#2664,.F.);
#2664 = EDGE_LOOP('',(#2665,#2666,#2667,#2675));
#2665 = ORIENTED_EDGE('',*,*,#2620,.F.);
#2666 = ORIENTED_EDGE('',*,*,#508,.T.);
#2667 = ORIENTED_EDGE('',*,*,#2668,.T.);
#2668 = EDGE_CURVE('',#501,#2669,#2671,.T.);
#2669 = VERTEX_POINT('',#2670);
#2670 = CARTESIAN_POINT('',(-3.32,31.722125706189,0.4));
#2671 = LINE('',#2672,#2673);
#2672 = CARTESIAN_POINT('',(-3.017142857143,31.896980359143,
    0.702857142857));
#2673 = VECTOR('',#2674,1.);
#2674 = DIRECTION('',(0.654653670708,0.377964473009,0.654653670708));
#2675 = ORIENTED_EDGE('',*,*,#2676,.F.);
#2676 = EDGE_CURVE('',#2621,#2669,#2677,.T.);
#2677 = LINE('',#2678,#2679);
#2678 = CARTESIAN_POINT('',(-3.32,35.555731493608,0.4));
#2679 = VECTOR('',#2680,1.);
#2680 = DIRECTION('',(1.2E-16,-1.,0.));
#2681 = PLANE('',#2682);
#2682 = AXIS2_PLACEMENT_3D('',#2683,#2684,#2685);
#2683 = CARTESIAN_POINT('',(-3.52,35.555731493608,0.2));
#2684 = DIRECTION('',(-0.707106781187,-9.E-17,0.707106781187));
#2685 = DIRECTION('',(1.186396103068E-16,-1.,-8.639610306789E-18));
#2686 = ADVANCED_FACE('',(#2687),#2705,.F.);
#2687 = FACE_BOUND('',#2688,.F.);
#2688 = EDGE_LOOP('',(#2689,#2697,#2698,#2699));
#2689 = ORIENTED_EDGE('',*,*,#2690,.F.);
#2690 = EDGE_CURVE('',#485,#2691,#2693,.T.);
#2691 = VERTEX_POINT('',#2692);
#2692 = CARTESIAN_POINT('',(3.32,31.722125706189,0.4));
#2693 = LINE('',#2694,#2695);
#2694 = CARTESIAN_POINT('',(3.017142857143,31.896980359143,
    0.702857142857));
#2695 = VECTOR('',#2696,1.);
#2696 = DIRECTION('',(-0.654653670708,0.377964473009,0.654653670708));
#2697 = ORIENTED_EDGE('',*,*,#484,.T.);
#2698 = ORIENTED_EDGE('',*,*,#2642,.T.);
#2699 = ORIENTED_EDGE('',*,*,#2700,.F.);
#2700 = EDGE_CURVE('',#2691,#2643,#2701,.T.);
#2701 = LINE('',#2702,#2703);
#2702 = CARTESIAN_POINT('',(3.32,31.722125706189,0.4));
#2703 = VECTOR('',#2704,1.);
#2704 = DIRECTION('',(-1.2E-16,1.,0.));
#2705 = PLANE('',#2706);
#2706 = AXIS2_PLACEMENT_3D('',#2707,#2708,#2709);
#2707 = CARTESIAN_POINT('',(3.52,31.722125706189,0.2));
#2708 = DIRECTION('',(0.707106781187,9.E-17,0.707106781187));
#2709 = DIRECTION('',(-1.186396103068E-16,1.,-8.639610306789E-18));
#2710 = ADVANCED_FACE('',(#2711),#2729,.F.);
#2711 = FACE_BOUND('',#2712,.F.);
#2712 = EDGE_LOOP('',(#2713,#2714,#2715,#2723));
#2713 = ORIENTED_EDGE('',*,*,#2668,.F.);
#2714 = ORIENTED_EDGE('',*,*,#500,.T.);
#2715 = ORIENTED_EDGE('',*,*,#2716,.T.);
#2716 = EDGE_CURVE('',#493,#2717,#2719,.T.);
#2717 = VERTEX_POINT('',#2718);
#2718 = CARTESIAN_POINT('',(0.,29.805322812479,0.4));
#2719 = LINE('',#2720,#2721);
#2720 = CARTESIAN_POINT('',(-8.51E-15,30.155032118388,0.702857142857));
#2721 = VECTOR('',#2722,1.);
#2722 = DIRECTION('',(1.7E-16,0.755928946018,0.654653670708));
#2723 = ORIENTED_EDGE('',*,*,#2724,.F.);
#2724 = EDGE_CURVE('',#2669,#2717,#2725,.T.);
#2725 = LINE('',#2726,#2727);
#2726 = CARTESIAN_POINT('',(-3.32,31.722125706189,0.4));
#2727 = VECTOR('',#2728,1.);
#2728 = DIRECTION('',(0.866025403784,-0.5,0.));
#2729 = PLANE('',#2730);
#2730 = AXIS2_PLACEMENT_3D('',#2731,#2732,#2733);
#2731 = CARTESIAN_POINT('',(-3.42,31.548920625432,0.2));
#2732 = DIRECTION('',(-0.353553390593,-0.612372435696,0.707106781187));
#2733 = DIRECTION('',(0.866025403784,-0.5,-2.775557561563E-17));
#2734 = ADVANCED_FACE('',(#2735),#2746,.F.);
#2735 = FACE_BOUND('',#2736,.F.);
#2736 = EDGE_LOOP('',(#2737,#2738,#2739,#2740));
#2737 = ORIENTED_EDGE('',*,*,#2716,.F.);
#2738 = ORIENTED_EDGE('',*,*,#492,.T.);
#2739 = ORIENTED_EDGE('',*,*,#2690,.T.);
#2740 = ORIENTED_EDGE('',*,*,#2741,.F.);
#2741 = EDGE_CURVE('',#2717,#2691,#2742,.T.);
#2742 = LINE('',#2743,#2744);
#2743 = CARTESIAN_POINT('',(8.9E-16,29.805322812479,0.4));
#2744 = VECTOR('',#2745,1.);
#2745 = DIRECTION('',(0.866025403784,0.5,0.));
#2746 = PLANE('',#2747);
#2747 = AXIS2_PLACEMENT_3D('',#2748,#2749,#2750);
#2748 = CARTESIAN_POINT('',(0.1,29.632117731722,0.2));
#2749 = DIRECTION('',(0.353553390593,-0.612372435696,0.707106781187));
#2750 = DIRECTION('',(0.866025403784,0.5,5.551115123126E-17));
#2751 = ADVANCED_FACE('',(#2752),#2777,.F.);
#2752 = FACE_BOUND('',#2753,.F.);
#2753 = EDGE_LOOP('',(#2754,#2762,#2763,#2771));
#2754 = ORIENTED_EDGE('',*,*,#2755,.F.);
#2755 = EDGE_CURVE('',#517,#2756,#2758,.T.);
#2756 = VERTEX_POINT('',#2757);
#2757 = CARTESIAN_POINT('',(-3.E-15,97.325679945846,0.4));
#2758 = LINE('',#2759,#2760);
#2759 = CARTESIAN_POINT('',(-1.481E-14,97.675389251756,0.702857142857));
#2760 = VECTOR('',#2761,1.);
#2761 = DIRECTION('',(0.,0.755928946018,0.654653670708));
#2762 = ORIENTED_EDGE('',*,*,#516,.T.);
#2763 = ORIENTED_EDGE('',*,*,#2764,.T.);
#2764 = EDGE_CURVE('',#519,#2765,#2767,.T.);
#2765 = VERTEX_POINT('',#2766);
#2766 = CARTESIAN_POINT('',(3.32,99.242482839556,0.4));
#2767 = LINE('',#2768,#2769);
#2768 = CARTESIAN_POINT('',(3.017142857143,99.417337492511,
    0.702857142857));
#2769 = VECTOR('',#2770,1.);
#2770 = DIRECTION('',(-0.654653670708,0.377964473009,0.654653670708));
#2771 = ORIENTED_EDGE('',*,*,#2772,.F.);
#2772 = EDGE_CURVE('',#2756,#2765,#2773,.T.);
#2773 = LINE('',#2774,#2775);
#2774 = CARTESIAN_POINT('',(-6.22E-15,97.325679945846,0.4));
#2775 = VECTOR('',#2776,1.);
#2776 = DIRECTION('',(0.866025403784,0.5,0.));
#2777 = PLANE('',#2778);
#2778 = AXIS2_PLACEMENT_3D('',#2779,#2780,#2781);
#2779 = CARTESIAN_POINT('',(9.999999999999E-02,97.15247486509,0.2));
#2780 = DIRECTION('',(0.353553390593,-0.612372435696,0.707106781187));
#2781 = DIRECTION('',(0.866025403784,0.5,5.551115123126E-17));
#2782 = ADVANCED_FACE('',(#2783),#2801,.F.);
#2783 = FACE_BOUND('',#2784,.F.);
#2784 = EDGE_LOOP('',(#2785,#2793,#2794,#2795));
#2785 = ORIENTED_EDGE('',*,*,#2786,.F.);
#2786 = EDGE_CURVE('',#527,#2787,#2789,.T.);
#2787 = VERTEX_POINT('',#2788);
#2788 = CARTESIAN_POINT('',(-3.32,99.242482839556,0.4));
#2789 = LINE('',#2790,#2791);
#2790 = CARTESIAN_POINT('',(-3.017142857143,99.417337492511,
    0.702857142857));
#2791 = VECTOR('',#2792,1.);
#2792 = DIRECTION('',(0.654653670708,0.377964473009,0.654653670708));
#2793 = ORIENTED_EDGE('',*,*,#526,.T.);
#2794 = ORIENTED_EDGE('',*,*,#2755,.T.);
#2795 = ORIENTED_EDGE('',*,*,#2796,.F.);
#2796 = EDGE_CURVE('',#2787,#2756,#2797,.T.);
#2797 = LINE('',#2798,#2799);
#2798 = CARTESIAN_POINT('',(-3.32,99.242482839556,0.4));
#2799 = VECTOR('',#2800,1.);
#2800 = DIRECTION('',(0.866025403784,-0.5,0.));
#2801 = PLANE('',#2802);
#2802 = AXIS2_PLACEMENT_3D('',#2803,#2804,#2805);
#2803 = CARTESIAN_POINT('',(-3.42,99.069277758799,0.2));
#2804 = DIRECTION('',(-0.353553390593,-0.612372435696,0.707106781187));
#2805 = DIRECTION('',(0.866025403784,-0.5,-8.326672684689E-17));
#2806 = ADVANCED_FACE('',(#2807),#2825,.F.);
#2807 = FACE_BOUND('',#2808,.F.);
#2808 = EDGE_LOOP('',(#2809,#2810,#2811,#2819));
#2809 = ORIENTED_EDGE('',*,*,#2764,.F.);
#2810 = ORIENTED_EDGE('',*,*,#558,.T.);
#2811 = ORIENTED_EDGE('',*,*,#2812,.T.);
#2812 = EDGE_CURVE('',#551,#2813,#2815,.T.);
#2813 = VERTEX_POINT('',#2814);
#2814 = CARTESIAN_POINT('',(3.32,103.07608862697,0.4));
#2815 = LINE('',#2816,#2817);
#2816 = CARTESIAN_POINT('',(3.017142857143,102.90123397402,
    0.702857142857));
#2817 = VECTOR('',#2818,1.);
#2818 = DIRECTION('',(-0.654653670708,-0.377964473009,0.654653670708));
#2819 = ORIENTED_EDGE('',*,*,#2820,.F.);
#2820 = EDGE_CURVE('',#2765,#2813,#2821,.T.);
#2821 = LINE('',#2822,#2823);
#2822 = CARTESIAN_POINT('',(3.32,99.242482839556,0.4));
#2823 = VECTOR('',#2824,1.);
#2824 = DIRECTION('',(0.,1.,0.));
#2825 = PLANE('',#2826);
#2826 = AXIS2_PLACEMENT_3D('',#2827,#2828,#2829);
#2827 = CARTESIAN_POINT('',(3.52,99.242482839556,0.2));
#2828 = DIRECTION('',(0.707106781187,-0.,0.707106781187));
#2829 = DIRECTION('',(0.,1.,0.));
#2830 = ADVANCED_FACE('',(#2831),#2849,.F.);
#2831 = FACE_BOUND('',#2832,.F.);
#2832 = EDGE_LOOP('',(#2833,#2841,#2842,#2843));
#2833 = ORIENTED_EDGE('',*,*,#2834,.F.);
#2834 = EDGE_CURVE('',#535,#2835,#2837,.T.);
#2835 = VERTEX_POINT('',#2836);
#2836 = CARTESIAN_POINT('',(-3.32,103.07608862697,0.4));
#2837 = LINE('',#2838,#2839);
#2838 = CARTESIAN_POINT('',(-3.017142857143,102.90123397402,
    0.702857142857));
#2839 = VECTOR('',#2840,1.);
#2840 = DIRECTION('',(0.654653670708,-0.377964473009,0.654653670708));
#2841 = ORIENTED_EDGE('',*,*,#534,.T.);
#2842 = ORIENTED_EDGE('',*,*,#2786,.T.);
#2843 = ORIENTED_EDGE('',*,*,#2844,.F.);
#2844 = EDGE_CURVE('',#2835,#2787,#2845,.T.);
#2845 = LINE('',#2846,#2847);
#2846 = CARTESIAN_POINT('',(-3.32,103.07608862697,0.4));
#2847 = VECTOR('',#2848,1.);
#2848 = DIRECTION('',(1.2E-16,-1.,0.));
#2849 = PLANE('',#2850);
#2850 = AXIS2_PLACEMENT_3D('',#2851,#2852,#2853);
#2851 = CARTESIAN_POINT('',(-3.52,103.07608862697,0.2));
#2852 = DIRECTION('',(-0.707106781187,-9.E-17,0.707106781187));
#2853 = DIRECTION('',(1.186396103068E-16,-1.,-8.639610306789E-18));
#2854 = ADVANCED_FACE('',(#2855),#2873,.F.);
#2855 = FACE_BOUND('',#2856,.F.);
#2856 = EDGE_LOOP('',(#2857,#2858,#2859,#2867));
#2857 = ORIENTED_EDGE('',*,*,#2812,.F.);
#2858 = ORIENTED_EDGE('',*,*,#550,.T.);
#2859 = ORIENTED_EDGE('',*,*,#2860,.T.);
#2860 = EDGE_CURVE('',#543,#2861,#2863,.T.);
#2861 = VERTEX_POINT('',#2862);
#2862 = CARTESIAN_POINT('',(-3.E-15,104.99289152068,0.4));
#2863 = LINE('',#2864,#2865);
#2864 = CARTESIAN_POINT('',(-1.203E-14,104.64318221477,0.702857142857));
#2865 = VECTOR('',#2866,1.);
#2866 = DIRECTION('',(0.,-0.755928946018,0.654653670708));
#2867 = ORIENTED_EDGE('',*,*,#2868,.F.);
#2868 = EDGE_CURVE('',#2813,#2861,#2869,.T.);
#2869 = LINE('',#2870,#2871);
#2870 = CARTESIAN_POINT('',(3.32,103.07608862697,0.4));
#2871 = VECTOR('',#2872,1.);
#2872 = DIRECTION('',(-0.866025403784,0.5,0.));
#2873 = PLANE('',#2874);
#2874 = AXIS2_PLACEMENT_3D('',#2875,#2876,#2877);
#2875 = CARTESIAN_POINT('',(3.42,103.24929370773,0.2));
#2876 = DIRECTION('',(0.353553390593,0.612372435696,0.707106781187));
#2877 = DIRECTION('',(-0.866025403784,0.5,-5.551115123126E-17));
#2878 = ADVANCED_FACE('',(#2879),#2890,.F.);
#2879 = FACE_BOUND('',#2880,.F.);
#2880 = EDGE_LOOP('',(#2881,#2882,#2883,#2884));
#2881 = ORIENTED_EDGE('',*,*,#2860,.F.);
#2882 = ORIENTED_EDGE('',*,*,#542,.T.);
#2883 = ORIENTED_EDGE('',*,*,#2834,.T.);
#2884 = ORIENTED_EDGE('',*,*,#2885,.F.);
#2885 = EDGE_CURVE('',#2861,#2835,#2886,.T.);
#2886 = LINE('',#2887,#2888);
#2887 = CARTESIAN_POINT('',(0.,104.99289152068,0.4));
#2888 = VECTOR('',#2889,1.);
#2889 = DIRECTION('',(-0.866025403784,-0.5,0.));
#2890 = PLANE('',#2891);
#2891 = AXIS2_PLACEMENT_3D('',#2892,#2893,#2894);
#2892 = CARTESIAN_POINT('',(-0.1,105.16609660144,0.2));
#2893 = DIRECTION('',(-0.353553390593,0.612372435696,0.707106781187));
#2894 = DIRECTION('',(-0.866025403784,-0.5,5.551115123126E-17));
#2895 = ADVANCED_FACE('',(#2896),#2921,.F.);
#2896 = FACE_BOUND('',#2897,.F.);
#2897 = EDGE_LOOP('',(#2898,#2906,#2907,#2915));
#2898 = ORIENTED_EDGE('',*,*,#2899,.F.);
#2899 = EDGE_CURVE('',#567,#2900,#2902,.T.);
#2900 = VERTEX_POINT('',#2901);
#2901 = CARTESIAN_POINT('',(2.E-15,110.76639421258,0.4));
#2902 = LINE('',#2903,#2904);
#2903 = CARTESIAN_POINT('',(-1.E-17,111.11610351849,0.702857142857));
#2904 = VECTOR('',#2905,1.);
#2905 = DIRECTION('',(1.7E-16,0.755928946018,0.654653670708));
#2906 = ORIENTED_EDGE('',*,*,#566,.T.);
#2907 = ORIENTED_EDGE('',*,*,#2908,.T.);
#2908 = EDGE_CURVE('',#569,#2909,#2911,.T.);
#2909 = VERTEX_POINT('',#2910);
#2910 = CARTESIAN_POINT('',(3.32,112.68319710629,0.4));
#2911 = LINE('',#2912,#2913);
#2912 = CARTESIAN_POINT('',(3.017142857143,112.85805175924,
    0.702857142857));
#2913 = VECTOR('',#2914,1.);
#2914 = DIRECTION('',(-0.654653670708,0.377964473009,0.654653670708));
#2915 = ORIENTED_EDGE('',*,*,#2916,.F.);
#2916 = EDGE_CURVE('',#2900,#2909,#2917,.T.);
#2917 = LINE('',#2918,#2919);
#2918 = CARTESIAN_POINT('',(-3.55E-15,110.76639421258,0.4));
#2919 = VECTOR('',#2920,1.);
#2920 = DIRECTION('',(0.866025403784,0.5,0.));
#2921 = PLANE('',#2922);
#2922 = AXIS2_PLACEMENT_3D('',#2923,#2924,#2925);
#2923 = CARTESIAN_POINT('',(1.E-01,110.59318913182,0.2));
#2924 = DIRECTION('',(0.353553390593,-0.612372435696,0.707106781187));
#2925 = DIRECTION('',(0.866025403784,0.5,8.326672684689E-17));
#2926 = ADVANCED_FACE('',(#2927),#2945,.F.);
#2927 = FACE_BOUND('',#2928,.F.);
#2928 = EDGE_LOOP('',(#2929,#2937,#2938,#2939));
#2929 = ORIENTED_EDGE('',*,*,#2930,.F.);
#2930 = EDGE_CURVE('',#577,#2931,#2933,.T.);
#2931 = VERTEX_POINT('',#2932);
#2932 = CARTESIAN_POINT('',(-3.32,112.68319710629,0.4));
#2933 = LINE('',#2934,#2935);
#2934 = CARTESIAN_POINT('',(-3.017142857143,112.85805175924,
    0.702857142857));
#2935 = VECTOR('',#2936,1.);
#2936 = DIRECTION('',(0.654653670708,0.377964473009,0.654653670708));
#2937 = ORIENTED_EDGE('',*,*,#576,.T.);
#2938 = ORIENTED_EDGE('',*,*,#2899,.T.);
#2939 = ORIENTED_EDGE('',*,*,#2940,.F.);
#2940 = EDGE_CURVE('',#2931,#2900,#2941,.T.);
#2941 = LINE('',#2942,#2943);
#2942 = CARTESIAN_POINT('',(-3.32,112.68319710629,0.4));
#2943 = VECTOR('',#2944,1.);
#2944 = DIRECTION('',(0.866025403784,-0.5,0.));
#2945 = PLANE('',#2946);
#2946 = AXIS2_PLACEMENT_3D('',#2947,#2948,#2949);
#2947 = CARTESIAN_POINT('',(-3.42,112.50999202553,0.2));
#2948 = DIRECTION('',(-0.353553390593,-0.612372435696,0.707106781187));
#2949 = DIRECTION('',(0.866025403784,-0.5,2.775557561563E-17));
#2950 = ADVANCED_FACE('',(#2951),#2969,.F.);
#2951 = FACE_BOUND('',#2952,.F.);
#2952 = EDGE_LOOP('',(#2953,#2954,#2955,#2963));
#2953 = ORIENTED_EDGE('',*,*,#2908,.F.);
#2954 = ORIENTED_EDGE('',*,*,#608,.T.);
#2955 = ORIENTED_EDGE('',*,*,#2956,.T.);
#2956 = EDGE_CURVE('',#601,#2957,#2959,.T.);
#2957 = VERTEX_POINT('',#2958);
#2958 = CARTESIAN_POINT('',(3.32,116.51680289371,0.4));
#2959 = LINE('',#2960,#2961);
#2960 = CARTESIAN_POINT('',(3.017142857143,116.34194824075,
    0.702857142857));
#2961 = VECTOR('',#2962,1.);
#2962 = DIRECTION('',(-0.654653670708,-0.377964473009,0.654653670708));
#2963 = ORIENTED_EDGE('',*,*,#2964,.F.);
#2964 = EDGE_CURVE('',#2909,#2957,#2965,.T.);
#2965 = LINE('',#2966,#2967);
#2966 = CARTESIAN_POINT('',(3.32,112.68319710629,0.4));
#2967 = VECTOR('',#2968,1.);
#2968 = DIRECTION('',(-1.2E-16,1.,0.));
#2969 = PLANE('',#2970);
#2970 = AXIS2_PLACEMENT_3D('',#2971,#2972,#2973);
#2971 = CARTESIAN_POINT('',(3.52,112.68319710629,0.2));
#2972 = DIRECTION('',(0.707106781187,6.E-17,0.707106781187));
#2973 = DIRECTION('',(-1.024264068712E-16,1.,1.757359312881E-17));
#2974 = ADVANCED_FACE('',(#2975),#2993,.F.);
#2975 = FACE_BOUND('',#2976,.F.);
#2976 = EDGE_LOOP('',(#2977,#2985,#2986,#2987));
#2977 = ORIENTED_EDGE('',*,*,#2978,.F.);
#2978 = EDGE_CURVE('',#585,#2979,#2981,.T.);
#2979 = VERTEX_POINT('',#2980);
#2980 = CARTESIAN_POINT('',(-3.32,116.51680289371,0.4));
#2981 = LINE('',#2982,#2983);
#2982 = CARTESIAN_POINT('',(-3.017142857143,116.34194824075,
    0.702857142857));
#2983 = VECTOR('',#2984,1.);
#2984 = DIRECTION('',(0.654653670708,-0.377964473009,0.654653670708));
#2985 = ORIENTED_EDGE('',*,*,#584,.T.);
#2986 = ORIENTED_EDGE('',*,*,#2930,.T.);
#2987 = ORIENTED_EDGE('',*,*,#2988,.F.);
#2988 = EDGE_CURVE('',#2979,#2931,#2989,.T.);
#2989 = LINE('',#2990,#2991);
#2990 = CARTESIAN_POINT('',(-3.32,116.51680289371,0.4));
#2991 = VECTOR('',#2992,1.);
#2992 = DIRECTION('',(-1.2E-16,-1.,0.));
#2993 = PLANE('',#2994);
#2994 = AXIS2_PLACEMENT_3D('',#2995,#2996,#2997);
#2995 = CARTESIAN_POINT('',(-3.52,116.51680289371,0.2));
#2996 = DIRECTION('',(-0.707106781187,1.E-16,0.707106781187));
#2997 = DIRECTION('',(-1.307106781187E-16,-1.,1.071067811865E-17));
#2998 = ADVANCED_FACE('',(#2999),#3017,.F.);
#2999 = FACE_BOUND('',#3000,.F.);
#3000 = EDGE_LOOP('',(#3001,#3002,#3003,#3011));
#3001 = ORIENTED_EDGE('',*,*,#2956,.F.);
#3002 = ORIENTED_EDGE('',*,*,#600,.T.);
#3003 = ORIENTED_EDGE('',*,*,#3004,.T.);
#3004 = EDGE_CURVE('',#593,#3005,#3007,.T.);
#3005 = VERTEX_POINT('',#3006);
#3006 = CARTESIAN_POINT('',(1.5E-14,118.43360578741,0.4));
#3007 = LINE('',#3008,#3009);
#3008 = CARTESIAN_POINT('',(-6.6E-16,118.08389648151,0.702857142857));
#3009 = VECTOR('',#3010,1.);
#3010 = DIRECTION('',(0.,-0.755928946018,0.654653670708));
#3011 = ORIENTED_EDGE('',*,*,#3012,.F.);
#3012 = EDGE_CURVE('',#2957,#3005,#3013,.T.);
#3013 = LINE('',#3014,#3015);
#3014 = CARTESIAN_POINT('',(3.32,116.51680289371,0.4));
#3015 = VECTOR('',#3016,1.);
#3016 = DIRECTION('',(-0.866025403784,0.5,0.));
#3017 = PLANE('',#3018);
#3018 = AXIS2_PLACEMENT_3D('',#3019,#3020,#3021);
#3019 = CARTESIAN_POINT('',(3.42,116.69000797446,0.2));
#3020 = DIRECTION('',(0.353553390593,0.612372435696,0.707106781187));
#3021 = DIRECTION('',(-0.866025403784,0.5,-8.326672684689E-17));
#3022 = ADVANCED_FACE('',(#3023),#3034,.F.);
#3023 = FACE_BOUND('',#3024,.F.);
#3024 = EDGE_LOOP('',(#3025,#3026,#3027,#3028));
#3025 = ORIENTED_EDGE('',*,*,#3004,.F.);
#3026 = ORIENTED_EDGE('',*,*,#592,.T.);
#3027 = ORIENTED_EDGE('',*,*,#2978,.T.);
#3028 = ORIENTED_EDGE('',*,*,#3029,.F.);
#3029 = EDGE_CURVE('',#3005,#2979,#3030,.T.);
#3030 = LINE('',#3031,#3032);
#3031 = CARTESIAN_POINT('',(1.78E-15,118.43360578741,0.4));
#3032 = VECTOR('',#3033,1.);
#3033 = DIRECTION('',(-0.866025403784,-0.5,0.));
#3034 = PLANE('',#3035);
#3035 = AXIS2_PLACEMENT_3D('',#3036,#3037,#3038);
#3036 = CARTESIAN_POINT('',(-1.E-01,118.60681086817,0.2));
#3037 = DIRECTION('',(-0.353553390593,0.612372435696,0.707106781187));
#3038 = DIRECTION('',(-0.866025403784,-0.5,1.110223024625E-16));
#3039 = ADVANCED_FACE('',(#3040),#3065,.F.);
#3040 = FACE_BOUND('',#3041,.F.);
#3041 = EDGE_LOOP('',(#3042,#3050,#3051,#3059));
#3042 = ORIENTED_EDGE('',*,*,#3043,.F.);
#3043 = EDGE_CURVE('',#617,#3044,#3046,.T.);
#3044 = VERTEX_POINT('',#3045);
#3045 = CARTESIAN_POINT('',(-3.32,64.377056931554,0.4));
#3046 = LINE('',#3047,#3048);
#3047 = CARTESIAN_POINT('',(-2.408,65.956687268057,1.312));
#3048 = VECTOR('',#3049,1.);
#3049 = DIRECTION('',(0.4472135955,0.774596669241,0.4472135955));
#3050 = ORIENTED_EDGE('',*,*,#616,.T.);
#3051 = ORIENTED_EDGE('',*,*,#3052,.T.);
#3052 = EDGE_CURVE('',#619,#3053,#3055,.T.);
#3053 = VERTEX_POINT('',#3054);
#3054 = CARTESIAN_POINT('',(-0.84,65.808885599144,0.4));
#3055 = LINE('',#3056,#3057);
#3056 = CARTESIAN_POINT('',(-1.022857142857,65.914458219796,
    0.582857142857));
#3057 = VECTOR('',#3058,1.);
#3058 = DIRECTION('',(-0.654653670708,0.377964473009,0.654653670708));
#3059 = ORIENTED_EDGE('',*,*,#3060,.F.);
#3060 = EDGE_CURVE('',#3044,#3053,#3061,.T.);
#3061 = LINE('',#3062,#3063);
#3062 = CARTESIAN_POINT('',(-3.32,64.377056931554,0.4));
#3063 = VECTOR('',#3064,1.);
#3064 = DIRECTION('',(0.866025403784,0.5,0.));
#3065 = PLANE('',#3066);
#3066 = AXIS2_PLACEMENT_3D('',#3067,#3068,#3069);
#3067 = CARTESIAN_POINT('',(-3.22,64.203851850797,0.2));
#3068 = DIRECTION('',(0.353553390593,-0.612372435696,0.707106781187));
#3069 = DIRECTION('',(0.866025403784,0.5,-5.551115123126E-17));
#3070 = ADVANCED_FACE('',(#3071),#3089,.F.);
#3071 = FACE_BOUND('',#3072,.F.);
#3072 = EDGE_LOOP('',(#3073,#3081,#3082,#3083));
#3073 = ORIENTED_EDGE('',*,*,#3074,.F.);
#3074 = EDGE_CURVE('',#627,#3075,#3077,.T.);
#3075 = VERTEX_POINT('',#3076);
#3076 = CARTESIAN_POINT('',(-3.32,70.104371601915,0.4));
#3077 = LINE('',#3078,#3079);
#3078 = CARTESIAN_POINT('',(-2.904,69.383838465966,0.816));
#3079 = VECTOR('',#3080,1.);
#3080 = DIRECTION('',(0.4472135955,-0.774596669241,0.4472135955));
#3081 = ORIENTED_EDGE('',*,*,#626,.T.);
#3082 = ORIENTED_EDGE('',*,*,#3043,.T.);
#3083 = ORIENTED_EDGE('',*,*,#3084,.F.);
#3084 = EDGE_CURVE('',#3075,#3044,#3085,.T.);
#3085 = LINE('',#3086,#3087);
#3086 = CARTESIAN_POINT('',(-3.32,70.104371601915,0.4));
#3087 = VECTOR('',#3088,1.);
#3088 = DIRECTION('',(0.,-1.,0.));
#3089 = PLANE('',#3090);
#3090 = AXIS2_PLACEMENT_3D('',#3091,#3092,#3093);
#3091 = CARTESIAN_POINT('',(-3.52,70.104371601915,0.2));
#3092 = DIRECTION('',(-0.707106781187,0.,0.707106781187));
#3093 = DIRECTION('',(-0.,-1.,0.));
#3094 = ADVANCED_FACE('',(#3095),#3113,.F.);
#3095 = FACE_BOUND('',#3096,.F.);
#3096 = EDGE_LOOP('',(#3097,#3098,#3099,#3107));
#3097 = ORIENTED_EDGE('',*,*,#3052,.F.);
#3098 = ORIENTED_EDGE('',*,*,#642,.T.);
#3099 = ORIENTED_EDGE('',*,*,#3100,.T.);
#3100 = EDGE_CURVE('',#635,#3101,#3103,.T.);
#3101 = VERTEX_POINT('',#3102);
#3102 = CARTESIAN_POINT('',(-0.84,68.672542934325,0.4));
#3103 = LINE('',#3104,#3105);
#3104 = CARTESIAN_POINT('',(-1.022857142857,68.566970313673,
    0.582857142857));
#3105 = VECTOR('',#3106,1.);
#3106 = DIRECTION('',(-0.654653670708,-0.377964473009,0.654653670708));
#3107 = ORIENTED_EDGE('',*,*,#3108,.F.);
#3108 = EDGE_CURVE('',#3053,#3101,#3109,.T.);
#3109 = LINE('',#3110,#3111);
#3110 = CARTESIAN_POINT('',(-0.84,65.808885599144,0.4));
#3111 = VECTOR('',#3112,1.);
#3112 = DIRECTION('',(4.E-17,1.,0.));
#3113 = PLANE('',#3114);
#3114 = AXIS2_PLACEMENT_3D('',#3115,#3116,#3117);
#3115 = CARTESIAN_POINT('',(-0.64,65.808885599144,0.2));
#3116 = DIRECTION('',(0.707106781187,-3.E-17,0.707106781187));
#3117 = DIRECTION('',(4.12132034356E-17,1.,1.213203435596E-18));
#3118 = ADVANCED_FACE('',(#3119),#3130,.F.);
#3119 = FACE_BOUND('',#3120,.F.);
#3120 = EDGE_LOOP('',(#3121,#3122,#3123,#3124));
#3121 = ORIENTED_EDGE('',*,*,#3100,.F.);
#3122 = ORIENTED_EDGE('',*,*,#634,.T.);
#3123 = ORIENTED_EDGE('',*,*,#3074,.T.);
#3124 = ORIENTED_EDGE('',*,*,#3125,.F.);
#3125 = EDGE_CURVE('',#3101,#3075,#3126,.T.);
#3126 = LINE('',#3127,#3128);
#3127 = CARTESIAN_POINT('',(-0.84,68.672542934325,0.4));
#3128 = VECTOR('',#3129,1.);
#3129 = DIRECTION('',(-0.866025403784,0.5,0.));
#3130 = PLANE('',#3131);
#3131 = AXIS2_PLACEMENT_3D('',#3132,#3133,#3134);
#3132 = CARTESIAN_POINT('',(-0.74,68.845748015082,0.2));
#3133 = DIRECTION('',(0.353553390593,0.612372435696,0.707106781187));
#3134 = DIRECTION('',(-0.866025403784,0.5,2.775557561563E-17));
#3135 = ADVANCED_FACE('',(#3136),#3161,.F.);
#3136 = FACE_BOUND('',#3137,.F.);
#3137 = EDGE_LOOP('',(#3138,#3146,#3147,#3155));
#3138 = ORIENTED_EDGE('',*,*,#3139,.F.);
#3139 = EDGE_CURVE('',#651,#3140,#3142,.T.);
#3140 = VERTEX_POINT('',#3141);
#3141 = CARTESIAN_POINT('',(3.32,70.104371601915,0.4));
#3142 = LINE('',#3143,#3144);
#3143 = CARTESIAN_POINT('',(3.4,70.242935666521,0.32));
#3144 = VECTOR('',#3145,1.);
#3145 = DIRECTION('',(-0.4472135955,-0.774596669241,0.4472135955));
#3146 = ORIENTED_EDGE('',*,*,#650,.T.);
#3147 = ORIENTED_EDGE('',*,*,#3148,.T.);
#3148 = EDGE_CURVE('',#653,#3149,#3151,.T.);
#3149 = VERTEX_POINT('',#3150);
#3150 = CARTESIAN_POINT('',(0.84,68.672542934325,0.4));
#3151 = LINE('',#3152,#3153);
#3152 = CARTESIAN_POINT('',(1.022857142857,68.566970313673,
    0.582857142857));
#3153 = VECTOR('',#3154,1.);
#3154 = DIRECTION('',(0.654653670708,-0.377964473009,0.654653670708));
#3155 = ORIENTED_EDGE('',*,*,#3156,.F.);
#3156 = EDGE_CURVE('',#3140,#3149,#3157,.T.);
#3157 = LINE('',#3158,#3159);
#3158 = CARTESIAN_POINT('',(3.32,70.104371601915,0.4));
#3159 = VECTOR('',#3160,1.);
#3160 = DIRECTION('',(-0.866025403784,-0.5,0.));
#3161 = PLANE('',#3162);
#3162 = AXIS2_PLACEMENT_3D('',#3163,#3164,#3165);
#3163 = CARTESIAN_POINT('',(3.22,70.277576682672,0.2));
#3164 = DIRECTION('',(-0.353553390593,0.612372435696,0.707106781187));
#3165 = DIRECTION('',(-0.866025403784,-0.5,0.));
#3166 = ADVANCED_FACE('',(#3167),#3185,.T.);
#3167 = FACE_BOUND('',#3168,.T.);
#3168 = EDGE_LOOP('',(#3169,#3170,#3171,#3179));
#3169 = ORIENTED_EDGE('',*,*,#3139,.F.);
#3170 = ORIENTED_EDGE('',*,*,#660,.T.);
#3171 = ORIENTED_EDGE('',*,*,#3172,.T.);
#3172 = EDGE_CURVE('',#661,#3173,#3175,.T.);
#3173 = VERTEX_POINT('',#3174);
#3174 = CARTESIAN_POINT('',(3.32,64.377056931554,0.4));
#3175 = LINE('',#3176,#3177);
#3176 = CARTESIAN_POINT('',(1.912,66.815784468611,1.808));
#3177 = VECTOR('',#3178,1.);
#3178 = DIRECTION('',(-0.4472135955,0.774596669241,0.4472135955));
#3179 = ORIENTED_EDGE('',*,*,#3180,.F.);
#3180 = EDGE_CURVE('',#3140,#3173,#3181,.T.);
#3181 = LINE('',#3182,#3183);
#3182 = CARTESIAN_POINT('',(3.32,70.104371601915,0.4));
#3183 = VECTOR('',#3184,1.);
#3184 = DIRECTION('',(8.E-17,-1.,0.));
#3185 = PLANE('',#3186);
#3186 = AXIS2_PLACEMENT_3D('',#3187,#3188,#3189);
#3187 = CARTESIAN_POINT('',(3.52,70.104371601915,0.2));
#3188 = DIRECTION('',(-0.707106781187,-3.E-17,-0.707106781187));
#3189 = DIRECTION('',(5.62132034356E-17,-1.,-1.37867965644E-17));
#3190 = ADVANCED_FACE('',(#3191),#3209,.F.);
#3191 = FACE_BOUND('',#3192,.F.);
#3192 = EDGE_LOOP('',(#3193,#3194,#3195,#3203));
#3193 = ORIENTED_EDGE('',*,*,#3148,.F.);
#3194 = ORIENTED_EDGE('',*,*,#676,.T.);
#3195 = ORIENTED_EDGE('',*,*,#3196,.T.);
#3196 = EDGE_CURVE('',#669,#3197,#3199,.T.);
#3197 = VERTEX_POINT('',#3198);
#3198 = CARTESIAN_POINT('',(0.84,65.808885599144,0.4));
#3199 = LINE('',#3200,#3201);
#3200 = CARTESIAN_POINT('',(1.022857142857,65.914458219796,
    0.582857142857));
#3201 = VECTOR('',#3202,1.);
#3202 = DIRECTION('',(0.654653670708,0.377964473009,0.654653670708));
#3203 = ORIENTED_EDGE('',*,*,#3204,.F.);
#3204 = EDGE_CURVE('',#3149,#3197,#3205,.T.);
#3205 = LINE('',#3206,#3207);
#3206 = CARTESIAN_POINT('',(0.84,68.672542934325,0.4));
#3207 = VECTOR('',#3208,1.);
#3208 = DIRECTION('',(4.E-17,-1.,0.));
#3209 = PLANE('',#3210);
#3210 = AXIS2_PLACEMENT_3D('',#3211,#3212,#3213);
#3211 = CARTESIAN_POINT('',(0.64,68.672542934325,0.2));
#3212 = DIRECTION('',(-0.707106781187,-2.E-17,0.707106781187));
#3213 = DIRECTION('',(3.414213562373E-17,-1.,5.857864376269E-18));
#3214 = ADVANCED_FACE('',(#3215),#3226,.F.);
#3215 = FACE_BOUND('',#3216,.F.);
#3216 = EDGE_LOOP('',(#3217,#3218,#3219,#3220));
#3217 = ORIENTED_EDGE('',*,*,#3196,.F.);
#3218 = ORIENTED_EDGE('',*,*,#668,.T.);
#3219 = ORIENTED_EDGE('',*,*,#3172,.T.);
#3220 = ORIENTED_EDGE('',*,*,#3221,.F.);
#3221 = EDGE_CURVE('',#3197,#3173,#3222,.T.);
#3222 = LINE('',#3223,#3224);
#3223 = CARTESIAN_POINT('',(0.84,65.808885599144,0.4));
#3224 = VECTOR('',#3225,1.);
#3225 = DIRECTION('',(0.866025403784,-0.5,0.));
#3226 = PLANE('',#3227);
#3227 = AXIS2_PLACEMENT_3D('',#3228,#3229,#3230);
#3228 = CARTESIAN_POINT('',(0.74,65.635680518387,0.2));
#3229 = DIRECTION('',(-0.353553390593,-0.612372435696,0.707106781187));
#3230 = DIRECTION('',(0.866025403784,-0.5,1.942890293094E-16));
#3231 = ADVANCED_FACE('',(#3232),#3257,.F.);
#3232 = FACE_BOUND('',#3233,.F.);
#3233 = EDGE_LOOP('',(#3234,#3242,#3243,#3251));
#3234 = ORIENTED_EDGE('',*,*,#3235,.F.);
#3235 = EDGE_CURVE('',#685,#3236,#3238,.T.);
#3236 = VERTEX_POINT('',#3237);
#3237 = CARTESIAN_POINT('',(-3.32,50.936342664819,0.4));
#3238 = LINE('',#3239,#3240);
#3239 = CARTESIAN_POINT('',(-2.408,52.515973001322,1.312));
#3240 = VECTOR('',#3241,1.);
#3241 = DIRECTION('',(0.4472135955,0.774596669241,0.4472135955));
#3242 = ORIENTED_EDGE('',*,*,#684,.T.);
#3243 = ORIENTED_EDGE('',*,*,#3244,.T.);
#3244 = EDGE_CURVE('',#687,#3245,#3247,.T.);
#3245 = VERTEX_POINT('',#3246);
#3246 = CARTESIAN_POINT('',(-0.84,52.36817133241,0.4));
#3247 = LINE('',#3248,#3249);
#3248 = CARTESIAN_POINT('',(-1.022857142857,52.473743953062,
    0.582857142857));
#3249 = VECTOR('',#3250,1.);
#3250 = DIRECTION('',(-0.654653670708,0.377964473009,0.654653670708));
#3251 = ORIENTED_EDGE('',*,*,#3252,.F.);
#3252 = EDGE_CURVE('',#3236,#3245,#3253,.T.);
#3253 = LINE('',#3254,#3255);
#3254 = CARTESIAN_POINT('',(-3.32,50.936342664819,0.4));
#3255 = VECTOR('',#3256,1.);
#3256 = DIRECTION('',(0.866025403784,0.5,0.));
#3257 = PLANE('',#3258);
#3258 = AXIS2_PLACEMENT_3D('',#3259,#3260,#3261);
#3259 = CARTESIAN_POINT('',(-3.22,50.763137584063,0.2));
#3260 = DIRECTION('',(0.353553390593,-0.612372435696,0.707106781187));
#3261 = DIRECTION('',(0.866025403784,0.5,-1.387778780781E-16));
#3262 = ADVANCED_FACE('',(#3263),#3281,.F.);
#3263 = FACE_BOUND('',#3264,.F.);
#3264 = EDGE_LOOP('',(#3265,#3273,#3274,#3275));
#3265 = ORIENTED_EDGE('',*,*,#3266,.F.);
#3266 = EDGE_CURVE('',#695,#3267,#3269,.T.);
#3267 = VERTEX_POINT('',#3268);
#3268 = CARTESIAN_POINT('',(-3.32,56.663657335181,0.4));
#3269 = LINE('',#3270,#3271);
#3270 = CARTESIAN_POINT('',(-2.904,55.943124199232,0.816));
#3271 = VECTOR('',#3272,1.);
#3272 = DIRECTION('',(0.4472135955,-0.774596669241,0.4472135955));
#3273 = ORIENTED_EDGE('',*,*,#694,.T.);
#3274 = ORIENTED_EDGE('',*,*,#3235,.T.);
#3275 = ORIENTED_EDGE('',*,*,#3276,.F.);
#3276 = EDGE_CURVE('',#3267,#3236,#3277,.T.);
#3277 = LINE('',#3278,#3279);
#3278 = CARTESIAN_POINT('',(-3.32,56.663657335181,0.4));
#3279 = VECTOR('',#3280,1.);
#3280 = DIRECTION('',(8.E-17,-1.,0.));
#3281 = PLANE('',#3282);
#3282 = AXIS2_PLACEMENT_3D('',#3283,#3284,#3285);
#3283 = CARTESIAN_POINT('',(-3.52,56.663657335181,0.2));
#3284 = DIRECTION('',(-0.707106781187,-6.E-17,0.707106781187));
#3285 = DIRECTION('',(8.242640687119E-17,-1.,-2.426406871193E-18));
#3286 = ADVANCED_FACE('',(#3287),#3305,.F.);
#3287 = FACE_BOUND('',#3288,.F.);
#3288 = EDGE_LOOP('',(#3289,#3290,#3291,#3299));
#3289 = ORIENTED_EDGE('',*,*,#3244,.F.);
#3290 = ORIENTED_EDGE('',*,*,#710,.T.);
#3291 = ORIENTED_EDGE('',*,*,#3292,.T.);
#3292 = EDGE_CURVE('',#703,#3293,#3295,.T.);
#3293 = VERTEX_POINT('',#3294);
#3294 = CARTESIAN_POINT('',(-0.84,55.23182866759,0.4));
#3295 = LINE('',#3296,#3297);
#3296 = CARTESIAN_POINT('',(-1.022857142857,55.126256046938,
    0.582857142857));
#3297 = VECTOR('',#3298,1.);
#3298 = DIRECTION('',(-0.654653670708,-0.377964473009,0.654653670708));
#3299 = ORIENTED_EDGE('',*,*,#3300,.F.);
#3300 = EDGE_CURVE('',#3245,#3293,#3301,.T.);
#3301 = LINE('',#3302,#3303);
#3302 = CARTESIAN_POINT('',(-0.84,52.36817133241,0.4));
#3303 = VECTOR('',#3304,1.);
#3304 = DIRECTION('',(-1.2E-16,1.,0.));
#3305 = PLANE('',#3306);
#3306 = AXIS2_PLACEMENT_3D('',#3307,#3308,#3309);
#3307 = CARTESIAN_POINT('',(-0.64,52.36817133241,0.2));
#3308 = DIRECTION('',(0.707106781187,8.E-17,0.707106781187));
#3309 = DIRECTION('',(-1.115685424949E-16,1.,-1.568542494924E-18));
#3310 = ADVANCED_FACE('',(#3311),#3322,.F.);
#3311 = FACE_BOUND('',#3312,.F.);
#3312 = EDGE_LOOP('',(#3313,#3314,#3315,#3316));
#3313 = ORIENTED_EDGE('',*,*,#3292,.F.);
#3314 = ORIENTED_EDGE('',*,*,#702,.T.);
#3315 = ORIENTED_EDGE('',*,*,#3266,.T.);
#3316 = ORIENTED_EDGE('',*,*,#3317,.F.);
#3317 = EDGE_CURVE('',#3293,#3267,#3318,.T.);
#3318 = LINE('',#3319,#3320);
#3319 = CARTESIAN_POINT('',(-0.84,55.23182866759,0.4));
#3320 = VECTOR('',#3321,1.);
#3321 = DIRECTION('',(-0.866025403784,0.5,0.));
#3322 = PLANE('',#3323);
#3323 = AXIS2_PLACEMENT_3D('',#3324,#3325,#3326);
#3324 = CARTESIAN_POINT('',(-0.74,55.405033748347,0.2));
#3325 = DIRECTION('',(0.353553390593,0.612372435696,0.707106781187));
#3326 = DIRECTION('',(-0.866025403784,0.5,-2.775557561563E-17));
#3327 = ADVANCED_FACE('',(#3328),#3353,.F.);
#3328 = FACE_BOUND('',#3329,.F.);
#3329 = EDGE_LOOP('',(#3330,#3338,#3339,#3347));
#3330 = ORIENTED_EDGE('',*,*,#3331,.F.);
#3331 = EDGE_CURVE('',#719,#3332,#3334,.T.);
#3332 = VERTEX_POINT('',#3333);
#3333 = CARTESIAN_POINT('',(3.32,56.663657335181,0.4));
#3334 = LINE('',#3335,#3336);
#3335 = CARTESIAN_POINT('',(3.4,56.802221399786,0.32));
#3336 = VECTOR('',#3337,1.);
#3337 = DIRECTION('',(-0.4472135955,-0.774596669241,0.4472135955));
#3338 = ORIENTED_EDGE('',*,*,#718,.T.);
#3339 = ORIENTED_EDGE('',*,*,#3340,.T.);
#3340 = EDGE_CURVE('',#721,#3341,#3343,.T.);
#3341 = VERTEX_POINT('',#3342);
#3342 = CARTESIAN_POINT('',(0.84,55.23182866759,0.4));
#3343 = LINE('',#3344,#3345);
#3344 = CARTESIAN_POINT('',(1.022857142857,55.126256046938,
    0.582857142857));
#3345 = VECTOR('',#3346,1.);
#3346 = DIRECTION('',(0.654653670708,-0.377964473009,0.654653670708));
#3347 = ORIENTED_EDGE('',*,*,#3348,.F.);
#3348 = EDGE_CURVE('',#3332,#3341,#3349,.T.);
#3349 = LINE('',#3350,#3351);
#3350 = CARTESIAN_POINT('',(3.32,56.663657335181,0.4));
#3351 = VECTOR('',#3352,1.);
#3352 = DIRECTION('',(-0.866025403784,-0.5,0.));
#3353 = PLANE('',#3354);
#3354 = AXIS2_PLACEMENT_3D('',#3355,#3356,#3357);
#3355 = CARTESIAN_POINT('',(3.22,56.836862415937,0.2));
#3356 = DIRECTION('',(-0.353553390593,0.612372435696,0.707106781187));
#3357 = DIRECTION('',(-0.866025403784,-0.5,2.775557561563E-17));
#3358 = ADVANCED_FACE('',(#3359),#3377,.T.);
#3359 = FACE_BOUND('',#3360,.T.);
#3360 = EDGE_LOOP('',(#3361,#3362,#3363,#3371));
#3361 = ORIENTED_EDGE('',*,*,#3331,.F.);
#3362 = ORIENTED_EDGE('',*,*,#728,.T.);
#3363 = ORIENTED_EDGE('',*,*,#3364,.T.);
#3364 = EDGE_CURVE('',#729,#3365,#3367,.T.);
#3365 = VERTEX_POINT('',#3366);
#3366 = CARTESIAN_POINT('',(3.32,50.936342664819,0.4));
#3367 = LINE('',#3368,#3369);
#3368 = CARTESIAN_POINT('',(1.912,53.375070201876,1.808));
#3369 = VECTOR('',#3370,1.);
#3370 = DIRECTION('',(-0.4472135955,0.774596669241,0.4472135955));
#3371 = ORIENTED_EDGE('',*,*,#3372,.F.);
#3372 = EDGE_CURVE('',#3332,#3365,#3373,.T.);
#3373 = LINE('',#3374,#3375);
#3374 = CARTESIAN_POINT('',(3.32,56.663657335181,0.4));
#3375 = VECTOR('',#3376,1.);
#3376 = DIRECTION('',(-8.E-17,-1.,0.));
#3377 = PLANE('',#3378);
#3378 = AXIS2_PLACEMENT_3D('',#3379,#3380,#3381);
#3379 = CARTESIAN_POINT('',(3.52,56.663657335181,0.2));
#3380 = DIRECTION('',(-0.707106781187,6.E-17,-0.707106781187));
#3381 = DIRECTION('',(-8.242640687119E-17,-1.,-2.426406871193E-18));
#3382 = ADVANCED_FACE('',(#3383),#3401,.F.);
#3383 = FACE_BOUND('',#3384,.F.);
#3384 = EDGE_LOOP('',(#3385,#3386,#3387,#3395));
#3385 = ORIENTED_EDGE('',*,*,#3340,.F.);
#3386 = ORIENTED_EDGE('',*,*,#744,.T.);
#3387 = ORIENTED_EDGE('',*,*,#3388,.T.);
#3388 = EDGE_CURVE('',#737,#3389,#3391,.T.);
#3389 = VERTEX_POINT('',#3390);
#3390 = CARTESIAN_POINT('',(0.84,52.36817133241,0.4));
#3391 = LINE('',#3392,#3393);
#3392 = CARTESIAN_POINT('',(1.022857142857,52.473743953062,
    0.582857142857));
#3393 = VECTOR('',#3394,1.);
#3394 = DIRECTION('',(0.654653670708,0.377964473009,0.654653670708));
#3395 = ORIENTED_EDGE('',*,*,#3396,.F.);
#3396 = EDGE_CURVE('',#3341,#3389,#3397,.T.);
#3397 = LINE('',#3398,#3399);
#3398 = CARTESIAN_POINT('',(0.84,55.23182866759,0.4));
#3399 = VECTOR('',#3400,1.);
#3400 = DIRECTION('',(-1.6E-16,-1.,0.));
#3401 = PLANE('',#3402);
#3402 = AXIS2_PLACEMENT_3D('',#3403,#3404,#3405);
#3403 = CARTESIAN_POINT('',(0.64,55.23182866759,0.2));
#3404 = DIRECTION('',(-0.707106781187,1.1E-16,0.707106781187));
#3405 = DIRECTION('',(-1.577817459305E-16,-1.,-2.21825406948E-18));
#3406 = ADVANCED_FACE('',(#3407),#3418,.F.);
#3407 = FACE_BOUND('',#3408,.F.);
#3408 = EDGE_LOOP('',(#3409,#3410,#3411,#3412));
#3409 = ORIENTED_EDGE('',*,*,#3388,.F.);
#3410 = ORIENTED_EDGE('',*,*,#736,.T.);
#3411 = ORIENTED_EDGE('',*,*,#3364,.T.);
#3412 = ORIENTED_EDGE('',*,*,#3413,.F.);
#3413 = EDGE_CURVE('',#3389,#3365,#3414,.T.);
#3414 = LINE('',#3415,#3416);
#3415 = CARTESIAN_POINT('',(0.84,52.36817133241,0.4));
#3416 = VECTOR('',#3417,1.);
#3417 = DIRECTION('',(0.866025403784,-0.5,0.));
#3418 = PLANE('',#3419);
#3419 = AXIS2_PLACEMENT_3D('',#3420,#3421,#3422);
#3420 = CARTESIAN_POINT('',(0.74,52.194966251653,0.2));
#3421 = DIRECTION('',(-0.353553390593,-0.612372435696,0.707106781187));
#3422 = DIRECTION('',(0.866025403784,-0.5,-2.775557561563E-17));
#3423 = ADVANCED_FACE('',(#3424),#3449,.F.);
#3424 = FACE_BOUND('',#3425,.F.);
#3425 = EDGE_LOOP('',(#3426,#3434,#3435,#3443));
#3426 = ORIENTED_EDGE('',*,*,#3427,.F.);
#3427 = EDGE_CURVE('',#753,#3428,#3430,.T.);
#3428 = VERTEX_POINT('',#3429);
#3429 = CARTESIAN_POINT('',(3.32,43.222943068446,0.4));
#3430 = LINE('',#3431,#3432);
#3431 = CARTESIAN_POINT('',(3.4,43.361507133052,0.32));
#3432 = VECTOR('',#3433,1.);
#3433 = DIRECTION('',(-0.4472135955,-0.774596669241,0.4472135955));
#3434 = ORIENTED_EDGE('',*,*,#752,.T.);
#3435 = ORIENTED_EDGE('',*,*,#3436,.T.);
#3436 = EDGE_CURVE('',#755,#3437,#3439,.T.);
#3437 = VERTEX_POINT('',#3438);
#3438 = CARTESIAN_POINT('',(0.84,41.791114400856,0.4));
#3439 = LINE('',#3440,#3441);
#3440 = CARTESIAN_POINT('',(1.022857142857,41.685541780204,
    0.582857142857));
#3441 = VECTOR('',#3442,1.);
#3442 = DIRECTION('',(0.654653670708,-0.377964473009,0.654653670708));
#3443 = ORIENTED_EDGE('',*,*,#3444,.F.);
#3444 = EDGE_CURVE('',#3428,#3437,#3445,.T.);
#3445 = LINE('',#3446,#3447);
#3446 = CARTESIAN_POINT('',(3.32,43.222943068446,0.4));
#3447 = VECTOR('',#3448,1.);
#3448 = DIRECTION('',(-0.866025403784,-0.5,0.));
#3449 = PLANE('',#3450);
#3450 = AXIS2_PLACEMENT_3D('',#3451,#3452,#3453);
#3451 = CARTESIAN_POINT('',(3.22,43.396148149203,0.2));
#3452 = DIRECTION('',(-0.353553390593,0.612372435696,0.707106781187));
#3453 = DIRECTION('',(-0.866025403784,-0.5,1.387778780781E-16));
#3454 = ADVANCED_FACE('',(#3455),#3473,.T.);
#3455 = FACE_BOUND('',#3456,.T.);
#3456 = EDGE_LOOP('',(#3457,#3458,#3459,#3467));
#3457 = ORIENTED_EDGE('',*,*,#3427,.F.);
#3458 = ORIENTED_EDGE('',*,*,#762,.T.);
#3459 = ORIENTED_EDGE('',*,*,#3460,.T.);
#3460 = EDGE_CURVE('',#763,#3461,#3463,.T.);
#3461 = VERTEX_POINT('',#3462);
#3462 = CARTESIAN_POINT('',(3.32,37.495628398085,0.4));
#3463 = LINE('',#3464,#3465);
#3464 = CARTESIAN_POINT('',(1.912,39.934355935142,1.808));
#3465 = VECTOR('',#3466,1.);
#3466 = DIRECTION('',(-0.4472135955,0.774596669241,0.4472135955));
#3467 = ORIENTED_EDGE('',*,*,#3468,.F.);
#3468 = EDGE_CURVE('',#3428,#3461,#3469,.T.);
#3469 = LINE('',#3470,#3471);
#3470 = CARTESIAN_POINT('',(3.32,43.222943068446,0.4));
#3471 = VECTOR('',#3472,1.);
#3472 = DIRECTION('',(0.,-1.,0.));
#3473 = PLANE('',#3474);
#3474 = AXIS2_PLACEMENT_3D('',#3475,#3476,#3477);
#3475 = CARTESIAN_POINT('',(3.52,43.222943068446,0.2));
#3476 = DIRECTION('',(-0.707106781187,-0.,-0.707106781187));
#3477 = DIRECTION('',(0.,-1.,0.));
#3478 = ADVANCED_FACE('',(#3479),#3497,.F.);
#3479 = FACE_BOUND('',#3480,.F.);
#3480 = EDGE_LOOP('',(#3481,#3482,#3483,#3491));
#3481 = ORIENTED_EDGE('',*,*,#3436,.F.);
#3482 = ORIENTED_EDGE('',*,*,#778,.T.);
#3483 = ORIENTED_EDGE('',*,*,#3484,.T.);
#3484 = EDGE_CURVE('',#771,#3485,#3487,.T.);
#3485 = VERTEX_POINT('',#3486);
#3486 = CARTESIAN_POINT('',(0.84,38.927457065675,0.4));
#3487 = LINE('',#3488,#3489);
#3488 = CARTESIAN_POINT('',(1.022857142857,39.033029686327,
    0.582857142857));
#3489 = VECTOR('',#3490,1.);
#3490 = DIRECTION('',(0.654653670708,0.377964473009,0.654653670708));
#3491 = ORIENTED_EDGE('',*,*,#3492,.F.);
#3492 = EDGE_CURVE('',#3437,#3485,#3493,.T.);
#3493 = LINE('',#3494,#3495);
#3494 = CARTESIAN_POINT('',(0.84,41.791114400856,0.4));
#3495 = VECTOR('',#3496,1.);
#3496 = DIRECTION('',(1.6E-16,-1.,0.));
#3497 = PLANE('',#3498);
#3498 = AXIS2_PLACEMENT_3D('',#3499,#3500,#3501);
#3499 = CARTESIAN_POINT('',(0.64,41.791114400856,0.2));
#3500 = DIRECTION('',(-0.707106781187,-1.1E-16,0.707106781187));
#3501 = DIRECTION('',(1.527817459305E-16,-1.,-2.78174593052E-18));
#3502 = ADVANCED_FACE('',(#3503),#3514,.F.);
#3503 = FACE_BOUND('',#3504,.F.);
#3504 = EDGE_LOOP('',(#3505,#3506,#3507,#3508));
#3505 = ORIENTED_EDGE('',*,*,#3484,.F.);
#3506 = ORIENTED_EDGE('',*,*,#770,.T.);
#3507 = ORIENTED_EDGE('',*,*,#3460,.T.);
#3508 = ORIENTED_EDGE('',*,*,#3509,.F.);
#3509 = EDGE_CURVE('',#3485,#3461,#3510,.T.);
#3510 = LINE('',#3511,#3512);
#3511 = CARTESIAN_POINT('',(0.84,38.927457065675,0.4));
#3512 = VECTOR('',#3513,1.);
#3513 = DIRECTION('',(0.866025403784,-0.5,0.));
#3514 = PLANE('',#3515);
#3515 = AXIS2_PLACEMENT_3D('',#3516,#3517,#3518);
#3516 = CARTESIAN_POINT('',(0.74,38.754251984918,0.2));
#3517 = DIRECTION('',(-0.353553390593,-0.612372435696,0.707106781187));
#3518 = DIRECTION('',(0.866025403784,-0.5,-2.775557561563E-17));
#3519 = ADVANCED_FACE('',(#3520),#3545,.F.);
#3520 = FACE_BOUND('',#3521,.F.);
#3521 = EDGE_LOOP('',(#3522,#3530,#3531,#3539));
#3522 = ORIENTED_EDGE('',*,*,#3523,.F.);
#3523 = EDGE_CURVE('',#787,#3524,#3526,.T.);
#3524 = VERTEX_POINT('',#3525);
#3525 = CARTESIAN_POINT('',(-3.32,37.495628398085,0.4));
#3526 = LINE('',#3527,#3528);
#3527 = CARTESIAN_POINT('',(-2.408,39.075258734588,1.312));
#3528 = VECTOR('',#3529,1.);
#3529 = DIRECTION('',(0.4472135955,0.774596669241,0.4472135955));
#3530 = ORIENTED_EDGE('',*,*,#786,.T.);
#3531 = ORIENTED_EDGE('',*,*,#3532,.T.);
#3532 = EDGE_CURVE('',#789,#3533,#3535,.T.);
#3533 = VERTEX_POINT('',#3534);
#3534 = CARTESIAN_POINT('',(-0.84,38.927457065675,0.4));
#3535 = LINE('',#3536,#3537);
#3536 = CARTESIAN_POINT('',(-1.022857142857,39.033029686327,
    0.582857142857));
#3537 = VECTOR('',#3538,1.);
#3538 = DIRECTION('',(-0.654653670708,0.377964473009,0.654653670708));
#3539 = ORIENTED_EDGE('',*,*,#3540,.F.);
#3540 = EDGE_CURVE('',#3524,#3533,#3541,.T.);
#3541 = LINE('',#3542,#3543);
#3542 = CARTESIAN_POINT('',(-3.32,37.495628398085,0.4));
#3543 = VECTOR('',#3544,1.);
#3544 = DIRECTION('',(0.866025403784,0.5,0.));
#3545 = PLANE('',#3546);
#3546 = AXIS2_PLACEMENT_3D('',#3547,#3548,#3549);
#3547 = CARTESIAN_POINT('',(-3.22,37.322423317328,0.2));
#3548 = DIRECTION('',(0.353553390593,-0.612372435696,0.707106781187));
#3549 = DIRECTION('',(0.866025403784,0.5,-1.387778780781E-16));
#3550 = ADVANCED_FACE('',(#3551),#3569,.F.);
#3551 = FACE_BOUND('',#3552,.F.);
#3552 = EDGE_LOOP('',(#3553,#3561,#3562,#3563));
#3553 = ORIENTED_EDGE('',*,*,#3554,.F.);
#3554 = EDGE_CURVE('',#797,#3555,#3557,.T.);
#3555 = VERTEX_POINT('',#3556);
#3556 = CARTESIAN_POINT('',(-3.32,43.222943068446,0.4));
#3557 = LINE('',#3558,#3559);
#3558 = CARTESIAN_POINT('',(-2.904,42.502409932497,0.816));
#3559 = VECTOR('',#3560,1.);
#3560 = DIRECTION('',(0.4472135955,-0.774596669241,0.4472135955));
#3561 = ORIENTED_EDGE('',*,*,#796,.T.);
#3562 = ORIENTED_EDGE('',*,*,#3523,.T.);
#3563 = ORIENTED_EDGE('',*,*,#3564,.F.);
#3564 = EDGE_CURVE('',#3555,#3524,#3565,.T.);
#3565 = LINE('',#3566,#3567);
#3566 = CARTESIAN_POINT('',(-3.32,43.222943068446,0.4));
#3567 = VECTOR('',#3568,1.);
#3568 = DIRECTION('',(-8.E-17,-1.,0.));
#3569 = PLANE('',#3570);
#3570 = AXIS2_PLACEMENT_3D('',#3571,#3572,#3573);
#3571 = CARTESIAN_POINT('',(-3.52,43.222943068446,0.2));
#3572 = DIRECTION('',(-0.707106781187,7.E-17,0.707106781187));
#3573 = DIRECTION('',(-8.949747468306E-17,-1.,9.497474683058E-18));
#3574 = ADVANCED_FACE('',(#3575),#3593,.F.);
#3575 = FACE_BOUND('',#3576,.F.);
#3576 = EDGE_LOOP('',(#3577,#3578,#3579,#3587));
#3577 = ORIENTED_EDGE('',*,*,#3532,.F.);
#3578 = ORIENTED_EDGE('',*,*,#812,.T.);
#3579 = ORIENTED_EDGE('',*,*,#3580,.T.);
#3580 = EDGE_CURVE('',#805,#3581,#3583,.T.);
#3581 = VERTEX_POINT('',#3582);
#3582 = CARTESIAN_POINT('',(-0.84,41.791114400856,0.4));
#3583 = LINE('',#3584,#3585);
#3584 = CARTESIAN_POINT('',(-1.022857142857,41.685541780204,
    0.582857142857));
#3585 = VECTOR('',#3586,1.);
#3586 = DIRECTION('',(-0.654653670708,-0.377964473009,0.654653670708));
#3587 = ORIENTED_EDGE('',*,*,#3588,.F.);
#3588 = EDGE_CURVE('',#3533,#3581,#3589,.T.);
#3589 = LINE('',#3590,#3591);
#3590 = CARTESIAN_POINT('',(-0.84,38.927457065675,0.4));
#3591 = VECTOR('',#3592,1.);
#3592 = DIRECTION('',(8.E-17,1.,0.));
#3593 = PLANE('',#3594);
#3594 = AXIS2_PLACEMENT_3D('',#3595,#3596,#3597);
#3595 = CARTESIAN_POINT('',(-0.64,38.927457065675,0.2));
#3596 = DIRECTION('',(0.707106781187,-6.E-17,0.707106781187));
#3597 = DIRECTION('',(8.242640687119E-17,1.,2.426406871193E-18));
#3598 = ADVANCED_FACE('',(#3599),#3610,.F.);
#3599 = FACE_BOUND('',#3600,.F.);
#3600 = EDGE_LOOP('',(#3601,#3602,#3603,#3604));
#3601 = ORIENTED_EDGE('',*,*,#3580,.F.);
#3602 = ORIENTED_EDGE('',*,*,#804,.T.);
#3603 = ORIENTED_EDGE('',*,*,#3554,.T.);
#3604 = ORIENTED_EDGE('',*,*,#3605,.F.);
#3605 = EDGE_CURVE('',#3581,#3555,#3606,.T.);
#3606 = LINE('',#3607,#3608);
#3607 = CARTESIAN_POINT('',(-0.84,41.791114400856,0.4));
#3608 = VECTOR('',#3609,1.);
#3609 = DIRECTION('',(-0.866025403784,0.5,0.));
#3610 = PLANE('',#3611);
#3611 = AXIS2_PLACEMENT_3D('',#3612,#3613,#3614);
#3612 = CARTESIAN_POINT('',(-0.74,41.964319481613,0.2));
#3613 = DIRECTION('',(0.353553390593,0.612372435696,0.707106781187));
#3614 = DIRECTION('',(-0.866025403784,0.5,-2.775557561563E-17));
#3615 = ADVANCED_FACE('',(#3616),#3641,.F.);
#3616 = FACE_BOUND('',#3617,.F.);
#3617 = EDGE_LOOP('',(#3618,#3626,#3627,#3635));
#3618 = ORIENTED_EDGE('',*,*,#3619,.F.);
#3619 = EDGE_CURVE('',#821,#3620,#3622,.T.);
#3620 = VERTEX_POINT('',#3621);
#3621 = CARTESIAN_POINT('',(3.32,29.782228801712,0.4));
#3622 = LINE('',#3623,#3624);
#3623 = CARTESIAN_POINT('',(3.4,29.920792866317,0.32));
#3624 = VECTOR('',#3625,1.);
#3625 = DIRECTION('',(-0.4472135955,-0.774596669241,0.4472135955));
#3626 = ORIENTED_EDGE('',*,*,#820,.T.);
#3627 = ORIENTED_EDGE('',*,*,#3628,.T.);
#3628 = EDGE_CURVE('',#823,#3629,#3631,.T.);
#3629 = VERTEX_POINT('',#3630);
#3630 = CARTESIAN_POINT('',(0.84,28.350400134121,0.4));
#3631 = LINE('',#3632,#3633);
#3632 = CARTESIAN_POINT('',(1.022857142857,28.244827513469,
    0.582857142857));
#3633 = VECTOR('',#3634,1.);
#3634 = DIRECTION('',(0.654653670708,-0.377964473009,0.654653670708));
#3635 = ORIENTED_EDGE('',*,*,#3636,.F.);
#3636 = EDGE_CURVE('',#3620,#3629,#3637,.T.);
#3637 = LINE('',#3638,#3639);
#3638 = CARTESIAN_POINT('',(3.32,29.782228801712,0.4));
#3639 = VECTOR('',#3640,1.);
#3640 = DIRECTION('',(-0.866025403784,-0.5,0.));
#3641 = PLANE('',#3642);
#3642 = AXIS2_PLACEMENT_3D('',#3643,#3644,#3645);
#3643 = CARTESIAN_POINT('',(3.22,29.955433882468,0.2));
#3644 = DIRECTION('',(-0.353553390593,0.612372435696,0.707106781187));
#3645 = DIRECTION('',(-0.866025403784,-0.5,-5.551115123126E-17));
#3646 = ADVANCED_FACE('',(#3647),#3665,.T.);
#3647 = FACE_BOUND('',#3648,.T.);
#3648 = EDGE_LOOP('',(#3649,#3650,#3651,#3659));
#3649 = ORIENTED_EDGE('',*,*,#3619,.F.);
#3650 = ORIENTED_EDGE('',*,*,#830,.T.);
#3651 = ORIENTED_EDGE('',*,*,#3652,.T.);
#3652 = EDGE_CURVE('',#831,#3653,#3655,.T.);
#3653 = VERTEX_POINT('',#3654);
#3654 = CARTESIAN_POINT('',(3.32,24.054914131351,0.4));
#3655 = LINE('',#3656,#3657);
#3656 = CARTESIAN_POINT('',(1.912,26.493641668407,1.808));
#3657 = VECTOR('',#3658,1.);
#3658 = DIRECTION('',(-0.4472135955,0.774596669241,0.4472135955));
#3659 = ORIENTED_EDGE('',*,*,#3660,.F.);
#3660 = EDGE_CURVE('',#3620,#3653,#3661,.T.);
#3661 = LINE('',#3662,#3663);
#3662 = CARTESIAN_POINT('',(3.32,29.782228801712,0.4));
#3663 = VECTOR('',#3664,1.);
#3664 = DIRECTION('',(0.,-1.,0.));
#3665 = PLANE('',#3666);
#3666 = AXIS2_PLACEMENT_3D('',#3667,#3668,#3669);
#3667 = CARTESIAN_POINT('',(3.52,29.782228801712,0.2));
#3668 = DIRECTION('',(-0.707106781187,-0.,-0.707106781187));
#3669 = DIRECTION('',(0.,-1.,0.));
#3670 = ADVANCED_FACE('',(#3671),#3689,.F.);
#3671 = FACE_BOUND('',#3672,.F.);
#3672 = EDGE_LOOP('',(#3673,#3674,#3675,#3683));
#3673 = ORIENTED_EDGE('',*,*,#3628,.F.);
#3674 = ORIENTED_EDGE('',*,*,#846,.T.);
#3675 = ORIENTED_EDGE('',*,*,#3676,.T.);
#3676 = EDGE_CURVE('',#839,#3677,#3679,.T.);
#3677 = VERTEX_POINT('',#3678);
#3678 = CARTESIAN_POINT('',(0.84,25.486742798941,0.4));
#3679 = LINE('',#3680,#3681);
#3680 = CARTESIAN_POINT('',(1.022857142857,25.592315419593,
    0.582857142857));
#3681 = VECTOR('',#3682,1.);
#3682 = DIRECTION('',(0.654653670708,0.377964473009,0.654653670708));
#3683 = ORIENTED_EDGE('',*,*,#3684,.F.);
#3684 = EDGE_CURVE('',#3629,#3677,#3685,.T.);
#3685 = LINE('',#3686,#3687);
#3686 = CARTESIAN_POINT('',(0.84,28.350400134121,0.4));
#3687 = VECTOR('',#3688,1.);
#3688 = DIRECTION('',(4.E-17,-1.,0.));
#3689 = PLANE('',#3690);
#3690 = AXIS2_PLACEMENT_3D('',#3691,#3692,#3693);
#3691 = CARTESIAN_POINT('',(0.64,28.350400134121,0.2));
#3692 = DIRECTION('',(-0.707106781187,-2.E-17,0.707106781187));
#3693 = DIRECTION('',(3.414213562373E-17,-1.,5.857864376269E-18));
#3694 = ADVANCED_FACE('',(#3695),#3706,.F.);
#3695 = FACE_BOUND('',#3696,.F.);
#3696 = EDGE_LOOP('',(#3697,#3698,#3699,#3700));
#3697 = ORIENTED_EDGE('',*,*,#3676,.F.);
#3698 = ORIENTED_EDGE('',*,*,#838,.T.);
#3699 = ORIENTED_EDGE('',*,*,#3652,.T.);
#3700 = ORIENTED_EDGE('',*,*,#3701,.F.);
#3701 = EDGE_CURVE('',#3677,#3653,#3702,.T.);
#3702 = LINE('',#3703,#3704);
#3703 = CARTESIAN_POINT('',(0.84,25.486742798941,0.4));
#3704 = VECTOR('',#3705,1.);
#3705 = DIRECTION('',(0.866025403784,-0.5,0.));
#3706 = PLANE('',#3707);
#3707 = AXIS2_PLACEMENT_3D('',#3708,#3709,#3710);
#3708 = CARTESIAN_POINT('',(0.74,25.313537718184,0.2));
#3709 = DIRECTION('',(-0.353553390593,-0.612372435696,0.707106781187));
#3710 = DIRECTION('',(0.866025403784,-0.5,-2.775557561563E-17));
#3711 = ADVANCED_FACE('',(#3712),#3737,.F.);
#3712 = FACE_BOUND('',#3713,.F.);
#3713 = EDGE_LOOP('',(#3714,#3722,#3723,#3731));
#3714 = ORIENTED_EDGE('',*,*,#3715,.F.);
#3715 = EDGE_CURVE('',#855,#3716,#3718,.T.);
#3716 = VERTEX_POINT('',#3717);
#3717 = CARTESIAN_POINT('',(-3.32,24.054914131351,0.4));
#3718 = LINE('',#3719,#3720);
#3719 = CARTESIAN_POINT('',(-2.408,25.634544467853,1.312));
#3720 = VECTOR('',#3721,1.);
#3721 = DIRECTION('',(0.4472135955,0.774596669241,0.4472135955));
#3722 = ORIENTED_EDGE('',*,*,#854,.T.);
#3723 = ORIENTED_EDGE('',*,*,#3724,.T.);
#3724 = EDGE_CURVE('',#857,#3725,#3727,.T.);
#3725 = VERTEX_POINT('',#3726);
#3726 = CARTESIAN_POINT('',(-0.84,25.486742798941,0.4));
#3727 = LINE('',#3728,#3729);
#3728 = CARTESIAN_POINT('',(-1.022857142857,25.592315419593,
    0.582857142857));
#3729 = VECTOR('',#3730,1.);
#3730 = DIRECTION('',(-0.654653670708,0.377964473009,0.654653670708));
#3731 = ORIENTED_EDGE('',*,*,#3732,.F.);
#3732 = EDGE_CURVE('',#3716,#3725,#3733,.T.);
#3733 = LINE('',#3734,#3735);
#3734 = CARTESIAN_POINT('',(-3.32,24.054914131351,0.4));
#3735 = VECTOR('',#3736,1.);
#3736 = DIRECTION('',(0.866025403784,0.5,0.));
#3737 = PLANE('',#3738);
#3738 = AXIS2_PLACEMENT_3D('',#3739,#3740,#3741);
#3739 = CARTESIAN_POINT('',(-3.22,23.881709050594,0.2));
#3740 = DIRECTION('',(0.353553390593,-0.612372435696,0.707106781187));
#3741 = DIRECTION('',(0.866025403784,0.5,1.110223024625E-16));
#3742 = ADVANCED_FACE('',(#3743),#3761,.F.);
#3743 = FACE_BOUND('',#3744,.F.);
#3744 = EDGE_LOOP('',(#3745,#3753,#3754,#3755));
#3745 = ORIENTED_EDGE('',*,*,#3746,.F.);
#3746 = EDGE_CURVE('',#865,#3747,#3749,.T.);
#3747 = VERTEX_POINT('',#3748);
#3748 = CARTESIAN_POINT('',(-3.32,29.782228801712,0.4));
#3749 = LINE('',#3750,#3751);
#3750 = CARTESIAN_POINT('',(-2.904,29.061695665763,0.816));
#3751 = VECTOR('',#3752,1.);
#3752 = DIRECTION('',(0.4472135955,-0.774596669241,0.4472135955));
#3753 = ORIENTED_EDGE('',*,*,#864,.T.);
#3754 = ORIENTED_EDGE('',*,*,#3715,.T.);
#3755 = ORIENTED_EDGE('',*,*,#3756,.F.);
#3756 = EDGE_CURVE('',#3747,#3716,#3757,.T.);
#3757 = LINE('',#3758,#3759);
#3758 = CARTESIAN_POINT('',(-3.32,29.782228801712,0.4));
#3759 = VECTOR('',#3760,1.);
#3760 = DIRECTION('',(1.6E-16,-1.,0.));
#3761 = PLANE('',#3762);
#3762 = AXIS2_PLACEMENT_3D('',#3763,#3764,#3765);
#3763 = CARTESIAN_POINT('',(-3.52,29.782228801712,0.2));
#3764 = DIRECTION('',(-0.707106781187,-1.2E-16,0.707106781187));
#3765 = DIRECTION('',(1.598528137424E-16,-1.,-9.852813742386E-18));
#3766 = ADVANCED_FACE('',(#3767),#3785,.F.);
#3767 = FACE_BOUND('',#3768,.F.);
#3768 = EDGE_LOOP('',(#3769,#3770,#3771,#3779));
#3769 = ORIENTED_EDGE('',*,*,#3724,.F.);
#3770 = ORIENTED_EDGE('',*,*,#880,.T.);
#3771 = ORIENTED_EDGE('',*,*,#3772,.T.);
#3772 = EDGE_CURVE('',#873,#3773,#3775,.T.);
#3773 = VERTEX_POINT('',#3774);
#3774 = CARTESIAN_POINT('',(-0.84,28.350400134121,0.4));
#3775 = LINE('',#3776,#3777);
#3776 = CARTESIAN_POINT('',(-1.022857142857,28.244827513469,
    0.582857142857));
#3777 = VECTOR('',#3778,1.);
#3778 = DIRECTION('',(-0.654653670708,-0.377964473009,0.654653670708));
#3779 = ORIENTED_EDGE('',*,*,#3780,.F.);
#3780 = EDGE_CURVE('',#3725,#3773,#3781,.T.);
#3781 = LINE('',#3782,#3783);
#3782 = CARTESIAN_POINT('',(-0.84,25.486742798941,0.4));
#3783 = VECTOR('',#3784,1.);
#3784 = DIRECTION('',(-3.1E-16,1.,0.));
#3785 = PLANE('',#3786);
#3786 = AXIS2_PLACEMENT_3D('',#3787,#3788,#3789);
#3787 = CARTESIAN_POINT('',(-0.64,25.486742798941,0.2));
#3788 = DIRECTION('',(0.707106781187,2.2E-16,0.707106781187));
#3789 = DIRECTION('',(-3.10563491861E-16,1.,-5.634918610404E-19));
#3790 = ADVANCED_FACE('',(#3791),#3802,.F.);
#3791 = FACE_BOUND('',#3792,.F.);
#3792 = EDGE_LOOP('',(#3793,#3794,#3795,#3796));
#3793 = ORIENTED_EDGE('',*,*,#3772,.F.);
#3794 = ORIENTED_EDGE('',*,*,#872,.T.);
#3795 = ORIENTED_EDGE('',*,*,#3746,.T.);
#3796 = ORIENTED_EDGE('',*,*,#3797,.F.);
#3797 = EDGE_CURVE('',#3773,#3747,#3798,.T.);
#3798 = LINE('',#3799,#3800);
#3799 = CARTESIAN_POINT('',(-0.84,28.350400134121,0.4));
#3800 = VECTOR('',#3801,1.);
#3801 = DIRECTION('',(-0.866025403784,0.5,0.));
#3802 = PLANE('',#3803);
#3803 = AXIS2_PLACEMENT_3D('',#3804,#3805,#3806);
#3804 = CARTESIAN_POINT('',(-0.74,28.523605214878,0.2));
#3805 = DIRECTION('',(0.353553390593,0.612372435696,0.707106781187));
#3806 = DIRECTION('',(-0.866025403784,0.5,0.));
#3807 = ADVANCED_FACE('',(#3808),#3833,.F.);
#3808 = FACE_BOUND('',#3809,.F.);
#3809 = EDGE_LOOP('',(#3810,#3818,#3819,#3827));
#3810 = ORIENTED_EDGE('',*,*,#3811,.F.);
#3811 = EDGE_CURVE('',#889,#3812,#3814,.T.);
#3812 = VERTEX_POINT('',#3813);
#3813 = CARTESIAN_POINT('',(-3.32,77.817771198288,0.4));
#3814 = LINE('',#3815,#3816);
#3815 = CARTESIAN_POINT('',(-2.408,79.397401534791,1.312));
#3816 = VECTOR('',#3817,1.);
#3817 = DIRECTION('',(0.4472135955,0.774596669241,0.4472135955));
#3818 = ORIENTED_EDGE('',*,*,#888,.T.);
#3819 = ORIENTED_EDGE('',*,*,#3820,.T.);
#3820 = EDGE_CURVE('',#891,#3821,#3823,.T.);
#3821 = VERTEX_POINT('',#3822);
#3822 = CARTESIAN_POINT('',(-0.84,79.249599865879,0.4));
#3823 = LINE('',#3824,#3825);
#3824 = CARTESIAN_POINT('',(-1.022857142857,79.35517248653,
    0.582857142857));
#3825 = VECTOR('',#3826,1.);
#3826 = DIRECTION('',(-0.654653670708,0.377964473009,0.654653670708));
#3827 = ORIENTED_EDGE('',*,*,#3828,.F.);
#3828 = EDGE_CURVE('',#3812,#3821,#3829,.T.);
#3829 = LINE('',#3830,#3831);
#3830 = CARTESIAN_POINT('',(-3.32,77.817771198288,0.4));
#3831 = VECTOR('',#3832,1.);
#3832 = DIRECTION('',(0.866025403784,0.5,0.));
#3833 = PLANE('',#3834);
#3834 = AXIS2_PLACEMENT_3D('',#3835,#3836,#3837);
#3835 = CARTESIAN_POINT('',(-3.22,77.644566117532,0.2));
#3836 = DIRECTION('',(0.353553390593,-0.612372435696,0.707106781187));
#3837 = DIRECTION('',(0.866025403784,0.5,-5.551115123126E-17));
#3838 = ADVANCED_FACE('',(#3839),#3857,.F.);
#3839 = FACE_BOUND('',#3840,.F.);
#3840 = EDGE_LOOP('',(#3841,#3849,#3850,#3851));
#3841 = ORIENTED_EDGE('',*,*,#3842,.F.);
#3842 = EDGE_CURVE('',#899,#3843,#3845,.T.);
#3843 = VERTEX_POINT('',#3844);
#3844 = CARTESIAN_POINT('',(-3.32,83.545085868649,0.4));
#3845 = LINE('',#3846,#3847);
#3846 = CARTESIAN_POINT('',(-2.904,82.824552732701,0.816));
#3847 = VECTOR('',#3848,1.);
#3848 = DIRECTION('',(0.4472135955,-0.774596669241,0.4472135955));
#3849 = ORIENTED_EDGE('',*,*,#898,.T.);
#3850 = ORIENTED_EDGE('',*,*,#3811,.T.);
#3851 = ORIENTED_EDGE('',*,*,#3852,.F.);
#3852 = EDGE_CURVE('',#3843,#3812,#3853,.T.);
#3853 = LINE('',#3854,#3855);
#3854 = CARTESIAN_POINT('',(-3.32,83.545085868649,0.4));
#3855 = VECTOR('',#3856,1.);
#3856 = DIRECTION('',(0.,-1.,0.));
#3857 = PLANE('',#3858);
#3858 = AXIS2_PLACEMENT_3D('',#3859,#3860,#3861);
#3859 = CARTESIAN_POINT('',(-3.52,83.545085868649,0.2));
#3860 = DIRECTION('',(-0.707106781187,0.,0.707106781187));
#3861 = DIRECTION('',(-0.,-1.,0.));
#3862 = ADVANCED_FACE('',(#3863),#3881,.F.);
#3863 = FACE_BOUND('',#3864,.F.);
#3864 = EDGE_LOOP('',(#3865,#3866,#3867,#3875));
#3865 = ORIENTED_EDGE('',*,*,#3820,.F.);
#3866 = ORIENTED_EDGE('',*,*,#914,.T.);
#3867 = ORIENTED_EDGE('',*,*,#3868,.T.);
#3868 = EDGE_CURVE('',#907,#3869,#3871,.T.);
#3869 = VERTEX_POINT('',#3870);
#3870 = CARTESIAN_POINT('',(-0.84,82.113257201059,0.4));
#3871 = LINE('',#3872,#3873);
#3872 = CARTESIAN_POINT('',(-1.022857142857,82.007684580407,
    0.582857142857));
#3873 = VECTOR('',#3874,1.);
#3874 = DIRECTION('',(-0.654653670708,-0.377964473009,0.654653670708));
#3875 = ORIENTED_EDGE('',*,*,#3876,.F.);
#3876 = EDGE_CURVE('',#3821,#3869,#3877,.T.);
#3877 = LINE('',#3878,#3879);
#3878 = CARTESIAN_POINT('',(-0.84,79.249599865879,0.4));
#3879 = VECTOR('',#3880,1.);
#3880 = DIRECTION('',(0.,1.,0.));
#3881 = PLANE('',#3882);
#3882 = AXIS2_PLACEMENT_3D('',#3883,#3884,#3885);
#3883 = CARTESIAN_POINT('',(-0.64,79.249599865879,0.2));
#3884 = DIRECTION('',(0.707106781187,0.,0.707106781187));
#3885 = DIRECTION('',(-0.,1.,0.));
#3886 = ADVANCED_FACE('',(#3887),#3898,.F.);
#3887 = FACE_BOUND('',#3888,.F.);
#3888 = EDGE_LOOP('',(#3889,#3890,#3891,#3892));
#3889 = ORIENTED_EDGE('',*,*,#3868,.F.);
#3890 = ORIENTED_EDGE('',*,*,#906,.T.);
#3891 = ORIENTED_EDGE('',*,*,#3842,.T.);
#3892 = ORIENTED_EDGE('',*,*,#3893,.F.);
#3893 = EDGE_CURVE('',#3869,#3843,#3894,.T.);
#3894 = LINE('',#3895,#3896);
#3895 = CARTESIAN_POINT('',(-0.84,82.113257201059,0.4));
#3896 = VECTOR('',#3897,1.);
#3897 = DIRECTION('',(-0.866025403784,0.5,0.));
#3898 = PLANE('',#3899);
#3899 = AXIS2_PLACEMENT_3D('',#3900,#3901,#3902);
#3900 = CARTESIAN_POINT('',(-0.74,82.286462281816,0.2));
#3901 = DIRECTION('',(0.353553390593,0.612372435696,0.707106781187));
#3902 = DIRECTION('',(-0.866025403784,0.5,2.775557561563E-17));
#3903 = ADVANCED_FACE('',(#3904),#3929,.F.);
#3904 = FACE_BOUND('',#3905,.F.);
#3905 = EDGE_LOOP('',(#3906,#3914,#3915,#3923));
#3906 = ORIENTED_EDGE('',*,*,#3907,.F.);
#3907 = EDGE_CURVE('',#923,#3908,#3910,.T.);
#3908 = VERTEX_POINT('',#3909);
#3909 = CARTESIAN_POINT('',(3.32,83.545085868649,0.4));
#3910 = LINE('',#3911,#3912);
#3911 = CARTESIAN_POINT('',(3.4,83.683649933255,0.32));
#3912 = VECTOR('',#3913,1.);
#3913 = DIRECTION('',(-0.4472135955,-0.774596669241,0.4472135955));
#3914 = ORIENTED_EDGE('',*,*,#922,.T.);
#3915 = ORIENTED_EDGE('',*,*,#3916,.T.);
#3916 = EDGE_CURVE('',#925,#3917,#3919,.T.);
#3917 = VERTEX_POINT('',#3918);
#3918 = CARTESIAN_POINT('',(0.84,82.113257201059,0.4));
#3919 = LINE('',#3920,#3921);
#3920 = CARTESIAN_POINT('',(1.022857142857,82.007684580407,
    0.582857142857));
#3921 = VECTOR('',#3922,1.);
#3922 = DIRECTION('',(0.654653670708,-0.377964473009,0.654653670708));
#3923 = ORIENTED_EDGE('',*,*,#3924,.F.);
#3924 = EDGE_CURVE('',#3908,#3917,#3925,.T.);
#3925 = LINE('',#3926,#3927);
#3926 = CARTESIAN_POINT('',(3.32,83.545085868649,0.4));
#3927 = VECTOR('',#3928,1.);
#3928 = DIRECTION('',(-0.866025403784,-0.5,0.));
#3929 = PLANE('',#3930);
#3930 = AXIS2_PLACEMENT_3D('',#3931,#3932,#3933);
#3931 = CARTESIAN_POINT('',(3.22,83.718290949406,0.2));
#3932 = DIRECTION('',(-0.353553390593,0.612372435696,0.707106781187));
#3933 = DIRECTION('',(-0.866025403784,-0.5,-5.551115123126E-17));
#3934 = ADVANCED_FACE('',(#3935),#3953,.T.);
#3935 = FACE_BOUND('',#3936,.T.);
#3936 = EDGE_LOOP('',(#3937,#3938,#3939,#3947));
#3937 = ORIENTED_EDGE('',*,*,#3907,.F.);
#3938 = ORIENTED_EDGE('',*,*,#932,.T.);
#3939 = ORIENTED_EDGE('',*,*,#3940,.T.);
#3940 = EDGE_CURVE('',#933,#3941,#3943,.T.);
#3941 = VERTEX_POINT('',#3942);
#3942 = CARTESIAN_POINT('',(3.32,77.817771198288,0.4));
#3943 = LINE('',#3944,#3945);
#3944 = CARTESIAN_POINT('',(1.912,80.256498735345,1.808));
#3945 = VECTOR('',#3946,1.);
#3946 = DIRECTION('',(-0.4472135955,0.774596669241,0.4472135955));
#3947 = ORIENTED_EDGE('',*,*,#3948,.F.);
#3948 = EDGE_CURVE('',#3908,#3941,#3949,.T.);
#3949 = LINE('',#3950,#3951);
#3950 = CARTESIAN_POINT('',(3.32,83.545085868649,0.4));
#3951 = VECTOR('',#3952,1.);
#3952 = DIRECTION('',(-8.E-17,-1.,0.));
#3953 = PLANE('',#3954);
#3954 = AXIS2_PLACEMENT_3D('',#3955,#3956,#3957);
#3955 = CARTESIAN_POINT('',(3.52,83.545085868649,0.2));
#3956 = DIRECTION('',(-0.707106781187,6.E-17,-0.707106781187));
#3957 = DIRECTION('',(-8.242640687119E-17,-1.,-2.426406871193E-18));
#3958 = ADVANCED_FACE('',(#3959),#3977,.F.);
#3959 = FACE_BOUND('',#3960,.F.);
#3960 = EDGE_LOOP('',(#3961,#3962,#3963,#3971));
#3961 = ORIENTED_EDGE('',*,*,#3916,.F.);
#3962 = ORIENTED_EDGE('',*,*,#948,.T.);
#3963 = ORIENTED_EDGE('',*,*,#3964,.T.);
#3964 = EDGE_CURVE('',#941,#3965,#3967,.T.);
#3965 = VERTEX_POINT('',#3966);
#3966 = CARTESIAN_POINT('',(0.84,79.249599865879,0.4));
#3967 = LINE('',#3968,#3969);
#3968 = CARTESIAN_POINT('',(1.022857142857,79.35517248653,0.582857142857
    ));
#3969 = VECTOR('',#3970,1.);
#3970 = DIRECTION('',(0.654653670708,0.377964473009,0.654653670708));
#3971 = ORIENTED_EDGE('',*,*,#3972,.F.);
#3972 = EDGE_CURVE('',#3917,#3965,#3973,.T.);
#3973 = LINE('',#3974,#3975);
#3974 = CARTESIAN_POINT('',(0.84,82.113257201059,0.4));
#3975 = VECTOR('',#3976,1.);
#3976 = DIRECTION('',(-1.6E-16,-1.,0.));
#3977 = PLANE('',#3978);
#3978 = AXIS2_PLACEMENT_3D('',#3979,#3980,#3981);
#3979 = CARTESIAN_POINT('',(0.64,82.113257201059,0.2));
#3980 = DIRECTION('',(-0.707106781187,1.1E-16,0.707106781187));
#3981 = DIRECTION('',(-1.577817459305E-16,-1.,-2.21825406948E-18));
#3982 = ADVANCED_FACE('',(#3983),#3994,.F.);
#3983 = FACE_BOUND('',#3984,.F.);
#3984 = EDGE_LOOP('',(#3985,#3986,#3987,#3988));
#3985 = ORIENTED_EDGE('',*,*,#3964,.F.);
#3986 = ORIENTED_EDGE('',*,*,#940,.T.);
#3987 = ORIENTED_EDGE('',*,*,#3940,.T.);
#3988 = ORIENTED_EDGE('',*,*,#3989,.F.);
#3989 = EDGE_CURVE('',#3965,#3941,#3990,.T.);
#3990 = LINE('',#3991,#3992);
#3991 = CARTESIAN_POINT('',(0.84,79.249599865879,0.4));
#3992 = VECTOR('',#3993,1.);
#3993 = DIRECTION('',(0.866025403784,-0.5,0.));
#3994 = PLANE('',#3995);
#3995 = AXIS2_PLACEMENT_3D('',#3996,#3997,#3998);
#3996 = CARTESIAN_POINT('',(0.74,79.076394785122,0.2));
#3997 = DIRECTION('',(-0.353553390593,-0.612372435696,0.707106781187));
#3998 = DIRECTION('',(0.866025403784,-0.5,2.775557561563E-17));
#3999 = ADVANCED_FACE('',(#4000),#4025,.F.);
#4000 = FACE_BOUND('',#4001,.F.);
#4001 = EDGE_LOOP('',(#4002,#4010,#4011,#4019));
#4002 = ORIENTED_EDGE('',*,*,#4003,.F.);
#4003 = EDGE_CURVE('',#957,#4004,#4006,.T.);
#4004 = VERTEX_POINT('',#4005);
#4005 = CARTESIAN_POINT('',(-3.32,105.01598553145,0.4));
#4006 = LINE('',#4007,#4008);
#4007 = CARTESIAN_POINT('',(-3.4,104.87742146684,0.32));
#4008 = VECTOR('',#4009,1.);
#4009 = DIRECTION('',(0.4472135955,0.774596669241,0.4472135955));
#4010 = ORIENTED_EDGE('',*,*,#956,.T.);
#4011 = ORIENTED_EDGE('',*,*,#4012,.T.);
#4012 = EDGE_CURVE('',#959,#4013,#4015,.T.);
#4013 = VERTEX_POINT('',#4014);
#4014 = CARTESIAN_POINT('',(-0.84,106.44781419904,0.4));
#4015 = LINE('',#4016,#4017);
#4016 = CARTESIAN_POINT('',(-1.022857142857,106.55338681969,
    0.582857142857));
#4017 = VECTOR('',#4018,1.);
#4018 = DIRECTION('',(-0.654653670708,0.377964473009,0.654653670708));
#4019 = ORIENTED_EDGE('',*,*,#4020,.F.);
#4020 = EDGE_CURVE('',#4004,#4013,#4021,.T.);
#4021 = LINE('',#4022,#4023);
#4022 = CARTESIAN_POINT('',(-3.32,105.01598553145,0.4));
#4023 = VECTOR('',#4024,1.);
#4024 = DIRECTION('',(0.866025403784,0.5,0.));
#4025 = PLANE('',#4026);
#4026 = AXIS2_PLACEMENT_3D('',#4027,#4028,#4029);
#4027 = CARTESIAN_POINT('',(-3.22,104.84278045069,0.2));
#4028 = DIRECTION('',(0.353553390593,-0.612372435696,0.707106781187));
#4029 = DIRECTION('',(0.866025403784,0.5,-1.110223024625E-16));
#4030 = ADVANCED_FACE('',(#4031),#4049,.T.);
#4031 = FACE_BOUND('',#4032,.T.);
#4032 = EDGE_LOOP('',(#4033,#4034,#4035,#4043));
#4033 = ORIENTED_EDGE('',*,*,#4003,.F.);
#4034 = ORIENTED_EDGE('',*,*,#966,.T.);
#4035 = ORIENTED_EDGE('',*,*,#4036,.T.);
#4036 = EDGE_CURVE('',#967,#4037,#4039,.T.);
#4037 = VERTEX_POINT('',#4038);
#4038 = CARTESIAN_POINT('',(-3.32,110.74330020181,0.4));
#4039 = LINE('',#4040,#4041);
#4040 = CARTESIAN_POINT('',(-1.912,108.30457266475,1.808));
#4041 = VECTOR('',#4042,1.);
#4042 = DIRECTION('',(0.4472135955,-0.774596669241,0.4472135955));
#4043 = ORIENTED_EDGE('',*,*,#4044,.F.);
#4044 = EDGE_CURVE('',#4004,#4037,#4045,.T.);
#4045 = LINE('',#4046,#4047);
#4046 = CARTESIAN_POINT('',(-3.32,105.01598553145,0.4));
#4047 = VECTOR('',#4048,1.);
#4048 = DIRECTION('',(8.E-17,1.,0.));
#4049 = PLANE('',#4050);
#4050 = AXIS2_PLACEMENT_3D('',#4051,#4052,#4053);
#4051 = CARTESIAN_POINT('',(-3.52,105.01598553145,0.2));
#4052 = DIRECTION('',(0.707106781187,-6.E-17,-0.707106781187));
#4053 = DIRECTION('',(8.242640687119E-17,1.,-2.426406871193E-18));
#4054 = ADVANCED_FACE('',(#4055),#4073,.F.);
#4055 = FACE_BOUND('',#4056,.F.);
#4056 = EDGE_LOOP('',(#4057,#4058,#4059,#4067));
#4057 = ORIENTED_EDGE('',*,*,#4012,.F.);
#4058 = ORIENTED_EDGE('',*,*,#982,.T.);
#4059 = ORIENTED_EDGE('',*,*,#4060,.T.);
#4060 = EDGE_CURVE('',#975,#4061,#4063,.T.);
#4061 = VERTEX_POINT('',#4062);
#4062 = CARTESIAN_POINT('',(-0.84,109.31147153422,0.4));
#4063 = LINE('',#4064,#4065);
#4064 = CARTESIAN_POINT('',(-1.022857142857,109.20589891357,
    0.582857142857));
#4065 = VECTOR('',#4066,1.);
#4066 = DIRECTION('',(-0.654653670708,-0.377964473009,0.654653670708));
#4067 = ORIENTED_EDGE('',*,*,#4068,.F.);
#4068 = EDGE_CURVE('',#4013,#4061,#4069,.T.);
#4069 = LINE('',#4070,#4071);
#4070 = CARTESIAN_POINT('',(-0.84,106.44781419904,0.4));
#4071 = VECTOR('',#4072,1.);
#4072 = DIRECTION('',(4.E-17,1.,0.));
#4073 = PLANE('',#4074);
#4074 = AXIS2_PLACEMENT_3D('',#4075,#4076,#4077);
#4075 = CARTESIAN_POINT('',(-0.64,106.44781419904,0.2));
#4076 = DIRECTION('',(0.707106781187,-3.E-17,0.707106781187));
#4077 = DIRECTION('',(3.62132034356E-17,1.,6.213203435596E-18));
#4078 = ADVANCED_FACE('',(#4079),#4090,.F.);
#4079 = FACE_BOUND('',#4080,.F.);
#4080 = EDGE_LOOP('',(#4081,#4082,#4083,#4084));
#4081 = ORIENTED_EDGE('',*,*,#4060,.F.);
#4082 = ORIENTED_EDGE('',*,*,#974,.T.);
#4083 = ORIENTED_EDGE('',*,*,#4036,.T.);
#4084 = ORIENTED_EDGE('',*,*,#4085,.F.);
#4085 = EDGE_CURVE('',#4061,#4037,#4086,.T.);
#4086 = LINE('',#4087,#4088);
#4087 = CARTESIAN_POINT('',(-0.84,109.31147153422,0.4));
#4088 = VECTOR('',#4089,1.);
#4089 = DIRECTION('',(-0.866025403784,0.5,0.));
#4090 = PLANE('',#4091);
#4091 = AXIS2_PLACEMENT_3D('',#4092,#4093,#4094);
#4092 = CARTESIAN_POINT('',(-0.74,109.48467661498,0.2));
#4093 = DIRECTION('',(0.353553390593,0.612372435696,0.707106781187));
#4094 = DIRECTION('',(-0.866025403784,0.5,2.775557561563E-17));
#4095 = ADVANCED_FACE('',(#4096),#4121,.F.);
#4096 = FACE_BOUND('',#4097,.F.);
#4097 = EDGE_LOOP('',(#4098,#4106,#4107,#4115));
#4098 = ORIENTED_EDGE('',*,*,#4099,.F.);
#4099 = EDGE_CURVE('',#991,#4100,#4102,.T.);
#4100 = VERTEX_POINT('',#4101);
#4101 = CARTESIAN_POINT('',(3.32,110.74330020181,0.4));
#4102 = LINE('',#4103,#4104);
#4103 = CARTESIAN_POINT('',(2.408,109.16366986531,1.312));
#4104 = VECTOR('',#4105,1.);
#4105 = DIRECTION('',(-0.4472135955,-0.774596669241,0.4472135955));
#4106 = ORIENTED_EDGE('',*,*,#990,.T.);
#4107 = ORIENTED_EDGE('',*,*,#4108,.T.);
#4108 = EDGE_CURVE('',#993,#4109,#4111,.T.);
#4109 = VERTEX_POINT('',#4110);
#4110 = CARTESIAN_POINT('',(0.84,109.31147153422,0.4));
#4111 = LINE('',#4112,#4113);
#4112 = CARTESIAN_POINT('',(1.022857142857,109.20589891357,
    0.582857142857));
#4113 = VECTOR('',#4114,1.);
#4114 = DIRECTION('',(0.654653670708,-0.377964473009,0.654653670708));
#4115 = ORIENTED_EDGE('',*,*,#4116,.F.);
#4116 = EDGE_CURVE('',#4100,#4109,#4117,.T.);
#4117 = LINE('',#4118,#4119);
#4118 = CARTESIAN_POINT('',(3.32,110.74330020181,0.4));
#4119 = VECTOR('',#4120,1.);
#4120 = DIRECTION('',(-0.866025403784,-0.5,0.));
#4121 = PLANE('',#4122);
#4122 = AXIS2_PLACEMENT_3D('',#4123,#4124,#4125);
#4123 = CARTESIAN_POINT('',(3.22,110.91650528257,0.2));
#4124 = DIRECTION('',(-0.353553390593,0.612372435696,0.707106781187));
#4125 = DIRECTION('',(-0.866025403784,-0.5,-5.551115123126E-17));
#4126 = ADVANCED_FACE('',(#4127),#4145,.F.);
#4127 = FACE_BOUND('',#4128,.F.);
#4128 = EDGE_LOOP('',(#4129,#4137,#4138,#4139));
#4129 = ORIENTED_EDGE('',*,*,#4130,.F.);
#4130 = EDGE_CURVE('',#1001,#4131,#4133,.T.);
#4131 = VERTEX_POINT('',#4132);
#4132 = CARTESIAN_POINT('',(3.32,105.01598553145,0.4));
#4133 = LINE('',#4134,#4135);
#4134 = CARTESIAN_POINT('',(2.904,105.7365186674,0.816));
#4135 = VECTOR('',#4136,1.);
#4136 = DIRECTION('',(-0.4472135955,0.774596669241,0.4472135955));
#4137 = ORIENTED_EDGE('',*,*,#1000,.T.);
#4138 = ORIENTED_EDGE('',*,*,#4099,.T.);
#4139 = ORIENTED_EDGE('',*,*,#4140,.F.);
#4140 = EDGE_CURVE('',#4131,#4100,#4141,.T.);
#4141 = LINE('',#4142,#4143);
#4142 = CARTESIAN_POINT('',(3.32,105.01598553145,0.4));
#4143 = VECTOR('',#4144,1.);
#4144 = DIRECTION('',(-1.6E-16,1.,0.));
#4145 = PLANE('',#4146);
#4146 = AXIS2_PLACEMENT_3D('',#4147,#4148,#4149);
#4147 = CARTESIAN_POINT('',(3.52,105.01598553145,0.2));
#4148 = DIRECTION('',(0.707106781187,9.E-17,0.707106781187));
#4149 = DIRECTION('',(-1.386396103068E-16,1.,1.136038969321E-17));
#4150 = ADVANCED_FACE('',(#4151),#4169,.F.);
#4151 = FACE_BOUND('',#4152,.F.);
#4152 = EDGE_LOOP('',(#4153,#4154,#4155,#4163));
#4153 = ORIENTED_EDGE('',*,*,#4108,.F.);
#4154 = ORIENTED_EDGE('',*,*,#1016,.T.);
#4155 = ORIENTED_EDGE('',*,*,#4156,.T.);
#4156 = EDGE_CURVE('',#1009,#4157,#4159,.T.);
#4157 = VERTEX_POINT('',#4158);
#4158 = CARTESIAN_POINT('',(0.84,106.44781419904,0.4));
#4159 = LINE('',#4160,#4161);
#4160 = CARTESIAN_POINT('',(1.022857142857,106.55338681969,
    0.582857142857));
#4161 = VECTOR('',#4162,1.);
#4162 = DIRECTION('',(0.654653670708,0.377964473009,0.654653670708));
#4163 = ORIENTED_EDGE('',*,*,#4164,.F.);
#4164 = EDGE_CURVE('',#4109,#4157,#4165,.T.);
#4165 = LINE('',#4166,#4167);
#4166 = CARTESIAN_POINT('',(0.84,109.31147153422,0.4));
#4167 = VECTOR('',#4168,1.);
#4168 = DIRECTION('',(8.E-17,-1.,0.));
#4169 = PLANE('',#4170);
#4170 = AXIS2_PLACEMENT_3D('',#4171,#4172,#4173);
#4171 = CARTESIAN_POINT('',(0.64,109.31147153422,0.2));
#4172 = DIRECTION('',(-0.707106781187,-5.E-17,0.707106781187));
#4173 = DIRECTION('',(7.535533905933E-17,-1.,4.644660940673E-18));
#4174 = ADVANCED_FACE('',(#4175),#4186,.F.);
#4175 = FACE_BOUND('',#4176,.F.);
#4176 = EDGE_LOOP('',(#4177,#4178,#4179,#4180));
#4177 = ORIENTED_EDGE('',*,*,#4156,.F.);
#4178 = ORIENTED_EDGE('',*,*,#1008,.T.);
#4179 = ORIENTED_EDGE('',*,*,#4130,.T.);
#4180 = ORIENTED_EDGE('',*,*,#4181,.F.);
#4181 = EDGE_CURVE('',#4157,#4131,#4182,.T.);
#4182 = LINE('',#4183,#4184);
#4183 = CARTESIAN_POINT('',(0.84,106.44781419904,0.4));
#4184 = VECTOR('',#4185,1.);
#4185 = DIRECTION('',(0.866025403784,-0.5,0.));
#4186 = PLANE('',#4187);
#4187 = AXIS2_PLACEMENT_3D('',#4188,#4189,#4190);
#4188 = CARTESIAN_POINT('',(0.74,106.27460911828,0.2));
#4189 = DIRECTION('',(-0.353553390593,-0.612372435696,0.707106781187));
#4190 = DIRECTION('',(0.866025403784,-0.5,8.326672684689E-17));
#4191 = ADVANCED_FACE('',(#4192),#4217,.F.);
#4192 = FACE_BOUND('',#4193,.F.);
#4193 = EDGE_LOOP('',(#4194,#4202,#4203,#4211));
#4194 = ORIENTED_EDGE('',*,*,#4195,.F.);
#4195 = EDGE_CURVE('',#1025,#4196,#4198,.T.);
#4196 = VERTEX_POINT('',#4197);
#4197 = CARTESIAN_POINT('',(-3.32,91.575271264718,0.4));
#4198 = LINE('',#4199,#4200);
#4199 = CARTESIAN_POINT('',(-3.4,91.436707200112,0.32));
#4200 = VECTOR('',#4201,1.);
#4201 = DIRECTION('',(0.4472135955,0.774596669241,0.4472135955));
#4202 = ORIENTED_EDGE('',*,*,#1024,.T.);
#4203 = ORIENTED_EDGE('',*,*,#4204,.T.);
#4204 = EDGE_CURVE('',#1027,#4205,#4207,.T.);
#4205 = VERTEX_POINT('',#4206);
#4206 = CARTESIAN_POINT('',(-0.84,93.007099932308,0.4));
#4207 = LINE('',#4208,#4209);
#4208 = CARTESIAN_POINT('',(-1.022857142857,93.11267255296,
    0.582857142857));
#4209 = VECTOR('',#4210,1.);
#4210 = DIRECTION('',(-0.654653670708,0.377964473009,0.654653670708));
#4211 = ORIENTED_EDGE('',*,*,#4212,.F.);
#4212 = EDGE_CURVE('',#4196,#4205,#4213,.T.);
#4213 = LINE('',#4214,#4215);
#4214 = CARTESIAN_POINT('',(-3.32,91.575271264718,0.4));
#4215 = VECTOR('',#4216,1.);
#4216 = DIRECTION('',(0.866025403784,0.5,0.));
#4217 = PLANE('',#4218);
#4218 = AXIS2_PLACEMENT_3D('',#4219,#4220,#4221);
#4219 = CARTESIAN_POINT('',(-3.22,91.402066183961,0.2));
#4220 = DIRECTION('',(0.353553390593,-0.612372435696,0.707106781187));
#4221 = DIRECTION('',(0.866025403784,0.5,5.828670879282E-16));
#4222 = ADVANCED_FACE('',(#4223),#4241,.T.);
#4223 = FACE_BOUND('',#4224,.T.);
#4224 = EDGE_LOOP('',(#4225,#4226,#4227,#4235));
#4225 = ORIENTED_EDGE('',*,*,#4195,.F.);
#4226 = ORIENTED_EDGE('',*,*,#1034,.T.);
#4227 = ORIENTED_EDGE('',*,*,#4228,.T.);
#4228 = EDGE_CURVE('',#1035,#4229,#4231,.T.);
#4229 = VERTEX_POINT('',#4230);
#4230 = CARTESIAN_POINT('',(-3.32,97.302585935079,0.4));
#4231 = LINE('',#4232,#4233);
#4232 = CARTESIAN_POINT('',(-1.912,94.863858398022,1.808));
#4233 = VECTOR('',#4234,1.);
#4234 = DIRECTION('',(0.4472135955,-0.774596669241,0.4472135955));
#4235 = ORIENTED_EDGE('',*,*,#4236,.F.);
#4236 = EDGE_CURVE('',#4196,#4229,#4237,.T.);
#4237 = LINE('',#4238,#4239);
#4238 = CARTESIAN_POINT('',(-3.32,91.575271264718,0.4));
#4239 = VECTOR('',#4240,1.);
#4240 = DIRECTION('',(-4.7E-16,1.,0.));
#4241 = PLANE('',#4242);
#4242 = AXIS2_PLACEMENT_3D('',#4243,#4244,#4245);
#4243 = CARTESIAN_POINT('',(-3.52,91.575271264718,0.2));
#4244 = DIRECTION('',(0.707106781187,3.5E-16,-0.707106781187));
#4245 = DIRECTION('',(-4.824873734153E-16,1.,1.248737341529E-17));
#4246 = ADVANCED_FACE('',(#4247),#4265,.F.);
#4247 = FACE_BOUND('',#4248,.F.);
#4248 = EDGE_LOOP('',(#4249,#4250,#4251,#4259));
#4249 = ORIENTED_EDGE('',*,*,#4204,.F.);
#4250 = ORIENTED_EDGE('',*,*,#1050,.T.);
#4251 = ORIENTED_EDGE('',*,*,#4252,.T.);
#4252 = EDGE_CURVE('',#1043,#4253,#4255,.T.);
#4253 = VERTEX_POINT('',#4254);
#4254 = CARTESIAN_POINT('',(-0.84,95.870757267489,0.4));
#4255 = LINE('',#4256,#4257);
#4256 = CARTESIAN_POINT('',(-1.022857142857,95.765184646837,
    0.582857142857));
#4257 = VECTOR('',#4258,1.);
#4258 = DIRECTION('',(-0.654653670708,-0.377964473009,0.654653670708));
#4259 = ORIENTED_EDGE('',*,*,#4260,.F.);
#4260 = EDGE_CURVE('',#4205,#4253,#4261,.T.);
#4261 = LINE('',#4262,#4263);
#4262 = CARTESIAN_POINT('',(-0.84,93.007099932308,0.4));
#4263 = VECTOR('',#4264,1.);
#4264 = DIRECTION('',(-4.7E-16,1.,0.));
#4265 = PLANE('',#4266);
#4266 = AXIS2_PLACEMENT_3D('',#4267,#4268,#4269);
#4267 = CARTESIAN_POINT('',(-0.64,93.007099932308,0.2));
#4268 = DIRECTION('',(0.707106781187,3.3E-16,0.707106781187));
#4269 = DIRECTION('',(-4.633452377916E-16,1.,-3.345237791561E-18));
#4270 = ADVANCED_FACE('',(#4271),#4282,.F.);
#4271 = FACE_BOUND('',#4272,.F.);
#4272 = EDGE_LOOP('',(#4273,#4274,#4275,#4276));
#4273 = ORIENTED_EDGE('',*,*,#4252,.F.);
#4274 = ORIENTED_EDGE('',*,*,#1042,.T.);
#4275 = ORIENTED_EDGE('',*,*,#4228,.T.);
#4276 = ORIENTED_EDGE('',*,*,#4277,.F.);
#4277 = EDGE_CURVE('',#4253,#4229,#4278,.T.);
#4278 = LINE('',#4279,#4280);
#4279 = CARTESIAN_POINT('',(-0.84,95.870757267489,0.4));
#4280 = VECTOR('',#4281,1.);
#4281 = DIRECTION('',(-0.866025403784,0.5,0.));
#4282 = PLANE('',#4283);
#4283 = AXIS2_PLACEMENT_3D('',#4284,#4285,#4286);
#4284 = CARTESIAN_POINT('',(-0.74,96.043962348245,0.2));
#4285 = DIRECTION('',(0.353553390593,0.612372435696,0.707106781187));
#4286 = DIRECTION('',(-0.866025403784,0.5,-8.326672684689E-17));
#4287 = ADVANCED_FACE('',(#4288),#4313,.F.);
#4288 = FACE_BOUND('',#4289,.F.);
#4289 = EDGE_LOOP('',(#4290,#4298,#4299,#4307));
#4290 = ORIENTED_EDGE('',*,*,#4291,.F.);
#4291 = EDGE_CURVE('',#1059,#4292,#4294,.T.);
#4292 = VERTEX_POINT('',#4293);
#4293 = CARTESIAN_POINT('',(3.32,97.302585935079,0.4));
#4294 = LINE('',#4295,#4296);
#4295 = CARTESIAN_POINT('',(2.408,95.722955598576,1.312));
#4296 = VECTOR('',#4297,1.);
#4297 = DIRECTION('',(-0.4472135955,-0.774596669241,0.4472135955));
#4298 = ORIENTED_EDGE('',*,*,#1058,.T.);
#4299 = ORIENTED_EDGE('',*,*,#4300,.T.);
#4300 = EDGE_CURVE('',#1061,#4301,#4303,.T.);
#4301 = VERTEX_POINT('',#4302);
#4302 = CARTESIAN_POINT('',(0.84,95.870757267489,0.4));
#4303 = LINE('',#4304,#4305);
#4304 = CARTESIAN_POINT('',(1.022857142857,95.765184646837,
    0.582857142857));
#4305 = VECTOR('',#4306,1.);
#4306 = DIRECTION('',(0.654653670708,-0.377964473009,0.654653670708));
#4307 = ORIENTED_EDGE('',*,*,#4308,.F.);
#4308 = EDGE_CURVE('',#4292,#4301,#4309,.T.);
#4309 = LINE('',#4310,#4311);
#4310 = CARTESIAN_POINT('',(3.32,97.302585935079,0.4));
#4311 = VECTOR('',#4312,1.);
#4312 = DIRECTION('',(-0.866025403784,-0.5,0.));
#4313 = PLANE('',#4314);
#4314 = AXIS2_PLACEMENT_3D('',#4315,#4316,#4317);
#4315 = CARTESIAN_POINT('',(3.22,97.475791015836,0.2));
#4316 = DIRECTION('',(-0.353553390593,0.612372435696,0.707106781187));
#4317 = DIRECTION('',(-0.866025403784,-0.5,-5.551115123126E-17));
#4318 = ADVANCED_FACE('',(#4319),#4337,.F.);
#4319 = FACE_BOUND('',#4320,.F.);
#4320 = EDGE_LOOP('',(#4321,#4329,#4330,#4331));
#4321 = ORIENTED_EDGE('',*,*,#4322,.F.);
#4322 = EDGE_CURVE('',#1069,#4323,#4325,.T.);
#4323 = VERTEX_POINT('',#4324);
#4324 = CARTESIAN_POINT('',(3.32,91.575271264718,0.4));
#4325 = LINE('',#4326,#4327);
#4326 = CARTESIAN_POINT('',(2.904,92.295804400666,0.816));
#4327 = VECTOR('',#4328,1.);
#4328 = DIRECTION('',(-0.4472135955,0.774596669241,0.4472135955));
#4329 = ORIENTED_EDGE('',*,*,#1068,.T.);
#4330 = ORIENTED_EDGE('',*,*,#4291,.T.);
#4331 = ORIENTED_EDGE('',*,*,#4332,.F.);
#4332 = EDGE_CURVE('',#4323,#4292,#4333,.T.);
#4333 = LINE('',#4334,#4335);
#4334 = CARTESIAN_POINT('',(3.32,91.575271264718,0.4));
#4335 = VECTOR('',#4336,1.);
#4336 = DIRECTION('',(-2.3E-16,1.,0.));
#4337 = PLANE('',#4338);
#4338 = AXIS2_PLACEMENT_3D('',#4339,#4340,#4341);
#4339 = CARTESIAN_POINT('',(3.52,91.575271264718,0.2));
#4340 = DIRECTION('',(0.707106781187,1.5E-16,0.707106781187));
#4341 = DIRECTION('',(-2.21066017178E-16,1.,8.933982822018E-18));
#4342 = ADVANCED_FACE('',(#4343),#4361,.F.);
#4343 = FACE_BOUND('',#4344,.F.);
#4344 = EDGE_LOOP('',(#4345,#4346,#4347,#4355));
#4345 = ORIENTED_EDGE('',*,*,#4300,.F.);
#4346 = ORIENTED_EDGE('',*,*,#1084,.T.);
#4347 = ORIENTED_EDGE('',*,*,#4348,.T.);
#4348 = EDGE_CURVE('',#1077,#4349,#4351,.T.);
#4349 = VERTEX_POINT('',#4350);
#4350 = CARTESIAN_POINT('',(0.84,93.007099932308,0.4));
#4351 = LINE('',#4352,#4353);
#4352 = CARTESIAN_POINT('',(1.022857142857,93.11267255296,0.582857142857
    ));
#4353 = VECTOR('',#4354,1.);
#4354 = DIRECTION('',(0.654653670708,0.377964473009,0.654653670708));
#4355 = ORIENTED_EDGE('',*,*,#4356,.F.);
#4356 = EDGE_CURVE('',#4301,#4349,#4357,.T.);
#4357 = LINE('',#4358,#4359);
#4358 = CARTESIAN_POINT('',(0.84,95.870757267489,0.4));
#4359 = VECTOR('',#4360,1.);
#4360 = DIRECTION('',(3.1E-16,-1.,0.));
#4361 = PLANE('',#4362);
#4362 = AXIS2_PLACEMENT_3D('',#4363,#4364,#4365);
#4363 = CARTESIAN_POINT('',(0.64,95.870757267489,0.2));
#4364 = DIRECTION('',(-0.707106781187,-2.2E-16,0.707106781187));
#4365 = DIRECTION('',(3.10563491861E-16,-1.,-5.634918610404E-19));
#4366 = ADVANCED_FACE('',(#4367),#4378,.F.);
#4367 = FACE_BOUND('',#4368,.F.);
#4368 = EDGE_LOOP('',(#4369,#4370,#4371,#4372));
#4369 = ORIENTED_EDGE('',*,*,#4348,.F.);
#4370 = ORIENTED_EDGE('',*,*,#1076,.T.);
#4371 = ORIENTED_EDGE('',*,*,#4322,.T.);
#4372 = ORIENTED_EDGE('',*,*,#4373,.F.);
#4373 = EDGE_CURVE('',#4349,#4323,#4374,.T.);
#4374 = LINE('',#4375,#4376);
#4375 = CARTESIAN_POINT('',(0.84,93.007099932308,0.4));
#4376 = VECTOR('',#4377,1.);
#4377 = DIRECTION('',(0.866025403784,-0.5,0.));
#4378 = PLANE('',#4379);
#4379 = AXIS2_PLACEMENT_3D('',#4380,#4381,#4382);
#4380 = CARTESIAN_POINT('',(0.74,92.833894851551,0.2));
#4381 = DIRECTION('',(-0.353553390593,-0.612372435696,0.707106781187));
#4382 = DIRECTION('',(0.866025403784,-0.5,1.942890293094E-16));
#4383 = ADVANCED_FACE('',(#4384),#4403,.F.);
#4384 = FACE_BOUND('',#4385,.F.);
#4385 = EDGE_LOOP('',(#4386,#4394,#4395,#4396));
#4386 = ORIENTED_EDGE('',*,*,#4387,.F.);
#4387 = EDGE_CURVE('',#1093,#4388,#4390,.T.);
#4388 = VERTEX_POINT('',#4389);
#4389 = CARTESIAN_POINT('',(2.05,10.,0.4));
#4390 = LINE('',#4391,#4392);
#4391 = CARTESIAN_POINT('',(2.05,10.,0.4));
#4392 = VECTOR('',#4393,1.);
#4393 = DIRECTION('',(-0.707106781187,0.,0.707106781187));
#4394 = ORIENTED_EDGE('',*,*,#1092,.T.);
#4395 = ORIENTED_EDGE('',*,*,#4387,.T.);
#4396 = ORIENTED_EDGE('',*,*,#4397,.F.);
#4397 = EDGE_CURVE('',#4388,#4388,#4398,.T.);
#4398 = CIRCLE('',#4399,2.05);
#4399 = AXIS2_PLACEMENT_3D('',#4400,#4401,#4402);
#4400 = CARTESIAN_POINT('',(0.,10.,0.4));
#4401 = DIRECTION('',(0.,0.,1.));
#4402 = DIRECTION('',(1.,0.,-0.));
#4403 = CONICAL_SURFACE('',#4404,2.05,0.785398163397);
#4404 = AXIS2_PLACEMENT_3D('',#4405,#4406,#4407);
#4405 = CARTESIAN_POINT('',(0.,10.,0.4));
#4406 = DIRECTION('',(-0.,-0.,-1.));
#4407 = DIRECTION('',(1.,0.,-0.));
#4408 = ADVANCED_FACE('',(#4409),#4428,.F.);
#4409 = FACE_BOUND('',#4410,.F.);
#4410 = EDGE_LOOP('',(#4411,#4419,#4420,#4421));
#4411 = ORIENTED_EDGE('',*,*,#4412,.F.);
#4412 = EDGE_CURVE('',#1104,#4413,#4415,.T.);
#4413 = VERTEX_POINT('',#4414);
#4414 = CARTESIAN_POINT('',(1.6,122.6,0.4));
#4415 = LINE('',#4416,#4417);
#4416 = CARTESIAN_POINT('',(1.6,122.6,0.4));
#4417 = VECTOR('',#4418,1.);
#4418 = DIRECTION('',(-0.707106781187,0.,0.707106781187));
#4419 = ORIENTED_EDGE('',*,*,#1103,.T.);
#4420 = ORIENTED_EDGE('',*,*,#4412,.T.);
#4421 = ORIENTED_EDGE('',*,*,#4422,.F.);
#4422 = EDGE_CURVE('',#4413,#4413,#4423,.T.);
#4423 = CIRCLE('',#4424,1.6);
#4424 = AXIS2_PLACEMENT_3D('',#4425,#4426,#4427);
#4425 = CARTESIAN_POINT('',(-1.E-16,122.6,0.4));
#4426 = DIRECTION('',(0.,0.,1.));
#4427 = DIRECTION('',(1.,0.,-0.));
#4428 = CONICAL_SURFACE('',#4429,1.6,0.785398163397);
#4429 = AXIS2_PLACEMENT_3D('',#4430,#4431,#4432);
#4430 = CARTESIAN_POINT('',(-1.E-16,122.6,0.4));
#4431 = DIRECTION('',(-0.,-0.,-1.));
#4432 = DIRECTION('',(1.,0.,-0.));
#4433 = ADVANCED_FACE('',(#4434),#4453,.F.);
#4434 = FACE_BOUND('',#4435,.F.);
#4435 = EDGE_LOOP('',(#4436,#4444,#4445,#4446));
#4436 = ORIENTED_EDGE('',*,*,#4437,.F.);
#4437 = EDGE_CURVE('',#1115,#4438,#4440,.T.);
#4438 = VERTEX_POINT('',#4439);
#4439 = CARTESIAN_POINT('',(1.6,20.,0.4));
#4440 = LINE('',#4441,#4442);
#4441 = CARTESIAN_POINT('',(1.6,20.,0.4));
#4442 = VECTOR('',#4443,1.);
#4443 = DIRECTION('',(-0.707106781187,0.,0.707106781187));
#4444 = ORIENTED_EDGE('',*,*,#1114,.T.);
#4445 = ORIENTED_EDGE('',*,*,#4437,.T.);
#4446 = ORIENTED_EDGE('',*,*,#4447,.F.);
#4447 = EDGE_CURVE('',#4438,#4438,#4448,.T.);
#4448 = CIRCLE('',#4449,1.6);
#4449 = AXIS2_PLACEMENT_3D('',#4450,#4451,#4452);
#4450 = CARTESIAN_POINT('',(0.,20.,0.4));
#4451 = DIRECTION('',(0.,0.,1.));
#4452 = DIRECTION('',(1.,0.,-0.));
#4453 = CONICAL_SURFACE('',#4454,1.6,0.785398163397);
#4454 = AXIS2_PLACEMENT_3D('',#4455,#4456,#4457);
#4455 = CARTESIAN_POINT('',(0.,20.,0.4));
#4456 = DIRECTION('',(-0.,-0.,-1.));
#4457 = DIRECTION('',(1.,0.,-0.));
#4458 = ADVANCED_FACE('',(#4459),#4478,.F.);
#4459 = FACE_BOUND('',#4460,.F.);
#4460 = EDGE_LOOP('',(#4461,#4469,#4470,#4471));
#4461 = ORIENTED_EDGE('',*,*,#4462,.F.);
#4462 = EDGE_CURVE('',#1126,#4463,#4465,.T.);
#4463 = VERTEX_POINT('',#4464);
#4464 = CARTESIAN_POINT('',(1.6,87.6,0.4));
#4465 = LINE('',#4466,#4467);
#4466 = CARTESIAN_POINT('',(1.6,87.6,0.4));
#4467 = VECTOR('',#4468,1.);
#4468 = DIRECTION('',(-0.707106781187,0.,0.707106781187));
#4469 = ORIENTED_EDGE('',*,*,#1125,.T.);
#4470 = ORIENTED_EDGE('',*,*,#4462,.T.);
#4471 = ORIENTED_EDGE('',*,*,#4472,.F.);
#4472 = EDGE_CURVE('',#4463,#4463,#4473,.T.);
#4473 = CIRCLE('',#4474,1.6);
#4474 = AXIS2_PLACEMENT_3D('',#4475,#4476,#4477);
#4475 = CARTESIAN_POINT('',(0.,87.6,0.4));
#4476 = DIRECTION('',(0.,0.,1.));
#4477 = DIRECTION('',(1.,0.,-0.));
#4478 = CONICAL_SURFACE('',#4479,1.6,0.785398163397);
#4479 = AXIS2_PLACEMENT_3D('',#4480,#4481,#4482);
#4480 = CARTESIAN_POINT('',(0.,87.6,0.4));
#4481 = DIRECTION('',(-0.,-0.,-1.));
#4482 = DIRECTION('',(1.,0.,-0.));
#4483 = ADVANCED_FACE('',(#4484),#4510,.F.);
#4484 = FACE_BOUND('',#4485,.F.);
#4485 = EDGE_LOOP('',(#4486,#4494,#4503,#4509));
#4486 = ORIENTED_EDGE('',*,*,#4487,.F.);
#4487 = EDGE_CURVE('',#4488,#1179,#4490,.T.);
#4488 = VERTEX_POINT('',#4489);
#4489 = CARTESIAN_POINT('',(3.32,3.03,9.8));
#4490 = LINE('',#4491,#4492);
#4491 = CARTESIAN_POINT('',(3.32,3.03,9.8));
#4492 = VECTOR('',#4493,1.);
#4493 = DIRECTION('',(0.707106781187,-2.1E-16,0.707106781187));
#4494 = ORIENTED_EDGE('',*,*,#4495,.T.);
#4495 = EDGE_CURVE('',#4488,#4496,#4498,.T.);
#4496 = VERTEX_POINT('',#4497);
#4497 = CARTESIAN_POINT('',(-3.32,3.03,9.8));
#4498 = CIRCLE('',#4499,3.32);
#4499 = AXIS2_PLACEMENT_3D('',#4500,#4501,#4502);
#4500 = CARTESIAN_POINT('',(0.,3.03,9.8));
#4501 = DIRECTION('',(-0.,0.,1.));
#4502 = DIRECTION('',(1.,-2.7E-16,0.));
#4503 = ORIENTED_EDGE('',*,*,#4504,.T.);
#4504 = EDGE_CURVE('',#4496,#1181,#4505,.T.);
#4505 = LINE('',#4506,#4507);
#4506 = CARTESIAN_POINT('',(-3.32,3.03,9.8));
#4507 = VECTOR('',#4508,1.);
#4508 = DIRECTION('',(-0.707106781187,2.8E-16,0.707106781187));
#4509 = ORIENTED_EDGE('',*,*,#1178,.F.);
#4510 = CONICAL_SURFACE('',#4511,3.32,0.785398163397);
#4511 = AXIS2_PLACEMENT_3D('',#4512,#4513,#4514);
#4512 = CARTESIAN_POINT('',(0.,3.03,9.8));
#4513 = DIRECTION('',(0.,0.,1.));
#4514 = DIRECTION('',(1.,-2.7E-16,0.));
#4515 = ADVANCED_FACE('',(#4516),#4534,.F.);
#4516 = FACE_BOUND('',#4517,.F.);
#4517 = EDGE_LOOP('',(#4518,#4526,#4532,#4533));
#4518 = ORIENTED_EDGE('',*,*,#4519,.F.);
#4519 = EDGE_CURVE('',#4520,#1190,#4522,.T.);
#4520 = VERTEX_POINT('',#4521);
#4521 = CARTESIAN_POINT('',(3.32,1.5,9.8));
#4522 = LINE('',#4523,#4524);
#4523 = CARTESIAN_POINT('',(3.32,1.5,9.8));
#4524 = VECTOR('',#4525,1.);
#4525 = DIRECTION('',(0.707106781187,-1.8E-16,0.707106781187));
#4526 = ORIENTED_EDGE('',*,*,#4527,.T.);
#4527 = EDGE_CURVE('',#4520,#4488,#4528,.T.);
#4528 = LINE('',#4529,#4530);
#4529 = CARTESIAN_POINT('',(3.32,1.5,9.8));
#4530 = VECTOR('',#4531,1.);
#4531 = DIRECTION('',(0.,1.,0.));
#4532 = ORIENTED_EDGE('',*,*,#4487,.T.);
#4533 = ORIENTED_EDGE('',*,*,#1189,.F.);
#4534 = PLANE('',#4535);
#4535 = AXIS2_PLACEMENT_3D('',#4536,#4537,#4538);
#4536 = CARTESIAN_POINT('',(3.42,1.5,9.9));
#4537 = DIRECTION('',(0.707106781187,0.,-0.707106781187));
#4538 = DIRECTION('',(0.,1.,0.));
#4539 = ADVANCED_FACE('',(#4540),#4558,.T.);
#4540 = FACE_BOUND('',#4541,.F.);
#4541 = EDGE_LOOP('',(#4542,#4543,#4551,#4557));
#4542 = ORIENTED_EDGE('',*,*,#4504,.F.);
#4543 = ORIENTED_EDGE('',*,*,#4544,.T.);
#4544 = EDGE_CURVE('',#4496,#4545,#4547,.T.);
#4545 = VERTEX_POINT('',#4546);
#4546 = CARTESIAN_POINT('',(-3.32,1.5,9.8));
#4547 = LINE('',#4548,#4549);
#4548 = CARTESIAN_POINT('',(-3.32,3.03,9.8));
#4549 = VECTOR('',#4550,1.);
#4550 = DIRECTION('',(0.,-1.,0.));
#4551 = ORIENTED_EDGE('',*,*,#4552,.T.);
#4552 = EDGE_CURVE('',#4545,#1198,#4553,.T.);
#4553 = LINE('',#4554,#4555);
#4554 = CARTESIAN_POINT('',(-3.42,1.5,9.9));
#4555 = VECTOR('',#4556,1.);
#4556 = DIRECTION('',(-0.707106781187,0.,0.707106781187));
#4557 = ORIENTED_EDGE('',*,*,#1206,.F.);
#4558 = PLANE('',#4559);
#4559 = AXIS2_PLACEMENT_3D('',#4560,#4561,#4562);
#4560 = CARTESIAN_POINT('',(-3.42,3.03,9.9));
#4561 = DIRECTION('',(0.707106781187,0.,0.707106781187));
#4562 = DIRECTION('',(0.,1.,0.));
#4563 = ADVANCED_FACE('',(#4564),#4576,.F.);
#4564 = FACE_BOUND('',#4565,.F.);
#4565 = EDGE_LOOP('',(#4566,#4567,#4574,#4575));
#4566 = ORIENTED_EDGE('',*,*,#4552,.F.);
#4567 = ORIENTED_EDGE('',*,*,#4568,.T.);
#4568 = EDGE_CURVE('',#4545,#4520,#4569,.T.);
#4569 = CIRCLE('',#4570,3.32);
#4570 = AXIS2_PLACEMENT_3D('',#4571,#4572,#4573);
#4571 = CARTESIAN_POINT('',(0.,1.5,9.8));
#4572 = DIRECTION('',(0.,0.,1.));
#4573 = DIRECTION('',(-1.,1.3E-16,0.));
#4574 = ORIENTED_EDGE('',*,*,#4519,.T.);
#4575 = ORIENTED_EDGE('',*,*,#1197,.F.);
#4576 = CONICAL_SURFACE('',#4577,3.32,0.785398163397);
#4577 = AXIS2_PLACEMENT_3D('',#4578,#4579,#4580);
#4578 = CARTESIAN_POINT('',(0.,1.5,9.8));
#4579 = DIRECTION('',(0.,0.,1.));
#4580 = DIRECTION('',(-1.,1.3E-16,0.));
#4581 = ADVANCED_FACE('',(#4582),#4607,.T.);
#4582 = FACE_BOUND('',#4583,.F.);
#4583 = EDGE_LOOP('',(#4584,#4592,#4600,#4606));
#4584 = ORIENTED_EDGE('',*,*,#4585,.F.);
#4585 = EDGE_CURVE('',#4586,#1215,#4588,.T.);
#4586 = VERTEX_POINT('',#4587);
#4587 = CARTESIAN_POINT('',(4.E-15,77.794677187521,9.8));
#4588 = LINE('',#4589,#4590);
#4589 = CARTESIAN_POINT('',(-8.06E-15,77.345993549751,9.411428571429));
#4590 = VECTOR('',#4591,1.);
#4591 = DIRECTION('',(-8.E-17,0.755928946018,0.654653670708));
#4592 = ORIENTED_EDGE('',*,*,#4593,.T.);
#4593 = EDGE_CURVE('',#4586,#4594,#4596,.T.);
#4594 = VERTEX_POINT('',#4595);
#4595 = CARTESIAN_POINT('',(-3.32,75.877874293811,9.8));
#4596 = LINE('',#4597,#4598);
#4597 = CARTESIAN_POINT('',(0.,77.794677187521,9.8));
#4598 = VECTOR('',#4599,1.);
#4599 = DIRECTION('',(-0.866025403784,-0.5,0.));
#4600 = ORIENTED_EDGE('',*,*,#4601,.T.);
#4601 = EDGE_CURVE('',#4594,#1217,#4602,.T.);
#4602 = LINE('',#4603,#4604);
#4603 = CARTESIAN_POINT('',(-2.931428571429,75.653532474926,
    9.411428571429));
#4604 = VECTOR('',#4605,1.);
#4605 = DIRECTION('',(-0.654653670708,0.377964473009,0.654653670708));
#4606 = ORIENTED_EDGE('',*,*,#1214,.F.);
#4607 = PLANE('',#4608);
#4608 = AXIS2_PLACEMENT_3D('',#4609,#4610,#4611);
#4609 = CARTESIAN_POINT('',(-5.E-02,77.881279727899,9.9));
#4610 = DIRECTION('',(0.353553390593,-0.612372435696,0.707106781187));
#4611 = DIRECTION('',(0.866025403784,0.5,1.110223024625E-16));
#4612 = ADVANCED_FACE('',(#4613),#4631,.T.);
#4613 = FACE_BOUND('',#4614,.F.);
#4614 = EDGE_LOOP('',(#4615,#4623,#4629,#4630));
#4615 = ORIENTED_EDGE('',*,*,#4616,.F.);
#4616 = EDGE_CURVE('',#4617,#1225,#4619,.T.);
#4617 = VERTEX_POINT('',#4618);
#4618 = CARTESIAN_POINT('',(3.32,75.877874293811,9.8));
#4619 = LINE('',#4620,#4621);
#4620 = CARTESIAN_POINT('',(2.931428571429,75.653532474926,
    9.411428571429));
#4621 = VECTOR('',#4622,1.);
#4622 = DIRECTION('',(0.654653670708,0.377964473009,0.654653670708));
#4623 = ORIENTED_EDGE('',*,*,#4624,.T.);
#4624 = EDGE_CURVE('',#4617,#4586,#4625,.T.);
#4625 = LINE('',#4626,#4627);
#4626 = CARTESIAN_POINT('',(3.32,75.877874293811,9.8));
#4627 = VECTOR('',#4628,1.);
#4628 = DIRECTION('',(-0.866025403784,0.5,0.));
#4629 = ORIENTED_EDGE('',*,*,#4585,.T.);
#4630 = ORIENTED_EDGE('',*,*,#1224,.F.);
#4631 = PLANE('',#4632);
#4632 = AXIS2_PLACEMENT_3D('',#4633,#4634,#4635);
#4633 = CARTESIAN_POINT('',(3.37,75.96447683419,9.9));
#4634 = DIRECTION('',(-0.353553390593,-0.612372435696,0.707106781187));
#4635 = DIRECTION('',(0.866025403784,-0.5,-1.110223024625E-16));
#4636 = ADVANCED_FACE('',(#4637),#4655,.T.);
#4637 = FACE_BOUND('',#4638,.F.);
#4638 = EDGE_LOOP('',(#4639,#4640,#4648,#4654));
#4639 = ORIENTED_EDGE('',*,*,#4601,.F.);
#4640 = ORIENTED_EDGE('',*,*,#4641,.T.);
#4641 = EDGE_CURVE('',#4594,#4642,#4644,.T.);
#4642 = VERTEX_POINT('',#4643);
#4643 = CARTESIAN_POINT('',(-3.32,72.044268506392,9.8));
#4644 = LINE('',#4645,#4646);
#4645 = CARTESIAN_POINT('',(-3.32,75.877874293811,9.8));
#4646 = VECTOR('',#4647,1.);
#4647 = DIRECTION('',(-1.2E-16,-1.,0.));
#4648 = ORIENTED_EDGE('',*,*,#4649,.T.);
#4649 = EDGE_CURVE('',#4642,#1249,#4650,.T.);
#4650 = LINE('',#4651,#4652);
#4651 = CARTESIAN_POINT('',(-2.931428571429,72.268610325277,
    9.411428571429));
#4652 = VECTOR('',#4653,1.);
#4653 = DIRECTION('',(-0.654653670708,-0.377964473009,0.654653670708));
#4654 = ORIENTED_EDGE('',*,*,#1256,.F.);
#4655 = PLANE('',#4656);
#4656 = AXIS2_PLACEMENT_3D('',#4657,#4658,#4659);
#4657 = CARTESIAN_POINT('',(-3.42,75.877874293811,9.9));
#4658 = DIRECTION('',(0.707106781187,-1.E-16,0.707106781187));
#4659 = DIRECTION('',(1.307106781187E-16,1.,1.071067811865E-17));
#4660 = ADVANCED_FACE('',(#4661),#4679,.T.);
#4661 = FACE_BOUND('',#4662,.F.);
#4662 = EDGE_LOOP('',(#4663,#4671,#4677,#4678));
#4663 = ORIENTED_EDGE('',*,*,#4664,.F.);
#4664 = EDGE_CURVE('',#4665,#1233,#4667,.T.);
#4665 = VERTEX_POINT('',#4666);
#4666 = CARTESIAN_POINT('',(3.32,72.044268506392,9.8));
#4667 = LINE('',#4668,#4669);
#4668 = CARTESIAN_POINT('',(2.931428571429,72.268610325277,
    9.411428571429));
#4669 = VECTOR('',#4670,1.);
#4670 = DIRECTION('',(0.654653670708,-0.377964473009,0.654653670708));
#4671 = ORIENTED_EDGE('',*,*,#4672,.T.);
#4672 = EDGE_CURVE('',#4665,#4617,#4673,.T.);
#4673 = LINE('',#4674,#4675);
#4674 = CARTESIAN_POINT('',(3.32,72.044268506392,9.8));
#4675 = VECTOR('',#4676,1.);
#4676 = DIRECTION('',(1.2E-16,1.,0.));
#4677 = ORIENTED_EDGE('',*,*,#4616,.T.);
#4678 = ORIENTED_EDGE('',*,*,#1232,.F.);
#4679 = PLANE('',#4680);
#4680 = AXIS2_PLACEMENT_3D('',#4681,#4682,#4683);
#4681 = CARTESIAN_POINT('',(3.42,72.044268506392,9.9));
#4682 = DIRECTION('',(-0.707106781187,1.E-16,0.707106781187));
#4683 = DIRECTION('',(-1.307106781187E-16,-1.,1.071067811865E-17));
#4684 = ADVANCED_FACE('',(#4685),#4703,.T.);
#4685 = FACE_BOUND('',#4686,.F.);
#4686 = EDGE_LOOP('',(#4687,#4688,#4696,#4702));
#4687 = ORIENTED_EDGE('',*,*,#4649,.F.);
#4688 = ORIENTED_EDGE('',*,*,#4689,.T.);
#4689 = EDGE_CURVE('',#4642,#4690,#4692,.T.);
#4690 = VERTEX_POINT('',#4691);
#4691 = CARTESIAN_POINT('',(3.E-15,70.127465612683,9.8));
#4692 = LINE('',#4693,#4694);
#4693 = CARTESIAN_POINT('',(-3.32,72.044268506392,9.8));
#4694 = VECTOR('',#4695,1.);
#4695 = DIRECTION('',(0.866025403784,-0.5,0.));
#4696 = ORIENTED_EDGE('',*,*,#4697,.T.);
#4697 = EDGE_CURVE('',#4690,#1241,#4698,.T.);
#4698 = LINE('',#4699,#4700);
#4699 = CARTESIAN_POINT('',(7.06E-15,70.576149250453,9.411428571429));
#4700 = VECTOR('',#4701,1.);
#4701 = DIRECTION('',(-1.7E-16,-0.755928946018,0.654653670708));
#4702 = ORIENTED_EDGE('',*,*,#1248,.F.);
#4703 = PLANE('',#4704);
#4704 = AXIS2_PLACEMENT_3D('',#4705,#4706,#4707);
#4705 = CARTESIAN_POINT('',(-3.37,71.957665966014,9.9));
#4706 = DIRECTION('',(0.353553390593,0.612372435696,0.707106781187));
#4707 = DIRECTION('',(-0.866025403784,0.5,-2.775557561563E-17));
#4708 = ADVANCED_FACE('',(#4709),#4720,.T.);
#4709 = FACE_BOUND('',#4710,.F.);
#4710 = EDGE_LOOP('',(#4711,#4712,#4718,#4719));
#4711 = ORIENTED_EDGE('',*,*,#4697,.F.);
#4712 = ORIENTED_EDGE('',*,*,#4713,.T.);
#4713 = EDGE_CURVE('',#4690,#4665,#4714,.T.);
#4714 = LINE('',#4715,#4716);
#4715 = CARTESIAN_POINT('',(6.7E-16,70.127465612683,9.8));
#4716 = VECTOR('',#4717,1.);
#4717 = DIRECTION('',(0.866025403784,0.5,0.));
#4718 = ORIENTED_EDGE('',*,*,#4664,.T.);
#4719 = ORIENTED_EDGE('',*,*,#1240,.F.);
#4720 = PLANE('',#4721);
#4721 = AXIS2_PLACEMENT_3D('',#4722,#4723,#4724);
#4722 = CARTESIAN_POINT('',(5.E-02,70.040863072304,9.9));
#4723 = DIRECTION('',(-0.353553390593,0.612372435696,0.707106781187));
#4724 = DIRECTION('',(-0.866025403784,-0.5,1.387778780781E-16));
#4725 = ADVANCED_FACE('',(#4726),#4751,.T.);
#4726 = FACE_BOUND('',#4727,.F.);
#4727 = EDGE_LOOP('',(#4728,#4736,#4744,#4750));
#4728 = ORIENTED_EDGE('',*,*,#4729,.F.);
#4729 = EDGE_CURVE('',#4730,#1265,#4732,.T.);
#4730 = VERTEX_POINT('',#4731);
#4731 = CARTESIAN_POINT('',(8.E-15,64.353962920786,9.8));
#4732 = LINE('',#4733,#4734);
#4733 = CARTESIAN_POINT('',(3.433E-14,63.905279283016,9.411428571429));
#4734 = VECTOR('',#4735,1.);
#4735 = DIRECTION('',(2.5E-16,0.755928946018,0.654653670708));
#4736 = ORIENTED_EDGE('',*,*,#4737,.T.);
#4737 = EDGE_CURVE('',#4730,#4738,#4740,.T.);
#4738 = VERTEX_POINT('',#4739);
#4739 = CARTESIAN_POINT('',(-3.32,62.437160027077,9.8));
#4740 = LINE('',#4741,#4742);
#4741 = CARTESIAN_POINT('',(4.55E-15,64.353962920786,9.8));
#4742 = VECTOR('',#4743,1.);
#4743 = DIRECTION('',(-0.866025403784,-0.5,0.));
#4744 = ORIENTED_EDGE('',*,*,#4745,.T.);
#4745 = EDGE_CURVE('',#4738,#1267,#4746,.T.);
#4746 = LINE('',#4747,#4748);
#4747 = CARTESIAN_POINT('',(-2.931428571429,62.212818208192,
    9.411428571429));
#4748 = VECTOR('',#4749,1.);
#4749 = DIRECTION('',(-0.654653670708,0.377964473009,0.654653670708));
#4750 = ORIENTED_EDGE('',*,*,#1264,.F.);
#4751 = PLANE('',#4752);
#4752 = AXIS2_PLACEMENT_3D('',#4753,#4754,#4755);
#4753 = CARTESIAN_POINT('',(-5.E-02,64.440565461165,9.9));
#4754 = DIRECTION('',(0.353553390593,-0.612372435696,0.707106781187));
#4755 = DIRECTION('',(0.866025403784,0.5,4.163336342344E-16));
#4756 = ADVANCED_FACE('',(#4757),#4775,.T.);
#4757 = FACE_BOUND('',#4758,.F.);
#4758 = EDGE_LOOP('',(#4759,#4767,#4773,#4774));
#4759 = ORIENTED_EDGE('',*,*,#4760,.F.);
#4760 = EDGE_CURVE('',#4761,#1275,#4763,.T.);
#4761 = VERTEX_POINT('',#4762);
#4762 = CARTESIAN_POINT('',(3.32,62.437160027077,9.8));
#4763 = LINE('',#4764,#4765);
#4764 = CARTESIAN_POINT('',(2.931428571429,62.212818208192,
    9.411428571429));
#4765 = VECTOR('',#4766,1.);
#4766 = DIRECTION('',(0.654653670708,0.377964473009,0.654653670708));
#4767 = ORIENTED_EDGE('',*,*,#4768,.T.);
#4768 = EDGE_CURVE('',#4761,#4730,#4769,.T.);
#4769 = LINE('',#4770,#4771);
#4770 = CARTESIAN_POINT('',(3.32,62.437160027077,9.8));
#4771 = VECTOR('',#4772,1.);
#4772 = DIRECTION('',(-0.866025403784,0.5,0.));
#4773 = ORIENTED_EDGE('',*,*,#4729,.T.);
#4774 = ORIENTED_EDGE('',*,*,#1274,.F.);
#4775 = PLANE('',#4776);
#4776 = AXIS2_PLACEMENT_3D('',#4777,#4778,#4779);
#4777 = CARTESIAN_POINT('',(3.37,62.523762567455,9.9));
#4778 = DIRECTION('',(-0.353553390593,-0.612372435696,0.707106781187));
#4779 = DIRECTION('',(0.866025403784,-0.5,-3.053113317719E-16));
#4780 = ADVANCED_FACE('',(#4781),#4799,.T.);
#4781 = FACE_BOUND('',#4782,.F.);
#4782 = EDGE_LOOP('',(#4783,#4784,#4792,#4798));
#4783 = ORIENTED_EDGE('',*,*,#4745,.F.);
#4784 = ORIENTED_EDGE('',*,*,#4785,.T.);
#4785 = EDGE_CURVE('',#4738,#4786,#4788,.T.);
#4786 = VERTEX_POINT('',#4787);
#4787 = CARTESIAN_POINT('',(-3.32,58.603554239658,9.8));
#4788 = LINE('',#4789,#4790);
#4789 = CARTESIAN_POINT('',(-3.32,62.437160027077,9.8));
#4790 = VECTOR('',#4791,1.);
#4791 = DIRECTION('',(-1.2E-16,-1.,0.));
#4792 = ORIENTED_EDGE('',*,*,#4793,.T.);
#4793 = EDGE_CURVE('',#4786,#1299,#4794,.T.);
#4794 = LINE('',#4795,#4796);
#4795 = CARTESIAN_POINT('',(-2.931428571429,58.827896058543,
    9.411428571429));
#4796 = VECTOR('',#4797,1.);
#4797 = DIRECTION('',(-0.654653670708,-0.377964473009,0.654653670708));
#4798 = ORIENTED_EDGE('',*,*,#1306,.F.);
#4799 = PLANE('',#4800);
#4800 = AXIS2_PLACEMENT_3D('',#4801,#4802,#4803);
#4801 = CARTESIAN_POINT('',(-3.42,62.437160027077,9.9));
#4802 = DIRECTION('',(0.707106781187,-1.E-16,0.707106781187));
#4803 = DIRECTION('',(1.307106781187E-16,1.,1.071067811865E-17));
#4804 = ADVANCED_FACE('',(#4805),#4823,.T.);
#4805 = FACE_BOUND('',#4806,.F.);
#4806 = EDGE_LOOP('',(#4807,#4815,#4821,#4822));
#4807 = ORIENTED_EDGE('',*,*,#4808,.F.);
#4808 = EDGE_CURVE('',#4809,#1283,#4811,.T.);
#4809 = VERTEX_POINT('',#4810);
#4810 = CARTESIAN_POINT('',(3.32,58.603554239658,9.8));
#4811 = LINE('',#4812,#4813);
#4812 = CARTESIAN_POINT('',(2.931428571429,58.827896058543,
    9.411428571429));
#4813 = VECTOR('',#4814,1.);
#4814 = DIRECTION('',(0.654653670708,-0.377964473009,0.654653670708));
#4815 = ORIENTED_EDGE('',*,*,#4816,.T.);
#4816 = EDGE_CURVE('',#4809,#4761,#4817,.T.);
#4817 = LINE('',#4818,#4819);
#4818 = CARTESIAN_POINT('',(3.32,58.603554239658,9.8));
#4819 = VECTOR('',#4820,1.);
#4820 = DIRECTION('',(1.2E-16,1.,0.));
#4821 = ORIENTED_EDGE('',*,*,#4760,.T.);
#4822 = ORIENTED_EDGE('',*,*,#1282,.F.);
#4823 = PLANE('',#4824);
#4824 = AXIS2_PLACEMENT_3D('',#4825,#4826,#4827);
#4825 = CARTESIAN_POINT('',(3.42,58.603554239658,9.9));
#4826 = DIRECTION('',(-0.707106781187,1.E-16,0.707106781187));
#4827 = DIRECTION('',(-1.307106781187E-16,-1.,1.071067811865E-17));
#4828 = ADVANCED_FACE('',(#4829),#4847,.T.);
#4829 = FACE_BOUND('',#4830,.F.);
#4830 = EDGE_LOOP('',(#4831,#4832,#4840,#4846));
#4831 = ORIENTED_EDGE('',*,*,#4793,.F.);
#4832 = ORIENTED_EDGE('',*,*,#4833,.T.);
#4833 = EDGE_CURVE('',#4786,#4834,#4836,.T.);
#4834 = VERTEX_POINT('',#4835);
#4835 = CARTESIAN_POINT('',(4.E-15,56.686751345948,9.8));
#4836 = LINE('',#4837,#4838);
#4837 = CARTESIAN_POINT('',(-3.32,58.603554239658,9.8));
#4838 = VECTOR('',#4839,1.);
#4839 = DIRECTION('',(0.866025403784,-0.5,0.));
#4840 = ORIENTED_EDGE('',*,*,#4841,.T.);
#4841 = EDGE_CURVE('',#4834,#1291,#4842,.T.);
#4842 = LINE('',#4843,#4844);
#4843 = CARTESIAN_POINT('',(-4.39E-15,57.135434983718,9.411428571429));
#4844 = VECTOR('',#4845,1.);
#4845 = DIRECTION('',(8.E-17,-0.755928946018,0.654653670708));
#4846 = ORIENTED_EDGE('',*,*,#1298,.F.);
#4847 = PLANE('',#4848);
#4848 = AXIS2_PLACEMENT_3D('',#4849,#4850,#4851);
#4849 = CARTESIAN_POINT('',(-3.37,58.516951699279,9.9));
#4850 = DIRECTION('',(0.353553390593,0.612372435696,0.707106781187));
#4851 = DIRECTION('',(-0.866025403784,0.5,0.));
#4852 = ADVANCED_FACE('',(#4853),#4864,.T.);
#4853 = FACE_BOUND('',#4854,.F.);
#4854 = EDGE_LOOP('',(#4855,#4856,#4862,#4863));
#4855 = ORIENTED_EDGE('',*,*,#4841,.F.);
#4856 = ORIENTED_EDGE('',*,*,#4857,.T.);
#4857 = EDGE_CURVE('',#4834,#4809,#4858,.T.);
#4858 = LINE('',#4859,#4860);
#4859 = CARTESIAN_POINT('',(-1.55E-15,56.686751345948,9.8));
#4860 = VECTOR('',#4861,1.);
#4861 = DIRECTION('',(0.866025403784,0.5,0.));
#4862 = ORIENTED_EDGE('',*,*,#4808,.T.);
#4863 = ORIENTED_EDGE('',*,*,#1290,.F.);
#4864 = PLANE('',#4865);
#4865 = AXIS2_PLACEMENT_3D('',#4866,#4867,#4868);
#4866 = CARTESIAN_POINT('',(5.E-02,56.60014880557,9.9));
#4867 = DIRECTION('',(-0.353553390593,0.612372435696,0.707106781187));
#4868 = DIRECTION('',(-0.866025403784,-0.5,-8.326672684689E-17));
#4869 = ADVANCED_FACE('',(#4870),#4895,.T.);
#4870 = FACE_BOUND('',#4871,.F.);
#4871 = EDGE_LOOP('',(#4872,#4880,#4888,#4894));
#4872 = ORIENTED_EDGE('',*,*,#4873,.F.);
#4873 = EDGE_CURVE('',#4874,#1315,#4876,.T.);
#4874 = VERTEX_POINT('',#4875);
#4875 = CARTESIAN_POINT('',(3.E-15,50.913248654052,9.8));
#4876 = LINE('',#4877,#4878);
#4877 = CARTESIAN_POINT('',(9.41E-15,50.464565016282,9.411428571429));
#4878 = VECTOR('',#4879,1.);
#4879 = DIRECTION('',(8.E-17,0.755928946018,0.654653670708));
#4880 = ORIENTED_EDGE('',*,*,#4881,.T.);
#4881 = EDGE_CURVE('',#4874,#4882,#4884,.T.);
#4882 = VERTEX_POINT('',#4883);
#4883 = CARTESIAN_POINT('',(-3.32,48.996445760342,9.8));
#4884 = LINE('',#4885,#4886);
#4885 = CARTESIAN_POINT('',(2.66E-15,50.913248654052,9.8));
#4886 = VECTOR('',#4887,1.);
#4887 = DIRECTION('',(-0.866025403784,-0.5,0.));
#4888 = ORIENTED_EDGE('',*,*,#4889,.T.);
#4889 = EDGE_CURVE('',#4882,#1317,#4890,.T.);
#4890 = LINE('',#4891,#4892);
#4891 = CARTESIAN_POINT('',(-2.931428571429,48.772103941457,
    9.411428571429));
#4892 = VECTOR('',#4893,1.);
#4893 = DIRECTION('',(-0.654653670708,0.377964473009,0.654653670708));
#4894 = ORIENTED_EDGE('',*,*,#1314,.F.);
#4895 = PLANE('',#4896);
#4896 = AXIS2_PLACEMENT_3D('',#4897,#4898,#4899);
#4897 = CARTESIAN_POINT('',(-5.E-02,50.99985119443,9.9));
#4898 = DIRECTION('',(0.353553390593,-0.612372435696,0.707106781187));
#4899 = DIRECTION('',(0.866025403784,0.5,1.387778780781E-16));
#4900 = ADVANCED_FACE('',(#4901),#4919,.T.);
#4901 = FACE_BOUND('',#4902,.F.);
#4902 = EDGE_LOOP('',(#4903,#4911,#4917,#4918));
#4903 = ORIENTED_EDGE('',*,*,#4904,.F.);
#4904 = EDGE_CURVE('',#4905,#1325,#4907,.T.);
#4905 = VERTEX_POINT('',#4906);
#4906 = CARTESIAN_POINT('',(3.32,48.996445760342,9.8));
#4907 = LINE('',#4908,#4909);
#4908 = CARTESIAN_POINT('',(2.931428571429,48.772103941457,
    9.411428571429));
#4909 = VECTOR('',#4910,1.);
#4910 = DIRECTION('',(0.654653670708,0.377964473009,0.654653670708));
#4911 = ORIENTED_EDGE('',*,*,#4912,.T.);
#4912 = EDGE_CURVE('',#4905,#4874,#4913,.T.);
#4913 = LINE('',#4914,#4915);
#4914 = CARTESIAN_POINT('',(3.32,48.996445760342,9.8));
#4915 = VECTOR('',#4916,1.);
#4916 = DIRECTION('',(-0.866025403784,0.5,0.));
#4917 = ORIENTED_EDGE('',*,*,#4873,.T.);
#4918 = ORIENTED_EDGE('',*,*,#1324,.F.);
#4919 = PLANE('',#4920);
#4920 = AXIS2_PLACEMENT_3D('',#4921,#4922,#4923);
#4921 = CARTESIAN_POINT('',(3.37,49.083048300721,9.9));
#4922 = DIRECTION('',(-0.353553390593,-0.612372435696,0.707106781187));
#4923 = DIRECTION('',(0.866025403784,-0.5,-2.22044604925E-16));
#4924 = ADVANCED_FACE('',(#4925),#4943,.T.);
#4925 = FACE_BOUND('',#4926,.F.);
#4926 = EDGE_LOOP('',(#4927,#4928,#4936,#4942));
#4927 = ORIENTED_EDGE('',*,*,#4889,.F.);
#4928 = ORIENTED_EDGE('',*,*,#4929,.T.);
#4929 = EDGE_CURVE('',#4882,#4930,#4932,.T.);
#4930 = VERTEX_POINT('',#4931);
#4931 = CARTESIAN_POINT('',(-3.32,45.162839972923,9.8));
#4932 = LINE('',#4933,#4934);
#4933 = CARTESIAN_POINT('',(-3.32,48.996445760342,9.8));
#4934 = VECTOR('',#4935,1.);
#4935 = DIRECTION('',(0.,-1.,0.));
#4936 = ORIENTED_EDGE('',*,*,#4937,.T.);
#4937 = EDGE_CURVE('',#4930,#1349,#4938,.T.);
#4938 = LINE('',#4939,#4940);
#4939 = CARTESIAN_POINT('',(-2.931428571429,45.387181791808,
    9.411428571429));
#4940 = VECTOR('',#4941,1.);
#4941 = DIRECTION('',(-0.654653670708,-0.377964473009,0.654653670708));
#4942 = ORIENTED_EDGE('',*,*,#1356,.F.);
#4943 = PLANE('',#4944);
#4944 = AXIS2_PLACEMENT_3D('',#4945,#4946,#4947);
#4945 = CARTESIAN_POINT('',(-3.42,48.996445760342,9.9));
#4946 = DIRECTION('',(0.707106781187,0.,0.707106781187));
#4947 = DIRECTION('',(0.,1.,0.));
#4948 = ADVANCED_FACE('',(#4949),#4967,.T.);
#4949 = FACE_BOUND('',#4950,.F.);
#4950 = EDGE_LOOP('',(#4951,#4959,#4965,#4966));
#4951 = ORIENTED_EDGE('',*,*,#4952,.F.);
#4952 = EDGE_CURVE('',#4953,#1333,#4955,.T.);
#4953 = VERTEX_POINT('',#4954);
#4954 = CARTESIAN_POINT('',(3.32,45.162839972923,9.8));
#4955 = LINE('',#4956,#4957);
#4956 = CARTESIAN_POINT('',(2.931428571429,45.387181791808,
    9.411428571429));
#4957 = VECTOR('',#4958,1.);
#4958 = DIRECTION('',(0.654653670708,-0.377964473009,0.654653670708));
#4959 = ORIENTED_EDGE('',*,*,#4960,.T.);
#4960 = EDGE_CURVE('',#4953,#4905,#4961,.T.);
#4961 = LINE('',#4962,#4963);
#4962 = CARTESIAN_POINT('',(3.32,45.162839972923,9.8));
#4963 = VECTOR('',#4964,1.);
#4964 = DIRECTION('',(0.,1.,0.));
#4965 = ORIENTED_EDGE('',*,*,#4904,.T.);
#4966 = ORIENTED_EDGE('',*,*,#1332,.F.);
#4967 = PLANE('',#4968);
#4968 = AXIS2_PLACEMENT_3D('',#4969,#4970,#4971);
#4969 = CARTESIAN_POINT('',(3.42,45.162839972923,9.9));
#4970 = DIRECTION('',(-0.707106781187,0.,0.707106781187));
#4971 = DIRECTION('',(-0.,-1.,-0.));
#4972 = ADVANCED_FACE('',(#4973),#4991,.T.);
#4973 = FACE_BOUND('',#4974,.F.);
#4974 = EDGE_LOOP('',(#4975,#4976,#4984,#4990));
#4975 = ORIENTED_EDGE('',*,*,#4937,.F.);
#4976 = ORIENTED_EDGE('',*,*,#4977,.T.);
#4977 = EDGE_CURVE('',#4930,#4978,#4980,.T.);
#4978 = VERTEX_POINT('',#4979);
#4979 = CARTESIAN_POINT('',(2.E-15,43.246037079214,9.8));
#4980 = LINE('',#4981,#4982);
#4981 = CARTESIAN_POINT('',(-3.32,45.162839972923,9.8));
#4982 = VECTOR('',#4983,1.);
#4983 = DIRECTION('',(0.866025403784,-0.5,0.));
#4984 = ORIENTED_EDGE('',*,*,#4985,.T.);
#4985 = EDGE_CURVE('',#4978,#1341,#4986,.T.);
#4986 = LINE('',#4987,#4988);
#4987 = CARTESIAN_POINT('',(-2.75E-15,43.694720716984,9.411428571429));
#4988 = VECTOR('',#4989,1.);
#4989 = DIRECTION('',(-8.E-17,-0.755928946018,0.654653670708));
#4990 = ORIENTED_EDGE('',*,*,#1348,.F.);
#4991 = PLANE('',#4992);
#4992 = AXIS2_PLACEMENT_3D('',#4993,#4994,#4995);
#4993 = CARTESIAN_POINT('',(-3.37,45.076237432545,9.9));
#4994 = DIRECTION('',(0.353553390593,0.612372435696,0.707106781187));
#4995 = DIRECTION('',(-0.866025403784,0.5,-2.22044604925E-16));
#4996 = ADVANCED_FACE('',(#4997),#5008,.T.);
#4997 = FACE_BOUND('',#4998,.F.);
#4998 = EDGE_LOOP('',(#4999,#5000,#5006,#5007));
#4999 = ORIENTED_EDGE('',*,*,#4985,.F.);
#5000 = ORIENTED_EDGE('',*,*,#5001,.T.);
#5001 = EDGE_CURVE('',#4978,#4953,#5002,.T.);
#5002 = LINE('',#5003,#5004);
#5003 = CARTESIAN_POINT('',(-1.78E-15,43.246037079214,9.8));
#5004 = VECTOR('',#5005,1.);
#5005 = DIRECTION('',(0.866025403784,0.5,0.));
#5006 = ORIENTED_EDGE('',*,*,#4952,.T.);
#5007 = ORIENTED_EDGE('',*,*,#1340,.F.);
#5008 = PLANE('',#5009);
#5009 = AXIS2_PLACEMENT_3D('',#5010,#5011,#5012);
#5010 = CARTESIAN_POINT('',(5.E-02,43.159434538835,9.9));
#5011 = DIRECTION('',(-0.353553390593,0.612372435696,0.707106781187));
#5012 = DIRECTION('',(-0.866025403784,-0.5,1.387778780781E-16));
#5013 = ADVANCED_FACE('',(#5014),#5039,.T.);
#5014 = FACE_BOUND('',#5015,.F.);
#5015 = EDGE_LOOP('',(#5016,#5024,#5032,#5038));
#5016 = ORIENTED_EDGE('',*,*,#5017,.F.);
#5017 = EDGE_CURVE('',#5018,#1365,#5020,.T.);
#5018 = VERTEX_POINT('',#5019);
#5019 = CARTESIAN_POINT('',(0.,37.472534387317,9.8));
#5020 = LINE('',#5021,#5022);
#5021 = CARTESIAN_POINT('',(2.75E-15,37.023850749547,9.411428571429));
#5022 = VECTOR('',#5023,1.);
#5023 = DIRECTION('',(8.E-17,0.755928946018,0.654653670708));
#5024 = ORIENTED_EDGE('',*,*,#5025,.T.);
#5025 = EDGE_CURVE('',#5018,#5026,#5028,.T.);
#5026 = VERTEX_POINT('',#5027);
#5027 = CARTESIAN_POINT('',(-3.32,35.555731493608,9.8));
#5028 = LINE('',#5029,#5030);
#5029 = CARTESIAN_POINT('',(0.,37.472534387317,9.8));
#5030 = VECTOR('',#5031,1.);
#5031 = DIRECTION('',(-0.866025403784,-0.5,0.));
#5032 = ORIENTED_EDGE('',*,*,#5033,.T.);
#5033 = EDGE_CURVE('',#5026,#1367,#5034,.T.);
#5034 = LINE('',#5035,#5036);
#5035 = CARTESIAN_POINT('',(-2.931428571429,35.331389674723,
    9.411428571429));
#5036 = VECTOR('',#5037,1.);
#5037 = DIRECTION('',(-0.654653670708,0.377964473009,0.654653670708));
#5038 = ORIENTED_EDGE('',*,*,#1364,.F.);
#5039 = PLANE('',#5040);
#5040 = AXIS2_PLACEMENT_3D('',#5041,#5042,#5043);
#5041 = CARTESIAN_POINT('',(-5.E-02,37.559136927696,9.9));
#5042 = DIRECTION('',(0.353553390593,-0.612372435696,0.707106781187));
#5043 = DIRECTION('',(0.866025403784,0.5,1.387778780781E-16));
#5044 = ADVANCED_FACE('',(#5045),#5063,.T.);
#5045 = FACE_BOUND('',#5046,.F.);
#5046 = EDGE_LOOP('',(#5047,#5055,#5061,#5062));
#5047 = ORIENTED_EDGE('',*,*,#5048,.F.);
#5048 = EDGE_CURVE('',#5049,#1375,#5051,.T.);
#5049 = VERTEX_POINT('',#5050);
#5050 = CARTESIAN_POINT('',(3.32,35.555731493608,9.8));
#5051 = LINE('',#5052,#5053);
#5052 = CARTESIAN_POINT('',(2.931428571429,35.331389674723,
    9.411428571429));
#5053 = VECTOR('',#5054,1.);
#5054 = DIRECTION('',(0.654653670708,0.377964473009,0.654653670708));
#5055 = ORIENTED_EDGE('',*,*,#5056,.T.);
#5056 = EDGE_CURVE('',#5049,#5018,#5057,.T.);
#5057 = LINE('',#5058,#5059);
#5058 = CARTESIAN_POINT('',(3.32,35.555731493608,9.8));
#5059 = VECTOR('',#5060,1.);
#5060 = DIRECTION('',(-0.866025403784,0.5,0.));
#5061 = ORIENTED_EDGE('',*,*,#5017,.T.);
#5062 = ORIENTED_EDGE('',*,*,#1374,.F.);
#5063 = PLANE('',#5064);
#5064 = AXIS2_PLACEMENT_3D('',#5065,#5066,#5067);
#5065 = CARTESIAN_POINT('',(3.37,35.642334033986,9.9));
#5066 = DIRECTION('',(-0.353553390593,-0.612372435696,0.707106781187));
#5067 = DIRECTION('',(0.866025403784,-0.5,-2.22044604925E-16));
#5068 = ADVANCED_FACE('',(#5069),#5087,.T.);
#5069 = FACE_BOUND('',#5070,.F.);
#5070 = EDGE_LOOP('',(#5071,#5072,#5080,#5086));
#5071 = ORIENTED_EDGE('',*,*,#5033,.F.);
#5072 = ORIENTED_EDGE('',*,*,#5073,.T.);
#5073 = EDGE_CURVE('',#5026,#5074,#5076,.T.);
#5074 = VERTEX_POINT('',#5075);
#5075 = CARTESIAN_POINT('',(-3.32,31.722125706189,9.8));
#5076 = LINE('',#5077,#5078);
#5077 = CARTESIAN_POINT('',(-3.32,35.555731493608,9.8));
#5078 = VECTOR('',#5079,1.);
#5079 = DIRECTION('',(1.2E-16,-1.,0.));
#5080 = ORIENTED_EDGE('',*,*,#5081,.T.);
#5081 = EDGE_CURVE('',#5074,#1399,#5082,.T.);
#5082 = LINE('',#5083,#5084);
#5083 = CARTESIAN_POINT('',(-2.931428571429,31.946467525074,
    9.411428571429));
#5084 = VECTOR('',#5085,1.);
#5085 = DIRECTION('',(-0.654653670708,-0.377964473009,0.654653670708));
#5086 = ORIENTED_EDGE('',*,*,#1406,.F.);
#5087 = PLANE('',#5088);
#5088 = AXIS2_PLACEMENT_3D('',#5089,#5090,#5091);
#5089 = CARTESIAN_POINT('',(-3.42,35.555731493608,9.9));
#5090 = DIRECTION('',(0.707106781187,6.E-17,0.707106781187));
#5091 = DIRECTION('',(-9.742640687119E-17,1.,1.257359312881E-17));
#5092 = ADVANCED_FACE('',(#5093),#5111,.T.);
#5093 = FACE_BOUND('',#5094,.F.);
#5094 = EDGE_LOOP('',(#5095,#5103,#5109,#5110));
#5095 = ORIENTED_EDGE('',*,*,#5096,.F.);
#5096 = EDGE_CURVE('',#5097,#1383,#5099,.T.);
#5097 = VERTEX_POINT('',#5098);
#5098 = CARTESIAN_POINT('',(3.32,31.722125706189,9.8));
#5099 = LINE('',#5100,#5101);
#5100 = CARTESIAN_POINT('',(2.931428571429,31.946467525074,
    9.411428571429));
#5101 = VECTOR('',#5102,1.);
#5102 = DIRECTION('',(0.654653670708,-0.377964473009,0.654653670708));
#5103 = ORIENTED_EDGE('',*,*,#5104,.T.);
#5104 = EDGE_CURVE('',#5097,#5049,#5105,.T.);
#5105 = LINE('',#5106,#5107);
#5106 = CARTESIAN_POINT('',(3.32,31.722125706189,9.8));
#5107 = VECTOR('',#5108,1.);
#5108 = DIRECTION('',(-1.2E-16,1.,0.));
#5109 = ORIENTED_EDGE('',*,*,#5048,.T.);
#5110 = ORIENTED_EDGE('',*,*,#1382,.F.);
#5111 = PLANE('',#5112);
#5112 = AXIS2_PLACEMENT_3D('',#5113,#5114,#5115);
#5113 = CARTESIAN_POINT('',(3.42,31.722125706189,9.9));
#5114 = DIRECTION('',(-0.707106781187,-9.E-17,0.707106781187));
#5115 = DIRECTION('',(1.186396103068E-16,-1.,-8.639610306789E-18));
#5116 = ADVANCED_FACE('',(#5117),#5135,.T.);
#5117 = FACE_BOUND('',#5118,.F.);
#5118 = EDGE_LOOP('',(#5119,#5120,#5128,#5134));
#5119 = ORIENTED_EDGE('',*,*,#5081,.F.);
#5120 = ORIENTED_EDGE('',*,*,#5121,.T.);
#5121 = EDGE_CURVE('',#5074,#5122,#5124,.T.);
#5122 = VERTEX_POINT('',#5123);
#5123 = CARTESIAN_POINT('',(-1.E-15,29.805322812479,9.8));
#5124 = LINE('',#5125,#5126);
#5125 = CARTESIAN_POINT('',(-3.32,31.722125706189,9.8));
#5126 = VECTOR('',#5127,1.);
#5127 = DIRECTION('',(0.866025403784,-0.5,0.));
#5128 = ORIENTED_EDGE('',*,*,#5129,.T.);
#5129 = EDGE_CURVE('',#5122,#1391,#5130,.T.);
#5130 = LINE('',#5131,#5132);
#5131 = CARTESIAN_POINT('',(-5.26E-15,30.254006450249,9.411428571429));
#5132 = VECTOR('',#5133,1.);
#5133 = DIRECTION('',(-3.4E-16,-0.755928946018,0.654653670708));
#5134 = ORIENTED_EDGE('',*,*,#1398,.F.);
#5135 = PLANE('',#5136);
#5136 = AXIS2_PLACEMENT_3D('',#5137,#5138,#5139);
#5137 = CARTESIAN_POINT('',(-3.37,31.63552316581,9.9));
#5138 = DIRECTION('',(0.353553390593,0.612372435696,0.707106781187));
#5139 = DIRECTION('',(-0.866025403784,0.5,2.775557561563E-17));
#5140 = ADVANCED_FACE('',(#5141),#5152,.T.);
#5141 = FACE_BOUND('',#5142,.F.);
#5142 = EDGE_LOOP('',(#5143,#5144,#5150,#5151));
#5143 = ORIENTED_EDGE('',*,*,#5129,.F.);
#5144 = ORIENTED_EDGE('',*,*,#5145,.T.);
#5145 = EDGE_CURVE('',#5122,#5097,#5146,.T.);
#5146 = LINE('',#5147,#5148);
#5147 = CARTESIAN_POINT('',(8.9E-16,29.805322812479,9.8));
#5148 = VECTOR('',#5149,1.);
#5149 = DIRECTION('',(0.866025403784,0.5,0.));
#5150 = ORIENTED_EDGE('',*,*,#5096,.T.);
#5151 = ORIENTED_EDGE('',*,*,#1390,.F.);
#5152 = PLANE('',#5153);
#5153 = AXIS2_PLACEMENT_3D('',#5154,#5155,#5156);
#5154 = CARTESIAN_POINT('',(5.E-02,29.718720272101,9.9));
#5155 = DIRECTION('',(-0.353553390593,0.612372435696,0.707106781187));
#5156 = DIRECTION('',(-0.866025403784,-0.5,2.775557561563E-17));
#5157 = ADVANCED_FACE('',(#5158),#5183,.T.);
#5158 = FACE_BOUND('',#5159,.F.);
#5159 = EDGE_LOOP('',(#5160,#5168,#5176,#5182));
#5160 = ORIENTED_EDGE('',*,*,#5161,.F.);
#5161 = EDGE_CURVE('',#5162,#1415,#5164,.T.);
#5162 = VERTEX_POINT('',#5163);
#5163 = CARTESIAN_POINT('',(-1.E-14,97.325679945846,9.8));
#5164 = LINE('',#5165,#5166);
#5165 = CARTESIAN_POINT('',(-2.641E-14,97.774363583617,9.411428571429));
#5166 = VECTOR('',#5167,1.);
#5167 = DIRECTION('',(-1.7E-16,-0.755928946018,0.654653670708));
#5168 = ORIENTED_EDGE('',*,*,#5169,.T.);
#5169 = EDGE_CURVE('',#5162,#5170,#5172,.T.);
#5170 = VERTEX_POINT('',#5171);
#5171 = CARTESIAN_POINT('',(3.32,99.242482839556,9.8));
#5172 = LINE('',#5173,#5174);
#5173 = CARTESIAN_POINT('',(-6.22E-15,97.325679945846,9.8));
#5174 = VECTOR('',#5175,1.);
#5175 = DIRECTION('',(0.866025403784,0.5,0.));
#5176 = ORIENTED_EDGE('',*,*,#5177,.T.);
#5177 = EDGE_CURVE('',#5170,#1417,#5178,.T.);
#5178 = LINE('',#5179,#5180);
#5179 = CARTESIAN_POINT('',(2.931428571429,99.466824658441,
    9.411428571429));
#5180 = VECTOR('',#5181,1.);
#5181 = DIRECTION('',(0.654653670708,-0.377964473009,0.654653670708));
#5182 = ORIENTED_EDGE('',*,*,#1414,.F.);
#5183 = PLANE('',#5184);
#5184 = AXIS2_PLACEMENT_3D('',#5185,#5186,#5187);
#5185 = CARTESIAN_POINT('',(4.999999999999E-02,97.239077405468,9.9));
#5186 = DIRECTION('',(-0.353553390593,0.612372435696,0.707106781187));
#5187 = DIRECTION('',(-0.866025403784,-0.5,2.775557561563E-17));
#5188 = ADVANCED_FACE('',(#5189),#5207,.T.);
#5189 = FACE_BOUND('',#5190,.F.);
#5190 = EDGE_LOOP('',(#5191,#5199,#5205,#5206));
#5191 = ORIENTED_EDGE('',*,*,#5192,.F.);
#5192 = EDGE_CURVE('',#5193,#1425,#5195,.T.);
#5193 = VERTEX_POINT('',#5194);
#5194 = CARTESIAN_POINT('',(-3.32,99.242482839556,9.8));
#5195 = LINE('',#5196,#5197);
#5196 = CARTESIAN_POINT('',(-2.931428571429,99.466824658441,
    9.411428571429));
#5197 = VECTOR('',#5198,1.);
#5198 = DIRECTION('',(-0.654653670708,-0.377964473009,0.654653670708));
#5199 = ORIENTED_EDGE('',*,*,#5200,.T.);
#5200 = EDGE_CURVE('',#5193,#5162,#5201,.T.);
#5201 = LINE('',#5202,#5203);
#5202 = CARTESIAN_POINT('',(-3.32,99.242482839556,9.8));
#5203 = VECTOR('',#5204,1.);
#5204 = DIRECTION('',(0.866025403784,-0.5,0.));
#5205 = ORIENTED_EDGE('',*,*,#5161,.T.);
#5206 = ORIENTED_EDGE('',*,*,#1424,.F.);
#5207 = PLANE('',#5208);
#5208 = AXIS2_PLACEMENT_3D('',#5209,#5210,#5211);
#5209 = CARTESIAN_POINT('',(-3.37,99.155880299178,9.9));
#5210 = DIRECTION('',(0.353553390593,0.612372435696,0.707106781187));
#5211 = DIRECTION('',(-0.866025403784,0.5,-2.775557561563E-17));
#5212 = ADVANCED_FACE('',(#5213),#5231,.T.);
#5213 = FACE_BOUND('',#5214,.F.);
#5214 = EDGE_LOOP('',(#5215,#5216,#5224,#5230));
#5215 = ORIENTED_EDGE('',*,*,#5177,.F.);
#5216 = ORIENTED_EDGE('',*,*,#5217,.T.);
#5217 = EDGE_CURVE('',#5170,#5218,#5220,.T.);
#5218 = VERTEX_POINT('',#5219);
#5219 = CARTESIAN_POINT('',(3.32,103.07608862697,9.8));
#5220 = LINE('',#5221,#5222);
#5221 = CARTESIAN_POINT('',(3.32,99.242482839556,9.8));
#5222 = VECTOR('',#5223,1.);
#5223 = DIRECTION('',(0.,1.,0.));
#5224 = ORIENTED_EDGE('',*,*,#5225,.T.);
#5225 = EDGE_CURVE('',#5218,#1449,#5226,.T.);
#5226 = LINE('',#5227,#5228);
#5227 = CARTESIAN_POINT('',(2.931428571429,102.85174680809,
    9.411428571429));
#5228 = VECTOR('',#5229,1.);
#5229 = DIRECTION('',(0.654653670708,0.377964473009,0.654653670708));
#5230 = ORIENTED_EDGE('',*,*,#1456,.F.);
#5231 = PLANE('',#5232);
#5232 = AXIS2_PLACEMENT_3D('',#5233,#5234,#5235);
#5233 = CARTESIAN_POINT('',(3.42,99.242482839556,9.9));
#5234 = DIRECTION('',(-0.707106781187,0.,0.707106781187));
#5235 = DIRECTION('',(-0.,-1.,-0.));
#5236 = ADVANCED_FACE('',(#5237),#5255,.T.);
#5237 = FACE_BOUND('',#5238,.F.);
#5238 = EDGE_LOOP('',(#5239,#5247,#5253,#5254));
#5239 = ORIENTED_EDGE('',*,*,#5240,.F.);
#5240 = EDGE_CURVE('',#5241,#1433,#5243,.T.);
#5241 = VERTEX_POINT('',#5242);
#5242 = CARTESIAN_POINT('',(-3.32,103.07608862697,9.8));
#5243 = LINE('',#5244,#5245);
#5244 = CARTESIAN_POINT('',(-2.931428571429,102.85174680809,
    9.411428571429));
#5245 = VECTOR('',#5246,1.);
#5246 = DIRECTION('',(-0.654653670708,0.377964473009,0.654653670708));
#5247 = ORIENTED_EDGE('',*,*,#5248,.T.);
#5248 = EDGE_CURVE('',#5241,#5193,#5249,.T.);
#5249 = LINE('',#5250,#5251);
#5250 = CARTESIAN_POINT('',(-3.32,103.07608862697,9.8));
#5251 = VECTOR('',#5252,1.);
#5252 = DIRECTION('',(1.2E-16,-1.,0.));
#5253 = ORIENTED_EDGE('',*,*,#5192,.T.);
#5254 = ORIENTED_EDGE('',*,*,#1432,.F.);
#5255 = PLANE('',#5256);
#5256 = AXIS2_PLACEMENT_3D('',#5257,#5258,#5259);
#5257 = CARTESIAN_POINT('',(-3.42,103.07608862697,9.9));
#5258 = DIRECTION('',(0.707106781187,6.E-17,0.707106781187));
#5259 = DIRECTION('',(-9.742640687119E-17,1.,1.257359312881E-17));
#5260 = ADVANCED_FACE('',(#5261),#5279,.T.);
#5261 = FACE_BOUND('',#5262,.F.);
#5262 = EDGE_LOOP('',(#5263,#5264,#5272,#5278));
#5263 = ORIENTED_EDGE('',*,*,#5225,.F.);
#5264 = ORIENTED_EDGE('',*,*,#5265,.T.);
#5265 = EDGE_CURVE('',#5218,#5266,#5268,.T.);
#5266 = VERTEX_POINT('',#5267);
#5267 = CARTESIAN_POINT('',(0.,104.99289152068,9.8));
#5268 = LINE('',#5269,#5270);
#5269 = CARTESIAN_POINT('',(3.32,103.07608862697,9.8));
#5270 = VECTOR('',#5271,1.);
#5271 = DIRECTION('',(-0.866025403784,0.5,0.));
#5272 = ORIENTED_EDGE('',*,*,#5273,.T.);
#5273 = EDGE_CURVE('',#5266,#1441,#5274,.T.);
#5274 = LINE('',#5275,#5276);
#5275 = CARTESIAN_POINT('',(-2.521E-14,104.54420788291,9.411428571429));
#5276 = VECTOR('',#5277,1.);
#5277 = DIRECTION('',(1.7E-16,0.755928946018,0.654653670708));
#5278 = ORIENTED_EDGE('',*,*,#1448,.F.);
#5279 = PLANE('',#5280);
#5280 = AXIS2_PLACEMENT_3D('',#5281,#5282,#5283);
#5281 = CARTESIAN_POINT('',(3.37,103.16269116735,9.9));
#5282 = DIRECTION('',(-0.353553390593,-0.612372435696,0.707106781187));
#5283 = DIRECTION('',(0.866025403784,-0.5,2.775557561563E-17));
#5284 = ADVANCED_FACE('',(#5285),#5296,.T.);
#5285 = FACE_BOUND('',#5286,.F.);
#5286 = EDGE_LOOP('',(#5287,#5288,#5294,#5295));
#5287 = ORIENTED_EDGE('',*,*,#5273,.F.);
#5288 = ORIENTED_EDGE('',*,*,#5289,.T.);
#5289 = EDGE_CURVE('',#5266,#5241,#5290,.T.);
#5290 = LINE('',#5291,#5292);
#5291 = CARTESIAN_POINT('',(0.,104.99289152068,9.8));
#5292 = VECTOR('',#5293,1.);
#5293 = DIRECTION('',(-0.866025403784,-0.5,0.));
#5294 = ORIENTED_EDGE('',*,*,#5240,.T.);
#5295 = ORIENTED_EDGE('',*,*,#1440,.F.);
#5296 = PLANE('',#5297);
#5297 = AXIS2_PLACEMENT_3D('',#5298,#5299,#5300);
#5298 = CARTESIAN_POINT('',(-5.E-02,105.07949406106,9.9));
#5299 = DIRECTION('',(0.353553390593,-0.612372435696,0.707106781187));
#5300 = DIRECTION('',(0.866025403784,0.5,2.775557561563E-17));
#5301 = ADVANCED_FACE('',(#5302),#5327,.T.);
#5302 = FACE_BOUND('',#5303,.F.);
#5303 = EDGE_LOOP('',(#5304,#5312,#5320,#5326));
#5304 = ORIENTED_EDGE('',*,*,#5305,.F.);
#5305 = EDGE_CURVE('',#5306,#1465,#5308,.T.);
#5306 = VERTEX_POINT('',#5307);
#5307 = CARTESIAN_POINT('',(-1.E-15,110.76639421258,9.8));
#5308 = LINE('',#5309,#5310);
#5309 = CARTESIAN_POINT('',(4.49E-15,111.21507785035,9.411428571429));
#5310 = VECTOR('',#5311,1.);
#5311 = DIRECTION('',(-8.E-17,-0.755928946018,0.654653670708));
#5312 = ORIENTED_EDGE('',*,*,#5313,.T.);
#5313 = EDGE_CURVE('',#5306,#5314,#5316,.T.);
#5314 = VERTEX_POINT('',#5315);
#5315 = CARTESIAN_POINT('',(3.32,112.68319710629,9.8));
#5316 = LINE('',#5317,#5318);
#5317 = CARTESIAN_POINT('',(-3.55E-15,110.76639421258,9.8));
#5318 = VECTOR('',#5319,1.);
#5319 = DIRECTION('',(0.866025403784,0.5,0.));
#5320 = ORIENTED_EDGE('',*,*,#5321,.T.);
#5321 = EDGE_CURVE('',#5314,#1467,#5322,.T.);
#5322 = LINE('',#5323,#5324);
#5323 = CARTESIAN_POINT('',(2.931428571429,112.90753892517,
    9.411428571429));
#5324 = VECTOR('',#5325,1.);
#5325 = DIRECTION('',(0.654653670708,-0.377964473009,0.654653670708));
#5326 = ORIENTED_EDGE('',*,*,#1464,.F.);
#5327 = PLANE('',#5328);
#5328 = AXIS2_PLACEMENT_3D('',#5329,#5330,#5331);
#5329 = CARTESIAN_POINT('',(5.E-02,110.6797916722,9.9));
#5330 = DIRECTION('',(-0.353553390593,0.612372435696,0.707106781187));
#5331 = DIRECTION('',(-0.866025403784,-0.5,-2.775557561563E-17));
#5332 = ADVANCED_FACE('',(#5333),#5351,.T.);
#5333 = FACE_BOUND('',#5334,.F.);
#5334 = EDGE_LOOP('',(#5335,#5343,#5349,#5350));
#5335 = ORIENTED_EDGE('',*,*,#5336,.F.);
#5336 = EDGE_CURVE('',#5337,#1475,#5339,.T.);
#5337 = VERTEX_POINT('',#5338);
#5338 = CARTESIAN_POINT('',(-3.32,112.68319710629,9.8));
#5339 = LINE('',#5340,#5341);
#5340 = CARTESIAN_POINT('',(-2.931428571429,112.90753892517,
    9.411428571429));
#5341 = VECTOR('',#5342,1.);
#5342 = DIRECTION('',(-0.654653670708,-0.377964473009,0.654653670708));
#5343 = ORIENTED_EDGE('',*,*,#5344,.T.);
#5344 = EDGE_CURVE('',#5337,#5306,#5345,.T.);
#5345 = LINE('',#5346,#5347);
#5346 = CARTESIAN_POINT('',(-3.32,112.68319710629,9.8));
#5347 = VECTOR('',#5348,1.);
#5348 = DIRECTION('',(0.866025403784,-0.5,0.));
#5349 = ORIENTED_EDGE('',*,*,#5305,.T.);
#5350 = ORIENTED_EDGE('',*,*,#1474,.F.);
#5351 = PLANE('',#5352);
#5352 = AXIS2_PLACEMENT_3D('',#5353,#5354,#5355);
#5353 = CARTESIAN_POINT('',(-3.37,112.59659456591,9.9));
#5354 = DIRECTION('',(0.353553390593,0.612372435696,0.707106781187));
#5355 = DIRECTION('',(-0.866025403784,0.5,-1.110223024625E-16));
#5356 = ADVANCED_FACE('',(#5357),#5375,.T.);
#5357 = FACE_BOUND('',#5358,.F.);
#5358 = EDGE_LOOP('',(#5359,#5360,#5368,#5374));
#5359 = ORIENTED_EDGE('',*,*,#5321,.F.);
#5360 = ORIENTED_EDGE('',*,*,#5361,.T.);
#5361 = EDGE_CURVE('',#5314,#5362,#5364,.T.);
#5362 = VERTEX_POINT('',#5363);
#5363 = CARTESIAN_POINT('',(3.32,116.51680289371,9.8));
#5364 = LINE('',#5365,#5366);
#5365 = CARTESIAN_POINT('',(3.32,112.68319710629,9.8));
#5366 = VECTOR('',#5367,1.);
#5367 = DIRECTION('',(-1.2E-16,1.,0.));
#5368 = ORIENTED_EDGE('',*,*,#5369,.T.);
#5369 = EDGE_CURVE('',#5362,#1499,#5370,.T.);
#5370 = LINE('',#5371,#5372);
#5371 = CARTESIAN_POINT('',(2.931428571429,116.29246107482,
    9.411428571429));
#5372 = VECTOR('',#5373,1.);
#5373 = DIRECTION('',(0.654653670708,0.377964473009,0.654653670708));
#5374 = ORIENTED_EDGE('',*,*,#1506,.F.);
#5375 = PLANE('',#5376);
#5376 = AXIS2_PLACEMENT_3D('',#5377,#5378,#5379);
#5377 = CARTESIAN_POINT('',(3.42,112.68319710629,9.9));
#5378 = DIRECTION('',(-0.707106781187,-9.E-17,0.707106781187));
#5379 = DIRECTION('',(1.186396103068E-16,-1.,-8.639610306789E-18));
#5380 = ADVANCED_FACE('',(#5381),#5399,.T.);
#5381 = FACE_BOUND('',#5382,.F.);
#5382 = EDGE_LOOP('',(#5383,#5391,#5397,#5398));
#5383 = ORIENTED_EDGE('',*,*,#5384,.F.);
#5384 = EDGE_CURVE('',#5385,#1483,#5387,.T.);
#5385 = VERTEX_POINT('',#5386);
#5386 = CARTESIAN_POINT('',(-3.32,116.51680289371,9.8));
#5387 = LINE('',#5388,#5389);
#5388 = CARTESIAN_POINT('',(-2.931428571429,116.29246107482,
    9.411428571429));
#5389 = VECTOR('',#5390,1.);
#5390 = DIRECTION('',(-0.654653670708,0.377964473009,0.654653670708));
#5391 = ORIENTED_EDGE('',*,*,#5392,.T.);
#5392 = EDGE_CURVE('',#5385,#5337,#5393,.T.);
#5393 = LINE('',#5394,#5395);
#5394 = CARTESIAN_POINT('',(-3.32,116.51680289371,9.8));
#5395 = VECTOR('',#5396,1.);
#5396 = DIRECTION('',(-1.2E-16,-1.,0.));
#5397 = ORIENTED_EDGE('',*,*,#5336,.T.);
#5398 = ORIENTED_EDGE('',*,*,#1482,.F.);
#5399 = PLANE('',#5400);
#5400 = AXIS2_PLACEMENT_3D('',#5401,#5402,#5403);
#5401 = CARTESIAN_POINT('',(-3.42,116.51680289371,9.9));
#5402 = DIRECTION('',(0.707106781187,-1.E-16,0.707106781187));
#5403 = DIRECTION('',(1.307106781187E-16,1.,1.071067811865E-17));
#5404 = ADVANCED_FACE('',(#5405),#5423,.T.);
#5405 = FACE_BOUND('',#5406,.F.);
#5406 = EDGE_LOOP('',(#5407,#5408,#5416,#5422));
#5407 = ORIENTED_EDGE('',*,*,#5369,.F.);
#5408 = ORIENTED_EDGE('',*,*,#5409,.T.);
#5409 = EDGE_CURVE('',#5362,#5410,#5412,.T.);
#5410 = VERTEX_POINT('',#5411);
#5411 = CARTESIAN_POINT('',(1.2E-14,118.43360578741,9.8));
#5412 = LINE('',#5413,#5414);
#5413 = CARTESIAN_POINT('',(3.32,116.51680289371,9.8));
#5414 = VECTOR('',#5415,1.);
#5415 = DIRECTION('',(-0.866025403784,0.5,0.));
#5416 = ORIENTED_EDGE('',*,*,#5417,.T.);
#5417 = EDGE_CURVE('',#5410,#1491,#5418,.T.);
#5418 = LINE('',#5419,#5420);
#5419 = CARTESIAN_POINT('',(3.602E-14,117.98492214964,9.411428571429));
#5420 = VECTOR('',#5421,1.);
#5421 = DIRECTION('',(1.7E-16,0.755928946018,0.654653670708));
#5422 = ORIENTED_EDGE('',*,*,#1498,.F.);
#5423 = PLANE('',#5424);
#5424 = AXIS2_PLACEMENT_3D('',#5425,#5426,#5427);
#5425 = CARTESIAN_POINT('',(3.37,116.60340543408,9.9));
#5426 = DIRECTION('',(-0.353553390593,-0.612372435696,0.707106781187));
#5427 = DIRECTION('',(0.866025403784,-0.5,-8.326672684689E-17));
#5428 = ADVANCED_FACE('',(#5429),#5440,.T.);
#5429 = FACE_BOUND('',#5430,.F.);
#5430 = EDGE_LOOP('',(#5431,#5432,#5438,#5439));
#5431 = ORIENTED_EDGE('',*,*,#5417,.F.);
#5432 = ORIENTED_EDGE('',*,*,#5433,.T.);
#5433 = EDGE_CURVE('',#5410,#5385,#5434,.T.);
#5434 = LINE('',#5435,#5436);
#5435 = CARTESIAN_POINT('',(1.78E-15,118.43360578741,9.8));
#5436 = VECTOR('',#5437,1.);
#5437 = DIRECTION('',(-0.866025403784,-0.5,0.));
#5438 = ORIENTED_EDGE('',*,*,#5384,.T.);
#5439 = ORIENTED_EDGE('',*,*,#1490,.F.);
#5440 = PLANE('',#5441);
#5441 = AXIS2_PLACEMENT_3D('',#5442,#5443,#5444);
#5442 = CARTESIAN_POINT('',(-5.E-02,118.52020832779,9.9));
#5443 = DIRECTION('',(0.353553390593,-0.612372435696,0.707106781187));
#5444 = DIRECTION('',(0.866025403784,0.5,1.387778780781E-16));
#5445 = ADVANCED_FACE('',(#5446),#5471,.T.);
#5446 = FACE_BOUND('',#5447,.F.);
#5447 = EDGE_LOOP('',(#5448,#5456,#5464,#5470));
#5448 = ORIENTED_EDGE('',*,*,#5449,.F.);
#5449 = EDGE_CURVE('',#5450,#1515,#5452,.T.);
#5450 = VERTEX_POINT('',#5451);
#5451 = CARTESIAN_POINT('',(-3.32,64.377056931554,9.8));
#5452 = LINE('',#5453,#5454);
#5453 = CARTESIAN_POINT('',(-2.368,66.025969300359,8.848));
#5454 = VECTOR('',#5455,1.);
#5455 = DIRECTION('',(-0.4472135955,-0.774596669241,0.4472135955));
#5456 = ORIENTED_EDGE('',*,*,#5457,.T.);
#5457 = EDGE_CURVE('',#5450,#5458,#5460,.T.);
#5458 = VERTEX_POINT('',#5459);
#5459 = CARTESIAN_POINT('',(-0.84,65.808885599144,9.8));
#5460 = LINE('',#5461,#5462);
#5461 = CARTESIAN_POINT('',(-3.32,64.377056931554,9.8));
#5462 = VECTOR('',#5463,1.);
#5463 = DIRECTION('',(0.866025403784,0.5,0.));
#5464 = ORIENTED_EDGE('',*,*,#5465,.T.);
#5465 = EDGE_CURVE('',#5458,#1517,#5466,.T.);
#5466 = LINE('',#5467,#5468);
#5467 = CARTESIAN_POINT('',(-1.108571428571,65.963945385727,
    9.531428571429));
#5468 = VECTOR('',#5469,1.);
#5469 = DIRECTION('',(0.654653670708,-0.377964473009,0.654653670708));
#5470 = ORIENTED_EDGE('',*,*,#1514,.F.);
#5471 = PLANE('',#5472);
#5472 = AXIS2_PLACEMENT_3D('',#5473,#5474,#5475);
#5473 = CARTESIAN_POINT('',(-3.27,64.290454391175,9.9));
#5474 = DIRECTION('',(-0.353553390593,0.612372435696,0.707106781187));
#5475 = DIRECTION('',(-0.866025403784,-0.5,2.775557561563E-17));
#5476 = ADVANCED_FACE('',(#5477),#5495,.T.);
#5477 = FACE_BOUND('',#5478,.F.);
#5478 = EDGE_LOOP('',(#5479,#5487,#5493,#5494));
#5479 = ORIENTED_EDGE('',*,*,#5480,.F.);
#5480 = EDGE_CURVE('',#5481,#1525,#5483,.T.);
#5481 = VERTEX_POINT('',#5482);
#5482 = CARTESIAN_POINT('',(-3.32,70.104371601915,9.8));
#5483 = LINE('',#5484,#5485);
#5484 = CARTESIAN_POINT('',(-2.864,69.314556433664,9.344));
#5485 = VECTOR('',#5486,1.);
#5486 = DIRECTION('',(-0.4472135955,0.774596669241,0.4472135955));
#5487 = ORIENTED_EDGE('',*,*,#5488,.T.);
#5488 = EDGE_CURVE('',#5481,#5450,#5489,.T.);
#5489 = LINE('',#5490,#5491);
#5490 = CARTESIAN_POINT('',(-3.32,70.104371601915,9.8));
#5491 = VECTOR('',#5492,1.);
#5492 = DIRECTION('',(0.,-1.,0.));
#5493 = ORIENTED_EDGE('',*,*,#5449,.T.);
#5494 = ORIENTED_EDGE('',*,*,#1524,.F.);
#5495 = PLANE('',#5496);
#5496 = AXIS2_PLACEMENT_3D('',#5497,#5498,#5499);
#5497 = CARTESIAN_POINT('',(-3.42,70.104371601915,9.9));
#5498 = DIRECTION('',(0.707106781187,0.,0.707106781187));
#5499 = DIRECTION('',(0.,1.,0.));
#5500 = ADVANCED_FACE('',(#5501),#5519,.T.);
#5501 = FACE_BOUND('',#5502,.F.);
#5502 = EDGE_LOOP('',(#5503,#5504,#5512,#5518));
#5503 = ORIENTED_EDGE('',*,*,#5465,.F.);
#5504 = ORIENTED_EDGE('',*,*,#5505,.T.);
#5505 = EDGE_CURVE('',#5458,#5506,#5508,.T.);
#5506 = VERTEX_POINT('',#5507);
#5507 = CARTESIAN_POINT('',(-0.84,68.672542934325,9.8));
#5508 = LINE('',#5509,#5510);
#5509 = CARTESIAN_POINT('',(-0.84,65.808885599144,9.8));
#5510 = VECTOR('',#5511,1.);
#5511 = DIRECTION('',(4.E-17,1.,0.));
#5512 = ORIENTED_EDGE('',*,*,#5513,.T.);
#5513 = EDGE_CURVE('',#5506,#1533,#5514,.T.);
#5514 = LINE('',#5515,#5516);
#5515 = CARTESIAN_POINT('',(-1.108571428571,68.517483147742,
    9.531428571429));
#5516 = VECTOR('',#5517,1.);
#5517 = DIRECTION('',(0.654653670708,0.377964473009,0.654653670708));
#5518 = ORIENTED_EDGE('',*,*,#1540,.F.);
#5519 = PLANE('',#5520);
#5520 = AXIS2_PLACEMENT_3D('',#5521,#5522,#5523);
#5521 = CARTESIAN_POINT('',(-0.74,65.808885599144,9.9));
#5522 = DIRECTION('',(-0.707106781187,3.E-17,0.707106781187));
#5523 = DIRECTION('',(-4.12132034356E-17,-1.,1.213203435596E-18));
#5524 = ADVANCED_FACE('',(#5525),#5536,.T.);
#5525 = FACE_BOUND('',#5526,.F.);
#5526 = EDGE_LOOP('',(#5527,#5528,#5534,#5535));
#5527 = ORIENTED_EDGE('',*,*,#5513,.F.);
#5528 = ORIENTED_EDGE('',*,*,#5529,.T.);
#5529 = EDGE_CURVE('',#5506,#5481,#5530,.T.);
#5530 = LINE('',#5531,#5532);
#5531 = CARTESIAN_POINT('',(-0.84,68.672542934325,9.8));
#5532 = VECTOR('',#5533,1.);
#5533 = DIRECTION('',(-0.866025403784,0.5,0.));
#5534 = ORIENTED_EDGE('',*,*,#5480,.T.);
#5535 = ORIENTED_EDGE('',*,*,#1532,.F.);
#5536 = PLANE('',#5537);
#5537 = AXIS2_PLACEMENT_3D('',#5538,#5539,#5540);
#5538 = CARTESIAN_POINT('',(-0.79,68.759145474703,9.9));
#5539 = DIRECTION('',(-0.353553390593,-0.612372435696,0.707106781187));
#5540 = DIRECTION('',(0.866025403784,-0.5,5.551115123126E-17));
#5541 = ADVANCED_FACE('',(#5542),#5567,.T.);
#5542 = FACE_BOUND('',#5543,.F.);
#5543 = EDGE_LOOP('',(#5544,#5552,#5560,#5566));
#5544 = ORIENTED_EDGE('',*,*,#5545,.F.);
#5545 = EDGE_CURVE('',#5546,#1549,#5548,.T.);
#5546 = VERTEX_POINT('',#5547);
#5547 = CARTESIAN_POINT('',(3.32,70.104371601915,9.8));
#5548 = LINE('',#5549,#5550);
#5549 = CARTESIAN_POINT('',(3.36,70.173653634218,9.84));
#5550 = VECTOR('',#5551,1.);
#5551 = DIRECTION('',(0.4472135955,0.774596669241,0.4472135955));
#5552 = ORIENTED_EDGE('',*,*,#5553,.T.);
#5553 = EDGE_CURVE('',#5546,#5554,#5556,.T.);
#5554 = VERTEX_POINT('',#5555);
#5555 = CARTESIAN_POINT('',(0.84,68.672542934325,9.8));
#5556 = LINE('',#5557,#5558);
#5557 = CARTESIAN_POINT('',(3.32,70.104371601915,9.8));
#5558 = VECTOR('',#5559,1.);
#5559 = DIRECTION('',(-0.866025403784,-0.5,0.));
#5560 = ORIENTED_EDGE('',*,*,#5561,.T.);
#5561 = EDGE_CURVE('',#5554,#1551,#5562,.T.);
#5562 = LINE('',#5563,#5564);
#5563 = CARTESIAN_POINT('',(1.108571428571,68.517483147742,
    9.531428571429));
#5564 = VECTOR('',#5565,1.);
#5565 = DIRECTION('',(-0.654653670708,0.377964473009,0.654653670708));
#5566 = ORIENTED_EDGE('',*,*,#1548,.F.);
#5567 = PLANE('',#5568);
#5568 = AXIS2_PLACEMENT_3D('',#5569,#5570,#5571);
#5569 = CARTESIAN_POINT('',(3.27,70.190974142293,9.9));
#5570 = DIRECTION('',(0.353553390593,-0.612372435696,0.707106781187));
#5571 = DIRECTION('',(0.866025403784,0.5,2.775557561563E-17));
#5572 = ADVANCED_FACE('',(#5573),#5591,.F.);
#5573 = FACE_BOUND('',#5574,.T.);
#5574 = EDGE_LOOP('',(#5575,#5576,#5584,#5590));
#5575 = ORIENTED_EDGE('',*,*,#5545,.F.);
#5576 = ORIENTED_EDGE('',*,*,#5577,.T.);
#5577 = EDGE_CURVE('',#5546,#5578,#5580,.T.);
#5578 = VERTEX_POINT('',#5579);
#5579 = CARTESIAN_POINT('',(3.32,64.377056931554,9.8));
#5580 = LINE('',#5581,#5582);
#5581 = CARTESIAN_POINT('',(3.32,70.104371601915,9.8));
#5582 = VECTOR('',#5583,1.);
#5583 = DIRECTION('',(8.E-17,-1.,0.));
#5584 = ORIENTED_EDGE('',*,*,#5585,.T.);
#5585 = EDGE_CURVE('',#5578,#1559,#5586,.T.);
#5586 = LINE('',#5587,#5588);
#5587 = CARTESIAN_POINT('',(1.872,66.885066500914,8.352));
#5588 = VECTOR('',#5589,1.);
#5589 = DIRECTION('',(0.4472135955,-0.774596669241,0.4472135955));
#5590 = ORIENTED_EDGE('',*,*,#1558,.F.);
#5591 = PLANE('',#5592);
#5592 = AXIS2_PLACEMENT_3D('',#5593,#5594,#5595);
#5593 = CARTESIAN_POINT('',(3.42,70.104371601915,9.9));
#5594 = DIRECTION('',(0.707106781187,6.E-17,-0.707106781187));
#5595 = DIRECTION('',(-7.742640687119E-17,1.,7.426406871193E-18));
#5596 = ADVANCED_FACE('',(#5597),#5615,.T.);
#5597 = FACE_BOUND('',#5598,.F.);
#5598 = EDGE_LOOP('',(#5599,#5600,#5608,#5614));
#5599 = ORIENTED_EDGE('',*,*,#5561,.F.);
#5600 = ORIENTED_EDGE('',*,*,#5601,.T.);
#5601 = EDGE_CURVE('',#5554,#5602,#5604,.T.);
#5602 = VERTEX_POINT('',#5603);
#5603 = CARTESIAN_POINT('',(0.84,65.808885599144,9.8));
#5604 = LINE('',#5605,#5606);
#5605 = CARTESIAN_POINT('',(0.84,68.672542934325,9.8));
#5606 = VECTOR('',#5607,1.);
#5607 = DIRECTION('',(4.E-17,-1.,0.));
#5608 = ORIENTED_EDGE('',*,*,#5609,.T.);
#5609 = EDGE_CURVE('',#5602,#1567,#5610,.T.);
#5610 = LINE('',#5611,#5612);
#5611 = CARTESIAN_POINT('',(1.108571428571,65.963945385727,
    9.531428571429));
#5612 = VECTOR('',#5613,1.);
#5613 = DIRECTION('',(-0.654653670708,-0.377964473009,0.654653670708));
#5614 = ORIENTED_EDGE('',*,*,#1574,.F.);
#5615 = PLANE('',#5616);
#5616 = AXIS2_PLACEMENT_3D('',#5617,#5618,#5619);
#5617 = CARTESIAN_POINT('',(0.74,68.672542934325,9.9));
#5618 = DIRECTION('',(0.707106781187,3.E-17,0.707106781187));
#5619 = DIRECTION('',(-4.12132034356E-17,1.,-1.213203435596E-18));
#5620 = ADVANCED_FACE('',(#5621),#5632,.T.);
#5621 = FACE_BOUND('',#5622,.F.);
#5622 = EDGE_LOOP('',(#5623,#5624,#5630,#5631));
#5623 = ORIENTED_EDGE('',*,*,#5609,.F.);
#5624 = ORIENTED_EDGE('',*,*,#5625,.T.);
#5625 = EDGE_CURVE('',#5602,#5578,#5626,.T.);
#5626 = LINE('',#5627,#5628);
#5627 = CARTESIAN_POINT('',(0.84,65.808885599144,9.8));
#5628 = VECTOR('',#5629,1.);
#5629 = DIRECTION('',(0.866025403784,-0.5,0.));
#5630 = ORIENTED_EDGE('',*,*,#5585,.T.);
#5631 = ORIENTED_EDGE('',*,*,#1566,.F.);
#5632 = PLANE('',#5633);
#5633 = AXIS2_PLACEMENT_3D('',#5634,#5635,#5636);
#5634 = CARTESIAN_POINT('',(0.79,65.722283058766,9.9));
#5635 = DIRECTION('',(0.353553390593,0.612372435696,0.707106781187));
#5636 = DIRECTION('',(-0.866025403784,0.5,-1.942890293094E-16));
#5637 = ADVANCED_FACE('',(#5638),#5663,.T.);
#5638 = FACE_BOUND('',#5639,.F.);
#5639 = EDGE_LOOP('',(#5640,#5648,#5656,#5662));
#5640 = ORIENTED_EDGE('',*,*,#5641,.F.);
#5641 = EDGE_CURVE('',#5642,#1583,#5644,.T.);
#5642 = VERTEX_POINT('',#5643);
#5643 = CARTESIAN_POINT('',(-3.32,50.936342664819,9.8));
#5644 = LINE('',#5645,#5646);
#5645 = CARTESIAN_POINT('',(-2.368,52.585255033625,8.848));
#5646 = VECTOR('',#5647,1.);
#5647 = DIRECTION('',(-0.4472135955,-0.774596669241,0.4472135955));
#5648 = ORIENTED_EDGE('',*,*,#5649,.T.);
#5649 = EDGE_CURVE('',#5642,#5650,#5652,.T.);
#5650 = VERTEX_POINT('',#5651);
#5651 = CARTESIAN_POINT('',(-0.84,52.36817133241,9.8));
#5652 = LINE('',#5653,#5654);
#5653 = CARTESIAN_POINT('',(-3.32,50.936342664819,9.8));
#5654 = VECTOR('',#5655,1.);
#5655 = DIRECTION('',(0.866025403784,0.5,0.));
#5656 = ORIENTED_EDGE('',*,*,#5657,.T.);
#5657 = EDGE_CURVE('',#5650,#1585,#5658,.T.);
#5658 = LINE('',#5659,#5660);
#5659 = CARTESIAN_POINT('',(-1.108571428571,52.523231118992,
    9.531428571429));
#5660 = VECTOR('',#5661,1.);
#5661 = DIRECTION('',(0.654653670708,-0.377964473009,0.654653670708));
#5662 = ORIENTED_EDGE('',*,*,#1582,.F.);
#5663 = PLANE('',#5664);
#5664 = AXIS2_PLACEMENT_3D('',#5665,#5666,#5667);
#5665 = CARTESIAN_POINT('',(-3.27,50.849740124441,9.9));
#5666 = DIRECTION('',(-0.353553390593,0.612372435696,0.707106781187));
#5667 = DIRECTION('',(-0.866025403784,-0.5,1.942890293094E-16));
#5668 = ADVANCED_FACE('',(#5669),#5687,.T.);
#5669 = FACE_BOUND('',#5670,.F.);
#5670 = EDGE_LOOP('',(#5671,#5679,#5685,#5686));
#5671 = ORIENTED_EDGE('',*,*,#5672,.F.);
#5672 = EDGE_CURVE('',#5673,#1593,#5675,.T.);
#5673 = VERTEX_POINT('',#5674);
#5674 = CARTESIAN_POINT('',(-3.32,56.663657335181,9.8));
#5675 = LINE('',#5676,#5677);
#5676 = CARTESIAN_POINT('',(-2.864,55.873842166929,9.344));
#5677 = VECTOR('',#5678,1.);
#5678 = DIRECTION('',(-0.4472135955,0.774596669241,0.4472135955));
#5679 = ORIENTED_EDGE('',*,*,#5680,.T.);
#5680 = EDGE_CURVE('',#5673,#5642,#5681,.T.);
#5681 = LINE('',#5682,#5683);
#5682 = CARTESIAN_POINT('',(-3.32,56.663657335181,9.8));
#5683 = VECTOR('',#5684,1.);
#5684 = DIRECTION('',(8.E-17,-1.,0.));
#5685 = ORIENTED_EDGE('',*,*,#5641,.T.);
#5686 = ORIENTED_EDGE('',*,*,#1592,.F.);
#5687 = PLANE('',#5688);
#5688 = AXIS2_PLACEMENT_3D('',#5689,#5690,#5691);
#5689 = CARTESIAN_POINT('',(-3.42,56.663657335181,9.9));
#5690 = DIRECTION('',(0.707106781187,3.E-17,0.707106781187));
#5691 = DIRECTION('',(-6.12132034356E-17,1.,1.87867965644E-17));
#5692 = ADVANCED_FACE('',(#5693),#5711,.T.);
#5693 = FACE_BOUND('',#5694,.F.);
#5694 = EDGE_LOOP('',(#5695,#5696,#5704,#5710));
#5695 = ORIENTED_EDGE('',*,*,#5657,.F.);
#5696 = ORIENTED_EDGE('',*,*,#5697,.T.);
#5697 = EDGE_CURVE('',#5650,#5698,#5700,.T.);
#5698 = VERTEX_POINT('',#5699);
#5699 = CARTESIAN_POINT('',(-0.84,55.23182866759,9.8));
#5700 = LINE('',#5701,#5702);
#5701 = CARTESIAN_POINT('',(-0.84,52.36817133241,9.8));
#5702 = VECTOR('',#5703,1.);
#5703 = DIRECTION('',(-1.2E-16,1.,0.));
#5704 = ORIENTED_EDGE('',*,*,#5705,.T.);
#5705 = EDGE_CURVE('',#5698,#1601,#5706,.T.);
#5706 = LINE('',#5707,#5708);
#5707 = CARTESIAN_POINT('',(-1.108571428571,55.076768881008,
    9.531428571429));
#5708 = VECTOR('',#5709,1.);
#5709 = DIRECTION('',(0.654653670708,0.377964473009,0.654653670708));
#5710 = ORIENTED_EDGE('',*,*,#1608,.F.);
#5711 = PLANE('',#5712);
#5712 = AXIS2_PLACEMENT_3D('',#5713,#5714,#5715);
#5713 = CARTESIAN_POINT('',(-0.74,52.36817133241,9.9));
#5714 = DIRECTION('',(-0.707106781187,-8.E-17,0.707106781187));
#5715 = DIRECTION('',(1.115685424949E-16,-1.,-1.568542494924E-18));
#5716 = ADVANCED_FACE('',(#5717),#5728,.T.);
#5717 = FACE_BOUND('',#5718,.F.);
#5718 = EDGE_LOOP('',(#5719,#5720,#5726,#5727));
#5719 = ORIENTED_EDGE('',*,*,#5705,.F.);
#5720 = ORIENTED_EDGE('',*,*,#5721,.T.);
#5721 = EDGE_CURVE('',#5698,#5673,#5722,.T.);
#5722 = LINE('',#5723,#5724);
#5723 = CARTESIAN_POINT('',(-0.84,55.23182866759,9.8));
#5724 = VECTOR('',#5725,1.);
#5725 = DIRECTION('',(-0.866025403784,0.5,0.));
#5726 = ORIENTED_EDGE('',*,*,#5672,.T.);
#5727 = ORIENTED_EDGE('',*,*,#1600,.F.);
#5728 = PLANE('',#5729);
#5729 = AXIS2_PLACEMENT_3D('',#5730,#5731,#5732);
#5730 = CARTESIAN_POINT('',(-0.79,55.318431207969,9.9));
#5731 = DIRECTION('',(-0.353553390593,-0.612372435696,0.707106781187));
#5732 = DIRECTION('',(0.866025403784,-0.5,-3.053113317719E-16));
#5733 = ADVANCED_FACE('',(#5734),#5759,.T.);
#5734 = FACE_BOUND('',#5735,.F.);
#5735 = EDGE_LOOP('',(#5736,#5744,#5752,#5758));
#5736 = ORIENTED_EDGE('',*,*,#5737,.F.);
#5737 = EDGE_CURVE('',#5738,#1617,#5740,.T.);
#5738 = VERTEX_POINT('',#5739);
#5739 = CARTESIAN_POINT('',(3.32,56.663657335181,9.8));
#5740 = LINE('',#5741,#5742);
#5741 = CARTESIAN_POINT('',(3.36,56.732939367483,9.84));
#5742 = VECTOR('',#5743,1.);
#5743 = DIRECTION('',(0.4472135955,0.774596669241,0.4472135955));
#5744 = ORIENTED_EDGE('',*,*,#5745,.T.);
#5745 = EDGE_CURVE('',#5738,#5746,#5748,.T.);
#5746 = VERTEX_POINT('',#5747);
#5747 = CARTESIAN_POINT('',(0.84,55.23182866759,9.8));
#5748 = LINE('',#5749,#5750);
#5749 = CARTESIAN_POINT('',(3.32,56.663657335181,9.8));
#5750 = VECTOR('',#5751,1.);
#5751 = DIRECTION('',(-0.866025403784,-0.5,0.));
#5752 = ORIENTED_EDGE('',*,*,#5753,.T.);
#5753 = EDGE_CURVE('',#5746,#1619,#5754,.T.);
#5754 = LINE('',#5755,#5756);
#5755 = CARTESIAN_POINT('',(1.108571428571,55.076768881008,
    9.531428571429));
#5756 = VECTOR('',#5757,1.);
#5757 = DIRECTION('',(-0.654653670708,0.377964473009,0.654653670708));
#5758 = ORIENTED_EDGE('',*,*,#1616,.F.);
#5759 = PLANE('',#5760);
#5760 = AXIS2_PLACEMENT_3D('',#5761,#5762,#5763);
#5761 = CARTESIAN_POINT('',(3.27,56.750259875559,9.9));
#5762 = DIRECTION('',(0.353553390593,-0.612372435696,0.707106781187));
#5763 = DIRECTION('',(0.866025403784,0.5,-1.387778780781E-16));
#5764 = ADVANCED_FACE('',(#5765),#5783,.F.);
#5765 = FACE_BOUND('',#5766,.T.);
#5766 = EDGE_LOOP('',(#5767,#5768,#5776,#5782));
#5767 = ORIENTED_EDGE('',*,*,#5737,.F.);
#5768 = ORIENTED_EDGE('',*,*,#5769,.T.);
#5769 = EDGE_CURVE('',#5738,#5770,#5772,.T.);
#5770 = VERTEX_POINT('',#5771);
#5771 = CARTESIAN_POINT('',(3.32,50.936342664819,9.8));
#5772 = LINE('',#5773,#5774);
#5773 = CARTESIAN_POINT('',(3.32,56.663657335181,9.8));
#5774 = VECTOR('',#5775,1.);
#5775 = DIRECTION('',(-8.E-17,-1.,0.));
#5776 = ORIENTED_EDGE('',*,*,#5777,.T.);
#5777 = EDGE_CURVE('',#5770,#1627,#5778,.T.);
#5778 = LINE('',#5779,#5780);
#5779 = CARTESIAN_POINT('',(1.872,53.444352234179,8.352));
#5780 = VECTOR('',#5781,1.);
#5781 = DIRECTION('',(0.4472135955,-0.774596669241,0.4472135955));
#5782 = ORIENTED_EDGE('',*,*,#1626,.F.);
#5783 = PLANE('',#5784);
#5784 = AXIS2_PLACEMENT_3D('',#5785,#5786,#5787);
#5785 = CARTESIAN_POINT('',(3.42,56.663657335181,9.9));
#5786 = DIRECTION('',(0.707106781187,-3.E-17,-0.707106781187));
#5787 = DIRECTION('',(6.12132034356E-17,1.,1.87867965644E-17));
#5788 = ADVANCED_FACE('',(#5789),#5807,.T.);
#5789 = FACE_BOUND('',#5790,.F.);
#5790 = EDGE_LOOP('',(#5791,#5792,#5800,#5806));
#5791 = ORIENTED_EDGE('',*,*,#5753,.F.);
#5792 = ORIENTED_EDGE('',*,*,#5793,.T.);
#5793 = EDGE_CURVE('',#5746,#5794,#5796,.T.);
#5794 = VERTEX_POINT('',#5795);
#5795 = CARTESIAN_POINT('',(0.84,52.36817133241,9.8));
#5796 = LINE('',#5797,#5798);
#5797 = CARTESIAN_POINT('',(0.84,55.23182866759,9.8));
#5798 = VECTOR('',#5799,1.);
#5799 = DIRECTION('',(-1.6E-16,-1.,0.));
#5800 = ORIENTED_EDGE('',*,*,#5801,.T.);
#5801 = EDGE_CURVE('',#5794,#1635,#5802,.T.);
#5802 = LINE('',#5803,#5804);
#5803 = CARTESIAN_POINT('',(1.108571428571,52.523231118992,
    9.531428571429));
#5804 = VECTOR('',#5805,1.);
#5805 = DIRECTION('',(-0.654653670708,-0.377964473009,0.654653670708));
#5806 = ORIENTED_EDGE('',*,*,#1642,.F.);
#5807 = PLANE('',#5808);
#5808 = AXIS2_PLACEMENT_3D('',#5809,#5810,#5811);
#5809 = CARTESIAN_POINT('',(0.74,55.23182866759,9.9));
#5810 = DIRECTION('',(0.707106781187,-1.1E-16,0.707106781187));
#5811 = DIRECTION('',(1.527817459305E-16,1.,2.78174593052E-18));
#5812 = ADVANCED_FACE('',(#5813),#5824,.T.);
#5813 = FACE_BOUND('',#5814,.F.);
#5814 = EDGE_LOOP('',(#5815,#5816,#5822,#5823));
#5815 = ORIENTED_EDGE('',*,*,#5801,.F.);
#5816 = ORIENTED_EDGE('',*,*,#5817,.T.);
#5817 = EDGE_CURVE('',#5794,#5770,#5818,.T.);
#5818 = LINE('',#5819,#5820);
#5819 = CARTESIAN_POINT('',(0.84,52.36817133241,9.8));
#5820 = VECTOR('',#5821,1.);
#5821 = DIRECTION('',(0.866025403784,-0.5,0.));
#5822 = ORIENTED_EDGE('',*,*,#5777,.T.);
#5823 = ORIENTED_EDGE('',*,*,#1634,.F.);
#5824 = PLANE('',#5825);
#5825 = AXIS2_PLACEMENT_3D('',#5826,#5827,#5828);
#5826 = CARTESIAN_POINT('',(0.79,52.281568792031,9.9));
#5827 = DIRECTION('',(0.353553390593,0.612372435696,0.707106781187));
#5828 = DIRECTION('',(-0.866025403784,0.5,5.551115123126E-17));
#5829 = ADVANCED_FACE('',(#5830),#5855,.T.);
#5830 = FACE_BOUND('',#5831,.F.);
#5831 = EDGE_LOOP('',(#5832,#5840,#5848,#5854));
#5832 = ORIENTED_EDGE('',*,*,#5833,.F.);
#5833 = EDGE_CURVE('',#5834,#1651,#5836,.T.);
#5834 = VERTEX_POINT('',#5835);
#5835 = CARTESIAN_POINT('',(3.32,43.222943068446,9.8));
#5836 = LINE('',#5837,#5838);
#5837 = CARTESIAN_POINT('',(3.36,43.292225100749,9.84));
#5838 = VECTOR('',#5839,1.);
#5839 = DIRECTION('',(0.4472135955,0.774596669241,0.4472135955));
#5840 = ORIENTED_EDGE('',*,*,#5841,.T.);
#5841 = EDGE_CURVE('',#5834,#5842,#5844,.T.);
#5842 = VERTEX_POINT('',#5843);
#5843 = CARTESIAN_POINT('',(0.84,41.791114400856,9.8));
#5844 = LINE('',#5845,#5846);
#5845 = CARTESIAN_POINT('',(3.32,43.222943068446,9.8));
#5846 = VECTOR('',#5847,1.);
#5847 = DIRECTION('',(-0.866025403784,-0.5,0.));
#5848 = ORIENTED_EDGE('',*,*,#5849,.T.);
#5849 = EDGE_CURVE('',#5842,#1653,#5850,.T.);
#5850 = LINE('',#5851,#5852);
#5851 = CARTESIAN_POINT('',(1.108571428571,41.636054614273,
    9.531428571429));
#5852 = VECTOR('',#5853,1.);
#5853 = DIRECTION('',(-0.654653670708,0.377964473009,0.654653670708));
#5854 = ORIENTED_EDGE('',*,*,#1650,.F.);
#5855 = PLANE('',#5856);
#5856 = AXIS2_PLACEMENT_3D('',#5857,#5858,#5859);
#5857 = CARTESIAN_POINT('',(3.27,43.309545608825,9.9));
#5858 = DIRECTION('',(0.353553390593,-0.612372435696,0.707106781187));
#5859 = DIRECTION('',(0.866025403784,0.5,-1.665334536938E-16));
#5860 = ADVANCED_FACE('',(#5861),#5879,.F.);
#5861 = FACE_BOUND('',#5862,.T.);
#5862 = EDGE_LOOP('',(#5863,#5864,#5872,#5878));
#5863 = ORIENTED_EDGE('',*,*,#5833,.F.);
#5864 = ORIENTED_EDGE('',*,*,#5865,.T.);
#5865 = EDGE_CURVE('',#5834,#5866,#5868,.T.);
#5866 = VERTEX_POINT('',#5867);
#5867 = CARTESIAN_POINT('',(3.32,37.495628398085,9.8));
#5868 = LINE('',#5869,#5870);
#5869 = CARTESIAN_POINT('',(3.32,43.222943068446,9.8));
#5870 = VECTOR('',#5871,1.);
#5871 = DIRECTION('',(0.,-1.,0.));
#5872 = ORIENTED_EDGE('',*,*,#5873,.T.);
#5873 = EDGE_CURVE('',#5866,#1661,#5874,.T.);
#5874 = LINE('',#5875,#5876);
#5875 = CARTESIAN_POINT('',(1.872,40.003637967445,8.352));
#5876 = VECTOR('',#5877,1.);
#5877 = DIRECTION('',(0.4472135955,-0.774596669241,0.4472135955));
#5878 = ORIENTED_EDGE('',*,*,#1660,.F.);
#5879 = PLANE('',#5880);
#5880 = AXIS2_PLACEMENT_3D('',#5881,#5882,#5883);
#5881 = CARTESIAN_POINT('',(3.42,43.222943068446,9.9));
#5882 = DIRECTION('',(0.707106781187,0.,-0.707106781187));
#5883 = DIRECTION('',(0.,1.,0.));
#5884 = ADVANCED_FACE('',(#5885),#5903,.T.);
#5885 = FACE_BOUND('',#5886,.F.);
#5886 = EDGE_LOOP('',(#5887,#5888,#5896,#5902));
#5887 = ORIENTED_EDGE('',*,*,#5849,.F.);
#5888 = ORIENTED_EDGE('',*,*,#5889,.T.);
#5889 = EDGE_CURVE('',#5842,#5890,#5892,.T.);
#5890 = VERTEX_POINT('',#5891);
#5891 = CARTESIAN_POINT('',(0.84,38.927457065675,9.8));
#5892 = LINE('',#5893,#5894);
#5893 = CARTESIAN_POINT('',(0.84,41.791114400856,9.8));
#5894 = VECTOR('',#5895,1.);
#5895 = DIRECTION('',(1.6E-16,-1.,0.));
#5896 = ORIENTED_EDGE('',*,*,#5897,.T.);
#5897 = EDGE_CURVE('',#5890,#1669,#5898,.T.);
#5898 = LINE('',#5899,#5900);
#5899 = CARTESIAN_POINT('',(1.108571428571,39.082516852258,
    9.531428571429));
#5900 = VECTOR('',#5901,1.);
#5901 = DIRECTION('',(-0.654653670708,-0.377964473009,0.654653670708));
#5902 = ORIENTED_EDGE('',*,*,#1676,.F.);
#5903 = PLANE('',#5904);
#5904 = AXIS2_PLACEMENT_3D('',#5905,#5906,#5907);
#5905 = CARTESIAN_POINT('',(0.74,41.791114400856,9.9));
#5906 = DIRECTION('',(0.707106781187,1.1E-16,0.707106781187));
#5907 = DIRECTION('',(-1.527817459305E-16,1.,-2.78174593052E-18));
#5908 = ADVANCED_FACE('',(#5909),#5920,.T.);
#5909 = FACE_BOUND('',#5910,.F.);
#5910 = EDGE_LOOP('',(#5911,#5912,#5918,#5919));
#5911 = ORIENTED_EDGE('',*,*,#5897,.F.);
#5912 = ORIENTED_EDGE('',*,*,#5913,.T.);
#5913 = EDGE_CURVE('',#5890,#5866,#5914,.T.);
#5914 = LINE('',#5915,#5916);
#5915 = CARTESIAN_POINT('',(0.84,38.927457065675,9.8));
#5916 = VECTOR('',#5917,1.);
#5917 = DIRECTION('',(0.866025403784,-0.5,0.));
#5918 = ORIENTED_EDGE('',*,*,#5873,.T.);
#5919 = ORIENTED_EDGE('',*,*,#1668,.F.);
#5920 = PLANE('',#5921);
#5921 = AXIS2_PLACEMENT_3D('',#5922,#5923,#5924);
#5922 = CARTESIAN_POINT('',(0.79,38.840854525297,9.9));
#5923 = DIRECTION('',(0.353553390593,0.612372435696,0.707106781187));
#5924 = DIRECTION('',(-0.866025403784,0.5,0.));
#5925 = ADVANCED_FACE('',(#5926),#5951,.T.);
#5926 = FACE_BOUND('',#5927,.F.);
#5927 = EDGE_LOOP('',(#5928,#5936,#5944,#5950));
#5928 = ORIENTED_EDGE('',*,*,#5929,.F.);
#5929 = EDGE_CURVE('',#5930,#1685,#5932,.T.);
#5930 = VERTEX_POINT('',#5931);
#5931 = CARTESIAN_POINT('',(-3.32,37.495628398085,9.8));
#5932 = LINE('',#5933,#5934);
#5933 = CARTESIAN_POINT('',(-2.368,39.144540766891,8.848));
#5934 = VECTOR('',#5935,1.);
#5935 = DIRECTION('',(-0.4472135955,-0.774596669241,0.4472135955));
#5936 = ORIENTED_EDGE('',*,*,#5937,.T.);
#5937 = EDGE_CURVE('',#5930,#5938,#5940,.T.);
#5938 = VERTEX_POINT('',#5939);
#5939 = CARTESIAN_POINT('',(-0.84,38.927457065675,9.8));
#5940 = LINE('',#5941,#5942);
#5941 = CARTESIAN_POINT('',(-3.32,37.495628398085,9.8));
#5942 = VECTOR('',#5943,1.);
#5943 = DIRECTION('',(0.866025403784,0.5,0.));
#5944 = ORIENTED_EDGE('',*,*,#5945,.T.);
#5945 = EDGE_CURVE('',#5938,#1687,#5946,.T.);
#5946 = LINE('',#5947,#5948);
#5947 = CARTESIAN_POINT('',(-1.108571428571,39.082516852258,
    9.531428571429));
#5948 = VECTOR('',#5949,1.);
#5949 = DIRECTION('',(0.654653670708,-0.377964473009,0.654653670708));
#5950 = ORIENTED_EDGE('',*,*,#1684,.F.);
#5951 = PLANE('',#5952);
#5952 = AXIS2_PLACEMENT_3D('',#5953,#5954,#5955);
#5953 = CARTESIAN_POINT('',(-3.27,37.409025857707,9.9));
#5954 = DIRECTION('',(-0.353553390593,0.612372435696,0.707106781187));
#5955 = DIRECTION('',(-0.866025403784,-0.5,-1.387778780781E-16));
#5956 = ADVANCED_FACE('',(#5957),#5975,.T.);
#5957 = FACE_BOUND('',#5958,.F.);
#5958 = EDGE_LOOP('',(#5959,#5967,#5973,#5974));
#5959 = ORIENTED_EDGE('',*,*,#5960,.F.);
#5960 = EDGE_CURVE('',#5961,#1695,#5963,.T.);
#5961 = VERTEX_POINT('',#5962);
#5962 = CARTESIAN_POINT('',(-3.32,43.222943068446,9.8));
#5963 = LINE('',#5964,#5965);
#5964 = CARTESIAN_POINT('',(-2.864,42.433127900195,9.344));
#5965 = VECTOR('',#5966,1.);
#5966 = DIRECTION('',(-0.4472135955,0.774596669241,0.4472135955));
#5967 = ORIENTED_EDGE('',*,*,#5968,.T.);
#5968 = EDGE_CURVE('',#5961,#5930,#5969,.T.);
#5969 = LINE('',#5970,#5971);
#5970 = CARTESIAN_POINT('',(-3.32,43.222943068446,9.8));
#5971 = VECTOR('',#5972,1.);
#5972 = DIRECTION('',(-8.E-17,-1.,0.));
#5973 = ORIENTED_EDGE('',*,*,#5929,.T.);
#5974 = ORIENTED_EDGE('',*,*,#1694,.F.);
#5975 = PLANE('',#5976);
#5976 = AXIS2_PLACEMENT_3D('',#5977,#5978,#5979);
#5977 = CARTESIAN_POINT('',(-3.42,43.222943068446,9.9));
#5978 = DIRECTION('',(0.707106781187,-3.E-17,0.707106781187));
#5979 = DIRECTION('',(6.12132034356E-17,1.,-1.87867965644E-17));
#5980 = ADVANCED_FACE('',(#5981),#5999,.T.);
#5981 = FACE_BOUND('',#5982,.F.);
#5982 = EDGE_LOOP('',(#5983,#5984,#5992,#5998));
#5983 = ORIENTED_EDGE('',*,*,#5945,.F.);
#5984 = ORIENTED_EDGE('',*,*,#5985,.T.);
#5985 = EDGE_CURVE('',#5938,#5986,#5988,.T.);
#5986 = VERTEX_POINT('',#5987);
#5987 = CARTESIAN_POINT('',(-0.84,41.791114400856,9.8));
#5988 = LINE('',#5989,#5990);
#5989 = CARTESIAN_POINT('',(-0.84,38.927457065675,9.8));
#5990 = VECTOR('',#5991,1.);
#5991 = DIRECTION('',(8.E-17,1.,0.));
#5992 = ORIENTED_EDGE('',*,*,#5993,.T.);
#5993 = EDGE_CURVE('',#5986,#1703,#5994,.T.);
#5994 = LINE('',#5995,#5996);
#5995 = CARTESIAN_POINT('',(-1.108571428571,41.636054614273,
    9.531428571429));
#5996 = VECTOR('',#5997,1.);
#5997 = DIRECTION('',(0.654653670708,0.377964473009,0.654653670708));
#5998 = ORIENTED_EDGE('',*,*,#1710,.F.);
#5999 = PLANE('',#6000);
#6000 = AXIS2_PLACEMENT_3D('',#6001,#6002,#6003);
#6001 = CARTESIAN_POINT('',(-0.74,38.927457065675,9.9));
#6002 = DIRECTION('',(-0.707106781187,6.E-17,0.707106781187));
#6003 = DIRECTION('',(-7.742640687119E-17,-1.,7.426406871193E-18));
#6004 = ADVANCED_FACE('',(#6005),#6016,.T.);
#6005 = FACE_BOUND('',#6006,.F.);
#6006 = EDGE_LOOP('',(#6007,#6008,#6014,#6015));
#6007 = ORIENTED_EDGE('',*,*,#5993,.F.);
#6008 = ORIENTED_EDGE('',*,*,#6009,.T.);
#6009 = EDGE_CURVE('',#5986,#5961,#6010,.T.);
#6010 = LINE('',#6011,#6012);
#6011 = CARTESIAN_POINT('',(-0.84,41.791114400856,9.8));
#6012 = VECTOR('',#6013,1.);
#6013 = DIRECTION('',(-0.866025403784,0.5,0.));
#6014 = ORIENTED_EDGE('',*,*,#5960,.T.);
#6015 = ORIENTED_EDGE('',*,*,#1702,.F.);
#6016 = PLANE('',#6017);
#6017 = AXIS2_PLACEMENT_3D('',#6018,#6019,#6020);
#6018 = CARTESIAN_POINT('',(-0.79,41.877716941234,9.9));
#6019 = DIRECTION('',(-0.353553390593,-0.612372435696,0.707106781187));
#6020 = DIRECTION('',(0.866025403784,-0.5,-3.053113317719E-16));
#6021 = ADVANCED_FACE('',(#6022),#6047,.T.);
#6022 = FACE_BOUND('',#6023,.F.);
#6023 = EDGE_LOOP('',(#6024,#6032,#6040,#6046));
#6024 = ORIENTED_EDGE('',*,*,#6025,.F.);
#6025 = EDGE_CURVE('',#6026,#1719,#6028,.T.);
#6026 = VERTEX_POINT('',#6027);
#6027 = CARTESIAN_POINT('',(3.32,29.782228801712,9.8));
#6028 = LINE('',#6029,#6030);
#6029 = CARTESIAN_POINT('',(3.36,29.851510834014,9.84));
#6030 = VECTOR('',#6031,1.);
#6031 = DIRECTION('',(0.4472135955,0.774596669241,0.4472135955));
#6032 = ORIENTED_EDGE('',*,*,#6033,.T.);
#6033 = EDGE_CURVE('',#6026,#6034,#6036,.T.);
#6034 = VERTEX_POINT('',#6035);
#6035 = CARTESIAN_POINT('',(0.84,28.350400134121,9.8));
#6036 = LINE('',#6037,#6038);
#6037 = CARTESIAN_POINT('',(3.32,29.782228801712,9.8));
#6038 = VECTOR('',#6039,1.);
#6039 = DIRECTION('',(-0.866025403784,-0.5,0.));
#6040 = ORIENTED_EDGE('',*,*,#6041,.T.);
#6041 = EDGE_CURVE('',#6034,#1721,#6042,.T.);
#6042 = LINE('',#6043,#6044);
#6043 = CARTESIAN_POINT('',(1.108571428571,28.195340347539,
    9.531428571429));
#6044 = VECTOR('',#6045,1.);
#6045 = DIRECTION('',(-0.654653670708,0.377964473009,0.654653670708));
#6046 = ORIENTED_EDGE('',*,*,#1718,.F.);
#6047 = PLANE('',#6048);
#6048 = AXIS2_PLACEMENT_3D('',#6049,#6050,#6051);
#6049 = CARTESIAN_POINT('',(3.27,29.86883134209,9.9));
#6050 = DIRECTION('',(0.353553390593,-0.612372435696,0.707106781187));
#6051 = DIRECTION('',(0.866025403784,0.5,2.775557561563E-17));
#6052 = ADVANCED_FACE('',(#6053),#6071,.F.);
#6053 = FACE_BOUND('',#6054,.T.);
#6054 = EDGE_LOOP('',(#6055,#6056,#6064,#6070));
#6055 = ORIENTED_EDGE('',*,*,#6025,.F.);
#6056 = ORIENTED_EDGE('',*,*,#6057,.T.);
#6057 = EDGE_CURVE('',#6026,#6058,#6060,.T.);
#6058 = VERTEX_POINT('',#6059);
#6059 = CARTESIAN_POINT('',(3.32,24.054914131351,9.8));
#6060 = LINE('',#6061,#6062);
#6061 = CARTESIAN_POINT('',(3.32,29.782228801712,9.8));
#6062 = VECTOR('',#6063,1.);
#6063 = DIRECTION('',(0.,-1.,0.));
#6064 = ORIENTED_EDGE('',*,*,#6065,.T.);
#6065 = EDGE_CURVE('',#6058,#1729,#6066,.T.);
#6066 = LINE('',#6067,#6068);
#6067 = CARTESIAN_POINT('',(1.872,26.56292370071,8.352));
#6068 = VECTOR('',#6069,1.);
#6069 = DIRECTION('',(0.4472135955,-0.774596669241,0.4472135955));
#6070 = ORIENTED_EDGE('',*,*,#1728,.F.);
#6071 = PLANE('',#6072);
#6072 = AXIS2_PLACEMENT_3D('',#6073,#6074,#6075);
#6073 = CARTESIAN_POINT('',(3.42,29.782228801712,9.9));
#6074 = DIRECTION('',(0.707106781187,0.,-0.707106781187));
#6075 = DIRECTION('',(0.,1.,0.));
#6076 = ADVANCED_FACE('',(#6077),#6095,.T.);
#6077 = FACE_BOUND('',#6078,.F.);
#6078 = EDGE_LOOP('',(#6079,#6080,#6088,#6094));
#6079 = ORIENTED_EDGE('',*,*,#6041,.F.);
#6080 = ORIENTED_EDGE('',*,*,#6081,.T.);
#6081 = EDGE_CURVE('',#6034,#6082,#6084,.T.);
#6082 = VERTEX_POINT('',#6083);
#6083 = CARTESIAN_POINT('',(0.84,25.486742798941,9.8));
#6084 = LINE('',#6085,#6086);
#6085 = CARTESIAN_POINT('',(0.84,28.350400134121,9.8));
#6086 = VECTOR('',#6087,1.);
#6087 = DIRECTION('',(4.E-17,-1.,0.));
#6088 = ORIENTED_EDGE('',*,*,#6089,.T.);
#6089 = EDGE_CURVE('',#6082,#1737,#6090,.T.);
#6090 = LINE('',#6091,#6092);
#6091 = CARTESIAN_POINT('',(1.108571428571,25.641802585523,
    9.531428571429));
#6092 = VECTOR('',#6093,1.);
#6093 = DIRECTION('',(-0.654653670708,-0.377964473009,0.654653670708));
#6094 = ORIENTED_EDGE('',*,*,#1744,.F.);
#6095 = PLANE('',#6096);
#6096 = AXIS2_PLACEMENT_3D('',#6097,#6098,#6099);
#6097 = CARTESIAN_POINT('',(0.74,28.350400134121,9.9));
#6098 = DIRECTION('',(0.707106781187,3.E-17,0.707106781187));
#6099 = DIRECTION('',(-4.12132034356E-17,1.,-1.213203435596E-18));
#6100 = ADVANCED_FACE('',(#6101),#6112,.T.);
#6101 = FACE_BOUND('',#6102,.F.);
#6102 = EDGE_LOOP('',(#6103,#6104,#6110,#6111));
#6103 = ORIENTED_EDGE('',*,*,#6089,.F.);
#6104 = ORIENTED_EDGE('',*,*,#6105,.T.);
#6105 = EDGE_CURVE('',#6082,#6058,#6106,.T.);
#6106 = LINE('',#6107,#6108);
#6107 = CARTESIAN_POINT('',(0.84,25.486742798941,9.8));
#6108 = VECTOR('',#6109,1.);
#6109 = DIRECTION('',(0.866025403784,-0.5,0.));
#6110 = ORIENTED_EDGE('',*,*,#6065,.T.);
#6111 = ORIENTED_EDGE('',*,*,#1736,.F.);
#6112 = PLANE('',#6113);
#6113 = AXIS2_PLACEMENT_3D('',#6114,#6115,#6116);
#6114 = CARTESIAN_POINT('',(0.79,25.400140258562,9.9));
#6115 = DIRECTION('',(0.353553390593,0.612372435696,0.707106781187));
#6116 = DIRECTION('',(-0.866025403784,0.5,5.551115123126E-17));
#6117 = ADVANCED_FACE('',(#6118),#6143,.T.);
#6118 = FACE_BOUND('',#6119,.F.);
#6119 = EDGE_LOOP('',(#6120,#6128,#6136,#6142));
#6120 = ORIENTED_EDGE('',*,*,#6121,.F.);
#6121 = EDGE_CURVE('',#6122,#1753,#6124,.T.);
#6122 = VERTEX_POINT('',#6123);
#6123 = CARTESIAN_POINT('',(-3.32,24.054914131351,9.8));
#6124 = LINE('',#6125,#6126);
#6125 = CARTESIAN_POINT('',(-2.368,25.703826500156,8.848));
#6126 = VECTOR('',#6127,1.);
#6127 = DIRECTION('',(-0.4472135955,-0.774596669241,0.4472135955));
#6128 = ORIENTED_EDGE('',*,*,#6129,.T.);
#6129 = EDGE_CURVE('',#6122,#6130,#6132,.T.);
#6130 = VERTEX_POINT('',#6131);
#6131 = CARTESIAN_POINT('',(-0.84,25.486742798941,9.8));
#6132 = LINE('',#6133,#6134);
#6133 = CARTESIAN_POINT('',(-3.32,24.054914131351,9.8));
#6134 = VECTOR('',#6135,1.);
#6135 = DIRECTION('',(0.866025403784,0.5,0.));
#6136 = ORIENTED_EDGE('',*,*,#6137,.T.);
#6137 = EDGE_CURVE('',#6130,#1755,#6138,.T.);
#6138 = LINE('',#6139,#6140);
#6139 = CARTESIAN_POINT('',(-1.108571428571,25.641802585523,
    9.531428571429));
#6140 = VECTOR('',#6141,1.);
#6141 = DIRECTION('',(0.654653670708,-0.377964473009,0.654653670708));
#6142 = ORIENTED_EDGE('',*,*,#1752,.F.);
#6143 = PLANE('',#6144);
#6144 = AXIS2_PLACEMENT_3D('',#6145,#6146,#6147);
#6145 = CARTESIAN_POINT('',(-3.27,23.968311590972,9.9));
#6146 = DIRECTION('',(-0.353553390593,0.612372435696,0.707106781187));
#6147 = DIRECTION('',(-0.866025403784,-0.5,-1.387778780781E-16));
#6148 = ADVANCED_FACE('',(#6149),#6167,.T.);
#6149 = FACE_BOUND('',#6150,.F.);
#6150 = EDGE_LOOP('',(#6151,#6159,#6165,#6166));
#6151 = ORIENTED_EDGE('',*,*,#6152,.F.);
#6152 = EDGE_CURVE('',#6153,#1763,#6155,.T.);
#6153 = VERTEX_POINT('',#6154);
#6154 = CARTESIAN_POINT('',(-3.32,29.782228801712,9.8));
#6155 = LINE('',#6156,#6157);
#6156 = CARTESIAN_POINT('',(-2.864,28.99241363346,9.344));
#6157 = VECTOR('',#6158,1.);
#6158 = DIRECTION('',(-0.4472135955,0.774596669241,0.4472135955));
#6159 = ORIENTED_EDGE('',*,*,#6160,.T.);
#6160 = EDGE_CURVE('',#6153,#6122,#6161,.T.);
#6161 = LINE('',#6162,#6163);
#6162 = CARTESIAN_POINT('',(-3.32,29.782228801712,9.8));
#6163 = VECTOR('',#6164,1.);
#6164 = DIRECTION('',(1.6E-16,-1.,0.));
#6165 = ORIENTED_EDGE('',*,*,#6121,.T.);
#6166 = ORIENTED_EDGE('',*,*,#1762,.F.);
#6167 = PLANE('',#6168);
#6168 = AXIS2_PLACEMENT_3D('',#6169,#6170,#6171);
#6169 = CARTESIAN_POINT('',(-3.42,29.782228801712,9.9));
#6170 = DIRECTION('',(0.707106781187,9.E-17,0.707106781187));
#6171 = DIRECTION('',(-1.386396103068E-16,1.,1.136038969321E-17));
#6172 = ADVANCED_FACE('',(#6173),#6191,.T.);
#6173 = FACE_BOUND('',#6174,.F.);
#6174 = EDGE_LOOP('',(#6175,#6176,#6184,#6190));
#6175 = ORIENTED_EDGE('',*,*,#6137,.F.);
#6176 = ORIENTED_EDGE('',*,*,#6177,.T.);
#6177 = EDGE_CURVE('',#6130,#6178,#6180,.T.);
#6178 = VERTEX_POINT('',#6179);
#6179 = CARTESIAN_POINT('',(-0.84,28.350400134121,9.8));
#6180 = LINE('',#6181,#6182);
#6181 = CARTESIAN_POINT('',(-0.84,25.486742798941,9.8));
#6182 = VECTOR('',#6183,1.);
#6183 = DIRECTION('',(-3.1E-16,1.,0.));
#6184 = ORIENTED_EDGE('',*,*,#6185,.T.);
#6185 = EDGE_CURVE('',#6178,#1771,#6186,.T.);
#6186 = LINE('',#6187,#6188);
#6187 = CARTESIAN_POINT('',(-1.108571428571,28.195340347539,
    9.531428571429));
#6188 = VECTOR('',#6189,1.);
#6189 = DIRECTION('',(0.654653670708,0.377964473009,0.654653670708));
#6190 = ORIENTED_EDGE('',*,*,#1778,.F.);
#6191 = PLANE('',#6192);
#6192 = AXIS2_PLACEMENT_3D('',#6193,#6194,#6195);
#6193 = CARTESIAN_POINT('',(-0.74,25.486742798941,9.9));
#6194 = DIRECTION('',(-0.707106781187,-2.2E-16,0.707106781187));
#6195 = DIRECTION('',(3.10563491861E-16,-1.,-5.634918610407E-19));
#6196 = ADVANCED_FACE('',(#6197),#6208,.T.);
#6197 = FACE_BOUND('',#6198,.F.);
#6198 = EDGE_LOOP('',(#6199,#6200,#6206,#6207));
#6199 = ORIENTED_EDGE('',*,*,#6185,.F.);
#6200 = ORIENTED_EDGE('',*,*,#6201,.T.);
#6201 = EDGE_CURVE('',#6178,#6153,#6202,.T.);
#6202 = LINE('',#6203,#6204);
#6203 = CARTESIAN_POINT('',(-0.84,28.350400134121,9.8));
#6204 = VECTOR('',#6205,1.);
#6205 = DIRECTION('',(-0.866025403784,0.5,0.));
#6206 = ORIENTED_EDGE('',*,*,#6152,.T.);
#6207 = ORIENTED_EDGE('',*,*,#1770,.F.);
#6208 = PLANE('',#6209);
#6209 = AXIS2_PLACEMENT_3D('',#6210,#6211,#6212);
#6210 = CARTESIAN_POINT('',(-0.79,28.4370026745,9.9));
#6211 = DIRECTION('',(-0.353553390593,-0.612372435696,0.707106781187));
#6212 = DIRECTION('',(0.866025403784,-0.5,5.551115123126E-17));
#6213 = ADVANCED_FACE('',(#6214),#6239,.T.);
#6214 = FACE_BOUND('',#6215,.F.);
#6215 = EDGE_LOOP('',(#6216,#6224,#6232,#6238));
#6216 = ORIENTED_EDGE('',*,*,#6217,.F.);
#6217 = EDGE_CURVE('',#6218,#1787,#6220,.T.);
#6218 = VERTEX_POINT('',#6219);
#6219 = CARTESIAN_POINT('',(-3.32,77.817771198288,9.8));
#6220 = LINE('',#6221,#6222);
#6221 = CARTESIAN_POINT('',(-2.368,79.466683567094,8.848));
#6222 = VECTOR('',#6223,1.);
#6223 = DIRECTION('',(-0.4472135955,-0.774596669241,0.4472135955));
#6224 = ORIENTED_EDGE('',*,*,#6225,.T.);
#6225 = EDGE_CURVE('',#6218,#6226,#6228,.T.);
#6226 = VERTEX_POINT('',#6227);
#6227 = CARTESIAN_POINT('',(-0.84,79.249599865879,9.8));
#6228 = LINE('',#6229,#6230);
#6229 = CARTESIAN_POINT('',(-3.32,77.817771198288,9.8));
#6230 = VECTOR('',#6231,1.);
#6231 = DIRECTION('',(0.866025403784,0.5,0.));
#6232 = ORIENTED_EDGE('',*,*,#6233,.T.);
#6233 = EDGE_CURVE('',#6226,#1789,#6234,.T.);
#6234 = LINE('',#6235,#6236);
#6235 = CARTESIAN_POINT('',(-1.108571428571,79.404659652461,
    9.531428571429));
#6236 = VECTOR('',#6237,1.);
#6237 = DIRECTION('',(0.654653670708,-0.377964473009,0.654653670708));
#6238 = ORIENTED_EDGE('',*,*,#1786,.F.);
#6239 = PLANE('',#6240);
#6240 = AXIS2_PLACEMENT_3D('',#6241,#6242,#6243);
#6241 = CARTESIAN_POINT('',(-3.27,77.73116865791,9.9));
#6242 = DIRECTION('',(-0.353553390593,0.612372435696,0.707106781187));
#6243 = DIRECTION('',(-0.866025403784,-0.5,5.273559366969E-16));
#6244 = ADVANCED_FACE('',(#6245),#6263,.T.);
#6245 = FACE_BOUND('',#6246,.F.);
#6246 = EDGE_LOOP('',(#6247,#6255,#6261,#6262));
#6247 = ORIENTED_EDGE('',*,*,#6248,.F.);
#6248 = EDGE_CURVE('',#6249,#1797,#6251,.T.);
#6249 = VERTEX_POINT('',#6250);
#6250 = CARTESIAN_POINT('',(-3.32,83.545085868649,9.8));
#6251 = LINE('',#6252,#6253);
#6252 = CARTESIAN_POINT('',(-2.864,82.755270700398,9.344));
#6253 = VECTOR('',#6254,1.);
#6254 = DIRECTION('',(-0.4472135955,0.774596669241,0.4472135955));
#6255 = ORIENTED_EDGE('',*,*,#6256,.T.);
#6256 = EDGE_CURVE('',#6249,#6218,#6257,.T.);
#6257 = LINE('',#6258,#6259);
#6258 = CARTESIAN_POINT('',(-3.32,83.545085868649,9.8));
#6259 = VECTOR('',#6260,1.);
#6260 = DIRECTION('',(0.,-1.,0.));
#6261 = ORIENTED_EDGE('',*,*,#6217,.T.);
#6262 = ORIENTED_EDGE('',*,*,#1796,.F.);
#6263 = PLANE('',#6264);
#6264 = AXIS2_PLACEMENT_3D('',#6265,#6266,#6267);
#6265 = CARTESIAN_POINT('',(-3.42,83.545085868649,9.9));
#6266 = DIRECTION('',(0.707106781187,0.,0.707106781187));
#6267 = DIRECTION('',(0.,1.,0.));
#6268 = ADVANCED_FACE('',(#6269),#6287,.T.);
#6269 = FACE_BOUND('',#6270,.F.);
#6270 = EDGE_LOOP('',(#6271,#6272,#6280,#6286));
#6271 = ORIENTED_EDGE('',*,*,#6233,.F.);
#6272 = ORIENTED_EDGE('',*,*,#6273,.T.);
#6273 = EDGE_CURVE('',#6226,#6274,#6276,.T.);
#6274 = VERTEX_POINT('',#6275);
#6275 = CARTESIAN_POINT('',(-0.84,82.113257201059,9.8));
#6276 = LINE('',#6277,#6278);
#6277 = CARTESIAN_POINT('',(-0.84,79.249599865879,9.8));
#6278 = VECTOR('',#6279,1.);
#6279 = DIRECTION('',(0.,1.,0.));
#6280 = ORIENTED_EDGE('',*,*,#6281,.T.);
#6281 = EDGE_CURVE('',#6274,#1805,#6282,.T.);
#6282 = LINE('',#6283,#6284);
#6283 = CARTESIAN_POINT('',(-1.108571428571,81.958197414477,
    9.531428571429));
#6284 = VECTOR('',#6285,1.);
#6285 = DIRECTION('',(0.654653670708,0.377964473009,0.654653670708));
#6286 = ORIENTED_EDGE('',*,*,#1812,.F.);
#6287 = PLANE('',#6288);
#6288 = AXIS2_PLACEMENT_3D('',#6289,#6290,#6291);
#6289 = CARTESIAN_POINT('',(-0.74,79.249599865879,9.9));
#6290 = DIRECTION('',(-0.707106781187,0.,0.707106781187));
#6291 = DIRECTION('',(-0.,-1.,-0.));
#6292 = ADVANCED_FACE('',(#6293),#6304,.T.);
#6293 = FACE_BOUND('',#6294,.F.);
#6294 = EDGE_LOOP('',(#6295,#6296,#6302,#6303));
#6295 = ORIENTED_EDGE('',*,*,#6281,.F.);
#6296 = ORIENTED_EDGE('',*,*,#6297,.T.);
#6297 = EDGE_CURVE('',#6274,#6249,#6298,.T.);
#6298 = LINE('',#6299,#6300);
#6299 = CARTESIAN_POINT('',(-0.84,82.113257201059,9.8));
#6300 = VECTOR('',#6301,1.);
#6301 = DIRECTION('',(-0.866025403784,0.5,0.));
#6302 = ORIENTED_EDGE('',*,*,#6248,.T.);
#6303 = ORIENTED_EDGE('',*,*,#1804,.F.);
#6304 = PLANE('',#6305);
#6305 = AXIS2_PLACEMENT_3D('',#6306,#6307,#6308);
#6306 = CARTESIAN_POINT('',(-0.79,82.199859741438,9.9));
#6307 = DIRECTION('',(-0.353553390593,-0.612372435696,0.707106781187));
#6308 = DIRECTION('',(0.866025403784,-0.5,5.551115123126E-17));
#6309 = ADVANCED_FACE('',(#6310),#6335,.T.);
#6310 = FACE_BOUND('',#6311,.F.);
#6311 = EDGE_LOOP('',(#6312,#6320,#6328,#6334));
#6312 = ORIENTED_EDGE('',*,*,#6313,.F.);
#6313 = EDGE_CURVE('',#6314,#1821,#6316,.T.);
#6314 = VERTEX_POINT('',#6315);
#6315 = CARTESIAN_POINT('',(3.32,83.545085868649,9.8));
#6316 = LINE('',#6317,#6318);
#6317 = CARTESIAN_POINT('',(3.36,83.614367900952,9.84));
#6318 = VECTOR('',#6319,1.);
#6319 = DIRECTION('',(0.4472135955,0.774596669241,0.4472135955));
#6320 = ORIENTED_EDGE('',*,*,#6321,.T.);
#6321 = EDGE_CURVE('',#6314,#6322,#6324,.T.);
#6322 = VERTEX_POINT('',#6323);
#6323 = CARTESIAN_POINT('',(0.84,82.113257201059,9.8));
#6324 = LINE('',#6325,#6326);
#6325 = CARTESIAN_POINT('',(3.32,83.545085868649,9.8));
#6326 = VECTOR('',#6327,1.);
#6327 = DIRECTION('',(-0.866025403784,-0.5,0.));
#6328 = ORIENTED_EDGE('',*,*,#6329,.T.);
#6329 = EDGE_CURVE('',#6322,#1823,#6330,.T.);
#6330 = LINE('',#6331,#6332);
#6331 = CARTESIAN_POINT('',(1.108571428571,81.958197414477,
    9.531428571429));
#6332 = VECTOR('',#6333,1.);
#6333 = DIRECTION('',(-0.654653670708,0.377964473009,0.654653670708));
#6334 = ORIENTED_EDGE('',*,*,#1820,.F.);
#6335 = PLANE('',#6336);
#6336 = AXIS2_PLACEMENT_3D('',#6337,#6338,#6339);
#6337 = CARTESIAN_POINT('',(3.27,83.631688409028,9.9));
#6338 = DIRECTION('',(0.353553390593,-0.612372435696,0.707106781187));
#6339 = DIRECTION('',(0.866025403784,0.5,-1.387778780781E-16));
#6340 = ADVANCED_FACE('',(#6341),#6359,.F.);
#6341 = FACE_BOUND('',#6342,.T.);
#6342 = EDGE_LOOP('',(#6343,#6344,#6352,#6358));
#6343 = ORIENTED_EDGE('',*,*,#6313,.F.);
#6344 = ORIENTED_EDGE('',*,*,#6345,.T.);
#6345 = EDGE_CURVE('',#6314,#6346,#6348,.T.);
#6346 = VERTEX_POINT('',#6347);
#6347 = CARTESIAN_POINT('',(3.32,77.817771198288,9.8));
#6348 = LINE('',#6349,#6350);
#6349 = CARTESIAN_POINT('',(3.32,83.545085868649,9.8));
#6350 = VECTOR('',#6351,1.);
#6351 = DIRECTION('',(-8.E-17,-1.,0.));
#6352 = ORIENTED_EDGE('',*,*,#6353,.T.);
#6353 = EDGE_CURVE('',#6346,#1831,#6354,.T.);
#6354 = LINE('',#6355,#6356);
#6355 = CARTESIAN_POINT('',(1.872,80.325780767648,8.352));
#6356 = VECTOR('',#6357,1.);
#6357 = DIRECTION('',(0.4472135955,-0.774596669241,0.4472135955));
#6358 = ORIENTED_EDGE('',*,*,#1830,.F.);
#6359 = PLANE('',#6360);
#6360 = AXIS2_PLACEMENT_3D('',#6361,#6362,#6363);
#6361 = CARTESIAN_POINT('',(3.42,83.545085868649,9.9));
#6362 = DIRECTION('',(0.707106781187,-6.E-17,-0.707106781187));
#6363 = DIRECTION('',(8.242640687119E-17,1.,-2.426406871193E-18));
#6364 = ADVANCED_FACE('',(#6365),#6383,.T.);
#6365 = FACE_BOUND('',#6366,.F.);
#6366 = EDGE_LOOP('',(#6367,#6368,#6376,#6382));
#6367 = ORIENTED_EDGE('',*,*,#6329,.F.);
#6368 = ORIENTED_EDGE('',*,*,#6369,.T.);
#6369 = EDGE_CURVE('',#6322,#6370,#6372,.T.);
#6370 = VERTEX_POINT('',#6371);
#6371 = CARTESIAN_POINT('',(0.84,79.249599865879,9.8));
#6372 = LINE('',#6373,#6374);
#6373 = CARTESIAN_POINT('',(0.84,82.113257201059,9.8));
#6374 = VECTOR('',#6375,1.);
#6375 = DIRECTION('',(-1.6E-16,-1.,0.));
#6376 = ORIENTED_EDGE('',*,*,#6377,.T.);
#6377 = EDGE_CURVE('',#6370,#1839,#6378,.T.);
#6378 = LINE('',#6379,#6380);
#6379 = CARTESIAN_POINT('',(1.108571428571,79.404659652461,
    9.531428571429));
#6380 = VECTOR('',#6381,1.);
#6381 = DIRECTION('',(-0.654653670708,-0.377964473009,0.654653670708));
#6382 = ORIENTED_EDGE('',*,*,#1846,.F.);
#6383 = PLANE('',#6384);
#6384 = AXIS2_PLACEMENT_3D('',#6385,#6386,#6387);
#6385 = CARTESIAN_POINT('',(0.74,82.113257201059,9.9));
#6386 = DIRECTION('',(0.707106781187,-1.1E-16,0.707106781187));
#6387 = DIRECTION('',(1.527817459305E-16,1.,2.78174593052E-18));
#6388 = ADVANCED_FACE('',(#6389),#6400,.T.);
#6389 = FACE_BOUND('',#6390,.F.);
#6390 = EDGE_LOOP('',(#6391,#6392,#6398,#6399));
#6391 = ORIENTED_EDGE('',*,*,#6377,.F.);
#6392 = ORIENTED_EDGE('',*,*,#6393,.T.);
#6393 = EDGE_CURVE('',#6370,#6346,#6394,.T.);
#6394 = LINE('',#6395,#6396);
#6395 = CARTESIAN_POINT('',(0.84,79.249599865879,9.8));
#6396 = VECTOR('',#6397,1.);
#6397 = DIRECTION('',(0.866025403784,-0.5,0.));
#6398 = ORIENTED_EDGE('',*,*,#6353,.T.);
#6399 = ORIENTED_EDGE('',*,*,#1838,.F.);
#6400 = PLANE('',#6401);
#6401 = AXIS2_PLACEMENT_3D('',#6402,#6403,#6404);
#6402 = CARTESIAN_POINT('',(0.79,79.1629973255,9.9));
#6403 = DIRECTION('',(0.353553390593,0.612372435696,0.707106781187));
#6404 = DIRECTION('',(-0.866025403784,0.5,5.551115123126E-17));
#6405 = ADVANCED_FACE('',(#6406),#6431,.T.);
#6406 = FACE_BOUND('',#6407,.F.);
#6407 = EDGE_LOOP('',(#6408,#6416,#6424,#6430));
#6408 = ORIENTED_EDGE('',*,*,#6409,.F.);
#6409 = EDGE_CURVE('',#6410,#1855,#6412,.T.);
#6410 = VERTEX_POINT('',#6411);
#6411 = CARTESIAN_POINT('',(-3.32,105.01598553145,9.8));
#6412 = LINE('',#6413,#6414);
#6413 = CARTESIAN_POINT('',(-3.36,104.94670349914,9.84));
#6414 = VECTOR('',#6415,1.);
#6415 = DIRECTION('',(-0.4472135955,-0.774596669241,0.4472135955));
#6416 = ORIENTED_EDGE('',*,*,#6417,.T.);
#6417 = EDGE_CURVE('',#6410,#6418,#6420,.T.);
#6418 = VERTEX_POINT('',#6419);
#6419 = CARTESIAN_POINT('',(-0.84,106.44781419904,9.8));
#6420 = LINE('',#6421,#6422);
#6421 = CARTESIAN_POINT('',(-3.32,105.01598553145,9.8));
#6422 = VECTOR('',#6423,1.);
#6423 = DIRECTION('',(0.866025403784,0.5,0.));
#6424 = ORIENTED_EDGE('',*,*,#6425,.T.);
#6425 = EDGE_CURVE('',#6418,#1857,#6426,.T.);
#6426 = LINE('',#6427,#6428);
#6427 = CARTESIAN_POINT('',(-1.108571428571,106.60287398562,
    9.531428571429));
#6428 = VECTOR('',#6429,1.);
#6429 = DIRECTION('',(0.654653670708,-0.377964473009,0.654653670708));
#6430 = ORIENTED_EDGE('',*,*,#1854,.F.);
#6431 = PLANE('',#6432);
#6432 = AXIS2_PLACEMENT_3D('',#6433,#6434,#6435);
#6433 = CARTESIAN_POINT('',(-3.27,104.92938299107,9.9));
#6434 = DIRECTION('',(-0.353553390593,0.612372435696,0.707106781187));
#6435 = DIRECTION('',(-0.866025403784,-0.5,4.718447854657E-16));
#6436 = ADVANCED_FACE('',(#6437),#6455,.F.);
#6437 = FACE_BOUND('',#6438,.T.);
#6438 = EDGE_LOOP('',(#6439,#6440,#6448,#6454));
#6439 = ORIENTED_EDGE('',*,*,#6409,.F.);
#6440 = ORIENTED_EDGE('',*,*,#6441,.T.);
#6441 = EDGE_CURVE('',#6410,#6442,#6444,.T.);
#6442 = VERTEX_POINT('',#6443);
#6443 = CARTESIAN_POINT('',(-3.32,110.74330020181,9.8));
#6444 = LINE('',#6445,#6446);
#6445 = CARTESIAN_POINT('',(-3.32,105.01598553145,9.8));
#6446 = VECTOR('',#6447,1.);
#6447 = DIRECTION('',(8.E-17,1.,0.));
#6448 = ORIENTED_EDGE('',*,*,#6449,.T.);
#6449 = EDGE_CURVE('',#6442,#1865,#6450,.T.);
#6450 = LINE('',#6451,#6452);
#6451 = CARTESIAN_POINT('',(-1.872,108.23529063245,8.352));
#6452 = VECTOR('',#6453,1.);
#6453 = DIRECTION('',(-0.4472135955,0.774596669241,0.4472135955));
#6454 = ORIENTED_EDGE('',*,*,#1864,.F.);
#6455 = PLANE('',#6456);
#6456 = AXIS2_PLACEMENT_3D('',#6457,#6458,#6459);
#6457 = CARTESIAN_POINT('',(-3.42,105.01598553145,9.9));
#6458 = DIRECTION('',(-0.707106781187,3.E-17,-0.707106781187));
#6459 = DIRECTION('',(-6.12132034356E-17,-1.,1.87867965644E-17));
#6460 = ADVANCED_FACE('',(#6461),#6479,.T.);
#6461 = FACE_BOUND('',#6462,.F.);
#6462 = EDGE_LOOP('',(#6463,#6464,#6472,#6478));
#6463 = ORIENTED_EDGE('',*,*,#6425,.F.);
#6464 = ORIENTED_EDGE('',*,*,#6465,.T.);
#6465 = EDGE_CURVE('',#6418,#6466,#6468,.T.);
#6466 = VERTEX_POINT('',#6467);
#6467 = CARTESIAN_POINT('',(-0.84,109.31147153422,9.8));
#6468 = LINE('',#6469,#6470);
#6469 = CARTESIAN_POINT('',(-0.84,106.44781419904,9.8));
#6470 = VECTOR('',#6471,1.);
#6471 = DIRECTION('',(4.E-17,1.,0.));
#6472 = ORIENTED_EDGE('',*,*,#6473,.T.);
#6473 = EDGE_CURVE('',#6466,#1873,#6474,.T.);
#6474 = LINE('',#6475,#6476);
#6475 = CARTESIAN_POINT('',(-1.108571428571,109.15641174764,
    9.531428571429));
#6476 = VECTOR('',#6477,1.);
#6477 = DIRECTION('',(0.654653670708,0.377964473009,0.654653670708));
#6478 = ORIENTED_EDGE('',*,*,#1880,.F.);
#6479 = PLANE('',#6480);
#6480 = AXIS2_PLACEMENT_3D('',#6481,#6482,#6483);
#6481 = CARTESIAN_POINT('',(-0.74,106.44781419904,9.9));
#6482 = DIRECTION('',(-0.707106781187,3.E-17,0.707106781187));
#6483 = DIRECTION('',(-4.12132034356E-17,-1.,1.213203435596E-18));
#6484 = ADVANCED_FACE('',(#6485),#6496,.T.);
#6485 = FACE_BOUND('',#6486,.F.);
#6486 = EDGE_LOOP('',(#6487,#6488,#6494,#6495));
#6487 = ORIENTED_EDGE('',*,*,#6473,.F.);
#6488 = ORIENTED_EDGE('',*,*,#6489,.T.);
#6489 = EDGE_CURVE('',#6466,#6442,#6490,.T.);
#6490 = LINE('',#6491,#6492);
#6491 = CARTESIAN_POINT('',(-0.84,109.31147153422,9.8));
#6492 = VECTOR('',#6493,1.);
#6493 = DIRECTION('',(-0.866025403784,0.5,0.));
#6494 = ORIENTED_EDGE('',*,*,#6449,.T.);
#6495 = ORIENTED_EDGE('',*,*,#1872,.F.);
#6496 = PLANE('',#6497);
#6497 = AXIS2_PLACEMENT_3D('',#6498,#6499,#6500);
#6498 = CARTESIAN_POINT('',(-0.79,109.3980740746,9.9));
#6499 = DIRECTION('',(-0.353553390593,-0.612372435696,0.707106781187));
#6500 = DIRECTION('',(0.866025403784,-0.5,0.));
#6501 = ADVANCED_FACE('',(#6502),#6527,.T.);
#6502 = FACE_BOUND('',#6503,.F.);
#6503 = EDGE_LOOP('',(#6504,#6512,#6520,#6526));
#6504 = ORIENTED_EDGE('',*,*,#6505,.F.);
#6505 = EDGE_CURVE('',#6506,#1889,#6508,.T.);
#6506 = VERTEX_POINT('',#6507);
#6507 = CARTESIAN_POINT('',(3.32,110.74330020181,9.8));
#6508 = LINE('',#6509,#6510);
#6509 = CARTESIAN_POINT('',(2.368,109.094387833,8.848));
#6510 = VECTOR('',#6511,1.);
#6511 = DIRECTION('',(0.4472135955,0.774596669241,0.4472135955));
#6512 = ORIENTED_EDGE('',*,*,#6513,.T.);
#6513 = EDGE_CURVE('',#6506,#6514,#6516,.T.);
#6514 = VERTEX_POINT('',#6515);
#6515 = CARTESIAN_POINT('',(0.84,109.31147153422,9.8));
#6516 = LINE('',#6517,#6518);
#6517 = CARTESIAN_POINT('',(3.32,110.74330020181,9.8));
#6518 = VECTOR('',#6519,1.);
#6519 = DIRECTION('',(-0.866025403784,-0.5,0.));
#6520 = ORIENTED_EDGE('',*,*,#6521,.T.);
#6521 = EDGE_CURVE('',#6514,#1891,#6522,.T.);
#6522 = LINE('',#6523,#6524);
#6523 = CARTESIAN_POINT('',(1.108571428571,109.15641174764,
    9.531428571429));
#6524 = VECTOR('',#6525,1.);
#6525 = DIRECTION('',(-0.654653670708,0.377964473009,0.654653670708));
#6526 = ORIENTED_EDGE('',*,*,#1888,.F.);
#6527 = PLANE('',#6528);
#6528 = AXIS2_PLACEMENT_3D('',#6529,#6530,#6531);
#6529 = CARTESIAN_POINT('',(3.27,110.82990274219,9.9));
#6530 = DIRECTION('',(0.353553390593,-0.612372435696,0.707106781187));
#6531 = DIRECTION('',(0.866025403784,0.5,-1.387778780781E-16));
#6532 = ADVANCED_FACE('',(#6533),#6551,.T.);
#6533 = FACE_BOUND('',#6534,.F.);
#6534 = EDGE_LOOP('',(#6535,#6543,#6549,#6550));
#6535 = ORIENTED_EDGE('',*,*,#6536,.F.);
#6536 = EDGE_CURVE('',#6537,#1899,#6539,.T.);
#6537 = VERTEX_POINT('',#6538);
#6538 = CARTESIAN_POINT('',(3.32,105.01598553145,9.8));
#6539 = LINE('',#6540,#6541);
#6540 = CARTESIAN_POINT('',(2.864,105.8058006997,9.344));
#6541 = VECTOR('',#6542,1.);
#6542 = DIRECTION('',(0.4472135955,-0.774596669241,0.4472135955));
#6543 = ORIENTED_EDGE('',*,*,#6544,.T.);
#6544 = EDGE_CURVE('',#6537,#6506,#6545,.T.);
#6545 = LINE('',#6546,#6547);
#6546 = CARTESIAN_POINT('',(3.32,105.01598553145,9.8));
#6547 = VECTOR('',#6548,1.);
#6548 = DIRECTION('',(-1.6E-16,1.,0.));
#6549 = ORIENTED_EDGE('',*,*,#6505,.T.);
#6550 = ORIENTED_EDGE('',*,*,#1898,.F.);
#6551 = PLANE('',#6552);
#6552 = AXIS2_PLACEMENT_3D('',#6553,#6554,#6555);
#6553 = CARTESIAN_POINT('',(3.42,105.01598553145,9.9));
#6554 = DIRECTION('',(-0.707106781187,-1.2E-16,0.707106781187));
#6555 = DIRECTION('',(1.648528137424E-16,-1.,-4.852813742386E-18));
#6556 = ADVANCED_FACE('',(#6557),#6575,.T.);
#6557 = FACE_BOUND('',#6558,.F.);
#6558 = EDGE_LOOP('',(#6559,#6560,#6568,#6574));
#6559 = ORIENTED_EDGE('',*,*,#6521,.F.);
#6560 = ORIENTED_EDGE('',*,*,#6561,.T.);
#6561 = EDGE_CURVE('',#6514,#6562,#6564,.T.);
#6562 = VERTEX_POINT('',#6563);
#6563 = CARTESIAN_POINT('',(0.84,106.44781419904,9.8));
#6564 = LINE('',#6565,#6566);
#6565 = CARTESIAN_POINT('',(0.84,109.31147153422,9.8));
#6566 = VECTOR('',#6567,1.);
#6567 = DIRECTION('',(8.E-17,-1.,0.));
#6568 = ORIENTED_EDGE('',*,*,#6569,.T.);
#6569 = EDGE_CURVE('',#6562,#1907,#6570,.T.);
#6570 = LINE('',#6571,#6572);
#6571 = CARTESIAN_POINT('',(1.108571428571,106.60287398562,
    9.531428571429));
#6572 = VECTOR('',#6573,1.);
#6573 = DIRECTION('',(-0.654653670708,-0.377964473009,0.654653670708));
#6574 = ORIENTED_EDGE('',*,*,#1914,.F.);
#6575 = PLANE('',#6576);
#6576 = AXIS2_PLACEMENT_3D('',#6577,#6578,#6579);
#6577 = CARTESIAN_POINT('',(0.74,109.31147153422,9.9));
#6578 = DIRECTION('',(0.707106781187,5.E-17,0.707106781187));
#6579 = DIRECTION('',(-7.535533905933E-17,1.,4.644660940673E-18));
#6580 = ADVANCED_FACE('',(#6581),#6592,.T.);
#6581 = FACE_BOUND('',#6582,.F.);
#6582 = EDGE_LOOP('',(#6583,#6584,#6590,#6591));
#6583 = ORIENTED_EDGE('',*,*,#6569,.F.);
#6584 = ORIENTED_EDGE('',*,*,#6585,.T.);
#6585 = EDGE_CURVE('',#6562,#6537,#6586,.T.);
#6586 = LINE('',#6587,#6588);
#6587 = CARTESIAN_POINT('',(0.84,106.44781419904,9.8));
#6588 = VECTOR('',#6589,1.);
#6589 = DIRECTION('',(0.866025403784,-0.5,0.));
#6590 = ORIENTED_EDGE('',*,*,#6536,.T.);
#6591 = ORIENTED_EDGE('',*,*,#1906,.F.);
#6592 = PLANE('',#6593);
#6593 = AXIS2_PLACEMENT_3D('',#6594,#6595,#6596);
#6594 = CARTESIAN_POINT('',(0.79,106.36121165866,9.9));
#6595 = DIRECTION('',(0.353553390593,0.612372435696,0.707106781187));
#6596 = DIRECTION('',(-0.866025403784,0.5,-4.440892098501E-16));
#6597 = ADVANCED_FACE('',(#6598),#6623,.T.);
#6598 = FACE_BOUND('',#6599,.F.);
#6599 = EDGE_LOOP('',(#6600,#6608,#6616,#6622));
#6600 = ORIENTED_EDGE('',*,*,#6601,.F.);
#6601 = EDGE_CURVE('',#6602,#1923,#6604,.T.);
#6602 = VERTEX_POINT('',#6603);
#6603 = CARTESIAN_POINT('',(-3.32,91.575271264718,9.8));
#6604 = LINE('',#6605,#6606);
#6605 = CARTESIAN_POINT('',(-3.36,91.505989232415,9.84));
#6606 = VECTOR('',#6607,1.);
#6607 = DIRECTION('',(-0.4472135955,-0.774596669241,0.4472135955));
#6608 = ORIENTED_EDGE('',*,*,#6609,.T.);
#6609 = EDGE_CURVE('',#6602,#6610,#6612,.T.);
#6610 = VERTEX_POINT('',#6611);
#6611 = CARTESIAN_POINT('',(-0.84,93.007099932308,9.8));
#6612 = LINE('',#6613,#6614);
#6613 = CARTESIAN_POINT('',(-3.32,91.575271264718,9.8));
#6614 = VECTOR('',#6615,1.);
#6615 = DIRECTION('',(0.866025403784,0.5,0.));
#6616 = ORIENTED_EDGE('',*,*,#6617,.T.);
#6617 = EDGE_CURVE('',#6610,#1925,#6618,.T.);
#6618 = LINE('',#6619,#6620);
#6619 = CARTESIAN_POINT('',(-1.108571428571,93.16215971889,
    9.531428571429));
#6620 = VECTOR('',#6621,1.);
#6621 = DIRECTION('',(0.654653670708,-0.377964473009,0.654653670708));
#6622 = ORIENTED_EDGE('',*,*,#1922,.F.);
#6623 = PLANE('',#6624);
#6624 = AXIS2_PLACEMENT_3D('',#6625,#6626,#6627);
#6625 = CARTESIAN_POINT('',(-3.27,91.488668724339,9.9));
#6626 = DIRECTION('',(-0.353553390593,0.612372435696,0.707106781187));
#6627 = DIRECTION('',(-0.866025403784,-0.5,-1.387778780781E-16));
#6628 = ADVANCED_FACE('',(#6629),#6647,.F.);
#6629 = FACE_BOUND('',#6630,.T.);
#6630 = EDGE_LOOP('',(#6631,#6632,#6640,#6646));
#6631 = ORIENTED_EDGE('',*,*,#6601,.F.);
#6632 = ORIENTED_EDGE('',*,*,#6633,.T.);
#6633 = EDGE_CURVE('',#6602,#6634,#6636,.T.);
#6634 = VERTEX_POINT('',#6635);
#6635 = CARTESIAN_POINT('',(-3.32,97.302585935079,9.8));
#6636 = LINE('',#6637,#6638);
#6637 = CARTESIAN_POINT('',(-3.32,91.575271264718,9.8));
#6638 = VECTOR('',#6639,1.);
#6639 = DIRECTION('',(-4.7E-16,1.,0.));
#6640 = ORIENTED_EDGE('',*,*,#6641,.T.);
#6641 = EDGE_CURVE('',#6634,#1933,#6642,.T.);
#6642 = LINE('',#6643,#6644);
#6643 = CARTESIAN_POINT('',(-1.872,94.794576365719,8.352));
#6644 = VECTOR('',#6645,1.);
#6645 = DIRECTION('',(-0.4472135955,0.774596669241,0.4472135955));
#6646 = ORIENTED_EDGE('',*,*,#1932,.F.);
#6647 = PLANE('',#6648);
#6648 = AXIS2_PLACEMENT_3D('',#6649,#6650,#6651);
#6649 = CARTESIAN_POINT('',(-3.42,91.575271264718,9.9));
#6650 = DIRECTION('',(-0.707106781187,-3.1E-16,-0.707106781187));
#6651 = DIRECTION('',(4.492031021678E-16,-1.,-1.079689783217E-17));
#6652 = ADVANCED_FACE('',(#6653),#6671,.T.);
#6653 = FACE_BOUND('',#6654,.F.);
#6654 = EDGE_LOOP('',(#6655,#6656,#6664,#6670));
#6655 = ORIENTED_EDGE('',*,*,#6617,.F.);
#6656 = ORIENTED_EDGE('',*,*,#6657,.T.);
#6657 = EDGE_CURVE('',#6610,#6658,#6660,.T.);
#6658 = VERTEX_POINT('',#6659);
#6659 = CARTESIAN_POINT('',(-0.84,95.870757267489,9.8));
#6660 = LINE('',#6661,#6662);
#6661 = CARTESIAN_POINT('',(-0.84,93.007099932308,9.8));
#6662 = VECTOR('',#6663,1.);
#6663 = DIRECTION('',(-4.7E-16,1.,0.));
#6664 = ORIENTED_EDGE('',*,*,#6665,.T.);
#6665 = EDGE_CURVE('',#6658,#1941,#6666,.T.);
#6666 = LINE('',#6667,#6668);
#6667 = CARTESIAN_POINT('',(-1.108571428571,95.715697480906,
    9.531428571429));
#6668 = VECTOR('',#6669,1.);
#6669 = DIRECTION('',(0.654653670708,0.377964473009,0.654653670708));
#6670 = ORIENTED_EDGE('',*,*,#1948,.F.);
#6671 = PLANE('',#6672);
#6672 = AXIS2_PLACEMENT_3D('',#6673,#6674,#6675);
#6673 = CARTESIAN_POINT('',(-0.74,93.007099932308,9.9));
#6674 = DIRECTION('',(-0.707106781187,-3.3E-16,0.707106781187));
#6675 = DIRECTION('',(4.683452377916E-16,-1.,1.654762208439E-18));
#6676 = ADVANCED_FACE('',(#6677),#6688,.T.);
#6677 = FACE_BOUND('',#6678,.F.);
#6678 = EDGE_LOOP('',(#6679,#6680,#6686,#6687));
#6679 = ORIENTED_EDGE('',*,*,#6665,.F.);
#6680 = ORIENTED_EDGE('',*,*,#6681,.T.);
#6681 = EDGE_CURVE('',#6658,#6634,#6682,.T.);
#6682 = LINE('',#6683,#6684);
#6683 = CARTESIAN_POINT('',(-0.84,95.870757267489,9.8));
#6684 = VECTOR('',#6685,1.);
#6685 = DIRECTION('',(-0.866025403784,0.5,0.));
#6686 = ORIENTED_EDGE('',*,*,#6641,.T.);
#6687 = ORIENTED_EDGE('',*,*,#1940,.F.);
#6688 = PLANE('',#6689);
#6689 = AXIS2_PLACEMENT_3D('',#6690,#6691,#6692);
#6690 = CARTESIAN_POINT('',(-0.79,95.957359807867,9.9));
#6691 = DIRECTION('',(-0.353553390593,-0.612372435696,0.707106781187));
#6692 = DIRECTION('',(0.866025403784,-0.5,-1.110223024625E-16));
#6693 = ADVANCED_FACE('',(#6694),#6719,.T.);
#6694 = FACE_BOUND('',#6695,.F.);
#6695 = EDGE_LOOP('',(#6696,#6704,#6712,#6718));
#6696 = ORIENTED_EDGE('',*,*,#6697,.F.);
#6697 = EDGE_CURVE('',#6698,#1957,#6700,.T.);
#6698 = VERTEX_POINT('',#6699);
#6699 = CARTESIAN_POINT('',(3.32,97.302585935079,9.8));
#6700 = LINE('',#6701,#6702);
#6701 = CARTESIAN_POINT('',(2.368,95.653673566273,8.848));
#6702 = VECTOR('',#6703,1.);
#6703 = DIRECTION('',(0.4472135955,0.774596669241,0.4472135955));
#6704 = ORIENTED_EDGE('',*,*,#6705,.T.);
#6705 = EDGE_CURVE('',#6698,#6706,#6708,.T.);
#6706 = VERTEX_POINT('',#6707);
#6707 = CARTESIAN_POINT('',(0.84,95.870757267489,9.8));
#6708 = LINE('',#6709,#6710);
#6709 = CARTESIAN_POINT('',(3.32,97.302585935079,9.8));
#6710 = VECTOR('',#6711,1.);
#6711 = DIRECTION('',(-0.866025403784,-0.5,0.));
#6712 = ORIENTED_EDGE('',*,*,#6713,.T.);
#6713 = EDGE_CURVE('',#6706,#1959,#6714,.T.);
#6714 = LINE('',#6715,#6716);
#6715 = CARTESIAN_POINT('',(1.108571428571,95.715697480906,
    9.531428571429));
#6716 = VECTOR('',#6717,1.);
#6717 = DIRECTION('',(-0.654653670708,0.377964473009,0.654653670708));
#6718 = ORIENTED_EDGE('',*,*,#1956,.F.);
#6719 = PLANE('',#6720);
#6720 = AXIS2_PLACEMENT_3D('',#6721,#6722,#6723);
#6721 = CARTESIAN_POINT('',(3.27,97.389188475457,9.9));
#6722 = DIRECTION('',(0.353553390593,-0.612372435696,0.707106781187));
#6723 = DIRECTION('',(0.866025403784,0.5,5.273559366969E-16));
#6724 = ADVANCED_FACE('',(#6725),#6743,.T.);
#6725 = FACE_BOUND('',#6726,.F.);
#6726 = EDGE_LOOP('',(#6727,#6735,#6741,#6742));
#6727 = ORIENTED_EDGE('',*,*,#6728,.F.);
#6728 = EDGE_CURVE('',#6729,#1967,#6731,.T.);
#6729 = VERTEX_POINT('',#6730);
#6730 = CARTESIAN_POINT('',(3.32,91.575271264718,9.8));
#6731 = LINE('',#6732,#6733);
#6732 = CARTESIAN_POINT('',(2.864,92.365086432969,9.344));
#6733 = VECTOR('',#6734,1.);
#6734 = DIRECTION('',(0.4472135955,-0.774596669241,0.4472135955));
#6735 = ORIENTED_EDGE('',*,*,#6736,.T.);
#6736 = EDGE_CURVE('',#6729,#6698,#6737,.T.);
#6737 = LINE('',#6738,#6739);
#6738 = CARTESIAN_POINT('',(3.32,91.575271264718,9.8));
#6739 = VECTOR('',#6740,1.);
#6740 = DIRECTION('',(-2.3E-16,1.,0.));
#6741 = ORIENTED_EDGE('',*,*,#6697,.T.);
#6742 = ORIENTED_EDGE('',*,*,#1966,.F.);
#6743 = PLANE('',#6744);
#6744 = AXIS2_PLACEMENT_3D('',#6745,#6746,#6747);
#6745 = CARTESIAN_POINT('',(3.42,91.575271264718,9.9));
#6746 = DIRECTION('',(-0.707106781187,-1.9E-16,0.707106781187));
#6747 = DIRECTION('',(2.493502884254E-16,-1.,-1.935028842544E-17));
#6748 = ADVANCED_FACE('',(#6749),#6767,.T.);
#6749 = FACE_BOUND('',#6750,.F.);
#6750 = EDGE_LOOP('',(#6751,#6752,#6760,#6766));
#6751 = ORIENTED_EDGE('',*,*,#6713,.F.);
#6752 = ORIENTED_EDGE('',*,*,#6753,.T.);
#6753 = EDGE_CURVE('',#6706,#6754,#6756,.T.);
#6754 = VERTEX_POINT('',#6755);
#6755 = CARTESIAN_POINT('',(0.84,93.007099932308,9.8));
#6756 = LINE('',#6757,#6758);
#6757 = CARTESIAN_POINT('',(0.84,95.870757267489,9.8));
#6758 = VECTOR('',#6759,1.);
#6759 = DIRECTION('',(3.1E-16,-1.,0.));
#6760 = ORIENTED_EDGE('',*,*,#6761,.T.);
#6761 = EDGE_CURVE('',#6754,#1975,#6762,.T.);
#6762 = LINE('',#6763,#6764);
#6763 = CARTESIAN_POINT('',(1.108571428571,93.16215971889,9.531428571429
    ));
#6764 = VECTOR('',#6765,1.);
#6765 = DIRECTION('',(-0.654653670708,-0.377964473009,0.654653670708));
#6766 = ORIENTED_EDGE('',*,*,#1982,.F.);
#6767 = PLANE('',#6768);
#6768 = AXIS2_PLACEMENT_3D('',#6769,#6770,#6771);
#6769 = CARTESIAN_POINT('',(0.74,95.870757267489,9.9));
#6770 = DIRECTION('',(0.707106781187,2.2E-16,0.707106781187));
#6771 = DIRECTION('',(-3.10563491861E-16,1.,-5.634918610407E-19));
#6772 = ADVANCED_FACE('',(#6773),#6784,.T.);
#6773 = FACE_BOUND('',#6774,.F.);
#6774 = EDGE_LOOP('',(#6775,#6776,#6782,#6783));
#6775 = ORIENTED_EDGE('',*,*,#6761,.F.);
#6776 = ORIENTED_EDGE('',*,*,#6777,.T.);
#6777 = EDGE_CURVE('',#6754,#6729,#6778,.T.);
#6778 = LINE('',#6779,#6780);
#6779 = CARTESIAN_POINT('',(0.84,93.007099932308,9.8));
#6780 = VECTOR('',#6781,1.);
#6781 = DIRECTION('',(0.866025403784,-0.5,0.));
#6782 = ORIENTED_EDGE('',*,*,#6728,.T.);
#6783 = ORIENTED_EDGE('',*,*,#1974,.F.);
#6784 = PLANE('',#6785);
#6785 = AXIS2_PLACEMENT_3D('',#6786,#6787,#6788);
#6786 = CARTESIAN_POINT('',(0.79,92.92049739193,9.9));
#6787 = DIRECTION('',(0.353553390593,0.612372435696,0.707106781187));
#6788 = DIRECTION('',(-0.866025403784,0.5,5.551115123126E-17));
#6789 = ADVANCED_FACE('',(#6790),#6809,.F.);
#6790 = FACE_BOUND('',#6791,.F.);
#6791 = EDGE_LOOP('',(#6792,#6800,#6807,#6808));
#6792 = ORIENTED_EDGE('',*,*,#6793,.F.);
#6793 = EDGE_CURVE('',#6794,#1991,#6796,.T.);
#6794 = VERTEX_POINT('',#6795);
#6795 = CARTESIAN_POINT('',(2.05,10.,9.8));
#6796 = LINE('',#6797,#6798);
#6797 = CARTESIAN_POINT('',(2.05,10.,9.8));
#6798 = VECTOR('',#6799,1.);
#6799 = DIRECTION('',(0.707106781187,0.,0.707106781187));
#6800 = ORIENTED_EDGE('',*,*,#6801,.T.);
#6801 = EDGE_CURVE('',#6794,#6794,#6802,.T.);
#6802 = CIRCLE('',#6803,2.05);
#6803 = AXIS2_PLACEMENT_3D('',#6804,#6805,#6806);
#6804 = CARTESIAN_POINT('',(0.,10.,9.8));
#6805 = DIRECTION('',(0.,0.,1.));
#6806 = DIRECTION('',(1.,0.,0.));
#6807 = ORIENTED_EDGE('',*,*,#6793,.T.);
#6808 = ORIENTED_EDGE('',*,*,#1990,.F.);
#6809 = CONICAL_SURFACE('',#6810,2.05,0.785398163397);
#6810 = AXIS2_PLACEMENT_3D('',#6811,#6812,#6813);
#6811 = CARTESIAN_POINT('',(0.,10.,9.8));
#6812 = DIRECTION('',(0.,0.,1.));
#6813 = DIRECTION('',(1.,0.,0.));
#6814 = ADVANCED_FACE('',(#6815),#6834,.F.);
#6815 = FACE_BOUND('',#6816,.F.);
#6816 = EDGE_LOOP('',(#6817,#6825,#6832,#6833));
#6817 = ORIENTED_EDGE('',*,*,#6818,.F.);
#6818 = EDGE_CURVE('',#6819,#2002,#6821,.T.);
#6819 = VERTEX_POINT('',#6820);
#6820 = CARTESIAN_POINT('',(1.6,122.6,9.8));
#6821 = LINE('',#6822,#6823);
#6822 = CARTESIAN_POINT('',(1.6,122.6,9.8));
#6823 = VECTOR('',#6824,1.);
#6824 = DIRECTION('',(0.707106781187,0.,0.707106781187));
#6825 = ORIENTED_EDGE('',*,*,#6826,.T.);
#6826 = EDGE_CURVE('',#6819,#6819,#6827,.T.);
#6827 = CIRCLE('',#6828,1.6);
#6828 = AXIS2_PLACEMENT_3D('',#6829,#6830,#6831);
#6829 = CARTESIAN_POINT('',(-1.E-16,122.6,9.8));
#6830 = DIRECTION('',(0.,0.,1.));
#6831 = DIRECTION('',(1.,0.,0.));
#6832 = ORIENTED_EDGE('',*,*,#6818,.T.);
#6833 = ORIENTED_EDGE('',*,*,#2001,.F.);
#6834 = CONICAL_SURFACE('',#6835,1.6,0.785398163397);
#6835 = AXIS2_PLACEMENT_3D('',#6836,#6837,#6838);
#6836 = CARTESIAN_POINT('',(-1.E-16,122.6,9.8));
#6837 = DIRECTION('',(0.,0.,1.));
#6838 = DIRECTION('',(1.,0.,0.));
#6839 = ADVANCED_FACE('',(#6840),#6859,.F.);
#6840 = FACE_BOUND('',#6841,.F.);
#6841 = EDGE_LOOP('',(#6842,#6850,#6857,#6858));
#6842 = ORIENTED_EDGE('',*,*,#6843,.F.);
#6843 = EDGE_CURVE('',#6844,#2013,#6846,.T.);
#6844 = VERTEX_POINT('',#6845);
#6845 = CARTESIAN_POINT('',(1.6,20.,9.8));
#6846 = LINE('',#6847,#6848);
#6847 = CARTESIAN_POINT('',(1.6,20.,9.8));
#6848 = VECTOR('',#6849,1.);
#6849 = DIRECTION('',(0.707106781187,0.,0.707106781187));
#6850 = ORIENTED_EDGE('',*,*,#6851,.T.);
#6851 = EDGE_CURVE('',#6844,#6844,#6852,.T.);
#6852 = CIRCLE('',#6853,1.6);
#6853 = AXIS2_PLACEMENT_3D('',#6854,#6855,#6856);
#6854 = CARTESIAN_POINT('',(0.,20.,9.8));
#6855 = DIRECTION('',(0.,0.,1.));
#6856 = DIRECTION('',(1.,0.,0.));
#6857 = ORIENTED_EDGE('',*,*,#6843,.T.);
#6858 = ORIENTED_EDGE('',*,*,#2012,.F.);
#6859 = CONICAL_SURFACE('',#6860,1.6,0.785398163397);
#6860 = AXIS2_PLACEMENT_3D('',#6861,#6862,#6863);
#6861 = CARTESIAN_POINT('',(0.,20.,9.8));
#6862 = DIRECTION('',(0.,0.,1.));
#6863 = DIRECTION('',(1.,0.,0.));
#6864 = ADVANCED_FACE('',(#6865),#6884,.F.);
#6865 = FACE_BOUND('',#6866,.F.);
#6866 = EDGE_LOOP('',(#6867,#6875,#6882,#6883));
#6867 = ORIENTED_EDGE('',*,*,#6868,.F.);
#6868 = EDGE_CURVE('',#6869,#2024,#6871,.T.);
#6869 = VERTEX_POINT('',#6870);
#6870 = CARTESIAN_POINT('',(1.6,87.6,9.8));
#6871 = LINE('',#6872,#6873);
#6872 = CARTESIAN_POINT('',(1.6,87.6,9.8));
#6873 = VECTOR('',#6874,1.);
#6874 = DIRECTION('',(0.707106781187,0.,0.707106781187));
#6875 = ORIENTED_EDGE('',*,*,#6876,.T.);
#6876 = EDGE_CURVE('',#6869,#6869,#6877,.T.);
#6877 = CIRCLE('',#6878,1.6);
#6878 = AXIS2_PLACEMENT_3D('',#6879,#6880,#6881);
#6879 = CARTESIAN_POINT('',(0.,87.6,9.8));
#6880 = DIRECTION('',(0.,0.,1.));
#6881 = DIRECTION('',(1.,0.,0.));
#6882 = ORIENTED_EDGE('',*,*,#6868,.T.);
#6883 = ORIENTED_EDGE('',*,*,#2023,.F.);
#6884 = CONICAL_SURFACE('',#6885,1.6,0.785398163397);
#6885 = AXIS2_PLACEMENT_3D('',#6886,#6887,#6888);
#6886 = CARTESIAN_POINT('',(0.,87.6,9.8));
#6887 = DIRECTION('',(0.,0.,1.));
#6888 = DIRECTION('',(1.,0.,0.));
#6889 = ADVANCED_FACE('',(#6890),#6906,.F.);
#6890 = FACE_BOUND('',#6891,.T.);
#6891 = EDGE_LOOP('',(#6892,#6898,#6899,#6905));
#6892 = ORIENTED_EDGE('',*,*,#6893,.T.);
#6893 = EDGE_CURVE('',#2082,#4488,#6894,.T.);
#6894 = LINE('',#6895,#6896);
#6895 = CARTESIAN_POINT('',(3.32,3.03,0.));
#6896 = VECTOR('',#6897,1.);
#6897 = DIRECTION('',(0.,0.,1.));
#6898 = ORIENTED_EDGE('',*,*,#4495,.T.);
#6899 = ORIENTED_EDGE('',*,*,#6900,.F.);
#6900 = EDGE_CURVE('',#2091,#4496,#6901,.T.);
#6901 = LINE('',#6902,#6903);
#6902 = CARTESIAN_POINT('',(-3.32,3.03,0.));
#6903 = VECTOR('',#6904,1.);
#6904 = DIRECTION('',(0.,0.,1.));
#6905 = ORIENTED_EDGE('',*,*,#2098,.F.);
#6906 = CYLINDRICAL_SURFACE('',#6907,3.32);
#6907 = AXIS2_PLACEMENT_3D('',#6908,#6909,#6910);
#6908 = CARTESIAN_POINT('',(0.,3.03,0.));
#6909 = DIRECTION('',(-0.,-0.,-1.));
#6910 = DIRECTION('',(1.,0.,0.));
#6911 = ADVANCED_FACE('',(#6912),#6923,.F.);
#6912 = FACE_BOUND('',#6913,.F.);
#6913 = EDGE_LOOP('',(#6914,#6915,#6916,#6922));
#6914 = ORIENTED_EDGE('',*,*,#6893,.T.);
#6915 = ORIENTED_EDGE('',*,*,#4527,.F.);
#6916 = ORIENTED_EDGE('',*,*,#6917,.F.);
#6917 = EDGE_CURVE('',#2114,#4520,#6918,.T.);
#6918 = LINE('',#6919,#6920);
#6919 = CARTESIAN_POINT('',(3.32,1.5,0.));
#6920 = VECTOR('',#6921,1.);
#6921 = DIRECTION('',(0.,0.,1.));
#6922 = ORIENTED_EDGE('',*,*,#2123,.T.);
#6923 = PLANE('',#6924);
#6924 = AXIS2_PLACEMENT_3D('',#6925,#6926,#6927);
#6925 = CARTESIAN_POINT('',(3.32,3.03,0.));
#6926 = DIRECTION('',(1.,0.,0.));
#6927 = DIRECTION('',(0.,-1.,0.));
#6928 = ADVANCED_FACE('',(#6929),#6940,.T.);
#6929 = FACE_BOUND('',#6930,.T.);
#6930 = EDGE_LOOP('',(#6931,#6932,#6933,#6939));
#6931 = ORIENTED_EDGE('',*,*,#6900,.T.);
#6932 = ORIENTED_EDGE('',*,*,#4544,.T.);
#6933 = ORIENTED_EDGE('',*,*,#6934,.F.);
#6934 = EDGE_CURVE('',#2140,#4545,#6935,.T.);
#6935 = LINE('',#6936,#6937);
#6936 = CARTESIAN_POINT('',(-3.32,1.5,0.));
#6937 = VECTOR('',#6938,1.);
#6938 = DIRECTION('',(0.,0.,1.));
#6939 = ORIENTED_EDGE('',*,*,#2147,.F.);
#6940 = PLANE('',#6941);
#6941 = AXIS2_PLACEMENT_3D('',#6942,#6943,#6944);
#6942 = CARTESIAN_POINT('',(-3.32,3.03,0.));
#6943 = DIRECTION('',(1.,0.,0.));
#6944 = DIRECTION('',(0.,-1.,0.));
#6945 = ADVANCED_FACE('',(#6946),#6952,.F.);
#6946 = FACE_BOUND('',#6947,.T.);
#6947 = EDGE_LOOP('',(#6948,#6949,#6950,#6951));
#6948 = ORIENTED_EDGE('',*,*,#6934,.T.);
#6949 = ORIENTED_EDGE('',*,*,#4568,.T.);
#6950 = ORIENTED_EDGE('',*,*,#6917,.F.);
#6951 = ORIENTED_EDGE('',*,*,#2164,.F.);
#6952 = CYLINDRICAL_SURFACE('',#6953,3.32);
#6953 = AXIS2_PLACEMENT_3D('',#6954,#6955,#6956);
#6954 = CARTESIAN_POINT('',(0.,1.5,0.));
#6955 = DIRECTION('',(-0.,-0.,-1.));
#6956 = DIRECTION('',(1.,0.,0.));
#6957 = ADVANCED_FACE('',(#6958),#6974,.T.);
#6958 = FACE_BOUND('',#6959,.T.);
#6959 = EDGE_LOOP('',(#6960,#6966,#6967,#6973));
#6960 = ORIENTED_EDGE('',*,*,#6961,.T.);
#6961 = EDGE_CURVE('',#2180,#4586,#6962,.T.);
#6962 = LINE('',#6963,#6964);
#6963 = CARTESIAN_POINT('',(0.,77.794677187521,0.));
#6964 = VECTOR('',#6965,1.);
#6965 = DIRECTION('',(0.,0.,1.));
#6966 = ORIENTED_EDGE('',*,*,#4593,.T.);
#6967 = ORIENTED_EDGE('',*,*,#6968,.F.);
#6968 = EDGE_CURVE('',#2189,#4594,#6969,.T.);
#6969 = LINE('',#6970,#6971);
#6970 = CARTESIAN_POINT('',(-3.32,75.877874293811,0.));
#6971 = VECTOR('',#6972,1.);
#6972 = DIRECTION('',(0.,0.,1.));
#6973 = ORIENTED_EDGE('',*,*,#2196,.F.);
#6974 = PLANE('',#6975);
#6975 = AXIS2_PLACEMENT_3D('',#6976,#6977,#6978);
#6976 = CARTESIAN_POINT('',(0.,77.794677187521,0.));
#6977 = DIRECTION('',(0.5,-0.866025403784,0.));
#6978 = DIRECTION('',(-0.866025403784,-0.5,0.));
#6979 = ADVANCED_FACE('',(#6980),#6991,.T.);
#6980 = FACE_BOUND('',#6981,.T.);
#6981 = EDGE_LOOP('',(#6982,#6988,#6989,#6990));
#6982 = ORIENTED_EDGE('',*,*,#6983,.T.);
#6983 = EDGE_CURVE('',#2211,#4617,#6984,.T.);
#6984 = LINE('',#6985,#6986);
#6985 = CARTESIAN_POINT('',(3.32,75.877874293811,0.));
#6986 = VECTOR('',#6987,1.);
#6987 = DIRECTION('',(0.,0.,1.));
#6988 = ORIENTED_EDGE('',*,*,#4624,.T.);
#6989 = ORIENTED_EDGE('',*,*,#6961,.F.);
#6990 = ORIENTED_EDGE('',*,*,#2220,.F.);
#6991 = PLANE('',#6992);
#6992 = AXIS2_PLACEMENT_3D('',#6993,#6994,#6995);
#6993 = CARTESIAN_POINT('',(3.32,75.877874293811,0.));
#6994 = DIRECTION('',(-0.5,-0.866025403784,0.));
#6995 = DIRECTION('',(-0.866025403784,0.5,0.));
#6996 = ADVANCED_FACE('',(#6997),#7008,.T.);
#6997 = FACE_BOUND('',#6998,.T.);
#6998 = EDGE_LOOP('',(#6999,#7000,#7001,#7007));
#6999 = ORIENTED_EDGE('',*,*,#6968,.T.);
#7000 = ORIENTED_EDGE('',*,*,#4641,.T.);
#7001 = ORIENTED_EDGE('',*,*,#7002,.F.);
#7002 = EDGE_CURVE('',#2237,#4642,#7003,.T.);
#7003 = LINE('',#7004,#7005);
#7004 = CARTESIAN_POINT('',(-3.32,72.044268506392,0.));
#7005 = VECTOR('',#7006,1.);
#7006 = DIRECTION('',(0.,0.,1.));
#7007 = ORIENTED_EDGE('',*,*,#2244,.F.);
#7008 = PLANE('',#7009);
#7009 = AXIS2_PLACEMENT_3D('',#7010,#7011,#7012);
#7010 = CARTESIAN_POINT('',(-3.32,75.877874293811,0.));
#7011 = DIRECTION('',(1.,-1.2E-16,0.));
#7012 = DIRECTION('',(-1.2E-16,-1.,0.));
#7013 = ADVANCED_FACE('',(#7014),#7025,.T.);
#7014 = FACE_BOUND('',#7015,.T.);
#7015 = EDGE_LOOP('',(#7016,#7022,#7023,#7024));
#7016 = ORIENTED_EDGE('',*,*,#7017,.T.);
#7017 = EDGE_CURVE('',#2259,#4665,#7018,.T.);
#7018 = LINE('',#7019,#7020);
#7019 = CARTESIAN_POINT('',(3.32,72.044268506392,0.));
#7020 = VECTOR('',#7021,1.);
#7021 = DIRECTION('',(0.,0.,1.));
#7022 = ORIENTED_EDGE('',*,*,#4672,.T.);
#7023 = ORIENTED_EDGE('',*,*,#6983,.F.);
#7024 = ORIENTED_EDGE('',*,*,#2268,.F.);
#7025 = PLANE('',#7026);
#7026 = AXIS2_PLACEMENT_3D('',#7027,#7028,#7029);
#7027 = CARTESIAN_POINT('',(3.32,72.044268506392,0.));
#7028 = DIRECTION('',(-1.,1.2E-16,0.));
#7029 = DIRECTION('',(1.2E-16,1.,0.));
#7030 = ADVANCED_FACE('',(#7031),#7042,.T.);
#7031 = FACE_BOUND('',#7032,.T.);
#7032 = EDGE_LOOP('',(#7033,#7034,#7035,#7041));
#7033 = ORIENTED_EDGE('',*,*,#7002,.T.);
#7034 = ORIENTED_EDGE('',*,*,#4689,.T.);
#7035 = ORIENTED_EDGE('',*,*,#7036,.F.);
#7036 = EDGE_CURVE('',#2285,#4690,#7037,.T.);
#7037 = LINE('',#7038,#7039);
#7038 = CARTESIAN_POINT('',(0.,70.127465612683,0.));
#7039 = VECTOR('',#7040,1.);
#7040 = DIRECTION('',(0.,0.,1.));
#7041 = ORIENTED_EDGE('',*,*,#2292,.F.);
#7042 = PLANE('',#7043);
#7043 = AXIS2_PLACEMENT_3D('',#7044,#7045,#7046);
#7044 = CARTESIAN_POINT('',(-3.32,72.044268506392,0.));
#7045 = DIRECTION('',(0.5,0.866025403784,0.));
#7046 = DIRECTION('',(0.866025403784,-0.5,0.));
#7047 = ADVANCED_FACE('',(#7048),#7054,.T.);
#7048 = FACE_BOUND('',#7049,.T.);
#7049 = EDGE_LOOP('',(#7050,#7051,#7052,#7053));
#7050 = ORIENTED_EDGE('',*,*,#7036,.T.);
#7051 = ORIENTED_EDGE('',*,*,#4713,.T.);
#7052 = ORIENTED_EDGE('',*,*,#7017,.F.);
#7053 = ORIENTED_EDGE('',*,*,#2309,.F.);
#7054 = PLANE('',#7055);
#7055 = AXIS2_PLACEMENT_3D('',#7056,#7057,#7058);
#7056 = CARTESIAN_POINT('',(0.,70.127465612683,0.));
#7057 = DIRECTION('',(-0.5,0.866025403784,0.));
#7058 = DIRECTION('',(0.866025403784,0.5,0.));
#7059 = ADVANCED_FACE('',(#7060),#7076,.T.);
#7060 = FACE_BOUND('',#7061,.T.);
#7061 = EDGE_LOOP('',(#7062,#7068,#7069,#7075));
#7062 = ORIENTED_EDGE('',*,*,#7063,.T.);
#7063 = EDGE_CURVE('',#2324,#4730,#7064,.T.);
#7064 = LINE('',#7065,#7066);
#7065 = CARTESIAN_POINT('',(0.,64.353962920786,0.));
#7066 = VECTOR('',#7067,1.);
#7067 = DIRECTION('',(0.,0.,1.));
#7068 = ORIENTED_EDGE('',*,*,#4737,.T.);
#7069 = ORIENTED_EDGE('',*,*,#7070,.F.);
#7070 = EDGE_CURVE('',#2333,#4738,#7071,.T.);
#7071 = LINE('',#7072,#7073);
#7072 = CARTESIAN_POINT('',(-3.32,62.437160027077,0.));
#7073 = VECTOR('',#7074,1.);
#7074 = DIRECTION('',(0.,0.,1.));
#7075 = ORIENTED_EDGE('',*,*,#2340,.F.);
#7076 = PLANE('',#7077);
#7077 = AXIS2_PLACEMENT_3D('',#7078,#7079,#7080);
#7078 = CARTESIAN_POINT('',(0.,64.353962920786,0.));
#7079 = DIRECTION('',(0.5,-0.866025403784,0.));
#7080 = DIRECTION('',(-0.866025403784,-0.5,0.));
#7081 = ADVANCED_FACE('',(#7082),#7093,.T.);
#7082 = FACE_BOUND('',#7083,.T.);
#7083 = EDGE_LOOP('',(#7084,#7090,#7091,#7092));
#7084 = ORIENTED_EDGE('',*,*,#7085,.T.);
#7085 = EDGE_CURVE('',#2355,#4761,#7086,.T.);
#7086 = LINE('',#7087,#7088);
#7087 = CARTESIAN_POINT('',(3.32,62.437160027077,0.));
#7088 = VECTOR('',#7089,1.);
#7089 = DIRECTION('',(0.,0.,1.));
#7090 = ORIENTED_EDGE('',*,*,#4768,.T.);
#7091 = ORIENTED_EDGE('',*,*,#7063,.F.);
#7092 = ORIENTED_EDGE('',*,*,#2364,.F.);
#7093 = PLANE('',#7094);
#7094 = AXIS2_PLACEMENT_3D('',#7095,#7096,#7097);
#7095 = CARTESIAN_POINT('',(3.32,62.437160027077,0.));
#7096 = DIRECTION('',(-0.5,-0.866025403784,0.));
#7097 = DIRECTION('',(-0.866025403784,0.5,0.));
#7098 = ADVANCED_FACE('',(#7099),#7110,.T.);
#7099 = FACE_BOUND('',#7100,.T.);
#7100 = EDGE_LOOP('',(#7101,#7102,#7103,#7109));
#7101 = ORIENTED_EDGE('',*,*,#7070,.T.);
#7102 = ORIENTED_EDGE('',*,*,#4785,.T.);
#7103 = ORIENTED_EDGE('',*,*,#7104,.F.);
#7104 = EDGE_CURVE('',#2381,#4786,#7105,.T.);
#7105 = LINE('',#7106,#7107);
#7106 = CARTESIAN_POINT('',(-3.32,58.603554239658,0.));
#7107 = VECTOR('',#7108,1.);
#7108 = DIRECTION('',(0.,0.,1.));
#7109 = ORIENTED_EDGE('',*,*,#2388,.F.);
#7110 = PLANE('',#7111);
#7111 = AXIS2_PLACEMENT_3D('',#7112,#7113,#7114);
#7112 = CARTESIAN_POINT('',(-3.32,62.437160027077,0.));
#7113 = DIRECTION('',(1.,-1.2E-16,0.));
#7114 = DIRECTION('',(-1.2E-16,-1.,0.));
#7115 = ADVANCED_FACE('',(#7116),#7127,.T.);
#7116 = FACE_BOUND('',#7117,.T.);
#7117 = EDGE_LOOP('',(#7118,#7124,#7125,#7126));
#7118 = ORIENTED_EDGE('',*,*,#7119,.T.);
#7119 = EDGE_CURVE('',#2403,#4809,#7120,.T.);
#7120 = LINE('',#7121,#7122);
#7121 = CARTESIAN_POINT('',(3.32,58.603554239658,0.));
#7122 = VECTOR('',#7123,1.);
#7123 = DIRECTION('',(0.,0.,1.));
#7124 = ORIENTED_EDGE('',*,*,#4816,.T.);
#7125 = ORIENTED_EDGE('',*,*,#7085,.F.);
#7126 = ORIENTED_EDGE('',*,*,#2412,.F.);
#7127 = PLANE('',#7128);
#7128 = AXIS2_PLACEMENT_3D('',#7129,#7130,#7131);
#7129 = CARTESIAN_POINT('',(3.32,58.603554239658,0.));
#7130 = DIRECTION('',(-1.,1.2E-16,0.));
#7131 = DIRECTION('',(1.2E-16,1.,0.));
#7132 = ADVANCED_FACE('',(#7133),#7144,.T.);
#7133 = FACE_BOUND('',#7134,.T.);
#7134 = EDGE_LOOP('',(#7135,#7136,#7137,#7143));
#7135 = ORIENTED_EDGE('',*,*,#7104,.T.);
#7136 = ORIENTED_EDGE('',*,*,#4833,.T.);
#7137 = ORIENTED_EDGE('',*,*,#7138,.F.);
#7138 = EDGE_CURVE('',#2429,#4834,#7139,.T.);
#7139 = LINE('',#7140,#7141);
#7140 = CARTESIAN_POINT('',(0.,56.686751345948,0.));
#7141 = VECTOR('',#7142,1.);
#7142 = DIRECTION('',(0.,0.,1.));
#7143 = ORIENTED_EDGE('',*,*,#2436,.F.);
#7144 = PLANE('',#7145);
#7145 = AXIS2_PLACEMENT_3D('',#7146,#7147,#7148);
#7146 = CARTESIAN_POINT('',(-3.32,58.603554239658,0.));
#7147 = DIRECTION('',(0.5,0.866025403784,0.));
#7148 = DIRECTION('',(0.866025403784,-0.5,0.));
#7149 = ADVANCED_FACE('',(#7150),#7156,.T.);
#7150 = FACE_BOUND('',#7151,.T.);
#7151 = EDGE_LOOP('',(#7152,#7153,#7154,#7155));
#7152 = ORIENTED_EDGE('',*,*,#7138,.T.);
#7153 = ORIENTED_EDGE('',*,*,#4857,.T.);
#7154 = ORIENTED_EDGE('',*,*,#7119,.F.);
#7155 = ORIENTED_EDGE('',*,*,#2453,.F.);
#7156 = PLANE('',#7157);
#7157 = AXIS2_PLACEMENT_3D('',#7158,#7159,#7160);
#7158 = CARTESIAN_POINT('',(0.,56.686751345948,0.));
#7159 = DIRECTION('',(-0.5,0.866025403784,0.));
#7160 = DIRECTION('',(0.866025403784,0.5,0.));
#7161 = ADVANCED_FACE('',(#7162),#7178,.T.);
#7162 = FACE_BOUND('',#7163,.T.);
#7163 = EDGE_LOOP('',(#7164,#7170,#7171,#7177));
#7164 = ORIENTED_EDGE('',*,*,#7165,.T.);
#7165 = EDGE_CURVE('',#2468,#4874,#7166,.T.);
#7166 = LINE('',#7167,#7168);
#7167 = CARTESIAN_POINT('',(0.,50.913248654052,0.));
#7168 = VECTOR('',#7169,1.);
#7169 = DIRECTION('',(0.,0.,1.));
#7170 = ORIENTED_EDGE('',*,*,#4881,.T.);
#7171 = ORIENTED_EDGE('',*,*,#7172,.F.);
#7172 = EDGE_CURVE('',#2477,#4882,#7173,.T.);
#7173 = LINE('',#7174,#7175);
#7174 = CARTESIAN_POINT('',(-3.32,48.996445760342,0.));
#7175 = VECTOR('',#7176,1.);
#7176 = DIRECTION('',(0.,0.,1.));
#7177 = ORIENTED_EDGE('',*,*,#2484,.F.);
#7178 = PLANE('',#7179);
#7179 = AXIS2_PLACEMENT_3D('',#7180,#7181,#7182);
#7180 = CARTESIAN_POINT('',(0.,50.913248654052,0.));
#7181 = DIRECTION('',(0.5,-0.866025403784,0.));
#7182 = DIRECTION('',(-0.866025403784,-0.5,0.));
#7183 = ADVANCED_FACE('',(#7184),#7195,.T.);
#7184 = FACE_BOUND('',#7185,.T.);
#7185 = EDGE_LOOP('',(#7186,#7192,#7193,#7194));
#7186 = ORIENTED_EDGE('',*,*,#7187,.T.);
#7187 = EDGE_CURVE('',#2499,#4905,#7188,.T.);
#7188 = LINE('',#7189,#7190);
#7189 = CARTESIAN_POINT('',(3.32,48.996445760342,0.));
#7190 = VECTOR('',#7191,1.);
#7191 = DIRECTION('',(0.,0.,1.));
#7192 = ORIENTED_EDGE('',*,*,#4912,.T.);
#7193 = ORIENTED_EDGE('',*,*,#7165,.F.);
#7194 = ORIENTED_EDGE('',*,*,#2508,.F.);
#7195 = PLANE('',#7196);
#7196 = AXIS2_PLACEMENT_3D('',#7197,#7198,#7199);
#7197 = CARTESIAN_POINT('',(3.32,48.996445760342,0.));
#7198 = DIRECTION('',(-0.5,-0.866025403784,0.));
#7199 = DIRECTION('',(-0.866025403784,0.5,0.));
#7200 = ADVANCED_FACE('',(#7201),#7212,.T.);
#7201 = FACE_BOUND('',#7202,.T.);
#7202 = EDGE_LOOP('',(#7203,#7204,#7205,#7211));
#7203 = ORIENTED_EDGE('',*,*,#7172,.T.);
#7204 = ORIENTED_EDGE('',*,*,#4929,.T.);
#7205 = ORIENTED_EDGE('',*,*,#7206,.F.);
#7206 = EDGE_CURVE('',#2525,#4930,#7207,.T.);
#7207 = LINE('',#7208,#7209);
#7208 = CARTESIAN_POINT('',(-3.32,45.162839972923,0.));
#7209 = VECTOR('',#7210,1.);
#7210 = DIRECTION('',(0.,0.,1.));
#7211 = ORIENTED_EDGE('',*,*,#2532,.F.);
#7212 = PLANE('',#7213);
#7213 = AXIS2_PLACEMENT_3D('',#7214,#7215,#7216);
#7214 = CARTESIAN_POINT('',(-3.32,48.996445760342,0.));
#7215 = DIRECTION('',(1.,0.,0.));
#7216 = DIRECTION('',(0.,-1.,0.));
#7217 = ADVANCED_FACE('',(#7218),#7229,.T.);
#7218 = FACE_BOUND('',#7219,.T.);
#7219 = EDGE_LOOP('',(#7220,#7226,#7227,#7228));
#7220 = ORIENTED_EDGE('',*,*,#7221,.T.);
#7221 = EDGE_CURVE('',#2547,#4953,#7222,.T.);
#7222 = LINE('',#7223,#7224);
#7223 = CARTESIAN_POINT('',(3.32,45.162839972923,0.));
#7224 = VECTOR('',#7225,1.);
#7225 = DIRECTION('',(0.,0.,1.));
#7226 = ORIENTED_EDGE('',*,*,#4960,.T.);
#7227 = ORIENTED_EDGE('',*,*,#7187,.F.);
#7228 = ORIENTED_EDGE('',*,*,#2556,.F.);
#7229 = PLANE('',#7230);
#7230 = AXIS2_PLACEMENT_3D('',#7231,#7232,#7233);
#7231 = CARTESIAN_POINT('',(3.32,45.162839972923,0.));
#7232 = DIRECTION('',(-1.,0.,0.));
#7233 = DIRECTION('',(0.,1.,0.));
#7234 = ADVANCED_FACE('',(#7235),#7246,.T.);
#7235 = FACE_BOUND('',#7236,.T.);
#7236 = EDGE_LOOP('',(#7237,#7238,#7239,#7245));
#7237 = ORIENTED_EDGE('',*,*,#7206,.T.);
#7238 = ORIENTED_EDGE('',*,*,#4977,.T.);
#7239 = ORIENTED_EDGE('',*,*,#7240,.F.);
#7240 = EDGE_CURVE('',#2573,#4978,#7241,.T.);
#7241 = LINE('',#7242,#7243);
#7242 = CARTESIAN_POINT('',(0.,43.246037079214,0.));
#7243 = VECTOR('',#7244,1.);
#7244 = DIRECTION('',(0.,0.,1.));
#7245 = ORIENTED_EDGE('',*,*,#2580,.F.);
#7246 = PLANE('',#7247);
#7247 = AXIS2_PLACEMENT_3D('',#7248,#7249,#7250);
#7248 = CARTESIAN_POINT('',(-3.32,45.162839972923,0.));
#7249 = DIRECTION('',(0.5,0.866025403784,0.));
#7250 = DIRECTION('',(0.866025403784,-0.5,0.));
#7251 = ADVANCED_FACE('',(#7252),#7258,.T.);
#7252 = FACE_BOUND('',#7253,.T.);
#7253 = EDGE_LOOP('',(#7254,#7255,#7256,#7257));
#7254 = ORIENTED_EDGE('',*,*,#7240,.T.);
#7255 = ORIENTED_EDGE('',*,*,#5001,.T.);
#7256 = ORIENTED_EDGE('',*,*,#7221,.F.);
#7257 = ORIENTED_EDGE('',*,*,#2597,.F.);
#7258 = PLANE('',#7259);
#7259 = AXIS2_PLACEMENT_3D('',#7260,#7261,#7262);
#7260 = CARTESIAN_POINT('',(0.,43.246037079214,0.));
#7261 = DIRECTION('',(-0.5,0.866025403784,0.));
#7262 = DIRECTION('',(0.866025403784,0.5,0.));
#7263 = ADVANCED_FACE('',(#7264),#7280,.T.);
#7264 = FACE_BOUND('',#7265,.T.);
#7265 = EDGE_LOOP('',(#7266,#7272,#7273,#7279));
#7266 = ORIENTED_EDGE('',*,*,#7267,.T.);
#7267 = EDGE_CURVE('',#2612,#5018,#7268,.T.);
#7268 = LINE('',#7269,#7270);
#7269 = CARTESIAN_POINT('',(0.,37.472534387317,0.));
#7270 = VECTOR('',#7271,1.);
#7271 = DIRECTION('',(0.,0.,1.));
#7272 = ORIENTED_EDGE('',*,*,#5025,.T.);
#7273 = ORIENTED_EDGE('',*,*,#7274,.F.);
#7274 = EDGE_CURVE('',#2621,#5026,#7275,.T.);
#7275 = LINE('',#7276,#7277);
#7276 = CARTESIAN_POINT('',(-3.32,35.555731493608,0.));
#7277 = VECTOR('',#7278,1.);
#7278 = DIRECTION('',(0.,0.,1.));
#7279 = ORIENTED_EDGE('',*,*,#2628,.F.);
#7280 = PLANE('',#7281);
#7281 = AXIS2_PLACEMENT_3D('',#7282,#7283,#7284);
#7282 = CARTESIAN_POINT('',(0.,37.472534387317,0.));
#7283 = DIRECTION('',(0.5,-0.866025403784,0.));
#7284 = DIRECTION('',(-0.866025403784,-0.5,0.));
#7285 = ADVANCED_FACE('',(#7286),#7297,.T.);
#7286 = FACE_BOUND('',#7287,.T.);
#7287 = EDGE_LOOP('',(#7288,#7294,#7295,#7296));
#7288 = ORIENTED_EDGE('',*,*,#7289,.T.);
#7289 = EDGE_CURVE('',#2643,#5049,#7290,.T.);
#7290 = LINE('',#7291,#7292);
#7291 = CARTESIAN_POINT('',(3.32,35.555731493608,0.));
#7292 = VECTOR('',#7293,1.);
#7293 = DIRECTION('',(0.,0.,1.));
#7294 = ORIENTED_EDGE('',*,*,#5056,.T.);
#7295 = ORIENTED_EDGE('',*,*,#7267,.F.);
#7296 = ORIENTED_EDGE('',*,*,#2652,.F.);
#7297 = PLANE('',#7298);
#7298 = AXIS2_PLACEMENT_3D('',#7299,#7300,#7301);
#7299 = CARTESIAN_POINT('',(3.32,35.555731493608,0.));
#7300 = DIRECTION('',(-0.5,-0.866025403784,0.));
#7301 = DIRECTION('',(-0.866025403784,0.5,0.));
#7302 = ADVANCED_FACE('',(#7303),#7314,.T.);
#7303 = FACE_BOUND('',#7304,.T.);
#7304 = EDGE_LOOP('',(#7305,#7306,#7307,#7313));
#7305 = ORIENTED_EDGE('',*,*,#7274,.T.);
#7306 = ORIENTED_EDGE('',*,*,#5073,.T.);
#7307 = ORIENTED_EDGE('',*,*,#7308,.F.);
#7308 = EDGE_CURVE('',#2669,#5074,#7309,.T.);
#7309 = LINE('',#7310,#7311);
#7310 = CARTESIAN_POINT('',(-3.32,31.722125706189,0.));
#7311 = VECTOR('',#7312,1.);
#7312 = DIRECTION('',(0.,0.,1.));
#7313 = ORIENTED_EDGE('',*,*,#2676,.F.);
#7314 = PLANE('',#7315);
#7315 = AXIS2_PLACEMENT_3D('',#7316,#7317,#7318);
#7316 = CARTESIAN_POINT('',(-3.32,35.555731493608,0.));
#7317 = DIRECTION('',(1.,1.2E-16,0.));
#7318 = DIRECTION('',(1.2E-16,-1.,0.));
#7319 = ADVANCED_FACE('',(#7320),#7331,.T.);
#7320 = FACE_BOUND('',#7321,.T.);
#7321 = EDGE_LOOP('',(#7322,#7328,#7329,#7330));
#7322 = ORIENTED_EDGE('',*,*,#7323,.T.);
#7323 = EDGE_CURVE('',#2691,#5097,#7324,.T.);
#7324 = LINE('',#7325,#7326);
#7325 = CARTESIAN_POINT('',(3.32,31.722125706189,0.));
#7326 = VECTOR('',#7327,1.);
#7327 = DIRECTION('',(0.,0.,1.));
#7328 = ORIENTED_EDGE('',*,*,#5104,.T.);
#7329 = ORIENTED_EDGE('',*,*,#7289,.F.);
#7330 = ORIENTED_EDGE('',*,*,#2700,.F.);
#7331 = PLANE('',#7332);
#7332 = AXIS2_PLACEMENT_3D('',#7333,#7334,#7335);
#7333 = CARTESIAN_POINT('',(3.32,31.722125706189,0.));
#7334 = DIRECTION('',(-1.,-1.2E-16,0.));
#7335 = DIRECTION('',(-1.2E-16,1.,0.));
#7336 = ADVANCED_FACE('',(#7337),#7348,.T.);
#7337 = FACE_BOUND('',#7338,.T.);
#7338 = EDGE_LOOP('',(#7339,#7340,#7341,#7347));
#7339 = ORIENTED_EDGE('',*,*,#7308,.T.);
#7340 = ORIENTED_EDGE('',*,*,#5121,.T.);
#7341 = ORIENTED_EDGE('',*,*,#7342,.F.);
#7342 = EDGE_CURVE('',#2717,#5122,#7343,.T.);
#7343 = LINE('',#7344,#7345);
#7344 = CARTESIAN_POINT('',(0.,29.805322812479,0.));
#7345 = VECTOR('',#7346,1.);
#7346 = DIRECTION('',(0.,0.,1.));
#7347 = ORIENTED_EDGE('',*,*,#2724,.F.);
#7348 = PLANE('',#7349);
#7349 = AXIS2_PLACEMENT_3D('',#7350,#7351,#7352);
#7350 = CARTESIAN_POINT('',(-3.32,31.722125706189,0.));
#7351 = DIRECTION('',(0.5,0.866025403784,0.));
#7352 = DIRECTION('',(0.866025403784,-0.5,0.));
#7353 = ADVANCED_FACE('',(#7354),#7360,.T.);
#7354 = FACE_BOUND('',#7355,.T.);
#7355 = EDGE_LOOP('',(#7356,#7357,#7358,#7359));
#7356 = ORIENTED_EDGE('',*,*,#7342,.T.);
#7357 = ORIENTED_EDGE('',*,*,#5145,.T.);
#7358 = ORIENTED_EDGE('',*,*,#7323,.F.);
#7359 = ORIENTED_EDGE('',*,*,#2741,.F.);
#7360 = PLANE('',#7361);
#7361 = AXIS2_PLACEMENT_3D('',#7362,#7363,#7364);
#7362 = CARTESIAN_POINT('',(0.,29.805322812479,0.));
#7363 = DIRECTION('',(-0.5,0.866025403784,0.));
#7364 = DIRECTION('',(0.866025403784,0.5,0.));
#7365 = ADVANCED_FACE('',(#7366),#7382,.T.);
#7366 = FACE_BOUND('',#7367,.T.);
#7367 = EDGE_LOOP('',(#7368,#7374,#7375,#7381));
#7368 = ORIENTED_EDGE('',*,*,#7369,.T.);
#7369 = EDGE_CURVE('',#2756,#5162,#7370,.T.);
#7370 = LINE('',#7371,#7372);
#7371 = CARTESIAN_POINT('',(0.,97.325679945846,0.));
#7372 = VECTOR('',#7373,1.);
#7373 = DIRECTION('',(0.,0.,1.));
#7374 = ORIENTED_EDGE('',*,*,#5169,.T.);
#7375 = ORIENTED_EDGE('',*,*,#7376,.F.);
#7376 = EDGE_CURVE('',#2765,#5170,#7377,.T.);
#7377 = LINE('',#7378,#7379);
#7378 = CARTESIAN_POINT('',(3.32,99.242482839556,0.));
#7379 = VECTOR('',#7380,1.);
#7380 = DIRECTION('',(0.,0.,1.));
#7381 = ORIENTED_EDGE('',*,*,#2772,.F.);
#7382 = PLANE('',#7383);
#7383 = AXIS2_PLACEMENT_3D('',#7384,#7385,#7386);
#7384 = CARTESIAN_POINT('',(0.,97.325679945846,0.));
#7385 = DIRECTION('',(-0.5,0.866025403784,0.));
#7386 = DIRECTION('',(0.866025403784,0.5,0.));
#7387 = ADVANCED_FACE('',(#7388),#7399,.T.);
#7388 = FACE_BOUND('',#7389,.T.);
#7389 = EDGE_LOOP('',(#7390,#7396,#7397,#7398));
#7390 = ORIENTED_EDGE('',*,*,#7391,.T.);
#7391 = EDGE_CURVE('',#2787,#5193,#7392,.T.);
#7392 = LINE('',#7393,#7394);
#7393 = CARTESIAN_POINT('',(-3.32,99.242482839556,0.));
#7394 = VECTOR('',#7395,1.);
#7395 = DIRECTION('',(0.,0.,1.));
#7396 = ORIENTED_EDGE('',*,*,#5200,.T.);
#7397 = ORIENTED_EDGE('',*,*,#7369,.F.);
#7398 = ORIENTED_EDGE('',*,*,#2796,.F.);
#7399 = PLANE('',#7400);
#7400 = AXIS2_PLACEMENT_3D('',#7401,#7402,#7403);
#7401 = CARTESIAN_POINT('',(-3.32,99.242482839556,0.));
#7402 = DIRECTION('',(0.5,0.866025403784,0.));
#7403 = DIRECTION('',(0.866025403784,-0.5,0.));
#7404 = ADVANCED_FACE('',(#7405),#7416,.T.);
#7405 = FACE_BOUND('',#7406,.T.);
#7406 = EDGE_LOOP('',(#7407,#7408,#7409,#7415));
#7407 = ORIENTED_EDGE('',*,*,#7376,.T.);
#7408 = ORIENTED_EDGE('',*,*,#5217,.T.);
#7409 = ORIENTED_EDGE('',*,*,#7410,.F.);
#7410 = EDGE_CURVE('',#2813,#5218,#7411,.T.);
#7411 = LINE('',#7412,#7413);
#7412 = CARTESIAN_POINT('',(3.32,103.07608862697,0.));
#7413 = VECTOR('',#7414,1.);
#7414 = DIRECTION('',(0.,0.,1.));
#7415 = ORIENTED_EDGE('',*,*,#2820,.F.);
#7416 = PLANE('',#7417);
#7417 = AXIS2_PLACEMENT_3D('',#7418,#7419,#7420);
#7418 = CARTESIAN_POINT('',(3.32,99.242482839556,0.));
#7419 = DIRECTION('',(-1.,0.,0.));
#7420 = DIRECTION('',(0.,1.,0.));
#7421 = ADVANCED_FACE('',(#7422),#7433,.T.);
#7422 = FACE_BOUND('',#7423,.T.);
#7423 = EDGE_LOOP('',(#7424,#7430,#7431,#7432));
#7424 = ORIENTED_EDGE('',*,*,#7425,.T.);
#7425 = EDGE_CURVE('',#2835,#5241,#7426,.T.);
#7426 = LINE('',#7427,#7428);
#7427 = CARTESIAN_POINT('',(-3.32,103.07608862697,0.));
#7428 = VECTOR('',#7429,1.);
#7429 = DIRECTION('',(0.,0.,1.));
#7430 = ORIENTED_EDGE('',*,*,#5248,.T.);
#7431 = ORIENTED_EDGE('',*,*,#7391,.F.);
#7432 = ORIENTED_EDGE('',*,*,#2844,.F.);
#7433 = PLANE('',#7434);
#7434 = AXIS2_PLACEMENT_3D('',#7435,#7436,#7437);
#7435 = CARTESIAN_POINT('',(-3.32,103.07608862697,0.));
#7436 = DIRECTION('',(1.,1.2E-16,0.));
#7437 = DIRECTION('',(1.2E-16,-1.,0.));
#7438 = ADVANCED_FACE('',(#7439),#7450,.T.);
#7439 = FACE_BOUND('',#7440,.T.);
#7440 = EDGE_LOOP('',(#7441,#7442,#7443,#7449));
#7441 = ORIENTED_EDGE('',*,*,#7410,.T.);
#7442 = ORIENTED_EDGE('',*,*,#5265,.T.);
#7443 = ORIENTED_EDGE('',*,*,#7444,.F.);
#7444 = EDGE_CURVE('',#2861,#5266,#7445,.T.);
#7445 = LINE('',#7446,#7447);
#7446 = CARTESIAN_POINT('',(0.,104.99289152068,0.));
#7447 = VECTOR('',#7448,1.);
#7448 = DIRECTION('',(0.,0.,1.));
#7449 = ORIENTED_EDGE('',*,*,#2868,.F.);
#7450 = PLANE('',#7451);
#7451 = AXIS2_PLACEMENT_3D('',#7452,#7453,#7454);
#7452 = CARTESIAN_POINT('',(3.32,103.07608862697,0.));
#7453 = DIRECTION('',(-0.5,-0.866025403784,0.));
#7454 = DIRECTION('',(-0.866025403784,0.5,0.));
#7455 = ADVANCED_FACE('',(#7456),#7462,.T.);
#7456 = FACE_BOUND('',#7457,.T.);
#7457 = EDGE_LOOP('',(#7458,#7459,#7460,#7461));
#7458 = ORIENTED_EDGE('',*,*,#7444,.T.);
#7459 = ORIENTED_EDGE('',*,*,#5289,.T.);
#7460 = ORIENTED_EDGE('',*,*,#7425,.F.);
#7461 = ORIENTED_EDGE('',*,*,#2885,.F.);
#7462 = PLANE('',#7463);
#7463 = AXIS2_PLACEMENT_3D('',#7464,#7465,#7466);
#7464 = CARTESIAN_POINT('',(0.,104.99289152068,0.));
#7465 = DIRECTION('',(0.5,-0.866025403784,0.));
#7466 = DIRECTION('',(-0.866025403784,-0.5,0.));
#7467 = ADVANCED_FACE('',(#7468),#7484,.T.);
#7468 = FACE_BOUND('',#7469,.T.);
#7469 = EDGE_LOOP('',(#7470,#7476,#7477,#7483));
#7470 = ORIENTED_EDGE('',*,*,#7471,.T.);
#7471 = EDGE_CURVE('',#2900,#5306,#7472,.T.);
#7472 = LINE('',#7473,#7474);
#7473 = CARTESIAN_POINT('',(0.,110.76639421258,0.));
#7474 = VECTOR('',#7475,1.);
#7475 = DIRECTION('',(0.,0.,1.));
#7476 = ORIENTED_EDGE('',*,*,#5313,.T.);
#7477 = ORIENTED_EDGE('',*,*,#7478,.F.);
#7478 = EDGE_CURVE('',#2909,#5314,#7479,.T.);
#7479 = LINE('',#7480,#7481);
#7480 = CARTESIAN_POINT('',(3.32,112.68319710629,0.));
#7481 = VECTOR('',#7482,1.);
#7482 = DIRECTION('',(0.,0.,1.));
#7483 = ORIENTED_EDGE('',*,*,#2916,.F.);
#7484 = PLANE('',#7485);
#7485 = AXIS2_PLACEMENT_3D('',#7486,#7487,#7488);
#7486 = CARTESIAN_POINT('',(0.,110.76639421258,0.));
#7487 = DIRECTION('',(-0.5,0.866025403784,0.));
#7488 = DIRECTION('',(0.866025403784,0.5,0.));
#7489 = ADVANCED_FACE('',(#7490),#7501,.T.);
#7490 = FACE_BOUND('',#7491,.T.);
#7491 = EDGE_LOOP('',(#7492,#7498,#7499,#7500));
#7492 = ORIENTED_EDGE('',*,*,#7493,.T.);
#7493 = EDGE_CURVE('',#2931,#5337,#7494,.T.);
#7494 = LINE('',#7495,#7496);
#7495 = CARTESIAN_POINT('',(-3.32,112.68319710629,0.));
#7496 = VECTOR('',#7497,1.);
#7497 = DIRECTION('',(0.,0.,1.));
#7498 = ORIENTED_EDGE('',*,*,#5344,.T.);
#7499 = ORIENTED_EDGE('',*,*,#7471,.F.);
#7500 = ORIENTED_EDGE('',*,*,#2940,.F.);
#7501 = PLANE('',#7502);
#7502 = AXIS2_PLACEMENT_3D('',#7503,#7504,#7505);
#7503 = CARTESIAN_POINT('',(-3.32,112.68319710629,0.));
#7504 = DIRECTION('',(0.5,0.866025403784,0.));
#7505 = DIRECTION('',(0.866025403784,-0.5,0.));
#7506 = ADVANCED_FACE('',(#7507),#7518,.T.);
#7507 = FACE_BOUND('',#7508,.T.);
#7508 = EDGE_LOOP('',(#7509,#7510,#7511,#7517));
#7509 = ORIENTED_EDGE('',*,*,#7478,.T.);
#7510 = ORIENTED_EDGE('',*,*,#5361,.T.);
#7511 = ORIENTED_EDGE('',*,*,#7512,.F.);
#7512 = EDGE_CURVE('',#2957,#5362,#7513,.T.);
#7513 = LINE('',#7514,#7515);
#7514 = CARTESIAN_POINT('',(3.32,116.51680289371,0.));
#7515 = VECTOR('',#7516,1.);
#7516 = DIRECTION('',(0.,0.,1.));
#7517 = ORIENTED_EDGE('',*,*,#2964,.F.);
#7518 = PLANE('',#7519);
#7519 = AXIS2_PLACEMENT_3D('',#7520,#7521,#7522);
#7520 = CARTESIAN_POINT('',(3.32,112.68319710629,0.));
#7521 = DIRECTION('',(-1.,-1.2E-16,0.));
#7522 = DIRECTION('',(-1.2E-16,1.,0.));
#7523 = ADVANCED_FACE('',(#7524),#7535,.T.);
#7524 = FACE_BOUND('',#7525,.T.);
#7525 = EDGE_LOOP('',(#7526,#7532,#7533,#7534));
#7526 = ORIENTED_EDGE('',*,*,#7527,.T.);
#7527 = EDGE_CURVE('',#2979,#5385,#7528,.T.);
#7528 = LINE('',#7529,#7530);
#7529 = CARTESIAN_POINT('',(-3.32,116.51680289371,0.));
#7530 = VECTOR('',#7531,1.);
#7531 = DIRECTION('',(0.,0.,1.));
#7532 = ORIENTED_EDGE('',*,*,#5392,.T.);
#7533 = ORIENTED_EDGE('',*,*,#7493,.F.);
#7534 = ORIENTED_EDGE('',*,*,#2988,.F.);
#7535 = PLANE('',#7536);
#7536 = AXIS2_PLACEMENT_3D('',#7537,#7538,#7539);
#7537 = CARTESIAN_POINT('',(-3.32,116.51680289371,0.));
#7538 = DIRECTION('',(1.,-1.2E-16,0.));
#7539 = DIRECTION('',(-1.2E-16,-1.,0.));
#7540 = ADVANCED_FACE('',(#7541),#7552,.T.);
#7541 = FACE_BOUND('',#7542,.T.);
#7542 = EDGE_LOOP('',(#7543,#7544,#7545,#7551));
#7543 = ORIENTED_EDGE('',*,*,#7512,.T.);
#7544 = ORIENTED_EDGE('',*,*,#5409,.T.);
#7545 = ORIENTED_EDGE('',*,*,#7546,.F.);
#7546 = EDGE_CURVE('',#3005,#5410,#7547,.T.);
#7547 = LINE('',#7548,#7549);
#7548 = CARTESIAN_POINT('',(0.,118.43360578741,0.));
#7549 = VECTOR('',#7550,1.);
#7550 = DIRECTION('',(0.,0.,1.));
#7551 = ORIENTED_EDGE('',*,*,#3012,.F.);
#7552 = PLANE('',#7553);
#7553 = AXIS2_PLACEMENT_3D('',#7554,#7555,#7556);
#7554 = CARTESIAN_POINT('',(3.32,116.51680289371,0.));
#7555 = DIRECTION('',(-0.5,-0.866025403784,0.));
#7556 = DIRECTION('',(-0.866025403784,0.5,0.));
#7557 = ADVANCED_FACE('',(#7558),#7564,.T.);
#7558 = FACE_BOUND('',#7559,.T.);
#7559 = EDGE_LOOP('',(#7560,#7561,#7562,#7563));
#7560 = ORIENTED_EDGE('',*,*,#7546,.T.);
#7561 = ORIENTED_EDGE('',*,*,#5433,.T.);
#7562 = ORIENTED_EDGE('',*,*,#7527,.F.);
#7563 = ORIENTED_EDGE('',*,*,#3029,.F.);
#7564 = PLANE('',#7565);
#7565 = AXIS2_PLACEMENT_3D('',#7566,#7567,#7568);
#7566 = CARTESIAN_POINT('',(0.,118.43360578741,0.));
#7567 = DIRECTION('',(0.5,-0.866025403784,0.));
#7568 = DIRECTION('',(-0.866025403784,-0.5,0.));
#7569 = ADVANCED_FACE('',(#7570),#7586,.T.);
#7570 = FACE_BOUND('',#7571,.T.);
#7571 = EDGE_LOOP('',(#7572,#7578,#7579,#7585));
#7572 = ORIENTED_EDGE('',*,*,#7573,.T.);
#7573 = EDGE_CURVE('',#3044,#5450,#7574,.T.);
#7574 = LINE('',#7575,#7576);
#7575 = CARTESIAN_POINT('',(-3.32,64.377056931554,0.));
#7576 = VECTOR('',#7577,1.);
#7577 = DIRECTION('',(0.,0.,1.));
#7578 = ORIENTED_EDGE('',*,*,#5457,.T.);
#7579 = ORIENTED_EDGE('',*,*,#7580,.F.);
#7580 = EDGE_CURVE('',#3053,#5458,#7581,.T.);
#7581 = LINE('',#7582,#7583);
#7582 = CARTESIAN_POINT('',(-0.84,65.808885599144,0.));
#7583 = VECTOR('',#7584,1.);
#7584 = DIRECTION('',(0.,0.,1.));
#7585 = ORIENTED_EDGE('',*,*,#3060,.F.);
#7586 = PLANE('',#7587);
#7587 = AXIS2_PLACEMENT_3D('',#7588,#7589,#7590);
#7588 = CARTESIAN_POINT('',(-3.32,64.377056931554,0.));
#7589 = DIRECTION('',(-0.5,0.866025403784,0.));
#7590 = DIRECTION('',(0.866025403784,0.5,0.));
#7591 = ADVANCED_FACE('',(#7592),#7603,.T.);
#7592 = FACE_BOUND('',#7593,.T.);
#7593 = EDGE_LOOP('',(#7594,#7600,#7601,#7602));
#7594 = ORIENTED_EDGE('',*,*,#7595,.T.);
#7595 = EDGE_CURVE('',#3075,#5481,#7596,.T.);
#7596 = LINE('',#7597,#7598);
#7597 = CARTESIAN_POINT('',(-3.32,70.104371601915,0.));
#7598 = VECTOR('',#7599,1.);
#7599 = DIRECTION('',(0.,0.,1.));
#7600 = ORIENTED_EDGE('',*,*,#5488,.T.);
#7601 = ORIENTED_EDGE('',*,*,#7573,.F.);
#7602 = ORIENTED_EDGE('',*,*,#3084,.F.);
#7603 = PLANE('',#7604);
#7604 = AXIS2_PLACEMENT_3D('',#7605,#7606,#7607);
#7605 = CARTESIAN_POINT('',(-3.32,70.104371601915,0.));
#7606 = DIRECTION('',(1.,0.,0.));
#7607 = DIRECTION('',(0.,-1.,0.));
#7608 = ADVANCED_FACE('',(#7609),#7620,.T.);
#7609 = FACE_BOUND('',#7610,.T.);
#7610 = EDGE_LOOP('',(#7611,#7612,#7613,#7619));
#7611 = ORIENTED_EDGE('',*,*,#7580,.T.);
#7612 = ORIENTED_EDGE('',*,*,#5505,.T.);
#7613 = ORIENTED_EDGE('',*,*,#7614,.F.);
#7614 = EDGE_CURVE('',#3101,#5506,#7615,.T.);
#7615 = LINE('',#7616,#7617);
#7616 = CARTESIAN_POINT('',(-0.84,68.672542934325,0.));
#7617 = VECTOR('',#7618,1.);
#7618 = DIRECTION('',(0.,0.,1.));
#7619 = ORIENTED_EDGE('',*,*,#3108,.F.);
#7620 = PLANE('',#7621);
#7621 = AXIS2_PLACEMENT_3D('',#7622,#7623,#7624);
#7622 = CARTESIAN_POINT('',(-0.84,65.808885599144,0.));
#7623 = DIRECTION('',(-1.,4.E-17,0.));
#7624 = DIRECTION('',(4.E-17,1.,0.));
#7625 = ADVANCED_FACE('',(#7626),#7632,.T.);
#7626 = FACE_BOUND('',#7627,.T.);
#7627 = EDGE_LOOP('',(#7628,#7629,#7630,#7631));
#7628 = ORIENTED_EDGE('',*,*,#7614,.T.);
#7629 = ORIENTED_EDGE('',*,*,#5529,.T.);
#7630 = ORIENTED_EDGE('',*,*,#7595,.F.);
#7631 = ORIENTED_EDGE('',*,*,#3125,.F.);
#7632 = PLANE('',#7633);
#7633 = AXIS2_PLACEMENT_3D('',#7634,#7635,#7636);
#7634 = CARTESIAN_POINT('',(-0.84,68.672542934325,0.));
#7635 = DIRECTION('',(-0.5,-0.866025403784,0.));
#7636 = DIRECTION('',(-0.866025403784,0.5,0.));
#7637 = ADVANCED_FACE('',(#7638),#7654,.T.);
#7638 = FACE_BOUND('',#7639,.T.);
#7639 = EDGE_LOOP('',(#7640,#7646,#7647,#7653));
#7640 = ORIENTED_EDGE('',*,*,#7641,.T.);
#7641 = EDGE_CURVE('',#3140,#5546,#7642,.T.);
#7642 = LINE('',#7643,#7644);
#7643 = CARTESIAN_POINT('',(3.32,70.104371601915,0.));
#7644 = VECTOR('',#7645,1.);
#7645 = DIRECTION('',(0.,0.,1.));
#7646 = ORIENTED_EDGE('',*,*,#5553,.T.);
#7647 = ORIENTED_EDGE('',*,*,#7648,.F.);
#7648 = EDGE_CURVE('',#3149,#5554,#7649,.T.);
#7649 = LINE('',#7650,#7651);
#7650 = CARTESIAN_POINT('',(0.84,68.672542934325,0.));
#7651 = VECTOR('',#7652,1.);
#7652 = DIRECTION('',(0.,0.,1.));
#7653 = ORIENTED_EDGE('',*,*,#3156,.F.);
#7654 = PLANE('',#7655);
#7655 = AXIS2_PLACEMENT_3D('',#7656,#7657,#7658);
#7656 = CARTESIAN_POINT('',(3.32,70.104371601915,0.));
#7657 = DIRECTION('',(0.5,-0.866025403784,0.));
#7658 = DIRECTION('',(-0.866025403784,-0.5,0.));
#7659 = ADVANCED_FACE('',(#7660),#7671,.F.);
#7660 = FACE_BOUND('',#7661,.F.);
#7661 = EDGE_LOOP('',(#7662,#7663,#7664,#7670));
#7662 = ORIENTED_EDGE('',*,*,#7641,.T.);
#7663 = ORIENTED_EDGE('',*,*,#5577,.T.);
#7664 = ORIENTED_EDGE('',*,*,#7665,.F.);
#7665 = EDGE_CURVE('',#3173,#5578,#7666,.T.);
#7666 = LINE('',#7667,#7668);
#7667 = CARTESIAN_POINT('',(3.32,64.377056931554,0.));
#7668 = VECTOR('',#7669,1.);
#7669 = DIRECTION('',(0.,0.,1.));
#7670 = ORIENTED_EDGE('',*,*,#3180,.F.);
#7671 = PLANE('',#7672);
#7672 = AXIS2_PLACEMENT_3D('',#7673,#7674,#7675);
#7673 = CARTESIAN_POINT('',(3.32,70.104371601915,0.));
#7674 = DIRECTION('',(1.,8.E-17,0.));
#7675 = DIRECTION('',(8.E-17,-1.,0.));
#7676 = ADVANCED_FACE('',(#7677),#7688,.T.);
#7677 = FACE_BOUND('',#7678,.T.);
#7678 = EDGE_LOOP('',(#7679,#7680,#7681,#7687));
#7679 = ORIENTED_EDGE('',*,*,#7648,.T.);
#7680 = ORIENTED_EDGE('',*,*,#5601,.T.);
#7681 = ORIENTED_EDGE('',*,*,#7682,.F.);
#7682 = EDGE_CURVE('',#3197,#5602,#7683,.T.);
#7683 = LINE('',#7684,#7685);
#7684 = CARTESIAN_POINT('',(0.84,65.808885599144,0.));
#7685 = VECTOR('',#7686,1.);
#7686 = DIRECTION('',(0.,0.,1.));
#7687 = ORIENTED_EDGE('',*,*,#3204,.F.);
#7688 = PLANE('',#7689);
#7689 = AXIS2_PLACEMENT_3D('',#7690,#7691,#7692);
#7690 = CARTESIAN_POINT('',(0.84,68.672542934325,0.));
#7691 = DIRECTION('',(1.,4.E-17,0.));
#7692 = DIRECTION('',(4.E-17,-1.,0.));
#7693 = ADVANCED_FACE('',(#7694),#7700,.T.);
#7694 = FACE_BOUND('',#7695,.T.);
#7695 = EDGE_LOOP('',(#7696,#7697,#7698,#7699));
#7696 = ORIENTED_EDGE('',*,*,#7682,.T.);
#7697 = ORIENTED_EDGE('',*,*,#5625,.T.);
#7698 = ORIENTED_EDGE('',*,*,#7665,.F.);
#7699 = ORIENTED_EDGE('',*,*,#3221,.F.);
#7700 = PLANE('',#7701);
#7701 = AXIS2_PLACEMENT_3D('',#7702,#7703,#7704);
#7702 = CARTESIAN_POINT('',(0.84,65.808885599144,0.));
#7703 = DIRECTION('',(0.5,0.866025403784,0.));
#7704 = DIRECTION('',(0.866025403784,-0.5,0.));
#7705 = ADVANCED_FACE('',(#7706),#7722,.T.);
#7706 = FACE_BOUND('',#7707,.T.);
#7707 = EDGE_LOOP('',(#7708,#7714,#7715,#7721));
#7708 = ORIENTED_EDGE('',*,*,#7709,.T.);
#7709 = EDGE_CURVE('',#3236,#5642,#7710,.T.);
#7710 = LINE('',#7711,#7712);
#7711 = CARTESIAN_POINT('',(-3.32,50.936342664819,0.));
#7712 = VECTOR('',#7713,1.);
#7713 = DIRECTION('',(0.,0.,1.));
#7714 = ORIENTED_EDGE('',*,*,#5649,.T.);
#7715 = ORIENTED_EDGE('',*,*,#7716,.F.);
#7716 = EDGE_CURVE('',#3245,#5650,#7717,.T.);
#7717 = LINE('',#7718,#7719);
#7718 = CARTESIAN_POINT('',(-0.84,52.36817133241,0.));
#7719 = VECTOR('',#7720,1.);
#7720 = DIRECTION('',(0.,0.,1.));
#7721 = ORIENTED_EDGE('',*,*,#3252,.F.);
#7722 = PLANE('',#7723);
#7723 = AXIS2_PLACEMENT_3D('',#7724,#7725,#7726);
#7724 = CARTESIAN_POINT('',(-3.32,50.936342664819,0.));
#7725 = DIRECTION('',(-0.5,0.866025403784,0.));
#7726 = DIRECTION('',(0.866025403784,0.5,0.));
#7727 = ADVANCED_FACE('',(#7728),#7739,.T.);
#7728 = FACE_BOUND('',#7729,.T.);
#7729 = EDGE_LOOP('',(#7730,#7736,#7737,#7738));
#7730 = ORIENTED_EDGE('',*,*,#7731,.T.);
#7731 = EDGE_CURVE('',#3267,#5673,#7732,.T.);
#7732 = LINE('',#7733,#7734);
#7733 = CARTESIAN_POINT('',(-3.32,56.663657335181,0.));
#7734 = VECTOR('',#7735,1.);
#7735 = DIRECTION('',(0.,0.,1.));
#7736 = ORIENTED_EDGE('',*,*,#5680,.T.);
#7737 = ORIENTED_EDGE('',*,*,#7709,.F.);
#7738 = ORIENTED_EDGE('',*,*,#3276,.F.);
#7739 = PLANE('',#7740);
#7740 = AXIS2_PLACEMENT_3D('',#7741,#7742,#7743);
#7741 = CARTESIAN_POINT('',(-3.32,56.663657335181,0.));
#7742 = DIRECTION('',(1.,8.E-17,0.));
#7743 = DIRECTION('',(8.E-17,-1.,0.));
#7744 = ADVANCED_FACE('',(#7745),#7756,.T.);
#7745 = FACE_BOUND('',#7746,.T.);
#7746 = EDGE_LOOP('',(#7747,#7748,#7749,#7755));
#7747 = ORIENTED_EDGE('',*,*,#7716,.T.);
#7748 = ORIENTED_EDGE('',*,*,#5697,.T.);
#7749 = ORIENTED_EDGE('',*,*,#7750,.F.);
#7750 = EDGE_CURVE('',#3293,#5698,#7751,.T.);
#7751 = LINE('',#7752,#7753);
#7752 = CARTESIAN_POINT('',(-0.84,55.23182866759,0.));
#7753 = VECTOR('',#7754,1.);
#7754 = DIRECTION('',(0.,0.,1.));
#7755 = ORIENTED_EDGE('',*,*,#3300,.F.);
#7756 = PLANE('',#7757);
#7757 = AXIS2_PLACEMENT_3D('',#7758,#7759,#7760);
#7758 = CARTESIAN_POINT('',(-0.84,52.36817133241,0.));
#7759 = DIRECTION('',(-1.,-1.2E-16,0.));
#7760 = DIRECTION('',(-1.2E-16,1.,0.));
#7761 = ADVANCED_FACE('',(#7762),#7768,.T.);
#7762 = FACE_BOUND('',#7763,.T.);
#7763 = EDGE_LOOP('',(#7764,#7765,#7766,#7767));
#7764 = ORIENTED_EDGE('',*,*,#7750,.T.);
#7765 = ORIENTED_EDGE('',*,*,#5721,.T.);
#7766 = ORIENTED_EDGE('',*,*,#7731,.F.);
#7767 = ORIENTED_EDGE('',*,*,#3317,.F.);
#7768 = PLANE('',#7769);
#7769 = AXIS2_PLACEMENT_3D('',#7770,#7771,#7772);
#7770 = CARTESIAN_POINT('',(-0.84,55.23182866759,0.));
#7771 = DIRECTION('',(-0.5,-0.866025403784,0.));
#7772 = DIRECTION('',(-0.866025403784,0.5,0.));
#7773 = ADVANCED_FACE('',(#7774),#7790,.T.);
#7774 = FACE_BOUND('',#7775,.T.);
#7775 = EDGE_LOOP('',(#7776,#7782,#7783,#7789));
#7776 = ORIENTED_EDGE('',*,*,#7777,.T.);
#7777 = EDGE_CURVE('',#3332,#5738,#7778,.T.);
#7778 = LINE('',#7779,#7780);
#7779 = CARTESIAN_POINT('',(3.32,56.663657335181,0.));
#7780 = VECTOR('',#7781,1.);
#7781 = DIRECTION('',(0.,0.,1.));
#7782 = ORIENTED_EDGE('',*,*,#5745,.T.);
#7783 = ORIENTED_EDGE('',*,*,#7784,.F.);
#7784 = EDGE_CURVE('',#3341,#5746,#7785,.T.);
#7785 = LINE('',#7786,#7787);
#7786 = CARTESIAN_POINT('',(0.84,55.23182866759,0.));
#7787 = VECTOR('',#7788,1.);
#7788 = DIRECTION('',(0.,0.,1.));
#7789 = ORIENTED_EDGE('',*,*,#3348,.F.);
#7790 = PLANE('',#7791);
#7791 = AXIS2_PLACEMENT_3D('',#7792,#7793,#7794);
#7792 = CARTESIAN_POINT('',(3.32,56.663657335181,0.));
#7793 = DIRECTION('',(0.5,-0.866025403784,0.));
#7794 = DIRECTION('',(-0.866025403784,-0.5,0.));
#7795 = ADVANCED_FACE('',(#7796),#7807,.F.);
#7796 = FACE_BOUND('',#7797,.F.);
#7797 = EDGE_LOOP('',(#7798,#7799,#7800,#7806));
#7798 = ORIENTED_EDGE('',*,*,#7777,.T.);
#7799 = ORIENTED_EDGE('',*,*,#5769,.T.);
#7800 = ORIENTED_EDGE('',*,*,#7801,.F.);
#7801 = EDGE_CURVE('',#3365,#5770,#7802,.T.);
#7802 = LINE('',#7803,#7804);
#7803 = CARTESIAN_POINT('',(3.32,50.936342664819,0.));
#7804 = VECTOR('',#7805,1.);
#7805 = DIRECTION('',(0.,0.,1.));
#7806 = ORIENTED_EDGE('',*,*,#3372,.F.);
#7807 = PLANE('',#7808);
#7808 = AXIS2_PLACEMENT_3D('',#7809,#7810,#7811);
#7809 = CARTESIAN_POINT('',(3.32,56.663657335181,0.));
#7810 = DIRECTION('',(1.,-8.E-17,0.));
#7811 = DIRECTION('',(-8.E-17,-1.,0.));
#7812 = ADVANCED_FACE('',(#7813),#7824,.T.);
#7813 = FACE_BOUND('',#7814,.T.);
#7814 = EDGE_LOOP('',(#7815,#7816,#7817,#7823));
#7815 = ORIENTED_EDGE('',*,*,#7784,.T.);
#7816 = ORIENTED_EDGE('',*,*,#5793,.T.);
#7817 = ORIENTED_EDGE('',*,*,#7818,.F.);
#7818 = EDGE_CURVE('',#3389,#5794,#7819,.T.);
#7819 = LINE('',#7820,#7821);
#7820 = CARTESIAN_POINT('',(0.84,52.36817133241,0.));
#7821 = VECTOR('',#7822,1.);
#7822 = DIRECTION('',(0.,0.,1.));
#7823 = ORIENTED_EDGE('',*,*,#3396,.F.);
#7824 = PLANE('',#7825);
#7825 = AXIS2_PLACEMENT_3D('',#7826,#7827,#7828);
#7826 = CARTESIAN_POINT('',(0.84,55.23182866759,0.));
#7827 = DIRECTION('',(1.,-1.6E-16,0.));
#7828 = DIRECTION('',(-1.6E-16,-1.,0.));
#7829 = ADVANCED_FACE('',(#7830),#7836,.T.);
#7830 = FACE_BOUND('',#7831,.T.);
#7831 = EDGE_LOOP('',(#7832,#7833,#7834,#7835));
#7832 = ORIENTED_EDGE('',*,*,#7818,.T.);
#7833 = ORIENTED_EDGE('',*,*,#5817,.T.);
#7834 = ORIENTED_EDGE('',*,*,#7801,.F.);
#7835 = ORIENTED_EDGE('',*,*,#3413,.F.);
#7836 = PLANE('',#7837);
#7837 = AXIS2_PLACEMENT_3D('',#7838,#7839,#7840);
#7838 = CARTESIAN_POINT('',(0.84,52.36817133241,0.));
#7839 = DIRECTION('',(0.5,0.866025403784,0.));
#7840 = DIRECTION('',(0.866025403784,-0.5,0.));
#7841 = ADVANCED_FACE('',(#7842),#7858,.T.);
#7842 = FACE_BOUND('',#7843,.T.);
#7843 = EDGE_LOOP('',(#7844,#7850,#7851,#7857));
#7844 = ORIENTED_EDGE('',*,*,#7845,.T.);
#7845 = EDGE_CURVE('',#3428,#5834,#7846,.T.);
#7846 = LINE('',#7847,#7848);
#7847 = CARTESIAN_POINT('',(3.32,43.222943068446,0.));
#7848 = VECTOR('',#7849,1.);
#7849 = DIRECTION('',(0.,0.,1.));
#7850 = ORIENTED_EDGE('',*,*,#5841,.T.);
#7851 = ORIENTED_EDGE('',*,*,#7852,.F.);
#7852 = EDGE_CURVE('',#3437,#5842,#7853,.T.);
#7853 = LINE('',#7854,#7855);
#7854 = CARTESIAN_POINT('',(0.84,41.791114400856,0.));
#7855 = VECTOR('',#7856,1.);
#7856 = DIRECTION('',(0.,0.,1.));
#7857 = ORIENTED_EDGE('',*,*,#3444,.F.);
#7858 = PLANE('',#7859);
#7859 = AXIS2_PLACEMENT_3D('',#7860,#7861,#7862);
#7860 = CARTESIAN_POINT('',(3.32,43.222943068446,0.));
#7861 = DIRECTION('',(0.5,-0.866025403784,0.));
#7862 = DIRECTION('',(-0.866025403784,-0.5,0.));
#7863 = ADVANCED_FACE('',(#7864),#7875,.F.);
#7864 = FACE_BOUND('',#7865,.F.);
#7865 = EDGE_LOOP('',(#7866,#7867,#7868,#7874));
#7866 = ORIENTED_EDGE('',*,*,#7845,.T.);
#7867 = ORIENTED_EDGE('',*,*,#5865,.T.);
#7868 = ORIENTED_EDGE('',*,*,#7869,.F.);
#7869 = EDGE_CURVE('',#3461,#5866,#7870,.T.);
#7870 = LINE('',#7871,#7872);
#7871 = CARTESIAN_POINT('',(3.32,37.495628398085,0.));
#7872 = VECTOR('',#7873,1.);
#7873 = DIRECTION('',(0.,0.,1.));
#7874 = ORIENTED_EDGE('',*,*,#3468,.F.);
#7875 = PLANE('',#7876);
#7876 = AXIS2_PLACEMENT_3D('',#7877,#7878,#7879);
#7877 = CARTESIAN_POINT('',(3.32,43.222943068446,0.));
#7878 = DIRECTION('',(1.,0.,0.));
#7879 = DIRECTION('',(0.,-1.,0.));
#7880 = ADVANCED_FACE('',(#7881),#7892,.T.);
#7881 = FACE_BOUND('',#7882,.T.);
#7882 = EDGE_LOOP('',(#7883,#7884,#7885,#7891));
#7883 = ORIENTED_EDGE('',*,*,#7852,.T.);
#7884 = ORIENTED_EDGE('',*,*,#5889,.T.);
#7885 = ORIENTED_EDGE('',*,*,#7886,.F.);
#7886 = EDGE_CURVE('',#3485,#5890,#7887,.T.);
#7887 = LINE('',#7888,#7889);
#7888 = CARTESIAN_POINT('',(0.84,38.927457065675,0.));
#7889 = VECTOR('',#7890,1.);
#7890 = DIRECTION('',(0.,0.,1.));
#7891 = ORIENTED_EDGE('',*,*,#3492,.F.);
#7892 = PLANE('',#7893);
#7893 = AXIS2_PLACEMENT_3D('',#7894,#7895,#7896);
#7894 = CARTESIAN_POINT('',(0.84,41.791114400856,0.));
#7895 = DIRECTION('',(1.,1.6E-16,0.));
#7896 = DIRECTION('',(1.6E-16,-1.,0.));
#7897 = ADVANCED_FACE('',(#7898),#7904,.T.);
#7898 = FACE_BOUND('',#7899,.T.);
#7899 = EDGE_LOOP('',(#7900,#7901,#7902,#7903));
#7900 = ORIENTED_EDGE('',*,*,#7886,.T.);
#7901 = ORIENTED_EDGE('',*,*,#5913,.T.);
#7902 = ORIENTED_EDGE('',*,*,#7869,.F.);
#7903 = ORIENTED_EDGE('',*,*,#3509,.F.);
#7904 = PLANE('',#7905);
#7905 = AXIS2_PLACEMENT_3D('',#7906,#7907,#7908);
#7906 = CARTESIAN_POINT('',(0.84,38.927457065675,0.));
#7907 = DIRECTION('',(0.5,0.866025403784,0.));
#7908 = DIRECTION('',(0.866025403784,-0.5,0.));
#7909 = ADVANCED_FACE('',(#7910),#7926,.T.);
#7910 = FACE_BOUND('',#7911,.T.);
#7911 = EDGE_LOOP('',(#7912,#7918,#7919,#7925));
#7912 = ORIENTED_EDGE('',*,*,#7913,.T.);
#7913 = EDGE_CURVE('',#3524,#5930,#7914,.T.);
#7914 = LINE('',#7915,#7916);
#7915 = CARTESIAN_POINT('',(-3.32,37.495628398085,0.));
#7916 = VECTOR('',#7917,1.);
#7917 = DIRECTION('',(0.,0.,1.));
#7918 = ORIENTED_EDGE('',*,*,#5937,.T.);
#7919 = ORIENTED_EDGE('',*,*,#7920,.F.);
#7920 = EDGE_CURVE('',#3533,#5938,#7921,.T.);
#7921 = LINE('',#7922,#7923);
#7922 = CARTESIAN_POINT('',(-0.84,38.927457065675,0.));
#7923 = VECTOR('',#7924,1.);
#7924 = DIRECTION('',(0.,0.,1.));
#7925 = ORIENTED_EDGE('',*,*,#3540,.F.);
#7926 = PLANE('',#7927);
#7927 = AXIS2_PLACEMENT_3D('',#7928,#7929,#7930);
#7928 = CARTESIAN_POINT('',(-3.32,37.495628398085,0.));
#7929 = DIRECTION('',(-0.5,0.866025403784,0.));
#7930 = DIRECTION('',(0.866025403784,0.5,0.));
#7931 = ADVANCED_FACE('',(#7932),#7943,.T.);
#7932 = FACE_BOUND('',#7933,.T.);
#7933 = EDGE_LOOP('',(#7934,#7940,#7941,#7942));
#7934 = ORIENTED_EDGE('',*,*,#7935,.T.);
#7935 = EDGE_CURVE('',#3555,#5961,#7936,.T.);
#7936 = LINE('',#7937,#7938);
#7937 = CARTESIAN_POINT('',(-3.32,43.222943068446,0.));
#7938 = VECTOR('',#7939,1.);
#7939 = DIRECTION('',(0.,0.,1.));
#7940 = ORIENTED_EDGE('',*,*,#5968,.T.);
#7941 = ORIENTED_EDGE('',*,*,#7913,.F.);
#7942 = ORIENTED_EDGE('',*,*,#3564,.F.);
#7943 = PLANE('',#7944);
#7944 = AXIS2_PLACEMENT_3D('',#7945,#7946,#7947);
#7945 = CARTESIAN_POINT('',(-3.32,43.222943068446,0.));
#7946 = DIRECTION('',(1.,-8.E-17,0.));
#7947 = DIRECTION('',(-8.E-17,-1.,0.));
#7948 = ADVANCED_FACE('',(#7949),#7960,.T.);
#7949 = FACE_BOUND('',#7950,.T.);
#7950 = EDGE_LOOP('',(#7951,#7952,#7953,#7959));
#7951 = ORIENTED_EDGE('',*,*,#7920,.T.);
#7952 = ORIENTED_EDGE('',*,*,#5985,.T.);
#7953 = ORIENTED_EDGE('',*,*,#7954,.F.);
#7954 = EDGE_CURVE('',#3581,#5986,#7955,.T.);
#7955 = LINE('',#7956,#7957);
#7956 = CARTESIAN_POINT('',(-0.84,41.791114400856,0.));
#7957 = VECTOR('',#7958,1.);
#7958 = DIRECTION('',(0.,0.,1.));
#7959 = ORIENTED_EDGE('',*,*,#3588,.F.);
#7960 = PLANE('',#7961);
#7961 = AXIS2_PLACEMENT_3D('',#7962,#7963,#7964);
#7962 = CARTESIAN_POINT('',(-0.84,38.927457065675,0.));
#7963 = DIRECTION('',(-1.,8.E-17,0.));
#7964 = DIRECTION('',(8.E-17,1.,0.));
#7965 = ADVANCED_FACE('',(#7966),#7972,.T.);
#7966 = FACE_BOUND('',#7967,.T.);
#7967 = EDGE_LOOP('',(#7968,#7969,#7970,#7971));
#7968 = ORIENTED_EDGE('',*,*,#7954,.T.);
#7969 = ORIENTED_EDGE('',*,*,#6009,.T.);
#7970 = ORIENTED_EDGE('',*,*,#7935,.F.);
#7971 = ORIENTED_EDGE('',*,*,#3605,.F.);
#7972 = PLANE('',#7973);
#7973 = AXIS2_PLACEMENT_3D('',#7974,#7975,#7976);
#7974 = CARTESIAN_POINT('',(-0.84,41.791114400856,0.));
#7975 = DIRECTION('',(-0.5,-0.866025403784,0.));
#7976 = DIRECTION('',(-0.866025403784,0.5,0.));
#7977 = ADVANCED_FACE('',(#7978),#7994,.T.);
#7978 = FACE_BOUND('',#7979,.T.);
#7979 = EDGE_LOOP('',(#7980,#7986,#7987,#7993));
#7980 = ORIENTED_EDGE('',*,*,#7981,.T.);
#7981 = EDGE_CURVE('',#3620,#6026,#7982,.T.);
#7982 = LINE('',#7983,#7984);
#7983 = CARTESIAN_POINT('',(3.32,29.782228801712,0.));
#7984 = VECTOR('',#7985,1.);
#7985 = DIRECTION('',(0.,0.,1.));
#7986 = ORIENTED_EDGE('',*,*,#6033,.T.);
#7987 = ORIENTED_EDGE('',*,*,#7988,.F.);
#7988 = EDGE_CURVE('',#3629,#6034,#7989,.T.);
#7989 = LINE('',#7990,#7991);
#7990 = CARTESIAN_POINT('',(0.84,28.350400134121,0.));
#7991 = VECTOR('',#7992,1.);
#7992 = DIRECTION('',(0.,0.,1.));
#7993 = ORIENTED_EDGE('',*,*,#3636,.F.);
#7994 = PLANE('',#7995);
#7995 = AXIS2_PLACEMENT_3D('',#7996,#7997,#7998);
#7996 = CARTESIAN_POINT('',(3.32,29.782228801712,0.));
#7997 = DIRECTION('',(0.5,-0.866025403784,0.));
#7998 = DIRECTION('',(-0.866025403784,-0.5,0.));
#7999 = ADVANCED_FACE('',(#8000),#8011,.F.);
#8000 = FACE_BOUND('',#8001,.F.);
#8001 = EDGE_LOOP('',(#8002,#8003,#8004,#8010));
#8002 = ORIENTED_EDGE('',*,*,#7981,.T.);
#8003 = ORIENTED_EDGE('',*,*,#6057,.T.);
#8004 = ORIENTED_EDGE('',*,*,#8005,.F.);
#8005 = EDGE_CURVE('',#3653,#6058,#8006,.T.);
#8006 = LINE('',#8007,#8008);
#8007 = CARTESIAN_POINT('',(3.32,24.054914131351,0.));
#8008 = VECTOR('',#8009,1.);
#8009 = DIRECTION('',(0.,0.,1.));
#8010 = ORIENTED_EDGE('',*,*,#3660,.F.);
#8011 = PLANE('',#8012);
#8012 = AXIS2_PLACEMENT_3D('',#8013,#8014,#8015);
#8013 = CARTESIAN_POINT('',(3.32,29.782228801712,0.));
#8014 = DIRECTION('',(1.,0.,0.));
#8015 = DIRECTION('',(0.,-1.,0.));
#8016 = ADVANCED_FACE('',(#8017),#8028,.T.);
#8017 = FACE_BOUND('',#8018,.T.);
#8018 = EDGE_LOOP('',(#8019,#8020,#8021,#8027));
#8019 = ORIENTED_EDGE('',*,*,#7988,.T.);
#8020 = ORIENTED_EDGE('',*,*,#6081,.T.);
#8021 = ORIENTED_EDGE('',*,*,#8022,.F.);
#8022 = EDGE_CURVE('',#3677,#6082,#8023,.T.);
#8023 = LINE('',#8024,#8025);
#8024 = CARTESIAN_POINT('',(0.84,25.486742798941,0.));
#8025 = VECTOR('',#8026,1.);
#8026 = DIRECTION('',(0.,0.,1.));
#8027 = ORIENTED_EDGE('',*,*,#3684,.F.);
#8028 = PLANE('',#8029);
#8029 = AXIS2_PLACEMENT_3D('',#8030,#8031,#8032);
#8030 = CARTESIAN_POINT('',(0.84,28.350400134121,0.));
#8031 = DIRECTION('',(1.,4.E-17,0.));
#8032 = DIRECTION('',(4.E-17,-1.,0.));
#8033 = ADVANCED_FACE('',(#8034),#8040,.T.);
#8034 = FACE_BOUND('',#8035,.T.);
#8035 = EDGE_LOOP('',(#8036,#8037,#8038,#8039));
#8036 = ORIENTED_EDGE('',*,*,#8022,.T.);
#8037 = ORIENTED_EDGE('',*,*,#6105,.T.);
#8038 = ORIENTED_EDGE('',*,*,#8005,.F.);
#8039 = ORIENTED_EDGE('',*,*,#3701,.F.);
#8040 = PLANE('',#8041);
#8041 = AXIS2_PLACEMENT_3D('',#8042,#8043,#8044);
#8042 = CARTESIAN_POINT('',(0.84,25.486742798941,0.));
#8043 = DIRECTION('',(0.5,0.866025403784,0.));
#8044 = DIRECTION('',(0.866025403784,-0.5,0.));
#8045 = ADVANCED_FACE('',(#8046),#8062,.T.);
#8046 = FACE_BOUND('',#8047,.T.);
#8047 = EDGE_LOOP('',(#8048,#8054,#8055,#8061));
#8048 = ORIENTED_EDGE('',*,*,#8049,.T.);
#8049 = EDGE_CURVE('',#3716,#6122,#8050,.T.);
#8050 = LINE('',#8051,#8052);
#8051 = CARTESIAN_POINT('',(-3.32,24.054914131351,0.));
#8052 = VECTOR('',#8053,1.);
#8053 = DIRECTION('',(0.,0.,1.));
#8054 = ORIENTED_EDGE('',*,*,#6129,.T.);
#8055 = ORIENTED_EDGE('',*,*,#8056,.F.);
#8056 = EDGE_CURVE('',#3725,#6130,#8057,.T.);
#8057 = LINE('',#8058,#8059);
#8058 = CARTESIAN_POINT('',(-0.84,25.486742798941,0.));
#8059 = VECTOR('',#8060,1.);
#8060 = DIRECTION('',(0.,0.,1.));
#8061 = ORIENTED_EDGE('',*,*,#3732,.F.);
#8062 = PLANE('',#8063);
#8063 = AXIS2_PLACEMENT_3D('',#8064,#8065,#8066);
#8064 = CARTESIAN_POINT('',(-3.32,24.054914131351,0.));
#8065 = DIRECTION('',(-0.5,0.866025403784,0.));
#8066 = DIRECTION('',(0.866025403784,0.5,0.));
#8067 = ADVANCED_FACE('',(#8068),#8079,.T.);
#8068 = FACE_BOUND('',#8069,.T.);
#8069 = EDGE_LOOP('',(#8070,#8076,#8077,#8078));
#8070 = ORIENTED_EDGE('',*,*,#8071,.T.);
#8071 = EDGE_CURVE('',#3747,#6153,#8072,.T.);
#8072 = LINE('',#8073,#8074);
#8073 = CARTESIAN_POINT('',(-3.32,29.782228801712,0.));
#8074 = VECTOR('',#8075,1.);
#8075 = DIRECTION('',(0.,0.,1.));
#8076 = ORIENTED_EDGE('',*,*,#6160,.T.);
#8077 = ORIENTED_EDGE('',*,*,#8049,.F.);
#8078 = ORIENTED_EDGE('',*,*,#3756,.F.);
#8079 = PLANE('',#8080);
#8080 = AXIS2_PLACEMENT_3D('',#8081,#8082,#8083);
#8081 = CARTESIAN_POINT('',(-3.32,29.782228801712,0.));
#8082 = DIRECTION('',(1.,1.6E-16,0.));
#8083 = DIRECTION('',(1.6E-16,-1.,0.));
#8084 = ADVANCED_FACE('',(#8085),#8096,.T.);
#8085 = FACE_BOUND('',#8086,.T.);
#8086 = EDGE_LOOP('',(#8087,#8088,#8089,#8095));
#8087 = ORIENTED_EDGE('',*,*,#8056,.T.);
#8088 = ORIENTED_EDGE('',*,*,#6177,.T.);
#8089 = ORIENTED_EDGE('',*,*,#8090,.F.);
#8090 = EDGE_CURVE('',#3773,#6178,#8091,.T.);
#8091 = LINE('',#8092,#8093);
#8092 = CARTESIAN_POINT('',(-0.84,28.350400134121,0.));
#8093 = VECTOR('',#8094,1.);
#8094 = DIRECTION('',(0.,0.,1.));
#8095 = ORIENTED_EDGE('',*,*,#3780,.F.);
#8096 = PLANE('',#8097);
#8097 = AXIS2_PLACEMENT_3D('',#8098,#8099,#8100);
#8098 = CARTESIAN_POINT('',(-0.84,25.486742798941,0.));
#8099 = DIRECTION('',(-1.,-3.1E-16,0.));
#8100 = DIRECTION('',(-3.1E-16,1.,0.));
#8101 = ADVANCED_FACE('',(#8102),#8108,.T.);
#8102 = FACE_BOUND('',#8103,.T.);
#8103 = EDGE_LOOP('',(#8104,#8105,#8106,#8107));
#8104 = ORIENTED_EDGE('',*,*,#8090,.T.);
#8105 = ORIENTED_EDGE('',*,*,#6201,.T.);
#8106 = ORIENTED_EDGE('',*,*,#8071,.F.);
#8107 = ORIENTED_EDGE('',*,*,#3797,.F.);
#8108 = PLANE('',#8109);
#8109 = AXIS2_PLACEMENT_3D('',#8110,#8111,#8112);
#8110 = CARTESIAN_POINT('',(-0.84,28.350400134121,0.));
#8111 = DIRECTION('',(-0.5,-0.866025403784,0.));
#8112 = DIRECTION('',(-0.866025403784,0.5,0.));
#8113 = ADVANCED_FACE('',(#8114),#8130,.T.);
#8114 = FACE_BOUND('',#8115,.T.);
#8115 = EDGE_LOOP('',(#8116,#8122,#8123,#8129));
#8116 = ORIENTED_EDGE('',*,*,#8117,.T.);
#8117 = EDGE_CURVE('',#3812,#6218,#8118,.T.);
#8118 = LINE('',#8119,#8120);
#8119 = CARTESIAN_POINT('',(-3.32,77.817771198288,0.));
#8120 = VECTOR('',#8121,1.);
#8121 = DIRECTION('',(0.,0.,1.));
#8122 = ORIENTED_EDGE('',*,*,#6225,.T.);
#8123 = ORIENTED_EDGE('',*,*,#8124,.F.);
#8124 = EDGE_CURVE('',#3821,#6226,#8125,.T.);
#8125 = LINE('',#8126,#8127);
#8126 = CARTESIAN_POINT('',(-0.84,79.249599865879,0.));
#8127 = VECTOR('',#8128,1.);
#8128 = DIRECTION('',(0.,0.,1.));
#8129 = ORIENTED_EDGE('',*,*,#3828,.F.);
#8130 = PLANE('',#8131);
#8131 = AXIS2_PLACEMENT_3D('',#8132,#8133,#8134);
#8132 = CARTESIAN_POINT('',(-3.32,77.817771198288,0.));
#8133 = DIRECTION('',(-0.5,0.866025403784,0.));
#8134 = DIRECTION('',(0.866025403784,0.5,0.));
#8135 = ADVANCED_FACE('',(#8136),#8147,.T.);
#8136 = FACE_BOUND('',#8137,.T.);
#8137 = EDGE_LOOP('',(#8138,#8144,#8145,#8146));
#8138 = ORIENTED_EDGE('',*,*,#8139,.T.);
#8139 = EDGE_CURVE('',#3843,#6249,#8140,.T.);
#8140 = LINE('',#8141,#8142);
#8141 = CARTESIAN_POINT('',(-3.32,83.545085868649,0.));
#8142 = VECTOR('',#8143,1.);
#8143 = DIRECTION('',(0.,0.,1.));
#8144 = ORIENTED_EDGE('',*,*,#6256,.T.);
#8145 = ORIENTED_EDGE('',*,*,#8117,.F.);
#8146 = ORIENTED_EDGE('',*,*,#3852,.F.);
#8147 = PLANE('',#8148);
#8148 = AXIS2_PLACEMENT_3D('',#8149,#8150,#8151);
#8149 = CARTESIAN_POINT('',(-3.32,83.545085868649,0.));
#8150 = DIRECTION('',(1.,0.,0.));
#8151 = DIRECTION('',(0.,-1.,0.));
#8152 = ADVANCED_FACE('',(#8153),#8164,.T.);
#8153 = FACE_BOUND('',#8154,.T.);
#8154 = EDGE_LOOP('',(#8155,#8156,#8157,#8163));
#8155 = ORIENTED_EDGE('',*,*,#8124,.T.);
#8156 = ORIENTED_EDGE('',*,*,#6273,.T.);
#8157 = ORIENTED_EDGE('',*,*,#8158,.F.);
#8158 = EDGE_CURVE('',#3869,#6274,#8159,.T.);
#8159 = LINE('',#8160,#8161);
#8160 = CARTESIAN_POINT('',(-0.84,82.113257201059,0.));
#8161 = VECTOR('',#8162,1.);
#8162 = DIRECTION('',(0.,0.,1.));
#8163 = ORIENTED_EDGE('',*,*,#3876,.F.);
#8164 = PLANE('',#8165);
#8165 = AXIS2_PLACEMENT_3D('',#8166,#8167,#8168);
#8166 = CARTESIAN_POINT('',(-0.84,79.249599865879,0.));
#8167 = DIRECTION('',(-1.,0.,0.));
#8168 = DIRECTION('',(0.,1.,0.));
#8169 = ADVANCED_FACE('',(#8170),#8176,.T.);
#8170 = FACE_BOUND('',#8171,.T.);
#8171 = EDGE_LOOP('',(#8172,#8173,#8174,#8175));
#8172 = ORIENTED_EDGE('',*,*,#8158,.T.);
#8173 = ORIENTED_EDGE('',*,*,#6297,.T.);
#8174 = ORIENTED_EDGE('',*,*,#8139,.F.);
#8175 = ORIENTED_EDGE('',*,*,#3893,.F.);
#8176 = PLANE('',#8177);
#8177 = AXIS2_PLACEMENT_3D('',#8178,#8179,#8180);
#8178 = CARTESIAN_POINT('',(-0.84,82.113257201059,0.));
#8179 = DIRECTION('',(-0.5,-0.866025403784,0.));
#8180 = DIRECTION('',(-0.866025403784,0.5,0.));
#8181 = ADVANCED_FACE('',(#8182),#8198,.T.);
#8182 = FACE_BOUND('',#8183,.T.);
#8183 = EDGE_LOOP('',(#8184,#8190,#8191,#8197));
#8184 = ORIENTED_EDGE('',*,*,#8185,.T.);
#8185 = EDGE_CURVE('',#3908,#6314,#8186,.T.);
#8186 = LINE('',#8187,#8188);
#8187 = CARTESIAN_POINT('',(3.32,83.545085868649,0.));
#8188 = VECTOR('',#8189,1.);
#8189 = DIRECTION('',(0.,0.,1.));
#8190 = ORIENTED_EDGE('',*,*,#6321,.T.);
#8191 = ORIENTED_EDGE('',*,*,#8192,.F.);
#8192 = EDGE_CURVE('',#3917,#6322,#8193,.T.);
#8193 = LINE('',#8194,#8195);
#8194 = CARTESIAN_POINT('',(0.84,82.113257201059,0.));
#8195 = VECTOR('',#8196,1.);
#8196 = DIRECTION('',(0.,0.,1.));
#8197 = ORIENTED_EDGE('',*,*,#3924,.F.);
#8198 = PLANE('',#8199);
#8199 = AXIS2_PLACEMENT_3D('',#8200,#8201,#8202);
#8200 = CARTESIAN_POINT('',(3.32,83.545085868649,0.));
#8201 = DIRECTION('',(0.5,-0.866025403784,0.));
#8202 = DIRECTION('',(-0.866025403784,-0.5,0.));
#8203 = ADVANCED_FACE('',(#8204),#8215,.F.);
#8204 = FACE_BOUND('',#8205,.F.);
#8205 = EDGE_LOOP('',(#8206,#8207,#8208,#8214));
#8206 = ORIENTED_EDGE('',*,*,#8185,.T.);
#8207 = ORIENTED_EDGE('',*,*,#6345,.T.);
#8208 = ORIENTED_EDGE('',*,*,#8209,.F.);
#8209 = EDGE_CURVE('',#3941,#6346,#8210,.T.);
#8210 = LINE('',#8211,#8212);
#8211 = CARTESIAN_POINT('',(3.32,77.817771198288,0.));
#8212 = VECTOR('',#8213,1.);
#8213 = DIRECTION('',(0.,0.,1.));
#8214 = ORIENTED_EDGE('',*,*,#3948,.F.);
#8215 = PLANE('',#8216);
#8216 = AXIS2_PLACEMENT_3D('',#8217,#8218,#8219);
#8217 = CARTESIAN_POINT('',(3.32,83.545085868649,0.));
#8218 = DIRECTION('',(1.,-8.E-17,0.));
#8219 = DIRECTION('',(-8.E-17,-1.,0.));
#8220 = ADVANCED_FACE('',(#8221),#8232,.T.);
#8221 = FACE_BOUND('',#8222,.T.);
#8222 = EDGE_LOOP('',(#8223,#8224,#8225,#8231));
#8223 = ORIENTED_EDGE('',*,*,#8192,.T.);
#8224 = ORIENTED_EDGE('',*,*,#6369,.T.);
#8225 = ORIENTED_EDGE('',*,*,#8226,.F.);
#8226 = EDGE_CURVE('',#3965,#6370,#8227,.T.);
#8227 = LINE('',#8228,#8229);
#8228 = CARTESIAN_POINT('',(0.84,79.249599865879,0.));
#8229 = VECTOR('',#8230,1.);
#8230 = DIRECTION('',(0.,0.,1.));
#8231 = ORIENTED_EDGE('',*,*,#3972,.F.);
#8232 = PLANE('',#8233);
#8233 = AXIS2_PLACEMENT_3D('',#8234,#8235,#8236);
#8234 = CARTESIAN_POINT('',(0.84,82.113257201059,0.));
#8235 = DIRECTION('',(1.,-1.6E-16,0.));
#8236 = DIRECTION('',(-1.6E-16,-1.,0.));
#8237 = ADVANCED_FACE('',(#8238),#8244,.T.);
#8238 = FACE_BOUND('',#8239,.T.);
#8239 = EDGE_LOOP('',(#8240,#8241,#8242,#8243));
#8240 = ORIENTED_EDGE('',*,*,#8226,.T.);
#8241 = ORIENTED_EDGE('',*,*,#6393,.T.);
#8242 = ORIENTED_EDGE('',*,*,#8209,.F.);
#8243 = ORIENTED_EDGE('',*,*,#3989,.F.);
#8244 = PLANE('',#8245);
#8245 = AXIS2_PLACEMENT_3D('',#8246,#8247,#8248);
#8246 = CARTESIAN_POINT('',(0.84,79.249599865879,0.));
#8247 = DIRECTION('',(0.5,0.866025403784,0.));
#8248 = DIRECTION('',(0.866025403784,-0.5,0.));
#8249 = ADVANCED_FACE('',(#8250),#8266,.T.);
#8250 = FACE_BOUND('',#8251,.T.);
#8251 = EDGE_LOOP('',(#8252,#8258,#8259,#8265));
#8252 = ORIENTED_EDGE('',*,*,#8253,.T.);
#8253 = EDGE_CURVE('',#4004,#6410,#8254,.T.);
#8254 = LINE('',#8255,#8256);
#8255 = CARTESIAN_POINT('',(-3.32,105.01598553145,0.));
#8256 = VECTOR('',#8257,1.);
#8257 = DIRECTION('',(0.,0.,1.));
#8258 = ORIENTED_EDGE('',*,*,#6417,.T.);
#8259 = ORIENTED_EDGE('',*,*,#8260,.F.);
#8260 = EDGE_CURVE('',#4013,#6418,#8261,.T.);
#8261 = LINE('',#8262,#8263);
#8262 = CARTESIAN_POINT('',(-0.84,106.44781419904,0.));
#8263 = VECTOR('',#8264,1.);
#8264 = DIRECTION('',(0.,0.,1.));
#8265 = ORIENTED_EDGE('',*,*,#4020,.F.);
#8266 = PLANE('',#8267);
#8267 = AXIS2_PLACEMENT_3D('',#8268,#8269,#8270);
#8268 = CARTESIAN_POINT('',(-3.32,105.01598553145,0.));
#8269 = DIRECTION('',(-0.5,0.866025403784,0.));
#8270 = DIRECTION('',(0.866025403784,0.5,0.));
#8271 = ADVANCED_FACE('',(#8272),#8283,.F.);
#8272 = FACE_BOUND('',#8273,.F.);
#8273 = EDGE_LOOP('',(#8274,#8275,#8276,#8282));
#8274 = ORIENTED_EDGE('',*,*,#8253,.T.);
#8275 = ORIENTED_EDGE('',*,*,#6441,.T.);
#8276 = ORIENTED_EDGE('',*,*,#8277,.F.);
#8277 = EDGE_CURVE('',#4037,#6442,#8278,.T.);
#8278 = LINE('',#8279,#8280);
#8279 = CARTESIAN_POINT('',(-3.32,110.74330020181,0.));
#8280 = VECTOR('',#8281,1.);
#8281 = DIRECTION('',(0.,0.,1.));
#8282 = ORIENTED_EDGE('',*,*,#4044,.F.);
#8283 = PLANE('',#8284);
#8284 = AXIS2_PLACEMENT_3D('',#8285,#8286,#8287);
#8285 = CARTESIAN_POINT('',(-3.32,105.01598553145,0.));
#8286 = DIRECTION('',(-1.,8.E-17,0.));
#8287 = DIRECTION('',(8.E-17,1.,0.));
#8288 = ADVANCED_FACE('',(#8289),#8300,.T.);
#8289 = FACE_BOUND('',#8290,.T.);
#8290 = EDGE_LOOP('',(#8291,#8292,#8293,#8299));
#8291 = ORIENTED_EDGE('',*,*,#8260,.T.);
#8292 = ORIENTED_EDGE('',*,*,#6465,.T.);
#8293 = ORIENTED_EDGE('',*,*,#8294,.F.);
#8294 = EDGE_CURVE('',#4061,#6466,#8295,.T.);
#8295 = LINE('',#8296,#8297);
#8296 = CARTESIAN_POINT('',(-0.84,109.31147153422,0.));
#8297 = VECTOR('',#8298,1.);
#8298 = DIRECTION('',(0.,0.,1.));
#8299 = ORIENTED_EDGE('',*,*,#4068,.F.);
#8300 = PLANE('',#8301);
#8301 = AXIS2_PLACEMENT_3D('',#8302,#8303,#8304);
#8302 = CARTESIAN_POINT('',(-0.84,106.44781419904,0.));
#8303 = DIRECTION('',(-1.,4.E-17,0.));
#8304 = DIRECTION('',(4.E-17,1.,0.));
#8305 = ADVANCED_FACE('',(#8306),#8312,.T.);
#8306 = FACE_BOUND('',#8307,.T.);
#8307 = EDGE_LOOP('',(#8308,#8309,#8310,#8311));
#8308 = ORIENTED_EDGE('',*,*,#8294,.T.);
#8309 = ORIENTED_EDGE('',*,*,#6489,.T.);
#8310 = ORIENTED_EDGE('',*,*,#8277,.F.);
#8311 = ORIENTED_EDGE('',*,*,#4085,.F.);
#8312 = PLANE('',#8313);
#8313 = AXIS2_PLACEMENT_3D('',#8314,#8315,#8316);
#8314 = CARTESIAN_POINT('',(-0.84,109.31147153422,0.));
#8315 = DIRECTION('',(-0.5,-0.866025403784,0.));
#8316 = DIRECTION('',(-0.866025403784,0.5,0.));
#8317 = ADVANCED_FACE('',(#8318),#8334,.T.);
#8318 = FACE_BOUND('',#8319,.T.);
#8319 = EDGE_LOOP('',(#8320,#8326,#8327,#8333));
#8320 = ORIENTED_EDGE('',*,*,#8321,.T.);
#8321 = EDGE_CURVE('',#4100,#6506,#8322,.T.);
#8322 = LINE('',#8323,#8324);
#8323 = CARTESIAN_POINT('',(3.32,110.74330020181,0.));
#8324 = VECTOR('',#8325,1.);
#8325 = DIRECTION('',(0.,0.,1.));
#8326 = ORIENTED_EDGE('',*,*,#6513,.T.);
#8327 = ORIENTED_EDGE('',*,*,#8328,.F.);
#8328 = EDGE_CURVE('',#4109,#6514,#8329,.T.);
#8329 = LINE('',#8330,#8331);
#8330 = CARTESIAN_POINT('',(0.84,109.31147153422,0.));
#8331 = VECTOR('',#8332,1.);
#8332 = DIRECTION('',(0.,0.,1.));
#8333 = ORIENTED_EDGE('',*,*,#4116,.F.);
#8334 = PLANE('',#8335);
#8335 = AXIS2_PLACEMENT_3D('',#8336,#8337,#8338);
#8336 = CARTESIAN_POINT('',(3.32,110.74330020181,0.));
#8337 = DIRECTION('',(0.5,-0.866025403784,0.));
#8338 = DIRECTION('',(-0.866025403784,-0.5,0.));
#8339 = ADVANCED_FACE('',(#8340),#8351,.T.);
#8340 = FACE_BOUND('',#8341,.T.);
#8341 = EDGE_LOOP('',(#8342,#8348,#8349,#8350));
#8342 = ORIENTED_EDGE('',*,*,#8343,.T.);
#8343 = EDGE_CURVE('',#4131,#6537,#8344,.T.);
#8344 = LINE('',#8345,#8346);
#8345 = CARTESIAN_POINT('',(3.32,105.01598553145,0.));
#8346 = VECTOR('',#8347,1.);
#8347 = DIRECTION('',(0.,0.,1.));
#8348 = ORIENTED_EDGE('',*,*,#6544,.T.);
#8349 = ORIENTED_EDGE('',*,*,#8321,.F.);
#8350 = ORIENTED_EDGE('',*,*,#4140,.F.);
#8351 = PLANE('',#8352);
#8352 = AXIS2_PLACEMENT_3D('',#8353,#8354,#8355);
#8353 = CARTESIAN_POINT('',(3.32,105.01598553145,0.));
#8354 = DIRECTION('',(-1.,-1.6E-16,0.));
#8355 = DIRECTION('',(-1.6E-16,1.,0.));
#8356 = ADVANCED_FACE('',(#8357),#8368,.T.);
#8357 = FACE_BOUND('',#8358,.T.);
#8358 = EDGE_LOOP('',(#8359,#8360,#8361,#8367));
#8359 = ORIENTED_EDGE('',*,*,#8328,.T.);
#8360 = ORIENTED_EDGE('',*,*,#6561,.T.);
#8361 = ORIENTED_EDGE('',*,*,#8362,.F.);
#8362 = EDGE_CURVE('',#4157,#6562,#8363,.T.);
#8363 = LINE('',#8364,#8365);
#8364 = CARTESIAN_POINT('',(0.84,106.44781419904,0.));
#8365 = VECTOR('',#8366,1.);
#8366 = DIRECTION('',(0.,0.,1.));
#8367 = ORIENTED_EDGE('',*,*,#4164,.F.);
#8368 = PLANE('',#8369);
#8369 = AXIS2_PLACEMENT_3D('',#8370,#8371,#8372);
#8370 = CARTESIAN_POINT('',(0.84,109.31147153422,0.));
#8371 = DIRECTION('',(1.,8.E-17,0.));
#8372 = DIRECTION('',(8.E-17,-1.,0.));
#8373 = ADVANCED_FACE('',(#8374),#8380,.T.);
#8374 = FACE_BOUND('',#8375,.T.);
#8375 = EDGE_LOOP('',(#8376,#8377,#8378,#8379));
#8376 = ORIENTED_EDGE('',*,*,#8362,.T.);
#8377 = ORIENTED_EDGE('',*,*,#6585,.T.);
#8378 = ORIENTED_EDGE('',*,*,#8343,.F.);
#8379 = ORIENTED_EDGE('',*,*,#4181,.F.);
#8380 = PLANE('',#8381);
#8381 = AXIS2_PLACEMENT_3D('',#8382,#8383,#8384);
#8382 = CARTESIAN_POINT('',(0.84,106.44781419904,0.));
#8383 = DIRECTION('',(0.5,0.866025403784,0.));
#8384 = DIRECTION('',(0.866025403784,-0.5,0.));
#8385 = ADVANCED_FACE('',(#8386),#8402,.T.);
#8386 = FACE_BOUND('',#8387,.T.);
#8387 = EDGE_LOOP('',(#8388,#8394,#8395,#8401));
#8388 = ORIENTED_EDGE('',*,*,#8389,.T.);
#8389 = EDGE_CURVE('',#4196,#6602,#8390,.T.);
#8390 = LINE('',#8391,#8392);
#8391 = CARTESIAN_POINT('',(-3.32,91.575271264718,0.));
#8392 = VECTOR('',#8393,1.);
#8393 = DIRECTION('',(0.,0.,1.));
#8394 = ORIENTED_EDGE('',*,*,#6609,.T.);
#8395 = ORIENTED_EDGE('',*,*,#8396,.F.);
#8396 = EDGE_CURVE('',#4205,#6610,#8397,.T.);
#8397 = LINE('',#8398,#8399);
#8398 = CARTESIAN_POINT('',(-0.84,93.007099932308,0.));
#8399 = VECTOR('',#8400,1.);
#8400 = DIRECTION('',(0.,0.,1.));
#8401 = ORIENTED_EDGE('',*,*,#4212,.F.);
#8402 = PLANE('',#8403);
#8403 = AXIS2_PLACEMENT_3D('',#8404,#8405,#8406);
#8404 = CARTESIAN_POINT('',(-3.32,91.575271264718,0.));
#8405 = DIRECTION('',(-0.5,0.866025403784,0.));
#8406 = DIRECTION('',(0.866025403784,0.5,0.));
#8407 = ADVANCED_FACE('',(#8408),#8419,.F.);
#8408 = FACE_BOUND('',#8409,.F.);
#8409 = EDGE_LOOP('',(#8410,#8411,#8412,#8418));
#8410 = ORIENTED_EDGE('',*,*,#8389,.T.);
#8411 = ORIENTED_EDGE('',*,*,#6633,.T.);
#8412 = ORIENTED_EDGE('',*,*,#8413,.F.);
#8413 = EDGE_CURVE('',#4229,#6634,#8414,.T.);
#8414 = LINE('',#8415,#8416);
#8415 = CARTESIAN_POINT('',(-3.32,97.302585935079,0.));
#8416 = VECTOR('',#8417,1.);
#8417 = DIRECTION('',(0.,0.,1.));
#8418 = ORIENTED_EDGE('',*,*,#4236,.F.);
#8419 = PLANE('',#8420);
#8420 = AXIS2_PLACEMENT_3D('',#8421,#8422,#8423);
#8421 = CARTESIAN_POINT('',(-3.32,91.575271264718,0.));
#8422 = DIRECTION('',(-1.,-4.7E-16,0.));
#8423 = DIRECTION('',(-4.7E-16,1.,0.));
#8424 = ADVANCED_FACE('',(#8425),#8436,.T.);
#8425 = FACE_BOUND('',#8426,.T.);
#8426 = EDGE_LOOP('',(#8427,#8428,#8429,#8435));
#8427 = ORIENTED_EDGE('',*,*,#8396,.T.);
#8428 = ORIENTED_EDGE('',*,*,#6657,.T.);
#8429 = ORIENTED_EDGE('',*,*,#8430,.F.);
#8430 = EDGE_CURVE('',#4253,#6658,#8431,.T.);
#8431 = LINE('',#8432,#8433);
#8432 = CARTESIAN_POINT('',(-0.84,95.870757267489,0.));
#8433 = VECTOR('',#8434,1.);
#8434 = DIRECTION('',(0.,0.,1.));
#8435 = ORIENTED_EDGE('',*,*,#4260,.F.);
#8436 = PLANE('',#8437);
#8437 = AXIS2_PLACEMENT_3D('',#8438,#8439,#8440);
#8438 = CARTESIAN_POINT('',(-0.84,93.007099932308,0.));
#8439 = DIRECTION('',(-1.,-4.7E-16,0.));
#8440 = DIRECTION('',(-4.7E-16,1.,0.));
#8441 = ADVANCED_FACE('',(#8442),#8448,.T.);
#8442 = FACE_BOUND('',#8443,.T.);
#8443 = EDGE_LOOP('',(#8444,#8445,#8446,#8447));
#8444 = ORIENTED_EDGE('',*,*,#8430,.T.);
#8445 = ORIENTED_EDGE('',*,*,#6681,.T.);
#8446 = ORIENTED_EDGE('',*,*,#8413,.F.);
#8447 = ORIENTED_EDGE('',*,*,#4277,.F.);
#8448 = PLANE('',#8449);
#8449 = AXIS2_PLACEMENT_3D('',#8450,#8451,#8452);
#8450 = CARTESIAN_POINT('',(-0.84,95.870757267489,0.));
#8451 = DIRECTION('',(-0.5,-0.866025403784,0.));
#8452 = DIRECTION('',(-0.866025403784,0.5,0.));
#8453 = ADVANCED_FACE('',(#8454),#8470,.T.);
#8454 = FACE_BOUND('',#8455,.T.);
#8455 = EDGE_LOOP('',(#8456,#8462,#8463,#8469));
#8456 = ORIENTED_EDGE('',*,*,#8457,.T.);
#8457 = EDGE_CURVE('',#4292,#6698,#8458,.T.);
#8458 = LINE('',#8459,#8460);
#8459 = CARTESIAN_POINT('',(3.32,97.302585935079,0.));
#8460 = VECTOR('',#8461,1.);
#8461 = DIRECTION('',(0.,0.,1.));
#8462 = ORIENTED_EDGE('',*,*,#6705,.T.);
#8463 = ORIENTED_EDGE('',*,*,#8464,.F.);
#8464 = EDGE_CURVE('',#4301,#6706,#8465,.T.);
#8465 = LINE('',#8466,#8467);
#8466 = CARTESIAN_POINT('',(0.84,95.870757267489,0.));
#8467 = VECTOR('',#8468,1.);
#8468 = DIRECTION('',(0.,0.,1.));
#8469 = ORIENTED_EDGE('',*,*,#4308,.F.);
#8470 = PLANE('',#8471);
#8471 = AXIS2_PLACEMENT_3D('',#8472,#8473,#8474);
#8472 = CARTESIAN_POINT('',(3.32,97.302585935079,0.));
#8473 = DIRECTION('',(0.5,-0.866025403784,0.));
#8474 = DIRECTION('',(-0.866025403784,-0.5,0.));
#8475 = ADVANCED_FACE('',(#8476),#8487,.T.);
#8476 = FACE_BOUND('',#8477,.T.);
#8477 = EDGE_LOOP('',(#8478,#8484,#8485,#8486));
#8478 = ORIENTED_EDGE('',*,*,#8479,.T.);
#8479 = EDGE_CURVE('',#4323,#6729,#8480,.T.);
#8480 = LINE('',#8481,#8482);
#8481 = CARTESIAN_POINT('',(3.32,91.575271264718,0.));
#8482 = VECTOR('',#8483,1.);
#8483 = DIRECTION('',(0.,0.,1.));
#8484 = ORIENTED_EDGE('',*,*,#6736,.T.);
#8485 = ORIENTED_EDGE('',*,*,#8457,.F.);
#8486 = ORIENTED_EDGE('',*,*,#4332,.F.);
#8487 = PLANE('',#8488);
#8488 = AXIS2_PLACEMENT_3D('',#8489,#8490,#8491);
#8489 = CARTESIAN_POINT('',(3.32,91.575271264718,0.));
#8490 = DIRECTION('',(-1.,-2.3E-16,0.));
#8491 = DIRECTION('',(-2.3E-16,1.,0.));
#8492 = ADVANCED_FACE('',(#8493),#8504,.T.);
#8493 = FACE_BOUND('',#8494,.T.);
#8494 = EDGE_LOOP('',(#8495,#8496,#8497,#8503));
#8495 = ORIENTED_EDGE('',*,*,#8464,.T.);
#8496 = ORIENTED_EDGE('',*,*,#6753,.T.);
#8497 = ORIENTED_EDGE('',*,*,#8498,.F.);
#8498 = EDGE_CURVE('',#4349,#6754,#8499,.T.);
#8499 = LINE('',#8500,#8501);
#8500 = CARTESIAN_POINT('',(0.84,93.007099932308,0.));
#8501 = VECTOR('',#8502,1.);
#8502 = DIRECTION('',(0.,0.,1.));
#8503 = ORIENTED_EDGE('',*,*,#4356,.F.);
#8504 = PLANE('',#8505);
#8505 = AXIS2_PLACEMENT_3D('',#8506,#8507,#8508);
#8506 = CARTESIAN_POINT('',(0.84,95.870757267489,0.));
#8507 = DIRECTION('',(1.,3.1E-16,0.));
#8508 = DIRECTION('',(3.1E-16,-1.,0.));
#8509 = ADVANCED_FACE('',(#8510),#8516,.T.);
#8510 = FACE_BOUND('',#8511,.T.);
#8511 = EDGE_LOOP('',(#8512,#8513,#8514,#8515));
#8512 = ORIENTED_EDGE('',*,*,#8498,.T.);
#8513 = ORIENTED_EDGE('',*,*,#6777,.T.);
#8514 = ORIENTED_EDGE('',*,*,#8479,.F.);
#8515 = ORIENTED_EDGE('',*,*,#4373,.F.);
#8516 = PLANE('',#8517);
#8517 = AXIS2_PLACEMENT_3D('',#8518,#8519,#8520);
#8518 = CARTESIAN_POINT('',(0.84,93.007099932308,0.));
#8519 = DIRECTION('',(0.5,0.866025403784,0.));
#8520 = DIRECTION('',(0.866025403784,-0.5,0.));
#8521 = ADVANCED_FACE('',(#8522),#8533,.F.);
#8522 = FACE_BOUND('',#8523,.T.);
#8523 = EDGE_LOOP('',(#8524,#8530,#8531,#8532));
#8524 = ORIENTED_EDGE('',*,*,#8525,.T.);
#8525 = EDGE_CURVE('',#4388,#6794,#8526,.T.);
#8526 = LINE('',#8527,#8528);
#8527 = CARTESIAN_POINT('',(2.05,10.,0.));
#8528 = VECTOR('',#8529,1.);
#8529 = DIRECTION('',(0.,0.,1.));
#8530 = ORIENTED_EDGE('',*,*,#6801,.T.);
#8531 = ORIENTED_EDGE('',*,*,#8525,.F.);
#8532 = ORIENTED_EDGE('',*,*,#4397,.F.);
#8533 = CYLINDRICAL_SURFACE('',#8534,2.05);
#8534 = AXIS2_PLACEMENT_3D('',#8535,#8536,#8537);
#8535 = CARTESIAN_POINT('',(0.,10.,0.));
#8536 = DIRECTION('',(-0.,-0.,-1.));
#8537 = DIRECTION('',(1.,0.,0.));
#8538 = ADVANCED_FACE('',(#8539),#8550,.F.);
#8539 = FACE_BOUND('',#8540,.T.);
#8540 = EDGE_LOOP('',(#8541,#8547,#8548,#8549));
#8541 = ORIENTED_EDGE('',*,*,#8542,.T.);
#8542 = EDGE_CURVE('',#4413,#6819,#8543,.T.);
#8543 = LINE('',#8544,#8545);
#8544 = CARTESIAN_POINT('',(1.6,122.6,0.));
#8545 = VECTOR('',#8546,1.);
#8546 = DIRECTION('',(0.,0.,1.));
#8547 = ORIENTED_EDGE('',*,*,#6826,.T.);
#8548 = ORIENTED_EDGE('',*,*,#8542,.F.);
#8549 = ORIENTED_EDGE('',*,*,#4422,.F.);
#8550 = CYLINDRICAL_SURFACE('',#8551,1.6);
#8551 = AXIS2_PLACEMENT_3D('',#8552,#8553,#8554);
#8552 = CARTESIAN_POINT('',(-1.E-16,122.6,0.));
#8553 = DIRECTION('',(-0.,-0.,-1.));
#8554 = DIRECTION('',(1.,0.,0.));
#8555 = ADVANCED_FACE('',(#8556),#8567,.F.);
#8556 = FACE_BOUND('',#8557,.T.);
#8557 = EDGE_LOOP('',(#8558,#8564,#8565,#8566));
#8558 = ORIENTED_EDGE('',*,*,#8559,.T.);
#8559 = EDGE_CURVE('',#4438,#6844,#8560,.T.);
#8560 = LINE('',#8561,#8562);
#8561 = CARTESIAN_POINT('',(1.6,20.,0.));
#8562 = VECTOR('',#8563,1.);
#8563 = DIRECTION('',(0.,0.,1.));
#8564 = ORIENTED_EDGE('',*,*,#6851,.T.);
#8565 = ORIENTED_EDGE('',*,*,#8559,.F.);
#8566 = ORIENTED_EDGE('',*,*,#4447,.F.);
#8567 = CYLINDRICAL_SURFACE('',#8568,1.6);
#8568 = AXIS2_PLACEMENT_3D('',#8569,#8570,#8571);
#8569 = CARTESIAN_POINT('',(0.,20.,0.));
#8570 = DIRECTION('',(-0.,-0.,-1.));
#8571 = DIRECTION('',(1.,0.,0.));
#8572 = ADVANCED_FACE('',(#8573),#8584,.F.);
#8573 = FACE_BOUND('',#8574,.T.);
#8574 = EDGE_LOOP('',(#8575,#8581,#8582,#8583));
#8575 = ORIENTED_EDGE('',*,*,#8576,.T.);
#8576 = EDGE_CURVE('',#4463,#6869,#8577,.T.);
#8577 = LINE('',#8578,#8579);
#8578 = CARTESIAN_POINT('',(1.6,87.6,0.));
#8579 = VECTOR('',#8580,1.);
#8580 = DIRECTION('',(0.,0.,1.));
#8581 = ORIENTED_EDGE('',*,*,#6876,.T.);
#8582 = ORIENTED_EDGE('',*,*,#8576,.F.);
#8583 = ORIENTED_EDGE('',*,*,#4472,.F.);
#8584 = CYLINDRICAL_SURFACE('',#8585,1.6);
#8585 = AXIS2_PLACEMENT_3D('',#8586,#8587,#8588);
#8586 = CARTESIAN_POINT('',(0.,87.6,0.));
#8587 = DIRECTION('',(-0.,-0.,-1.));
#8588 = DIRECTION('',(1.,0.,0.));
#8589 = ( GEOMETRIC_REPRESENTATION_CONTEXT(3) 
GLOBAL_UNCERTAINTY_ASSIGNED_CONTEXT((#8593)) 
GLOBAL_UNIT_ASSIGNED_CONTEXT((#8590,#8591,#8592)) REPRESENTATION_CONTEXT
('Context #1','3D Context with UNIT and UNCERTAINTY') );
#8590 = ( LENGTH_UNIT() NAMED_UNIT(*) SI_UNIT(.MILLI.,.METRE.) );
#8591 = ( NAMED_UNIT(*) PLANE_ANGLE_UNIT() SI_UNIT($,.RADIAN.) );
#8592 = ( NAMED_UNIT(*) SI_UNIT($,.STERADIAN.) SOLID_ANGLE_UNIT() );
#8593 = UNCERTAINTY_MEASURE_WITH_UNIT(LENGTH_MEASURE(1.E-07),#8590,
  'distance_accuracy_value','confusion accuracy');
#8594 = PRODUCT_RELATED_PRODUCT_CATEGORY('part',$,(#7));
ENDSEC;
END-ISO-10303-21;
