ISO-10303-21;
HEADER;
FILE_DESCRIPTION(('FreeCAD Model'),'2;1');
FILE_NAME('Open CASCADE Shape Model','2026-09-19T00:42:57',('Author'),(
    ''),'Open CASCADE STEP processor 7.6','FreeCAD','Unknown');
FILE_SCHEMA(('AUTOMOTIVE_DESIGN { 1 0 10303 214 1 1 1 1 }'));
ENDSEC;
DATA;
#1 = APPLICATION_PROTOCOL_DEFINITION('international standard',
  'automotive_design',2000,#2);
#2 = APPLICATION_CONTEXT(
  'core data for automotive mechanical design processes');
#3 = SHAPE_DEFINITION_REPRESENTATION(#4,#10);
#4 = PRODUCT_DEFINITION_SHAPE('','',#5);
#5 = PRODUCT_DEFINITION('design','',#6,#9);
#6 = PRODUCT_DEFINITION_FORMATION('','',#7);
#7 = PRODUCT('B_threaded_inserts_helper','B_threaded_inserts_helper','',
  (#8));
#8 = PRODUCT_CONTEXT('',#2,'mechanical');
#9 = PRODUCT_DEFINITION_CONTEXT('part definition',#2,'design');
#10 = ADVANCED_BREP_SHAPE_REPRESENTATION('',(#11,#15),#4226);
#11 = AXIS2_PLACEMENT_3D('',#12,#13,#14);
#12 = CARTESIAN_POINT('',(0.,0.,0.));
#13 = DIRECTION('',(0.,0.,1.));
#14 = DIRECTION('',(1.,0.,-0.));
#15 = MANIFOLD_SOLID_BREP('',#16);
#16 = CLOSED_SHELL('',(#17,#57,#90,#121,#152,#185,#210,#235,#266,#1053,
    #1070,#1227,#1244,#1275,#1292,#1309,#1342,#1382,#1406,#1430,#1455,
    #1479,#1501,#1525,#1537,#1561,#1585,#1609,#1633,#1657,#1674,#1698,
    #1723,#1747,#1771,#1795,#1820,#1844,#1868,#1892,#1925,#1949,#1973,
    #1999,#2023,#2049,#2073,#2097,#2121,#2147,#2171,#2197,#2223,#2249,
    #2275,#2301,#2318,#2349,#2373,#2399,#2425,#2449,#2475,#2501,#2525,
    #2551,#2577,#2601,#2627,#2653,#2677,#2701,#2718,#2749,#2775,#2801,
    #2825,#2851,#2877,#2901,#2927,#2953,#2977,#3003,#3022,#3062,#3086,
    #3110,#3135,#3159,#3183,#3207,#3240,#3264,#3290,#3316,#3342,#3368,
    #3392,#3418,#3437,#3468,#3493,#3518,#3535,#3560,#3577,#3594,#3619,
    #3643,#3667,#3692,#3717,#3741,#3765,#3783,#3815,#3839,#3863,#3881,
    #3906,#3923,#3940,#3971,#4062,#4074,#4091,#4108,#4129,#4141,#4163,
    #4180,#4197,#4209));
#17 = ADVANCED_FACE('',(#18),#52,.F.);
#18 = FACE_BOUND('',#19,.F.);
#19 = EDGE_LOOP('',(#20,#30,#38,#46));
#20 = ORIENTED_EDGE('',*,*,#21,.T.);
#21 = EDGE_CURVE('',#22,#24,#26,.T.);
#22 = VERTEX_POINT('',#23);
#23 = CARTESIAN_POINT('',(17.160414137859,4.893746930594,0.4));
#24 = VERTEX_POINT('',#25);
#25 = CARTESIAN_POINT('',(17.160414137859,4.893746930594,9.8));
#26 = LINE('',#27,#28);
#27 = CARTESIAN_POINT('',(17.160414137859,4.893746930594,0.));
#28 = VECTOR('',#29,1.);
#29 = DIRECTION('',(0.,0.,1.));
#30 = ORIENTED_EDGE('',*,*,#31,.T.);
#31 = EDGE_CURVE('',#24,#32,#34,.T.);
#32 = VERTEX_POINT('',#33);
#33 = CARTESIAN_POINT('',(31.94452916065,22.512769122331,9.8));
#34 = LINE('',#35,#36);
#35 = CARTESIAN_POINT('',(17.160414137859,4.893746930594,9.8));
#36 = VECTOR('',#37,1.);
#37 = DIRECTION('',(0.642787609687,0.766044443119,0.));
#38 = ORIENTED_EDGE('',*,*,#39,.F.);
#39 = EDGE_CURVE('',#40,#32,#42,.T.);
#40 = VERTEX_POINT('',#41);
#41 = CARTESIAN_POINT('',(31.94452916065,22.512769122331,0.4));
#42 = LINE('',#43,#44);
#43 = CARTESIAN_POINT('',(31.94452916065,22.512769122331,0.));
#44 = VECTOR('',#45,1.);
#45 = DIRECTION('',(0.,0.,1.));
#46 = ORIENTED_EDGE('',*,*,#47,.F.);
#47 = EDGE_CURVE('',#22,#40,#48,.T.);
#48 = LINE('',#49,#50);
#49 = CARTESIAN_POINT('',(17.160414137859,4.893746930594,0.4));
#50 = VECTOR('',#51,1.);
#51 = DIRECTION('',(0.642787609687,0.766044443119,0.));
#52 = PLANE('',#53);
#53 = AXIS2_PLACEMENT_3D('',#54,#55,#56);
#54 = CARTESIAN_POINT('',(17.160414137859,4.893746930594,0.));
#55 = DIRECTION('',(-0.766044443119,0.642787609687,0.));
#56 = DIRECTION('',(0.642787609687,0.766044443119,0.));
#57 = ADVANCED_FACE('',(#58),#85,.F.);
#58 = FACE_BOUND('',#59,.T.);
#59 = EDGE_LOOP('',(#60,#61,#70,#78));
#60 = ORIENTED_EDGE('',*,*,#21,.T.);
#61 = ORIENTED_EDGE('',*,*,#62,.F.);
#62 = EDGE_CURVE('',#63,#24,#65,.T.);
#63 = VERTEX_POINT('',#64);
#64 = CARTESIAN_POINT('',(18.81576835995,3.296936860671,9.8));
#65 = CIRCLE('',#66,1.152764313188);
#66 = AXIS2_PLACEMENT_3D('',#67,#68,#69);
#67 = CARTESIAN_POINT('',(18.043482834203,4.152764313188,9.8));
#68 = DIRECTION('',(0.,-0.,-1.));
#69 = DIRECTION('',(0.669942256983,-0.742413208603,0.));
#70 = ORIENTED_EDGE('',*,*,#71,.F.);
#71 = EDGE_CURVE('',#72,#63,#74,.T.);
#72 = VERTEX_POINT('',#73);
#73 = CARTESIAN_POINT('',(18.81576835995,3.296936860671,0.4));
#74 = LINE('',#75,#76);
#75 = CARTESIAN_POINT('',(18.81576835995,3.296936860671,0.));
#76 = VECTOR('',#77,1.);
#77 = DIRECTION('',(0.,0.,1.));
#78 = ORIENTED_EDGE('',*,*,#79,.T.);
#79 = EDGE_CURVE('',#72,#22,#80,.T.);
#80 = CIRCLE('',#81,1.152764313188);
#81 = AXIS2_PLACEMENT_3D('',#82,#83,#84);
#82 = CARTESIAN_POINT('',(18.043482834203,4.152764313188,0.4));
#83 = DIRECTION('',(0.,0.,-1.));
#84 = DIRECTION('',(0.669942256983,-0.742413208603,0.));
#85 = CYLINDRICAL_SURFACE('',#86,1.152764313188);
#86 = AXIS2_PLACEMENT_3D('',#87,#88,#89);
#87 = CARTESIAN_POINT('',(18.043482834203,4.152764313188,0.));
#88 = DIRECTION('',(-0.,-0.,-1.));
#89 = DIRECTION('',(1.,0.,0.));
#90 = ADVANCED_FACE('',(#91),#116,.F.);
#91 = FACE_BOUND('',#92,.T.);
#92 = EDGE_LOOP('',(#93,#101,#109,#115));
#93 = ORIENTED_EDGE('',*,*,#94,.F.);
#94 = EDGE_CURVE('',#95,#22,#97,.T.);
#95 = VERTEX_POINT('',#96);
#96 = CARTESIAN_POINT('',(16.853996360612,5.150861974469,-1.E-15));
#97 = LINE('',#98,#99);
#98 = CARTESIAN_POINT('',(17.160414137859,4.893746930594,0.4));
#99 = VECTOR('',#100,1.);
#100 = DIRECTION('',(0.54167522042,-0.454519477672,0.707106781187));
#101 = ORIENTED_EDGE('',*,*,#102,.T.);
#102 = EDGE_CURVE('',#95,#103,#105,.T.);
#103 = VERTEX_POINT('',#104);
#104 = CARTESIAN_POINT('',(31.638111383402,22.769884166205,-2.E-15));
#105 = LINE('',#106,#107);
#106 = CARTESIAN_POINT('',(16.853996360612,5.150861974469,0.));
#107 = VECTOR('',#108,1.);
#108 = DIRECTION('',(0.642787609687,0.766044443119,0.));
#109 = ORIENTED_EDGE('',*,*,#110,.T.);
#110 = EDGE_CURVE('',#103,#40,#111,.T.);
#111 = LINE('',#112,#113);
#112 = CARTESIAN_POINT('',(31.791320272026,22.641326644268,0.2));
#113 = VECTOR('',#114,1.);
#114 = DIRECTION('',(0.54167522042,-0.454519477672,0.707106781187));
#115 = ORIENTED_EDGE('',*,*,#47,.F.);
#116 = PLANE('',#117);
#117 = AXIS2_PLACEMENT_3D('',#118,#119,#120);
#118 = CARTESIAN_POINT('',(17.007205249235,5.022304452531,0.2));
#119 = DIRECTION('',(-0.54167522042,0.454519477672,0.707106781187));
#120 = DIRECTION('',(-0.642787609687,-0.766044443119,2.775557561563E-17)
  );
#121 = ADVANCED_FACE('',(#122),#147,.F.);
#122 = FACE_BOUND('',#123,.T.);
#123 = EDGE_LOOP('',(#124,#132,#133,#141));
#124 = ORIENTED_EDGE('',*,*,#125,.F.);
#125 = EDGE_CURVE('',#24,#126,#128,.T.);
#126 = VERTEX_POINT('',#127);
#127 = CARTESIAN_POINT('',(17.007205249235,5.022304452531,10.));
#128 = LINE('',#129,#130);
#129 = CARTESIAN_POINT('',(17.083809693547,4.958025691563,9.9));
#130 = VECTOR('',#131,1.);
#131 = DIRECTION('',(-0.54167522042,0.454519477672,0.707106781187));
#132 = ORIENTED_EDGE('',*,*,#31,.T.);
#133 = ORIENTED_EDGE('',*,*,#134,.T.);
#134 = EDGE_CURVE('',#32,#135,#137,.T.);
#135 = VERTEX_POINT('',#136);
#136 = CARTESIAN_POINT('',(31.791320272026,22.641326644268,10.));
#137 = LINE('',#138,#139);
#138 = CARTESIAN_POINT('',(31.867924716338,22.577047883299,9.9));
#139 = VECTOR('',#140,1.);
#140 = DIRECTION('',(-0.54167522042,0.454519477672,0.707106781187));
#141 = ORIENTED_EDGE('',*,*,#142,.F.);
#142 = EDGE_CURVE('',#126,#135,#143,.T.);
#143 = LINE('',#144,#145);
#144 = CARTESIAN_POINT('',(17.007205249235,5.022304452531,10.));
#145 = VECTOR('',#146,1.);
#146 = DIRECTION('',(0.642787609687,0.766044443119,0.));
#147 = PLANE('',#148);
#148 = AXIS2_PLACEMENT_3D('',#149,#150,#151);
#149 = CARTESIAN_POINT('',(17.083809693547,4.958025691563,9.9));
#150 = DIRECTION('',(-0.54167522042,0.454519477672,-0.707106781187));
#151 = DIRECTION('',(-0.642787609687,-0.766044443119,2.775557561563E-17)
  );
#152 = ADVANCED_FACE('',(#153),#180,.T.);
#153 = FACE_BOUND('',#154,.F.);
#154 = EDGE_LOOP('',(#155,#156,#165,#173));
#155 = ORIENTED_EDGE('',*,*,#39,.T.);
#156 = ORIENTED_EDGE('',*,*,#157,.T.);
#157 = EDGE_CURVE('',#32,#158,#160,.T.);
#158 = VERTEX_POINT('',#159);
#159 = CARTESIAN_POINT('',(24.28408472946,28.940645219196,9.8));
#160 = CIRCLE('',#161,5.);
#161 = AXIS2_PLACEMENT_3D('',#162,#163,#164);
#162 = CARTESIAN_POINT('',(28.114306945055,25.726707170763,9.8));
#163 = DIRECTION('',(-0.,0.,1.));
#164 = DIRECTION('',(0.766044443119,-0.642787609687,0.));
#165 = ORIENTED_EDGE('',*,*,#166,.F.);
#166 = EDGE_CURVE('',#167,#158,#169,.T.);
#167 = VERTEX_POINT('',#168);
#168 = CARTESIAN_POINT('',(24.28408472946,28.940645219196,0.4));
#169 = LINE('',#170,#171);
#170 = CARTESIAN_POINT('',(24.28408472946,28.940645219196,0.));
#171 = VECTOR('',#172,1.);
#172 = DIRECTION('',(0.,0.,1.));
#173 = ORIENTED_EDGE('',*,*,#174,.F.);
#174 = EDGE_CURVE('',#40,#167,#175,.T.);
#175 = CIRCLE('',#176,5.);
#176 = AXIS2_PLACEMENT_3D('',#177,#178,#179);
#177 = CARTESIAN_POINT('',(28.114306945055,25.726707170763,0.4));
#178 = DIRECTION('',(-0.,0.,1.));
#179 = DIRECTION('',(0.766044443119,-0.642787609687,0.));
#180 = CYLINDRICAL_SURFACE('',#181,5.);
#181 = AXIS2_PLACEMENT_3D('',#182,#183,#184);
#182 = CARTESIAN_POINT('',(28.114306945055,25.726707170763,0.));
#183 = DIRECTION('',(-0.,-0.,-1.));
#184 = DIRECTION('',(1.,0.,0.));
#185 = ADVANCED_FACE('',(#186),#205,.F.);
#186 = FACE_BOUND('',#187,.T.);
#187 = EDGE_LOOP('',(#188,#196,#203,#204));
#188 = ORIENTED_EDGE('',*,*,#189,.F.);
#189 = EDGE_CURVE('',#190,#72,#192,.T.);
#190 = VERTEX_POINT('',#191);
#191 = CARTESIAN_POINT('',(19.083745262743,2.99997157723,0.));
#192 = LINE('',#193,#194);
#193 = CARTESIAN_POINT('',(18.949756811346,3.14845421895,0.2));
#194 = VECTOR('',#195,1.);
#195 = DIRECTION('',(-0.473720712916,0.524965414246,0.707106781187));
#196 = ORIENTED_EDGE('',*,*,#197,.T.);
#197 = EDGE_CURVE('',#190,#95,#198,.T.);
#198 = CIRCLE('',#199,1.552764313188);
#199 = AXIS2_PLACEMENT_3D('',#200,#201,#202);
#200 = CARTESIAN_POINT('',(18.043482834203,4.152764313188,0.));
#201 = DIRECTION('',(0.,0.,-1.));
#202 = DIRECTION('',(0.669942256983,-0.742413208603,0.));
#203 = ORIENTED_EDGE('',*,*,#94,.T.);
#204 = ORIENTED_EDGE('',*,*,#79,.F.);
#205 = CONICAL_SURFACE('',#206,1.152764313188,0.785398163397);
#206 = AXIS2_PLACEMENT_3D('',#207,#208,#209);
#207 = CARTESIAN_POINT('',(18.043482834203,4.152764313188,0.4));
#208 = DIRECTION('',(-0.,-0.,-1.));
#209 = DIRECTION('',(0.669942256983,-0.742413208603,0.));
#210 = ADVANCED_FACE('',(#211),#230,.F.);
#211 = FACE_BOUND('',#212,.T.);
#212 = EDGE_LOOP('',(#213,#221,#222,#223));
#213 = ORIENTED_EDGE('',*,*,#214,.F.);
#214 = EDGE_CURVE('',#63,#215,#217,.T.);
#215 = VERTEX_POINT('',#216);
#216 = CARTESIAN_POINT('',(18.949756811346,3.14845421895,10.));
#217 = LINE('',#218,#219);
#218 = CARTESIAN_POINT('',(18.882762585648,3.222695539811,9.9));
#219 = VECTOR('',#220,1.);
#220 = DIRECTION('',(0.473720712916,-0.524965414246,0.707106781187));
#221 = ORIENTED_EDGE('',*,*,#62,.T.);
#222 = ORIENTED_EDGE('',*,*,#125,.T.);
#223 = ORIENTED_EDGE('',*,*,#224,.F.);
#224 = EDGE_CURVE('',#215,#126,#225,.T.);
#225 = CIRCLE('',#226,1.352764313188);
#226 = AXIS2_PLACEMENT_3D('',#227,#228,#229);
#227 = CARTESIAN_POINT('',(18.043482834203,4.152764313188,10.));
#228 = DIRECTION('',(0.,-0.,-1.));
#229 = DIRECTION('',(0.669942256983,-0.742413208603,0.));
#230 = CONICAL_SURFACE('',#231,1.152764313188,0.785398163397);
#231 = AXIS2_PLACEMENT_3D('',#232,#233,#234);
#232 = CARTESIAN_POINT('',(18.043482834203,4.152764313188,9.8));
#233 = DIRECTION('',(0.,0.,1.));
#234 = DIRECTION('',(0.669942256983,-0.742413208603,0.));
#235 = ADVANCED_FACE('',(#236),#261,.T.);
#236 = FACE_BOUND('',#237,.T.);
#237 = EDGE_LOOP('',(#238,#239,#247,#255));
#238 = ORIENTED_EDGE('',*,*,#71,.T.);
#239 = ORIENTED_EDGE('',*,*,#240,.F.);
#240 = EDGE_CURVE('',#241,#63,#243,.T.);
#241 = VERTEX_POINT('',#242);
#242 = CARTESIAN_POINT('',(41.439302556103,23.712066043015,9.8));
#243 = LINE('',#244,#245);
#244 = CARTESIAN_POINT('',(41.439302556103,23.712066043015,9.8));
#245 = VECTOR('',#246,1.);
#246 = DIRECTION('',(-0.742413208603,-0.669942256983,-0.));
#247 = ORIENTED_EDGE('',*,*,#248,.F.);
#248 = EDGE_CURVE('',#249,#241,#251,.T.);
#249 = VERTEX_POINT('',#250);
#250 = CARTESIAN_POINT('',(41.439302556103,23.712066043015,0.4));
#251 = LINE('',#252,#253);
#252 = CARTESIAN_POINT('',(41.439302556103,23.712066043015,0.));
#253 = VECTOR('',#254,1.);
#254 = DIRECTION('',(0.,0.,1.));
#255 = ORIENTED_EDGE('',*,*,#256,.T.);
#256 = EDGE_CURVE('',#249,#72,#257,.T.);
#257 = LINE('',#258,#259);
#258 = CARTESIAN_POINT('',(41.439302556103,23.712066043015,0.4));
#259 = VECTOR('',#260,1.);
#260 = DIRECTION('',(-0.742413208603,-0.669942256983,-0.));
#261 = PLANE('',#262);
#262 = AXIS2_PLACEMENT_3D('',#263,#264,#265);
#263 = CARTESIAN_POINT('',(18.81576835995,3.296936860671,0.));
#264 = DIRECTION('',(-0.669942256983,0.742413208603,0.));
#265 = DIRECTION('',(0.742413208603,0.669942256983,0.));
#266 = ADVANCED_FACE('',(#267,#626,#756,#854,#1001,#1037),#1048,.T.);
#267 = FACE_BOUND('',#268,.T.);
#268 = EDGE_LOOP('',(#269,#279,#287,#295,#303,#311,#319,#327,#335,#343,
    #351,#359,#367,#375,#383,#391,#399,#407,#415,#423,#431,#439,#447,
    #455,#463,#471,#479,#487,#495,#503,#511,#519,#527,#535,#543,#552,
    #560,#569,#577,#584,#585,#586,#594,#603,#611,#620));
#269 = ORIENTED_EDGE('',*,*,#270,.F.);
#270 = EDGE_CURVE('',#271,#273,#275,.T.);
#271 = VERTEX_POINT('',#272);
#272 = CARTESIAN_POINT('',(51.260213700889,6.120231213873,0.));
#273 = VERTEX_POINT('',#274);
#274 = CARTESIAN_POINT('',(51.679607640283,6.120231213873,0.));
#275 = LINE('',#276,#277);
#276 = CARTESIAN_POINT('',(41.932414318092,6.120231213873,0.));
#277 = VECTOR('',#278,1.);
#278 = DIRECTION('',(1.,0.,0.));
#279 = ORIENTED_EDGE('',*,*,#280,.T.);
#280 = EDGE_CURVE('',#271,#281,#283,.T.);
#281 = VERTEX_POINT('',#282);
#282 = CARTESIAN_POINT('',(50.358401884809,6.120231213873,0.));
#283 = LINE('',#284,#285);
#284 = CARTESIAN_POINT('',(51.82622462084,6.120231213873,0.));
#285 = VECTOR('',#286,1.);
#286 = DIRECTION('',(-1.,0.,0.));
#287 = ORIENTED_EDGE('',*,*,#288,.T.);
#288 = EDGE_CURVE('',#281,#289,#291,.T.);
#289 = VERTEX_POINT('',#290);
#290 = CARTESIAN_POINT('',(50.358401884809,0.,0.));
#291 = LINE('',#292,#293);
#292 = CARTESIAN_POINT('',(50.358401884809,6.88978805395,0.));
#293 = VECTOR('',#294,1.);
#294 = DIRECTION('',(0.,-1.,0.));
#295 = ORIENTED_EDGE('',*,*,#296,.T.);
#296 = EDGE_CURVE('',#289,#297,#299,.T.);
#297 = VERTEX_POINT('',#298);
#298 = CARTESIAN_POINT('',(48.286725584231,0.,0.));
#299 = LINE('',#300,#301);
#300 = CARTESIAN_POINT('',(50.358401884809,0.,0.));
#301 = VECTOR('',#302,1.);
#302 = DIRECTION('',(-1.,0.,0.));
#303 = ORIENTED_EDGE('',*,*,#304,.T.);
#304 = EDGE_CURVE('',#297,#305,#307,.T.);
#305 = VERTEX_POINT('',#306);
#306 = CARTESIAN_POINT('',(48.286725584231,6.120231213873,0.));
#307 = LINE('',#308,#309);
#308 = CARTESIAN_POINT('',(48.286725584231,0.,0.));
#309 = VECTOR('',#310,1.);
#310 = DIRECTION('',(0.,1.,0.));
#311 = ORIENTED_EDGE('',*,*,#312,.T.);
#312 = EDGE_CURVE('',#305,#313,#315,.T.);
#313 = VERTEX_POINT('',#314);
#314 = CARTESIAN_POINT('',(45.00685538851,6.120231213873,0.));
#315 = LINE('',#316,#317);
#316 = CARTESIAN_POINT('',(51.82622462084,6.120231213873,0.));
#317 = VECTOR('',#318,1.);
#318 = DIRECTION('',(-1.,0.,0.));
#319 = ORIENTED_EDGE('',*,*,#320,.T.);
#320 = EDGE_CURVE('',#313,#321,#323,.T.);
#321 = VERTEX_POINT('',#322);
#322 = CARTESIAN_POINT('',(45.00685538851,4.569556840077,0.));
#323 = LINE('',#324,#325);
#324 = CARTESIAN_POINT('',(45.00685538851,7.6,0.));
#325 = VECTOR('',#326,1.);
#326 = DIRECTION('',(0.,-1.,0.));
#327 = ORIENTED_EDGE('',*,*,#328,.T.);
#328 = EDGE_CURVE('',#321,#329,#331,.T.);
#329 = VERTEX_POINT('',#330);
#330 = CARTESIAN_POINT('',(47.149437276757,4.569556840077,0.));
#331 = LINE('',#332,#333);
#332 = CARTESIAN_POINT('',(43.823040359609,4.569556840077,0.));
#333 = VECTOR('',#334,1.);
#334 = DIRECTION('',(1.,0.,0.));
#335 = ORIENTED_EDGE('',*,*,#336,.T.);
#336 = EDGE_CURVE('',#329,#337,#339,.T.);
#337 = VERTEX_POINT('',#338);
#338 = CARTESIAN_POINT('',(47.149437276757,3.08978805395,0.));
#339 = LINE('',#340,#341);
#340 = CARTESIAN_POINT('',(47.149437276757,4.569556840077,0.));
#341 = VECTOR('',#342,1.);
#342 = DIRECTION('',(0.,-1.,0.));
#343 = ORIENTED_EDGE('',*,*,#344,.T.);
#344 = EDGE_CURVE('',#337,#345,#347,.T.);
#345 = VERTEX_POINT('',#346);
#346 = CARTESIAN_POINT('',(45.00685538851,3.08978805395,0.));
#347 = LINE('',#348,#349);
#348 = CARTESIAN_POINT('',(47.149437276757,3.08978805395,0.));
#349 = VECTOR('',#350,1.);
#350 = DIRECTION('',(-1.,0.,0.));
#351 = ORIENTED_EDGE('',*,*,#352,.T.);
#352 = EDGE_CURVE('',#345,#353,#355,.T.);
#353 = VERTEX_POINT('',#354);
#354 = CARTESIAN_POINT('',(45.00685538851,1.479768786127,0.));
#355 = LINE('',#356,#357);
#356 = CARTESIAN_POINT('',(45.00685538851,7.6,0.));
#357 = VECTOR('',#358,1.);
#358 = DIRECTION('',(0.,-1.,0.));
#359 = ORIENTED_EDGE('',*,*,#360,.T.);
#360 = EDGE_CURVE('',#353,#361,#363,.T.);
#361 = VERTEX_POINT('',#362);
#362 = CARTESIAN_POINT('',(47.599148259416,1.479768786127,0.));
#363 = LINE('',#364,#365);
#364 = CARTESIAN_POINT('',(43.66889777772,1.479768786127,0.));
#365 = VECTOR('',#366,1.);
#366 = DIRECTION('',(1.,0.,0.));
#367 = ORIENTED_EDGE('',*,*,#368,.T.);
#368 = EDGE_CURVE('',#361,#369,#371,.T.);
#369 = VERTEX_POINT('',#370);
#370 = CARTESIAN_POINT('',(47.599148259416,0.,0.));
#371 = LINE('',#372,#373);
#372 = CARTESIAN_POINT('',(47.599148259416,1.479768786127,0.));
#373 = VECTOR('',#374,1.);
#374 = DIRECTION('',(0.,-1.,0.));
#375 = ORIENTED_EDGE('',*,*,#376,.T.);
#376 = EDGE_CURVE('',#369,#377,#379,.T.);
#377 = VERTEX_POINT('',#378);
#378 = CARTESIAN_POINT('',(41.16051120435,0.,0.));
#379 = LINE('',#380,#381);
#380 = CARTESIAN_POINT('',(47.599148259416,0.,0.));
#381 = VECTOR('',#382,1.);
#382 = DIRECTION('',(-1.,0.,0.));
#383 = ORIENTED_EDGE('',*,*,#384,.T.);
#384 = EDGE_CURVE('',#377,#385,#387,.T.);
#385 = VERTEX_POINT('',#386);
#386 = CARTESIAN_POINT('',(41.16051120435,4.830057803468,0.));
#387 = LINE('',#388,#389);
#388 = CARTESIAN_POINT('',(41.16051120435,0.,0.));
#389 = VECTOR('',#390,1.);
#390 = DIRECTION('',(0.,1.,0.));
#391 = ORIENTED_EDGE('',*,*,#392,.T.);
#392 = EDGE_CURVE('',#385,#393,#395,.T.);
#393 = VERTEX_POINT('',#394);
#394 = CARTESIAN_POINT('',(40.213305038647,1.645472061657,0.));
#395 = LINE('',#396,#397);
#396 = CARTESIAN_POINT('',(41.16051120435,4.830057803468,0.));
#397 = VECTOR('',#398,1.);
#398 = DIRECTION('',(-0.285091232763,-0.958500385499,0.));
#399 = ORIENTED_EDGE('',*,*,#400,.T.);
#400 = EDGE_CURVE('',#393,#401,#403,.T.);
#401 = VERTEX_POINT('',#402);
#402 = CARTESIAN_POINT('',(38.792881146547,1.645472061657,0.));
#403 = LINE('',#404,#405);
#404 = CARTESIAN_POINT('',(40.213305038647,1.645472061657,0.));
#405 = VECTOR('',#406,1.);
#406 = DIRECTION('',(-1.,0.,0.));
#407 = ORIENTED_EDGE('',*,*,#408,.T.);
#408 = EDGE_CURVE('',#401,#409,#411,.T.);
#409 = VERTEX_POINT('',#410);
#410 = CARTESIAN_POINT('',(37.85762103094,4.806165703276,0.));
#411 = LINE('',#412,#413);
#412 = CARTESIAN_POINT('',(38.792881146547,1.645472061657,0.));
#413 = VECTOR('',#414,1.);
#414 = DIRECTION('',(-0.283742002237,0.958900660218,0.));
#415 = ORIENTED_EDGE('',*,*,#416,.T.);
#416 = EDGE_CURVE('',#409,#417,#419,.T.);
#417 = VERTEX_POINT('',#418);
#418 = CARTESIAN_POINT('',(37.85762103094,0.,0.));
#419 = LINE('',#420,#421);
#420 = CARTESIAN_POINT('',(37.85762103094,4.806165703276,0.));
#421 = VECTOR('',#422,1.);
#422 = DIRECTION('',(0.,-1.,0.));
#423 = ORIENTED_EDGE('',*,*,#424,.T.);
#424 = EDGE_CURVE('',#417,#425,#427,.T.);
#425 = VERTEX_POINT('',#426);
#426 = CARTESIAN_POINT('',(36.010992899919,0.,0.));
#427 = LINE('',#428,#429);
#428 = CARTESIAN_POINT('',(37.85762103094,0.,0.));
#429 = VECTOR('',#430,1.);
#430 = DIRECTION('',(-1.,0.,0.));
#431 = ORIENTED_EDGE('',*,*,#432,.T.);
#432 = EDGE_CURVE('',#425,#433,#435,.T.);
#433 = VERTEX_POINT('',#434);
#434 = CARTESIAN_POINT('',(36.010992899919,0.873691904564,0.));
#435 = LINE('',#436,#437);
#436 = CARTESIAN_POINT('',(36.010992899919,0.,0.));
#437 = VECTOR('',#438,1.);
#438 = DIRECTION('',(0.,1.,0.));
#439 = ORIENTED_EDGE('',*,*,#440,.T.);
#440 = EDGE_CURVE('',#433,#441,#443,.T.);
#441 = VERTEX_POINT('',#442);
#442 = CARTESIAN_POINT('',(35.712240237917,0.402312138728,0.));
#443 = B_SPLINE_CURVE_WITH_KNOTS('',2,(#444,#445,#446),.UNSPECIFIED.,.F.
  ,.F.,(3,3),(0.,1.),.PIECEWISE_BEZIER_KNOTS.);
#444 = CARTESIAN_POINT('',(36.108772029825,1.467822736031,0.));
#445 = CARTESIAN_POINT('',(36.108772029825,0.805009633911,0.));
#446 = CARTESIAN_POINT('',(35.712240237917,0.402312138728,0.));
#447 = ORIENTED_EDGE('',*,*,#448,.T.);
#448 = EDGE_CURVE('',#441,#449,#451,.T.);
#449 = VERTEX_POINT('',#450);
#450 = CARTESIAN_POINT('',(34.368502280306,0.,0.));
#451 = B_SPLINE_CURVE_WITH_KNOTS('',2,(#452,#453,#454),.UNSPECIFIED.,.F.
  ,.F.,(3,3),(0.,1.),.PIECEWISE_BEZIER_KNOTS.);
#452 = CARTESIAN_POINT('',(35.712240237917,0.402312138728,0.));
#453 = CARTESIAN_POINT('',(35.31570844601,0.,0.));
#454 = CARTESIAN_POINT('',(34.368502280306,0.,0.));
#455 = ORIENTED_EDGE('',*,*,#456,.T.);
#456 = EDGE_CURVE('',#449,#457,#459,.T.);
#457 = VERTEX_POINT('',#458);
#458 = CARTESIAN_POINT('',(32.616286480692,0.,0.));
#459 = LINE('',#460,#461);
#460 = CARTESIAN_POINT('',(34.368502280306,0.,0.));
#461 = VECTOR('',#462,1.);
#462 = DIRECTION('',(-1.,0.,0.));
#463 = ORIENTED_EDGE('',*,*,#464,.T.);
#464 = EDGE_CURVE('',#457,#465,#467,.T.);
#465 = VERTEX_POINT('',#466);
#466 = CARTESIAN_POINT('',(31.272933879536,0.402312138728,0.));
#467 = B_SPLINE_CURVE_WITH_KNOTS('',2,(#468,#469,#470),.UNSPECIFIED.,.F.
  ,.F.,(3,3),(0.,1.),.PIECEWISE_BEZIER_KNOTS.);
#468 = CARTESIAN_POINT('',(32.616286480692,0.,0.));
#469 = CARTESIAN_POINT('',(31.669465671443,0.,0.));
#470 = CARTESIAN_POINT('',(31.272933879536,0.402312138728,0.));
#471 = ORIENTED_EDGE('',*,*,#472,.T.);
#472 = EDGE_CURVE('',#465,#473,#475,.T.);
#473 = VERTEX_POINT('',#474);
#474 = CARTESIAN_POINT('',(31.01296024603,0.779471022469,0.));
#475 = B_SPLINE_CURVE_WITH_KNOTS('',2,(#476,#477,#478),.UNSPECIFIED.,.F.
  ,.F.,(3,3),(0.,1.),.PIECEWISE_BEZIER_KNOTS.);
#476 = CARTESIAN_POINT('',(31.272933879536,0.402312138728,0.));
#477 = CARTESIAN_POINT('',(30.876402087628,0.805009633911,0.));
#478 = CARTESIAN_POINT('',(30.876402087628,1.467822736031,0.));
#479 = ORIENTED_EDGE('',*,*,#480,.T.);
#480 = EDGE_CURVE('',#473,#481,#483,.T.);
#481 = VERTEX_POINT('',#482);
#482 = CARTESIAN_POINT('',(30.752986612524,0.402312138728,0.));
#483 = B_SPLINE_CURVE_WITH_KNOTS('',2,(#484,#485,#486),.UNSPECIFIED.,.F.
  ,.F.,(3,3),(0.,1.),.PIECEWISE_BEZIER_KNOTS.);
#484 = CARTESIAN_POINT('',(31.149518404432,1.467822736031,0.));
#485 = CARTESIAN_POINT('',(31.149518404432,0.805009633911,0.));
#486 = CARTESIAN_POINT('',(30.752986612524,0.402312138728,0.));
#487 = ORIENTED_EDGE('',*,*,#488,.T.);
#488 = EDGE_CURVE('',#481,#489,#491,.T.);
#489 = VERTEX_POINT('',#490);
#490 = CARTESIAN_POINT('',(29.409634011368,0.,0.));
#491 = B_SPLINE_CURVE_WITH_KNOTS('',2,(#492,#493,#494),.UNSPECIFIED.,.F.
  ,.F.,(3,3),(0.,1.),.PIECEWISE_BEZIER_KNOTS.);
#492 = CARTESIAN_POINT('',(30.752986612524,0.402312138728,0.));
#493 = CARTESIAN_POINT('',(30.356454820617,0.,0.));
#494 = CARTESIAN_POINT('',(29.409634011368,0.,0.));
#495 = ORIENTED_EDGE('',*,*,#496,.T.);
#496 = EDGE_CURVE('',#489,#497,#499,.T.);
#497 = VERTEX_POINT('',#498);
#498 = CARTESIAN_POINT('',(27.740269849518,0.,0.));
#499 = LINE('',#500,#501);
#500 = CARTESIAN_POINT('',(29.409634011368,0.,0.));
#501 = VECTOR('',#502,1.);
#502 = DIRECTION('',(-1.,0.,0.));
#503 = ORIENTED_EDGE('',*,*,#504,.T.);
#504 = EDGE_CURVE('',#497,#505,#507,.T.);
#505 = VERTEX_POINT('',#506);
#506 = CARTESIAN_POINT('',(26.396531891908,0.402312138728,0.));
#507 = B_SPLINE_CURVE_WITH_KNOTS('',2,(#508,#509,#510),.UNSPECIFIED.,.F.
  ,.F.,(3,3),(0.,1.),.PIECEWISE_BEZIER_KNOTS.);
#508 = CARTESIAN_POINT('',(27.740269849518,0.,0.));
#509 = CARTESIAN_POINT('',(26.793063683815,0.,0.));
#510 = CARTESIAN_POINT('',(26.396531891908,0.402312138728,0.));
#511 = ORIENTED_EDGE('',*,*,#512,.T.);
#512 = EDGE_CURVE('',#505,#513,#515,.T.);
#513 = VERTEX_POINT('',#514);
#514 = CARTESIAN_POINT('',(26.0000001,1.467822736031,0.));
#515 = B_SPLINE_CURVE_WITH_KNOTS('',2,(#516,#517,#518),.UNSPECIFIED.,.F.
  ,.F.,(3,3),(0.,1.),.PIECEWISE_BEZIER_KNOTS.);
#516 = CARTESIAN_POINT('',(26.396531891908,0.402312138728,0.));
#517 = CARTESIAN_POINT('',(26.0000001,0.805009633911,0.));
#518 = CARTESIAN_POINT('',(26.0000001,1.467822736031,0.));
#519 = ORIENTED_EDGE('',*,*,#520,.T.);
#520 = EDGE_CURVE('',#513,#521,#523,.T.);
#521 = VERTEX_POINT('',#522);
#522 = CARTESIAN_POINT('',(26.0000001,5.739000667741,0.));
#523 = LINE('',#524,#525);
#524 = CARTESIAN_POINT('',(26.0000001,1.467822736031,0.));
#525 = VECTOR('',#526,1.);
#526 = DIRECTION('',(0.,1.,0.));
#527 = ORIENTED_EDGE('',*,*,#528,.T.);
#528 = EDGE_CURVE('',#521,#529,#531,.T.);
#529 = VERTEX_POINT('',#530);
#530 = CARTESIAN_POINT('',(26.0000001,6.277784185282,0.));
#531 = LINE('',#532,#533);
#532 = CARTESIAN_POINT('',(26.0000001,5.556966142554,0.));
#533 = VECTOR('',#534,1.);
#534 = DIRECTION('',(0.,1.,0.));
#535 = ORIENTED_EDGE('',*,*,#536,.F.);
#536 = EDGE_CURVE('',#537,#529,#539,.T.);
#537 = VERTEX_POINT('',#538);
#538 = CARTESIAN_POINT('',(19.943109023041,0.812138866235,-1.E-15));
#539 = LINE('',#540,#541);
#540 = CARTESIAN_POINT('',(19.943109023041,0.812138866235,0.));
#541 = VECTOR('',#542,1.);
#542 = DIRECTION('',(0.742413208603,0.669942256983,0.));
#543 = ORIENTED_EDGE('',*,*,#544,.F.);
#544 = EDGE_CURVE('',#545,#537,#547,.T.);
#545 = VERTEX_POINT('',#546);
#546 = CARTESIAN_POINT('',(18.871201411868,0.4,0.));
#547 = CIRCLE('',#548,1.6);
#548 = AXIS2_PLACEMENT_3D('',#549,#550,#551);
#549 = CARTESIAN_POINT('',(18.871201411868,2.,0.));
#550 = DIRECTION('',(-0.,0.,1.));
#551 = DIRECTION('',(0.,-1.,0.));
#552 = ORIENTED_EDGE('',*,*,#553,.F.);
#553 = EDGE_CURVE('',#554,#545,#556,.T.);
#554 = VERTEX_POINT('',#555);
#555 = CARTESIAN_POINT('',(4.289013841019,0.4,0.));
#556 = LINE('',#557,#558);
#557 = CARTESIAN_POINT('',(4.289013841019,0.4,0.));
#558 = VECTOR('',#559,1.);
#559 = DIRECTION('',(1.,0.,0.));
#560 = ORIENTED_EDGE('',*,*,#561,.F.);
#561 = EDGE_CURVE('',#562,#554,#564,.T.);
#562 = VERTEX_POINT('',#563);
#563 = CARTESIAN_POINT('',(3.063342732029,3.028460175498,0.));
#564 = CIRCLE('',#565,1.6);
#565 = AXIS2_PLACEMENT_3D('',#566,#567,#568);
#566 = CARTESIAN_POINT('',(4.289013841019,2.,0.));
#567 = DIRECTION('',(0.,0.,1.));
#568 = DIRECTION('',(-0.766044443119,0.642787609687,0.));
#569 = ORIENTED_EDGE('',*,*,#570,.F.);
#570 = EDGE_CURVE('',#571,#562,#573,.T.);
#571 = VERTEX_POINT('',#572);
#572 = CARTESIAN_POINT('',(24.590502506707,28.683530175321,-1.E-15));
#573 = LINE('',#574,#575);
#574 = CARTESIAN_POINT('',(24.590502506707,28.683530175321,0.));
#575 = VECTOR('',#576,1.);
#576 = DIRECTION('',(-0.642787609687,-0.766044443119,0.));
#577 = ORIENTED_EDGE('',*,*,#578,.F.);
#578 = EDGE_CURVE('',#103,#571,#579,.T.);
#579 = CIRCLE('',#580,4.6);
#580 = AXIS2_PLACEMENT_3D('',#581,#582,#583);
#581 = CARTESIAN_POINT('',(28.114306945055,25.726707170763,0.));
#582 = DIRECTION('',(-0.,0.,1.));
#583 = DIRECTION('',(0.766044443119,-0.642787609687,0.));
#584 = ORIENTED_EDGE('',*,*,#102,.F.);
#585 = ORIENTED_EDGE('',*,*,#197,.F.);
#586 = ORIENTED_EDGE('',*,*,#587,.F.);
#587 = EDGE_CURVE('',#588,#190,#590,.T.);
#588 = VERTEX_POINT('',#589);
#589 = CARTESIAN_POINT('',(41.707279458896,23.415100759574,-1.E-15));
#590 = LINE('',#591,#592);
#591 = CARTESIAN_POINT('',(41.707279458896,23.415100759574,0.));
#592 = VECTOR('',#593,1.);
#593 = DIRECTION('',(-0.742413208603,-0.669942256983,-0.));
#594 = ORIENTED_EDGE('',*,*,#595,.F.);
#595 = EDGE_CURVE('',#596,#588,#598,.T.);
#596 = VERTEX_POINT('',#597);
#597 = CARTESIAN_POINT('',(49.176297078013,21.382658959538,1.E-15));
#598 = CIRCLE('',#599,4.6);
#599 = AXIS2_PLACEMENT_3D('',#600,#601,#602);
#600 = CARTESIAN_POINT('',(44.789013841019,20.,0.));
#601 = DIRECTION('',(0.,-0.,1.));
#602 = DIRECTION('',(0.953757225434,0.300578034682,0.));
#603 = ORIENTED_EDGE('',*,*,#604,.F.);
#604 = EDGE_CURVE('',#605,#596,#607,.T.);
#605 = VERTEX_POINT('',#606);
#606 = CARTESIAN_POINT('',(55.338146788996,1.83063583815,-1.E-15));
#607 = LINE('',#608,#609);
#608 = CARTESIAN_POINT('',(55.338146788996,1.83063583815,0.));
#609 = VECTOR('',#610,1.);
#610 = DIRECTION('',(-0.300578034682,0.953757225434,0.));
#611 = ORIENTED_EDGE('',*,*,#612,.F.);
#612 = EDGE_CURVE('',#613,#605,#615,.T.);
#613 = VERTEX_POINT('',#614);
#614 = CARTESIAN_POINT('',(53.239880893042,1.16936416185,0.));
#615 = CIRCLE('',#616,1.1);
#616 = AXIS2_PLACEMENT_3D('',#617,#618,#619);
#617 = CARTESIAN_POINT('',(54.289013841019,1.5,0.));
#618 = DIRECTION('',(0.,0.,1.));
#619 = DIRECTION('',(-0.953757225434,-0.300578034682,0.));
#620 = ORIENTED_EDGE('',*,*,#621,.F.);
#621 = EDGE_CURVE('',#273,#613,#622,.T.);
#622 = LINE('',#623,#624);
#623 = CARTESIAN_POINT('',(51.641716591063,6.240462427746,0.));
#624 = VECTOR('',#625,1.);
#625 = DIRECTION('',(0.300578034682,-0.953757225434,0.));
#626 = FACE_BOUND('',#627,.T.);
#627 = EDGE_LOOP('',(#628,#638,#646,#654,#662,#670,#678,#686,#694,#702,
    #710,#718,#726,#734,#742,#750));
#628 = ORIENTED_EDGE('',*,*,#629,.T.);
#629 = EDGE_CURVE('',#630,#632,#634,.T.);
#630 = VERTEX_POINT('',#631);
#631 = CARTESIAN_POINT('',(30.876402087628,4.758766859345,0.));
#632 = VERTEX_POINT('',#633);
#633 = CARTESIAN_POINT('',(29.077842103854,4.758766859345,0.));
#634 = LINE('',#635,#636);
#635 = CARTESIAN_POINT('',(31.149518404432,4.758766859345,0.));
#636 = VECTOR('',#637,1.);
#637 = DIRECTION('',(-1.,0.,0.));
#638 = ORIENTED_EDGE('',*,*,#639,.T.);
#639 = EDGE_CURVE('',#632,#640,#642,.T.);
#640 = VERTEX_POINT('',#641);
#641 = CARTESIAN_POINT('',(29.077842103854,5.978420038536,0.));
#642 = LINE('',#643,#644);
#643 = CARTESIAN_POINT('',(29.077842103854,4.758766859345,0.));
#644 = VECTOR('',#645,1.);
#645 = DIRECTION('',(0.,1.,0.));
#646 = ORIENTED_EDGE('',*,*,#647,.T.);
#647 = EDGE_CURVE('',#640,#648,#650,.T.);
#648 = VERTEX_POINT('',#649);
#649 = CARTESIAN_POINT('',(29.006936516185,6.173410404624,0.));
#650 = B_SPLINE_CURVE_WITH_KNOTS('',2,(#651,#652,#653),.UNSPECIFIED.,.F.
  ,.F.,(3,3),(0.,1.),.PIECEWISE_BEZIER_KNOTS.);
#651 = CARTESIAN_POINT('',(29.077842103854,5.978420038536,0.));
#652 = CARTESIAN_POINT('',(29.077842103854,6.108670520231,0.));
#653 = CARTESIAN_POINT('',(29.006936516185,6.173410404624,0.));
#654 = ORIENTED_EDGE('',*,*,#655,.T.);
#655 = EDGE_CURVE('',#648,#656,#658,.T.);
#656 = VERTEX_POINT('',#657);
#657 = CARTESIAN_POINT('',(28.781888346628,6.238535645472,0.));
#658 = B_SPLINE_CURVE_WITH_KNOTS('',2,(#659,#660,#661),.UNSPECIFIED.,.F.
  ,.F.,(3,3),(0.,1.),.PIECEWISE_BEZIER_KNOTS.);
#659 = CARTESIAN_POINT('',(29.006936516185,6.173410404624,0.));
#660 = CARTESIAN_POINT('',(28.936030928516,6.238535645472,0.));
#661 = CARTESIAN_POINT('',(28.781888346628,6.238535645472,0.));
#662 = ORIENTED_EDGE('',*,*,#663,.T.);
#663 = EDGE_CURVE('',#656,#664,#666,.T.);
#664 = VERTEX_POINT('',#665);
#665 = CARTESIAN_POINT('',(28.367630157803,6.238535645472,0.));
#666 = LINE('',#667,#668);
#667 = CARTESIAN_POINT('',(28.781888346628,6.238535645472,0.));
#668 = VECTOR('',#669,1.);
#669 = DIRECTION('',(-1.,0.,0.));
#670 = ORIENTED_EDGE('',*,*,#671,.T.);
#671 = EDGE_CURVE('',#664,#672,#674,.T.);
#672 = VERTEX_POINT('',#673);
#673 = CARTESIAN_POINT('',(28.142581988247,6.173410404624,0.));
#674 = B_SPLINE_CURVE_WITH_KNOTS('',2,(#675,#676,#677),.UNSPECIFIED.,.F.
  ,.F.,(3,3),(0.,1.),.PIECEWISE_BEZIER_KNOTS.);
#675 = CARTESIAN_POINT('',(28.367630157803,6.238535645472,0.));
#676 = CARTESIAN_POINT('',(28.21387293237,6.238535645472,0.));
#677 = CARTESIAN_POINT('',(28.142581988247,6.173410404624,0.));
#678 = ORIENTED_EDGE('',*,*,#679,.T.);
#679 = EDGE_CURVE('',#672,#680,#682,.T.);
#680 = VERTEX_POINT('',#681);
#681 = CARTESIAN_POINT('',(28.071676400578,5.978420038536,0.));
#682 = B_SPLINE_CURVE_WITH_KNOTS('',2,(#683,#684,#685),.UNSPECIFIED.,.F.
  ,.F.,(3,3),(0.,1.),.PIECEWISE_BEZIER_KNOTS.);
#683 = CARTESIAN_POINT('',(28.142581988247,6.173410404624,0.));
#684 = CARTESIAN_POINT('',(28.071676400578,6.108670520231,0.));
#685 = CARTESIAN_POINT('',(28.071676400578,5.978420038536,0.));
#686 = ORIENTED_EDGE('',*,*,#687,.T.);
#687 = EDGE_CURVE('',#680,#688,#690,.T.);
#688 = VERTEX_POINT('',#689);
#689 = CARTESIAN_POINT('',(28.071676400578,1.621965317919,0.));
#690 = LINE('',#691,#692);
#691 = CARTESIAN_POINT('',(28.071676400578,5.978420038536,0.));
#692 = VECTOR('',#693,1.);
#693 = DIRECTION('',(0.,-1.,0.));
#694 = ORIENTED_EDGE('',*,*,#695,.T.);
#695 = EDGE_CURVE('',#688,#696,#698,.T.);
#696 = VERTEX_POINT('',#697);
#697 = CARTESIAN_POINT('',(28.142581988247,1.426589595376,0.));
#698 = B_SPLINE_CURVE_WITH_KNOTS('',2,(#699,#700,#701),.UNSPECIFIED.,.F.
  ,.F.,(3,3),(0.,1.),.PIECEWISE_BEZIER_KNOTS.);
#699 = CARTESIAN_POINT('',(28.071676400578,1.621965317919,0.));
#700 = CARTESIAN_POINT('',(28.071676400578,1.491714836224,0.));
#701 = CARTESIAN_POINT('',(28.142581988247,1.426589595376,0.));
#702 = ORIENTED_EDGE('',*,*,#703,.T.);
#703 = EDGE_CURVE('',#696,#704,#706,.T.);
#704 = VERTEX_POINT('',#705);
#705 = CARTESIAN_POINT('',(28.367630157803,1.361464354528,0.));
#706 = B_SPLINE_CURVE_WITH_KNOTS('',2,(#707,#708,#709),.UNSPECIFIED.,.F.
  ,.F.,(3,3),(0.,1.),.PIECEWISE_BEZIER_KNOTS.);
#707 = CARTESIAN_POINT('',(28.142581988247,1.426589595376,0.));
#708 = CARTESIAN_POINT('',(28.21387293237,1.361464354528,0.));
#709 = CARTESIAN_POINT('',(28.367630157803,1.361464354528,0.));
#710 = ORIENTED_EDGE('',*,*,#711,.T.);
#711 = EDGE_CURVE('',#704,#712,#714,.T.);
#712 = VERTEX_POINT('',#713);
#713 = CARTESIAN_POINT('',(28.781888346628,1.361464354528,0.));
#714 = LINE('',#715,#716);
#715 = CARTESIAN_POINT('',(28.367630157803,1.361464354528,0.));
#716 = VECTOR('',#717,1.);
#717 = DIRECTION('',(1.,0.,0.));
#718 = ORIENTED_EDGE('',*,*,#719,.T.);
#719 = EDGE_CURVE('',#712,#720,#722,.T.);
#720 = VERTEX_POINT('',#721);
#721 = CARTESIAN_POINT('',(29.006936516185,1.426589595376,0.));
#722 = B_SPLINE_CURVE_WITH_KNOTS('',2,(#723,#724,#725),.UNSPECIFIED.,.F.
  ,.F.,(3,3),(0.,1.),.PIECEWISE_BEZIER_KNOTS.);
#723 = CARTESIAN_POINT('',(28.781888346628,1.361464354528,0.));
#724 = CARTESIAN_POINT('',(28.936030928516,1.361464354528,0.));
#725 = CARTESIAN_POINT('',(29.006936516185,1.426589595376,0.));
#726 = ORIENTED_EDGE('',*,*,#727,.T.);
#727 = EDGE_CURVE('',#720,#728,#730,.T.);
#728 = VERTEX_POINT('',#729);
#729 = CARTESIAN_POINT('',(29.077842103854,1.621965317919,0.));
#730 = B_SPLINE_CURVE_WITH_KNOTS('',2,(#731,#732,#733),.UNSPECIFIED.,.F.
  ,.F.,(3,3),(0.,1.),.PIECEWISE_BEZIER_KNOTS.);
#731 = CARTESIAN_POINT('',(29.006936516185,1.426589595376,0.));
#732 = CARTESIAN_POINT('',(29.077842103854,1.491714836224,0.));
#733 = CARTESIAN_POINT('',(29.077842103854,1.621965317919,0.));
#734 = ORIENTED_EDGE('',*,*,#735,.T.);
#735 = EDGE_CURVE('',#728,#736,#738,.T.);
#736 = VERTEX_POINT('',#737);
#737 = CARTESIAN_POINT('',(29.077842103854,2.793834296724,0.));
#738 = LINE('',#739,#740);
#739 = CARTESIAN_POINT('',(29.077842103854,1.621965317919,0.));
#740 = VECTOR('',#741,1.);
#741 = DIRECTION('',(0.,1.,0.));
#742 = ORIENTED_EDGE('',*,*,#743,.T.);
#743 = EDGE_CURVE('',#736,#744,#746,.T.);
#744 = VERTEX_POINT('',#745);
#745 = CARTESIAN_POINT('',(30.876402087628,2.793834296724,0.));
#746 = LINE('',#747,#748);
#747 = CARTESIAN_POINT('',(29.077842103854,2.793834296724,0.));
#748 = VECTOR('',#749,1.);
#749 = DIRECTION('',(1.,0.,0.));
#750 = ORIENTED_EDGE('',*,*,#751,.T.);
#751 = EDGE_CURVE('',#744,#630,#752,.T.);
#752 = LINE('',#753,#754);
#753 = CARTESIAN_POINT('',(30.876402087628,1.467822736031,0.));
#754 = VECTOR('',#755,1.);
#755 = DIRECTION('',(0.,1.,0.));
#756 = FACE_BOUND('',#757,.T.);
#757 = EDGE_LOOP('',(#758,#768,#776,#784,#792,#800,#808,#816,#824,#832,
    #840,#848));
#758 = ORIENTED_EDGE('',*,*,#759,.T.);
#759 = EDGE_CURVE('',#760,#762,#764,.T.);
#760 = VERTEX_POINT('',#761);
#761 = CARTESIAN_POINT('',(32.948078388206,5.859730250482,0.));
#762 = VERTEX_POINT('',#763);
#763 = CARTESIAN_POINT('',(32.948078388206,1.740269749518,0.));
#764 = LINE('',#765,#766);
#765 = CARTESIAN_POINT('',(32.948078388206,5.859730250482,0.));
#766 = VECTOR('',#767,1.);
#767 = DIRECTION('',(0.,-1.,0.));
#768 = ORIENTED_EDGE('',*,*,#769,.T.);
#769 = EDGE_CURVE('',#762,#770,#772,.T.);
#770 = VERTEX_POINT('',#771);
#771 = CARTESIAN_POINT('',(33.018983975875,1.544894026975,0.));
#772 = B_SPLINE_CURVE_WITH_KNOTS('',2,(#773,#774,#775),.UNSPECIFIED.,.F.
  ,.F.,(3,3),(0.,1.),.PIECEWISE_BEZIER_KNOTS.);
#773 = CARTESIAN_POINT('',(32.948078388206,1.740269749518,0.));
#774 = CARTESIAN_POINT('',(32.948078388206,1.610019267823,0.));
#775 = CARTESIAN_POINT('',(33.018983975875,1.544894026975,0.));
#776 = ORIENTED_EDGE('',*,*,#777,.T.);
#777 = EDGE_CURVE('',#770,#778,#780,.T.);
#778 = VERTEX_POINT('',#779);
#779 = CARTESIAN_POINT('',(33.244032145431,1.479768786127,0.));
#780 = B_SPLINE_CURVE_WITH_KNOTS('',2,(#781,#782,#783),.UNSPECIFIED.,.F.
  ,.F.,(3,3),(0.,1.),.PIECEWISE_BEZIER_KNOTS.);
#781 = CARTESIAN_POINT('',(33.018983975875,1.544894026975,0.));
#782 = CARTESIAN_POINT('',(33.089889563543,1.479768786127,0.));
#783 = CARTESIAN_POINT('',(33.244032145431,1.479768786127,0.));
#784 = ORIENTED_EDGE('',*,*,#785,.T.);
#785 = EDGE_CURVE('',#778,#786,#788,.T.);
#786 = VERTEX_POINT('',#787);
#787 = CARTESIAN_POINT('',(33.741141972021,1.479768786127,0.));
#788 = LINE('',#789,#790);
#789 = CARTESIAN_POINT('',(33.244032145431,1.479768786127,0.));
#790 = VECTOR('',#791,1.);
#791 = DIRECTION('',(1.,0.,0.));
#792 = ORIENTED_EDGE('',*,*,#793,.T.);
#793 = EDGE_CURVE('',#786,#794,#796,.T.);
#794 = VERTEX_POINT('',#795);
#795 = CARTESIAN_POINT('',(33.965804785123,1.544894026975,0.));
#796 = B_SPLINE_CURVE_WITH_KNOTS('',2,(#797,#798,#799),.UNSPECIFIED.,.F.
  ,.F.,(3,3),(0.,1.),.PIECEWISE_BEZIER_KNOTS.);
#797 = CARTESIAN_POINT('',(33.741141972021,1.479768786127,0.));
#798 = CARTESIAN_POINT('',(33.894899197455,1.479768786127,0.));
#799 = CARTESIAN_POINT('',(33.965804785123,1.544894026975,0.));
#800 = ORIENTED_EDGE('',*,*,#801,.T.);
#801 = EDGE_CURVE('',#794,#802,#804,.T.);
#802 = VERTEX_POINT('',#803);
#803 = CARTESIAN_POINT('',(34.037095729247,1.740269749518,0.));
#804 = B_SPLINE_CURVE_WITH_KNOTS('',2,(#805,#806,#807),.UNSPECIFIED.,.F.
  ,.F.,(3,3),(0.,1.),.PIECEWISE_BEZIER_KNOTS.);
#805 = CARTESIAN_POINT('',(33.965804785123,1.544894026975,0.));
#806 = CARTESIAN_POINT('',(34.037095729247,1.610019267823,0.));
#807 = CARTESIAN_POINT('',(34.037095729247,1.740269749518,0.));
#808 = ORIENTED_EDGE('',*,*,#809,.T.);
#809 = EDGE_CURVE('',#802,#810,#812,.T.);
#810 = VERTEX_POINT('',#811);
#811 = CARTESIAN_POINT('',(34.037095729247,5.859730250482,0.));
#812 = LINE('',#813,#814);
#813 = CARTESIAN_POINT('',(34.037095729247,1.740269749518,0.));
#814 = VECTOR('',#815,1.);
#815 = DIRECTION('',(0.,1.,0.));
#816 = ORIENTED_EDGE('',*,*,#817,.T.);
#817 = EDGE_CURVE('',#810,#818,#820,.T.);
#818 = VERTEX_POINT('',#819);
#819 = CARTESIAN_POINT('',(33.965804785123,6.055105973025,0.));
#820 = B_SPLINE_CURVE_WITH_KNOTS('',2,(#821,#822,#823),.UNSPECIFIED.,.F.
  ,.F.,(3,3),(0.,1.),.PIECEWISE_BEZIER_KNOTS.);
#821 = CARTESIAN_POINT('',(34.037095729247,5.859730250482,0.));
#822 = CARTESIAN_POINT('',(34.037095729247,5.989980732177,0.));
#823 = CARTESIAN_POINT('',(33.965804785123,6.055105973025,0.));
#824 = ORIENTED_EDGE('',*,*,#825,.T.);
#825 = EDGE_CURVE('',#818,#826,#828,.T.);
#826 = VERTEX_POINT('',#827);
#827 = CARTESIAN_POINT('',(33.741141972021,6.120231213873,0.));
#828 = B_SPLINE_CURVE_WITH_KNOTS('',2,(#829,#830,#831),.UNSPECIFIED.,.F.
  ,.F.,(3,3),(0.,1.),.PIECEWISE_BEZIER_KNOTS.);
#829 = CARTESIAN_POINT('',(33.965804785123,6.055105973025,0.));
#830 = CARTESIAN_POINT('',(33.894899197455,6.120231213873,0.));
#831 = CARTESIAN_POINT('',(33.741141972021,6.120231213873,0.));
#832 = ORIENTED_EDGE('',*,*,#833,.T.);
#833 = EDGE_CURVE('',#826,#834,#836,.T.);
#834 = VERTEX_POINT('',#835);
#835 = CARTESIAN_POINT('',(33.244032145431,6.120231213873,0.));
#836 = LINE('',#837,#838);
#837 = CARTESIAN_POINT('',(33.741141972021,6.120231213873,0.));
#838 = VECTOR('',#839,1.);
#839 = DIRECTION('',(-1.,0.,0.));
#840 = ORIENTED_EDGE('',*,*,#841,.T.);
#841 = EDGE_CURVE('',#834,#842,#844,.T.);
#842 = VERTEX_POINT('',#843);
#843 = CARTESIAN_POINT('',(33.018983975875,6.055105973025,0.));
#844 = B_SPLINE_CURVE_WITH_KNOTS('',2,(#845,#846,#847),.UNSPECIFIED.,.F.
  ,.F.,(3,3),(0.,1.),.PIECEWISE_BEZIER_KNOTS.);
#845 = CARTESIAN_POINT('',(33.244032145431,6.120231213873,0.));
#846 = CARTESIAN_POINT('',(33.089889563543,6.120231213873,0.));
#847 = CARTESIAN_POINT('',(33.018983975875,6.055105973025,0.));
#848 = ORIENTED_EDGE('',*,*,#849,.T.);
#849 = EDGE_CURVE('',#842,#760,#850,.T.);
#850 = B_SPLINE_CURVE_WITH_KNOTS('',2,(#851,#852,#853),.UNSPECIFIED.,.F.
  ,.F.,(3,3),(0.,1.),.PIECEWISE_BEZIER_KNOTS.);
#851 = CARTESIAN_POINT('',(33.018983975875,6.055105973025,0.));
#852 = CARTESIAN_POINT('',(32.948078388206,5.989980732177,0.));
#853 = CARTESIAN_POINT('',(32.948078388206,5.859730250482,0.));
#854 = FACE_BOUND('',#855,.T.);
#855 = EDGE_LOOP('',(#856,#866,#874,#883,#891,#899,#907,#915,#923,#931,
    #939,#947,#955,#963,#971,#979,#987,#995));
#856 = ORIENTED_EDGE('',*,*,#857,.T.);
#857 = EDGE_CURVE('',#858,#860,#862,.T.);
#858 = VERTEX_POINT('',#859);
#859 = CARTESIAN_POINT('',(50.793862325868,7.6,0.));
#860 = VERTEX_POINT('',#861);
#861 = CARTESIAN_POINT('',(51.213256265262,7.6,0.));
#862 = LINE('',#863,#864);
#863 = CARTESIAN_POINT('',(39.15943490424,7.6,0.));
#864 = VECTOR('',#865,1.);
#865 = DIRECTION('',(1.,0.,0.));
#866 = ORIENTED_EDGE('',*,*,#867,.T.);
#867 = EDGE_CURVE('',#860,#868,#870,.T.);
#868 = VERTEX_POINT('',#869);
#869 = CARTESIAN_POINT('',(47.07803118206,20.721387283237,-1.E-15));
#870 = LINE('',#871,#872);
#871 = CARTESIAN_POINT('',(51.175365216041,7.720231213873,0.));
#872 = VECTOR('',#873,1.);
#873 = DIRECTION('',(-0.300578034682,0.953757225434,0.));
#874 = ORIENTED_EDGE('',*,*,#875,.T.);
#875 = EDGE_CURVE('',#868,#876,#878,.T.);
#876 = VERTEX_POINT('',#877);
#877 = CARTESIAN_POINT('',(43.181152424259,21.781791700647,-1.E-15));
#878 = CIRCLE('',#879,2.4);
#879 = AXIS2_PLACEMENT_3D('',#880,#881,#882);
#880 = CARTESIAN_POINT('',(44.789013841019,20.,0.));
#881 = DIRECTION('',(0.,-0.,1.));
#882 = DIRECTION('',(0.953757225434,0.300578034682,0.));
#883 = ORIENTED_EDGE('',*,*,#884,.T.);
#884 = EDGE_CURVE('',#876,#885,#887,.T.);
#885 = VERTEX_POINT('',#886);
#886 = CARTESIAN_POINT('',(27.465246507789,7.6,0.));
#887 = LINE('',#888,#889);
#888 = CARTESIAN_POINT('',(43.181152424259,21.781791700647,0.));
#889 = VECTOR('',#890,1.);
#890 = DIRECTION('',(-0.742413208603,-0.669942256983,0.));
#891 = ORIENTED_EDGE('',*,*,#892,.F.);
#892 = EDGE_CURVE('',#893,#885,#895,.T.);
#893 = VERTEX_POINT('',#894);
#894 = CARTESIAN_POINT('',(28.062312890496,7.6,0.));
#895 = LINE('',#896,#897);
#896 = CARTESIAN_POINT('',(30.306777972894,7.6,0.));
#897 = VECTOR('',#898,1.);
#898 = DIRECTION('',(-1.,-0.,-0.));
#899 = ORIENTED_EDGE('',*,*,#900,.T.);
#900 = EDGE_CURVE('',#893,#901,#903,.T.);
#901 = VERTEX_POINT('',#902);
#902 = CARTESIAN_POINT('',(29.409634011368,7.6,0.));
#903 = LINE('',#904,#905);
#904 = CARTESIAN_POINT('',(27.740269849518,7.6,0.));
#905 = VECTOR('',#906,1.);
#906 = DIRECTION('',(1.,0.,0.));
#907 = ORIENTED_EDGE('',*,*,#908,.T.);
#908 = EDGE_CURVE('',#901,#909,#911,.T.);
#909 = VERTEX_POINT('',#910);
#910 = CARTESIAN_POINT('',(30.752986612524,7.197302504817,0.));
#911 = B_SPLINE_CURVE_WITH_KNOTS('',2,(#912,#913,#914),.UNSPECIFIED.,.F.
  ,.F.,(3,3),(0.,1.),.PIECEWISE_BEZIER_KNOTS.);
#912 = CARTESIAN_POINT('',(29.409634011368,7.6,0.));
#913 = CARTESIAN_POINT('',(30.356454820617,7.6,0.));
#914 = CARTESIAN_POINT('',(30.752986612524,7.197302504817,0.));
#915 = ORIENTED_EDGE('',*,*,#916,.T.);
#916 = EDGE_CURVE('',#909,#917,#919,.T.);
#917 = VERTEX_POINT('',#918);
#918 = CARTESIAN_POINT('',(31.01296024603,6.820396267951,0.));
#919 = B_SPLINE_CURVE_WITH_KNOTS('',2,(#920,#921,#922),.UNSPECIFIED.,.F.
  ,.F.,(3,3),(0.,1.),.PIECEWISE_BEZIER_KNOTS.);
#920 = CARTESIAN_POINT('',(30.752986612524,7.197302504817,0.));
#921 = CARTESIAN_POINT('',(31.149518404432,6.794990366089,0.));
#922 = CARTESIAN_POINT('',(31.149518404432,6.132177263969,0.));
#923 = ORIENTED_EDGE('',*,*,#924,.T.);
#924 = EDGE_CURVE('',#917,#925,#927,.T.);
#925 = VERTEX_POINT('',#926);
#926 = CARTESIAN_POINT('',(31.272933879536,7.197302504817,0.));
#927 = B_SPLINE_CURVE_WITH_KNOTS('',2,(#928,#929,#930),.UNSPECIFIED.,.F.
  ,.F.,(3,3),(0.,1.),.PIECEWISE_BEZIER_KNOTS.);
#928 = CARTESIAN_POINT('',(30.876402087628,6.132177263969,0.));
#929 = CARTESIAN_POINT('',(30.876402087628,6.794990366089,0.));
#930 = CARTESIAN_POINT('',(31.272933879536,7.197302504817,0.));
#931 = ORIENTED_EDGE('',*,*,#932,.T.);
#932 = EDGE_CURVE('',#925,#933,#935,.T.);
#933 = VERTEX_POINT('',#934);
#934 = CARTESIAN_POINT('',(32.616286480692,7.6,0.));
#935 = B_SPLINE_CURVE_WITH_KNOTS('',2,(#936,#937,#938),.UNSPECIFIED.,.F.
  ,.F.,(3,3),(0.,1.),.PIECEWISE_BEZIER_KNOTS.);
#936 = CARTESIAN_POINT('',(31.272933879536,7.197302504817,0.));
#937 = CARTESIAN_POINT('',(31.669465671443,7.6,0.));
#938 = CARTESIAN_POINT('',(32.616286480692,7.6,0.));
#939 = ORIENTED_EDGE('',*,*,#940,.T.);
#940 = EDGE_CURVE('',#933,#941,#943,.T.);
#941 = VERTEX_POINT('',#942);
#942 = CARTESIAN_POINT('',(34.368502280306,7.6,0.));
#943 = LINE('',#944,#945);
#944 = CARTESIAN_POINT('',(32.616286480692,7.6,0.));
#945 = VECTOR('',#946,1.);
#946 = DIRECTION('',(1.,0.,0.));
#947 = ORIENTED_EDGE('',*,*,#948,.T.);
#948 = EDGE_CURVE('',#941,#949,#951,.T.);
#949 = VERTEX_POINT('',#950);
#950 = CARTESIAN_POINT('',(35.712240237917,7.197302504817,0.));
#951 = B_SPLINE_CURVE_WITH_KNOTS('',2,(#952,#953,#954),.UNSPECIFIED.,.F.
  ,.F.,(3,3),(0.,1.),.PIECEWISE_BEZIER_KNOTS.);
#952 = CARTESIAN_POINT('',(34.368502280306,7.6,0.));
#953 = CARTESIAN_POINT('',(35.31570844601,7.6,0.));
#954 = CARTESIAN_POINT('',(35.712240237917,7.197302504817,0.));
#955 = ORIENTED_EDGE('',*,*,#956,.T.);
#956 = EDGE_CURVE('',#949,#957,#959,.T.);
#957 = VERTEX_POINT('',#958);
#958 = CARTESIAN_POINT('',(36.010992899919,6.726213071987,0.));
#959 = B_SPLINE_CURVE_WITH_KNOTS('',2,(#960,#961,#962),.UNSPECIFIED.,.F.
  ,.F.,(3,3),(0.,1.),.PIECEWISE_BEZIER_KNOTS.);
#960 = CARTESIAN_POINT('',(35.712240237917,7.197302504817,0.));
#961 = CARTESIAN_POINT('',(36.108772029825,6.794990366089,0.));
#962 = CARTESIAN_POINT('',(36.108772029825,6.132177263969,0.));
#963 = ORIENTED_EDGE('',*,*,#964,.T.);
#964 = EDGE_CURVE('',#957,#965,#967,.T.);
#965 = VERTEX_POINT('',#966);
#966 = CARTESIAN_POINT('',(36.010992899919,7.6,0.));
#967 = LINE('',#968,#969);
#968 = CARTESIAN_POINT('',(36.010992899919,0.,0.));
#969 = VECTOR('',#970,1.);
#970 = DIRECTION('',(0.,1.,0.));
#971 = ORIENTED_EDGE('',*,*,#972,.T.);
#972 = EDGE_CURVE('',#965,#973,#975,.T.);
#973 = VERTEX_POINT('',#974);
#974 = CARTESIAN_POINT('',(38.271879219765,7.6,0.));
#975 = LINE('',#976,#977);
#976 = CARTESIAN_POINT('',(36.010992899919,7.6,0.));
#977 = VECTOR('',#978,1.);
#978 = DIRECTION('',(1.,0.,0.));
#979 = ORIENTED_EDGE('',*,*,#980,.T.);
#980 = EDGE_CURVE('',#973,#981,#983,.T.);
#981 = VERTEX_POINT('',#982);
#982 = CARTESIAN_POINT('',(39.503093092597,3.539499036609,0.));
#983 = LINE('',#984,#985);
#984 = CARTESIAN_POINT('',(38.271879219765,7.6,0.));
#985 = VECTOR('',#986,1.);
#986 = DIRECTION('',(0.290171234427,-0.956974740895,0.));
#987 = ORIENTED_EDGE('',*,*,#988,.T.);
#988 = EDGE_CURVE('',#981,#989,#991,.T.);
#989 = VERTEX_POINT('',#990);
#990 = CARTESIAN_POINT('',(40.734306965429,7.6,0.));
#991 = LINE('',#992,#993);
#992 = CARTESIAN_POINT('',(39.503093092597,3.539499036609,0.));
#993 = VECTOR('',#994,1.);
#994 = DIRECTION('',(0.290171234427,0.956974740895,0.));
#995 = ORIENTED_EDGE('',*,*,#996,.T.);
#996 = EDGE_CURVE('',#989,#858,#997,.T.);
#997 = LINE('',#998,#999);
#998 = CARTESIAN_POINT('',(40.734306965429,7.6,0.));
#999 = VECTOR('',#1000,1.);
#1000 = DIRECTION('',(1.,0.,0.));
#1001 = FACE_BOUND('',#1002,.T.);
#1002 = EDGE_LOOP('',(#1003,#1013,#1022,#1030));
#1003 = ORIENTED_EDGE('',*,*,#1004,.F.);
#1004 = EDGE_CURVE('',#1005,#1007,#1009,.T.);
#1005 = VERTEX_POINT('',#1006);
#1006 = CARTESIAN_POINT('',(30.412440274412,23.798344341704,-2.E-15));
#1007 = VERTEX_POINT('',#1008);
#1008 = CARTESIAN_POINT('',(18.162968809397,9.199992715892,-1.E-15));
#1009 = LINE('',#1010,#1011);
#1010 = CARTESIAN_POINT('',(30.412440274412,23.798344341704,0.));
#1011 = VECTOR('',#1012,1.);
#1012 = DIRECTION('',(-0.642787609687,-0.766044443119,0.));
#1013 = ORIENTED_EDGE('',*,*,#1014,.F.);
#1014 = EDGE_CURVE('',#1015,#1005,#1017,.T.);
#1015 = VERTEX_POINT('',#1016);
#1016 = CARTESIAN_POINT('',(25.816173615698,27.655069999823,0.));
#1017 = CIRCLE('',#1018,3.);
#1018 = AXIS2_PLACEMENT_3D('',#1019,#1020,#1021);
#1019 = CARTESIAN_POINT('',(28.114306945055,25.726707170763,0.));
#1020 = DIRECTION('',(0.,0.,-1.));
#1021 = DIRECTION('',(-0.766044443119,0.642787609687,0.));
#1022 = ORIENTED_EDGE('',*,*,#1023,.F.);
#1023 = EDGE_CURVE('',#1024,#1015,#1026,.T.);
#1024 = VERTEX_POINT('',#1025);
#1025 = CARTESIAN_POINT('',(13.566702150683,13.056718374011,0.));
#1026 = LINE('',#1027,#1028);
#1027 = CARTESIAN_POINT('',(13.566702150683,13.056718374011,0.));
#1028 = VECTOR('',#1029,1.);
#1029 = DIRECTION('',(0.642787609687,0.766044443119,0.));
#1030 = ORIENTED_EDGE('',*,*,#1031,.F.);
#1031 = EDGE_CURVE('',#1007,#1024,#1032,.T.);
#1032 = CIRCLE('',#1033,3.);
#1033 = AXIS2_PLACEMENT_3D('',#1034,#1035,#1036);
#1034 = CARTESIAN_POINT('',(15.86483548004,11.128355544952,0.));
#1035 = DIRECTION('',(0.,0.,-1.));
#1036 = DIRECTION('',(0.766044443119,-0.642787609687,0.));
#1037 = FACE_BOUND('',#1038,.T.);
#1038 = EDGE_LOOP('',(#1039));
#1039 = ORIENTED_EDGE('',*,*,#1040,.T.);
#1040 = EDGE_CURVE('',#1041,#1041,#1043,.T.);
#1041 = VERTEX_POINT('',#1042);
#1042 = CARTESIAN_POINT('',(14.122534602548,5.,0.));
#1043 = CIRCLE('',#1044,3.4);
#1044 = AXIS2_PLACEMENT_3D('',#1045,#1046,#1047);
#1045 = CARTESIAN_POINT('',(10.722534602548,5.,0.));
#1046 = DIRECTION('',(0.,0.,1.));
#1047 = DIRECTION('',(1.,0.,-0.));
#1048 = PLANE('',#1049);
#1049 = AXIS2_PLACEMENT_3D('',#1050,#1051,#1052);
#1050 = CARTESIAN_POINT('',(32.038604015345,9.646109549078,0.));
#1051 = DIRECTION('',(-0.,-0.,-1.));
#1052 = DIRECTION('',(-1.,0.,0.));
#1053 = ADVANCED_FACE('',(#1054),#1065,.T.);
#1054 = FACE_BOUND('',#1055,.T.);
#1055 = EDGE_LOOP('',(#1056,#1057,#1058,#1064));
#1056 = ORIENTED_EDGE('',*,*,#110,.F.);
#1057 = ORIENTED_EDGE('',*,*,#578,.T.);
#1058 = ORIENTED_EDGE('',*,*,#1059,.T.);
#1059 = EDGE_CURVE('',#571,#167,#1060,.T.);
#1060 = LINE('',#1061,#1062);
#1061 = CARTESIAN_POINT('',(24.28408472946,28.940645219196,0.4));
#1062 = VECTOR('',#1063,1.);
#1063 = DIRECTION('',(-0.54167522042,0.454519477672,0.707106781187));
#1064 = ORIENTED_EDGE('',*,*,#174,.F.);
#1065 = CONICAL_SURFACE('',#1066,5.,0.785398163397);
#1066 = AXIS2_PLACEMENT_3D('',#1067,#1068,#1069);
#1067 = CARTESIAN_POINT('',(28.114306945055,25.726707170763,0.4));
#1068 = DIRECTION('',(0.,0.,1.));
#1069 = DIRECTION('',(0.766044443119,-0.642787609687,0.));
#1070 = ADVANCED_FACE('',(#1071,#1175,#1211),#1222,.T.);
#1071 = FACE_BOUND('',#1072,.T.);
#1072 = EDGE_LOOP('',(#1073,#1074,#1083,#1091,#1100,#1108,#1117,#1125,
    #1134,#1142,#1151,#1159,#1168,#1174));
#1073 = ORIENTED_EDGE('',*,*,#142,.T.);
#1074 = ORIENTED_EDGE('',*,*,#1075,.T.);
#1075 = EDGE_CURVE('',#135,#1076,#1078,.T.);
#1076 = VERTEX_POINT('',#1077);
#1077 = CARTESIAN_POINT('',(24.437293618084,28.812087697259,10.));
#1078 = CIRCLE('',#1079,4.8);
#1079 = AXIS2_PLACEMENT_3D('',#1080,#1081,#1082);
#1080 = CARTESIAN_POINT('',(28.114306945055,25.726707170763,10.));
#1081 = DIRECTION('',(-0.,0.,1.));
#1082 = DIRECTION('',(0.766044443119,-0.642787609687,0.));
#1083 = ORIENTED_EDGE('',*,*,#1084,.T.);
#1084 = EDGE_CURVE('',#1076,#1085,#1087,.T.);
#1085 = VERTEX_POINT('',#1086);
#1086 = CARTESIAN_POINT('',(2.910133843405,3.157017697436,10.));
#1087 = LINE('',#1088,#1089);
#1088 = CARTESIAN_POINT('',(24.437293618084,28.812087697259,10.));
#1089 = VECTOR('',#1090,1.);
#1090 = DIRECTION('',(-0.642787609687,-0.766044443119,0.));
#1091 = ORIENTED_EDGE('',*,*,#1092,.T.);
#1092 = EDGE_CURVE('',#1085,#1093,#1095,.T.);
#1093 = VERTEX_POINT('',#1094);
#1094 = CARTESIAN_POINT('',(4.289013841019,0.2,10.));
#1095 = CIRCLE('',#1096,1.8);
#1096 = AXIS2_PLACEMENT_3D('',#1097,#1098,#1099);
#1097 = CARTESIAN_POINT('',(4.289013841019,2.,10.));
#1098 = DIRECTION('',(0.,0.,1.));
#1099 = DIRECTION('',(-0.766044443119,0.642787609687,0.));
#1100 = ORIENTED_EDGE('',*,*,#1101,.T.);
#1101 = EDGE_CURVE('',#1093,#1102,#1104,.T.);
#1102 = VERTEX_POINT('',#1103);
#1103 = CARTESIAN_POINT('',(18.871201411868,0.2,10.));
#1104 = LINE('',#1105,#1106);
#1105 = CARTESIAN_POINT('',(4.289013841019,0.2,10.));
#1106 = VECTOR('',#1107,1.);
#1107 = DIRECTION('',(1.,0.,0.));
#1108 = ORIENTED_EDGE('',*,*,#1109,.T.);
#1109 = EDGE_CURVE('',#1102,#1110,#1112,.T.);
#1110 = VERTEX_POINT('',#1111);
#1111 = CARTESIAN_POINT('',(20.077097474438,0.663656224515,10.));
#1112 = CIRCLE('',#1113,1.8);
#1113 = AXIS2_PLACEMENT_3D('',#1114,#1115,#1116);
#1114 = CARTESIAN_POINT('',(18.871201411868,2.,10.));
#1115 = DIRECTION('',(-0.,0.,1.));
#1116 = DIRECTION('',(0.,-1.,0.));
#1117 = ORIENTED_EDGE('',*,*,#1118,.T.);
#1118 = EDGE_CURVE('',#1110,#1119,#1121,.T.);
#1119 = VERTEX_POINT('',#1120);
#1120 = CARTESIAN_POINT('',(43.315140875656,21.633309058927,10.));
#1121 = LINE('',#1122,#1123);
#1122 = CARTESIAN_POINT('',(20.077097474438,0.663656224515,10.));
#1123 = VECTOR('',#1124,1.);
#1124 = DIRECTION('',(0.742413208603,0.669942256983,0.));
#1125 = ORIENTED_EDGE('',*,*,#1126,.T.);
#1126 = EDGE_CURVE('',#1119,#1127,#1129,.T.);
#1127 = VERTEX_POINT('',#1128);
#1128 = CARTESIAN_POINT('',(46.887279736973,20.661271676301,10.));
#1129 = CIRCLE('',#1130,2.2);
#1130 = AXIS2_PLACEMENT_3D('',#1131,#1132,#1133);
#1131 = CARTESIAN_POINT('',(44.789013841019,20.,10.));
#1132 = DIRECTION('',(0.,0.,-1.));
#1133 = DIRECTION('',(-0.669942256983,0.742413208603,0.));
#1134 = ORIENTED_EDGE('',*,*,#1135,.T.);
#1135 = EDGE_CURVE('',#1127,#1136,#1138,.T.);
#1136 = VERTEX_POINT('',#1137);
#1137 = CARTESIAN_POINT('',(53.049129447956,1.109248554913,10.));
#1138 = LINE('',#1139,#1140);
#1139 = CARTESIAN_POINT('',(46.887279736973,20.661271676301,10.));
#1140 = VECTOR('',#1141,1.);
#1141 = DIRECTION('',(0.300578034682,-0.953757225434,0.));
#1142 = ORIENTED_EDGE('',*,*,#1143,.T.);
#1143 = EDGE_CURVE('',#1136,#1144,#1146,.T.);
#1144 = VERTEX_POINT('',#1145);
#1145 = CARTESIAN_POINT('',(55.528898234083,1.890751445087,10.));
#1146 = CIRCLE('',#1147,1.3);
#1147 = AXIS2_PLACEMENT_3D('',#1148,#1149,#1150);
#1148 = CARTESIAN_POINT('',(54.289013841019,1.5,10.));
#1149 = DIRECTION('',(0.,0.,1.));
#1150 = DIRECTION('',(-0.953757225434,-0.300578034682,0.));
#1151 = ORIENTED_EDGE('',*,*,#1152,.T.);
#1152 = EDGE_CURVE('',#1144,#1153,#1155,.T.);
#1153 = VERTEX_POINT('',#1154);
#1154 = CARTESIAN_POINT('',(49.3670485231,21.442774566474,10.));
#1155 = LINE('',#1156,#1157);
#1156 = CARTESIAN_POINT('',(55.528898234083,1.890751445087,10.));
#1157 = VECTOR('',#1158,1.);
#1158 = DIRECTION('',(-0.300578034682,0.953757225434,0.));
#1159 = ORIENTED_EDGE('',*,*,#1160,.T.);
#1160 = EDGE_CURVE('',#1153,#1161,#1163,.T.);
#1161 = VERTEX_POINT('',#1162);
#1162 = CARTESIAN_POINT('',(41.5732910075,23.563583401294,10.));
#1163 = CIRCLE('',#1164,4.8);
#1164 = AXIS2_PLACEMENT_3D('',#1165,#1166,#1167);
#1165 = CARTESIAN_POINT('',(44.789013841019,20.,10.));
#1166 = DIRECTION('',(0.,-0.,1.));
#1167 = DIRECTION('',(0.953757225434,0.300578034682,0.));
#1168 = ORIENTED_EDGE('',*,*,#1169,.T.);
#1169 = EDGE_CURVE('',#1161,#215,#1170,.T.);
#1170 = LINE('',#1171,#1172);
#1171 = CARTESIAN_POINT('',(41.5732910075,23.563583401294,10.));
#1172 = VECTOR('',#1173,1.);
#1173 = DIRECTION('',(-0.742413208603,-0.669942256983,-0.));
#1174 = ORIENTED_EDGE('',*,*,#224,.T.);
#1175 = FACE_BOUND('',#1176,.T.);
#1176 = EDGE_LOOP('',(#1177,#1188,#1196,#1205));
#1177 = ORIENTED_EDGE('',*,*,#1178,.F.);
#1178 = EDGE_CURVE('',#1179,#1181,#1183,.T.);
#1179 = VERTEX_POINT('',#1180);
#1180 = CARTESIAN_POINT('',(30.259231385788,23.926901863641,10.));
#1181 = VERTEX_POINT('',#1182);
#1182 = CARTESIAN_POINT('',(25.969382504322,27.526512477886,10.));
#1183 = CIRCLE('',#1184,2.8);
#1184 = AXIS2_PLACEMENT_3D('',#1185,#1186,#1187);
#1185 = CARTESIAN_POINT('',(28.114306945055,25.726707170763,10.));
#1186 = DIRECTION('',(-0.,0.,1.));
#1187 = DIRECTION('',(0.766044443119,-0.642787609687,0.));
#1188 = ORIENTED_EDGE('',*,*,#1189,.F.);
#1189 = EDGE_CURVE('',#1190,#1179,#1192,.T.);
#1190 = VERTEX_POINT('',#1191);
#1191 = CARTESIAN_POINT('',(18.009759920773,9.32855023783,10.));
#1192 = LINE('',#1193,#1194);
#1193 = CARTESIAN_POINT('',(18.009759920773,9.32855023783,10.));
#1194 = VECTOR('',#1195,1.);
#1195 = DIRECTION('',(0.642787609687,0.766044443119,0.));
#1196 = ORIENTED_EDGE('',*,*,#1197,.F.);
#1197 = EDGE_CURVE('',#1198,#1190,#1200,.T.);
#1198 = VERTEX_POINT('',#1199);
#1199 = CARTESIAN_POINT('',(13.719911039307,12.928160852074,10.));
#1200 = CIRCLE('',#1201,2.8);
#1201 = AXIS2_PLACEMENT_3D('',#1202,#1203,#1204);
#1202 = CARTESIAN_POINT('',(15.86483548004,11.128355544952,10.));
#1203 = DIRECTION('',(0.,0.,1.));
#1204 = DIRECTION('',(-0.766044443119,0.642787609687,0.));
#1205 = ORIENTED_EDGE('',*,*,#1206,.F.);
#1206 = EDGE_CURVE('',#1181,#1198,#1207,.T.);
#1207 = LINE('',#1208,#1209);
#1208 = CARTESIAN_POINT('',(25.969382504322,27.526512477886,10.));
#1209 = VECTOR('',#1210,1.);
#1210 = DIRECTION('',(-0.642787609687,-0.766044443119,0.));
#1211 = FACE_BOUND('',#1212,.T.);
#1212 = EDGE_LOOP('',(#1213));
#1213 = ORIENTED_EDGE('',*,*,#1214,.F.);
#1214 = EDGE_CURVE('',#1215,#1215,#1217,.T.);
#1215 = VERTEX_POINT('',#1216);
#1216 = CARTESIAN_POINT('',(13.922534602548,5.,10.));
#1217 = CIRCLE('',#1218,3.2);
#1218 = AXIS2_PLACEMENT_3D('',#1219,#1220,#1221);
#1219 = CARTESIAN_POINT('',(10.722534602548,5.,10.));
#1220 = DIRECTION('',(0.,-0.,1.));
#1221 = DIRECTION('',(1.,3.E-16,0.));
#1222 = PLANE('',#1223);
#1223 = AXIS2_PLACEMENT_3D('',#1224,#1225,#1226);
#1224 = CARTESIAN_POINT('',(27.909182276207,13.65708756133,10.));
#1225 = DIRECTION('',(0.,0.,1.));
#1226 = DIRECTION('',(1.,0.,0.));
#1227 = ADVANCED_FACE('',(#1228),#1239,.T.);
#1228 = FACE_BOUND('',#1229,.T.);
#1229 = EDGE_LOOP('',(#1230,#1231,#1232,#1238));
#1230 = ORIENTED_EDGE('',*,*,#134,.F.);
#1231 = ORIENTED_EDGE('',*,*,#157,.T.);
#1232 = ORIENTED_EDGE('',*,*,#1233,.T.);
#1233 = EDGE_CURVE('',#158,#1076,#1234,.T.);
#1234 = LINE('',#1235,#1236);
#1235 = CARTESIAN_POINT('',(24.28408472946,28.940645219196,9.8));
#1236 = VECTOR('',#1237,1.);
#1237 = DIRECTION('',(0.54167522042,-0.454519477672,0.707106781187));
#1238 = ORIENTED_EDGE('',*,*,#1075,.F.);
#1239 = CONICAL_SURFACE('',#1240,5.,0.785398163397);
#1240 = AXIS2_PLACEMENT_3D('',#1241,#1242,#1243);
#1241 = CARTESIAN_POINT('',(28.114306945055,25.726707170763,9.8));
#1242 = DIRECTION('',(-0.,-0.,-1.));
#1243 = DIRECTION('',(0.766044443119,-0.642787609687,0.));
#1244 = ADVANCED_FACE('',(#1245),#1270,.F.);
#1245 = FACE_BOUND('',#1246,.F.);
#1246 = EDGE_LOOP('',(#1247,#1248,#1256,#1264));
#1247 = ORIENTED_EDGE('',*,*,#166,.T.);
#1248 = ORIENTED_EDGE('',*,*,#1249,.T.);
#1249 = EDGE_CURVE('',#158,#1250,#1252,.T.);
#1250 = VERTEX_POINT('',#1251);
#1251 = CARTESIAN_POINT('',(2.756924954781,3.285575219373,9.8));
#1252 = LINE('',#1253,#1254);
#1253 = CARTESIAN_POINT('',(24.28408472946,28.940645219196,9.8));
#1254 = VECTOR('',#1255,1.);
#1255 = DIRECTION('',(-0.642787609687,-0.766044443119,0.));
#1256 = ORIENTED_EDGE('',*,*,#1257,.F.);
#1257 = EDGE_CURVE('',#1258,#1250,#1260,.T.);
#1258 = VERTEX_POINT('',#1259);
#1259 = CARTESIAN_POINT('',(2.756924954781,3.285575219373,0.4));
#1260 = LINE('',#1261,#1262);
#1261 = CARTESIAN_POINT('',(2.756924954781,3.285575219373,0.));
#1262 = VECTOR('',#1263,1.);
#1263 = DIRECTION('',(0.,0.,1.));
#1264 = ORIENTED_EDGE('',*,*,#1265,.F.);
#1265 = EDGE_CURVE('',#167,#1258,#1266,.T.);
#1266 = LINE('',#1267,#1268);
#1267 = CARTESIAN_POINT('',(24.28408472946,28.940645219196,0.4));
#1268 = VECTOR('',#1269,1.);
#1269 = DIRECTION('',(-0.642787609687,-0.766044443119,0.));
#1270 = PLANE('',#1271);
#1271 = AXIS2_PLACEMENT_3D('',#1272,#1273,#1274);
#1272 = CARTESIAN_POINT('',(24.28408472946,28.940645219196,0.));
#1273 = DIRECTION('',(0.766044443119,-0.642787609687,0.));
#1274 = DIRECTION('',(-0.642787609687,-0.766044443119,0.));
#1275 = ADVANCED_FACE('',(#1276),#1287,.T.);
#1276 = FACE_BOUND('',#1277,.T.);
#1277 = EDGE_LOOP('',(#1278,#1284,#1285,#1286));
#1278 = ORIENTED_EDGE('',*,*,#1279,.F.);
#1279 = EDGE_CURVE('',#588,#249,#1280,.T.);
#1280 = LINE('',#1281,#1282);
#1281 = CARTESIAN_POINT('',(41.439302556103,23.712066043015,0.4));
#1282 = VECTOR('',#1283,1.);
#1283 = DIRECTION('',(-0.473720712916,0.524965414246,0.707106781187));
#1284 = ORIENTED_EDGE('',*,*,#587,.T.);
#1285 = ORIENTED_EDGE('',*,*,#189,.T.);
#1286 = ORIENTED_EDGE('',*,*,#256,.F.);
#1287 = PLANE('',#1288);
#1288 = AXIS2_PLACEMENT_3D('',#1289,#1290,#1291);
#1289 = CARTESIAN_POINT('',(41.5732910075,23.563583401294,0.2));
#1290 = DIRECTION('',(-0.473720712916,0.524965414246,-0.707106781187));
#1291 = DIRECTION('',(-0.742413208603,-0.669942256983,2.775557561563E-17
    ));
#1292 = ADVANCED_FACE('',(#1293),#1304,.T.);
#1293 = FACE_BOUND('',#1294,.T.);
#1294 = EDGE_LOOP('',(#1295,#1301,#1302,#1303));
#1295 = ORIENTED_EDGE('',*,*,#1296,.F.);
#1296 = EDGE_CURVE('',#241,#1161,#1297,.T.);
#1297 = LINE('',#1298,#1299);
#1298 = CARTESIAN_POINT('',(41.439302556103,23.712066043015,9.8));
#1299 = VECTOR('',#1300,1.);
#1300 = DIRECTION('',(0.473720712916,-0.524965414246,0.707106781187));
#1301 = ORIENTED_EDGE('',*,*,#240,.T.);
#1302 = ORIENTED_EDGE('',*,*,#214,.T.);
#1303 = ORIENTED_EDGE('',*,*,#1169,.F.);
#1304 = PLANE('',#1305);
#1305 = AXIS2_PLACEMENT_3D('',#1306,#1307,#1308);
#1306 = CARTESIAN_POINT('',(41.506296781801,23.637824722155,9.9));
#1307 = DIRECTION('',(-0.473720712916,0.524965414246,0.707106781187));
#1308 = DIRECTION('',(-0.742413208603,-0.669942256983,1.110223024625E-16
    ));
#1309 = ADVANCED_FACE('',(#1310),#1337,.T.);
#1310 = FACE_BOUND('',#1311,.F.);
#1311 = EDGE_LOOP('',(#1312,#1322,#1329,#1330));
#1312 = ORIENTED_EDGE('',*,*,#1313,.T.);
#1313 = EDGE_CURVE('',#1314,#1316,#1318,.T.);
#1314 = VERTEX_POINT('',#1315);
#1315 = CARTESIAN_POINT('',(49.557799968187,21.50289017341,0.4));
#1316 = VERTEX_POINT('',#1317);
#1317 = CARTESIAN_POINT('',(49.557799968187,21.50289017341,9.8));
#1318 = LINE('',#1319,#1320);
#1319 = CARTESIAN_POINT('',(49.557799968187,21.50289017341,0.));
#1320 = VECTOR('',#1321,1.);
#1321 = DIRECTION('',(0.,0.,1.));
#1322 = ORIENTED_EDGE('',*,*,#1323,.T.);
#1323 = EDGE_CURVE('',#1316,#241,#1324,.T.);
#1324 = CIRCLE('',#1325,5.);
#1325 = AXIS2_PLACEMENT_3D('',#1326,#1327,#1328);
#1326 = CARTESIAN_POINT('',(44.789013841019,20.,9.8));
#1327 = DIRECTION('',(0.,-0.,1.));
#1328 = DIRECTION('',(0.953757225434,0.300578034682,0.));
#1329 = ORIENTED_EDGE('',*,*,#248,.F.);
#1330 = ORIENTED_EDGE('',*,*,#1331,.F.);
#1331 = EDGE_CURVE('',#1314,#249,#1332,.T.);
#1332 = CIRCLE('',#1333,5.);
#1333 = AXIS2_PLACEMENT_3D('',#1334,#1335,#1336);
#1334 = CARTESIAN_POINT('',(44.789013841019,20.,0.4));
#1335 = DIRECTION('',(0.,-0.,1.));
#1336 = DIRECTION('',(0.953757225434,0.300578034682,0.));
#1337 = CYLINDRICAL_SURFACE('',#1338,5.);
#1338 = AXIS2_PLACEMENT_3D('',#1339,#1340,#1341);
#1339 = CARTESIAN_POINT('',(44.789013841019,20.,0.));
#1340 = DIRECTION('',(-0.,-0.,-1.));
#1341 = DIRECTION('',(1.,0.,0.));
#1342 = ADVANCED_FACE('',(#1343),#1377,.T.);
#1343 = FACE_BOUND('',#1344,.T.);
#1344 = EDGE_LOOP('',(#1345,#1355,#1363,#1369,#1370,#1371));
#1345 = ORIENTED_EDGE('',*,*,#1346,.T.);
#1346 = EDGE_CURVE('',#1347,#1349,#1351,.T.);
#1347 = VERTEX_POINT('',#1348);
#1348 = CARTESIAN_POINT('',(51.26021370089,6.120231213873,0.4));
#1349 = VERTEX_POINT('',#1350);
#1350 = CARTESIAN_POINT('',(51.26021370089,6.120231213873,3.));
#1351 = LINE('',#1352,#1353);
#1352 = CARTESIAN_POINT('',(51.260213700889,6.120231213873,0.));
#1353 = VECTOR('',#1354,1.);
#1354 = DIRECTION('',(0.,0.,1.));
#1355 = ORIENTED_EDGE('',*,*,#1356,.T.);
#1356 = EDGE_CURVE('',#1349,#1357,#1359,.T.);
#1357 = VERTEX_POINT('',#1358);
#1358 = CARTESIAN_POINT('',(50.358401884809,6.120231213873,3.));
#1359 = LINE('',#1360,#1361);
#1360 = CARTESIAN_POINT('',(51.82622462084,6.120231213873,3.));
#1361 = VECTOR('',#1362,1.);
#1362 = DIRECTION('',(-1.,0.,0.));
#1363 = ORIENTED_EDGE('',*,*,#1364,.F.);
#1364 = EDGE_CURVE('',#281,#1357,#1365,.T.);
#1365 = LINE('',#1366,#1367);
#1366 = CARTESIAN_POINT('',(50.358401884809,6.120231213873,0.));
#1367 = VECTOR('',#1368,1.);
#1368 = DIRECTION('',(0.,0.,1.));
#1369 = ORIENTED_EDGE('',*,*,#280,.F.);
#1370 = ORIENTED_EDGE('',*,*,#270,.T.);
#1371 = ORIENTED_EDGE('',*,*,#1372,.T.);
#1372 = EDGE_CURVE('',#273,#1347,#1373,.T.);
#1373 = LINE('',#1374,#1375);
#1374 = CARTESIAN_POINT('',(51.608187078284,6.120231213873,
    6.811787705167E-02));
#1375 = VECTOR('',#1376,1.);
#1376 = DIRECTION('',(-0.723640371455,0.,0.690177232891));
#1377 = PLANE('',#1378);
#1378 = AXIS2_PLACEMENT_3D('',#1379,#1380,#1381);
#1379 = CARTESIAN_POINT('',(51.82622462084,6.120231213873,0.));
#1380 = DIRECTION('',(0.,-1.,0.));
#1381 = DIRECTION('',(-1.,0.,0.));
#1382 = ADVANCED_FACE('',(#1383),#1401,.T.);
#1383 = FACE_BOUND('',#1384,.T.);
#1384 = EDGE_LOOP('',(#1385,#1386,#1387,#1395));
#1385 = ORIENTED_EDGE('',*,*,#1372,.F.);
#1386 = ORIENTED_EDGE('',*,*,#621,.T.);
#1387 = ORIENTED_EDGE('',*,*,#1388,.T.);
#1388 = EDGE_CURVE('',#613,#1389,#1391,.T.);
#1389 = VERTEX_POINT('',#1390);
#1390 = CARTESIAN_POINT('',(52.858378002869,1.049132947977,0.4));
#1391 = LINE('',#1392,#1393);
#1392 = CARTESIAN_POINT('',(53.049129447956,1.109248554913,0.2));
#1393 = VECTOR('',#1394,1.);
#1394 = DIRECTION('',(-0.67440820171,-0.212540766599,0.707106781187));
#1395 = ORIENTED_EDGE('',*,*,#1396,.F.);
#1396 = EDGE_CURVE('',#1347,#1389,#1397,.T.);
#1397 = LINE('',#1398,#1399);
#1398 = CARTESIAN_POINT('',(51.26021370089,6.120231213873,0.4));
#1399 = VECTOR('',#1400,1.);
#1400 = DIRECTION('',(0.300578034682,-0.953757225434,0.));
#1401 = PLANE('',#1402);
#1402 = AXIS2_PLACEMENT_3D('',#1403,#1404,#1405);
#1403 = CARTESIAN_POINT('',(51.450965145976,6.180346820809,0.2));
#1404 = DIRECTION('',(-0.67440820171,-0.212540766599,-0.707106781187));
#1405 = DIRECTION('',(0.300578034682,-0.953757225434,2.775557561563E-17)
  );
#1406 = ADVANCED_FACE('',(#1407),#1425,.T.);
#1407 = FACE_BOUND('',#1408,.T.);
#1408 = EDGE_LOOP('',(#1409,#1410,#1418,#1424));
#1409 = ORIENTED_EDGE('',*,*,#1364,.T.);
#1410 = ORIENTED_EDGE('',*,*,#1411,.T.);
#1411 = EDGE_CURVE('',#1357,#1412,#1414,.T.);
#1412 = VERTEX_POINT('',#1413);
#1413 = CARTESIAN_POINT('',(50.358401884809,0.,3.));
#1414 = LINE('',#1415,#1416);
#1415 = CARTESIAN_POINT('',(50.358401884809,6.88978805395,3.));
#1416 = VECTOR('',#1417,1.);
#1417 = DIRECTION('',(0.,-1.,0.));
#1418 = ORIENTED_EDGE('',*,*,#1419,.F.);
#1419 = EDGE_CURVE('',#289,#1412,#1420,.T.);
#1420 = LINE('',#1421,#1422);
#1421 = CARTESIAN_POINT('',(50.358401884809,0.,0.));
#1422 = VECTOR('',#1423,1.);
#1423 = DIRECTION('',(0.,0.,1.));
#1424 = ORIENTED_EDGE('',*,*,#288,.F.);
#1425 = PLANE('',#1426);
#1426 = AXIS2_PLACEMENT_3D('',#1427,#1428,#1429);
#1427 = CARTESIAN_POINT('',(50.358401884809,6.120231213873,0.));
#1428 = DIRECTION('',(1.,0.,0.));
#1429 = DIRECTION('',(0.,-1.,0.));
#1430 = ADVANCED_FACE('',(#1431),#1450,.T.);
#1431 = FACE_BOUND('',#1432,.T.);
#1432 = EDGE_LOOP('',(#1433,#1434,#1435,#1443));
#1433 = ORIENTED_EDGE('',*,*,#1388,.F.);
#1434 = ORIENTED_EDGE('',*,*,#612,.T.);
#1435 = ORIENTED_EDGE('',*,*,#1436,.T.);
#1436 = EDGE_CURVE('',#605,#1437,#1439,.T.);
#1437 = VERTEX_POINT('',#1438);
#1438 = CARTESIAN_POINT('',(55.719649679169,1.950867052023,0.4));
#1439 = LINE('',#1440,#1441);
#1440 = CARTESIAN_POINT('',(55.719649679169,1.950867052023,0.4));
#1441 = VECTOR('',#1442,1.);
#1442 = DIRECTION('',(0.67440820171,0.212540766599,0.707106781187));
#1443 = ORIENTED_EDGE('',*,*,#1444,.F.);
#1444 = EDGE_CURVE('',#1389,#1437,#1445,.T.);
#1445 = CIRCLE('',#1446,1.5);
#1446 = AXIS2_PLACEMENT_3D('',#1447,#1448,#1449);
#1447 = CARTESIAN_POINT('',(54.289013841019,1.5,0.4));
#1448 = DIRECTION('',(0.,0.,1.));
#1449 = DIRECTION('',(-0.953757225434,-0.300578034682,0.));
#1450 = CONICAL_SURFACE('',#1451,1.5,0.785398163397);
#1451 = AXIS2_PLACEMENT_3D('',#1452,#1453,#1454);
#1452 = CARTESIAN_POINT('',(54.289013841019,1.5,0.4));
#1453 = DIRECTION('',(0.,0.,1.));
#1454 = DIRECTION('',(-0.953757225434,-0.300578034682,0.));
#1455 = ADVANCED_FACE('',(#1456),#1474,.T.);
#1456 = FACE_BOUND('',#1457,.T.);
#1457 = EDGE_LOOP('',(#1458,#1459,#1467,#1473));
#1458 = ORIENTED_EDGE('',*,*,#1419,.T.);
#1459 = ORIENTED_EDGE('',*,*,#1460,.T.);
#1460 = EDGE_CURVE('',#1412,#1461,#1463,.T.);
#1461 = VERTEX_POINT('',#1462);
#1462 = CARTESIAN_POINT('',(48.286725584231,0.,3.));
#1463 = LINE('',#1464,#1465);
#1464 = CARTESIAN_POINT('',(50.358401884809,0.,3.));
#1465 = VECTOR('',#1466,1.);
#1466 = DIRECTION('',(-1.,0.,0.));
#1467 = ORIENTED_EDGE('',*,*,#1468,.F.);
#1468 = EDGE_CURVE('',#297,#1461,#1469,.T.);
#1469 = LINE('',#1470,#1471);
#1470 = CARTESIAN_POINT('',(48.286725584231,0.,0.));
#1471 = VECTOR('',#1472,1.);
#1472 = DIRECTION('',(0.,0.,1.));
#1473 = ORIENTED_EDGE('',*,*,#296,.F.);
#1474 = PLANE('',#1475);
#1475 = AXIS2_PLACEMENT_3D('',#1476,#1477,#1478);
#1476 = CARTESIAN_POINT('',(50.358401884809,0.,0.));
#1477 = DIRECTION('',(0.,-1.,0.));
#1478 = DIRECTION('',(-1.,0.,0.));
#1479 = ADVANCED_FACE('',(#1480),#1496,.T.);
#1480 = FACE_BOUND('',#1481,.T.);
#1481 = EDGE_LOOP('',(#1482,#1483,#1484,#1490));
#1482 = ORIENTED_EDGE('',*,*,#1436,.F.);
#1483 = ORIENTED_EDGE('',*,*,#604,.T.);
#1484 = ORIENTED_EDGE('',*,*,#1485,.T.);
#1485 = EDGE_CURVE('',#596,#1314,#1486,.T.);
#1486 = LINE('',#1487,#1488);
#1487 = CARTESIAN_POINT('',(49.3670485231,21.442774566474,0.2));
#1488 = VECTOR('',#1489,1.);
#1489 = DIRECTION('',(0.67440820171,0.212540766599,0.707106781187));
#1490 = ORIENTED_EDGE('',*,*,#1491,.F.);
#1491 = EDGE_CURVE('',#1437,#1314,#1492,.T.);
#1492 = LINE('',#1493,#1494);
#1493 = CARTESIAN_POINT('',(55.719649679169,1.950867052023,0.4));
#1494 = VECTOR('',#1495,1.);
#1495 = DIRECTION('',(-0.300578034682,0.953757225434,0.));
#1496 = PLANE('',#1497);
#1497 = AXIS2_PLACEMENT_3D('',#1498,#1499,#1500);
#1498 = CARTESIAN_POINT('',(55.528898234083,1.890751445087,0.2));
#1499 = DIRECTION('',(0.67440820171,0.212540766599,-0.707106781187));
#1500 = DIRECTION('',(-0.300578034682,0.953757225434,8.326672684689E-17)
  );
#1501 = ADVANCED_FACE('',(#1502),#1520,.T.);
#1502 = FACE_BOUND('',#1503,.T.);
#1503 = EDGE_LOOP('',(#1504,#1505,#1513,#1519));
#1504 = ORIENTED_EDGE('',*,*,#1468,.T.);
#1505 = ORIENTED_EDGE('',*,*,#1506,.T.);
#1506 = EDGE_CURVE('',#1461,#1507,#1509,.T.);
#1507 = VERTEX_POINT('',#1508);
#1508 = CARTESIAN_POINT('',(48.286725584231,6.120231213873,3.));
#1509 = LINE('',#1510,#1511);
#1510 = CARTESIAN_POINT('',(48.286725584231,0.,3.));
#1511 = VECTOR('',#1512,1.);
#1512 = DIRECTION('',(0.,1.,0.));
#1513 = ORIENTED_EDGE('',*,*,#1514,.F.);
#1514 = EDGE_CURVE('',#305,#1507,#1515,.T.);
#1515 = LINE('',#1516,#1517);
#1516 = CARTESIAN_POINT('',(48.286725584231,6.120231213873,0.));
#1517 = VECTOR('',#1518,1.);
#1518 = DIRECTION('',(0.,0.,1.));
#1519 = ORIENTED_EDGE('',*,*,#304,.F.);
#1520 = PLANE('',#1521);
#1521 = AXIS2_PLACEMENT_3D('',#1522,#1523,#1524);
#1522 = CARTESIAN_POINT('',(48.286725584231,0.,0.));
#1523 = DIRECTION('',(-1.,0.,0.));
#1524 = DIRECTION('',(0.,1.,0.));
#1525 = ADVANCED_FACE('',(#1526),#1532,.T.);
#1526 = FACE_BOUND('',#1527,.T.);
#1527 = EDGE_LOOP('',(#1528,#1529,#1530,#1531));
#1528 = ORIENTED_EDGE('',*,*,#1485,.F.);
#1529 = ORIENTED_EDGE('',*,*,#595,.T.);
#1530 = ORIENTED_EDGE('',*,*,#1279,.T.);
#1531 = ORIENTED_EDGE('',*,*,#1331,.F.);
#1532 = CONICAL_SURFACE('',#1533,5.,0.785398163397);
#1533 = AXIS2_PLACEMENT_3D('',#1534,#1535,#1536);
#1534 = CARTESIAN_POINT('',(44.789013841019,20.,0.4));
#1535 = DIRECTION('',(0.,0.,1.));
#1536 = DIRECTION('',(0.953757225434,0.300578034682,-0.));
#1537 = ADVANCED_FACE('',(#1538),#1556,.T.);
#1538 = FACE_BOUND('',#1539,.T.);
#1539 = EDGE_LOOP('',(#1540,#1541,#1549,#1555));
#1540 = ORIENTED_EDGE('',*,*,#1514,.T.);
#1541 = ORIENTED_EDGE('',*,*,#1542,.T.);
#1542 = EDGE_CURVE('',#1507,#1543,#1545,.T.);
#1543 = VERTEX_POINT('',#1544);
#1544 = CARTESIAN_POINT('',(45.00685538851,6.120231213873,3.));
#1545 = LINE('',#1546,#1547);
#1546 = CARTESIAN_POINT('',(47.492789877913,6.120231213873,3.));
#1547 = VECTOR('',#1548,1.);
#1548 = DIRECTION('',(-1.,0.,0.));
#1549 = ORIENTED_EDGE('',*,*,#1550,.F.);
#1550 = EDGE_CURVE('',#313,#1543,#1551,.T.);
#1551 = LINE('',#1552,#1553);
#1552 = CARTESIAN_POINT('',(45.00685538851,6.120231213873,0.));
#1553 = VECTOR('',#1554,1.);
#1554 = DIRECTION('',(0.,0.,1.));
#1555 = ORIENTED_EDGE('',*,*,#312,.F.);
#1556 = PLANE('',#1557);
#1557 = AXIS2_PLACEMENT_3D('',#1558,#1559,#1560);
#1558 = CARTESIAN_POINT('',(46.646790486371,6.120231213873,1.5));
#1559 = DIRECTION('',(-0.,-1.,-0.));
#1560 = DIRECTION('',(0.,0.,-1.));
#1561 = ADVANCED_FACE('',(#1562),#1580,.T.);
#1562 = FACE_BOUND('',#1563,.T.);
#1563 = EDGE_LOOP('',(#1564,#1565,#1573,#1579));
#1564 = ORIENTED_EDGE('',*,*,#1550,.T.);
#1565 = ORIENTED_EDGE('',*,*,#1566,.T.);
#1566 = EDGE_CURVE('',#1543,#1567,#1569,.T.);
#1567 = VERTEX_POINT('',#1568);
#1568 = CARTESIAN_POINT('',(45.00685538851,4.569556840077,3.));
#1569 = LINE('',#1570,#1571);
#1570 = CARTESIAN_POINT('',(45.00685538851,7.6,3.));
#1571 = VECTOR('',#1572,1.);
#1572 = DIRECTION('',(0.,-1.,0.));
#1573 = ORIENTED_EDGE('',*,*,#1574,.F.);
#1574 = EDGE_CURVE('',#321,#1567,#1575,.T.);
#1575 = LINE('',#1576,#1577);
#1576 = CARTESIAN_POINT('',(45.00685538851,4.569556840077,0.));
#1577 = VECTOR('',#1578,1.);
#1578 = DIRECTION('',(0.,0.,1.));
#1579 = ORIENTED_EDGE('',*,*,#320,.F.);
#1580 = PLANE('',#1581);
#1581 = AXIS2_PLACEMENT_3D('',#1582,#1583,#1584);
#1582 = CARTESIAN_POINT('',(45.00685538851,6.120231213873,0.));
#1583 = DIRECTION('',(1.,0.,0.));
#1584 = DIRECTION('',(0.,-1.,0.));
#1585 = ADVANCED_FACE('',(#1586),#1604,.T.);
#1586 = FACE_BOUND('',#1587,.T.);
#1587 = EDGE_LOOP('',(#1588,#1589,#1597,#1603));
#1588 = ORIENTED_EDGE('',*,*,#1574,.T.);
#1589 = ORIENTED_EDGE('',*,*,#1590,.T.);
#1590 = EDGE_CURVE('',#1567,#1591,#1593,.T.);
#1591 = VERTEX_POINT('',#1592);
#1592 = CARTESIAN_POINT('',(47.149437276757,4.569556840077,3.));
#1593 = LINE('',#1594,#1595);
#1594 = CARTESIAN_POINT('',(43.823040359609,4.569556840077,3.));
#1595 = VECTOR('',#1596,1.);
#1596 = DIRECTION('',(1.,0.,0.));
#1597 = ORIENTED_EDGE('',*,*,#1598,.F.);
#1598 = EDGE_CURVE('',#329,#1591,#1599,.T.);
#1599 = LINE('',#1600,#1601);
#1600 = CARTESIAN_POINT('',(47.149437276757,4.569556840077,0.));
#1601 = VECTOR('',#1602,1.);
#1602 = DIRECTION('',(0.,0.,1.));
#1603 = ORIENTED_EDGE('',*,*,#328,.F.);
#1604 = PLANE('',#1605);
#1605 = AXIS2_PLACEMENT_3D('',#1606,#1607,#1608);
#1606 = CARTESIAN_POINT('',(45.00685538851,4.569556840077,0.));
#1607 = DIRECTION('',(0.,1.,0.));
#1608 = DIRECTION('',(1.,0.,0.));
#1609 = ADVANCED_FACE('',(#1610),#1628,.T.);
#1610 = FACE_BOUND('',#1611,.T.);
#1611 = EDGE_LOOP('',(#1612,#1613,#1621,#1627));
#1612 = ORIENTED_EDGE('',*,*,#1598,.T.);
#1613 = ORIENTED_EDGE('',*,*,#1614,.T.);
#1614 = EDGE_CURVE('',#1591,#1615,#1617,.T.);
#1615 = VERTEX_POINT('',#1616);
#1616 = CARTESIAN_POINT('',(47.149437276757,3.08978805395,3.));
#1617 = LINE('',#1618,#1619);
#1618 = CARTESIAN_POINT('',(47.149437276757,4.569556840077,3.));
#1619 = VECTOR('',#1620,1.);
#1620 = DIRECTION('',(0.,-1.,0.));
#1621 = ORIENTED_EDGE('',*,*,#1622,.F.);
#1622 = EDGE_CURVE('',#337,#1615,#1623,.T.);
#1623 = LINE('',#1624,#1625);
#1624 = CARTESIAN_POINT('',(47.149437276757,3.08978805395,0.));
#1625 = VECTOR('',#1626,1.);
#1626 = DIRECTION('',(0.,0.,1.));
#1627 = ORIENTED_EDGE('',*,*,#336,.F.);
#1628 = PLANE('',#1629);
#1629 = AXIS2_PLACEMENT_3D('',#1630,#1631,#1632);
#1630 = CARTESIAN_POINT('',(47.149437276757,4.569556840077,0.));
#1631 = DIRECTION('',(1.,0.,0.));
#1632 = DIRECTION('',(0.,-1.,0.));
#1633 = ADVANCED_FACE('',(#1634),#1652,.T.);
#1634 = FACE_BOUND('',#1635,.T.);
#1635 = EDGE_LOOP('',(#1636,#1637,#1645,#1651));
#1636 = ORIENTED_EDGE('',*,*,#1622,.T.);
#1637 = ORIENTED_EDGE('',*,*,#1638,.T.);
#1638 = EDGE_CURVE('',#1615,#1639,#1641,.T.);
#1639 = VERTEX_POINT('',#1640);
#1640 = CARTESIAN_POINT('',(45.00685538851,3.08978805395,3.));
#1641 = LINE('',#1642,#1643);
#1642 = CARTESIAN_POINT('',(47.149437276757,3.08978805395,3.));
#1643 = VECTOR('',#1644,1.);
#1644 = DIRECTION('',(-1.,0.,0.));
#1645 = ORIENTED_EDGE('',*,*,#1646,.F.);
#1646 = EDGE_CURVE('',#345,#1639,#1647,.T.);
#1647 = LINE('',#1648,#1649);
#1648 = CARTESIAN_POINT('',(45.00685538851,3.08978805395,0.));
#1649 = VECTOR('',#1650,1.);
#1650 = DIRECTION('',(0.,0.,1.));
#1651 = ORIENTED_EDGE('',*,*,#344,.F.);
#1652 = PLANE('',#1653);
#1653 = AXIS2_PLACEMENT_3D('',#1654,#1655,#1656);
#1654 = CARTESIAN_POINT('',(47.149437276757,3.08978805395,0.));
#1655 = DIRECTION('',(0.,-1.,0.));
#1656 = DIRECTION('',(-1.,0.,0.));
#1657 = ADVANCED_FACE('',(#1658),#1669,.F.);
#1658 = FACE_BOUND('',#1659,.T.);
#1659 = EDGE_LOOP('',(#1660,#1661,#1662,#1668));
#1660 = ORIENTED_EDGE('',*,*,#1059,.F.);
#1661 = ORIENTED_EDGE('',*,*,#570,.T.);
#1662 = ORIENTED_EDGE('',*,*,#1663,.T.);
#1663 = EDGE_CURVE('',#562,#1258,#1664,.T.);
#1664 = LINE('',#1665,#1666);
#1665 = CARTESIAN_POINT('',(2.910133843405,3.157017697436,0.2));
#1666 = VECTOR('',#1667,1.);
#1667 = DIRECTION('',(-0.54167522042,0.454519477672,0.707106781187));
#1668 = ORIENTED_EDGE('',*,*,#1265,.F.);
#1669 = PLANE('',#1670);
#1670 = AXIS2_PLACEMENT_3D('',#1671,#1672,#1673);
#1671 = CARTESIAN_POINT('',(24.437293618084,28.812087697259,0.2));
#1672 = DIRECTION('',(0.54167522042,-0.454519477672,0.707106781187));
#1673 = DIRECTION('',(0.642787609687,0.766044443119,-2.775557561563E-17)
  );
#1674 = ADVANCED_FACE('',(#1675),#1693,.T.);
#1675 = FACE_BOUND('',#1676,.T.);
#1676 = EDGE_LOOP('',(#1677,#1678,#1686,#1692));
#1677 = ORIENTED_EDGE('',*,*,#1646,.T.);
#1678 = ORIENTED_EDGE('',*,*,#1679,.T.);
#1679 = EDGE_CURVE('',#1639,#1680,#1682,.T.);
#1680 = VERTEX_POINT('',#1681);
#1681 = CARTESIAN_POINT('',(45.00685538851,1.479768786127,3.));
#1682 = LINE('',#1683,#1684);
#1683 = CARTESIAN_POINT('',(45.00685538851,7.6,3.));
#1684 = VECTOR('',#1685,1.);
#1685 = DIRECTION('',(0.,-1.,0.));
#1686 = ORIENTED_EDGE('',*,*,#1687,.F.);
#1687 = EDGE_CURVE('',#353,#1680,#1688,.T.);
#1688 = LINE('',#1689,#1690);
#1689 = CARTESIAN_POINT('',(45.00685538851,1.479768786127,0.));
#1690 = VECTOR('',#1691,1.);
#1691 = DIRECTION('',(0.,0.,1.));
#1692 = ORIENTED_EDGE('',*,*,#352,.F.);
#1693 = PLANE('',#1694);
#1694 = AXIS2_PLACEMENT_3D('',#1695,#1696,#1697);
#1695 = CARTESIAN_POINT('',(45.00685538851,3.08978805395,0.));
#1696 = DIRECTION('',(1.,0.,0.));
#1697 = DIRECTION('',(0.,-1.,0.));
#1698 = ADVANCED_FACE('',(#1699),#1718,.T.);
#1699 = FACE_BOUND('',#1700,.T.);
#1700 = EDGE_LOOP('',(#1701,#1702,#1703,#1711));
#1701 = ORIENTED_EDGE('',*,*,#1663,.F.);
#1702 = ORIENTED_EDGE('',*,*,#561,.T.);
#1703 = ORIENTED_EDGE('',*,*,#1704,.T.);
#1704 = EDGE_CURVE('',#554,#1705,#1707,.T.);
#1705 = VERTEX_POINT('',#1706);
#1706 = CARTESIAN_POINT('',(4.289013841019,0.,0.4));
#1707 = LINE('',#1708,#1709);
#1708 = CARTESIAN_POINT('',(4.289013841019,0.,0.4));
#1709 = VECTOR('',#1710,1.);
#1710 = DIRECTION('',(-3.9E-16,-0.707106781187,0.707106781187));
#1711 = ORIENTED_EDGE('',*,*,#1712,.F.);
#1712 = EDGE_CURVE('',#1258,#1705,#1713,.T.);
#1713 = CIRCLE('',#1714,2.);
#1714 = AXIS2_PLACEMENT_3D('',#1715,#1716,#1717);
#1715 = CARTESIAN_POINT('',(4.289013841019,2.,0.4));
#1716 = DIRECTION('',(0.,0.,1.));
#1717 = DIRECTION('',(-0.766044443119,0.642787609687,0.));
#1718 = CONICAL_SURFACE('',#1719,2.,0.785398163397);
#1719 = AXIS2_PLACEMENT_3D('',#1720,#1721,#1722);
#1720 = CARTESIAN_POINT('',(4.289013841019,2.,0.4));
#1721 = DIRECTION('',(0.,0.,1.));
#1722 = DIRECTION('',(-0.766044443119,0.642787609687,0.));
#1723 = ADVANCED_FACE('',(#1724),#1742,.T.);
#1724 = FACE_BOUND('',#1725,.T.);
#1725 = EDGE_LOOP('',(#1726,#1727,#1735,#1741));
#1726 = ORIENTED_EDGE('',*,*,#1687,.T.);
#1727 = ORIENTED_EDGE('',*,*,#1728,.T.);
#1728 = EDGE_CURVE('',#1680,#1729,#1731,.T.);
#1729 = VERTEX_POINT('',#1730);
#1730 = CARTESIAN_POINT('',(47.599148259416,1.479768786127,3.));
#1731 = LINE('',#1732,#1733);
#1732 = CARTESIAN_POINT('',(43.66889777772,1.479768786127,3.));
#1733 = VECTOR('',#1734,1.);
#1734 = DIRECTION('',(1.,0.,0.));
#1735 = ORIENTED_EDGE('',*,*,#1736,.F.);
#1736 = EDGE_CURVE('',#361,#1729,#1737,.T.);
#1737 = LINE('',#1738,#1739);
#1738 = CARTESIAN_POINT('',(47.599148259416,1.479768786127,0.));
#1739 = VECTOR('',#1740,1.);
#1740 = DIRECTION('',(0.,0.,1.));
#1741 = ORIENTED_EDGE('',*,*,#360,.F.);
#1742 = PLANE('',#1743);
#1743 = AXIS2_PLACEMENT_3D('',#1744,#1745,#1746);
#1744 = CARTESIAN_POINT('',(45.00685538851,1.479768786127,0.));
#1745 = DIRECTION('',(0.,1.,0.));
#1746 = DIRECTION('',(1.,0.,0.));
#1747 = ADVANCED_FACE('',(#1748),#1766,.F.);
#1748 = FACE_BOUND('',#1749,.T.);
#1749 = EDGE_LOOP('',(#1750,#1751,#1752,#1760));
#1750 = ORIENTED_EDGE('',*,*,#1704,.F.);
#1751 = ORIENTED_EDGE('',*,*,#553,.T.);
#1752 = ORIENTED_EDGE('',*,*,#1753,.T.);
#1753 = EDGE_CURVE('',#545,#1754,#1756,.T.);
#1754 = VERTEX_POINT('',#1755);
#1755 = CARTESIAN_POINT('',(18.871201411868,0.,0.4));
#1756 = LINE('',#1757,#1758);
#1757 = CARTESIAN_POINT('',(18.871201411868,0.2,0.2));
#1758 = VECTOR('',#1759,1.);
#1759 = DIRECTION('',(0.,-0.707106781187,0.707106781187));
#1760 = ORIENTED_EDGE('',*,*,#1761,.F.);
#1761 = EDGE_CURVE('',#1705,#1754,#1762,.T.);
#1762 = LINE('',#1763,#1764);
#1763 = CARTESIAN_POINT('',(4.289013841019,0.,0.4));
#1764 = VECTOR('',#1765,1.);
#1765 = DIRECTION('',(1.,0.,0.));
#1766 = PLANE('',#1767);
#1767 = AXIS2_PLACEMENT_3D('',#1768,#1769,#1770);
#1768 = CARTESIAN_POINT('',(4.289013841019,0.2,0.2));
#1769 = DIRECTION('',(0.,0.707106781187,0.707106781187));
#1770 = DIRECTION('',(-1.,-0.,0.));
#1771 = ADVANCED_FACE('',(#1772),#1790,.T.);
#1772 = FACE_BOUND('',#1773,.T.);
#1773 = EDGE_LOOP('',(#1774,#1775,#1783,#1789));
#1774 = ORIENTED_EDGE('',*,*,#1736,.T.);
#1775 = ORIENTED_EDGE('',*,*,#1776,.T.);
#1776 = EDGE_CURVE('',#1729,#1777,#1779,.T.);
#1777 = VERTEX_POINT('',#1778);
#1778 = CARTESIAN_POINT('',(47.599148259416,0.,3.));
#1779 = LINE('',#1780,#1781);
#1780 = CARTESIAN_POINT('',(47.599148259416,1.479768786127,3.));
#1781 = VECTOR('',#1782,1.);
#1782 = DIRECTION('',(0.,-1.,0.));
#1783 = ORIENTED_EDGE('',*,*,#1784,.F.);
#1784 = EDGE_CURVE('',#369,#1777,#1785,.T.);
#1785 = LINE('',#1786,#1787);
#1786 = CARTESIAN_POINT('',(47.599148259416,0.,0.));
#1787 = VECTOR('',#1788,1.);
#1788 = DIRECTION('',(0.,0.,1.));
#1789 = ORIENTED_EDGE('',*,*,#368,.F.);
#1790 = PLANE('',#1791);
#1791 = AXIS2_PLACEMENT_3D('',#1792,#1793,#1794);
#1792 = CARTESIAN_POINT('',(47.599148259416,1.479768786127,0.));
#1793 = DIRECTION('',(1.,0.,0.));
#1794 = DIRECTION('',(0.,-1.,0.));
#1795 = ADVANCED_FACE('',(#1796),#1815,.T.);
#1796 = FACE_BOUND('',#1797,.T.);
#1797 = EDGE_LOOP('',(#1798,#1799,#1800,#1808));
#1798 = ORIENTED_EDGE('',*,*,#1753,.F.);
#1799 = ORIENTED_EDGE('',*,*,#544,.T.);
#1800 = ORIENTED_EDGE('',*,*,#1801,.T.);
#1801 = EDGE_CURVE('',#537,#1802,#1804,.T.);
#1802 = VERTEX_POINT('',#1803);
#1803 = CARTESIAN_POINT('',(20.211085925835,0.515173582794,0.4));
#1804 = LINE('',#1805,#1806);
#1805 = CARTESIAN_POINT('',(20.211085925835,0.515173582794,0.4));
#1806 = VECTOR('',#1807,1.);
#1807 = DIRECTION('',(0.473720712916,-0.524965414246,0.707106781187));
#1808 = ORIENTED_EDGE('',*,*,#1809,.F.);
#1809 = EDGE_CURVE('',#1754,#1802,#1810,.T.);
#1810 = CIRCLE('',#1811,2.);
#1811 = AXIS2_PLACEMENT_3D('',#1812,#1813,#1814);
#1812 = CARTESIAN_POINT('',(18.871201411868,2.,0.4));
#1813 = DIRECTION('',(-0.,0.,1.));
#1814 = DIRECTION('',(0.,-1.,0.));
#1815 = CONICAL_SURFACE('',#1816,2.,0.785398163397);
#1816 = AXIS2_PLACEMENT_3D('',#1817,#1818,#1819);
#1817 = CARTESIAN_POINT('',(18.871201411868,2.,0.4));
#1818 = DIRECTION('',(0.,0.,1.));
#1819 = DIRECTION('',(0.,-1.,0.));
#1820 = ADVANCED_FACE('',(#1821),#1839,.T.);
#1821 = FACE_BOUND('',#1822,.T.);
#1822 = EDGE_LOOP('',(#1823,#1824,#1832,#1838));
#1823 = ORIENTED_EDGE('',*,*,#1784,.T.);
#1824 = ORIENTED_EDGE('',*,*,#1825,.T.);
#1825 = EDGE_CURVE('',#1777,#1826,#1828,.T.);
#1826 = VERTEX_POINT('',#1827);
#1827 = CARTESIAN_POINT('',(41.16051120435,0.,3.));
#1828 = LINE('',#1829,#1830);
#1829 = CARTESIAN_POINT('',(42.99557864173,0.,3.));
#1830 = VECTOR('',#1831,1.);
#1831 = DIRECTION('',(-1.,0.,0.));
#1832 = ORIENTED_EDGE('',*,*,#1833,.F.);
#1833 = EDGE_CURVE('',#377,#1826,#1834,.T.);
#1834 = LINE('',#1835,#1836);
#1835 = CARTESIAN_POINT('',(41.16051120435,0.,0.));
#1836 = VECTOR('',#1837,1.);
#1837 = DIRECTION('',(0.,0.,1.));
#1838 = ORIENTED_EDGE('',*,*,#376,.F.);
#1839 = PLANE('',#1840);
#1840 = AXIS2_PLACEMENT_3D('',#1841,#1842,#1843);
#1841 = CARTESIAN_POINT('',(44.379829731883,0.,1.5));
#1842 = DIRECTION('',(-0.,-1.,-0.));
#1843 = DIRECTION('',(0.,0.,-1.));
#1844 = ADVANCED_FACE('',(#1845),#1863,.T.);
#1845 = FACE_BOUND('',#1846,.T.);
#1846 = EDGE_LOOP('',(#1847,#1848,#1849,#1857));
#1847 = ORIENTED_EDGE('',*,*,#1801,.F.);
#1848 = ORIENTED_EDGE('',*,*,#536,.T.);
#1849 = ORIENTED_EDGE('',*,*,#1850,.T.);
#1850 = EDGE_CURVE('',#529,#1851,#1853,.T.);
#1851 = VERTEX_POINT('',#1852);
#1852 = CARTESIAN_POINT('',(26.0000001,5.739000667741,0.4));
#1853 = LINE('',#1854,#1855);
#1854 = CARTESIAN_POINT('',(26.0000001,2.86986570978,2.530083690055));
#1855 = VECTOR('',#1856,1.);
#1856 = DIRECTION('',(0.,-0.802914441876,0.596094287027));
#1857 = ORIENTED_EDGE('',*,*,#1858,.F.);
#1858 = EDGE_CURVE('',#1802,#1851,#1859,.T.);
#1859 = LINE('',#1860,#1861);
#1860 = CARTESIAN_POINT('',(20.211085925835,0.515173582794,0.4));
#1861 = VECTOR('',#1862,1.);
#1862 = DIRECTION('',(0.742413208603,0.669942256983,0.));
#1863 = PLANE('',#1864);
#1864 = AXIS2_PLACEMENT_3D('',#1865,#1866,#1867);
#1865 = CARTESIAN_POINT('',(20.077097474438,0.663656224515,0.2));
#1866 = DIRECTION('',(0.473720712916,-0.524965414246,-0.707106781187));
#1867 = DIRECTION('',(0.742413208603,0.669942256983,-1.110223024625E-16)
  );
#1868 = ADVANCED_FACE('',(#1869),#1887,.T.);
#1869 = FACE_BOUND('',#1870,.T.);
#1870 = EDGE_LOOP('',(#1871,#1872,#1880,#1886));
#1871 = ORIENTED_EDGE('',*,*,#1833,.T.);
#1872 = ORIENTED_EDGE('',*,*,#1873,.T.);
#1873 = EDGE_CURVE('',#1826,#1874,#1876,.T.);
#1874 = VERTEX_POINT('',#1875);
#1875 = CARTESIAN_POINT('',(41.16051120435,4.830057803468,3.));
#1876 = LINE('',#1877,#1878);
#1877 = CARTESIAN_POINT('',(41.16051120435,0.,3.));
#1878 = VECTOR('',#1879,1.);
#1879 = DIRECTION('',(0.,1.,0.));
#1880 = ORIENTED_EDGE('',*,*,#1881,.F.);
#1881 = EDGE_CURVE('',#385,#1874,#1882,.T.);
#1882 = LINE('',#1883,#1884);
#1883 = CARTESIAN_POINT('',(41.16051120435,4.830057803468,0.));
#1884 = VECTOR('',#1885,1.);
#1885 = DIRECTION('',(0.,0.,1.));
#1886 = ORIENTED_EDGE('',*,*,#384,.F.);
#1887 = PLANE('',#1888);
#1888 = AXIS2_PLACEMENT_3D('',#1889,#1890,#1891);
#1889 = CARTESIAN_POINT('',(41.16051120435,0.,0.));
#1890 = DIRECTION('',(-1.,0.,0.));
#1891 = DIRECTION('',(0.,1.,0.));
#1892 = ADVANCED_FACE('',(#1893),#1920,.T.);
#1893 = FACE_BOUND('',#1894,.T.);
#1894 = EDGE_LOOP('',(#1895,#1903,#1904,#1905,#1906,#1914));
#1895 = ORIENTED_EDGE('',*,*,#1896,.T.);
#1896 = EDGE_CURVE('',#1897,#1851,#1899,.T.);
#1897 = VERTEX_POINT('',#1898);
#1898 = CARTESIAN_POINT('',(26.0000001,5.739000667741,3.));
#1899 = LINE('',#1900,#1901);
#1900 = CARTESIAN_POINT('',(26.0000001,5.739000667741,0.));
#1901 = VECTOR('',#1902,1.);
#1902 = DIRECTION('',(-0.,-0.,-1.));
#1903 = ORIENTED_EDGE('',*,*,#1850,.F.);
#1904 = ORIENTED_EDGE('',*,*,#528,.F.);
#1905 = ORIENTED_EDGE('',*,*,#520,.F.);
#1906 = ORIENTED_EDGE('',*,*,#1907,.T.);
#1907 = EDGE_CURVE('',#513,#1908,#1910,.T.);
#1908 = VERTEX_POINT('',#1909);
#1909 = CARTESIAN_POINT('',(26.0000001,1.467822736031,3.));
#1910 = LINE('',#1911,#1912);
#1911 = CARTESIAN_POINT('',(26.0000001,1.467822736031,0.));
#1912 = VECTOR('',#1913,1.);
#1913 = DIRECTION('',(0.,0.,1.));
#1914 = ORIENTED_EDGE('',*,*,#1915,.T.);
#1915 = EDGE_CURVE('',#1908,#1897,#1916,.T.);
#1916 = LINE('',#1917,#1918);
#1917 = CARTESIAN_POINT('',(26.0000001,1.467822736031,3.));
#1918 = VECTOR('',#1919,1.);
#1919 = DIRECTION('',(0.,1.,0.));
#1920 = PLANE('',#1921);
#1921 = AXIS2_PLACEMENT_3D('',#1922,#1923,#1924);
#1922 = CARTESIAN_POINT('',(26.0000001,1.467822736031,0.));
#1923 = DIRECTION('',(-1.,0.,0.));
#1924 = DIRECTION('',(0.,1.,0.));
#1925 = ADVANCED_FACE('',(#1926),#1944,.T.);
#1926 = FACE_BOUND('',#1927,.T.);
#1927 = EDGE_LOOP('',(#1928,#1929,#1937,#1943));
#1928 = ORIENTED_EDGE('',*,*,#1881,.T.);
#1929 = ORIENTED_EDGE('',*,*,#1930,.T.);
#1930 = EDGE_CURVE('',#1874,#1931,#1933,.T.);
#1931 = VERTEX_POINT('',#1932);
#1932 = CARTESIAN_POINT('',(40.213305038647,1.645472061657,3.));
#1933 = LINE('',#1934,#1935);
#1934 = CARTESIAN_POINT('',(41.16051120435,4.830057803468,3.));
#1935 = VECTOR('',#1936,1.);
#1936 = DIRECTION('',(-0.285091232763,-0.958500385499,0.));
#1937 = ORIENTED_EDGE('',*,*,#1938,.F.);
#1938 = EDGE_CURVE('',#393,#1931,#1939,.T.);
#1939 = LINE('',#1940,#1941);
#1940 = CARTESIAN_POINT('',(40.213305038647,1.645472061657,0.));
#1941 = VECTOR('',#1942,1.);
#1942 = DIRECTION('',(0.,0.,1.));
#1943 = ORIENTED_EDGE('',*,*,#392,.F.);
#1944 = PLANE('',#1945);
#1945 = AXIS2_PLACEMENT_3D('',#1946,#1947,#1948);
#1946 = CARTESIAN_POINT('',(41.16051120435,4.830057803468,0.));
#1947 = DIRECTION('',(0.958500385499,-0.285091232763,0.));
#1948 = DIRECTION('',(-0.285091232763,-0.958500385499,0.));
#1949 = ADVANCED_FACE('',(#1950),#1968,.T.);
#1950 = FACE_BOUND('',#1951,.T.);
#1951 = EDGE_LOOP('',(#1952,#1953,#1961,#1967));
#1952 = ORIENTED_EDGE('',*,*,#1938,.T.);
#1953 = ORIENTED_EDGE('',*,*,#1954,.T.);
#1954 = EDGE_CURVE('',#1931,#1955,#1957,.T.);
#1955 = VERTEX_POINT('',#1956);
#1956 = CARTESIAN_POINT('',(38.792881146547,1.645472061657,3.));
#1957 = LINE('',#1958,#1959);
#1958 = CARTESIAN_POINT('',(40.213305038647,1.645472061657,3.));
#1959 = VECTOR('',#1960,1.);
#1960 = DIRECTION('',(-1.,0.,0.));
#1961 = ORIENTED_EDGE('',*,*,#1962,.F.);
#1962 = EDGE_CURVE('',#401,#1955,#1963,.T.);
#1963 = LINE('',#1964,#1965);
#1964 = CARTESIAN_POINT('',(38.792881146547,1.645472061657,0.));
#1965 = VECTOR('',#1966,1.);
#1966 = DIRECTION('',(0.,0.,1.));
#1967 = ORIENTED_EDGE('',*,*,#400,.F.);
#1968 = PLANE('',#1969);
#1969 = AXIS2_PLACEMENT_3D('',#1970,#1971,#1972);
#1970 = CARTESIAN_POINT('',(40.213305038647,1.645472061657,0.));
#1971 = DIRECTION('',(0.,-1.,0.));
#1972 = DIRECTION('',(-1.,0.,0.));
#1973 = ADVANCED_FACE('',(#1974),#1992,.T.);
#1974 = FACE_BOUND('',#1975,.T.);
#1975 = EDGE_LOOP('',(#1976,#1984,#1990,#1991));
#1976 = ORIENTED_EDGE('',*,*,#1977,.T.);
#1977 = EDGE_CURVE('',#505,#1978,#1980,.T.);
#1978 = VERTEX_POINT('',#1979);
#1979 = CARTESIAN_POINT('',(26.396531891908,0.402312138728,3.));
#1980 = LINE('',#1981,#1982);
#1981 = CARTESIAN_POINT('',(26.396531891908,0.402312138728,0.));
#1982 = VECTOR('',#1983,1.);
#1983 = DIRECTION('',(0.,0.,1.));
#1984 = ORIENTED_EDGE('',*,*,#1985,.T.);
#1985 = EDGE_CURVE('',#1978,#1908,#1986,.T.);
#1986 = B_SPLINE_CURVE_WITH_KNOTS('',2,(#1987,#1988,#1989),
  .UNSPECIFIED.,.F.,.F.,(3,3),(0.,1.),.PIECEWISE_BEZIER_KNOTS.);
#1987 = CARTESIAN_POINT('',(26.396531891908,0.402312138728,3.));
#1988 = CARTESIAN_POINT('',(26.0000001,0.805009633911,3.));
#1989 = CARTESIAN_POINT('',(26.0000001,1.467822736031,3.));
#1990 = ORIENTED_EDGE('',*,*,#1907,.F.);
#1991 = ORIENTED_EDGE('',*,*,#512,.F.);
#1992 = SURFACE_OF_LINEAR_EXTRUSION('',#1993,#1997);
#1993 = B_SPLINE_CURVE_WITH_KNOTS('',2,(#1994,#1995,#1996),
  .UNSPECIFIED.,.F.,.F.,(3,3),(0.,1.),.PIECEWISE_BEZIER_KNOTS.);
#1994 = CARTESIAN_POINT('',(26.396531891908,0.402312138728,0.));
#1995 = CARTESIAN_POINT('',(26.0000001,0.805009633911,0.));
#1996 = CARTESIAN_POINT('',(26.0000001,1.467822736031,0.));
#1997 = VECTOR('',#1998,1.);
#1998 = DIRECTION('',(-0.,-0.,-1.));
#1999 = ADVANCED_FACE('',(#2000),#2018,.T.);
#2000 = FACE_BOUND('',#2001,.T.);
#2001 = EDGE_LOOP('',(#2002,#2003,#2011,#2017));
#2002 = ORIENTED_EDGE('',*,*,#1962,.T.);
#2003 = ORIENTED_EDGE('',*,*,#2004,.T.);
#2004 = EDGE_CURVE('',#1955,#2005,#2007,.T.);
#2005 = VERTEX_POINT('',#2006);
#2006 = CARTESIAN_POINT('',(37.85762103094,4.806165703276,3.));
#2007 = LINE('',#2008,#2009);
#2008 = CARTESIAN_POINT('',(38.792881146547,1.645472061657,3.));
#2009 = VECTOR('',#2010,1.);
#2010 = DIRECTION('',(-0.283742002237,0.958900660218,0.));
#2011 = ORIENTED_EDGE('',*,*,#2012,.F.);
#2012 = EDGE_CURVE('',#409,#2005,#2013,.T.);
#2013 = LINE('',#2014,#2015);
#2014 = CARTESIAN_POINT('',(37.85762103094,4.806165703276,0.));
#2015 = VECTOR('',#2016,1.);
#2016 = DIRECTION('',(0.,0.,1.));
#2017 = ORIENTED_EDGE('',*,*,#408,.F.);
#2018 = PLANE('',#2019);
#2019 = AXIS2_PLACEMENT_3D('',#2020,#2021,#2022);
#2020 = CARTESIAN_POINT('',(38.792881146547,1.645472061657,0.));
#2021 = DIRECTION('',(-0.958900660218,-0.283742002237,0.));
#2022 = DIRECTION('',(-0.283742002237,0.958900660218,0.));
#2023 = ADVANCED_FACE('',(#2024),#2042,.T.);
#2024 = FACE_BOUND('',#2025,.T.);
#2025 = EDGE_LOOP('',(#2026,#2034,#2040,#2041));
#2026 = ORIENTED_EDGE('',*,*,#2027,.T.);
#2027 = EDGE_CURVE('',#497,#2028,#2030,.T.);
#2028 = VERTEX_POINT('',#2029);
#2029 = CARTESIAN_POINT('',(27.740269849518,0.,3.));
#2030 = LINE('',#2031,#2032);
#2031 = CARTESIAN_POINT('',(27.740269849518,0.,0.));
#2032 = VECTOR('',#2033,1.);
#2033 = DIRECTION('',(0.,0.,1.));
#2034 = ORIENTED_EDGE('',*,*,#2035,.T.);
#2035 = EDGE_CURVE('',#2028,#1978,#2036,.T.);
#2036 = B_SPLINE_CURVE_WITH_KNOTS('',2,(#2037,#2038,#2039),
  .UNSPECIFIED.,.F.,.F.,(3,3),(0.,1.),.PIECEWISE_BEZIER_KNOTS.);
#2037 = CARTESIAN_POINT('',(27.740269849518,0.,3.));
#2038 = CARTESIAN_POINT('',(26.793063683815,0.,3.));
#2039 = CARTESIAN_POINT('',(26.396531891908,0.402312138728,3.));
#2040 = ORIENTED_EDGE('',*,*,#1977,.F.);
#2041 = ORIENTED_EDGE('',*,*,#504,.F.);
#2042 = SURFACE_OF_LINEAR_EXTRUSION('',#2043,#2047);
#2043 = B_SPLINE_CURVE_WITH_KNOTS('',2,(#2044,#2045,#2046),
  .UNSPECIFIED.,.F.,.F.,(3,3),(0.,1.),.PIECEWISE_BEZIER_KNOTS.);
#2044 = CARTESIAN_POINT('',(27.740269849518,0.,0.));
#2045 = CARTESIAN_POINT('',(26.793063683815,0.,0.));
#2046 = CARTESIAN_POINT('',(26.396531891908,0.402312138728,0.));
#2047 = VECTOR('',#2048,1.);
#2048 = DIRECTION('',(-0.,-0.,-1.));
#2049 = ADVANCED_FACE('',(#2050),#2068,.T.);
#2050 = FACE_BOUND('',#2051,.T.);
#2051 = EDGE_LOOP('',(#2052,#2053,#2061,#2067));
#2052 = ORIENTED_EDGE('',*,*,#2012,.T.);
#2053 = ORIENTED_EDGE('',*,*,#2054,.T.);
#2054 = EDGE_CURVE('',#2005,#2055,#2057,.T.);
#2055 = VERTEX_POINT('',#2056);
#2056 = CARTESIAN_POINT('',(37.85762103094,0.,3.));
#2057 = LINE('',#2058,#2059);
#2058 = CARTESIAN_POINT('',(37.85762103094,4.806165703276,3.));
#2059 = VECTOR('',#2060,1.);
#2060 = DIRECTION('',(0.,-1.,0.));
#2061 = ORIENTED_EDGE('',*,*,#2062,.F.);
#2062 = EDGE_CURVE('',#417,#2055,#2063,.T.);
#2063 = LINE('',#2064,#2065);
#2064 = CARTESIAN_POINT('',(37.85762103094,0.,0.));
#2065 = VECTOR('',#2066,1.);
#2066 = DIRECTION('',(0.,0.,1.));
#2067 = ORIENTED_EDGE('',*,*,#416,.F.);
#2068 = PLANE('',#2069);
#2069 = AXIS2_PLACEMENT_3D('',#2070,#2071,#2072);
#2070 = CARTESIAN_POINT('',(37.85762103094,4.806165703276,0.));
#2071 = DIRECTION('',(1.,0.,0.));
#2072 = DIRECTION('',(0.,-1.,0.));
#2073 = ADVANCED_FACE('',(#2074),#2092,.T.);
#2074 = FACE_BOUND('',#2075,.T.);
#2075 = EDGE_LOOP('',(#2076,#2084,#2090,#2091));
#2076 = ORIENTED_EDGE('',*,*,#2077,.T.);
#2077 = EDGE_CURVE('',#489,#2078,#2080,.T.);
#2078 = VERTEX_POINT('',#2079);
#2079 = CARTESIAN_POINT('',(29.409634011368,0.,3.));
#2080 = LINE('',#2081,#2082);
#2081 = CARTESIAN_POINT('',(29.409634011368,0.,0.));
#2082 = VECTOR('',#2083,1.);
#2083 = DIRECTION('',(0.,0.,1.));
#2084 = ORIENTED_EDGE('',*,*,#2085,.T.);
#2085 = EDGE_CURVE('',#2078,#2028,#2086,.T.);
#2086 = LINE('',#2087,#2088);
#2087 = CARTESIAN_POINT('',(28.675529965125,0.,3.));
#2088 = VECTOR('',#2089,1.);
#2089 = DIRECTION('',(-1.,0.,0.));
#2090 = ORIENTED_EDGE('',*,*,#2027,.F.);
#2091 = ORIENTED_EDGE('',*,*,#496,.F.);
#2092 = PLANE('',#2093);
#2093 = AXIS2_PLACEMENT_3D('',#2094,#2095,#2096);
#2094 = CARTESIAN_POINT('',(28.574951930443,0.,1.5));
#2095 = DIRECTION('',(-0.,-1.,-0.));
#2096 = DIRECTION('',(0.,0.,-1.));
#2097 = ADVANCED_FACE('',(#2098),#2116,.T.);
#2098 = FACE_BOUND('',#2099,.T.);
#2099 = EDGE_LOOP('',(#2100,#2101,#2109,#2115));
#2100 = ORIENTED_EDGE('',*,*,#2062,.T.);
#2101 = ORIENTED_EDGE('',*,*,#2102,.T.);
#2102 = EDGE_CURVE('',#2055,#2103,#2105,.T.);
#2103 = VERTEX_POINT('',#2104);
#2104 = CARTESIAN_POINT('',(36.010992899919,0.,3.));
#2105 = LINE('',#2106,#2107);
#2106 = CARTESIAN_POINT('',(37.85762103094,0.,3.));
#2107 = VECTOR('',#2108,1.);
#2108 = DIRECTION('',(-1.,0.,0.));
#2109 = ORIENTED_EDGE('',*,*,#2110,.F.);
#2110 = EDGE_CURVE('',#425,#2103,#2111,.T.);
#2111 = LINE('',#2112,#2113);
#2112 = CARTESIAN_POINT('',(36.010992899919,0.,0.));
#2113 = VECTOR('',#2114,1.);
#2114 = DIRECTION('',(0.,0.,1.));
#2115 = ORIENTED_EDGE('',*,*,#424,.F.);
#2116 = PLANE('',#2117);
#2117 = AXIS2_PLACEMENT_3D('',#2118,#2119,#2120);
#2118 = CARTESIAN_POINT('',(37.85762103094,0.,0.));
#2119 = DIRECTION('',(0.,-1.,0.));
#2120 = DIRECTION('',(-1.,0.,0.));
#2121 = ADVANCED_FACE('',(#2122),#2140,.T.);
#2122 = FACE_BOUND('',#2123,.T.);
#2123 = EDGE_LOOP('',(#2124,#2132,#2138,#2139));
#2124 = ORIENTED_EDGE('',*,*,#2125,.T.);
#2125 = EDGE_CURVE('',#481,#2126,#2128,.T.);
#2126 = VERTEX_POINT('',#2127);
#2127 = CARTESIAN_POINT('',(30.752986612524,0.402312138728,3.));
#2128 = LINE('',#2129,#2130);
#2129 = CARTESIAN_POINT('',(30.752986612524,0.402312138728,0.));
#2130 = VECTOR('',#2131,1.);
#2131 = DIRECTION('',(0.,0.,1.));
#2132 = ORIENTED_EDGE('',*,*,#2133,.T.);
#2133 = EDGE_CURVE('',#2126,#2078,#2134,.T.);
#2134 = B_SPLINE_CURVE_WITH_KNOTS('',2,(#2135,#2136,#2137),
  .UNSPECIFIED.,.F.,.F.,(3,3),(0.,1.),.PIECEWISE_BEZIER_KNOTS.);
#2135 = CARTESIAN_POINT('',(30.752986612524,0.402312138728,3.));
#2136 = CARTESIAN_POINT('',(30.356454820617,0.,3.));
#2137 = CARTESIAN_POINT('',(29.409634011368,0.,3.));
#2138 = ORIENTED_EDGE('',*,*,#2077,.F.);
#2139 = ORIENTED_EDGE('',*,*,#488,.F.);
#2140 = SURFACE_OF_LINEAR_EXTRUSION('',#2141,#2145);
#2141 = B_SPLINE_CURVE_WITH_KNOTS('',2,(#2142,#2143,#2144),
  .UNSPECIFIED.,.F.,.F.,(3,3),(0.,1.),.PIECEWISE_BEZIER_KNOTS.);
#2142 = CARTESIAN_POINT('',(30.752986612524,0.402312138728,0.));
#2143 = CARTESIAN_POINT('',(30.356454820617,0.,0.));
#2144 = CARTESIAN_POINT('',(29.409634011368,0.,0.));
#2145 = VECTOR('',#2146,1.);
#2146 = DIRECTION('',(-0.,-0.,-1.));
#2147 = ADVANCED_FACE('',(#2148),#2166,.T.);
#2148 = FACE_BOUND('',#2149,.T.);
#2149 = EDGE_LOOP('',(#2150,#2151,#2159,#2165));
#2150 = ORIENTED_EDGE('',*,*,#2110,.T.);
#2151 = ORIENTED_EDGE('',*,*,#2152,.T.);
#2152 = EDGE_CURVE('',#2103,#2153,#2155,.T.);
#2153 = VERTEX_POINT('',#2154);
#2154 = CARTESIAN_POINT('',(36.010992899919,0.873691904564,3.));
#2155 = LINE('',#2156,#2157);
#2156 = CARTESIAN_POINT('',(36.010992899919,0.,3.));
#2157 = VECTOR('',#2158,1.);
#2158 = DIRECTION('',(0.,1.,0.));
#2159 = ORIENTED_EDGE('',*,*,#2160,.F.);
#2160 = EDGE_CURVE('',#433,#2153,#2161,.T.);
#2161 = LINE('',#2162,#2163);
#2162 = CARTESIAN_POINT('',(36.010992899919,0.873691904564,0.));
#2163 = VECTOR('',#2164,1.);
#2164 = DIRECTION('',(0.,0.,1.));
#2165 = ORIENTED_EDGE('',*,*,#432,.F.);
#2166 = PLANE('',#2167);
#2167 = AXIS2_PLACEMENT_3D('',#2168,#2169,#2170);
#2168 = CARTESIAN_POINT('',(36.010992899919,0.,0.));
#2169 = DIRECTION('',(-1.,0.,0.));
#2170 = DIRECTION('',(0.,1.,0.));
#2171 = ADVANCED_FACE('',(#2172),#2190,.T.);
#2172 = FACE_BOUND('',#2173,.T.);
#2173 = EDGE_LOOP('',(#2174,#2182,#2188,#2189));
#2174 = ORIENTED_EDGE('',*,*,#2175,.T.);
#2175 = EDGE_CURVE('',#473,#2176,#2178,.T.);
#2176 = VERTEX_POINT('',#2177);
#2177 = CARTESIAN_POINT('',(31.01296024603,0.779471022469,3.));
#2178 = LINE('',#2179,#2180);
#2179 = CARTESIAN_POINT('',(31.01296024603,0.779471022469,0.));
#2180 = VECTOR('',#2181,1.);
#2181 = DIRECTION('',(0.,0.,1.));
#2182 = ORIENTED_EDGE('',*,*,#2183,.T.);
#2183 = EDGE_CURVE('',#2176,#2126,#2184,.T.);
#2184 = B_SPLINE_CURVE_WITH_KNOTS('',2,(#2185,#2186,#2187),
  .UNSPECIFIED.,.F.,.F.,(3,3),(0.,1.),.PIECEWISE_BEZIER_KNOTS.);
#2185 = CARTESIAN_POINT('',(31.149518404432,1.467822736031,3.));
#2186 = CARTESIAN_POINT('',(31.149518404432,0.805009633911,3.));
#2187 = CARTESIAN_POINT('',(30.752986612524,0.402312138728,3.));
#2188 = ORIENTED_EDGE('',*,*,#2125,.F.);
#2189 = ORIENTED_EDGE('',*,*,#480,.F.);
#2190 = SURFACE_OF_LINEAR_EXTRUSION('',#2191,#2195);
#2191 = B_SPLINE_CURVE_WITH_KNOTS('',2,(#2192,#2193,#2194),
  .UNSPECIFIED.,.F.,.F.,(3,3),(0.,1.),.PIECEWISE_BEZIER_KNOTS.);
#2192 = CARTESIAN_POINT('',(31.149518404432,1.467822736031,0.));
#2193 = CARTESIAN_POINT('',(31.149518404432,0.805009633911,0.));
#2194 = CARTESIAN_POINT('',(30.752986612524,0.402312138728,0.));
#2195 = VECTOR('',#2196,1.);
#2196 = DIRECTION('',(-0.,-0.,-1.));
#2197 = ADVANCED_FACE('',(#2198),#2216,.T.);
#2198 = FACE_BOUND('',#2199,.T.);
#2199 = EDGE_LOOP('',(#2200,#2201,#2209,#2215));
#2200 = ORIENTED_EDGE('',*,*,#2160,.T.);
#2201 = ORIENTED_EDGE('',*,*,#2202,.T.);
#2202 = EDGE_CURVE('',#2153,#2203,#2205,.T.);
#2203 = VERTEX_POINT('',#2204);
#2204 = CARTESIAN_POINT('',(35.712240237917,0.402312138728,3.));
#2205 = B_SPLINE_CURVE_WITH_KNOTS('',2,(#2206,#2207,#2208),
  .UNSPECIFIED.,.F.,.F.,(3,3),(0.,1.),.PIECEWISE_BEZIER_KNOTS.);
#2206 = CARTESIAN_POINT('',(36.108772029825,1.467822736031,3.));
#2207 = CARTESIAN_POINT('',(36.108772029825,0.805009633911,3.));
#2208 = CARTESIAN_POINT('',(35.712240237917,0.402312138728,3.));
#2209 = ORIENTED_EDGE('',*,*,#2210,.F.);
#2210 = EDGE_CURVE('',#441,#2203,#2211,.T.);
#2211 = LINE('',#2212,#2213);
#2212 = CARTESIAN_POINT('',(35.712240237917,0.402312138728,0.));
#2213 = VECTOR('',#2214,1.);
#2214 = DIRECTION('',(0.,0.,1.));
#2215 = ORIENTED_EDGE('',*,*,#440,.F.);
#2216 = SURFACE_OF_LINEAR_EXTRUSION('',#2217,#2221);
#2217 = B_SPLINE_CURVE_WITH_KNOTS('',2,(#2218,#2219,#2220),
  .UNSPECIFIED.,.F.,.F.,(3,3),(0.,1.),.PIECEWISE_BEZIER_KNOTS.);
#2218 = CARTESIAN_POINT('',(36.108772029825,1.467822736031,0.));
#2219 = CARTESIAN_POINT('',(36.108772029825,0.805009633911,0.));
#2220 = CARTESIAN_POINT('',(35.712240237917,0.402312138728,0.));
#2221 = VECTOR('',#2222,1.);
#2222 = DIRECTION('',(-0.,-0.,-1.));
#2223 = ADVANCED_FACE('',(#2224),#2242,.T.);
#2224 = FACE_BOUND('',#2225,.T.);
#2225 = EDGE_LOOP('',(#2226,#2234,#2240,#2241));
#2226 = ORIENTED_EDGE('',*,*,#2227,.T.);
#2227 = EDGE_CURVE('',#465,#2228,#2230,.T.);
#2228 = VERTEX_POINT('',#2229);
#2229 = CARTESIAN_POINT('',(31.272933879536,0.402312138728,3.));
#2230 = LINE('',#2231,#2232);
#2231 = CARTESIAN_POINT('',(31.272933879536,0.402312138728,0.));
#2232 = VECTOR('',#2233,1.);
#2233 = DIRECTION('',(0.,0.,1.));
#2234 = ORIENTED_EDGE('',*,*,#2235,.T.);
#2235 = EDGE_CURVE('',#2228,#2176,#2236,.T.);
#2236 = B_SPLINE_CURVE_WITH_KNOTS('',2,(#2237,#2238,#2239),
  .UNSPECIFIED.,.F.,.F.,(3,3),(0.,1.),.PIECEWISE_BEZIER_KNOTS.);
#2237 = CARTESIAN_POINT('',(31.272933879536,0.402312138728,3.));
#2238 = CARTESIAN_POINT('',(30.876402087628,0.805009633911,3.));
#2239 = CARTESIAN_POINT('',(30.876402087628,1.467822736031,3.));
#2240 = ORIENTED_EDGE('',*,*,#2175,.F.);
#2241 = ORIENTED_EDGE('',*,*,#472,.F.);
#2242 = SURFACE_OF_LINEAR_EXTRUSION('',#2243,#2247);
#2243 = B_SPLINE_CURVE_WITH_KNOTS('',2,(#2244,#2245,#2246),
  .UNSPECIFIED.,.F.,.F.,(3,3),(0.,1.),.PIECEWISE_BEZIER_KNOTS.);
#2244 = CARTESIAN_POINT('',(31.272933879536,0.402312138728,0.));
#2245 = CARTESIAN_POINT('',(30.876402087628,0.805009633911,0.));
#2246 = CARTESIAN_POINT('',(30.876402087628,1.467822736031,0.));
#2247 = VECTOR('',#2248,1.);
#2248 = DIRECTION('',(-0.,-0.,-1.));
#2249 = ADVANCED_FACE('',(#2250),#2268,.T.);
#2250 = FACE_BOUND('',#2251,.T.);
#2251 = EDGE_LOOP('',(#2252,#2253,#2261,#2267));
#2252 = ORIENTED_EDGE('',*,*,#2210,.T.);
#2253 = ORIENTED_EDGE('',*,*,#2254,.T.);
#2254 = EDGE_CURVE('',#2203,#2255,#2257,.T.);
#2255 = VERTEX_POINT('',#2256);
#2256 = CARTESIAN_POINT('',(34.368502280306,0.,3.));
#2257 = B_SPLINE_CURVE_WITH_KNOTS('',2,(#2258,#2259,#2260),
  .UNSPECIFIED.,.F.,.F.,(3,3),(0.,1.),.PIECEWISE_BEZIER_KNOTS.);
#2258 = CARTESIAN_POINT('',(35.712240237917,0.402312138728,3.));
#2259 = CARTESIAN_POINT('',(35.31570844601,0.,3.));
#2260 = CARTESIAN_POINT('',(34.368502280306,0.,3.));
#2261 = ORIENTED_EDGE('',*,*,#2262,.F.);
#2262 = EDGE_CURVE('',#449,#2255,#2263,.T.);
#2263 = LINE('',#2264,#2265);
#2264 = CARTESIAN_POINT('',(34.368502280306,0.,0.));
#2265 = VECTOR('',#2266,1.);
#2266 = DIRECTION('',(0.,0.,1.));
#2267 = ORIENTED_EDGE('',*,*,#448,.F.);
#2268 = SURFACE_OF_LINEAR_EXTRUSION('',#2269,#2273);
#2269 = B_SPLINE_CURVE_WITH_KNOTS('',2,(#2270,#2271,#2272),
  .UNSPECIFIED.,.F.,.F.,(3,3),(0.,1.),.PIECEWISE_BEZIER_KNOTS.);
#2270 = CARTESIAN_POINT('',(35.712240237917,0.402312138728,0.));
#2271 = CARTESIAN_POINT('',(35.31570844601,0.,0.));
#2272 = CARTESIAN_POINT('',(34.368502280306,0.,0.));
#2273 = VECTOR('',#2274,1.);
#2274 = DIRECTION('',(-0.,-0.,-1.));
#2275 = ADVANCED_FACE('',(#2276),#2294,.T.);
#2276 = FACE_BOUND('',#2277,.T.);
#2277 = EDGE_LOOP('',(#2278,#2286,#2292,#2293));
#2278 = ORIENTED_EDGE('',*,*,#2279,.T.);
#2279 = EDGE_CURVE('',#457,#2280,#2282,.T.);
#2280 = VERTEX_POINT('',#2281);
#2281 = CARTESIAN_POINT('',(32.616286480692,0.,3.));
#2282 = LINE('',#2283,#2284);
#2283 = CARTESIAN_POINT('',(32.616286480692,0.,0.));
#2284 = VECTOR('',#2285,1.);
#2285 = DIRECTION('',(0.,0.,1.));
#2286 = ORIENTED_EDGE('',*,*,#2287,.T.);
#2287 = EDGE_CURVE('',#2280,#2228,#2288,.T.);
#2288 = B_SPLINE_CURVE_WITH_KNOTS('',2,(#2289,#2290,#2291),
  .UNSPECIFIED.,.F.,.F.,(3,3),(0.,1.),.PIECEWISE_BEZIER_KNOTS.);
#2289 = CARTESIAN_POINT('',(32.616286480692,0.,3.));
#2290 = CARTESIAN_POINT('',(31.669465671443,0.,3.));
#2291 = CARTESIAN_POINT('',(31.272933879536,0.402312138728,3.));
#2292 = ORIENTED_EDGE('',*,*,#2227,.F.);
#2293 = ORIENTED_EDGE('',*,*,#464,.F.);
#2294 = SURFACE_OF_LINEAR_EXTRUSION('',#2295,#2299);
#2295 = B_SPLINE_CURVE_WITH_KNOTS('',2,(#2296,#2297,#2298),
  .UNSPECIFIED.,.F.,.F.,(3,3),(0.,1.),.PIECEWISE_BEZIER_KNOTS.);
#2296 = CARTESIAN_POINT('',(32.616286480692,0.,0.));
#2297 = CARTESIAN_POINT('',(31.669465671443,0.,0.));
#2298 = CARTESIAN_POINT('',(31.272933879536,0.402312138728,0.));
#2299 = VECTOR('',#2300,1.);
#2300 = DIRECTION('',(-0.,-0.,-1.));
#2301 = ADVANCED_FACE('',(#2302),#2313,.T.);
#2302 = FACE_BOUND('',#2303,.T.);
#2303 = EDGE_LOOP('',(#2304,#2305,#2311,#2312));
#2304 = ORIENTED_EDGE('',*,*,#2262,.T.);
#2305 = ORIENTED_EDGE('',*,*,#2306,.T.);
#2306 = EDGE_CURVE('',#2255,#2280,#2307,.T.);
#2307 = LINE('',#2308,#2309);
#2308 = CARTESIAN_POINT('',(33.634398234063,0.,3.));
#2309 = VECTOR('',#2310,1.);
#2310 = DIRECTION('',(-1.,0.,0.));
#2311 = ORIENTED_EDGE('',*,*,#2279,.F.);
#2312 = ORIENTED_EDGE('',*,*,#456,.F.);
#2313 = PLANE('',#2314);
#2314 = AXIS2_PLACEMENT_3D('',#2315,#2316,#2317);
#2315 = CARTESIAN_POINT('',(33.492394380499,0.,1.5));
#2316 = DIRECTION('',(-0.,-1.,-0.));
#2317 = DIRECTION('',(0.,0.,-1.));
#2318 = ADVANCED_FACE('',(#2319),#2344,.T.);
#2319 = FACE_BOUND('',#2320,.T.);
#2320 = EDGE_LOOP('',(#2321,#2329,#2337,#2343));
#2321 = ORIENTED_EDGE('',*,*,#2322,.T.);
#2322 = EDGE_CURVE('',#630,#2323,#2325,.T.);
#2323 = VERTEX_POINT('',#2324);
#2324 = CARTESIAN_POINT('',(30.876402087628,4.758766859345,3.));
#2325 = LINE('',#2326,#2327);
#2326 = CARTESIAN_POINT('',(30.876402087628,4.758766859345,0.));
#2327 = VECTOR('',#2328,1.);
#2328 = DIRECTION('',(0.,0.,1.));
#2329 = ORIENTED_EDGE('',*,*,#2330,.T.);
#2330 = EDGE_CURVE('',#2323,#2331,#2333,.T.);
#2331 = VERTEX_POINT('',#2332);
#2332 = CARTESIAN_POINT('',(29.077842103854,4.758766859345,3.));
#2333 = LINE('',#2334,#2335);
#2334 = CARTESIAN_POINT('',(31.149518404432,4.758766859345,3.));
#2335 = VECTOR('',#2336,1.);
#2336 = DIRECTION('',(-1.,0.,0.));
#2337 = ORIENTED_EDGE('',*,*,#2338,.F.);
#2338 = EDGE_CURVE('',#632,#2331,#2339,.T.);
#2339 = LINE('',#2340,#2341);
#2340 = CARTESIAN_POINT('',(29.077842103854,4.758766859345,0.));
#2341 = VECTOR('',#2342,1.);
#2342 = DIRECTION('',(0.,0.,1.));
#2343 = ORIENTED_EDGE('',*,*,#629,.F.);
#2344 = PLANE('',#2345);
#2345 = AXIS2_PLACEMENT_3D('',#2346,#2347,#2348);
#2346 = CARTESIAN_POINT('',(30.876402087628,4.758766859345,0.));
#2347 = DIRECTION('',(0.,-1.,0.));
#2348 = DIRECTION('',(-1.,0.,0.));
#2349 = ADVANCED_FACE('',(#2350),#2368,.T.);
#2350 = FACE_BOUND('',#2351,.T.);
#2351 = EDGE_LOOP('',(#2352,#2353,#2361,#2367));
#2352 = ORIENTED_EDGE('',*,*,#2338,.T.);
#2353 = ORIENTED_EDGE('',*,*,#2354,.T.);
#2354 = EDGE_CURVE('',#2331,#2355,#2357,.T.);
#2355 = VERTEX_POINT('',#2356);
#2356 = CARTESIAN_POINT('',(29.077842103854,5.978420038536,3.));
#2357 = LINE('',#2358,#2359);
#2358 = CARTESIAN_POINT('',(29.077842103854,4.758766859345,3.));
#2359 = VECTOR('',#2360,1.);
#2360 = DIRECTION('',(0.,1.,0.));
#2361 = ORIENTED_EDGE('',*,*,#2362,.F.);
#2362 = EDGE_CURVE('',#640,#2355,#2363,.T.);
#2363 = LINE('',#2364,#2365);
#2364 = CARTESIAN_POINT('',(29.077842103854,5.978420038536,0.));
#2365 = VECTOR('',#2366,1.);
#2366 = DIRECTION('',(0.,0.,1.));
#2367 = ORIENTED_EDGE('',*,*,#639,.F.);
#2368 = PLANE('',#2369);
#2369 = AXIS2_PLACEMENT_3D('',#2370,#2371,#2372);
#2370 = CARTESIAN_POINT('',(29.077842103854,4.758766859345,0.));
#2371 = DIRECTION('',(-1.,0.,0.));
#2372 = DIRECTION('',(0.,1.,0.));
#2373 = ADVANCED_FACE('',(#2374),#2392,.T.);
#2374 = FACE_BOUND('',#2375,.T.);
#2375 = EDGE_LOOP('',(#2376,#2377,#2385,#2391));
#2376 = ORIENTED_EDGE('',*,*,#2362,.T.);
#2377 = ORIENTED_EDGE('',*,*,#2378,.T.);
#2378 = EDGE_CURVE('',#2355,#2379,#2381,.T.);
#2379 = VERTEX_POINT('',#2380);
#2380 = CARTESIAN_POINT('',(29.006936516185,6.173410404624,3.));
#2381 = B_SPLINE_CURVE_WITH_KNOTS('',2,(#2382,#2383,#2384),
  .UNSPECIFIED.,.F.,.F.,(3,3),(0.,1.),.PIECEWISE_BEZIER_KNOTS.);
#2382 = CARTESIAN_POINT('',(29.077842103854,5.978420038536,3.));
#2383 = CARTESIAN_POINT('',(29.077842103854,6.108670520231,3.));
#2384 = CARTESIAN_POINT('',(29.006936516185,6.173410404624,3.));
#2385 = ORIENTED_EDGE('',*,*,#2386,.F.);
#2386 = EDGE_CURVE('',#648,#2379,#2387,.T.);
#2387 = LINE('',#2388,#2389);
#2388 = CARTESIAN_POINT('',(29.006936516185,6.173410404624,0.));
#2389 = VECTOR('',#2390,1.);
#2390 = DIRECTION('',(0.,0.,1.));
#2391 = ORIENTED_EDGE('',*,*,#647,.F.);
#2392 = SURFACE_OF_LINEAR_EXTRUSION('',#2393,#2397);
#2393 = B_SPLINE_CURVE_WITH_KNOTS('',2,(#2394,#2395,#2396),
  .UNSPECIFIED.,.F.,.F.,(3,3),(0.,1.),.PIECEWISE_BEZIER_KNOTS.);
#2394 = CARTESIAN_POINT('',(29.077842103854,5.978420038536,0.));
#2395 = CARTESIAN_POINT('',(29.077842103854,6.108670520231,0.));
#2396 = CARTESIAN_POINT('',(29.006936516185,6.173410404624,0.));
#2397 = VECTOR('',#2398,1.);
#2398 = DIRECTION('',(-0.,-0.,-1.));
#2399 = ADVANCED_FACE('',(#2400),#2418,.T.);
#2400 = FACE_BOUND('',#2401,.T.);
#2401 = EDGE_LOOP('',(#2402,#2403,#2411,#2417));
#2402 = ORIENTED_EDGE('',*,*,#2386,.T.);
#2403 = ORIENTED_EDGE('',*,*,#2404,.T.);
#2404 = EDGE_CURVE('',#2379,#2405,#2407,.T.);
#2405 = VERTEX_POINT('',#2406);
#2406 = CARTESIAN_POINT('',(28.781888346628,6.238535645472,3.));
#2407 = B_SPLINE_CURVE_WITH_KNOTS('',2,(#2408,#2409,#2410),
  .UNSPECIFIED.,.F.,.F.,(3,3),(0.,1.),.PIECEWISE_BEZIER_KNOTS.);
#2408 = CARTESIAN_POINT('',(29.006936516185,6.173410404624,3.));
#2409 = CARTESIAN_POINT('',(28.936030928516,6.238535645472,3.));
#2410 = CARTESIAN_POINT('',(28.781888346628,6.238535645472,3.));
#2411 = ORIENTED_EDGE('',*,*,#2412,.F.);
#2412 = EDGE_CURVE('',#656,#2405,#2413,.T.);
#2413 = LINE('',#2414,#2415);
#2414 = CARTESIAN_POINT('',(28.781888346628,6.238535645472,0.));
#2415 = VECTOR('',#2416,1.);
#2416 = DIRECTION('',(0.,0.,1.));
#2417 = ORIENTED_EDGE('',*,*,#655,.F.);
#2418 = SURFACE_OF_LINEAR_EXTRUSION('',#2419,#2423);
#2419 = B_SPLINE_CURVE_WITH_KNOTS('',2,(#2420,#2421,#2422),
  .UNSPECIFIED.,.F.,.F.,(3,3),(0.,1.),.PIECEWISE_BEZIER_KNOTS.);
#2420 = CARTESIAN_POINT('',(29.006936516185,6.173410404624,0.));
#2421 = CARTESIAN_POINT('',(28.936030928516,6.238535645472,0.));
#2422 = CARTESIAN_POINT('',(28.781888346628,6.238535645472,0.));
#2423 = VECTOR('',#2424,1.);
#2424 = DIRECTION('',(-0.,-0.,-1.));
#2425 = ADVANCED_FACE('',(#2426),#2444,.T.);
#2426 = FACE_BOUND('',#2427,.T.);
#2427 = EDGE_LOOP('',(#2428,#2429,#2437,#2443));
#2428 = ORIENTED_EDGE('',*,*,#2412,.T.);
#2429 = ORIENTED_EDGE('',*,*,#2430,.T.);
#2430 = EDGE_CURVE('',#2405,#2431,#2433,.T.);
#2431 = VERTEX_POINT('',#2432);
#2432 = CARTESIAN_POINT('',(28.367630157803,6.238535645472,3.));
#2433 = LINE('',#2434,#2435);
#2434 = CARTESIAN_POINT('',(28.675529965125,6.238535645472,3.));
#2435 = VECTOR('',#2436,1.);
#2436 = DIRECTION('',(-1.,0.,0.));
#2437 = ORIENTED_EDGE('',*,*,#2438,.F.);
#2438 = EDGE_CURVE('',#664,#2431,#2439,.T.);
#2439 = LINE('',#2440,#2441);
#2440 = CARTESIAN_POINT('',(28.367630157803,6.238535645472,0.));
#2441 = VECTOR('',#2442,1.);
#2442 = DIRECTION('',(0.,0.,1.));
#2443 = ORIENTED_EDGE('',*,*,#663,.F.);
#2444 = PLANE('',#2445);
#2445 = AXIS2_PLACEMENT_3D('',#2446,#2447,#2448);
#2446 = CARTESIAN_POINT('',(28.574759252216,6.238535645472,1.5));
#2447 = DIRECTION('',(-0.,-1.,-0.));
#2448 = DIRECTION('',(0.,0.,-1.));
#2449 = ADVANCED_FACE('',(#2450),#2468,.T.);
#2450 = FACE_BOUND('',#2451,.T.);
#2451 = EDGE_LOOP('',(#2452,#2453,#2461,#2467));
#2452 = ORIENTED_EDGE('',*,*,#2438,.T.);
#2453 = ORIENTED_EDGE('',*,*,#2454,.T.);
#2454 = EDGE_CURVE('',#2431,#2455,#2457,.T.);
#2455 = VERTEX_POINT('',#2456);
#2456 = CARTESIAN_POINT('',(28.142581988247,6.173410404624,3.));
#2457 = B_SPLINE_CURVE_WITH_KNOTS('',2,(#2458,#2459,#2460),
  .UNSPECIFIED.,.F.,.F.,(3,3),(0.,1.),.PIECEWISE_BEZIER_KNOTS.);
#2458 = CARTESIAN_POINT('',(28.367630157803,6.238535645472,3.));
#2459 = CARTESIAN_POINT('',(28.21387293237,6.238535645472,3.));
#2460 = CARTESIAN_POINT('',(28.142581988247,6.173410404624,3.));
#2461 = ORIENTED_EDGE('',*,*,#2462,.F.);
#2462 = EDGE_CURVE('',#672,#2455,#2463,.T.);
#2463 = LINE('',#2464,#2465);
#2464 = CARTESIAN_POINT('',(28.142581988247,6.173410404624,0.));
#2465 = VECTOR('',#2466,1.);
#2466 = DIRECTION('',(0.,0.,1.));
#2467 = ORIENTED_EDGE('',*,*,#671,.F.);
#2468 = SURFACE_OF_LINEAR_EXTRUSION('',#2469,#2473);
#2469 = B_SPLINE_CURVE_WITH_KNOTS('',2,(#2470,#2471,#2472),
  .UNSPECIFIED.,.F.,.F.,(3,3),(0.,1.),.PIECEWISE_BEZIER_KNOTS.);
#2470 = CARTESIAN_POINT('',(28.367630157803,6.238535645472,0.));
#2471 = CARTESIAN_POINT('',(28.21387293237,6.238535645472,0.));
#2472 = CARTESIAN_POINT('',(28.142581988247,6.173410404624,0.));
#2473 = VECTOR('',#2474,1.);
#2474 = DIRECTION('',(-0.,-0.,-1.));
#2475 = ADVANCED_FACE('',(#2476),#2494,.T.);
#2476 = FACE_BOUND('',#2477,.T.);
#2477 = EDGE_LOOP('',(#2478,#2479,#2487,#2493));
#2478 = ORIENTED_EDGE('',*,*,#2462,.T.);
#2479 = ORIENTED_EDGE('',*,*,#2480,.T.);
#2480 = EDGE_CURVE('',#2455,#2481,#2483,.T.);
#2481 = VERTEX_POINT('',#2482);
#2482 = CARTESIAN_POINT('',(28.071676400578,5.978420038536,3.));
#2483 = B_SPLINE_CURVE_WITH_KNOTS('',2,(#2484,#2485,#2486),
  .UNSPECIFIED.,.F.,.F.,(3,3),(0.,1.),.PIECEWISE_BEZIER_KNOTS.);
#2484 = CARTESIAN_POINT('',(28.142581988247,6.173410404624,3.));
#2485 = CARTESIAN_POINT('',(28.071676400578,6.108670520231,3.));
#2486 = CARTESIAN_POINT('',(28.071676400578,5.978420038536,3.));
#2487 = ORIENTED_EDGE('',*,*,#2488,.F.);
#2488 = EDGE_CURVE('',#680,#2481,#2489,.T.);
#2489 = LINE('',#2490,#2491);
#2490 = CARTESIAN_POINT('',(28.071676400578,5.978420038536,0.));
#2491 = VECTOR('',#2492,1.);
#2492 = DIRECTION('',(0.,0.,1.));
#2493 = ORIENTED_EDGE('',*,*,#679,.F.);
#2494 = SURFACE_OF_LINEAR_EXTRUSION('',#2495,#2499);
#2495 = B_SPLINE_CURVE_WITH_KNOTS('',2,(#2496,#2497,#2498),
  .UNSPECIFIED.,.F.,.F.,(3,3),(0.,1.),.PIECEWISE_BEZIER_KNOTS.);
#2496 = CARTESIAN_POINT('',(28.142581988247,6.173410404624,0.));
#2497 = CARTESIAN_POINT('',(28.071676400578,6.108670520231,0.));
#2498 = CARTESIAN_POINT('',(28.071676400578,5.978420038536,0.));
#2499 = VECTOR('',#2500,1.);
#2500 = DIRECTION('',(-0.,-0.,-1.));
#2501 = ADVANCED_FACE('',(#2502),#2520,.T.);
#2502 = FACE_BOUND('',#2503,.T.);
#2503 = EDGE_LOOP('',(#2504,#2505,#2513,#2519));
#2504 = ORIENTED_EDGE('',*,*,#2488,.T.);
#2505 = ORIENTED_EDGE('',*,*,#2506,.T.);
#2506 = EDGE_CURVE('',#2481,#2507,#2509,.T.);
#2507 = VERTEX_POINT('',#2508);
#2508 = CARTESIAN_POINT('',(28.071676400578,1.621965317919,3.));
#2509 = LINE('',#2510,#2511);
#2510 = CARTESIAN_POINT('',(28.071676400578,5.978420038536,3.));
#2511 = VECTOR('',#2512,1.);
#2512 = DIRECTION('',(0.,-1.,0.));
#2513 = ORIENTED_EDGE('',*,*,#2514,.F.);
#2514 = EDGE_CURVE('',#688,#2507,#2515,.T.);
#2515 = LINE('',#2516,#2517);
#2516 = CARTESIAN_POINT('',(28.071676400578,1.621965317919,0.));
#2517 = VECTOR('',#2518,1.);
#2518 = DIRECTION('',(0.,0.,1.));
#2519 = ORIENTED_EDGE('',*,*,#687,.F.);
#2520 = PLANE('',#2521);
#2521 = AXIS2_PLACEMENT_3D('',#2522,#2523,#2524);
#2522 = CARTESIAN_POINT('',(28.071676400578,5.978420038536,0.));
#2523 = DIRECTION('',(1.,0.,0.));
#2524 = DIRECTION('',(0.,-1.,0.));
#2525 = ADVANCED_FACE('',(#2526),#2544,.T.);
#2526 = FACE_BOUND('',#2527,.T.);
#2527 = EDGE_LOOP('',(#2528,#2529,#2537,#2543));
#2528 = ORIENTED_EDGE('',*,*,#2514,.T.);
#2529 = ORIENTED_EDGE('',*,*,#2530,.T.);
#2530 = EDGE_CURVE('',#2507,#2531,#2533,.T.);
#2531 = VERTEX_POINT('',#2532);
#2532 = CARTESIAN_POINT('',(28.142581988247,1.426589595376,3.));
#2533 = B_SPLINE_CURVE_WITH_KNOTS('',2,(#2534,#2535,#2536),
  .UNSPECIFIED.,.F.,.F.,(3,3),(0.,1.),.PIECEWISE_BEZIER_KNOTS.);
#2534 = CARTESIAN_POINT('',(28.071676400578,1.621965317919,3.));
#2535 = CARTESIAN_POINT('',(28.071676400578,1.491714836224,3.));
#2536 = CARTESIAN_POINT('',(28.142581988247,1.426589595376,3.));
#2537 = ORIENTED_EDGE('',*,*,#2538,.F.);
#2538 = EDGE_CURVE('',#696,#2531,#2539,.T.);
#2539 = LINE('',#2540,#2541);
#2540 = CARTESIAN_POINT('',(28.142581988247,1.426589595376,0.));
#2541 = VECTOR('',#2542,1.);
#2542 = DIRECTION('',(0.,0.,1.));
#2543 = ORIENTED_EDGE('',*,*,#695,.F.);
#2544 = SURFACE_OF_LINEAR_EXTRUSION('',#2545,#2549);
#2545 = B_SPLINE_CURVE_WITH_KNOTS('',2,(#2546,#2547,#2548),
  .UNSPECIFIED.,.F.,.F.,(3,3),(0.,1.),.PIECEWISE_BEZIER_KNOTS.);
#2546 = CARTESIAN_POINT('',(28.071676400578,1.621965317919,0.));
#2547 = CARTESIAN_POINT('',(28.071676400578,1.491714836224,0.));
#2548 = CARTESIAN_POINT('',(28.142581988247,1.426589595376,0.));
#2549 = VECTOR('',#2550,1.);
#2550 = DIRECTION('',(-0.,-0.,-1.));
#2551 = ADVANCED_FACE('',(#2552),#2570,.T.);
#2552 = FACE_BOUND('',#2553,.T.);
#2553 = EDGE_LOOP('',(#2554,#2555,#2563,#2569));
#2554 = ORIENTED_EDGE('',*,*,#2538,.T.);
#2555 = ORIENTED_EDGE('',*,*,#2556,.T.);
#2556 = EDGE_CURVE('',#2531,#2557,#2559,.T.);
#2557 = VERTEX_POINT('',#2558);
#2558 = CARTESIAN_POINT('',(28.367630157803,1.361464354528,3.));
#2559 = B_SPLINE_CURVE_WITH_KNOTS('',2,(#2560,#2561,#2562),
  .UNSPECIFIED.,.F.,.F.,(3,3),(0.,1.),.PIECEWISE_BEZIER_KNOTS.);
#2560 = CARTESIAN_POINT('',(28.142581988247,1.426589595376,3.));
#2561 = CARTESIAN_POINT('',(28.21387293237,1.361464354528,3.));
#2562 = CARTESIAN_POINT('',(28.367630157803,1.361464354528,3.));
#2563 = ORIENTED_EDGE('',*,*,#2564,.F.);
#2564 = EDGE_CURVE('',#704,#2557,#2565,.T.);
#2565 = LINE('',#2566,#2567);
#2566 = CARTESIAN_POINT('',(28.367630157803,1.361464354528,0.));
#2567 = VECTOR('',#2568,1.);
#2568 = DIRECTION('',(0.,0.,1.));
#2569 = ORIENTED_EDGE('',*,*,#703,.F.);
#2570 = SURFACE_OF_LINEAR_EXTRUSION('',#2571,#2575);
#2571 = B_SPLINE_CURVE_WITH_KNOTS('',2,(#2572,#2573,#2574),
  .UNSPECIFIED.,.F.,.F.,(3,3),(0.,1.),.PIECEWISE_BEZIER_KNOTS.);
#2572 = CARTESIAN_POINT('',(28.142581988247,1.426589595376,0.));
#2573 = CARTESIAN_POINT('',(28.21387293237,1.361464354528,0.));
#2574 = CARTESIAN_POINT('',(28.367630157803,1.361464354528,0.));
#2575 = VECTOR('',#2576,1.);
#2576 = DIRECTION('',(-0.,-0.,-1.));
#2577 = ADVANCED_FACE('',(#2578),#2596,.T.);
#2578 = FACE_BOUND('',#2579,.T.);
#2579 = EDGE_LOOP('',(#2580,#2581,#2589,#2595));
#2580 = ORIENTED_EDGE('',*,*,#2564,.T.);
#2581 = ORIENTED_EDGE('',*,*,#2582,.T.);
#2582 = EDGE_CURVE('',#2557,#2583,#2585,.T.);
#2583 = VERTEX_POINT('',#2584);
#2584 = CARTESIAN_POINT('',(28.781888346628,1.361464354528,3.));
#2585 = LINE('',#2586,#2587);
#2586 = CARTESIAN_POINT('',(28.474373895761,1.361464354528,3.));
#2587 = VECTOR('',#2588,1.);
#2588 = DIRECTION('',(1.,0.,0.));
#2589 = ORIENTED_EDGE('',*,*,#2590,.F.);
#2590 = EDGE_CURVE('',#712,#2583,#2591,.T.);
#2591 = LINE('',#2592,#2593);
#2592 = CARTESIAN_POINT('',(28.781888346628,1.361464354528,0.));
#2593 = VECTOR('',#2594,1.);
#2594 = DIRECTION('',(0.,0.,1.));
#2595 = ORIENTED_EDGE('',*,*,#711,.F.);
#2596 = PLANE('',#2597);
#2597 = AXIS2_PLACEMENT_3D('',#2598,#2599,#2600);
#2598 = CARTESIAN_POINT('',(28.574759252216,1.361464354528,1.5));
#2599 = DIRECTION('',(0.,1.,0.));
#2600 = DIRECTION('',(0.,0.,1.));
#2601 = ADVANCED_FACE('',(#2602),#2620,.T.);
#2602 = FACE_BOUND('',#2603,.T.);
#2603 = EDGE_LOOP('',(#2604,#2605,#2613,#2619));
#2604 = ORIENTED_EDGE('',*,*,#2590,.T.);
#2605 = ORIENTED_EDGE('',*,*,#2606,.T.);
#2606 = EDGE_CURVE('',#2583,#2607,#2609,.T.);
#2607 = VERTEX_POINT('',#2608);
#2608 = CARTESIAN_POINT('',(29.006936516185,1.426589595376,3.));
#2609 = B_SPLINE_CURVE_WITH_KNOTS('',2,(#2610,#2611,#2612),
  .UNSPECIFIED.,.F.,.F.,(3,3),(0.,1.),.PIECEWISE_BEZIER_KNOTS.);
#2610 = CARTESIAN_POINT('',(28.781888346628,1.361464354528,3.));
#2611 = CARTESIAN_POINT('',(28.936030928516,1.361464354528,3.));
#2612 = CARTESIAN_POINT('',(29.006936516185,1.426589595376,3.));
#2613 = ORIENTED_EDGE('',*,*,#2614,.F.);
#2614 = EDGE_CURVE('',#720,#2607,#2615,.T.);
#2615 = LINE('',#2616,#2617);
#2616 = CARTESIAN_POINT('',(29.006936516185,1.426589595376,0.));
#2617 = VECTOR('',#2618,1.);
#2618 = DIRECTION('',(0.,0.,1.));
#2619 = ORIENTED_EDGE('',*,*,#719,.F.);
#2620 = SURFACE_OF_LINEAR_EXTRUSION('',#2621,#2625);
#2621 = B_SPLINE_CURVE_WITH_KNOTS('',2,(#2622,#2623,#2624),
  .UNSPECIFIED.,.F.,.F.,(3,3),(0.,1.),.PIECEWISE_BEZIER_KNOTS.);
#2622 = CARTESIAN_POINT('',(28.781888346628,1.361464354528,0.));
#2623 = CARTESIAN_POINT('',(28.936030928516,1.361464354528,0.));
#2624 = CARTESIAN_POINT('',(29.006936516185,1.426589595376,0.));
#2625 = VECTOR('',#2626,1.);
#2626 = DIRECTION('',(-0.,-0.,-1.));
#2627 = ADVANCED_FACE('',(#2628),#2646,.T.);
#2628 = FACE_BOUND('',#2629,.T.);
#2629 = EDGE_LOOP('',(#2630,#2631,#2639,#2645));
#2630 = ORIENTED_EDGE('',*,*,#2614,.T.);
#2631 = ORIENTED_EDGE('',*,*,#2632,.T.);
#2632 = EDGE_CURVE('',#2607,#2633,#2635,.T.);
#2633 = VERTEX_POINT('',#2634);
#2634 = CARTESIAN_POINT('',(29.077842103854,1.621965317919,3.));
#2635 = B_SPLINE_CURVE_WITH_KNOTS('',2,(#2636,#2637,#2638),
  .UNSPECIFIED.,.F.,.F.,(3,3),(0.,1.),.PIECEWISE_BEZIER_KNOTS.);
#2636 = CARTESIAN_POINT('',(29.006936516185,1.426589595376,3.));
#2637 = CARTESIAN_POINT('',(29.077842103854,1.491714836224,3.));
#2638 = CARTESIAN_POINT('',(29.077842103854,1.621965317919,3.));
#2639 = ORIENTED_EDGE('',*,*,#2640,.F.);
#2640 = EDGE_CURVE('',#728,#2633,#2641,.T.);
#2641 = LINE('',#2642,#2643);
#2642 = CARTESIAN_POINT('',(29.077842103854,1.621965317919,0.));
#2643 = VECTOR('',#2644,1.);
#2644 = DIRECTION('',(0.,0.,1.));
#2645 = ORIENTED_EDGE('',*,*,#727,.F.);
#2646 = SURFACE_OF_LINEAR_EXTRUSION('',#2647,#2651);
#2647 = B_SPLINE_CURVE_WITH_KNOTS('',2,(#2648,#2649,#2650),
  .UNSPECIFIED.,.F.,.F.,(3,3),(0.,1.),.PIECEWISE_BEZIER_KNOTS.);
#2648 = CARTESIAN_POINT('',(29.006936516185,1.426589595376,0.));
#2649 = CARTESIAN_POINT('',(29.077842103854,1.491714836224,0.));
#2650 = CARTESIAN_POINT('',(29.077842103854,1.621965317919,0.));
#2651 = VECTOR('',#2652,1.);
#2652 = DIRECTION('',(-0.,-0.,-1.));
#2653 = ADVANCED_FACE('',(#2654),#2672,.T.);
#2654 = FACE_BOUND('',#2655,.T.);
#2655 = EDGE_LOOP('',(#2656,#2657,#2665,#2671));
#2656 = ORIENTED_EDGE('',*,*,#2640,.T.);
#2657 = ORIENTED_EDGE('',*,*,#2658,.T.);
#2658 = EDGE_CURVE('',#2633,#2659,#2661,.T.);
#2659 = VERTEX_POINT('',#2660);
#2660 = CARTESIAN_POINT('',(29.077842103854,2.793834296724,3.));
#2661 = LINE('',#2662,#2663);
#2662 = CARTESIAN_POINT('',(29.077842103854,1.621965317919,3.));
#2663 = VECTOR('',#2664,1.);
#2664 = DIRECTION('',(0.,1.,0.));
#2665 = ORIENTED_EDGE('',*,*,#2666,.F.);
#2666 = EDGE_CURVE('',#736,#2659,#2667,.T.);
#2667 = LINE('',#2668,#2669);
#2668 = CARTESIAN_POINT('',(29.077842103854,2.793834296724,0.));
#2669 = VECTOR('',#2670,1.);
#2670 = DIRECTION('',(0.,0.,1.));
#2671 = ORIENTED_EDGE('',*,*,#735,.F.);
#2672 = PLANE('',#2673);
#2673 = AXIS2_PLACEMENT_3D('',#2674,#2675,#2676);
#2674 = CARTESIAN_POINT('',(29.077842103854,1.621965317919,0.));
#2675 = DIRECTION('',(-1.,0.,0.));
#2676 = DIRECTION('',(0.,1.,0.));
#2677 = ADVANCED_FACE('',(#2678),#2696,.T.);
#2678 = FACE_BOUND('',#2679,.T.);
#2679 = EDGE_LOOP('',(#2680,#2681,#2689,#2695));
#2680 = ORIENTED_EDGE('',*,*,#2666,.T.);
#2681 = ORIENTED_EDGE('',*,*,#2682,.T.);
#2682 = EDGE_CURVE('',#2659,#2683,#2685,.T.);
#2683 = VERTEX_POINT('',#2684);
#2684 = CARTESIAN_POINT('',(30.876402087628,2.793834296724,3.));
#2685 = LINE('',#2686,#2687);
#2686 = CARTESIAN_POINT('',(29.077842103854,2.793834296724,3.));
#2687 = VECTOR('',#2688,1.);
#2688 = DIRECTION('',(1.,0.,0.));
#2689 = ORIENTED_EDGE('',*,*,#2690,.F.);
#2690 = EDGE_CURVE('',#744,#2683,#2691,.T.);
#2691 = LINE('',#2692,#2693);
#2692 = CARTESIAN_POINT('',(30.876402087628,2.793834296724,0.));
#2693 = VECTOR('',#2694,1.);
#2694 = DIRECTION('',(0.,0.,1.));
#2695 = ORIENTED_EDGE('',*,*,#743,.F.);
#2696 = PLANE('',#2697);
#2697 = AXIS2_PLACEMENT_3D('',#2698,#2699,#2700);
#2698 = CARTESIAN_POINT('',(29.077842103854,2.793834296724,0.));
#2699 = DIRECTION('',(0.,1.,0.));
#2700 = DIRECTION('',(1.,0.,0.));
#2701 = ADVANCED_FACE('',(#2702),#2713,.T.);
#2702 = FACE_BOUND('',#2703,.T.);
#2703 = EDGE_LOOP('',(#2704,#2705,#2711,#2712));
#2704 = ORIENTED_EDGE('',*,*,#2690,.T.);
#2705 = ORIENTED_EDGE('',*,*,#2706,.T.);
#2706 = EDGE_CURVE('',#2683,#2323,#2707,.T.);
#2707 = LINE('',#2708,#2709);
#2708 = CARTESIAN_POINT('',(30.876402087628,4.427360308285,3.));
#2709 = VECTOR('',#2710,1.);
#2710 = DIRECTION('',(0.,1.,0.));
#2711 = ORIENTED_EDGE('',*,*,#2322,.F.);
#2712 = ORIENTED_EDGE('',*,*,#751,.F.);
#2713 = PLANE('',#2714);
#2714 = AXIS2_PLACEMENT_3D('',#2715,#2716,#2717);
#2715 = CARTESIAN_POINT('',(30.876402087628,3.776300578035,1.5));
#2716 = DIRECTION('',(-1.,-0.,-0.));
#2717 = DIRECTION('',(0.,0.,-1.));
#2718 = ADVANCED_FACE('',(#2719),#2744,.T.);
#2719 = FACE_BOUND('',#2720,.T.);
#2720 = EDGE_LOOP('',(#2721,#2729,#2737,#2743));
#2721 = ORIENTED_EDGE('',*,*,#2722,.T.);
#2722 = EDGE_CURVE('',#760,#2723,#2725,.T.);
#2723 = VERTEX_POINT('',#2724);
#2724 = CARTESIAN_POINT('',(32.948078388206,5.859730250482,3.));
#2725 = LINE('',#2726,#2727);
#2726 = CARTESIAN_POINT('',(32.948078388206,5.859730250482,0.));
#2727 = VECTOR('',#2728,1.);
#2728 = DIRECTION('',(0.,0.,1.));
#2729 = ORIENTED_EDGE('',*,*,#2730,.T.);
#2730 = EDGE_CURVE('',#2723,#2731,#2733,.T.);
#2731 = VERTEX_POINT('',#2732);
#2732 = CARTESIAN_POINT('',(32.948078388206,1.740269749518,3.));
#2733 = LINE('',#2734,#2735);
#2734 = CARTESIAN_POINT('',(32.948078388206,4.581502890173,3.));
#2735 = VECTOR('',#2736,1.);
#2736 = DIRECTION('',(0.,-1.,0.));
#2737 = ORIENTED_EDGE('',*,*,#2738,.F.);
#2738 = EDGE_CURVE('',#762,#2731,#2739,.T.);
#2739 = LINE('',#2740,#2741);
#2740 = CARTESIAN_POINT('',(32.948078388206,1.740269749518,0.));
#2741 = VECTOR('',#2742,1.);
#2742 = DIRECTION('',(0.,0.,1.));
#2743 = ORIENTED_EDGE('',*,*,#759,.F.);
#2744 = PLANE('',#2745);
#2745 = AXIS2_PLACEMENT_3D('',#2746,#2747,#2748);
#2746 = CARTESIAN_POINT('',(32.948078388206,3.8,1.5));
#2747 = DIRECTION('',(1.,0.,0.));
#2748 = DIRECTION('',(0.,0.,1.));
#2749 = ADVANCED_FACE('',(#2750),#2768,.T.);
#2750 = FACE_BOUND('',#2751,.T.);
#2751 = EDGE_LOOP('',(#2752,#2753,#2761,#2767));
#2752 = ORIENTED_EDGE('',*,*,#2738,.T.);
#2753 = ORIENTED_EDGE('',*,*,#2754,.T.);
#2754 = EDGE_CURVE('',#2731,#2755,#2757,.T.);
#2755 = VERTEX_POINT('',#2756);
#2756 = CARTESIAN_POINT('',(33.018983975875,1.544894026975,3.));
#2757 = B_SPLINE_CURVE_WITH_KNOTS('',2,(#2758,#2759,#2760),
  .UNSPECIFIED.,.F.,.F.,(3,3),(0.,1.),.PIECEWISE_BEZIER_KNOTS.);
#2758 = CARTESIAN_POINT('',(32.948078388206,1.740269749518,3.));
#2759 = CARTESIAN_POINT('',(32.948078388206,1.610019267823,3.));
#2760 = CARTESIAN_POINT('',(33.018983975875,1.544894026975,3.));
#2761 = ORIENTED_EDGE('',*,*,#2762,.F.);
#2762 = EDGE_CURVE('',#770,#2755,#2763,.T.);
#2763 = LINE('',#2764,#2765);
#2764 = CARTESIAN_POINT('',(33.018983975875,1.544894026975,0.));
#2765 = VECTOR('',#2766,1.);
#2766 = DIRECTION('',(0.,0.,1.));
#2767 = ORIENTED_EDGE('',*,*,#769,.F.);
#2768 = SURFACE_OF_LINEAR_EXTRUSION('',#2769,#2773);
#2769 = B_SPLINE_CURVE_WITH_KNOTS('',2,(#2770,#2771,#2772),
  .UNSPECIFIED.,.F.,.F.,(3,3),(0.,1.),.PIECEWISE_BEZIER_KNOTS.);
#2770 = CARTESIAN_POINT('',(32.948078388206,1.740269749518,0.));
#2771 = CARTESIAN_POINT('',(32.948078388206,1.610019267823,0.));
#2772 = CARTESIAN_POINT('',(33.018983975875,1.544894026975,0.));
#2773 = VECTOR('',#2774,1.);
#2774 = DIRECTION('',(-0.,-0.,-1.));
#2775 = ADVANCED_FACE('',(#2776),#2794,.T.);
#2776 = FACE_BOUND('',#2777,.T.);
#2777 = EDGE_LOOP('',(#2778,#2779,#2787,#2793));
#2778 = ORIENTED_EDGE('',*,*,#2762,.T.);
#2779 = ORIENTED_EDGE('',*,*,#2780,.T.);
#2780 = EDGE_CURVE('',#2755,#2781,#2783,.T.);
#2781 = VERTEX_POINT('',#2782);
#2782 = CARTESIAN_POINT('',(33.244032145431,1.479768786127,3.));
#2783 = B_SPLINE_CURVE_WITH_KNOTS('',2,(#2784,#2785,#2786),
  .UNSPECIFIED.,.F.,.F.,(3,3),(0.,1.),.PIECEWISE_BEZIER_KNOTS.);
#2784 = CARTESIAN_POINT('',(33.018983975875,1.544894026975,3.));
#2785 = CARTESIAN_POINT('',(33.089889563543,1.479768786127,3.));
#2786 = CARTESIAN_POINT('',(33.244032145431,1.479768786127,3.));
#2787 = ORIENTED_EDGE('',*,*,#2788,.F.);
#2788 = EDGE_CURVE('',#778,#2781,#2789,.T.);
#2789 = LINE('',#2790,#2791);
#2790 = CARTESIAN_POINT('',(33.244032145431,1.479768786127,0.));
#2791 = VECTOR('',#2792,1.);
#2792 = DIRECTION('',(0.,0.,1.));
#2793 = ORIENTED_EDGE('',*,*,#777,.F.);
#2794 = SURFACE_OF_LINEAR_EXTRUSION('',#2795,#2799);
#2795 = B_SPLINE_CURVE_WITH_KNOTS('',2,(#2796,#2797,#2798),
  .UNSPECIFIED.,.F.,.F.,(3,3),(0.,1.),.PIECEWISE_BEZIER_KNOTS.);
#2796 = CARTESIAN_POINT('',(33.018983975875,1.544894026975,0.));
#2797 = CARTESIAN_POINT('',(33.089889563543,1.479768786127,0.));
#2798 = CARTESIAN_POINT('',(33.244032145431,1.479768786127,0.));
#2799 = VECTOR('',#2800,1.);
#2800 = DIRECTION('',(-0.,-0.,-1.));
#2801 = ADVANCED_FACE('',(#2802),#2820,.T.);
#2802 = FACE_BOUND('',#2803,.T.);
#2803 = EDGE_LOOP('',(#2804,#2805,#2813,#2819));
#2804 = ORIENTED_EDGE('',*,*,#2788,.T.);
#2805 = ORIENTED_EDGE('',*,*,#2806,.T.);
#2806 = EDGE_CURVE('',#2781,#2807,#2809,.T.);
#2807 = VERTEX_POINT('',#2808);
#2808 = CARTESIAN_POINT('',(33.741141972021,1.479768786127,3.));
#2809 = LINE('',#2810,#2811);
#2810 = CARTESIAN_POINT('',(33.350390526934,1.479768786127,3.));
#2811 = VECTOR('',#2812,1.);
#2812 = DIRECTION('',(1.,0.,0.));
#2813 = ORIENTED_EDGE('',*,*,#2814,.F.);
#2814 = EDGE_CURVE('',#786,#2807,#2815,.T.);
#2815 = LINE('',#2816,#2817);
#2816 = CARTESIAN_POINT('',(33.741141972021,1.479768786127,0.));
#2817 = VECTOR('',#2818,1.);
#2818 = DIRECTION('',(0.,0.,1.));
#2819 = ORIENTED_EDGE('',*,*,#785,.F.);
#2820 = PLANE('',#2821);
#2821 = AXIS2_PLACEMENT_3D('',#2822,#2823,#2824);
#2822 = CARTESIAN_POINT('',(33.492587058726,1.479768786127,1.5));
#2823 = DIRECTION('',(0.,1.,0.));
#2824 = DIRECTION('',(0.,0.,1.));
#2825 = ADVANCED_FACE('',(#2826),#2844,.T.);
#2826 = FACE_BOUND('',#2827,.T.);
#2827 = EDGE_LOOP('',(#2828,#2829,#2837,#2843));
#2828 = ORIENTED_EDGE('',*,*,#2814,.T.);
#2829 = ORIENTED_EDGE('',*,*,#2830,.T.);
#2830 = EDGE_CURVE('',#2807,#2831,#2833,.T.);
#2831 = VERTEX_POINT('',#2832);
#2832 = CARTESIAN_POINT('',(33.965804785123,1.544894026975,3.));
#2833 = B_SPLINE_CURVE_WITH_KNOTS('',2,(#2834,#2835,#2836),
  .UNSPECIFIED.,.F.,.F.,(3,3),(0.,1.),.PIECEWISE_BEZIER_KNOTS.);
#2834 = CARTESIAN_POINT('',(33.741141972021,1.479768786127,3.));
#2835 = CARTESIAN_POINT('',(33.894899197455,1.479768786127,3.));
#2836 = CARTESIAN_POINT('',(33.965804785123,1.544894026975,3.));
#2837 = ORIENTED_EDGE('',*,*,#2838,.F.);
#2838 = EDGE_CURVE('',#794,#2831,#2839,.T.);
#2839 = LINE('',#2840,#2841);
#2840 = CARTESIAN_POINT('',(33.965804785123,1.544894026975,0.));
#2841 = VECTOR('',#2842,1.);
#2842 = DIRECTION('',(0.,0.,1.));
#2843 = ORIENTED_EDGE('',*,*,#793,.F.);
#2844 = SURFACE_OF_LINEAR_EXTRUSION('',#2845,#2849);
#2845 = B_SPLINE_CURVE_WITH_KNOTS('',2,(#2846,#2847,#2848),
  .UNSPECIFIED.,.F.,.F.,(3,3),(0.,1.),.PIECEWISE_BEZIER_KNOTS.);
#2846 = CARTESIAN_POINT('',(33.741141972021,1.479768786127,0.));
#2847 = CARTESIAN_POINT('',(33.894899197455,1.479768786127,0.));
#2848 = CARTESIAN_POINT('',(33.965804785123,1.544894026975,0.));
#2849 = VECTOR('',#2850,1.);
#2850 = DIRECTION('',(-0.,-0.,-1.));
#2851 = ADVANCED_FACE('',(#2852),#2870,.T.);
#2852 = FACE_BOUND('',#2853,.T.);
#2853 = EDGE_LOOP('',(#2854,#2855,#2863,#2869));
#2854 = ORIENTED_EDGE('',*,*,#2838,.T.);
#2855 = ORIENTED_EDGE('',*,*,#2856,.T.);
#2856 = EDGE_CURVE('',#2831,#2857,#2859,.T.);
#2857 = VERTEX_POINT('',#2858);
#2858 = CARTESIAN_POINT('',(34.037095729247,1.740269749518,3.));
#2859 = B_SPLINE_CURVE_WITH_KNOTS('',2,(#2860,#2861,#2862),
  .UNSPECIFIED.,.F.,.F.,(3,3),(0.,1.),.PIECEWISE_BEZIER_KNOTS.);
#2860 = CARTESIAN_POINT('',(33.965804785123,1.544894026975,3.));
#2861 = CARTESIAN_POINT('',(34.037095729247,1.610019267823,3.));
#2862 = CARTESIAN_POINT('',(34.037095729247,1.740269749518,3.));
#2863 = ORIENTED_EDGE('',*,*,#2864,.F.);
#2864 = EDGE_CURVE('',#802,#2857,#2865,.T.);
#2865 = LINE('',#2866,#2867);
#2866 = CARTESIAN_POINT('',(34.037095729247,1.740269749518,0.));
#2867 = VECTOR('',#2868,1.);
#2868 = DIRECTION('',(0.,0.,1.));
#2869 = ORIENTED_EDGE('',*,*,#801,.F.);
#2870 = SURFACE_OF_LINEAR_EXTRUSION('',#2871,#2875);
#2871 = B_SPLINE_CURVE_WITH_KNOTS('',2,(#2872,#2873,#2874),
  .UNSPECIFIED.,.F.,.F.,(3,3),(0.,1.),.PIECEWISE_BEZIER_KNOTS.);
#2872 = CARTESIAN_POINT('',(33.965804785123,1.544894026975,0.));
#2873 = CARTESIAN_POINT('',(34.037095729247,1.610019267823,0.));
#2874 = CARTESIAN_POINT('',(34.037095729247,1.740269749518,0.));
#2875 = VECTOR('',#2876,1.);
#2876 = DIRECTION('',(-0.,-0.,-1.));
#2877 = ADVANCED_FACE('',(#2878),#2896,.T.);
#2878 = FACE_BOUND('',#2879,.T.);
#2879 = EDGE_LOOP('',(#2880,#2881,#2889,#2895));
#2880 = ORIENTED_EDGE('',*,*,#2864,.T.);
#2881 = ORIENTED_EDGE('',*,*,#2882,.T.);
#2882 = EDGE_CURVE('',#2857,#2883,#2885,.T.);
#2883 = VERTEX_POINT('',#2884);
#2884 = CARTESIAN_POINT('',(34.037095729247,5.859730250482,3.));
#2885 = LINE('',#2886,#2887);
#2886 = CARTESIAN_POINT('',(34.037095729247,4.427360308285,3.));
#2887 = VECTOR('',#2888,1.);
#2888 = DIRECTION('',(0.,1.,0.));
#2889 = ORIENTED_EDGE('',*,*,#2890,.F.);
#2890 = EDGE_CURVE('',#810,#2883,#2891,.T.);
#2891 = LINE('',#2892,#2893);
#2892 = CARTESIAN_POINT('',(34.037095729247,5.859730250482,0.));
#2893 = VECTOR('',#2894,1.);
#2894 = DIRECTION('',(0.,0.,1.));
#2895 = ORIENTED_EDGE('',*,*,#809,.F.);
#2896 = PLANE('',#2897);
#2897 = AXIS2_PLACEMENT_3D('',#2898,#2899,#2900);
#2898 = CARTESIAN_POINT('',(34.037095729247,3.8,1.5));
#2899 = DIRECTION('',(-1.,-0.,-0.));
#2900 = DIRECTION('',(0.,0.,-1.));
#2901 = ADVANCED_FACE('',(#2902),#2920,.T.);
#2902 = FACE_BOUND('',#2903,.T.);
#2903 = EDGE_LOOP('',(#2904,#2905,#2913,#2919));
#2904 = ORIENTED_EDGE('',*,*,#2890,.T.);
#2905 = ORIENTED_EDGE('',*,*,#2906,.T.);
#2906 = EDGE_CURVE('',#2883,#2907,#2909,.T.);
#2907 = VERTEX_POINT('',#2908);
#2908 = CARTESIAN_POINT('',(33.965804785123,6.055105973025,3.));
#2909 = B_SPLINE_CURVE_WITH_KNOTS('',2,(#2910,#2911,#2912),
  .UNSPECIFIED.,.F.,.F.,(3,3),(0.,1.),.PIECEWISE_BEZIER_KNOTS.);
#2910 = CARTESIAN_POINT('',(34.037095729247,5.859730250482,3.));
#2911 = CARTESIAN_POINT('',(34.037095729247,5.989980732177,3.));
#2912 = CARTESIAN_POINT('',(33.965804785123,6.055105973025,3.));
#2913 = ORIENTED_EDGE('',*,*,#2914,.F.);
#2914 = EDGE_CURVE('',#818,#2907,#2915,.T.);
#2915 = LINE('',#2916,#2917);
#2916 = CARTESIAN_POINT('',(33.965804785123,6.055105973025,0.));
#2917 = VECTOR('',#2918,1.);
#2918 = DIRECTION('',(0.,0.,1.));
#2919 = ORIENTED_EDGE('',*,*,#817,.F.);
#2920 = SURFACE_OF_LINEAR_EXTRUSION('',#2921,#2925);
#2921 = B_SPLINE_CURVE_WITH_KNOTS('',2,(#2922,#2923,#2924),
  .UNSPECIFIED.,.F.,.F.,(3,3),(0.,1.),.PIECEWISE_BEZIER_KNOTS.);
#2922 = CARTESIAN_POINT('',(34.037095729247,5.859730250482,0.));
#2923 = CARTESIAN_POINT('',(34.037095729247,5.989980732177,0.));
#2924 = CARTESIAN_POINT('',(33.965804785123,6.055105973025,0.));
#2925 = VECTOR('',#2926,1.);
#2926 = DIRECTION('',(-0.,-0.,-1.));
#2927 = ADVANCED_FACE('',(#2928),#2946,.T.);
#2928 = FACE_BOUND('',#2929,.T.);
#2929 = EDGE_LOOP('',(#2930,#2931,#2939,#2945));
#2930 = ORIENTED_EDGE('',*,*,#2914,.T.);
#2931 = ORIENTED_EDGE('',*,*,#2932,.T.);
#2932 = EDGE_CURVE('',#2907,#2933,#2935,.T.);
#2933 = VERTEX_POINT('',#2934);
#2934 = CARTESIAN_POINT('',(33.741141972021,6.120231213873,3.));
#2935 = B_SPLINE_CURVE_WITH_KNOTS('',2,(#2936,#2937,#2938),
  .UNSPECIFIED.,.F.,.F.,(3,3),(0.,1.),.PIECEWISE_BEZIER_KNOTS.);
#2936 = CARTESIAN_POINT('',(33.965804785123,6.055105973025,3.));
#2937 = CARTESIAN_POINT('',(33.894899197455,6.120231213873,3.));
#2938 = CARTESIAN_POINT('',(33.741141972021,6.120231213873,3.));
#2939 = ORIENTED_EDGE('',*,*,#2940,.F.);
#2940 = EDGE_CURVE('',#826,#2933,#2941,.T.);
#2941 = LINE('',#2942,#2943);
#2942 = CARTESIAN_POINT('',(33.741141972021,6.120231213873,0.));
#2943 = VECTOR('',#2944,1.);
#2944 = DIRECTION('',(0.,0.,1.));
#2945 = ORIENTED_EDGE('',*,*,#825,.F.);
#2946 = SURFACE_OF_LINEAR_EXTRUSION('',#2947,#2951);
#2947 = B_SPLINE_CURVE_WITH_KNOTS('',2,(#2948,#2949,#2950),
  .UNSPECIFIED.,.F.,.F.,(3,3),(0.,1.),.PIECEWISE_BEZIER_KNOTS.);
#2948 = CARTESIAN_POINT('',(33.965804785123,6.055105973025,0.));
#2949 = CARTESIAN_POINT('',(33.894899197455,6.120231213873,0.));
#2950 = CARTESIAN_POINT('',(33.741141972021,6.120231213873,0.));
#2951 = VECTOR('',#2952,1.);
#2952 = DIRECTION('',(-0.,-0.,-1.));
#2953 = ADVANCED_FACE('',(#2954),#2972,.T.);
#2954 = FACE_BOUND('',#2955,.T.);
#2955 = EDGE_LOOP('',(#2956,#2957,#2965,#2971));
#2956 = ORIENTED_EDGE('',*,*,#2940,.T.);
#2957 = ORIENTED_EDGE('',*,*,#2958,.T.);
#2958 = EDGE_CURVE('',#2933,#2959,#2961,.T.);
#2959 = VERTEX_POINT('',#2960);
#2960 = CARTESIAN_POINT('',(33.244032145431,6.120231213873,3.));
#2961 = LINE('',#2962,#2963);
#2962 = CARTESIAN_POINT('',(33.634398234063,6.120231213873,3.));
#2963 = VECTOR('',#2964,1.);
#2964 = DIRECTION('',(-1.,0.,0.));
#2965 = ORIENTED_EDGE('',*,*,#2966,.F.);
#2966 = EDGE_CURVE('',#834,#2959,#2967,.T.);
#2967 = LINE('',#2968,#2969);
#2968 = CARTESIAN_POINT('',(33.244032145431,6.120231213873,0.));
#2969 = VECTOR('',#2970,1.);
#2970 = DIRECTION('',(0.,0.,1.));
#2971 = ORIENTED_EDGE('',*,*,#833,.F.);
#2972 = PLANE('',#2973);
#2973 = AXIS2_PLACEMENT_3D('',#2974,#2975,#2976);
#2974 = CARTESIAN_POINT('',(33.492587058726,6.120231213873,1.5));
#2975 = DIRECTION('',(-0.,-1.,-0.));
#2976 = DIRECTION('',(0.,0.,-1.));
#2977 = ADVANCED_FACE('',(#2978),#2996,.T.);
#2978 = FACE_BOUND('',#2979,.T.);
#2979 = EDGE_LOOP('',(#2980,#2981,#2989,#2995));
#2980 = ORIENTED_EDGE('',*,*,#2966,.T.);
#2981 = ORIENTED_EDGE('',*,*,#2982,.T.);
#2982 = EDGE_CURVE('',#2959,#2983,#2985,.T.);
#2983 = VERTEX_POINT('',#2984);
#2984 = CARTESIAN_POINT('',(33.018983975875,6.055105973025,3.));
#2985 = B_SPLINE_CURVE_WITH_KNOTS('',2,(#2986,#2987,#2988),
  .UNSPECIFIED.,.F.,.F.,(3,3),(0.,1.),.PIECEWISE_BEZIER_KNOTS.);
#2986 = CARTESIAN_POINT('',(33.244032145431,6.120231213873,3.));
#2987 = CARTESIAN_POINT('',(33.089889563543,6.120231213873,3.));
#2988 = CARTESIAN_POINT('',(33.018983975875,6.055105973025,3.));
#2989 = ORIENTED_EDGE('',*,*,#2990,.F.);
#2990 = EDGE_CURVE('',#842,#2983,#2991,.T.);
#2991 = LINE('',#2992,#2993);
#2992 = CARTESIAN_POINT('',(33.018983975875,6.055105973025,0.));
#2993 = VECTOR('',#2994,1.);
#2994 = DIRECTION('',(0.,0.,1.));
#2995 = ORIENTED_EDGE('',*,*,#841,.F.);
#2996 = SURFACE_OF_LINEAR_EXTRUSION('',#2997,#3001);
#2997 = B_SPLINE_CURVE_WITH_KNOTS('',2,(#2998,#2999,#3000),
  .UNSPECIFIED.,.F.,.F.,(3,3),(0.,1.),.PIECEWISE_BEZIER_KNOTS.);
#2998 = CARTESIAN_POINT('',(33.244032145431,6.120231213873,0.));
#2999 = CARTESIAN_POINT('',(33.089889563543,6.120231213873,0.));
#3000 = CARTESIAN_POINT('',(33.018983975875,6.055105973025,0.));
#3001 = VECTOR('',#3002,1.);
#3002 = DIRECTION('',(-0.,-0.,-1.));
#3003 = ADVANCED_FACE('',(#3004),#3015,.T.);
#3004 = FACE_BOUND('',#3005,.T.);
#3005 = EDGE_LOOP('',(#3006,#3007,#3013,#3014));
#3006 = ORIENTED_EDGE('',*,*,#2990,.T.);
#3007 = ORIENTED_EDGE('',*,*,#3008,.T.);
#3008 = EDGE_CURVE('',#2983,#2723,#3009,.T.);
#3009 = B_SPLINE_CURVE_WITH_KNOTS('',2,(#3010,#3011,#3012),
  .UNSPECIFIED.,.F.,.F.,(3,3),(0.,1.),.PIECEWISE_BEZIER_KNOTS.);
#3010 = CARTESIAN_POINT('',(33.018983975875,6.055105973025,3.));
#3011 = CARTESIAN_POINT('',(32.948078388206,5.989980732177,3.));
#3012 = CARTESIAN_POINT('',(32.948078388206,5.859730250482,3.));
#3013 = ORIENTED_EDGE('',*,*,#2722,.F.);
#3014 = ORIENTED_EDGE('',*,*,#849,.F.);
#3015 = SURFACE_OF_LINEAR_EXTRUSION('',#3016,#3020);
#3016 = B_SPLINE_CURVE_WITH_KNOTS('',2,(#3017,#3018,#3019),
  .UNSPECIFIED.,.F.,.F.,(3,3),(0.,1.),.PIECEWISE_BEZIER_KNOTS.);
#3017 = CARTESIAN_POINT('',(33.018983975875,6.055105973025,0.));
#3018 = CARTESIAN_POINT('',(32.948078388206,5.989980732177,0.));
#3019 = CARTESIAN_POINT('',(32.948078388206,5.859730250482,0.));
#3020 = VECTOR('',#3021,1.);
#3021 = DIRECTION('',(-0.,-0.,-1.));
#3022 = ADVANCED_FACE('',(#3023),#3057,.T.);
#3023 = FACE_BOUND('',#3024,.T.);
#3024 = EDGE_LOOP('',(#3025,#3035,#3041,#3042,#3043,#3051));
#3025 = ORIENTED_EDGE('',*,*,#3026,.T.);
#3026 = EDGE_CURVE('',#3027,#3029,#3031,.T.);
#3027 = VERTEX_POINT('',#3028);
#3028 = CARTESIAN_POINT('',(50.793862325868,7.6,3.));
#3029 = VERTEX_POINT('',#3030);
#3030 = CARTESIAN_POINT('',(50.793862325868,7.6,0.4));
#3031 = LINE('',#3032,#3033);
#3032 = CARTESIAN_POINT('',(50.793862325868,7.6,0.75));
#3033 = VECTOR('',#3034,1.);
#3034 = DIRECTION('',(0.,0.,-1.));
#3035 = ORIENTED_EDGE('',*,*,#3036,.F.);
#3036 = EDGE_CURVE('',#860,#3029,#3037,.T.);
#3037 = LINE('',#3038,#3039);
#3038 = CARTESIAN_POINT('',(49.43727371765,7.6,1.693856187029));
#3039 = VECTOR('',#3040,1.);
#3040 = DIRECTION('',(-0.723640371455,0.,0.690177232891));
#3041 = ORIENTED_EDGE('',*,*,#857,.F.);
#3042 = ORIENTED_EDGE('',*,*,#996,.F.);
#3043 = ORIENTED_EDGE('',*,*,#3044,.T.);
#3044 = EDGE_CURVE('',#989,#3045,#3047,.T.);
#3045 = VERTEX_POINT('',#3046);
#3046 = CARTESIAN_POINT('',(40.734306965429,7.6,3.));
#3047 = LINE('',#3048,#3049);
#3048 = CARTESIAN_POINT('',(40.734306965429,7.6,0.));
#3049 = VECTOR('',#3050,1.);
#3050 = DIRECTION('',(0.,0.,1.));
#3051 = ORIENTED_EDGE('',*,*,#3052,.T.);
#3052 = EDGE_CURVE('',#3045,#3027,#3053,.T.);
#3053 = LINE('',#3054,#3055);
#3054 = CARTESIAN_POINT('',(46.830848898296,7.6,3.));
#3055 = VECTOR('',#3056,1.);
#3056 = DIRECTION('',(1.,0.,0.));
#3057 = PLANE('',#3058);
#3058 = AXIS2_PLACEMENT_3D('',#3059,#3060,#3061);
#3059 = CARTESIAN_POINT('',(46.280265793135,7.6,1.5));
#3060 = DIRECTION('',(0.,1.,0.));
#3061 = DIRECTION('',(0.,0.,1.));
#3062 = ADVANCED_FACE('',(#3063),#3081,.T.);
#3063 = FACE_BOUND('',#3064,.F.);
#3064 = EDGE_LOOP('',(#3065,#3066,#3067,#3075));
#3065 = ORIENTED_EDGE('',*,*,#3036,.F.);
#3066 = ORIENTED_EDGE('',*,*,#867,.T.);
#3067 = ORIENTED_EDGE('',*,*,#3068,.T.);
#3068 = EDGE_CURVE('',#868,#3069,#3071,.T.);
#3069 = VERTEX_POINT('',#3070);
#3070 = CARTESIAN_POINT('',(46.696528291886,20.601156069364,0.4));
#3071 = LINE('',#3072,#3073);
#3072 = CARTESIAN_POINT('',(46.887279736973,20.661271676301,0.2));
#3073 = VECTOR('',#3074,1.);
#3074 = DIRECTION('',(-0.67440820171,-0.212540766599,0.707106781187));
#3075 = ORIENTED_EDGE('',*,*,#3076,.F.);
#3076 = EDGE_CURVE('',#3029,#3069,#3077,.T.);
#3077 = LINE('',#3078,#3079);
#3078 = CARTESIAN_POINT('',(50.793862325868,7.6,0.4));
#3079 = VECTOR('',#3080,1.);
#3080 = DIRECTION('',(-0.300578034682,0.953757225434,0.));
#3081 = PLANE('',#3082);
#3082 = AXIS2_PLACEMENT_3D('',#3083,#3084,#3085);
#3083 = CARTESIAN_POINT('',(50.984613770954,7.660115606936,0.2));
#3084 = DIRECTION('',(-0.67440820171,-0.212540766599,-0.707106781187));
#3085 = DIRECTION('',(0.300578034682,-0.953757225434,2.775557561563E-17)
  );
#3086 = ADVANCED_FACE('',(#3087),#3105,.T.);
#3087 = FACE_BOUND('',#3088,.T.);
#3088 = EDGE_LOOP('',(#3089,#3097,#3103,#3104));
#3089 = ORIENTED_EDGE('',*,*,#3090,.T.);
#3090 = EDGE_CURVE('',#981,#3091,#3093,.T.);
#3091 = VERTEX_POINT('',#3092);
#3092 = CARTESIAN_POINT('',(39.503093092597,3.539499036609,3.));
#3093 = LINE('',#3094,#3095);
#3094 = CARTESIAN_POINT('',(39.503093092597,3.539499036609,0.));
#3095 = VECTOR('',#3096,1.);
#3096 = DIRECTION('',(0.,0.,1.));
#3097 = ORIENTED_EDGE('',*,*,#3098,.T.);
#3098 = EDGE_CURVE('',#3091,#3045,#3099,.T.);
#3099 = LINE('',#3100,#3101);
#3100 = CARTESIAN_POINT('',(39.503093092597,3.539499036609,3.));
#3101 = VECTOR('',#3102,1.);
#3102 = DIRECTION('',(0.290171234427,0.956974740895,0.));
#3103 = ORIENTED_EDGE('',*,*,#3044,.F.);
#3104 = ORIENTED_EDGE('',*,*,#988,.F.);
#3105 = PLANE('',#3106);
#3106 = AXIS2_PLACEMENT_3D('',#3107,#3108,#3109);
#3107 = CARTESIAN_POINT('',(39.503093092597,3.539499036609,0.));
#3108 = DIRECTION('',(-0.956974740895,0.290171234427,0.));
#3109 = DIRECTION('',(0.290171234427,0.956974740895,0.));
#3110 = ADVANCED_FACE('',(#3111),#3130,.F.);
#3111 = FACE_BOUND('',#3112,.F.);
#3112 = EDGE_LOOP('',(#3113,#3114,#3115,#3123));
#3113 = ORIENTED_EDGE('',*,*,#3068,.F.);
#3114 = ORIENTED_EDGE('',*,*,#875,.T.);
#3115 = ORIENTED_EDGE('',*,*,#3116,.T.);
#3116 = EDGE_CURVE('',#876,#3117,#3119,.T.);
#3117 = VERTEX_POINT('',#3118);
#3118 = CARTESIAN_POINT('',(43.449129327053,21.484826417206,0.4));
#3119 = LINE('',#3120,#3121);
#3120 = CARTESIAN_POINT('',(43.449129327053,21.484826417206,0.4));
#3121 = VECTOR('',#3122,1.);
#3122 = DIRECTION('',(0.473720712916,-0.524965414246,0.707106781187));
#3123 = ORIENTED_EDGE('',*,*,#3124,.F.);
#3124 = EDGE_CURVE('',#3069,#3117,#3125,.T.);
#3125 = CIRCLE('',#3126,2.);
#3126 = AXIS2_PLACEMENT_3D('',#3127,#3128,#3129);
#3127 = CARTESIAN_POINT('',(44.789013841019,20.,0.4));
#3128 = DIRECTION('',(0.,-0.,1.));
#3129 = DIRECTION('',(0.953757225434,0.300578034682,0.));
#3130 = CONICAL_SURFACE('',#3131,2.,0.785398163397);
#3131 = AXIS2_PLACEMENT_3D('',#3132,#3133,#3134);
#3132 = CARTESIAN_POINT('',(44.789013841019,20.,0.4));
#3133 = DIRECTION('',(-0.,-0.,-1.));
#3134 = DIRECTION('',(0.953757225434,0.300578034682,-0.));
#3135 = ADVANCED_FACE('',(#3136),#3154,.T.);
#3136 = FACE_BOUND('',#3137,.T.);
#3137 = EDGE_LOOP('',(#3138,#3146,#3152,#3153));
#3138 = ORIENTED_EDGE('',*,*,#3139,.T.);
#3139 = EDGE_CURVE('',#973,#3140,#3142,.T.);
#3140 = VERTEX_POINT('',#3141);
#3141 = CARTESIAN_POINT('',(38.271879219765,7.6,3.));
#3142 = LINE('',#3143,#3144);
#3143 = CARTESIAN_POINT('',(38.271879219765,7.6,0.));
#3144 = VECTOR('',#3145,1.);
#3145 = DIRECTION('',(0.,0.,1.));
#3146 = ORIENTED_EDGE('',*,*,#3147,.T.);
#3147 = EDGE_CURVE('',#3140,#3091,#3148,.T.);
#3148 = LINE('',#3149,#3150);
#3149 = CARTESIAN_POINT('',(38.271879219765,7.6,3.));
#3150 = VECTOR('',#3151,1.);
#3151 = DIRECTION('',(0.290171234427,-0.956974740895,0.));
#3152 = ORIENTED_EDGE('',*,*,#3090,.F.);
#3153 = ORIENTED_EDGE('',*,*,#980,.F.);
#3154 = PLANE('',#3155);
#3155 = AXIS2_PLACEMENT_3D('',#3156,#3157,#3158);
#3156 = CARTESIAN_POINT('',(38.271879219765,7.6,0.));
#3157 = DIRECTION('',(0.956974740895,0.290171234427,0.));
#3158 = DIRECTION('',(0.290171234427,-0.956974740895,0.));
#3159 = ADVANCED_FACE('',(#3160),#3178,.T.);
#3160 = FACE_BOUND('',#3161,.F.);
#3161 = EDGE_LOOP('',(#3162,#3163,#3164,#3172));
#3162 = ORIENTED_EDGE('',*,*,#3116,.F.);
#3163 = ORIENTED_EDGE('',*,*,#884,.T.);
#3164 = ORIENTED_EDGE('',*,*,#3165,.T.);
#3165 = EDGE_CURVE('',#885,#3166,#3168,.T.);
#3166 = VERTEX_POINT('',#3167);
#3167 = CARTESIAN_POINT('',(28.062312890496,7.6,0.4));
#3168 = LINE('',#3169,#3170);
#3169 = CARTESIAN_POINT('',(33.711180717219,7.6,4.184415261235));
#3170 = VECTOR('',#3171,1.);
#3171 = DIRECTION('',(0.830792160718,0.,0.556582775236));
#3172 = ORIENTED_EDGE('',*,*,#3173,.F.);
#3173 = EDGE_CURVE('',#3117,#3166,#3174,.T.);
#3174 = LINE('',#3175,#3176);
#3175 = CARTESIAN_POINT('',(43.449129327053,21.484826417206,0.4));
#3176 = VECTOR('',#3177,1.);
#3177 = DIRECTION('',(-0.742413208603,-0.669942256983,0.));
#3178 = PLANE('',#3179);
#3179 = AXIS2_PLACEMENT_3D('',#3180,#3181,#3182);
#3180 = CARTESIAN_POINT('',(43.315140875656,21.633309058927,0.2));
#3181 = DIRECTION('',(0.473720712916,-0.524965414246,-0.707106781187));
#3182 = DIRECTION('',(0.742413208603,0.669942256983,-5.551115123126E-17)
  );
#3183 = ADVANCED_FACE('',(#3184),#3202,.T.);
#3184 = FACE_BOUND('',#3185,.T.);
#3185 = EDGE_LOOP('',(#3186,#3194,#3200,#3201));
#3186 = ORIENTED_EDGE('',*,*,#3187,.T.);
#3187 = EDGE_CURVE('',#965,#3188,#3190,.T.);
#3188 = VERTEX_POINT('',#3189);
#3189 = CARTESIAN_POINT('',(36.010992899919,7.6,3.));
#3190 = LINE('',#3191,#3192);
#3191 = CARTESIAN_POINT('',(36.010992899919,7.6,0.));
#3192 = VECTOR('',#3193,1.);
#3193 = DIRECTION('',(0.,0.,1.));
#3194 = ORIENTED_EDGE('',*,*,#3195,.T.);
#3195 = EDGE_CURVE('',#3188,#3140,#3196,.T.);
#3196 = LINE('',#3197,#3198);
#3197 = CARTESIAN_POINT('',(36.010992899919,7.6,3.));
#3198 = VECTOR('',#3199,1.);
#3199 = DIRECTION('',(1.,0.,0.));
#3200 = ORIENTED_EDGE('',*,*,#3139,.F.);
#3201 = ORIENTED_EDGE('',*,*,#972,.F.);
#3202 = PLANE('',#3203);
#3203 = AXIS2_PLACEMENT_3D('',#3204,#3205,#3206);
#3204 = CARTESIAN_POINT('',(36.010992899919,7.6,0.));
#3205 = DIRECTION('',(0.,1.,0.));
#3206 = DIRECTION('',(1.,0.,0.));
#3207 = ADVANCED_FACE('',(#3208),#3235,.T.);
#3208 = FACE_BOUND('',#3209,.T.);
#3209 = EDGE_LOOP('',(#3210,#3218,#3226,#3232,#3233,#3234));
#3210 = ORIENTED_EDGE('',*,*,#3211,.T.);
#3211 = EDGE_CURVE('',#3166,#3212,#3214,.T.);
#3212 = VERTEX_POINT('',#3213);
#3213 = CARTESIAN_POINT('',(28.062312890496,7.6,3.));
#3214 = LINE('',#3215,#3216);
#3215 = CARTESIAN_POINT('',(28.062312890496,7.6,0.75));
#3216 = VECTOR('',#3217,1.);
#3217 = DIRECTION('',(0.,0.,1.));
#3218 = ORIENTED_EDGE('',*,*,#3219,.T.);
#3219 = EDGE_CURVE('',#3212,#3220,#3222,.T.);
#3220 = VERTEX_POINT('',#3221);
#3221 = CARTESIAN_POINT('',(29.409634011368,7.6,3.));
#3222 = LINE('',#3223,#3224);
#3223 = CARTESIAN_POINT('',(28.474373895761,7.6,3.));
#3224 = VECTOR('',#3225,1.);
#3225 = DIRECTION('',(1.,0.,0.));
#3226 = ORIENTED_EDGE('',*,*,#3227,.F.);
#3227 = EDGE_CURVE('',#901,#3220,#3228,.T.);
#3228 = LINE('',#3229,#3230);
#3229 = CARTESIAN_POINT('',(29.409634011368,7.6,0.));
#3230 = VECTOR('',#3231,1.);
#3231 = DIRECTION('',(0.,0.,1.));
#3232 = ORIENTED_EDGE('',*,*,#900,.F.);
#3233 = ORIENTED_EDGE('',*,*,#892,.T.);
#3234 = ORIENTED_EDGE('',*,*,#3165,.T.);
#3235 = PLANE('',#3236);
#3236 = AXIS2_PLACEMENT_3D('',#3237,#3238,#3239);
#3237 = CARTESIAN_POINT('',(28.574951930443,7.6,1.5));
#3238 = DIRECTION('',(0.,1.,0.));
#3239 = DIRECTION('',(0.,0.,1.));
#3240 = ADVANCED_FACE('',(#3241),#3259,.T.);
#3241 = FACE_BOUND('',#3242,.T.);
#3242 = EDGE_LOOP('',(#3243,#3251,#3257,#3258));
#3243 = ORIENTED_EDGE('',*,*,#3244,.T.);
#3244 = EDGE_CURVE('',#957,#3245,#3247,.T.);
#3245 = VERTEX_POINT('',#3246);
#3246 = CARTESIAN_POINT('',(36.010992899919,6.726213071987,3.));
#3247 = LINE('',#3248,#3249);
#3248 = CARTESIAN_POINT('',(36.010992899919,6.726213071987,0.));
#3249 = VECTOR('',#3250,1.);
#3250 = DIRECTION('',(0.,0.,1.));
#3251 = ORIENTED_EDGE('',*,*,#3252,.T.);
#3252 = EDGE_CURVE('',#3245,#3188,#3253,.T.);
#3253 = LINE('',#3254,#3255);
#3254 = CARTESIAN_POINT('',(36.010992899919,0.,3.));
#3255 = VECTOR('',#3256,1.);
#3256 = DIRECTION('',(0.,1.,0.));
#3257 = ORIENTED_EDGE('',*,*,#3187,.F.);
#3258 = ORIENTED_EDGE('',*,*,#964,.F.);
#3259 = PLANE('',#3260);
#3260 = AXIS2_PLACEMENT_3D('',#3261,#3262,#3263);
#3261 = CARTESIAN_POINT('',(36.010992899919,6.726213071987,0.));
#3262 = DIRECTION('',(-1.,0.,0.));
#3263 = DIRECTION('',(0.,1.,0.));
#3264 = ADVANCED_FACE('',(#3265),#3283,.T.);
#3265 = FACE_BOUND('',#3266,.T.);
#3266 = EDGE_LOOP('',(#3267,#3275,#3281,#3282));
#3267 = ORIENTED_EDGE('',*,*,#3268,.T.);
#3268 = EDGE_CURVE('',#949,#3269,#3271,.T.);
#3269 = VERTEX_POINT('',#3270);
#3270 = CARTESIAN_POINT('',(35.712240237917,7.197302504817,3.));
#3271 = LINE('',#3272,#3273);
#3272 = CARTESIAN_POINT('',(35.712240237917,7.197302504817,0.));
#3273 = VECTOR('',#3274,1.);
#3274 = DIRECTION('',(0.,0.,1.));
#3275 = ORIENTED_EDGE('',*,*,#3276,.T.);
#3276 = EDGE_CURVE('',#3269,#3245,#3277,.T.);
#3277 = B_SPLINE_CURVE_WITH_KNOTS('',2,(#3278,#3279,#3280),
  .UNSPECIFIED.,.F.,.F.,(3,3),(0.,1.),.PIECEWISE_BEZIER_KNOTS.);
#3278 = CARTESIAN_POINT('',(35.712240237917,7.197302504817,3.));
#3279 = CARTESIAN_POINT('',(36.108772029825,6.794990366089,3.));
#3280 = CARTESIAN_POINT('',(36.108772029825,6.132177263969,3.));
#3281 = ORIENTED_EDGE('',*,*,#3244,.F.);
#3282 = ORIENTED_EDGE('',*,*,#956,.F.);
#3283 = SURFACE_OF_LINEAR_EXTRUSION('',#3284,#3288);
#3284 = B_SPLINE_CURVE_WITH_KNOTS('',2,(#3285,#3286,#3287),
  .UNSPECIFIED.,.F.,.F.,(3,3),(0.,1.),.PIECEWISE_BEZIER_KNOTS.);
#3285 = CARTESIAN_POINT('',(35.712240237917,7.197302504817,0.));
#3286 = CARTESIAN_POINT('',(36.108772029825,6.794990366089,0.));
#3287 = CARTESIAN_POINT('',(36.108772029825,6.132177263969,0.));
#3288 = VECTOR('',#3289,1.);
#3289 = DIRECTION('',(-0.,-0.,-1.));
#3290 = ADVANCED_FACE('',(#3291),#3309,.T.);
#3291 = FACE_BOUND('',#3292,.T.);
#3292 = EDGE_LOOP('',(#3293,#3294,#3302,#3308));
#3293 = ORIENTED_EDGE('',*,*,#3227,.T.);
#3294 = ORIENTED_EDGE('',*,*,#3295,.T.);
#3295 = EDGE_CURVE('',#3220,#3296,#3298,.T.);
#3296 = VERTEX_POINT('',#3297);
#3297 = CARTESIAN_POINT('',(30.752986612524,7.197302504817,3.));
#3298 = B_SPLINE_CURVE_WITH_KNOTS('',2,(#3299,#3300,#3301),
  .UNSPECIFIED.,.F.,.F.,(3,3),(0.,1.),.PIECEWISE_BEZIER_KNOTS.);
#3299 = CARTESIAN_POINT('',(29.409634011368,7.6,3.));
#3300 = CARTESIAN_POINT('',(30.356454820617,7.6,3.));
#3301 = CARTESIAN_POINT('',(30.752986612524,7.197302504817,3.));
#3302 = ORIENTED_EDGE('',*,*,#3303,.F.);
#3303 = EDGE_CURVE('',#909,#3296,#3304,.T.);
#3304 = LINE('',#3305,#3306);
#3305 = CARTESIAN_POINT('',(30.752986612524,7.197302504817,0.));
#3306 = VECTOR('',#3307,1.);
#3307 = DIRECTION('',(0.,0.,1.));
#3308 = ORIENTED_EDGE('',*,*,#908,.F.);
#3309 = SURFACE_OF_LINEAR_EXTRUSION('',#3310,#3314);
#3310 = B_SPLINE_CURVE_WITH_KNOTS('',2,(#3311,#3312,#3313),
  .UNSPECIFIED.,.F.,.F.,(3,3),(0.,1.),.PIECEWISE_BEZIER_KNOTS.);
#3311 = CARTESIAN_POINT('',(29.409634011368,7.6,0.));
#3312 = CARTESIAN_POINT('',(30.356454820617,7.6,0.));
#3313 = CARTESIAN_POINT('',(30.752986612524,7.197302504817,0.));
#3314 = VECTOR('',#3315,1.);
#3315 = DIRECTION('',(-0.,-0.,-1.));
#3316 = ADVANCED_FACE('',(#3317),#3335,.T.);
#3317 = FACE_BOUND('',#3318,.T.);
#3318 = EDGE_LOOP('',(#3319,#3327,#3333,#3334));
#3319 = ORIENTED_EDGE('',*,*,#3320,.T.);
#3320 = EDGE_CURVE('',#941,#3321,#3323,.T.);
#3321 = VERTEX_POINT('',#3322);
#3322 = CARTESIAN_POINT('',(34.368502280306,7.6,3.));
#3323 = LINE('',#3324,#3325);
#3324 = CARTESIAN_POINT('',(34.368502280306,7.6,0.));
#3325 = VECTOR('',#3326,1.);
#3326 = DIRECTION('',(0.,0.,1.));
#3327 = ORIENTED_EDGE('',*,*,#3328,.T.);
#3328 = EDGE_CURVE('',#3321,#3269,#3329,.T.);
#3329 = B_SPLINE_CURVE_WITH_KNOTS('',2,(#3330,#3331,#3332),
  .UNSPECIFIED.,.F.,.F.,(3,3),(0.,1.),.PIECEWISE_BEZIER_KNOTS.);
#3330 = CARTESIAN_POINT('',(34.368502280306,7.6,3.));
#3331 = CARTESIAN_POINT('',(35.31570844601,7.6,3.));
#3332 = CARTESIAN_POINT('',(35.712240237917,7.197302504817,3.));
#3333 = ORIENTED_EDGE('',*,*,#3268,.F.);
#3334 = ORIENTED_EDGE('',*,*,#948,.F.);
#3335 = SURFACE_OF_LINEAR_EXTRUSION('',#3336,#3340);
#3336 = B_SPLINE_CURVE_WITH_KNOTS('',2,(#3337,#3338,#3339),
  .UNSPECIFIED.,.F.,.F.,(3,3),(0.,1.),.PIECEWISE_BEZIER_KNOTS.);
#3337 = CARTESIAN_POINT('',(34.368502280306,7.6,0.));
#3338 = CARTESIAN_POINT('',(35.31570844601,7.6,0.));
#3339 = CARTESIAN_POINT('',(35.712240237917,7.197302504817,0.));
#3340 = VECTOR('',#3341,1.);
#3341 = DIRECTION('',(-0.,-0.,-1.));
#3342 = ADVANCED_FACE('',(#3343),#3361,.T.);
#3343 = FACE_BOUND('',#3344,.T.);
#3344 = EDGE_LOOP('',(#3345,#3346,#3354,#3360));
#3345 = ORIENTED_EDGE('',*,*,#3303,.T.);
#3346 = ORIENTED_EDGE('',*,*,#3347,.T.);
#3347 = EDGE_CURVE('',#3296,#3348,#3350,.T.);
#3348 = VERTEX_POINT('',#3349);
#3349 = CARTESIAN_POINT('',(31.01296024603,6.820396267951,3.));
#3350 = B_SPLINE_CURVE_WITH_KNOTS('',2,(#3351,#3352,#3353),
  .UNSPECIFIED.,.F.,.F.,(3,3),(0.,1.),.PIECEWISE_BEZIER_KNOTS.);
#3351 = CARTESIAN_POINT('',(30.752986612524,7.197302504817,3.));
#3352 = CARTESIAN_POINT('',(31.149518404432,6.794990366089,3.));
#3353 = CARTESIAN_POINT('',(31.149518404432,6.132177263969,3.));
#3354 = ORIENTED_EDGE('',*,*,#3355,.F.);
#3355 = EDGE_CURVE('',#917,#3348,#3356,.T.);
#3356 = LINE('',#3357,#3358);
#3357 = CARTESIAN_POINT('',(31.01296024603,6.820396267951,0.));
#3358 = VECTOR('',#3359,1.);
#3359 = DIRECTION('',(0.,0.,1.));
#3360 = ORIENTED_EDGE('',*,*,#916,.F.);
#3361 = SURFACE_OF_LINEAR_EXTRUSION('',#3362,#3366);
#3362 = B_SPLINE_CURVE_WITH_KNOTS('',2,(#3363,#3364,#3365),
  .UNSPECIFIED.,.F.,.F.,(3,3),(0.,1.),.PIECEWISE_BEZIER_KNOTS.);
#3363 = CARTESIAN_POINT('',(30.752986612524,7.197302504817,0.));
#3364 = CARTESIAN_POINT('',(31.149518404432,6.794990366089,0.));
#3365 = CARTESIAN_POINT('',(31.149518404432,6.132177263969,0.));
#3366 = VECTOR('',#3367,1.);
#3367 = DIRECTION('',(-0.,-0.,-1.));
#3368 = ADVANCED_FACE('',(#3369),#3387,.T.);
#3369 = FACE_BOUND('',#3370,.T.);
#3370 = EDGE_LOOP('',(#3371,#3379,#3385,#3386));
#3371 = ORIENTED_EDGE('',*,*,#3372,.T.);
#3372 = EDGE_CURVE('',#933,#3373,#3375,.T.);
#3373 = VERTEX_POINT('',#3374);
#3374 = CARTESIAN_POINT('',(32.616286480692,7.6,3.));
#3375 = LINE('',#3376,#3377);
#3376 = CARTESIAN_POINT('',(32.616286480692,7.6,0.));
#3377 = VECTOR('',#3378,1.);
#3378 = DIRECTION('',(0.,0.,1.));
#3379 = ORIENTED_EDGE('',*,*,#3380,.T.);
#3380 = EDGE_CURVE('',#3373,#3321,#3381,.T.);
#3381 = LINE('',#3382,#3383);
#3382 = CARTESIAN_POINT('',(33.350390526934,7.6,3.));
#3383 = VECTOR('',#3384,1.);
#3384 = DIRECTION('',(1.,0.,0.));
#3385 = ORIENTED_EDGE('',*,*,#3320,.F.);
#3386 = ORIENTED_EDGE('',*,*,#940,.F.);
#3387 = PLANE('',#3388);
#3388 = AXIS2_PLACEMENT_3D('',#3389,#3390,#3391);
#3389 = CARTESIAN_POINT('',(33.492394380499,7.6,1.5));
#3390 = DIRECTION('',(0.,1.,0.));
#3391 = DIRECTION('',(0.,0.,1.));
#3392 = ADVANCED_FACE('',(#3393),#3411,.T.);
#3393 = FACE_BOUND('',#3394,.T.);
#3394 = EDGE_LOOP('',(#3395,#3396,#3404,#3410));
#3395 = ORIENTED_EDGE('',*,*,#3355,.T.);
#3396 = ORIENTED_EDGE('',*,*,#3397,.T.);
#3397 = EDGE_CURVE('',#3348,#3398,#3400,.T.);
#3398 = VERTEX_POINT('',#3399);
#3399 = CARTESIAN_POINT('',(31.272933879536,7.197302504817,3.));
#3400 = B_SPLINE_CURVE_WITH_KNOTS('',2,(#3401,#3402,#3403),
  .UNSPECIFIED.,.F.,.F.,(3,3),(0.,1.),.PIECEWISE_BEZIER_KNOTS.);
#3401 = CARTESIAN_POINT('',(30.876402087628,6.132177263969,3.));
#3402 = CARTESIAN_POINT('',(30.876402087628,6.794990366089,3.));
#3403 = CARTESIAN_POINT('',(31.272933879536,7.197302504817,3.));
#3404 = ORIENTED_EDGE('',*,*,#3405,.F.);
#3405 = EDGE_CURVE('',#925,#3398,#3406,.T.);
#3406 = LINE('',#3407,#3408);
#3407 = CARTESIAN_POINT('',(31.272933879536,7.197302504817,0.));
#3408 = VECTOR('',#3409,1.);
#3409 = DIRECTION('',(0.,0.,1.));
#3410 = ORIENTED_EDGE('',*,*,#924,.F.);
#3411 = SURFACE_OF_LINEAR_EXTRUSION('',#3412,#3416);
#3412 = B_SPLINE_CURVE_WITH_KNOTS('',2,(#3413,#3414,#3415),
  .UNSPECIFIED.,.F.,.F.,(3,3),(0.,1.),.PIECEWISE_BEZIER_KNOTS.);
#3413 = CARTESIAN_POINT('',(30.876402087628,6.132177263969,0.));
#3414 = CARTESIAN_POINT('',(30.876402087628,6.794990366089,0.));
#3415 = CARTESIAN_POINT('',(31.272933879536,7.197302504817,0.));
#3416 = VECTOR('',#3417,1.);
#3417 = DIRECTION('',(-0.,-0.,-1.));
#3418 = ADVANCED_FACE('',(#3419),#3430,.T.);
#3419 = FACE_BOUND('',#3420,.T.);
#3420 = EDGE_LOOP('',(#3421,#3422,#3428,#3429));
#3421 = ORIENTED_EDGE('',*,*,#3405,.T.);
#3422 = ORIENTED_EDGE('',*,*,#3423,.T.);
#3423 = EDGE_CURVE('',#3398,#3373,#3424,.T.);
#3424 = B_SPLINE_CURVE_WITH_KNOTS('',2,(#3425,#3426,#3427),
  .UNSPECIFIED.,.F.,.F.,(3,3),(0.,1.),.PIECEWISE_BEZIER_KNOTS.);
#3425 = CARTESIAN_POINT('',(31.272933879536,7.197302504817,3.));
#3426 = CARTESIAN_POINT('',(31.669465671443,7.6,3.));
#3427 = CARTESIAN_POINT('',(32.616286480692,7.6,3.));
#3428 = ORIENTED_EDGE('',*,*,#3372,.F.);
#3429 = ORIENTED_EDGE('',*,*,#932,.F.);
#3430 = SURFACE_OF_LINEAR_EXTRUSION('',#3431,#3435);
#3431 = B_SPLINE_CURVE_WITH_KNOTS('',2,(#3432,#3433,#3434),
  .UNSPECIFIED.,.F.,.F.,(3,3),(0.,1.),.PIECEWISE_BEZIER_KNOTS.);
#3432 = CARTESIAN_POINT('',(31.272933879536,7.197302504817,0.));
#3433 = CARTESIAN_POINT('',(31.669465671443,7.6,0.));
#3434 = CARTESIAN_POINT('',(32.616286480692,7.6,0.));
#3435 = VECTOR('',#3436,1.);
#3436 = DIRECTION('',(-0.,-0.,-1.));
#3437 = ADVANCED_FACE('',(#3438),#3463,.F.);
#3438 = FACE_BOUND('',#3439,.T.);
#3439 = EDGE_LOOP('',(#3440,#3448,#3449,#3457));
#3440 = ORIENTED_EDGE('',*,*,#3441,.F.);
#3441 = EDGE_CURVE('',#1005,#3442,#3444,.T.);
#3442 = VERTEX_POINT('',#3443);
#3443 = CARTESIAN_POINT('',(30.106022497164,24.055459385578,0.4));
#3444 = LINE('',#3445,#3446);
#3445 = CARTESIAN_POINT('',(30.259231385788,23.926901863641,0.2));
#3446 = VECTOR('',#3447,1.);
#3447 = DIRECTION('',(-0.54167522042,0.454519477672,0.707106781187));
#3448 = ORIENTED_EDGE('',*,*,#1004,.T.);
#3449 = ORIENTED_EDGE('',*,*,#3450,.T.);
#3450 = EDGE_CURVE('',#1007,#3451,#3453,.T.);
#3451 = VERTEX_POINT('',#3452);
#3452 = CARTESIAN_POINT('',(17.856551032149,9.457107759767,0.4));
#3453 = LINE('',#3454,#3455);
#3454 = CARTESIAN_POINT('',(18.009759920773,9.32855023783,0.2));
#3455 = VECTOR('',#3456,1.);
#3456 = DIRECTION('',(-0.54167522042,0.454519477672,0.707106781187));
#3457 = ORIENTED_EDGE('',*,*,#3458,.F.);
#3458 = EDGE_CURVE('',#3442,#3451,#3459,.T.);
#3459 = LINE('',#3460,#3461);
#3460 = CARTESIAN_POINT('',(30.106022497164,24.055459385578,0.4));
#3461 = VECTOR('',#3462,1.);
#3462 = DIRECTION('',(-0.642787609687,-0.766044443119,0.));
#3463 = PLANE('',#3464);
#3464 = AXIS2_PLACEMENT_3D('',#3465,#3466,#3467);
#3465 = CARTESIAN_POINT('',(30.259231385788,23.926901863641,0.2));
#3466 = DIRECTION('',(0.54167522042,-0.454519477672,0.707106781187));
#3467 = DIRECTION('',(0.642787609687,0.766044443119,-2.775557561563E-17)
  );
#3468 = ADVANCED_FACE('',(#3469),#3488,.F.);
#3469 = FACE_BOUND('',#3470,.T.);
#3470 = EDGE_LOOP('',(#3471,#3479,#3480,#3481));
#3471 = ORIENTED_EDGE('',*,*,#3472,.F.);
#3472 = EDGE_CURVE('',#1015,#3473,#3475,.T.);
#3473 = VERTEX_POINT('',#3474);
#3474 = CARTESIAN_POINT('',(26.122591392945,27.397954955948,0.4));
#3475 = LINE('',#3476,#3477);
#3476 = CARTESIAN_POINT('',(25.969382504322,27.526512477886,0.2));
#3477 = VECTOR('',#3478,1.);
#3478 = DIRECTION('',(0.54167522042,-0.454519477672,0.707106781187));
#3479 = ORIENTED_EDGE('',*,*,#1014,.T.);
#3480 = ORIENTED_EDGE('',*,*,#3441,.T.);
#3481 = ORIENTED_EDGE('',*,*,#3482,.F.);
#3482 = EDGE_CURVE('',#3473,#3442,#3483,.T.);
#3483 = CIRCLE('',#3484,2.6);
#3484 = AXIS2_PLACEMENT_3D('',#3485,#3486,#3487);
#3485 = CARTESIAN_POINT('',(28.114306945055,25.726707170763,0.4));
#3486 = DIRECTION('',(0.,0.,-1.));
#3487 = DIRECTION('',(-0.766044443119,0.642787609687,0.));
#3488 = CONICAL_SURFACE('',#3489,2.6,0.785398163397);
#3489 = AXIS2_PLACEMENT_3D('',#3490,#3491,#3492);
#3490 = CARTESIAN_POINT('',(28.114306945055,25.726707170763,0.4));
#3491 = DIRECTION('',(-0.,-0.,-1.));
#3492 = DIRECTION('',(-0.766044443119,0.642787609687,0.));
#3493 = ADVANCED_FACE('',(#3494),#3513,.F.);
#3494 = FACE_BOUND('',#3495,.T.);
#3495 = EDGE_LOOP('',(#3496,#3497,#3498,#3506));
#3496 = ORIENTED_EDGE('',*,*,#3450,.F.);
#3497 = ORIENTED_EDGE('',*,*,#1031,.T.);
#3498 = ORIENTED_EDGE('',*,*,#3499,.T.);
#3499 = EDGE_CURVE('',#1024,#3500,#3502,.T.);
#3500 = VERTEX_POINT('',#3501);
#3501 = CARTESIAN_POINT('',(13.873119927931,12.799603330137,0.4));
#3502 = LINE('',#3503,#3504);
#3503 = CARTESIAN_POINT('',(13.873119927931,12.799603330137,0.4));
#3504 = VECTOR('',#3505,1.);
#3505 = DIRECTION('',(0.54167522042,-0.454519477672,0.707106781187));
#3506 = ORIENTED_EDGE('',*,*,#3507,.F.);
#3507 = EDGE_CURVE('',#3451,#3500,#3508,.T.);
#3508 = CIRCLE('',#3509,2.6);
#3509 = AXIS2_PLACEMENT_3D('',#3510,#3511,#3512);
#3510 = CARTESIAN_POINT('',(15.86483548004,11.128355544952,0.4));
#3511 = DIRECTION('',(0.,0.,-1.));
#3512 = DIRECTION('',(0.766044443119,-0.642787609687,0.));
#3513 = CONICAL_SURFACE('',#3514,2.6,0.785398163397);
#3514 = AXIS2_PLACEMENT_3D('',#3515,#3516,#3517);
#3515 = CARTESIAN_POINT('',(15.86483548004,11.128355544952,0.4));
#3516 = DIRECTION('',(-0.,-0.,-1.));
#3517 = DIRECTION('',(0.766044443119,-0.642787609687,0.));
#3518 = ADVANCED_FACE('',(#3519),#3530,.T.);
#3519 = FACE_BOUND('',#3520,.T.);
#3520 = EDGE_LOOP('',(#3521,#3522,#3523,#3524));
#3521 = ORIENTED_EDGE('',*,*,#3499,.F.);
#3522 = ORIENTED_EDGE('',*,*,#1023,.T.);
#3523 = ORIENTED_EDGE('',*,*,#3472,.T.);
#3524 = ORIENTED_EDGE('',*,*,#3525,.F.);
#3525 = EDGE_CURVE('',#3500,#3473,#3526,.T.);
#3526 = LINE('',#3527,#3528);
#3527 = CARTESIAN_POINT('',(13.873119927931,12.799603330137,0.4));
#3528 = VECTOR('',#3529,1.);
#3529 = DIRECTION('',(0.642787609687,0.766044443119,0.));
#3530 = PLANE('',#3531);
#3531 = AXIS2_PLACEMENT_3D('',#3532,#3533,#3534);
#3532 = CARTESIAN_POINT('',(13.719911039307,12.928160852074,0.2));
#3533 = DIRECTION('',(0.54167522042,-0.454519477672,-0.707106781187));
#3534 = DIRECTION('',(0.642787609687,0.766044443119,0.));
#3535 = ADVANCED_FACE('',(#3536),#3555,.F.);
#3536 = FACE_BOUND('',#3537,.F.);
#3537 = EDGE_LOOP('',(#3538,#3546,#3547,#3548));
#3538 = ORIENTED_EDGE('',*,*,#3539,.F.);
#3539 = EDGE_CURVE('',#1041,#3540,#3542,.T.);
#3540 = VERTEX_POINT('',#3541);
#3541 = CARTESIAN_POINT('',(13.722534602548,5.,0.4));
#3542 = LINE('',#3543,#3544);
#3543 = CARTESIAN_POINT('',(13.722534602548,5.,0.4));
#3544 = VECTOR('',#3545,1.);
#3545 = DIRECTION('',(-0.707106781187,0.,0.707106781187));
#3546 = ORIENTED_EDGE('',*,*,#1040,.T.);
#3547 = ORIENTED_EDGE('',*,*,#3539,.T.);
#3548 = ORIENTED_EDGE('',*,*,#3549,.F.);
#3549 = EDGE_CURVE('',#3540,#3540,#3550,.T.);
#3550 = CIRCLE('',#3551,3.);
#3551 = AXIS2_PLACEMENT_3D('',#3552,#3553,#3554);
#3552 = CARTESIAN_POINT('',(10.722534602548,5.,0.4));
#3553 = DIRECTION('',(0.,0.,1.));
#3554 = DIRECTION('',(1.,0.,-0.));
#3555 = CONICAL_SURFACE('',#3556,3.,0.785398163397);
#3556 = AXIS2_PLACEMENT_3D('',#3557,#3558,#3559);
#3557 = CARTESIAN_POINT('',(10.722534602548,5.,0.4));
#3558 = DIRECTION('',(-0.,-0.,-1.));
#3559 = DIRECTION('',(1.,0.,-0.));
#3560 = ADVANCED_FACE('',(#3561),#3572,.F.);
#3561 = FACE_BOUND('',#3562,.T.);
#3562 = EDGE_LOOP('',(#3563,#3564,#3565,#3571));
#3563 = ORIENTED_EDGE('',*,*,#1233,.F.);
#3564 = ORIENTED_EDGE('',*,*,#1249,.T.);
#3565 = ORIENTED_EDGE('',*,*,#3566,.T.);
#3566 = EDGE_CURVE('',#1250,#1085,#3567,.T.);
#3567 = LINE('',#3568,#3569);
#3568 = CARTESIAN_POINT('',(2.833529399093,3.221296458404,9.9));
#3569 = VECTOR('',#3570,1.);
#3570 = DIRECTION('',(0.54167522042,-0.454519477672,0.707106781187));
#3571 = ORIENTED_EDGE('',*,*,#1084,.F.);
#3572 = PLANE('',#3573);
#3573 = AXIS2_PLACEMENT_3D('',#3574,#3575,#3576);
#3574 = CARTESIAN_POINT('',(24.360689173772,28.876366458227,9.9));
#3575 = DIRECTION('',(0.54167522042,-0.454519477672,-0.707106781187));
#3576 = DIRECTION('',(0.642787609687,0.766044443119,0.));
#3577 = ADVANCED_FACE('',(#3578),#3589,.T.);
#3578 = FACE_BOUND('',#3579,.T.);
#3579 = EDGE_LOOP('',(#3580,#3586,#3587,#3588));
#3580 = ORIENTED_EDGE('',*,*,#3581,.F.);
#3581 = EDGE_CURVE('',#1316,#1153,#3582,.T.);
#3582 = LINE('',#3583,#3584);
#3583 = CARTESIAN_POINT('',(49.462424245643,21.472832369942,9.9));
#3584 = VECTOR('',#3585,1.);
#3585 = DIRECTION('',(-0.67440820171,-0.212540766599,0.707106781187));
#3586 = ORIENTED_EDGE('',*,*,#1323,.T.);
#3587 = ORIENTED_EDGE('',*,*,#1296,.T.);
#3588 = ORIENTED_EDGE('',*,*,#1160,.F.);
#3589 = CONICAL_SURFACE('',#3590,5.,0.785398163397);
#3590 = AXIS2_PLACEMENT_3D('',#3591,#3592,#3593);
#3591 = CARTESIAN_POINT('',(44.789013841019,20.,9.8));
#3592 = DIRECTION('',(-0.,-0.,-1.));
#3593 = DIRECTION('',(0.953757225434,0.300578034682,0.));
#3594 = ADVANCED_FACE('',(#3595),#3614,.T.);
#3595 = FACE_BOUND('',#3596,.T.);
#3596 = EDGE_LOOP('',(#3597,#3598,#3607,#3613));
#3597 = ORIENTED_EDGE('',*,*,#3566,.F.);
#3598 = ORIENTED_EDGE('',*,*,#3599,.T.);
#3599 = EDGE_CURVE('',#1250,#3600,#3602,.T.);
#3600 = VERTEX_POINT('',#3601);
#3601 = CARTESIAN_POINT('',(4.289013841019,0.,9.8));
#3602 = CIRCLE('',#3603,2.);
#3603 = AXIS2_PLACEMENT_3D('',#3604,#3605,#3606);
#3604 = CARTESIAN_POINT('',(4.289013841019,2.,9.8));
#3605 = DIRECTION('',(0.,0.,1.));
#3606 = DIRECTION('',(-0.766044443119,0.642787609687,0.));
#3607 = ORIENTED_EDGE('',*,*,#3608,.T.);
#3608 = EDGE_CURVE('',#3600,#1093,#3609,.T.);
#3609 = LINE('',#3610,#3611);
#3610 = CARTESIAN_POINT('',(4.289013841019,0.,9.8));
#3611 = VECTOR('',#3612,1.);
#3612 = DIRECTION('',(3.3E-16,0.707106781187,0.707106781187));
#3613 = ORIENTED_EDGE('',*,*,#1092,.F.);
#3614 = CONICAL_SURFACE('',#3615,2.,0.785398163397);
#3615 = AXIS2_PLACEMENT_3D('',#3616,#3617,#3618);
#3616 = CARTESIAN_POINT('',(4.289013841019,2.,9.8));
#3617 = DIRECTION('',(-0.,-0.,-1.));
#3618 = DIRECTION('',(-0.766044443119,0.642787609687,0.));
#3619 = ADVANCED_FACE('',(#3620),#3638,.T.);
#3620 = FACE_BOUND('',#3621,.T.);
#3621 = EDGE_LOOP('',(#3622,#3630,#3636,#3637));
#3622 = ORIENTED_EDGE('',*,*,#3623,.F.);
#3623 = EDGE_CURVE('',#3624,#1144,#3626,.T.);
#3624 = VERTEX_POINT('',#3625);
#3625 = CARTESIAN_POINT('',(55.719649679169,1.950867052023,9.8));
#3626 = LINE('',#3627,#3628);
#3627 = CARTESIAN_POINT('',(55.719649679169,1.950867052023,9.8));
#3628 = VECTOR('',#3629,1.);
#3629 = DIRECTION('',(-0.67440820171,-0.212540766599,0.707106781187));
#3630 = ORIENTED_EDGE('',*,*,#3631,.T.);
#3631 = EDGE_CURVE('',#3624,#1316,#3632,.T.);
#3632 = LINE('',#3633,#3634);
#3633 = CARTESIAN_POINT('',(55.719649679169,1.950867052023,9.8));
#3634 = VECTOR('',#3635,1.);
#3635 = DIRECTION('',(-0.300578034682,0.953757225434,0.));
#3636 = ORIENTED_EDGE('',*,*,#3581,.T.);
#3637 = ORIENTED_EDGE('',*,*,#1152,.F.);
#3638 = PLANE('',#3639);
#3639 = AXIS2_PLACEMENT_3D('',#3640,#3641,#3642);
#3640 = CARTESIAN_POINT('',(55.624273956626,1.920809248555,9.9));
#3641 = DIRECTION('',(0.67440820171,0.212540766599,0.707106781187));
#3642 = DIRECTION('',(-0.300578034682,0.953757225434,0.));
#3643 = ADVANCED_FACE('',(#3644),#3662,.F.);
#3644 = FACE_BOUND('',#3645,.T.);
#3645 = EDGE_LOOP('',(#3646,#3647,#3655,#3661));
#3646 = ORIENTED_EDGE('',*,*,#3608,.F.);
#3647 = ORIENTED_EDGE('',*,*,#3648,.T.);
#3648 = EDGE_CURVE('',#3600,#3649,#3651,.T.);
#3649 = VERTEX_POINT('',#3650);
#3650 = CARTESIAN_POINT('',(18.871201411868,0.,9.8));
#3651 = LINE('',#3652,#3653);
#3652 = CARTESIAN_POINT('',(4.289013841019,0.,9.8));
#3653 = VECTOR('',#3654,1.);
#3654 = DIRECTION('',(1.,0.,0.));
#3655 = ORIENTED_EDGE('',*,*,#3656,.T.);
#3656 = EDGE_CURVE('',#3649,#1102,#3657,.T.);
#3657 = LINE('',#3658,#3659);
#3658 = CARTESIAN_POINT('',(18.871201411868,1.E-01,9.9));
#3659 = VECTOR('',#3660,1.);
#3660 = DIRECTION('',(0.,0.707106781187,0.707106781187));
#3661 = ORIENTED_EDGE('',*,*,#1101,.F.);
#3662 = PLANE('',#3663);
#3663 = AXIS2_PLACEMENT_3D('',#3664,#3665,#3666);
#3664 = CARTESIAN_POINT('',(4.289013841019,0.1,9.9));
#3665 = DIRECTION('',(0.,0.707106781187,-0.707106781187));
#3666 = DIRECTION('',(-1.,-0.,-0.));
#3667 = ADVANCED_FACE('',(#3668),#3687,.T.);
#3668 = FACE_BOUND('',#3669,.T.);
#3669 = EDGE_LOOP('',(#3670,#3678,#3685,#3686));
#3670 = ORIENTED_EDGE('',*,*,#3671,.F.);
#3671 = EDGE_CURVE('',#3672,#1136,#3674,.T.);
#3672 = VERTEX_POINT('',#3673);
#3673 = CARTESIAN_POINT('',(52.858378002869,1.049132947977,9.8));
#3674 = LINE('',#3675,#3676);
#3675 = CARTESIAN_POINT('',(52.953753725412,1.079190751445,9.9));
#3676 = VECTOR('',#3677,1.);
#3677 = DIRECTION('',(0.67440820171,0.212540766599,0.707106781187));
#3678 = ORIENTED_EDGE('',*,*,#3679,.T.);
#3679 = EDGE_CURVE('',#3672,#3624,#3680,.T.);
#3680 = CIRCLE('',#3681,1.5);
#3681 = AXIS2_PLACEMENT_3D('',#3682,#3683,#3684);
#3682 = CARTESIAN_POINT('',(54.289013841019,1.5,9.8));
#3683 = DIRECTION('',(0.,0.,1.));
#3684 = DIRECTION('',(-0.953757225434,-0.300578034682,0.));
#3685 = ORIENTED_EDGE('',*,*,#3623,.T.);
#3686 = ORIENTED_EDGE('',*,*,#1143,.F.);
#3687 = CONICAL_SURFACE('',#3688,1.5,0.785398163397);
#3688 = AXIS2_PLACEMENT_3D('',#3689,#3690,#3691);
#3689 = CARTESIAN_POINT('',(54.289013841019,1.5,9.8));
#3690 = DIRECTION('',(-0.,-0.,-1.));
#3691 = DIRECTION('',(-0.953757225434,-0.300578034682,0.));
#3692 = ADVANCED_FACE('',(#3693),#3712,.T.);
#3693 = FACE_BOUND('',#3694,.T.);
#3694 = EDGE_LOOP('',(#3695,#3696,#3705,#3711));
#3695 = ORIENTED_EDGE('',*,*,#3656,.F.);
#3696 = ORIENTED_EDGE('',*,*,#3697,.T.);
#3697 = EDGE_CURVE('',#3649,#3698,#3700,.T.);
#3698 = VERTEX_POINT('',#3699);
#3699 = CARTESIAN_POINT('',(20.211085925835,0.515173582794,9.8));
#3700 = CIRCLE('',#3701,2.);
#3701 = AXIS2_PLACEMENT_3D('',#3702,#3703,#3704);
#3702 = CARTESIAN_POINT('',(18.871201411868,2.,9.8));
#3703 = DIRECTION('',(-0.,0.,1.));
#3704 = DIRECTION('',(0.,-1.,0.));
#3705 = ORIENTED_EDGE('',*,*,#3706,.T.);
#3706 = EDGE_CURVE('',#3698,#1110,#3707,.T.);
#3707 = LINE('',#3708,#3709);
#3708 = CARTESIAN_POINT('',(20.211085925835,0.515173582794,9.8));
#3709 = VECTOR('',#3710,1.);
#3710 = DIRECTION('',(-0.473720712916,0.524965414246,0.707106781187));
#3711 = ORIENTED_EDGE('',*,*,#1109,.F.);
#3712 = CONICAL_SURFACE('',#3713,2.,0.785398163397);
#3713 = AXIS2_PLACEMENT_3D('',#3714,#3715,#3716);
#3714 = CARTESIAN_POINT('',(18.871201411868,2.,9.8));
#3715 = DIRECTION('',(-0.,-0.,-1.));
#3716 = DIRECTION('',(0.,-1.,0.));
#3717 = ADVANCED_FACE('',(#3718),#3736,.T.);
#3718 = FACE_BOUND('',#3719,.T.);
#3719 = EDGE_LOOP('',(#3720,#3728,#3734,#3735));
#3720 = ORIENTED_EDGE('',*,*,#3721,.F.);
#3721 = EDGE_CURVE('',#3722,#1127,#3724,.T.);
#3722 = VERTEX_POINT('',#3723);
#3723 = CARTESIAN_POINT('',(46.696528291886,20.601156069364,9.8));
#3724 = LINE('',#3725,#3726);
#3725 = CARTESIAN_POINT('',(46.696528291886,20.601156069364,9.8));
#3726 = VECTOR('',#3727,1.);
#3727 = DIRECTION('',(0.67440820171,0.212540766599,0.707106781187));
#3728 = ORIENTED_EDGE('',*,*,#3729,.T.);
#3729 = EDGE_CURVE('',#3722,#3672,#3730,.T.);
#3730 = LINE('',#3731,#3732);
#3731 = CARTESIAN_POINT('',(46.696528291886,20.601156069364,9.8));
#3732 = VECTOR('',#3733,1.);
#3733 = DIRECTION('',(0.300578034682,-0.953757225434,0.));
#3734 = ORIENTED_EDGE('',*,*,#3671,.T.);
#3735 = ORIENTED_EDGE('',*,*,#1135,.F.);
#3736 = PLANE('',#3737);
#3737 = AXIS2_PLACEMENT_3D('',#3738,#3739,#3740);
#3738 = CARTESIAN_POINT('',(46.79190401443,20.631213872832,9.9));
#3739 = DIRECTION('',(-0.67440820171,-0.212540766599,0.707106781187));
#3740 = DIRECTION('',(0.300578034682,-0.953757225434,-5.551115123126E-17
    ));
#3741 = ADVANCED_FACE('',(#3742),#3760,.T.);
#3742 = FACE_BOUND('',#3743,.T.);
#3743 = EDGE_LOOP('',(#3744,#3745,#3753,#3759));
#3744 = ORIENTED_EDGE('',*,*,#3706,.F.);
#3745 = ORIENTED_EDGE('',*,*,#3746,.T.);
#3746 = EDGE_CURVE('',#3698,#3747,#3749,.T.);
#3747 = VERTEX_POINT('',#3748);
#3748 = CARTESIAN_POINT('',(43.449129327053,21.484826417206,9.8));
#3749 = LINE('',#3750,#3751);
#3750 = CARTESIAN_POINT('',(20.211085925835,0.515173582794,9.8));
#3751 = VECTOR('',#3752,1.);
#3752 = DIRECTION('',(0.742413208603,0.669942256983,0.));
#3753 = ORIENTED_EDGE('',*,*,#3754,.T.);
#3754 = EDGE_CURVE('',#3747,#1119,#3755,.T.);
#3755 = LINE('',#3756,#3757);
#3756 = CARTESIAN_POINT('',(43.382135101354,21.559067738066,9.9));
#3757 = VECTOR('',#3758,1.);
#3758 = DIRECTION('',(-0.473720712916,0.524965414246,0.707106781187));
#3759 = ORIENTED_EDGE('',*,*,#1118,.F.);
#3760 = PLANE('',#3761);
#3761 = AXIS2_PLACEMENT_3D('',#3762,#3763,#3764);
#3762 = CARTESIAN_POINT('',(20.144091700136,0.589414903654,9.9));
#3763 = DIRECTION('',(0.473720712916,-0.524965414246,0.707106781187));
#3764 = DIRECTION('',(0.742413208603,0.669942256983,0.));
#3765 = ADVANCED_FACE('',(#3766),#3778,.F.);
#3766 = FACE_BOUND('',#3767,.T.);
#3767 = EDGE_LOOP('',(#3768,#3769,#3776,#3777));
#3768 = ORIENTED_EDGE('',*,*,#3754,.F.);
#3769 = ORIENTED_EDGE('',*,*,#3770,.T.);
#3770 = EDGE_CURVE('',#3747,#3722,#3771,.T.);
#3771 = CIRCLE('',#3772,2.);
#3772 = AXIS2_PLACEMENT_3D('',#3773,#3774,#3775);
#3773 = CARTESIAN_POINT('',(44.789013841019,20.,9.8));
#3774 = DIRECTION('',(0.,0.,-1.));
#3775 = DIRECTION('',(-0.669942256983,0.742413208603,0.));
#3776 = ORIENTED_EDGE('',*,*,#3721,.T.);
#3777 = ORIENTED_EDGE('',*,*,#1126,.F.);
#3778 = CONICAL_SURFACE('',#3779,2.,0.785398163397);
#3779 = AXIS2_PLACEMENT_3D('',#3780,#3781,#3782);
#3780 = CARTESIAN_POINT('',(44.789013841019,20.,9.8));
#3781 = DIRECTION('',(0.,0.,1.));
#3782 = DIRECTION('',(-0.669942256983,0.742413208603,0.));
#3783 = ADVANCED_FACE('',(#3784),#3810,.F.);
#3784 = FACE_BOUND('',#3785,.T.);
#3785 = EDGE_LOOP('',(#3786,#3794,#3795,#3803));
#3786 = ORIENTED_EDGE('',*,*,#3787,.F.);
#3787 = EDGE_CURVE('',#1179,#3788,#3790,.T.);
#3788 = VERTEX_POINT('',#3789);
#3789 = CARTESIAN_POINT('',(30.106022497164,24.055459385578,9.8));
#3790 = LINE('',#3791,#3792);
#3791 = CARTESIAN_POINT('',(30.106022497164,24.055459385578,9.8));
#3792 = VECTOR('',#3793,1.);
#3793 = DIRECTION('',(-0.54167522042,0.454519477672,-0.707106781187));
#3794 = ORIENTED_EDGE('',*,*,#1178,.T.);
#3795 = ORIENTED_EDGE('',*,*,#3796,.T.);
#3796 = EDGE_CURVE('',#1181,#3797,#3799,.T.);
#3797 = VERTEX_POINT('',#3798);
#3798 = CARTESIAN_POINT('',(26.122591392945,27.397954955948,9.8));
#3799 = LINE('',#3800,#3801);
#3800 = CARTESIAN_POINT('',(26.122591392945,27.397954955948,9.8));
#3801 = VECTOR('',#3802,1.);
#3802 = DIRECTION('',(0.54167522042,-0.454519477672,-0.707106781187));
#3803 = ORIENTED_EDGE('',*,*,#3804,.F.);
#3804 = EDGE_CURVE('',#3788,#3797,#3805,.T.);
#3805 = CIRCLE('',#3806,2.6);
#3806 = AXIS2_PLACEMENT_3D('',#3807,#3808,#3809);
#3807 = CARTESIAN_POINT('',(28.114306945055,25.726707170763,9.8));
#3808 = DIRECTION('',(-0.,0.,1.));
#3809 = DIRECTION('',(0.766044443119,-0.642787609687,0.));
#3810 = CONICAL_SURFACE('',#3811,2.6,0.785398163397);
#3811 = AXIS2_PLACEMENT_3D('',#3812,#3813,#3814);
#3812 = CARTESIAN_POINT('',(28.114306945055,25.726707170763,9.8));
#3813 = DIRECTION('',(0.,0.,1.));
#3814 = DIRECTION('',(0.766044443119,-0.642787609687,0.));
#3815 = ADVANCED_FACE('',(#3816),#3834,.F.);
#3816 = FACE_BOUND('',#3817,.T.);
#3817 = EDGE_LOOP('',(#3818,#3826,#3827,#3828));
#3818 = ORIENTED_EDGE('',*,*,#3819,.F.);
#3819 = EDGE_CURVE('',#1190,#3820,#3822,.T.);
#3820 = VERTEX_POINT('',#3821);
#3821 = CARTESIAN_POINT('',(17.856551032149,9.457107759767,9.8));
#3822 = LINE('',#3823,#3824);
#3823 = CARTESIAN_POINT('',(17.856551032149,9.457107759767,9.8));
#3824 = VECTOR('',#3825,1.);
#3825 = DIRECTION('',(-0.54167522042,0.454519477672,-0.707106781187));
#3826 = ORIENTED_EDGE('',*,*,#1189,.T.);
#3827 = ORIENTED_EDGE('',*,*,#3787,.T.);
#3828 = ORIENTED_EDGE('',*,*,#3829,.F.);
#3829 = EDGE_CURVE('',#3820,#3788,#3830,.T.);
#3830 = LINE('',#3831,#3832);
#3831 = CARTESIAN_POINT('',(17.856551032149,9.457107759767,9.8));
#3832 = VECTOR('',#3833,1.);
#3833 = DIRECTION('',(0.642787609687,0.766044443119,0.));
#3834 = PLANE('',#3835);
#3835 = AXIS2_PLACEMENT_3D('',#3836,#3837,#3838);
#3836 = CARTESIAN_POINT('',(17.933155476461,9.392828998798,9.9));
#3837 = DIRECTION('',(0.54167522042,-0.454519477672,-0.707106781187));
#3838 = DIRECTION('',(-0.642787609687,-0.766044443119,-2.22044604925E-16
    ));
#3839 = ADVANCED_FACE('',(#3840),#3858,.T.);
#3840 = FACE_BOUND('',#3841,.T.);
#3841 = EDGE_LOOP('',(#3842,#3843,#3844,#3852));
#3842 = ORIENTED_EDGE('',*,*,#3796,.F.);
#3843 = ORIENTED_EDGE('',*,*,#1206,.T.);
#3844 = ORIENTED_EDGE('',*,*,#3845,.T.);
#3845 = EDGE_CURVE('',#1198,#3846,#3848,.T.);
#3846 = VERTEX_POINT('',#3847);
#3847 = CARTESIAN_POINT('',(13.873119927931,12.799603330137,9.8));
#3848 = LINE('',#3849,#3850);
#3849 = CARTESIAN_POINT('',(13.796515483619,12.863882091105,9.9));
#3850 = VECTOR('',#3851,1.);
#3851 = DIRECTION('',(0.54167522042,-0.454519477672,-0.707106781187));
#3852 = ORIENTED_EDGE('',*,*,#3853,.F.);
#3853 = EDGE_CURVE('',#3797,#3846,#3854,.T.);
#3854 = LINE('',#3855,#3856);
#3855 = CARTESIAN_POINT('',(26.122591392945,27.397954955948,9.8));
#3856 = VECTOR('',#3857,1.);
#3857 = DIRECTION('',(-0.642787609687,-0.766044443119,0.));
#3858 = PLANE('',#3859);
#3859 = AXIS2_PLACEMENT_3D('',#3860,#3861,#3862);
#3860 = CARTESIAN_POINT('',(26.045986948633,27.462233716917,9.9));
#3861 = DIRECTION('',(0.54167522042,-0.454519477672,0.707106781187));
#3862 = DIRECTION('',(-0.642787609687,-0.766044443119,0.));
#3863 = ADVANCED_FACE('',(#3864),#3876,.F.);
#3864 = FACE_BOUND('',#3865,.T.);
#3865 = EDGE_LOOP('',(#3866,#3867,#3868,#3869));
#3866 = ORIENTED_EDGE('',*,*,#3845,.F.);
#3867 = ORIENTED_EDGE('',*,*,#1197,.T.);
#3868 = ORIENTED_EDGE('',*,*,#3819,.T.);
#3869 = ORIENTED_EDGE('',*,*,#3870,.F.);
#3870 = EDGE_CURVE('',#3846,#3820,#3871,.T.);
#3871 = CIRCLE('',#3872,2.6);
#3872 = AXIS2_PLACEMENT_3D('',#3873,#3874,#3875);
#3873 = CARTESIAN_POINT('',(15.86483548004,11.128355544952,9.8));
#3874 = DIRECTION('',(0.,0.,1.));
#3875 = DIRECTION('',(-0.766044443119,0.642787609687,0.));
#3876 = CONICAL_SURFACE('',#3877,2.6,0.785398163397);
#3877 = AXIS2_PLACEMENT_3D('',#3878,#3879,#3880);
#3878 = CARTESIAN_POINT('',(15.86483548004,11.128355544952,9.8));
#3879 = DIRECTION('',(0.,0.,1.));
#3880 = DIRECTION('',(-0.766044443119,0.642787609687,0.));
#3881 = ADVANCED_FACE('',(#3882),#3901,.F.);
#3882 = FACE_BOUND('',#3883,.T.);
#3883 = EDGE_LOOP('',(#3884,#3892,#3893,#3894));
#3884 = ORIENTED_EDGE('',*,*,#3885,.F.);
#3885 = EDGE_CURVE('',#1215,#3886,#3888,.T.);
#3886 = VERTEX_POINT('',#3887);
#3887 = CARTESIAN_POINT('',(13.722534602548,5.,9.8));
#3888 = LINE('',#3889,#3890);
#3889 = CARTESIAN_POINT('',(13.722534602548,5.,9.8));
#3890 = VECTOR('',#3891,1.);
#3891 = DIRECTION('',(-0.707106781187,-2.1E-16,-0.707106781187));
#3892 = ORIENTED_EDGE('',*,*,#1214,.T.);
#3893 = ORIENTED_EDGE('',*,*,#3885,.T.);
#3894 = ORIENTED_EDGE('',*,*,#3895,.F.);
#3895 = EDGE_CURVE('',#3886,#3886,#3896,.T.);
#3896 = CIRCLE('',#3897,3.);
#3897 = AXIS2_PLACEMENT_3D('',#3898,#3899,#3900);
#3898 = CARTESIAN_POINT('',(10.722534602548,5.,9.8));
#3899 = DIRECTION('',(0.,-0.,1.));
#3900 = DIRECTION('',(1.,3.E-16,0.));
#3901 = CONICAL_SURFACE('',#3902,3.,0.785398163397);
#3902 = AXIS2_PLACEMENT_3D('',#3903,#3904,#3905);
#3903 = CARTESIAN_POINT('',(10.722534602548,5.,9.8));
#3904 = DIRECTION('',(0.,0.,1.));
#3905 = DIRECTION('',(1.,3.E-16,0.));
#3906 = ADVANCED_FACE('',(#3907),#3918,.T.);
#3907 = FACE_BOUND('',#3908,.F.);
#3908 = EDGE_LOOP('',(#3909,#3910,#3911,#3917));
#3909 = ORIENTED_EDGE('',*,*,#1257,.T.);
#3910 = ORIENTED_EDGE('',*,*,#3599,.T.);
#3911 = ORIENTED_EDGE('',*,*,#3912,.F.);
#3912 = EDGE_CURVE('',#1705,#3600,#3913,.T.);
#3913 = LINE('',#3914,#3915);
#3914 = CARTESIAN_POINT('',(4.289013841019,0.,0.));
#3915 = VECTOR('',#3916,1.);
#3916 = DIRECTION('',(0.,0.,1.));
#3917 = ORIENTED_EDGE('',*,*,#1712,.F.);
#3918 = CYLINDRICAL_SURFACE('',#3919,2.);
#3919 = AXIS2_PLACEMENT_3D('',#3920,#3921,#3922);
#3920 = CARTESIAN_POINT('',(4.289013841019,2.,0.));
#3921 = DIRECTION('',(-0.,-0.,-1.));
#3922 = DIRECTION('',(1.,0.,0.));
#3923 = ADVANCED_FACE('',(#3924),#3935,.T.);
#3924 = FACE_BOUND('',#3925,.T.);
#3925 = EDGE_LOOP('',(#3926,#3927,#3928,#3934));
#3926 = ORIENTED_EDGE('',*,*,#1313,.T.);
#3927 = ORIENTED_EDGE('',*,*,#3631,.F.);
#3928 = ORIENTED_EDGE('',*,*,#3929,.F.);
#3929 = EDGE_CURVE('',#1437,#3624,#3930,.T.);
#3930 = LINE('',#3931,#3932);
#3931 = CARTESIAN_POINT('',(55.719649679169,1.950867052023,0.));
#3932 = VECTOR('',#3933,1.);
#3933 = DIRECTION('',(0.,0.,1.));
#3934 = ORIENTED_EDGE('',*,*,#1491,.T.);
#3935 = PLANE('',#3936);
#3936 = AXIS2_PLACEMENT_3D('',#3937,#3938,#3939);
#3937 = CARTESIAN_POINT('',(49.557799968187,21.50289017341,0.));
#3938 = DIRECTION('',(0.953757225434,0.300578034682,0.));
#3939 = DIRECTION('',(0.300578034682,-0.953757225434,0.));
#3940 = ADVANCED_FACE('',(#3941),#3966,.T.);
#3941 = FACE_BOUND('',#3942,.T.);
#3942 = EDGE_LOOP('',(#3943,#3949,#3950,#3951,#3957,#3958,#3959,#3965));
#3943 = ORIENTED_EDGE('',*,*,#3944,.F.);
#3944 = EDGE_CURVE('',#3069,#3722,#3945,.T.);
#3945 = LINE('',#3946,#3947);
#3946 = CARTESIAN_POINT('',(46.696528291886,20.601156069364,0.));
#3947 = VECTOR('',#3948,1.);
#3948 = DIRECTION('',(0.,0.,1.));
#3949 = ORIENTED_EDGE('',*,*,#3076,.F.);
#3950 = ORIENTED_EDGE('',*,*,#3026,.F.);
#3951 = ORIENTED_EDGE('',*,*,#3952,.F.);
#3952 = EDGE_CURVE('',#1349,#3027,#3953,.T.);
#3953 = LINE('',#3954,#3955);
#3954 = CARTESIAN_POINT('',(51.821394772995,4.339560504307,3.));
#3955 = VECTOR('',#3956,1.);
#3956 = DIRECTION('',(-0.300578034682,0.953757225434,0.));
#3957 = ORIENTED_EDGE('',*,*,#1346,.F.);
#3958 = ORIENTED_EDGE('',*,*,#1396,.T.);
#3959 = ORIENTED_EDGE('',*,*,#3960,.T.);
#3960 = EDGE_CURVE('',#1389,#3672,#3961,.T.);
#3961 = LINE('',#3962,#3963);
#3962 = CARTESIAN_POINT('',(52.858378002869,1.049132947977,0.));
#3963 = VECTOR('',#3964,1.);
#3964 = DIRECTION('',(0.,0.,1.));
#3965 = ORIENTED_EDGE('',*,*,#3729,.F.);
#3966 = PLANE('',#3967);
#3967 = AXIS2_PLACEMENT_3D('',#3968,#3969,#3970);
#3968 = CARTESIAN_POINT('',(52.858378002869,1.049132947977,0.));
#3969 = DIRECTION('',(-0.953757225434,-0.300578034682,0.));
#3970 = DIRECTION('',(-0.300578034682,0.953757225434,0.));
#3971 = ADVANCED_FACE('',(#3972,#4025,#4043),#4057,.T.);
#3972 = FACE_BOUND('',#3973,.T.);
#3973 = EDGE_LOOP('',(#3974,#3975,#3976,#3977,#3978,#3979,#3980,#3981,
    #3982,#3983,#3984,#3985,#3986,#3987,#3988,#3994,#3995,#3996,#3997,
    #3998,#3999,#4000,#4001,#4002,#4003,#4004,#4005,#4006,#4007,#4008,
    #4009,#4010,#4011,#4012,#4013,#4014,#4015,#4016,#4017,#4018,#4019,
    #4020,#4021,#4022,#4023,#4024));
#3974 = ORIENTED_EDGE('',*,*,#3952,.T.);
#3975 = ORIENTED_EDGE('',*,*,#3052,.F.);
#3976 = ORIENTED_EDGE('',*,*,#3098,.F.);
#3977 = ORIENTED_EDGE('',*,*,#3147,.F.);
#3978 = ORIENTED_EDGE('',*,*,#3195,.F.);
#3979 = ORIENTED_EDGE('',*,*,#3252,.F.);
#3980 = ORIENTED_EDGE('',*,*,#3276,.F.);
#3981 = ORIENTED_EDGE('',*,*,#3328,.F.);
#3982 = ORIENTED_EDGE('',*,*,#3380,.F.);
#3983 = ORIENTED_EDGE('',*,*,#3423,.F.);
#3984 = ORIENTED_EDGE('',*,*,#3397,.F.);
#3985 = ORIENTED_EDGE('',*,*,#3347,.F.);
#3986 = ORIENTED_EDGE('',*,*,#3295,.F.);
#3987 = ORIENTED_EDGE('',*,*,#3219,.F.);
#3988 = ORIENTED_EDGE('',*,*,#3989,.T.);
#3989 = EDGE_CURVE('',#3212,#1897,#3990,.T.);
#3990 = LINE('',#3991,#3992);
#3991 = CARTESIAN_POINT('',(37.741174751862,16.334056028763,3.));
#3992 = VECTOR('',#3993,1.);
#3993 = DIRECTION('',(-0.742413208603,-0.669942256983,0.));
#3994 = ORIENTED_EDGE('',*,*,#1915,.F.);
#3995 = ORIENTED_EDGE('',*,*,#1985,.F.);
#3996 = ORIENTED_EDGE('',*,*,#2035,.F.);
#3997 = ORIENTED_EDGE('',*,*,#2085,.F.);
#3998 = ORIENTED_EDGE('',*,*,#2133,.F.);
#3999 = ORIENTED_EDGE('',*,*,#2183,.F.);
#4000 = ORIENTED_EDGE('',*,*,#2235,.F.);
#4001 = ORIENTED_EDGE('',*,*,#2287,.F.);
#4002 = ORIENTED_EDGE('',*,*,#2306,.F.);
#4003 = ORIENTED_EDGE('',*,*,#2254,.F.);
#4004 = ORIENTED_EDGE('',*,*,#2202,.F.);
#4005 = ORIENTED_EDGE('',*,*,#2152,.F.);
#4006 = ORIENTED_EDGE('',*,*,#2102,.F.);
#4007 = ORIENTED_EDGE('',*,*,#2054,.F.);
#4008 = ORIENTED_EDGE('',*,*,#2004,.F.);
#4009 = ORIENTED_EDGE('',*,*,#1954,.F.);
#4010 = ORIENTED_EDGE('',*,*,#1930,.F.);
#4011 = ORIENTED_EDGE('',*,*,#1873,.F.);
#4012 = ORIENTED_EDGE('',*,*,#1825,.F.);
#4013 = ORIENTED_EDGE('',*,*,#1776,.F.);
#4014 = ORIENTED_EDGE('',*,*,#1728,.F.);
#4015 = ORIENTED_EDGE('',*,*,#1679,.F.);
#4016 = ORIENTED_EDGE('',*,*,#1638,.F.);
#4017 = ORIENTED_EDGE('',*,*,#1614,.F.);
#4018 = ORIENTED_EDGE('',*,*,#1590,.F.);
#4019 = ORIENTED_EDGE('',*,*,#1566,.F.);
#4020 = ORIENTED_EDGE('',*,*,#1542,.F.);
#4021 = ORIENTED_EDGE('',*,*,#1506,.F.);
#4022 = ORIENTED_EDGE('',*,*,#1460,.F.);
#4023 = ORIENTED_EDGE('',*,*,#1411,.F.);
#4024 = ORIENTED_EDGE('',*,*,#1356,.F.);
#4025 = FACE_BOUND('',#4026,.T.);
#4026 = EDGE_LOOP('',(#4027,#4028,#4029,#4030,#4031,#4032,#4033,#4034,
    #4035,#4036,#4037,#4038,#4039,#4040,#4041,#4042));
#4027 = ORIENTED_EDGE('',*,*,#2330,.F.);
#4028 = ORIENTED_EDGE('',*,*,#2706,.F.);
#4029 = ORIENTED_EDGE('',*,*,#2682,.F.);
#4030 = ORIENTED_EDGE('',*,*,#2658,.F.);
#4031 = ORIENTED_EDGE('',*,*,#2632,.F.);
#4032 = ORIENTED_EDGE('',*,*,#2606,.F.);
#4033 = ORIENTED_EDGE('',*,*,#2582,.F.);
#4034 = ORIENTED_EDGE('',*,*,#2556,.F.);
#4035 = ORIENTED_EDGE('',*,*,#2530,.F.);
#4036 = ORIENTED_EDGE('',*,*,#2506,.F.);
#4037 = ORIENTED_EDGE('',*,*,#2480,.F.);
#4038 = ORIENTED_EDGE('',*,*,#2454,.F.);
#4039 = ORIENTED_EDGE('',*,*,#2430,.F.);
#4040 = ORIENTED_EDGE('',*,*,#2404,.F.);
#4041 = ORIENTED_EDGE('',*,*,#2378,.F.);
#4042 = ORIENTED_EDGE('',*,*,#2354,.F.);
#4043 = FACE_BOUND('',#4044,.T.);
#4044 = EDGE_LOOP('',(#4045,#4046,#4047,#4048,#4049,#4050,#4051,#4052,
    #4053,#4054,#4055,#4056));
#4045 = ORIENTED_EDGE('',*,*,#2730,.F.);
#4046 = ORIENTED_EDGE('',*,*,#3008,.F.);
#4047 = ORIENTED_EDGE('',*,*,#2982,.F.);
#4048 = ORIENTED_EDGE('',*,*,#2958,.F.);
#4049 = ORIENTED_EDGE('',*,*,#2932,.F.);
#4050 = ORIENTED_EDGE('',*,*,#2906,.F.);
#4051 = ORIENTED_EDGE('',*,*,#2882,.F.);
#4052 = ORIENTED_EDGE('',*,*,#2856,.F.);
#4053 = ORIENTED_EDGE('',*,*,#2830,.F.);
#4054 = ORIENTED_EDGE('',*,*,#2806,.F.);
#4055 = ORIENTED_EDGE('',*,*,#2780,.F.);
#4056 = ORIENTED_EDGE('',*,*,#2754,.F.);
#4057 = PLANE('',#4058);
#4058 = AXIS2_PLACEMENT_3D('',#4059,#4060,#4061);
#4059 = CARTESIAN_POINT('',(38.681564295403,3.815757412872,3.));
#4060 = DIRECTION('',(0.,0.,1.));
#4061 = DIRECTION('',(1.,0.,0.));
#4062 = ADVANCED_FACE('',(#4063),#4069,.T.);
#4063 = FACE_BOUND('',#4064,.F.);
#4064 = EDGE_LOOP('',(#4065,#4066,#4067,#4068));
#4065 = ORIENTED_EDGE('',*,*,#3960,.T.);
#4066 = ORIENTED_EDGE('',*,*,#3679,.T.);
#4067 = ORIENTED_EDGE('',*,*,#3929,.F.);
#4068 = ORIENTED_EDGE('',*,*,#1444,.F.);
#4069 = CYLINDRICAL_SURFACE('',#4070,1.5);
#4070 = AXIS2_PLACEMENT_3D('',#4071,#4072,#4073);
#4071 = CARTESIAN_POINT('',(54.289013841019,1.5,0.));
#4072 = DIRECTION('',(-0.,-0.,-1.));
#4073 = DIRECTION('',(1.,0.,0.));
#4074 = ADVANCED_FACE('',(#4075),#4086,.F.);
#4075 = FACE_BOUND('',#4076,.F.);
#4076 = EDGE_LOOP('',(#4077,#4078,#4079,#4085));
#4077 = ORIENTED_EDGE('',*,*,#3912,.T.);
#4078 = ORIENTED_EDGE('',*,*,#3648,.T.);
#4079 = ORIENTED_EDGE('',*,*,#4080,.F.);
#4080 = EDGE_CURVE('',#1754,#3649,#4081,.T.);
#4081 = LINE('',#4082,#4083);
#4082 = CARTESIAN_POINT('',(18.871201411868,0.,0.));
#4083 = VECTOR('',#4084,1.);
#4084 = DIRECTION('',(0.,0.,1.));
#4085 = ORIENTED_EDGE('',*,*,#1761,.F.);
#4086 = PLANE('',#4087);
#4087 = AXIS2_PLACEMENT_3D('',#4088,#4089,#4090);
#4088 = CARTESIAN_POINT('',(4.289013841019,0.,0.));
#4089 = DIRECTION('',(0.,1.,0.));
#4090 = DIRECTION('',(1.,0.,0.));
#4091 = ADVANCED_FACE('',(#4092),#4103,.T.);
#4092 = FACE_BOUND('',#4093,.F.);
#4093 = EDGE_LOOP('',(#4094,#4095,#4096,#4102));
#4094 = ORIENTED_EDGE('',*,*,#4080,.T.);
#4095 = ORIENTED_EDGE('',*,*,#3697,.T.);
#4096 = ORIENTED_EDGE('',*,*,#4097,.F.);
#4097 = EDGE_CURVE('',#1802,#3698,#4098,.T.);
#4098 = LINE('',#4099,#4100);
#4099 = CARTESIAN_POINT('',(20.211085925835,0.515173582794,0.));
#4100 = VECTOR('',#4101,1.);
#4101 = DIRECTION('',(0.,0.,1.));
#4102 = ORIENTED_EDGE('',*,*,#1809,.F.);
#4103 = CYLINDRICAL_SURFACE('',#4104,2.);
#4104 = AXIS2_PLACEMENT_3D('',#4105,#4106,#4107);
#4105 = CARTESIAN_POINT('',(18.871201411868,2.,0.));
#4106 = DIRECTION('',(-0.,-0.,-1.));
#4107 = DIRECTION('',(1.,0.,0.));
#4108 = ADVANCED_FACE('',(#4109),#4124,.T.);
#4109 = FACE_BOUND('',#4110,.T.);
#4110 = EDGE_LOOP('',(#4111,#4112,#4113,#4114,#4115,#4116,#4117,#4123));
#4111 = ORIENTED_EDGE('',*,*,#4097,.F.);
#4112 = ORIENTED_EDGE('',*,*,#1858,.T.);
#4113 = ORIENTED_EDGE('',*,*,#1896,.F.);
#4114 = ORIENTED_EDGE('',*,*,#3989,.F.);
#4115 = ORIENTED_EDGE('',*,*,#3211,.F.);
#4116 = ORIENTED_EDGE('',*,*,#3173,.F.);
#4117 = ORIENTED_EDGE('',*,*,#4118,.T.);
#4118 = EDGE_CURVE('',#3117,#3747,#4119,.T.);
#4119 = LINE('',#4120,#4121);
#4120 = CARTESIAN_POINT('',(43.449129327053,21.484826417206,0.));
#4121 = VECTOR('',#4122,1.);
#4122 = DIRECTION('',(0.,0.,1.));
#4123 = ORIENTED_EDGE('',*,*,#3746,.F.);
#4124 = PLANE('',#4125);
#4125 = AXIS2_PLACEMENT_3D('',#4126,#4127,#4128);
#4126 = CARTESIAN_POINT('',(43.449129327053,21.484826417206,0.));
#4127 = DIRECTION('',(0.669942256983,-0.742413208603,0.));
#4128 = DIRECTION('',(-0.742413208603,-0.669942256983,0.));
#4129 = ADVANCED_FACE('',(#4130),#4136,.F.);
#4130 = FACE_BOUND('',#4131,.T.);
#4131 = EDGE_LOOP('',(#4132,#4133,#4134,#4135));
#4132 = ORIENTED_EDGE('',*,*,#3944,.T.);
#4133 = ORIENTED_EDGE('',*,*,#3770,.F.);
#4134 = ORIENTED_EDGE('',*,*,#4118,.F.);
#4135 = ORIENTED_EDGE('',*,*,#3124,.F.);
#4136 = CYLINDRICAL_SURFACE('',#4137,2.);
#4137 = AXIS2_PLACEMENT_3D('',#4138,#4139,#4140);
#4138 = CARTESIAN_POINT('',(44.789013841019,20.,0.));
#4139 = DIRECTION('',(-0.,-0.,-1.));
#4140 = DIRECTION('',(1.,0.,0.));
#4141 = ADVANCED_FACE('',(#4142),#4158,.F.);
#4142 = FACE_BOUND('',#4143,.F.);
#4143 = EDGE_LOOP('',(#4144,#4150,#4151,#4157));
#4144 = ORIENTED_EDGE('',*,*,#4145,.T.);
#4145 = EDGE_CURVE('',#3442,#3788,#4146,.T.);
#4146 = LINE('',#4147,#4148);
#4147 = CARTESIAN_POINT('',(30.106022497164,24.055459385578,0.));
#4148 = VECTOR('',#4149,1.);
#4149 = DIRECTION('',(0.,0.,1.));
#4150 = ORIENTED_EDGE('',*,*,#3829,.F.);
#4151 = ORIENTED_EDGE('',*,*,#4152,.F.);
#4152 = EDGE_CURVE('',#3451,#3820,#4153,.T.);
#4153 = LINE('',#4154,#4155);
#4154 = CARTESIAN_POINT('',(17.856551032149,9.457107759767,0.));
#4155 = VECTOR('',#4156,1.);
#4156 = DIRECTION('',(0.,0.,1.));
#4157 = ORIENTED_EDGE('',*,*,#3458,.F.);
#4158 = PLANE('',#4159);
#4159 = AXIS2_PLACEMENT_3D('',#4160,#4161,#4162);
#4160 = CARTESIAN_POINT('',(30.106022497164,24.055459385578,0.));
#4161 = DIRECTION('',(0.766044443119,-0.642787609687,0.));
#4162 = DIRECTION('',(-0.642787609687,-0.766044443119,0.));
#4163 = ADVANCED_FACE('',(#4164),#4175,.F.);
#4164 = FACE_BOUND('',#4165,.T.);
#4165 = EDGE_LOOP('',(#4166,#4167,#4168,#4174));
#4166 = ORIENTED_EDGE('',*,*,#4145,.T.);
#4167 = ORIENTED_EDGE('',*,*,#3804,.T.);
#4168 = ORIENTED_EDGE('',*,*,#4169,.F.);
#4169 = EDGE_CURVE('',#3473,#3797,#4170,.T.);
#4170 = LINE('',#4171,#4172);
#4171 = CARTESIAN_POINT('',(26.122591392945,27.397954955948,0.));
#4172 = VECTOR('',#4173,1.);
#4173 = DIRECTION('',(0.,0.,1.));
#4174 = ORIENTED_EDGE('',*,*,#3482,.T.);
#4175 = CYLINDRICAL_SURFACE('',#4176,2.6);
#4176 = AXIS2_PLACEMENT_3D('',#4177,#4178,#4179);
#4177 = CARTESIAN_POINT('',(28.114306945055,25.726707170763,0.));
#4178 = DIRECTION('',(-0.,-0.,-1.));
#4179 = DIRECTION('',(1.,0.,0.));
#4180 = ADVANCED_FACE('',(#4181),#4192,.F.);
#4181 = FACE_BOUND('',#4182,.T.);
#4182 = EDGE_LOOP('',(#4183,#4189,#4190,#4191));
#4183 = ORIENTED_EDGE('',*,*,#4184,.T.);
#4184 = EDGE_CURVE('',#3500,#3846,#4185,.T.);
#4185 = LINE('',#4186,#4187);
#4186 = CARTESIAN_POINT('',(13.873119927931,12.799603330137,0.));
#4187 = VECTOR('',#4188,1.);
#4188 = DIRECTION('',(0.,0.,1.));
#4189 = ORIENTED_EDGE('',*,*,#3870,.T.);
#4190 = ORIENTED_EDGE('',*,*,#4152,.F.);
#4191 = ORIENTED_EDGE('',*,*,#3507,.T.);
#4192 = CYLINDRICAL_SURFACE('',#4193,2.6);
#4193 = AXIS2_PLACEMENT_3D('',#4194,#4195,#4196);
#4194 = CARTESIAN_POINT('',(15.86483548004,11.128355544952,0.));
#4195 = DIRECTION('',(-0.,-0.,-1.));
#4196 = DIRECTION('',(1.,0.,0.));
#4197 = ADVANCED_FACE('',(#4198),#4204,.T.);
#4198 = FACE_BOUND('',#4199,.T.);
#4199 = EDGE_LOOP('',(#4200,#4201,#4202,#4203));
#4200 = ORIENTED_EDGE('',*,*,#4169,.T.);
#4201 = ORIENTED_EDGE('',*,*,#3853,.T.);
#4202 = ORIENTED_EDGE('',*,*,#4184,.F.);
#4203 = ORIENTED_EDGE('',*,*,#3525,.T.);
#4204 = PLANE('',#4205);
#4205 = AXIS2_PLACEMENT_3D('',#4206,#4207,#4208);
#4206 = CARTESIAN_POINT('',(26.122591392945,27.397954955948,0.));
#4207 = DIRECTION('',(0.766044443119,-0.642787609687,0.));
#4208 = DIRECTION('',(-0.642787609687,-0.766044443119,0.));
#4209 = ADVANCED_FACE('',(#4210),#4221,.F.);
#4210 = FACE_BOUND('',#4211,.T.);
#4211 = EDGE_LOOP('',(#4212,#4218,#4219,#4220));
#4212 = ORIENTED_EDGE('',*,*,#4213,.T.);
#4213 = EDGE_CURVE('',#3540,#3886,#4214,.T.);
#4214 = LINE('',#4215,#4216);
#4215 = CARTESIAN_POINT('',(13.722534602548,5.,0.));
#4216 = VECTOR('',#4217,1.);
#4217 = DIRECTION('',(0.,0.,1.));
#4218 = ORIENTED_EDGE('',*,*,#3895,.T.);
#4219 = ORIENTED_EDGE('',*,*,#4213,.F.);
#4220 = ORIENTED_EDGE('',*,*,#3549,.F.);
#4221 = CYLINDRICAL_SURFACE('',#4222,3.);
#4222 = AXIS2_PLACEMENT_3D('',#4223,#4224,#4225);
#4223 = CARTESIAN_POINT('',(10.722534602548,5.,0.));
#4224 = DIRECTION('',(-0.,-0.,-1.));
#4225 = DIRECTION('',(1.,0.,0.));
#4226 = ( GEOMETRIC_REPRESENTATION_CONTEXT(3) 
GLOBAL_UNCERTAINTY_ASSIGNED_CONTEXT((#4230)) 
GLOBAL_UNIT_ASSIGNED_CONTEXT((#4227,#4228,#4229)) REPRESENTATION_CONTEXT
('Context #1','3D Context with UNIT and UNCERTAINTY') );
#4227 = ( LENGTH_UNIT() NAMED_UNIT(*) SI_UNIT(.MILLI.,.METRE.) );
#4228 = ( NAMED_UNIT(*) PLANE_ANGLE_UNIT() SI_UNIT($,.RADIAN.) );
#4229 = ( NAMED_UNIT(*) SI_UNIT($,.STERADIAN.) SOLID_ANGLE_UNIT() );
#4230 = UNCERTAINTY_MEASURE_WITH_UNIT(LENGTH_MEASURE(5.E-06),#4227,
  'distance_accuracy_value','confusion accuracy');
#4231 = PRODUCT_RELATED_PRODUCT_CATEGORY('part',$,(#7));
ENDSEC;
END-ISO-10303-21;
