ISO-10303-21;
HEADER;
FILE_DESCRIPTION(('FreeCAD Model'),'2;1');
FILE_NAME('Open CASCADE Shape Model','2026-09-21T23:50:19',('Author'),(
    ''),'Open CASCADE STEP processor 7.6','FreeCAD','Unknown');
FILE_SCHEMA(('AUTOMOTIVE_DESIGN { 1 0 10303 214 1 1 1 1 }'));
ENDSEC;
DATA;
#1 = APPLICATION_PROTOCOL_DEFINITION('international standard',
  'automotive_design',2000,#2);
#2 = APPLICATION_CONTEXT(
  'core data for automotive mechanical design processes');
#3 = SHAPE_DEFINITION_REPRESENTATION(#4,#10);
#4 = PRODUCT_DEFINITION_SHAPE('','',#5);
#5 = PRODUCT_DEFINITION('design','',#6,#9);
#6 = PRODUCT_DEFINITION_FORMATION('','',#7);
#7 = PRODUCT('B_landing_gear_mount','B_landing_gear_mount','',(#8));
#8 = PRODUCT_CONTEXT('',#2,'mechanical');
#9 = PRODUCT_DEFINITION_CONTEXT('part definition',#2,'design');
#10 = ADVANCED_BREP_SHAPE_REPRESENTATION('',(#11,#15),#2352);
#11 = AXIS2_PLACEMENT_3D('',#12,#13,#14);
#12 = CARTESIAN_POINT('',(0.,0.,0.));
#13 = DIRECTION('',(0.,0.,1.));
#14 = DIRECTION('',(1.,0.,-0.));
#15 = MANIFOLD_SOLID_BREP('',#16);
#16 = CLOSED_SHELL('',(#17,#77,#138,#163,#208,#261,#286,#323,#347,#364,
    #376,#401,#493,#505,#530,#555,#589,#622,#655,#700,#734,#759,#791,
    #829,#854,#879,#896,#938,#955,#1003,#1098,#1115,#1148,#1165,#1199,
    #1223,#1271,#1297,#1314,#1338,#1368,#1400,#1431,#1461,#1472,#1502,
    #1534,#1566,#1600,#1631,#1663,#1688,#1714,#1739,#1763,#1793,#1817,
    #1833,#1865,#1888,#1906,#1946,#2052,#2096,#2114,#2158,#2176,#2199,
    #2227,#2252,#2277,#2302,#2319,#2343));
#17 = ADVANCED_FACE('',(#18),#72,.F.);
#18 = FACE_BOUND('',#19,.F.);
#19 = EDGE_LOOP('',(#20,#30,#40,#48,#58,#66));
#20 = ORIENTED_EDGE('',*,*,#21,.F.);
#21 = EDGE_CURVE('',#22,#24,#26,.T.);
#22 = VERTEX_POINT('',#23);
#23 = CARTESIAN_POINT('',(-5.1,39.309522580982,19.394500251819));
#24 = VERTEX_POINT('',#25);
#25 = CARTESIAN_POINT('',(-5.1,24.672134745372,1.950340712536));
#26 = LINE('',#27,#28);
#27 = CARTESIAN_POINT('',(-5.1,42.90320608579,23.677285479321));
#28 = VECTOR('',#29,1.);
#29 = DIRECTION('',(-0.,-0.642787609687,-0.766044443119));
#30 = ORIENTED_EDGE('',*,*,#31,.F.);
#31 = EDGE_CURVE('',#32,#22,#34,.T.);
#32 = VERTEX_POINT('',#33);
#33 = CARTESIAN_POINT('',(-5.114392270224,39.319770095521,
    19.406712764086));
#34 = B_SPLINE_CURVE_WITH_KNOTS('',4,(#35,#36,#37,#38,#39),
  .UNSPECIFIED.,.F.,.F.,(5,5),(0.,1.),.PIECEWISE_BEZIER_KNOTS.);
#35 = CARTESIAN_POINT('',(-5.114392270224,39.319770095521,
    19.406712764086));
#36 = CARTESIAN_POINT('',(-5.110794013162,39.317208434647,
    19.403659895537));
#37 = CARTESIAN_POINT('',(-5.107195882255,39.314646628794,
    19.400606854208));
#38 = CARTESIAN_POINT('',(-5.103597877776,39.31208467767,19.397553639752
    ));
#39 = CARTESIAN_POINT('',(-5.1,39.309522580982,19.394500251819));
#40 = ORIENTED_EDGE('',*,*,#41,.T.);
#41 = EDGE_CURVE('',#32,#42,#44,.T.);
#42 = VERTEX_POINT('',#43);
#43 = CARTESIAN_POINT('',(5.114392270224,39.319770095521,19.406712764086
    ));
#44 = LINE('',#45,#46);
#45 = CARTESIAN_POINT('',(-5.1,39.319770095521,19.406712764086));
#46 = VECTOR('',#47,1.);
#47 = DIRECTION('',(1.,0.,0.));
#48 = ORIENTED_EDGE('',*,*,#49,.T.);
#49 = EDGE_CURVE('',#42,#50,#52,.T.);
#50 = VERTEX_POINT('',#51);
#51 = CARTESIAN_POINT('',(5.1,39.309522580982,19.394500251819));
#52 = B_SPLINE_CURVE_WITH_KNOTS('',4,(#53,#54,#55,#56,#57),
  .UNSPECIFIED.,.F.,.F.,(5,5),(0.,1.),.PIECEWISE_BEZIER_KNOTS.);
#53 = CARTESIAN_POINT('',(5.114392270224,39.319770095521,19.406712764086
    ));
#54 = CARTESIAN_POINT('',(5.110794013162,39.317208434647,19.403659895537
    ));
#55 = CARTESIAN_POINT('',(5.107195882255,39.314646628794,19.400606854208
    ));
#56 = CARTESIAN_POINT('',(5.103597877776,39.31208467767,19.397553639752)
  );
#57 = CARTESIAN_POINT('',(5.1,39.309522580982,19.394500251819));
#58 = ORIENTED_EDGE('',*,*,#59,.T.);
#59 = EDGE_CURVE('',#50,#60,#62,.T.);
#60 = VERTEX_POINT('',#61);
#61 = CARTESIAN_POINT('',(5.1,24.672134745372,1.950340712536));
#62 = LINE('',#63,#64);
#63 = CARTESIAN_POINT('',(5.1,42.90320608579,23.677285479321));
#64 = VECTOR('',#65,1.);
#65 = DIRECTION('',(-0.,-0.642787609687,-0.766044443119));
#66 = ORIENTED_EDGE('',*,*,#67,.T.);
#67 = EDGE_CURVE('',#60,#24,#68,.T.);
#68 = LINE('',#69,#70);
#69 = CARTESIAN_POINT('',(5.1,24.672134745372,1.950340712536));
#70 = VECTOR('',#71,1.);
#71 = DIRECTION('',(-1.,0.,0.));
#72 = PLANE('',#73);
#73 = AXIS2_PLACEMENT_3D('',#74,#75,#76);
#74 = CARTESIAN_POINT('',(5.1,42.90320608579,23.677285479321));
#75 = DIRECTION('',(0.,0.766044443119,-0.642787609687));
#76 = DIRECTION('',(-1.,0.,0.));
#77 = ADVANCED_FACE('',(#78,#122),#133,.F.);
#78 = FACE_BOUND('',#79,.F.);
#79 = EDGE_LOOP('',(#80,#90,#97,#98,#107,#115));
#80 = ORIENTED_EDGE('',*,*,#81,.F.);
#81 = EDGE_CURVE('',#82,#84,#86,.T.);
#82 = VERTEX_POINT('',#83);
#83 = CARTESIAN_POINT('',(-5.1,31.495869261168,25.950933870622));
#84 = VERTEX_POINT('',#85);
#85 = CARTESIAN_POINT('',(-5.1,16.642736287073,8.249659287464));
#86 = LINE('',#87,#88);
#87 = CARTESIAN_POINT('',(-5.1,35.089552765977,30.233719098124));
#88 = VECTOR('',#89,1.);
#89 = DIRECTION('',(-0.,-0.642787609687,-0.766044443119));
#90 = ORIENTED_EDGE('',*,*,#91,.F.);
#91 = EDGE_CURVE('',#22,#82,#92,.T.);
#92 = CIRCLE('',#93,11.85);
#93 = AXIS2_PLACEMENT_3D('',#94,#95,#96);
#94 = CARTESIAN_POINT('',(-5.1,28.527196743827,14.478816215856));
#95 = DIRECTION('',(1.,0.,-0.));
#96 = DIRECTION('',(0.,0.907415957762,0.420233601225));
#97 = ORIENTED_EDGE('',*,*,#21,.T.);
#98 = ORIENTED_EDGE('',*,*,#99,.T.);
#99 = EDGE_CURVE('',#24,#100,#102,.T.);
#100 = VERTEX_POINT('',#101);
#101 = CARTESIAN_POINT('',(-5.1,20.918516974089,0.2));
#102 = CIRCLE('',#103,4.9);
#103 = AXIS2_PLACEMENT_3D('',#104,#105,#106);
#104 = CARTESIAN_POINT('',(-5.1,20.918516974089,5.1));
#105 = DIRECTION('',(-1.,0.,0.));
#106 = DIRECTION('',(0.,0.,-1.));
#107 = ORIENTED_EDGE('',*,*,#108,.T.);
#108 = EDGE_CURVE('',#100,#109,#111,.T.);
#109 = VERTEX_POINT('',#110);
#110 = CARTESIAN_POINT('',(-5.1,20.396354058356,0.2));
#111 = LINE('',#112,#113);
#112 = CARTESIAN_POINT('',(-5.1,21.451603042895,0.2));
#113 = VECTOR('',#114,1.);
#114 = DIRECTION('',(-0.,-1.,-0.));
#115 = ORIENTED_EDGE('',*,*,#116,.F.);
#116 = EDGE_CURVE('',#84,#109,#117,.T.);
#117 = CIRCLE('',#118,4.9);
#118 = AXIS2_PLACEMENT_3D('',#119,#120,#121);
#119 = CARTESIAN_POINT('',(-5.1,20.396354058356,5.1));
#120 = DIRECTION('',(1.,0.,-0.));
#121 = DIRECTION('',(0.,0.,1.));
#122 = FACE_BOUND('',#123,.F.);
#123 = EDGE_LOOP('',(#124));
#124 = ORIENTED_EDGE('',*,*,#125,.T.);
#125 = EDGE_CURVE('',#126,#126,#128,.T.);
#126 = VERTEX_POINT('',#127);
#127 = CARTESIAN_POINT('',(-5.1,29.323236688125,13.222755533023));
#128 = CIRCLE('',#129,1.85);
#129 = AXIS2_PLACEMENT_3D('',#130,#131,#132);
#130 = CARTESIAN_POINT('',(-5.1,27.473236688125,13.222755533023));
#131 = DIRECTION('',(1.,-0.,0.));
#132 = DIRECTION('',(0.,1.,-1.08E-15));
#133 = PLANE('',#134);
#134 = AXIS2_PLACEMENT_3D('',#135,#136,#137);
#135 = CARTESIAN_POINT('',(-5.1,42.90320608579,23.677285479321));
#136 = DIRECTION('',(-1.,0.,0.));
#137 = DIRECTION('',(0.,-0.766044443119,0.642787609687));
#138 = ADVANCED_FACE('',(#139),#158,.F.);
#139 = FACE_BOUND('',#140,.F.);
#140 = EDGE_LOOP('',(#141,#150,#156,#157));
#141 = ORIENTED_EDGE('',*,*,#142,.T.);
#142 = EDGE_CURVE('',#60,#143,#145,.T.);
#143 = VERTEX_POINT('',#144);
#144 = CARTESIAN_POINT('',(5.1,20.918516974089,0.2));
#145 = CIRCLE('',#146,4.9);
#146 = AXIS2_PLACEMENT_3D('',#147,#148,#149);
#147 = CARTESIAN_POINT('',(5.1,20.918516974089,5.1));
#148 = DIRECTION('',(-1.,0.,0.));
#149 = DIRECTION('',(0.,0.,-1.));
#150 = ORIENTED_EDGE('',*,*,#151,.T.);
#151 = EDGE_CURVE('',#143,#100,#152,.T.);
#152 = LINE('',#153,#154);
#153 = CARTESIAN_POINT('',(5.1,20.918516974089,0.2));
#154 = VECTOR('',#155,1.);
#155 = DIRECTION('',(-1.,0.,0.));
#156 = ORIENTED_EDGE('',*,*,#99,.F.);
#157 = ORIENTED_EDGE('',*,*,#67,.F.);
#158 = CYLINDRICAL_SURFACE('',#159,4.9);
#159 = AXIS2_PLACEMENT_3D('',#160,#161,#162);
#160 = CARTESIAN_POINT('',(5.1,20.918516974089,5.1));
#161 = DIRECTION('',(-1.,0.,0.));
#162 = DIRECTION('',(0.,0.766044443119,-0.642787609687));
#163 = ADVANCED_FACE('',(#164),#203,.T.);
#164 = FACE_BOUND('',#165,.T.);
#165 = EDGE_LOOP('',(#166,#175,#184,#193,#201,#202));
#166 = ORIENTED_EDGE('',*,*,#167,.F.);
#167 = EDGE_CURVE('',#168,#32,#170,.T.);
#168 = VERTEX_POINT('',#169);
#169 = CARTESIAN_POINT('',(-5.25,39.478371343532,19.38511572636));
#170 = HYPERBOLA('',#171,6.339040262001,6.339040262001);
#171 = AXIS2_PLACEMENT_3D('',#172,#173,#174);
#172 = CARTESIAN_POINT('',(6.75,29.382502621312,20.759889635202));
#173 = DIRECTION('',(0.,0.134926714792,0.990855580615));
#174 = DIRECTION('',(-1.,0.,0.));
#175 = ORIENTED_EDGE('',*,*,#176,.T.);
#176 = EDGE_CURVE('',#168,#177,#179,.T.);
#177 = VERTEX_POINT('',#178);
#178 = CARTESIAN_POINT('',(-5.25,31.457307027819,26.115587835324));
#179 = CIRCLE('',#180,12.);
#180 = AXIS2_PLACEMENT_3D('',#181,#182,#183);
#181 = CARTESIAN_POINT('',(-5.25,28.527196743827,14.478816215856));
#182 = DIRECTION('',(1.,0.,-0.));
#183 = DIRECTION('',(0.,0.907415957762,0.420233601225));
#184 = ORIENTED_EDGE('',*,*,#185,.T.);
#185 = EDGE_CURVE('',#177,#186,#188,.T.);
#186 = VERTEX_POINT('',#187);
#187 = CARTESIAN_POINT('',(-5.114392270224,31.506116775707,
    25.963146382889));
#188 = HYPERBOLA('',#189,6.339040262002,6.339040262002);
#189 = AXIS2_PLACEMENT_3D('',#190,#191,#192);
#190 = CARTESIAN_POINT('',(6.75,34.564324237464,16.411825028263));
#191 = DIRECTION('',(-0.,-0.952372479763,-0.30493714072));
#192 = DIRECTION('',(-1.,0.,0.));
#193 = ORIENTED_EDGE('',*,*,#194,.T.);
#194 = EDGE_CURVE('',#186,#82,#195,.T.);
#195 = B_SPLINE_CURVE_WITH_KNOTS('',4,(#196,#197,#198,#199,#200),
  .UNSPECIFIED.,.F.,.F.,(5,5),(0.,1.),.PIECEWISE_BEZIER_KNOTS.);
#196 = CARTESIAN_POINT('',(-5.114392270224,31.506116775707,
    25.963146382889));
#197 = CARTESIAN_POINT('',(-5.110794013162,31.503555114833,
    25.960093514339));
#198 = CARTESIAN_POINT('',(-5.107195882255,31.50099330898,
    25.957040473011));
#199 = CARTESIAN_POINT('',(-5.103597877776,31.498431357857,
    25.953987258555));
#200 = CARTESIAN_POINT('',(-5.1,31.495869261168,25.950933870622));
#201 = ORIENTED_EDGE('',*,*,#91,.F.);
#202 = ORIENTED_EDGE('',*,*,#31,.F.);
#203 = CONICAL_SURFACE('',#204,12.,0.785398163397);
#204 = AXIS2_PLACEMENT_3D('',#205,#206,#207);
#205 = CARTESIAN_POINT('',(-5.25,28.527196743827,14.478816215856));
#206 = DIRECTION('',(-1.,-0.,-0.));
#207 = DIRECTION('',(0.,0.907415957762,0.420233601225));
#208 = ADVANCED_FACE('',(#209,#245),#256,.F.);
#209 = FACE_BOUND('',#210,.F.);
#210 = EDGE_LOOP('',(#211,#212,#221,#229,#238,#244));
#211 = ORIENTED_EDGE('',*,*,#59,.F.);
#212 = ORIENTED_EDGE('',*,*,#213,.T.);
#213 = EDGE_CURVE('',#50,#214,#216,.T.);
#214 = VERTEX_POINT('',#215);
#215 = CARTESIAN_POINT('',(5.1,31.495869261168,25.950933870622));
#216 = CIRCLE('',#217,11.85);
#217 = AXIS2_PLACEMENT_3D('',#218,#219,#220);
#218 = CARTESIAN_POINT('',(5.1,28.527196743827,14.478816215856));
#219 = DIRECTION('',(1.,0.,-0.));
#220 = DIRECTION('',(0.,0.907415957762,0.420233601225));
#221 = ORIENTED_EDGE('',*,*,#222,.T.);
#222 = EDGE_CURVE('',#214,#223,#225,.T.);
#223 = VERTEX_POINT('',#224);
#224 = CARTESIAN_POINT('',(5.1,16.642736287073,8.249659287464));
#225 = LINE('',#226,#227);
#226 = CARTESIAN_POINT('',(5.1,35.089552765977,30.233719098124));
#227 = VECTOR('',#228,1.);
#228 = DIRECTION('',(-0.,-0.642787609687,-0.766044443119));
#229 = ORIENTED_EDGE('',*,*,#230,.T.);
#230 = EDGE_CURVE('',#223,#231,#233,.T.);
#231 = VERTEX_POINT('',#232);
#232 = CARTESIAN_POINT('',(5.1,20.396354058356,0.2));
#233 = CIRCLE('',#234,4.9);
#234 = AXIS2_PLACEMENT_3D('',#235,#236,#237);
#235 = CARTESIAN_POINT('',(5.1,20.396354058356,5.1));
#236 = DIRECTION('',(1.,0.,-0.));
#237 = DIRECTION('',(0.,0.,1.));
#238 = ORIENTED_EDGE('',*,*,#239,.T.);
#239 = EDGE_CURVE('',#231,#143,#240,.T.);
#240 = LINE('',#241,#242);
#241 = CARTESIAN_POINT('',(5.1,17.544776382988,0.2));
#242 = VECTOR('',#243,1.);
#243 = DIRECTION('',(0.,1.,0.));
#244 = ORIENTED_EDGE('',*,*,#142,.F.);
#245 = FACE_BOUND('',#246,.F.);
#246 = EDGE_LOOP('',(#247));
#247 = ORIENTED_EDGE('',*,*,#248,.F.);
#248 = EDGE_CURVE('',#249,#249,#251,.T.);
#249 = VERTEX_POINT('',#250);
#250 = CARTESIAN_POINT('',(5.1,29.323236688125,13.222755533023));
#251 = CIRCLE('',#252,1.85);
#252 = AXIS2_PLACEMENT_3D('',#253,#254,#255);
#253 = CARTESIAN_POINT('',(5.1,27.473236688125,13.222755533023));
#254 = DIRECTION('',(1.,-0.,0.));
#255 = DIRECTION('',(0.,1.,-1.08E-15));
#256 = PLANE('',#257);
#257 = AXIS2_PLACEMENT_3D('',#258,#259,#260);
#258 = CARTESIAN_POINT('',(5.1,35.089552765977,30.233719098124));
#259 = DIRECTION('',(1.,0.,0.));
#260 = DIRECTION('',(0.,0.766044443119,-0.642787609687));
#261 = ADVANCED_FACE('',(#262),#281,.F.);
#262 = FACE_BOUND('',#263,.F.);
#263 = EDGE_LOOP('',(#264,#265,#273,#280));
#264 = ORIENTED_EDGE('',*,*,#167,.F.);
#265 = ORIENTED_EDGE('',*,*,#266,.T.);
#266 = EDGE_CURVE('',#168,#267,#269,.T.);
#267 = VERTEX_POINT('',#268);
#268 = CARTESIAN_POINT('',(5.25,39.478371343532,19.38511572636));
#269 = LINE('',#270,#271);
#270 = CARTESIAN_POINT('',(-5.1,39.478371343532,19.38511572636));
#271 = VECTOR('',#272,1.);
#272 = DIRECTION('',(1.,0.,0.));
#273 = ORIENTED_EDGE('',*,*,#274,.T.);
#274 = EDGE_CURVE('',#267,#42,#275,.T.);
#275 = HYPERBOLA('',#276,6.339040262001,6.339040262001);
#276 = AXIS2_PLACEMENT_3D('',#277,#278,#279);
#277 = CARTESIAN_POINT('',(-6.75,29.382502621312,20.759889635202));
#278 = DIRECTION('',(0.,-0.134926714792,-0.990855580615));
#279 = DIRECTION('',(1.,0.,0.));
#280 = ORIENTED_EDGE('',*,*,#41,.F.);
#281 = PLANE('',#282);
#282 = AXIS2_PLACEMENT_3D('',#283,#284,#285);
#283 = CARTESIAN_POINT('',(-5.1,39.319770095521,19.406712764086));
#284 = DIRECTION('',(0.,-0.134926714792,-0.990855580615));
#285 = DIRECTION('',(1.,0.,0.));
#286 = ADVANCED_FACE('',(#287),#318,.T.);
#287 = FACE_BOUND('',#288,.F.);
#288 = EDGE_LOOP('',(#289,#300,#308,#309,#310,#311));
#289 = ORIENTED_EDGE('',*,*,#290,.T.);
#290 = EDGE_CURVE('',#291,#293,#295,.T.);
#291 = VERTEX_POINT('',#292);
#292 = CARTESIAN_POINT('',(5.25,31.457307027819,26.115587835324));
#293 = VERTEX_POINT('',#294);
#294 = CARTESIAN_POINT('',(5.114392270224,31.506116775707,
    25.963146382889));
#295 = HYPERBOLA('',#296,6.339040262002,6.339040262002);
#296 = AXIS2_PLACEMENT_3D('',#297,#298,#299);
#297 = CARTESIAN_POINT('',(-6.75,34.564324237464,16.411825028263));
#298 = DIRECTION('',(-0.,0.952372479763,0.30493714072));
#299 = DIRECTION('',(1.,0.,0.));
#300 = ORIENTED_EDGE('',*,*,#301,.T.);
#301 = EDGE_CURVE('',#293,#214,#302,.T.);
#302 = B_SPLINE_CURVE_WITH_KNOTS('',4,(#303,#304,#305,#306,#307),
  .UNSPECIFIED.,.F.,.F.,(5,5),(0.,1.),.PIECEWISE_BEZIER_KNOTS.);
#303 = CARTESIAN_POINT('',(5.114392270224,31.506116775707,
    25.963146382889));
#304 = CARTESIAN_POINT('',(5.110794013162,31.503555114833,
    25.960093514339));
#305 = CARTESIAN_POINT('',(5.107195882255,31.50099330898,25.957040473011
    ));
#306 = CARTESIAN_POINT('',(5.103597877776,31.498431357857,
    25.953987258555));
#307 = CARTESIAN_POINT('',(5.1,31.495869261168,25.950933870622));
#308 = ORIENTED_EDGE('',*,*,#213,.F.);
#309 = ORIENTED_EDGE('',*,*,#49,.F.);
#310 = ORIENTED_EDGE('',*,*,#274,.F.);
#311 = ORIENTED_EDGE('',*,*,#312,.T.);
#312 = EDGE_CURVE('',#267,#291,#313,.T.);
#313 = CIRCLE('',#314,12.);
#314 = AXIS2_PLACEMENT_3D('',#315,#316,#317);
#315 = CARTESIAN_POINT('',(5.25,28.527196743827,14.478816215856));
#316 = DIRECTION('',(1.,0.,-0.));
#317 = DIRECTION('',(0.,0.907415957762,0.420233601225));
#318 = CONICAL_SURFACE('',#319,12.,0.785398163397);
#319 = AXIS2_PLACEMENT_3D('',#320,#321,#322);
#320 = CARTESIAN_POINT('',(5.25,28.527196743827,14.478816215856));
#321 = DIRECTION('',(1.,0.,0.));
#322 = DIRECTION('',(0.,0.907415957762,0.420233601225));
#323 = ADVANCED_FACE('',(#324),#342,.F.);
#324 = FACE_BOUND('',#325,.F.);
#325 = EDGE_LOOP('',(#326,#327,#328,#334,#335,#336));
#326 = ORIENTED_EDGE('',*,*,#222,.F.);
#327 = ORIENTED_EDGE('',*,*,#301,.F.);
#328 = ORIENTED_EDGE('',*,*,#329,.F.);
#329 = EDGE_CURVE('',#186,#293,#330,.T.);
#330 = LINE('',#331,#332);
#331 = CARTESIAN_POINT('',(-5.1,31.506116775707,25.963146382889));
#332 = VECTOR('',#333,1.);
#333 = DIRECTION('',(1.,0.,0.));
#334 = ORIENTED_EDGE('',*,*,#194,.T.);
#335 = ORIENTED_EDGE('',*,*,#81,.T.);
#336 = ORIENTED_EDGE('',*,*,#337,.T.);
#337 = EDGE_CURVE('',#84,#223,#338,.T.);
#338 = LINE('',#339,#340);
#339 = CARTESIAN_POINT('',(-5.1,16.642736287073,8.249659287464));
#340 = VECTOR('',#341,1.);
#341 = DIRECTION('',(1.,0.,0.));
#342 = PLANE('',#343);
#343 = AXIS2_PLACEMENT_3D('',#344,#345,#346);
#344 = CARTESIAN_POINT('',(-5.1,35.089552765977,30.233719098124));
#345 = DIRECTION('',(0.,-0.766044443119,0.642787609687));
#346 = DIRECTION('',(1.,0.,0.));
#347 = ADVANCED_FACE('',(#348),#359,.F.);
#348 = FACE_BOUND('',#349,.F.);
#349 = EDGE_LOOP('',(#350,#351,#357,#358));
#350 = ORIENTED_EDGE('',*,*,#116,.T.);
#351 = ORIENTED_EDGE('',*,*,#352,.T.);
#352 = EDGE_CURVE('',#109,#231,#353,.T.);
#353 = LINE('',#354,#355);
#354 = CARTESIAN_POINT('',(-5.1,20.396354058356,0.2));
#355 = VECTOR('',#356,1.);
#356 = DIRECTION('',(1.,0.,0.));
#357 = ORIENTED_EDGE('',*,*,#230,.F.);
#358 = ORIENTED_EDGE('',*,*,#337,.F.);
#359 = CYLINDRICAL_SURFACE('',#360,4.9);
#360 = AXIS2_PLACEMENT_3D('',#361,#362,#363);
#361 = CARTESIAN_POINT('',(-5.1,20.396354058356,5.1));
#362 = DIRECTION('',(1.,0.,0.));
#363 = DIRECTION('',(0.,-0.766044443119,0.642787609687));
#364 = ADVANCED_FACE('',(#365),#371,.F.);
#365 = FACE_BOUND('',#366,.F.);
#366 = EDGE_LOOP('',(#367,#368,#369,#370));
#367 = ORIENTED_EDGE('',*,*,#239,.F.);
#368 = ORIENTED_EDGE('',*,*,#352,.F.);
#369 = ORIENTED_EDGE('',*,*,#108,.F.);
#370 = ORIENTED_EDGE('',*,*,#151,.F.);
#371 = PLANE('',#372);
#372 = AXIS2_PLACEMENT_3D('',#373,#374,#375);
#373 = CARTESIAN_POINT('',(0.,0.,0.2));
#374 = DIRECTION('',(0.,0.,-1.));
#375 = DIRECTION('',(-1.,0.,0.));
#376 = ADVANCED_FACE('',(#377),#396,.F.);
#377 = FACE_BOUND('',#378,.T.);
#378 = EDGE_LOOP('',(#379,#387,#388,#389));
#379 = ORIENTED_EDGE('',*,*,#380,.F.);
#380 = EDGE_CURVE('',#126,#381,#383,.T.);
#381 = VERTEX_POINT('',#382);
#382 = CARTESIAN_POINT('',(-5.3,29.123236688125,13.222755533023));
#383 = LINE('',#384,#385);
#384 = CARTESIAN_POINT('',(-5.3,29.123236688125,13.222755533023));
#385 = VECTOR('',#386,1.);
#386 = DIRECTION('',(-0.707106781187,-0.707106781187,7.6E-16));
#387 = ORIENTED_EDGE('',*,*,#125,.T.);
#388 = ORIENTED_EDGE('',*,*,#380,.T.);
#389 = ORIENTED_EDGE('',*,*,#390,.F.);
#390 = EDGE_CURVE('',#381,#381,#391,.T.);
#391 = CIRCLE('',#392,1.65);
#392 = AXIS2_PLACEMENT_3D('',#393,#394,#395);
#393 = CARTESIAN_POINT('',(-5.3,27.473236688125,13.222755533023));
#394 = DIRECTION('',(1.,-0.,0.));
#395 = DIRECTION('',(0.,1.,-1.08E-15));
#396 = CONICAL_SURFACE('',#397,1.65,0.785398163397);
#397 = AXIS2_PLACEMENT_3D('',#398,#399,#400);
#398 = CARTESIAN_POINT('',(-5.3,27.473236688125,13.222755533023));
#399 = DIRECTION('',(1.,0.,0.));
#400 = DIRECTION('',(0.,1.,-1.08E-15));
#401 = ADVANCED_FACE('',(#402,#413),#488,.T.);
#402 = FACE_BOUND('',#403,.T.);
#403 = EDGE_LOOP('',(#404,#405,#406,#407));
#404 = ORIENTED_EDGE('',*,*,#176,.F.);
#405 = ORIENTED_EDGE('',*,*,#266,.T.);
#406 = ORIENTED_EDGE('',*,*,#312,.T.);
#407 = ORIENTED_EDGE('',*,*,#408,.F.);
#408 = EDGE_CURVE('',#177,#291,#409,.T.);
#409 = LINE('',#410,#411);
#410 = CARTESIAN_POINT('',(-5.1,31.457307027819,26.115587835324));
#411 = VECTOR('',#412,1.);
#412 = DIRECTION('',(1.,0.,0.));
#413 = FACE_BOUND('',#414,.T.);
#414 = EDGE_LOOP('',(#415,#426,#434,#446,#453,#465,#473,#482));
#415 = ORIENTED_EDGE('',*,*,#416,.F.);
#416 = EDGE_CURVE('',#417,#419,#421,.T.);
#417 = VERTEX_POINT('',#418);
#418 = CARTESIAN_POINT('',(5.3,39.825940595473,18.520893327303));
#419 = VERTEX_POINT('',#420);
#420 = CARTESIAN_POINT('',(5.3,30.545859341689,26.307806084649));
#421 = CIRCLE('',#422,12.);
#422 = AXIS2_PLACEMENT_3D('',#423,#424,#425);
#423 = CARTESIAN_POINT('',(5.3,28.527196743827,14.478816215856));
#424 = DIRECTION('',(1.,0.,-0.));
#425 = DIRECTION('',(0.,0.963714863486,0.266933815574));
#426 = ORIENTED_EDGE('',*,*,#427,.T.);
#427 = EDGE_CURVE('',#417,#428,#430,.T.);
#428 = VERTEX_POINT('',#429);
#429 = CARTESIAN_POINT('',(3.382106703174,39.825940595473,
    18.520893327303));
#430 = LINE('',#431,#432);
#431 = CARTESIAN_POINT('',(6.8,39.825940595473,18.520893327303));
#432 = VECTOR('',#433,1.);
#433 = DIRECTION('',(-1.,-0.,-0.));
#434 = ORIENTED_EDGE('',*,*,#435,.T.);
#435 = EDGE_CURVE('',#428,#436,#438,.T.);
#436 = VERTEX_POINT('',#437);
#437 = CARTESIAN_POINT('',(2.,39.880718392092,18.364372312784));
#438 = ( BOUNDED_CURVE() B_SPLINE_CURVE(6,(#439,#440,#441,#442,#443,#444
,#445),.UNSPECIFIED.,.F.,.F.) B_SPLINE_CURVE_WITH_KNOTS((7,7),(
3.417893296826,4.8),.PIECEWISE_BEZIER_KNOTS.) CURVE() 
GEOMETRIC_REPRESENTATION_ITEM() RATIONAL_B_SPLINE_CURVE((1.,1.,1.,1.,1.,
1.,1.)) REPRESENTATION_ITEM('') );
#439 = CARTESIAN_POINT('',(3.382106703174,39.825940638438,
    18.520893207204));
#440 = CARTESIAN_POINT('',(3.151755585978,39.825940838448,
    18.520892648119));
#441 = CARTESIAN_POINT('',(2.921404468783,39.838304197496,
    18.486334211318));
#442 = CARTESIAN_POINT('',(2.691053351587,39.855152911736,
    18.439227160407));
#443 = CARTESIAN_POINT('',(2.460702234391,39.872337593489,
    18.388836152289));
#444 = CARTESIAN_POINT('',(2.230351117196,39.880713883211,
    18.364385487648));
#445 = CARTESIAN_POINT('',(2.,39.880718392092,18.364372312784));
#446 = ORIENTED_EDGE('',*,*,#447,.T.);
#447 = EDGE_CURVE('',#436,#448,#450,.T.);
#448 = VERTEX_POINT('',#449);
#449 = CARTESIAN_POINT('',(-2.,39.880718392091,18.364372312786));
#450 = B_SPLINE_CURVE_WITH_KNOTS('',1,(#451,#452),.UNSPECIFIED.,.F.,.F.,
  (2,2),(4.8,8.8),.PIECEWISE_BEZIER_KNOTS.);
#451 = CARTESIAN_POINT('',(2.,39.880718392093,18.364372312781));
#452 = CARTESIAN_POINT('',(-2.,39.880718392091,18.364372312786));
#453 = ORIENTED_EDGE('',*,*,#454,.T.);
#454 = EDGE_CURVE('',#448,#455,#457,.T.);
#455 = VERTEX_POINT('',#456);
#456 = CARTESIAN_POINT('',(-3.382106703174,39.825940638355,
    18.520893207437));
#457 = ( BOUNDED_CURVE() B_SPLINE_CURVE(6,(#458,#459,#460,#461,#462,#463
,#464),.UNSPECIFIED.,.F.,.F.) B_SPLINE_CURVE_WITH_KNOTS((7,7),(8.8,
10.182106703174),.PIECEWISE_BEZIER_KNOTS.) CURVE() 
GEOMETRIC_REPRESENTATION_ITEM() RATIONAL_B_SPLINE_CURVE((1.,1.,1.,1.,1.,
1.,1.)) REPRESENTATION_ITEM('') );
#458 = CARTESIAN_POINT('',(-2.,39.880718392093,18.364372312781));
#459 = CARTESIAN_POINT('',(-2.230351117196,39.880713883211,
    18.364385487648));
#460 = CARTESIAN_POINT('',(-2.460702234391,39.872337593488,
    18.38883615229));
#461 = CARTESIAN_POINT('',(-2.691053351587,39.855152911737,
    18.439227160405));
#462 = CARTESIAN_POINT('',(-2.921404468783,39.838304197496,
    18.486334211319));
#463 = CARTESIAN_POINT('',(-3.151755585978,39.825940838448,
    18.520892648119));
#464 = CARTESIAN_POINT('',(-3.382106703174,39.825940638355,
    18.520893207437));
#465 = ORIENTED_EDGE('',*,*,#466,.T.);
#466 = EDGE_CURVE('',#455,#467,#469,.T.);
#467 = VERTEX_POINT('',#468);
#468 = CARTESIAN_POINT('',(-5.3,39.825940595473,18.520893327303));
#469 = LINE('',#470,#471);
#470 = CARTESIAN_POINT('',(6.8,39.825940595473,18.520893327303));
#471 = VECTOR('',#472,1.);
#472 = DIRECTION('',(-1.,-0.,-0.));
#473 = ORIENTED_EDGE('',*,*,#474,.T.);
#474 = EDGE_CURVE('',#467,#475,#477,.T.);
#475 = VERTEX_POINT('',#476);
#476 = CARTESIAN_POINT('',(-5.3,30.545859341689,26.307806084649));
#477 = CIRCLE('',#478,12.);
#478 = AXIS2_PLACEMENT_3D('',#479,#480,#481);
#479 = CARTESIAN_POINT('',(-5.3,28.527196743827,14.478816215856));
#480 = DIRECTION('',(1.,0.,-0.));
#481 = DIRECTION('',(0.,0.963714863486,0.266933815574));
#482 = ORIENTED_EDGE('',*,*,#483,.F.);
#483 = EDGE_CURVE('',#419,#475,#484,.T.);
#484 = LINE('',#485,#486);
#485 = CARTESIAN_POINT('',(6.8,30.545859341689,26.307806084649));
#486 = VECTOR('',#487,1.);
#487 = DIRECTION('',(-1.,-0.,-0.));
#488 = CYLINDRICAL_SURFACE('',#489,12.);
#489 = AXIS2_PLACEMENT_3D('',#490,#491,#492);
#490 = CARTESIAN_POINT('',(6.8,28.527196743827,14.478816215856));
#491 = DIRECTION('',(1.,0.,0.));
#492 = DIRECTION('',(0.,1.,0.));
#493 = ADVANCED_FACE('',(#494),#500,.T.);
#494 = FACE_BOUND('',#495,.T.);
#495 = EDGE_LOOP('',(#496,#497,#498,#499));
#496 = ORIENTED_EDGE('',*,*,#185,.F.);
#497 = ORIENTED_EDGE('',*,*,#408,.T.);
#498 = ORIENTED_EDGE('',*,*,#290,.T.);
#499 = ORIENTED_EDGE('',*,*,#329,.F.);
#500 = PLANE('',#501);
#501 = AXIS2_PLACEMENT_3D('',#502,#503,#504);
#502 = CARTESIAN_POINT('',(-5.1,31.506116775707,25.963146382889));
#503 = DIRECTION('',(0.,0.952372479763,0.30493714072));
#504 = DIRECTION('',(1.,0.,0.));
#505 = ADVANCED_FACE('',(#506),#525,.F.);
#506 = FACE_BOUND('',#507,.F.);
#507 = EDGE_LOOP('',(#508,#516,#517,#518));
#508 = ORIENTED_EDGE('',*,*,#509,.F.);
#509 = EDGE_CURVE('',#249,#510,#512,.T.);
#510 = VERTEX_POINT('',#511);
#511 = CARTESIAN_POINT('',(5.3,29.123236688125,13.222755533023));
#512 = LINE('',#513,#514);
#513 = CARTESIAN_POINT('',(5.3,29.123236688125,13.222755533023));
#514 = VECTOR('',#515,1.);
#515 = DIRECTION('',(0.707106781187,-0.707106781187,7.6E-16));
#516 = ORIENTED_EDGE('',*,*,#248,.T.);
#517 = ORIENTED_EDGE('',*,*,#509,.T.);
#518 = ORIENTED_EDGE('',*,*,#519,.F.);
#519 = EDGE_CURVE('',#510,#510,#520,.T.);
#520 = CIRCLE('',#521,1.65);
#521 = AXIS2_PLACEMENT_3D('',#522,#523,#524);
#522 = CARTESIAN_POINT('',(5.3,27.473236688125,13.222755533023));
#523 = DIRECTION('',(1.,-0.,0.));
#524 = DIRECTION('',(0.,1.,-1.08E-15));
#525 = CONICAL_SURFACE('',#526,1.65,0.785398163397);
#526 = AXIS2_PLACEMENT_3D('',#527,#528,#529);
#527 = CARTESIAN_POINT('',(5.3,27.473236688125,13.222755533023));
#528 = DIRECTION('',(-1.,-0.,-0.));
#529 = DIRECTION('',(0.,1.,-1.08E-15));
#530 = ADVANCED_FACE('',(#531),#550,.F.);
#531 = FACE_BOUND('',#532,.F.);
#532 = EDGE_LOOP('',(#533,#541,#542,#543));
#533 = ORIENTED_EDGE('',*,*,#534,.F.);
#534 = EDGE_CURVE('',#381,#535,#537,.T.);
#535 = VERTEX_POINT('',#536);
#536 = CARTESIAN_POINT('',(-6.6,29.123236688125,13.222755533023));
#537 = LINE('',#538,#539);
#538 = CARTESIAN_POINT('',(6.8,29.123236688125,13.222755533023));
#539 = VECTOR('',#540,1.);
#540 = DIRECTION('',(-1.,-0.,-0.));
#541 = ORIENTED_EDGE('',*,*,#390,.F.);
#542 = ORIENTED_EDGE('',*,*,#534,.T.);
#543 = ORIENTED_EDGE('',*,*,#544,.T.);
#544 = EDGE_CURVE('',#535,#535,#545,.T.);
#545 = CIRCLE('',#546,1.65);
#546 = AXIS2_PLACEMENT_3D('',#547,#548,#549);
#547 = CARTESIAN_POINT('',(-6.6,27.473236688125,13.222755533023));
#548 = DIRECTION('',(1.,0.,0.));
#549 = DIRECTION('',(0.,1.,0.));
#550 = CYLINDRICAL_SURFACE('',#551,1.65);
#551 = AXIS2_PLACEMENT_3D('',#552,#553,#554);
#552 = CARTESIAN_POINT('',(6.8,27.473236688125,13.222755533023));
#553 = DIRECTION('',(1.,0.,0.));
#554 = DIRECTION('',(0.,1.,0.));
#555 = ADVANCED_FACE('',(#556),#584,.T.);
#556 = FACE_BOUND('',#557,.F.);
#557 = EDGE_LOOP('',(#558,#567,#576,#583));
#558 = ORIENTED_EDGE('',*,*,#559,.F.);
#559 = EDGE_CURVE('',#560,#417,#562,.T.);
#560 = VERTEX_POINT('',#561);
#561 = CARTESIAN_POINT('',(6.8,38.413597614017,18.015633688372));
#562 = CIRCLE('',#563,1.5);
#563 = AXIS2_PLACEMENT_3D('',#564,#565,#566);
#564 = CARTESIAN_POINT('',(5.3,38.413597614017,18.015633688372));
#565 = DIRECTION('',(0.,-0.336839759287,0.941561987637));
#566 = DIRECTION('',(0.,0.941561987637,0.336839759287));
#567 = ORIENTED_EDGE('',*,*,#568,.T.);
#568 = EDGE_CURVE('',#560,#569,#571,.T.);
#569 = VERTEX_POINT('',#570);
#570 = CARTESIAN_POINT('',(6.8,30.293526516956,24.82918235105));
#571 = CIRCLE('',#572,10.5);
#572 = AXIS2_PLACEMENT_3D('',#573,#574,#575);
#573 = CARTESIAN_POINT('',(6.8,28.527196743827,14.478816215856));
#574 = DIRECTION('',(1.,0.,-0.));
#575 = DIRECTION('',(0.,0.963714863486,0.266933815574));
#576 = ORIENTED_EDGE('',*,*,#577,.T.);
#577 = EDGE_CURVE('',#569,#419,#578,.T.);
#578 = CIRCLE('',#579,1.5);
#579 = AXIS2_PLACEMENT_3D('',#580,#581,#582);
#580 = CARTESIAN_POINT('',(5.3,30.293526516956,24.82918235105));
#581 = DIRECTION('',(0.,-0.985749155733,0.168221883155));
#582 = DIRECTION('',(0.,0.168221883155,0.985749155733));
#583 = ORIENTED_EDGE('',*,*,#416,.F.);
#584 = TOROIDAL_SURFACE('',#585,10.5,1.5);
#585 = AXIS2_PLACEMENT_3D('',#586,#587,#588);
#586 = CARTESIAN_POINT('',(5.3,28.527196743827,14.478816215856));
#587 = DIRECTION('',(-1.,0.,0.));
#588 = DIRECTION('',(0.,0.963714863486,0.266933815574));
#589 = ADVANCED_FACE('',(#590),#617,.T.);
#590 = FACE_BOUND('',#591,.T.);
#591 = EDGE_LOOP('',(#592,#593,#602,#610));
#592 = ORIENTED_EDGE('',*,*,#427,.F.);
#593 = ORIENTED_EDGE('',*,*,#594,.T.);
#594 = EDGE_CURVE('',#417,#595,#597,.T.);
#595 = VERTEX_POINT('',#596);
#596 = CARTESIAN_POINT('',(5.3,39.562664278696,17.051452273842));
#597 = CIRCLE('',#598,1.5);
#598 = AXIS2_PLACEMENT_3D('',#599,#600,#601);
#599 = CARTESIAN_POINT('',(5.3,38.413597614017,18.015633688372));
#600 = DIRECTION('',(-1.,0.,0.));
#601 = DIRECTION('',(0.,0.941561987637,0.336839759287));
#602 = ORIENTED_EDGE('',*,*,#603,.T.);
#603 = EDGE_CURVE('',#595,#604,#606,.T.);
#604 = VERTEX_POINT('',#605);
#605 = CARTESIAN_POINT('',(3.382106703174,39.562664278696,
    17.051452273842));
#606 = LINE('',#607,#608);
#607 = CARTESIAN_POINT('',(6.8,39.562664278696,17.051452273843));
#608 = VECTOR('',#609,1.);
#609 = DIRECTION('',(-1.,-0.,-0.));
#610 = ORIENTED_EDGE('',*,*,#611,.F.);
#611 = EDGE_CURVE('',#428,#604,#612,.T.);
#612 = CIRCLE('',#613,1.5);
#613 = AXIS2_PLACEMENT_3D('',#614,#615,#616);
#614 = CARTESIAN_POINT('',(3.382106703174,38.413597614017,
    18.015633688372));
#615 = DIRECTION('',(-1.,0.,0.));
#616 = DIRECTION('',(0.,0.941561987637,0.336839759287));
#617 = CYLINDRICAL_SURFACE('',#618,1.5);
#618 = AXIS2_PLACEMENT_3D('',#619,#620,#621);
#619 = CARTESIAN_POINT('',(6.8,38.413597614017,18.015633688372));
#620 = DIRECTION('',(-1.,-0.,-0.));
#621 = DIRECTION('',(0.,0.941561987637,0.336839759287));
#622 = ADVANCED_FACE('',(#623),#650,.T.);
#623 = FACE_BOUND('',#624,.T.);
#624 = EDGE_LOOP('',(#625,#635,#642,#643));
#625 = ORIENTED_EDGE('',*,*,#626,.F.);
#626 = EDGE_CURVE('',#627,#629,#631,.T.);
#627 = VERTEX_POINT('',#628);
#628 = CARTESIAN_POINT('',(5.3,29.144459852278,25.793363765579));
#629 = VERTEX_POINT('',#630);
#630 = CARTESIAN_POINT('',(-5.3,29.144459852278,25.793363765579));
#631 = LINE('',#632,#633);
#632 = CARTESIAN_POINT('',(6.8,29.144459852278,25.793363765579));
#633 = VECTOR('',#634,1.);
#634 = DIRECTION('',(-1.,-0.,-0.));
#635 = ORIENTED_EDGE('',*,*,#636,.F.);
#636 = EDGE_CURVE('',#419,#627,#637,.T.);
#637 = CIRCLE('',#638,1.5);
#638 = AXIS2_PLACEMENT_3D('',#639,#640,#641);
#639 = CARTESIAN_POINT('',(5.3,30.293526516956,24.82918235105));
#640 = DIRECTION('',(1.,0.,-0.));
#641 = DIRECTION('',(0.,0.168221883155,0.985749155733));
#642 = ORIENTED_EDGE('',*,*,#483,.T.);
#643 = ORIENTED_EDGE('',*,*,#644,.F.);
#644 = EDGE_CURVE('',#629,#475,#645,.T.);
#645 = CIRCLE('',#646,1.5);
#646 = AXIS2_PLACEMENT_3D('',#647,#648,#649);
#647 = CARTESIAN_POINT('',(-5.3,30.293526516956,24.82918235105));
#648 = DIRECTION('',(-1.,0.,0.));
#649 = DIRECTION('',(0.,-0.766044443119,0.642787609687));
#650 = CYLINDRICAL_SURFACE('',#651,1.5);
#651 = AXIS2_PLACEMENT_3D('',#652,#653,#654);
#652 = CARTESIAN_POINT('',(6.8,30.293526516956,24.82918235105));
#653 = DIRECTION('',(-1.,-0.,-0.));
#654 = DIRECTION('',(0.,-0.766044443119,0.642787609687));
#655 = ADVANCED_FACE('',(#656),#678,.T.);
#656 = FACE_BOUND('',#657,.T.);
#657 = EDGE_LOOP('',(#658,#659,#671,#677));
#658 = ORIENTED_EDGE('',*,*,#611,.T.);
#659 = ORIENTED_EDGE('',*,*,#660,.T.);
#660 = EDGE_CURVE('',#604,#661,#663,.T.);
#661 = VERTEX_POINT('',#662);
#662 = CARTESIAN_POINT('',(2.,39.9,17.453473331617));
#663 = ( BOUNDED_CURVE() B_SPLINE_CURVE(6,(#664,#665,#666,#667,#668,#669
,#670),.UNSPECIFIED.,.F.,.F.) B_SPLINE_CURVE_WITH_KNOTS((7,7),(
3.417893296826,4.8),.PIECEWISE_BEZIER_KNOTS.) CURVE() 
GEOMETRIC_REPRESENTATION_ITEM() RATIONAL_B_SPLINE_CURVE((1.,1.,1.,1.,1.,
1.,1.)) REPRESENTATION_ITEM('') );
#664 = CARTESIAN_POINT('',(3.382106703174,39.562664278696,
    17.051452123952));
#665 = CARTESIAN_POINT('',(3.151755585978,39.682232421667,
    17.193947178848));
#666 = CARTESIAN_POINT('',(2.921404468783,39.77145955893,17.300269789263
    ));
#667 = CARTESIAN_POINT('',(2.691053351587,39.836361532876,
    17.377675726373));
#668 = CARTESIAN_POINT('',(2.460702234391,39.8787650988,17.428115514955)
  );
#669 = CARTESIAN_POINT('',(2.230351117196,39.9,17.453498206525));
#670 = CARTESIAN_POINT('',(2.,39.9,17.453473331617));
#671 = ORIENTED_EDGE('',*,*,#672,.F.);
#672 = EDGE_CURVE('',#436,#661,#673,.T.);
#673 = ( BOUNDED_CURVE() B_SPLINE_CURVE(2,(#674,#675,#676),
.UNSPECIFIED.,.F.,.F.) B_SPLINE_CURVE_WITH_KNOTS((3,3),(0.,
1.382106703174),.PIECEWISE_BEZIER_KNOTS.) CURVE() 
GEOMETRIC_REPRESENTATION_ITEM() RATIONAL_B_SPLINE_CURVE((1.,
0.952767388291,1.)) REPRESENTATION_ITEM('') );
#674 = CARTESIAN_POINT('',(2.,39.880718392092,18.364372312784));
#675 = CARTESIAN_POINT('',(2.,40.035536783194,17.911995893275));
#676 = CARTESIAN_POINT('',(2.,39.9,17.453473331617));
#677 = ORIENTED_EDGE('',*,*,#435,.F.);
#678 = ( BOUNDED_SURFACE() B_SPLINE_SURFACE(2,6,(
    (#679,#680,#681,#682,#683,#684,#685)
    ,(#686,#687,#688,#689,#690,#691,#692)
    ,(#693,#694,#695,#696,#697,#698,#699
)),.UNSPECIFIED.,.F.,.F.,.F.) B_SPLINE_SURFACE_WITH_KNOTS((3,3),(7,7),(
    0.,1.382106703174),(3.417893296826,4.8),.PIECEWISE_BEZIER_KNOTS.) 
GEOMETRIC_REPRESENTATION_ITEM() RATIONAL_B_SPLINE_SURFACE((
    (1.,1.,1.,1.,1.,1.,1.)
    ,(0.867398950967,0.898253434793,0.920723936776,0.936960984043
      ,0.947485154989,0.952768621029,0.952767388291)
,(1.,1.,1.,1.,1.,1.,1.))) REPRESENTATION_ITEM('') SURFACE() );
#679 = CARTESIAN_POINT('',(3.382106703174,39.825940638438,
    18.520893207204));
#680 = CARTESIAN_POINT('',(3.151755585978,39.825940838448,
    18.520892648119));
#681 = CARTESIAN_POINT('',(2.921404468783,39.838304197496,
    18.486334211318));
#682 = CARTESIAN_POINT('',(2.691053351587,39.855152911736,
    18.439227160407));
#683 = CARTESIAN_POINT('',(2.460702234391,39.872337593489,
    18.388836152289));
#684 = CARTESIAN_POINT('',(2.230351117196,39.880713883211,
    18.364385487648));
#685 = CARTESIAN_POINT('',(2.,39.880718392092,18.364372312784));
#686 = CARTESIAN_POINT('',(3.382106703174,40.11580027083,17.710653877573
    ));
#687 = CARTESIAN_POINT('',(3.159668013078,40.0755914444,17.823048752706)
  );
#688 = CARTESIAN_POINT('',(2.929579379702,40.052251850766,
    17.880969775795));
#689 = CARTESIAN_POINT('',(2.696943629726,40.041025167933,
    17.905899438413));
#690 = CARTESIAN_POINT('',(2.463251591083,40.03741908238,17.909678299781
    ));
#691 = CARTESIAN_POINT('',(2.230350819156,40.035530627496,
    17.912015593647));
#692 = CARTESIAN_POINT('',(2.,40.035536783194,17.911995893275));
#693 = CARTESIAN_POINT('',(3.382106703174,39.562664278696,
    17.051452123952));
#694 = CARTESIAN_POINT('',(3.151755585978,39.682232421667,
    17.193947178848));
#695 = CARTESIAN_POINT('',(2.921404468783,39.77145955893,17.300269789263
    ));
#696 = CARTESIAN_POINT('',(2.691053351587,39.836361532876,
    17.377675726373));
#697 = CARTESIAN_POINT('',(2.460702234391,39.8787650988,17.428115514955)
  );
#698 = CARTESIAN_POINT('',(2.230351117196,39.9,17.453498206525));
#699 = CARTESIAN_POINT('',(2.,39.9,17.453473331617));
#700 = ADVANCED_FACE('',(#701),#729,.T.);
#701 = FACE_BOUND('',#702,.F.);
#702 = EDGE_LOOP('',(#703,#712,#713,#722));
#703 = ORIENTED_EDGE('',*,*,#704,.T.);
#704 = EDGE_CURVE('',#705,#467,#707,.T.);
#705 = VERTEX_POINT('',#706);
#706 = CARTESIAN_POINT('',(-6.8,38.413597614017,18.015633688372));
#707 = CIRCLE('',#708,1.5);
#708 = AXIS2_PLACEMENT_3D('',#709,#710,#711);
#709 = CARTESIAN_POINT('',(-5.3,38.413597614017,18.015633688372));
#710 = DIRECTION('',(0.,0.336839759287,-0.941561987637));
#711 = DIRECTION('',(0.,0.941561987637,0.336839759287));
#712 = ORIENTED_EDGE('',*,*,#474,.T.);
#713 = ORIENTED_EDGE('',*,*,#714,.F.);
#714 = EDGE_CURVE('',#715,#475,#717,.T.);
#715 = VERTEX_POINT('',#716);
#716 = CARTESIAN_POINT('',(-6.8,30.293526516956,24.82918235105));
#717 = CIRCLE('',#718,1.5);
#718 = AXIS2_PLACEMENT_3D('',#719,#720,#721);
#719 = CARTESIAN_POINT('',(-5.3,30.293526516956,24.82918235105));
#720 = DIRECTION('',(0.,0.985749155733,-0.168221883155));
#721 = DIRECTION('',(0.,0.168221883155,0.985749155733));
#722 = ORIENTED_EDGE('',*,*,#723,.F.);
#723 = EDGE_CURVE('',#705,#715,#724,.T.);
#724 = CIRCLE('',#725,10.5);
#725 = AXIS2_PLACEMENT_3D('',#726,#727,#728);
#726 = CARTESIAN_POINT('',(-6.8,28.527196743827,14.478816215856));
#727 = DIRECTION('',(1.,0.,-0.));
#728 = DIRECTION('',(0.,0.963714863486,0.266933815574));
#729 = TOROIDAL_SURFACE('',#730,10.5,1.5);
#730 = AXIS2_PLACEMENT_3D('',#731,#732,#733);
#731 = CARTESIAN_POINT('',(-5.3,28.527196743827,14.478816215856));
#732 = DIRECTION('',(-1.,0.,0.));
#733 = DIRECTION('',(0.,0.963714863486,0.266933815574));
#734 = ADVANCED_FACE('',(#735),#752,.T.);
#735 = FACE_BOUND('',#736,.T.);
#736 = EDGE_LOOP('',(#737,#738,#745,#751));
#737 = ORIENTED_EDGE('',*,*,#672,.T.);
#738 = ORIENTED_EDGE('',*,*,#739,.T.);
#739 = EDGE_CURVE('',#661,#740,#742,.T.);
#740 = VERTEX_POINT('',#741);
#741 = CARTESIAN_POINT('',(-2.,39.9,17.453473331617));
#742 = B_SPLINE_CURVE_WITH_KNOTS('',1,(#743,#744),.UNSPECIFIED.,.F.,.F.,
  (2,2),(4.8,8.8),.PIECEWISE_BEZIER_KNOTS.);
#743 = CARTESIAN_POINT('',(2.,39.9,17.453473331617));
#744 = CARTESIAN_POINT('',(-2.,39.9,17.453473331617));
#745 = ORIENTED_EDGE('',*,*,#746,.F.);
#746 = EDGE_CURVE('',#448,#740,#747,.T.);
#747 = ( BOUNDED_CURVE() B_SPLINE_CURVE(2,(#748,#749,#750),
.UNSPECIFIED.,.F.,.F.) B_SPLINE_CURVE_WITH_KNOTS((3,3),(0.,4.),
.PIECEWISE_BEZIER_KNOTS.) CURVE() GEOMETRIC_REPRESENTATION_ITEM() 
RATIONAL_B_SPLINE_CURVE((1.,0.952767388291,1.)) REPRESENTATION_ITEM('') 
  );
#748 = CARTESIAN_POINT('',(-2.,39.880718392091,18.364372312786));
#749 = CARTESIAN_POINT('',(-2.,40.035536783194,17.911995893275));
#750 = CARTESIAN_POINT('',(-2.,39.9,17.453473331617));
#751 = ORIENTED_EDGE('',*,*,#447,.F.);
#752 = ( BOUNDED_SURFACE() B_SPLINE_SURFACE(2,1,(
    (#753,#754)
    ,(#755,#756)
,(#757,#758
    )),.UNSPECIFIED.,.F.,.F.,.F.) B_SPLINE_SURFACE_WITH_KNOTS((3,3),(2,2
    ),(0.,4.),(4.8,8.8),.PIECEWISE_BEZIER_KNOTS.) 
GEOMETRIC_REPRESENTATION_ITEM() RATIONAL_B_SPLINE_SURFACE((
    (1.,1.)
    ,(0.952767388291,0.952767388291)
,(1.,1.))) REPRESENTATION_ITEM('') SURFACE() );
#753 = CARTESIAN_POINT('',(2.,39.880718392093,18.364372312781));
#754 = CARTESIAN_POINT('',(-2.,39.880718392091,18.364372312786));
#755 = CARTESIAN_POINT('',(2.,40.035536783194,17.911995893275));
#756 = CARTESIAN_POINT('',(-2.,40.035536783194,17.911995893275));
#757 = CARTESIAN_POINT('',(2.,39.9,17.453473331617));
#758 = CARTESIAN_POINT('',(-2.,39.9,17.453473331617));
#759 = ADVANCED_FACE('',(#760),#786,.T.);
#760 = FACE_BOUND('',#761,.T.);
#761 = EDGE_LOOP('',(#762,#770,#778,#785));
#762 = ORIENTED_EDGE('',*,*,#763,.T.);
#763 = EDGE_CURVE('',#455,#764,#766,.T.);
#764 = VERTEX_POINT('',#765);
#765 = CARTESIAN_POINT('',(-3.382106703174,39.562664278696,
    17.051452123952));
#766 = ( BOUNDED_CURVE() B_SPLINE_CURVE(2,(#767,#768,#769),
.UNSPECIFIED.,.F.,.F.) B_SPLINE_CURVE_WITH_KNOTS((3,3),(0.,
1.382106703174),.PIECEWISE_BEZIER_KNOTS.) CURVE() 
GEOMETRIC_REPRESENTATION_ITEM() RATIONAL_B_SPLINE_CURVE((1.,
0.867398950967,1.)) REPRESENTATION_ITEM('') );
#767 = CARTESIAN_POINT('',(-3.382106703174,39.825940638355,
    18.520893207437));
#768 = CARTESIAN_POINT('',(-3.382106703174,40.11580027083,
    17.710653877573));
#769 = CARTESIAN_POINT('',(-3.382106703174,39.562664278696,
    17.051452123952));
#770 = ORIENTED_EDGE('',*,*,#771,.T.);
#771 = EDGE_CURVE('',#764,#772,#774,.T.);
#772 = VERTEX_POINT('',#773);
#773 = CARTESIAN_POINT('',(-5.3,39.562664278696,17.051452273842));
#774 = LINE('',#775,#776);
#775 = CARTESIAN_POINT('',(6.8,39.562664278696,17.051452273843));
#776 = VECTOR('',#777,1.);
#777 = DIRECTION('',(-1.,-0.,-0.));
#778 = ORIENTED_EDGE('',*,*,#779,.F.);
#779 = EDGE_CURVE('',#467,#772,#780,.T.);
#780 = CIRCLE('',#781,1.5);
#781 = AXIS2_PLACEMENT_3D('',#782,#783,#784);
#782 = CARTESIAN_POINT('',(-5.3,38.413597614017,18.015633688372));
#783 = DIRECTION('',(-1.,0.,0.));
#784 = DIRECTION('',(0.,0.941561987637,0.336839759287));
#785 = ORIENTED_EDGE('',*,*,#466,.F.);
#786 = CYLINDRICAL_SURFACE('',#787,1.5);
#787 = AXIS2_PLACEMENT_3D('',#788,#789,#790);
#788 = CARTESIAN_POINT('',(6.8,38.413597614017,18.015633688372));
#789 = DIRECTION('',(-1.,-0.,-0.));
#790 = DIRECTION('',(0.,0.941561987637,0.336839759287));
#791 = ADVANCED_FACE('',(#792),#807,.T.);
#792 = FACE_BOUND('',#793,.T.);
#793 = EDGE_LOOP('',(#794,#795,#805,#806));
#794 = ORIENTED_EDGE('',*,*,#746,.T.);
#795 = ORIENTED_EDGE('',*,*,#796,.T.);
#796 = EDGE_CURVE('',#740,#764,#797,.T.);
#797 = ( BOUNDED_CURVE() B_SPLINE_CURVE(6,(#798,#799,#800,#801,#802,#803
,#804),.UNSPECIFIED.,.F.,.F.) B_SPLINE_CURVE_WITH_KNOTS((7,7),(8.8,
10.182106703174),.PIECEWISE_BEZIER_KNOTS.) CURVE() 
GEOMETRIC_REPRESENTATION_ITEM() RATIONAL_B_SPLINE_CURVE((1.,1.,1.,1.,1.,
1.,1.)) REPRESENTATION_ITEM('') );
#798 = CARTESIAN_POINT('',(-2.,39.9,17.453473331617));
#799 = CARTESIAN_POINT('',(-2.230351117196,39.9,17.453498206525));
#800 = CARTESIAN_POINT('',(-2.460702234391,39.8787650988,17.428115514955
    ));
#801 = CARTESIAN_POINT('',(-2.691053351587,39.836361532876,
    17.377675726373));
#802 = CARTESIAN_POINT('',(-2.921404468783,39.77145955893,
    17.300269789263));
#803 = CARTESIAN_POINT('',(-3.151755585978,39.682232421667,
    17.193947178848));
#804 = CARTESIAN_POINT('',(-3.382106703174,39.562664278696,
    17.051452123952));
#805 = ORIENTED_EDGE('',*,*,#763,.F.);
#806 = ORIENTED_EDGE('',*,*,#454,.F.);
#807 = ( BOUNDED_SURFACE() B_SPLINE_SURFACE(2,6,(
    (#808,#809,#810,#811,#812,#813,#814)
    ,(#815,#816,#817,#818,#819,#820,#821)
    ,(#822,#823,#824,#825,#826,#827,#828
)),.UNSPECIFIED.,.F.,.F.,.F.) B_SPLINE_SURFACE_WITH_KNOTS((3,3),(7,7),(
    0.,1.382106703174),(8.8,10.182106703174),.PIECEWISE_BEZIER_KNOTS.) 
GEOMETRIC_REPRESENTATION_ITEM() RATIONAL_B_SPLINE_SURFACE((
    (1.,1.,1.,1.,1.,1.,1.)
    ,(0.952767388291,0.952768621029,0.947485154989,0.936960984043
      ,0.920723936776,0.898253434793,0.867398950967)
,(1.,1.,1.,1.,1.,1.,1.))) REPRESENTATION_ITEM('') SURFACE() );
#808 = CARTESIAN_POINT('',(-2.,39.880718392093,18.364372312781));
#809 = CARTESIAN_POINT('',(-2.230351117196,39.880713883211,
    18.364385487648));
#810 = CARTESIAN_POINT('',(-2.460702234391,39.872337593488,
    18.38883615229));
#811 = CARTESIAN_POINT('',(-2.691053351587,39.855152911737,
    18.439227160405));
#812 = CARTESIAN_POINT('',(-2.921404468783,39.838304197496,
    18.486334211319));
#813 = CARTESIAN_POINT('',(-3.151755585978,39.825940838448,
    18.520892648119));
#814 = CARTESIAN_POINT('',(-3.382106703174,39.825940638355,
    18.520893207437));
#815 = CARTESIAN_POINT('',(-2.,40.035536783194,17.911995893275));
#816 = CARTESIAN_POINT('',(-2.230350819156,40.035530627496,
    17.912015593647));
#817 = CARTESIAN_POINT('',(-2.463251591083,40.03741908238,
    17.909678299782));
#818 = CARTESIAN_POINT('',(-2.696943629725,40.041025167933,
    17.905899438412));
#819 = CARTESIAN_POINT('',(-2.929579379702,40.052251850766,
    17.880969775795));
#820 = CARTESIAN_POINT('',(-3.159668013078,40.0755914444,17.823048752706
    ));
#821 = CARTESIAN_POINT('',(-3.382106703174,40.11580027083,
    17.710653877573));
#822 = CARTESIAN_POINT('',(-2.,39.9,17.453473331617));
#823 = CARTESIAN_POINT('',(-2.230351117196,39.9,17.453498206525));
#824 = CARTESIAN_POINT('',(-2.460702234391,39.8787650988,17.428115514955
    ));
#825 = CARTESIAN_POINT('',(-2.691053351587,39.836361532876,
    17.377675726373));
#826 = CARTESIAN_POINT('',(-2.921404468783,39.77145955893,
    17.300269789263));
#827 = CARTESIAN_POINT('',(-3.151755585978,39.682232421667,
    17.193947178848));
#828 = CARTESIAN_POINT('',(-3.382106703174,39.562664278696,
    17.051452123952));
#829 = ADVANCED_FACE('',(#830),#849,.F.);
#830 = FACE_BOUND('',#831,.F.);
#831 = EDGE_LOOP('',(#832,#840,#847,#848));
#832 = ORIENTED_EDGE('',*,*,#833,.F.);
#833 = EDGE_CURVE('',#834,#510,#836,.T.);
#834 = VERTEX_POINT('',#835);
#835 = CARTESIAN_POINT('',(6.6,29.123236688125,13.222755533023));
#836 = LINE('',#837,#838);
#837 = CARTESIAN_POINT('',(6.8,29.123236688125,13.222755533023));
#838 = VECTOR('',#839,1.);
#839 = DIRECTION('',(-1.,-0.,-0.));
#840 = ORIENTED_EDGE('',*,*,#841,.F.);
#841 = EDGE_CURVE('',#834,#834,#842,.T.);
#842 = CIRCLE('',#843,1.65);
#843 = AXIS2_PLACEMENT_3D('',#844,#845,#846);
#844 = CARTESIAN_POINT('',(6.6,27.473236688125,13.222755533023));
#845 = DIRECTION('',(1.,0.,0.));
#846 = DIRECTION('',(0.,1.,0.));
#847 = ORIENTED_EDGE('',*,*,#833,.T.);
#848 = ORIENTED_EDGE('',*,*,#519,.T.);
#849 = CYLINDRICAL_SURFACE('',#850,1.65);
#850 = AXIS2_PLACEMENT_3D('',#851,#852,#853);
#851 = CARTESIAN_POINT('',(6.8,27.473236688125,13.222755533023));
#852 = DIRECTION('',(1.,0.,0.));
#853 = DIRECTION('',(0.,1.,0.));
#854 = ADVANCED_FACE('',(#855),#874,.F.);
#855 = FACE_BOUND('',#856,.F.);
#856 = EDGE_LOOP('',(#857,#865,#872,#873));
#857 = ORIENTED_EDGE('',*,*,#858,.F.);
#858 = EDGE_CURVE('',#859,#535,#861,.T.);
#859 = VERTEX_POINT('',#860);
#860 = CARTESIAN_POINT('',(-6.8,29.323236688125,13.222755533023));
#861 = LINE('',#862,#863);
#862 = CARTESIAN_POINT('',(-6.6,29.123236688125,13.222755533023));
#863 = VECTOR('',#864,1.);
#864 = DIRECTION('',(0.707106781187,-0.707106781187,0.));
#865 = ORIENTED_EDGE('',*,*,#866,.T.);
#866 = EDGE_CURVE('',#859,#859,#867,.T.);
#867 = CIRCLE('',#868,1.85);
#868 = AXIS2_PLACEMENT_3D('',#869,#870,#871);
#869 = CARTESIAN_POINT('',(-6.8,27.473236688125,13.222755533023));
#870 = DIRECTION('',(1.,0.,0.));
#871 = DIRECTION('',(0.,1.,0.));
#872 = ORIENTED_EDGE('',*,*,#858,.T.);
#873 = ORIENTED_EDGE('',*,*,#544,.F.);
#874 = CONICAL_SURFACE('',#875,1.65,0.785398163397);
#875 = AXIS2_PLACEMENT_3D('',#876,#877,#878);
#876 = CARTESIAN_POINT('',(-6.6,27.473236688125,13.222755533023));
#877 = DIRECTION('',(-1.,-0.,-0.));
#878 = DIRECTION('',(0.,1.,0.));
#879 = ADVANCED_FACE('',(#880),#891,.T.);
#880 = FACE_BOUND('',#881,.T.);
#881 = EDGE_LOOP('',(#882,#883,#890));
#882 = ORIENTED_EDGE('',*,*,#559,.F.);
#883 = ORIENTED_EDGE('',*,*,#884,.T.);
#884 = EDGE_CURVE('',#560,#595,#885,.T.);
#885 = CIRCLE('',#886,1.5);
#886 = AXIS2_PLACEMENT_3D('',#887,#888,#889);
#887 = CARTESIAN_POINT('',(5.3,38.413597614017,18.015633688372));
#888 = DIRECTION('',(0.,0.642787609687,0.766044443119));
#889 = DIRECTION('',(0.,0.766044443119,-0.642787609687));
#890 = ORIENTED_EDGE('',*,*,#594,.F.);
#891 = SPHERICAL_SURFACE('',#892,1.5);
#892 = AXIS2_PLACEMENT_3D('',#893,#894,#895);
#893 = CARTESIAN_POINT('',(5.3,38.413597614017,18.015633688372));
#894 = DIRECTION('',(-1.,0.,0.));
#895 = DIRECTION('',(0.,0.941561987637,0.336839759287));
#896 = ADVANCED_FACE('',(#897,#922),#933,.T.);
#897 = FACE_BOUND('',#898,.T.);
#898 = EDGE_LOOP('',(#899,#907,#908,#916));
#899 = ORIENTED_EDGE('',*,*,#900,.F.);
#900 = EDGE_CURVE('',#560,#901,#903,.T.);
#901 = VERTEX_POINT('',#902);
#902 = CARTESIAN_POINT('',(6.8,23.63232588315,0.4));
#903 = LINE('',#904,#905);
#904 = CARTESIAN_POINT('',(6.8,38.942708440974,18.646203417279));
#905 = VECTOR('',#906,1.);
#906 = DIRECTION('',(0.,-0.642787609687,-0.766044443119));
#907 = ORIENTED_EDGE('',*,*,#568,.T.);
#908 = ORIENTED_EDGE('',*,*,#909,.F.);
#909 = EDGE_CURVE('',#910,#569,#912,.T.);
#910 = VERTEX_POINT('',#911);
#911 = CARTESIAN_POINT('',(6.8,9.795008616228,0.4));
#912 = LINE('',#913,#914);
#913 = CARTESIAN_POINT('',(6.8,8.650324494437,-0.96418141453));
#914 = VECTOR('',#915,1.);
#915 = DIRECTION('',(0.,0.642787609687,0.766044443119));
#916 = ORIENTED_EDGE('',*,*,#917,.F.);
#917 = EDGE_CURVE('',#901,#910,#918,.T.);
#918 = LINE('',#919,#920);
#919 = CARTESIAN_POINT('',(6.8,23.296686030679,0.4));
#920 = VECTOR('',#921,1.);
#921 = DIRECTION('',(0.,-1.,0.));
#922 = FACE_BOUND('',#923,.T.);
#923 = EDGE_LOOP('',(#924));
#924 = ORIENTED_EDGE('',*,*,#925,.F.);
#925 = EDGE_CURVE('',#926,#926,#928,.T.);
#926 = VERTEX_POINT('',#927);
#927 = CARTESIAN_POINT('',(6.8,29.323236688125,13.222755533023));
#928 = CIRCLE('',#929,1.85);
#929 = AXIS2_PLACEMENT_3D('',#930,#931,#932);
#930 = CARTESIAN_POINT('',(6.8,27.473236688125,13.222755533023));
#931 = DIRECTION('',(1.,0.,0.));
#932 = DIRECTION('',(0.,1.,0.));
#933 = PLANE('',#934);
#934 = AXIS2_PLACEMENT_3D('',#935,#936,#937);
#935 = CARTESIAN_POINT('',(6.8,24.512803404945,11.040637822625));
#936 = DIRECTION('',(1.,0.,0.));
#937 = DIRECTION('',(0.,0.,1.));
#938 = ADVANCED_FACE('',(#939),#950,.T.);
#939 = FACE_BOUND('',#940,.F.);
#940 = EDGE_LOOP('',(#941,#942,#949));
#941 = ORIENTED_EDGE('',*,*,#577,.F.);
#942 = ORIENTED_EDGE('',*,*,#943,.T.);
#943 = EDGE_CURVE('',#569,#627,#944,.T.);
#944 = CIRCLE('',#945,1.5);
#945 = AXIS2_PLACEMENT_3D('',#946,#947,#948);
#946 = CARTESIAN_POINT('',(5.3,30.293526516956,24.82918235105));
#947 = DIRECTION('',(-0.,-0.642787609687,-0.766044443119));
#948 = DIRECTION('',(0.,-0.766044443119,0.642787609687));
#949 = ORIENTED_EDGE('',*,*,#636,.F.);
#950 = SPHERICAL_SURFACE('',#951,1.5);
#951 = AXIS2_PLACEMENT_3D('',#952,#953,#954);
#952 = CARTESIAN_POINT('',(5.3,30.293526516956,24.82918235105));
#953 = DIRECTION('',(-1.,0.,0.));
#954 = DIRECTION('',(0.,0.168221883155,0.985749155733));
#955 = ADVANCED_FACE('',(#956),#998,.F.);
#956 = FACE_BOUND('',#957,.F.);
#957 = EDGE_LOOP('',(#958,#966,#967,#976,#984,#992));
#958 = ORIENTED_EDGE('',*,*,#959,.F.);
#959 = EDGE_CURVE('',#595,#960,#962,.T.);
#960 = VERTEX_POINT('',#961);
#961 = CARTESIAN_POINT('',(5.3,25.511912008552,0.306417777248));
#962 = LINE('',#963,#964);
#963 = CARTESIAN_POINT('',(5.3,40.091775105653,17.682022002749));
#964 = VECTOR('',#965,1.);
#965 = DIRECTION('',(0.,-0.642787609687,-0.766044443119));
#966 = ORIENTED_EDGE('',*,*,#603,.T.);
#967 = ORIENTED_EDGE('',*,*,#968,.F.);
#968 = EDGE_CURVE('',#969,#604,#971,.T.);
#969 = VERTEX_POINT('',#970);
#970 = CARTESIAN_POINT('',(5.,36.9,13.878212553835));
#971 = ELLIPSE('',#972,4.667171480581,3.);
#972 = AXIS2_PLACEMENT_3D('',#973,#974,#975);
#973 = CARTESIAN_POINT('',(2.,36.9,13.878212553835));
#974 = DIRECTION('',(0.,-0.766044443119,0.642787609687));
#975 = DIRECTION('',(0.,-0.642787609687,-0.766044443119));
#976 = ORIENTED_EDGE('',*,*,#977,.T.);
#977 = EDGE_CURVE('',#969,#978,#980,.T.);
#978 = VERTEX_POINT('',#979);
#979 = CARTESIAN_POINT('',(5.,25.590436817148,0.4));
#980 = LINE('',#981,#982);
#981 = CARTESIAN_POINT('',(5.,35.079044722584,11.708082560021));
#982 = VECTOR('',#983,1.);
#983 = DIRECTION('',(0.,-0.642787609687,-0.766044443119));
#984 = ORIENTED_EDGE('',*,*,#985,.F.);
#985 = EDGE_CURVE('',#986,#978,#988,.T.);
#986 = VERTEX_POINT('',#987);
#987 = CARTESIAN_POINT('',(4.906417777248,25.511912008552,0.306417777248
    ));
#988 = LINE('',#989,#990);
#989 = CARTESIAN_POINT('',(12.459065137253,31.849335622745,
    7.859065137253));
#990 = VECTOR('',#991,1.);
#991 = DIRECTION('',(0.608120402411,0.510273605375,0.608120402411));
#992 = ORIENTED_EDGE('',*,*,#993,.T.);
#993 = EDGE_CURVE('',#986,#960,#994,.T.);
#994 = LINE('',#995,#996);
#995 = CARTESIAN_POINT('',(5.,25.511912008552,0.306417777248));
#996 = VECTOR('',#997,1.);
#997 = DIRECTION('',(1.,0.,0.));
#998 = PLANE('',#999);
#999 = AXIS2_PLACEMENT_3D('',#1000,#1001,#1002);
#1000 = CARTESIAN_POINT('',(6.8,40.091775105653,17.682022002749));
#1001 = DIRECTION('',(0.,-0.766044443119,0.642787609687));
#1002 = DIRECTION('',(0.,-0.642787609687,-0.766044443119));
#1003 = ADVANCED_FACE('',(#1004),#1093,.F.);
#1004 = FACE_BOUND('',#1005,.F.);
#1005 = EDGE_LOOP('',(#1006,#1014,#1022,#1030,#1038,#1046,#1054,#1062,
    #1070,#1078,#1086,#1092));
#1006 = ORIENTED_EDGE('',*,*,#1007,.F.);
#1007 = EDGE_CURVE('',#1008,#627,#1010,.T.);
#1008 = VERTEX_POINT('',#1009);
#1009 = CARTESIAN_POINT('',(5.3,7.758372873633,0.306417777248));
#1010 = LINE('',#1011,#1012);
#1011 = CARTESIAN_POINT('',(5.3,7.501257829758,1.1E-16));
#1012 = VECTOR('',#1013,1.);
#1013 = DIRECTION('',(0.,0.642787609687,0.766044443119));
#1014 = ORIENTED_EDGE('',*,*,#1015,.T.);
#1015 = EDGE_CURVE('',#1008,#1016,#1018,.T.);
#1016 = VERTEX_POINT('',#1017);
#1017 = CARTESIAN_POINT('',(4.906417777248,7.758372873633,0.306417777248
    ));
#1018 = LINE('',#1019,#1020);
#1019 = CARTESIAN_POINT('',(5.3,7.758372873633,0.306417777248));
#1020 = VECTOR('',#1021,1.);
#1021 = DIRECTION('',(-1.,-0.,-0.));
#1022 = ORIENTED_EDGE('',*,*,#1023,.T.);
#1023 = EDGE_CURVE('',#1016,#1024,#1026,.T.);
#1024 = VERTEX_POINT('',#1025);
#1025 = CARTESIAN_POINT('',(5.,7.836897682229,0.4));
#1026 = LINE('',#1027,#1028);
#1027 = CARTESIAN_POINT('',(5.080753550978,7.904657957071,0.480753550978
    ));
#1028 = VECTOR('',#1029,1.);
#1029 = DIRECTION('',(0.608120402411,0.510273605375,0.608120402411));
#1030 = ORIENTED_EDGE('',*,*,#1031,.T.);
#1031 = EDGE_CURVE('',#1024,#1032,#1034,.T.);
#1032 = VERTEX_POINT('',#1033);
#1033 = CARTESIAN_POINT('',(5.,12.535855616822,6.));
#1034 = LINE('',#1035,#1036);
#1035 = CARTESIAN_POINT('',(5.,13.574683871428,7.238027304515));
#1036 = VECTOR('',#1037,1.);
#1037 = DIRECTION('',(0.,0.642787609687,0.766044443119));
#1038 = ORIENTED_EDGE('',*,*,#1039,.T.);
#1039 = EDGE_CURVE('',#1032,#1040,#1042,.T.);
#1040 = VERTEX_POINT('',#1041);
#1041 = CARTESIAN_POINT('',(5.,17.031907391282,11.358185854702));
#1042 = LINE('',#1043,#1044);
#1043 = CARTESIAN_POINT('',(5.,13.574683871428,7.238027304515));
#1044 = VECTOR('',#1045,1.);
#1045 = DIRECTION('',(0.,0.642787609687,0.766044443119));
#1046 = ORIENTED_EDGE('',*,*,#1047,.T.);
#1047 = EDGE_CURVE('',#1040,#1048,#1050,.T.);
#1048 = VERTEX_POINT('',#1049);
#1049 = CARTESIAN_POINT('',(-5.,17.031907391282,11.358185854702));
#1050 = LINE('',#1051,#1052);
#1051 = CARTESIAN_POINT('',(5.,17.031907391282,11.358185854702));
#1052 = VECTOR('',#1053,1.);
#1053 = DIRECTION('',(-1.,0.,0.));
#1054 = ORIENTED_EDGE('',*,*,#1055,.F.);
#1055 = EDGE_CURVE('',#1056,#1048,#1058,.T.);
#1056 = VERTEX_POINT('',#1057);
#1057 = CARTESIAN_POINT('',(-5.,12.535855616822,6.));
#1058 = LINE('',#1059,#1060);
#1059 = CARTESIAN_POINT('',(-5.,6.003235299301,-1.785273732459));
#1060 = VECTOR('',#1061,1.);
#1061 = DIRECTION('',(0.,0.642787609687,0.766044443119));
#1062 = ORIENTED_EDGE('',*,*,#1063,.T.);
#1063 = EDGE_CURVE('',#1056,#1064,#1066,.T.);
#1064 = VERTEX_POINT('',#1065);
#1065 = CARTESIAN_POINT('',(-5.,7.836897682229,0.4));
#1066 = LINE('',#1067,#1068);
#1067 = CARTESIAN_POINT('',(-5.,6.003235299301,-1.785273732459));
#1068 = VECTOR('',#1069,1.);
#1069 = DIRECTION('',(-0.,-0.642787609687,-0.766044443119));
#1070 = ORIENTED_EDGE('',*,*,#1071,.F.);
#1071 = EDGE_CURVE('',#1072,#1064,#1074,.T.);
#1072 = VERTEX_POINT('',#1073);
#1073 = CARTESIAN_POINT('',(-4.906417777248,7.758372873633,
    0.306417777248));
#1074 = LINE('',#1075,#1076);
#1075 = CARTESIAN_POINT('',(-1.440981772133,4.850526799873,
    -3.159018227867));
#1076 = VECTOR('',#1077,1.);
#1077 = DIRECTION('',(-0.608120402411,0.510273605375,0.608120402411));
#1078 = ORIENTED_EDGE('',*,*,#1079,.T.);
#1079 = EDGE_CURVE('',#1072,#1080,#1082,.T.);
#1080 = VERTEX_POINT('',#1081);
#1081 = CARTESIAN_POINT('',(-5.3,7.758372873633,0.306417777248));
#1082 = LINE('',#1083,#1084);
#1083 = CARTESIAN_POINT('',(-5.,7.758372873633,0.306417777248));
#1084 = VECTOR('',#1085,1.);
#1085 = DIRECTION('',(-1.,-0.,-0.));
#1086 = ORIENTED_EDGE('',*,*,#1087,.T.);
#1087 = EDGE_CURVE('',#1080,#629,#1088,.T.);
#1088 = LINE('',#1089,#1090);
#1089 = CARTESIAN_POINT('',(-5.3,7.501257829758,1.1E-16));
#1090 = VECTOR('',#1091,1.);
#1091 = DIRECTION('',(0.,0.642787609687,0.766044443119));
#1092 = ORIENTED_EDGE('',*,*,#626,.F.);
#1093 = PLANE('',#1094);
#1094 = AXIS2_PLACEMENT_3D('',#1095,#1096,#1097);
#1095 = CARTESIAN_POINT('',(6.8,7.501257829758,0.));
#1096 = DIRECTION('',(0.,0.766044443119,-0.642787609687));
#1097 = DIRECTION('',(0.,0.642787609687,0.766044443119));
#1098 = ADVANCED_FACE('',(#1099),#1110,.T.);
#1099 = FACE_BOUND('',#1100,.F.);
#1100 = EDGE_LOOP('',(#1101,#1108,#1109));
#1101 = ORIENTED_EDGE('',*,*,#1102,.F.);
#1102 = EDGE_CURVE('',#715,#629,#1103,.T.);
#1103 = CIRCLE('',#1104,1.5);
#1104 = AXIS2_PLACEMENT_3D('',#1105,#1106,#1107);
#1105 = CARTESIAN_POINT('',(-5.3,30.293526516956,24.82918235105));
#1106 = DIRECTION('',(-0.,0.642787609687,0.766044443119));
#1107 = DIRECTION('',(0.,-0.766044443119,0.642787609687));
#1108 = ORIENTED_EDGE('',*,*,#714,.T.);
#1109 = ORIENTED_EDGE('',*,*,#644,.F.);
#1110 = SPHERICAL_SURFACE('',#1111,1.5);
#1111 = AXIS2_PLACEMENT_3D('',#1112,#1113,#1114);
#1112 = CARTESIAN_POINT('',(-5.3,30.293526516956,24.82918235105));
#1113 = DIRECTION('',(1.,0.,0.));
#1114 = DIRECTION('',(0.,-0.766044443119,0.642787609687));
#1115 = ADVANCED_FACE('',(#1116),#1143,.T.);
#1116 = FACE_BOUND('',#1117,.F.);
#1117 = EDGE_LOOP('',(#1118,#1126,#1127,#1128,#1136));
#1118 = ORIENTED_EDGE('',*,*,#1119,.T.);
#1119 = EDGE_CURVE('',#1120,#969,#1122,.T.);
#1120 = VERTEX_POINT('',#1121);
#1121 = CARTESIAN_POINT('',(5.,36.9,0.4));
#1122 = LINE('',#1123,#1124);
#1123 = CARTESIAN_POINT('',(5.,36.9,0.));
#1124 = VECTOR('',#1125,1.);
#1125 = DIRECTION('',(0.,0.,1.));
#1126 = ORIENTED_EDGE('',*,*,#968,.T.);
#1127 = ORIENTED_EDGE('',*,*,#660,.T.);
#1128 = ORIENTED_EDGE('',*,*,#1129,.F.);
#1129 = EDGE_CURVE('',#1130,#661,#1132,.T.);
#1130 = VERTEX_POINT('',#1131);
#1131 = CARTESIAN_POINT('',(2.,39.9,0.4));
#1132 = LINE('',#1133,#1134);
#1133 = CARTESIAN_POINT('',(2.,39.9,6.));
#1134 = VECTOR('',#1135,1.);
#1135 = DIRECTION('',(0.,0.,1.));
#1136 = ORIENTED_EDGE('',*,*,#1137,.T.);
#1137 = EDGE_CURVE('',#1130,#1120,#1138,.T.);
#1138 = CIRCLE('',#1139,3.);
#1139 = AXIS2_PLACEMENT_3D('',#1140,#1141,#1142);
#1140 = CARTESIAN_POINT('',(2.,36.9,0.4));
#1141 = DIRECTION('',(0.,0.,-1.));
#1142 = DIRECTION('',(3.E-16,1.,0.));
#1143 = CYLINDRICAL_SURFACE('',#1144,3.);
#1144 = AXIS2_PLACEMENT_3D('',#1145,#1146,#1147);
#1145 = CARTESIAN_POINT('',(2.,36.9,0.));
#1146 = DIRECTION('',(-0.,-0.,-1.));
#1147 = DIRECTION('',(1.,0.,0.));
#1148 = ADVANCED_FACE('',(#1149),#1160,.T.);
#1149 = FACE_BOUND('',#1150,.F.);
#1150 = EDGE_LOOP('',(#1151,#1152,#1159));
#1151 = ORIENTED_EDGE('',*,*,#704,.F.);
#1152 = ORIENTED_EDGE('',*,*,#1153,.T.);
#1153 = EDGE_CURVE('',#705,#772,#1154,.T.);
#1154 = CIRCLE('',#1155,1.5);
#1155 = AXIS2_PLACEMENT_3D('',#1156,#1157,#1158);
#1156 = CARTESIAN_POINT('',(-5.3,38.413597614017,18.015633688372));
#1157 = DIRECTION('',(0.,-0.642787609687,-0.766044443119));
#1158 = DIRECTION('',(0.,0.766044443119,-0.642787609687));
#1159 = ORIENTED_EDGE('',*,*,#779,.F.);
#1160 = SPHERICAL_SURFACE('',#1161,1.5);
#1161 = AXIS2_PLACEMENT_3D('',#1162,#1163,#1164);
#1162 = CARTESIAN_POINT('',(-5.3,38.413597614017,18.015633688372));
#1163 = DIRECTION('',(1.,0.,0.));
#1164 = DIRECTION('',(0.,0.941561987637,0.336839759287));
#1165 = ADVANCED_FACE('',(#1166,#1191),#1194,.F.);
#1166 = FACE_BOUND('',#1167,.F.);
#1167 = EDGE_LOOP('',(#1168,#1176,#1177,#1185));
#1168 = ORIENTED_EDGE('',*,*,#1169,.F.);
#1169 = EDGE_CURVE('',#705,#1170,#1172,.T.);
#1170 = VERTEX_POINT('',#1171);
#1171 = CARTESIAN_POINT('',(-6.8,23.63232588315,0.4));
#1172 = LINE('',#1173,#1174);
#1173 = CARTESIAN_POINT('',(-6.8,38.942708440974,18.646203417279));
#1174 = VECTOR('',#1175,1.);
#1175 = DIRECTION('',(0.,-0.642787609687,-0.766044443119));
#1176 = ORIENTED_EDGE('',*,*,#723,.T.);
#1177 = ORIENTED_EDGE('',*,*,#1178,.F.);
#1178 = EDGE_CURVE('',#1179,#715,#1181,.T.);
#1179 = VERTEX_POINT('',#1180);
#1180 = CARTESIAN_POINT('',(-6.8,9.795008616228,0.4));
#1181 = LINE('',#1182,#1183);
#1182 = CARTESIAN_POINT('',(-6.8,8.650324494437,-0.96418141453));
#1183 = VECTOR('',#1184,1.);
#1184 = DIRECTION('',(0.,0.642787609687,0.766044443119));
#1185 = ORIENTED_EDGE('',*,*,#1186,.T.);
#1186 = EDGE_CURVE('',#1179,#1170,#1187,.T.);
#1187 = LINE('',#1188,#1189);
#1188 = CARTESIAN_POINT('',(-6.8,9.459368763757,0.4));
#1189 = VECTOR('',#1190,1.);
#1190 = DIRECTION('',(0.,1.,0.));
#1191 = FACE_BOUND('',#1192,.F.);
#1192 = EDGE_LOOP('',(#1193));
#1193 = ORIENTED_EDGE('',*,*,#866,.F.);
#1194 = PLANE('',#1195);
#1195 = AXIS2_PLACEMENT_3D('',#1196,#1197,#1198);
#1196 = CARTESIAN_POINT('',(-6.8,24.512803404945,11.040637822625));
#1197 = DIRECTION('',(1.,0.,0.));
#1198 = DIRECTION('',(0.,0.,1.));
#1199 = ADVANCED_FACE('',(#1200),#1218,.T.);
#1200 = FACE_BOUND('',#1201,.T.);
#1201 = EDGE_LOOP('',(#1202,#1203,#1211,#1217));
#1202 = ORIENTED_EDGE('',*,*,#1129,.F.);
#1203 = ORIENTED_EDGE('',*,*,#1204,.F.);
#1204 = EDGE_CURVE('',#1205,#1130,#1207,.T.);
#1205 = VERTEX_POINT('',#1206);
#1206 = CARTESIAN_POINT('',(-2.,39.9,0.4));
#1207 = LINE('',#1208,#1209);
#1208 = CARTESIAN_POINT('',(-2.,39.9,0.4));
#1209 = VECTOR('',#1210,1.);
#1210 = DIRECTION('',(1.,0.,0.));
#1211 = ORIENTED_EDGE('',*,*,#1212,.T.);
#1212 = EDGE_CURVE('',#1205,#740,#1213,.T.);
#1213 = LINE('',#1214,#1215);
#1214 = CARTESIAN_POINT('',(-2.,39.9,0.));
#1215 = VECTOR('',#1216,1.);
#1216 = DIRECTION('',(0.,0.,1.));
#1217 = ORIENTED_EDGE('',*,*,#739,.F.);
#1218 = PLANE('',#1219);
#1219 = AXIS2_PLACEMENT_3D('',#1220,#1221,#1222);
#1220 = CARTESIAN_POINT('',(9.E-16,39.9,8.726736665809));
#1221 = DIRECTION('',(0.,1.,0.));
#1222 = DIRECTION('',(0.,0.,1.));
#1223 = ADVANCED_FACE('',(#1224),#1266,.F.);
#1224 = FACE_BOUND('',#1225,.F.);
#1225 = EDGE_LOOP('',(#1226,#1236,#1243,#1244,#1252,#1260));
#1226 = ORIENTED_EDGE('',*,*,#1227,.F.);
#1227 = EDGE_CURVE('',#1228,#1230,#1232,.T.);
#1228 = VERTEX_POINT('',#1229);
#1229 = CARTESIAN_POINT('',(-5.,36.9,13.878212553835));
#1230 = VERTEX_POINT('',#1231);
#1231 = CARTESIAN_POINT('',(-5.,25.590436817148,0.4));
#1232 = LINE('',#1233,#1234);
#1233 = CARTESIAN_POINT('',(-5.,35.190584928697,11.841011001375));
#1234 = VECTOR('',#1235,1.);
#1235 = DIRECTION('',(-0.,-0.642787609687,-0.766044443119));
#1236 = ORIENTED_EDGE('',*,*,#1237,.F.);
#1237 = EDGE_CURVE('',#764,#1228,#1238,.T.);
#1238 = ELLIPSE('',#1239,4.667171480581,3.);
#1239 = AXIS2_PLACEMENT_3D('',#1240,#1241,#1242);
#1240 = CARTESIAN_POINT('',(-2.,36.9,13.878212553835));
#1241 = DIRECTION('',(0.,-0.766044443119,0.642787609687));
#1242 = DIRECTION('',(0.,-0.642787609687,-0.766044443119));
#1243 = ORIENTED_EDGE('',*,*,#771,.T.);
#1244 = ORIENTED_EDGE('',*,*,#1245,.T.);
#1245 = EDGE_CURVE('',#772,#1246,#1248,.T.);
#1246 = VERTEX_POINT('',#1247);
#1247 = CARTESIAN_POINT('',(-5.3,25.511912008552,0.306417777248));
#1248 = LINE('',#1249,#1250);
#1249 = CARTESIAN_POINT('',(-5.3,40.091775105653,17.682022002749));
#1250 = VECTOR('',#1251,1.);
#1251 = DIRECTION('',(0.,-0.642787609687,-0.766044443119));
#1252 = ORIENTED_EDGE('',*,*,#1253,.T.);
#1253 = EDGE_CURVE('',#1246,#1254,#1256,.T.);
#1254 = VERTEX_POINT('',#1255);
#1255 = CARTESIAN_POINT('',(-4.906417777248,25.511912008552,
    0.306417777248));
#1256 = LINE('',#1257,#1258);
#1257 = CARTESIAN_POINT('',(-5.3,25.511912008552,0.306417777248));
#1258 = VECTOR('',#1259,1.);
#1259 = DIRECTION('',(1.,0.,0.));
#1260 = ORIENTED_EDGE('',*,*,#1261,.T.);
#1261 = EDGE_CURVE('',#1254,#1230,#1262,.T.);
#1262 = LINE('',#1263,#1264);
#1263 = CARTESIAN_POINT('',(-8.137555644821,28.223158601516,
    3.537555644821));
#1264 = VECTOR('',#1265,1.);
#1265 = DIRECTION('',(-0.608120402411,0.510273605375,0.608120402411));
#1266 = PLANE('',#1267);
#1267 = AXIS2_PLACEMENT_3D('',#1268,#1269,#1270);
#1268 = CARTESIAN_POINT('',(6.8,40.091775105653,17.682022002749));
#1269 = DIRECTION('',(0.,-0.766044443119,0.642787609687));
#1270 = DIRECTION('',(0.,-0.642787609687,-0.766044443119));
#1271 = ADVANCED_FACE('',(#1272),#1292,.T.);
#1272 = FACE_BOUND('',#1273,.F.);
#1273 = EDGE_LOOP('',(#1274,#1282,#1289,#1290,#1291));
#1274 = ORIENTED_EDGE('',*,*,#1275,.F.);
#1275 = EDGE_CURVE('',#1276,#1228,#1278,.T.);
#1276 = VERTEX_POINT('',#1277);
#1277 = CARTESIAN_POINT('',(-5.,36.9,0.4));
#1278 = LINE('',#1279,#1280);
#1279 = CARTESIAN_POINT('',(-5.,36.9,6.));
#1280 = VECTOR('',#1281,1.);
#1281 = DIRECTION('',(0.,0.,1.));
#1282 = ORIENTED_EDGE('',*,*,#1283,.T.);
#1283 = EDGE_CURVE('',#1276,#1205,#1284,.T.);
#1284 = CIRCLE('',#1285,3.);
#1285 = AXIS2_PLACEMENT_3D('',#1286,#1287,#1288);
#1286 = CARTESIAN_POINT('',(-2.,36.9,0.4));
#1287 = DIRECTION('',(0.,0.,-1.));
#1288 = DIRECTION('',(-1.,0.,0.));
#1289 = ORIENTED_EDGE('',*,*,#1212,.T.);
#1290 = ORIENTED_EDGE('',*,*,#796,.T.);
#1291 = ORIENTED_EDGE('',*,*,#1237,.T.);
#1292 = CYLINDRICAL_SURFACE('',#1293,3.);
#1293 = AXIS2_PLACEMENT_3D('',#1294,#1295,#1296);
#1294 = CARTESIAN_POINT('',(-2.,36.9,0.));
#1295 = DIRECTION('',(-0.,-0.,-1.));
#1296 = DIRECTION('',(1.,0.,0.));
#1297 = ADVANCED_FACE('',(#1298),#1309,.F.);
#1298 = FACE_BOUND('',#1299,.T.);
#1299 = EDGE_LOOP('',(#1300,#1306,#1307,#1308));
#1300 = ORIENTED_EDGE('',*,*,#1301,.F.);
#1301 = EDGE_CURVE('',#926,#834,#1302,.T.);
#1302 = LINE('',#1303,#1304);
#1303 = CARTESIAN_POINT('',(6.6,29.123236688125,13.222755533023));
#1304 = VECTOR('',#1305,1.);
#1305 = DIRECTION('',(-0.707106781187,-0.707106781187,0.));
#1306 = ORIENTED_EDGE('',*,*,#925,.T.);
#1307 = ORIENTED_EDGE('',*,*,#1301,.T.);
#1308 = ORIENTED_EDGE('',*,*,#841,.F.);
#1309 = CONICAL_SURFACE('',#1310,1.65,0.785398163397);
#1310 = AXIS2_PLACEMENT_3D('',#1311,#1312,#1313);
#1311 = CARTESIAN_POINT('',(6.6,27.473236688125,13.222755533023));
#1312 = DIRECTION('',(1.,0.,0.));
#1313 = DIRECTION('',(0.,1.,0.));
#1314 = ADVANCED_FACE('',(#1315),#1333,.T.);
#1315 = FACE_BOUND('',#1316,.F.);
#1316 = EDGE_LOOP('',(#1317,#1318,#1319,#1320));
#1317 = ORIENTED_EDGE('',*,*,#900,.F.);
#1318 = ORIENTED_EDGE('',*,*,#884,.T.);
#1319 = ORIENTED_EDGE('',*,*,#959,.T.);
#1320 = ORIENTED_EDGE('',*,*,#1321,.T.);
#1321 = EDGE_CURVE('',#960,#901,#1322,.T.);
#1322 = B_SPLINE_CURVE_WITH_KNOTS('',9,(#1323,#1324,#1325,#1326,#1327,
    #1328,#1329,#1330,#1331,#1332),.UNSPECIFIED.,.F.,.F.,(10,10),(0.3,
    2.691304018106),.PIECEWISE_BEZIER_KNOTS.);
#1323 = CARTESIAN_POINT('',(5.3,25.511912008552,0.306417777248));
#1324 = CARTESIAN_POINT('',(5.58524465016,25.511912008552,0.306417777248
    ));
#1325 = CARTESIAN_POINT('',(5.877182715541,25.438502816393,
    0.313672425416));
#1326 = CARTESIAN_POINT('',(6.152241365453,25.287638140035,
    0.332657559238));
#1327 = CARTESIAN_POINT('',(6.396500295437,25.076831238731,
    0.363779378271));
#1328 = CARTESIAN_POINT('',(6.573355978179,24.792597806996,
    0.397505005596));
#1329 = CARTESIAN_POINT('',(6.683810871955,24.510132708509,
    0.398488509544));
#1330 = CARTESIAN_POINT('',(6.760757724409,24.223022892102,
    0.400244006994));
#1331 = CARTESIAN_POINT('',(6.8,23.93209970287,0.4));
#1332 = CARTESIAN_POINT('',(6.8,23.63232588315,0.4));
#1333 = CYLINDRICAL_SURFACE('',#1334,1.5);
#1334 = AXIS2_PLACEMENT_3D('',#1335,#1336,#1337);
#1335 = CARTESIAN_POINT('',(5.3,38.942708440974,18.646203417279));
#1336 = DIRECTION('',(0.,-0.642787609687,-0.766044443119));
#1337 = DIRECTION('',(1.,0.,0.));
#1338 = ADVANCED_FACE('',(#1339),#1363,.T.);
#1339 = FACE_BOUND('',#1340,.T.);
#1340 = EDGE_LOOP('',(#1341,#1348,#1349,#1357));
#1341 = ORIENTED_EDGE('',*,*,#1342,.F.);
#1342 = EDGE_CURVE('',#901,#1343,#1345,.T.);
#1343 = VERTEX_POINT('',#1344);
#1344 = CARTESIAN_POINT('',(6.400000955138,23.631451749545,0.));
#1345 = B_SPLINE_CURVE_WITH_KNOTS('',1,(#1346,#1347),.UNSPECIFIED.,.F.,
  .F.,(2,2),(0.,2.391304018106),.PIECEWISE_BEZIER_KNOTS.);
#1346 = CARTESIAN_POINT('',(6.8,23.63232588315,0.4));
#1347 = CARTESIAN_POINT('',(6.400000955138,23.631451749545,0.));
#1348 = ORIENTED_EDGE('',*,*,#917,.T.);
#1349 = ORIENTED_EDGE('',*,*,#1350,.T.);
#1350 = EDGE_CURVE('',#910,#1351,#1353,.T.);
#1351 = VERTEX_POINT('',#1352);
#1352 = CARTESIAN_POINT('',(6.4,9.795008616228,0.));
#1353 = LINE('',#1354,#1355);
#1354 = CARTESIAN_POINT('',(6.6,9.795008616228,0.2));
#1355 = VECTOR('',#1356,1.);
#1356 = DIRECTION('',(-0.707106781187,0.,-0.707106781187));
#1357 = ORIENTED_EDGE('',*,*,#1358,.F.);
#1358 = EDGE_CURVE('',#1343,#1351,#1359,.T.);
#1359 = LINE('',#1360,#1361);
#1360 = CARTESIAN_POINT('',(6.4,23.296686030679,0.));
#1361 = VECTOR('',#1362,1.);
#1362 = DIRECTION('',(0.,-1.,0.));
#1363 = PLANE('',#1364);
#1364 = AXIS2_PLACEMENT_3D('',#1365,#1366,#1367);
#1365 = CARTESIAN_POINT('',(6.6,23.296686030679,0.2));
#1366 = DIRECTION('',(0.707106781187,0.,-0.707106781187));
#1367 = DIRECTION('',(0.,-1.,0.));
#1368 = ADVANCED_FACE('',(#1369),#1395,.T.);
#1369 = FACE_BOUND('',#1370,.T.);
#1370 = EDGE_LOOP('',(#1371,#1372,#1393,#1394));
#1371 = ORIENTED_EDGE('',*,*,#1007,.F.);
#1372 = ORIENTED_EDGE('',*,*,#1373,.F.);
#1373 = EDGE_CURVE('',#910,#1008,#1374,.T.);
#1374 = B_SPLINE_CURVE_WITH_KNOTS('',9,(#1375,#1376,#1377,#1378,#1379,
    #1380,#1381,#1382,#1383,#1384,#1385,#1386,#1387,#1388,#1389,#1390,
    #1391,#1392),.UNSPECIFIED.,.F.,.F.,(10,8,10),(16.529600567679,
    16.831015833465,19.593163573378),.UNSPECIFIED.);
#1375 = CARTESIAN_POINT('',(6.8,9.795008616228,0.4));
#1376 = CARTESIAN_POINT('',(6.8,9.757715299287,0.4));
#1377 = CARTESIAN_POINT('',(6.799386032638,9.720412809359,0.399998454391
    ));
#1378 = CARTESIAN_POINT('',(6.798167306881,9.683147576855,0.40000295971)
  );
#1379 = CARTESIAN_POINT('',(6.796325598864,9.645830984164,0.399994992718
    ));
#1380 = CARTESIAN_POINT('',(6.793868164378,9.608518283085,0.399971908089
    ));
#1381 = CARTESIAN_POINT('',(6.790805409128,9.571271228033,0.399929815868
    ));
#1382 = CARTESIAN_POINT('',(6.787118010046,9.533977591801,0.399836545273
    ));
#1383 = CARTESIAN_POINT('',(6.782778180628,9.496500730399,0.39964390139)
  );
#1384 = CARTESIAN_POINT('',(6.733092764351,9.120756919885,0.397047220889
    ));
#1385 = CARTESIAN_POINT('',(6.638243639033,8.793876597307,0.389446217119
    ));
#1386 = CARTESIAN_POINT('',(6.498790551771,8.498077710027,0.375120210277
    ));
#1387 = CARTESIAN_POINT('',(6.325297480408,8.242462648585,0.359052038876
    ));
#1388 = CARTESIAN_POINT('',(6.124133433605,8.036370981053,0.340079245857
    ));
#1389 = CARTESIAN_POINT('',(5.911848554338,7.893906765137,0.323559426284
    ));
#1390 = CARTESIAN_POINT('',(5.706483935809,7.803666802056,0.312171830793
    ));
#1391 = CARTESIAN_POINT('',(5.503218252224,7.758372873633,0.306417777248
    ));
#1392 = CARTESIAN_POINT('',(5.3,7.758372873633,0.306417777248));
#1393 = ORIENTED_EDGE('',*,*,#909,.T.);
#1394 = ORIENTED_EDGE('',*,*,#943,.T.);
#1395 = CYLINDRICAL_SURFACE('',#1396,1.5);
#1396 = AXIS2_PLACEMENT_3D('',#1397,#1398,#1399);
#1397 = CARTESIAN_POINT('',(5.3,8.650324494437,-0.96418141453));
#1398 = DIRECTION('',(0.,0.642787609687,0.766044443119));
#1399 = DIRECTION('',(0.,-0.766044443119,0.642787609687));
#1400 = ADVANCED_FACE('',(#1401),#1426,.F.);
#1401 = FACE_BOUND('',#1402,.T.);
#1402 = EDGE_LOOP('',(#1403,#1411,#1412,#1420));
#1403 = ORIENTED_EDGE('',*,*,#1404,.T.);
#1404 = EDGE_CURVE('',#1405,#986,#1407,.T.);
#1405 = VERTEX_POINT('',#1406);
#1406 = CARTESIAN_POINT('',(4.6,24.854796964677,-2.E-15));
#1407 = LINE('',#1408,#1409);
#1408 = CARTESIAN_POINT('',(6.682830673489,29.321441758224,
    2.082830673489));
#1409 = VECTOR('',#1410,1.);
#1410 = DIRECTION('',(0.389281620635,0.834817129479,0.389281620635));
#1411 = ORIENTED_EDGE('',*,*,#993,.T.);
#1412 = ORIENTED_EDGE('',*,*,#1413,.T.);
#1413 = EDGE_CURVE('',#960,#1414,#1416,.T.);
#1414 = VERTEX_POINT('',#1415);
#1415 = CARTESIAN_POINT('',(5.3,24.854796964677,-2.E-15));
#1416 = LINE('',#1417,#1418);
#1417 = CARTESIAN_POINT('',(5.3,25.183354486615,0.153208888624));
#1418 = VECTOR('',#1419,1.);
#1419 = DIRECTION('',(-0.,-0.906307787037,-0.422618261741));
#1420 = ORIENTED_EDGE('',*,*,#1421,.F.);
#1421 = EDGE_CURVE('',#1405,#1414,#1422,.T.);
#1422 = LINE('',#1423,#1424);
#1423 = CARTESIAN_POINT('',(5.,24.854796964677,-3.55E-15));
#1424 = VECTOR('',#1425,1.);
#1425 = DIRECTION('',(1.,0.,0.));
#1426 = PLANE('',#1427);
#1427 = AXIS2_PLACEMENT_3D('',#1428,#1429,#1430);
#1428 = CARTESIAN_POINT('',(5.,25.183354486615,0.153208888624));
#1429 = DIRECTION('',(0.,-0.422618261741,0.906307787037));
#1430 = DIRECTION('',(-1.,-0.,-0.));
#1431 = ADVANCED_FACE('',(#1432),#1456,.T.);
#1432 = FACE_BOUND('',#1433,.F.);
#1433 = EDGE_LOOP('',(#1434,#1435,#1436,#1442,#1450));
#1434 = ORIENTED_EDGE('',*,*,#1404,.T.);
#1435 = ORIENTED_EDGE('',*,*,#985,.T.);
#1436 = ORIENTED_EDGE('',*,*,#1437,.F.);
#1437 = EDGE_CURVE('',#1120,#978,#1438,.T.);
#1438 = LINE('',#1439,#1440);
#1439 = CARTESIAN_POINT('',(5.,36.9,0.4));
#1440 = VECTOR('',#1441,1.);
#1441 = DIRECTION('',(0.,-1.,0.));
#1442 = ORIENTED_EDGE('',*,*,#1443,.F.);
#1443 = EDGE_CURVE('',#1444,#1120,#1446,.T.);
#1444 = VERTEX_POINT('',#1445);
#1445 = CARTESIAN_POINT('',(4.6,36.9,0.));
#1446 = LINE('',#1447,#1448);
#1447 = CARTESIAN_POINT('',(5.,36.9,0.4));
#1448 = VECTOR('',#1449,1.);
#1449 = DIRECTION('',(0.707106781187,-1.E-17,0.707106781187));
#1450 = ORIENTED_EDGE('',*,*,#1451,.T.);
#1451 = EDGE_CURVE('',#1444,#1405,#1452,.T.);
#1452 = LINE('',#1453,#1454);
#1453 = CARTESIAN_POINT('',(4.6,36.9,0.));
#1454 = VECTOR('',#1455,1.);
#1455 = DIRECTION('',(0.,-1.,0.));
#1456 = PLANE('',#1457);
#1457 = AXIS2_PLACEMENT_3D('',#1458,#1459,#1460);
#1458 = CARTESIAN_POINT('',(4.8,36.9,0.2));
#1459 = DIRECTION('',(0.707106781187,0.,-0.707106781187));
#1460 = DIRECTION('',(0.,1.,0.));
#1461 = ADVANCED_FACE('',(#1462),#1467,.T.);
#1462 = FACE_BOUND('',#1463,.T.);
#1463 = EDGE_LOOP('',(#1464,#1465,#1466));
#1464 = ORIENTED_EDGE('',*,*,#1119,.T.);
#1465 = ORIENTED_EDGE('',*,*,#977,.T.);
#1466 = ORIENTED_EDGE('',*,*,#1437,.F.);
#1467 = PLANE('',#1468);
#1468 = AXIS2_PLACEMENT_3D('',#1469,#1470,#1471);
#1469 = CARTESIAN_POINT('',(5.,32.929072421958,5.087432337298));
#1470 = DIRECTION('',(1.,0.,0.));
#1471 = DIRECTION('',(0.,0.,1.));
#1472 = ADVANCED_FACE('',(#1473),#1497,.F.);
#1473 = FACE_BOUND('',#1474,.T.);
#1474 = EDGE_LOOP('',(#1475,#1482,#1483,#1491));
#1475 = ORIENTED_EDGE('',*,*,#1476,.F.);
#1476 = EDGE_CURVE('',#1008,#1477,#1479,.T.);
#1477 = VERTEX_POINT('',#1478);
#1478 = CARTESIAN_POINT('',(5.3,7.901257829758,0.));
#1479 = B_SPLINE_CURVE_WITH_KNOTS('',1,(#1480,#1481),.UNSPECIFIED.,.F.,
  .F.,(2,2),(0.,3.063563005699),.PIECEWISE_BEZIER_KNOTS.);
#1480 = CARTESIAN_POINT('',(5.3,7.758372873633,0.306417777248));
#1481 = CARTESIAN_POINT('',(5.3,7.901257829758,0.));
#1482 = ORIENTED_EDGE('',*,*,#1015,.T.);
#1483 = ORIENTED_EDGE('',*,*,#1484,.F.);
#1484 = EDGE_CURVE('',#1485,#1016,#1487,.T.);
#1485 = VERTEX_POINT('',#1486);
#1486 = CARTESIAN_POINT('',(4.6,7.901257829758,0.));
#1487 = LINE('',#1488,#1489);
#1488 = CARTESIAN_POINT('',(4.932149741412,7.746373861684,0.332149741412
    ));
#1489 = VECTOR('',#1490,1.);
#1490 = DIRECTION('',(0.671542934238,-0.313145613015,0.671542934238));
#1491 = ORIENTED_EDGE('',*,*,#1492,.F.);
#1492 = EDGE_CURVE('',#1477,#1485,#1493,.T.);
#1493 = LINE('',#1494,#1495);
#1494 = CARTESIAN_POINT('',(5.3,7.901257829758,0.));
#1495 = VECTOR('',#1496,1.);
#1496 = DIRECTION('',(-1.,-0.,-0.));
#1497 = PLANE('',#1498);
#1498 = AXIS2_PLACEMENT_3D('',#1499,#1500,#1501);
#1499 = CARTESIAN_POINT('',(5.3,7.829815351696,0.153208888624));
#1500 = DIRECTION('',(0.,0.906307787037,0.422618261741));
#1501 = DIRECTION('',(1.,0.,0.));
#1502 = ADVANCED_FACE('',(#1503),#1529,.T.);
#1503 = FACE_BOUND('',#1504,.F.);
#1504 = EDGE_LOOP('',(#1505,#1506,#1514,#1522,#1528));
#1505 = ORIENTED_EDGE('',*,*,#1484,.F.);
#1506 = ORIENTED_EDGE('',*,*,#1507,.T.);
#1507 = EDGE_CURVE('',#1485,#1508,#1510,.T.);
#1508 = VERTEX_POINT('',#1509);
#1509 = CARTESIAN_POINT('',(4.6,0.25,0.));
#1510 = LINE('',#1511,#1512);
#1511 = CARTESIAN_POINT('',(4.6,7.501257829758,0.));
#1512 = VECTOR('',#1513,1.);
#1513 = DIRECTION('',(0.,-1.,0.));
#1514 = ORIENTED_EDGE('',*,*,#1515,.T.);
#1515 = EDGE_CURVE('',#1508,#1516,#1518,.T.);
#1516 = VERTEX_POINT('',#1517);
#1517 = CARTESIAN_POINT('',(5.,0.25,0.4));
#1518 = LINE('',#1519,#1520);
#1519 = CARTESIAN_POINT('',(4.8,0.25,0.2));
#1520 = VECTOR('',#1521,1.);
#1521 = DIRECTION('',(0.707106781187,0.,0.707106781187));
#1522 = ORIENTED_EDGE('',*,*,#1523,.F.);
#1523 = EDGE_CURVE('',#1024,#1516,#1524,.T.);
#1524 = LINE('',#1525,#1526);
#1525 = CARTESIAN_POINT('',(5.,7.501257829758,0.4));
#1526 = VECTOR('',#1527,1.);
#1527 = DIRECTION('',(0.,-1.,0.));
#1528 = ORIENTED_EDGE('',*,*,#1023,.F.);
#1529 = PLANE('',#1530);
#1530 = AXIS2_PLACEMENT_3D('',#1531,#1532,#1533);
#1531 = CARTESIAN_POINT('',(4.8,7.501257829758,0.2));
#1532 = DIRECTION('',(0.707106781187,0.,-0.707106781187));
#1533 = DIRECTION('',(0.,1.,0.));
#1534 = ADVANCED_FACE('',(#1535),#1561,.T.);
#1535 = FACE_BOUND('',#1536,.F.);
#1536 = EDGE_LOOP('',(#1537,#1538,#1559,#1560));
#1537 = ORIENTED_EDGE('',*,*,#1087,.F.);
#1538 = ORIENTED_EDGE('',*,*,#1539,.T.);
#1539 = EDGE_CURVE('',#1080,#1179,#1540,.T.);
#1540 = B_SPLINE_CURVE_WITH_KNOTS('',9,(#1541,#1542,#1543,#1544,#1545,
    #1546,#1547,#1548,#1549,#1550,#1551,#1552,#1553,#1554,#1555,#1556,
    #1557,#1558),.UNSPECIFIED.,.F.,.F.,(10,8,10),(0.3,3.062147739913,
    3.363563005699),.UNSPECIFIED.);
#1541 = CARTESIAN_POINT('',(-5.3,7.758372873633,0.306417777248));
#1542 = CARTESIAN_POINT('',(-5.503218252224,7.758372873633,
    0.306417777248));
#1543 = CARTESIAN_POINT('',(-5.706483935809,7.803666802056,
    0.312171830793));
#1544 = CARTESIAN_POINT('',(-5.911848554338,7.893906765137,
    0.323559426284));
#1545 = CARTESIAN_POINT('',(-6.124133433604,8.036370981052,
    0.340079245857));
#1546 = CARTESIAN_POINT('',(-6.325297480409,8.242462648585,
    0.359052038876));
#1547 = CARTESIAN_POINT('',(-6.498790551771,8.498077710026,
    0.375120210277));
#1548 = CARTESIAN_POINT('',(-6.638243639033,8.793876597307,
    0.389446217119));
#1549 = CARTESIAN_POINT('',(-6.733092764351,9.120756919885,
    0.397047220889));
#1550 = CARTESIAN_POINT('',(-6.782778180628,9.496500730399,0.39964390139
    ));
#1551 = CARTESIAN_POINT('',(-6.787118010046,9.533977591802,
    0.399836545273));
#1552 = CARTESIAN_POINT('',(-6.790805409128,9.571271228031,
    0.399929815868));
#1553 = CARTESIAN_POINT('',(-6.793868164379,9.608518283088,
    0.399971908089));
#1554 = CARTESIAN_POINT('',(-6.796325598864,9.645830984162,
    0.399994992718));
#1555 = CARTESIAN_POINT('',(-6.798167306881,9.683147576856,0.40000295971
    ));
#1556 = CARTESIAN_POINT('',(-6.799386032638,9.720412809358,
    0.399998454391));
#1557 = CARTESIAN_POINT('',(-6.8,9.757715299287,0.4));
#1558 = CARTESIAN_POINT('',(-6.8,9.795008616228,0.4));
#1559 = ORIENTED_EDGE('',*,*,#1178,.T.);
#1560 = ORIENTED_EDGE('',*,*,#1102,.T.);
#1561 = CYLINDRICAL_SURFACE('',#1562,1.5);
#1562 = AXIS2_PLACEMENT_3D('',#1563,#1564,#1565);
#1563 = CARTESIAN_POINT('',(-5.3,8.650324494437,-0.96418141453));
#1564 = DIRECTION('',(0.,0.642787609687,0.766044443119));
#1565 = DIRECTION('',(0.,-0.766044443119,0.642787609687));
#1566 = ADVANCED_FACE('',(#1567),#1595,.T.);
#1567 = FACE_BOUND('',#1568,.T.);
#1568 = EDGE_LOOP('',(#1569,#1577,#1578,#1579,#1580,#1589));
#1569 = ORIENTED_EDGE('',*,*,#1570,.F.);
#1570 = EDGE_CURVE('',#1516,#1571,#1573,.T.);
#1571 = VERTEX_POINT('',#1572);
#1572 = CARTESIAN_POINT('',(5.,0.25,6.));
#1573 = LINE('',#1574,#1575);
#1574 = CARTESIAN_POINT('',(5.,0.25,0.));
#1575 = VECTOR('',#1576,1.);
#1576 = DIRECTION('',(0.,0.,1.));
#1577 = ORIENTED_EDGE('',*,*,#1523,.F.);
#1578 = ORIENTED_EDGE('',*,*,#1031,.T.);
#1579 = ORIENTED_EDGE('',*,*,#1039,.T.);
#1580 = ORIENTED_EDGE('',*,*,#1581,.T.);
#1581 = EDGE_CURVE('',#1040,#1582,#1584,.T.);
#1582 = VERTEX_POINT('',#1583);
#1583 = CARTESIAN_POINT('',(5.,5.541240744497,6.));
#1584 = CIRCLE('',#1585,15.);
#1585 = AXIS2_PLACEMENT_3D('',#1586,#1587,#1588);
#1586 = CARTESIAN_POINT('',(5.,5.541240744497,21.));
#1587 = DIRECTION('',(-1.,0.,0.));
#1588 = DIRECTION('',(0.,0.,-1.));
#1589 = ORIENTED_EDGE('',*,*,#1590,.T.);
#1590 = EDGE_CURVE('',#1582,#1571,#1591,.T.);
#1591 = LINE('',#1592,#1593);
#1592 = CARTESIAN_POINT('',(5.,36.9,6.));
#1593 = VECTOR('',#1594,1.);
#1594 = DIRECTION('',(0.,-1.,0.));
#1595 = PLANE('',#1596);
#1596 = AXIS2_PLACEMENT_3D('',#1597,#1598,#1599);
#1597 = CARTESIAN_POINT('',(5.,36.9,0.));
#1598 = DIRECTION('',(1.,0.,0.));
#1599 = DIRECTION('',(0.,-1.,0.));
#1600 = ADVANCED_FACE('',(#1601),#1626,.F.);
#1601 = FACE_BOUND('',#1602,.T.);
#1602 = EDGE_LOOP('',(#1603,#1611,#1612,#1620));
#1603 = ORIENTED_EDGE('',*,*,#1604,.T.);
#1604 = EDGE_CURVE('',#1605,#1072,#1607,.T.);
#1605 = VERTEX_POINT('',#1606);
#1606 = CARTESIAN_POINT('',(-4.6,7.901257829758,0.));
#1607 = LINE('',#1608,#1609);
#1608 = CARTESIAN_POINT('',(-5.626940383301,7.422387664556,
    1.026940383301));
#1609 = VECTOR('',#1610,1.);
#1610 = DIRECTION('',(-0.671542934238,-0.313145613015,0.671542934238));
#1611 = ORIENTED_EDGE('',*,*,#1079,.T.);
#1612 = ORIENTED_EDGE('',*,*,#1613,.T.);
#1613 = EDGE_CURVE('',#1080,#1614,#1616,.T.);
#1614 = VERTEX_POINT('',#1615);
#1615 = CARTESIAN_POINT('',(-5.3,7.901257829758,0.));
#1616 = LINE('',#1617,#1618);
#1617 = CARTESIAN_POINT('',(-5.3,7.829815351696,0.153208888624));
#1618 = VECTOR('',#1619,1.);
#1619 = DIRECTION('',(0.,0.422618261741,-0.906307787037));
#1620 = ORIENTED_EDGE('',*,*,#1621,.F.);
#1621 = EDGE_CURVE('',#1605,#1614,#1622,.T.);
#1622 = LINE('',#1623,#1624);
#1623 = CARTESIAN_POINT('',(-5.,7.901257829758,0.));
#1624 = VECTOR('',#1625,1.);
#1625 = DIRECTION('',(-1.,-0.,-0.));
#1626 = PLANE('',#1627);
#1627 = AXIS2_PLACEMENT_3D('',#1628,#1629,#1630);
#1628 = CARTESIAN_POINT('',(-5.,7.829815351696,0.153208888624));
#1629 = DIRECTION('',(0.,0.906307787037,0.422618261741));
#1630 = DIRECTION('',(1.,0.,0.));
#1631 = ADVANCED_FACE('',(#1632),#1658,.T.);
#1632 = FACE_BOUND('',#1633,.F.);
#1633 = EDGE_LOOP('',(#1634,#1635,#1636,#1644,#1652));
#1634 = ORIENTED_EDGE('',*,*,#1604,.T.);
#1635 = ORIENTED_EDGE('',*,*,#1071,.T.);
#1636 = ORIENTED_EDGE('',*,*,#1637,.F.);
#1637 = EDGE_CURVE('',#1638,#1064,#1640,.T.);
#1638 = VERTEX_POINT('',#1639);
#1639 = CARTESIAN_POINT('',(-5.,0.25,0.4));
#1640 = LINE('',#1641,#1642);
#1641 = CARTESIAN_POINT('',(-5.,0.25,0.4));
#1642 = VECTOR('',#1643,1.);
#1643 = DIRECTION('',(0.,1.,0.));
#1644 = ORIENTED_EDGE('',*,*,#1645,.F.);
#1645 = EDGE_CURVE('',#1646,#1638,#1648,.T.);
#1646 = VERTEX_POINT('',#1647);
#1647 = CARTESIAN_POINT('',(-4.6,0.25,0.));
#1648 = LINE('',#1649,#1650);
#1649 = CARTESIAN_POINT('',(-5.,0.25,0.4));
#1650 = VECTOR('',#1651,1.);
#1651 = DIRECTION('',(-0.707106781187,-1.7E-16,0.707106781187));
#1652 = ORIENTED_EDGE('',*,*,#1653,.T.);
#1653 = EDGE_CURVE('',#1646,#1605,#1654,.T.);
#1654 = LINE('',#1655,#1656);
#1655 = CARTESIAN_POINT('',(-4.6,0.25,0.));
#1656 = VECTOR('',#1657,1.);
#1657 = DIRECTION('',(0.,1.,0.));
#1658 = PLANE('',#1659);
#1659 = AXIS2_PLACEMENT_3D('',#1660,#1661,#1662);
#1660 = CARTESIAN_POINT('',(-4.8,0.25,0.2));
#1661 = DIRECTION('',(-0.707106781187,0.,-0.707106781187));
#1662 = DIRECTION('',(-0.,-1.,-0.));
#1663 = ADVANCED_FACE('',(#1664),#1683,.F.);
#1664 = FACE_BOUND('',#1665,.F.);
#1665 = EDGE_LOOP('',(#1666,#1667,#1675,#1682));
#1666 = ORIENTED_EDGE('',*,*,#1581,.T.);
#1667 = ORIENTED_EDGE('',*,*,#1668,.T.);
#1668 = EDGE_CURVE('',#1582,#1669,#1671,.T.);
#1669 = VERTEX_POINT('',#1670);
#1670 = CARTESIAN_POINT('',(-5.,5.541240744497,6.));
#1671 = LINE('',#1672,#1673);
#1672 = CARTESIAN_POINT('',(5.,5.541240744497,6.));
#1673 = VECTOR('',#1674,1.);
#1674 = DIRECTION('',(-1.,0.,0.));
#1675 = ORIENTED_EDGE('',*,*,#1676,.F.);
#1676 = EDGE_CURVE('',#1048,#1669,#1677,.T.);
#1677 = CIRCLE('',#1678,15.);
#1678 = AXIS2_PLACEMENT_3D('',#1679,#1680,#1681);
#1679 = CARTESIAN_POINT('',(-5.,5.541240744497,21.));
#1680 = DIRECTION('',(-1.,0.,0.));
#1681 = DIRECTION('',(0.,0.,-1.));
#1682 = ORIENTED_EDGE('',*,*,#1047,.F.);
#1683 = CYLINDRICAL_SURFACE('',#1684,15.);
#1684 = AXIS2_PLACEMENT_3D('',#1685,#1686,#1687);
#1685 = CARTESIAN_POINT('',(5.,5.541240744497,21.));
#1686 = DIRECTION('',(-1.,0.,0.));
#1687 = DIRECTION('',(0.,0.766044443119,-0.642787609687));
#1688 = ADVANCED_FACE('',(#1689),#1709,.T.);
#1689 = FACE_BOUND('',#1690,.T.);
#1690 = EDGE_LOOP('',(#1691,#1699,#1705,#1706,#1707,#1708));
#1691 = ORIENTED_EDGE('',*,*,#1692,.T.);
#1692 = EDGE_CURVE('',#1638,#1693,#1695,.T.);
#1693 = VERTEX_POINT('',#1694);
#1694 = CARTESIAN_POINT('',(-5.,0.25,6.));
#1695 = LINE('',#1696,#1697);
#1696 = CARTESIAN_POINT('',(-5.,0.25,0.));
#1697 = VECTOR('',#1698,1.);
#1698 = DIRECTION('',(0.,0.,1.));
#1699 = ORIENTED_EDGE('',*,*,#1700,.T.);
#1700 = EDGE_CURVE('',#1693,#1669,#1701,.T.);
#1701 = LINE('',#1702,#1703);
#1702 = CARTESIAN_POINT('',(-5.,0.25,6.));
#1703 = VECTOR('',#1704,1.);
#1704 = DIRECTION('',(0.,1.,0.));
#1705 = ORIENTED_EDGE('',*,*,#1676,.F.);
#1706 = ORIENTED_EDGE('',*,*,#1055,.F.);
#1707 = ORIENTED_EDGE('',*,*,#1063,.T.);
#1708 = ORIENTED_EDGE('',*,*,#1637,.F.);
#1709 = PLANE('',#1710);
#1710 = AXIS2_PLACEMENT_3D('',#1711,#1712,#1713);
#1711 = CARTESIAN_POINT('',(-5.,0.25,0.));
#1712 = DIRECTION('',(-1.,0.,0.));
#1713 = DIRECTION('',(0.,1.,0.));
#1714 = ADVANCED_FACE('',(#1715),#1734,.T.);
#1715 = FACE_BOUND('',#1716,.F.);
#1716 = EDGE_LOOP('',(#1717,#1725,#1732,#1733));
#1717 = ORIENTED_EDGE('',*,*,#1718,.F.);
#1718 = EDGE_CURVE('',#1719,#1130,#1721,.T.);
#1719 = VERTEX_POINT('',#1720);
#1720 = CARTESIAN_POINT('',(2.,39.5,3.E-15));
#1721 = LINE('',#1722,#1723);
#1722 = CARTESIAN_POINT('',(2.,39.7,0.2));
#1723 = VECTOR('',#1724,1.);
#1724 = DIRECTION('',(0.,0.707106781187,0.707106781187));
#1725 = ORIENTED_EDGE('',*,*,#1726,.T.);
#1726 = EDGE_CURVE('',#1719,#1444,#1727,.T.);
#1727 = CIRCLE('',#1728,2.6);
#1728 = AXIS2_PLACEMENT_3D('',#1729,#1730,#1731);
#1729 = CARTESIAN_POINT('',(2.,36.9,0.));
#1730 = DIRECTION('',(0.,0.,-1.));
#1731 = DIRECTION('',(3.E-16,1.,0.));
#1732 = ORIENTED_EDGE('',*,*,#1443,.T.);
#1733 = ORIENTED_EDGE('',*,*,#1137,.F.);
#1734 = CONICAL_SURFACE('',#1735,3.,0.785398163397);
#1735 = AXIS2_PLACEMENT_3D('',#1736,#1737,#1738);
#1736 = CARTESIAN_POINT('',(2.,36.9,0.4));
#1737 = DIRECTION('',(0.,0.,1.));
#1738 = DIRECTION('',(3.E-16,1.,0.));
#1739 = ADVANCED_FACE('',(#1740),#1758,.T.);
#1740 = FACE_BOUND('',#1741,.T.);
#1741 = EDGE_LOOP('',(#1742,#1743,#1744,#1745));
#1742 = ORIENTED_EDGE('',*,*,#1169,.F.);
#1743 = ORIENTED_EDGE('',*,*,#1153,.T.);
#1744 = ORIENTED_EDGE('',*,*,#1245,.T.);
#1745 = ORIENTED_EDGE('',*,*,#1746,.F.);
#1746 = EDGE_CURVE('',#1170,#1246,#1747,.T.);
#1747 = B_SPLINE_CURVE_WITH_KNOTS('',9,(#1748,#1749,#1750,#1751,#1752,
    #1753,#1754,#1755,#1756,#1757),.UNSPECIFIED.,.F.,.F.,(10,10),(
    17.201859555272,19.593163573379),.PIECEWISE_BEZIER_KNOTS.);
#1748 = CARTESIAN_POINT('',(-6.8,23.63232588315,0.4));
#1749 = CARTESIAN_POINT('',(-6.8,23.93209970287,0.4));
#1750 = CARTESIAN_POINT('',(-6.760757724409,24.223022892101,
    0.400244006994));
#1751 = CARTESIAN_POINT('',(-6.683810871955,24.510132708511,
    0.398488509544));
#1752 = CARTESIAN_POINT('',(-6.573355978178,24.792597806993,
    0.397505005596));
#1753 = CARTESIAN_POINT('',(-6.396500295437,25.076831238735,
    0.363779378271));
#1754 = CARTESIAN_POINT('',(-6.152241365453,25.287638140032,
    0.332657559238));
#1755 = CARTESIAN_POINT('',(-5.877182715541,25.438502816394,
    0.313672425416));
#1756 = CARTESIAN_POINT('',(-5.58524465016,25.511912008552,
    0.306417777248));
#1757 = CARTESIAN_POINT('',(-5.3,25.511912008552,0.306417777248));
#1758 = CYLINDRICAL_SURFACE('',#1759,1.5);
#1759 = AXIS2_PLACEMENT_3D('',#1760,#1761,#1762);
#1760 = CARTESIAN_POINT('',(-5.3,38.942708440974,18.646203417279));
#1761 = DIRECTION('',(0.,-0.642787609687,-0.766044443119));
#1762 = DIRECTION('',(-1.,0.,0.));
#1763 = ADVANCED_FACE('',(#1764),#1788,.F.);
#1764 = FACE_BOUND('',#1765,.T.);
#1765 = EDGE_LOOP('',(#1766,#1773,#1774,#1782));
#1766 = ORIENTED_EDGE('',*,*,#1767,.F.);
#1767 = EDGE_CURVE('',#1179,#1768,#1770,.T.);
#1768 = VERTEX_POINT('',#1769);
#1769 = CARTESIAN_POINT('',(-6.4,9.795008616228,0.));
#1770 = B_SPLINE_CURVE_WITH_KNOTS('',1,(#1771,#1772),.UNSPECIFIED.,.F.,
  .F.,(2,2),(0.,3.063563005699),.PIECEWISE_BEZIER_KNOTS.);
#1771 = CARTESIAN_POINT('',(-6.8,9.795008616228,0.4));
#1772 = CARTESIAN_POINT('',(-6.4,9.795008616228,0.));
#1773 = ORIENTED_EDGE('',*,*,#1186,.T.);
#1774 = ORIENTED_EDGE('',*,*,#1775,.T.);
#1775 = EDGE_CURVE('',#1170,#1776,#1778,.T.);
#1776 = VERTEX_POINT('',#1777);
#1777 = CARTESIAN_POINT('',(-6.4,23.63232588315,0.));
#1778 = LINE('',#1779,#1780);
#1779 = CARTESIAN_POINT('',(-6.6,23.63232588315,0.2));
#1780 = VECTOR('',#1781,1.);
#1781 = DIRECTION('',(0.707106781187,0.,-0.707106781187));
#1782 = ORIENTED_EDGE('',*,*,#1783,.F.);
#1783 = EDGE_CURVE('',#1768,#1776,#1784,.T.);
#1784 = LINE('',#1785,#1786);
#1785 = CARTESIAN_POINT('',(-6.4,9.459368763757,0.));
#1786 = VECTOR('',#1787,1.);
#1787 = DIRECTION('',(0.,1.,0.));
#1788 = PLANE('',#1789);
#1789 = AXIS2_PLACEMENT_3D('',#1790,#1791,#1792);
#1790 = CARTESIAN_POINT('',(-6.6,9.459368763757,0.2));
#1791 = DIRECTION('',(0.707106781187,0.,0.707106781187));
#1792 = DIRECTION('',(0.,-1.,0.));
#1793 = ADVANCED_FACE('',(#1794),#1812,.T.);
#1794 = FACE_BOUND('',#1795,.F.);
#1795 = EDGE_LOOP('',(#1796,#1804,#1810,#1811));
#1796 = ORIENTED_EDGE('',*,*,#1797,.F.);
#1797 = EDGE_CURVE('',#1798,#1205,#1800,.T.);
#1798 = VERTEX_POINT('',#1799);
#1799 = CARTESIAN_POINT('',(-2.,39.5,0.));
#1800 = LINE('',#1801,#1802);
#1801 = CARTESIAN_POINT('',(-2.,39.9,0.4));
#1802 = VECTOR('',#1803,1.);
#1803 = DIRECTION('',(-4.E-17,0.707106781187,0.707106781187));
#1804 = ORIENTED_EDGE('',*,*,#1805,.T.);
#1805 = EDGE_CURVE('',#1798,#1719,#1806,.T.);
#1806 = LINE('',#1807,#1808);
#1807 = CARTESIAN_POINT('',(-2.,39.5,0.));
#1808 = VECTOR('',#1809,1.);
#1809 = DIRECTION('',(1.,0.,0.));
#1810 = ORIENTED_EDGE('',*,*,#1718,.T.);
#1811 = ORIENTED_EDGE('',*,*,#1204,.F.);
#1812 = PLANE('',#1813);
#1813 = AXIS2_PLACEMENT_3D('',#1814,#1815,#1816);
#1814 = CARTESIAN_POINT('',(-2.,39.7,0.2));
#1815 = DIRECTION('',(-1.E-17,0.707106781187,-0.707106781187));
#1816 = DIRECTION('',(-1.,-7.071067811865E-18,7.071067811865E-18));
#1817 = ADVANCED_FACE('',(#1818),#1828,.T.);
#1818 = FACE_BOUND('',#1819,.T.);
#1819 = EDGE_LOOP('',(#1820,#1821,#1822));
#1820 = ORIENTED_EDGE('',*,*,#1227,.F.);
#1821 = ORIENTED_EDGE('',*,*,#1275,.F.);
#1822 = ORIENTED_EDGE('',*,*,#1823,.F.);
#1823 = EDGE_CURVE('',#1230,#1276,#1824,.T.);
#1824 = LINE('',#1825,#1826);
#1825 = CARTESIAN_POINT('',(-5.,25.254796964677,0.4));
#1826 = VECTOR('',#1827,1.);
#1827 = DIRECTION('',(0.,1.,0.));
#1828 = PLANE('',#1829);
#1829 = AXIS2_PLACEMENT_3D('',#1830,#1831,#1832);
#1830 = CARTESIAN_POINT('',(-5.,32.929072421958,5.087432337298));
#1831 = DIRECTION('',(-1.,1.1E-16,-1.E-16));
#1832 = DIRECTION('',(-1.1E-16,-1.,0.));
#1833 = ADVANCED_FACE('',(#1834),#1860,.T.);
#1834 = FACE_BOUND('',#1835,.F.);
#1835 = EDGE_LOOP('',(#1836,#1844,#1852,#1858,#1859));
#1836 = ORIENTED_EDGE('',*,*,#1837,.F.);
#1837 = EDGE_CURVE('',#1838,#1254,#1840,.T.);
#1838 = VERTEX_POINT('',#1839);
#1839 = CARTESIAN_POINT('',(-4.6,24.854796964677,-2.E-15));
#1840 = LINE('',#1841,#1842);
#1841 = CARTESIAN_POINT('',(-4.813338685129,25.31230325135,
    0.213338685129));
#1842 = VECTOR('',#1843,1.);
#1843 = DIRECTION('',(-0.389281620635,0.834817129479,0.389281620635));
#1844 = ORIENTED_EDGE('',*,*,#1845,.T.);
#1845 = EDGE_CURVE('',#1838,#1846,#1848,.T.);
#1846 = VERTEX_POINT('',#1847);
#1847 = CARTESIAN_POINT('',(-4.6,36.9,1.E-15));
#1848 = LINE('',#1849,#1850);
#1849 = CARTESIAN_POINT('',(-4.6,25.254796964677,0.));
#1850 = VECTOR('',#1851,1.);
#1851 = DIRECTION('',(0.,1.,0.));
#1852 = ORIENTED_EDGE('',*,*,#1853,.T.);
#1853 = EDGE_CURVE('',#1846,#1276,#1854,.T.);
#1854 = LINE('',#1855,#1856);
#1855 = CARTESIAN_POINT('',(-4.8,36.9,0.2));
#1856 = VECTOR('',#1857,1.);
#1857 = DIRECTION('',(-0.707106781187,0.,0.707106781187));
#1858 = ORIENTED_EDGE('',*,*,#1823,.F.);
#1859 = ORIENTED_EDGE('',*,*,#1261,.F.);
#1860 = PLANE('',#1861);
#1861 = AXIS2_PLACEMENT_3D('',#1862,#1863,#1864);
#1862 = CARTESIAN_POINT('',(-4.8,25.254796964677,0.2));
#1863 = DIRECTION('',(-0.707106781187,7.E-17,-0.707106781187));
#1864 = DIRECTION('',(-4.949747468306E-17,-1.,-4.949747468306E-17));
#1865 = ADVANCED_FACE('',(#1866),#1883,.F.);
#1866 = FACE_BOUND('',#1867,.T.);
#1867 = EDGE_LOOP('',(#1868,#1875,#1876,#1877));
#1868 = ORIENTED_EDGE('',*,*,#1869,.F.);
#1869 = EDGE_CURVE('',#1246,#1870,#1872,.T.);
#1870 = VERTEX_POINT('',#1871);
#1871 = CARTESIAN_POINT('',(-5.3,24.854796964677,0.));
#1872 = B_SPLINE_CURVE_WITH_KNOTS('',1,(#1873,#1874),.UNSPECIFIED.,.F.,
  .F.,(2,2),(0.,2.391304018106),.PIECEWISE_BEZIER_KNOTS.);
#1873 = CARTESIAN_POINT('',(-5.3,25.511912008552,0.306417777248));
#1874 = CARTESIAN_POINT('',(-5.3,24.854796964677,0.));
#1875 = ORIENTED_EDGE('',*,*,#1253,.T.);
#1876 = ORIENTED_EDGE('',*,*,#1837,.F.);
#1877 = ORIENTED_EDGE('',*,*,#1878,.F.);
#1878 = EDGE_CURVE('',#1870,#1838,#1879,.T.);
#1879 = LINE('',#1880,#1881);
#1880 = CARTESIAN_POINT('',(-5.3,24.854796964677,-3.55E-15));
#1881 = VECTOR('',#1882,1.);
#1882 = DIRECTION('',(1.,0.,0.));
#1883 = PLANE('',#1884);
#1884 = AXIS2_PLACEMENT_3D('',#1885,#1886,#1887);
#1885 = CARTESIAN_POINT('',(-5.3,25.183354486615,0.153208888624));
#1886 = DIRECTION('',(0.,-0.422618261741,0.906307787037));
#1887 = DIRECTION('',(-1.,-0.,-0.));
#1888 = ADVANCED_FACE('',(#1889),#1901,.T.);
#1889 = FACE_BOUND('',#1890,.F.);
#1890 = EDGE_LOOP('',(#1891,#1892,#1899,#1900));
#1891 = ORIENTED_EDGE('',*,*,#1853,.F.);
#1892 = ORIENTED_EDGE('',*,*,#1893,.T.);
#1893 = EDGE_CURVE('',#1846,#1798,#1894,.T.);
#1894 = CIRCLE('',#1895,2.6);
#1895 = AXIS2_PLACEMENT_3D('',#1896,#1897,#1898);
#1896 = CARTESIAN_POINT('',(-2.,36.9,0.));
#1897 = DIRECTION('',(0.,0.,-1.));
#1898 = DIRECTION('',(-1.,0.,0.));
#1899 = ORIENTED_EDGE('',*,*,#1797,.T.);
#1900 = ORIENTED_EDGE('',*,*,#1283,.F.);
#1901 = CONICAL_SURFACE('',#1902,3.,0.785398163397);
#1902 = AXIS2_PLACEMENT_3D('',#1903,#1904,#1905);
#1903 = CARTESIAN_POINT('',(-2.,36.9,0.4));
#1904 = DIRECTION('',(0.,0.,1.));
#1905 = DIRECTION('',(-1.,0.,0.));
#1906 = ADVANCED_FACE('',(#1907),#1925,.F.);
#1907 = FACE_BOUND('',#1908,.F.);
#1908 = EDGE_LOOP('',(#1909,#1910,#1923,#1924));
#1909 = ORIENTED_EDGE('',*,*,#1413,.T.);
#1910 = ORIENTED_EDGE('',*,*,#1911,.T.);
#1911 = EDGE_CURVE('',#1414,#1343,#1912,.T.);
#1912 = B_SPLINE_CURVE_WITH_KNOTS('',9,(#1913,#1914,#1915,#1916,#1917,
    #1918,#1919,#1920,#1921,#1922),.UNSPECIFIED.,.F.,.F.,(10,10),(0.3,
    2.691304018106),.PIECEWISE_BEZIER_KNOTS.);
#1913 = CARTESIAN_POINT('',(5.3,24.854796964677,0.));
#1914 = CARTESIAN_POINT('',(5.451948540799,24.854796964678,0.));
#1915 = CARTESIAN_POINT('',(5.623447845569,24.820130326229,0.));
#1916 = CARTESIAN_POINT('',(5.805247248082,24.744437870499,0.));
#1917 = CARTESIAN_POINT('',(5.981141151049,24.625778858155,0.));
#1918 = CARTESIAN_POINT('',(6.138224293431,24.470209397357,0.));
#1919 = CARTESIAN_POINT('',(6.264326986308,24.284130661487,0.));
#1920 = CARTESIAN_POINT('',(6.352773264166,24.078357770214,0.));
#1921 = CARTESIAN_POINT('',(6.399503784442,23.858954504807,0.));
#1922 = CARTESIAN_POINT('',(6.400000955138,23.631451749545,0.));
#1923 = ORIENTED_EDGE('',*,*,#1342,.F.);
#1924 = ORIENTED_EDGE('',*,*,#1321,.F.);
#1925 = B_SPLINE_SURFACE_WITH_KNOTS('',1,9,(
    (#1926,#1927,#1928,#1929,#1930,#1931,#1932,#1933,#1934,#1935)
    ,(#1936,#1937,#1938,#1939,#1940,#1941,#1942,#1943,#1944,#1945
  )),.UNSPECIFIED.,.F.,.F.,.F.,(2,2),(10,10),(0.,2.391304018106),(0.3,
    2.691304018106),.PIECEWISE_BEZIER_KNOTS.);
#1926 = CARTESIAN_POINT('',(5.3,25.511912008552,0.306417777248));
#1927 = CARTESIAN_POINT('',(5.58524465016,25.511912008552,0.306417777248
    ));
#1928 = CARTESIAN_POINT('',(5.877182715541,25.438502816393,
    0.313672425416));
#1929 = CARTESIAN_POINT('',(6.152241365453,25.287638140035,
    0.332657559238));
#1930 = CARTESIAN_POINT('',(6.396500295437,25.076831238731,
    0.363779378271));
#1931 = CARTESIAN_POINT('',(6.573355978179,24.792597806996,
    0.397505005596));
#1932 = CARTESIAN_POINT('',(6.683810871955,24.510132708509,
    0.398488509544));
#1933 = CARTESIAN_POINT('',(6.760757724409,24.223022892102,
    0.400244006994));
#1934 = CARTESIAN_POINT('',(6.8,23.93209970287,0.4));
#1935 = CARTESIAN_POINT('',(6.8,23.63232588315,0.4));
#1936 = CARTESIAN_POINT('',(5.3,24.854796964677,0.));
#1937 = CARTESIAN_POINT('',(5.451948540799,24.854796964678,0.));
#1938 = CARTESIAN_POINT('',(5.623447845569,24.820130326229,0.));
#1939 = CARTESIAN_POINT('',(5.805247248082,24.744437870499,0.));
#1940 = CARTESIAN_POINT('',(5.981141151049,24.625778858155,0.));
#1941 = CARTESIAN_POINT('',(6.138224293431,24.470209397357,0.));
#1942 = CARTESIAN_POINT('',(6.264326986308,24.284130661487,0.));
#1943 = CARTESIAN_POINT('',(6.352773264166,24.078357770214,0.));
#1944 = CARTESIAN_POINT('',(6.399503784442,23.858954504807,0.));
#1945 = CARTESIAN_POINT('',(6.400000955138,23.631451749545,0.));
#1946 = ADVANCED_FACE('',(#1947,#2025,#2036),#2047,.T.);
#1947 = FACE_BOUND('',#1948,.T.);
#1948 = EDGE_LOOP('',(#1949,#1950,#1971,#1972,#1985,#1986,#1987,#1988,
    #1989,#1990,#1991,#1992,#1993,#1994,#2015,#2016,#2017,#2024));
#1949 = ORIENTED_EDGE('',*,*,#1621,.T.);
#1950 = ORIENTED_EDGE('',*,*,#1951,.T.);
#1951 = EDGE_CURVE('',#1614,#1768,#1952,.T.);
#1952 = B_SPLINE_CURVE_WITH_KNOTS('',9,(#1953,#1954,#1955,#1956,#1957,
    #1958,#1959,#1960,#1961,#1962,#1963,#1964,#1965,#1966,#1967,#1968,
    #1969,#1970),.UNSPECIFIED.,.F.,.F.,(10,8,10),(0.3,3.062147739913,
    3.363563005699),.UNSPECIFIED.);
#1953 = CARTESIAN_POINT('',(-5.3,7.901257829758,0.));
#1954 = CARTESIAN_POINT('',(-5.470663985406,7.901257829758,0.));
#1955 = CARTESIAN_POINT('',(-5.641406941312,7.945084960328,0.));
#1956 = CARTESIAN_POINT('',(-5.812439185968,8.032081861379,0.));
#1957 = CARTESIAN_POINT('',(-5.988431482195,8.17066176888,0.));
#1958 = CARTESIAN_POINT('',(-6.144125086106,8.369708077603,0.));
#1959 = CARTESIAN_POINT('',(-6.269835409003,8.610009538329,0.));
#1960 = CARTESIAN_POINT('',(-6.355909495819,8.882175184721,0.));
#1961 = CARTESIAN_POINT('',(-6.397838965877,9.168788931172,0.));
#1962 = CARTESIAN_POINT('',(-6.400247963926,9.494360456634,0.));
#1963 = CARTESIAN_POINT('',(-6.400039573111,9.53326874723,0.));
#1964 = CARTESIAN_POINT('',(-6.399974682766,9.571314593909,0.));
#1965 = CARTESIAN_POINT('',(-6.40000045131,9.608503312168,0.));
#1966 = CARTESIAN_POINT('',(-6.400008686484,9.645796260712,0.));
#1967 = CARTESIAN_POINT('',(-6.399996453044,9.683194298632,0.));
#1968 = CARTESIAN_POINT('',(-6.399999860469,9.720393665141,0.));
#1969 = CARTESIAN_POINT('',(-6.4,9.757715299287,0.));
#1970 = CARTESIAN_POINT('',(-6.4,9.795008616228,0.));
#1971 = ORIENTED_EDGE('',*,*,#1783,.T.);
#1972 = ORIENTED_EDGE('',*,*,#1973,.T.);
#1973 = EDGE_CURVE('',#1776,#1870,#1974,.T.);
#1974 = B_SPLINE_CURVE_WITH_KNOTS('',9,(#1975,#1976,#1977,#1978,#1979,
    #1980,#1981,#1982,#1983,#1984),.UNSPECIFIED.,.F.,.F.,(10,10),(
    17.201859555272,19.593163573379),.PIECEWISE_BEZIER_KNOTS.);
#1975 = CARTESIAN_POINT('',(-6.400000955138,23.631451749545,0.));
#1976 = CARTESIAN_POINT('',(-6.399503784442,23.858954504807,0.));
#1977 = CARTESIAN_POINT('',(-6.352773264166,24.078357770213,0.));
#1978 = CARTESIAN_POINT('',(-6.264326986308,24.28413066149,0.));
#1979 = CARTESIAN_POINT('',(-6.13822429343,24.470209397353,0.));
#1980 = CARTESIAN_POINT('',(-5.98114115105,24.62577885816,0.));
#1981 = CARTESIAN_POINT('',(-5.805247248081,24.744437870496,0.));
#1982 = CARTESIAN_POINT('',(-5.62344784557,24.820130326231,0.));
#1983 = CARTESIAN_POINT('',(-5.451948540799,24.854796964677,0.));
#1984 = CARTESIAN_POINT('',(-5.3,24.854796964677,0.));
#1985 = ORIENTED_EDGE('',*,*,#1878,.T.);
#1986 = ORIENTED_EDGE('',*,*,#1845,.T.);
#1987 = ORIENTED_EDGE('',*,*,#1893,.T.);
#1988 = ORIENTED_EDGE('',*,*,#1805,.T.);
#1989 = ORIENTED_EDGE('',*,*,#1726,.T.);
#1990 = ORIENTED_EDGE('',*,*,#1451,.T.);
#1991 = ORIENTED_EDGE('',*,*,#1421,.T.);
#1992 = ORIENTED_EDGE('',*,*,#1911,.T.);
#1993 = ORIENTED_EDGE('',*,*,#1358,.T.);
#1994 = ORIENTED_EDGE('',*,*,#1995,.T.);
#1995 = EDGE_CURVE('',#1351,#1477,#1996,.T.);
#1996 = B_SPLINE_CURVE_WITH_KNOTS('',9,(#1997,#1998,#1999,#2000,#2001,
    #2002,#2003,#2004,#2005,#2006,#2007,#2008,#2009,#2010,#2011,#2012,
    #2013,#2014),.UNSPECIFIED.,.F.,.F.,(10,8,10),(16.529600567679,
    16.831015833465,19.593163573378),.UNSPECIFIED.);
#1997 = CARTESIAN_POINT('',(6.4,9.795008616228,0.));
#1998 = CARTESIAN_POINT('',(6.4,9.757715299287,0.));
#1999 = CARTESIAN_POINT('',(6.399999860469,9.720393665142,0.));
#2000 = CARTESIAN_POINT('',(6.399996453044,9.68319429863,0.));
#2001 = CARTESIAN_POINT('',(6.400008686483,9.645796260715,0.));
#2002 = CARTESIAN_POINT('',(6.40000045131,9.608503312165,0.));
#2003 = CARTESIAN_POINT('',(6.399974682766,9.571314593912,0.));
#2004 = CARTESIAN_POINT('',(6.400039573111,9.533268747228,0.));
#2005 = CARTESIAN_POINT('',(6.400247963926,9.494360456634,0.));
#2006 = CARTESIAN_POINT('',(6.397838965877,9.168788931173,0.));
#2007 = CARTESIAN_POINT('',(6.355909495818,8.88217518472,0.));
#2008 = CARTESIAN_POINT('',(6.269835409004,8.61000953833,0.));
#2009 = CARTESIAN_POINT('',(6.144125086106,8.369708077603,0.));
#2010 = CARTESIAN_POINT('',(5.988431482195,8.17066176888,0.));
#2011 = CARTESIAN_POINT('',(5.812439185968,8.032081861379,0.));
#2012 = CARTESIAN_POINT('',(5.641406941311,7.945084960328,0.));
#2013 = CARTESIAN_POINT('',(5.470663985406,7.901257829759,0.));
#2014 = CARTESIAN_POINT('',(5.3,7.901257829758,0.));
#2015 = ORIENTED_EDGE('',*,*,#1492,.T.);
#2016 = ORIENTED_EDGE('',*,*,#1507,.T.);
#2017 = ORIENTED_EDGE('',*,*,#2018,.T.);
#2018 = EDGE_CURVE('',#1508,#1646,#2019,.T.);
#2019 = CIRCLE('',#2020,4.6);
#2020 = AXIS2_PLACEMENT_3D('',#2021,#2022,#2023);
#2021 = CARTESIAN_POINT('',(0.,0.25,0.));
#2022 = DIRECTION('',(0.,0.,-1.));
#2023 = DIRECTION('',(1.,-3.2E-16,0.));
#2024 = ORIENTED_EDGE('',*,*,#1653,.T.);
#2025 = FACE_BOUND('',#2026,.T.);
#2026 = EDGE_LOOP('',(#2027));
#2027 = ORIENTED_EDGE('',*,*,#2028,.T.);
#2028 = EDGE_CURVE('',#2029,#2029,#2031,.T.);
#2029 = VERTEX_POINT('',#2030);
#2030 = CARTESIAN_POINT('',(2.45,-1.1,0.));
#2031 = CIRCLE('',#2032,2.45);
#2032 = AXIS2_PLACEMENT_3D('',#2033,#2034,#2035);
#2033 = CARTESIAN_POINT('',(0.,-1.1,0.));
#2034 = DIRECTION('',(0.,-0.,1.));
#2035 = DIRECTION('',(1.,6.5E-16,0.));
#2036 = FACE_BOUND('',#2037,.T.);
#2037 = EDGE_LOOP('',(#2038));
#2038 = ORIENTED_EDGE('',*,*,#2039,.T.);
#2039 = EDGE_CURVE('',#2040,#2040,#2042,.T.);
#2040 = VERTEX_POINT('',#2041);
#2041 = CARTESIAN_POINT('',(2.45,33.9,0.));
#2042 = CIRCLE('',#2043,2.45);
#2043 = AXIS2_PLACEMENT_3D('',#2044,#2045,#2046);
#2044 = CARTESIAN_POINT('',(0.,33.9,0.));
#2045 = DIRECTION('',(0.,0.,1.));
#2046 = DIRECTION('',(1.,0.,0.));
#2047 = PLANE('',#2048);
#2048 = AXIS2_PLACEMENT_3D('',#2049,#2050,#2051);
#2049 = CARTESIAN_POINT('',(2.E-17,18.018426912001,0.));
#2050 = DIRECTION('',(-0.,-0.,-1.));
#2051 = DIRECTION('',(-1.,0.,0.));
#2052 = ADVANCED_FACE('',(#2053),#2059,.F.);
#2053 = FACE_BOUND('',#2054,.F.);
#2054 = EDGE_LOOP('',(#2055,#2056,#2057,#2058));
#2055 = ORIENTED_EDGE('',*,*,#1350,.T.);
#2056 = ORIENTED_EDGE('',*,*,#1995,.T.);
#2057 = ORIENTED_EDGE('',*,*,#1476,.F.);
#2058 = ORIENTED_EDGE('',*,*,#1373,.F.);
#2059 = B_SPLINE_SURFACE_WITH_KNOTS('',1,9,(
    (#2060,#2061,#2062,#2063,#2064,#2065,#2066,#2067,#2068,#2069,#2070
      ,#2071,#2072,#2073,#2074,#2075,#2076,#2077)
    ,(#2078,#2079,#2080,#2081,#2082,#2083,#2084,#2085,#2086,#2087,#2088
      ,#2089,#2090,#2091,#2092,#2093,#2094,#2095
  )),.UNSPECIFIED.,.F.,.F.,.F.,(2,2),(10,8,10),(0.,3.063563005699),(
    16.529600567679,16.831015833465,19.593163573378),.UNSPECIFIED.);
#2060 = CARTESIAN_POINT('',(6.8,9.795008616228,0.4));
#2061 = CARTESIAN_POINT('',(6.8,9.757715299287,0.4));
#2062 = CARTESIAN_POINT('',(6.799386032638,9.720412809359,0.399998454391
    ));
#2063 = CARTESIAN_POINT('',(6.798167306881,9.683147576855,0.40000295971)
  );
#2064 = CARTESIAN_POINT('',(6.796325598864,9.645830984164,0.399994992718
    ));
#2065 = CARTESIAN_POINT('',(6.793868164378,9.608518283085,0.399971908089
    ));
#2066 = CARTESIAN_POINT('',(6.790805409128,9.571271228033,0.399929815868
    ));
#2067 = CARTESIAN_POINT('',(6.787118010046,9.533977591801,0.399836545273
    ));
#2068 = CARTESIAN_POINT('',(6.782778180628,9.496500730399,0.39964390139)
  );
#2069 = CARTESIAN_POINT('',(6.733092764351,9.120756919885,0.397047220889
    ));
#2070 = CARTESIAN_POINT('',(6.638243639033,8.793876597307,0.389446217119
    ));
#2071 = CARTESIAN_POINT('',(6.498790551771,8.498077710027,0.375120210277
    ));
#2072 = CARTESIAN_POINT('',(6.325297480408,8.242462648585,0.359052038876
    ));
#2073 = CARTESIAN_POINT('',(6.124133433605,8.036370981053,0.340079245857
    ));
#2074 = CARTESIAN_POINT('',(5.911848554338,7.893906765137,0.323559426284
    ));
#2075 = CARTESIAN_POINT('',(5.706483935809,7.803666802056,0.312171830793
    ));
#2076 = CARTESIAN_POINT('',(5.503218252224,7.758372873633,0.306417777248
    ));
#2077 = CARTESIAN_POINT('',(5.3,7.758372873633,0.306417777248));
#2078 = CARTESIAN_POINT('',(6.4,9.795008616228,0.));
#2079 = CARTESIAN_POINT('',(6.4,9.757715299287,0.));
#2080 = CARTESIAN_POINT('',(6.399999860469,9.720393665142,0.));
#2081 = CARTESIAN_POINT('',(6.399996453044,9.68319429863,0.));
#2082 = CARTESIAN_POINT('',(6.400008686483,9.645796260715,0.));
#2083 = CARTESIAN_POINT('',(6.40000045131,9.608503312165,0.));
#2084 = CARTESIAN_POINT('',(6.399974682766,9.571314593912,0.));
#2085 = CARTESIAN_POINT('',(6.400039573111,9.533268747228,0.));
#2086 = CARTESIAN_POINT('',(6.400247963926,9.494360456634,0.));
#2087 = CARTESIAN_POINT('',(6.397838965877,9.168788931173,0.));
#2088 = CARTESIAN_POINT('',(6.355909495818,8.88217518472,0.));
#2089 = CARTESIAN_POINT('',(6.269835409004,8.61000953833,0.));
#2090 = CARTESIAN_POINT('',(6.144125086106,8.369708077603,0.));
#2091 = CARTESIAN_POINT('',(5.988431482195,8.17066176888,0.));
#2092 = CARTESIAN_POINT('',(5.812439185968,8.032081861379,0.));
#2093 = CARTESIAN_POINT('',(5.641406941311,7.945084960328,0.));
#2094 = CARTESIAN_POINT('',(5.470663985406,7.901257829759,0.));
#2095 = CARTESIAN_POINT('',(5.3,7.901257829758,0.));
#2096 = ADVANCED_FACE('',(#2097),#2109,.T.);
#2097 = FACE_BOUND('',#2098,.F.);
#2098 = EDGE_LOOP('',(#2099,#2100,#2101,#2102));
#2099 = ORIENTED_EDGE('',*,*,#1515,.F.);
#2100 = ORIENTED_EDGE('',*,*,#2018,.T.);
#2101 = ORIENTED_EDGE('',*,*,#1645,.T.);
#2102 = ORIENTED_EDGE('',*,*,#2103,.F.);
#2103 = EDGE_CURVE('',#1516,#1638,#2104,.T.);
#2104 = CIRCLE('',#2105,5.);
#2105 = AXIS2_PLACEMENT_3D('',#2106,#2107,#2108);
#2106 = CARTESIAN_POINT('',(0.,0.25,0.4));
#2107 = DIRECTION('',(0.,0.,-1.));
#2108 = DIRECTION('',(1.,-3.2E-16,0.));
#2109 = CONICAL_SURFACE('',#2110,5.,0.785398163397);
#2110 = AXIS2_PLACEMENT_3D('',#2111,#2112,#2113);
#2111 = CARTESIAN_POINT('',(0.,0.25,0.4));
#2112 = DIRECTION('',(0.,0.,1.));
#2113 = DIRECTION('',(1.,-3.2E-16,0.));
#2114 = ADVANCED_FACE('',(#2115),#2121,.F.);
#2115 = FACE_BOUND('',#2116,.F.);
#2116 = EDGE_LOOP('',(#2117,#2118,#2119,#2120));
#2117 = ORIENTED_EDGE('',*,*,#1613,.T.);
#2118 = ORIENTED_EDGE('',*,*,#1951,.T.);
#2119 = ORIENTED_EDGE('',*,*,#1767,.F.);
#2120 = ORIENTED_EDGE('',*,*,#1539,.F.);
#2121 = B_SPLINE_SURFACE_WITH_KNOTS('',1,9,(
    (#2122,#2123,#2124,#2125,#2126,#2127,#2128,#2129,#2130,#2131,#2132
      ,#2133,#2134,#2135,#2136,#2137,#2138,#2139)
    ,(#2140,#2141,#2142,#2143,#2144,#2145,#2146,#2147,#2148,#2149,#2150
      ,#2151,#2152,#2153,#2154,#2155,#2156,#2157
  )),.UNSPECIFIED.,.F.,.F.,.F.,(2,2),(10,8,10),(0.,3.063563005699),(0.3,
    3.062147739913,3.363563005699),.UNSPECIFIED.);
#2122 = CARTESIAN_POINT('',(-5.3,7.758372873633,0.306417777248));
#2123 = CARTESIAN_POINT('',(-5.503218252224,7.758372873633,
    0.306417777248));
#2124 = CARTESIAN_POINT('',(-5.706483935809,7.803666802056,
    0.312171830793));
#2125 = CARTESIAN_POINT('',(-5.911848554338,7.893906765137,
    0.323559426284));
#2126 = CARTESIAN_POINT('',(-6.124133433604,8.036370981052,
    0.340079245857));
#2127 = CARTESIAN_POINT('',(-6.325297480409,8.242462648585,
    0.359052038876));
#2128 = CARTESIAN_POINT('',(-6.498790551771,8.498077710026,
    0.375120210277));
#2129 = CARTESIAN_POINT('',(-6.638243639033,8.793876597307,
    0.389446217119));
#2130 = CARTESIAN_POINT('',(-6.733092764351,9.120756919885,
    0.397047220889));
#2131 = CARTESIAN_POINT('',(-6.782778180628,9.496500730399,0.39964390139
    ));
#2132 = CARTESIAN_POINT('',(-6.787118010046,9.533977591802,
    0.399836545273));
#2133 = CARTESIAN_POINT('',(-6.790805409128,9.571271228031,
    0.399929815868));
#2134 = CARTESIAN_POINT('',(-6.793868164379,9.608518283088,
    0.399971908089));
#2135 = CARTESIAN_POINT('',(-6.796325598864,9.645830984162,
    0.399994992718));
#2136 = CARTESIAN_POINT('',(-6.798167306881,9.683147576856,0.40000295971
    ));
#2137 = CARTESIAN_POINT('',(-6.799386032638,9.720412809358,
    0.399998454391));
#2138 = CARTESIAN_POINT('',(-6.8,9.757715299287,0.4));
#2139 = CARTESIAN_POINT('',(-6.8,9.795008616228,0.4));
#2140 = CARTESIAN_POINT('',(-5.3,7.901257829758,0.));
#2141 = CARTESIAN_POINT('',(-5.470663985406,7.901257829758,0.));
#2142 = CARTESIAN_POINT('',(-5.641406941312,7.945084960328,0.));
#2143 = CARTESIAN_POINT('',(-5.812439185968,8.032081861379,0.));
#2144 = CARTESIAN_POINT('',(-5.988431482195,8.17066176888,0.));
#2145 = CARTESIAN_POINT('',(-6.144125086106,8.369708077603,0.));
#2146 = CARTESIAN_POINT('',(-6.269835409003,8.610009538329,0.));
#2147 = CARTESIAN_POINT('',(-6.355909495819,8.882175184721,0.));
#2148 = CARTESIAN_POINT('',(-6.397838965877,9.168788931172,0.));
#2149 = CARTESIAN_POINT('',(-6.400247963926,9.494360456634,0.));
#2150 = CARTESIAN_POINT('',(-6.400039573111,9.53326874723,0.));
#2151 = CARTESIAN_POINT('',(-6.399974682766,9.571314593909,0.));
#2152 = CARTESIAN_POINT('',(-6.40000045131,9.608503312168,0.));
#2153 = CARTESIAN_POINT('',(-6.400008686484,9.645796260712,0.));
#2154 = CARTESIAN_POINT('',(-6.399996453044,9.683194298632,0.));
#2155 = CARTESIAN_POINT('',(-6.399999860469,9.720393665141,0.));
#2156 = CARTESIAN_POINT('',(-6.4,9.757715299287,0.));
#2157 = CARTESIAN_POINT('',(-6.4,9.795008616228,0.));
#2158 = ADVANCED_FACE('',(#2159),#2171,.T.);
#2159 = FACE_BOUND('',#2160,.F.);
#2160 = EDGE_LOOP('',(#2161,#2162,#2169,#2170));
#2161 = ORIENTED_EDGE('',*,*,#1692,.T.);
#2162 = ORIENTED_EDGE('',*,*,#2163,.T.);
#2163 = EDGE_CURVE('',#1693,#1571,#2164,.T.);
#2164 = CIRCLE('',#2165,5.);
#2165 = AXIS2_PLACEMENT_3D('',#2166,#2167,#2168);
#2166 = CARTESIAN_POINT('',(0.,0.25,6.));
#2167 = DIRECTION('',(0.,0.,1.));
#2168 = DIRECTION('',(1.,0.,0.));
#2169 = ORIENTED_EDGE('',*,*,#1570,.F.);
#2170 = ORIENTED_EDGE('',*,*,#2103,.T.);
#2171 = CYLINDRICAL_SURFACE('',#2172,5.);
#2172 = AXIS2_PLACEMENT_3D('',#2173,#2174,#2175);
#2173 = CARTESIAN_POINT('',(0.,0.25,0.));
#2174 = DIRECTION('',(-0.,-0.,-1.));
#2175 = DIRECTION('',(1.,0.,0.));
#2176 = ADVANCED_FACE('',(#2177,#2188),#2194,.T.);
#2177 = FACE_BOUND('',#2178,.T.);
#2178 = EDGE_LOOP('',(#2179));
#2179 = ORIENTED_EDGE('',*,*,#2180,.F.);
#2180 = EDGE_CURVE('',#2181,#2181,#2183,.T.);
#2181 = VERTEX_POINT('',#2182);
#2182 = CARTESIAN_POINT('',(2.25,-1.1,6.));
#2183 = CIRCLE('',#2184,2.25);
#2184 = AXIS2_PLACEMENT_3D('',#2185,#2186,#2187);
#2185 = CARTESIAN_POINT('',(0.,-1.1,6.));
#2186 = DIRECTION('',(0.,-0.,1.));
#2187 = DIRECTION('',(1.,6.5E-16,0.));
#2188 = FACE_BOUND('',#2189,.T.);
#2189 = EDGE_LOOP('',(#2190,#2191,#2192,#2193));
#2190 = ORIENTED_EDGE('',*,*,#1700,.F.);
#2191 = ORIENTED_EDGE('',*,*,#2163,.T.);
#2192 = ORIENTED_EDGE('',*,*,#1590,.F.);
#2193 = ORIENTED_EDGE('',*,*,#1668,.T.);
#2194 = PLANE('',#2195);
#2195 = AXIS2_PLACEMENT_3D('',#2196,#2197,#2198);
#2196 = CARTESIAN_POINT('',(-2.E-17,17.834013154968,6.));
#2197 = DIRECTION('',(0.,0.,1.));
#2198 = DIRECTION('',(1.,0.,0.));
#2199 = ADVANCED_FACE('',(#2200),#2206,.F.);
#2200 = FACE_BOUND('',#2201,.F.);
#2201 = EDGE_LOOP('',(#2202,#2203,#2204,#2205));
#2202 = ORIENTED_EDGE('',*,*,#1775,.T.);
#2203 = ORIENTED_EDGE('',*,*,#1973,.T.);
#2204 = ORIENTED_EDGE('',*,*,#1869,.F.);
#2205 = ORIENTED_EDGE('',*,*,#1746,.F.);
#2206 = B_SPLINE_SURFACE_WITH_KNOTS('',1,9,(
    (#2207,#2208,#2209,#2210,#2211,#2212,#2213,#2214,#2215,#2216)
    ,(#2217,#2218,#2219,#2220,#2221,#2222,#2223,#2224,#2225,#2226
  )),.UNSPECIFIED.,.F.,.F.,.F.,(2,2),(10,10),(0.,2.391304018106),(
    17.201859555272,19.593163573379),.PIECEWISE_BEZIER_KNOTS.);
#2207 = CARTESIAN_POINT('',(-6.8,23.63232588315,0.4));
#2208 = CARTESIAN_POINT('',(-6.8,23.93209970287,0.4));
#2209 = CARTESIAN_POINT('',(-6.760757724409,24.223022892101,
    0.400244006994));
#2210 = CARTESIAN_POINT('',(-6.683810871955,24.510132708511,
    0.398488509544));
#2211 = CARTESIAN_POINT('',(-6.573355978178,24.792597806993,
    0.397505005596));
#2212 = CARTESIAN_POINT('',(-6.396500295437,25.076831238735,
    0.363779378271));
#2213 = CARTESIAN_POINT('',(-6.152241365453,25.287638140032,
    0.332657559238));
#2214 = CARTESIAN_POINT('',(-5.877182715541,25.438502816394,
    0.313672425416));
#2215 = CARTESIAN_POINT('',(-5.58524465016,25.511912008552,
    0.306417777248));
#2216 = CARTESIAN_POINT('',(-5.3,25.511912008552,0.306417777248));
#2217 = CARTESIAN_POINT('',(-6.400000955138,23.631451749545,0.));
#2218 = CARTESIAN_POINT('',(-6.399503784442,23.858954504807,0.));
#2219 = CARTESIAN_POINT('',(-6.352773264166,24.078357770213,0.));
#2220 = CARTESIAN_POINT('',(-6.264326986308,24.28413066149,0.));
#2221 = CARTESIAN_POINT('',(-6.13822429343,24.470209397353,0.));
#2222 = CARTESIAN_POINT('',(-5.98114115105,24.62577885816,0.));
#2223 = CARTESIAN_POINT('',(-5.805247248081,24.744437870496,0.));
#2224 = CARTESIAN_POINT('',(-5.62344784557,24.820130326231,0.));
#2225 = CARTESIAN_POINT('',(-5.451948540799,24.854796964677,0.));
#2226 = CARTESIAN_POINT('',(-5.3,24.854796964677,0.));
#2227 = ADVANCED_FACE('',(#2228),#2247,.F.);
#2228 = FACE_BOUND('',#2229,.F.);
#2229 = EDGE_LOOP('',(#2230,#2238,#2239,#2240));
#2230 = ORIENTED_EDGE('',*,*,#2231,.F.);
#2231 = EDGE_CURVE('',#2029,#2232,#2234,.T.);
#2232 = VERTEX_POINT('',#2233);
#2233 = CARTESIAN_POINT('',(2.05,-1.1,0.4));
#2234 = LINE('',#2235,#2236);
#2235 = CARTESIAN_POINT('',(2.05,-1.1,0.4));
#2236 = VECTOR('',#2237,1.);
#2237 = DIRECTION('',(-0.707106781187,-4.6E-16,0.707106781187));
#2238 = ORIENTED_EDGE('',*,*,#2028,.T.);
#2239 = ORIENTED_EDGE('',*,*,#2231,.T.);
#2240 = ORIENTED_EDGE('',*,*,#2241,.F.);
#2241 = EDGE_CURVE('',#2232,#2232,#2242,.T.);
#2242 = CIRCLE('',#2243,2.05);
#2243 = AXIS2_PLACEMENT_3D('',#2244,#2245,#2246);
#2244 = CARTESIAN_POINT('',(0.,-1.1,0.4));
#2245 = DIRECTION('',(0.,-0.,1.));
#2246 = DIRECTION('',(1.,6.5E-16,0.));
#2247 = CONICAL_SURFACE('',#2248,2.05,0.785398163397);
#2248 = AXIS2_PLACEMENT_3D('',#2249,#2250,#2251);
#2249 = CARTESIAN_POINT('',(0.,-1.1,0.4));
#2250 = DIRECTION('',(-0.,-0.,-1.));
#2251 = DIRECTION('',(1.,6.5E-16,0.));
#2252 = ADVANCED_FACE('',(#2253),#2272,.F.);
#2253 = FACE_BOUND('',#2254,.F.);
#2254 = EDGE_LOOP('',(#2255,#2263,#2264,#2265));
#2255 = ORIENTED_EDGE('',*,*,#2256,.F.);
#2256 = EDGE_CURVE('',#2040,#2257,#2259,.T.);
#2257 = VERTEX_POINT('',#2258);
#2258 = CARTESIAN_POINT('',(2.05,33.9,0.4));
#2259 = LINE('',#2260,#2261);
#2260 = CARTESIAN_POINT('',(2.05,33.9,0.4));
#2261 = VECTOR('',#2262,1.);
#2262 = DIRECTION('',(-0.707106781187,-6.3E-16,0.707106781187));
#2263 = ORIENTED_EDGE('',*,*,#2039,.T.);
#2264 = ORIENTED_EDGE('',*,*,#2256,.T.);
#2265 = ORIENTED_EDGE('',*,*,#2266,.F.);
#2266 = EDGE_CURVE('',#2257,#2257,#2267,.T.);
#2267 = CIRCLE('',#2268,2.05);
#2268 = AXIS2_PLACEMENT_3D('',#2269,#2270,#2271);
#2269 = CARTESIAN_POINT('',(0.,33.9,0.4));
#2270 = DIRECTION('',(0.,0.,1.));
#2271 = DIRECTION('',(1.,0.,0.));
#2272 = CONICAL_SURFACE('',#2273,2.05,0.785398163397);
#2273 = AXIS2_PLACEMENT_3D('',#2274,#2275,#2276);
#2274 = CARTESIAN_POINT('',(0.,33.9,0.4));
#2275 = DIRECTION('',(-0.,-0.,-1.));
#2276 = DIRECTION('',(1.,0.,0.));
#2277 = ADVANCED_FACE('',(#2278),#2297,.F.);
#2278 = FACE_BOUND('',#2279,.F.);
#2279 = EDGE_LOOP('',(#2280,#2288,#2295,#2296));
#2280 = ORIENTED_EDGE('',*,*,#2281,.F.);
#2281 = EDGE_CURVE('',#2282,#2181,#2284,.T.);
#2282 = VERTEX_POINT('',#2283);
#2283 = CARTESIAN_POINT('',(2.05,-1.1,5.8));
#2284 = LINE('',#2285,#2286);
#2285 = CARTESIAN_POINT('',(2.05,-1.1,5.8));
#2286 = VECTOR('',#2287,1.);
#2287 = DIRECTION('',(0.707106781187,4.6E-16,0.707106781187));
#2288 = ORIENTED_EDGE('',*,*,#2289,.T.);
#2289 = EDGE_CURVE('',#2282,#2282,#2290,.T.);
#2290 = CIRCLE('',#2291,2.05);
#2291 = AXIS2_PLACEMENT_3D('',#2292,#2293,#2294);
#2292 = CARTESIAN_POINT('',(0.,-1.1,5.8));
#2293 = DIRECTION('',(0.,-0.,1.));
#2294 = DIRECTION('',(1.,6.5E-16,0.));
#2295 = ORIENTED_EDGE('',*,*,#2281,.T.);
#2296 = ORIENTED_EDGE('',*,*,#2180,.F.);
#2297 = CONICAL_SURFACE('',#2298,2.05,0.785398163397);
#2298 = AXIS2_PLACEMENT_3D('',#2299,#2300,#2301);
#2299 = CARTESIAN_POINT('',(0.,-1.1,5.8));
#2300 = DIRECTION('',(0.,0.,1.));
#2301 = DIRECTION('',(1.,6.5E-16,0.));
#2302 = ADVANCED_FACE('',(#2303),#2314,.F.);
#2303 = FACE_BOUND('',#2304,.T.);
#2304 = EDGE_LOOP('',(#2305,#2311,#2312,#2313));
#2305 = ORIENTED_EDGE('',*,*,#2306,.T.);
#2306 = EDGE_CURVE('',#2232,#2282,#2307,.T.);
#2307 = LINE('',#2308,#2309);
#2308 = CARTESIAN_POINT('',(2.05,-1.1,0.));
#2309 = VECTOR('',#2310,1.);
#2310 = DIRECTION('',(0.,0.,1.));
#2311 = ORIENTED_EDGE('',*,*,#2289,.T.);
#2312 = ORIENTED_EDGE('',*,*,#2306,.F.);
#2313 = ORIENTED_EDGE('',*,*,#2241,.F.);
#2314 = CYLINDRICAL_SURFACE('',#2315,2.05);
#2315 = AXIS2_PLACEMENT_3D('',#2316,#2317,#2318);
#2316 = CARTESIAN_POINT('',(0.,-1.1,0.));
#2317 = DIRECTION('',(-0.,-0.,-1.));
#2318 = DIRECTION('',(1.,0.,0.));
#2319 = ADVANCED_FACE('',(#2320),#2338,.F.);
#2320 = FACE_BOUND('',#2321,.T.);
#2321 = EDGE_LOOP('',(#2322,#2329,#2330,#2331));
#2322 = ORIENTED_EDGE('',*,*,#2323,.T.);
#2323 = EDGE_CURVE('',#2324,#2257,#2326,.T.);
#2324 = VERTEX_POINT('',#2325);
#2325 = CARTESIAN_POINT('',(2.05,33.9,10.302951776052));
#2326 = B_SPLINE_CURVE_WITH_KNOTS('',1,(#2327,#2328),.UNSPECIFIED.,.F.,
  .F.,(2,2),(-10.30295177605,0.),.PIECEWISE_BEZIER_KNOTS.);
#2327 = CARTESIAN_POINT('',(2.05,33.9,10.302951776052));
#2328 = CARTESIAN_POINT('',(2.05,33.9,0.));
#2329 = ORIENTED_EDGE('',*,*,#2266,.F.);
#2330 = ORIENTED_EDGE('',*,*,#2323,.F.);
#2331 = ORIENTED_EDGE('',*,*,#2332,.T.);
#2332 = EDGE_CURVE('',#2324,#2324,#2333,.T.);
#2333 = ELLIPSE('',#2334,3.189233845064,2.05);
#2334 = AXIS2_PLACEMENT_3D('',#2335,#2336,#2337);
#2335 = CARTESIAN_POINT('',(0.,33.9,10.302951776052));
#2336 = DIRECTION('',(0.,-0.766044443119,0.642787609687));
#2337 = DIRECTION('',(0.,-0.642787609687,-0.766044443119));
#2338 = CYLINDRICAL_SURFACE('',#2339,2.05);
#2339 = AXIS2_PLACEMENT_3D('',#2340,#2341,#2342);
#2340 = CARTESIAN_POINT('',(0.,33.9,0.));
#2341 = DIRECTION('',(-0.,-0.,-1.));
#2342 = DIRECTION('',(1.,0.,0.));
#2343 = ADVANCED_FACE('',(#2344),#2347,.F.);
#2344 = FACE_BOUND('',#2345,.F.);
#2345 = EDGE_LOOP('',(#2346));
#2346 = ORIENTED_EDGE('',*,*,#2332,.T.);
#2347 = PLANE('',#2348);
#2348 = AXIS2_PLACEMENT_3D('',#2349,#2350,#2351);
#2349 = CARTESIAN_POINT('',(6.8,40.091775105653,17.682022002749));
#2350 = DIRECTION('',(0.,-0.766044443119,0.642787609687));
#2351 = DIRECTION('',(0.,-0.642787609687,-0.766044443119));
#2352 = ( GEOMETRIC_REPRESENTATION_CONTEXT(3) 
GLOBAL_UNCERTAINTY_ASSIGNED_CONTEXT((#2356)) 
GLOBAL_UNIT_ASSIGNED_CONTEXT((#2353,#2354,#2355)) REPRESENTATION_CONTEXT
('Context #1','3D Context with UNIT and UNCERTAINTY') );
#2353 = ( LENGTH_UNIT() NAMED_UNIT(*) SI_UNIT(.MILLI.,.METRE.) );
#2354 = ( NAMED_UNIT(*) PLANE_ANGLE_UNIT() SI_UNIT($,.RADIAN.) );
#2355 = ( NAMED_UNIT(*) SI_UNIT($,.STERADIAN.) SOLID_ANGLE_UNIT() );
#2356 = UNCERTAINTY_MEASURE_WITH_UNIT(LENGTH_MEASURE(5.E-05),#2353,
  'distance_accuracy_value','confusion accuracy');
#2357 = PRODUCT_RELATED_PRODUCT_CATEGORY('part',$,(#7));
ENDSEC;
END-ISO-10303-21;
